SYMBOL,MARKET_CAP,MARKET_CAP_CATEGORY,CURRENT_PRICE,PE_RATIO,PRICE_TO_BOOK,ROE,DEBT_TO_EQUITY,OPERATING_MARGIN,PROFIT_MARGIN,REVENUE_GROWTH,EARNINGS_GROWTH,SECTOR,RAW_SECTOR,INDUSTRY,FETCH_DATE,SUBSECTOR,HIGH_QUALITY_FLAG,HIGH_GROWTH_FLAG,COMPOUNDER_FLAG
RELIANCE,17179473870848.0,MEGA CAP,1269.5,21.275349,1.9003211,0.09139,36.653,0.099750005,0.0764,0.125,-0.126,Misc,Energy,Oil & Gas Refining & Marketing,2026-06-11,Oil & Gas Refining & Marketing,0,0,0
HDFCBANK,11582801182720.0,MEGA CAP,752.25,16.787546,1.9759238,0.13818,29.1,0.40539002,0.26834,-0.018,0.075,Financials,Financial Services,Banks - Regional,2026-06-11,Private Sector Banks,0,0,0
BHARTIARTL,10922009559040.0,MEGA CAP,1793.0,40.40108,7.0322,0.19358999,99.718,0.32227,0.12652999,0.157,-0.34,Telecom,Communication Services,Telecom Services,2026-06-11,Telecom Services,0,0,0
ICICIBANK,9545338322944.0,MEGA CAP,1331.0,17.807358,2.6255162,0.16359,29.1,0.33293998,0.24929,0.669,0.084,Financials,Financial Services,Banks - Regional,2026-06-11,Private Sector Banks,0,0,0
SBIN,9295231975424.0,MEGA CAP,1007.0,11.041667,1.5700985,0.15477,29.1,0.28959998,0.22114,0.071,-0.031,Financials,Financial Services,Banks - Regional,2026-06-11,Private Sector Banks,0,0,0
TCS,7731490586624.0,MEGA CAP,2136.89990234375,15.722903,7.209514,0.48395002,10.389,0.25288,0.18429,0.096,0.122,Technology,Technology,Information Technology Services,2026-06-11,IT Services,0,0,1
BAJFINANCE,5435978416128.0,MEGA CAP,874.25,28.663935,4.767631,0.17907,313.407,0.60647,0.43383998,0.268,0.214,Financials,Financial Services,Credit Services,2026-06-11,NBFC – Lending,0,1,0
LT,5329476648960.0,MEGA CAP,3874.10009765625,33.185715,4.8763328,0.16951999,97.64,0.10707,0.05515,0.117,-0.345,Industrials,Industrials,Engineering & Construction,2026-06-11,Engineering & EPC,0,0,0
HINDUNILVR,5053266001920.0,MEGA CAP,2150.699951171875,47.434937,10.368016,0.21603,3.016,0.21136,0.23329,0.043,0.214,Consumer,Consumer Defensive,Household & Personal Products,2026-06-11,FMCG – Personal Care,0,0,1
LICI,4980935753728.0,MEGA CAP,393.75,8.669089,2.044902,0.42356,29.1,0.055019997,0.06564,0.148,0.555,Financials,Financial Services,Insurance - Life,2026-06-11,Life Insurance,0,1,0
INFY,4529984110592.0,MEGA CAP,1118.5,14.735941,4.856896,0.31439,9.827,0.20928,0.16434999,0.066,0.118,Technology,Technology,Information Technology Services,2026-06-11,IT Services,0,0,0
SUNPHARMA,4324801118208.0,MEGA CAP,1802.5,37.6462,5.1803718,0.1472,5.517,0.18834,0.19635999,0.128,0.256,Misc,Healthcare,Drug Manufacturers - Specialty & Generic,2026-06-11,Drug Manufacturers - Specialty & Generic,0,1,0
ADANIPOWER,4197699551232.0,MEGA CAP,217.6699981689453,32.880665,6.4642296,0.20908001,82.332,0.25394,0.23662001,-0.001,0.888,Misc,Utilities,Utilities - Independent Power Producers,2026-06-11,Utilities - Independent Power Producers,0,0,1
ADANIPORTS,4181455273984.0,MEGA CAP,1814.9000244140625,31.141045,4.3575554,0.15592,64.051,0.41182,0.33060002,0.265,0.036,Misc,Industrials,Marine Shipping,2026-06-11,Marine Shipping,0,0,0
AXISBANK,4163693182976.0,MEGA CAP,1338.699951171875,15.838855,1.9342077,0.13152,29.1,0.39193,0.35406,-0.112,0.064,Financials,Financial Services,Banks - Regional,2026-06-11,Private Sector Banks,0,0,0
MARUTI,4134708183040.0,MEGA CAP,13151.0,28.178099,3.8585591,0.14434,0.096,0.08406,0.08008,0.282,-0.064,Automobiles,Consumer Cyclical,Auto Manufacturers,2026-06-11,Passenger Vehicles,0,0,0
ADANIENT,4043247452160.0,MEGA CAP,2947.0,40.057087,4.7074347,0.13664,119.56,0.0553,0.09295999,0.203,0.183,Metals,Energy,Thermal Coal,2026-06-11,Coal,0,1,0
KOTAKBANK,3962174439424.0,MEGA CAP,398.3500061035156,20.522926,2.187258,0.11389,29.1,0.35119998,0.26049,-0.11,0.098,Financials,Financial Services,Banks - Regional,2026-06-11,Private Sector Banks,0,0,0
M&M,3605889024000.0,MEGA CAP,3003.0,19.750082,3.6045315,0.18754,125.066,0.16398,0.08461001,0.309,0.448,Automobiles,Consumer Cyclical,Auto Manufacturers,2026-06-11,Passenger Vehicles,0,1,1
TITAN,3598742454272.0,MEGA CAP,4055.699951171875,71.18793,22.937103,0.37127998,195.001,0.06282,0.057919998,0.805,0.351,Misc,Consumer Cyclical,Luxury Goods,2026-06-11,Luxury Goods,0,1,0
ITC,3535189311488.0,MEGA CAP,282.1499938964844,17.089642,4.87592,0.2934,3.292,0.36479,0.26233,-0.05,-0.727,Consumer,Consumer Defensive,Tobacco,2026-06-11,Tobacco,0,0,0
NTPC,3412741849088.0,MEGA CAP,351.95001220703125,11.558292,1.6804014,0.13695,118.127,0.18428,0.14437,0.08,-0.016,Misc,Utilities,Utilities - Regulated Electric,2026-06-11,Utilities - Regulated Electric,0,0,0
ULTRACEMCO,3209684844544.0,MEGA CAP,10911.0,39.37852,4.45549,0.10593,29.432,0.17024,0.092259996,0.03,0.183,Misc,Basic Materials,Building Materials,2026-06-11,Building Materials,0,0,0
ONGC,3175891599360.0,MEGA CAP,252.4499969482422,7.668591,0.8543147,0.12703,42.548,0.09212,0.06255,0.019,0.478,Energy,Energy,Oil & Gas Integrated,2026-06-11,Oil Marketing,0,0,0
JSWSTEEL,3133045211136.0,MEGA CAP,1283.5,14.059145,3.1312664,0.27261,94.155,0.12673001,0.12031999,0.142,9.918,Misc,Basic Materials,Steel,2026-06-11,Steel,0,1,0
HCLTECH,3000695259136.0,MEGA CAP,1109.0,18.073664,3.9360037,0.23357001,6.935,0.16486,0.128,0.053,-0.002,Technology,Technology,Information Technology Services,2026-06-11,IT Services,0,0,0
BEL,2945109983232.0,MEGA CAP,402.8999938964844,48.600723,12.277173,0.27556,0.273,0.2747,0.21956,0.117,0.045,Misc,Industrials,Aerospace & Defense,2026-06-11,Aerospace & Defense,1,0,0
BAJAJ-AUTO,2838797221888.0,MEGA CAP,10165.0,26.47549,7.3117924,0.28046,56.289,0.18642001,0.16507,0.488,1.031,Automobiles,Consumer Cyclical,Auto Manufacturers,2026-06-11,Passenger Vehicles,0,1,1
HAL,2790597591040.0,MEGA CAP,4172.7001953125,30.618582,6.799816,0.23979001,0.08707999999999999,0.26945,0.27549,0.018,0.055,Misc,Industrials,Aerospace & Defense,2026-06-11,Aerospace & Defense,1,0,0
COALINDIA,2759053541376.0,MEGA CAP,447.70001220703125,8.870616,2.3163288,0.28124002,11.629,0.20922,0.18465,0.162,0.129,Metals,Energy,Thermal Coal,2026-06-11,Coal,0,1,1
NESTLEIND,2754982707200.0,MEGA CAP,1428.699951171875,78.84657,53.423325,0.5399894000000005,8.621,0.2296,0.15139,0.23,0.274,Misc,Consumer Defensive,Packaged Foods,2026-06-11,Packaged Foods,0,1,1
POWERGRID,2674853675008.0,MEGA CAP,287.6000061035156,14.308457,2.660721,0.16492,150.993,0.4947,0.34083,-0.05,0.096,Misc,Utilities,Utilities - Regulated Electric,2026-06-11,Utilities - Regulated Electric,0,0,0
BAJAJFINSV,2633702309888.0,MEGA CAP,1647.5999755859375,26.974459,3.3763125,0.14602,256.36,0.37205002,0.06568,0.053,0.057,Financials,Financial Services,Financial Conglomerates,2026-06-11,NBFC – Investment,0,0,0
DMART,2614660169728.0,MEGA CAP,4008.800048828125,87.73911,10.663177,0.12944001,9.913,0.05242,0.04316,0.189,0.196,Misc,Consumer Defensive,Discount Stores,2026-06-11,Discount Stores,0,1,0
ASIANPAINT,2573768327168.0,MEGA CAP,2684.800048828125,59.56956,12.039841,0.20889999,17.847,0.15969,0.121549994,0.112,0.693,Chemicals,Basic Materials,Specialty Chemicals,2026-06-11,Specialty Chemicals,0,1,1
TATASTEEL,2468303601664.0,MEGA CAP,197.99000549316406,22.87977,2.5965285,0.11156999,89.017,0.09698,0.0465,0.125,1.252,Misc,Basic Materials,Steel,2026-06-11,Steel,0,1,0
ADANIGREEN,2409654124544.0,MEGA CAP,1462.9000244140625,151.75311,12.491674,0.07576,346.548,0.59686,0.12715,0.143,2.098,Energy,Utilities,Utilities - Renewable,2026-06-11,Power Generation – Renewable,0,1,0
HINDZINC,2320334061568.0,MEGA CAP,549.1500244140625,16.76794,10.255094,0.5399894000000005,39.034,0.52458,0.35292998,0.408,0.675,Misc,Basic Materials,Other Industrial Metals & Mining,2026-06-11,Other Industrial Metals & Mining,0,1,1
HINDALCO,2307262775296.0,MEGA CAP,1031.800048828125,17.145231,1.676813,0.10288,72.598,0.09979,0.048699997,0.204,-0.509,Misc,Basic Materials,Aluminum,2026-06-11,Aluminum,0,0,0
ETERNAL,2172976365568.0,MEGA CAP,236.35000610351562,616.6650680000004,6.9866095,0.01194,14.826,0.00104,0.0067299996,1.965,3.75,Misc,Consumer Cyclical,Internet Retail,2026-06-11,Internet Retail,0,1,0
GRASIM,2100843773952.0,MEGA CAP,3097.800048828125,42.383366,2.0302408,0.06287,134.138,0.17288,0.02831,0.105,0.608,Misc,Basic Materials,Building Materials,2026-06-11,Building Materials,0,1,0
SHRIRAMFIN,2090447536128.0,MEGA CAP,888.4500122070312,16.69705,2.535263,0.16382,274.993,0.70207,0.48407,0.167,0.409,Financials,Financial Services,Credit Services,2026-06-11,NBFC – Lending,0,1,0
EICHERMOT,1971715833856.0,LARGE CAP,7183.0,35.789738,7.8500156,0.23774,2.048,0.21086,0.23562,0.191,0.115,Automobiles,Consumer Cyclical,Auto Manufacturers,2026-06-11,Passenger Vehicles,0,1,0
IOC,1895070171136.0,LARGE CAP,134.1699981689453,4.3899245,0.841791,0.20969999,58.446,0.09243,0.05367,0.067,0.781,Misc,Energy,Oil & Gas Refining & Marketing,2026-06-11,Oil & Gas Refining & Marketing,0,0,0
WIPRO,1862486327296.0,LARGE CAP,177.52999877929688,14.363269,2.073658,0.15439999,22.853,0.1718,0.14248,0.077,-0.016,Technology,Technology,Information Technology Services,2026-06-11,IT Services,0,0,0
ADANIENSOL,1799040925696.0,LARGE CAP,1497.5999755859375,80.6028,7.077772,0.096599996,194.5,0.21996,0.08274,0.168,0.035,Misc,Utilities,Utilities - Independent Power Producers,2026-06-11,Utilities - Independent Power Producers,0,0,0
DIVISLAB,1780763197440.0,LARGE CAP,6708.0,69.21172,10.616797,0.16187,0.08707999999999999,0.28753,0.24318,0.095,0.136,Misc,Healthcare,Drug Manufacturers - Specialty & Generic,2026-06-11,Drug Manufacturers - Specialty & Generic,1,0,0
VBL,1776889102336.0,LARGE CAP,525.3499755859375,55.769634,9.074813,0.1040750025,12.705,0.18491,0.14024,0.181,0.2,Misc,Consumer Defensive,Beverages - Non-Alcoholic,2026-06-11,Beverages - Non-Alcoholic,0,1,0
SBILIFE,1736991440896.0,LARGE CAP,1731.5,70.52953,9.101949,0.13697,29.1,0.21172,0.022,-0.822,-0.011,Financials,Financial Services,Insurance - Life,2026-06-11,Life Insurance,0,0,0
INDIGO,1736440152064.0,LARGE CAP,4490.89990234375,26.132245,24.899784,0.1040750025,556.8185800000006,0.15758,0.03793,0.062,-0.776,Misc,Industrials,Airlines,2026-06-11,Airlines,0,0,0
ICICIAMC,1603819405312.0,LARGE CAP,3244.89990234375,48.692978,38.439396,0.5399894000000005,4.066,0.73064005,0.54963,0.082,0.104,Financials,Financial Services,Asset Management,2026-06-11,Asset Management Companies,0,0,0
BSE,1593691209728.0,LARGE CAP,3923.5,64.85044,20.269531,0.36003,0.08707999999999999,0.67699,0.48729,1.051,0.64,Misc,Financial Services,Financial Data & Stock Exchanges,2026-06-11,Financial Data & Stock Exchanges,1,1,1
SOLARINDS,1587105103872.0,LARGE CAP,17539.0,94.38704,25.282898,0.31332,23.271,0.26174,0.17052001,0.409,0.7,Chemicals,Basic Materials,Specialty Chemicals,2026-06-11,Specialty Chemicals,0,1,1
HYUNDAI,1579498733568.0,LARGE CAP,1943.9000244140625,29.039438,7.893177,0.29916,5.484,0.07308,0.07676,0.048,-0.222,Automobiles,Consumer Cyclical,Auto Manufacturers,2026-06-11,Passenger Vehicles,0,0,0
TVSMOTOR,1572998873088.0,LARGE CAP,3310.0,51.962322,47.07522,0.31619,306.09,0.12477,0.05381,0.313,0.191,Automobiles,Consumer Cyclical,Auto Manufacturers,2026-06-11,Passenger Vehicles,0,1,0
CUMMINSIND,1558834184192.0,LARGE CAP,5623.5,65.95707,18.392416,0.29455,0.431,0.24435,0.19449,0.219,0.227,Misc,Industrials,Specialty Industrial Machinery,2026-06-11,Specialty Industrial Machinery,1,1,1
TORNTPHARM,1557864382464.0,LARGE CAP,4603.0,72.11343,18.451338,0.16986,85.446,0.20196,0.15475,0.418,-0.217,Misc,Healthcare,Drug Manufacturers - Specialty & Generic,2026-06-11,Drug Manufacturers - Specialty & Generic,0,0,0
IDEA,1555805896704.0,LARGE CAP,14.359999656677246,4.4735203,-4.347563,0.1040750025,29.1,-0.05821,0.77143997,0.032,0.183,Telecom,Communication Services,Telecom Services,2026-06-11,Telecom Services,0,0,0
PIDILITIND,1524118585344.0,LARGE CAP,1497.5,62.526093,14.074116,0.23523001,3.776,0.20533001,0.16771999,0.141,0.37,Chemicals,Basic Materials,Specialty Chemicals,2026-06-11,Specialty Chemicals,0,1,1
JIOFIN,1505516322816.0,LARGE CAP,228.02000427246094,96.20254,1.0783404,0.012130001,16.286,0.43075,0.57768,0.394,-0.14,Financials,Financial Services,Asset Management,2026-06-11,Asset Management Companies,0,0,0
POWERINDIA,1490722750464.0,LARGE CAP,33445.0,150.05832,28.800938,0.21040002,1.663,0.15284,0.12124,0.462,0.718,Misc,Industrials,Electrical Equipment & Parts,2026-06-11,Electrical Equipment & Parts,0,1,1
MOTHERSON,1470370414592.0,LARGE CAP,139.6199951171875,38.252052,3.9866369,0.10114,43.908,0.07129,0.030869998,0.149,0.43,Automobiles,Consumer Cyclical,Auto Parts,2026-06-11,Auto Components,0,1,0
TRENT,1446552535040.0,LARGE CAP,2712.800048828125,84.17003,13.807354,0.27126,36.034,0.11116,0.08566,0.192,0.258,Misc,Consumer Cyclical,Apparel Retail,2026-06-11,Apparel Retail,0,1,0
CGPOWER,1427857080320.0,LARGE CAP,906.5999755859375,117.435234,17.919119,0.19561,1.444,0.121190004,0.09714,0.25,0.305,Misc,Industrials,Electrical Equipment & Parts,2026-06-11,Electrical Equipment & Parts,0,1,0
POLYCAB,1424659447808.0,LARGE CAP,9463.0,53.421024,11.863688,0.24580999,2.558,0.12951,0.09251001,0.269,0.08,Misc,Industrials,Electrical Equipment & Parts,2026-06-11,Electrical Equipment & Parts,0,0,0
ABB,1412687200256.0,LARGE CAP,6666.5,90.76243,18.028189,0.1040750025,1.082,0.11496,0.22257,0.008,2.76,Misc,Industrials,Specialty Industrial Machinery,2026-06-11,Specialty Industrial Machinery,0,0,0
DLF,1395085541376.0,LARGE CAP,563.5999755859375,31.574228,3.0708206,0.10031,0.673,0.19984,0.53876996,-0.42,-0.011,Misc,Real Estate,Real Estate - Development,2026-06-11,Real Estate - Development,0,0,0
TMPV,1383122862080.0,LARGE CAP,375.6000061035156,26.132245,1.2492516,-0.01118,65.31,0.084300004,0.24551001,-0.118,-0.329,Automobiles,Consumer Cyclical,Auto Manufacturers,2026-06-11,Passenger Vehicles,0,0,0
PFC,1375317393408.0,LARGE CAP,416.75,5.308917,1.0350771,0.20466,556.8185800000006,0.8849212000000001,0.54304004,-0.154,0.108,Financials,Financial Services,Credit Services,2026-06-11,NBFC – Lending,0,0,0
BANKBARODA,1369376686080.0,LARGE CAP,264.79998779296875,6.8994265,0.82558054,0.12738,29.1,0.38452998,0.31175,-0.076,0.071,Financials,Financial Services,Banks - Regional,2026-06-11,Private Sector Banks,0,0,0
TATACAP,1352714944512.0,LARGE CAP,320.79998779296875,27.27891,3.5537832,0.12005,502.058,0.55465,0.39028,0.07,0.522,Financials,Financial Services,Credit Services,2026-06-11,NBFC – Lending,0,0,0
TMCV,1325696024576.0,LARGE CAP,360.0,43.636364,10.408534,0.26045,44.095,0.08489,0.03613,-0.378,-0.253,Automobiles,Consumer Cyclical,Auto Manufacturers,2026-06-11,Passenger Vehicles,0,0,0
BHEL,1298809618432.0,LARGE CAP,373.0,81.08696,4.962152,0.06292,31.312,0.13527,0.04737,0.369,1.564,Misc,Industrials,Specialty Industrial Machinery,2026-06-11,Specialty Industrial Machinery,0,1,0
TECHM,1293503299584.0,LARGE CAP,1460.4000244140625,26.979494,4.3718925,0.16608,7.269,0.13825,0.084680006,0.126,0.159,Technology,Technology,Information Technology Services,2026-06-11,IT Services,0,1,0
CHOLAFIN,1251538370560.0,LARGE CAP,1468.0999755859375,23.73646,4.1023736,0.19334999,556.8185800000006,0.56111,0.39784,0.241,0.291,Financials,Financial Services,Credit Services,2026-06-11,NBFC – Lending,0,1,1
UNIONBANK,1250613657600.0,LARGE CAP,163.8300018310547,6.437328,0.9371193,0.15708,29.1,-5.3092397380000005,0.35658002,0.122,0.183,Financials,Financial Services,Banks - Regional,2026-06-11,Private Sector Banks,0,1,0
SIEMENS,1250410364928.0,LARGE CAP,3511.199951171875,74.24825,9.028148,0.1040750025,2.213,0.08015,0.0921,0.146,-0.364,Misc,Industrials,Specialty Industrial Machinery,2026-06-11,Specialty Industrial Machinery,0,0,0
TATAPOWER,1249856978944.0,LARGE CAP,391.1499938964844,33.374573,3.1628017,0.11336,167.811,0.088520005,0.06002,-0.128,-0.046,Misc,Utilities,Utilities - Independent Power Producers,2026-06-11,Utilities - Independent Power Producers,0,0,0
BRITANNIA,1239267278848.0,LARGE CAP,5145.0,49.014004,24.270128,0.53314,26.875,0.16267,0.13229,0.079,0.211,Misc,Consumer Defensive,Packaged Foods,2026-06-11,Packaged Foods,0,0,1
GVT&D,1225822699520.0,LARGE CAP,4787.5,99.38759,58.73728,0.5399894000000005,0.892,0.26439,0.19871001,0.42,0.887,Misc,Industrials,Specialty Industrial Machinery,2026-06-11,Specialty Industrial Machinery,1,1,1
IRFC,1224388378624.0,LARGE CAP,93.69000244140625,17.479477,2.1556265,0.12812,556.8185800000006,0.8849212000000001,0.8458531554000015,0.005,0.0,Financials,Financial Services,Credit Services,2026-06-11,NBFC – Lending,0,0,0
BPCL,1220250304512.0,LARGE CAP,285.6000061035156,4.7222223,1.2185705,0.28469,54.332,0.08165,0.05677,0.067,0.28,Misc,Energy,Oil & Gas Refining & Marketing,2026-06-11,Oil & Gas Refining & Marketing,0,0,0
APOLLOHOSP,1219725230080.0,LARGE CAP,8483.0,62.851,12.86336,0.21503,85.146,0.11908,0.07696,0.181,0.356,Misc,Healthcare,Medical Care Facilities,2026-06-11,Medical Care Facilities,0,1,0
PNB,1211930771456.0,LARGE CAP,105.44999694824219,6.590625,0.8081017,0.12985,29.1,0.29405,0.31221,0.152,0.019,Financials,Financial Services,Banks - Regional,2026-06-11,Private Sector Banks,0,0,0
ENRIN,1207284137984.0,LARGE CAP,3390.10009765625,92.49931,25.090107,0.1040750025,4.483,0.19364001,0.14994,0.274,0.522,Energy,Utilities,Utilities - Renewable,2026-06-11,Power Generation – Renewable,0,1,0
VEDL,1199359787008.0,LARGE CAP,307.1499938964844,17.130507,2.9841247,0.20403999,48.044,0.2624,0.22681999,-0.413,0.922,Misc,Basic Materials,Other Industrial Metals & Mining,2026-06-11,Other Industrial Metals & Mining,0,0,1
CANBK,1192881291264.0,LARGE CAP,131.50999450683594,6.052002,1.0134552,0.15935999,29.1,-0.32213002,0.37035,-0.467,-0.098,Financials,Financial Services,Banks - Regional,2026-06-11,Private Sector Banks,0,0,0
HDFCLIFE,1185389740032.0,LARGE CAP,549.4500122070312,62.084743,6.666707,0.11281,17.46,0.0269,0.01915,-0.177,0.041,Financials,Financial Services,Insurance - Life,2026-06-11,Life Insurance,0,0,0
MUTHOOTFIN,1156309450752.0,LARGE CAP,2880.199951171875,10.918533,2.9550424,0.30406,379.707,0.78154,0.55206,0.537,1.267,Financials,Financial Services,Credit Services,2026-06-11,NBFC – Lending,0,1,1
JINDALSTEL,1148540682240.0,LARGE CAP,1128.800048828125,34.13366,2.3120015,0.067719996,43.613,0.12809,0.06327,0.23,0.183,Misc,Basic Materials,Steel,2026-06-11,Steel,0,1,0
LTM,1135120351232.0,LARGE CAP,3830.39990234375,22.629433,4.7241445,0.21285,9.582,0.07614,0.11861,0.061,0.234,Technology,Technology,Information Technology Services,2026-06-11,IT Services,0,0,0
CIPLA,1121693204480.0,LARGE CAP,1388.5,28.902996,3.257455,0.11736,1.778,0.11262,0.13939999,-0.021,-0.546,Misc,Healthcare,Drug Manufacturers - Specialty & Generic,2026-06-11,Drug Manufacturers - Specialty & Generic,0,0,0
BOSCHLTD,1113477742592.0,LARGE CAP,37750.0,40.118176,7.500431,0.19353001,0.8,0.11963,0.13842,0.18,0.03,Automobiles,Consumer Cyclical,Auto Parts,2026-06-11,Auto Components,1,0,0
INDIANB,1111716659200.0,LARGE CAP,825.3499755859375,9.49442,1.3887277,0.15442,29.1,0.46919,0.3417,0.015,0.064,Financials,Financial Services,Banks - Regional,2026-06-11,Private Sector Banks,0,0,0
ZYDUSLIFE,1110580396032.0,LARGE CAP,1103.699951171875,22.038736,4.3886085,0.18318,42.242,0.18466999,0.18565,0.162,0.087,Misc,Healthcare,Drug Manufacturers - Specialty & Generic,2026-06-11,Drug Manufacturers - Specialty & Generic,0,0,0
BAJAJHLDNG,1104810737664.0,LARGE CAP,9927.0,11.462784,1.5101295,0.12624,0.08707999999999999,0.40881002,0.8458531554000015,-0.483,0.493,Financials,Financial Services,Asset Management,2026-06-11,Asset Management Companies,0,0,0
INDUSTOWER,1101026820096.0,LARGE CAP,417.5,15.405904,2.7771683,0.19806999,53.289,0.32422,0.21989,0.048,0.008,Telecom,Communication Services,Telecom Services,2026-06-11,Telecom Services,0,0,0
TATACONSUM,1099785568256.0,LARGE CAP,1111.300048828125,71.14597,5.409813,0.0694,12.159,0.11146,0.076009996,0.179,0.215,Misc,Consumer Defensive,Packaged Foods,2026-06-11,Packaged Foods,0,1,0
GAIL,1092120739840.0,LARGE CAP,166.10000610351562,14.405898,1.2253872,0.08688,27.809,0.02754,0.05355,-0.024,-0.403,Misc,Utilities,Utilities - Regulated Gas,2026-06-11,Utilities - Regulated Gas,0,0,0
DRREDDY,1068774916096.0,LARGE CAP,1283.5,24.980537,2.8344345,0.11835,20.328,0.015420001,0.12755999,-0.116,-0.862,Misc,Healthcare,Drug Manufacturers - Specialty & Generic,2026-06-11,Drug Manufacturers - Specialty & Generic,0,0,0
GMRAIRPORT,1058114961408.0,LARGE CAP,100.20999908447266,616.6650680000004,-42.140453,0.1040750025,29.1,0.26193002,0.011849999,0.375,0.183,Misc,Industrials,Airports & Air Services,2026-06-11,Airports & Air Services,0,1,0
MARICO,1048815599616.0,LARGE CAP,809.3499755859375,59.467304,24.726568,0.41393003,12.394,0.13831,0.12945,0.221,0.145,Consumer,Consumer Defensive,Household & Personal Products,2026-06-11,FMCG – Personal Care,0,1,0
GODREJCP,1043709493248.0,LARGE CAP,1020.0,56.074764,8.239561,0.15099,34.899,0.19620001,0.12264,0.084,0.097,Consumer,Consumer Defensive,Household & Personal Products,2026-06-11,FMCG – Personal Care,0,0,0
LUPIN,1038512291840.0,LARGE CAP,2271.300048828125,19.512886,4.623163,0.26907,29.388,0.24244,0.19073999,0.319,0.89,Misc,Healthcare,Drug Manufacturers - Specialty & Generic,2026-06-11,Drug Manufacturers - Specialty & Generic,0,1,1
LGEINDIA,1037775142912.0,LARGE CAP,1528.9000244140625,61.649197,13.532364,0.24716,5.99,0.10476,0.06849,0.081,-0.082,Misc,Technology,Consumer Electronics,2026-06-11,Consumer Electronics,0,0,0
HDFCAMC,1034811867136.0,LARGE CAP,2414.10009765625,36.258636,11.206325,0.32929,2.364,0.7878,0.61838,0.036,-0.028,Financials,Financial Services,Asset Management,2026-06-11,Asset Management Companies,0,0,0
JSWENERGY,1014681436160.0,LARGE CAP,553.75,43.499607,3.1561158,0.08817001,229.16,0.33268002,0.11847,0.41,-0.117,Misc,Utilities,Utilities - Independent Power Producers,2026-06-11,Utilities - Independent Power Producers,0,0,0
AMBUJACEM,1011817578496.0,LARGE CAP,407.20001220703125,21.364115,1.6959953,0.08302,1.205,0.06451,0.1163,0.072,0.749,Misc,Basic Materials,Building Materials,2026-06-11,Building Materials,0,0,0
MANKIND,989455777792.0,LARGE CAP,2395.800048828125,51.700474,6.0623236,0.12452,38.111,0.20558001,0.13397999,0.118,0.317,Misc,Healthcare,Drug Manufacturers - Specialty & Generic,2026-06-11,Drug Manufacturers - Specialty & Generic,0,1,0
MAXHEALTH,988134375424.0,LARGE CAP,1015.2999877929688,68.8339,9.18516,0.14333001,32.367,0.22559,0.17226,0.122,0.073,Misc,Healthcare,Medical Care Facilities,2026-06-11,Medical Care Facilities,0,0,0
HEROMOTOCO,970830905344.0,LARGE CAP,4851.89990234375,16.932123,4.4914064,0.28027,3.57,0.1311,0.12109999,0.302,0.257,Automobiles,Consumer Cyclical,Auto Manufacturers,2026-06-11,Passenger Vehicles,0,1,0
LLOYDSME,953082839040.0,LARGE CAP,1694.300048828125,25.301672,6.8738866,0.36945,145.214,0.38871,0.2148,4.055,6.048,Misc,Basic Materials,Steel,2026-06-11,Steel,0,1,1
MAZDOCK,946692489216.0,LARGE CAP,2345.800048828125,36.710464,9.704791,0.2877,4.481,0.13505,0.19863,0.213,1.09,Misc,Industrials,Aerospace & Defense,2026-06-11,Aerospace & Defense,0,1,0
INDHOTEL,936120221696.0,LARGE CAP,657.6500244140625,44.89079,7.1719127,0.16430001,18.987,0.30917,0.20916,0.143,0.147,Misc,Consumer Cyclical,Lodging,2026-06-11,Lodging,0,1,0
BHARATFORG,930838609920.0,LARGE CAP,1948.9000244140625,86.8421,9.725566,0.11603,76.475,0.11553001,0.06422,0.175,-0.179,Automobiles,Consumer Cyclical,Auto Parts,2026-06-11,Auto Components,0,0,0
UNITDSPR,926636441600.0,LARGE CAP,1273.9000244140625,52.9468,10.765838,0.20034,4.611,0.16929,0.14743,0.008,0.28,Misc,Consumer Defensive,Beverages - Wineries & Distilleries,2026-06-11,Beverages - Wineries & Distilleries,0,0,1
RECLTD,893979525120.0,LARGE CAP,339.29998779296875,5.4926386,1.0706402,0.19957,556.8185800000006,0.8849212000000001,0.70553,-0.144,-0.219,Financials,Financial Services,Credit Services,2026-06-11,NBFC – Lending,0,0,0
ABCAPITAL,885793095680.0,LARGE CAP,337.8500061035156,23.692146,2.5712936,0.11181,491.748,0.13699001,0.116450004,0.077,0.301,Financials,Financial Services,Financial Conglomerates,2026-06-11,NBFC – Investment,0,0,0
LENSKART,869009784832.0,LARGE CAP,501.8999938964844,173.06895,13.235061,0.066539995,34.983,0.09974,0.055999998,0.456,-0.108,Misc,Healthcare,Medical Instruments & Supplies,2026-06-11,Medical Instruments & Supplies,0,0,0
WAAREEENER,862867685376.0,LARGE CAP,2999.699951171875,23.284172,5.973142,0.31570998,21.402,0.15048,0.13986,1.118,0.712,Misc,Technology,Solar,2026-06-11,Solar,0,1,1
LODHA,861664182272.0,LARGE CAP,862.5999755859375,25.20748,3.7003036,0.1571,42.238,0.27622998,0.20557,0.076,0.094,Misc,Real Estate,Real Estate - Development,2026-06-11,Real Estate - Development,0,0,0
SHREECEM,857098158080.0,LARGE CAP,23755.0,49.064358,9.30188,0.1040750025,38.149,0.18603,0.1453,0.052,0.034,Misc,Basic Materials,Building Materials,2026-06-11,Building Materials,0,0,0
ICICIGI,855720067072.0,LARGE CAP,1714.5,31.009224,5.3176804,0.17851,0.08707999999999999,0.11436,0.10264,0.122,0.067,Financials,Financial Services,Insurance - Diversified,2026-06-11,General Insurance,1,0,0
AUROPHARMA,845057490944.0,LARGE CAP,1469.0,24.348475,2.2515228,0.09932999,21.31,0.14936,0.10414,0.056,0.019,Misc,Healthcare,Drug Manufacturers - Specialty & Generic,2026-06-11,Drug Manufacturers - Specialty & Generic,0,0,0
NTPCGREEN,820387446784.0,LARGE CAP,97.36000061035156,157.03226,4.3982654,0.02764,165.281,0.50063,0.18283,0.467,-0.171,Energy,Utilities,Utilities - Renewable,2026-06-11,Power Generation – Renewable,0,0,0
ASHOKLEY,816524492800.0,LARGE CAP,139.00999450683594,23.481419,5.2713203,0.21639,344.737,0.17361,0.06158,0.174,0.245,Misc,Industrials,Farm & Heavy Construction Machinery,2026-06-11,Farm & Heavy Construction Machinery,0,1,1
OFSS,812005457920.0,LARGE CAP,9326.5,30.873251,10.370325,0.32606,0.415,0.50402,0.34401,0.203,0.306,Technology,Technology,Software - Infrastructure,2026-06-11,Software Products,1,1,1
ATGL,797527310336.0,LARGE CAP,725.1500244140625,121.46567,16.39387,0.14456001,58.65,0.15393,0.11124,0.161,0.085,Misc,Utilities,Utilities - Regulated Gas,2026-06-11,Utilities - Regulated Gas,0,0,0
SRF,797391454208.0,LARGE CAP,2690.199951171875,43.48852,5.678666,0.13763,36.195,0.20632,0.11625,0.07,0.106,Misc,Industrials,Conglomerates,2026-06-11,Conglomerates,0,0,0
IDBI,783742599168.0,LARGE CAP,72.88999938964844,8.436342,1.1430857,0.14152999,29.1,0.15577,0.43376,0.122,0.183,Financials,Financial Services,Banks - Regional,2026-06-11,Private Sector Banks,0,1,0
MEESHO,776331264000.0,LARGE CAP,168.8300018310547,26.132245,17.784683,-0.4629408,1.428,-0.07745,-0.107530005,0.471,0.183,Misc,Consumer Cyclical,Internet Retail,2026-06-11,Internet Retail,0,1,0
NMDC,773591990272.0,LARGE CAP,87.98999786376953,10.38843,2.2669656,0.23363,18.802,0.21968001,0.23231001,0.619,0.377,Misc,Basic Materials,Steel,2026-06-11,Steel,0,1,1
HINDPETRO,772612358144.0,LARGE CAP,363.1499938964844,4.2818394,1.1787393,0.30929002,85.369,0.08081,0.041050002,0.049,0.775,Misc,Energy,Oil & Gas Refining & Marketing,2026-06-11,Oil & Gas Refining & Marketing,0,0,0
FEDERALBNK,763906228224.0,LARGE CAP,309.8999938964844,17.728832,1.9077225,0.11731,29.1,0.43172002,0.29906,0.123,0.222,Financials,Financial Services,Banks - Regional,2026-06-11,Private Sector Banks,0,1,0
PERSISTENT,756470710272.0,LARGE CAP,4842.0,40.713024,9.6648445,0.26349002,6.092,0.16252,0.12646,0.251,0.321,Technology,Technology,Information Technology Services,2026-06-11,IT Services,0,1,1
LAURUSLABS,754620694528.0,LARGE CAP,1396.800048828125,84.70589,14.229394,0.17743,46.369,0.21529,0.13046,0.053,0.194,Misc,Healthcare,Drug Manufacturers - Specialty & Generic,2026-06-11,Drug Manufacturers - Specialty & Generic,0,0,0
DABUR,753752342528.0,LARGE CAP,424.8999938964844,39.896713,6.5937304,0.16239999,10.907,0.11179,0.14364,0.073,0.152,Consumer,Consumer Defensive,Household & Personal Products,2026-06-11,FMCG – Personal Care,0,0,0
FORTIS,749069467648.0,LARGE CAP,992.2000122070312,71.638985,7.5697694,0.11006,34.15,0.17354,0.11413,0.178,0.443,Misc,Healthcare,Medical Care Facilities,2026-06-11,Medical Care Facilities,0,1,0
NYKAA,744737406976.0,LARGE CAP,260.04998779296875,366.2676,52.50353,0.14338,82.405,0.05238,0.0199,0.284,2.902,Misc,Consumer Cyclical,Internet Retail,2026-06-11,Internet Retail,0,1,0
SAIL,743081443328.0,LARGE CAP,179.89999389648438,21.992664,1.2797621,0.1040750025,57.763,0.028450001,0.025510002,0.118,1.676,Misc,Basic Materials,Steel,2026-06-11,Steel,0,1,0
BHARTIHEXA,737500004352.0,LARGE CAP,1475.0,42.53172,10.292804,0.26466998,85.654,0.32316002,0.18529,0.054,-0.047,Telecom,Communication Services,Telecom Services,2026-06-11,Telecom Services,0,0,0
SUZLON,735672795136.0,LARGE CAP,53.54999923706055,23.181818,9.373359,0.40636003,5.873,0.16420999,0.18966,0.449,-0.056,Misc,Industrials,Specialty Industrial Machinery,2026-06-11,Specialty Industrial Machinery,0,0,0
NHPC,726557392896.0,LARGE CAP,72.33000183105469,26.111914,1.7577585,0.09021,113.111,0.19674,0.32421002,0.192,0.706,Energy,Utilities,Utilities - Renewable,2026-06-11,Power Generation – Renewable,0,1,0
AUBANK,725720956928.0,LARGE CAP,969.8499755859375,27.69923,3.6288152,0.1040750025,29.1,0.35549998,0.21372999,0.371,0.626,Financials,Financial Services,Banks - Regional,2026-06-11,Private Sector Banks,0,1,0
HAVELLS,716578226176.0,LARGE CAP,1142.4000244140625,42.43685,7.5784616,0.18969999,2.801,0.09375,0.075040005,0.025,0.396,Misc,Industrials,Electrical Equipment & Parts,2026-06-11,Electrical Equipment & Parts,0,0,0
MCX,706861989888.0,LARGE CAP,2777.300048828125,53.276424,16.797407,0.37883,0.113,0.73859,0.54818,2.0,2.912,Misc,Financial Services,Financial Data & Stock Exchanges,2026-06-11,Financial Data & Stock Exchanges,1,1,1
OIL,701311942656.0,LARGE CAP,431.1499938964844,10.598574,1.2089967,0.12743,58.741,0.27781,0.19500999,0.052,0.604,Energy,Energy,Oil & Gas Integrated,2026-06-11,Oil Marketing,0,0,0
YESBANK,701165535232.0,LARGE CAP,22.34000015258789,19.946428,1.4183226,0.07095,29.1,0.54693,0.22045,0.198,0.118,Financials,Financial Services,Banks - Regional,2026-06-11,Private Sector Banks,0,1,0
DIXON,699282554880.0,LARGE CAP,11501.0,42.78646,12.811274,0.37133,18.457,0.028870001,0.02944,0.021,-0.361,Misc,Technology,Consumer Electronics,2026-06-11,Consumer Electronics,0,0,0
POLICYBZR,698653736960.0,LARGE CAP,1512.0999755859375,103.285515,9.557248,0.097440004,4.922,0.088970006,0.09861,0.367,0.528,Misc,Financial Services,Insurance Brokers,2026-06-11,Insurance Brokers,0,1,0
INDUSINDBK,697869205504.0,LARGE CAP,895.7000122070312,78.57018,1.0610145,0.01362,29.1,0.17665,0.05158,2.727,0.183,Financials,Financial Services,Banks - Regional,2026-06-11,Private Sector Banks,0,1,0
TORNTPOWER,694278356992.0,LARGE CAP,1377.800048828125,28.710148,3.6423814,0.13022,70.885,0.1137,0.08342,-0.008,-0.7,Misc,Utilities,Utilities - Independent Power Producers,2026-06-11,Utilities - Independent Power Producers,0,0,0
BAJAJHFL,687531098112.0,LARGE CAP,82.55000305175781,26.889252,3.0659242,0.120570004,460.504,0.80669,0.61533,0.423,0.144,Misc,Financial Services,Mortgage Finance,2026-06-11,Mortgage Finance,0,1,0
NATIONALUM,684788154368.0,LARGE CAP,372.8500061035156,11.149821,3.1697924,0.2942,0.277,0.42758,0.32489,-0.048,-0.167,Misc,Basic Materials,Aluminum,2026-06-11,Aluminum,1,0,0
BIOCON,675982344192.0,LARGE CAP,417.3999938964844,148.01419,1.9546415,0.011469999,42.145,0.112229995,0.022780001,0.023,-0.725,Healthcare,Healthcare,Biotechnology,2026-06-11,Biotechnology,0,0,0
ICICIPRULI,668821356544.0,LARGE CAP,461.3500061035156,41.78895,4.899379,0.12579,19.037,0.1245,0.025510002,-0.831,0.614,Financials,Financial Services,Insurance - Life,2026-06-11,Life Insurance,0,0,0
NAM-INDIA,668555476992.0,LARGE CAP,1047.0999755859375,44.27484,14.315008,0.34476003,1.617,0.65431,0.52143,0.196,0.273,Financials,Financial Services,Asset Management,2026-06-11,Asset Management Companies,0,1,1
PAYTM,661468151808.0,LARGE CAP,1033.0,121.102,4.1324797,0.03558,1.073,0.0,0.06554,0.184,0.183,Technology,Technology,Software - Infrastructure,2026-06-11,Software Products,0,1,0
GICRE,659478937600.0,LARGE CAP,375.8999938964844,6.825858,0.716262,0.10686,29.1,0.23685,0.18268,0.025,0.014,Misc,Financial Services,Insurance - Reinsurance,2026-06-11,Insurance - Reinsurance,0,0,0
BANKINDIA,648026718208.0,LARGE CAP,142.33999633789062,5.98822,0.7205483,0.12056,29.1,0.44996,0.31886,0.101,0.186,Financials,Financial Services,Banks - Regional,2026-06-11,Private Sector Banks,0,1,0
LTF,645668995072.0,LARGE CAP,257.79998779296875,21.710196,2.4436965,0.111169994,393.442,0.43723,0.33077,0.319,0.264,Financials,Financial Services,Credit Services,2026-06-11,NBFC – Lending,0,1,0
MAHABANK,642783248384.0,LARGE CAP,83.56999969482422,9.163377,1.9336402,0.22659999,29.1,0.5789,0.49278998,0.382,0.364,Financials,Financial Services,Banks - Regional,2026-06-11,Private Sector Banks,0,1,1
ALKEM,636085796864.0,LARGE CAP,5320.0,27.65504,4.6041713,0.17557,14.267,0.11424,0.15645,0.146,-0.227,Misc,Healthcare,Drug Manufacturers - Specialty & Generic,2026-06-11,Drug Manufacturers - Specialty & Generic,0,0,0
SWIGGY,631447027712.0,LARGE CAP,242.3000030517578,26.132245,3.168936,-0.29117,13.929,-0.15808,-0.18019,0.447,0.183,Misc,Consumer Cyclical,Internet Retail,2026-06-11,Internet Retail,0,1,0
IDFCFIRSTB,626095357952.0,LARGE CAP,72.69000244140625,38.664894,1.3342267,0.1040750025,29.1,0.33398,0.32775003,-0.011,-0.232,Financials,Financial Services,Banks - Regional,2026-06-11,Private Sector Banks,0,0,0
IOB,626031722496.0,LARGE CAP,32.5099983215332,11.569395,1.6924357,0.15654999,29.1,0.44187,0.37493,0.019,0.397,Financials,Financial Services,Banks - Regional,2026-06-11,Private Sector Banks,0,0,0
NAUKRI,624613195776.0,LARGE CAP,964.2999877929688,43.164726,1.648424,0.045679998,0.64,0.34901002,0.44138,0.159,0.221,Misc,Communication Services,Internet Content & Information,2026-06-11,Internet Content & Information,0,1,0
PHOENIXLTD,623331573760.0,LARGE CAP,1742.9000244140625,49.854122,5.671527,0.11056,37.211,0.53540003,0.27671,0.337,0.5,Misc,Real Estate,Real Estate - Diversified,2026-06-11,Real Estate - Diversified,0,1,0
COFORGE,616685699072.0,LARGE CAP,1393.0999755859375,31.83501,4.9059205,0.18596001,7.518,0.16555999,0.094840005,0.305,1.34,Technology,Technology,Information Technology Services,2026-06-11,IT Services,0,1,1
UNOMINDA,613963071488.0,LARGE CAP,1063.199951171875,51.238552,9.828155,0.19202,37.74,0.077020004,0.060900003,0.178,0.223,Automobiles,Consumer Cyclical,Auto Parts,2026-06-11,Auto Components,0,1,0
SCHAEFFLER,612757274624.0,LARGE CAP,3920.300048828125,50.39594,10.131623,0.1040750025,0.904,0.15001,0.12031,0.189,0.255,Automobiles,Consumer Cyclical,Auto Parts,2026-06-11,Auto Components,0,1,0
GLENMARK,610089893888.0,LARGE CAP,2161.89990234375,44.806217,5.8041477,0.14069,5.646,0.16302,0.08019,0.143,16.134920000000058,Misc,Healthcare,Drug Manufacturers - Specialty & Generic,2026-06-11,Drug Manufacturers - Specialty & Generic,0,1,0
BERGEPAINT,597809627136.0,LARGE CAP,512.7000122070312,53.074535,8.64689,0.17226,9.165,0.13271,0.094849996,0.061,0.277,Chemicals,Basic Materials,Specialty Chemicals,2026-06-11,Specialty Chemicals,0,0,0
APARINDS,595382173696.0,LARGE CAP,14820.0,61.173946,11.037963,0.19742,17.716,0.068670005,0.042659998,0.267,0.012,Misc,Industrials,Electrical Equipment & Parts,2026-06-11,Electrical Equipment & Parts,0,0,0
TIINDIA,588835848192.0,LARGE CAP,3043.199951171875,92.83186,7.826264,0.1040750025,27.724,0.07277,0.028169999,0.207,-0.142,Misc,Industrials,Conglomerates,2026-06-11,Conglomerates,0,0,0
OBEROIRLTY,574418845696.0,LARGE CAP,1579.800048828125,22.92223,3.4312897,0.14913,15.765,0.53072,0.41727,0.521,0.624,Misc,Real Estate,Real Estate - Development,2026-06-11,Real Estate - Development,0,1,0
JSWINFRA,574357831680.0,LARGE CAP,275.25,37.888584,5.269854,0.13948,59.002,0.40138,0.28412,0.179,-0.181,Misc,Industrials,Marine Shipping,2026-06-11,Marine Shipping,0,0,0
FACT,572755804160.0,LARGE CAP,885.1500244140625,26.132245,41.650196,0.1040750025,295.147,0.02437,0.07694,0.409,-0.95092,Chemicals,Basic Materials,Agricultural Inputs,2026-06-11,Agrochemicals,0,0,0
LINDEINDIA,572171878400.0,LARGE CAP,6709.0,104.61563,14.978556,0.13577,29.1,0.20444,0.21693,0.131,6.764,Chemicals,Basic Materials,Specialty Chemicals,2026-06-11,Specialty Chemicals,0,1,0
PRESTIGE,567185571840.0,LARGE CAP,1316.800048828125,47.43516,3.4833124,0.07998,105.493,0.19827,0.094239995,1.665,9.017,Misc,Real Estate,Real Estate - Diversified,2026-06-11,Real Estate - Diversified,0,1,0
TATACOMM,560851517440.0,LARGE CAP,1967.9000244140625,53.76776,19.70363,0.31131,335.485,0.084359996,0.04038,0.094,-0.747,Telecom,Communication Services,Telecom Services,2026-06-11,Telecom Services,0,0,0
JSL,559873916928.0,LARGE CAP,679.5,17.54907,12.438904,0.17407,37.523,0.10383,0.07434,0.112,0.425,Misc,Basic Materials,Steel,2026-06-11,Steel,0,1,0
ABBOTINDIA,559494135808.0,LARGE CAP,26330.0,35.545536,11.719489,0.34460998,3.602,0.27012,0.22399001,0.065,0.076,Misc,Healthcare,Drug Manufacturers - Specialty & Generic,2026-06-11,Drug Manufacturers - Specialty & Generic,0,0,0
COLPAL,557543325696.0,LARGE CAP,2049.89990234375,42.066486,35.196854,0.5399894000000005,2.993,0.29746,0.21959999,0.091,-0.005,Consumer,Consumer Defensive,Household & Personal Products,2026-06-11,FMCG – Personal Care,0,0,0
VMM,552513765376.0,LARGE CAP,118.1500015258789,66.00559,7.9056544,0.12149999,26.817,0.079380006,0.065019995,0.222,0.44,Misc,Consumer Cyclical,Department Stores,2026-06-11,Department Stores,0,1,0
COROMANDEL,548614471680.0,LARGE CAP,1862.9000244140625,28.05995,4.3700914,0.15587,11.469,0.05381,0.062140003,0.204,-0.758,Chemicals,Basic Materials,Agricultural Inputs,2026-06-11,Agrochemicals,0,0,0
SBICARD,545319682048.0,LARGE CAP,573.0499877929688,25.177942,3.4692876,0.14686,280.206,0.26117,0.1826,0.186,0.139,Financials,Financial Services,Credit Services,2026-06-11,NBFC – Lending,0,1,0
MFSL,541237542912.0,LARGE CAP,1575.9000244140625,616.6650680000004,19.773148,0.01629,12.673,0.04599,0.00176,-0.402,0.183,Financials,Financial Services,Insurance - Life,2026-06-11,Life Insurance,0,0,0
MRF,521618161664.0,LARGE CAP,122990.0,21.482256,2.4869142,0.12295,15.288,0.10729,0.07789,0.134,0.371,Automobiles,Consumer Cyclical,Auto Parts,2026-06-11,Auto Components,0,1,0
THERMAX,516302635008.0,LARGE CAP,4583.2998046875,71.72613,9.305002,0.13691,42.166,0.093439996,0.06737,0.111,0.187,Misc,Industrials,Conglomerates,2026-06-11,Conglomerates,0,1,0
HDBFS,514784231424.0,LARGE CAP,621.4000244140625,20.123058,2.496926,0.13945,480.236,0.42518002,0.28924,0.184,0.357,Financials,Financial Services,Credit Services,2026-06-11,NBFC – Lending,0,1,0
MOTILALOFS,503610376192.0,LARGE CAP,836.5,25.440996,3.892182,0.1555,164.419,-0.09198,0.23452999,1.523,0.183,Misc,Financial Services,Capital Markets,2026-06-11,Capital Markets,0,1,0
UPL,503282204672.0,LARGE CAP,595.4000244140625,26.699554,1.4484715,0.05614,57.128,0.14899999,0.03708,0.177,0.332,Chemicals,Basic Materials,Agricultural Inputs,2026-06-11,Agrochemicals,0,1,0
KEI,494876459008.0,MID CAP,5176.5,55.05158,7.424954,0.14753,3.796,0.10158,0.07818,0.187,0.255,Misc,Industrials,Electrical Equipment & Parts,2026-06-11,Electrical Equipment & Parts,0,1,0
GODREJPROP,491239309312.0,MID CAP,1630.800048828125,26.564589,2.5638244,0.09969,82.119,0.14072,0.36056,0.63,0.701,Misc,Real Estate,Real Estate - Development,2026-06-11,Real Estate - Development,0,1,0
APLAPOLLO,489095266304.0,MID CAP,1761.5,40.625,9.235763,0.25314,9.396,0.07206,0.05213,0.136,0.208,Misc,Basic Materials,Steel,2026-06-11,Steel,0,1,0
HINDCOPPER,484865835008.0,MID CAP,501.3999938964844,52.778946,14.520707,0.30602,3.319,0.48468,0.29843,0.581,1.366,Metals,Basic Materials,Copper,2026-06-11,Copper,0,1,1
PREMIERENE,481939554304.0,MID CAP,1067.9000244140625,31.707245,11.168517,0.42333,86.005,0.26709998,0.19296,0.376,0.647,Misc,Technology,Solar,2026-06-11,Solar,0,1,1
RVNL,465355669504.0,MID CAP,223.19000244140625,53.14048,4.8886213,0.08981,49.078,0.03866,0.04285,0.042,-0.591,Industrials,Industrials,Engineering & Construction,2026-06-11,Engineering & EPC,0,0,0
RADICO,462049771520.0,MID CAP,3449.89990234375,76.32522,13.9244175,0.1040750025,20.939,0.14869,0.08838,0.195,0.621,Misc,Consumer Defensive,Beverages - Wineries & Distilleries,2026-06-11,Beverages - Wineries & Distilleries,0,1,0
PATANJALI,455767195648.0,MID CAP,418.95001220703125,25.14706,3.4776294,0.14832,21.295,0.0344,0.044970002,0.147,0.459,Misc,Consumer Defensive,Packaged Foods,2026-06-11,Packaged Foods,0,1,0
SUNDARMFIN,455686815744.0,MID CAP,4134.60009765625,22.155182,3.0118885,0.14659001,408.126,0.60705,0.45648,0.1,0.002,Financials,Financial Services,Credit Services,2026-06-11,NBFC – Lending,0,0,0
ANTHEM,439850041344.0,MID CAP,783.0499877929688,75.14875,14.449017,0.21708,1.772,0.37258,0.27858,0.264,1.272,Healthcare,Healthcare,Biotechnology,2026-06-11,Biotechnology,0,1,1
SUPREMEIND,438699065344.0,MID CAP,3452.10009765625,46.028,7.108191,0.16128999,1.473,0.14876,0.085039996,0.165,0.475,Misc,Industrials,Building Products & Equipment,2026-06-11,Building Products & Equipment,0,1,0
PIRAMALFIN,436144308224.0,MID CAP,1929.800048828125,29.217258,1.5511814,0.06717,283.736,-0.49855998,0.28951,-0.247,16.134920000000058,Financials,Financial Services,Credit Services,2026-06-11,NBFC – Lending,0,0,0
MPHASIS,434375917568.0,MID CAP,2276.39990234375,24.16304,4.266836,0.18285999,24.383,0.15379,0.11729,0.144,0.14,Technology,Technology,Information Technology Services,2026-06-11,IT Services,0,1,1
BDL,428181651456.0,MID CAP,1168.0999755859375,101.75087,10.0887,0.1019,0.08707999999999999,0.073709995,0.14669,-0.73,-0.584,Misc,Industrials,Aerospace & Defense,2026-06-11,Aerospace & Defense,0,0,0
NLCINDIA,426945413120.0,MID CAP,307.8999938964844,12.834515,1.9833549,0.15966,82.0,0.28304002,0.20139,-0.003,-0.127,Misc,Utilities,Utilities - Regulated Electric,2026-06-11,Utilities - Regulated Electric,0,0,0
VOLTAS,426344972288.0,MID CAP,1288.5,113.52422,6.7351065,0.057189997,15.51,0.056929998,0.02639,0.025,-0.518,Misc,Consumer Cyclical,"Furnishings, Fixtures & Appliances",2026-06-11,"Furnishings, Fixtures & Appliances",0,0,0
360ONE,424006156288.0,MID CAP,1043.0999755859375,35.796158,4.300858,0.14392,161.977,0.57660997,0.27163,0.269,0.11,Financials,Financial Services,Asset Management,2026-06-11,Asset Management Companies,0,1,0
PIIND,423934689280.0,MID CAP,2794.5,32.105927,3.773939,0.123509996,3.048,0.14706999,0.19673,-0.124,-0.394,Chemicals,Basic Materials,Agricultural Inputs,2026-06-11,Agrochemicals,0,0,0
PAGEIND,422229901312.0,MID CAP,37845.0,55.409184,28.100105,0.525,18.422,0.18563,0.14558,0.141,0.09,Misc,Consumer Cyclical,Apparel Manufacturing,2026-06-11,Apparel Manufacturing,0,0,0
ASTERDM,418023047168.0,MID CAP,808.6500244140625,125.95795,9.106932,0.10067,45.921,0.13984,0.08359,0.182,0.715,Misc,Healthcare,Medical Care Facilities,2026-06-11,Medical Care Facilities,0,1,0
IRCTC,415439978496.0,MID CAP,519.2999877929688,29.810562,9.6422,0.34959,1.874,0.26365,0.26721,0.151,-0.089,Misc,Consumer Cyclical,Travel Services,2026-06-11,Travel Services,0,0,0
IPCALAB,412776759296.0,MID CAP,1627.0,36.16359,5.1180744,0.13217,8.492,0.15773,0.1183,0.062,3.416,Misc,Healthcare,Drug Manufacturers - Specialty & Generic,2026-06-11,Drug Manufacturers - Specialty & Generic,0,0,0
AIAENG,407408738304.0,MID CAP,4365.7001953125,32.034782,5.0756106,0.16951999,0.128,0.26357,0.28737,0.094,0.38,Misc,Industrials,Specialty Industrial Machinery,2026-06-11,Specialty Industrial Machinery,1,0,0
ASTRAL,403646873600.0,MID CAP,1502.5,75.23786,9.945325,0.13798,6.168,0.14791,0.08169,0.242,0.189,Misc,Industrials,Building Products & Equipment,2026-06-11,Building Products & Equipment,0,1,0
HUDCO,401280860160.0,MID CAP,200.4499969482422,9.95283,2.2223332,0.202,556.8185800000006,0.51505,0.8458531554000015,0.06,1.722,Financials,Financial Services,Credit Services,2026-06-11,NBFC – Lending,0,0,1
FLUOROCHEM,399096053760.0,MID CAP,3633.10009765625,69.53302,5.214704,0.07547,28.94,0.13806,0.11569,0.117,-0.43,Chemicals,Basic Materials,Specialty Chemicals,2026-06-11,Specialty Chemicals,0,0,0
ATHERENERG,395706466304.0,MID CAP,1032.8499755859375,26.132245,15.358821,-0.33740002,25.819,-0.10333,-0.14085001,0.737,0.183,Automobiles,Consumer Cyclical,Auto Manufacturers,2026-06-11,Passenger Vehicles,0,1,0
PETRONET,393750020096.0,MID CAP,262.5,10.065184,1.7665586,0.18559,10.507,0.17536,0.089949995,-0.233,0.253,Misc,Energy,Oil & Gas Refining & Marketing,2026-06-11,Oil & Gas Refining & Marketing,0,0,1
AIIL,391025885184.0,MID CAP,460.45001220703125,7.471199,2.4015543,0.131,24.59,0.60640997,0.80762,-0.736,-0.95092,Misc,Financial Services,Capital Markets,2026-06-11,Capital Markets,0,0,0
GLAND,389585272832.0,MID CAP,2361.699951171875,37.872032,3.7558422,0.10532,2.738,0.23201999,0.15975,0.223,0.964,Misc,Healthcare,Drug Manufacturers - Specialty & Generic,2026-06-11,Drug Manufacturers - Specialty & Generic,0,1,0
CPPLUS,389366218752.0,MID CAP,3303.89990234375,103.3761,20.718262,0.25425,9.604,0.16457,0.08718,0.455,1.874,Misc,Industrials,Building Products & Equipment,2026-06-11,Building Products & Equipment,0,1,1
BALKRISIND,388683530240.0,MID CAP,2010.5999755859375,31.235046,3.5480468,0.1040750025,35.269,0.16359,0.1233,0.069,-0.15,Automobiles,Consumer Cyclical,Auto Parts,2026-06-11,Auto Components,0,0,0
AJANTPHARM,386875654144.0,MID CAP,3096.60009765625,36.620155,8.544584,0.25393,5.747,0.23194,0.19365999,0.215,0.186,Misc,Healthcare,Drug Manufacturers - Specialty & Generic,2026-06-11,Drug Manufacturers - Specialty & Generic,0,1,1
M&MFIN,383445008384.0,MID CAP,275.95001220703125,13.235012,1.4374193,0.11856,428.025,0.44451,0.29518,0.403,0.826,Financials,Financial Services,Credit Services,2026-06-11,NBFC – Lending,0,1,0
NH,381218390016.0,MID CAP,1877.0,47.10163,8.404264,0.19845,129.033,0.13733,0.10203,0.758,0.135,Misc,Healthcare,Medical Care Facilities,2026-06-11,Medical Care Facilities,0,1,0
JKCEMENT,369728552960.0,MID CAP,4785.0,37.219975,5.2544827,0.15032,87.203,0.12866001,0.07233,0.085,-0.076,Misc,Basic Materials,Building Materials,2026-06-11,Building Materials,0,0,0
SONACOMS,367276654592.0,MID CAP,590.4500122070312,57.26964,6.4236603,0.106850006,7.213,0.17621,0.14388,0.454,0.171,Automobiles,Consumer Cyclical,Auto Parts,2026-06-11,Auto Components,0,1,0
WELCORP,366390247424.0,MID CAP,1389.4000244140625,22.68038,4.4799705,0.18915,25.042,0.095249996,0.096190006,0.099,-0.47,Misc,Basic Materials,Steel,2026-06-11,Steel,0,0,0
KPRMILL,364786515968.0,MID CAP,1065.0,42.094864,6.8063297,0.1040750025,6.46,0.16375999,0.12719,-0.04,0.03,Misc,Consumer Cyclical,Textile Manufacturing,2026-06-11,Textile Manufacturing,0,0,0
NAVINFLUOR,364207243264.0,MID CAP,7101.5,54.476067,9.156279,0.20105,31.997,0.29853,0.20023,0.338,1.165,Misc,Basic Materials,Chemicals,2026-06-11,Chemicals,0,1,1
JBCHEPHARM,364034752512.0,MID CAP,2267.300048828125,50.984932,8.752466,0.18688999,0.08707999999999999,0.16476,0.17105,-0.048,-0.31,Misc,Healthcare,Drug Manufacturers - Specialty & Generic,2026-06-11,Drug Manufacturers - Specialty & Generic,1,0,0
COCHINSHIP,362025451520.0,MID CAP,1376.0999755859375,50.51762,6.1641903,0.12517,28.466,0.18714,0.14272,-0.156,-0.038,Misc,Industrials,Aerospace & Defense,2026-06-11,Aerospace & Defense,0,0,0
GLAXO,359089963008.0,MID CAP,2119.699951171875,34.68663,15.836975,0.49113,1.467,0.34419,0.27108,0.021,0.057,Misc,Healthcare,Drug Manufacturers - General,2026-06-11,Drug Manufacturers - General,0,0,0
GUJGASLTD,354651275264.0,MID CAP,378.0,616.6650680000004,1.9201561,0.12267999,118.64,0.10338,0.08085,0.211,0.326,Misc,Utilities,Utilities - Regulated Gas,2026-06-11,Utilities - Regulated Gas,0,1,0
3MINDIA,354455420928.0,MID CAP,31465.0,67.7789,20.139482,0.289,9.6,0.17216998,0.10262,0.168,2.018,Misc,Industrials,Conglomerates,2026-06-11,Conglomerates,0,1,1
LTTS,354290302976.0,MID CAP,3340.199951171875,28.84207,5.4699717,0.19540001,8.911,0.15217,0.116330005,-0.042,0.067,Technology,Technology,Information Technology Services,2026-06-11,IT Services,0,0,0
ENDURANCE,353218494464.0,MID CAP,2511.10009765625,37.162945,5.16428,0.15156999,19.393,0.087110005,0.0652,0.379,0.127,Automobiles,Consumer Cyclical,Auto Parts,2026-06-11,Auto Components,0,1,0
HSCL,351816843264.0,MID CAP,697.2999877929688,46.36303,7.474221,0.17698,16.137,0.20308,0.16121,0.135,0.278,Chemicals,Basic Materials,Specialty Chemicals,2026-06-11,Specialty Chemicals,0,1,0
UBL,350918508544.0,MID CAP,1327.199951171875,84.75095,8.076922,0.09292,29.076,0.02807,0.04472,-0.031,0.043,Misc,Consumer Defensive,Beverages - Brewers,2026-06-11,Beverages - Brewers,0,0,0
EMBASSY,350644862976.0,MID CAP,369.92,103.61906,1.5405375,0.1040750025,29.1,0.09375,0.0621700015,0.122,0.183,Misc,Unknown,Unknown,2026-06-11,Diversified,0,1,0
GODFRYPHLP,345062834176.0,MID CAP,2212.199951171875,22.601145,5.5542026,0.26593,3.757,0.29102,0.23878,0.136,0.861,Consumer,Consumer Defensive,Tobacco,2026-06-11,Tobacco,0,1,1
KALYANKJIL,343592697856.0,MID CAP,332.70001220703125,25.513805,5.439741,0.24305001,96.966,0.060599998,0.03778,0.669,1.17,Misc,Consumer Cyclical,Luxury Goods,2026-06-11,Luxury Goods,0,1,0
GODREJIND,341856911360.0,MID CAP,1015.0,27.52169,3.058952,0.10832,222.411,0.19414,0.04775,0.516,1.426,Misc,Industrials,Conglomerates,2026-06-11,Conglomerates,0,1,0
CONCOR,334845313024.0,MID CAP,439.6499938964844,26.889908,2.578668,0.097559996,7.39,0.12122,0.13149999,-0.011,-0.12,Misc,Industrials,Railroads,2026-06-11,Railroads,0,0,0
IREDA,333034389504.0,MID CAP,118.55000305175781,17.589022,2.4070578,0.1040750025,556.8185800000006,0.8849212000000001,0.45951,0.046,-0.059,Financials,Financial Services,Credit Services,2026-06-11,NBFC – Lending,0,0,0
NXST,329983098880.0,MID CAP,148.24,55.729324,1.7000976,0.1040750025,29.1,0.09375,0.0621700015,0.122,0.183,Misc,Unknown,Unknown,2026-06-11,Diversified,0,1,0
MEDANTA,327912718336.0,MID CAP,1220.300048828125,58.92323,8.274848,0.15032,29.869,0.15292,0.12617,0.245,0.42,Misc,Healthcare,Medical Care Facilities,2026-06-11,Medical Care Facilities,0,1,0
EXIDEIND,327504986112.0,MID CAP,385.29998779296875,38.338306,2.3575265,0.06172,11.308,0.07394,0.047470003,0.092,0.15,Automobiles,Consumer Cyclical,Auto Parts,2026-06-11,Auto Components,0,0,0
POONAWALLA,327274168320.0,MID CAP,373.75,54.721817,2.9213598,0.0585,470.362,0.35472,0.18559,0.674,2.877,Financials,Financial Services,Credit Services,2026-06-11,NBFC – Lending,0,1,0
DELHIVERY,326572670976.0,MID CAP,436.1000061035156,220.25253,3.360069,0.01596,15.098,0.01086,0.014529999,0.3,-0.006,Misc,Industrials,Integrated Freight & Logistics,2026-06-11,Integrated Freight & Logistics,0,0,0
EMCURE,324981653504.0,MID CAP,1713.5,35.09832,6.5620165,0.19573,30.567,0.15354,0.100439996,0.167,0.288,Misc,Healthcare,Drug Manufacturers - Specialty & Generic,2026-06-11,Drug Manufacturers - Specialty & Generic,0,1,1
TATAINVEST,323506339840.0,MID CAP,639.4000244140625,74.52215,1.1084838,0.01438,0.08707999999999999,0.7311,0.8458531554000015,1.538,0.689,Financials,Financial Services,Asset Management,2026-06-11,Asset Management Companies,0,1,0
AEGISLOG,320936837120.0,MID CAP,914.3499755859375,35.786694,5.3992686,0.15258001,47.243,0.22027999,0.10778,0.522,0.458,Misc,Energy,Oil & Gas Refining & Marketing,2026-06-11,Oil & Gas Refining & Marketing,0,1,0
BLUESTARCO,320518914048.0,MID CAP,1559.0,60.850895,9.335385,0.16222,23.588,0.068280004,0.04255,0.013,0.171,Misc,Industrials,Building Products & Equipment,2026-06-11,Building Products & Equipment,0,0,0
BANDHANBNK,316210610176.0,MID CAP,196.27999877929688,26.777626,1.2347449,0.04877,29.1,0.26448,0.12972,1.193,0.68,Financials,Financial Services,Banks - Regional,2026-06-11,Private Sector Banks,0,1,0
UCOBANK,315495284736.0,MID CAP,25.15999984741211,11.384615,0.9504023,0.08631,29.1,0.41611,0.2386,-0.126,0.149,Financials,Financial Services,Banks - Regional,2026-06-11,Private Sector Banks,0,0,0
WOCKPHARMA,314763575296.0,MID CAP,1937.0999755859375,148.89316,6.8781247,0.04005,42.284,0.14819,0.06315,0.26,0.183,Misc,Healthcare,Drug Manufacturers - Specialty & Generic,2026-06-11,Drug Manufacturers - Specialty & Generic,0,1,0
ABSLAMC,314448936960.0,MID CAP,1087.4000244140625,32.324615,7.7687526,0.25103,1.577,0.51856,0.47345,-0.145,-0.181,Financials,Financial Services,Asset Management,2026-06-11,Asset Management Companies,0,0,0
HONAUT,312754143232.0,MID CAP,35350.0,59.659424,7.004529,0.12352,2.476,0.14407,0.11213,0.059,0.141,Misc,Industrials,Electrical Equipment & Parts,2026-06-11,Electrical Equipment & Parts,0,0,0
ITCHOTELS,311529930752.0,MID CAP,149.55999755859375,38.250637,2.8106441,0.1040750025,0.634,0.28756002,0.19205,-0.648,-0.498,Misc,Consumer Cyclical,Resorts & Casinos,2026-06-11,Resorts & Casinos,0,0,0
STARHEALTH,309765046272.0,MID CAP,526.4500122070312,55.474186,4.071602,0.1040750025,29.1,0.03249,0.031229999,0.138,16.134920000000058,Financials,Financial Services,Insurance - Life,2026-06-11,Life Insurance,0,1,0
KIMS,307706855424.0,MID CAP,769.0,127.529015,13.719158,0.09724,166.226,0.11307,0.06182,0.348,-0.583,Misc,Healthcare,Medical Care Facilities,2026-06-11,Medical Care Facilities,0,0,0
HEXT,305338023936.0,MID CAP,501.0,22.187777,4.501267,0.22272,10.521,0.13612,0.10073,0.126,0.079,Technology,Technology,Information Technology Services,2026-06-11,IT Services,0,0,0
ESCORTS,302080196608.0,MID CAP,2745.5,22.114378,2.4416337,0.120220006,1.309,0.104940005,0.20746,0.214,0.006,Misc,Industrials,Farm & Heavy Construction Machinery,2026-06-11,Farm & Heavy Construction Machinery,0,0,0
DALBHARAT,302074396672.0,MID CAP,1609.0999755859375,26.478525,1.7004786,0.06501,40.987,0.1265,0.07694,0.038,-0.108,Misc,Basic Materials,Building Materials,2026-06-11,Building Materials,0,0,0
PWL,301468778496.0,MID CAP,105.41999816894531,26.132245,6.7172165,-0.00789,23.018,-0.10479999,-0.00577,0.507,0.183,Misc,Consumer Defensive,Education & Training Services,2026-06-11,Education & Training Services,0,1,0
ANGELONE,299989598208.0,MID CAP,328.45001220703125,33.311363,4.890196,0.15526,129.314,0.31959,0.19292,0.335,0.827,Misc,Financial Services,Capital Markets,2026-06-11,Capital Markets,0,1,0
TATATECH,299828674560.0,MID CAP,738.4000244140625,54.696297,8.398544,0.1457,23.908,0.13065,0.09928001,0.223,0.082,Technology,Technology,Information Technology Services,2026-06-11,IT Services,0,0,0
LICHSGFIN,296758968320.0,MID CAP,539.5,5.295965,0.7164104,0.14409,556.8185800000006,0.81481004,0.65779,0.044,0.086,Misc,Financial Services,Mortgage Finance,2026-06-11,Mortgage Finance,0,0,0
PGHH,292097916928.0,MID CAP,8998.5,34.117535,38.77026,0.5399894000000005,0.115,0.22176,0.19962999,-0.051,-0.019,Consumer,Consumer Defensive,Household & Personal Products,2026-06-11,FMCG – Personal Care,1,0,0
GRSE,291683762176.0,MID CAP,2546.300048828125,42.3325,11.106313,0.31791002,1.424,0.16153,0.106809996,0.291,0.242,Misc,Industrials,Aerospace & Defense,2026-06-11,Aerospace & Defense,0,1,1
ANANDRATHI,289492959232.0,MID CAP,1743.5,73.783325,29.002745,0.46738997,8.25,0.40331,0.31594,0.476,0.384,Financials,Financial Services,Asset Management,2026-06-11,Asset Management Companies,0,1,1
CRISIL,287920193536.0,MID CAP,3937.10009765625,34.349155,9.49154,0.1040750025,9.785,0.26393,0.2156,0.301,0.459,Misc,Financial Services,Financial Data & Stock Exchanges,2026-06-11,Financial Data & Stock Exchanges,0,1,0
ITI,278793781248.0,MID CAP,289.54998779296875,95.56105,18.493326,0.1040750025,40.144,0.0144299995,-0.056750003,-0.4,0.183,Misc,Technology,Communication Equipment,2026-06-11,Communication Equipment,0,0,0
ZFCVINDIA,278064791552.0,MID CAP,14660.0,53.85548,7.534447,0.14979,29.1,0.12702,0.12555,0.327,0.461,Automobiles,Consumer Cyclical,Auto Parts,2026-06-11,Auto Components,0,1,0
SJVN,277993684992.0,MID CAP,70.73999786376953,43.398773,1.9144272,0.04514,226.528,0.27751,0.14179,1.967,0.183,Energy,Utilities,Utilities - Renewable,2026-06-11,Power Generation – Renewable,0,1,0
IKS,277255880704.0,MID CAP,1654.0999755859375,39.10402,9.883426,0.31441,26.873,0.35139,0.22591999,0.185,0.386,Misc,Healthcare,Health Information Services,2026-06-11,Health Information Services,0,1,1
NUVAMA,277242576896.0,MID CAP,1520.5,27.142092,6.714536,0.27317,282.325,0.33095002,0.2849,0.062,0.043,Financials,Financial Services,Asset Management,2026-06-11,Asset Management Companies,0,0,0
MRPL,274281709568.0,MID CAP,156.5,14.253188,1.9248508,0.14169,108.059,0.08354,0.021710001,-0.034,-0.682,Misc,Energy,Oil & Gas Refining & Marketing,2026-06-11,Oil & Gas Refining & Marketing,0,0,0
PTCIL,274213715968.0,MID CAP,18290.0,273.55667,19.356525,0.07019,17.341,0.2793,0.16848,0.849,1.438,Misc,Industrials,Metal Fabrication,2026-06-11,Metal Fabrication,0,1,0
JUBLFOOD,273428201472.0,MID CAP,415.75,72.9386,11.955084,0.16893,2.655,0.080299996,0.04504,0.203,0.183,Hospitality,Consumer Cyclical,Restaurants,2026-06-11,Restaurants,0,1,0
CENTRALBK,273171283968.0,MID CAP,30.18000030517578,6.0360003,0.7037261,0.11914,29.1,0.34407002,0.24420999,0.448,-0.354,Financials,Financial Services,Banks - Regional,2026-06-11,Private Sector Banks,0,0,0
NBCC,272538009600.0,MID CAP,100.94000244140625,37.805244,9.073258,0.25225002,0.08707999999999999,0.09509,0.05456,-0.025,0.378,Industrials,Industrials,Engineering & Construction,2026-06-11,Engineering & EPC,1,0,0
GODIGIT,272248766464.0,MID CAP,294.54998779296875,50.178875,5.7977715,0.117089994,7.469,0.054050002,0.051960003,0.226,0.289,Misc,Financial Services,Insurance - Property & Casualty,2026-06-11,Insurance - Property & Casualty,0,1,0
STLTECH,272031416320.0,MID CAP,557.25,480.38794,11.980521,0.026300002,85.626,0.09368,0.0117999995,4.985060000000001,0.183,Misc,Technology,Communication Equipment,2026-06-11,Communication Equipment,0,1,0
MANAPPURAM,271374204928.0,MID CAP,288.8999938964844,24.692308,1.5243049,0.06968,360.191,0.45023,0.23985,1.093,0.183,Financials,Financial Services,Credit Services,2026-06-11,NBFC – Lending,0,1,0
TVSHLTD,269410697216.0,MID CAP,13316.0,15.883581,4.168374,0.29418,280.453,0.00055,0.03375,0.336,0.499,Automobiles,Consumer Cyclical,Auto Parts,2026-06-11,Auto Components,0,1,0
SHYAMMETL,268727173120.0,MID CAP,965.6500244140625,25.425224,2.4521642,0.08971,8.133,0.09129,0.057690002,0.266,0.414,Misc,Basic Materials,Steel,2026-06-11,Steel,0,1,0
METROBRAND,268540313600.0,MID CAP,985.2999877929688,65.55556,13.468478,0.22094,77.476,0.19931,0.14358,0.203,0.232,Misc,Consumer Cyclical,Apparel Retail,2026-06-11,Apparel Retail,0,1,1
KARURVYSYA,268478414848.0,MID CAP,277.75,10.699153,2.0973186,0.19282,29.1,0.57609004,0.4005,0.195,0.412,Financials,Financial Services,Banks - Regional,2026-06-11,Private Sector Banks,0,1,1
TIMKEN,266289364992.0,MID CAP,3540.199951171875,64.34387,9.1347275,0.14407,0.5,0.19469,0.11929,0.16,-0.153,Misc,Industrials,Tools & Accessories,2026-06-11,Tools & Accessories,0,0,0
LALPATHLAB,265862004736.0,MID CAP,1592.199951171875,50.242977,10.604204,0.21475,7.831,0.20236,0.18270999,0.166,-0.154,Healthcare,Healthcare,Diagnostics & Research,2026-06-11,Diagnostics,0,0,0
AMBER,264367194112.0,MID CAP,7496.0,148.93701,6.0340858,0.05583,46.566,0.06243,0.014579999,0.105,0.11,Misc,Consumer Cyclical,"Furnishings, Fixtures & Appliances",2026-06-11,"Furnishings, Fixtures & Appliances",0,1,0
CHOLAHLDNG,263639547904.0,MID CAP,1404.0,10.803324,1.706101,0.18035,556.8185800000006,0.37148,0.11547,0.152,0.12,Financials,Financial Services,Credit Services,2026-06-11,NBFC – Lending,0,1,0
KIRLOSENG,262192709632.0,MID CAP,1803.5,46.148922,7.2410235,0.16819,150.325,0.15423,0.07458,0.207,0.212,Misc,Industrials,Specialty Industrial Machinery,2026-06-11,Specialty Industrial Machinery,0,1,0
SCHNEIDER,261101600768.0,MID CAP,1092.0,122.97297,39.634148,0.31813,70.795,0.05973,0.07353,0.005,-0.596,Misc,Industrials,Electrical Equipment & Parts,2026-06-11,Electrical Equipment & Parts,0,0,0
ACUTAAS,254455447552.0,MID CAP,3108.0,88.9016,15.391853,0.23516001,2.081,0.4018,0.26599002,0.403,1.056,Chemicals,Basic Materials,Specialty Chemicals,2026-06-11,Specialty Chemicals,0,1,1
HFCL,252218064896.0,MID CAP,164.82000732421875,77.38028,4.971496,0.07266,38.321,0.14757,0.062989995,1.278,0.183,Misc,Technology,Communication Equipment,2026-06-11,Communication Equipment,0,1,0
SAILIFE,251908390912.0,MID CAP,1187.5999755859375,72.06311,10.109815,0.1513,11.614,0.21796,0.15913999,0.039,0.176,Healthcare,Healthcare,Diagnostics & Research,2026-06-11,Diagnostics,0,0,0
TATAELXSI,250434191360.0,MID CAP,4020.0,39.770477,8.23428,0.21298,5.336,0.24125,0.16618,0.083,0.278,Technology,Technology,Software - Application,2026-06-11,SaaS,0,0,1
PNBHOUSING,250062077952.0,MID CAP,959.5999755859375,10.924408,1.300902,0.127,277.418,0.77546996,0.58886003,0.216,0.19,Misc,Financial Services,Mortgage Finance,2026-06-11,Mortgage Finance,0,1,0
GILLETTE,249602752512.0,MID CAP,7660.0,46.69593,26.372597,0.5399894000000005,0.08707999999999999,0.32621,0.21110001,0.032,0.213,Consumer,Consumer Defensive,Household & Personal Products,2026-06-11,FMCG – Personal Care,1,0,1
CDSL,249169788928.0,MID CAP,1192.199951171875,54.537964,12.714223,0.23913,0.11,0.38924998,0.36830002,0.055,-0.199,Misc,Financial Services,Capital Markets,2026-06-11,Capital Markets,1,0,0
ACC,244761919488.0,MID CAP,1303.4000244140625,11.487749,1.1907645,0.109280005,2.085,0.09923001,0.08106,0.034,-0.683,Misc,Basic Materials,Building Materials,2026-06-11,Building Materials,0,0,0
IRB,244579500032.0,MID CAP,20.25,28.928572,1.1454916,0.04171,95.6,0.23645,0.13434,-0.172,0.434,Misc,Industrials,Infrastructure Operations,2026-06-11,Infrastructure Operations,0,0,0
MSUMI,243713589248.0,MID CAP,36.72999954223633,39.095745,11.377708,0.32393003,10.786,0.065120004,0.0547,0.331,0.015,Automobiles,Consumer Cyclical,Auto Parts,2026-06-11,Auto Components,0,0,0
NIACL,243623837696.0,MID CAP,147.8300018310547,17.229605,0.6315308,0.03421,29.1,0.05451,0.028380001,0.137,0.608,Financials,Financial Services,Insurance - Diversified,2026-06-11,General Insurance,0,1,0
AWL,242531467264.0,MID CAP,187.4600067138672,23.286957,2.3204515,0.10519,10.621,0.01844,0.013940001,0.18,0.537,Misc,Consumer Defensive,Packaged Foods,2026-06-11,Packaged Foods,0,1,0
APOLLOTYRE,240697196544.0,MID CAP,380.5,17.575058,1.4406549,0.08719,21.987,0.09162,0.0482,0.142,2.426,Automobiles,Consumer Cyclical,Auto Parts,2026-06-11,Auto Components,0,1,0
NETWEB,238911733760.0,MID CAP,4195.7998046875,114.921936,32.944923,0.32834998,39.019,0.11987001,0.09426,0.866,0.643,Misc,Technology,Computer Hardware,2026-06-11,Computer Hardware,0,1,0
SYRMA,237622165504.0,MID CAP,1233.5999755859375,72.9078,8.244721,0.14142999,13.045,0.104270004,0.06594,0.584,0.437,Misc,Technology,Electronic Components,2026-06-11,Electronic Components,0,1,0
ACMESOLAR,237000228864.0,MID CAP,335.8999938964844,41.214725,4.019818,0.10406,393.194,0.64989,0.199,0.125,0.063,Energy,Utilities,Utilities - Renewable,2026-06-11,Power Generation – Renewable,0,0,0
KIOCL,236263243776.0,MID CAP,388.75,616.6650680000004,14.245144,0.00961,11.051,0.101169996,0.02701,-0.106,0.183,Misc,Basic Materials,Steel,2026-06-11,Steel,0,0,0
DATAPATTNS,236218744832.0,MID CAP,4219.39990234375,87.30395,13.611583,0.1673,0.304,0.54212004,0.29345,-0.13,0.212,Misc,Industrials,Aerospace & Defense,2026-06-11,Aerospace & Defense,1,0,0
RRKABEL,234071834624.0,MID CAP,2069.5,47.531006,9.091708,0.20826,13.092,0.079450004,0.050630003,0.336,0.322,Misc,Industrials,Electrical Equipment & Parts,2026-06-11,Electrical Equipment & Parts,0,1,0
MINDSPACE,228427464704.0,MID CAP,345.06,32.73814,1.4868085,0.1040750025,29.1,0.09375,0.0621700015,0.122,0.183,Misc,Unknown,Unknown,2026-06-11,Diversified,0,1,0
IGL,225400242176.0,MID CAP,161.0,14.530686,1.9577087,0.13926,0.848,0.06922,0.09585,0.054,-0.252,Misc,Utilities,Utilities - Regulated Gas,2026-06-11,Utilities - Regulated Gas,0,0,0
AEGISVOPAK,224501235712.0,MID CAP,202.6199951171875,71.094734,5.2284985,0.107889995,84.438,0.50854,0.32321998,0.542,0.479,Misc,Energy,Oil & Gas Equipment & Services,2026-06-11,Oil & Gas Equipment & Services,0,1,0
FORCEMOT,223996461056.0,MID CAP,17000.0,16.372759,5.435448,0.33508,29.1,0.13425,0.13378,0.082,-0.37,Automobiles,Consumer Cyclical,Auto Manufacturers,2026-06-11,Passenger Vehicles,0,0,0
EMMVEE,223800524800.0,MID CAP,323.25,18.815483,6.0541644,0.51116,9.745,0.28291,0.21417,0.623,0.625,Misc,Technology,Solar,2026-06-11,Solar,0,1,1
DEEPAKNTR,223411798016.0,MID CAP,1638.0,40.655247,3.8304498,0.09751,27.903,0.14781,0.0698,-0.027,0.085,Misc,Basic Materials,Chemicals,2026-06-11,Chemicals,0,0,0
SUMICHEM,222643945472.0,MID CAP,446.04998779296875,41.034958,6.9659395,0.1724,1.865,0.17148,0.16767,0.006,0.115,Chemicals,Basic Materials,Agricultural Inputs,2026-06-11,Agrochemicals,0,0,0
RBLBANK,221350903808.0,MID CAP,357.3500061035156,25.343971,1.3207253,0.1040750025,29.1,0.13972001,0.09082,0.408,3.679,Financials,Financial Services,Banks - Regional,2026-06-11,Private Sector Banks,0,1,0
ASAHIINDIA,221238558720.0,MID CAP,867.8499755859375,62.88768,5.6230116,0.104940005,55.868,0.15651,0.06908,0.148,0.369,Automobiles,Consumer Cyclical,Auto Parts,2026-06-11,Auto Components,0,1,0
CESC,221131669504.0,MID CAP,166.82000732421875,14.356283,1.7657769,0.12547,164.311,0.123050004,0.08304,0.056,0.178,Misc,Utilities,Utilities - Regulated Electric,2026-06-11,Utilities - Regulated Electric,0,0,0
NEULANDLAB,220148072448.0,MID CAP,17159.0,60.632507,11.7453785,0.1040750025,16.072,0.36360002,0.022880001,1.364,6.649,Misc,Healthcare,Drug Manufacturers - Specialty & Generic,2026-06-11,Drug Manufacturers - Specialty & Generic,0,1,0
BIRET,218665304064.0,MID CAP,263.49,36.19368,1.1266515,0.1040750025,29.1,0.09375,0.0621700015,0.122,0.183,Misc,Unknown,Unknown,2026-06-11,Diversified,0,1,0
PPLPHARMA,216355176448.0,MID CAP,163.05999755859375,26.132245,2.5170183,-0.04002,69.519,0.08799,-0.03675,-0.001,0.183,Misc,Healthcare,Drug Manufacturers - Specialty & Generic,2026-06-11,Drug Manufacturers - Specialty & Generic,0,0,0
KPIL,215873568768.0,MID CAP,1264.0999755859375,20.77062,2.7766368,0.14513999,45.814,0.06598,0.03832,0.101,0.894,Industrials,Industrials,Engineering & Construction,2026-06-11,Engineering & EPC,0,1,0
GRINDWELL,213047410688.0,MID CAP,1924.199951171875,51.270985,8.408678,0.17296,2.381,0.16420999,0.13525,0.187,0.283,Misc,Industrials,Building Products & Equipment,2026-06-11,Building Products & Equipment,0,1,0
CRAFTSMAN,208998776832.0,MID CAP,8761.0,54.46351,6.4033175,0.12547,111.011,0.10799,0.04759,0.273,0.744,Automobiles,Consumer Cyclical,Auto Parts,2026-06-11,Auto Components,0,1,0
RUBICON,208952819712.0,MID CAP,1268.300048828125,82.73321,30.228567,0.26968,24.131,0.20711,0.14067,0.435,0.966,Misc,Healthcare,Drug Manufacturers - General,2026-06-11,Drug Manufacturers - General,0,1,1
IIFL,207893938176.0,MID CAP,488.8999938964844,12.61352,1.4935586,0.12286,446.24,0.39839,0.21020001,-0.141,1.831,Financials,Financial Services,Credit Services,2026-06-11,NBFC – Lending,0,0,0
ASTRAZEN,206862499840.0,MID CAP,8274.5,110.918236,23.70394,0.22825001,12.679,0.09559,0.08241,0.204,-0.23,Misc,Healthcare,Drug Manufacturers - Specialty & Generic,2026-06-11,Drug Manufacturers - Specialty & Generic,0,0,0
HBLENGINE,206759723008.0,MID CAP,745.9000244140625,25.370749,9.256525,0.44074002,3.021,0.09937,0.24672002,0.27,0.398,Misc,Industrials,Electrical Equipment & Parts,2026-06-11,Electrical Equipment & Parts,0,1,0
PFIZER,206669955072.0,MID CAP,4517.60009765625,28.60689,5.3701615,0.17159,1.671,0.35149,0.28672,0.063,-0.396,Misc,Healthcare,Drug Manufacturers - General,2026-06-11,Drug Manufacturers - General,0,0,0
CUPID,204993527808.0,MID CAP,152.39999389648438,195.44872,45.412567,0.27297002,12.506,0.30211002,0.2894,1.124,2.142,Consumer,Consumer Defensive,Household & Personal Products,2026-06-11,FMCG – Personal Care,0,1,1
TRITURBINE,204152160256.0,MID CAP,642.2000122070312,58.27586,14.098484,0.26217,2.476,0.1751,0.16033001,0.263,0.074,Misc,Industrials,Specialty Industrial Machinery,2026-06-11,Specialty Industrial Machinery,0,0,0
CREDITACC,203769348096.0,MID CAP,1272.0,26.264711,2.5978534,0.105100006,302.873,0.56672,0.32564,1.259,6.162,Financials,Financial Services,Credit Services,2026-06-11,NBFC – Lending,0,1,0
KAYNES,203704909824.0,MID CAP,3038.800048828125,55.870567,4.382874,0.09568,19.168,0.11209,0.10035,0.262,-0.263,Misc,Technology,Electronic Components,2026-06-11,Electronic Components,0,0,0
BOSCH-HCIL,203450368000.0,MID CAP,1331.5999755859375,26.132245,7.248933,-0.00501,16.319,0.057719998,-0.00106,0.035,-0.272,Misc,Consumer Cyclical,"Furnishings, Fixtures & Appliances",2026-06-11,"Furnishings, Fixtures & Appliances",0,0,0
AFFLE,202522492928.0,MID CAP,1440.0,44.568245,5.537269,0.13786,0.405,0.17636,0.16788,0.203,0.157,Misc,Communication Services,Advertising Agencies,2026-06-11,Advertising Agencies,0,1,0
CEMPRO,202005020672.0,MID CAP,1175.9000244140625,33.829117,8.418287,0.28242,37.711,0.11033,0.05941,0.131,1.133,Industrials,Industrials,Engineering & Construction,2026-06-11,Engineering & EPC,0,1,0
HATSUN,201676292096.0,MID CAP,905.4000244140625,56.6938,11.021169,0.19418,94.535,0.03471,0.03577,0.166,0.026,Misc,Consumer Defensive,Packaged Foods,2026-06-11,Packaged Foods,0,0,0
GESHIP,199702724608.0,MID CAP,1398.800048828125,6.7995334,1.1773579,0.18849,6.409,0.37112,0.544,0.236,1.875,Misc,Industrials,Marine Shipping,2026-06-11,Marine Shipping,0,1,1
MTARTECH,199629750272.0,MID CAP,6490.0,212.23021,26.83193,0.12121,45.778,0.17241,0.10731,0.672,2.229,Misc,Industrials,Specialty Industrial Machinery,2026-06-11,Specialty Industrial Machinery,0,1,0
KPITTECH,199202275328.0,MID CAP,731.5,31.392107,5.62573,0.1973,23.624,0.15857,0.09874,0.12,-0.335,Technology,Technology,Software - Infrastructure,2026-06-11,Software Products,0,0,0
RAMCOCEM,198863667200.0,MID CAP,841.5999755859375,28.480541,2.4560215,0.08996,47.827,0.06996,0.07738,0.089,4.521,Misc,Basic Materials,Building Materials,2026-06-11,Building Materials,0,0,0
AADHARHFC,198580207616.0,MID CAP,455.0,18.376413,2.6201377,0.15753001,248.556,0.62323004,0.48599997,0.209,0.263,Misc,Financial Services,Mortgage Finance,2026-06-11,Mortgage Finance,0,1,0
OLAELEC,198531334144.0,MID CAP,44.93000030517578,26.132245,5.9329195,-0.4316,82.453,-1.7283,-0.81358004,-0.566,0.183,Automobiles,Consumer Cyclical,Auto Manufacturers,2026-06-11,Passenger Vehicles,0,0,0
SUNTV,197377277952.0,MID CAP,500.8500061035156,13.706897,1.596976,0.1185,0.837,0.33172,0.3321,-0.096,-0.374,Media,Communication Services,Broadcasting,2026-06-11,Broadcasting,0,0,0
BELRISE,196992548864.0,MID CAP,221.3699951171875,38.101547,3.6051984,0.12516,29.1,0.077800006,0.052249998,0.121,-0.094,Automobiles,Consumer Cyclical,Auto Parts,2026-06-11,Auto Components,0,0,0
SAMMAANCAP,194819866624.0,MID CAP,170.0,26.132245,0.7317745,-0.35009998,273.033,0.8849212000000001,0.0,0.122,0.183,Misc,Financial Services,Mortgage Finance,2026-06-11,Mortgage Finance,0,1,0
ATUL,192887668736.0,MID CAP,6551.5,28.427925,3.1000338,0.11529,2.907,0.120620005,0.108059995,0.15,0.661,Chemicals,Basic Materials,Specialty Chemicals,2026-06-11,Specialty Chemicals,0,1,0
CARBORUNIV,192246038528.0,MID CAP,1009.2000122070312,98.26679,4.894586,0.043670002,10.292,0.056950003,0.0374,0.149,0.183,Misc,Industrials,Conglomerates,2026-06-11,Conglomerates,0,1,0
CGCL,192094044160.0,MID CAP,199.64999389648438,19.708784,2.6720467,0.16496,334.728,0.39968,0.33626,0.72,0.371,Financials,Financial Services,Credit Services,2026-06-11,NBFC – Lending,0,1,0
CUB,191717326848.0,MID CAP,258.0,14.478115,1.8142056,0.13241,29.1,0.48056,0.37617,0.236,0.251,Financials,Financial Services,Banks - Regional,2026-06-11,Private Sector Banks,0,1,0
IFCI,191565742080.0,MID CAP,71.0999984741211,103.04348,2.101747,0.1040750025,29.1,0.8849212000000001,0.0,0.122,0.183,Financials,Financial Services,Credit Services,2026-06-11,NBFC – Lending,0,1,0
ONESOURCE,191229198336.0,MID CAP,1668.0,26.132245,3.2873473,-0.0126,25.791,0.05156,-0.051370002,0.01,-0.95092,Healthcare,Healthcare,Biotechnology,2026-06-11,Biotechnology,0,0,0
ERIS,191056543744.0,MID CAP,1378.800048828125,30.477453,4.82971,0.18068,60.545,0.27117002,0.19889,0.071,2.0,Misc,Healthcare,Drug Manufacturers - Specialty & Generic,2026-06-11,Drug Manufacturers - Specialty & Generic,0,0,1
BAYERCROP,190869061632.0,MID CAP,4247.0,27.676767,6.4356384,0.237,2.758,0.15016,0.12144,0.051,0.131,Chemicals,Basic Materials,Agricultural Inputs,2026-06-11,Agrochemicals,0,0,1
GRANULES,190444322816.0,MID CAP,768.5499877929688,31.369387,3.7017148,0.13522,29.735,0.18384,0.11089,0.228,0.313,Misc,Healthcare,Drug Manufacturers - Specialty & Generic,2026-06-11,Drug Manufacturers - Specialty & Generic,0,1,0
DEEPAKFERT,189585915904.0,MID CAP,1500.300048828125,25.668093,2.7675452,0.10771,75.969,0.0825,0.06408,0.129,-0.497,Misc,Basic Materials,Chemicals,2026-06-11,Chemicals,0,0,0
GMDCLTD,188892004352.0,MID CAP,594.0,19.740778,2.672221,0.14189,4.475,0.0681,0.36055002,-0.092,-0.143,Metals,Energy,Thermal Coal,2026-06-11,Coal,0,0,0
ELGIEQUIP,188545908736.0,MID CAP,598.0999755859375,43.91336,8.441302,0.20998,23.885,0.1341,0.10889,0.121,0.254,Misc,Industrials,Specialty Industrial Machinery,2026-06-11,Specialty Industrial Machinery,0,1,0
CHAMBLFERT,188106244096.0,MID CAP,469.5,9.62682,1.8050264,0.20451,10.274,0.05923,0.09394,0.137,0.302,Chemicals,Basic Materials,Agricultural Inputs,2026-06-11,Agrochemicals,0,1,0
TATACHEM,186863730688.0,MID CAP,733.5,26.132245,0.83658004,-0.07678,36.081,-0.0095999995,-0.13001001,-0.02,0.183,Misc,Basic Materials,Chemicals,2026-06-11,Chemicals,0,0,0
ANANTRAJ,185732481024.0,MID CAP,516.0999755859375,32.68524,3.1268744,0.11132,11.696,0.23276,0.22091,0.196,0.205,Misc,Real Estate,Real Estate - Development,2026-06-11,Real Estate - Development,0,1,0
SAGILITY,185614680064.0,MID CAP,39.650001525878906,20.025253,2.109716,0.10278,11.497,0.17809,0.12857,0.291,0.436,Misc,Healthcare,Health Information Services,2026-06-11,Health Information Services,0,1,0
SYNGENE,183806672896.0,MID CAP,457.3999938964844,58.119442,3.7988455,0.06621,9.473,0.20549999,0.084709994,0.018,-0.195,Healthcare,Healthcare,Diagnostics & Research,2026-06-11,Diagnostics,0,0,0
REDINGTON,182403612672.0,MID CAP,233.32000732421875,12.234924,1.7972856,0.13089,27.26,0.01698,0.012510001,0.251,-0.411,Technology,Technology,Information Technology Services,2026-06-11,IT Services,0,0,0
EIHOTEL,182324920320.0,MID CAP,291.54998779296875,28.981112,3.8728745,0.12948,4.666,0.33066002,0.21372999,0.015,-0.058,Misc,Consumer Cyclical,Lodging,2026-06-11,Lodging,0,0,0
SARDAEN,182269214720.0,MID CAP,517.25,16.467686,2.475058,0.15999,35.204,0.20683001,0.19434,-0.006,0.459,Misc,Basic Materials,Steel,2026-06-11,Steel,0,0,0
GPIL,180898611200.0,MID CAP,278.04998779296875,22.102543,2.940461,0.14866,7.582,0.24258,0.14882,0.097,0.231,Misc,Basic Materials,Steel,2026-06-11,Steel,0,0,0
CAMS,180036747264.0,MID CAP,726.0,37.97071,13.625614,0.38694,4.863,0.39238,0.31394,0.11,0.106,Technology,Technology,Information Technology Services,2026-06-11,IT Services,0,1,0
CASTROLIND,180030160896.0,MID CAP,182.00999450683594,18.763918,9.473766,0.1040750025,3.305,0.19521,0.16386,0.087,0.038,Misc,Energy,Oil & Gas Refining & Marketing,2026-06-11,Oil & Gas Refining & Marketing,0,0,0
URBANCO,179877445632.0,MID CAP,123.0199966430664,26.132245,8.055792,-0.11921,6.335,-0.24719,-0.15065,0.434,0.183,Technology,Technology,Software - Application,2026-06-11,SaaS,0,1,0
INDIACEM,179197837312.0,MID CAP,385.5,26.132245,1.1799853,-0.00662,12.888,0.06287,-0.015,0.026,2.764,Misc,Basic Materials,Building Materials,2026-06-11,Building Materials,0,0,0
TDPOWERSYS,178287886336.0,MID CAP,1141.199951171875,74.980286,16.638237,0.24716999,1.689,0.15428,0.12863,0.692,0.365,Misc,Industrials,Specialty Industrial Machinery,2026-06-11,Specialty Industrial Machinery,0,1,1
CAPLIPOINT,178201804800.0,MID CAP,2344.39990234375,27.889603,5.0741954,0.19939,0.127,0.30898002,0.29318002,0.19,0.194,Misc,Healthcare,Drug Manufacturers - Specialty & Generic,2026-06-11,Drug Manufacturers - Specialty & Generic,1,1,1
SANSERA,177802166272.0,MID CAP,2852.5,56.574776,6.152615,0.111269996,19.023,0.13758999,0.092650004,0.278,1.038,Automobiles,Consumer Cyclical,Auto Parts,2026-06-11,Auto Components,0,1,0
VTL,177329733632.0,MID CAP,613.0,23.40588,1.7183528,0.07329,17.52,0.06865,0.07551,-0.004,-0.223,Misc,Consumer Cyclical,Textile Manufacturing,2026-06-11,Textile Manufacturing,0,0,0
GABRIEL,177212293120.0,MID CAP,999.9000244140625,56.97436,10.509775,0.19584998,10.642,0.073060006,0.05406,0.127,0.033,Automobiles,Consumer Cyclical,Auto Parts,2026-06-11,Auto Components,0,0,0
BBOX,176000811008.0,MID CAP,991.0,78.278046,13.668212,0.21267,89.594,0.0747,0.03441,0.095,0.06,Technology,Technology,Software - Application,2026-06-11,SaaS,0,0,0
RATNAMANI,175832793088.0,MID CAP,2508.60009765625,36.50997,4.2749057,0.13578,7.488,0.109639995,0.10738,-0.368,-0.485,Misc,Basic Materials,Steel,2026-06-11,Steel,0,0,0
PFOCUS,175490252800.0,MID CAP,226.14999389648438,57.83887,8.412692,0.13137001,224.567,0.19556,0.04678,0.46,0.183,Misc,Communication Services,Entertainment,2026-06-11,Entertainment,0,1,0
SUNDRMFAST,174511603712.0,MID CAP,830.5,29.502665,4.3075056,0.14583999,14.532,0.12149,0.094,0.106,0.297,Automobiles,Consumer Cyclical,Auto Parts,2026-06-11,Auto Components,0,1,0
CHENNPETRO,174494384128.0,MID CAP,1171.800048828125,5.823766,1.570767,0.32126,17.68,0.11215,0.04875,-0.025,2.025,Misc,Energy,Oil & Gas Refining & Marketing,2026-06-11,Oil & Gas Refining & Marketing,0,0,0
KANSAINER,173776568320.0,MID CAP,214.8800048828125,29.475996,2.585116,0.08796,4.526,0.07964,0.07321,0.075,0.04,Chemicals,Basic Materials,Specialty Chemicals,2026-06-11,Specialty Chemicals,0,0,0
KAJARIACER,173304168448.0,MID CAP,1088.0999755859375,42.65386,5.6525555,0.16499001,7.302,0.16102,0.10049,0.124,2.659,Misc,Industrials,Building Products & Equipment,2026-06-11,Building Products & Equipment,0,1,0
EMAMILTD,172221071360.0,MID CAP,394.54998779296875,22.20315,5.8903003,0.2761,5.541,0.15615,0.20512,-0.039,-0.118,Consumer,Consumer Defensive,Household & Personal Products,2026-06-11,FMCG – Personal Care,0,0,0
FSL,170967154688.0,MID CAP,247.64999389648438,25.90481,3.9032578,0.159,66.635,0.12167,0.07057,0.195,0.279,Technology,Technology,Information Technology Services,2026-06-11,IT Services,0,1,0
BIKAJI,168457240576.0,MID CAP,671.8499755859375,65.101746,10.481933,0.1596,17.531,0.088,0.086260006,0.175,0.258,Misc,Consumer Defensive,Packaged Foods,2026-06-11,Packaged Foods,0,1,0
PINELABS,168394719232.0,MID CAP,146.64999389648438,143.7745,2.8396327,0.023929998,7.474,0.05452,0.04151,-0.343,0.183,Technology,Technology,Software - Infrastructure,2026-06-11,Software Products,0,0,0
J&KBANK,167632994304.0,MID CAP,152.22999572753906,7.1069093,1.0162284,0.15367,29.1,0.23302999,0.34678,0.122,0.183,Financials,Financial Services,Banks - Regional,2026-06-11,Private Sector Banks,0,1,0
JSWCEMENT,167402012672.0,MID CAP,124.80999755859375,26.132245,2.5542321,-0.17950001,68.39,0.14854,-0.11613,0.109,7.088,Misc,Basic Materials,Building Materials,2026-06-11,Building Materials,0,1,0
THANGAMAYL,167261667328.0,MID CAP,5381.2998046875,47.521194,14.332399,0.27927,64.492,0.07105,0.04137,1.056,3.509,Misc,Consumer Cyclical,Luxury Goods,2026-06-11,Luxury Goods,0,1,0
ABDL,166847102976.0,MID CAP,596.5,72.92176,10.06836,0.13551,68.251,-0.00159,0.0582,0.122,-0.48,Misc,Consumer Defensive,Beverages - Wineries & Distilleries,2026-06-11,Beverages - Wineries & Distilleries,0,0,0
LMW,166676168704.0,MID CAP,15602.0,126.90743,5.8143954,0.046329997,29.1,0.04243,0.040760003,0.161,0.332,Misc,Industrials,Specialty Industrial Machinery,2026-06-11,Specialty Industrial Machinery,0,1,0
CROMPTON,165883133952.0,MID CAP,253.8000030517578,26.132245,5.5106826,-0.06337,5.797,0.099,-0.02991,0.108,0.183,Misc,Consumer Cyclical,"Furnishings, Fixtures & Appliances",2026-06-11,"Furnishings, Fixtures & Appliances",0,1,0
CIEINDIA,165781356544.0,MID CAP,437.0,19.158264,2.2225273,0.1040750025,5.71,0.11777,0.05728,0.149,0.208,Automobiles,Consumer Cyclical,Auto Parts,2026-06-11,Auto Components,0,1,0
PSB,165752881152.0,MID CAP,23.360000610351562,12.55914,1.1817676,0.096190006,29.1,0.41716,0.25620002,0.338,0.291,Financials,Financial Services,Banks - Regional,2026-06-11,Private Sector Banks,0,1,0
INOXINDIA,164100407296.0,MID CAP,1808.0,56.891125,14.681998,0.25901,7.251,0.1859,0.16249001,0.247,0.149,Misc,Industrials,Specialty Industrial Machinery,2026-06-11,Specialty Industrial Machinery,0,1,1
CENTURYPLY,163030532096.0,MID CAP,733.7999877929688,62.13378,6.2541013,0.107130006,67.105,0.0857,0.04867,0.245,0.487,Misc,Basic Materials,Lumber & Wood Production,2026-06-11,Lumber & Wood Production,0,1,0
NAVA,161650327552.0,MID CAP,571.2000122070312,20.524614,1.9976428,0.10309,20.684,0.24535999,0.18333,0.122,-0.446,Misc,Industrials,Conglomerates,2026-06-11,Conglomerates,0,0,0
COHANCE,161635827712.0,MID CAP,422.1000061035156,90.0,4.1368566,0.03836,9.928,0.07664,0.07901,-0.263,-0.89,Misc,Healthcare,Drug Manufacturers - Specialty & Generic,2026-06-11,Drug Manufacturers - Specialty & Generic,0,0,0
FRACTAL,161526841344.0,MID CAP,939.2999877929688,54.578735,4.9139934,0.115839995,13.131,0.16202,0.088549994,0.17,1.064,Technology,Technology,Software - Infrastructure,2026-06-11,Software Products,0,1,0
DCMSHRIRAM,159677759488.0,MID CAP,1031.199951171875,18.845028,2.0861907,0.11617,37.802,0.0674,0.063039996,0.11,1.067,Misc,Industrials,Conglomerates,2026-06-11,Conglomerates,0,1,0
TRAVELFOOD,158923980800.0,MID CAP,1206.9000244140625,36.17806,13.42208,0.35699,16.722,0.31843,0.26765,0.257,0.172,Hospitality,Consumer Cyclical,Restaurants,2026-06-11,Restaurants,0,1,1
BRIGADE,158514921472.0,MID CAP,648.0,616.6650680000004,2.3241885,0.10786,84.316,0.19521,0.11311,-0.002,-0.424,Misc,Real Estate,Real Estate - Development,2026-06-11,Real Estate - Development,0,0,0
GALLANTT,157628841984.0,MID CAP,653.2999877929688,32.5673,4.7539697,0.1040750025,29.1,0.13781,0.11146,0.122,0.183,Misc,Basic Materials,Steel,2026-06-11,Steel,0,1,0
ZENTEC,156544499712.0,MID CAP,1740.5999755859375,80.99581,8.709924,0.11828,0.95,0.25354,0.28131,-0.452,-0.688,Misc,Industrials,Aerospace & Defense,2026-06-11,Aerospace & Defense,0,0,0
CLEANMAX,156054831104.0,MID CAP,1332.9000244140625,148.92738,3.130843,0.019609999,229.641,0.30664,0.04921,0.251,1.336,Energy,Utilities,Utilities - Renewable,2026-06-11,Power Generation – Renewable,0,1,0
ZYDUSWELL,155722088448.0,MID CAP,489.45001220703125,78.81643,2.7284586,0.0343,54.974,0.14144,0.049790002,0.626,-0.058,Misc,Consumer Defensive,Packaged Foods,2026-06-11,Packaged Foods,0,0,0
NIVABUPA,154601848832.0,MID CAP,83.66999816894531,117.84507,4.314888,0.106520005,9.883,0.08472,0.04336,0.268,0.902,Financials,Financial Services,Insurance - Life,2026-06-11,Life Insurance,0,1,0
FINCABLES,154407550976.0,MID CAP,1009.5999755859375,21.646654,2.537914,0.12326,0.314,0.08394,0.11291,0.224,0.171,Misc,Industrials,Electrical Equipment & Parts,2026-06-11,Electrical Equipment & Parts,0,1,0
JBMA,154371637248.0,MID CAP,652.75,70.41531,10.868841,0.15988,190.282,0.104270004,0.03593,0.123,-0.171,Automobiles,Consumer Cyclical,Auto Parts,2026-06-11,Auto Components,0,0,0
AARTIIND,154306756608.0,MID CAP,425.5,36.87175,2.582842,0.07249,83.392,0.09837,0.05057,0.132,0.434,Chemicals,Basic Materials,Specialty Chemicals,2026-06-11,Specialty Chemicals,0,1,0
IGIL,153459900416.0,MID CAP,355.1000061035156,29.966244,10.3026085,0.1040750025,9.594,0.60489,0.44124,0.209,0.284,Misc,Basic Materials,Other Precious Metals & Mining,2026-06-11,Other Precious Metals & Mining,0,1,0
SHRIPISTON,152861704192.0,MID CAP,3470.199951171875,27.684084,5.2711363,0.1040750025,29.1,0.05479,0.08016,-0.053,-0.506,Automobiles,Consumer Cyclical,Auto Parts,2026-06-11,Auto Components,0,0,0
NATCOPHARM,151598596096.0,MID CAP,846.4000244140625,10.684171,1.7528164,0.16853,7.742,0.104449995,0.34782,-0.396,-0.341,Misc,Healthcare,Drug Manufacturers - Specialty & Generic,2026-06-11,Drug Manufacturers - Specialty & Generic,0,0,0
MINDACORP,151219388416.0,MID CAP,642.5,42.549667,5.725208,0.14739001,55.348,0.084910005,0.05824,0.29,1.391,Automobiles,Consumer Cyclical,Auto Parts,2026-06-11,Auto Components,0,1,0
AETHER,151155425280.0,MID CAP,1139.0,68.90502,6.153464,0.09375,18.646,0.21061,0.18917,0.261,0.078,Chemicals,Basic Materials,Specialty Chemicals,2026-06-11,Specialty Chemicals,0,0,0
JUBLPHARMA,150792503296.0,MID CAP,952.0499877929688,37.960526,2.122752,0.05962,50.943,0.09716,0.048130002,0.187,-0.224,Misc,Healthcare,Drug Manufacturers - Specialty & Generic,2026-06-11,Drug Manufacturers - Specialty & Generic,0,0,0
CCL,150579560448.0,MID CAP,1129.4000244140625,38.78434,6.4152956,0.18002,56.487,0.12503,0.08691,0.464,0.124,Misc,Consumer Defensive,Packaged Foods,2026-06-11,Packaged Foods,0,1,0
POLYMED,148312276992.0,MID CAP,1461.5,47.297733,4.769317,0.10845,11.227,0.13501,0.17177999,0.213,-0.268,Misc,Healthcare,Medical Instruments & Supplies,2026-06-11,Medical Instruments & Supplies,0,0,0
ARE&M,146649071616.0,MID CAP,801.25,16.355377,1.8111479,0.11567,5.015,0.0644,0.06485,0.155,0.945,Misc,Industrials,Electrical Equipment & Parts,2026-06-11,Electrical Equipment & Parts,0,1,0
GRWRHITECH,146247925760.0,MID CAP,6295.0,43.14895,5.505659,0.13454,0.59,0.20688999,0.15953,0.089,0.391,Chemicals,Basic Materials,Specialty Chemicals,2026-06-11,Specialty Chemicals,0,0,0
JYOTICNC,145926045696.0,MID CAP,641.6500244140625,43.4134,7.2959547,0.18224001,42.609,0.22221,0.16053,0.041,-0.169,Misc,Industrials,Specialty Industrial Machinery,2026-06-11,Specialty Industrial Machinery,0,0,0
JSWDULUX,145419321344.0,MID CAP,3193.199951171875,7.3665996,5.9320188,0.1040750025,29.1,0.09375,0.0621700015,0.122,0.183,Misc,Unknown,Unknown,2026-06-11,Diversified,0,1,0
APLLTD,145269964800.0,MID CAP,739.0499877929688,21.515284,2.5604558,0.12356,25.224,0.07541,0.09187,0.044,0.292,Misc,Healthcare,Drug Manufacturers - Specialty & Generic,2026-06-11,Drug Manufacturers - Specialty & Generic,0,0,0
USHAMART,145259823104.0,MID CAP,477.20001220703125,29.639751,4.4041643,0.16228001,6.922,0.18410999,0.12625,0.093,0.458,Misc,Basic Materials,Steel,2026-06-11,Steel,0,0,0
ANURAS,144894738432.0,MID CAP,1272.699951171875,82.69655,4.3419075,0.05763,40.335,0.14881,0.07192,0.275,-0.076,Chemicals,Basic Materials,Specialty Chemicals,2026-06-11,Specialty Chemicals,0,0,0
BEML,144681320448.0,MID CAP,1737.0999755859375,102.18235,5.1677566,0.1040750025,23.787,-0.01629,0.05919,0.237,0.183,Misc,Industrials,Conglomerates,2026-06-11,Conglomerates,0,1,0
FINEORG,143920988160.0,MID CAP,4694.10009765625,34.55864,5.4013844,0.16818,2.56,0.17879,0.17628999,0.024,0.21,Chemicals,Basic Materials,Specialty Chemicals,2026-06-11,Specialty Chemicals,0,0,0
CHOICEIN,143891349504.0,MID CAP,646.2000122070312,57.6182,7.640622,0.16240999,49.768,0.30106002,0.20622998,0.218,0.153,Misc,Financial Services,Capital Markets,2026-06-11,Capital Markets,0,1,0
AVANTIFEED,143657402368.0,MID CAP,1054.4000244140625,24.278149,4.368108,0.19055,0.357,0.10198,0.09991,0.06,-0.175,Misc,Consumer Defensive,Packaged Foods,2026-06-11,Packaged Foods,1,0,0
ATLANTAELE,143458336768.0,MID CAP,1865.5999755859375,68.86674,15.438085,0.31548,5.461,0.18765,0.10897,0.817,1.13,Misc,Industrials,Electrical Equipment & Parts,2026-06-11,Electrical Equipment & Parts,0,1,1
JINDALSAW,143375482880.0,MID CAP,224.86000061035156,14.773981,1.1395183,0.07964,38.19,0.06073,0.054390002,-0.082,-0.522,Misc,Basic Materials,Steel,2026-06-11,Steel,0,0,0
BASF,141544046592.0,MID CAP,3270.0,33.96344,3.576581,0.10965,3.35,0.02169,0.028110001,0.048,1.55,Chemicals,Basic Materials,Specialty Chemicals,2026-06-11,Specialty Chemicals,0,0,0
VENTIVE,141502873600.0,MID CAP,605.9000244140625,33.2,2.5696158,0.07925,38.079,0.45049,0.15965,0.229,0.329,Misc,Consumer Cyclical,Lodging,2026-06-11,Lodging,0,1,0
KSB,141267632128.0,MID CAP,811.7000122070312,54.696766,8.415149,0.1040750025,0.31,0.060370002,0.09575,0.01,-0.232,Misc,Industrials,Specialty Industrial Machinery,2026-06-11,Specialty Industrial Machinery,0,0,0
AGARWALEYE,141136691200.0,MID CAP,445.25,106.51914,6.9834375,0.083100006,50.3,0.15031,0.06403,0.226,0.208,Misc,Healthcare,Medical Instruments & Supplies,2026-06-11,Medical Instruments & Supplies,0,1,0
INOXWIND,140885934080.0,MID CAP,81.5199966430664,30.762262,1.6012571,0.067540005,20.631,0.11856,0.09211001,-0.024,-0.47,Misc,Industrials,Specialty Industrial Machinery,2026-06-11,Specialty Industrial Machinery,0,0,0
CONCORDBIO,139327864832.0,MID CAP,1331.800048828125,53.810104,6.9297094,0.13543999,0.115,0.30357,0.24733,-0.241,-0.37,Healthcare,Healthcare,Biotechnology,2026-06-11,Biotechnology,0,0,0
KFINTECH,139212652544.0,MID CAP,805.5,40.13453,8.312608,0.22312,3.314,0.29232,0.26409,0.277,-0.05,Technology,Technology,Software - Application,2026-06-11,SaaS,0,0,0
MAHSCOOTER,138274242560.0,MID CAP,12099.0,44.977695,0.501614,0.010620001,29.1,0.83871,0.8458531554000015,-0.036,-0.923,Financials,Financial Services,Asset Management,2026-06-11,Asset Management Companies,0,0,0
APOLLO,138072440832.0,MID CAP,382.79998779296875,121.91082,10.061503,0.1121,41.527,0.20691,0.12487,0.813,1.348,Misc,Industrials,Aerospace & Defense,2026-06-11,Aerospace & Defense,0,1,0
DOMS,137003917312.0,MID CAP,2254.699951171875,59.864758,11.230728,0.20091999,10.849,0.12871,0.09894,0.187,0.168,Misc,Industrials,Business Equipment & Supplies,2026-06-11,Business Equipment & Supplies,0,1,0
AZAD,136525807616.0,MID CAP,2114.699951171875,103.02144,8.93291,0.09142,31.025,0.27558002,0.22037001,0.273,0.343,Misc,Industrials,Specialty Industrial Machinery,2026-06-11,Specialty Industrial Machinery,0,1,0
SOBHA,136323350528.0,MID CAP,1274.5999755859375,70.69328,2.8870416,0.04168,22.403,0.062230002,0.03726,0.602,1.243,Misc,Real Estate,Real Estate - Development,2026-06-11,Real Estate - Development,0,1,0
RAINBOW,136163033088.0,MID CAP,1342.300048828125,49.078613,8.267329,0.17941,53.558,0.22562,0.16341999,0.243,0.391,Misc,Healthcare,Medical Care Facilities,2026-06-11,Medical Care Facilities,0,1,0
HONASA,136019533824.0,MID CAP,417.8999938964844,68.06189,9.615295,0.15449001,9.586,0.10106,0.08359,0.232,1.755,Consumer,Consumer Defensive,Household & Personal Products,2026-06-11,FMCG – Personal Care,0,1,0
VINATIORGA,135506026496.0,MID CAP,1306.199951171875,30.504436,4.6154494,0.14903,29.1,0.23154,0.19466,-0.069,0.007,Chemicals,Basic Materials,Specialty Chemicals,2026-06-11,Specialty Chemicals,0,0,0
THELEELA,135453319168.0,MID CAP,405.6000061035156,32.630733,2.1001832,0.08014,28.065,0.48675,0.26395,0.082,0.219,Misc,Consumer Cyclical,Lodging,2026-06-11,Lodging,0,0,0
SHAILY,134963855360.0,MID CAP,2934.300048828125,79.6931,21.21999,0.26877,24.755,0.22105,0.17151,0.087,0.409,Chemicals,Basic Materials,Specialty Chemicals,2026-06-11,Specialty Chemicals,0,0,1
SCI,134732365824.0,MID CAP,289.25,9.960399,1.5797292,0.1040750025,29.454,0.21465999,0.01102,0.142,1.189,Misc,Industrials,Marine Shipping,2026-06-11,Marine Shipping,0,1,0
NSLNISP,134338969600.0,MID CAP,45.84000015258789,229.2,1.0177394,0.00447,35.019,0.14343001,0.0043,0.367,0.183,Misc,Basic Materials,Steel,2026-06-11,Steel,0,1,0
KIRLOSBROS,133883453440.0,MID CAP,1686.0,35.80378,6.0656643,0.1040750025,10.101,0.108830005,0.09062,0.104,-0.187,Misc,Industrials,Specialty Industrial Machinery,2026-06-11,Specialty Industrial Machinery,0,0,0
ASTRAMICRO,133872459776.0,MID CAP,1410.0,69.69847,10.18558,0.15994,21.883,0.30614,0.16595,0.197,0.439,Misc,Technology,Communication Equipment,2026-06-11,Communication Equipment,0,1,0
JSWHL,133802770432.0,MID CAP,12056.0,91.67364,0.4050201,0.1040750025,29.1,0.8849212000000001,0.76741,-0.419,-0.51,Misc,Industrials,Conglomerates,2026-06-11,Conglomerates,0,0,0
TBOTEK,133533368320.0,MID CAP,1250.5,55.039616,9.642968,0.17795,48.762,0.09263,0.091239996,0.825,0.022,Misc,Consumer Cyclical,Travel Services,2026-06-11,Travel Services,0,0,0
INDIGRID,133416214528.0,MID CAP,140.06,30.580786,2.5366755,0.1040750025,29.1,0.09375,0.0621700015,0.122,0.183,Misc,Unknown,Unknown,2026-06-11,Diversified,0,1,0
VIJAYA,132747067392.0,MID CAP,1290.0999755859375,76.97494,15.332232,0.19698,44.15,0.32452,0.21245001,0.266,0.38,Healthcare,Healthcare,Diagnostics & Research,2026-06-11,Diagnostics,0,1,1
PGEL,132633829376.0,MID CAP,464.6000061035156,67.23589,4.3546724,0.0669,19.567,0.055359997,0.03717,-0.101,-0.57,Misc,Technology,Electronic Components,2026-06-11,Electronic Components,0,0,0
WELSPUNLIV,131218399232.0,MID CAP,137.27999877929688,63.85116,2.839943,0.04301,46.501,0.059959996,0.02175,-0.08,-0.221,Misc,Consumer Cyclical,Textile Manufacturing,2026-06-11,Textile Manufacturing,0,0,0
DEVYANI,131209445376.0,MID CAP,106.41999816894531,26.132245,8.664713,-0.025880001,203.327,0.04217,-0.0068300003,0.197,0.183,Hospitality,Consumer Cyclical,Restaurants,2026-06-11,Restaurants,0,1,0
CANHLIFE,130961367040.0,MID CAP,138.22000122070312,103.149254,8.081151,0.081099994,15.572,0.031489998,0.01081,-0.553,0.183,Financials,Financial Services,Insurance - Life,2026-06-11,Life Insurance,0,0,0
KEC,129612775424.0,MID CAP,486.8999938964844,21.392794,2.1048763,0.10524999,87.306,0.06221,0.02576,-0.07,-0.281,Industrials,Industrials,Engineering & Construction,2026-06-11,Engineering & EPC,0,0,0
ABREL,129431363584.0,MID CAP,1170.5,26.132245,3.498458,-0.08911,152.371,-2.16209,-0.2535,0.122,0.183,Misc,Real Estate,Real Estate Services,2026-06-11,Real Estate Services,0,1,0
APTUS,129191624704.0,MID CAP,258.0,13.694267,2.5489538,0.20113,156.2,0.78612,0.61408,0.221,0.259,Misc,Financial Services,Mortgage Finance,2026-06-11,Mortgage Finance,0,1,1
VGUARD,128682401792.0,MID CAP,294.6000061035156,41.965813,5.89424,0.13793,6.964,0.08125,0.051680002,0.141,0.231,Misc,Industrials,Electrical Equipment & Parts,2026-06-11,Electrical Equipment & Parts,0,1,0
ARVIND,128305119232.0,MID CAP,489.5,31.398333,3.1690028,0.10657,40.071,0.08956,0.04449,0.15,0.059,Misc,Consumer Cyclical,Textile Manufacturing,2026-06-11,Textile Manufacturing,0,0,0
LTFOODS,128205783040.0,MID CAP,369.20001220703125,20.476982,7.1932354,0.14936,28.488,0.1086,0.05678,0.238,0.707,Misc,Consumer Defensive,Packaged Foods,2026-06-11,Packaged Foods,0,1,0
TEGA,128197902336.0,MID CAP,1706.4000244140625,83.15789,3.7926323,0.05939,11.693,0.06631,0.084309995,-0.017,-0.636,Misc,Industrials,Specialty Industrial Machinery,2026-06-11,Specialty Industrial Machinery,0,0,0
ALIVUS,127293079552.0,MID CAP,1037.0999755859375,22.59477,3.826683,0.18359,1.704,0.282,0.22121,0.061,0.145,Misc,Healthcare,Drug Manufacturers - Specialty & Generic,2026-06-11,Drug Manufacturers - Specialty & Generic,0,0,1
EIDPARRY,127217123328.0,MID CAP,715.0,10.710006,1.4506544,0.099130005,23.647,0.04895,0.014780001,0.157,0.183,Chemicals,Basic Materials,Agricultural Inputs,2026-06-11,Agrochemicals,0,1,0
ENGINERSIN,127190188032.0,MID CAP,226.3000030517578,18.398375,4.6871443,0.1040750025,0.534,0.15223,0.19338,-0.083,-0.303,Industrials,Industrials,Engineering & Construction,2026-06-11,Engineering & EPC,0,0,0
HAPPYFORGE,127165562880.0,MID CAP,1347.800048828125,42.264034,5.9732847,0.15161,15.489,0.25678,0.195,0.204,0.23,Misc,Industrials,Metal Fabrication,2026-06-11,Metal Fabrication,0,1,0
CEATLTD,126894252032.0,MID CAP,3145.5,18.211555,2.1625736,0.14787,64.742,0.096870005,0.04452,0.233,1.832,Automobiles,Consumer Cyclical,Auto Parts,2026-06-11,Auto Components,0,1,0
PRIVISCL,126367850496.0,MID CAP,3235.0,38.544025,8.945682,0.24757999,70.891,0.19924,0.12776,0.176,0.409,Chemicals,Basic Materials,Specialty Chemicals,2026-06-11,Specialty Chemicals,0,1,1
INGERRAND,126271995904.0,MID CAP,4000.0,49.27322,19.42266,0.1040750025,1.509,0.24291,0.18294,0.182,-0.074,Misc,Industrials,Specialty Industrial Machinery,2026-06-11,Specialty Industrial Machinery,0,0,0
SHADOWFAX,126151024640.0,MID CAP,215.64999389648438,98.470314,7.5587096,0.092889994,14.161,0.037019998,0.02658,0.736,0.183,Misc,Industrials,Integrated Freight & Logistics,2026-06-11,Integrated Freight & Logistics,0,1,0
PARADEEP,125826277376.0,MID CAP,121.19999694824219,12.624999,1.8536078,0.18359,101.822,0.06734,0.04567,0.346,-0.235,Chemicals,Basic Materials,Agricultural Inputs,2026-06-11,Agrochemicals,0,0,0
ECLERX,125638926336.0,MID CAP,1348.199951171875,18.125841,4.869169,0.29,15.012,0.21125999,0.17153,0.233,0.26,Technology,Technology,Information Technology Services,2026-06-11,IT Services,0,1,1
SPLPETRO,125517594624.0,MID CAP,667.5,37.990894,5.277723,0.14316,5.61,0.14164,0.060900003,0.048,0.579,Chemicals,Basic Materials,Specialty Chemicals,2026-06-11,Specialty Chemicals,0,0,0
FIVESTAR,123813158912.0,MID CAP,419.45001220703125,11.260403,1.6743776,0.16058001,111.115,0.60508,0.48518002,0.041,-0.037,Financials,Financial Services,Credit Services,2026-06-11,NBFC – Lending,0,0,0
INDGN,122898169856.0,MID CAP,511.3999938964844,30.733173,3.9114006,0.13941,4.601,0.12139,0.114259996,0.328,-0.323,Misc,Healthcare,Health Information Services,2026-06-11,Health Information Services,0,0,0
IRCON,122868973568.0,MID CAP,130.63999938964844,20.638231,1.848252,0.09084,85.833,0.0699,0.06565,-0.065,-0.088,Industrials,Industrials,Engineering & Construction,2026-06-11,Engineering & EPC,0,0,0
GRAPHITE,122510270464.0,MID CAP,627.0499877929688,69.8274,2.0986662,0.02917,6.267,0.06127,0.06136,0.225,0.183,Misc,Industrials,Electrical Equipment & Parts,2026-06-11,Electrical Equipment & Parts,0,1,0
JPPOWER,121648898048.0,MID CAP,17.75,36.224487,1.7376407,0.03603,26.634,0.0032499998,0.081,0.034,0.183,Misc,Utilities,Utilities - Independent Power Producers,2026-06-11,Utilities - Independent Power Producers,0,0,0
TMB,120980512768.0,MID CAP,764.0,9.048916,1.2375675,0.13992,29.1,0.54293,0.39859,0.235,0.28,Financials,Financial Services,Banks - Regional,2026-06-11,Private Sector Banks,0,1,0
TRIDENT,120459608064.0,MID CAP,23.639999389648438,31.945944,2.5855846,0.080299996,38.323,0.105670005,0.05628,-0.124,-0.186,Misc,Consumer Cyclical,Textile Manufacturing,2026-06-11,Textile Manufacturing,0,0,0
PARKHOSPS,119277707264.0,MID CAP,276.1499938964844,40.2551,5.4372005,0.16936001,17.307,0.23862,0.1537,0.301,0.309,Misc,Healthcare,Medical Care Facilities,2026-06-11,Medical Care Facilities,0,1,0
ELECON,118842204160.0,MID CAP,529.5999755859375,34.796318,5.1039386,0.15851,11.824,0.17548001,0.14419,-0.065,-0.95092,Misc,Industrials,Specialty Industrial Machinery,2026-06-11,Specialty Industrial Machinery,0,0,0
INDIAMART,118827974656.0,MID CAP,1975.9000244140625,25.078056,4.945784,0.20703,0.962,0.31066,0.30253,0.139,-0.723,Misc,Communication Services,Internet Content & Information,2026-06-11,Internet Content & Information,1,0,0
SOUTHBANK,118342549504.0,MID CAP,45.209999084472656,8.145946,1.0341988,0.13526,29.1,0.43144,0.28946,0.112,0.183,Financials,Financial Services,Banks - Regional,2026-06-11,Private Sector Banks,0,1,0
SKFINDUS,118161686528.0,MID CAP,2390.10009765625,54.27112,2.2361767,0.29479,0.309,0.093430005,0.0622,0.122,0.183,Misc,Industrials,Tools & Accessories,2026-06-11,Tools & Accessories,1,1,0
UTIAMC,117547360256.0,MID CAP,914.5999755859375,29.09033,2.672089,0.09776,3.129,0.38298,0.23798999,0.067,0.183,Financials,Financial Services,Asset Management,2026-06-11,Asset Management Companies,0,0,0
AFCONS,117176188928.0,MID CAP,318.6000061035156,46.64715,2.1443715,0.04681,66.542,-0.02167,0.02105,-0.189,0.183,Industrials,Industrials,Engineering & Construction,2026-06-11,Engineering & EPC,0,0,0
ABLBL,116872486912.0,MID CAP,96.22000122070312,68.241135,8.254976,0.12724,213.719,0.065349996,0.02037,0.119,0.452,Misc,Consumer Cyclical,Apparel Retail,2026-06-11,Apparel Retail,0,1,0
TECHNOE,116415873024.0,MID CAP,1001.0,25.946085,2.7995224,0.11364,1.744,0.1277,0.14573,0.238,-0.149,Industrials,Industrials,Engineering & Construction,2026-06-11,Engineering & EPC,0,0,0
AEQUS,116295548928.0,MID CAP,177.58999633789062,26.132245,7.2111907,-0.102919996,47.183,-0.03382,-0.0874,0.483,0.183,Misc,Industrials,Aerospace & Defense,2026-06-11,Aerospace & Defense,0,1,0
SEDEMAC,115950436352.0,MID CAP,2625.60009765625,112.1572,27.975964,0.27527002,16.126,0.14807001,0.09787,0.599,2.532,Automobiles,Consumer Cyclical,Auto Parts,2026-06-11,Auto Components,0,1,0
BALRAMCHIN,115668795392.0,MID CAP,547.5,29.498922,2.6724005,0.095410004,76.606,0.14968,0.060349997,0.067,-0.307,Misc,Consumer Defensive,Confectioners,2026-06-11,Confectioners,0,0,0
GRAVITA,114536046592.0,MID CAP,1572.5,30.25202,4.6697884,0.16680999,29.934,0.094069995,0.08881,0.131,-0.032,Misc,Industrials,Metal Fabrication,2026-06-11,Metal Fabrication,0,0,0
JWL,114172002304.0,MID CAP,267.1499938964844,66.62094,3.859155,0.05768,33.365,0.08394,0.05777,-0.253,-0.725,Misc,Industrials,Railroads,2026-06-11,Railroads,0,0,0
MARKSANS,113898176512.0,MID CAP,251.33999633789062,27.289902,3.7661266,0.15159,11.248,0.1999,0.14162,0.208,0.635,Misc,Healthcare,Drug Manufacturers - General,2026-06-11,Drug Manufacturers - General,0,1,0
PRUDENT,113363214336.0,MID CAP,2737.800048828125,51.049786,14.86408,0.28643999,3.866,0.22248,0.16623,0.22,0.143,Financials,Financial Services,Asset Management,2026-06-11,Asset Management Companies,0,1,1
CANFINHOME,113068228608.0,MID CAP,849.1500244140625,10.413907,1.8906553,0.19655001,556.8185800000006,0.80419,0.67294997,0.243,0.478,Misc,Financial Services,Mortgage Finance,2026-06-11,Mortgage Finance,0,1,1
CARTRADE,112142024704.0,MID CAP,2339.800048828125,52.43837,4.5089803,0.09849,5.363,0.29896998,0.28617,0.198,0.573,Misc,Consumer Cyclical,Auto & Truck Dealerships,2026-06-11,Auto & Truck Dealerships,0,1,0
BLUEDART,111682633728.0,MID CAP,4706.7998046875,45.183834,6.2847495,0.14832,29.1,0.13491,0.040289998,0.08,1.891,Misc,Industrials,Integrated Freight & Logistics,2026-06-11,Integrated Freight & Logistics,0,0,0
TITAGARH,110863441920.0,MID CAP,823.2000122070312,92.286995,4.556172,0.049200002,25.363,0.094840005,0.038599998,-0.129,-0.188,Misc,Industrials,Railroads,2026-06-11,Railroads,0,0,0
JMFINANCIL,110213603328.0,MID CAP,115.2300033569336,9.181673,1.0718073,0.111269996,102.435,0.3355,0.34355998,-0.0,-0.21,Misc,Financial Services,Capital Markets,2026-06-11,Capital Markets,0,0,0
PCBL,109638352896.0,MID CAP,278.6499938964844,54.212063,2.744617,0.05125,124.132,0.07217,0.02416,-0.01,-0.613,Chemicals,Basic Materials,Specialty Chemicals,2026-06-11,Specialty Chemicals,0,0,0
JAINREC,109323182080.0,MID CAP,316.79998779296875,30.52023,7.519047,0.28672,81.887,0.03399,0.03391,0.764,0.13,Misc,Basic Materials,Other Industrial Metals & Mining,2026-06-11,Other Industrial Metals & Mining,0,1,0
LUMAXTECH,109052329984.0,MID CAP,1600.0,39.052963,9.009668,0.1040750025,87.422,0.101,0.05432,0.403,0.839,Automobiles,Consumer Cyclical,Auto Parts,2026-06-11,Auto Components,0,1,0
VIYASH,108984868864.0,MID CAP,249.6999969482422,62.26932,3.724864,0.11565,15.724,0.13914,0.05183,1.29,2.284,Misc,Healthcare,Drug Manufacturers - Specialty & Generic,2026-06-11,Drug Manufacturers - Specialty & Generic,0,1,0
METROPOLIS,108963315712.0,MID CAP,525.5499877929688,57.24945,7.186812,0.13373,15.212,0.16348,0.11545,0.23,0.73,Healthcare,Healthcare,Diagnostics & Research,2026-06-11,Diagnostics,0,1,0
SIGNATURE,108474253312.0,MID CAP,772.0,9.920329,14.922488,0.5399894000000005,161.04,0.043330003,0.42168,1.128,16.134920000000058,Misc,Real Estate,Real Estate - Development,2026-06-11,Real Estate - Development,0,1,0
NUVOCO,107789721600.0,MID CAP,301.79998779296875,29.97021,1.0538003,0.03742,48.061,0.10877,0.031689998,0.087,-0.149,Misc,Basic Materials,Building Materials,2026-06-11,Building Materials,0,0,0
RPOWER,107571404800.0,MID CAP,26.010000228881836,26.132245,0.67074114,-0.0208,92.348,0.19662,-0.04421,-0.046,0.183,Misc,Utilities,Utilities - Independent Power Producers,2026-06-11,Utilities - Independent Power Producers,0,0,0
GODREJAGRO,107394564096.0,MID CAP,558.2999877929688,22.732084,5.28563,0.18681,72.751,0.03481,0.04634,0.083,0.482,Misc,Consumer Defensive,Packaged Foods,2026-06-11,Packaged Foods,0,0,0
HOMEFIRST,107216183296.0,MID CAP,1026.4000244140625,19.883766,2.4526508,0.15714,243.944,0.66920996,0.51027,0.306,0.24,Misc,Financial Services,Mortgage Finance,2026-06-11,Mortgage Finance,0,1,0
SANOFICONR,106899267584.0,MID CAP,4635.0,41.31016,27.803106,0.1040750025,6.458,0.37347,0.27583,0.328,0.357,Misc,Healthcare,Drug Manufacturers - General,2026-06-11,Drug Manufacturers - General,0,1,0
SHILPAMED,106846347264.0,MID CAP,546.2999877929688,43.8443,4.124357,0.09822,25.465,0.20387,0.15812,0.315,6.446,Misc,Healthcare,Drug Manufacturers - Specialty & Generic,2026-06-11,Drug Manufacturers - Specialty & Generic,0,1,0
ACE,106707451904.0,MID CAP,895.4500122070312,25.711214,5.305406,0.22885999,0.393,0.15822,0.12652999,0.071,-0.065,Misc,Industrials,Farm & Heavy Construction Machinery,2026-06-11,Farm & Heavy Construction Machinery,1,0,0
IIFLCAPS,106637869056.0,MID CAP,342.1499938964844,20.043938,3.4702218,0.20198,59.292,0.26115,0.24367,0.12,-0.111,Misc,Financial Services,Capital Markets,2026-06-11,Capital Markets,0,0,0
TI,105541943296.0,MID CAP,427.0,449.4737,4.168334,0.0108,77.177,0.12222999,0.0089,1.34,0.183,Misc,Consumer Defensive,Beverages - Wineries & Distilleries,2026-06-11,Beverages - Wineries & Distilleries,0,1,0
AVALON,105210658816.0,MID CAP,1575.300048828125,93.434166,14.581522,0.16943,29.503,0.101169996,0.0692,0.4,0.69,Misc,Technology,Electronic Components,2026-06-11,Electronic Components,0,1,0
MGL,104793341952.0,MID CAP,1060.9000244140625,12.460653,1.630398,0.13627,3.461,0.07491,0.102010004,0.045,-0.474,Misc,Utilities,Utilities - Regulated Gas,2026-06-11,Utilities - Regulated Gas,0,0,0
IEX,104670642176.0,MID CAP,117.69999694824219,21.207207,7.719551,0.39419997,0.818,0.84190005,0.65990996,0.125,0.098,Misc,Financial Services,Capital Markets,2026-06-11,Capital Markets,1,0,0
BBTC,104350859264.0,MID CAP,1495.5999755859375,8.39423,1.481844,0.28709,16.57,0.16921,0.062589996,0.078,0.438,Misc,Consumer Defensive,Packaged Foods,2026-06-11,Packaged Foods,0,0,1
FINPIPE,104266276864.0,MID CAP,168.6300048828125,17.384537,1.6758262,0.09731,7.171,0.23275,0.14563,0.121,0.59,Misc,Industrials,Building Products & Equipment,2026-06-11,Building Products & Equipment,0,1,0
MEDPLUS,104234475520.0,MID CAP,868.0,47.405792,5.274864,0.118240006,72.133,0.05,0.03187,0.235,0.241,Misc,Healthcare,Pharmaceutical Retailers,2026-06-11,Pharmaceutical Retailers,0,1,0
KIRLPNU,104127979520.0,MID CAP,1603.0,40.74733,8.337234,0.21473,0.262,0.24951,0.14333001,0.203,0.797,Misc,Industrials,Specialty Industrial Machinery,2026-06-11,Specialty Industrial Machinery,1,1,1
AAVAS,104104861696.0,MID CAP,1313.0,15.986851,2.058665,0.13916,310.553,0.53083,0.42080003,0.192,0.183,Misc,Financial Services,Mortgage Finance,2026-06-11,Mortgage Finance,0,1,0
NAZARA,103767252992.0,MID CAP,280.1000061035156,10.29401,2.9766524,0.01974,6.051,0.080699995,0.052399997,-0.236,16.134920000000058,Misc,Communication Services,Electronic Gaming & Multimedia,2026-06-11,Electronic Gaming & Multimedia,0,0,0
SWANDEF,103578378240.0,MID CAP,1966.0999755859375,26.132245,42.28172,-0.4629408,556.8185800000006,-1.1339,-0.8007,4.985060000000001,0.183,Misc,Industrials,Aerospace & Defense,2026-06-11,Aerospace & Defense,0,1,0
UJJIVANSFB,103448707072.0,MID CAP,53.18000030517578,15.150997,1.5173044,0.10739,29.1,0.29524,0.16572,0.444,2.34,Financials,Financial Services,Banks - Regional,2026-06-11,Private Sector Banks,0,1,0
FIRSTCRY,103437631488.0,MID CAP,213.17999267578125,26.132245,2.1247668,-0.0383,29.762,-0.01574,-0.0164,0.12,0.183,Misc,Consumer Cyclical,Internet Retail,2026-06-11,Internet Retail,0,1,0
DIACABS,103391723520.0,MID CAP,196.1999969482422,65.61873,-17.115938,0.1040750025,29.1,0.11003,0.08281,1.085,6.919,Misc,Industrials,Specialty Industrial Machinery,2026-06-11,Specialty Industrial Machinery,0,1,0
OLECTRA,103388889088.0,MID CAP,1259.5999755859375,58.39592,8.427391,0.1040750025,30.841,0.13746001,0.020079998,0.433,1.641,Misc,Industrials,Farm & Heavy Construction Machinery,2026-06-11,Farm & Heavy Construction Machinery,0,1,0
PGHL,103331151872.0,MID CAP,6225.0,31.594173,19.699055,0.5399894000000005,1.771,0.34936002,0.23219,0.191,0.546,Misc,Healthcare,Drug Manufacturers - Specialty & Generic,2026-06-11,Drug Manufacturers - Specialty & Generic,0,1,1
RKFORGE,103153377280.0,MID CAP,567.4500122070312,143.65823,3.1220086,0.02269,74.422,0.098409995,0.01694,0.285,0.244,Misc,Industrials,Metal Fabrication,2026-06-11,Metal Fabrication,0,1,0
BLS,102942285824.0,MID CAP,250.14999389648438,15.033053,4.179197,0.30143,15.468,0.21951,0.22904,0.176,0.314,Misc,Industrials,Specialty Business Services,2026-06-11,Specialty Business Services,0,1,1
JKTYRE,102140968960.0,MID CAP,354.29998779296875,13.006608,1.6647714,0.14051,80.551,0.09810001,0.04754,0.124,0.766,Automobiles,Consumer Cyclical,Auto Parts,2026-06-11,Auto Components,0,1,0
INTELLECT,101992734720.0,MID CAP,733.4000244140625,30.143856,3.2044394,0.11411,4.961,0.14716,0.1137,0.167,-0.113,Technology,Technology,Software - Application,2026-06-11,SaaS,0,0,0
ZEEL,101430853632.0,MID CAP,105.5999984741211,37.446808,0.88270694,0.02332,2.26,-0.15602,0.03372,-0.073,0.183,Media,Communication Services,Broadcasting,2026-06-11,Broadcasting,0,0,0
SANDUMA,100511891456.0,MID CAP,206.77000427246094,15.304959,3.0894394,0.22318001,30.563,0.22017,0.12905,0.143,0.509,Misc,Basic Materials,Steel,2026-06-11,Steel,0,1,1
TEJASNET,100425367552.0,MID CAP,565.7999877929688,26.132245,3.4284675,-0.26822,142.52,-0.65823996,-0.82381,-0.826,0.183,Misc,Technology,Communication Equipment,2026-06-11,Communication Equipment,0,0,0
ZENSARTECH,100400472064.0,MID CAP,442.8500061035156,13.140949,2.127358,0.1040750025,1.68,0.14679,0.072670005,0.067,0.192,Technology,Technology,Information Technology Services,2026-06-11,IT Services,0,0,0
KTKBANK,100237017088.0,MID CAP,265.0,7.816278,0.7576342,0.10358,29.1,0.45573002,0.40889,-0.017,0.615,Financials,Financial Services,Banks - Regional,2026-06-11,Private Sector Banks,0,0,0
LLOYDSENT,100218134528.0,MID CAP,65.6500015258789,21.314936,1.3987131,0.09865,14.694,0.05312,0.16139,0.471,4.825,Misc,Basic Materials,Steel,2026-06-11,Steel,0,1,0
EDELWEISS,100076797952.0,MID CAP,105.7300033569336,14.211021,1.4310076,0.11472999,319.986,0.06518,0.07966,-0.068,-0.182,Financials,Financial Services,Financial Conglomerates,2026-06-11,NBFC – Investment,0,0,0
SBFC,99903594496.0,SMALL CAP,90.27999877929688,22.019512,2.6565442,0.13038999,192.253,0.60861,0.44346002,0.244,0.29,Financials,Financial Services,Credit Services,2026-06-11,NBFC – Lending,0,1,0
JUBLINGREA,97973518336.0,SMALL CAP,621.2000122070312,35.436394,3.1400697,0.09182,25.328,0.096920006,0.06333,0.121,0.161,Chemicals,Basic Materials,Specialty Chemicals,2026-06-11,Specialty Chemicals,0,1,0
HEG,97936097280.0,SMALL CAP,507.5,25.696203,2.0568125,0.07338,16.73,-0.01126,0.12599,0.112,0.183,Misc,Industrials,Electrical Equipment & Parts,2026-06-11,Electrical Equipment & Parts,0,1,0
VOLTAMP,97508802560.0,SMALL CAP,9638.0,31.97744,5.9285703,0.18073,0.08707999999999999,0.12549,0.1418,-0.018,-0.505,Misc,Industrials,Electrical Equipment & Parts,2026-06-11,Electrical Equipment & Parts,1,0,0
WAAREERTL,97417232384.0,SMALL CAP,933.5999755859375,20.353172,14.78338,0.1040750025,15.598,0.18571,-0.34030998,1.312,0.667,Industrials,Industrials,Engineering & Construction,2026-06-11,Engineering & EPC,0,1,0
WHIRLPOOL,97373290496.0,SMALL CAP,767.2000122070312,33.18339,1.1923153,0.072459996,8.621,0.03138,0.03656,0.088,-0.328,Misc,Consumer Cyclical,"Furnishings, Fixtures & Appliances",2026-06-11,"Furnishings, Fixtures & Appliances",0,0,0
BLACKBUCK,97092878336.0,SMALL CAP,533.25,60.942856,6.8477755,0.12059,4.164,0.14942999,0.24594,0.525,-0.858,Technology,Technology,Software - Application,2026-06-11,SaaS,0,0,0
RITES,96226492416.0,SMALL CAP,200.22000122070312,23.444965,3.594614,0.16396,0.236,0.19740999,0.16988,0.248,-0.022,Industrials,Industrials,Engineering & Construction,2026-06-11,Engineering & EPC,1,0,0
LLOYDSENGG,96091922432.0,SMALL CAP,67.41999816894531,45.24832,5.557662,0.16820998,6.45,0.10967,0.14593,1.134,1.125,Misc,Industrials,Specialty Industrial Machinery,2026-06-11,Specialty Industrial Machinery,0,1,0
MANYAVAR,95842377728.0,SMALL CAP,394.45001220703125,25.530745,4.8731823,0.20025998,23.295,0.33791,0.26162001,0.087,0.131,Misc,Consumer Cyclical,Apparel Manufacturing,2026-06-11,Apparel Manufacturing,0,0,1
BANCOINDIA,95384420352.0,SMALL CAP,666.8499755859375,20.728941,5.6614904,0.3225,36.44,0.15061,0.12362,0.256,-0.039,Automobiles,Consumer Cyclical,Auto Parts,2026-06-11,Auto Components,0,0,0
SWANCORP,95353593856.0,SMALL CAP,304.20001220703125,35.12702,0.82578003,0.029949998,24.515,-0.33719003,0.06271,0.016,0.183,Misc,Industrials,Conglomerates,2026-06-11,Conglomerates,0,0,0
WABAG,95143559168.0,SMALL CAP,1526.800048828125,22.034925,4.088267,0.15674,8.874,0.11022,0.09394,0.223,0.206,Industrials,Industrials,Engineering & Construction,2026-06-11,Engineering & EPC,0,1,0
MMTC,94875000832.0,SMALL CAP,63.25,24.515505,4.9271636,0.20266001,0.114,-2.2281399,0.8458531554000015,4.985060000000001,16.134920000000058,Misc,Industrials,Conglomerates,2026-06-11,Conglomerates,1,1,0
HCG,94769577984.0,SMALL CAP,634.75,616.6650680000004,6.894061,0.01898,123.057,0.09546,0.00541,0.115,-0.712,Misc,Healthcare,Medical Care Facilities,2026-06-11,Medical Care Facilities,0,0,0
RAILTEL,94757060608.0,SMALL CAP,295.25,29.823233,4.186696,0.16254,2.817,0.10985,0.08096,0.276,0.253,Telecom,Communication Services,Telecom Services,2026-06-11,Telecom Services,0,1,0
UTLSOLAR,93881245696.0,SMALL CAP,305.8999938964844,29.931505,16.209198,0.36418,40.802,0.16747999,0.11457,0.875,0.962,Misc,Technology,Solar,2026-06-11,Solar,0,1,1
CYIENT,93478289408.0,SMALL CAP,846.1500244140625,21.955112,1.6453292,0.077659994,6.995,0.09528,0.058870003,0.009,-0.679,Misc,Industrials,Conglomerates,2026-06-11,Conglomerates,0,0,0
AKUMS,93453500416.0,SMALL CAP,610.4000244140625,36.5509,2.8187747,0.08019,4.726,0.09639,0.05854,0.094,-0.426,Misc,Healthcare,Drug Manufacturers - Specialty & Generic,2026-06-11,Drug Manufacturers - Specialty & Generic,0,0,0
PVRINOX,92759678976.0,SMALL CAP,944.5999755859375,52.477776,1.258599,0.024400001,91.874,0.07839,0.05027,0.238,0.183,Misc,Communication Services,Entertainment,2026-06-11,Entertainment,0,1,0
AMAGI,92625518592.0,SMALL CAP,428.1499938964844,129.35045,5.4222283,0.06325,1.763,0.04474,0.0476,0.285,0.183,Technology,Technology,Software - Application,2026-06-11,SaaS,0,1,0
RATEGAIN,92417425408.0,SMALL CAP,782.5499877929688,47.54253,4.607382,0.105399996,47.296,0.15659,0.1066,1.745,0.271,Technology,Technology,Software - Application,2026-06-11,SaaS,0,1,0
STAR,92237234176.0,SMALL CAP,1000.7000122070312,16.581608,2.96867,0.20033,55.821,0.14089,0.11447,0.112,0.544,Misc,Healthcare,Drug Manufacturers - Specialty & Generic,2026-06-11,Drug Manufacturers - Specialty & Generic,0,1,0
MANORAMA,91557060608.0,SMALL CAP,1533.4000244140625,42.53537,13.614974,0.3798,52.154,0.23008,0.15727,0.681,0.315,Misc,Consumer Defensive,Packaged Foods,2026-06-11,Packaged Foods,0,1,1
ALKYLAMINE,91092672512.0,SMALL CAP,1781.0999755859375,50.570698,5.9413767,0.1040750025,29.1,0.13975,0.11769,-0.046,-0.035,Chemicals,Basic Materials,Specialty Chemicals,2026-06-11,Specialty Chemicals,0,0,0
TARIL,91070308352.0,SMALL CAP,303.3999938964844,34.399094,6.7682424,0.19334999,29.595,0.14242,0.10539,0.157,-0.041,Misc,Industrials,Electrical Equipment & Parts,2026-06-11,Electrical Equipment & Parts,0,0,0
VESUVIUS,90997473280.0,SMALL CAP,448.3500061035156,34.89105,5.474159,0.1040750025,0.826,0.13256,0.12282,0.037,-0.059,Misc,Industrials,Specialty Industrial Machinery,2026-06-11,Specialty Industrial Machinery,0,0,0
NCC,90347118592.0,SMALL CAP,143.89999389648438,13.386046,1.148627,0.093219995,43.056,0.07795,0.03243,0.017,-0.188,Industrials,Industrials,Engineering & Construction,2026-06-11,Engineering & EPC,0,0,0
WEWORK,88905646080.0,SMALL CAP,641.5,118.57671,42.780926,0.29986998,556.8185800000006,0.26295,0.0305,0.291,0.737,Misc,Real Estate,Real Estate Services,2026-06-11,Real Estate Services,0,1,1
BLUEJET,88077066240.0,SMALL CAP,507.75,35.556725,6.4754944,0.19881001,3.102,0.27618998,0.2616,-0.311,-0.415,Healthcare,Healthcare,Biotechnology,2026-06-11,Biotechnology,0,0,0
VARROC,87523450880.0,SMALL CAP,572.7999877929688,38.91304,4.9121423,0.13456,50.855,0.06115,0.025309999,0.128,2.363,Automobiles,Consumer Cyclical,Auto Parts,2026-06-11,Auto Components,0,1,0
PGINVIT,87323525120.0,SMALL CAP,95.96,9.576846,1.1309636,0.1040750025,29.1,0.09375,0.0621700015,0.122,0.183,Misc,Unknown,Unknown,2026-06-11,Diversified,0,1,0
ESABINDIA,86832029696.0,SMALL CAP,5641.0,41.9936,20.218927,0.52285,0.78,0.14739001,0.13705,0.076,-0.082,Misc,Industrials,Tools & Accessories,2026-06-11,Tools & Accessories,1,0,0
BSOFT,86822412288.0,SMALL CAP,310.6499938964844,16.800974,2.1192482,0.13656999,3.422,0.17045,0.09762,0.024,0.437,Technology,Technology,Information Technology Services,2026-06-11,IT Services,0,0,0
TSFINV,86433955840.0,SMALL CAP,391.6499938964844,16.68726,1.4422598,0.090629995,3.85,0.17818001,0.52978003,4.985060000000001,0.506,Financials,Financial Services,Asset Management,2026-06-11,Asset Management Companies,0,1,0
SAREGAMA,86295388160.0,SMALL CAP,449.54998779296875,42.936962,5.1947675,0.12567,4.281,0.35886002,0.20165001,0.232,0.241,Misc,Communication Services,Entertainment,2026-06-11,Entertainment,0,1,0
GENUSPOWER,85745614848.0,SMALL CAP,310.0,14.553991,3.866349,0.28997,103.821,0.16192,0.12467,0.641,0.395,Misc,Industrials,Electrical Equipment & Parts,2026-06-11,Electrical Equipment & Parts,0,1,1
JLHL,85327626240.0,SMALL CAP,1301.4000244140625,44.04061,5.5308824,0.13391,37.837,0.16993,0.12936,0.171,0.12,Misc,Healthcare,Medical Care Facilities,2026-06-11,Medical Care Facilities,0,1,0
IRBINVIT,85072601088.0,SMALL CAP,66.38,17.560846,2.2361767,0.1040750025,29.1,0.09375,0.0621700015,0.122,0.183,Misc,Unknown,Unknown,2026-06-11,Diversified,0,1,0
SIGMAADV,84991598592.0,SMALL CAP,482.25,31.685282,18.140612,0.5399894000000005,70.808,0.15732001,0.53952,0.122,0.183,Misc,Industrials,Aerospace & Defense,2026-06-11,Aerospace & Defense,0,1,1
BATAINDIA,84763910144.0,SMALL CAP,659.5,63.231064,5.565213,0.1040750025,86.9,0.05526,0.05118,0.05,-0.95092,Misc,Consumer Cyclical,Footwear & Accessories,2026-06-11,Footwear & Accessories,0,0,0
EUREKAFORB,84536565760.0,SMALL CAP,436.8999938964844,52.198326,1.850393,0.0361,0.629,0.09583,0.06003,0.116,0.028,Misc,Consumer Cyclical,"Furnishings, Fixtures & Appliances",2026-06-11,"Furnishings, Fixtures & Appliances",0,0,0
STARCEMENT,84514127872.0,SMALL CAP,209.10000610351562,21.490238,2.6513665,0.12871,18.924,0.18438,0.10418,0.119,0.202,Misc,Basic Materials,Building Materials,2026-06-11,Building Materials,0,1,0
RELAXO,84315504640.0,SMALL CAP,338.70001220703125,47.041668,3.8191354,0.0833,10.545,0.11307,0.06634,0.08,0.205,Misc,Consumer Cyclical,Footwear & Accessories,2026-06-11,Footwear & Accessories,0,0,0
TRIVENI,84068491264.0,SMALL CAP,381.5,31.24488,2.7130816,0.082650006,64.646,0.1597,0.042719997,-0.074,-0.111,Misc,Consumer Defensive,Confectioners,2026-06-11,Confectioners,0,0,0
PCJEWELLER,83996123136.0,SMALL CAP,8.649999618530273,10.421686,0.83470035,0.09946,14.271,0.08432999,0.21309,0.327,0.638,Misc,Consumer Cyclical,Luxury Goods,2026-06-11,Luxury Goods,0,1,0
JAYNECOIND,83806855168.0,SMALL CAP,86.30999755859375,18.09434,2.9494581,0.17754,74.729,0.15237,0.06494,0.178,0.877,Misc,Basic Materials,Steel,2026-06-11,Steel,0,1,0
ORKLAINDIA,83604529152.0,SMALL CAP,610.2999877929688,29.341347,3.0177615,0.10967,2.284,0.13648,0.113850005,0.05,1.077,Misc,Consumer Defensive,Packaged Foods,2026-06-11,Packaged Foods,0,0,0
ASKAUTOLTD,83499745280.0,SMALL CAP,423.54998779296875,28.124168,6.3666835,0.25258,51.789,0.08927,0.07119,0.35,0.243,Automobiles,Consumer Cyclical,Auto Parts,2026-06-11,Auto Components,0,1,0
THYROCARE,83488268288.0,SMALL CAP,524.5499877929688,51.27566,15.609749,0.28745002,8.65,0.27403,0.19666,0.197,1.163,Healthcare,Healthcare,Diagnostics & Research,2026-06-11,Diagnostics,0,1,1
KWIL,83293011968.0,SMALL CAP,35.45000076293945,26.132245,58.985023,0.1040750025,29.1,-0.45808998,0.0,0.122,0.183,Misc,Consumer Defensive,Packaged Foods,2026-06-11,Packaged Foods,0,1,0
TTML,82986680320.0,SMALL CAP,42.45000076293945,26.132245,-0.41550434,0.1040750025,29.1,0.43429002,-0.18556999,-0.041,0.183,Telecom,Communication Services,Telecom Services,2026-06-11,Telecom Services,0,0,0
LEMONTREE,82724323328.0,SMALL CAP,104.47000122070312,36.4007,5.9196506,0.14905,96.367,0.43915,0.15720999,0.094,0.087,Misc,Consumer Cyclical,Lodging,2026-06-11,Lodging,0,0,0
TIPSMUSIC,82342723584.0,SMALL CAP,644.1500244140625,37.958164,31.675354,0.5399894000000005,1.962,0.73416,0.5772,0.324,0.935,Misc,Communication Services,Entertainment,2026-06-11,Entertainment,0,1,1
EQUITASBNK,82325102592.0,SMALL CAP,71.9800033569336,79.97778,1.3438131,0.016900001,94.248,0.32362998,0.02309,0.179,4.027,Financials,Financial Services,Banks - Regional,2026-06-11,Private Sector Banks,0,1,0
POWERMECH,82287722496.0,SMALL CAP,2602.699951171875,22.61644,3.6014605,0.17255,25.632,0.09738,0.06005,0.139,0.216,Industrials,Industrials,Engineering & Construction,2026-06-11,Engineering & EPC,0,1,0
CELLO,82235498496.0,SMALL CAP,372.29998779296875,25.343771,3.1056314,0.12976,1.411,0.17674999,0.13936,0.099,-0.007,Misc,Consumer Cyclical,"Furnishings, Fixtures & Appliances",2026-06-11,"Furnishings, Fixtures & Appliances",0,0,0
AXISCADES,81872150528.0,SMALL CAP,1925.0,114.994026,11.2714815,0.10366999,52.834,0.0725,0.06205,0.015,-0.95092,Industrials,Industrials,Engineering & Construction,2026-06-11,Engineering & EPC,0,0,0
SUDEEPPHRM,81735278592.0,SMALL CAP,723.6500244140625,48.50201,10.882609,0.25056,16.749,0.32199,0.26919,0.157,0.076,Misc,Healthcare,Drug Manufacturers - Specialty & Generic,2026-06-11,Drug Manufacturers - Specialty & Generic,0,0,0
GRINFRA,81583644672.0,SMALL CAP,843.1500244140625,9.0408535,0.8697702,0.100880004,51.877,0.12872,0.1075,0.097,-0.487,Industrials,Industrials,Engineering & Construction,2026-06-11,Engineering & EPC,0,0,0
TIMETECHNO,81237581824.0,SMALL CAP,164.57000732421875,16.473475,2.4542174,0.13372,17.605,0.11829001,0.07666,0.144,0.106,Misc,Consumer Cyclical,Packaging & Containers,2026-06-11,Packaging & Containers,0,1,0
GMRP&UI,80241737728.0,SMALL CAP,102.73999786376953,13.121328,5.213905,0.41511002,549.816,0.14103,0.081879996,0.154,0.183,Metals,Energy,Thermal Coal,2026-06-11,Coal,0,1,0
KRN,80186646528.0,SMALL CAP,1225.0,99.51259,13.295275,0.14258,32.633,0.15363,0.12743,0.365,0.569,Misc,Technology,Electronic Components,2026-06-11,Electronic Components,0,1,0
EMBDL,80107626496.0,SMALL CAP,57.630001068115234,26.132245,0.811553,-0.090459995,53.414,-0.79927003,-0.50389,-0.73,0.183,Misc,Real Estate,Real Estate - Diversified,2026-06-11,Real Estate - Diversified,0,0,0
MAHSEAMLES,80017653760.0,SMALL CAP,597.1500244140625,11.626753,1.1642439,0.106079996,0.194,0.16129999,0.15003,-0.128,-0.502,Misc,Basic Materials,Steel,2026-06-11,Steel,0,0,0
INDIASHLTR,79701401600.0,SMALL CAP,732.6500244140625,16.234213,2.4885874,0.17036,195.303,0.63122004,0.46425,0.281,0.283,Misc,Financial Services,Mortgage Finance,2026-06-11,Mortgage Finance,0,1,0
SHARDACROP,79619588096.0,SMALL CAP,882.5,11.691838,2.5383558,0.24157,29.1,0.21327999,0.12925,0.129,0.565,Chemicals,Basic Materials,Agricultural Inputs,2026-06-11,Agrochemicals,0,1,1
YATHARTH,79588704256.0,SMALL CAP,826.0,45.434544,4.713159,0.09889,14.614,0.14614001,0.14224,0.442,0.129,Misc,Healthcare,Medical Care Facilities,2026-06-11,Medical Care Facilities,0,1,0
V2RETAIL,79490981888.0,SMALL CAP,218.0,47.494553,8.458793,0.25959,110.224,0.05312,0.05284,0.598,1.688,Misc,Consumer Cyclical,Apparel Retail,2026-06-11,Apparel Retail,0,1,0
MIDHANI,79338487808.0,SMALL CAP,423.5,62.647926,5.5161185,0.08922,26.557,0.17974001,0.10877,0.346,0.387,Misc,Basic Materials,Steel,2026-06-11,Steel,0,1,0
PARAS,79217344512.0,SMALL CAP,983.0,89.93595,11.798171,0.13137999,3.731,0.22305,0.18486,0.579,0.746,Misc,Industrials,Aerospace & Defense,2026-06-11,Aerospace & Defense,0,1,0
CLEAN,78574665728.0,SMALL CAP,739.2999877929688,34.226852,4.963711,0.15309,0.135,0.30067,0.24009001,-0.055,-0.214,Chemicals,Basic Materials,Specialty Chemicals,2026-06-11,Specialty Chemicals,1,0,0
BLUESTONE,78555496448.0,SMALL CAP,515.4500122070312,495.62503,4.3576217,0.00971,110.033,0.1027,0.0060900003,0.477,0.183,Misc,Consumer Cyclical,Luxury Goods,2026-06-11,Luxury Goods,0,1,0
RELIGARE,78541766656.0,SMALL CAP,230.1699981689453,88.526924,2.634127,0.02001,12.72,0.055359997,0.01012,0.221,-0.169,Financials,Financial Services,Insurance - Life,2026-06-11,Life Insurance,0,0,0
KRBL,78188789760.0,SMALL CAP,342.0,12.066408,1.426037,0.11731,2.924,0.13517,0.10627,0.058,0.007,Misc,Consumer Defensive,Packaged Foods,2026-06-11,Packaged Foods,0,0,0
NESCO,76505432064.0,SMALL CAP,1085.800048828125,18.541668,2.5524695,0.14673,9.068,0.45831,0.4001,0.308,0.05,Misc,Industrials,Conglomerates,2026-06-11,Conglomerates,0,0,0
SKFINDIA,76460752896.0,SMALL CAP,1546.5999755859375,28.736528,5.751388,0.13543001,0.219,0.02898,0.07067,-0.51,0.183,Misc,Industrials,Tools & Accessories,2026-06-11,Tools & Accessories,0,0,0
SUPRIYA,76458663936.0,SMALL CAP,950.0,36.53846,6.3856535,0.19059,0.454,0.32228002,0.2526,0.502,0.467,Healthcare,Healthcare,Biotechnology,2026-06-11,Biotechnology,1,1,1
SKYGOLD,76197953536.0,SMALL CAP,492.0,27.272726,6.3597937,0.29828,72.072,0.071329996,0.04374,0.806,1.119,Misc,Consumer Cyclical,Luxury Goods,2026-06-11,Luxury Goods,0,1,0
ELANTAS,76117639168.0,SMALL CAP,9601.5,52.233162,7.549809,0.1040750025,29.1,0.16935,0.16763,0.078,-0.054,Chemicals,Basic Materials,Specialty Chemicals,2026-06-11,Specialty Chemicals,0,0,0
E2E,75789049856.0,SMALL CAP,369.0,26.132245,4.3903484,-0.0095,9.441,0.07064,-0.063379996,1.857,-0.596,Technology,Technology,Software - Infrastructure,2026-06-11,Software Products,0,0,0
CERA,75430289408.0,SMALL CAP,5850.5,36.916332,5.12513,0.14376001,3.172,0.13666001,0.0996,0.109,-0.097,Misc,Industrials,Building Products & Equipment,2026-06-11,Building Products & Equipment,0,0,0
KPIGREEN,75421736960.0,SMALL CAP,381.54998779296875,15.864865,2.4824815,0.17253,158.765,0.31695,0.17661,0.398,0.472,Energy,Utilities,Utilities - Renewable,2026-06-11,Power Generation – Renewable,0,1,0
WELENT,74777460736.0,SMALL CAP,551.4000244140625,21.005714,2.8126483,0.13603,60.918,0.18878001,0.09677,0.174,0.531,Industrials,Industrials,Engineering & Construction,2026-06-11,Engineering & EPC,0,1,0
SAFARI,74625122304.0,SMALL CAP,1523.0999755859375,44.52207,6.6927385,0.16223,10.456,0.092819996,0.081949994,0.124,-0.003,Misc,Consumer Cyclical,Footwear & Accessories,2026-06-11,Footwear & Accessories,0,0,0
RHIM,74485063680.0,SMALL CAP,360.70001220703125,26.132245,1.8597578,-0.10132,12.595,0.038829997,-0.09526,0.016,0.183,Misc,Industrials,Metal Fabrication,2026-06-11,Metal Fabrication,0,0,0
BAJAJCON,74380607488.0,SMALL CAP,569.4500122070312,40.158672,10.098422,0.25309,2.092,0.22031,0.16329001,0.304,1.13,Consumer,Consumer Defensive,Household & Personal Products,2026-06-11,FMCG – Personal Care,0,1,1
PGIL,74374897664.0,SMALL CAP,1610.4000244140625,26.7998,5.749068,0.20896,65.567,0.085030004,0.05526,0.069,0.203,Misc,Consumer Cyclical,Apparel Manufacturing,2026-06-11,Apparel Manufacturing,0,0,0
VIKRAMSOLR,74202923008.0,SMALL CAP,204.77999877929688,15.046289,2.3290567,0.21336001,20.366,0.12211,0.097959995,0.217,0.063,Misc,Technology,Solar,2026-06-11,Solar,0,0,0
SFL,74045300736.0,SMALL CAP,678.0499877929688,46.569366,2.276596,0.05061,27.85,0.07716,0.04177,0.236,3.222,Misc,Consumer Cyclical,"Furnishings, Fixtures & Appliances",2026-06-11,"Furnishings, Fixtures & Appliances",0,1,0
IMFA,73998057472.0,SMALL CAP,1371.5,17.442453,2.7231536,0.1671,35.121,0.18524,0.15012,0.346,1.182,Misc,Basic Materials,Other Industrial Metals & Mining,2026-06-11,Other Industrial Metals & Mining,0,1,0
SHREEJISPG,73687924736.0,SMALL CAP,452.29998779296875,46.43737,9.734418,0.2987,36.166,0.27366,0.21525,0.205,-0.262,Misc,Industrials,Marine Shipping,2026-06-11,Marine Shipping,0,0,0
SGMART,73478520832.0,SMALL CAP,583.0,65.35874,4.602874,0.0792,16.781,0.02871,0.01759,0.175,0.147,Misc,Industrials,Industrial Distribution,2026-06-11,Industrial Distribution,0,1,0
JYOTHYLAB,73409847296.0,SMALL CAP,199.91000366210938,21.449572,4.6177125,0.18316999,3.247,0.11282,0.11316,0.042,-0.116,Consumer,Consumer Defensive,Household & Personal Products,2026-06-11,FMCG – Personal Care,0,0,0
NEPHROPLUS,73148383232.0,SMALL CAP,729.0,89.99999,6.551572,0.09037,7.139,0.105129994,0.07693,0.212,0.003,Misc,Healthcare,Medical Care Facilities,2026-06-11,Medical Care Facilities,0,0,0
TTKPRESTIG,72960630784.0,SMALL CAP,532.75,45.495304,3.836156,0.1040750025,29.1,0.05973,0.05401,0.123,0.183,Misc,Consumer Cyclical,"Furnishings, Fixtures & Appliances",2026-06-11,"Furnishings, Fixtures & Appliances",0,1,0
PNGJL,72888942592.0,SMALL CAP,537.0999755859375,17.772997,3.714076,0.23306999,88.504,0.03339,0.03816,1.232,0.455,Misc,Consumer Cyclical,Luxury Goods,2026-06-11,Luxury Goods,0,1,0
JKLAKSHMI,72810700800.0,SMALL CAP,586.5,17.676311,1.9663458,0.11098,66.59,0.10644,0.06093,0.002,-0.27,Misc,Basic Materials,Building Materials,2026-06-11,Building Materials,0,0,0
GNFC,72654823424.0,SMALL CAP,494.45001220703125,8.991634,0.7973766,0.091350004,0.08707999999999999,0.18252,0.10395,0.074,0.871,Misc,Basic Materials,Chemicals,2026-06-11,Chemicals,0,0,0
GPPL,72640593920.0,SMALL CAP,150.1999969482422,14.090056,3.03171,0.21802999,1.544,0.60801,0.44472998,0.24,0.25,Misc,Industrials,Marine Shipping,2026-06-11,Marine Shipping,0,1,1
SANOFI,72638578688.0,SMALL CAP,3154.0,23.472502,9.695487,0.1040750025,2.376,0.28329,0.17465,-0.119,-0.141,Misc,Healthcare,Drug Manufacturers - General,2026-06-11,Drug Manufacturers - General,0,0,0
JSLL,72635129856.0,SMALL CAP,584.3499755859375,32.82865,20.527277,0.5399894000000005,27.261,0.28548,0.27684,0.548,0.775,Misc,Healthcare,Medical Care Facilities,2026-06-11,Medical Care Facilities,0,1,1
BORORENEW,72456265728.0,SMALL CAP,516.5,54.656086,4.7906137,0.10154,10.74,0.27594998,0.08166,0.165,0.183,Misc,Technology,Solar,2026-06-11,Solar,0,1,0
REDTAPE,72146919424.0,SMALL CAP,130.50999450683594,30.071426,8.384838,0.26577,70.489,0.13174,0.09945,0.355,0.69,Misc,Consumer Cyclical,Footwear & Accessories,2026-06-11,Footwear & Accessories,0,1,0
SHREMINVIT,72079613952.0,SMALL CAP,118.0,8.452722,2.2361767,0.1040750025,29.1,0.09375,0.0621700015,0.122,0.183,Misc,Unknown,Unknown,2026-06-11,Diversified,0,1,0
PRECWIRE,71907516416.0,SMALL CAP,393.3500061035156,45.84499,9.2233925,0.23027,37.995,0.04456,0.0287,0.667,0.819,Misc,Industrials,Electrical Equipment & Parts,2026-06-11,Electrical Equipment & Parts,0,1,0
ABFRL,71546503168.0,SMALL CAP,58.79999923706055,26.132245,1.2249235,-0.12693,98.822,-0.07627,-0.094890006,0.157,0.183,Misc,Consumer Cyclical,Apparel Manufacturing,2026-06-11,Apparel Manufacturing,0,1,0
INOXGREEN,71473610752.0,SMALL CAP,178.02000427246094,64.5,3.3230047,0.055999998,5.147,0.39771998,0.24023001,0.747,3.165,Energy,Utilities,Utilities - Renewable,2026-06-11,Power Generation – Renewable,0,1,0
GAEL,71428775936.0,SMALL CAP,155.72999572753906,23.524168,2.1680055,0.09664,13.384,0.1099,0.05312,0.158,3.214,Misc,Consumer Defensive,Packaged Foods,2026-06-11,Packaged Foods,0,1,0
TCI,71410106368.0,SMALL CAP,930.5,15.678181,2.9835002,0.19177,11.991,0.08053,0.0928,0.112,0.09,Misc,Industrials,Integrated Freight & Logistics,2026-06-11,Integrated Freight & Logistics,0,0,0
SONATSOFTW,71233060864.0,SMALL CAP,257.3500061035156,15.382547,3.7428916,0.25724,37.962,0.072280005,0.0434,-0.031,0.218,Technology,Technology,Information Technology Services,2026-06-11,IT Services,0,0,0
CAMPUS,71142105088.0,SMALL CAP,232.8000030517578,47.413445,7.8741755,0.18053,26.059,0.12859,0.0846,0.123,0.252,Misc,Consumer Cyclical,Footwear & Accessories,2026-06-11,Footwear & Accessories,0,1,0
BIRLACORPN,70571548672.0,SMALL CAP,916.4500122070312,12.651159,0.95825183,0.07755,46.04,0.13252,0.05775,0.008,0.149,Misc,Basic Materials,Building Materials,2026-06-11,Building Materials,0,0,0
MAXESTATES,69155266560.0,SMALL CAP,423.0,436.08246,2.7430127,0.0053899996,76.296,0.14196,0.05287,-0.087,0.183,Misc,Real Estate,Real Estate - Development,2026-06-11,Real Estate - Development,0,0,0
SUVEN,68989304832.0,SMALL CAP,261.6000061035156,26.132245,9.984352,-0.4629408,2.823,-5.3092397380000005,0.0,0.036,0.183,Misc,Healthcare,Drug Manufacturers - Specialty & Generic,2026-06-11,Drug Manufacturers - Specialty & Generic,0,0,0
IXIGO,68963172352.0,SMALL CAP,157.36000061035156,91.93568,9.113095,0.053260002,2.15,0.06555,0.05874,0.084,0.674,Misc,Consumer Cyclical,Travel Services,2026-06-11,Travel Services,0,0,0
DBL,68657307648.0,SMALL CAP,422.6499938964844,4.9099674,0.8103978,0.22893,115.513,0.14111,0.14497,-0.257,-0.722,Industrials,Industrials,Engineering & Construction,2026-06-11,Engineering & EPC,0,0,0
GOKULAGRO,68548644864.0,SMALL CAP,232.3000030517578,18.569145,4.8289194,0.30102,41.405,0.0291,0.015369999,0.135,1.45,Misc,Consumer Defensive,Packaged Foods,2026-06-11,Packaged Foods,0,1,0
MAHLIFE,68397678592.0,SMALL CAP,320.6000061035156,21.928865,1.885838,0.10797,18.26,-0.07391,0.25301,4.985060000000001,-0.195,Misc,Real Estate,Real Estate - Development,2026-06-11,Real Estate - Development,0,0,0
KIRLFER,68101488640.0,SMALL CAP,412.79998779296875,19.084604,1.8333385,0.100109994,12.218,0.04536,0.051939998,0.299,0.44,Misc,Industrials,Metal Fabrication,2026-06-11,Metal Fabrication,0,1,0
AVL,68094492672.0,SMALL CAP,527.2999877929688,58.329643,9.896586,0.18383,83.205,0.06379,0.043759998,0.284,0.369,Misc,Consumer Cyclical,Specialty Retail,2026-06-11,Specialty Retail,0,1,0
RCF,67785920512.0,SMALL CAP,122.87000274658203,15.854194,1.3769416,0.08665,80.607,0.04369,0.02313,0.496,1.589,Chemicals,Basic Materials,Agricultural Inputs,2026-06-11,Agrochemicals,0,1,0
SUDARSCHEM,67686547456.0,SMALL CAP,860.8499755859375,305.26596,1.9074556,0.0103400005,64.172,0.054629996,0.00228,1.065,0.183,Chemicals,Basic Materials,Specialty Chemicals,2026-06-11,Specialty Chemicals,0,1,0
EPL,67639861248.0,SMALL CAP,211.19000244140625,17.424917,2.3616438,0.15077,33.579,0.123950005,0.08165,0.177,-0.099,Misc,Consumer Cyclical,Packaging & Containers,2026-06-11,Packaging & Containers,0,0,0
GARFIBRES,67505737728.0,SMALL CAP,680.0499877929688,33.985508,4.9822702,0.15306,3.161,0.20437999,0.12996,-0.014,-0.194,Misc,Consumer Cyclical,Textile Manufacturing,2026-06-11,Textile Manufacturing,0,0,0
KINGFA,67363913728.0,SMALL CAP,4971.0,34.470562,5.2035303,0.17412001,1.101,0.14753,0.09284,0.232,0.262,Chemicals,Basic Materials,Specialty Chemicals,2026-06-11,Specialty Chemicals,0,1,0
DYNAMATECH,67065499648.0,SMALL CAP,9875.0,206.89294,8.448844,0.0429,80.387,0.06755,0.019989999,0.138,-0.219,Automobiles,Consumer Cyclical,Auto Parts,2026-06-11,Auto Components,0,0,0
SPARC,67049406464.0,SMALL CAP,206.61000061035156,4.316966,5.008606,0.5399894000000005,41.776,0.8849212000000001,0.8458531554000015,4.985060000000001,0.183,Misc,Healthcare,Drug Manufacturers - Specialty & Generic,2026-06-11,Drug Manufacturers - Specialty & Generic,0,1,1
TANLA,66674970624.0,SMALL CAP,504.45001220703125,13.191684,2.6768374,0.21409,2.118,0.13497,0.11525,0.15,0.164,Technology,Technology,Software - Application,2026-06-11,SaaS,0,1,0
HMT,66646470656.0,SMALL CAP,55.349998474121094,26.132245,-1.0000541,0.1040750025,29.1,-0.45895,-1.1392655999999999,-0.286,0.183,Misc,Industrials,Farm & Heavy Construction Machinery,2026-06-11,Farm & Heavy Construction Machinery,0,0,0
BALAMINES,66577575936.0,SMALL CAP,2054.800048828125,39.84487,3.2873173,0.08113,6.194,0.2034,0.11733,0.119,0.617,Chemicals,Basic Materials,Specialty Chemicals,2026-06-11,Specialty Chemicals,0,1,0
WESTLIFE,66432344064.0,SMALL CAP,428.0,207.767,10.6941185,0.05289,291.521,0.04538,0.01243,0.079,0.5,Hospitality,Consumer Cyclical,Restaurants,2026-06-11,Restaurants,0,0,0
RAIN,65967476736.0,SMALL CAP,196.1300048828125,21.913967,0.8855747,0.1040750025,127.738,0.09608,0.01704,0.2,0.183,Chemicals,Basic Materials,Specialty Chemicals,2026-06-11,Specialty Chemicals,0,1,0
ACI,65753935872.0,SMALL CAP,532.5999755859375,61.643513,3.269611,0.05552,24.128,0.06943,0.098850004,-0.129,-0.741,Misc,Basic Materials,Chemicals,2026-06-11,Chemicals,0,0,0
SJS,65188098048.0,SMALL CAP,2036.800048828125,39.851303,7.5062833,0.21881,2.639,0.23366,0.17873,0.297,0.429,Automobiles,Consumer Cyclical,Auto Parts,2026-06-11,Auto Components,0,1,1
ASHAPURMIN,64781025280.0,SMALL CAP,678.1500244140625,16.134905,4.54241,0.29049,87.774,0.08903,0.07665,2.546,0.276,Misc,Basic Materials,Other Industrial Metals & Mining,2026-06-11,Other Industrial Metals & Mining,0,1,0
NEWGEN,64566358016.0,SMALL CAP,457.3999938964844,21.667456,3.618499,0.18250999,2.214,0.31538,0.19092,0.053,-0.009,Technology,Technology,Software - Infrastructure,2026-06-11,Software Products,0,0,0
LOTUSDEV,64462655488.0,SMALL CAP,131.89999389648438,26.170633,3.380231,0.17059,6.839,0.39298,0.30832002,0.618,-0.013,Industrials,Industrials,Engineering & Construction,2026-06-11,Engineering & EPC,0,0,0
GSFC,64393973760.0,SMALL CAP,161.60000610351562,9.579134,0.52797866,0.0551,0.217,0.0113,0.06147,0.37,-0.277,Chemicals,Basic Materials,Agricultural Inputs,2026-06-11,Agrochemicals,0,0,0
HNDFDS,64216231936.0,SMALL CAP,530.0,42.88026,5.5105586,0.14496,93.406,0.0689,0.03506,0.196,0.309,Misc,Industrials,Conglomerates,2026-06-11,Conglomerates,0,1,0
DODLA,64050032640.0,SMALL CAP,1061.699951171875,23.987799,3.8252702,0.17337,3.405,0.02957,0.064720005,0.181,0.026,Consumer,Consumer Defensive,Food Distribution,2026-06-11,FMCG – Food,0,0,0
ISGEC,64044204032.0,SMALL CAP,871.0,58.7323,2.3401272,0.05371,32.93,0.04306,0.01604,0.174,0.041,Misc,Industrials,Specialty Industrial Machinery,2026-06-11,Specialty Industrial Machinery,0,0,0
INDIAGLYCO,63806128128.0,SMALL CAP,951.9500122070312,20.717083,2.1753986,0.112849995,57.645,0.1283,0.069520004,0.131,0.319,Misc,Basic Materials,Chemicals,2026-06-11,Chemicals,0,1,0
AJAXENGG,63530094592.0,SMALL CAP,555.2999877929688,28.404093,4.5639844,0.17663,0.132,0.14885001,0.107080005,0.003,0.045,Misc,Industrials,Farm & Heavy Construction Machinery,2026-06-11,Farm & Heavy Construction Machinery,1,0,0
KALPATARU,63483285504.0,SMALL CAP,308.29998779296875,64.63312,1.6218035,0.02447,224.816,0.12031999,0.02728,1.838,10.038,Misc,Real Estate,Real Estate - Development,2026-06-11,Real Estate - Development,0,1,0
KOVAI,63432294400.0,SMALL CAP,5797.0,25.98037,4.807828,0.20326,30.528,0.19803,0.15416999,0.159,0.158,Misc,Healthcare,Medical Care Facilities,2026-06-11,Medical Care Facilities,0,1,1
ICIL,63377387520.0,SMALL CAP,320.0,50.078247,2.7463098,0.05469,56.992,0.04133,0.03059,0.034,1.2,Misc,Consumer Cyclical,Textile Manufacturing,2026-06-11,Textile Manufacturing,0,0,0
GANESHHOU,63061483520.0,SMALL CAP,756.25,19.927536,2.8461802,0.1040750025,13.079,0.73619,0.62872005,-0.622,-0.628,Misc,Real Estate,Real Estate - Development,2026-06-11,Real Estate - Development,0,0,0
ETHOSLTD,62880575488.0,SMALL CAP,2350.0,64.82758,4.2379603,0.07265,19.366,0.09349,0.057140004,0.372,-0.117,Misc,Consumer Cyclical,Luxury Goods,2026-06-11,Luxury Goods,0,0,0
CELLECOR,62865342464.0,SMALL CAP,288.8,160.44444,31.374252,0.1040750025,29.1,0.09375,0.0621700015,0.122,0.183,Misc,Unknown,Unknown,2026-06-11,Diversified,0,1,0
SUNFLAG,62761426944.0,SMALL CAP,348.25,30.983097,0.7337232,0.022939999,5.905,0.09563,0.051370002,0.133,-0.208,Misc,Basic Materials,Steel,2026-06-11,Steel,0,0,0
JKPAPER,62663766016.0,SMALL CAP,345.6000061035156,23.574352,1.1357399,0.047810003,44.544,0.08992,0.03757,0.224,0.591,Misc,Basic Materials,Paper & Paper Products,2026-06-11,Paper & Paper Products,0,1,0
TRANSRAILL,62643863552.0,SMALL CAP,466.6000061035156,15.610573,3.023999,0.19392,29.726,0.103879996,0.05953,-0.057,-0.278,Industrials,Industrials,Engineering & Construction,2026-06-11,Engineering & EPC,0,0,0
SHAKTIPUMP,62525751296.0,SMALL CAP,506.70001220703125,24.117088,3.8436449,0.17969999,29.625,0.08675,0.09548,0.286,-0.662,Misc,Industrials,Specialty Industrial Machinery,2026-06-11,Specialty Industrial Machinery,0,0,0
GREENLAM,61962620928.0,SMALL CAP,242.85000610351562,109.88688,5.1108027,0.04862,98.417,0.08519,0.01847,0.258,16.134920000000058,Misc,Consumer Cyclical,"Furnishings, Fixtures & Appliances",2026-06-11,"Furnishings, Fixtures & Appliances",0,1,0
SUPRAJIT,61733875712.0,SMALL CAP,450.04998779296875,33.787537,4.299745,0.13446,69.079,0.07693,0.04776,0.188,1.62,Automobiles,Consumer Cyclical,Auto Parts,2026-06-11,Auto Components,0,1,0
PRAJIND,61494665216.0,SMALL CAP,334.54998779296875,255.38168,4.69999,0.017719999,13.217,-0.00451,0.00753,-0.018,-0.709,Industrials,Industrials,Engineering & Construction,2026-06-11,Engineering & EPC,0,0,0
FDC,61379399680.0,SMALL CAP,377.0,21.80451,2.4701712,0.118090004,0.622,0.15732999,0.12963,0.189,1.668,Misc,Healthcare,Drug Manufacturers - Specialty & Generic,2026-06-11,Drug Manufacturers - Specialty & Generic,0,1,0
CEIGALL,61259141120.0,SMALL CAP,351.6499938964844,19.844809,2.8100078,0.15484,61.085,0.14947,0.07754,0.371,0.788,Industrials,Industrials,Engineering & Construction,2026-06-11,Engineering & EPC,0,1,0
KENNAMET,60833566720.0,SMALL CAP,2767.89990234375,43.85834,7.5833497,0.1040750025,0.262,0.16075,0.1021,0.392,1.104,Misc,Industrials,Tools & Accessories,2026-06-11,Tools & Accessories,0,1,0
CSBBANK,60478074880.0,SMALL CAP,356.8500061035156,9.779391,1.2648469,0.13483,29.1,0.36215,0.2378,0.079,0.058,Financials,Financial Services,Banks - Regional,2026-06-11,Private Sector Banks,0,0,0
SIS,60462592000.0,SMALL CAP,427.8999938964844,44.387966,2.3751373,0.05565,70.299,0.030439999,0.0086199995,0.31,0.183,Misc,Industrials,Security & Protection Services,2026-06-11,Security & Protection Services,0,1,0
GVPIL,60370268160.0,SMALL CAP,898.2000122070312,18.731749,10.363173,0.5399894000000005,3.02,0.32781,0.199,0.188,-0.311,Industrials,Industrials,Engineering & Construction,2026-06-11,Engineering & EPC,0,0,0
OMNI,59409154048.0,SMALL CAP,480.3999938964844,64.6568,7.815703,0.17963,63.958,0.32549,0.15522,0.385,0.359,Misc,Industrials,Specialty Industrial Machinery,2026-06-11,Specialty Industrial Machinery,0,1,0
GALAXYSURF,59393798144.0,SMALL CAP,1675.199951171875,22.247011,2.3434975,0.1047,8.579,0.06723,0.05095,0.148,-0.18,Chemicals,Basic Materials,Specialty Chemicals,2026-06-11,Specialty Chemicals,0,0,0
SAATVIKGL,59358040064.0,SMALL CAP,467.0,15.702757,4.366567,0.42051,69.034,0.05802,0.07856,0.749,-0.38,Misc,Technology,Solar,2026-06-11,Solar,0,0,0
FIEMIND,59279769600.0,SMALL CAP,2252.300048828125,23.18851,4.878403,0.22686,5.395,0.12339,0.09011,0.174,0.207,Automobiles,Consumer Cyclical,Auto Parts,2026-06-11,Auto Components,0,1,0
PRSMJOHNSN,59229966336.0,SMALL CAP,117.66999816894531,81.15172,3.8084605,0.1040750025,93.47,0.0035299999,0.02535,-0.008,0.26,Misc,Basic Materials,Building Materials,2026-06-11,Building Materials,0,0,0
LATENTVIEW,59149504512.0,SMALL CAP,285.8500061035156,29.900627,3.3690848,0.12173,1.863,0.24028999,0.1744,0.261,-0.011,Technology,Industrials,Consulting Services,2026-06-11,IT Consulting,0,0,0
ARVINDFASN,59075506176.0,SMALL CAP,441.5,47.73218,6.2501764,0.15903,115.111,0.08354,0.02327,0.148,0.183,Misc,Consumer Cyclical,Apparel Retail,2026-06-11,Apparel Retail,0,1,0
JAIBALAJI,58885832704.0,SMALL CAP,64.55000305175781,45.45775,2.6565974,0.059310004,18.455,0.03452,0.02247,0.098,-0.715,Misc,Basic Materials,Steel,2026-06-11,Steel,0,0,0
SKIPPER,58823000064.0,SMALL CAP,521.0,27.580732,3.918295,0.15878999,63.557,0.091129996,0.03838,0.294,0.623,Industrials,Industrials,Engineering & Construction,2026-06-11,Engineering & EPC,0,1,0
ALOKINDS,58639491072.0,SMALL CAP,11.8100004196167,26.132245,-0.2708343,0.1040750025,29.1,-0.058730002,-0.20031,0.031,0.183,Misc,Consumer Cyclical,Textile Manufacturing,2026-06-11,Textile Manufacturing,0,0,0
MOIL,57555795968.0,SMALL CAP,282.8500061035156,19.821302,2.125046,0.10005,29.1,0.20464,0.18160999,0.026,-0.199,Misc,Basic Materials,Other Industrial Metals & Mining,2026-06-11,Other Industrial Metals & Mining,0,0,0
HCC,57235378176.0,SMALL CAP,21.850000381469727,29.133333,2.2424054,0.10915,47.912,0.16687,0.0417,-0.278,-0.46,Industrials,Industrials,Engineering & Construction,2026-06-11,Engineering & EPC,0,0,0
AARTIPHARM,57173311488.0,SMALL CAP,630.6500244140625,32.795113,2.691922,0.08492,37.359,0.175,0.096020006,0.033,-0.308,Misc,Healthcare,Drug Manufacturers - Specialty & Generic,2026-06-11,Drug Manufacturers - Specialty & Generic,0,0,0
TIIL,56681996288.0,SMALL CAP,2500.0,19.850721,3.0092382,0.15108,40.163,0.14975001,0.10341,0.013,0.154,Misc,Industrials,Tools & Accessories,2026-06-11,Tools & Accessories,0,0,0
DCBBANK,56437628928.0,SMALL CAP,175.22999572753906,7.6787906,0.8629596,0.11968,29.1,0.34235,0.24443,0.124,0.134,Financials,Financial Services,Banks - Regional,2026-06-11,Private Sector Banks,0,1,0
PICCADIL,56430989312.0,SMALL CAP,572.5,40.231907,6.1471887,0.17366,58.89,0.18259001,0.13251,0.409,0.023,Misc,Consumer Defensive,Beverages - Wineries & Distilleries,2026-06-11,Beverages - Wineries & Distilleries,0,0,0
FEDFINA,56180461568.0,SMALL CAP,150.00999450683594,16.46652,1.9159099,0.12555,467.341,0.38526002,0.27889,0.186,0.385,Financials,Financial Services,Credit Services,2026-06-11,NBFC – Lending,0,1,0
DBREALTY,56139100160.0,SMALL CAP,103.5,207.0,1.1116481,0.00598,18.413,-0.57688,0.01599,-0.831,0.183,Misc,Real Estate,Real Estate - Development,2026-06-11,Real Estate - Development,0,0,0
KSHINTL,55922163712.0,SMALL CAP,825.3499755859375,44.92923,13.375522,0.1040750025,139.569,0.05178,0.036229998,0.585,-0.119,Misc,Industrials,Electrical Equipment & Parts,2026-06-11,Electrical Equipment & Parts,0,0,0
NIRLON,55873183744.0,SMALL CAP,620.0,16.154247,11.927665,0.5399894000000005,244.748,0.69122005,0.51703,0.082,0.319,Misc,Real Estate,Real Estate Services,2026-06-11,Real Estate Services,0,0,1
NEOGEN,55404081152.0,SMALL CAP,2023.4000244140625,184.44849,6.5358043,0.03581,170.915,0.14727001,0.033350002,0.216,3.759,Chemicals,Basic Materials,Specialty Chemicals,2026-06-11,Specialty Chemicals,0,1,0
POWERICA,55360122880.0,SMALL CAP,437.45001220703125,33.240883,2.4449065,0.17886999,28.506,0.06092,0.08875,0.109,0.127,Misc,Industrials,Specialty Industrial Machinery,2026-06-11,Specialty Industrial Machinery,0,1,0
AEROFLEX,54963585024.0,SMALL CAP,415.3500061035156,97.27167,12.041574,0.14062999,1.988,0.17672001,0.12564999,0.372,0.564,Misc,Industrials,Metal Fabrication,2026-06-11,Metal Fabrication,0,1,0
VMART,54812549120.0,SMALL CAP,689.0499877929688,58.692505,5.484626,0.14081,100.682,0.026919998,0.03272,0.245,-0.358,Misc,Consumer Cyclical,Department Stores,2026-06-11,Department Stores,0,0,0
UNIMECH,54755065856.0,SMALL CAP,1076.6500244140625,86.75665,7.756118,0.09,17.186,0.34327,0.26314,0.196,-0.168,Misc,Industrials,Aerospace & Defense,2026-06-11,Aerospace & Defense,0,0,0
INNOVACAP,54707032064.0,SMALL CAP,956.0,38.767235,5.015345,0.13746999,31.508,0.09553,0.08645,0.423,0.286,Misc,Healthcare,Drug Manufacturers - Specialty & Generic,2026-06-11,Drug Manufacturers - Specialty & Generic,0,1,0
SENORES,54619553792.0,SMALL CAP,1186.0,44.97535,7.2136292,0.13793,35.46,0.21799,0.18396,0.534,1.089,Misc,Healthcare,Drug Manufacturers - General,2026-06-11,Drug Manufacturers - General,0,1,0
BECTORFOOD,54490828800.0,SMALL CAP,177.5,38.671024,4.2996945,0.11563,15.011,0.08153,0.06894,0.089,0.027,Misc,Consumer Defensive,Packaged Foods,2026-06-11,Packaged Foods,0,0,0
IBULLSLTD,54284632064.0,SMALL CAP,24.25,19.246033,1.828119,0.24445999,14.753,0.40914002,0.31094,0.122,0.183,Misc,Real Estate,Real Estate - Development,2026-06-11,Real Estate - Development,0,1,1
TVSSCS,53965139968.0,SMALL CAP,122.31999969482422,47.227802,2.7251258,0.06004,133.606,0.027460001,0.01039,0.213,0.183,Misc,Industrials,Integrated Freight & Logistics,2026-06-11,Integrated Freight & Logistics,0,1,0
PTC,53817270272.0,SMALL CAP,181.80999755859375,8.890464,0.8995063,0.103769995,25.059,0.04679,0.03611,0.289,-0.7,Misc,Utilities,Utilities - Independent Power Producers,2026-06-11,Utilities - Independent Power Producers,0,0,0
SMLMAH,53791109120.0,SMALL CAP,3717.0,33.68984,10.35552,0.35421002,55.669,0.08579001,0.05629,0.164,0.023,Automobiles,Consumer Cyclical,Auto Manufacturers,2026-06-11,Passenger Vehicles,0,0,0
RPEL,53790679040.0,SMALL CAP,1171.3499755859375,97.85714,21.99388,0.25011998,2.213,0.28079,0.21318,0.393,0.5,Misc,Basic Materials,Chemicals,2026-06-11,Chemicals,0,1,1
SENCO,53698117632.0,SMALL CAP,327.75,9.345594,2.5463233,0.25617,107.377,0.1258,0.06813,0.511,1.516,Misc,Consumer Cyclical,Luxury Goods,2026-06-11,Luxury Goods,0,1,0
SURYAROSNI,53554339840.0,SMALL CAP,246.10000610351562,18.757622,2.0367963,0.112110004,3.031,0.05617,0.0379,0.008,-0.246,Misc,Basic Materials,Steel,2026-06-11,Steel,0,0,0
PAISALO,53525360640.0,SMALL CAP,58.849998474121094,22.461832,3.1942031,0.1040750025,226.216,0.63885,0.45058998,0.2,0.043,Financials,Financial Services,Credit Services,2026-06-11,NBFC – Lending,0,0,0
MASFIN,53138620416.0,SMALL CAP,292.8500061035156,14.306303,1.7844521,0.13217,339.79,0.55188,0.40534002,-0.046,0.251,Financials,Financial Services,Credit Services,2026-06-11,NBFC – Lending,0,0,0
SAPPHIRE,53090066432.0,SMALL CAP,165.0,26.132245,3.8349795,-0.022950001,102.058,0.02962,-0.01023,0.114,0.183,Hospitality,Consumer Cyclical,Restaurants,2026-06-11,Restaurants,0,1,0
AHLUCONT,52618727424.0,SMALL CAP,785.5,19.770954,2.55655,0.13785,3.552,0.07175,0.05824,0.088,-0.016,Industrials,Industrials,Engineering & Construction,2026-06-11,Engineering & EPC,0,0,0
STYLAMIND,52283781120.0,SMALL CAP,3083.0,34.950687,6.5377216,0.20469,3.605,0.17444,0.13271,0.067,0.276,Misc,Consumer Cyclical,"Furnishings, Fixtures & Appliances",2026-06-11,"Furnishings, Fixtures & Appliances",0,0,1
HAPPSTMNDS,51817828352.0,SMALL CAP,344.8500061035156,24.474806,3.0752835,0.13028,87.994,0.13581,0.09184,0.109,0.799,Technology,Technology,Information Technology Services,2026-06-11,IT Services,0,1,0
THOMASCOOK,51453136896.0,SMALL CAP,108.88999938964844,23.168085,2.1560667,0.09263,21.373,0.02104,0.02606,-0.103,-0.403,Misc,Consumer Cyclical,Travel Services,2026-06-11,Travel Services,0,0,0
SMARTWORKS,50846625792.0,SMALL CAP,445.0,26.132245,9.613931,0.03269,556.8185800000006,0.20066999,0.0058600004,0.45,0.183,Misc,Real Estate,Real Estate Services,2026-06-11,Real Estate Services,0,1,0
CENTUM,50654441472.0,SMALL CAP,3436.300048828125,50.489277,19.701296,0.28000998,37.984,0.13962,-0.054380003,-0.077,-0.95092,Misc,Technology,Electronic Components,2026-06-11,Electronic Components,0,0,0
PNCINFRA,50571567104.0,SMALL CAP,197.1300048828125,6.0805063,0.7429532,0.1299,75.883,0.14959,0.15495,-0.051,0.429,Industrials,Industrials,Engineering & Construction,2026-06-11,Engineering & EPC,0,0,0
IFBIND,50069073920.0,SMALL CAP,1235.699951171875,34.88707,5.0332165,0.15633,15.671,0.03243,0.02555,0.123,1.26,Misc,Consumer Cyclical,"Furnishings, Fixtures & Appliances",2026-06-11,"Furnishings, Fixtures & Appliances",0,1,0
MASTEK,49356345344.0,SMALL CAP,1592.0999755859375,12.290413,1.5964375,0.14814,14.648,0.14102,0.109230004,0.036,0.308,Technology,Technology,Information Technology Services,2026-06-11,IT Services,0,0,0
BALUFORGE,49331527680.0,SMALL CAP,429.0,17.942284,3.6742349,0.19556,9.524,0.21525,0.23379,-0.023,0.124,Misc,Industrials,Metal Fabrication,2026-06-11,Metal Fabrication,0,0,1
ICRA,49019805696.0,SMALL CAP,5080.0,26.963907,4.140635,0.16277,29.1,0.34390998,0.30277002,0.041,0.323,Misc,Financial Services,Financial Data & Stock Exchanges,2026-06-11,Financial Data & Stock Exchanges,0,0,0
ITDC,48995770368.0,SMALL CAP,571.25,59.074455,11.590043,0.21701999,0.155,0.20183,0.15517001,-0.222,0.119,Misc,Consumer Cyclical,Lodging,2026-06-11,Lodging,1,0,0
MBAPL,48891453440.0,SMALL CAP,557.9500122070312,32.533527,10.659904,0.1040750025,68.15,0.09819999,0.059169997,1.158,0.775,Chemicals,Basic Materials,Agricultural Inputs,2026-06-11,Agrochemicals,0,1,0
JSFB,48667566080.0,SMALL CAP,462.0,14.951456,1.088129,0.076009996,29.1,0.17341,0.1176,0.176,0.129,Financials,Financial Services,Banks - Regional,2026-06-11,Private Sector Banks,0,1,0
CARERATING,48571469824.0,SMALL CAP,1616.4000244140625,28.432718,5.209841,0.19754,2.776,0.43565,0.36183998,0.192,0.235,Misc,Financial Services,Financial Data & Stock Exchanges,2026-06-11,Financial Data & Stock Exchanges,0,1,1
ENTERO,48544526336.0,SMALL CAP,1115.5,42.173912,2.8731043,0.0828,38.638,0.03731,0.01745,0.426,0.091,Misc,Healthcare,Medical Distribution,2026-06-11,Medical Distribution,0,0,0
PURVA,48497111040.0,SMALL CAP,204.5,77.16981,2.7158756,0.03232,315.044,0.19357,0.01704,1.692,0.183,Misc,Real Estate,Real Estate - Development,2026-06-11,Real Estate - Development,0,1,0
RTNPOWER,48492052480.0,SMALL CAP,9.029999732971191,90.299995,1.0457441,0.0113699995,80.012,0.08394,0.01753,-0.159,-0.647,Misc,Utilities,Utilities - Independent Power Producers,2026-06-11,Utilities - Independent Power Producers,0,0,0
RTNINDIA,48331063296.0,SMALL CAP,35.0,26.132245,6.278027,0.1040750025,143.033,0.017380001,0.0,0.553,0.183,Misc,Consumer Cyclical,Internet Retail,2026-06-11,Internet Retail,0,1,0
RBA,48321527808.0,SMALL CAP,67.91999816894531,26.132245,4.9032626,-0.25794,285.657,-0.00799,-0.06628,0.117,0.183,Hospitality,Consumer Cyclical,Restaurants,2026-06-11,Restaurants,0,1,0
CRAMC,48306876416.0,SMALL CAP,242.24000549316406,23.702543,6.489846,0.30286,2.358,0.56520003,0.44826,0.029,-0.01,Financials,Financial Services,Asset Management,2026-06-11,Asset Management Companies,0,0,0
GOKEX,48034529280.0,SMALL CAP,655.5499877929688,49.88965,2.2224445,0.047220003,58.934,0.06625,0.025109999,0.053,-0.346,Misc,Consumer Cyclical,Apparel Manufacturing,2026-06-11,Apparel Manufacturing,0,0,0
CMSINFO,47860133888.0,SMALL CAP,290.70001220703125,15.91133,1.9644148,0.12913,9.102,0.16094999,0.12198,0.022,-0.181,Misc,Industrials,Specialty Business Services,2026-06-11,Specialty Business Services,0,0,0
EBGNG,47810732032.0,SMALL CAP,419.3500061035156,274.085,6.2293887,0.26766002,58.541,0.09224,0.06981,0.43,1.434,Misc,Technology,Computer Hardware,2026-06-11,Computer Hardware,0,1,0
RUSTOMJEE,47616643072.0,SMALL CAP,377.20001220703125,60.74074,1.697272,0.03344,51.271,0.057690002,0.02903,1.759,-0.191,Misc,Real Estate,Real Estate - Development,2026-06-11,Real Estate - Development,0,0,0
DHANUKA,47431409664.0,SMALL CAP,1052.199951171875,16.505096,2.8200192,0.18624,1.822,0.22464001,0.14220999,0.093,0.296,Chemicals,Basic Materials,Agricultural Inputs,2026-06-11,Agrochemicals,0,0,1
LUMAXIND,47364956160.0,SMALL CAP,5067.0,27.455973,5.162622,0.20389,106.063,0.06609,0.041220002,0.299,0.23,Automobiles,Consumer Cyclical,Auto Parts,2026-06-11,Auto Components,0,1,0
TIMEX,47022510080.0,SMALL CAP,465.79998779296875,62.35609,39.4612,0.5399894000000005,31.919,0.16803,0.094469994,0.737,6.946,Misc,Consumer Cyclical,Luxury Goods,2026-06-11,Luxury Goods,0,1,1
COOLCAPS,46952464384.0,SMALL CAP,343.0,329.8077,134.29915,0.1040750025,29.1,0.09375,0.0621700015,0.122,0.183,Misc,Unknown,Unknown,2026-06-11,Diversified,0,1,0
PILANIINVS,46897623040.0,SMALL CAP,4235.60009765625,151.05563,0.2956826,0.00195,15.067,0.8849212000000001,0.10774,-0.141,0.183,Financials,Financial Services,Asset Management,2026-06-11,Asset Management Companies,0,0,0
MOS,46866432000.0,SMALL CAP,187.95,257.46573,20.955513,0.1040750025,29.1,0.09375,0.0621700015,0.122,0.183,Misc,Unknown,Unknown,2026-06-11,Diversified,0,1,0
JAMNAAUTO,46862987264.0,SMALL CAP,117.22000122070312,20.315424,4.0719767,0.21584,13.054,0.14295,0.08844,0.317,0.727,Automobiles,Consumer Cyclical,Auto Parts,2026-06-11,Auto Components,0,1,0
LGBBROSLTD,46824607744.0,SMALL CAP,1468.0,14.697638,2.1737747,0.15689,10.719,0.10306,0.103640005,0.218,-0.17,Automobiles,Consumer Cyclical,Auto Parts,2026-06-11,Auto Components,0,0,0
EPIGRAL,46678925312.0,SMALL CAP,1082.0,14.059252,2.101738,0.16092,25.751,0.17237,0.13136,0.173,-0.068,Misc,Basic Materials,Chemicals,2026-06-11,Chemicals,0,0,0
CCAVENUE,46506422272.0,SMALL CAP,13.359999656677246,14.365591,0.797993,0.06686,8.63,0.028369999,0.03401,1.145,0.196,Technology,Technology,Software - Infrastructure,2026-06-11,Software Products,0,1,0
RENUKA,46486216704.0,SMALL CAP,21.84000015258789,26.132245,-1.7492992,0.1040750025,29.1,0.06003,-0.08647,-0.061,0.183,Misc,Consumer Defensive,Confectioners,2026-06-11,Confectioners,0,0,0
AGIIL,46299033600.0,SMALL CAP,370.3999938964844,47.609253,9.98625,0.24336,38.289,0.16206,0.26908,0.028,0.654,Misc,Real Estate,Real Estate - Development,2026-06-11,Real Estate - Development,0,0,1
BLISSGVS,46198046720.0,SMALL CAP,436.70001220703125,36.331116,4.073428,0.1040750025,1.766,0.13918,0.12567,0.298,1.247,Misc,Healthcare,Drug Manufacturers - Specialty & Generic,2026-06-11,Drug Manufacturers - Specialty & Generic,0,1,0
MAPMYINDIA,46081429504.0,SMALL CAP,841.5,34.445354,5.087328,0.15796,0.778,0.39196,0.28298,0.01,0.045,Technology,Technology,Software - Infrastructure,2026-06-11,Software Products,1,0,0
SWSOLAR,45980119040.0,SMALL CAP,196.77999877929688,26.132245,7.0756173,-0.35946,182.951,0.07344,-0.04099,-0.228,1.43,Misc,Technology,Solar,2026-06-11,Solar,0,0,0
INDIGOPNTS,45940269056.0,SMALL CAP,963.5999755859375,31.728678,3.979631,0.13514,1.831,0.18871,0.10326,0.097,0.013,Chemicals,Basic Materials,Specialty Chemicals,2026-06-11,Specialty Chemicals,0,0,0
NETWORK18,45886726144.0,SMALL CAP,29.709999084472656,30.0101,0.92184055,0.031689998,65.925,-0.00214,0.07177,0.097,0.183,Misc,Communication Services,Entertainment,2026-06-11,Entertainment,0,0,0
SYMPHONY,45838159872.0,SMALL CAP,667.5,26.132245,8.377785,-0.216,31.743,0.13018,-0.12467,-0.307,0.183,Misc,Consumer Cyclical,"Furnishings, Fixtures & Appliances",2026-06-11,"Furnishings, Fixtures & Appliances",0,0,0
SUBROS,45792235520.0,SMALL CAP,701.9500122070312,27.624952,3.681627,0.1486,6.009,0.05836,0.044109996,0.156,0.069,Automobiles,Consumer Cyclical,Auto Parts,2026-06-11,Auto Components,0,0,0
DEEDEV,45609910272.0,SMALL CAP,658.5,59.217625,5.1784744,0.09127,79.221,0.13762,0.06774,0.263,-0.121,Misc,Industrials,Metal Fabrication,2026-06-11,Metal Fabrication,0,0,0
RAYMONDLSL,45578846208.0,SMALL CAP,748.3499755859375,98.98809,0.4728835,0.0047999998,22.681,0.011419999,0.0067000003,0.171,0.183,Misc,Consumer Cyclical,Apparel Manufacturing,2026-06-11,Apparel Manufacturing,0,1,0
SWARAJENG,45569904640.0,SMALL CAP,3741.300048828125,23.138721,9.296426,0.43234003,0.419,0.1275,0.09781,0.202,0.201,Automobiles,Consumer Cyclical,Auto Parts,2026-06-11,Auto Components,1,1,0
BANSALWIRE,45322948608.0,SMALL CAP,289.5,28.188898,3.167292,0.11923,38.769,0.05409,0.03869,0.209,0.209,Misc,Basic Materials,Steel,2026-06-11,Steel,0,1,0
KODYTECH,45253836800.0,SMALL CAP,3550.0,285.59933,26.09143,0.1040750025,29.1,0.09375,0.0621700015,0.122,0.183,Misc,Unknown,Unknown,2026-06-11,Diversified,0,1,0
MHRIL,45238120448.0,SMALL CAP,224.17999267578125,65.20639,5.817017,0.08522,488.662,0.108,0.02323,0.053,-0.431,Misc,Consumer Cyclical,Resorts & Casinos,2026-06-11,Resorts & Casinos,0,0,0
BANARISUG,45193080832.0,SMALL CAP,3604.0,30.519096,2.3622718,0.08012,0.484,0.05415,0.07717,-0.428,0.182,Misc,Consumer Defensive,Confectioners,2026-06-11,Confectioners,0,0,0
NORTHARC,45167480832.0,SMALL CAP,279.5,11.256544,1.1579541,0.109960005,314.235,0.42924,0.29346,0.122,2.499,Financials,Financial Services,Credit Services,2026-06-11,NBFC – Lending,0,1,0
GUJALKALI,45112303616.0,SMALL CAP,614.2999877929688,26.132245,1.1806922,0.1040750025,6.128,0.29207,0.1839,3.957,5.191,Misc,Basic Materials,Chemicals,2026-06-11,Chemicals,0,1,0
JUSTDIAL,45075988480.0,SMALL CAP,530.0,8.978486,0.8826757,0.102340005,1.655,0.25351998,0.40945,0.062,-0.365,Misc,Communication Services,Internet Content & Information,2026-06-11,Internet Content & Information,0,0,0
GULFOILLUB,44943904768.0,SMALL CAP,907.6500244140625,12.406369,2.9182448,0.22142,35.781,0.11143,0.085710004,0.122,-0.027,Chemicals,Basic Materials,Specialty Chemicals,2026-06-11,Specialty Chemicals,0,0,0
DATAMATICS,44844015616.0,SMALL CAP,758.7000122070312,23.081839,2.9044373,0.1348,14.384,0.16943,0.097729996,0.044,-0.015,Technology,Technology,Information Technology Services,2026-06-11,IT Services,0,0,0
KMEW,44752273408.0,SMALL CAP,1830.800048828125,53.11285,7.8499975,0.19958,38.764,0.16118,0.30749,0.424,1.133,Misc,Industrials,Marine Shipping,2026-06-11,Marine Shipping,0,1,1
MANINFRA,44693954560.0,SMALL CAP,110.72000122070312,21.838264,1.9737241,0.10152,2.766,0.105620004,0.31815,-0.505,-0.483,Industrials,Industrials,Engineering & Construction,2026-06-11,Engineering & EPC,0,0,0
KISSHT,44521639936.0,SMALL CAP,264.25,27.670156,1.5595951,0.23966,180.902,0.20091999,0.14607,0.709,0.492,Financials,Financial Services,Credit Services,2026-06-11,NBFC – Lending,0,1,1
KSCL,44232015872.0,SMALL CAP,866.5999755859375,15.216856,2.0911,0.18160999,29.1,-0.30479,0.21211,0.187,0.183,Chemicals,Basic Materials,Agricultural Inputs,2026-06-11,Agrochemicals,0,1,0
SANDHAR,44129263616.0,SMALL CAP,731.4000244140625,21.845879,3.3033888,0.1607,86.084,0.060399998,0.040939998,0.289,0.498,Automobiles,Consumer Cyclical,Auto Parts,2026-06-11,Auto Components,0,1,0
MIDWESTLTD,44116197376.0,SMALL CAP,1220.0,41.34192,4.4016786,0.13219,19.664,0.23136,0.16239001,-0.062,-0.285,Misc,Basic Materials,Building Materials,2026-06-11,Building Materials,0,0,0
BAJAJHIND,44019867648.0,SMALL CAP,18.670000076293945,21.709303,0.8322932,0.031400003,92.996,0.19171,0.023120001,0.074,0.23,Misc,Consumer Defensive,Confectioners,2026-06-11,Confectioners,0,0,0
SHARDAMOTR,44003028992.0,SMALL CAP,766.5,13.051251,3.3512592,0.29089,3.744,0.09828,0.101689994,0.296,0.066,Automobiles,Consumer Cyclical,Auto Parts,2026-06-11,Auto Components,0,0,0
WEBELSOLAR,43911290880.0,SMALL CAP,101.13999938964844,14.489971,10.911641,0.5399894000000005,20.729,0.30507,0.28873,1.321,1.443,Misc,Technology,Solar,2026-06-11,Solar,0,1,1
RESPONIND,43731800064.0,SMALL CAP,164.02999877929688,29.448832,2.7923326,0.10221,12.509,0.06682,0.10647,0.13,-0.576,Chemicals,Basic Materials,Specialty Chemicals,2026-06-11,Specialty Chemicals,0,0,0
FCL,43657138176.0,SMALL CAP,37.4900016784668,34.394497,3.5337923,0.14895001,0.872,0.12524,0.14083,1.619,1.159,Chemicals,Basic Materials,Specialty Chemicals,2026-06-11,Specialty Chemicals,0,1,0
TRUALT,43652354048.0,SMALL CAP,509.04998779296875,41.419853,2.8685498,0.08254,104.636,0.1609,0.05554,-0.343,-0.558,Misc,Energy,Oil & Gas Refining & Marketing,2026-06-11,Oil & Gas Refining & Marketing,0,0,0
RALLIS,43601870848.0,SMALL CAP,224.2100067138672,23.675817,2.0837748,0.09317,2.991,-0.061929997,0.06348,0.06,0.183,Chemicals,Basic Materials,Agricultural Inputs,2026-06-11,Agrochemicals,0,0,0
SHILCTECH,43539111936.0,SMALL CAP,3805.800048828125,27.508492,8.869282,0.37762,29.1,0.2038,0.24260001,-0.36,-0.487,Misc,Industrials,Electrical Equipment & Parts,2026-06-11,Electrical Equipment & Parts,0,0,0
ORCHPHARMA,43529670656.0,SMALL CAP,858.25,210.3554,3.3791897,0.1040750025,29.1,-0.12264,-0.29572,-0.015,0.183,Misc,Healthcare,Drug Manufacturers - Specialty & Generic,2026-06-11,Drug Manufacturers - Specialty & Generic,0,0,0
VIPIND,43453657088.0,SMALL CAP,305.8999938964844,26.132245,9.364763,-0.4629408,254.843,-0.25888002,-0.18191,-0.117,0.183,Misc,Consumer Cyclical,Footwear & Accessories,2026-06-11,Footwear & Accessories,0,0,0
VSTIND,43352313856.0,SMALL CAP,255.6999969482422,14.849013,3.4205072,0.21114,29.1,0.31738,0.19955999,0.309,1.195,Consumer,Consumer Defensive,Tobacco,2026-06-11,Tobacco,0,1,1
REFEX,43197304832.0,SMALL CAP,297.1000061035156,16.542318,2.7100248,0.17817,14.918,0.16506,0.089320004,0.488,0.875,Metals,Energy,Thermal Coal,2026-06-11,Coal,0,1,0
JUNIPER,43189936128.0,SMALL CAP,194.11000061035156,30.472528,1.5084237,0.050619997,41.613,0.35533002,0.13516,0.086,-0.084,Misc,Consumer Cyclical,Lodging,2026-06-11,Lodging,0,0,0
OSWALPUMPS,42979844096.0,SMALL CAP,377.0,10.848921,2.9129739,0.3508,14.111,0.22297001,0.18226999,0.398,0.349,Misc,Industrials,Electrical Equipment & Parts,2026-06-11,Electrical Equipment & Parts,0,1,1
ELECTCAST,42926739456.0,SMALL CAP,69.44000244140625,27.555557,0.72359717,0.027590001,26.35,0.01166,0.02728,-0.124,-0.905,Misc,Industrials,Building Products & Equipment,2026-06-11,Building Products & Equipment,0,0,0
GOODLUCK,42678243328.0,SMALL CAP,1284.0,22.875467,2.5812418,0.12699,73.233,0.0932,0.04407,-0.015,0.378,Misc,Basic Materials,Steel,2026-06-11,Steel,0,0,0
NRBBEARING,42587791360.0,SMALL CAP,439.3999938964844,29.972715,4.4266686,0.15174,15.653,0.13627,0.106920004,0.13,0.183,Automobiles,Consumer Cyclical,Auto Parts,2026-06-11,Auto Components,0,1,0
PDSL,42519515136.0,SMALL CAP,299.95001220703125,38.16158,2.4041007,0.09936,67.994,0.02438,0.00852,-0.003,0.224,Misc,Industrials,Specialty Business Services,2026-06-11,Specialty Business Services,0,0,0
VADILALIND,42219159552.0,SMALL CAP,5873.7001953125,27.225828,5.3772063,0.20063,26.996,0.17142001,0.103190005,0.57,1.493,Misc,Consumer Defensive,Packaged Foods,2026-06-11,Packaged Foods,0,1,1
ORIANA,42219130880.0,SMALL CAP,2077.8,18.157825,6.637639,0.1040750025,29.1,0.09375,0.0621700015,0.122,0.183,Misc,Unknown,Unknown,2026-06-11,Diversified,0,1,0
AURIONPRO,42045100032.0,SMALL CAP,761.5,19.768951,2.3583956,0.13245,3.478,0.16351,0.14833,0.057,0.205,Technology,Technology,Software - Application,2026-06-11,SaaS,0,0,0
AVANTEL,42035453952.0,SMALL CAP,158.1999969482422,304.23077,12.428313,0.05211,10.164,0.12567,0.06728,0.296,-0.31,Misc,Technology,Communication Equipment,2026-06-11,Communication Equipment,0,0,0
STYL,42012880896.0,SMALL CAP,259.6499938964844,16.81671,3.0336843,0.23236,5.865,0.2689,0.16654,0.096,0.185,Technology,Technology,Software - Infrastructure,2026-06-11,Software Products,0,0,1
GREAVESCOT,41672683520.0,SMALL CAP,178.88999938964844,39.316483,2.9054735,0.1040750025,12.328,0.03943,0.03334,0.166,0.225,Misc,Industrials,Specialty Industrial Machinery,2026-06-11,Specialty Industrial Machinery,0,1,0
GUJTHEM,41487261696.0,SMALL CAP,380.04998779296875,89.21361,14.390926,0.17413999,56.23,0.34638,0.28151,0.172,-0.091,Misc,Healthcare,Drug Manufacturers - Specialty & Generic,2026-06-11,Drug Manufacturers - Specialty & Generic,0,0,0
TEXRAIL,41105526784.0,SMALL CAP,101.02999877929688,20.873966,1.4072598,0.073850006,37.094,0.079679996,0.04458,-0.133,0.432,Misc,Industrials,Railroads,2026-06-11,Railroads,0,0,0
LXCHEM,41066119168.0,SMALL CAP,148.13999938964844,51.797203,2.088126,0.04077,27.344,0.046830002,0.027880002,0.036,-0.025,Chemicals,Basic Materials,Specialty Chemicals,2026-06-11,Specialty Chemicals,0,0,0
KRISHANA,41044250624.0,SMALL CAP,663.8499755859375,22.773584,7.31991,0.38145,130.807,0.10901,0.074499995,0.598,1.531,Chemicals,Basic Materials,Agricultural Inputs,2026-06-11,Agrochemicals,0,1,0
IONEXCHANG,40886669312.0,SMALL CAP,332.6000061035156,27.67055,2.945031,0.11233,35.976,0.00031,0.04895,0.034,-0.619,Misc,Industrials,Pollution & Treatment Controls,2026-06-11,Pollution & Treatment Controls,0,0,0
SEAMECLTD,40809668608.0,SMALL CAP,1599.5,16.174538,3.1246095,0.21945,27.069,0.33626,0.26393998,0.638,1.407,Misc,Industrials,Marine Shipping,2026-06-11,Marine Shipping,0,1,1
ADVENZYMES,40613752832.0,SMALL CAP,362.70001220703125,24.067686,2.487552,0.11016,1.902,0.26079,0.22624001,0.216,0.62,Chemicals,Basic Materials,Specialty Chemicals,2026-06-11,Specialty Chemicals,0,1,0
SUNTECK,40264085504.0,SMALL CAP,274.20001220703125,19.684135,1.2053702,0.052270003,17.311,0.27405,0.18185,0.645,0.262,Misc,Real Estate,Real Estate - Development,2026-06-11,Real Estate - Development,0,1,0
VRLLOG,40148037632.0,SMALL CAP,229.5,16.93727,3.664144,0.21269,101.023,0.13363,0.073520005,0.057,-0.029,Misc,Industrials,Trucking,2026-06-11,Trucking,0,0,0
PACEDIGITK,39755497472.0,SMALL CAP,184.17999267578125,12.181216,2.5511813,0.1040750025,11.33,0.176,0.114750005,0.135,0.156,Misc,Technology,Communication Equipment,2026-06-11,Communication Equipment,0,1,0
UNIVCABLES,39733145600.0,SMALL CAP,1145.199951171875,25.04264,2.123639,0.08906,62.258,0.06892,0.05396,0.247,0.113,Misc,Industrials,Electrical Equipment & Parts,2026-06-11,Electrical Equipment & Parts,0,1,0
AGI,39724191744.0,SMALL CAP,614.0,11.303388,1.650471,0.15612,10.126,0.21176,0.13194,0.053,0.194,Misc,Consumer Cyclical,Packaging & Containers,2026-06-11,Packaging & Containers,0,0,0
WHEELS,39647449088.0,SMALL CAP,1622.699951171875,25.55433,3.8061438,0.1040750025,29.1,0.04892,0.03187,0.025,-0.098,Automobiles,Consumer Cyclical,Auto Parts,2026-06-11,Auto Components,0,0,0
CAPILLARY,39513473024.0,SMALL CAP,497.20001220703125,72.478134,3.851129,0.06582,5.238,0.09712,0.07132,0.258,3.06,Technology,Technology,Software - Infrastructure,2026-06-11,Software Products,0,1,0
MSTCLTD,39441600512.0,SMALL CAP,560.25,18.066753,4.745991,0.266,16.041,0.61678004,0.59091,0.337,0.023,Misc,Industrials,Conglomerates,2026-06-11,Conglomerates,0,0,0
VISHNU,39271735296.0,SMALL CAP,583.4000244140625,27.623106,3.9297843,0.14218001,49.066,0.14776,0.08838,0.147,0.115,Chemicals,Basic Materials,Specialty Chemicals,2026-06-11,Specialty Chemicals,0,1,0
SHOPERSTOP,39193395200.0,SMALL CAP,355.8999938964844,26.132245,13.42006,-0.1179,556.8185800000006,0.03299,-0.00716,0.137,0.183,Misc,Consumer Cyclical,Department Stores,2026-06-11,Department Stores,0,1,0
GHCL,39099441152.0,SMALL CAP,426.54998779296875,8.50718,1.1308894,0.13420999,2.345,0.18744,0.15419,0.012,-0.218,Misc,Basic Materials,Chemicals,2026-06-11,Chemicals,0,0,0
EMIL,39090475008.0,SMALL CAP,101.5999984741211,36.54676,2.4102674,0.06787,122.806,0.04601,0.01491,0.113,0.256,Misc,Consumer Cyclical,Specialty Retail,2026-06-11,Specialty Retail,0,1,0
MOSCHIP,38942081024.0,SMALL CAP,200.7100067138672,110.28022,9.519542,0.09558,21.561,0.0388,0.060159996,0.137,-0.098,Misc,Technology,Semiconductor Equipment & Materials,2026-06-11,Semiconductor Equipment & Materials,0,0,0
INDOSTAR,38860234752.0,SMALL CAP,240.5,26.692564,1.027194,0.035150003,144.787,0.8849212000000001,0.0,0.122,0.183,Financials,Financial Services,Credit Services,2026-06-11,NBFC – Lending,0,1,0
SBCL,38851153920.0,SMALL CAP,674.4500122070312,40.458908,8.038928,0.21614,14.779,0.19564,0.16792,0.228,0.24,Misc,Industrials,Metal Fabrication,2026-06-11,Metal Fabrication,0,1,1
HEMIPROP,38799773696.0,SMALL CAP,136.0800018310547,26.132245,9.014309,-0.02696,20.144,-5.3092397380000005,0.0,0.07,0.183,Misc,Real Estate,Real Estate - Diversified,2026-06-11,Real Estate - Diversified,0,0,0
HIRECT,38634397696.0,SMALL CAP,1124.0,81.86453,18.532564,0.21110001,118.871,0.01632,0.045050003,0.512,-0.549,Misc,Industrials,Electrical Equipment & Parts,2026-06-11,Electrical Equipment & Parts,0,0,0
EMUDHRA,38560456704.0,SMALL CAP,470.0,36.153847,4.232137,0.13259,3.153,0.17392999,0.15364,0.317,0.217,Technology,Technology,Software - Application,2026-06-11,SaaS,0,1,0
SGFIN,38545281024.0,SMALL CAP,584.9500122070312,26.090544,2.2728245,0.10316,185.189,0.8849212000000001,0.38259998,0.97,1.06,Misc,Financial Services,Capital Markets,2026-06-11,Capital Markets,0,1,0
IOLCP,38516682752.0,SMALL CAP,131.22000122070312,27.978678,2.2015302,0.07896,7.529,0.11652,0.05935,0.174,0.697,Misc,Healthcare,Drug Manufacturers - Specialty & Generic,2026-06-11,Drug Manufacturers - Specialty & Generic,0,1,0
RAYMONDREL,38400176128.0,SMALL CAP,577.0,12.672963,2.8611948,0.37721002,64.676,0.19632,0.10184,4.985060000000001,0.657,Misc,Real Estate,Real Estate - Development,2026-06-11,Real Estate - Development,0,1,1
MANINDS,38393647104.0,SMALL CAP,511.8500061035156,22.005589,1.7820028,0.09231,30.097,0.10112,0.04784,-0.05,-0.206,Misc,Basic Materials,Steel,2026-06-11,Steel,0,0,0
LUXIND,38100819968.0,SMALL CAP,1267.0,36.76727,2.0776827,0.06,33.964,0.06452,0.035439998,0.068,-0.087,Misc,Consumer Cyclical,Apparel Manufacturing,2026-06-11,Apparel Manufacturing,0,0,0
SINDHUTRAD,37977706496.0,SMALL CAP,24.6299991607666,91.22221,3.461214,0.02607,20.486,0.016549999,0.07148,-0.611,0.183,Misc,Industrials,Conglomerates,2026-06-11,Conglomerates,0,0,0
VSTTILLERS,37931941888.0,SMALL CAP,4383.7998046875,36.374046,3.5863028,0.09992,0.175,0.12349,0.08443,0.09,-0.792,Misc,Industrials,Farm & Heavy Construction Machinery,2026-06-11,Farm & Heavy Construction Machinery,0,0,0
WAKEFIT,37887778816.0,SMALL CAP,114.3499984741211,19.058332,3.3475804,0.22896999,24.021,0.03595,0.12705,0.135,0.183,Misc,Consumer Cyclical,"Furnishings, Fixtures & Appliances",2026-06-11,"Furnishings, Fixtures & Appliances",0,1,0
VAIBHAVGBL,37884395520.0,SMALL CAP,226.58999633789062,14.395807,2.2909863,0.17754,25.234,0.059369996,0.07209,0.1,1.678,Misc,Consumer Cyclical,Luxury Goods,2026-06-11,Luxury Goods,0,0,0
IDEAFORGE,37787389952.0,SMALL CAP,870.9000244140625,26.132245,6.357074,-0.028199999,13.974,0.35402,-0.07531,4.985060000000001,0.183,Misc,Technology,Computer Hardware,2026-06-11,Computer Hardware,0,1,0
STYRENIX,37758148608.0,SMALL CAP,2145.800048828125,20.632692,3.0290284,0.14432,40.115,0.11622,0.05293,-0.108,0.309,Misc,Basic Materials,Chemicals,2026-06-11,Chemicals,0,0,0
NACLIND,37724889088.0,SMALL CAP,161.0500030517578,616.6650680000004,5.070205,0.00823,45.68,0.01222,0.0028799998,0.792,0.183,Chemicals,Basic Materials,Agricultural Inputs,2026-06-11,Agrochemicals,0,1,0
SOTL,37420273664.0,SMALL CAP,545.7999877929688,20.565184,2.1632118,0.10462,0.098,0.04681,0.04168,0.217,0.622,Chemicals,Basic Materials,Specialty Chemicals,2026-06-11,Specialty Chemicals,0,1,0
ROLEXRINGS,37260619776.0,SMALL CAP,136.82000732421875,26.41313,3.0702603,0.123459995,29.1,0.15326001,0.12339,0.077,0.183,Misc,Industrials,Metal Fabrication,2026-06-11,Metal Fabrication,0,0,0
RAYMOND,37082460160.0,SMALL CAP,557.2000122070312,109.46954,1.3023103,0.01472,33.836,0.06429,0.8458531554000015,0.122,-0.95092,Misc,Industrials,Specialty Industrial Machinery,2026-06-11,Specialty Industrial Machinery,0,0,0
OPTIEMUS,36921139200.0,SMALL CAP,416.29998779296875,57.027393,4.705922,0.087139994,45.355,0.00417,0.03679,0.079,-0.027,Misc,Technology,Electronics & Computer Distribution,2026-06-11,Electronics & Computer Distribution,0,0,0
ORIENTELEC,36901552128.0,SMALL CAP,172.92999267578125,39.30227,4.848731,0.13179,12.281,0.06091,0.02881,0.1,0.295,Misc,Consumer Cyclical,"Furnishings, Fixtures & Appliances",2026-06-11,"Furnishings, Fixtures & Appliances",0,0,0
ELLEN,36847616000.0,SMALL CAP,261.45001220703125,34.62914,3.7795992,0.14199,18.873,0.24102,0.30563998,0.06,0.165,Misc,Basic Materials,Chemicals,2026-06-11,Chemicals,0,0,0
ROSSTECH,36758032384.0,SMALL CAP,971.4000244140625,168.06229,23.590267,0.15179,264.369,0.08776,0.04513,0.646,0.106,Misc,Industrials,Aerospace & Defense,2026-06-11,Aerospace & Defense,0,1,0
ZOTA,36653981696.0,SMALL CAP,1208.4000244140625,26.132245,11.727826,-0.16046,38.847,-0.1122,-0.13726,0.677,0.183,Healthcare,Healthcare,Biotechnology,2026-06-11,Biotechnology,0,1,0
RPGLIFE,36468527104.0,SMALL CAP,2205.0,31.694696,6.0238657,0.20278999,3.304,0.15314999,0.16278,0.236,-0.745,Misc,Healthcare,Drug Manufacturers - Specialty & Generic,2026-06-11,Drug Manufacturers - Specialty & Generic,0,0,0
POCL,36341985280.0,SMALL CAP,1191.0999755859375,27.113588,4.609466,0.19094,19.293,0.05661,0.04458,0.786,1.193,Chemicals,Basic Materials,Specialty Chemicals,2026-06-11,Specialty Chemicals,0,1,0
QUESS,36294443008.0,SMALL CAP,243.0,16.352625,3.1071386,0.19714001,10.656,0.01946,0.014479999,0.122,0.183,Misc,Industrials,Staffing & Employment Services,2026-06-11,Staffing & Employment Services,0,1,0
GREENPLY,36227837952.0,SMALL CAP,290.04998779296875,40.453274,4.0158114,0.10536,57.505,0.098450005,0.03269,0.196,0.861,Misc,Basic Materials,Lumber & Wood Production,2026-06-11,Lumber & Wood Production,0,1,0
NFL,36204687360.0,SMALL CAP,73.80000305175781,17.12297,1.2692407,0.07612,139.519,0.050869998,0.00983,-0.025,0.124,Chemicals,Basic Materials,Agricultural Inputs,2026-06-11,Agrochemicals,0,0,0
ANUP,36152791040.0,SMALL CAP,1804.800048828125,32.796658,5.232457,0.16945,15.903,0.14767,0.13425,-0.064,-0.113,Misc,Industrials,Specialty Industrial Machinery,2026-06-11,Specialty Industrial Machinery,0,0,0
CRIZAC,36046393344.0,SMALL CAP,206.0,16.466825,6.166003,0.40003,0.31,0.2166,0.21027,0.15,0.505,Misc,Consumer Defensive,Education & Training Services,2026-06-11,Education & Training Services,1,1,1
HARSHA,36026155008.0,SMALL CAP,395.70001220703125,23.22183,2.5689967,0.11687,26.551,0.12798001,0.0954,0.271,0.183,Misc,Industrials,Tools & Accessories,2026-06-11,Tools & Accessories,0,1,0
ASHIANA,35862241280.0,SMALL CAP,356.75,29.753962,3.958435,0.14524001,37.597,0.08748,0.09928001,0.524,0.068,Misc,Real Estate,Real Estate - Development,2026-06-11,Real Estate - Development,0,0,0
TARC,35747966976.0,SMALL CAP,121.13999938964844,189.28125,3.3303092,0.01808,178.38,-0.44639,0.05782,4.985060000000001,0.183,Misc,Real Estate,Real Estate - Development,2026-06-11,Real Estate - Development,0,1,0
GUFICBIO,35665473536.0,SMALL CAP,355.6499938964844,59.17637,5.3721128,0.10144,60.866,0.1571,0.06802,0.228,1.831,Misc,Healthcare,Drug Manufacturers - Specialty & Generic,2026-06-11,Drug Manufacturers - Specialty & Generic,0,1,0
HGINFRA,35635564544.0,SMALL CAP,546.7999877929688,10.806324,1.1625336,0.10586,153.264,0.1329,0.06311,0.048,-0.424,Industrials,Industrials,Engineering & Construction,2026-06-11,Engineering & EPC,0,0,0
DBCORP,35595710464.0,SMALL CAP,199.6999969482422,10.719271,1.4651933,0.14269,10.796,0.1368,0.14095001,0.047,0.191,Misc,Communication Services,Publishing,2026-06-11,Publishing,0,0,0
SAMHI,35526004736.0,SMALL CAP,159.92999267578125,6.218118,2.3246992,0.33367002,81.102,0.21295999,0.4031,0.081,4.396,Misc,Consumer Cyclical,Lodging,2026-06-11,Lodging,0,0,1
SMSPHARMA,35414515712.0,SMALL CAP,378.1499938964844,33.97574,4.6211658,0.14310001,46.455,0.12511,0.115,-0.041,0.492,Misc,Healthcare,Drug Manufacturers - General,2026-06-11,Drug Manufacturers - General,0,0,0
SSWL,35396128768.0,SMALL CAP,225.02000427246094,18.627483,1.9602923,0.11361,45.898,0.076680005,0.0367,0.195,-0.0,Automobiles,Consumer Cyclical,Auto Parts,2026-06-11,Auto Components,0,0,0
PREMEXPLN,35381899264.0,SMALL CAP,657.8499755859375,81.31644,12.251606,0.17045,11.133,-0.03599,0.11797,0.204,0.745,Chemicals,Basic Materials,Specialty Chemicals,2026-06-11,Specialty Chemicals,0,1,0
PSPPROJECT,35358498816.0,SMALL CAP,891.9500122070312,63.574486,2.8298986,0.1040750025,26.131,0.02997,0.0863,0.657,2.211,Industrials,Industrials,Engineering & Construction,2026-06-11,Engineering & EPC,0,1,0
BAJAJELEC,35148636160.0,SMALL CAP,304.6000061035156,26.132245,2.2837179,0.1040750025,84.783,-0.02102,0.00795,-0.185,0.183,Misc,Consumer Cyclical,"Furnishings, Fixtures & Appliances",2026-06-11,"Furnishings, Fixtures & Appliances",0,0,0
FOSECOIND,35146362880.0,SMALL CAP,4640.0,38.26804,3.3749332,0.1040750025,29.1,0.14436,0.12117,0.012,-0.011,Misc,Basic Materials,Chemicals,2026-06-11,Chemicals,0,0,0
JKIL,35002863616.0,SMALL CAP,462.6000061035156,9.049296,1.0327644,0.12137,18.443,0.09962,0.06755,-0.029,-0.034,Industrials,Industrials,Engineering & Construction,2026-06-11,Engineering & EPC,0,0,0
MAYURUNIQ,34831601664.0,SMALL CAP,801.5999755859375,17.900848,3.423607,0.18365,0.687,0.28677,0.19827999,0.091,0.434,Misc,Consumer Cyclical,Textile Manufacturing,2026-06-11,Textile Manufacturing,1,0,1
KDDL,34808193024.0,SMALL CAP,2830.10009765625,39.460403,3.2220495,0.08123,26.688,0.091129996,0.04091,0.37,0.257,Misc,Consumer Cyclical,Luxury Goods,2026-06-11,Luxury Goods,0,1,0
GOPAL,34638675968.0,SMALL CAP,277.8500061035156,47.09322,7.9867196,0.16670999,32.169,0.049889997,0.04883,0.29,0.183,Misc,Consumer Defensive,Packaged Foods,2026-06-11,Packaged Foods,0,1,0
SANATHAN,34546577408.0,SMALL CAP,409.29998779296875,44.683407,1.8421668,0.04204,80.77,0.053189997,0.020299999,0.597,-0.504,Misc,Consumer Cyclical,Textile Manufacturing,2026-06-11,Textile Manufacturing,0,0,0
INDRAMEDCO,34519465984.0,SMALL CAP,376.54998779296875,18.7993,4.6611953,0.27466,4.979,0.13477999,0.123859994,0.093,0.018,Misc,Healthcare,Medical Care Facilities,2026-06-11,Medical Care Facilities,0,0,0
KSL,34509926400.0,SMALL CAP,790.5499877929688,13.383274,1.6395975,0.1040750025,29.1,0.13818,0.08605,-0.102,-0.102,Misc,Basic Materials,Steel,2026-06-11,Steel,0,0,0
RPTECH,34442461184.0,SMALL CAP,522.6500244140625,12.694924,1.7005819,0.14938,48.65,0.028180001,0.01754,0.51,0.606,Misc,Technology,Electronics & Computer Distribution,2026-06-11,Electronics & Computer Distribution,0,1,0
AYE,34342313984.0,SMALL CAP,140.4600067138672,14.616026,1.2247888,0.0924,199.987,0.33492002,0.19490999,0.085,0.791,Financials,Financial Services,Credit Services,2026-06-11,NBFC – Lending,0,0,0
CYIENTDLM,34190182400.0,SMALL CAP,430.79998779296875,46.77524,3.3752496,0.07472,17.021,0.08719,0.05809,-0.138,-0.275,Misc,Industrials,Aerospace & Defense,2026-06-11,Aerospace & Defense,0,0,0
UNICHEMLAB,34167910400.0,SMALL CAP,485.20001220703125,13.529412,1.4022809,0.097849995,18.405,0.029679999,0.11163,-0.021,-0.793,Misc,Healthcare,Drug Manufacturers - Specialty & Generic,2026-06-11,Drug Manufacturers - Specialty & Generic,0,0,0
PITTIENG,34150606848.0,SMALL CAP,925.1500244140625,29.147764,3.460225,0.124960005,82.134,0.118719995,0.06159,0.069,-0.25,Misc,Industrials,Metal Fabrication,2026-06-11,Metal Fabrication,0,0,0
RAMRAT,34119086080.0,SMALL CAP,365.5,31.865736,5.8868055,0.20249,115.438,0.04597,0.020680001,0.851,0.597,Misc,Industrials,Electrical Equipment & Parts,2026-06-11,Electrical Equipment & Parts,0,1,0
BHAGCHEM,34077032448.0,SMALL CAP,262.79998779296875,238.90907,4.945706,0.02633,33.6,0.07073,0.03391,0.289,0.183,Chemicals,Basic Materials,Agricultural Inputs,2026-06-11,Agrochemicals,0,1,0
SHANTIGEAR,33788758016.0,SMALL CAP,440.29998779296875,44.074074,7.8367505,0.18186001,29.1,0.14197,0.14779,-0.118,-0.276,Misc,Industrials,Specialty Industrial Machinery,2026-06-11,Specialty Industrial Machinery,0,0,0
AARTIDRUGS,33660375040.0,SMALL CAP,368.79998779296875,17.274004,2.1721206,0.13359,37.221,0.10901,0.07598,0.064,-0.12,Misc,Healthcare,Drug Manufacturers - Specialty & Generic,2026-06-11,Drug Manufacturers - Specialty & Generic,0,0,0
TFCILTD,33653817344.0,SMALL CAP,72.69000244140625,27.22472,2.565288,0.09754,81.939,0.82244,0.672,0.204,0.059,Financials,Financial Services,Credit Services,2026-06-11,NBFC – Lending,0,0,0
GMMPFAUDLR,33650481152.0,SMALL CAP,748.5,58.113354,2.7947667,0.04581,84.461,0.0349,0.01641,0.17,0.183,Misc,Industrials,Specialty Industrial Machinery,2026-06-11,Specialty Industrial Machinery,0,1,0
JTEKTINDIA,33565024256.0,SMALL CAP,121.0,42.605637,2.8305416,0.07445,28.653,0.05333,0.02885,0.202,0.021,Automobiles,Consumer Cyclical,Auto Parts,2026-06-11,Auto Components,0,0,0
CARYSIL,33530988544.0,SMALL CAP,1178.9000244140625,34.10182,5.5157604,0.17277001,45.99,0.14534001,0.10627,0.145,0.485,Misc,Consumer Cyclical,"Furnishings, Fixtures & Appliances",2026-06-11,"Furnishings, Fixtures & Appliances",0,1,0
HEIDELBERG,33521037312.0,SMALL CAP,147.91000366210938,25.027075,2.4372199,0.096829996,1.037,0.09375,0.05751,0.055,-0.103,Misc,Basic Materials,Building Materials,2026-06-11,Building Materials,0,0,0
MAHLOG,33358598144.0,SMALL CAP,336.20001220703125,616.6650680000004,4.2303147,0.01279,46.725,0.02527,0.00033,0.201,0.289,Misc,Industrials,Integrated Freight & Logistics,2026-06-11,Integrated Freight & Logistics,0,1,0
KNRCON,33348798464.0,SMALL CAP,118.58000183105469,7.630631,0.6701063,0.091850005,49.162,0.22309999,0.162,-0.326,-0.236,Industrials,Industrials,Engineering & Construction,2026-06-11,Engineering & EPC,0,0,0
GRAUWEIL,32849659904.0,SMALL CAP,72.44999694824219,20.013811,3.0424557,0.16232,1.343,0.14956,0.13781,0.042,0.911,Chemicals,Basic Materials,Specialty Chemicals,2026-06-11,Specialty Chemicals,0,0,0
NOVARTIND,32712837120.0,SMALL CAP,1324.9000244140625,35.06882,3.9985757,0.11627,0.393,0.22308001,0.26298,0.08,-0.138,Misc,Healthcare,Drug Manufacturers - Specialty & Generic,2026-06-11,Drug Manufacturers - Specialty & Generic,0,0,0
INDIQUBE,32643393536.0,SMALL CAP,153.97999572753906,26.132245,5.646291,-0.41569,556.8185800000006,0.23741,-0.0733,0.352,0.183,Misc,Real Estate,Real Estate Services,2026-06-11,Real Estate Services,0,1,0
SASKEN,32615983104.0,SMALL CAP,2147.699951171875,60.481556,3.8122911,0.06988,3.212,0.0684,0.048449997,1.257,1.444,Technology,Technology,Information Technology Services,2026-06-11,IT Services,0,1,0
SETL,32542365696.0,SMALL CAP,155.72000122070312,38.832916,3.9477754,0.10995,10.365,0.13577,0.100930005,0.388,0.303,Misc,Industrials,Specialty Industrial Machinery,2026-06-11,Specialty Industrial Machinery,0,1,0
ASHOKA,32507750400.0,SMALL CAP,115.80000305175781,4.566246,0.49400625,0.47987998,24.459,0.11387999,0.3391,-0.275,-0.669,Industrials,Industrials,Engineering & Construction,2026-06-11,Engineering & EPC,0,0,0
KERNEX,32462278656.0,SMALL CAP,1932.0,36.632534,13.06191,0.43605998,65.52,0.40453997,0.20426,2.065,1.098,Technology,Technology,Software - Application,2026-06-11,SaaS,0,1,1
NPST,32359288832.0,SMALL CAP,1551.0,75.18178,7.3233614,0.17201,3.119,0.15812,0.24084,1.352,0.904,Technology,Technology,Software - Application,2026-06-11,SaaS,0,1,0
PANACEABIO,32285265920.0,SMALL CAP,527.0999755859375,26.132245,3.9111948,0.1040750025,2.786,0.019919999,-0.01285,0.01,-0.122,Healthcare,Healthcare,Biotechnology,2026-06-11,Biotechnology,0,0,0
KIRLOSIND,32275918848.0,SMALL CAP,3067.10009765625,20.305197,0.4683483,0.04326,13.481,0.10556,0.0229,0.029,-0.062,Misc,Industrials,Metal Fabrication,2026-06-11,Metal Fabrication,0,0,0
ARSSBL,32187461632.0,SMALL CAP,513.1500244140625,21.92949,2.0409584,0.13961,63.43,0.25219,0.17045,0.282,0.882,Financials,Financial Services,Financial Conglomerates,2026-06-11,NBFC – Investment,0,1,0
JINDALPOLY,32174254080.0,SMALL CAP,734.7999877929688,26.132245,0.78826654,0.1040750025,84.483,-0.33227003,-0.06955,-0.729,0.183,Misc,Consumer Cyclical,Packaging & Containers,2026-06-11,Packaging & Containers,0,0,0
WSTCSTPAPR,32165818368.0,SMALL CAP,487.0,21.36902,0.8915789,0.037720002,8.243,0.07383,0.0352,0.188,0.179,Misc,Basic Materials,Paper & Paper Products,2026-06-11,Paper & Paper Products,0,1,0
ROUTE,32087468032.0,SMALL CAP,509.29998779296875,13.423827,1.1586665,0.09722,1.488,0.099580005,0.05422,-0.038,0.932,Telecom,Communication Services,Telecom Services,2026-06-11,Telecom Services,0,0,0
DEEPINDS,32019200000.0,SMALL CAP,500.29998779296875,17.797935,1.6041787,0.09786,9.61,0.26648,0.20201999,0.487,0.183,Misc,Energy,Oil & Gas E&P,2026-06-11,Oil & Gas E&P,0,1,0
SANGHVIMOV,31877283840.0,SMALL CAP,368.20001220703125,17.286386,2.4312296,0.15026,51.403,0.28035998,0.17216,0.314,0.278,Misc,Industrials,Rental & Leasing Services,2026-06-11,Rental & Leasing Services,0,1,0
CHEMPLASTS,31454318592.0,SMALL CAP,198.94000244140625,26.132245,1.792753,-0.14641,111.239,0.11131,-0.06626,0.091,0.183,Misc,Basic Materials,Chemicals,2026-06-11,Chemicals,0,0,0
KOLTEPATIL,31179921408.0,SMALL CAP,352.29998779296875,59.89779,2.5777504,-0.0373,98.241,-0.03861,-0.05262,-0.654,0.183,Misc,Real Estate,Real Estate - Development,2026-06-11,Real Estate - Development,0,0,0
EIEL,31098650624.0,SMALL CAP,177.1699981689453,17.035578,2.5211673,0.16886,34.127,0.16689,0.15969,0.067,-0.394,Industrials,Industrials,Engineering & Construction,2026-06-11,Engineering & EPC,0,0,0
NAVNETEDUL,30859239424.0,SMALL CAP,139.5,8.7133045,1.5005648,0.18575001,5.145,0.06977,0.20452999,-0.009,-0.192,Misc,Communication Services,Publishing,2026-06-11,Publishing,0,0,0
YASHO,30784086016.0,SMALL CAP,2549.300048828125,121.164444,7.187059,0.05849,125.684,0.123100005,0.03043,0.347,1.32,Chemicals,Basic Materials,Specialty Chemicals,2026-06-11,Specialty Chemicals,0,1,0
MARINE,30758438912.0,SMALL CAP,231.85000610351562,60.220783,6.5365095,0.12887,17.661,0.099659994,0.06656,0.107,0.379,Misc,Industrials,Electrical Equipment & Parts,2026-06-11,Electrical Equipment & Parts,0,1,0
BBL,30650669056.0,SMALL CAP,2711.699951171875,25.543518,1.5112284,0.060500003,15.116,0.075729996,0.051880002,0.255,-0.219,Misc,Industrials,Electrical Equipment & Parts,2026-06-11,Electrical Equipment & Parts,0,0,0
EASEMYTRIP,30513199104.0,SMALL CAP,8.390000343322754,26.132245,3.5237296,-0.061139997,4.35,0.0023,-0.06877,0.19,0.183,Misc,Consumer Cyclical,Travel Services,2026-06-11,Travel Services,0,1,0
MUTHOOTMF,30491592704.0,SMALL CAP,181.75,17.906404,1.0681124,0.062069997,340.091,0.31847998,0.15958999,0.122,0.183,Financials,Financial Services,Credit Services,2026-06-11,NBFC – Lending,0,1,0
SAMBHV,30427770880.0,SMALL CAP,103.26000213623047,20.447525,2.886696,0.18355,35.435,0.117089994,0.0589,0.384,1.623,Misc,Basic Materials,Steel,2026-06-11,Steel,0,1,0
ANTELOPUS,30229082112.0,SMALL CAP,859.7000122070312,33.87313,4.6118526,0.14705,0.542,0.47985,0.32132,0.653,1.589,Misc,Energy,Oil & Gas E&P,2026-06-11,Oil & Gas E&P,0,1,0
TVSSRICHAK,30184857600.0,SMALL CAP,3942.10009765625,42.410976,2.6126728,0.05988,64.482,0.05088,0.019550001,0.199,2.764,Automobiles,Consumer Cyclical,Auto Parts,2026-06-11,Auto Components,0,1,0
NITINSPIN,30035535872.0,SMALL CAP,534.25,16.906645,2.0431771,0.12764,76.458,0.10893,0.05524,0.022,0.237,Misc,Consumer Cyclical,Textile Manufacturing,2026-06-11,Textile Manufacturing,0,0,0
MPSLTD,29961814016.0,SMALL CAP,1765.0,17.29036,5.0226374,0.32234,10.167,0.28831,0.22544001,0.127,-0.001,Misc,Communication Services,Publishing,2026-06-11,Publishing,0,0,0
ADFFOODS,29954308096.0,SMALL CAP,272.6499938964844,33.331295,5.23431,0.16894,9.628,0.14527,0.13161999,0.237,0.577,Misc,Consumer Defensive,Packaged Foods,2026-06-11,Packaged Foods,0,1,0
INDOTHAI,29869002752.0,SMALL CAP,232.22999572753906,44.15019,10.499593,0.28285998,8.366,0.84295,0.65086,4.985060000000001,0.183,Misc,Financial Services,Capital Markets,2026-06-11,Capital Markets,0,1,1
WONDERLA,29840412672.0,SMALL CAP,470.5,36.671864,1.7277595,0.046430003,0.348,0.09048,0.15755,0.404,0.488,Misc,Consumer Cyclical,Leisure,2026-06-11,Leisure,0,1,0
DREDGECORP,29738799104.0,SMALL CAP,1062.0999755859375,200.01883,2.166985,0.0038800002,88.388,0.22895999,0.00393,0.034,5.438,Industrials,Industrials,Engineering & Construction,2026-06-11,Engineering & EPC,0,0,0
UFLEX,29675311104.0,SMALL CAP,410.95001220703125,9.358916,0.36528695,0.04085,124.991,0.09521,0.02105,0.032,0.163,Misc,Consumer Cyclical,Packaging & Containers,2026-06-11,Packaging & Containers,0,0,0
PRINCEPIPE,29624983552.0,SMALL CAP,267.8999938964844,40.468277,1.8027292,0.04671,8.838,0.08861,0.02816,0.181,1.317,Misc,Industrials,Building Products & Equipment,2026-06-11,Building Products & Equipment,0,1,0
63MOONS,29515606016.0,SMALL CAP,640.5499877929688,26.132245,0.8314124,-0.0152,0.149,-0.63594,-0.10602,4.985060000000001,1.043,Technology,Technology,Software - Application,2026-06-11,SaaS,0,1,0
WINDMACHIN,29408438272.0,SMALL CAP,322.1000061035156,616.6650680000004,3.7209463,0.00105,17.494,0.03023,0.00113,0.548,0.183,Misc,Industrials,Specialty Industrial Machinery,2026-06-11,Specialty Industrial Machinery,0,1,0
HERITGFOOD,29263218688.0,SMALL CAP,315.3500061035156,19.442047,2.632172,0.14436,32.621,0.02675,0.03317,0.104,-0.367,Misc,Consumer Defensive,Packaged Foods,2026-06-11,Packaged Foods,0,0,0
BALMLAWRIE,29222846464.0,SMALL CAP,170.88999938964844,10.561805,1.410321,0.13276,10.544,0.11497,0.1018,0.223,0.128,Misc,Industrials,Conglomerates,2026-06-11,Conglomerates,0,1,0
NIITMTS,29209339904.0,SMALL CAP,212.39999389648438,12.020373,1.8922722,0.17998,20.621,0.12765999,0.12691,0.222,0.588,Misc,Consumer Defensive,Education & Training Services,2026-06-11,Education & Training Services,0,1,0
PARAGMILK,29170337792.0,SMALL CAP,230.5800018310547,21.793951,2.2836938,0.118360005,48.262,0.06419,0.035380002,0.03,0.199,Misc,Consumer Defensive,Packaged Foods,2026-06-11,Packaged Foods,0,0,0
SUNCLAY,29100933120.0,SMALL CAP,1320.0,11.524358,3.3284163,0.22271,100.167,-0.02174,0.12329,-0.105,1.843,Misc,Industrials,Metal Fabrication,2026-06-11,Metal Fabrication,0,0,0
RAMKY,28921217024.0,SMALL CAP,418.0,10.664711,1.3366487,0.13379,27.392,-0.0358,0.1468,0.036,0.183,Industrials,Industrials,Engineering & Construction,2026-06-11,Engineering & EPC,0,0,0
UNIPARTS,28864745472.0,SMALL CAP,640.0,18.25963,3.1479175,0.18014,17.771,0.20358999,0.13527,0.341,1.235,Misc,Industrials,Farm & Heavy Construction Machinery,2026-06-11,Farm & Heavy Construction Machinery,0,1,1
INTERARCH,28780498944.0,SMALL CAP,1716.0,21.501066,3.5951025,0.1040750025,1.401,0.0889,0.0734,0.437,0.316,Industrials,Industrials,Engineering & Construction,2026-06-11,Engineering & EPC,0,1,0
STEELCAS,28745859072.0,SMALL CAP,284.04998779296875,33.10606,7.9996057,0.1040750025,29.1,0.24870001,0.2086,-0.043,0.07,Misc,Basic Materials,Steel,2026-06-11,Steel,0,0,0
RPSGVENT,28687568896.0,SMALL CAP,867.0499877929688,26.132245,1.0828744,0.00037,188.138,0.08118,-0.01219,0.152,0.183,Technology,Technology,Information Technology Services,2026-06-11,IT Services,0,1,0
CARRARO,28678758400.0,SMALL CAP,504.45001220703125,21.980392,5.0795493,0.25534,27.433,0.08596,0.05788,0.366,0.758,Automobiles,Consumer Cyclical,Auto Parts,2026-06-11,Auto Components,0,1,0
FLAIR,28451483648.0,SMALL CAP,269.95001220703125,24.145796,2.4908423,0.13085,5.802,0.13633001,0.111820005,0.084,0.16,Misc,Industrials,Business Equipment & Supplies,2026-06-11,Business Equipment & Supplies,0,0,0
KITEX,28434735104.0,SMALL CAP,142.52999877929688,475.09998,2.7084086,-0.01079,96.813,-0.11176,0.00821,-0.446,0.183,Misc,Consumer Cyclical,Apparel Manufacturing,2026-06-11,Apparel Manufacturing,0,0,0
SOLARA,28429746176.0,SMALL CAP,590.1500244140625,26.132245,2.0128038,-0.0063,54.682,0.09263,-0.0053899996,0.436,0.183,Misc,Healthcare,Drug Manufacturers - Specialty & Generic,2026-06-11,Drug Manufacturers - Specialty & Generic,0,1,0
RSYSTEMS,28393664512.0,SMALL CAP,239.5500030517578,13.943539,3.577028,0.1040750025,33.46,0.13757,0.1019,0.299,0.696,Technology,Technology,Information Technology Services,2026-06-11,IT Services,0,1,0
GATEWAY,28344795136.0,SMALL CAP,56.72999954223633,11.080078,1.25,0.10375,25.362,0.14833,0.11559,-0.002,0.183,Misc,Industrials,Integrated Freight & Logistics,2026-06-11,Integrated Freight & Logistics,0,0,0
ELPROINTL,28247087104.0,SMALL CAP,166.6699981689453,32.30039,1.3902954,0.1040750025,29.1,0.09375,0.0621700015,0.122,0.183,Misc,Unknown,Unknown,2026-06-11,Diversified,0,1,0
SHAREINDIA,28226308096.0,SMALL CAP,128.99000549316406,8.739161,1.0723431,0.12968001,45.906,0.21562,0.2446,0.599,2.831,Misc,Financial Services,Capital Markets,2026-06-11,Capital Markets,0,1,0
VENUSPIPES,28053755904.0,SMALL CAP,1354.199951171875,27.368633,4.559258,0.16994,42.948,0.14267,0.08738,0.162,0.066,Misc,Basic Materials,Steel,2026-06-11,Steel,0,0,0
POLYPLEX,27882784768.0,SMALL CAP,888.2000122070312,62.025143,0.65762585,0.00617,13.292,-0.0032600001,0.00634,0.075,1.456,Chemicals,Basic Materials,Specialty Chemicals,2026-06-11,Specialty Chemicals,0,0,0
JASH,27870111744.0,SMALL CAP,443.04998779296875,36.828762,5.370693,0.15712,19.563,0.21915,0.10348,-0.033,0.581,Misc,Industrials,Specialty Industrial Machinery,2026-06-11,Specialty Industrial Machinery,0,0,0
JUBLCPL,27866949632.0,SMALL CAP,1839.0999755859375,22.072731,6.6800814,0.32558998,11.133,0.05705,0.06761,0.218,0.233,Chemicals,Basic Materials,Specialty Chemicals,2026-06-11,Specialty Chemicals,0,1,0
DCAL,27832133632.0,SMALL CAP,177.52000427246094,28.540195,0.4158312,0.015579999,46.07,0.0871,0.033239998,0.189,-0.495,Healthcare,Healthcare,Biotechnology,2026-06-11,Biotechnology,0,0,0
JTLIND,27786942464.0,SMALL CAP,70.69000244140625,28.276001,1.7045647,0.07521,16.038,0.07555,0.046090003,0.474,1.516,Misc,Basic Materials,Steel,2026-06-11,Steel,0,1,0
GKENERGY,27767711744.0,SMALL CAP,136.91000366210938,12.549038,3.1320918,0.37255,23.151,0.17349,0.1191,0.352,0.112,Energy,Utilities,Utilities - Renewable,2026-06-11,Power Generation – Renewable,0,1,0
NSIL,27742984192.0,SMALL CAP,5401.5,50.976784,0.18270549,0.0035499998,0.08707999999999999,0.36196,0.53892,1.227,0.183,Financials,Financial Services,Asset Management,2026-06-11,Asset Management Companies,0,1,0
MAITHANALL,27626860544.0,SMALL CAP,949.0,6.371266,0.67000705,0.1040750025,10.735,0.101289995,0.21628,-0.077,-0.021,Misc,Basic Materials,Steel,2026-06-11,Steel,0,0,0
XPROINDIA,27516688384.0,SMALL CAP,1172.4000244140625,139.57144,4.013282,0.02777,40.676,0.08164,0.03869,-0.151,0.897,Chemicals,Basic Materials,Specialty Chemicals,2026-06-11,Specialty Chemicals,0,0,0
EFCIL,27495794688.0,SMALL CAP,185.85000610351562,11.195784,3.1576536,0.33648998,172.783,0.36985,0.22336,0.388,0.05,Misc,Real Estate,Real Estate Services,2026-06-11,Real Estate Services,0,0,0
JINDWORLD,27461267456.0,SMALL CAP,27.389999389648438,39.12857,3.1997662,0.08457,64.866,0.059359998,0.030539999,0.057,0.182,Misc,Consumer Cyclical,Textile Manufacturing,2026-06-11,Textile Manufacturing,0,0,0
SIYSIL,27396726784.0,SMALL CAP,603.8499755859375,11.870454,2.0271926,0.16834,24.131,0.13878,0.08976,0.159,0.357,Misc,Consumer Cyclical,Textile Manufacturing,2026-06-11,Textile Manufacturing,0,1,0
APCOTEXIND,27332663296.0,SMALL CAP,527.2000122070312,26.925434,4.4014764,0.17274,15.522,0.10837,0.07035,0.138,1.074,Chemicals,Basic Materials,Specialty Chemicals,2026-06-11,Specialty Chemicals,0,1,0
ROSSARI,27324684288.0,SMALL CAP,493.29998779296875,18.304266,2.048971,0.11848,32.695,0.078439996,0.06227,0.182,0.335,Chemicals,Basic Materials,Specialty Chemicals,2026-06-11,Specialty Chemicals,0,1,0
INDOTECH,27006660608.0,SMALL CAP,2543.0,29.10277,20.317993,0.28350002,1.391,0.13001001,0.11862001,0.158,0.141,Misc,Industrials,Electrical Equipment & Parts,2026-06-11,Electrical Equipment & Parts,0,1,0
JNKINDIA,26913832960.0,SMALL CAP,481.0,41.64502,4.7376094,0.12089,15.97,0.12755999,0.07934,0.769,1.464,Misc,Industrials,Specialty Industrial Machinery,2026-06-11,Specialty Industrial Machinery,0,1,0
DALMIASUG,26786863104.0,SMALL CAP,330.95001220703125,11.36114,0.8337091,0.07285,55.74,0.13453001,0.06542,-0.027,-0.498,Misc,Consumer Defensive,Confectioners,2026-06-11,Confectioners,0,0,0
DIAMONDYD,26779791360.0,SMALL CAP,1120.0,276.54318,3.7920597,0.01398,6.454,0.00884,0.00563,0.049,0.183,Misc,Consumer Defensive,Packaged Foods,2026-06-11,Packaged Foods,0,0,0
ORIENTCEM,26752931840.0,SMALL CAP,130.2100067138672,7.925137,1.2967057,0.17082001,3.377,0.09774999,0.120900005,-0.216,0.317,Misc,Basic Materials,Building Materials,2026-06-11,Building Materials,0,0,0
KKCL,26652891136.0,SMALL CAP,432.5,18.763557,3.1649506,0.14431,29.1,0.09177,0.117,0.122,0.183,Misc,Consumer Cyclical,Apparel Manufacturing,2026-06-11,Apparel Manufacturing,0,1,0
FUSION,26527946752.0,SMALL CAP,164.0399932861328,164.04,1.1203234,0.1040750025,257.668,0.063540004,-0.46566,0.122,0.183,Financials,Financial Services,Credit Services,2026-06-11,NBFC – Lending,0,1,0
MONARCH,26475624448.0,SMALL CAP,334.0,14.65555,2.724218,0.20495,3.83,0.64997,0.49444,0.582,0.841,Misc,Financial Services,Capital Markets,2026-06-11,Capital Markets,0,1,1
NOCIL,26319788032.0,SMALL CAP,157.5800018310547,47.321323,1.4809732,0.03147,0.453,0.02234,0.04269,-0.028,-0.192,Chemicals,Basic Materials,Specialty Chemicals,2026-06-11,Specialty Chemicals,0,0,0
TATVA,26292670464.0,SMALL CAP,1124.0,62.688232,3.364937,0.05531,15.398,0.13696,0.083129995,0.244,9.075,Chemicals,Basic Materials,Specialty Chemicals,2026-06-11,Specialty Chemicals,0,1,0
MEDIASSIST,26291312640.0,SMALL CAP,351.95001220703125,29.01484,3.0588923,0.12717,6.382,0.112849995,0.09714,0.281,1.404,Misc,Healthcare,Healthcare Plans,2026-06-11,Healthcare Plans,0,1,0
ZAGGLE,26237429760.0,SMALL CAP,194.75,18.981482,1.9906168,0.104490004,3.884,0.32029998,0.07238,0.499,0.219,Technology,Technology,Software - Infrastructure,2026-06-11,Software Products,0,1,0
BOROLTD,26146639872.0,SMALL CAP,218.63999938964844,35.038464,2.933033,0.088120006,16.696,0.03229,0.06243,0.052,-0.054,Misc,Consumer Cyclical,"Furnishings, Fixtures & Appliances",2026-06-11,"Furnishings, Fixtures & Appliances",0,0,0
MARATHON,26108606464.0,SMALL CAP,387.25,12.651094,1.1273293,0.11684,4.266,0.21598,0.40909,-0.236,-0.362,Misc,Real Estate,Real Estate - Development,2026-06-11,Real Estate - Development,0,0,0
MOREPENLAB,26093555712.0,SMALL CAP,47.619998931884766,27.52601,2.1482384,0.078590006,16.667,0.03858,0.05254,0.04,-0.189,Misc,Healthcare,Drug Manufacturers - Specialty & Generic,2026-06-11,Drug Manufacturers - Specialty & Generic,0,0,0
HUBTOWN,26048471040.0,SMALL CAP,183.30999755859375,17.277098,0.9883645,0.0637,44.93,0.485,0.23075001,0.654,5.119,Misc,Real Estate,Real Estate - Development,2026-06-11,Real Estate - Development,0,1,0
SANGAMIND,26025826304.0,SMALL CAP,527.7999877929688,32.12416,2.4640753,0.07931,118.739,0.08743,0.02554,0.204,2.46,Misc,Consumer Cyclical,Textile Manufacturing,2026-06-11,Textile Manufacturing,0,1,0
EUROPRATIK,25984350208.0,SMALL CAP,254.25,33.76494,8.403848,0.27798998,7.636,0.25365,0.23015,0.281,0.436,Misc,Basic Materials,Building Materials,2026-06-11,Building Materials,0,1,1
POKARNA,25923995648.0,SMALL CAP,836.1500244140625,32.159615,3.0255387,0.09861,53.459,0.22407,0.14102,-0.439,-0.565,Misc,Industrials,Building Products & Equipment,2026-06-11,Building Products & Equipment,0,0,0
ARVSMART,25882736640.0,SMALL CAP,564.2999877929688,26.92271,3.819832,0.121350005,65.077,0.37097,0.17097999,-0.047,1.307,Misc,Real Estate,Real Estate - Development,2026-06-11,Real Estate - Development,0,0,0
KIRIINDUS,25643608064.0,SMALL CAP,393.5,3.833861852,0.37403485,0.5399894000000005,0.649,-0.61553,0.8458531554000015,0.222,0.183,Chemicals,Basic Materials,Specialty Chemicals,2026-06-11,Specialty Chemicals,1,1,0
INA,25505992704.0,SMALL CAP,115.69999694824219,12.714285,3.1687343,0.28151,109.826,0.12053,0.0933,1.001,0.585,Misc,Technology,Solar,2026-06-11,Solar,0,1,0
DDEVPLSTIK,25479059456.0,SMALL CAP,246.22999572753906,12.633658,2.5137565,0.21841,5.608,0.09094,0.06846,0.036,0.054,Chemicals,Basic Materials,Specialty Chemicals,2026-06-11,Specialty Chemicals,0,0,0
BUILDPRO,25473916928.0,SMALL CAP,1050.5,19.914692,4.6512146,0.25518999,11.14,0.03367,0.01871,0.279,0.422,Misc,Consumer Cyclical,Home Improvement Retail,2026-06-11,Home Improvement Retail,0,1,0
BOMDYEING,25424445440.0,SMALL CAP,123.0999984741211,94.69231,1.1111612,0.01169,0.139,-0.025999999,0.01843,0.103,0.827,Misc,Consumer Cyclical,Textile Manufacturing,2026-06-11,Textile Manufacturing,0,1,0
VSSL,25215623168.0,SMALL CAP,260.79998779296875,19.878048,2.0668721,0.1176,7.281,0.10645001,0.06955,0.07,0.458,Misc,Basic Materials,Steel,2026-06-11,Steel,0,0,0
PATELENG,25165506560.0,SMALL CAP,26.350000381469727,9.27817,0.61643195,0.0655,27.377,0.1333,0.052750003,-0.118,-0.023,Industrials,Industrials,Engineering & Construction,2026-06-11,Engineering & EPC,0,0,0
HLEGLAS,25097469952.0,SMALL CAP,361.3500061035156,50.187504,4.644781,0.09648,56.224,0.08483,0.036530003,0.171,-0.475,Misc,Industrials,Specialty Industrial Machinery,2026-06-11,Specialty Industrial Machinery,0,0,0
AUTOAXLES,25093427200.0,SMALL CAP,1660.5,15.261948,2.283975,0.158,1.28,0.1012,0.07548,0.187,0.173,Automobiles,Consumer Cyclical,Auto Parts,2026-06-11,Auto Components,0,1,0
SUNDROP,24908195840.0,SMALL CAP,660.75,123.96811,1.7228477,0.0138,29.1,0.06032,0.012990001,0.005,0.139,Misc,Consumer Defensive,Packaged Foods,2026-06-11,Packaged Foods,0,0,0
RML,24876185600.0,SMALL CAP,900.0999755859375,23.168598,3.3151755,0.15123,100.193,0.05461,0.02782,-0.428,0.047,Automobiles,Consumer Cyclical,Auto Parts,2026-06-11,Auto Components,0,0,0
SAIPARENT,24837564416.0,SMALL CAP,562.2000122070312,126.05381,3.7492247,0.048260003,49.06,0.09049,0.03743,0.122,0.183,Misc,Healthcare,Drug Manufacturers - General,2026-06-11,Drug Manufacturers - General,0,1,0
RHETAN,24719063040.0,SMALL CAP,31.020000457763672,238.6154,7.919326,0.101660006,38.419,0.28228,0.42134,0.308,0.183,Misc,Basic Materials,Steel,2026-06-11,Steel,0,1,0
OWAIS,24718059520.0,SMALL CAP,1359.45,52.026405,21.69843,0.1040750025,29.1,0.09375,0.0621700015,0.122,0.183,Misc,Unknown,Unknown,2026-06-11,Diversified,0,1,0
SPECTRUM,24637730816.0,SMALL CAP,1567.9000244140625,62.391567,10.061348,0.20419,101.796,0.13888,0.08446,0.679,0.959,Misc,Industrials,Electrical Equipment & Parts,2026-06-11,Electrical Equipment & Parts,0,1,0
STYLEBAAZA,24623726592.0,SMALL CAP,330.0,52.46423,5.4770875,0.10977,221.076,0.00091,0.02546,0.348,0.183,Misc,Consumer Cyclical,Apparel Retail,2026-06-11,Apparel Retail,0,1,0
CONFIPET,24622385152.0,SMALL CAP,74.11000061035156,26.467857,1.7424527,0.06458,49.394,0.04131,0.01974,0.315,0.393,Misc,Energy,Oil & Gas Refining & Marketing,2026-06-11,Oil & Gas Refining & Marketing,0,1,0
ADVAIT,24607748096.0,SMALL CAP,2250.0,47.47837,8.847469,0.22072001,44.021,0.12096,0.07239,0.172,0.481,Misc,Industrials,Specialty Industrial Machinery,2026-06-11,Specialty Industrial Machinery,0,1,0
CAMLINFINE,24587726848.0,SMALL CAP,128.0,26.132245,2.3630624,-0.03362,71.951,0.00087,0.01603,-0.029,0.183,Chemicals,Basic Materials,Specialty Chemicals,2026-06-11,Specialty Chemicals,0,0,0
PRAKASH,24586143744.0,SMALL CAP,137.2899932861328,7.381182,0.685155,0.09646,14.363,0.10972,0.095769994,0.089,0.028,Misc,Basic Materials,Steel,2026-06-11,Steel,0,0,0
SATIN,24572422144.0,SMALL CAP,223.41000366210938,7.3952336,0.9379881,0.1228,383.33,0.56876,0.21191,1.166,6.402,Financials,Financial Services,Credit Services,2026-06-11,NBFC – Lending,0,1,0
PARKHOTELS,24508166144.0,SMALL CAP,114.86000061035156,37.171524,1.8152796,0.049250003,27.784,0.18372,0.09291001,0.036,-0.549,Misc,Consumer Cyclical,Lodging,2026-06-11,Lodging,0,0,0
GIPCL,24368902144.0,SMALL CAP,157.0,6.0524287,0.6344947,0.1040750025,93.592,0.24521999,0.30135,0.266,3.582,Misc,Utilities,Utilities - Regulated Electric,2026-06-11,Utilities - Regulated Electric,0,1,0
RAMCOIND,24359057408.0,SMALL CAP,280.5,13.433908,0.5371248,0.06996,3.792,0.119219996,0.17087999,0.198,1.455,Misc,Industrials,Building Products & Equipment,2026-06-11,Building Products & Equipment,0,1,0
GANECOS,24351444992.0,SMALL CAP,909.9000244140625,62.751724,1.9073753,0.0315,38.851,0.083009996,0.02579,0.231,-0.075,Misc,Consumer Cyclical,Textile Manufacturing,2026-06-11,Textile Manufacturing,0,0,0
FMGOETZE,24347400192.0,SMALL CAP,437.6499938964844,14.274299,1.6949121,0.12438,0.08707999999999999,0.124309994,0.087139994,0.02,-0.173,Automobiles,Consumer Cyclical,Auto Parts,2026-06-11,Auto Components,0,0,0
GLOBUSSPR,24329889792.0,SMALL CAP,837.0,433.67877,2.1940806,0.08753,48.422,0.06506,0.03387,-0.034,3.405,Misc,Consumer Defensive,Beverages - Wineries & Distilleries,2026-06-11,Beverages - Wineries & Distilleries,0,0,0
EVEREADY,24270276608.0,SMALL CAP,333.8999938964844,14.154303,3.8966494,0.31646,32.396,0.0584,0.117860004,0.094,12.653,Misc,Industrials,Electrical Equipment & Parts,2026-06-11,Electrical Equipment & Parts,0,0,0
PROTEAN,24173049856.0,SMALL CAP,595.1500244140625,24.085392,2.3726375,0.09689999,8.121,0.077810004,0.10082,0.384,0.491,Technology,Technology,Information Technology Services,2026-06-11,IT Services,0,1,0
VEEDOL,24097011712.0,SMALL CAP,1417.9000244140625,12.581189,2.4656858,0.19657,1.534,0.087299995,0.088360004,0.139,-0.037,Chemicals,Basic Materials,Specialty Chemicals,2026-06-11,Specialty Chemicals,0,0,0
VINDHYATEL,24052510720.0,SMALL CAP,2029.5999755859375,11.318313,0.56609976,0.05311,34.118,0.06415,0.061279997,-0.18,-0.059,Industrials,Industrials,Engineering & Construction,2026-06-11,Engineering & EPC,0,0,0
VIMTALABS,23824496640.0,SMALL CAP,531.9500122070312,30.574713,5.201459,0.1855,0.729,0.26123,0.18921,0.165,0.143,Healthcare,Healthcare,Diagnostics & Research,2026-06-11,Diagnostics,1,1,1
DIVGIITTS,23793518592.0,SMALL CAP,778.0,50.71708,3.7457871,0.07616,0.279,0.13122,0.13298,0.849,1.891,Automobiles,Consumer Cyclical,Auto Parts,2026-06-11,Auto Components,0,1,0
RAJESHEXPO,23747760128.0,SMALL CAP,80.43000030517578,21.110237,0.14337179,0.00677,5.833,1.0000001e-05,0.00014,0.19,0.183,Misc,Consumer Cyclical,Luxury Goods,2026-06-11,Luxury Goods,0,1,0
SIRCA,23658440704.0,SMALL CAP,415.54998779296875,35.730865,5.241152,0.15767999,6.802,0.16955,0.13202,0.328,0.23,Chemicals,Basic Materials,Specialty Chemicals,2026-06-11,Specialty Chemicals,0,1,0
VINCOFE,23632119808.0,SMALL CAP,162.2100067138672,32.63783,4.472045,0.16555001,21.719,0.16895,0.13054,0.572,0.161,Misc,Consumer Defensive,Beverages - Non-Alcoholic,2026-06-11,Beverages - Non-Alcoholic,0,1,0
BGRENERGY,23575183360.0,SMALL CAP,326.70001220703125,26.132245,-1.2183117,0.1040750025,29.1,-4.72192,-1.1392655999999999,-0.615,0.183,Industrials,Industrials,Engineering & Construction,2026-06-11,Engineering & EPC,0,0,0
BRIGHOTEL,23569229824.0,SMALL CAP,62.04999923706055,36.934525,2.4818013,0.11928,31.381,0.25156,0.11135,0.017,0.5,Misc,Consumer Cyclical,Lodging,2026-06-11,Lodging,0,0,0
GREENPANEL,23542005760.0,SMALL CAP,191.97999572753906,26.132245,1.7683414,-0.02125,27.299,0.01337,-0.018919999,0.065,-0.95092,Misc,Basic Materials,Lumber & Wood Production,2026-06-11,Lumber & Wood Production,0,0,0
MUFIN,23531759616.0,SMALL CAP,118.75,72.40854,6.514345,0.06698,243.19,0.57075,0.33807,0.056,2.0,Financials,Financial Services,Credit Services,2026-06-11,NBFC – Lending,0,0,0
IMAGICAA,23454957568.0,SMALL CAP,41.45000076293945,616.6650680000004,1.3118749,0.00051,27.313,0.0672,0.0017,-0.027,-0.95092,Misc,Communication Services,Entertainment,2026-06-11,Entertainment,0,0,0
RELTD,23438391296.0,SMALL CAP,128.41000366210938,28.791481,5.4108377,0.20363002,366.24,-0.06382,0.1488,-0.34,0.183,Misc,Technology,Solar,2026-06-11,Solar,0,0,0
BEPL,23382740992.0,SMALL CAP,93.95999908447266,12.9779005,2.1620874,0.17278999,29.1,0.18176001,0.14119,-0.01,0.305,Misc,Basic Materials,Chemicals,2026-06-11,Chemicals,0,0,0
ORISSAMINE,23280601088.0,SMALL CAP,3880.10009765625,26.132245,-45.407314,0.1040750025,29.1,0.48979,-0.37257,-0.001,0.183,Misc,Basic Materials,Steel,2026-06-11,Steel,0,0,0
TEAMLEASE,23186382848.0,SMALL CAP,1383.0999755859375,414.1018,2.2235048,0.14261,10.971,0.01052,0.011849999,0.023,0.256,Misc,Industrials,Staffing & Employment Services,2026-06-11,Staffing & Employment Services,0,0,0
NITCO,23140055040.0,SMALL CAP,96.20999908447266,80.84873,5.994393,0.093760006,86.275,-0.03127,0.05218,0.511,0.183,Misc,Industrials,Building Products & Equipment,2026-06-11,Building Products & Equipment,0,1,0
HINDOILEXP,23047360512.0,SMALL CAP,174.27999877929688,21.703611,1.7159116,0.1040750025,5.622,0.059959996,0.20712,-0.486,-0.808,Misc,Energy,Oil & Gas E&P,2026-06-11,Oil & Gas E&P,0,0,0
MANGLMCEM,22943746048.0,SMALL CAP,834.4000244140625,17.779673,2.348081,0.14099,90.914,0.06915,0.07333,-0.025,2.857,Misc,Basic Materials,Building Materials,2026-06-11,Building Materials,0,0,0
PRABHA,22938640384.0,SMALL CAP,156.5,616.6650680000004,3.439863,0.0014,37.627,-0.03276,0.093210004,0.417,0.183,Misc,Energy,Oil & Gas E&P,2026-06-11,Oil & Gas E&P,0,1,0
VENUSREM,22829535232.0,SMALL CAP,1705.9000244140625,22.171822,3.8367164,0.16785,1.87,0.21843,0.13354999,0.33,1.264,Misc,Healthcare,Drug Manufacturers - Specialty & Generic,2026-06-11,Drug Manufacturers - Specialty & Generic,0,1,0
BHARATRAS,22780839936.0,SMALL CAP,1370.5999755859375,3.9085178,1.903175,0.1040750025,7.556,0.13333,0.10699,0.055,-0.013,Chemicals,Basic Materials,Agricultural Inputs,2026-06-11,Agrochemicals,0,0,0
REPCOHOME,22766077952.0,SMALL CAP,363.8999938964844,4.7894177,0.5633519,0.1040750025,318.337,0.66573,0.55464,0.133,0.02,Misc,Financial Services,Mortgage Finance,2026-06-11,Mortgage Finance,0,0,0
MSPL,22756886528.0,SMALL CAP,40.150001525878906,71.696434,2.208957,0.03361,31.169,0.07779,0.011879999,0.074,0.183,Misc,Basic Materials,Steel,2026-06-11,Steel,0,0,0
PANAMAPET,22691149824.0,SMALL CAP,375.1000061035156,10.674445,1.6929034,0.15604,7.548,0.10666,0.06935,0.183,0.605,Misc,Energy,Oil & Gas Refining & Marketing,2026-06-11,Oil & Gas Refining & Marketing,0,1,0
BAJEL,22611810304.0,SMALL CAP,195.44000244140625,112.9711,3.0301244,0.02868,49.067,0.025910001,0.0072600003,0.257,1.905,Misc,Utilities,Utilities - Regulated Electric,2026-06-11,Utilities - Regulated Electric,0,1,0
REMUS,22522759168.0,SMALL CAP,1911.3,48.757652,5.0878186,0.1040750025,29.1,0.09375,0.0621700015,0.122,0.183,Misc,Unknown,Unknown,2026-06-11,Diversified,0,1,0
TCPLPACK,22502481920.0,SMALL CAP,2478.0,23.049019,3.3695765,0.14355,88.192,0.107530005,0.05402,0.075,-0.429,Misc,Consumer Cyclical,Packaging & Containers,2026-06-11,Packaging & Containers,0,0,0
EPACKPEB,22412056576.0,SMALL CAP,222.72000122070312,22.38392,3.0458684,0.17021999,15.606,0.08501001,0.06073,0.424,0.329,Industrials,Industrials,Engineering & Construction,2026-06-11,Engineering & EPC,0,1,0
KPEL,22373371904.0,SMALL CAP,330.0,12.2996645,4.2514815,0.43485,100.154,0.19368,0.12117,0.575,0.703,Industrials,Industrials,Engineering & Construction,2026-06-11,Engineering & EPC,0,1,1
AJMERA,22249715712.0,SMALL CAP,113.05999755859375,14.856767,1.5883452,0.11054,46.832,0.24538,0.13738,1.848,1.205,Misc,Real Estate,Real Estate - Development,2026-06-11,Real Estate - Development,0,1,0
JAYKAY,22241304576.0,SMALL CAP,170.7100067138672,10.1131525,2.1307855,0.1040750025,29.1,0.11731,0.28791,0.126,-0.767,Misc,Industrials,Specialty Business Services,2026-06-11,Specialty Business Services,0,0,0
RAJRATAN,22225004544.0,SMALL CAP,437.75,31.67511,3.4159455,0.11594,49.797,0.067140006,0.06062,0.25,0.018,Misc,Basic Materials,Steel,2026-06-11,Steel,0,0,0
ALEMBICLTD,22121754624.0,SMALL CAP,86.1500015258789,6.970065,0.90622205,0.13269,0.435,0.28114998,0.8458531554000015,-0.004,-0.022,Misc,Real Estate,Real Estate - Development,2026-06-11,Real Estate - Development,0,0,0
HPL,22087217152.0,SMALL CAP,343.5,24.309978,2.2080803,0.09507,75.317,0.11964,0.05025,0.055,-0.169,Misc,Industrials,Electrical Equipment & Parts,2026-06-11,Electrical Equipment & Parts,0,0,0
MOLDTKPAC,22083936256.0,SMALL CAP,664.5999755859375,30.319342,3.2015028,0.10976,31.851,0.13595,0.08219,0.174,0.268,Misc,Consumer Cyclical,Packaging & Containers,2026-06-11,Packaging & Containers,0,1,0
TALBROAUTO,22064728064.0,SMALL CAP,357.45001220703125,21.17595,2.9710748,0.15137,11.266,0.13767,0.11966,0.142,0.188,Automobiles,Consumer Cyclical,Auto Parts,2026-06-11,Auto Components,0,1,0
BFUTILITIE,22035562496.0,SMALL CAP,585.0,13.938527,10.932944,0.1040750025,29.1,-0.48353,0.18443,-0.831,0.183,Misc,Industrials,Infrastructure Operations,2026-06-11,Infrastructure Operations,0,0,0
UTKARSHBNK,22012708864.0,SMALL CAP,12.369999885559082,26.132245,0.56980973,-0.40033,29.1,-0.9395,0.0,-0.485,0.183,Financials,Financial Services,Banks - Regional,2026-06-11,Private Sector Banks,0,0,0
HIKAL,21996853248.0,SMALL CAP,178.39999389648438,26.132245,1.8315657,0.1040750025,29.1,0.13161,0.0615,0.373,0.683,Misc,Healthcare,Drug Manufacturers - Specialty & Generic,2026-06-11,Drug Manufacturers - Specialty & Generic,0,1,0
NIBE,21939605504.0,SMALL CAP,1437.5999755859375,415.49133,8.859527,0.1040750025,29.1,-0.30374,-0.04873,-0.603,0.183,Misc,Industrials,Conglomerates,2026-06-11,Conglomerates,0,0,0
FISCHER,21926266880.0,SMALL CAP,33.5,74.44444,6.015443,0.08625,27.698,0.00079,0.09736,0.987,0.183,Healthcare,Healthcare,Medical Devices,2026-06-11,Medical Devices,0,1,0
SERVOTECH,21900189696.0,SMALL CAP,96.97000122070312,66.87586,7.658348,0.118719995,71.469,0.07117,0.04996,0.486,0.35,Misc,Industrials,Electrical Equipment & Parts,2026-06-11,Electrical Equipment & Parts,0,1,0
SAGCEM,21872601088.0,SMALL CAP,167.33999633789062,26.132245,1.1318916,-0.0004,91.801,0.02263,-0.00418,0.196,0.183,Misc,Basic Materials,Building Materials,2026-06-11,Building Materials,0,1,0
FILATEX,21869875200.0,SMALL CAP,49.25,11.924939,2.2732518,0.1040750025,9.979,0.07027,0.043309998,-0.018,0.17,Misc,Consumer Cyclical,Textile Manufacturing,2026-06-11,Textile Manufacturing,0,0,0
SPORTKING,21833267200.0,SMALL CAP,171.5500030517578,18.269436,1.9751309,0.11286,42.272,0.09743,0.04797,0.013,-0.084,Misc,Consumer Cyclical,Textile Manufacturing,2026-06-11,Textile Manufacturing,0,0,0
INDOCO,21830420480.0,SMALL CAP,236.83999633789062,26.132245,2.1231735,-0.101210006,116.912,0.03621,-0.05156,0.219,0.183,Misc,Healthcare,Drug Manufacturers - Specialty & Generic,2026-06-11,Drug Manufacturers - Specialty & Generic,0,1,0
JISLJALEQS,21785255936.0,SMALL CAP,29.700000762939453,26.132245,0.35866103,-0.0068,71.789,0.09127,-0.0038400001,0.043,0.183,Misc,Industrials,Conglomerates,2026-06-11,Conglomerates,0,0,0
STOVEKRAFT,21662119936.0,SMALL CAP,654.2999877929688,51.560284,4.3761497,0.08613,23.223,0.04449,0.02612,0.324,3.159,Misc,Consumer Cyclical,"Furnishings, Fixtures & Appliances",2026-06-11,"Furnishings, Fixtures & Appliances",0,1,0
KICL,21656283136.0,SMALL CAP,4961.0,58.912243,0.19010457,0.00366,29.1,0.87111,0.47107,0.017,-0.248,Financials,Financial Services,Asset Management,2026-06-11,Asset Management Companies,0,0,0
UFBL,21583503360.0,SMALL CAP,552.2000122070312,26.132245,6.580155,-0.17889,275.522,0.016180001,-0.04417,0.231,0.183,Hospitality,Consumer Cyclical,Restaurants,2026-06-11,Restaurants,0,1,0
PIXTRANS,21580953600.0,SMALL CAP,1583.9000244140625,20.348152,3.0977294,0.16535999,3.477,0.14804,0.18356001,0.023,-0.107,Misc,Industrials,Specialty Industrial Machinery,2026-06-11,Specialty Industrial Machinery,0,0,0
APOLLOPIPE,21149366272.0,SMALL CAP,481.54998779296875,445.8796,2.5894935,0.0055299997,13.871,0.008590001,0.00678,0.102,-0.899,Misc,Industrials,Building Products & Equipment,2026-06-11,Building Products & Equipment,0,0,0
MMFL,21135269888.0,SMALL CAP,437.75,21.41634,2.2817187,0.104949996,126.295,0.12354,0.06171,0.159,0.341,Misc,Industrials,Metal Fabrication,2026-06-11,Metal Fabrication,0,1,0
EPACK,21051904000.0,SMALL CAP,218.77000427246094,616.6650680000004,1.8376467,0.00341,76.95,0.01979,0.0017200001,-0.081,-0.95092,Misc,Consumer Cyclical,"Furnishings, Fixtures & Appliances",2026-06-11,"Furnishings, Fixtures & Appliances",0,0,0
RAMCOSYS,20930516992.0,SMALL CAP,556.9000244140625,50.035942,6.418043,0.12493,12.101,0.11878,0.05969,0.194,3.616,Technology,Technology,Software - Application,2026-06-11,SaaS,0,1,0
TASTYBITE,20869277696.0,SMALL CAP,8133.0,59.050316,6.5470543,0.10807,12.254,0.07683,0.06176,-0.103,-0.03,Misc,Consumer Defensive,Packaged Foods,2026-06-11,Packaged Foods,0,0,0
ARKADE,20835170304.0,SMALL CAP,112.22000122070312,386.96555,2.359893,0.006,11.23,0.17761,0.00659,0.495,0.183,Misc,Real Estate,Real Estate - Development,2026-06-11,Real Estate - Development,0,1,0
BCG,20831143936.0,SMALL CAP,10.319999694824219,3.833861852,0.19706315,0.09993,29.1,0.21252,0.1389,0.617,0.716,Misc,Communication Services,Advertising Agencies,2026-06-11,Advertising Agencies,0,1,0
VERANDA,20747485184.0,SMALL CAP,215.39999389648438,18.55297,2.2871826,0.21205999,39.893,0.24293,0.21915,0.16,0.999,Misc,Consumer Defensive,Education & Training Services,2026-06-11,Education & Training Services,0,1,1
KCP,20736968704.0,SMALL CAP,160.85000610351562,10.519948,1.2654494,0.13093,29.379,0.141,0.07651,0.077,1.26,Misc,Basic Materials,Building Materials,2026-06-11,Building Materials,0,0,0
INSECTICID,20688562176.0,SMALL CAP,711.0,14.846523,1.697031,0.12096,12.869,0.0379,0.06515,0.186,-0.157,Chemicals,Basic Materials,Agricultural Inputs,2026-06-11,Agrochemicals,0,0,0
SANSTAR,20555329536.0,SMALL CAP,112.79000091552734,59.67725,2.9614558,0.05092,2.868,0.07782,0.043909997,-0.145,2.446,Misc,Basic Materials,Chemicals,2026-06-11,Chemicals,0,0,0
ALPEXSOLAR,20531959808.0,SMALL CAP,838.95,10.413978,4.355467,0.1040750025,29.1,0.09375,0.0621700015,0.122,0.183,Misc,Unknown,Unknown,2026-06-11,Diversified,0,1,0
BLSE,20493260800.0,SMALL CAP,226.05999755859375,35.71248,3.9366815,0.12732,1.076,0.0577,0.05144,0.352,0.117,Misc,Industrials,Specialty Business Services,2026-06-11,Specialty Business Services,0,1,0
RISHABH,20491673600.0,SMALL CAP,530.5499877929688,25.156471,2.7404442,0.120670006,10.752,0.11491,0.105179995,0.093,2.055,Misc,Technology,Scientific & Technical Instruments,2026-06-11,Scientific & Technical Instruments,0,0,0
SOMANYCERA,20407973888.0,SMALL CAP,497.6000061035156,25.2077,2.4204338,0.08397,40.692,0.07953,0.0291,0.064,0.768,Misc,Industrials,Building Products & Equipment,2026-06-11,Building Products & Equipment,0,0,0
DPABHUSHAN,20365928448.0,SMALL CAP,892.1500244140625,9.610579,3.2130215,0.40866002,48.027,0.05266,0.05211,0.861,1.031,Misc,Consumer Cyclical,Luxury Goods,2026-06-11,Luxury Goods,0,1,0
GEOJITFSL,20348002304.0,SMALL CAP,72.9000015258789,21.761194,1.6984693,0.06585,9.473,0.1257,0.12202,0.081,-0.435,Misc,Financial Services,Capital Markets,2026-06-11,Capital Markets,0,0,0
STUDDS,20288645120.0,SMALL CAP,515.5499877929688,24.52664,3.8805466,0.16999,1.559,0.15484,0.13032,0.119,0.061,Automobiles,Consumer Cyclical,Auto Parts,2026-06-11,Auto Components,0,0,0
SCILAL,20238966784.0,SMALL CAP,43.45000076293945,70.08064,0.60734403,0.0095999995,0.08707999999999999,-3.66781,0.8458531554000015,0.191,0.183,Misc,Real Estate,Real Estate Services,2026-06-11,Real Estate Services,0,1,0
AWFIS,20220176384.0,SMALL CAP,282.54998779296875,28.511604,3.6585522,0.14007,271.732,0.12402,0.04744,0.207,1.068,Misc,Industrials,Rental & Leasing Services,2026-06-11,Rental & Leasing Services,0,1,0
STALLION,20167573504.0,SMALL CAP,173.72999572753906,32.472897,2.0985432,0.08934,5.066,0.14319,0.1018,-0.274,-0.244,Chemicals,Basic Materials,Specialty Chemicals,2026-06-11,Specialty Chemicals,0,0,0
SIMPLEXINF,20149538816.0,SMALL CAP,254.75,48.896355,2.1058593,0.053790003,167.843,0.049099997,0.03918,0.003,-0.679,Industrials,Industrials,Engineering & Construction,2026-06-11,Engineering & EPC,0,0,0
NUCLEUS,20137543680.0,SMALL CAP,764.9500122070312,17.259703,2.2198522,0.13561,0.942,0.1336,0.13326,-0.018,-0.467,Technology,Technology,Software - Application,2026-06-11,SaaS,0,0,0
HGS,20066525184.0,SMALL CAP,431.3500061035156,26.132245,0.25182706,0.1040750025,23.327,-0.09932999,0.01006,-0.066,0.183,Misc,Industrials,Specialty Business Services,2026-06-11,Specialty Business Services,0,0,0
SPANDANA,20054687744.0,SMALL CAP,226.25,26.132245,0.8483983,-0.29358,185.142,0.047399998,0.0,2.56,0.183,Financials,Financial Services,Credit Services,2026-06-11,NBFC – Lending,0,1,0
GMBREW,20013905920.0,SMALL CAP,876.0,12.765957,1.856125,0.15552,3.201,-0.11848,0.09037,0.122,-0.106,Misc,Consumer Defensive,Beverages - Wineries & Distilleries,2026-06-11,Beverages - Wineries & Distilleries,0,0,0
PENIND,19972040704.0,SMALL CAP,148.0,14.382896,1.7177545,0.12838,99.887,0.0872,0.03786,0.021,0.152,Misc,Industrials,Specialty Industrial Machinery,2026-06-11,Specialty Industrial Machinery,0,0,0
EXICOM,19971856384.0,SMALL CAP,143.60000610351562,26.132245,2.4839134,-0.43337002,109.474,-0.08951,-0.23801,0.461,0.183,Misc,Industrials,Electrical Equipment & Parts,2026-06-11,Electrical Equipment & Parts,0,1,0
GSPCROP,19949568000.0,SMALL CAP,428.8500061035156,17.209068,2.2360978,0.15499,34.017,0.07005,0.06453,0.307,-0.124,Chemicals,Basic Materials,Agricultural Inputs,2026-06-11,Agrochemicals,0,0,0
TAJGVK,19870103552.0,SMALL CAP,316.8999938964844,4.852986,2.87858,0.39556998,9.027,0.26527,0.8069,0.222,8.317,Misc,Consumer Cyclical,Lodging,2026-06-11,Lodging,0,1,1
SPAL,19822010368.0,SMALL CAP,788.5,19.673153,2.0930665,0.11281,44.596,0.08851,0.06394,-0.086,-0.391,Misc,Consumer Cyclical,Apparel Manufacturing,2026-06-11,Apparel Manufacturing,0,0,0
MARSONS,19741591552.0,SMALL CAP,114.70999908447266,42.80224,14.24438,0.2724,0.321,0.20427,0.18875,0.66,1.531,Misc,Industrials,Electrical Equipment & Parts,2026-06-11,Electrical Equipment & Parts,1,1,1
TIRUMALCHM,19736901632.0,SMALL CAP,163.72000122070312,26.132245,1.1616539,-0.123500004,139.084,-0.03562,-0.09571999,-0.189,0.183,Chemicals,Basic Materials,Specialty Chemicals,2026-06-11,Specialty Chemicals,0,0,0
RANEHOLDIN,19706230784.0,SMALL CAP,1380.199951171875,20.154789,1.7082508,0.09861,71.619,0.044109996,0.01664,0.171,4.625,Automobiles,Consumer Cyclical,Auto Parts,2026-06-11,Auto Components,0,1,0
TCIEXP,19670523904.0,SMALL CAP,512.0,24.208038,2.4354856,0.102869995,7.737,0.06776,0.065809995,0.068,-0.055,Misc,Industrials,Integrated Freight & Logistics,2026-06-11,Integrated Freight & Logistics,0,0,0
PFS,19653869568.0,SMALL CAP,30.600000381469727,6.156942,0.6367439,0.1040750025,29.1,0.84139997,0.54587,-0.555,-0.624,Financials,Financial Services,Credit Services,2026-06-11,NBFC – Lending,0,0,0
DCXINDIA,19602896896.0,SMALL CAP,175.99000549316406,26.132245,1.1709248,-0.0053399997,0.193,0.0036700002,-0.010369999,-0.623,0.183,Misc,Industrials,Aerospace & Defense,2026-06-11,Aerospace & Defense,0,0,0
KDL,19526975488.0,SMALL CAP,1624.0,61.585133,13.711237,0.1040750025,29.1,0.09375,0.0621700015,0.122,0.183,Misc,Unknown,Unknown,2026-06-11,Diversified,0,1,0
INDNIPPON,19478177792.0,SMALL CAP,861.0499877929688,17.522385,2.4810617,0.14508,29.1,0.14819999,0.104040004,0.122,0.183,Automobiles,Consumer Cyclical,Auto Parts,2026-06-11,Auto Components,0,1,0
MUKANDLTD,19438989312.0,SMALL CAP,134.52999877929688,3.833861852,1.2768602,0.48880002,111.455,-0.027980002,0.12355,0.147,16.134920000000058,Misc,Basic Materials,Steel,2026-06-11,Steel,0,1,0
LAOPALA,19424999424.0,SMALL CAP,175.0,21.033655,2.4251661,0.11224,1.077,0.28516,0.29865,-0.113,-0.368,Misc,Consumer Cyclical,"Furnishings, Fixtures & Appliances",2026-06-11,"Furnishings, Fixtures & Appliances",0,0,0
SHRINGARMS,19423348736.0,SMALL CAP,201.4199981689453,14.853982,2.8626654,0.26288998,27.898,0.060100004,0.05143,1.065,0.673,Misc,Consumer Cyclical,Luxury Goods,2026-06-11,Luxury Goods,0,1,0
KARNIKA,19302922240.0,SMALL CAP,311.35,494.20636,19.972418,0.1040750025,29.1,0.09375,0.0621700015,0.122,0.183,Misc,Unknown,Unknown,2026-06-11,Diversified,0,1,0
UEL,19286657024.0,SMALL CAP,144.5800018310547,616.6650680000004,55.267586,0.1040750025,27.068,-0.11807,0.115200005,-0.274,0.183,Misc,Technology,Solar,2026-06-11,Solar,0,0,0
ADOR,19264917504.0,SMALL CAP,1107.0,23.543173,3.474947,0.1040750025,0.4,0.105299994,0.05824,0.052,0.73,Misc,Industrials,Specialty Industrial Machinery,2026-06-11,Specialty Industrial Machinery,0,0,0
VENKEYS,19237664768.0,SMALL CAP,1365.5999755859375,13.814871,1.20527,0.090670004,10.432,0.1094,0.03689,0.305,6.626,Misc,Consumer Defensive,Farm Products,2026-06-11,Farm Products,0,1,0
JAICORPLTD,19044046848.0,SMALL CAP,108.51000213623047,11.23292,1.2780015,0.11554,0.08707999999999999,0.20111,0.25399,0.026,-0.091,Chemicals,Basic Materials,Specialty Chemicals,2026-06-11,Specialty Chemicals,0,0,0
GOCLCORP,19018483712.0,SMALL CAP,383.6499938964844,6.803511,0.6799712,0.1040750025,0.08707999999999999,-3.78383,0.8458531554000015,-0.831,2.46,Chemicals,Basic Materials,Specialty Chemicals,2026-06-11,Specialty Chemicals,0,0,0
CEINSYS,19013488640.0,SMALL CAP,908.0999755859375,13.381963,2.4716725,0.24595,8.43,0.22002001,0.20194,0.199,0.681,Industrials,Industrials,Engineering & Construction,2026-06-11,Engineering & EPC,0,1,1
PARACABLES,18999312384.0,SMALL CAP,62.25,31.760204,2.5594113,0.1040750025,15.807,0.04542,0.03665,0.131,0.081,Misc,Technology,Communication Equipment,2026-06-11,Communication Equipment,0,0,0
COSMOFIRST,18994880512.0,SMALL CAP,731.75,12.259172,1.1732459,0.10119,103.944,0.08182,0.04287,0.368,0.365,Misc,Consumer Cyclical,Packaging & Containers,2026-06-11,Packaging & Containers,0,1,0
NDRAUTO,18868301824.0,SMALL CAP,790.9500122070312,30.374424,5.259151,0.1877,17.248,0.090500005,0.07531,0.193,0.126,Automobiles,Consumer Cyclical,Auto Parts,2026-06-11,Auto Components,0,1,0
NILKAMAL,18842634240.0,SMALL CAP,1258.5,16.261791,1.1906598,0.075679995,26.488,0.06068,0.03059,0.08,0.22,Misc,Consumer Cyclical,"Furnishings, Fixtures & Appliances",2026-06-11,"Furnishings, Fixtures & Appliances",0,0,0
BEWLTD,18747146240.0,SMALL CAP,1434.0,151.42555,13.351334,0.1040750025,29.1,0.09375,0.0621700015,0.122,0.183,Misc,Unknown,Unknown,2026-06-11,Diversified,0,1,0
GTLINFRA,18701303808.0,SMALL CAP,1.4600000381469727,3.833861852,0.6896552,0.1040750025,29.1,0.14938,-1.1392655999999999,0.025,0.183,Misc,Technology,Communication Equipment,2026-06-11,Communication Equipment,0,0,0
GOCOLORS,18550603776.0,SMALL CAP,352.70001220703125,26.841705,2.7435088,0.08529,77.141,0.07556,0.07062,-0.042,-0.598,Misc,Consumer Cyclical,Apparel Retail,2026-06-11,Apparel Retail,0,0,0
HATHWAY,18515292160.0,SMALL CAP,10.460000038146973,23.244446,0.4423581,0.01858,0.212,0.00414,0.03829,0.064,-0.696,Misc,Communication Services,Entertainment,2026-06-11,Entertainment,0,0,0
MTNL,18150299648.0,SMALL CAP,28.809999465942383,26.132245,-0.060609885,0.1040750025,29.1,0.8849212000000001,0.0,0.879,0.183,Telecom,Communication Services,Telecom Services,2026-06-11,Telecom Services,0,1,0
HINDWAREAP,18138714112.0,SMALL CAP,216.85000610351562,26.132245,2.4670079,-0.0513,114.725,0.04923,-0.01559,-0.035,0.183,Misc,Consumer Cyclical,"Furnishings, Fixtures & Appliances",2026-06-11,"Furnishings, Fixtures & Appliances",0,0,0
VIDYAWIRES,18068209664.0,SMALL CAP,84.94999694824219,31.346863,7.270004,0.17844999,17.772,0.04487,0.03134,0.577,0.177,Misc,Industrials,Electrical Equipment & Parts,2026-06-11,Electrical Equipment & Parts,0,1,0
ORIENTHOT,18051018752.0,SMALL CAP,101.06999969482422,26.597368,2.6101441,0.094119996,17.135,0.21787001,0.1376,0.046,0.661,Misc,Consumer Cyclical,Lodging,2026-06-11,Lodging,0,0,0
EIHAHOTELS,18000580608.0,SMALL CAP,295.3999938964844,20.657341,2.9862213,0.15308,0.712,0.35584,0.22718,-0.091,-0.185,Misc,Consumer Cyclical,Lodging,2026-06-11,Lodging,1,0,0
SAKAR,17997828096.0,SMALL CAP,819.9500122070312,59.937866,5.617019,0.09996,21.739,0.28553,0.12001,0.401,0.872,Misc,Healthcare,Drug Manufacturers - Specialty & Generic,2026-06-11,Drug Manufacturers - Specialty & Generic,0,1,0
IPL,17988538368.0,SMALL CAP,156.1999969482422,15.019231,1.7815187,0.12550999,10.912,0.13745,0.11331,0.286,0.519,Chemicals,Basic Materials,Agricultural Inputs,2026-06-11,Agrochemicals,0,1,0
CAPACITE,17978357760.0,SMALL CAP,212.5,9.386043,0.9870774,0.10633001,25.274,0.115430005,0.07245,0.06,-0.161,Industrials,Industrials,Engineering & Construction,2026-06-11,Engineering & EPC,0,0,0
CANTABIL,17956251648.0,SMALL CAP,214.69000244140625,18.733856,3.7514198,0.21983999,113.826,0.19469,0.11231,0.157,0.302,Misc,Consumer Cyclical,Apparel Manufacturing,2026-06-11,Apparel Manufacturing,0,1,1
ENSER,17850488832.0,SMALL CAP,204.8,184.5045,35.879467,0.1040750025,29.1,0.09375,0.0621700015,0.122,0.183,Misc,Unknown,Unknown,2026-06-11,Diversified,0,1,0
SAKSOFT,17815670784.0,SMALL CAP,139.36000061035156,13.676154,2.287628,0.19065,5.607,0.16792999,0.13232,0.037,0.216,Technology,Technology,Information Technology Services,2026-06-11,IT Services,0,0,1
JINDRILL,17687166976.0,SMALL CAP,610.2999877929688,8.40055,0.9716049,0.12358,5.119,0.20355,0.21132,0.073,-0.366,Misc,Energy,Oil & Gas Equipment & Services,2026-06-11,Oil & Gas Equipment & Services,0,0,0
SBC,17671411712.0,SMALL CAP,37.11000061035156,70.018875,24.90604,0.37219003,283.225,0.03808,0.06268,0.47,0.183,Misc,Industrials,Conglomerates,2026-06-11,Conglomerates,0,1,0
SURYODAY,17650487296.0,SMALL CAP,166.05999755859375,11.612587,0.8488646,0.07588,29.1,0.17959999,0.1193,0.73,0.183,Financials,Financial Services,Banks - Regional,2026-06-11,Private Sector Banks,0,1,0
DLINKINDIA,17571348480.0,SMALL CAP,494.8999938964844,16.873508,3.4778392,0.21211,2.928,0.07485,0.06646,0.2,0.005,Misc,Technology,Communication Equipment,2026-06-11,Communication Equipment,0,0,0
KRSNAA,17473091584.0,SMALL CAP,538.6500244140625,17.454634,1.7823405,0.10888,54.501,0.16765,0.12699,0.035,1.021,Healthcare,Healthcare,Diagnostics & Research,2026-06-11,Diagnostics,0,0,0
RICOAUTO,17436882944.0,SMALL CAP,128.88999938964844,34.55496,2.2648041,0.06911,92.781,0.03306,0.02039,0.243,-0.185,Automobiles,Consumer Cyclical,Auto Parts,2026-06-11,Auto Components,0,0,0
SHALBY,17428535296.0,SMALL CAP,162.42999267578125,50.28792,1.7208755,0.03467,59.122,0.03779,0.03276,0.085,0.183,Misc,Healthcare,Medical Care Facilities,2026-06-11,Medical Care Facilities,0,0,0
ASIANENE,17315203072.0,SMALL CAP,356.3999938964844,31.45631,3.2282023,0.116000004,32.051,0.126,0.06467,0.57,0.414,Misc,Energy,Oil & Gas Equipment & Services,2026-06-11,Oil & Gas Equipment & Services,0,1,0
HITECH,17264830464.0,SMALL CAP,85.16999816894531,22.59151,1.2629566,0.058790002,20.061,0.02614,0.018129999,1.017,-0.061,Misc,Basic Materials,Steel,2026-06-11,Steel,0,0,0
ASIANTILES,17195567104.0,SMALL CAP,58.0,82.85715,1.1293715,0.01283,28.468,-0.06913,0.01123,0.141,0.183,Misc,Industrials,Building Products & Equipment,2026-06-11,Building Products & Equipment,0,1,0
JISLDVREQS,17142135808.0,SMALL CAP,23.3700008392334,26.132245,0.2822191,-0.0068,71.789,0.09127,-0.0038400001,0.043,0.183,Misc,Industrials,Conglomerates,2026-06-11,Conglomerates,0,0,0
SHK,17047906304.0,SMALL CAP,123.16000366210938,24.632,1.2869384,0.05249,75.521,0.03293,0.02925,0.138,-0.95092,Chemicals,Basic Materials,Specialty Chemicals,2026-06-11,Specialty Chemicals,0,0,0
ASTEC,17045912576.0,SMALL CAP,765.0,26.132245,4.3656907,-0.25842,114.84,-0.01646,-0.18056,0.327,0.183,Chemicals,Basic Materials,Agricultural Inputs,2026-06-11,Agrochemicals,0,1,0
LANDMARK,17013052416.0,SMALL CAP,410.29998779296875,45.588886,2.907475,0.06664,173.699,0.030250002,0.0076200003,0.172,9.675,Misc,Consumer Cyclical,Auto & Truck Dealerships,2026-06-11,Auto & Truck Dealerships,0,1,0
VIKRAN,17011811328.0,SMALL CAP,65.95999908447266,16.286419,1.1806401,0.10755,24.318,0.14081,0.0734,0.822,0.053,Industrials,Industrials,Engineering & Construction,2026-06-11,Engineering & EPC,0,0,0
GRMOVER,17006579712.0,SMALL CAP,81.94999694824219,10.43949,1.2525983,0.14711,60.709,0.04861,0.04298,1.05,1.378,Misc,Consumer Defensive,Packaged Foods,2026-06-11,Packaged Foods,0,1,0
DELTACORP,16947233792.0,SMALL CAP,63.290000915527344,19.840126,0.7579913,0.0347,2.175,0.09247,0.12389,-0.117,-0.901,Misc,Consumer Cyclical,Resorts & Casinos,2026-06-11,Resorts & Casinos,0,0,0
NGLFINE,16848090112.0,SMALL CAP,2727.10009765625,35.03019,5.1170382,0.15736,32.957,0.10963,0.09607001,0.572,15.398,Misc,Healthcare,Drug Manufacturers - General,2026-06-11,Drug Manufacturers - General,0,1,0
WINDLAS,16715344896.0,SMALL CAP,810.0,26.00321,3.1834617,0.122320004,6.067,0.07248,0.07351,0.177,-0.026,Misc,Healthcare,Drug Manufacturers - Specialty & Generic,2026-06-11,Drug Manufacturers - Specialty & Generic,0,0,0
GOODYEAR,16678238208.0,SMALL CAP,723.0499877929688,27.110985,2.7519078,0.101730004,4.446,0.04814,0.02484,0.021,0.991,Automobiles,Consumer Cyclical,Auto Parts,2026-06-11,Auto Components,0,0,0
JGCHEM,16671711232.0,SMALL CAP,425.45001220703125,25.294294,3.1807444,0.13518,1.192,0.070489995,0.06771,0.276,0.176,Misc,Basic Materials,Other Industrial Metals & Mining,2026-06-11,Other Industrial Metals & Mining,0,1,0
ARMANFIN,16665895936.0,SMALL CAP,1585.0,29.59298,1.7831409,0.06263,190.256,0.39872003,0.19372,0.368,2.216,Financials,Financial Services,Credit Services,2026-06-11,NBFC – Lending,0,1,0
ACCELYA,16657707008.0,SMALL CAP,1116.0,15.472065,6.337344,0.1040750025,33.047,0.14573,0.18417,-0.005,-0.293,Technology,Technology,Information Technology Services,2026-06-11,IT Services,0,0,0
DSSL,16634626048.0,SMALL CAP,1306.0,18.665142,5.256168,0.31044,75.024,0.074640006,0.05949,0.224,0.044,Technology,Technology,Information Technology Services,2026-06-11,IT Services,0,0,0
EMSLIMITED,16625923072.0,SMALL CAP,299.3999938964844,18.3681,1.5753086,0.08956,14.575,0.13078,0.12355,-0.571,-0.879,Industrials,Industrials,Engineering & Construction,2026-06-11,Engineering & EPC,0,0,0
KRISHNADEF,16614958080.0,SMALL CAP,1181.800048828125,57.452602,9.082944,0.25425,1.121,0.26095,0.16878,0.422,0.627,Misc,Industrials,Specialty Industrial Machinery,2026-06-11,Specialty Industrial Machinery,0,1,1
WALCHANNAG,16413908992.0,SMALL CAP,241.6999969482422,26.132245,4.605915,-0.04013,61.011,0.014839999,-0.053340003,0.753,0.183,Industrials,Industrials,Engineering & Construction,2026-06-11,Engineering & EPC,0,1,0
ASALCBR,16302303232.0,SMALL CAP,811.9000244140625,17.68075,2.2281377,0.14562,9.922,0.14140001,0.08677,-0.016,0.049,Misc,Consumer Defensive,Beverages - Wineries & Distilleries,2026-06-11,Beverages - Wineries & Distilleries,0,0,0
AMRUTANJAN,16207164416.0,SMALL CAP,560.7999877929688,27.998001,4.379915,0.16623,0.48,0.10905,0.11525,0.105,0.067,Misc,Healthcare,Drug Manufacturers - Specialty & Generic,2026-06-11,Drug Manufacturers - Specialty & Generic,1,0,0
SUMMITSEC,16155290624.0,SMALL CAP,1475.800048828125,15.385739,0.14393198,0.011360001,29.1,-2.26089,0.72619003,0.122,0.183,Misc,Financial Services,Capital Markets,2026-06-11,Capital Markets,0,1,0
THEJO,16154990592.0,SMALL CAP,1489.5,32.82283,5.005965,0.13971,10.776,0.10882,0.07793,0.183,0.04,Misc,Industrials,Specialty Industrial Machinery,2026-06-11,Specialty Industrial Machinery,0,0,0
SOLARWORLD,16108980224.0,SMALL CAP,185.86000061035156,12.423797,1.9000399,0.20828,30.132,0.09512,0.085080005,2.355,3.457,Misc,Technology,Solar,2026-06-11,Solar,0,1,0
NELCO,16098380800.0,SMALL CAP,705.5,496.831,12.538656,0.02586,56.54,0.0077,0.010829999,0.173,0.183,Misc,Technology,Communication Equipment,2026-06-11,Communication Equipment,0,1,0
SHANTIGOLD,15967100928.0,SMALL CAP,221.47000122070312,10.431936,2.454614,0.37335998,36.138,0.104270004,0.06943,1.216,3.624,Misc,Consumer Cyclical,Luxury Goods,2026-06-11,Luxury Goods,0,1,0
BFINVEST,15952240640.0,SMALL CAP,423.5,5.656471,0.18680616,0.036530003,0.08707999999999999,0.80987,0.8458531554000015,0.415,0.183,Financials,Financial Services,Asset Management,2026-06-11,Asset Management Companies,0,1,0
TINNARUBR,15673707520.0,SMALL CAP,870.0,29.312668,5.4814887,0.22084999,42.978,0.15983,0.096820004,0.216,0.364,Chemicals,Basic Materials,Specialty Chemicals,2026-06-11,Specialty Chemicals,0,1,1
WAAREEINDO,15663790080.0,SMALL CAP,376.5,6.3533583,7.694037,0.5399894000000005,1.07,0.66416,0.36273,-0.57,0.048,Misc,Technology,Solar,2026-06-11,Solar,0,0,0
MBEL,15584319488.0,SMALL CAP,272.70001220703125,16.107502,2.3686886,0.19226,12.711,0.081520006,0.07354,0.16,-0.17,Industrials,Industrials,Engineering & Construction,2026-06-11,Engineering & EPC,0,0,0
SPMLINFRA,15581554688.0,SMALL CAP,185.67999267578125,19.880085,1.5700731,0.08692,37.764,0.06631,0.08411,0.537,2.047,Industrials,Industrials,Engineering & Construction,2026-06-11,Engineering & EPC,0,1,0
DOLPHIN,15563781120.0,SMALL CAP,389.04998779296875,22.724882,4.4042563,0.21903,57.496,0.16188,0.58871,1.219,1.713,Misc,Energy,Oil & Gas Equipment & Services,2026-06-11,Oil & Gas Equipment & Services,0,1,1
KALAMANDIR,15324396544.0,SMALL CAP,104.0,10.87866,1.2134789,0.11781,28.658,0.11299,0.08522,0.051,1.413,Misc,Consumer Cyclical,Apparel Retail,2026-06-11,Apparel Retail,0,0,0
GNA,15240433664.0,SMALL CAP,355.0,13.041882,1.5176064,0.12285,29.1,0.12595001,0.080790006,0.122,0.183,Automobiles,Consumer Cyclical,Auto Parts,2026-06-11,Auto Components,0,1,0
ELECTHERM,15176691712.0,SMALL CAP,1191.0,26.132245,-9.85919,0.1040750025,29.1,0.0117999995,-0.00424,-0.018,-0.927,Misc,Basic Materials,Steel,2026-06-11,Steel,0,0,0
GANDHAR,15165454336.0,SMALL CAP,154.94000244140625,11.203181,1.1203505,0.1021,22.511,0.051119998,0.03192,0.137,2.68,Misc,Energy,Oil & Gas Refining & Marketing,2026-06-11,Oil & Gas Refining & Marketing,0,1,0
YATRA,15142412288.0,SMALL CAP,96.5,32.38255,1.8607073,0.05801,12.403,-0.00158,0.04651,-0.148,-0.464,Misc,Consumer Cyclical,Travel Services,2026-06-11,Travel Services,0,0,0
INDIANHUME,15066985472.0,SMALL CAP,286.0,10.671642,1.01334,0.09864,28.091,0.094239995,0.10808,-0.104,-0.95092,Industrials,Industrials,Engineering & Construction,2026-06-11,Engineering & EPC,0,0,0
GARUDA,14950878208.0,SMALL CAP,160.69000244140625,12.257056,3.2801912,0.31127,2.649,0.32101002,0.23080999,0.827,0.908,Industrials,Industrials,Engineering & Construction,2026-06-11,Engineering & EPC,0,1,1
MOBIKWIK,14896553984.0,SMALL CAP,189.2100067138672,26.132245,2.7486672,-0.11015,51.207,0.15317,-0.0538,0.105,0.183,Technology,Technology,Software - Infrastructure,2026-06-11,Software Products,0,1,0
ALGOQUANT,14830625792.0,SMALL CAP,52.7599983215332,44.336132,10.984801,0.28374,25.483,0.26845,0.14182,0.122,16.134920000000058,Misc,Financial Services,Capital Markets,2026-06-11,Capital Markets,0,1,1
SDBL,14821284864.0,SMALL CAP,71.29000091552734,145.48979,1.7401812,0.01289,29.1,-0.4439,0.0084,-0.793,0.183,Misc,Consumer Defensive,Beverages - Brewers,2026-06-11,Beverages - Brewers,0,0,0
DYCL,14731426816.0,SMALL CAP,304.0,17.441193,3.220578,0.20319,9.424,0.09669,0.070489995,0.073,0.026,Misc,Industrials,Electrical Equipment & Parts,2026-06-11,Electrical Equipment & Parts,0,0,0
SMCGLOBAL,14559582208.0,SMALL CAP,69.52999877929688,14.277207,1.1592777,0.081750005,163.316,0.05548,0.06163,0.238,4.611,Misc,Financial Services,Capital Markets,2026-06-11,Capital Markets,0,1,0
JAYBARMARU,14546635776.0,SMALL CAP,134.3800048828125,10.417055,2.0904114,0.22193001,76.31,0.08628,0.05475,0.254,2.869,Automobiles,Consumer Cyclical,Auto Parts,2026-06-11,Auto Components,0,1,0
MAHASTEEL,14542800896.0,SMALL CAP,884.9000244140625,151.52397,10.463769,0.1040750025,40.365,0.01632,0.0127799995,0.122,0.758,Misc,Basic Materials,Steel,2026-06-11,Steel,0,1,0
ONEPOINT,14542342144.0,SMALL CAP,55.400001525878906,38.74126,3.4674845,0.08809,47.642,0.14299,0.12206,0.435,0.184,Misc,Industrials,Specialty Business Services,2026-06-11,Specialty Business Services,0,1,0
SIGNPOST,14538399744.0,SMALL CAP,272.0,20.684412,5.774824,0.273,69.752,0.19537,0.120699994,0.461,16.134920000000058,Misc,Communication Services,Advertising Agencies,2026-06-11,Advertising Agencies,0,1,1
AQYLON,14480403456.0,SMALL CAP,57.06999969482422,248.13043,-251.4097,0.1040750025,29.1,-0.025120001,0.43607,1.802,0.183,Media,Communication Services,Broadcasting,2026-06-11,Broadcasting,0,1,0
STEELXIND,14451623936.0,SMALL CAP,11.329999923706055,51.5,1.8253585,0.03663,56.801,0.14909,0.02548,-0.014,1.5,Misc,Basic Materials,Steel,2026-06-11,Steel,0,0,0
RACLGEAR,14449388544.0,SMALL CAP,1223.5999755859375,29.133333,4.0420723,0.1691,66.889,0.15654,0.09991,0.508,0.759,Automobiles,Consumer Cyclical,Auto Parts,2026-06-11,Auto Components,0,1,0
IZMO,14408961024.0,SMALL CAP,963.0,30.207027,3.7808595,0.12384,4.055,0.096379995,0.16695,0.823,1.497,Technology,Technology,Software - Application,2026-06-11,SaaS,0,1,0
VINYAS,14406366208.0,SMALL CAP,1144.75,47.050964,6.7046385,0.1040750025,29.1,0.09375,0.0621700015,0.122,0.183,Misc,Unknown,Unknown,2026-06-11,Diversified,0,1,0
OMAXE,14381966336.0,SMALL CAP,78.30999755859375,26.132245,-2.5711658,0.1040750025,29.1,-0.60823,-0.55597997,-0.356,0.183,Misc,Real Estate,Real Estate - Development,2026-06-11,Real Estate - Development,0,0,0
SUMEETINDS,14368691200.0,SMALL CAP,27.299999237060547,51.509434,6.444759,0.13763,76.104,0.03215,0.026010001,0.093,-0.95092,Misc,Consumer Cyclical,Textile Manufacturing,2026-06-11,Textile Manufacturing,0,0,0
ALLTIME,14346203136.0,SMALL CAP,219.0,37.823833,2.3327653,0.08208,14.078,0.09404001,0.058000002,-0.017,-0.223,Consumer,Consumer Defensive,Household & Personal Products,2026-06-11,FMCG – Personal Care,0,0,0
VIDHIING,14309242880.0,SMALL CAP,286.5,29.264555,4.3695097,0.15569,17.578,0.15077,0.12883,0.12,0.114,Chemicals,Basic Materials,Specialty Chemicals,2026-06-11,Specialty Chemicals,0,1,0
TIL,14263195648.0,SMALL CAP,179.58999633789062,26.132245,14.3293705,0.1040750025,344.424,0.07803,-0.03494,0.078,0.183,Misc,Industrials,Farm & Heavy Construction Machinery,2026-06-11,Farm & Heavy Construction Machinery,0,0,0
SESHAPAPER,14258445312.0,SMALL CAP,226.0800018310547,16.50219,0.6668161,0.040949997,29.1,0.01568,0.048249997,0.178,-0.041,Misc,Basic Materials,Paper & Paper Products,2026-06-11,Paper & Paper Products,0,0,0
GPTINFRA,14242553856.0,SMALL CAP,112.70999908447266,14.637663,2.3654718,0.17464,49.76,0.124460004,0.075440004,0.089,0.306,Industrials,Industrials,Engineering & Construction,2026-06-11,Engineering & EPC,0,0,0
5PAISA,14239574016.0,SMALL CAP,303.75,21.481611,1.4636226,0.070539996,58.31,0.19001,0.15376,0.064,0.079,Misc,Financial Services,Capital Markets,2026-06-11,Capital Markets,0,0,0
NAVKARCORP,14225568768.0,SMALL CAP,94.51000213623047,47.255,0.7256827,0.01551,9.055,0.13358,0.043649998,0.945,0.183,Misc,Industrials,Integrated Freight & Logistics,2026-06-11,Integrated Freight & Logistics,0,1,0
GODAVARIB,14175745024.0,SMALL CAP,277.0,401.44928,1.7989699,0.00449,67.331,0.12814,0.00177,-0.027,-0.265,Misc,Basic Materials,Chemicals,2026-06-11,Chemicals,0,0,0
UGROCAP,14162940928.0,SMALL CAP,92.68000030517578,7.0318666,0.48736626,0.0706,375.276,0.25767002,0.20388001,0.561,-0.177,Financials,Financial Services,Credit Services,2026-06-11,NBFC – Lending,0,0,0
SHRIRAMPPS,14114825216.0,SMALL CAP,82.70999908447266,13.994924,1.021767,0.07159,42.189,0.13726,0.07953,0.572,0.644,Misc,Real Estate,Real Estate - Development,2026-06-11,Real Estate - Development,0,1,0
SURAKSHA,14038368256.0,SMALL CAP,269.54998779296875,43.687195,6.0773787,0.13843,53.533,0.16466999,0.103690006,0.312,-0.054,Healthcare,Healthcare,Diagnostics & Research,2026-06-11,Diagnostics,0,0,0
JYOTISTRUC,13977757696.0,SMALL CAP,11.710000038146973,24.914894,2.9407332,0.108059995,439.045,0.05999,0.07462,0.423,0.153,Misc,Industrials,Specialty Industrial Machinery,2026-06-11,Specialty Industrial Machinery,0,1,0
INDSWFTLAB,13951242240.0,SMALL CAP,160.42999267578125,33.14669,0.9678042,0.032390002,1.481,0.07334,0.060170002,-0.666,-0.948,Misc,Healthcare,Drug Manufacturers - Specialty & Generic,2026-06-11,Drug Manufacturers - Specialty & Generic,0,0,0
AURUM,13926989824.0,SMALL CAP,182.66000366210938,616.6650680000004,2.2236562,-0.02928,44.065,0.01946,-0.027420001,0.759,0.183,Misc,Real Estate,Real Estate Services,2026-06-11,Real Estate Services,0,1,0
GENESYS,13897389056.0,SMALL CAP,332.3500061035156,42.041718,2.0208435,0.051960003,24.515,0.16308,0.099379994,0.107,-0.359,Technology,Technology,Software - Application,2026-06-11,SaaS,0,0,0
SAHANA,13883089920.0,SMALL CAP,1571.0,33.792213,6.148752,0.1040750025,29.1,0.09375,0.0621700015,0.122,0.183,Misc,Unknown,Unknown,2026-06-11,Diversified,0,1,0
MOTISONS,13864358912.0,SMALL CAP,13.84000015258789,20.656715,2.8779373,0.13962,7.795,0.05783,0.13014,0.158,-0.216,Misc,Consumer Cyclical,Luxury Goods,2026-06-11,Luxury Goods,0,0,0
DOLLAR,13861419008.0,SMALL CAP,244.39999389648438,12.897097,1.4622471,0.11806,30.541,0.07535,0.05711,0.132,0.113,Misc,Consumer Cyclical,Apparel Manufacturing,2026-06-11,Apparel Manufacturing,0,1,0
PASHUPATI,13817313280.0,SMALL CAP,87.54000091552734,616.6650680000004,8.092069,0.06525,60.103,0.028989999,0.0150999995,0.328,-0.761,Misc,Consumer Cyclical,Textile Manufacturing,2026-06-11,Textile Manufacturing,0,0,0
ESAFSFB,13796551680.0,SMALL CAP,26.739999771118164,26.132245,0.7649835,-0.089090005,29.1,0.05365,-0.10596,1.039,0.183,Financials,Financial Services,Banks - Regional,2026-06-11,Private Sector Banks,0,1,0
ARFIN,13791375360.0,SMALL CAP,81.73999786376953,88.847824,8.186279,0.094469994,75.884,0.07755,0.025,0.26,13.938,Misc,Basic Materials,Aluminum,2026-06-11,Aluminum,0,1,0
BHARATWIRE,13763010560.0,SMALL CAP,200.55999755859375,26.14863,1.7709961,0.1040750025,9.237,0.16924,0.12344,-0.174,-0.424,Misc,Basic Materials,Steel,2026-06-11,Steel,0,0,0
JAGSNPHARM,13617409024.0,SMALL CAP,206.83999633789062,32.727848,5.2498794,0.16695,2.956,0.13769001,0.14998999,0.096,0.238,Misc,Healthcare,Drug Manufacturers - Specialty & Generic,2026-06-11,Drug Manufacturers - Specialty & Generic,0,0,0
KCK,13610764288.0,SMALL CAP,214.0,616.6650680000004,11.703582,0.1040750025,29.1,0.09375,0.0621700015,0.122,0.183,Misc,Unknown,Unknown,2026-06-11,Diversified,0,1,0
SPIC,13568555008.0,SMALL CAP,66.62999725341797,6.4128966,1.0425599,0.16465001,51.296,0.06034,0.07154,-0.226,0.516,Chemicals,Basic Materials,Agricultural Inputs,2026-06-11,Agrochemicals,0,0,0
JAGRAN,13520683008.0,SMALL CAP,62.119998931884766,6.864088,0.67099446,0.08794,5.156,0.048639998,0.10498,-0.019,0.183,Misc,Communication Services,Publishing,2026-06-11,Publishing,0,0,0
BOROSCI,13478146048.0,SMALL CAP,151.52999877929688,38.853844,3.053255,0.08174,1.955,0.191,0.07406,0.106,2.122,Misc,Consumer Cyclical,Packaging & Containers,2026-06-11,Packaging & Containers,0,1,0
MCLOUD,13466075136.0,SMALL CAP,22.860000610351562,12.988637,2.3109584,0.18974,42.501,0.17924,0.16369,0.315,0.323,Technology,Technology,Information Technology Services,2026-06-11,IT Services,0,1,1
IFGLEXPOR,13419597824.0,SMALL CAP,186.17999267578125,38.7875,1.1798179,0.03041,17.764,0.03785,0.01832,0.077,0.693,Misc,Basic Materials,Building Materials,2026-06-11,Building Materials,0,0,0
WENDT,13397999616.0,SMALL CAP,6699.0,92.51484,5.2775044,0.05849,0.08707999999999999,0.09988,0.06157,-0.117,-0.605,Misc,Industrials,Tools & Accessories,2026-06-11,Tools & Accessories,0,0,0
MIRCELECTR,13379391488.0,SMALL CAP,36.220001220703125,26.132245,6.857251,0.1040750025,32.644,-0.11807,0.02544,-0.284,0.183,Misc,Consumer Cyclical,"Furnishings, Fixtures & Appliances",2026-06-11,"Furnishings, Fixtures & Appliances",0,0,0
DCW,13346910208.0,SMALL CAP,45.220001220703125,27.742332,1.2470355,0.04571,26.985,0.062649995,0.02247,0.132,0.564,Misc,Basic Materials,Chemicals,2026-06-11,Chemicals,0,1,0
IMPAL,13317407744.0,SMALL CAP,1067.0999755859375,13.792167,0.5206496,0.1040750025,29.1,0.07482,0.10674,0.122,0.183,Automobiles,Consumer Cyclical,Auto Parts,2026-06-11,Auto Components,0,1,0
QUADFUTURE,13294000128.0,SMALL CAP,332.3500061035156,26.132245,4.9410524,-0.15451,10.233,-0.19032,-0.27119,-0.033,-0.261,Misc,Industrials,Railroads,2026-06-11,Railroads,0,0,0
CLSEL,13222041600.0,SMALL CAP,265.8999938964844,11.515807,1.5764511,0.14608,9.87,0.11845,0.079730004,0.165,0.562,Misc,Consumer Defensive,Packaged Foods,2026-06-11,Packaged Foods,0,1,0
IGPL,13195593728.0,SMALL CAP,428.5,612.1429,0.99043083,0.00166,27.136,0.088190004,0.00115,0.092,0.479,Misc,Basic Materials,Chemicals,2026-06-11,Chemicals,0,0,0
BASILIC,13191023616.0,SMALL CAP,567.6,27.327875,3.5948849,0.1040750025,29.1,0.09375,0.0621700015,0.122,0.183,Misc,Unknown,Unknown,2026-06-11,Diversified,0,1,0
DIFFNKG,13181678592.0,SMALL CAP,355.04998779296875,26.202951,3.2661188,0.13011,7.057,0.13303,0.12376001,0.382,0.229,Misc,Industrials,Specialty Industrial Machinery,2026-06-11,Specialty Industrial Machinery,0,1,0
SYNCOMF,13103599616.0,SMALL CAP,13.9399995803833,17.209875,3.396686,0.20191,0.355,0.14422,0.15626,-0.09,0.688,Misc,Healthcare,Drug Manufacturers - Specialty & Generic,2026-06-11,Drug Manufacturers - Specialty & Generic,1,0,0
PRECAM,13084298240.0,SMALL CAP,137.75,25.509258,1.6032729,0.06375,13.008,0.13286,0.062140003,-0.089,-0.29,Automobiles,Consumer Cyclical,Auto Parts,2026-06-11,Auto Components,0,0,0
ALLCARGO,13045650432.0,SMALL CAP,8.710000038146973,217.75,2.3344948,0.00373,120.732,0.01556,0.00389,-0.831,0.183,Misc,Industrials,Integrated Freight & Logistics,2026-06-11,Integrated Freight & Logistics,0,0,0
STLNETWORK,13041403904.0,SMALL CAP,26.719999313354492,26.132245,1.5287789,-0.11605,116.754,-0.025999999,-0.10335,0.124,0.183,Telecom,Communication Services,Telecom Services,2026-06-11,Telecom Services,0,1,0
BLUSPRING,13040220160.0,SMALL CAP,87.26000213623047,26.132245,1.9225346,-0.030439999,18.377,0.016549999,-0.00454,0.079,0.183,Misc,Industrials,Specialty Business Services,2026-06-11,Specialty Business Services,0,0,0
FAZE3Q,12960672768.0,SMALL CAP,534.0,38.751816,2.871014,0.07697,60.909,0.09391,0.03637,0.316,0.125,Misc,Consumer Cyclical,Textile Manufacturing,2026-06-11,Textile Manufacturing,0,1,0
GULPOLY,12949076992.0,SMALL CAP,208.24000549316406,12.114019,1.8071369,0.16091,43.497,0.09937,0.04634,0.07,4.398,Misc,Basic Materials,Chemicals,2026-06-11,Chemicals,0,0,0
NINSYS,12947472384.0,SMALL CAP,697.0,40.429234,14.118743,0.41852,2.061,0.28696,0.18812001,0.225,0.192,Technology,Technology,Information Technology Services,2026-06-11,IT Services,0,1,1
HUHTAMAKI,12866671616.0,SMALL CAP,170.3699951171875,10.928159,0.9946928,0.1040750025,11.138,0.06072,0.04733,0.041,-0.02,Misc,Consumer Cyclical,Packaging & Containers,2026-06-11,Packaging & Containers,0,0,0
DOLATALGO,12791680000.0,SMALL CAP,72.68000030517578,9.928962,1.1334996,0.12114,25.082,0.61439,0.35776,-0.034,0.178,Misc,Financial Services,Capital Markets,2026-06-11,Capital Markets,0,0,0
SULA,12755755008.0,SMALL CAP,151.0500030517578,49.6875,2.171569,0.043709997,56.679,0.13246,0.04614,0.073,-0.342,Misc,Consumer Defensive,Beverages - Wineries & Distilleries,2026-06-11,Beverages - Wineries & Distilleries,0,0,0
AYMSYNTEX,12716913664.0,SMALL CAP,216.9600067138672,193.7143,2.1607194,0.01123,31.914,0.05192,0.0047999998,0.014,3.157,Misc,Consumer Cyclical,Textile Manufacturing,2026-06-11,Textile Manufacturing,0,0,0
ASIANHOTNR,12700438528.0,SMALL CAP,297.8999938964844,26.132245,1.3795946,-0.17289,36.252,0.18007,-0.29279,0.214,-0.903,Misc,Consumer Cyclical,Lodging,2026-06-11,Lodging,0,0,0
GREENPOWER,12692202496.0,SMALL CAP,10.819999694824219,18.338984,1.1004882,0.06458,45.393,-0.30267,0.23687,-0.069,0.183,Misc,Utilities,Utilities - Independent Power Producers,2026-06-11,Utilities - Independent Power Producers,0,0,0
DEN,12648600576.0,SMALL CAP,26.530000686645508,7.6235633,0.33229792,0.04425,0.524,-0.02174,0.17015,-0.03,-0.377,Misc,Communication Services,Entertainment,2026-06-11,Entertainment,0,0,0
TTKHLTCARE,12619094016.0,SMALL CAP,893.0499877929688,19.22605,1.1627574,0.06026,2.187,0.04079,0.07661,0.145,0.347,Misc,Healthcare,Drug Manufacturers - General,2026-06-11,Drug Manufacturers - General,0,1,0
LINCOLN,12607712256.0,SMALL CAP,629.4500122070312,14.3415365,1.7609259,0.12299,0.584,0.11305001,0.12476,0.114,0.006,Misc,Healthcare,Drug Manufacturers - Specialty & Generic,2026-06-11,Drug Manufacturers - Specialty & Generic,0,0,0
CAPITALSFB,12582278144.0,SMALL CAP,276.95001220703125,8.905145,0.8609488,0.10095,29.1,0.07101,0.28999,0.12,0.167,Financials,Financial Services,Banks - Regional,2026-06-11,Private Sector Banks,0,1,0
APEX,12562499584.0,SMALL CAP,402.0,32.289158,2.3809664,0.1040750025,7.972,0.039809998,0.03447,0.145,0.183,Misc,Consumer Defensive,Farm Products,2026-06-11,Farm Products,0,1,0
ALLDIGI,12545713152.0,SMALL CAP,823.2999877929688,15.2519455,4.999271,0.32217,68.009,0.19093001,0.13524,0.074,0.497,Misc,Industrials,Specialty Business Services,2026-06-11,Specialty Business Services,0,0,1
TEXINFRA,12532405248.0,SMALL CAP,98.3499984741211,114.36046,1.1189106,0.009330001,2.626,-0.62433,0.62602,0.311,-0.523,Misc,Real Estate,Real Estate Services,2026-06-11,Real Estate Services,0,0,0
DHANBANK,12496165888.0,SMALL CAP,31.65999984741211,12.176924,0.84924895,0.07162,29.1,0.35627,0.13948,0.337,0.298,Financials,Financial Services,Banks - Regional,2026-06-11,Private Sector Banks,0,1,0
DIGITIDE,12435841024.0,SMALL CAP,83.4000015258789,26.132245,1.4863131,0.00607,57.944,0.02686,-0.0053100004,0.092,0.183,Misc,Industrials,Specialty Business Services,2026-06-11,Specialty Business Services,0,0,0
UNITECH,12427429888.0,SMALL CAP,4.75,26.132245,-0.15504636,0.1040750025,29.1,0.8849212000000001,0.0,0.292,0.183,Misc,Real Estate,Real Estate - Diversified,2026-06-11,Real Estate - Diversified,0,1,0
WEL,12414500864.0,SMALL CAP,92.63999938964844,136.23529,14.083308,0.08762,107.754,0.04699,0.01392,-0.192,-0.382,Misc,Consumer Cyclical,"Furnishings, Fixtures & Appliances",2026-06-11,"Furnishings, Fixtures & Appliances",0,0,0
AWHCL,12404099072.0,SMALL CAP,437.20001220703125,16.454649,1.6790651,0.1058,50.103,0.12368,0.07164,0.178,-0.187,Misc,Industrials,Waste Management,2026-06-11,Waste Management,0,0,0
SKMEGGPROD,12327730176.0,SMALL CAP,233.80999755859375,11.862507,3.112321,0.29677,35.857,0.25747,0.13509,0.589,4.151,Misc,Consumer Defensive,Packaged Foods,2026-06-11,Packaged Foods,0,1,1
UDS,12291500032.0,SMALL CAP,182.0,14.21875,1.2117177,0.08194,4.253,0.05051,0.02915,0.048,-0.185,Misc,Industrials,Specialty Business Services,2026-06-11,Specialty Business Services,0,0,0
ICEMAKE,12258487296.0,SMALL CAP,776.8499755859375,99.98069,10.155167,0.094639994,119.455,0.06603,0.01824,0.419,-0.136,Misc,Industrials,Specialty Industrial Machinery,2026-06-11,Specialty Industrial Machinery,0,0,0
SEPC,12256734208.0,SMALL CAP,6.300000190734863,21.0,0.6946742,0.031229999,18.404,0.03388,0.05077,1.324,0.232,Industrials,Industrials,Engineering & Construction,2026-06-11,Engineering & EPC,0,1,0
TECHLABS,12252274688.0,SMALL CAP,709.0,106.29685,18.101974,0.1040750025,29.1,0.09375,0.0621700015,0.122,0.183,Misc,Unknown,Unknown,2026-06-11,Diversified,0,1,0
ATULAUTO,12231376896.0,SMALL CAP,440.75,28.920605,5.343979,0.1040750025,29.1,0.09268,0.08078,0.253,0.561,Automobiles,Consumer Cyclical,Auto Manufacturers,2026-06-11,Passenger Vehicles,0,1,0
JARO,12137361408.0,SMALL CAP,545.0,21.7045,3.2781756,0.19894,2.159,0.33854,0.18566999,0.096,0.039,Misc,Consumer Defensive,Education & Training Services,2026-06-11,Education & Training Services,0,0,0
ANDHRAPAP,12086114304.0,SMALL CAP,60.779998779296875,64.65958,0.62075514,0.0095999995,11.971,-0.00379,0.0109399995,0.294,0.0,Misc,Basic Materials,Paper & Paper Products,2026-06-11,Paper & Paper Products,0,0,0
NIITLTD,12080397312.0,SMALL CAP,88.48999786376953,221.22499,1.1418506,0.00569,0.65,-0.0028400002,0.011569999,0.255,0.183,Misc,Consumer Defensive,Education & Training Services,2026-06-11,Education & Training Services,0,1,0
GPTHEALTH,12056314880.0,SMALL CAP,146.92999267578125,28.585602,4.4625664,0.16324,33.842,0.12991999,0.08935001,0.246,0.137,Misc,Healthcare,Medical Care Facilities,2026-06-11,Medical Care Facilities,0,1,0
EXPLEOSOL,12048748544.0,SMALL CAP,776.3499755859375,9.71652,1.5520761,0.17559,1.011,0.12861,0.111899994,0.119,0.732,Technology,Technology,Information Technology Services,2026-06-11,IT Services,0,1,0
NELCAST,12022176768.0,SMALL CAP,137.8000030517578,24.784174,2.00381,0.1040750025,29.1,0.08154,0.05761,0.273,0.044,Misc,Industrials,Metal Fabrication,2026-06-11,Metal Fabrication,0,0,0
VILAS,12012336128.0,SMALL CAP,490.7,26.282806,3.8302124,0.1040750025,29.1,0.09375,0.0621700015,0.122,0.183,Misc,Unknown,Unknown,2026-06-11,Diversified,0,1,0
PUNJABCHEM,11986285568.0,SMALL CAP,977.5,18.740414,2.8287091,0.16229999,36.418,0.09024,0.06211,0.031,0.558,Misc,Basic Materials,Chemicals,2026-06-11,Chemicals,0,0,0
GGBL,11951601664.0,SMALL CAP,481.9,15.90429,5.021099,0.1040750025,29.1,0.09375,0.0621700015,0.122,0.183,Misc,Unknown,Unknown,2026-06-11,Diversified,0,1,0
HARIOMPIPE,11942534144.0,SMALL CAP,385.6499938964844,15.766558,1.8471508,0.12392,62.241,0.09194,0.04542,0.269,0.746,Misc,Basic Materials,Steel,2026-06-11,Steel,0,1,0
AEROENTER,11881840640.0,SMALL CAP,105.06999969482422,18.49824,1.4403608,0.09559,4.218,0.16246,0.08845,0.16,0.293,Misc,Basic Materials,Steel,2026-06-11,Steel,0,1,0
PLATIND,11838899200.0,SMALL CAP,208.97999572753906,26.132245,2.586002,0.12031,2.293,0.10383,0.11535,0.368,1.371,Chemicals,Basic Materials,Specialty Chemicals,2026-06-11,Specialty Chemicals,0,1,0
GALAPREC,11837733888.0,SMALL CAP,925.0,34.233902,4.026676,0.12921,13.04,0.14731,0.11289,0.256,0.11,Misc,Industrials,Specialty Industrial Machinery,2026-06-11,Specialty Industrial Machinery,0,1,0
LAXMIDENTL,11796526080.0,SMALL CAP,214.6300048828125,40.80418,5.023875,0.12772,5.329,0.12332,0.10429,0.219,1.379,Misc,Healthcare,Medical Instruments & Supplies,2026-06-11,Medical Instruments & Supplies,0,1,0
EKC,11790783488.0,SMALL CAP,105.08000183105469,8.027502,0.8423855,0.11256,19.067,0.07004,0.09986,-0.151,2.442,Misc,Industrials,Specialty Industrial Machinery,2026-06-11,Specialty Industrial Machinery,0,0,0
MOL,11779833856.0,SMALL CAP,46.31999969482422,40.99115,0.75254667,0.01878,46.995,-0.02025,0.01322,-0.143,-0.59,Chemicals,Basic Materials,Agricultural Inputs,2026-06-11,Agrochemicals,0,0,0
BLKASHYAP,11770181632.0,SMALL CAP,52.20000076293945,616.6650680000004,2.2156198,0.0029499999,56.784,0.07027,0.00112,0.236,0.183,Industrials,Industrials,Engineering & Construction,2026-06-11,Engineering & EPC,0,1,0
INDORAMA,11768370176.0,SMALL CAP,45.06999969482422,7.8382607,2.263118,0.33855,219.556,0.08802,0.03059,0.003,0.255,Misc,Consumer Cyclical,Textile Manufacturing,2026-06-11,Textile Manufacturing,0,0,0
PNGSREVA,11685614592.0,SMALL CAP,368.6499938964844,12.966936,1.8237089,0.21013,32.942,0.21966,0.14727001,1.389,11.74,Misc,Consumer Cyclical,Luxury Goods,2026-06-11,Luxury Goods,0,1,1
RIIL,11676075008.0,SMALL CAP,773.25,93.84102,2.4637723,0.02648,29.1,-0.18861,0.27278998,-0.325,0.005,Industrials,Industrials,Engineering & Construction,2026-06-11,Engineering & EPC,0,0,0
HARDWYN,11668688896.0,SMALL CAP,23.889999389648438,88.481476,2.880048,0.1040750025,1.563,0.09116,0.06179,0.252,0.75,Misc,Industrials,Building Products & Equipment,2026-06-11,Building Products & Equipment,0,1,0
RAJRILTD,11571495936.0,SMALL CAP,20.549999237060547,48.92857,8.774551,0.24372,142.191,0.03828,0.02881,0.432,0.008,Misc,Consumer Cyclical,Textile Manufacturing,2026-06-11,Textile Manufacturing,0,0,0
RUPA,11561787392.0,SMALL CAP,145.35000610351562,15.937501,1.0849606,0.06958,24.224,0.11604,0.05757,0.063,0.183,Misc,Consumer Cyclical,Apparel Manufacturing,2026-06-11,Apparel Manufacturing,0,0,0
INDOBORAX,11536355328.0,SMALL CAP,359.5,22.956577,2.9832788,0.13925,0.37,0.19344999,0.23332001,0.204,0.42,Misc,Basic Materials,Chemicals,2026-06-11,Chemicals,0,1,0
RATNAVEER,11534695424.0,SMALL CAP,161.49000549316406,14.522483,1.7235528,0.12364,50.053,0.086169995,0.060170002,0.226,0.38,Misc,Basic Materials,Steel,2026-06-11,Steel,0,1,0
IKIO,11514824704.0,SMALL CAP,149.0,30.595484,1.9123648,0.07095,11.438,0.10614,0.063540004,0.473,0.183,Misc,Technology,Electronic Components,2026-06-11,Electronic Components,0,1,0
IGARASHI,11507277824.0,SMALL CAP,365.6000061035156,95.95801,2.4501722,0.02606,31.007,0.01985,0.01403,0.193,-0.474,Automobiles,Consumer Cyclical,Auto Parts,2026-06-11,Auto Components,0,0,0
RUBYMILLS,11503360000.0,SMALL CAP,344.0,26.400614,1.7573435,0.06645,55.74,0.16149999,0.1158,0.536,-0.311,Misc,Consumer Cyclical,Textile Manufacturing,2026-06-11,Textile Manufacturing,0,0,0
KROSS,11444617216.0,SMALL CAP,177.41000366210938,20.749708,2.3368328,0.11948,10.969,0.1412,0.081499994,0.223,0.31,Automobiles,Consumer Cyclical,Auto Parts,2026-06-11,Auto Components,0,1,0
JPOLYINVST,11406493696.0,SMALL CAP,1085.0999755859375,3.833861852,0.696901,0.5399894000000005,1.462,0.8849212000000001,0.82725996,4.985060000000001,-0.472,Financials,Financial Services,Asset Management,2026-06-11,Asset Management Companies,0,0,0
SHREEPUSHK,11405504512.0,SMALL CAP,352.70001220703125,16.36659,1.9727385,0.12202,21.571,0.07475,0.071779996,-0.006,-0.246,Chemicals,Basic Materials,Specialty Chemicals,2026-06-11,Specialty Chemicals,0,0,0
HMAAGRO,11357458432.0,SMALL CAP,22.68000030517578,6.893617,1.200127,0.18639,88.318,-0.00899,0.02382,0.053,0.183,Misc,Consumer Defensive,Packaged Foods,2026-06-11,Packaged Foods,0,0,0
PAUSHAKLTD,11347110912.0,SMALL CAP,460.20001220703125,28.88889,2.362217,0.082229994,15.666,0.15996,0.17992,0.053,0.301,Chemicals,Basic Materials,Specialty Chemicals,2026-06-11,Specialty Chemicals,0,0,0
ANDHRSUGAR,11344312320.0,SMALL CAP,83.69999694824219,13.83471,0.6933916,0.1040750025,0.427,0.048,0.03624,0.236,16.134920000000058,Misc,Basic Materials,Chemicals,2026-06-11,Chemicals,0,1,0
EXCELINDUS,11326821376.0,SMALL CAP,901.0499877929688,14.972582,0.6650335,0.04597,0.463,0.043870002,0.06913,0.135,-0.01,Chemicals,Basic Materials,Specialty Chemicals,2026-06-11,Specialty Chemicals,0,0,0
JINDALPHOT,11322063872.0,SMALL CAP,1099.5,26.132245,1.1648319,0.1040750025,29.1,0.26667,0.0,-0.831,-0.95092,Financials,Financial Services,Asset Management,2026-06-11,Asset Management Companies,0,0,0
BCLIND,11316561920.0,SMALL CAP,38.34000015258789,9.830769,1.2431101,0.14187,59.845,0.07716,0.04119,-0.195,-0.077,Misc,Consumer Defensive,Beverages - Wineries & Distilleries,2026-06-11,Beverages - Wineries & Distilleries,0,0,0
RGL,11290450944.0,SMALL CAP,105.19000244140625,45.934498,0.7484649,0.06087,41.552,0.07516,0.03203,0.504,0.27,Misc,Consumer Cyclical,Luxury Goods,2026-06-11,Luxury Goods,0,1,0
SARTELE,11275180032.0,SMALL CAP,239.35,16.194181,1.3061464,0.1040750025,29.1,0.09375,0.0621700015,0.122,0.183,Misc,Unknown,Unknown,2026-06-11,Diversified,0,1,0
SALASAR,11239320576.0,SMALL CAP,6.429999828338623,64.299995,1.2038944,0.021760002,50.613,0.01751,0.011390001,-0.105,0.183,Misc,Basic Materials,Steel,2026-06-11,Steel,0,0,0
LGHL,11230251008.0,SMALL CAP,224.19000244140625,26.132245,15.9,0.06468,153.423,-0.0736,0.04203,-0.045,0.183,Misc,Consumer Cyclical,Luxury Goods,2026-06-11,Luxury Goods,0,0,0
ORIENTTECH,11156031488.0,SMALL CAP,243.5500030517578,243.55,3.3136055,0.01372,18.579,-0.01033,0.00526,-0.294,0.183,Technology,Technology,Information Technology Services,2026-06-11,IT Services,0,0,0
BUTTERFLY,11146113024.0,SMALL CAP,623.4000244140625,24.39922,2.993345,0.13085,2.054,0.059609998,0.04839,0.167,0.267,Misc,Consumer Cyclical,"Furnishings, Fixtures & Appliances",2026-06-11,"Furnishings, Fixtures & Appliances",0,1,0
AIMTRON,11131658240.0,SMALL CAP,545.3,25.059742,5.5917883,0.1040750025,29.1,0.09375,0.0621700015,0.122,0.183,Misc,Unknown,Unknown,2026-06-11,Diversified,0,1,0
MWL,11130328064.0,SMALL CAP,374.75,22.20083,4.014462,0.1040750025,78.694,0.06759,0.0341,0.298,0.749,Misc,Basic Materials,Steel,2026-06-11,Steel,0,1,0
SALZERELEC,11114483712.0,SMALL CAP,628.5499877929688,21.000668,1.8753618,0.09309,88.776,0.05171,0.03011,0.262,0.183,Misc,Industrials,Electrical Equipment & Parts,2026-06-11,Electrical Equipment & Parts,0,1,0
HITECHGEAR,11096229888.0,SMALL CAP,589.7999877929688,52.896862,2.1190825,0.1040750025,29.1,0.10385,0.05585,0.363,1.263,Automobiles,Consumer Cyclical,Auto Parts,2026-06-11,Auto Components,0,1,0
SOLEX,11086595072.0,SMALL CAP,1026.300048828125,11.549629,4.3825827,0.47055998,132.242,0.09936,0.05933,2.481,3.046,Misc,Technology,Solar,2026-06-11,Solar,0,1,0
ROTO,11060748288.0,SMALL CAP,58.54999923706055,44.694656,4.82012,0.10709,13.234,0.107880004,0.086969994,-0.023,-0.55,Misc,Industrials,Specialty Industrial Machinery,2026-06-11,Specialty Industrial Machinery,0,0,0
TBZ,11015890944.0,SMALL CAP,165.0800018310547,5.502667,1.5811656,0.27058,105.734,0.12573,0.06302,0.567,6.141,Misc,Consumer Cyclical,Luxury Goods,2026-06-11,Luxury Goods,0,1,0
MANAKCOAT,11015207936.0,SMALL CAP,104.08000183105469,24.092592,2.4278617,0.14136,33.071,0.051170003,0.046,0.094,-0.044,Misc,Industrials,Metal Fabrication,2026-06-11,Metal Fabrication,0,0,0
OAL,11006401536.0,SMALL CAP,327.04998779296875,320.63724,1.6624391,0.0049900003,60.585,0.04152,0.00321,0.115,1.809,Chemicals,Basic Materials,Specialty Chemicals,2026-06-11,Specialty Chemicals,0,1,0
BHARATSE,10932851712.0,SMALL CAP,174.08999633789062,25.90625,4.7612405,0.1991,47.94,0.03551,0.02165,0.462,0.166,Automobiles,Consumer Cyclical,Auto Parts,2026-06-11,Auto Components,0,1,0
FINOPB,10923246592.0,SMALL CAP,131.25999450683594,20.868044,1.3616464,0.067600004,29.1,0.01733,0.0356,-0.311,-0.705,Financials,Financial Services,Banks - Regional,2026-06-11,Private Sector Banks,0,0,0
MADRASFERT,10843727872.0,SMALL CAP,67.30999755859375,13.488978,11.761313,0.5399894000000005,556.8185800000006,0.046079997,0.03496,0.26,0.183,Chemicals,Basic Materials,Agricultural Inputs,2026-06-11,Agrochemicals,0,1,0
TARSONS,10827478016.0,SMALL CAP,203.5,75.65056,1.74003,0.022650002,61.913,0.042919997,0.0339,0.073,-0.589,Misc,Healthcare,Medical Instruments & Supplies,2026-06-11,Medical Instruments & Supplies,0,0,0
ARIHANTSUP,10816823296.0,SMALL CAP,250.10000610351562,23.48357,5.0259233,0.1040750025,194.333,0.16313,0.08693,0.185,-0.466,Misc,Real Estate,Real Estate - Development,2026-06-11,Real Estate - Development,0,0,0
GKWLIMITED,10799365120.0,SMALL CAP,1810.0,152.61383,0.41549268,-0.00089,0.08707999999999999,0.09932,-0.07193,0.122,0.183,Misc,Industrials,Specialty Business Services,2026-06-11,Specialty Business Services,0,1,0
MONTECARLO,10764088320.0,SMALL CAP,519.2000122070312,9.607698,1.1863985,0.12880999,63.989,0.030569999,0.08783,0.361,0.183,Misc,Consumer Cyclical,Apparel Manufacturing,2026-06-11,Apparel Manufacturing,0,1,0
CENTENKA,10736286720.0,SMALL CAP,491.3500061035156,10.756349,0.7178002,0.06922,1.482,0.08438,0.05913,0.089,4.835,Misc,Consumer Cyclical,Textile Manufacturing,2026-06-11,Textile Manufacturing,0,0,0
SRM,10730731520.0,SMALL CAP,467.6000061035156,9.661157,2.8908274,0.32252,32.634,0.15448,0.10825,0.959,1.266,Industrials,Industrials,Engineering & Construction,2026-06-11,Engineering & EPC,0,1,1
VHL,10723561472.0,SMALL CAP,3360.0,4.963439,0.28707826,0.1040750025,29.1,0.8849212000000001,0.8458531554000015,-0.114,-0.183,Financials,Financial Services,Credit Services,2026-06-11,NBFC – Lending,0,0,0
UNIECOM,10681640960.0,SMALL CAP,95.05000305175781,53.39888,5.774956,0.1555,4.907,0.11587,0.10012,0.166,-0.017,Technology,Technology,Software - Application,2026-06-11,SaaS,0,0,0
RSL,10679110656.0,SMALL CAP,127.79000091552734,17.822872,2.4515128,0.19338,18.946,0.08282,0.04947,0.028,0.567,Misc,Basic Materials,Steel,2026-06-11,Steel,0,0,0
AMNPLST,10658473984.0,SMALL CAP,193.72000122070312,29.218702,3.6473868,0.13262,9.312,0.14207,0.06397,-0.064,0.199,Misc,Basic Materials,Chemicals,2026-06-11,Chemicals,0,0,0
MODISONLTD,10598170624.0,SMALL CAP,326.6000061035156,14.60644,3.8603377,0.1040750025,63.523,0.23957,0.06913,1.209,2.772,Misc,Industrials,Electrical Equipment & Parts,2026-06-11,Electrical Equipment & Parts,0,1,0
AVTNPL,10576122880.0,SMALL CAP,69.44999694824219,16.302814,1.8857422,0.12162,20.311,0.14371,0.09086,0.435,0.543,Chemicals,Basic Materials,Specialty Chemicals,2026-06-11,Specialty Chemicals,0,1,0
BALAJITELE,10506758144.0,SMALL CAP,86.19000244140625,26.132245,1.6604058,-0.07782,3.047,-0.39421,-0.23290001,-0.281,0.183,Misc,Communication Services,Entertainment,2026-06-11,Entertainment,0,0,0
TAC,10495319040.0,SMALL CAP,500.75,73.6397,15.532431,0.1040750025,29.1,0.09375,0.0621700015,0.122,0.183,Misc,Unknown,Unknown,2026-06-11,Diversified,0,1,0
KRISHIVAL,10439688192.0,SMALL CAP,407.3500061035156,44.470524,6.102348,0.12996,18.086,0.07139,0.07338,-0.184,-0.021,Misc,Consumer Defensive,Packaged Foods,2026-06-11,Packaged Foods,0,0,0
CNL,10433585152.0,SMALL CAP,694.7999877929688,16.94221,3.1648855,0.20183,83.725,0.03956,0.02599,0.832,1.571,Misc,Technology,Electronics & Computer Distribution,2026-06-11,Electronics & Computer Distribution,0,1,0
ALICON,10422903808.0,SMALL CAP,638.0,30.366491,1.6589051,0.05638,56.406,0.03902,0.01939,0.166,-0.159,Misc,Industrials,Metal Fabrication,2026-06-11,Metal Fabrication,0,0,0
CREST,10420546560.0,SMALL CAP,368.6499938964844,22.36954,0.7958026,0.03751,15.374,0.43978,0.29413,-0.327,0.081,Financials,Financial Services,Financial Conglomerates,2026-06-11,NBFC – Investment,0,0,0
ARIHANT,10375314432.0,SMALL CAP,955.1500244140625,16.1452,2.563122,0.17285,129.752,0.07357,0.14029,1.2,-0.658,Misc,Real Estate,Real Estate - Development,2026-06-11,Real Estate - Development,0,0,0
CENTRUM,10292067328.0,SMALL CAP,21.690000534057617,26.132245,3.258714,-0.19118,556.8185800000006,-1.19071,-0.19812,-0.259,0.183,Financials,Financial Services,Financial Conglomerates,2026-06-11,NBFC – Investment,0,0,0
APS,10267761664.0,SMALL CAP,520.15,25.610538,8.014638,0.1040750025,29.1,0.09375,0.0621700015,0.122,0.183,Misc,Unknown,Unknown,2026-06-11,Diversified,0,1,0
KAPSTON,10264775680.0,SMALL CAP,337.29998779296875,36.54388,10.077681,0.27415,158.273,0.05757,0.033889998,0.167,0.244,Misc,Industrials,Specialty Business Services,2026-06-11,Specialty Business Services,0,1,0
GAYAPROJ,10261008384.0,SMALL CAP,22.100000381469727,3.833861852,0.68165696,0.1040750025,51.304,0.21040002,0.8458531554000015,-0.328,0.183,Industrials,Industrials,Engineering & Construction,2026-06-11,Engineering & EPC,0,0,0
SHREDIGCEM,10256212992.0,SMALL CAP,69.36000061035156,41.04142,2.8041236,0.06845,140.51,0.0738,0.03334,-0.037,-0.565,Misc,Basic Materials,Building Materials,2026-06-11,Building Materials,0,0,0
GANDHITUBE,10231984128.0,SMALL CAP,842.0,14.976876,3.5665574,0.23506,0.08707999999999999,0.39485002,0.35649,0.089,-0.215,Misc,Industrials,Metal Fabrication,2026-06-11,Metal Fabrication,1,0,0
AFSL,10209360896.0,SMALL CAP,201.0,9.668109,0.8146062,0.083579995,55.763,0.00182,0.00403,4.985060000000001,0.183,Misc,Financial Services,Capital Markets,2026-06-11,Capital Markets,0,1,0
MANALIPETC,10201274368.0,SMALL CAP,59.310001373291016,7.845238,0.7953068,0.10939,10.691,0.05272,0.1271,0.271,1.703,Chemicals,Basic Materials,Specialty Chemicals,2026-06-11,Specialty Chemicals,0,1,0
IRMENERGY,10168428544.0,SMALL CAP,247.64999389648438,19.108795,1.0185908,0.054619998,7.333,0.06392,0.049889997,0.044,1.906,Misc,Utilities,Utilities - Regulated Gas,2026-06-11,Utilities - Regulated Gas,0,0,0
DAMCAPITAL,10109511680.0,SMALL CAP,143.02000427246094,13.912452,2.6931045,0.24398,1.0,0.0077600004,0.31858,-0.245,-0.95092,Misc,Financial Services,Capital Markets,2026-06-11,Capital Markets,0,0,0
STEL,9947462656.0,MICRO CAP,539.0,50.0,0.5361925,0.01181,29.1,0.16395001,0.72375,-0.831,-0.948,Financials,Financial Services,Asset Management,2026-06-11,Asset Management Companies,0,0,0
GKSL,9946864640.0,MICRO CAP,126.16000366210938,50.666668,27.648476,0.11929,11.427,0.15667,0.18896,2.126,2.24,Misc,Healthcare,Medical Care Facilities,2026-06-11,Medical Care Facilities,0,1,0
TNPL,9918570496.0,MICRO CAP,143.30999755859375,4.004191,0.42826787,0.11254,69.638,0.04908,0.053340003,-0.045,9.848,Misc,Basic Materials,Paper & Paper Products,2026-06-11,Paper & Paper Products,0,0,0
MICEL,9915214848.0,MICRO CAP,41.13999938964844,26.132245,4.5930557,-0.05751,20.387,0.24484,-0.06631,0.133,0.183,Misc,Technology,Electronic Components,2026-06-11,Electronic Components,0,1,0
BSHSL,9906079744.0,MICRO CAP,94.4000015258789,37.165356,7.567741,0.22619,82.638,0.09109,0.077470005,0.447,0.024,Chemicals,Basic Materials,Agricultural Inputs,2026-06-11,Agrochemicals,0,0,0
BHAGYANGR,9899252736.0,MICRO CAP,309.3999938964844,19.744734,3.8408062,0.21582001,100.527,0.04659,0.0211,0.618,3.047,Metals,Basic Materials,Copper,2026-06-11,Copper,0,1,0
WEALTH,9872922624.0,MICRO CAP,926.5999755859375,25.55433,6.55128,0.2564,29.1,0.73826,0.54412997,0.122,0.183,Misc,Financial Services,Capital Markets,2026-06-11,Capital Markets,0,1,1
RSWM,9771244544.0,MICRO CAP,207.4499969482422,18.807796,0.74323934,0.039130002,123.995,0.027409999,0.011419999,-0.091,16.134920000000058,Misc,Consumer Cyclical,Textile Manufacturing,2026-06-11,Textile Manufacturing,0,0,0
MUNJALAU,9726000128.0,MICRO CAP,97.26000213623047,24.19403,1.887774,0.10316,90.747,0.00118,0.01752,0.2,0.183,Automobiles,Consumer Cyclical,Auto Parts,2026-06-11,Auto Components,0,1,0
SWELECTES,9665093632.0,MICRO CAP,622.0999755859375,17.118877,1.023775,0.06288,83.572,0.11247,0.08396,-0.075,0.133,Misc,Technology,Solar,2026-06-11,Solar,0,0,0
PRIMESECU,9661592576.0,MICRO CAP,285.0,75.0,3.1067073,0.056539997,0.582,-0.01944,0.11282,1.977,0.183,Misc,Financial Services,Capital Markets,2026-06-11,Capital Markets,0,1,0
BAJAJHCARE,9656134656.0,MICRO CAP,286.8500061035156,42.622585,1.7175516,0.042659998,46.734,0.09831,0.025799999,-0.009,0.183,Misc,Healthcare,Drug Manufacturers - Specialty & Generic,2026-06-11,Drug Manufacturers - Specialty & Generic,0,0,0
MACPOWER,9606994944.0,MICRO CAP,960.2999877929688,28.344154,5.4827294,0.21298,0.389,0.14224,0.101560004,0.248,0.173,Misc,Industrials,Specialty Industrial Machinery,2026-06-11,Specialty Industrial Machinery,1,1,0
RAJOOENG,9603796992.0,MICRO CAP,53.75,19.616789,2.8227077,0.18706,6.767,-0.00356,0.13869001,-0.117,-0.903,Misc,Industrials,Specialty Industrial Machinery,2026-06-11,Specialty Industrial Machinery,0,0,0
CONTROLPR,9597326336.0,MICRO CAP,600.0499877929688,22.036356,2.118065,0.10099,1.51,0.15333,0.09047,0.144,-0.832,Misc,Industrials,Business Equipment & Supplies,2026-06-11,Business Equipment & Supplies,0,0,0
BIRLANU,9435172864.0,MICRO CAP,1251.199951171875,26.132245,0.84967786,-0.10299,100.118,-0.04631,-0.03205,0.087,0.183,Misc,Industrials,Building Products & Equipment,2026-06-11,Building Products & Equipment,0,0,0
EMKAYTOOLS,9432895488.0,MICRO CAP,883.95,35.18909,3.2504497,0.1040750025,29.1,0.09375,0.0621700015,0.122,0.183,Misc,Unknown,Unknown,2026-06-11,Diversified,0,1,0
VHLTD,9376440320.0,MICRO CAP,138.5,47.431507,3.4989767,0.071669996,98.937,0.19929,0.12791,0.369,-0.451,Misc,Consumer Cyclical,Lodging,2026-06-11,Lodging,0,0,0
GCSL,9361370112.0,MICRO CAP,413.5,34.747902,2.9818995,0.09791,4.577,0.23834999,0.10654,-0.292,0.183,Misc,Financial Services,Capital Markets,2026-06-11,Capital Markets,0,0,0
NAHARSPING,9351733248.0,MICRO CAP,259.29998779296875,37.417027,0.6081686,0.01454,65.006,0.04543,0.00678,0.062,0.159,Misc,Consumer Cyclical,Textile Manufacturing,2026-06-11,Textile Manufacturing,0,0,0
THEMISMED,9345020928.0,MICRO CAP,100.61000061035156,616.6650680000004,2.454501,0.0028600001,25.112,0.01521,0.0033399998,0.067,0.183,Misc,Healthcare,Drug Manufacturers - Specialty & Generic,2026-06-11,Drug Manufacturers - Specialty & Generic,0,0,0
WCIL,9327882240.0,MICRO CAP,91.48999786376953,24.013123,1.075872,0.0458,26.012,0.02671,0.02122,0.157,-0.386,Misc,Industrials,Integrated Freight & Logistics,2026-06-11,Integrated Freight & Logistics,0,0,0
DHARMAJ,9294256128.0,MICRO CAP,275.0,17.006804,2.0769763,0.12958,29.375,0.0249,0.04802,0.114,0.183,Chemicals,Basic Materials,Agricultural Inputs,2026-06-11,Agrochemicals,0,1,0
HIMATSEIDE,9293613056.0,MICRO CAP,73.91000366210938,14.991888,0.44327563,0.029690001,123.113,-0.0068300003,0.02464,-0.06,-0.884,Misc,Consumer Cyclical,Textile Manufacturing,2026-06-11,Textile Manufacturing,0,0,0
DHAMPURSUG,9271711744.0,MICRO CAP,144.17999267578125,14.289394,0.7762338,0.055560004,75.024,0.13584,0.023,-0.209,-0.053,Misc,Consumer Defensive,Confectioners,2026-06-11,Confectioners,0,0,0
BIL,9249830912.0,MICRO CAP,689.75,67.88878,1.8737148,0.02873,111.216,0.05593,0.0099,0.297,0.183,Misc,Consumer Cyclical,Footwear & Accessories,2026-06-11,Footwear & Accessories,0,1,0
ARIS,9230026752.0,MICRO CAP,112.63999938964844,16.504385,1.2347286,0.12219,9.356,0.083900005,0.04937,0.553,0.183,Industrials,Industrials,Engineering & Construction,2026-06-11,Engineering & EPC,0,1,0
INDOAMIN,9222975488.0,MICRO CAP,127.05999755859375,11.775718,2.5552025,0.1040750025,85.051,0.07159,0.061880004,0.072,0.066,Misc,Basic Materials,Chemicals,2026-06-11,Chemicals,0,0,0
QUICKHEAL,9211346944.0,MICRO CAP,169.8000030517578,26.132245,2.1665902,-0.0249,0.08707999999999999,-0.6852,-0.041869998,-0.252,0.183,Technology,Technology,Software - Application,2026-06-11,SaaS,0,0,0
MASTERTR,9143779328.0,MICRO CAP,74.33000183105469,6.9990587,1.0957794,0.1729,27.836,0.29295,0.24413,0.479,0.428,Misc,Financial Services,Capital Markets,2026-06-11,Capital Markets,0,1,0
YUKEN,9143390208.0,MICRO CAP,673.0999755859375,62.266415,2.4504879,0.042680003,30.736,0.075430006,0.03132,0.068,-0.291,Misc,Industrials,Specialty Industrial Machinery,2026-06-11,Specialty Industrial Machinery,0,0,0
CIFL,9142895616.0,MICRO CAP,23.3799991607666,23.38,1.3581967,0.04757,139.224,0.14394,0.07361,-0.07,0.183,Financials,Financial Services,Credit Services,2026-06-11,NBFC – Lending,0,0,0
AMBIKCO,9138244608.0,MICRO CAP,1596.199951171875,12.776754,0.95757616,0.077010006,29.1,0.13971,0.091630004,0.578,0.547,Misc,Consumer Cyclical,Textile Manufacturing,2026-06-11,Textile Manufacturing,0,1,0
AVADHSUGAR,9134404608.0,MICRO CAP,456.29998779296875,15.943396,0.85972834,0.1040750025,56.04,0.06185,0.02716,0.035,1.478,Misc,Consumer Defensive,Confectioners,2026-06-11,Confectioners,0,0,0
MENONBE,9106499584.0,MICRO CAP,162.5,23.792093,4.9102554,0.22245,25.159,0.21385999,0.13019,-0.274,0.292,Automobiles,Consumer Cyclical,Auto Parts,2026-06-11,Auto Components,0,0,1
EXCELSOFT,9067481088.0,MICRO CAP,78.79000091552734,19.123787,1.5678667,0.09137,1.137,0.2441,0.15918,0.161,-0.386,Technology,Technology,Software - Application,2026-06-11,SaaS,0,0,0
MAFATIND,9065673728.0,MICRO CAP,125.5999984741211,10.072173,1.2031689,0.1040750025,29.1,0.09375,0.0621700015,0.122,0.183,Misc,Unknown,Unknown,2026-06-11,Diversified,0,1,0
HEXATRADEX,9052949504.0,MICRO CAP,163.8699951171875,26.132245,0.19629075,-0.0019200001,0.187,0.20162001,-1.1392655999999999,-0.031,0.183,Financials,Financial Services,Credit Services,2026-06-11,NBFC – Lending,0,0,0
DENTALKART,9018726400.0,MICRO CAP,563.1,59.52431,5.6423974,0.1040750025,29.1,0.09375,0.0621700015,0.122,0.183,Misc,Unknown,Unknown,2026-06-11,Diversified,0,1,0
LIKHITHA,8999778304.0,MICRO CAP,228.0,22.914574,2.1883729,0.098120004,0.088,0.04221,0.08583,-0.109,-0.74,Misc,Energy,Oil & Gas Equipment & Services,2026-06-11,Oil & Gas Equipment & Services,0,0,0
SYSTMTXC,8974691328.0,MICRO CAP,65.62999725341797,31.25238,2.8664393,0.045089997,6.082,-0.53219,0.0979,-0.624,0.183,Misc,Financial Services,Capital Markets,2026-06-11,Capital Markets,0,0,0
BHAGERIA,8962332672.0,MICRO CAP,205.35000610351562,19.446022,1.5015026,0.07739,17.005,0.080860004,0.052729998,0.481,-0.249,Chemicals,Basic Materials,Specialty Chemicals,2026-06-11,Specialty Chemicals,0,0,0
WANBURY,8942739456.0,MICRO CAP,255.9499969482422,13.1865015,7.911656,0.1040750025,29.1,0.054920003,-0.25901,-0.192,0.183,Misc,Healthcare,Drug Manufacturers - Specialty & Generic,2026-06-11,Drug Manufacturers - Specialty & Generic,0,0,0
FINKURVE,8939785216.0,MICRO CAP,63.790000915527344,34.2957,2.564113,0.09413,244.293,0.24681,0.18761,-0.121,0.867,Financials,Financial Services,Credit Services,2026-06-11,NBFC – Lending,0,0,0
ESTER,8932870144.0,MICRO CAP,85.6500015258789,26.132245,1.0637109,-0.03533,93.137,0.071609996,-0.01998,0.077,2.857,Chemicals,Basic Materials,Specialty Chemicals,2026-06-11,Specialty Chemicals,0,0,0
GRPLTD,8906663936.0,MICRO CAP,1670.0,278.33334,4.992601,0.01741,116.333,0.02743,0.00602,-0.099,0.183,Automobiles,Consumer Cyclical,Auto Parts,2026-06-11,Auto Components,0,0,0
GHCLTEXTIL,8898080768.0,MICRO CAP,93.08999633789062,12.648097,0.5929866,0.047870003,8.933,0.07215,0.05337,0.282,0.94,Misc,Consumer Cyclical,Textile Manufacturing,2026-06-11,Textile Manufacturing,0,1,0
SURAJEST,8886776832.0,MICRO CAP,185.35000610351562,9.500257,0.8963547,0.09527001,64.98,0.49220002,0.16242,-0.276,-0.342,Misc,Real Estate,Real Estate - Development,2026-06-11,Real Estate - Development,0,0,0
NDTV,8851098624.0,MICRO CAP,78.44999694824219,26.132245,6.90095,-0.4629408,199.402,-0.63506,-0.61066,0.165,0.183,Media,Communication Services,Broadcasting,2026-06-11,Broadcasting,0,1,0
EIMCOELECO,8795633664.0,MICRO CAP,1524.800048828125,22.720907,1.8818837,0.08608,0.93,0.15675999,0.16777,0.04,-0.572,Misc,Industrials,Farm & Heavy Construction Machinery,2026-06-11,Farm & Heavy Construction Machinery,0,0,0
UTTAMSUGAR,8776763392.0,MICRO CAP,229.5,8.726236,0.9984469,0.11748,81.154,0.18324,0.04555,-0.171,-0.168,Misc,Consumer Defensive,Confectioners,2026-06-11,Confectioners,0,0,0
SGIL,8699599872.0,MICRO CAP,560.0,188.55219,7.7784257,0.04257,225.406,0.02181,0.01271,0.221,-0.897,Misc,Industrials,Metal Fabrication,2026-06-11,Metal Fabrication,0,0,0
SAHAJSOLAR,8698722304.0,MICRO CAP,395.9,29.413074,7.6723313,0.1040750025,29.1,0.09375,0.0621700015,0.122,0.183,Misc,Unknown,Unknown,2026-06-11,Diversified,0,1,0
KOPRAN,8691408896.0,MICRO CAP,180.0,33.771107,1.637793,0.04908,28.795,0.15408,0.03776,0.358,0.948,Misc,Healthcare,Drug Manufacturers - General,2026-06-11,Drug Manufacturers - General,0,1,0
ARROWGREEN,8645388288.0,MICRO CAP,573.0,18.260038,3.6919153,0.22236,0.957,0.19938,0.23615,-0.271,-0.353,Misc,Consumer Cyclical,Packaging & Containers,2026-06-11,Packaging & Containers,1,0,0
ORICONENT,8630977536.0,MICRO CAP,54.630001068115234,47.09483,0.67550355,0.015140001,0.273,-1.7546401,0.61091,-0.697,0.183,Misc,Consumer Cyclical,Packaging & Containers,2026-06-11,Packaging & Containers,0,0,0
MAMATA,8629955584.0,MICRO CAP,350.70001220703125,57.21044,4.645649,0.0845,4.503,0.03413,0.0646,-0.336,-0.95092,Misc,Industrials,Specialty Industrial Machinery,2026-06-11,Specialty Industrial Machinery,0,0,0
GIRIRAJ,8616164352.0,MICRO CAP,360.2,39.93348,5.8811045,0.1040750025,29.1,0.09375,0.0621700015,0.122,0.183,Misc,Unknown,Unknown,2026-06-11,Diversified,0,1,0
BODALCHEM,8589384704.0,MICRO CAP,68.19999694824219,17.947369,0.74074876,0.042280003,70.251,0.09177,0.02377,0.304,1.217,Chemicals,Basic Materials,Specialty Chemicals,2026-06-11,Specialty Chemicals,0,1,0
ROHLTD,8573122560.0,MICRO CAP,312.6000061035156,26.626917,3.569838,0.12753999,232.509,0.17593999,0.083780006,0.305,-0.392,Misc,Consumer Cyclical,Lodging,2026-06-11,Lodging,0,0,0
IFBAGRO,8551236096.0,MICRO CAP,912.9000244140625,15.134284,1.3067302,0.088070005,11.115,0.03179,0.029240001,0.585,13.836,Misc,Consumer Defensive,Beverages - Wineries & Distilleries,2026-06-11,Beverages - Wineries & Distilleries,0,1,0
BORANA,8474535936.0,MICRO CAP,318.04998779296875,13.066967,3.0134065,0.35007998,25.149,0.19908,0.16627,0.28,0.186,Misc,Consumer Cyclical,Textile Manufacturing,2026-06-11,Textile Manufacturing,0,1,1
DRONE,8466799104.0,MICRO CAP,347.0,26.132245,13.857827,0.1040750025,29.1,0.09375,0.0621700015,0.122,0.183,Misc,Unknown,Unknown,2026-06-11,Diversified,0,1,0
GEMAROMA,8465028096.0,MICRO CAP,162.0500030517578,578.75,1.1590979,0.0038800002,33.749,0.06071,0.00389,-0.454,-0.95092,Misc,Basic Materials,Chemicals,2026-06-11,Chemicals,0,0,0
RAMASTEEL,8425611264.0,MICRO CAP,5.150000095367432,73.57143,1.5396113,0.02558,26.867,0.0114400005,0.01101,-0.16,-0.546,Misc,Basic Materials,Steel,2026-06-11,Steel,0,0,0
TEMBO,8417994240.0,MICRO CAP,544.25,10.623658,3.3530688,0.27723,78.443,0.13146,0.083780006,0.263,0.908,Misc,Industrials,Metal Fabrication,2026-06-11,Metal Fabrication,0,1,0
SRHHYPOLTD,8415910912.0,MICRO CAP,490.29998779296875,9.202328,0.8371651,0.09409001,1.18,0.07033,0.13516,0.017,-0.174,Misc,Basic Materials,Chemicals,2026-06-11,Chemicals,0,0,0
VIVIANA,8385403904.0,MICRO CAP,835.0,41.666664,11.464269,0.5399894000000005,86.047,0.13649,0.099259995,1.396,1.826,Industrials,Industrials,Engineering & Construction,2026-06-11,Engineering & EPC,0,1,0
REGAAL,8371961856.0,MICRO CAP,81.5,14.027539,1.5985407,0.15161,125.547,0.118190005,0.04894,-0.058,0.209,Misc,Consumer Defensive,Packaged Foods,2026-06-11,Packaged Foods,0,0,0
GICHSGFIN,8358223872.0,MICRO CAP,155.2100067138672,5.4004874,0.3967313,0.07606,432.907,0.58451,0.49411,0.043,0.524,Misc,Financial Services,Mortgage Finance,2026-06-11,Mortgage Finance,0,0,0
SUDARCOLOR,8327912448.0,MICRO CAP,360.79998779296875,18.6943,1.4626651,0.08145001,4.031,-0.00208,0.05704,-0.042,0.232,Chemicals,Basic Materials,Specialty Chemicals,2026-06-11,Specialty Chemicals,0,0,0
SALSTEEL,8309608960.0,MICRO CAP,57.400001525878906,26.132245,14.820553,0.1040750025,556.8185800000006,-1.24091,-0.01695,-0.831,0.183,Misc,Basic Materials,Steel,2026-06-11,Steel,0,0,0
SARLAPOLY,8308548608.0,MICRO CAP,99.5,26.132245,1.9040512,-0.02651,38.432,0.0051700003,-0.03274,0.022,0.183,Misc,Consumer Cyclical,Textile Manufacturing,2026-06-11,Textile Manufacturing,0,0,0
MAXIND,8292844032.0,MICRO CAP,157.7100067138672,26.132245,2.0302262,-0.31774,23.564,0.00486,-0.5711,0.674,0.183,Misc,Healthcare,Medical Care Facilities,2026-06-11,Medical Care Facilities,0,1,0
MEIL,8289037312.0,MICRO CAP,300.0,17.740982,1.38446,0.11474,7.695,0.08929,0.07447,0.172,-0.312,Misc,Industrials,Electrical Equipment & Parts,2026-06-11,Electrical Equipment & Parts,0,0,0
DWARKESH,8262592512.0,MICRO CAP,44.59000015258789,26.861446,0.99885756,0.037720002,40.6,0.21667999,0.02189,-0.057,0.237,Misc,Consumer Defensive,Confectioners,2026-06-11,Confectioners,0,0,0
DVL,8253933056.0,MICRO CAP,235.66000366210938,9.370179,0.2511973,0.027190002,28.952,-0.48727,0.20031999,4.985060000000001,0.183,Misc,Financial Services,Capital Markets,2026-06-11,Capital Markets,0,1,0
KOKUYOCMLN,8247982592.0,MICRO CAP,82.2300033569336,33.2915,2.5400798,0.1040750025,11.417,0.020550001,0.01353,0.131,-0.339,Misc,Industrials,Business Equipment & Supplies,2026-06-11,Business Equipment & Supplies,0,0,0
NCLIND,8209751552.0,MICRO CAP,181.5,6.5053763,0.8260551,0.13762,31.936,0.11906,0.06708,0.622,5.628,Misc,Basic Materials,Building Materials,2026-06-11,Building Materials,0,1,0
TVSELECT,8206488576.0,MICRO CAP,436.04998779296875,616.6650680000004,8.465346,0.01334,55.935,0.025559999,0.0027700001,0.025,0.183,Misc,Technology,Computer Hardware,2026-06-11,Computer Hardware,0,0,0
PVP,8200111616.0,MICRO CAP,31.489999771118164,26.132245,3.794433,-0.03184,63.23,-0.06432,-0.075780004,1.178,0.183,Misc,Industrials,Conglomerates,2026-06-11,Conglomerates,0,1,0
KABRAEXTRU,8183643648.0,MICRO CAP,234.0,26.132245,1.8810893,0.1040750025,32.04,-0.06001,-0.0030500002,-0.089,0.183,Misc,Industrials,Specialty Industrial Machinery,2026-06-11,Specialty Industrial Machinery,0,0,0
MATRIMONY,8164765184.0,MICRO CAP,395.0,24.811558,4.047131,0.15252,23.902,0.06813,0.07428,0.079,0.212,Misc,Communication Services,Internet Content & Information,2026-06-11,Internet Content & Information,0,0,0
GANESHCP,8147653632.0,MICRO CAP,201.61000061035156,18.245249,2.1897707,0.14192,7.166,0.05214,0.048639998,-0.009,0.881,Misc,Consumer Defensive,Packaged Foods,2026-06-11,Packaged Foods,0,0,0
PROSTARM,8126459904.0,MICRO CAP,138.02999877929688,23.716494,2.834175,0.16903,32.43,0.09476,0.085559994,0.274,-0.123,Misc,Industrials,Electrical Equipment & Parts,2026-06-11,Electrical Equipment & Parts,0,0,0
KRYSTAL,8082075648.0,MICRO CAP,578.4500122070312,12.588683,1.6191561,0.13745,23.988,0.05731,0.050380003,-0.117,0.113,Misc,Industrials,Specialty Business Services,2026-06-11,Specialty Business Services,0,0,0
SVLL,8080645632.0,MICRO CAP,703.0499877929688,182.6104,20.280678,0.15578,529.731,0.15423,0.02538,0.526,2.621,Misc,Industrials,Trucking,2026-06-11,Trucking,0,1,0
ABSMARINE,8076950016.0,MICRO CAP,329.0,16.80286,2.5963984,0.1040750025,29.1,0.09375,0.0621700015,0.122,0.183,Misc,Unknown,Unknown,2026-06-11,Diversified,0,1,0
VASCONEQ,8067186688.0,MICRO CAP,34.72999954223633,16.153488,0.7045911,0.04363,26.086,0.036429998,0.05151,-0.345,-0.836,Industrials,Industrials,Engineering & Construction,2026-06-11,Engineering & EPC,0,0,0
ELDEHSG,8063059968.0,MICRO CAP,820.0,33.17152,2.017364,0.06196,38.581,0.10578,0.14723,0.637,0.5,Misc,Real Estate,Real Estate Services,2026-06-11,Real Estate Services,0,1,0
KELLTONTEC,8018896384.0,MICRO CAP,15.09000015258789,8.430168,1.1783539,0.13655,28.585,0.067140006,0.07532,0.096,-0.093,Technology,Technology,Software - Application,2026-06-11,SaaS,0,0,0
DECCANCE,8003886080.0,MICRO CAP,571.4000244140625,28.009806,1.0661205,0.0388,100.269,0.014839999,0.04496,0.799,-0.406,Misc,Basic Materials,Building Materials,2026-06-11,Building Materials,0,0,0
SIGACHI,7993944064.0,MICRO CAP,20.899999618530273,26.132245,1.5441447,-0.14503,30.681,0.10697,-0.1682,0.01,-0.44,Misc,Healthcare,Drug Manufacturers - Specialty & Generic,2026-06-11,Drug Manufacturers - Specialty & Generic,0,0,0
SUPREMEINF,7965000704.0,MICRO CAP,81.69000244140625,3.833861852,1.4392939,0.1040750025,421.539,0.20637,0.8458531554000015,3.144,0.183,Industrials,Industrials,Engineering & Construction,2026-06-11,Engineering & EPC,0,1,0
STANLEY,7927328768.0,MICRO CAP,138.77000427246094,65.45755,1.6987392,0.02744,65.389,0.0069,0.028859999,-0.101,0.183,Misc,Consumer Cyclical,"Furnishings, Fixtures & Appliances",2026-06-11,"Furnishings, Fixtures & Appliances",0,0,0
SEJALLTD,7923816448.0,MICRO CAP,675.8499755859375,24.621128,12.324932,0.30464,133.115,0.11963,0.07249,0.695,1.56,Misc,Industrials,Building Products & Equipment,2026-06-11,Building Products & Equipment,0,1,0
AHCL,7919573504.0,MICRO CAP,14.899999618530273,24.426228,0.2915794,0.17355,17.133,0.29475,0.16580999,0.04,-0.548,Misc,Healthcare,Drug Manufacturers - Specialty & Generic,2026-06-11,Drug Manufacturers - Specialty & Generic,0,0,0
SPCL,7894292992.0,MICRO CAP,327.35,67.07992,6.3319664,0.1040750025,29.1,0.09375,0.0621700015,0.122,0.183,Misc,Unknown,Unknown,2026-06-11,Diversified,0,1,0
SUYOG,7879762944.0,MICRO CAP,672.5,12.838869,1.7293475,0.14172,75.812,0.46034,0.2843,0.119,0.183,Telecom,Communication Services,Telecom Services,2026-06-11,Telecom Services,0,1,0
KORE,7865014784.0,MICRO CAP,706.65,99.809326,10.191676,0.1040750025,29.1,0.09375,0.0621700015,0.122,0.183,Misc,Unknown,Unknown,2026-06-11,Diversified,0,1,0
OMINFRAL,7848760320.0,MICRO CAP,81.5,38.809525,1.100682,0.0257,10.595,0.08976,0.04111,-0.069,-0.525,Industrials,Industrials,Engineering & Construction,2026-06-11,Engineering & EPC,0,0,0
TNPETRO,7835615232.0,MICRO CAP,87.08999633789062,8.041551,0.8008791,0.101009995,45.668,0.033570003,0.06647,-0.726,-0.699,Chemicals,Basic Materials,Specialty Chemicals,2026-06-11,Specialty Chemicals,0,0,0
PRECOT,7811999744.0,MICRO CAP,651.0,21.809046,1.6256914,0.07716,72.242,0.112679996,0.04048,0.122,0.183,Misc,Consumer Cyclical,Textile Manufacturing,2026-06-11,Textile Manufacturing,0,1,0
KAMDHENU,7796883968.0,MICRO CAP,27.65999984741211,10.206642,1.9618412,0.21987,2.375,0.15807,0.10264,0.05,-0.08,Misc,Basic Materials,Steel,2026-06-11,Steel,0,0,0
ANUHPHR,7788406784.0,MICRO CAP,77.70999908447266,18.95366,2.2027893,0.12104,0.08707999999999999,0.08352,0.053189997,0.02,-0.06,Misc,Healthcare,Drug Manufacturers - Specialty & Generic,2026-06-11,Drug Manufacturers - Specialty & Generic,0,0,0
NRAIL,7785387520.0,MICRO CAP,457.45001220703125,17.80654,0.95510024,0.054970004,100.63,0.06523,0.02015,0.301,0.183,Misc,Basic Materials,Paper & Paper Products,2026-06-11,Paper & Paper Products,0,1,0
ASAL,7767208960.0,MICRO CAP,489.6000061035156,28.025187,21.47651,0.5399894000000005,343.962,0.05222,0.03108,0.359,1.691,Automobiles,Consumer Cyclical,Auto Parts,2026-06-11,Auto Components,0,1,0
PCCL,7700225024.0,MICRO CAP,311.75,81.60995,4.0426636,0.1040750025,29.1,0.09375,0.0621700015,0.122,0.183,Misc,Unknown,Unknown,2026-06-11,Diversified,0,1,0
GANESHBE,7687750656.0,MICRO CAP,106.79000091552734,10.479883,1.2609965,0.12621,12.271,0.12926,0.17825001,0.115,0.183,Chemicals,Basic Materials,Specialty Chemicals,2026-06-11,Specialty Chemicals,0,1,0
SUPREMEPWR,7647287808.0,MICRO CAP,306.0,36.385258,7.135362,0.1040750025,29.1,0.09375,0.0621700015,0.122,0.183,Misc,Unknown,Unknown,2026-06-11,Diversified,0,1,0
BLAL,7620943360.0,MICRO CAP,183.0,26.132245,685.3933,0.00959,556.8185800000006,0.80234003,0.01089,0.122,0.183,Misc,Financial Services,Shell Companies,2026-06-11,Shell Companies,0,1,0
JITFINFRA,7581308416.0,MICRO CAP,294.95001220703125,26.132245,-1.4753772,0.1040750025,29.1,0.14483,-0.01714,0.141,0.183,Industrials,Industrials,Engineering & Construction,2026-06-11,Engineering & EPC,0,1,0
TIRUPATI,7577269760.0,MICRO CAP,748.0,83.48214,7.9443474,0.1040750025,29.1,0.09375,0.0621700015,0.122,0.183,Misc,Unknown,Unknown,2026-06-11,Diversified,0,1,0
ATMASTCO,7568815104.0,MICRO CAP,306.0,39.18054,5.7043786,0.1040750025,29.1,0.09375,0.0621700015,0.122,0.183,Misc,Unknown,Unknown,2026-06-11,Diversified,0,1,0
SOUTHWEST,7567874048.0,MICRO CAP,253.6999969482422,23.44732,4.172629,0.17653999,39.376,0.2209,0.13590999,0.036,0.202,Misc,Energy,Oil & Gas Equipment & Services,2026-06-11,Oil & Gas Equipment & Services,0,0,0
PDMJEPAPER,7564666368.0,MICRO CAP,79.66999816894531,8.080122,1.1282306,0.14946,6.351,0.14495,0.11585,0.055,0.045,Misc,Basic Materials,Paper & Paper Products,2026-06-11,Paper & Paper Products,0,0,0
BAJAJINDEF,7521600000.0,MICRO CAP,235.0500030517578,31.806496,2.790474,0.08966,1.09,0.10155,0.11376,0.284,-0.328,Misc,Industrials,Farm & Heavy Construction Machinery,2026-06-11,Farm & Heavy Construction Machinery,0,0,0
PROZONER,7500431872.0,MICRO CAP,49.150001525878906,70.21429,1.5619042,0.02822,134.619,0.24074,0.05475,-0.005,0.183,Misc,Real Estate,Real Estate - Diversified,2026-06-11,Real Estate - Diversified,0,0,0
VALIANTORG,7472830464.0,MICRO CAP,266.70001220703125,22.468409,1.0116528,0.04476,33.698,0.07454,0.04499,0.069,2.691,Misc,Basic Materials,Chemicals,2026-06-11,Chemicals,0,0,0
STERTOOLS,7471323648.0,MICRO CAP,205.57000732421875,25.60025,1.4118625,0.05717,27.877,-0.00972,0.03543,0.111,-0.818,Misc,Industrials,Tools & Accessories,2026-06-11,Tools & Accessories,0,0,0
DPSCLTD,7459228672.0,MICRO CAP,7.659999847412109,255.33333,1.185575,0.014479999,14.229,-0.07063,0.018760001,0.214,0.183,Misc,Utilities,Utilities - Regulated Electric,2026-06-11,Utilities - Regulated Electric,0,1,0
DBOL,7395953152.0,MICRO CAP,112.41999816894531,29.584211,0.7227816,0.02471,103.294,0.14866,0.01194,0.162,0.034,Misc,Consumer Defensive,Farm Products,2026-06-11,Farm Products,0,0,0
GAUDIUMIVF,7392963584.0,MICRO CAP,101.56999969482422,25.910713,4.1592956,0.24660999,16.133,0.38006002,0.2344,0.127,0.276,Misc,Healthcare,Medical Care Facilities,2026-06-11,Medical Care Facilities,0,1,1
ECOSMOBLTY,7380600320.0,MICRO CAP,123.01000213623047,12.813541,2.7781918,0.23653999,2.935,0.0784,0.07124,0.167,-0.126,Misc,Industrials,Rental & Leasing Services,2026-06-11,Rental & Leasing Services,0,0,0
MAANALU,7368540672.0,MICRO CAP,122.83999633789062,52.272343,2.620922,0.0575,19.942,-0.0011,0.01611,0.035,-0.602,Misc,Basic Materials,Aluminum,2026-06-11,Aluminum,0,0,0
HERANBA,7366879744.0,MICRO CAP,184.11000061035156,26.132245,0.9671472,-0.095769994,74.833,-0.15258999,-0.047909997,-0.046,0.183,Chemicals,Basic Materials,Agricultural Inputs,2026-06-11,Agrochemicals,0,0,0
RMDRIP,7365531648.0,MICRO CAP,17.200000762939453,20.97561,3.8764935,0.35848,47.645,0.19391,0.17536,0.261,-0.024,Misc,Industrials,Farm & Heavy Construction Machinery,2026-06-11,Farm & Heavy Construction Machinery,0,0,0
CONSOFINVT,7289595392.0,MICRO CAP,225.5,11.52863,0.6287029,0.04948,29.1,0.8849212000000001,0.8458531554000015,-0.352,-0.399,Misc,Financial Services,Capital Markets,2026-06-11,Capital Markets,0,0,0
COFFEEDAY,7288183808.0,MICRO CAP,34.5,3.833861852,0.30868617,0.06887,208.431,0.03173,0.18200001,-0.143,0.183,Hospitality,Consumer Cyclical,Restaurants,2026-06-11,Restaurants,0,0,0
EMKAY,7243215360.0,MICRO CAP,266.0,48.363636,1.796751,0.044460002,26.355,0.06491,0.03999,0.947,-0.375,Misc,Financial Services,Capital Markets,2026-06-11,Capital Markets,0,0,0
GLOSTERLTD,7224740352.0,MICRO CAP,660.2000122070312,39.79506,0.6681699,0.0167,88.108,0.064720005,0.01271,0.359,0.183,Misc,Consumer Cyclical,Textile Manufacturing,2026-06-11,Textile Manufacturing,0,1,0
BIRLAMONEY,7213399552.0,MICRO CAP,127.6500015258789,12.333333,2.4060392,0.21804,556.8185800000006,0.27535,0.17396,0.429,1.006,Misc,Financial Services,Capital Markets,2026-06-11,Capital Markets,0,1,1
GTPL,7197634560.0,MICRO CAP,64.0,45.714287,0.62576383,0.009649999,39.615,-0.0212,0.00424,0.063,0.183,Misc,Communication Services,Entertainment,2026-06-11,Entertainment,0,0,0
SCODATUBES,7171095040.0,MICRO CAP,119.69999694824219,17.628866,1.8999095,0.14368,47.967,0.10596,0.074889995,-0.001,-0.325,Misc,Basic Materials,Steel,2026-06-11,Steel,0,0,0
ZUARIIND,7157907968.0,MICRO CAP,240.35000610351562,6.630345,0.19771072,0.024500001,72.104,0.12231,0.10333,0.031,0.183,Misc,Industrials,Conglomerates,2026-06-11,Conglomerates,0,0,0
VLSFINANCE,7151197184.0,MICRO CAP,227.89999389648438,35.06154,0.3606395,0.00949,0.08707999999999999,0.8849212000000001,0.45379,0.122,0.183,Misc,Financial Services,Capital Markets,2026-06-11,Capital Markets,0,1,0
UNIENTER,7129144832.0,MICRO CAP,102.51000213623047,34.39933,0.2944869,0.00798,29.1,-0.03798,0.64716005,-0.641,0.183,Misc,Basic Materials,Chemicals,2026-06-11,Chemicals,0,0,0
PATELRMART,7113978880.0,MICRO CAP,212.99000549316406,16.346125,1.9538037,0.15668,44.929,0.03227,0.037249997,0.521,0.038,Misc,Consumer Cyclical,Department Stores,2026-06-11,Department Stores,0,0,0
FAIRCHEMOR,7100939776.0,MICRO CAP,563.75,131.41026,2.5093029,0.019609999,31.852,0.04543,0.01205,-0.032,5.196,Chemicals,Basic Materials,Specialty Chemicals,2026-06-11,Specialty Chemicals,0,0,0
SANDESH,7084978176.0,MICRO CAP,936.0,10.756148,1.1969784,0.1040750025,0.336,0.3566,0.19649,0.026,-0.03,Misc,Communication Services,Publishing,2026-06-11,Publishing,0,0,0
MVGJL,7078482944.0,MICRO CAP,144.91000366210938,6.158521,0.9176805,0.14816,58.923,0.04764,0.0419,0.07,0.051,Misc,Consumer Cyclical,Luxury Goods,2026-06-11,Luxury Goods,0,0,0
ATL,7019216384.0,MICRO CAP,24.049999237060547,15.416667,1.9567162,0.14028,218.109,0.111999996,0.05386,0.119,0.183,Misc,Industrials,Integrated Freight & Logistics,2026-06-11,Integrated Freight & Logistics,0,1,0
RITCO,7009439232.0,MICRO CAP,246.1999969482422,19.539682,1.928802,0.09403,132.237,0.02854,0.024,0.134,-0.552,Misc,Industrials,Integrated Freight & Logistics,2026-06-11,Integrated Freight & Logistics,0,0,0
STCINDIA,6997799936.0,MICRO CAP,116.62999725341797,3.833861852,-0.17578393,0.1040750025,29.1,0.59236,0.0,0.122,9.222,Misc,Industrials,Conglomerates,2026-06-11,Conglomerates,0,1,0
VISASTEEL,6986232832.0,MICRO CAP,47.92,26.132245,2.2361767,0.1040750025,29.1,-0.025899999,-0.94097,0.277,0.183,Misc,Basic Materials,Steel,2026-06-11,Steel,0,1,0
CHEMCON,6977049600.0,MICRO CAP,190.47000122070312,29.576086,1.443556,0.04797,10.998,0.0749,0.09833,0.374,0.611,Chemicals,Basic Materials,Specialty Chemicals,2026-06-11,Specialty Chemicals,0,1,0
SJLOGISTIC,6966110208.0,MICRO CAP,457.0,12.931522,2.7339404,0.1040750025,29.1,0.09375,0.0621700015,0.122,0.183,Misc,Unknown,Unknown,2026-06-11,Diversified,0,1,0
MEGATHERM,6956939776.0,MICRO CAP,369.25,28.915426,4.2066827,0.1040750025,29.1,0.09375,0.0621700015,0.122,0.183,Misc,Unknown,Unknown,2026-06-11,Diversified,0,1,0
ALLETEC,6951844864.0,MICRO CAP,344.25,27.021194,4.113493,0.1040750025,29.1,0.09375,0.0621700015,0.122,0.183,Misc,Unknown,Unknown,2026-06-11,Diversified,0,1,0
XCHANGING,6917056512.0,MICRO CAP,62.09000015258789,11.62734,1.8846563,0.15754,17.954,0.37173,0.29297,0.011,0.106,Technology,Technology,Information Technology Services,2026-06-11,IT Services,0,0,0
ARIHANTCAP,6892427776.0,MICRO CAP,62.880001068115234,21.909409,1.4210812,0.076230004,55.35,0.048720002,0.17075,0.035,-0.929,Misc,Financial Services,Capital Markets,2026-06-11,Capital Markets,0,0,0
INNOVISION,6880851456.0,MICRO CAP,288.95001220703125,17.219904,5.3366947,0.19331,42.508,0.06206,0.03765,0.063,0.183,Misc,Industrials,Staffing & Employment Services,2026-06-11,Staffing & Employment Services,0,0,0
BIGBLOC,6870670848.0,MICRO CAP,48.529998779296875,26.132245,5.254439,-0.05742,137.729,0.02558,-0.00621,0.346,-0.096,Misc,Industrials,Building Products & Equipment,2026-06-11,Building Products & Equipment,0,0,0
KOTHARIPET,6868551680.0,MICRO CAP,116.72000122070312,9.466342,1.8422008,0.21371001,0.601,0.14228,0.12258001,-0.0,0.032,Chemicals,Basic Materials,Specialty Chemicals,2026-06-11,Specialty Chemicals,1,0,0
MCLEODRUSS,6833494016.0,MICRO CAP,65.41999816894531,26.132245,10.735149,-0.4629408,29.1,-1.19141,-0.106979996,-0.212,0.183,Misc,Consumer Defensive,Packaged Foods,2026-06-11,Packaged Foods,0,0,0
COMSYN,6824585728.0,MICRO CAP,169.17999267578125,26.982454,3.8019683,0.16072,72.4,0.09097,0.06756,0.028,-0.252,Misc,Consumer Cyclical,Packaging & Containers,2026-06-11,Packaging & Containers,0,0,0
GEECEE,6820360192.0,MICRO CAP,326.1499938964844,16.218298,0.81687397,0.05198,29.1,0.86113,0.56249,1.034,5.059,Misc,Real Estate,Real Estate - Development,2026-06-11,Real Estate - Development,0,1,0
AGARIND,6800558592.0,MICRO CAP,454.6499938964844,15.607621,0.98684424,0.1040750025,63.478,0.01835,0.02819,-0.247,-0.899,Chemicals,Basic Materials,Specialty Chemicals,2026-06-11,Specialty Chemicals,0,0,0
MODIS,6798146560.0,MICRO CAP,347.0,23.272972,4.3373375,0.22252001,4.026,0.14498,0.15413,1.582,1.922,Misc,Real Estate,Real Estate - Development,2026-06-11,Real Estate - Development,0,1,0
JAYAGROGN,6693300224.0,MICRO CAP,223.11000061035156,13.272457,1.0979877,0.08019,20.447,0.04283,0.02095,0.02,0.54,Chemicals,Basic Materials,Specialty Chemicals,2026-06-11,Specialty Chemicals,0,0,0
CCCL,6683521536.0,MICRO CAP,14.960000038146973,8.451978,3.5806606,0.26556998,0.108,-0.08659001,0.21561001,1.295,0.183,Industrials,Industrials,Engineering & Construction,2026-06-11,Engineering & EPC,1,1,0
INNOVANA,6664915968.0,MICRO CAP,322.6000061035156,18.143982,3.9606638,0.14918,20.735,0.013409999,0.28829,0.226,-0.843,Technology,Technology,Software - Application,2026-06-11,SaaS,0,0,0
WTICAB,6644692480.0,MICRO CAP,279.05,24.47807,3.5688705,0.1040750025,29.1,0.09375,0.0621700015,0.122,0.183,Misc,Unknown,Unknown,2026-06-11,Diversified,0,1,0
KECL,6641406976.0,MICRO CAP,100.0,79.36508,5.3163214,0.06797,76.111,0.03742,0.01422,0.267,0.183,Misc,Industrials,Specialty Industrial Machinery,2026-06-11,Specialty Industrial Machinery,0,1,0
PVSL,6621432832.0,MICRO CAP,93.0,26.132245,1.0526316,0.1040750025,176.217,0.0091699995,-0.00354,0.308,0.183,Misc,Consumer Cyclical,Auto & Truck Dealerships,2026-06-11,Auto & Truck Dealerships,0,1,0
SADHNANIQ,6611268096.0,MICRO CAP,2.2300000190734863,26.132245,0.28900984,-0.23516001,24.953,-2.95829,-1.1392655999999999,-0.831,0.183,Misc,Basic Materials,Chemicals,2026-06-11,Chemicals,0,0,0
KSOLVES,6589527040.0,MICRO CAP,277.79998779296875,19.185083,19.806074,0.5399894000000005,19.398,0.27325,0.21104999,0.291,0.658,Technology,Technology,Software - Application,2026-06-11,SaaS,0,1,1
ADVENTHTL,6577256448.0,MICRO CAP,121.93000030517578,10.412468,0.7272543,0.06509,78.145,0.31002,0.16302,0.068,-0.88,Misc,Consumer Cyclical,Lodging,2026-06-11,Lodging,0,0,0
AHLWEST,6547979776.0,MICRO CAP,562.0,10.075296,-48.738182,0.1040750025,29.1,0.41694,0.14924,0.059,0.183,Misc,Consumer Cyclical,Lodging,2026-06-11,Lodging,0,0,0
VISAKAIND,6533927936.0,MICRO CAP,75.62000274658203,7.6538463,0.7904337,0.10865,36.591,0.07123,0.05088,0.127,1.742,Misc,Industrials,Building Products & Equipment,2026-06-11,Building Products & Equipment,0,1,0
RADHIKAJWE,6525308928.0,MICRO CAP,55.2400016784668,8.712934,1.6341262,0.20758,14.612,0.05501,0.117019996,0.234,-0.451,Misc,Consumer Cyclical,Luxury Goods,2026-06-11,Luxury Goods,0,0,0
VAKRANGEE,6520814592.0,MICRO CAP,6.019999980926514,60.2,2.8707678,0.051119998,1.705,0.00953,0.04422,-0.102,-0.003,Technology,Technology,Information Technology Services,2026-06-11,IT Services,0,0,0
MINDTECK,6457948160.0,MICRO CAP,202.10000610351562,20.538618,2.1270328,0.11188,1.278,0.09191,0.07739,-0.001,0.493,Technology,Technology,Information Technology Services,2026-06-11,IT Services,0,0,0
DYNAMIC,6451039744.0,MICRO CAP,274.3,32.423164,2.9888313,0.1040750025,29.1,0.09375,0.0621700015,0.122,0.183,Misc,Unknown,Unknown,2026-06-11,Diversified,0,1,0
MMP,6449722880.0,MICRO CAP,253.89999389648438,21.408094,1.8622016,0.09257,53.253,0.07509,0.03763,0.119,0.656,Misc,Basic Materials,Aluminum,2026-06-11,Aluminum,0,1,0
MAGADSUGAR,6425783296.0,MICRO CAP,456.0,10.11535,0.7299212,0.074099995,78.532,0.24461001,0.051030003,-0.182,-0.321,Misc,Consumer Defensive,Confectioners,2026-06-11,Confectioners,0,0,0
DENTA,6425354752.0,MICRO CAP,240.64999389648438,10.550198,1.4007077,0.14036,2.636,0.19059,0.24323,0.003,-0.491,Industrials,Industrials,Engineering & Construction,2026-06-11,Engineering & EPC,0,0,0
20MICRONS,6422143488.0,MICRO CAP,182.0,9.609292,1.3286126,0.14479,32.043,0.10186,0.07006,0.148,0.158,Misc,Basic Materials,Other Industrial Metals & Mining,2026-06-11,Other Industrial Metals & Mining,0,1,0
FABTECH,6405359616.0,MICRO CAP,144.10000610351562,14.395605,1.3167635,0.12939,16.589,0.13198,0.093380004,0.175,0.234,Misc,Healthcare,Health Information Services,2026-06-11,Health Information Services,0,1,0
KUANTUM,6402532864.0,MICRO CAP,73.37000274658203,15.285417,0.5222919,0.03437,70.808,0.101780005,0.03837,0.085,-0.452,Misc,Basic Materials,Paper & Paper Products,2026-06-11,Paper & Paper Products,0,0,0
ADSL,6392243712.0,MICRO CAP,113.0,18.08,1.0435522,0.05392,20.27,-0.05673,0.02977,0.31,0.183,Technology,Technology,Information Technology Services,2026-06-11,IT Services,0,1,0
ACCENTMIC,6382436864.0,MICRO CAP,286.9,19.332884,2.479603,0.1040750025,29.1,0.09375,0.0621700015,0.122,0.183,Misc,Unknown,Unknown,2026-06-11,Diversified,0,1,0
CHEVIOT,6361801728.0,MICRO CAP,1089.0,12.302305,0.90119535,0.0762,1.216,0.108909994,0.09443,0.051,0.183,Misc,Consumer Cyclical,Textile Manufacturing,2026-06-11,Textile Manufacturing,0,0,0
KILITCH,6361256448.0,MICRO CAP,181.9499969482422,20.420876,2.2278683,0.12361,32.04,0.23618001,0.12810999,0.463,0.265,Misc,Healthcare,Drug Manufacturers - Specialty & Generic,2026-06-11,Drug Manufacturers - Specialty & Generic,0,1,0
SAURASHCEM,6357543936.0,MICRO CAP,57.119998931884766,43.93846,0.6700215,0.01511,11.119,0.0321,0.00865,-0.066,-0.436,Misc,Basic Materials,Building Materials,2026-06-11,Building Materials,0,0,0
MUKKA,6329999872.0,MICRO CAP,21.100000381469727,12.126437,1.2630949,0.115880005,147.376,0.075500004,0.03592,-0.003,0.533,Misc,Consumer Defensive,Packaged Foods,2026-06-11,Packaged Foods,0,0,0
DIGIKORE,6324567552.0,MICRO CAP,499.35,25.030075,15.449708,0.1040750025,29.1,0.09375,0.0621700015,0.122,0.183,Misc,Unknown,Unknown,2026-06-11,Diversified,0,1,0
SWARAJ,6319240704.0,MICRO CAP,287.0,12.249253,3.8759167,0.1040750025,29.1,0.09375,0.0621700015,0.122,0.183,Misc,Unknown,Unknown,2026-06-11,Diversified,0,1,0
ADVANCE,6316715008.0,MICRO CAP,98.26000213623047,15.116923,2.2528946,0.17179,31.588,0.10065,0.054980002,0.379,2.281,Chemicals,Basic Materials,Agricultural Inputs,2026-06-11,Agrochemicals,0,1,0
TREL,6314375168.0,MICRO CAP,25.700000762939453,16.0625,0.49907762,0.031229999,29.1,0.38276002,0.44107,0.051,-0.696,Misc,Real Estate,Real Estate Services,2026-06-11,Real Estate Services,0,0,0
WELINV,6288112640.0,MICRO CAP,1715.0,207.12561,0.8566404,0.00433,29.1,-1.3111099,0.58014,1.86,0.183,Misc,Financial Services,Capital Markets,2026-06-11,Capital Markets,0,1,0
TVTODAY,6253867520.0,MICRO CAP,104.80999755859375,30.917402,0.71181655,0.022720002,1.647,-0.0156,0.01774,-0.143,0.466,Media,Communication Services,Broadcasting,2026-06-11,Broadcasting,0,0,0
SICALLOG,6231198208.0,MICRO CAP,78.0999984741211,11.9418955,-106.83994,0.24689,179.935,0.08596,0.12777,0.296,0.183,Misc,Industrials,Integrated Freight & Logistics,2026-06-11,Integrated Freight & Logistics,0,1,0
APTECHT,6202821120.0,MICRO CAP,106.94000244140625,26.339903,2.472201,0.094110005,5.06,0.0089,0.046729997,-0.065,-0.635,Misc,Consumer Defensive,Education & Training Services,2026-06-11,Education & Training Services,0,0,0
GLOTTIS,6191001088.0,MICRO CAP,67.0,15.331808,2.2131932,0.19894,18.802,0.07334,0.05165,0.122,0.183,Misc,Industrials,Integrated Freight & Logistics,2026-06-11,Integrated Freight & Logistics,0,1,0
SNOWMAN,6190219776.0,MICRO CAP,37.02000045776367,185.1,1.5594591,0.00816,77.682,0.045679998,0.00546,0.039,0.504,Misc,Industrials,Integrated Freight & Logistics,2026-06-11,Integrated Freight & Logistics,0,0,0
OCCLLTD,6106443776.0,MICRO CAP,122.25,12.787657,2.2361767,0.1040750025,29.1,0.0,0.0,0.122,0.183,Misc,Basic Materials,Chemicals,2026-06-11,Chemicals,0,1,0
INDOFARM,6102553088.0,MICRO CAP,127.0,24.708172,1.1236055,0.0454,26.874,0.11525,0.05612,0.031,-0.446,Misc,Industrials,Farm & Heavy Construction Machinery,2026-06-11,Farm & Heavy Construction Machinery,0,0,0
MALLCOM,6083999744.0,MICRO CAP,975.0,20.232414,1.9510067,0.09738,37.784,0.06802,0.05568,0.066,-0.788,Misc,Industrials,Security & Protection Services,2026-06-11,Security & Protection Services,0,0,0
DMCC,6077861376.0,MICRO CAP,243.6999969482422,22.235401,2.4482129,0.114879996,28.623,0.1596,0.04699,-0.467,-0.085,Misc,Basic Materials,Chemicals,2026-06-11,Chemicals,0,0,0
HINDCOMPOS,6022059520.0,MICRO CAP,407.75,19.35216,0.5259295,0.0279,0.147,0.12944001,0.082959995,0.176,0.928,Automobiles,Consumer Cyclical,Auto Parts,2026-06-11,Auto Components,0,1,0
PASUPTAC,6014703104.0,MICRO CAP,67.4800033569336,8.607143,1.3806086,0.1749,24.599,0.14536001,0.06922,0.453,1.341,Misc,Consumer Cyclical,Textile Manufacturing,2026-06-11,Textile Manufacturing,0,1,0
PYRAMID,6007737856.0,MICRO CAP,162.89999389648438,20.542244,2.1067197,0.10957,66.496,0.0817,0.04232,0.138,0.572,Misc,Consumer Cyclical,Packaging & Containers,2026-06-11,Packaging & Containers,0,1,0
IRISDOREME,6004466688.0,MICRO CAP,35.18000030517578,41.388233,4.9382367,0.14455,24.205,0.15763,0.08483,0.504,0.176,Misc,Consumer Cyclical,Apparel Manufacturing,2026-06-11,Apparel Manufacturing,0,1,0
ZIMLAB,5997492224.0,MICRO CAP,112.0,94.117645,2.102339,0.021289999,42.734,0.02239,0.01559,-0.032,-0.249,Misc,Healthcare,Drug Manufacturers - Specialty & Generic,2026-06-11,Drug Manufacturers - Specialty & Generic,0,0,0
FOCUS,5996571648.0,MICRO CAP,89.31999969482422,125.80282,4.1034594,0.03539,14.285,0.05608,0.027,0.443,1.348,Misc,Consumer Cyclical,"Furnishings, Fixtures & Appliances",2026-06-11,"Furnishings, Fixtures & Appliances",0,1,0
LINC,5959486464.0,MICRO CAP,100.1500015258789,18.209091,2.3093596,0.13284999,10.275,0.10208999,0.060300004,-0.106,-0.137,Misc,Industrials,Business Equipment & Supplies,2026-06-11,Business Equipment & Supplies,0,0,0
MANBA,5947843584.0,MICRO CAP,118.38999938964844,13.110743,1.4546013,0.1165,379.637,0.41157,0.32614,-0.033,0.385,Financials,Financial Services,Credit Services,2026-06-11,NBFC – Lending,0,0,0
ABINFRA,5947129344.0,MICRO CAP,9.3100004196167,31.033333,3.6481192,0.13832,68.314,0.12763,0.07549,0.17,-0.356,Industrials,Industrials,Engineering & Construction,2026-06-11,Engineering & EPC,0,0,0
VINSYS,5940157440.0,MICRO CAP,404.7,19.760744,4.2379627,0.1040750025,29.1,0.09375,0.0621700015,0.122,0.183,Misc,Unknown,Unknown,2026-06-11,Diversified,0,1,0
AMANTA,5928854016.0,MICRO CAP,152.69000244140625,35.26328,2.3822823,0.09397,111.004,0.13249,0.05171,0.068,-0.234,Misc,Healthcare,Drug Manufacturers - Specialty & Generic,2026-06-11,Drug Manufacturers - Specialty & Generic,0,0,0
NAHARPOLY,5924476416.0,MICRO CAP,240.9499969482422,7.5155954,0.6947608,0.1040750025,9.109,0.13845,0.05886,0.07,0.45,Misc,Consumer Cyclical,Packaging & Containers,2026-06-11,Packaging & Containers,0,0,0
SUTLEJTEX,5893630464.0,MICRO CAP,35.5,26.132245,0.69054055,-0.10094,114.141,-0.01421,-0.03351,0.021,0.183,Misc,Consumer Cyclical,Textile Manufacturing,2026-06-11,Textile Manufacturing,0,0,0
HMVL,5884861952.0,MICRO CAP,80.05000305175781,4.1801567,0.37146348,0.09039,5.347,0.32724997,0.06583,0.14,-0.394,Misc,Communication Services,Publishing,2026-06-11,Publishing,0,0,0
SOFTTECH,5855224320.0,MICRO CAP,423.0,118.4874,3.4391081,0.0315,22.788,0.041929998,0.03718,0.503,16.134920000000058,Technology,Technology,Software - Application,2026-06-11,SaaS,0,1,0
OSWALAGRO,5852791808.0,MICRO CAP,43.5,26.132245,0.6127969,-0.02385,29.1,-5.3092397380000005,-1.1392655999999999,-0.831,0.183,Misc,Real Estate,Real Estate - Development,2026-06-11,Real Estate - Development,0,0,0
OSWALGREEN,5852680704.0,MICRO CAP,22.790000915527344,26.132245,0.24529114,-0.025559999,0.184,0.51776004,-0.59168,1.036,0.183,Financials,Financial Services,Asset Management,2026-06-11,Asset Management Companies,0,1,0
PRIMO,5818660864.0,MICRO CAP,24.010000228881836,38.11111,1.4363484,0.03858,32.291,0.080740005,0.02737,-0.068,0.183,Misc,Basic Materials,Chemicals,2026-06-11,Chemicals,0,0,0
PREMIERPOL,5766072832.0,MICRO CAP,55.04999923706055,18.108553,3.9123018,0.24054001,16.692,0.12671,0.094069995,0.113,0.554,Chemicals,Basic Materials,Specialty Chemicals,2026-06-11,Specialty Chemicals,0,1,0
DCMSIL,5751923200.0,MICRO CAP,66.12000274658203,26.132245,1.4825445,-0.036199998,19.867,0.02372,-0.030539999,-0.032,0.183,Misc,Industrials,Industrial Distribution,2026-06-11,Industrial Distribution,0,0,0
TBI,5717174272.0,MICRO CAP,314.85,41.98,5.1240115,0.1040750025,29.1,0.09375,0.0621700015,0.122,0.183,Misc,Unknown,Unknown,2026-06-11,Diversified,0,1,0
TGL,5665011200.0,MICRO CAP,472.1,43.51152,10.015062,0.1040750025,29.1,0.09375,0.0621700015,0.122,0.183,Misc,Unknown,Unknown,2026-06-11,Diversified,0,1,0
URJA,5655641088.0,MICRO CAP,10.149999618530273,338.3333,3.068319,0.00708,24.759,0.02029,0.02002,0.023,0.183,Misc,Technology,Solar,2026-06-11,Solar,0,0,0
EIFFL,5654400000.0,MICRO CAP,228.0,113.43284,7.830746,0.1040750025,85.026,0.07082,0.02283,-0.406,-0.493,Misc,Consumer Defensive,Packaged Foods,2026-06-11,Packaged Foods,0,0,0
SUBEXLTD,5626232832.0,MICRO CAP,10.140000343322754,19.882355,1.797235,0.1040750025,8.247,0.171,0.00361,0.14,0.183,Technology,Technology,Software - Application,2026-06-11,SaaS,0,1,0
PPL,5619331072.0,MICRO CAP,234.89999389648438,12.985074,1.2291093,0.093789995,4.004,0.059380002,0.05485,0.22,0.321,Misc,Industrials,Building Products & Equipment,2026-06-11,Building Products & Equipment,0,1,0
ONWARDTEC,5613870592.0,MICRO CAP,250.0500030517578,12.803379,2.211638,0.18552999,15.717,0.07981,0.081499994,0.077,-0.072,Technology,Technology,Information Technology Services,2026-06-11,IT Services,0,0,0
AFIL,5572320256.0,MICRO CAP,9.600000381469727,9.69697,0.95856214,0.10501,118.754,0.56567,0.50541,0.466,0.642,Financials,Financial Services,Credit Services,2026-06-11,NBFC – Lending,0,1,0
PHANTOMFX,5570866688.0,MICRO CAP,410.25,19.79016,1.6974013,0.1040750025,29.1,0.09375,0.0621700015,0.122,0.183,Misc,Unknown,Unknown,2026-06-11,Diversified,0,1,0
PANACHE,5567356928.0,MICRO CAP,365.6000061035156,40.940647,5.0979576,0.18996,26.17,0.17421,0.06672,0.658,2.524,Misc,Technology,Communication Equipment,2026-06-11,Communication Equipment,0,1,1
MUFTI,5565038080.0,MICRO CAP,85.0999984741211,11.737931,1.2682563,0.11175,52.018,0.14005,0.08009,0.059,0.095,Misc,Consumer Cyclical,Apparel Retail,2026-06-11,Apparel Retail,0,0,0
BIRLACABLE,5559600128.0,MICRO CAP,185.32000732421875,32.91652,1.9798512,0.06329,47.195,0.077309996,0.02192,0.37,6.347,Misc,Technology,Communication Equipment,2026-06-11,Communication Equipment,0,1,0
TRANSPEK,5552055808.0,MICRO CAP,994.0,12.169441,0.72321576,0.1040750025,29.1,0.04104,0.07348,-0.144,-0.657,Misc,Basic Materials,Chemicals,2026-06-11,Chemicals,0,0,0
LOKESHMACH,5537160192.0,MICRO CAP,260.0,282.6087,2.271258,0.01751,74.215,0.110690005,0.018509999,0.534,16.134920000000058,Misc,Industrials,Specialty Industrial Machinery,2026-06-11,Specialty Industrial Machinery,0,1,0
CHEMFAB,5530281984.0,MICRO CAP,384.75,26.132245,1.4607671,-0.00907,33.498,0.00758,-0.01102,-0.19,0.183,Chemicals,Basic Materials,Specialty Chemicals,2026-06-11,Specialty Chemicals,0,0,0
SHREEKARNI,5516160000.0,MICRO CAP,780.0,37.001896,5.253799,0.1040750025,29.1,0.09375,0.0621700015,0.122,0.183,Misc,Unknown,Unknown,2026-06-11,Diversified,0,1,0
SHREERAMA,5504220672.0,MICRO CAP,41.2400016784668,23.299437,3.463509,0.1040750025,13.028,0.12592,0.23962,0.132,0.026,Misc,Consumer Cyclical,Packaging & Containers,2026-06-11,Packaging & Containers,0,0,0
BESTAGRO,5483215360.0,MICRO CAP,15.460000038146973,61.84,0.7132312,0.011619999,57.549,-0.24016,0.0070599997,-0.432,0.183,Chemicals,Basic Materials,Agricultural Inputs,2026-06-11,Agrochemicals,0,0,0
MODINATUR,5452961280.0,MICRO CAP,409.79998779296875,10.781373,3.1224046,0.34243,93.655,0.0924,0.06992,0.281,1.479,Misc,Consumer Defensive,Packaged Foods,2026-06-11,Packaged Foods,0,1,0
DISHTV,5431705600.0,MICRO CAP,2.950000047683716,26.132245,-0.1403826,0.1040750025,29.1,-0.71172994,-0.69444,-0.293,0.183,Misc,Communication Services,Entertainment,2026-06-11,Entertainment,0,0,0
TERASOFT,5423272448.0,MICRO CAP,433.45001220703125,21.880365,4.0558624,0.1848,26.995,0.14149,0.10418,1.227,1.201,Technology,Technology,Information Technology Services,2026-06-11,IT Services,0,1,0
VISHNUINFR,5400592384.0,MICRO CAP,219.45,15.314027,3.0164533,0.1040750025,29.1,0.09375,0.0621700015,0.122,0.183,Misc,Unknown,Unknown,2026-06-11,Diversified,0,1,0
NBIFIN,5374872064.0,MICRO CAP,1819.0,43.268314,0.1670722,0.1040750025,29.1,0.8849212000000001,0.65801,4.985060000000001,16.134920000000058,Misc,Financial Services,Capital Markets,2026-06-11,Capital Markets,0,1,0
PRATHAM,5369736192.0,MICRO CAP,302.35,52.766144,6.052326,0.1040750025,29.1,0.09375,0.0621700015,0.122,0.183,Misc,Unknown,Unknown,2026-06-11,Diversified,0,1,0
HITECHCORP,5351089152.0,MICRO CAP,311.54998779296875,35.24321,1.8814881,0.0547,48.253,0.068330005,0.02372,0.112,7.763,Misc,Consumer Cyclical,Packaging & Containers,2026-06-11,Packaging & Containers,0,1,0
LAXMIINDIA,5343569920.0,MICRO CAP,101.98999786376953,9.99902,1.1600318,0.1040750025,256.533,0.33054,0.28614,0.37,0.565,Financials,Financial Services,Credit Services,2026-06-11,NBFC – Lending,0,1,0
MGEL,5322322432.0,MICRO CAP,16.149999618530273,11.788321,2.1396396,0.20118,86.568,0.02214,0.013359999,0.982,1.386,Misc,Consumer Defensive,Farm Products,2026-06-11,Farm Products,0,1,0
SUKHJITS,5310542848.0,MICRO CAP,169.97000122070312,19.649712,0.9359839,0.048699997,60.879,0.04625,0.01887,0.122,4.187,Chemicals,Basic Materials,Specialty Chemicals,2026-06-11,Specialty Chemicals,0,1,0
KHAICHEM,5307249152.0,MICRO CAP,54.720001220703125,7.7179127,2.0018294,0.1040750025,106.925,0.11059,0.07424,0.337,0.636,Chemicals,Basic Materials,Agricultural Inputs,2026-06-11,Agrochemicals,0,1,0
ORBTEXP,5301700096.0,MICRO CAP,199.97999572753906,16.285017,1.72125,0.11231,5.311,0.07247,0.14121,-0.029,-0.85,Misc,Consumer Cyclical,Textile Manufacturing,2026-06-11,Textile Manufacturing,0,0,0
ANNAPURNA,5299866624.0,MICRO CAP,301.3,24.716982,1.857251,0.1040750025,29.1,0.09375,0.0621700015,0.122,0.183,Misc,Unknown,Unknown,2026-06-11,Diversified,0,1,0
PTL,5288461312.0,MICRO CAP,39.95000076293945,11.446992,0.62799656,0.054530002,0.642,0.8849212000000001,0.71757007,0.0,0.475,Misc,Real Estate,Real Estate Services,2026-06-11,Real Estate Services,0,0,0
EVERESTIND,5264110080.0,MICRO CAP,332.0,26.132245,1.0645155,-0.18639,45.885,-0.114429995,-0.07176,-0.277,0.183,Misc,Industrials,Building Products & Equipment,2026-06-11,Building Products & Equipment,0,0,0
SATIA,5238000128.0,MICRO CAP,52.380001068115234,12.806846,0.48114198,0.03829,28.731,-0.02945,0.028180001,-0.02,-0.836,Misc,Basic Materials,Paper & Paper Products,2026-06-11,Paper & Paper Products,0,0,0
WSI,5222356992.0,MICRO CAP,68.80999755859375,208.51514,2.9373343,0.00749,17.361,0.15266,0.02842,-0.475,0.183,Industrials,Industrials,Engineering & Construction,2026-06-11,Engineering & EPC,0,0,0
CEWATER,5211311104.0,MICRO CAP,251.8000030517578,22.82865,0.911678,0.04125,29.281,0.06523,0.03542,-0.005,-0.691,Misc,Utilities,Utilities - Regulated Water,2026-06-11,Utilities - Regulated Water,0,0,0
HTMEDIA,5204701184.0,MICRO CAP,22.5,47.87234,0.31930292,0.01903,38.15,0.12023,-0.03009,-0.005,0.183,Misc,Communication Services,Publishing,2026-06-11,Publishing,0,0,0
NRL,5196060672.0,MICRO CAP,75.2300033569336,36.51942,3.8888605,0.12082,22.74,0.036429998,0.06584,0.54,0.333,Misc,Industrials,Waste Management,2026-06-11,Waste Management,0,1,0
ENIL,5195598336.0,MICRO CAP,108.98999786376953,26.132245,0.6855795,-0.00962,22.502,-0.07626,-0.01356,-0.115,-0.322,Media,Communication Services,Broadcasting,2026-06-11,Broadcasting,0,0,0
ZEEMEDIA,5191057920.0,MICRO CAP,8.300000190734863,276.6667,2.6290781,0.00855,37.194,-0.21663,0.0025,0.013,0.183,Media,Communication Services,Broadcasting,2026-06-11,Broadcasting,0,0,0
MUNJALSHOW,5187351552.0,MICRO CAP,129.6999969482422,23.711153,0.77993923,0.03234,29.1,-0.0081400005,0.01663,0.146,0.183,Automobiles,Consumer Cyclical,Auto Parts,2026-06-11,Auto Components,0,1,0
RBZJEWEL,5165599744.0,MICRO CAP,129.13999938964844,9.426277,1.7228315,0.20114,56.626,0.104270004,0.08609,0.38,0.364,Misc,Consumer Cyclical,Luxury Goods,2026-06-11,Luxury Goods,0,1,0
ONMOBILE,5156585472.0,MICRO CAP,48.5,26.132245,0.8273909,-0.01839,12.298,-0.4007,-0.0218,-0.183,0.183,Telecom,Communication Services,Telecom Services,2026-06-11,Telecom Services,0,0,0
GLOBAL,5156322304.0,MICRO CAP,101.30000305175781,19.443378,4.184567,0.19736,29.1,0.42234,0.26150998,0.465,0.937,Misc,Consumer Defensive,Education & Training Services,2026-06-11,Education & Training Services,0,1,1
BMWVENTLTD,5133528064.0,MICRO CAP,59.20000076293945,11.863729,1.1626766,0.114989996,58.379,0.02683,0.016449999,0.245,-0.277,Misc,Basic Materials,Steel,2026-06-11,Steel,0,0,0
ELIN,5129494528.0,MICRO CAP,103.19000244140625,22.239225,0.8842558,0.04143,2.969,-0.00162,0.01754,0.027,0.183,Misc,Industrials,Electrical Equipment & Parts,2026-06-11,Electrical Equipment & Parts,0,0,0
S&SPOWER,5125445632.0,MICRO CAP,415.29998779296875,50.64634,5.7494493,0.12779,44.204,0.0664,0.038340002,0.159,0.183,Misc,Industrials,Electrical Equipment & Parts,2026-06-11,Electrical Equipment & Parts,0,1,0
REPRO,5122002944.0,MICRO CAP,357.04998779296875,26.132245,1.4648806,-0.09101,53.066,0.015269999,-0.06741,0.133,0.183,Misc,Industrials,Specialty Business Services,2026-06-11,Specialty Business Services,0,1,0
EMAMIPAP,5119429632.0,MICRO CAP,84.62000274658203,9.73763,1.0668448,0.09797,142.073,0.09714,0.03218,0.045,0.183,Misc,Basic Materials,Paper & Paper Products,2026-06-11,Paper & Paper Products,0,0,0
DAVANGERE,5119366656.0,MICRO CAP,3.5799999237060547,71.6,1.3827733,0.01991,60.22,0.06288,0.03563,0.473,5.373,Misc,Consumer Defensive,Confectioners,2026-06-11,Confectioners,0,1,0
CSLFINANCE,5104658944.0,MICRO CAP,227.0,6.0533333,0.8322548,0.14805001,137.666,0.76808,0.33503,0.221,0.027,Financials,Financial Services,Credit Services,2026-06-11,NBFC – Lending,0,0,0
SPECIALITY,5093202944.0,MICRO CAP,105.58999633789062,23.360619,1.5576732,0.1040750025,42.426,0.10503,0.045100003,0.072,0.0,Hospitality,Consumer Cyclical,Restaurants,2026-06-11,Restaurants,0,0,0
TPLPLASTEH,5089695744.0,MICRO CAP,65.25,17.493298,3.3377666,0.18370001,11.202,0.09968001,0.0688,0.237,0.17,Misc,Consumer Cyclical,Packaging & Containers,2026-06-11,Packaging & Containers,0,1,0
HLVLTD,5089486336.0,MICRO CAP,7.71999979019165,257.33334,1.0842696,0.00936,8.381,0.109519996,0.02148,0.055,-0.375,Misc,Consumer Cyclical,Lodging,2026-06-11,Lodging,0,0,0
SCHAND,5085191680.0,MICRO CAP,144.1699981689453,6.6931286,0.48208845,0.07168,12.949,0.42561,0.09507,0.162,0.197,Misc,Communication Services,Publishing,2026-06-11,Publishing,0,1,0
SURANI,5081875456.0,MICRO CAP,326.85,247.61363,4.080168,0.1040750025,29.1,0.09375,0.0621700015,0.122,0.183,Misc,Unknown,Unknown,2026-06-11,Diversified,0,1,0
GFLLIMITED,5080562688.0,MICRO CAP,46.25,11.280488,0.20133644,0.1040750025,29.1,0.41429,0.47000998,0.25,1.81,Financials,Financial Services,Asset Management,2026-06-11,Asset Management Companies,0,1,0
EFFWA,5069229568.0,MICRO CAP,219.0,25.230413,4.8292136,0.1040750025,29.1,0.09375,0.0621700015,0.122,0.183,Misc,Unknown,Unknown,2026-06-11,Diversified,0,1,0
DUGLOBAL,5058795008.0,MICRO CAP,72.5,90.625,5.0873623,0.1040750025,29.1,0.09375,0.0621700015,0.122,0.183,Misc,Unknown,Unknown,2026-06-11,Diversified,0,1,0
NAHARINDUS,5042955264.0,MICRO CAP,116.72000122070312,9.899916,0.49840087,0.0505,65.369,0.122700006,0.03405,-0.13,0.534,Misc,Consumer Cyclical,Textile Manufacturing,2026-06-11,Textile Manufacturing,0,0,0
IEML,5031919616.0,MICRO CAP,358.5,40.924656,4.7482815,0.1040750025,29.1,0.09375,0.0621700015,0.122,0.183,Misc,Unknown,Unknown,2026-06-11,Diversified,0,1,0
TIRUPATIFL,5026899968.0,MICRO CAP,42.5,85.0,4.3402777,0.052360002,31.143,0.04162,0.03875,0.524,0.091,Misc,Industrials,Metal Fabrication,2026-06-11,Metal Fabrication,0,0,0
RKSWAMY,4974027264.0,MICRO CAP,98.54000091552734,22.497717,1.881396,0.08605,16.248,0.16816,0.06487,0.204,0.295,Misc,Communication Services,Advertising Agencies,2026-06-11,Advertising Agencies,0,1,0
INTLCONV,4971091456.0,MICRO CAP,77.94000244140625,7.2569838,1.2618798,0.17397,17.291,0.18788,0.32084,0.777,-0.694,Misc,Industrials,Specialty Industrial Machinery,2026-06-11,Specialty Industrial Machinery,0,0,0
FROG,4959154176.0,MICRO CAP,319.35,28.666965,3.1006963,0.1040750025,29.1,0.09375,0.0621700015,0.122,0.183,Misc,Unknown,Unknown,2026-06-11,Diversified,0,1,0
ACL,4926601216.0,MICRO CAP,53.45000076293945,26.132245,6.1064777,-0.4629408,556.8185800000006,-0.12114,-0.15174,0.732,0.183,Misc,Basic Materials,Building Materials,2026-06-11,Building Materials,0,1,0
KRONOX,4886596608.0,MICRO CAP,131.6999969482422,17.654156,4.1629786,0.26824,1.384,0.33914003,0.27327,-0.0,0.267,Chemicals,Basic Materials,Specialty Chemicals,2026-06-11,Specialty Chemicals,0,0,1
MONEYBOXX,4874776576.0,MICRO CAP,69.83000183105469,349.15,1.6491901,0.00482,228.031,0.01596,0.011460001,0.041,0.183,Financials,Financial Services,Credit Services,2026-06-11,NBFC – Lending,0,0,0
KRISHCA,4841628160.0,MICRO CAP,341.2,42.07152,4.433875,0.1040750025,29.1,0.09375,0.0621700015,0.122,0.183,Misc,Unknown,Unknown,2026-06-11,Diversified,0,1,0
SHIVAUM,4838342144.0,MICRO CAP,355.75,96.14865,4.0888457,0.06082,80.361,0.03671,0.0124699995,0.066,1.083,Misc,Basic Materials,Steel,2026-06-11,Steel,0,0,0
THEINVEST,4827703296.0,MICRO CAP,92.41000366210938,16.043404,0.6541931,0.04665,7.607,0.0027599998,0.113579996,-0.199,0.073,Misc,Financial Services,Capital Markets,2026-06-11,Capital Markets,0,0,0
PENINLAND,4820011008.0,MICRO CAP,14.529999732971191,26.132245,2.3296456,-0.4629408,460.72,-0.02128,-1.07283,-0.352,0.183,Misc,Real Estate,Real Estate - Development,2026-06-11,Real Estate - Development,0,0,0
UNIDT,4811637760.0,MICRO CAP,236.99000549316406,25.18491,1.6701787,0.069759995,1.153,0.14533,0.10474,0.392,0.279,Misc,Energy,Oil & Gas Equipment & Services,2026-06-11,Oil & Gas Equipment & Services,0,1,0
SAAKSHI,4794486784.0,MICRO CAP,271.55,39.015804,4.339315,0.1040750025,29.1,0.09375,0.0621700015,0.122,0.183,Misc,Unknown,Unknown,2026-06-11,Diversified,0,1,0
SAIFL,4778807296.0,MICRO CAP,80.25,48.053894,4.115174,0.1040750025,29.1,0.09375,0.0621700015,0.122,0.183,Misc,Unknown,Unknown,2026-06-11,Diversified,0,1,0
SCPL,4777500160.0,MICRO CAP,455.0,24.999998,3.0448835,0.13274999,31.759,0.0998,0.05213,0.602,0.725,Misc,Consumer Defensive,Packaged Foods,2026-06-11,Packaged Foods,0,1,0
GUJAPOLLO,4774905344.0,MICRO CAP,368.1499938964844,77.18029,0.94827807,0.0103400005,8.058,-0.27269,0.097320005,-0.679,0.183,Misc,Industrials,Specialty Industrial Machinery,2026-06-11,Specialty Industrial Machinery,0,0,0
KNAGRI,4749792768.0,MICRO CAP,190.0,12.942779,1.2363836,0.08606,8.87,0.03341,0.01746,-0.03,-0.204,Misc,Consumer Defensive,Farm Products,2026-06-11,Farm Products,0,0,0
NILASPACES,4746364928.0,MICRO CAP,12.050000190734863,16.50685,2.7036126,0.18365999,46.031,0.32176998,0.15427,0.253,1.067,Misc,Real Estate,Real Estate - Development,2026-06-11,Real Estate - Development,0,1,1
OMAXAUTO,4738719744.0,MICRO CAP,221.00999450683594,12.760392,1.3630141,0.11191,15.23,0.14456001,0.07645,0.527,16.134920000000058,Automobiles,Consumer Cyclical,Auto Parts,2026-06-11,Auto Components,0,1,0
IRIS,4730697216.0,MICRO CAP,230.0,33.72434,2.3534226,0.10232,0.824,0.12312999,0.8458531554000015,0.13,0.473,Technology,Technology,Software - Application,2026-06-11,SaaS,0,1,0
KAMATHOTEL,4727718912.0,MICRO CAP,160.3699951171875,12.607704,2.325787,0.12618,70.111,0.22062,0.09997,0.248,0.071,Misc,Consumer Cyclical,Lodging,2026-06-11,Lodging,0,0,0
ADVANIHOTR,4715287552.0,MICRO CAP,51.0099983215332,19.771318,0.9130613,0.08,0.558,0.41846,0.22364001,0.06,0.024,Misc,Consumer Cyclical,Lodging,2026-06-11,Lodging,0,0,0
PANSARI,4710636032.0,MICRO CAP,270.0,27.663935,3.3224635,0.1040750025,47.606,0.13154,0.16825001,4.985060000000001,15.2,Misc,Real Estate,Real Estate - Development,2026-06-11,Real Estate - Development,0,1,0
ORIENTBELL,4692641792.0,MICRO CAP,319.0,37.84104,1.4686046,0.03853,9.489,0.04759,0.017970001,0.083,1.257,Misc,Industrials,Building Products & Equipment,2026-06-11,Building Products & Equipment,0,0,0
ESSARSHPNG,4689874944.0,MICRO CAP,22.559999465942383,26.132245,-0.1959524,0.1040750025,29.1,-5.3092397380000005,0.0,0.122,0.183,Misc,Industrials,Marine Shipping,2026-06-11,Marine Shipping,0,1,0
DHUNINV,4670438400.0,MICRO CAP,766.0,25.72196,0.17229764,0.01348,27.145,-0.99848,0.04257,1.221,0.183,Misc,Financial Services,Capital Markets,2026-06-11,Capital Markets,0,1,0
BBTCL,4658718208.0,MICRO CAP,227.1300048828125,22.6,3.5273018,0.16374001,192.896,0.102010004,0.03342,0.142,0.183,Misc,Consumer Cyclical,Packaging & Containers,2026-06-11,Packaging & Containers,0,1,0
CHEMBONDCH,4626210816.0,MICRO CAP,172.0,13.230769,2.2361767,0.18198,29.1,0.14156,0.10719,0.122,0.183,Chemicals,Basic Materials,Specialty Chemicals,2026-06-11,Specialty Chemicals,0,1,0
KANPRPLA,4624318976.0,MICRO CAP,192.5800018310547,11.093318,1.7275158,0.17197001,41.789,0.09581,0.05495,-0.024,3.662,Misc,Consumer Cyclical,Packaging & Containers,2026-06-11,Packaging & Containers,0,0,0
DONEAR,4592119808.0,MICRO CAP,88.30999755859375,10.576047,1.6555434,0.1698,154.25,0.093389995,0.0476,-0.098,2.19,Misc,Consumer Cyclical,Textile Manufacturing,2026-06-11,Textile Manufacturing,0,0,0
MANCREDIT,4560621056.0,MICRO CAP,216.0,29.793104,2.640845,0.097679995,192.098,0.79166,0.21897,0.594,0.991,Financials,Financial Services,Credit Services,2026-06-11,NBFC – Lending,0,1,0
ORIENTCER,4536718336.0,MICRO CAP,37.91999816894531,20.608694,1.5437853,0.07473,13.113,0.021170001,0.05416,0.162,0.621,Chemicals,Basic Materials,Specialty Chemicals,2026-06-11,Specialty Chemicals,0,1,0
SREEL,4535603712.0,MICRO CAP,195.8800048828125,15.796775,0.9356223,0.05989,0.445,0.19529,0.11289,0.228,0.825,Misc,Consumer Cyclical,Footwear & Accessories,2026-06-11,Footwear & Accessories,0,1,0
SBGLP,4531371520.0,MICRO CAP,26.1299991607666,12.153487,4.3484774,0.41984,75.186,0.32603002,0.26506,1.747,1.023,Misc,Real Estate,Real Estate - Development,2026-06-11,Real Estate - Development,0,1,1
UGARSUGAR,4504500224.0,MICRO CAP,40.040000915527344,33.090908,1.926482,0.060539998,285.835,0.15557,0.0091699995,-0.238,-0.104,Misc,Consumer Defensive,Confectioners,2026-06-11,Confectioners,0,0,0
GVKPIL,4500749312.0,MICRO CAP,2.8499999046325684,26.132245,-0.30981627,-0.4629408,29.1,-3.91457,0.0,0.122,0.183,Misc,Utilities,Utilities - Independent Power Producers,2026-06-11,Utilities - Independent Power Producers,0,1,0
TCL,4487142400.0,MICRO CAP,194.0,37.964775,4.477164,0.1040750025,29.1,0.09375,0.0621700015,0.122,0.183,Misc,Unknown,Unknown,2026-06-11,Diversified,0,1,0
MAZDA,4485400064.0,MICRO CAP,223.99000549316406,16.313911,1.5103437,0.1148,29.1,0.13934,0.12972,0.216,0.351,Misc,Industrials,Specialty Industrial Machinery,2026-06-11,Specialty Industrial Machinery,0,1,0
PLASTIBLEN,4458967040.0,MICRO CAP,171.57000732421875,12.15085,0.9911154,0.08371,4.968,0.07274,0.04652,0.058,0.452,Chemicals,Basic Materials,Specialty Chemicals,2026-06-11,Specialty Chemicals,0,0,0
DICIND,4451803648.0,MICRO CAP,485.0,23.396046,1.0385684,0.1040750025,0.954,0.02526,0.02053,0.146,0.638,Chemicals,Basic Materials,Specialty Chemicals,2026-06-11,Specialty Chemicals,0,1,0
SILINV,4439665152.0,MICRO CAP,419.0,11.736694,0.17307556,0.01308,29.1,0.8849212000000001,0.58527,0.122,0.183,Financials,Financial Services,Asset Management,2026-06-11,Asset Management Companies,0,1,0
INSPIRISYS,4435108864.0,MICRO CAP,111.94999694824219,11.411824,4.433312,0.48961,82.297,0.067150004,0.084139995,0.178,-0.285,Technology,Technology,Information Technology Services,2026-06-11,IT Services,0,0,0
REFRACTORY,4428669952.0,MICRO CAP,203.15,73.33935,8.762508,0.1040750025,29.1,0.09375,0.0621700015,0.122,0.183,Misc,Unknown,Unknown,2026-06-11,Diversified,0,1,0
VMARCIND,4412819456.0,MICRO CAP,180.7,4.4137764,2.3292985,0.1040750025,29.1,0.09375,0.0621700015,0.122,0.183,Misc,Unknown,Unknown,2026-06-11,Diversified,0,1,0
DCI,4411599872.0,MICRO CAP,269.0,19.970304,4.015045,0.23565,80.889,0.04164,0.02871,0.386,0.534,Misc,Technology,Electronics & Computer Distribution,2026-06-11,Electronics & Computer Distribution,0,1,0
ABCOTS,4403486208.0,MICRO CAP,200.49000549316406,33.6958,2.8753982,0.09871,95.828,0.05454,0.04319,0.233,-0.476,Misc,Consumer Cyclical,Textile Manufacturing,2026-06-11,Textile Manufacturing,0,0,0
VINYLINDIA,4400906752.0,MICRO CAP,240.0,26.69633,3.3866258,0.12845,0.376,0.03692,0.025290001,0.04,-0.361,Chemicals,Basic Materials,Specialty Chemicals,2026-06-11,Specialty Chemicals,0,0,0
SHERA,4395872256.0,MICRO CAP,192.9,24.730768,2.4340386,0.1040750025,29.1,0.09375,0.0621700015,0.122,0.183,Misc,Unknown,Unknown,2026-06-11,Diversified,0,1,0
MANAKSTEEL,4390781440.0,MICRO CAP,67.0,11.001642,1.3462466,0.12974,46.44,0.10505,0.03529,0.632,3.097,Misc,Basic Materials,Steel,2026-06-11,Steel,0,1,0
SRGHFL,4382040576.0,MICRO CAP,279.0,13.484775,1.4755815,0.11586001,292.408,0.3464,0.27325,0.238,0.33,Misc,Financial Services,Mortgage Finance,2026-06-11,Mortgage Finance,0,1,0
EMAMIREAL,4378651648.0,MICRO CAP,84.1500015258789,26.132245,-1.4873273,0.1040750025,29.1,-0.76739997,-1.1392655999999999,4.351,0.183,Misc,Real Estate,Real Estate - Development,2026-06-11,Real Estate - Development,0,1,0
NEWJAISA,4377918976.0,MICRO CAP,124.0,26.132245,3.1536114,0.1040750025,29.1,0.09375,0.0621700015,0.122,0.183,Misc,Unknown,Unknown,2026-06-11,Diversified,0,1,0
WINSOL,4370110464.0,MICRO CAP,378.85,32.187763,7.7393723,0.1040750025,29.1,0.09375,0.0621700015,0.122,0.183,Misc,Unknown,Unknown,2026-06-11,Diversified,0,1,0
RAMANEWS,4365939200.0,MICRO CAP,29.010000228881836,26.132245,-5.1794324,0.1040750025,29.1,-0.08583,-1.1392655999999999,-0.305,0.183,Misc,Consumer Defensive,Beverages - Non-Alcoholic,2026-06-11,Beverages - Non-Alcoholic,0,0,0
SHALPAINTS,4351306752.0,MICRO CAP,51.97999954223633,26.132245,1.5289583,-0.22944,65.594,-0.01962,-0.11283,-0.123,0.183,Chemicals,Basic Materials,Specialty Chemicals,2026-06-11,Specialty Chemicals,0,0,0
BANSWRAS,4350213120.0,MICRO CAP,127.08000183105469,13.949507,0.7427974,0.1040750025,89.715,0.0717,0.01922,0.003,0.382,Misc,Consumer Cyclical,Textile Manufacturing,2026-06-11,Textile Manufacturing,0,0,0
RUSHIL,4339634688.0,MICRO CAP,14.789999961853027,67.22727,0.6763616,0.00992,39.929,0.08683,0.0078,0.001,-0.178,Misc,Consumer Cyclical,"Furnishings, Fixtures & Appliances",2026-06-11,"Furnishings, Fixtures & Appliances",0,0,0
CGRAPHICS,4330193920.0,MICRO CAP,178.3,23.095856,3.6389241,0.1040750025,29.1,0.09375,0.0621700015,0.122,0.183,Misc,Unknown,Unknown,2026-06-11,Diversified,0,1,0
TAKE,4313637376.0,MICRO CAP,29.5,101.724144,14.306499,0.16519,29.1,-0.0152199995,0.20021999,0.122,0.183,Healthcare,Healthcare,Biotechnology,2026-06-11,Biotechnology,0,1,0
SURAJLTD,4293342720.0,MICRO CAP,233.7899932861328,57.583744,3.1609476,0.055180002,43.774,0.082399994,0.03629,-0.261,0.183,Misc,Basic Materials,Steel,2026-06-11,Steel,0,0,0
NDLVENTURE,4290437632.0,MICRO CAP,127.41999816894531,471.9259,6.520315,0.01526,29.1,-0.83224,0.18601,0.122,0.251,Misc,Communication Services,Entertainment,2026-06-11,Entertainment,0,1,0
RAMAPHO,4275387648.0,MICRO CAP,120.81999969482422,8.108725,1.0097363,0.13282,32.867,0.03701,0.059019998,0.09,0.026,Chemicals,Basic Materials,Agricultural Inputs,2026-06-11,Agrochemicals,0,0,0
TARACHAND,4272309504.0,MICRO CAP,54.20000076293945,15.441596,2.8750267,0.20475,92.775,0.15615,0.09726,0.097,0.083,Misc,Industrials,Farm & Heavy Construction Machinery,2026-06-11,Farm & Heavy Construction Machinery,0,0,0
DIGISPICE,4251334400.0,MICRO CAP,20.3799991607666,21.913977,2.1108234,0.097550005,35.372,-0.00616,0.04084,-0.082,0.183,Financials,Financial Services,Financial Conglomerates,2026-06-11,NBFC – Investment,0,0,0
ARIES,4232912384.0,MICRO CAP,325.5,9.8756075,1.2652471,0.13418001,16.482,-0.046329997,0.056929998,0.411,0.183,Chemicals,Basic Materials,Agricultural Inputs,2026-06-11,Agrochemicals,0,1,0
GPECO,4225256448.0,MICRO CAP,360.8,40.860703,5.3007374,0.1040750025,29.1,0.09375,0.0621700015,0.122,0.183,Misc,Unknown,Unknown,2026-06-11,Diversified,0,1,0
SARVESHWAR,4212162816.0,MICRO CAP,3.4200000762939453,11.793104,0.8760246,0.1040750025,57.24,0.050619997,0.02516,0.158,0.143,Misc,Consumer Defensive,Packaged Foods,2026-06-11,Packaged Foods,0,1,0
NAHARCAP,4204962560.0,MICRO CAP,251.10000610351562,6.6587114,0.25512487,0.03982,0.603,0.05088,0.8458531554000015,-0.006,-0.143,Misc,Financial Services,Capital Markets,2026-06-11,Capital Markets,0,0,0
KOTHARIPRO,4199628544.0,MICRO CAP,70.36000061035156,13.609284,0.35911885,0.1040750025,21.976,-0.083629996,0.045689996,-0.269,-0.059,Misc,Industrials,Conglomerates,2026-06-11,Conglomerates,0,0,0
RADIANTCMS,4194687744.0,MICRO CAP,39.310001373291016,13.016557,1.5143111,0.10189,70.51,0.05627,0.07511,-0.034,-0.354,Misc,Industrials,Specialty Business Services,2026-06-11,Specialty Business Services,0,0,0
HALEOSLABS,4188764160.0,MICRO CAP,1385.5,24.188198,2.0287912,0.080620006,48.153,0.00414,0.051859997,-0.157,-0.854,Healthcare,Healthcare,Biotechnology,2026-06-11,Biotechnology,0,0,0
CYBERTECH,4187064576.0,MICRO CAP,134.5,13.794871,1.9724588,0.13231,3.889,0.07742,0.12831001,0.014,-0.263,Technology,Technology,Information Technology Services,2026-06-11,IT Services,0,0,0
RBMINFRA,4185891840.0,MICRO CAP,495.9,17.896067,2.9653592,0.1040750025,29.1,0.09375,0.0621700015,0.122,0.183,Misc,Unknown,Unknown,2026-06-11,Diversified,0,1,0
HIGREEN,4182076672.0,MICRO CAP,167.35,122.15329,4.660392,0.1040750025,29.1,0.09375,0.0621700015,0.122,0.183,Misc,Unknown,Unknown,2026-06-11,Diversified,0,1,0
TRUST,4177748992.0,MICRO CAP,175.35,52.187504,3.6011336,0.1040750025,29.1,0.09375,0.0621700015,0.122,0.183,Misc,Unknown,Unknown,2026-06-11,Diversified,0,1,0
KRITINUT,4177631232.0,MICRO CAP,83.37999725341797,12.3161,1.773816,0.15348,3.972,0.03085,0.03672,0.276,0.283,Misc,Consumer Defensive,Packaged Foods,2026-06-11,Packaged Foods,0,1,0
ROCKINGDCE,4162988544.0,MICRO CAP,642.35,77.95509,8.759477,0.1040750025,29.1,0.09375,0.0621700015,0.122,0.183,Misc,Unknown,Unknown,2026-06-11,Diversified,0,1,0
SHAH,4162168576.0,MICRO CAP,4.670000076293945,31.133333,1.2393843,0.051230002,77.528,-0.08289,0.0585,0.502,0.346,Misc,Basic Materials,Steel,2026-06-11,Steel,0,1,0
GOKUL,4120171776.0,MICRO CAP,41.619998931884766,22.256683,1.1352973,0.052199997,106.352,0.00068000006,0.00448,0.228,-0.121,Misc,Consumer Defensive,Packaged Foods,2026-06-11,Packaged Foods,0,0,0
KOTYARK,4093144064.0,MICRO CAP,398.20001220703125,21.795294,2.264327,0.118999995,35.581,0.2502,0.05962,0.394,0.183,Chemicals,Basic Materials,Specialty Chemicals,2026-06-11,Specialty Chemicals,0,1,0
SIGMA,4057555968.0,MICRO CAP,39.47999954223633,17.017242,6.5094805,0.37783,2.611,0.30817,0.24972,0.047,-0.217,Technology,Technology,Information Technology Services,2026-06-11,IT Services,0,0,0
MIRZAINT,4049315584.0,MICRO CAP,29.299999237060547,26.132245,0.682268,-0.00101,3.65,-0.13955,-0.0010800001,-0.159,0.183,Misc,Consumer Cyclical,Footwear & Accessories,2026-06-11,Footwear & Accessories,0,0,0
KCEIL,4047527936.0,MICRO CAP,369.3,23.87201,4.3804193,0.1040750025,29.1,0.09375,0.0621700015,0.122,0.183,Misc,Unknown,Unknown,2026-06-11,Diversified,0,1,0
BAFNAPH,4021577216.0,MICRO CAP,170.0,36.247334,4.4114594,0.12267999,38.932,0.04467,0.073699996,0.081,1.11,Misc,Healthcare,Drug Manufacturers - Specialty & Generic,2026-06-11,Drug Manufacturers - Specialty & Generic,0,0,0
AEPL,4016590336.0,MICRO CAP,16.0,45.714287,4.308024,0.09644,1.803,0.09632,0.108109996,0.087,-0.194,Misc,Industrials,Electrical Equipment & Parts,2026-06-11,Electrical Equipment & Parts,0,0,0
ALBERTDAVD,4006427648.0,MICRO CAP,702.0,26.132245,1.0231774,-0.0038100001,7.555,0.00039,-0.00448,0.146,0.183,Misc,Healthcare,Drug Manufacturers - Specialty & Generic,2026-06-11,Drug Manufacturers - Specialty & Generic,0,1,0
HCL-INSYS,3996608512.0,MICRO CAP,12.140000343322754,26.132245,-1.3478407,0.1040750025,29.1,-3.20265,-1.1392655999999999,0.135,0.183,Misc,Technology,Electronics & Computer Distribution,2026-06-11,Electronics & Computer Distribution,0,1,0
VRAJ,3990237440.0,MICRO CAP,120.9800033569336,12.459321,0.96593136,0.07743,9.921,0.10542,0.05444,0.112,0.457,Misc,Basic Materials,Steel,2026-06-11,Steel,0,1,0
MAWANASUG,3989920256.0,MICRO CAP,102.0,10.759494,0.76095545,0.07297,80.14,0.21958,0.02355,0.088,0.018,Misc,Consumer Defensive,Confectioners,2026-06-11,Confectioners,0,0,0
KANORICHEM,3959052800.0,MICRO CAP,90.61000061035156,9.902733,0.690725,0.05978,50.841,0.05969,0.12307,-0.294,0.183,Misc,Basic Materials,Chemicals,2026-06-11,Chemicals,0,0,0
FOODSIN,3958203904.0,MICRO CAP,53.83000183105469,14.203167,0.6842072,0.05011,76.257,0.11703,0.0319,-0.246,-0.117,Misc,Consumer Defensive,Packaged Foods,2026-06-11,Packaged Foods,0,0,0
ESCONET,3955200000.0,MICRO CAP,320.0,26.132245,5.594797,0.1040750025,29.1,0.09375,0.0621700015,0.122,0.183,Misc,Unknown,Unknown,2026-06-11,Diversified,0,1,0
LIBERTSHOE,3948167936.0,MICRO CAP,231.6999969482422,35.10606,1.7299048,0.049039997,71.141,0.048260003,0.01512,0.13,-0.037,Misc,Consumer Cyclical,Footwear & Accessories,2026-06-11,Footwear & Accessories,0,0,0
NIMBSPROJ,3941022208.0,MICRO CAP,204.0,26.132245,0.7997178,0.1040750025,29.1,0.09375,0.0621700015,0.122,0.183,Misc,Unknown,Unknown,2026-06-11,Diversified,0,1,0
MBLINFRA,3931768576.0,MICRO CAP,25.459999084472656,26.132245,0.37094235,-0.02377,103.497,-0.15466,-0.12854,0.674,0.183,Industrials,Industrials,Engineering & Construction,2026-06-11,Engineering & EPC,0,1,0
UNIVPHOTO,3930925568.0,MICRO CAP,359.1000061035156,26.132245,0.46737853,0.1040750025,29.1,0.03233,0.0,0.039,0.183,Healthcare,Healthcare,Medical Devices,2026-06-11,Medical Devices,0,0,0
EMMIL,3913305856.0,MICRO CAP,345.5,31.126125,4.069589,0.1040750025,29.1,0.09375,0.0621700015,0.122,0.183,Misc,Unknown,Unknown,2026-06-11,Diversified,0,1,0
VERTOZ,3912057088.0,MICRO CAP,45.900001525878906,9.0,1.5999165,0.12476,38.592,0.13212,0.08934,0.131,-0.95092,Technology,Technology,Software - Infrastructure,2026-06-11,Software Products,0,0,0
ZTECH,3910008320.0,MICRO CAP,272.85,11.068966,2.172753,0.1040750025,29.1,0.09375,0.0621700015,0.122,0.183,Misc,Unknown,Unknown,2026-06-11,Diversified,0,1,0
SINCLAIR,3903961856.0,MICRO CAP,76.16000366210938,43.02825,3.3776832,0.07633,28.381,0.19985001,0.15284,0.166,0.183,Misc,Consumer Cyclical,Lodging,2026-06-11,Lodging,0,1,0
DENORA,3902642432.0,MICRO CAP,735.1500244140625,43.142605,3.0195181,0.07259,29.1,-0.12732,0.07445,0.07,0.183,Misc,Industrials,Electrical Equipment & Parts,2026-06-11,Electrical Equipment & Parts,0,0,0
IL&FSENGG,3899540992.0,MICRO CAP,29.739999771118164,297.4,-0.12257447,0.1040750025,29.1,-0.70111,0.0051499996,-0.708,0.373,Industrials,Industrials,Engineering & Construction,2026-06-11,Engineering & EPC,0,0,0
LORDSCHLO,3885463552.0,MICRO CAP,135.60000610351562,13.641852,1.6040504,0.13430999,71.713,0.096870005,0.073020004,0.224,0.525,Misc,Basic Materials,Chemicals,2026-06-11,Chemicals,0,1,0
TOLINS,3883718400.0,MICRO CAP,98.30000305175781,10.885937,1.1791096,0.104090005,2.999,0.13188,0.10909,0.122,-0.117,Automobiles,Consumer Cyclical,Auto Parts,2026-06-11,Auto Components,0,0,0
INM,3882447104.0,MICRO CAP,277.5,35.576923,4.851823,0.1040750025,29.1,0.09375,0.0621700015,0.122,0.183,Misc,Unknown,Unknown,2026-06-11,Diversified,0,1,0
NEPHROCARE,3871006720.0,MICRO CAP,234.8,116.815926,6.977297,0.1040750025,29.1,0.09375,0.0621700015,0.122,0.183,Misc,Unknown,Unknown,2026-06-11,Diversified,0,1,0
ESFL,3868680448.0,MICRO CAP,155.75,26.132245,2.6417558,0.1040750025,29.1,0.09375,0.0621700015,0.122,0.183,Misc,Unknown,Unknown,2026-06-11,Diversified,0,1,0
RUBFILA,3856793088.0,MICRO CAP,71.06999969482422,14.129224,1.2765155,0.08805,0.326,0.05108,0.04417,0.089,-0.191,Chemicals,Basic Materials,Specialty Chemicals,2026-06-11,Specialty Chemicals,0,0,0
MANORG,3853998080.0,MICRO CAP,450.0,15.182186,1.2548381,0.1040750025,112.728,0.23546,0.16003999,0.026,0.09,Chemicals,Basic Materials,Specialty Chemicals,2026-06-11,Specialty Chemicals,0,0,0
CHAVDA,3843870208.0,MICRO CAP,155.9,19.4875,1.8502253,0.1040750025,29.1,0.09375,0.0621700015,0.122,0.183,Misc,Unknown,Unknown,2026-06-11,Diversified,0,1,0
FELIX,3839397888.0,MICRO CAP,280.8,27.475536,2.5195606,0.1040750025,29.1,0.09375,0.0621700015,0.122,0.183,Misc,Unknown,Unknown,2026-06-11,Diversified,0,1,0
MANAKSIA,3827188480.0,MICRO CAP,58.400001525878906,7.309137,0.529067,0.07888,4.069,0.057940003,0.06363,-0.129,0.023,Misc,Industrials,Metal Fabrication,2026-06-11,Metal Fabrication,0,0,0
ATALREAL,3780074496.0,MICRO CAP,30.510000228881836,30.818182,2.0403934,0.079569995,14.083,0.072230004,0.05407,0.378,8.929,Industrials,Industrials,Engineering & Construction,2026-06-11,Engineering & EPC,0,1,0
KRITI,3770398976.0,MICRO CAP,71.55000305175781,340.71432,1.7003326,0.00533,40.997,0.09896,0.0019200001,0.031,0.183,Misc,Industrials,Building Products & Equipment,2026-06-11,Building Products & Equipment,0,0,0
PROV,3756893184.0,MICRO CAP,1090.0,26.682987,2.8903112,0.1040750025,29.1,0.09375,0.0621700015,0.122,0.183,Misc,Unknown,Unknown,2026-06-11,Diversified,0,1,0
THOMASCOTT,3736545792.0,MICRO CAP,254.6999969482422,19.064371,2.965283,0.15872,33.824,0.13319,0.07566,0.635,-0.367,Misc,Consumer Cyclical,Textile Manufacturing,2026-06-11,Textile Manufacturing,0,0,0
HARRMALAYA,3726884352.0,MICRO CAP,201.94000244140625,12.789107,2.081255,0.17509001,62.145,0.04558,0.05404,0.076,0.765,Misc,Consumer Defensive,Farm Products,2026-06-11,Farm Products,0,0,0
SYSTANGO,3717073920.0,MICRO CAP,253.4,11.655933,2.7447114,0.1040750025,29.1,0.09375,0.0621700015,0.122,0.183,Misc,Unknown,Unknown,2026-06-11,Diversified,0,1,0
JKIPL,3685440000.0,MICRO CAP,96.01000213623047,30.479364,2.7886374,0.086219996,49.72,0.0887,0.033800002,1.46,3.016,Misc,Industrials,Farm & Heavy Construction Machinery,2026-06-11,Farm & Heavy Construction Machinery,0,1,0
MARKOLINES,3681935872.0,MICRO CAP,167.0500030517578,14.049622,2.1992707,0.1383,42.552,0.16223,0.07527,-0.135,-0.046,Misc,Industrials,Infrastructure Operations,2026-06-11,Infrastructure Operations,0,0,0
SHIVALIK,3679658496.0,MICRO CAP,233.0,30.181349,0.61323696,0.03165,18.969,0.08041,0.032980002,0.531,0.093,Chemicals,Basic Materials,Agricultural Inputs,2026-06-11,Agrochemicals,0,0,0
GINNIFILA,3679526656.0,MICRO CAP,42.959999084472656,8.839506,1.5476061,0.18837999,17.413,0.12359,0.10045,-0.129,0.5,Misc,Consumer Cyclical,Textile Manufacturing,2026-06-11,Textile Manufacturing,0,0,0
TIGERLOGS,3658084864.0,MICRO CAP,34.599998474121094,16.878048,0.6937621,0.20673001,34.408,0.04877,0.031630002,-0.1,-0.282,Misc,Industrials,Integrated Freight & Logistics,2026-06-11,Integrated Freight & Logistics,0,0,0
DBEIL,3656597504.0,MICRO CAP,78.5,9.224442,0.82229954,0.09224,39.766,0.105979994,0.07082,0.053,0.292,Industrials,Industrials,Engineering & Construction,2026-06-11,Engineering & EPC,0,0,0
SKP,3651170048.0,MICRO CAP,219.95,415.00003,7.1806335,0.1040750025,29.1,0.09375,0.0621700015,0.122,0.183,Misc,Unknown,Unknown,2026-06-11,Diversified,0,1,0
VALIANTLAB,3638937600.0,MICRO CAP,67.0,26.132245,1.1844571,-0.01199,14.865,0.020510001,-0.0137600005,0.592,1.042,Misc,Healthcare,Drug Manufacturers - Specialty & Generic,2026-06-11,Drug Manufacturers - Specialty & Generic,0,1,0
KAYA,3626041600.0,MICRO CAP,238.75,26.132245,-3.6765835,0.1040750025,29.1,-0.22469,-0.43229,0.02,0.183,Consumer,Consumer Defensive,Household & Personal Products,2026-06-11,FMCG – Personal Care,0,0,0
NDL,3618094080.0,MICRO CAP,2.509999990463257,10.913043,0.55567855,0.05217,18.05,0.00396,0.01154,-0.485,0.032,Misc,Consumer Cyclical,Textile Manufacturing,2026-06-11,Textile Manufacturing,0,0,0
DJML,3602500608.0,MICRO CAP,109.23999786376953,34.460567,4.180795,0.13528,42.847,0.16533001,0.07908,0.907,1.203,Misc,Industrials,Specialty Business Services,2026-06-11,Specialty Business Services,0,1,0
ORIENTPPR,3596544512.0,MICRO CAP,16.950000762939453,26.132245,0.24294111,-0.01918,19.89,-0.05249,-0.0318,0.056,0.183,Misc,Basic Materials,Paper & Paper Products,2026-06-11,Paper & Paper Products,0,0,0
DREAMFOLKS,3585061888.0,MICRO CAP,67.30000305175781,31.157408,1.1410261,0.03748,3.865,-0.43561,0.0175,-0.831,0.183,Misc,Industrials,Airports & Air Services,2026-06-11,Airports & Air Services,0,0,0
KAVDEFENCE,3577994496.0,MICRO CAP,59.5099983215332,283.38095,1.8856146,0.012510001,3.943,-1.96239,0.14745,-0.831,-0.911,Misc,Technology,Communication Equipment,2026-06-11,Communication Equipment,0,0,0
AVPINFRA,3575772416.0,MICRO CAP,143.15,8.212851,2.0057726,0.1040750025,29.1,0.09375,0.0621700015,0.122,0.183,Misc,Unknown,Unknown,2026-06-11,Diversified,0,1,0
PAKKA,3567980032.0,MICRO CAP,79.37999725341797,59.238804,0.7906689,0.1040750025,66.419,0.13428001,0.018960001,-0.089,-0.35,Misc,Basic Materials,Paper & Paper Products,2026-06-11,Paper & Paper Products,0,0,0
MOLDTECH,3564633344.0,MICRO CAP,123.75,35.15625,2.7574143,0.08211,4.004,-0.00763,0.055549998,0.857,0.183,Industrials,Industrials,Engineering & Construction,2026-06-11,Engineering & EPC,0,1,0
IGCL,3563936512.0,MICRO CAP,56.369998931884766,8.388393,0.61957306,0.10897,39.864,0.12235,0.056209996,0.195,-0.086,Chemicals,Basic Materials,Agricultural Inputs,2026-06-11,Agrochemicals,0,0,0
VGL,3563723776.0,MICRO CAP,69.16000366210938,28.344263,2.31374,0.22082001,3.735,-0.31878,0.19824,1.968,0.183,Misc,Consumer Cyclical,Textile Manufacturing,2026-06-11,Textile Manufacturing,0,1,0
MEGASTAR,3559209472.0,MICRO CAP,315.1499938964844,38.24636,3.4669967,0.0946,127.734,0.05172,0.01745,0.203,0.719,Misc,Consumer Defensive,Packaged Foods,2026-06-11,Packaged Foods,0,1,0
TRANSWORLD,3554704896.0,MICRO CAP,161.88999938964844,26.132245,0.52774674,0.1040750025,44.768,-0.1718,0.106429994,0.197,0.183,Misc,Industrials,Marine Shipping,2026-06-11,Marine Shipping,0,1,0
3IINFOLTD,3546604288.0,MICRO CAP,17.100000381469727,9.395604,0.9592192,0.10256,16.298,-0.08226,0.05114,-0.06,0.183,Technology,Technology,Information Technology Services,2026-06-11,IT Services,0,0,0
BATLIBOI,3530776832.0,MICRO CAP,74.7699966430664,55.38518,1.629047,0.02866,37.078,0.040760003,0.01289,-0.345,-0.24,Misc,Industrials,Specialty Industrial Machinery,2026-06-11,Specialty Industrial Machinery,0,0,0
VARDHACRLC,3507073792.0,MICRO CAP,43.63999938964844,12.873156,1.5245415,0.110640004,29.1,0.11198,0.08554,0.158,7.11,Misc,Consumer Cyclical,Textile Manufacturing,2026-06-11,Textile Manufacturing,0,1,0
GOACARBON,3496616960.0,MICRO CAP,382.1000061035156,26.132245,2.0735202,-0.24976,99.272,0.043109998,-0.06926,0.521,0.183,Chemicals,Basic Materials,Specialty Chemicals,2026-06-11,Specialty Chemicals,0,1,0
MEDICO,3491136768.0,MICRO CAP,42.06999969482422,26.626581,4.5978146,0.19015,25.444,0.111770004,0.06355,0.375,0.365,Misc,Healthcare,Drug Manufacturers - Specialty & Generic,2026-06-11,Drug Manufacturers - Specialty & Generic,0,1,0
INFINIUM,3474256640.0,MICRO CAP,222.95,28.546734,3.0294178,0.1040750025,29.1,0.09375,0.0621700015,0.122,0.183,Misc,Unknown,Unknown,2026-06-11,Diversified,0,1,0
K2INFRA,3470058240.0,MICRO CAP,275.0,26.11586,3.871658,0.1040750025,29.1,0.09375,0.0621700015,0.122,0.183,Misc,Unknown,Unknown,2026-06-11,Diversified,0,1,0
APCL,3465928448.0,MICRO CAP,117.98999786376953,26.132245,0.94850314,-0.079629995,62.349,0.0416,-0.06322,-0.107,0.183,Misc,Basic Materials,Building Materials,2026-06-11,Building Materials,0,0,0
BEDMUTHA,3460301568.0,MICRO CAP,107.25,53.358208,2.2776504,0.043759998,136.977,0.06777,0.0044299997,0.546,6.129,Misc,Basic Materials,Steel,2026-06-11,Steel,0,1,0
PURVFLEXI,3444318720.0,MICRO CAP,164.15,33.094757,2.3986964,0.1040750025,29.1,0.09375,0.0621700015,0.122,0.183,Misc,Unknown,Unknown,2026-06-11,Diversified,0,1,0
PPAP,3406589952.0,MICRO CAP,240.25999450683594,7.8799605,1.2826111,0.13734001,60.801,0.04282,0.07617,0.186,16.134920000000058,Automobiles,Consumer Cyclical,Auto Parts,2026-06-11,Auto Components,0,1,0
HILINFRA,3399558144.0,MICRO CAP,47.400001525878906,9.875,1.6859928,0.1040750025,27.666,0.05861,0.07224,-0.092,0.185,Misc,Industrials,Infrastructure Operations,2026-06-11,Infrastructure Operations,0,0,0
MANOMAY,3374752512.0,MICRO CAP,186.97999572753906,17.185661,1.9730705,0.12309,203.436,0.0714,0.02764,0.139,0.505,Misc,Consumer Cyclical,Textile Manufacturing,2026-06-11,Textile Manufacturing,0,1,0
VARDMNPOLY,3366642432.0,MICRO CAP,6.96999979019165,41.0,-1.4578539,0.1040750025,29.1,0.02185,0.031240001,-0.183,0.0,Misc,Consumer Cyclical,Textile Manufacturing,2026-06-11,Textile Manufacturing,0,0,0
TUNWAL,3362305536.0,MICRO CAP,60.8,27.264574,2.8626583,0.1040750025,29.1,0.09375,0.0621700015,0.122,0.183,Misc,Unknown,Unknown,2026-06-11,Diversified,0,1,0
APOLSINHOT,3359716864.0,MICRO CAP,1292.0,32.011894,2.1381562,0.06931,57.786,0.02459,0.01663,0.301,0.255,Misc,Industrials,Specialty Business Services,2026-06-11,Specialty Business Services,0,1,0
NIRMAN,3330022912.0,MICRO CAP,415.75,11.721172,2.6734617,0.1040750025,29.1,0.09375,0.0621700015,0.122,0.183,Misc,Unknown,Unknown,2026-06-11,Diversified,0,1,0
TRACXN,3311651840.0,MICRO CAP,30.979999542236328,26.132245,6.4689913,-0.13334,29.1,-0.20231001,-0.09396,-0.031,0.183,Technology,Technology,Software - Application,2026-06-11,SaaS,0,0,0
KESORAMIND,3305461248.0,MICRO CAP,10.640000343322754,26.132245,0.8929921,-0.21451999,59.044,-0.26992,-0.35591,-0.01,-0.95092,Misc,Basic Materials,Building Materials,2026-06-11,Building Materials,0,0,0
SHEMAROO,3305421056.0,MICRO CAP,115.05000305175781,26.132245,1.1649688,-0.4629408,113.341,-0.63537997,-0.37494,-0.317,0.183,Misc,Communication Services,Entertainment,2026-06-11,Entertainment,0,0,0
AUTOIND,3305144064.0,MICRO CAP,72.83999633789062,8.797101,1.6771816,0.21987,164.641,0.07732,0.046719998,0.484,3.653,Automobiles,Consumer Cyclical,Auto Parts,2026-06-11,Auto Components,0,1,0
TREJHARA,3279878656.0,MICRO CAP,136.0,36.95652,1.3248388,0.0325,7.64,0.00904,0.059959996,-0.568,0.257,Technology,Technology,Software - Application,2026-06-11,SaaS,0,0,0
DCMSRIND,3274385664.0,MICRO CAP,37.63999938964844,7.8744764,0.8970876,0.06585,116.591,0.10434,0.03587,-0.42,-0.327,Misc,Consumer Defensive,Confectioners,2026-06-11,Confectioners,0,0,0
ATLANTAA,3270595072.0,MICRO CAP,40.130001068115234,26.132245,1.5397307,-0.00802,148.258,0.8849212000000001,-0.023139998,-0.189,-0.002,Misc,Industrials,Infrastructure Operations,2026-06-11,Infrastructure Operations,0,0,0
HPAL,3240421888.0,MICRO CAP,35.27000045776367,46.407894,1.714383,0.03751,2.255,-0.076680005,0.027590001,-0.13,0.183,Chemicals,Basic Materials,Specialty Chemicals,2026-06-11,Specialty Chemicals,0,0,0
RUCHIRA,3238180864.0,MICRO CAP,108.5,7.336038,0.6548927,0.09184,37.048,0.08006,0.06804,0.122,-0.483,Misc,Basic Materials,Paper & Paper Products,2026-06-11,Paper & Paper Products,0,0,0
DEVX,3228712960.0,MICRO CAP,35.79999923706055,32.25225,2.0912437,0.07354,199.506,0.30189,0.03897,0.191,6.319,Misc,Real Estate,Real Estate Services,2026-06-11,Real Estate Services,0,1,0
VPRPL,3222384640.0,MICRO CAP,25.75,26.132245,0.21237639,-0.21304001,103.111,-1.28908,-0.17636,-0.749,0.183,Industrials,Industrials,Engineering & Construction,2026-06-11,Engineering & EPC,0,0,0
SPENCERS,3204427264.0,MICRO CAP,35.599998474121094,26.132245,-0.40791535,0.1040750025,29.1,-0.06911,-0.13852,0.059,0.183,Misc,Consumer Cyclical,Department Stores,2026-06-11,Department Stores,0,0,0
URBAN,3197704960.0,MICRO CAP,369.25,21.48051,7.8019357,0.1040750025,29.1,0.09375,0.0621700015,0.122,0.183,Misc,Unknown,Unknown,2026-06-11,Diversified,0,1,0
MUTHOOTCAP,3197235968.0,MICRO CAP,194.38999938964844,28.970194,0.48636532,0.1040750025,482.095,0.13509,0.050630003,-0.005,-0.163,Financials,Financial Services,Credit Services,2026-06-11,NBFC – Lending,0,0,0
NATHBIOGEN,3195017984.0,MICRO CAP,167.88999938964844,8.002383,0.55162555,0.06285,20.354,0.06687,0.09353,-0.01,0.183,Chemicals,Basic Materials,Agricultural Inputs,2026-06-11,Agrochemicals,0,0,0
TICL,3189900032.0,MICRO CAP,20.579999923706055,41.16,1.0506968,0.02488,113.682,0.06664,0.1116,-0.547,-0.95092,Industrials,Industrials,Engineering & Construction,2026-06-11,Engineering & EPC,0,0,0
CPEDU,3165571584.0,MICRO CAP,174.0,13.798573,2.2361767,0.1040750025,29.1,0.0,0.0,0.122,0.183,Misc,Consumer Defensive,Education & Training Services,2026-06-11,Education & Training Services,0,1,0
ANLON,3165232384.0,MICRO CAP,506.0,34.120026,4.3551984,0.1040750025,29.1,0.09375,0.0621700015,0.122,0.183,Misc,Unknown,Unknown,2026-06-11,Diversified,0,1,0
IITL,3156656896.0,MICRO CAP,140.0,26.132245,0.7329344,-0.028199999,0.526,0.78283,0.0,0.122,0.183,Financials,Financial Services,Credit Services,2026-06-11,NBFC – Lending,0,1,0
MEDICAMEQ,3128263168.0,MICRO CAP,230.64999389648438,31.901796,1.4316572,0.0401,17.341,0.08725,0.047989998,0.802,0.447,Misc,Healthcare,Drug Manufacturers - Specialty & Generic,2026-06-11,Drug Manufacturers - Specialty & Generic,0,1,0
GOYALSALT,3125383680.0,MICRO CAP,174.6,27.539433,4.6721973,0.1040750025,29.1,0.09375,0.0621700015,0.122,0.183,Misc,Unknown,Unknown,2026-06-11,Diversified,0,1,0
SOMATEX,3115431936.0,MICRO CAP,91.69999694824219,30.77181,1.8033075,0.06034,0.173,0.07182,0.112220004,4.985060000000001,16.134920000000058,Misc,Consumer Cyclical,Textile Manufacturing,2026-06-11,Textile Manufacturing,0,1,0
RHL,3112505344.0,MICRO CAP,180.0,12.596221,0.41986033,0.033859998,20.435,0.24584,0.16660999,0.017,-0.247,Misc,Consumer Cyclical,Lodging,2026-06-11,Lodging,0,0,0
MODIRUBBER,3109282816.0,MICRO CAP,124.16999816894531,459.88885,0.45000708,0.00093999994,3.356,-0.84449995,0.01868,0.709,0.183,Misc,Real Estate,Real Estate Services,2026-06-11,Real Estate Services,0,1,0
SADHAV,3103036160.0,MICRO CAP,216.2,23.680174,4.57915,0.1040750025,29.1,0.09375,0.0621700015,0.122,0.183,Misc,Unknown,Unknown,2026-06-11,Diversified,0,1,0
CANARYS,3094309632.0,MICRO CAP,54.1,38.920864,3.1266255,0.1040750025,29.1,0.09375,0.0621700015,0.122,0.183,Misc,Unknown,Unknown,2026-06-11,Diversified,0,1,0
PROPEQUITY,3070732544.0,MICRO CAP,292.95,22.05949,2.91687,0.1040750025,29.1,0.09375,0.0621700015,0.122,0.183,Misc,Unknown,Unknown,2026-06-11,Diversified,0,1,0
GENUSPAPER,3067512576.0,MICRO CAP,11.930000305175781,32.243244,0.6090153,0.1040750025,84.844,0.053979997,0.00976,0.115,4.5,Misc,Basic Materials,Paper & Paper Products,2026-06-11,Paper & Paper Products,0,1,0
AARTISURF,3065174784.0,MICRO CAP,362.1000061035156,24.869505,1.2500734,0.05169,42.536,0.034140002,0.014359999,0.268,-0.57,Chemicals,Basic Materials,Specialty Chemicals,2026-06-11,Specialty Chemicals,0,0,0
NILAINFRA,3064458240.0,MICRO CAP,7.78000020980835,13.186441,1.6194838,0.13249,12.646,0.09951,0.07217,-0.285,0.075,Misc,Real Estate,Real Estate - Development,2026-06-11,Real Estate - Development,0,0,0
BELLACASA,3052349952.0,MICRO CAP,228.0,15.230461,1.7798178,0.12714,47.054,0.059310004,0.04834,0.271,0.067,Misc,Consumer Cyclical,Textile Manufacturing,2026-06-11,Textile Manufacturing,0,0,0
ASHIMASYN,3047395072.0,MICRO CAP,15.899999618530273,26.132245,1.106934,-0.01623,59.301,-0.08309,-1.1392655999999999,4.985060000000001,0.183,Misc,Real Estate,Real Estate - Development,2026-06-11,Real Estate - Development,0,1,0
MAHEPC,3038246656.0,MICRO CAP,108.69999694824219,23.733624,1.6413741,0.07096,24.485,0.05888,0.04066,0.116,-0.237,Misc,Industrials,Farm & Heavy Construction Machinery,2026-06-11,Farm & Heavy Construction Machinery,0,0,0
LEMERITE,3035323904.0,MICRO CAP,24.25,26.358696,2.297707,0.1040750025,65.949,0.022950001,0.034089997,-0.231,7.0,Misc,Consumer Cyclical,Textile Manufacturing,2026-06-11,Textile Manufacturing,0,0,0
DYNPRO,3030040832.0,MICRO CAP,243.8000030517578,15.208982,1.2969879,0.084910005,29.637,0.10394,0.052670002,0.108,0.492,Chemicals,Basic Materials,Specialty Chemicals,2026-06-11,Specialty Chemicals,0,1,0
CRAYONS,3029319936.0,MICRO CAP,124.0,80.519485,2.513072,0.1040750025,29.1,0.09375,0.0621700015,0.122,0.183,Misc,Unknown,Unknown,2026-06-11,Diversified,0,1,0
HALDER,3028561664.0,MICRO CAP,243.49000549316406,9.4964905,1.4354352,0.1040750025,197.405,0.08956,0.00592,1.04,0.183,Misc,Consumer Defensive,Farm Products,2026-06-11,Farm Products,0,1,0
RMC,3021652736.0,MICRO CAP,285.54998779296875,13.482058,2.3786318,0.18853001,80.622,0.11387,0.05582,0.34,-0.133,Misc,Industrials,Electrical Equipment & Parts,2026-06-11,Electrical Equipment & Parts,0,0,0
ASAHISONG,3017185536.0,MICRO CAP,255.97000122070312,16.068424,1.1120282,0.06127,48.076,0.10326,0.03505,-0.057,0.424,Chemicals,Basic Materials,Specialty Chemicals,2026-06-11,Specialty Chemicals,0,0,0
COASTCORP,3002589440.0,MICRO CAP,44.83000183105469,11.26382,1.0568378,0.09761,169.519,0.037219997,0.02678,1.067,0.183,Misc,Consumer Defensive,Packaged Foods,2026-06-11,Packaged Foods,0,1,0
PRLIND,2988134912.0,MICRO CAP,130.7,16.256218,2.955676,0.1040750025,29.1,0.09375,0.0621700015,0.122,0.183,Misc,Unknown,Unknown,2026-06-11,Diversified,0,1,0
CLEDUCATE,2975811072.0,MICRO CAP,54.880001068115234,26.132245,1.955809,-0.08287,108.961,-0.08018,-0.04716,0.24,0.183,Misc,Consumer Defensive,Education & Training Services,2026-06-11,Education & Training Services,0,1,0
RPPINFRA,2963254528.0,MICRO CAP,59.7599983215332,39.84,0.5334571,0.013990001,19.714,-0.06716,0.0049799997,0.299,0.183,Industrials,Industrials,Engineering & Construction,2026-06-11,Engineering & EPC,0,1,0
DCMNVL,2953885696.0,MICRO CAP,158.14999389648438,81.943,0.89870715,0.00493,98.359,0.04091,0.0035100002,-0.065,-0.165,Misc,Consumer Cyclical,Textile Manufacturing,2026-06-11,Textile Manufacturing,0,0,0
OILCOUNTUB,2953005056.0,MICRO CAP,56.79999923706055,26.132245,1.497456,-0.28674,12.601,-0.51817,-0.87714,-0.13,0.183,Misc,Energy,Oil & Gas Equipment & Services,2026-06-11,Oil & Gas Equipment & Services,0,0,0
BAHETI,2944662528.0,MICRO CAP,284.0,16.340622,3.149292,0.1040750025,29.1,0.09375,0.0621700015,0.122,0.183,Misc,Unknown,Unknown,2026-06-11,Diversified,0,1,0
ROXHITECH,2941321984.0,MICRO CAP,128.8,16.491678,2.9248798,0.1040750025,29.1,0.09375,0.0621700015,0.122,0.183,Misc,Unknown,Unknown,2026-06-11,Diversified,0,1,0
REMSONSIND,2928186624.0,MICRO CAP,83.5,16.119692,1.9543134,0.14031,62.789,0.039809998,0.03809,0.228,0.145,Automobiles,Consumer Cyclical,Auto Parts,2026-06-11,Auto Components,0,1,0
AXITA,2927452672.0,MICRO CAP,7.650000095367432,153.0,4.231195,0.1040750025,34.066,0.05291,0.00494,-0.608,0.183,Misc,Consumer Cyclical,Textile Manufacturing,2026-06-11,Textile Manufacturing,0,0,0
RNBDENIMS,2921565440.0,MICRO CAP,10.229999542236328,11.119564,0.4395085,0.10946,29.348,-0.00105,0.053150002,0.379,0.873,Misc,Consumer Cyclical,Textile Manufacturing,2026-06-11,Textile Manufacturing,0,1,0
SAKUMA,2915956736.0,MICRO CAP,1.8600000143051147,31.0,0.70884144,0.01307,1.175,0.009980001,0.00557,-0.023,0.708,Misc,Consumer Defensive,Farm Products,2026-06-11,Farm Products,0,0,0
SAHYADRI,2913905152.0,MICRO CAP,266.20001220703125,10.049076,0.74502593,0.07394,4.085,0.0638,0.042729996,0.285,1.466,Misc,Industrials,Building Products & Equipment,2026-06-11,Building Products & Equipment,0,1,0
EXXARO,2908169472.0,MICRO CAP,6.5,108.333336,1.0964912,0.01018,33.349,0.03283,0.00929,0.052,-0.948,Misc,Industrials,Building Products & Equipment,2026-06-11,Building Products & Equipment,0,0,0
RVHL,2894575104.0,MICRO CAP,47.20000076293945,5.9222083,0.99723226,0.18416001,0.345,-5.3092397380000005,0.65046996,-0.831,0.183,Misc,Real Estate,Real Estate - Development,2026-06-11,Real Estate - Development,1,0,0
FCSSOFT,2872049152.0,MICRO CAP,1.6799999475479126,84.0,0.68993837,0.00598,29.1,0.19523,0.04499,2.04,0.183,Technology,Technology,Information Technology Services,2026-06-11,IT Services,0,1,0
AVONMORE,2850065920.0,MICRO CAP,10.100000381469727,36.07143,0.6908817,0.0438,4.926,-0.20413,0.11454,0.719,0.183,Misc,Financial Services,Capital Markets,2026-06-11,Capital Markets,0,1,0
UNIVASTU,2843674368.0,MICRO CAP,79.0199966430664,26.969282,3.2572134,0.25991,30.028,0.12519,0.09578,1.116,1.619,Industrials,Industrials,Engineering & Construction,2026-06-11,Engineering & EPC,0,1,0
LOTUSEYE,2818526464.0,MICRO CAP,135.52999877929688,616.6650680000004,4.3151426,0.0013400001,26.329,-0.04587,0.0015,0.182,0.183,Misc,Healthcare,Medical Care Facilities,2026-06-11,Medical Care Facilities,0,1,0
USASEEDS,2814338816.0,MICRO CAP,279.05,45.89638,3.4496613,0.1040750025,29.1,0.09375,0.0621700015,0.122,0.183,Misc,Unknown,Unknown,2026-06-11,Diversified,0,1,0
SUNDRMBRAK,2803384576.0,MICRO CAP,712.5,109.279144,2.9478815,0.02549,44.875,0.07555,0.00745,-0.067,4.632,Automobiles,Consumer Cyclical,Auto Parts,2026-06-11,Auto Components,0,0,0
UFO,2800484608.0,MICRO CAP,72.1500015258789,11.2383175,0.86433065,0.079959996,28.755,0.057979997,0.051220004,0.435,0.183,Misc,Communication Services,Entertainment,2026-06-11,Entertainment,0,1,0
SHANKARA,2776547840.0,MICRO CAP,114.5,72.46835,0.62092936,0.00895,42.93,0.0585,0.00282,0.122,0.183,Misc,Consumer Cyclical,Home Improvement Retail,2026-06-11,Home Improvement Retail,0,1,0
EFACTOR,2774676736.0,MICRO CAP,212.0,11.10529,3.0751822,0.1040750025,29.1,0.09375,0.0621700015,0.122,0.183,Misc,Unknown,Unknown,2026-06-11,Diversified,0,1,0
PONNIERODE,2755792896.0,MICRO CAP,320.5,5.737558,0.4850637,0.08731,29.1,0.16674,0.11574,-0.052,4.886,Misc,Consumer Defensive,Confectioners,2026-06-11,Confectioners,0,0,0
VETO,2740129024.0,MICRO CAP,143.35000610351562,10.909437,0.9468046,0.08818,7.386,0.08901,0.06498,0.557,0.178,Misc,Industrials,Electrical Equipment & Parts,2026-06-11,Electrical Equipment & Parts,0,1,0
ONDOOR,2707944448.0,MICRO CAP,479.4,34.81481,2.610386,0.1040750025,29.1,0.09375,0.0621700015,0.122,0.183,Misc,Unknown,Unknown,2026-06-11,Diversified,0,1,0
AVG,2704576256.0,MICRO CAP,174.32000732421875,13.087088,1.024231,0.1040750025,109.016,0.10552,0.03762,-0.059,-0.058,Misc,Industrials,Integrated Freight & Logistics,2026-06-11,Integrated Freight & Logistics,0,0,0
MASON,2696499968.0,MICRO CAP,153.45,14.234694,2.0660543,0.1040750025,29.1,0.09375,0.0621700015,0.122,0.183,Misc,Unknown,Unknown,2026-06-11,Diversified,0,1,0
KONSTELEC,2696104960.0,MICRO CAP,178.55,36.966873,2.6903837,0.1040750025,29.1,0.09375,0.0621700015,0.122,0.183,Misc,Unknown,Unknown,2026-06-11,Diversified,0,1,0
UYFINCORP,2695677184.0,MICRO CAP,14.170000076293945,5.57874,0.69246936,0.13437,0.862,0.35417,0.29638,3.549,14.332,Financials,Financial Services,Credit Services,2026-06-11,NBFC – Lending,0,1,0
VIKASLIFE,2693619456.0,MICRO CAP,1.4500000476837158,26.132245,0.3948802,0.1040750025,17.508,-0.17679001,-0.05593,-0.177,0.183,Misc,Consumer Defensive,Farm Products,2026-06-11,Farm Products,0,0,0
PODDARMENT,2684329984.0,MICRO CAP,253.0,18.188354,0.73137665,0.1040750025,1.743,0.01816,0.04192,0.152,-0.078,Chemicals,Basic Materials,Specialty Chemicals,2026-06-11,Specialty Chemicals,0,0,0
CORDSCABLE,2674628352.0,MICRO CAP,206.88999938964844,13.0283375,1.3291062,0.10746,55.403,0.05238,0.02164,0.144,0.879,Misc,Industrials,Electrical Equipment & Parts,2026-06-11,Electrical Equipment & Parts,0,1,0
CINELINE,2666956544.0,MICRO CAP,77.83000183105469,23.163692,1.7176087,0.077259995,77.936,0.09002,0.048649997,0.131,0.183,Misc,Communication Services,Entertainment,2026-06-11,Entertainment,0,1,0
DPWIRES,2664661760.0,MICRO CAP,171.89999389648438,15.15873,1.0013455,0.068330005,0.929,0.07316,0.03578,-0.062,1.331,Misc,Industrials,Metal Fabrication,2026-06-11,Metal Fabrication,0,0,0
AHLEAST,2664131840.0,MICRO CAP,154.07000732421875,26.132245,1.1678694,0.1040750025,154.746,0.34377,-0.45623,0.134,0.183,Misc,Consumer Cyclical,Lodging,2026-06-11,Lodging,0,1,0
PARAGON,2660976128.0,MICRO CAP,136.0,45.03311,2.7147334,0.1040750025,29.1,0.09375,0.0621700015,0.122,0.183,Misc,Unknown,Unknown,2026-06-11,Diversified,0,1,0
SONAMAC,2660064000.0,MICRO CAP,193.6,68.8968,3.7728498,0.1040750025,29.1,0.09375,0.0621700015,0.122,0.183,Misc,Unknown,Unknown,2026-06-11,Diversified,0,1,0
OMFREIGHT,2655982080.0,MICRO CAP,78.87000274658203,16.095919,1.2797546,0.0842,24.333,0.029690001,0.03363,0.212,-0.455,Misc,Industrials,Integrated Freight & Logistics,2026-06-11,Integrated Freight & Logistics,0,0,0
STARTECK,2648535808.0,MICRO CAP,267.25,11.210151,1.0069288,0.094960004,133.476,0.8839,0.75819,0.309,2.719,Financials,Financial Services,Credit Services,2026-06-11,NBFC – Lending,0,1,0
INFOLLION,2627879424.0,MICRO CAP,271.0,20.671244,3.9077146,0.1040750025,29.1,0.09375,0.0621700015,0.122,0.183,Misc,Unknown,Unknown,2026-06-11,Diversified,0,1,0
A2ZINFRA,2623780352.0,MICRO CAP,14.779999732971191,105.57143,5.4883027,0.1040750025,353.886,-0.01511,0.00619,0.289,0.183,Industrials,Industrials,Engineering & Construction,2026-06-11,Engineering & EPC,0,1,0
KCPSUGIND,2617070592.0,MICRO CAP,22.899999618530273,23.367346,0.51316524,0.02447,27.792,-0.10419,0.04282,0.044,0.183,Misc,Consumer Defensive,Confectioners,2026-06-11,Confectioners,0,0,0
IVC,2603331328.0,MICRO CAP,8.289999961853027,13.590163,1.2691365,0.021879999,29.1,0.37046,0.05896,2.204,-0.821,Financials,Financial Services,Financial Conglomerates,2026-06-11,NBFC – Investment,0,0,0
MANAKALUCO,2595148288.0,MICRO CAP,39.599998474121094,34.43478,1.8760659,0.1040750025,193.509,0.06576,0.01159,0.021,0.0,Misc,Basic Materials,Aluminum,2026-06-11,Aluminum,0,0,0
PARIN,2573261056.0,MICRO CAP,231.45,41.404293,3.41548,0.1040750025,29.1,0.09375,0.0621700015,0.122,0.183,Misc,Unknown,Unknown,2026-06-11,Diversified,0,1,0
RCOM,2570922240.0,MICRO CAP,0.9300000071525574,26.132245,-0.002487316,0.1040750025,29.1,-1.60494,0.0,-0.058,0.183,Telecom,Communication Services,Telecom Services,2026-06-11,Telecom Services,0,0,0
NIPPOBATRY,2553750016.0,MICRO CAP,340.5,26.132245,0.8441779,0.1040750025,36.972,0.1069,-0.0121,0.073,-0.26,Misc,Industrials,Electrical Equipment & Parts,2026-06-11,Electrical Equipment & Parts,0,0,0
LLOYDS,2553412096.0,MICRO CAP,107.0,26.132245,0.7565259,0.1040750025,29.1,0.09375,0.0621700015,0.122,0.183,Misc,Unknown,Unknown,2026-06-11,Diversified,0,1,0
SRD,2542040064.0,MICRO CAP,39.7400016784668,18.834126,2.3190944,0.1161,20.663,0.04832,0.02902,0.305,0.928,Chemicals,Basic Materials,Specialty Chemicals,2026-06-11,Specialty Chemicals,0,1,0
SPECTSTM,2535621888.0,MICRO CAP,109.8,22.048193,1.5529312,0.1040750025,29.1,0.09375,0.0621700015,0.122,0.183,Misc,Unknown,Unknown,2026-06-11,Diversified,0,1,0
DCG,2534591488.0,MICRO CAP,139.65,31.311657,2.8887327,0.1040750025,29.1,0.09375,0.0621700015,0.122,0.183,Misc,Unknown,Unknown,2026-06-11,Diversified,0,1,0
ZEAL,2522197760.0,MICRO CAP,189.5,25.233023,2.9418156,0.1040750025,29.1,0.09375,0.0621700015,0.122,0.183,Misc,Unknown,Unknown,2026-06-11,Diversified,0,1,0
DPEL,2519098368.0,MICRO CAP,106.0,19.850187,2.0477552,0.1040750025,29.1,0.09375,0.0621700015,0.122,0.183,Misc,Unknown,Unknown,2026-06-11,Diversified,0,1,0
LYKALABS,2505794816.0,MICRO CAP,70.20999908447266,26.132245,2.7138493,0.1040750025,29.1,-0.0068,-0.0050199996,0.122,0.183,Healthcare,Healthcare,Biotechnology,2026-06-11,Biotechnology,0,1,0
BPL,2503150592.0,MICRO CAP,51.11000061035156,26.132245,0.88505226,-0.037920002,77.522,-0.00883,-0.19145,-0.007,-0.375,Misc,Technology,Consumer Electronics,2026-06-11,Consumer Electronics,0,0,0
ELGIRUBCO,2502500096.0,MICRO CAP,50.0,26.132245,1.5021782,-0.4629408,413.219,-0.40183,-0.61294997,-0.021,0.183,Automobiles,Consumer Cyclical,Auto Parts,2026-06-11,Auto Components,0,0,0
NOVAAGRI,2497149696.0,MICRO CAP,27.739999771118164,19.398602,1.1179173,0.056760002,21.663,0.03502,0.04908,-0.313,-0.95092,Chemicals,Basic Materials,Agricultural Inputs,2026-06-11,Agrochemicals,0,0,0
GICL,2489870080.0,MICRO CAP,22.239999771118164,74.13333,3.676033,0.124139994,46.429,0.0444,0.05632,0.136,0.603,Misc,Industrials,Integrated Freight & Logistics,2026-06-11,Integrated Freight & Logistics,0,1,0
KMSUGAR,2481244416.0,MICRO CAP,26.969999313354492,4.6419964,0.6359199,0.14626001,63.729,0.12831001,0.081140004,-0.308,-0.164,Misc,Consumer Defensive,Confectioners,2026-06-11,Confectioners,0,0,0
NDGL,2475000064.0,MICRO CAP,2475.0,26.132245,2.2361767,0.1040750025,29.1,0.0,0.0,0.122,0.183,Misc,Financial Services,Capital Markets,2026-06-11,Capital Markets,0,1,0
SURANAT&P,2466758656.0,MICRO CAP,18.170000076293945,11.427672,2.0315294,0.11896,34.438,-0.24995,0.40803,4.007,-0.178,Misc,Utilities,Utilities - Independent Power Producers,2026-06-11,Utilities - Independent Power Producers,0,0,0
SHREEOSFM,2464544000.0,MICRO CAP,160.0,23.59882,3.024289,0.1040750025,29.1,0.09375,0.0621700015,0.122,0.183,Misc,Unknown,Unknown,2026-06-11,Diversified,0,1,0
DIAMINESQ,2455943168.0,MICRO CAP,244.2899932861328,26.132245,1.5612078,-0.08021,5.197,-0.43846,-0.33221,-0.482,0.183,Misc,Basic Materials,Chemicals,2026-06-11,Chemicals,0,0,0
DELAPLEX,2451501056.0,MICRO CAP,269.1,18.7919,2.6939635,0.1040750025,29.1,0.09375,0.0621700015,0.122,0.183,Misc,Unknown,Unknown,2026-06-11,Diversified,0,1,0
SETCO,2448813568.0,MICRO CAP,18.260000228881836,26.132245,-0.31348178,0.1040750025,29.1,0.11428001,-0.1783,0.108,0.183,Automobiles,Consumer Cyclical,Auto Parts,2026-06-11,Auto Components,0,1,0
TRF,2439568128.0,MICRO CAP,221.69000244140625,26.132245,2.9145575,-0.05327,153.664,-0.34904,-0.05257,-0.285,0.183,Misc,Industrials,Specialty Industrial Machinery,2026-06-11,Specialty Industrial Machinery,0,0,0
YASHOPTICS,2436935168.0,MICRO CAP,98.4,28.60465,2.4545386,0.1040750025,29.1,0.09375,0.0621700015,0.122,0.183,Misc,Unknown,Unknown,2026-06-11,Diversified,0,1,0
PKTEA,2430265088.0,MICRO CAP,785.0,26.132245,1.1137722,-0.02017,10.135,-0.63932,-0.09409001,0.311,0.183,Misc,Consumer Defensive,Farm Products,2026-06-11,Farm Products,0,1,0
SSFL,2386427904.0,MICRO CAP,278.45,20.4442,3.6014073,0.1040750025,29.1,0.09375,0.0621700015,0.122,0.183,Misc,Unknown,Unknown,2026-06-11,Diversified,0,1,0
PRITIKAUTO,2372805632.0,MICRO CAP,14.25,11.309524,0.95,0.08741,70.81,0.08324,0.04361,0.362,0.386,Misc,Industrials,Specialty Industrial Machinery,2026-06-11,Specialty Industrial Machinery,0,1,0
JAYSREETEA,2369398016.0,MICRO CAP,82.05000305175781,26.132245,0.5981018,-0.061479997,109.179,-0.18004,-0.02694,0.094,0.183,Misc,Consumer Defensive,Farm Products,2026-06-11,Farm Products,0,0,0
AARON,2366951936.0,MICRO CAP,113.0,33.832336,4.776599,0.14835,57.079,0.15099,0.07388,0.133,-0.144,Misc,Industrials,Specialty Industrial Machinery,2026-06-11,Specialty Industrial Machinery,0,0,0
MARALOVER,2359729664.0,MICRO CAP,56.849998474121094,71.96202,2.1288147,0.0297,337.576,0.04008,0.00333,-0.06,0.183,Misc,Consumer Cyclical,Textile Manufacturing,2026-06-11,Textile Manufacturing,0,0,0
SYLVANPLY,2341448192.0,MICRO CAP,120.85,32.574123,1.7710593,0.1040750025,29.1,0.09375,0.0621700015,0.122,0.183,Misc,Unknown,Unknown,2026-06-11,Diversified,0,1,0
BALAJEE,2341083392.0,MICRO CAP,28.700000762939453,21.25926,0.7664984,0.03599,66.475,0.09985,0.01919,-0.021,-0.335,Misc,Consumer Cyclical,Packaging & Containers,2026-06-11,Packaging & Containers,0,0,0
ALMONDZ,2336660736.0,MICRO CAP,13.359999656677246,8.196319,0.8864119,0.10742,16.822,0.01606,0.14819,0.067,-0.222,Misc,Financial Services,Capital Markets,2026-06-11,Capital Markets,0,0,0
SAHLIBHFI,2335162880.0,MICRO CAP,75.5999984741211,11.980983,1.4309238,0.11943,32.614,0.7578,0.54186,0.321,1.924,Financials,Financial Services,Credit Services,2026-06-11,NBFC – Lending,0,1,0
INTENTECH,2321621504.0,MICRO CAP,99.4000015258789,26.132245,1.8749764,-0.1175,0.125,-0.60712004,-0.1248,-0.204,0.183,Technology,Technology,Software - Infrastructure,2026-06-11,Software Products,0,0,0
GLOBECIVIL,2315902720.0,MICRO CAP,38.779998779296875,9.277512,0.9881514,0.1354,64.329,0.09302,0.05696,0.155,-0.34,Industrials,Industrials,Engineering & Construction,2026-06-11,Engineering & EPC,0,0,0
SHIGAN,2296996096.0,MICRO CAP,113.0,34.036144,2.4073286,0.1040750025,29.1,0.09375,0.0621700015,0.122,0.183,Misc,Unknown,Unknown,2026-06-11,Diversified,0,1,0
PULZ,2282207232.0,MICRO CAP,104.65,49.131454,6.4766674,0.1040750025,29.1,0.09375,0.0621700015,0.122,0.183,Misc,Unknown,Unknown,2026-06-11,Diversified,0,1,0
GEEKAYWIRE,2280626432.0,MICRO CAP,21.81999969482422,7.5763884,1.3206633,0.19027,83.99,0.10153,0.0683,-0.146,-0.078,Misc,Industrials,Electrical Equipment & Parts,2026-06-11,Electrical Equipment & Parts,0,0,0
NURECA,2279655168.0,MICRO CAP,228.0,108.05688,1.3249729,0.011089999,1.25,0.05957,0.01417,0.115,0.183,Healthcare,Healthcare,Medical Devices,2026-06-11,Medical Devices,0,1,0
ZEELEARN,2277732352.0,MICRO CAP,6.949999809265137,5.940171,1.1718091,0.17872,161.224,0.23405,0.087740004,0.114,1.698,Misc,Consumer Defensive,Education & Training Services,2026-06-11,Education & Training Services,0,1,0
SHIVAMAUTO,2275691264.0,MICRO CAP,17.139999389648438,26.132245,-3.7778265,0.1040750025,29.1,0.025339998,-0.19739,0.028,0.183,Automobiles,Consumer Cyclical,Auto Parts,2026-06-11,Auto Components,0,0,0
GLOBALVECT,2272199936.0,MICRO CAP,162.3000030517578,26.132245,-28.050468,-0.4629408,29.1,-0.30351,-0.061929997,-0.055,0.183,Misc,Industrials,Airports & Air Services,2026-06-11,Airports & Air Services,0,0,0
BCONCEPTS,2271451904.0,MICRO CAP,181.97999572753906,211.60464,2.7402914,0.01337,219.532,0.04915,0.00312,0.062,0.183,Misc,Consumer Cyclical,Footwear & Accessories,2026-06-11,Footwear & Accessories,0,0,0
PAVNAIND,2261781248.0,MICRO CAP,16.209999084472656,49.12121,1.1378632,0.02465,52.07,0.07879,0.015520001,-0.18,0.319,Automobiles,Consumer Cyclical,Auto Parts,2026-06-11,Auto Components,0,0,0
NAGAFERT,2254705152.0,MICRO CAP,3.77,26.132245,-0.2524948,0.1040750025,29.1,-0.58204,-0.02089,0.122,0.183,Chemicals,Basic Materials,Agricultural Inputs,2026-06-11,Agrochemicals,0,1,0
QUESTLAB,2253240064.0,MICRO CAP,137.5,16.606281,2.506654,0.1040750025,29.1,0.09375,0.0621700015,0.122,0.183,Misc,Unknown,Unknown,2026-06-11,Diversified,0,1,0
VIPCLOTHNG,2246027520.0,MICRO CAP,24.920000076293945,23.289719,1.1802037,0.05178,35.852,0.08636,0.03865,0.102,0.759,Misc,Consumer Cyclical,Apparel Manufacturing,2026-06-11,Apparel Manufacturing,0,1,0
VSTL,2243257088.0,MICRO CAP,118.30000305175781,25.495691,1.1368114,0.04567,97.86,0.02846,0.00765,0.162,-0.419,Misc,Basic Materials,Steel,2026-06-11,Steel,0,0,0
VIKASECO,2228569600.0,MICRO CAP,1.2599999904632568,21.0,0.43598613,0.1040750025,9.468,0.014730001,0.01994,-0.189,0.183,Chemicals,Basic Materials,Specialty Chemicals,2026-06-11,Specialty Chemicals,0,0,0
AERONEU,2222583552.0,MICRO CAP,86.16000366210938,151.1579,2.0898418,0.1040750025,27.163,0.04117,0.01714,-0.045,16.134920000000058,Misc,Consumer Cyclical,Packaging & Containers,2026-06-11,Packaging & Containers,0,0,0
RULKA,2212238848.0,MICRO CAP,519.5,95.14652,6.2081738,0.1040750025,29.1,0.09375,0.0621700015,0.122,0.183,Misc,Unknown,Unknown,2026-06-11,Diversified,0,1,0
VMSTMT,2208588800.0,MICRO CAP,44.5,9.044715,0.6907256,0.13961,101.226,0.03915,0.02503,0.12,-0.559,Misc,Basic Materials,Steel,2026-06-11,Steel,0,0,0
ALANKIT,2207227136.0,MICRO CAP,8.140000343322754,11.628572,0.68622494,0.063260004,6.351,0.011,0.078099996,-0.501,-0.493,Technology,Technology,Information Technology Services,2026-06-11,IT Services,0,0,0
NECLIFE,2202919424.0,MICRO CAP,11.34000015258789,26.132245,0.39135838,-0.07455,29.1,-5.3092397380000005,0.0,-0.831,0.183,Misc,Healthcare,Drug Manufacturers - Specialty & Generic,2026-06-11,Drug Manufacturers - Specialty & Generic,0,0,0
UCAL,2200305664.0,MICRO CAP,99.5,26.132245,0.6366329,-0.09788,56.888,0.03762,-0.03977,0.174,0.183,Automobiles,Consumer Cyclical,Auto Parts,2026-06-11,Auto Components,0,1,0
JMA,2184061696.0,MICRO CAP,95.62000274658203,7.349731,0.8503184,0.1040750025,29.1,0.05862,0.04933,0.195,0.311,Automobiles,Consumer Cyclical,Auto Parts,2026-06-11,Auto Components,0,1,0
GENCON,2175163904.0,MICRO CAP,38.16999816894531,22.321636,0.74976915,0.1040750025,23.407,0.08543,0.042600002,-0.136,-0.189,Industrials,Industrials,Engineering & Construction,2026-06-11,Engineering & EPC,0,0,0
TEAMGTY,2171845376.0,MICRO CAP,241.5,301.875,4.8058743,0.014880001,29.1,-0.3729,0.13057,0.593,0.183,Financials,Financial Services,Asset Management,2026-06-11,Asset Management Companies,0,1,0
ASMS,2168586240.0,MICRO CAP,7.119999885559082,37.473682,6.2020903,0.19015,25.615,0.065910004,0.05709,2.861,1.333,Technology,Technology,Information Technology Services,2026-06-11,IT Services,0,1,0
AAREYDRUGS,2162527232.0,MICRO CAP,76.0,54.676258,1.4323947,0.02747,40.385,0.01844,0.0084,0.753,2.516,Misc,Healthcare,Drug Manufacturers - Specialty & Generic,2026-06-11,Drug Manufacturers - Specialty & Generic,0,1,0
KALYANIFRG,2146419968.0,MICRO CAP,590.0,23.055882,2.2454464,0.100600004,110.547,0.111870006,0.03971,-0.034,1.642,Automobiles,Consumer Cyclical,Auto Parts,2026-06-11,Auto Components,0,0,0
RADIOCITY,2143199360.0,MICRO CAP,6.099999904632568,26.132245,0.47257513,-0.11309,5.308,-0.12562999,-0.3057,-0.254,0.183,Media,Communication Services,Broadcasting,2026-06-11,Broadcasting,0,0,0
GSLSU,2142824704.0,MICRO CAP,50.560001373291016,26.132245,0.70874864,-0.110769995,78.906,-0.5179,-0.13046,-0.21,0.183,Misc,Basic Materials,Building Materials,2026-06-11,Building Materials,0,0,0
SONAMLTD,2140511104.0,MICRO CAP,53.470001220703125,33.84177,3.2119904,0.1040750025,30.114,0.08349,0.04403,0.508,0.038,Misc,Consumer Cyclical,"Furnishings, Fixtures & Appliances",2026-06-11,"Furnishings, Fixtures & Appliances",0,0,0
SSDL,2138785152.0,MICRO CAP,54.0099983215332,9.138748,1.1350931,0.12566,0.32,0.0207,0.0368,-0.021,-0.536,Misc,Consumer Cyclical,Apparel Retail,2026-06-11,Apparel Retail,0,0,0
HOMESFY,2135744384.0,MICRO CAP,662.0,26.132245,5.199783,0.1040750025,29.1,0.09375,0.0621700015,0.122,0.183,Misc,Unknown,Unknown,2026-06-11,Diversified,0,1,0
RBS,2126105600.0,MICRO CAP,93.0,13.556851,1.3050799,0.1040750025,29.1,0.09375,0.0621700015,0.122,0.183,Misc,Unknown,Unknown,2026-06-11,Diversified,0,1,0
GRCL,2122773120.0,MICRO CAP,369.95,74.28715,12.677771,0.1040750025,29.1,0.09375,0.0621700015,0.122,0.183,Misc,Unknown,Unknown,2026-06-11,Diversified,0,1,0
PIGL,2121547136.0,MICRO CAP,100.22000122070312,22.07489,1.4305903,0.10777,8.082,0.10483,0.06592,0.063,0.566,Industrials,Industrials,Engineering & Construction,2026-06-11,Engineering & EPC,0,0,0
BEACON,2120820736.0,MICRO CAP,117.4,30.414509,4.1126604,0.1040750025,29.1,0.09375,0.0621700015,0.122,0.183,Misc,Unknown,Unknown,2026-06-11,Diversified,0,1,0
STARPAPER,2114658048.0,MICRO CAP,134.6199951171875,6.4165874,0.29955962,0.04715,0.608,0.02037,0.07911,-0.013,0.183,Misc,Basic Materials,Paper & Paper Products,2026-06-11,Paper & Paper Products,0,0,0
RVTH,2113123712.0,MICRO CAP,689.0,15.260243,1.503999,0.10374,48.324,0.2745,0.096829996,0.017,0.526,Misc,Industrials,Farm & Heavy Construction Machinery,2026-06-11,Farm & Heavy Construction Machinery,0,0,0
SICAGEN,2111149312.0,MICRO CAP,53.349998474121094,11.67396,0.42538092,0.03692,32.125,0.0272,0.01856,0.104,0.13,Misc,Basic Materials,Steel,2026-06-11,Steel,0,1,0
SHIVATEX,2111020672.0,MICRO CAP,153.64999389648438,19.49873,1.3908124,0.0727,50.435,-0.01148,0.02999,-0.095,-0.95,Misc,Consumer Cyclical,Textile Manufacturing,2026-06-11,Textile Manufacturing,0,0,0
MAXPOSURE,2106948992.0,MICRO CAP,92.65,24.772728,2.6621268,0.1040750025,29.1,0.09375,0.0621700015,0.122,0.183,Misc,Unknown,Unknown,2026-06-11,Diversified,0,1,0
QMSMEDI,2100734080.0,MICRO CAP,116.35,18.151327,2.0159404,0.1040750025,29.1,0.09375,0.0621700015,0.122,0.183,Misc,Unknown,Unknown,2026-06-11,Diversified,0,1,0
CCHHL,2100521856.0,MICRO CAP,12.850000381469727,26.132245,0.5437772,-0.05742,7.896,0.16247,-0.15172,0.513,0.183,Misc,Consumer Cyclical,Lodging,2026-06-11,Lodging,0,1,0
DELPHIFX,2099492224.0,MICRO CAP,8.5600004196167,53.500004,0.7115545,0.01635,134.635,0.02355,0.0030500002,0.046,0.183,Misc,Financial Services,Capital Markets,2026-06-11,Capital Markets,0,0,0
AARVI,2095714048.0,MICRO CAP,141.5,12.011885,1.4730531,0.1318,18.792,0.03672,0.02711,0.192,0.557,Misc,Industrials,Staffing & Employment Services,2026-06-11,Staffing & Employment Services,0,1,0
SAKHTISUG,2094704512.0,MICRO CAP,17.600000381469727,7.426161,1.1916046,0.1040750025,315.597,0.19983,-0.43633,-0.062,0.169,Misc,Consumer Defensive,Confectioners,2026-06-11,Confectioners,0,0,0
MADHUSUDAN,2090445056.0,MICRO CAP,162.05,14.826166,1.9137203,0.1040750025,29.1,0.09375,0.0621700015,0.122,0.183,Misc,Unknown,Unknown,2026-06-11,Diversified,0,1,0
KOTARISUG,2088792320.0,MICRO CAP,25.200000762939453,31.5,0.67341864,0.1040750025,23.787,-0.15675999,0.07606,0.164,0.183,Misc,Consumer Defensive,Confectioners,2026-06-11,Confectioners,0,1,0
AFFORDABLE,2085794432.0,MICRO CAP,176.0,28.432957,1.795497,0.06605,67.073,0.14307,0.05924,-0.397,1.083,Misc,Industrials,Specialty Industrial Machinery,2026-06-11,Specialty Industrial Machinery,0,0,0
PRITIKA,2085473792.0,MICRO CAP,79.1,28.555956,3.8988564,0.1040750025,29.1,0.09375,0.0621700015,0.122,0.183,Misc,Unknown,Unknown,2026-06-11,Diversified,0,1,0
DRCSYSTEMS,2074771072.0,MICRO CAP,14.399999618530273,10.285714,1.8435539,0.21816,0.371,0.23049,0.2017,0.607,0.279,Technology,Technology,Information Technology Services,2026-06-11,IT Services,1,1,1
DSFCL,2062584576.0,MICRO CAP,23.709999084472656,26.132245,0.9580572,0.1040750025,4.718,-0.01864,0.011670001,0.036,0.183,Chemicals,Basic Materials,Specialty Chemicals,2026-06-11,Specialty Chemicals,0,0,0
PLAZACABLE,2051097600.0,MICRO CAP,46.880001068115234,28.071857,1.5874844,0.05801,24.764,0.05617,0.02296,0.518,1.118,Misc,Industrials,Electrical Equipment & Parts,2026-06-11,Electrical Equipment & Parts,0,1,0
MAHESHWARI,2042206848.0,MICRO CAP,69.0,12.126537,0.94686574,0.08154,126.348,0.06483,0.01509,0.157,-0.416,Misc,Industrials,Integrated Freight & Logistics,2026-06-11,Integrated Freight & Logistics,0,0,0
ROSSELLIND,2036740608.0,MICRO CAP,54.029998779296875,12.833729,0.9119757,0.1040750025,29.1,0.13187,0.080579996,0.122,0.183,Misc,Industrials,Conglomerates,2026-06-11,Conglomerates,0,1,0
FONEBOX,2023784960.0,MICRO CAP,197.25,50.70694,5.4977984,0.1040750025,29.1,0.09375,0.0621700015,0.122,0.183,Misc,Unknown,Unknown,2026-06-11,Diversified,0,1,0
CHEMBOND,2017243136.0,MICRO CAP,150.0,15.624999,1.2089462,0.07979,2.49,0.078,0.05155,0.122,0.183,Chemicals,Basic Materials,Specialty Chemicals,2026-06-11,Specialty Chemicals,0,1,0
ZODIACLOTH,2015976064.0,MICRO CAP,73.41999816894531,26.132245,1.0329642,0.1040750025,61.685,-0.20056999,-0.19993,-0.098,0.183,Misc,Consumer Cyclical,Apparel Manufacturing,2026-06-11,Apparel Manufacturing,0,0,0
DUCOL,2015562496.0,MICRO CAP,123.7,46.156715,1.9962882,0.1040750025,29.1,0.09375,0.0621700015,0.122,0.183,Misc,Unknown,Unknown,2026-06-11,Diversified,0,1,0
BTTL,2013879040.0,MICRO CAP,34.5,26.132245,1.2513602,-0.06722,29.1,0.04113,-0.41695,4.145,0.183,Misc,Consumer Cyclical,Textile Manufacturing,2026-06-11,Textile Manufacturing,0,1,0
AIRAN,2010321536.0,MICRO CAP,16.079999923706055,17.290323,1.3606364,0.1040750025,0.621,0.11993,0.07519,0.134,0.183,Technology,Technology,Information Technology Services,2026-06-11,IT Services,0,1,0
CADSYS,2000600064.0,MICRO CAP,200.0,26.132245,5.7416816,0.1040750025,29.1,0.09375,0.0621700015,0.122,0.183,Misc,Unknown,Unknown,2026-06-11,Diversified,0,1,0
NITIRAJ,1998945024.0,MICRO CAP,195.0,113.37209,2.3731866,0.01284,0.08707999999999999,-0.14758,0.022850001,-0.638,0.183,Misc,Technology,Scientific & Technical Instruments,2026-06-11,Scientific & Technical Instruments,0,0,0
BASML,1997235200.0,MICRO CAP,24.989999771118164,13.015625,0.4543223,0.03375,83.809,0.060939997,0.015800001,-0.021,-0.429,Misc,Consumer Cyclical,Textile Manufacturing,2026-06-11,Textile Manufacturing,0,0,0
GULFPETRO,1982272896.0,MICRO CAP,38.880001068115234,7.4913297,0.5581315,0.077410005,6.563,0.07232,0.041199997,-0.108,0.083,Misc,Energy,Oil & Gas Refining & Marketing,2026-06-11,Oil & Gas Refining & Marketing,0,0,0
SILGO,1981084288.0,MICRO CAP,75.70999908447266,31.156378,1.447859,0.05806,14.644,0.25406,0.12113,-0.19,-0.258,Misc,Consumer Cyclical,Luxury Goods,2026-06-11,Luxury Goods,0,0,0
SINTERCOM,1959705856.0,MICRO CAP,71.19000244140625,136.90385,1.9290593,0.0139999995,51.503,0.08486,0.01422,0.141,9.817,Automobiles,Consumer Cyclical,Auto Parts,2026-06-11,Auto Components,0,1,0
SHRADHA,1956077568.0,MICRO CAP,33.36000061035156,10.590476,0.90546376,0.11311,30.406,0.18691,0.19508,-0.032,0.311,Misc,Real Estate,Real Estate - Development,2026-06-11,Real Estate - Development,0,0,0
VASWANI,1953848448.0,MICRO CAP,59.209999084472656,45.198475,1.2452941,0.029509999,184.536,0.11469,0.00908,0.247,1.58,Misc,Basic Materials,Steel,2026-06-11,Steel,0,1,0
MDL,1949641472.0,MICRO CAP,109.9,47.99127,3.02222,0.1040750025,29.1,0.09375,0.0621700015,0.122,0.183,Misc,Unknown,Unknown,2026-06-11,Diversified,0,1,0
PRIZOR,1947937152.0,MICRO CAP,182.2,16.444042,3.9984198,0.1040750025,29.1,0.09375,0.0621700015,0.122,0.183,Misc,Unknown,Unknown,2026-06-11,Diversified,0,1,0
RANASUG,1941097344.0,MICRO CAP,12.640000343322754,9.362963,0.36593133,0.04054,53.558,0.02471,0.013660001,-0.078,-0.132,Misc,Consumer Defensive,Confectioners,2026-06-11,Confectioners,0,0,0
GRETEX,1940707328.0,MICRO CAP,131.0,135.05154,4.8928065,0.1040750025,29.1,0.09375,0.0621700015,0.122,0.183,Misc,Unknown,Unknown,2026-06-11,Diversified,0,1,0
SPCENET,1930302464.0,MICRO CAP,3.4000000953674316,11.724138,0.9956077,0.09779,13.671,0.10087,0.08254,0.169,0.0,Misc,Financial Services,Capital Markets,2026-06-11,Capital Markets,0,0,0
BROOKS,1929449728.0,MICRO CAP,65.5,7.844311,1.5640297,0.22272,6.944,0.01312,0.28673,-0.133,0.183,Misc,Healthcare,Drug Manufacturers - Specialty & Generic,2026-06-11,Drug Manufacturers - Specialty & Generic,0,0,0
WORTHPERI,1924772096.0,MICRO CAP,122.19999694824219,13.153929,1.0556961,0.094160005,20.288,0.09899,0.047509998,0.073,-0.309,Misc,Consumer Cyclical,Packaging & Containers,2026-06-11,Packaging & Containers,0,0,0
GILLANDERS,1920811136.0,MICRO CAP,90.0,20.316029,0.7492632,0.03763,57.612,-0.0691,0.02197,-0.005,0.183,Misc,Consumer Defensive,Farm Products,2026-06-11,Farm Products,0,0,0
AMBEY,1917163136.0,MICRO CAP,76.85,44.421963,2.0965762,0.1040750025,29.1,0.09375,0.0621700015,0.122,0.183,Misc,Unknown,Unknown,2026-06-11,Diversified,0,1,0
NECCLTD,1916530048.0,MICRO CAP,18.34000015258789,23.512821,0.7070707,0.03475,54.791,0.01175,0.02516,0.092,-0.556,Misc,Industrials,Trucking,2026-06-11,Trucking,0,0,0
RACE,1906920576.0,MICRO CAP,110.5,26.061321,2.4658024,0.088719994,104.095,0.020650001,0.010930001,-0.059,0.281,Misc,Industrials,Waste Management,2026-06-11,Waste Management,0,0,0
ARVEE,1873289856.0,MICRO CAP,169.99000549316406,90.42022,5.5685134,0.07767,3.296,0.07305,0.08016,0.675,6.844,Chemicals,Basic Materials,Specialty Chemicals,2026-06-11,Specialty Chemicals,0,1,0
PILITA,1868249984.0,MICRO CAP,7.949999809265137,41.842106,2.226267,0.055019997,18.373,0.06663,0.041479997,-0.003,-0.165,Misc,Consumer Cyclical,"Furnishings, Fixtures & Appliances",2026-06-11,"Furnishings, Fixtures & Appliances",0,0,0
UNIHEALTH,1863394176.0,MICRO CAP,121.0,12.296748,1.4881685,0.1040750025,29.1,0.09375,0.0621700015,0.122,0.183,Misc,Unknown,Unknown,2026-06-11,Diversified,0,1,0
EQUIPPP,1849528320.0,MICRO CAP,17.940000534057617,99.666664,21.357143,0.1040750025,71.587,0.04645,0.04622,4.985060000000001,0.183,Technology,Technology,Information Technology Services,2026-06-11,IT Services,0,1,0
KLL,1848367488.0,MICRO CAP,99.75,15.610329,2.7465718,0.1040750025,29.1,0.09375,0.0621700015,0.122,0.183,Misc,Unknown,Unknown,2026-06-11,Diversified,0,1,0
SHREYANIND,1847651072.0,MICRO CAP,133.64999389648438,28.557692,0.4330891,0.01516,14.387,-0.032679997,0.01038,-0.064,0.183,Misc,Basic Materials,Paper & Paper Products,2026-06-11,Paper & Paper Products,0,0,0
MURUDCERA,1846024960.0,MICRO CAP,30.489999771118164,16.752747,0.49108508,0.1040750025,34.717,0.06548,0.05998,0.019,1.429,Misc,Industrials,Building Products & Equipment,2026-06-11,Building Products & Equipment,0,0,0
MHLXMIRU,1842830208.0,MICRO CAP,173.52000427246094,8.464391,2.0320644,0.2733,12.845,0.21154,0.19453,0.292,0.177,Misc,Consumer Cyclical,Textile Manufacturing,2026-06-11,Textile Manufacturing,0,1,1
TTL,1834007680.0,MICRO CAP,7.099999904632568,616.6650680000004,1.2996522,0.0027,63.733,0.03953,0.0015199999,-0.087,0.183,Misc,Consumer Cyclical,Textile Manufacturing,2026-06-11,Textile Manufacturing,0,0,0
TAINWALCHM,1830635264.0,MICRO CAP,195.5,16.955769,1.0640556,0.06621,29.1,-1.18055,0.60479,-0.749,0.296,Chemicals,Basic Materials,Specialty Chemicals,2026-06-11,Specialty Chemicals,0,0,0
INDOUS,1824331008.0,MICRO CAP,90.9800033569336,13.911316,2.1068478,0.1040750025,31.895,0.1724,0.12594,-0.032,-0.409,Chemicals,Basic Materials,Agricultural Inputs,2026-06-11,Agrochemicals,0,0,0
ASPINWALL,1822755712.0,MICRO CAP,233.13999938964844,13.852644,0.9069548,0.06688,39.552,0.058790002,0.03155,0.461,1.661,Misc,Consumer Defensive,Farm Products,2026-06-11,Farm Products,0,1,0
SUMIT,1803507072.0,MICRO CAP,39.84000015258789,18.616821,1.1988806,0.1040750025,32.611,0.32586,0.09591,-0.616,-0.638,Misc,Real Estate,Real Estate - Development,2026-06-11,Real Estate - Development,0,0,0
KHADIM,1801081472.0,MICRO CAP,98.0,57.988163,1.0784637,0.01482,149.29,0.06372,0.00844,-0.109,-0.18,Misc,Consumer Cyclical,Footwear & Accessories,2026-06-11,Footwear & Accessories,0,0,0
LANCORHOL,1789485056.0,MICRO CAP,24.329999923706055,4.4076085,0.74561,0.18597001,44.543,-0.84678,0.3081,-0.654,16.134920000000058,Misc,Real Estate,Real Estate - Development,2026-06-11,Real Estate - Development,0,0,0
BYKE,1777496192.0,MICRO CAP,34.0,26.5625,0.7695442,0.0294,45.444,0.14538,0.06284,0.039,1.285,Misc,Consumer Cyclical,Lodging,2026-06-11,Lodging,0,0,0
MKPL,1776740096.0,MICRO CAP,4.710000038146973,26.166666,2.3421185,0.0937,48.673,0.01637,0.01784,0.064,-0.549,Misc,Consumer Defensive,Packaged Foods,2026-06-11,Packaged Foods,0,0,0
ESSENTIA,1775018496.0,MICRO CAP,1.5700000524520874,26.132245,1.1707681,0.00191,25.664,-0.04377,0.00068999996,0.342,0.183,Consumer,Consumer Defensive,Food Distribution,2026-06-11,FMCG – Food,0,1,0
JFLLIFE,1764621184.0,MICRO CAP,51.05,42.541664,3.98237,0.1040750025,29.1,0.09375,0.0621700015,0.122,0.183,Misc,Unknown,Unknown,2026-06-11,Diversified,0,1,0
DRSDILIP,1762301184.0,MICRO CAP,117.0,63.586956,5.4236975,0.1040750025,29.1,0.09375,0.0621700015,0.122,0.183,Misc,Unknown,Unknown,2026-06-11,Diversified,0,1,0
GREENCHEF,1754696832.0,MICRO CAP,75.4,29.453127,1.5128108,0.1040750025,29.1,0.09375,0.0621700015,0.122,0.183,Misc,Unknown,Unknown,2026-06-11,Diversified,0,1,0
RUDRA,1745982464.0,MICRO CAP,17.399999618530273,12.888888,1.3089596,0.10261,97.147,0.032449998,0.021710001,0.066,-0.051,Misc,Basic Materials,Steel,2026-06-11,Steel,0,0,0
SHRITECH,1742757504.0,MICRO CAP,69.85,9.036222,1.6668656,0.1040750025,29.1,0.09375,0.0621700015,0.122,0.183,Misc,Unknown,Unknown,2026-06-11,Diversified,0,1,0
WOMANCART,1740787200.0,MICRO CAP,276.0,20.264317,2.0591483,0.1040750025,29.1,0.09375,0.0621700015,0.122,0.183,Misc,Unknown,Unknown,2026-06-11,Diversified,0,1,0
SUPREME,1736414592.0,MICRO CAP,44.75,497.2222,0.31204894,0.00062,1.06,-0.36181998,0.05055,4.985060000000001,0.183,Misc,Real Estate,Real Estate - Development,2026-06-11,Real Estate - Development,0,1,0
DCM,1723956224.0,MICRO CAP,92.30000305175781,59.54839,3.6891963,0.06454,2.23,-0.00583,0.040260002,0.135,0.183,Misc,Industrials,Metal Fabrication,2026-06-11,Metal Fabrication,0,1,0
EFORCE,1717560064.0,MICRO CAP,73.4,133.45454,2.399477,0.1040750025,29.1,0.09375,0.0621700015,0.122,0.183,Misc,Unknown,Unknown,2026-06-11,Diversified,0,1,0
IVP,1714159616.0,MICRO CAP,166.0,9.17127,1.0912007,0.12604,41.613,0.074250005,0.03142,0.101,1.313,Chemicals,Basic Materials,Specialty Chemicals,2026-06-11,Specialty Chemicals,0,1,0
DENEERS,1712673536.0,MICRO CAP,199.0,6.7894917,1.7979761,0.1040750025,29.1,0.09375,0.0621700015,0.122,0.183,Misc,Unknown,Unknown,2026-06-11,Diversified,0,1,0
SUPERHOUSE,1709426304.0,MICRO CAP,155.0500030517578,54.024395,0.30009252,0.1040750025,36.902,0.02826,0.0090499995,-0.141,0.183,Misc,Consumer Cyclical,Footwear & Accessories,2026-06-11,Footwear & Accessories,0,0,0
SOTAC,1702252544.0,MICRO CAP,154.05,19.903101,3.0619547,0.1040750025,29.1,0.09375,0.0621700015,0.122,0.183,Misc,Unknown,Unknown,2026-06-11,Diversified,0,1,0
SIKKO,1699152000.0,MICRO CAP,3.890000104904175,32.416668,1.8084612,0.060890004,13.589,-0.33219,0.07852,-0.417,0.183,Chemicals,Basic Materials,Agricultural Inputs,2026-06-11,Agrochemicals,0,0,0
PRAMARA,1695045504.0,MICRO CAP,154.5,30.234833,1.7770876,0.1040750025,29.1,0.09375,0.0621700015,0.122,0.183,Misc,Unknown,Unknown,2026-06-11,Diversified,0,1,0
VIRINCHI,1693991808.0,MICRO CAP,15.029999732971191,26.132245,0.3230521,-0.05727,56.699,-0.09757,-0.09184,-0.043,0.183,Technology,Technology,Software - Application,2026-06-11,SaaS,0,0,0
BHARATGEAR,1689056384.0,MICRO CAP,110.0,10.232558,1.386246,0.1040750025,64.485,0.033099998,0.01756,0.333,0.183,Automobiles,Consumer Cyclical,Auto Parts,2026-06-11,Auto Components,0,1,0
TRIGYN,1686750464.0,MICRO CAP,54.790000915527344,72.09211,0.22182097,0.0030500002,1.288,0.01135,0.0020299999,0.047,-0.746,Technology,Technology,Information Technology Services,2026-06-11,IT Services,0,0,0
KAMOPAINTS,1677900032.0,MICRO CAP,5.099999904632568,510.0,0.8972554,0.00117,19.079,-0.0428,0.00082,-0.094,0.183,Misc,Basic Materials,Steel,2026-06-11,Steel,0,0,0
FILATFASH,1666814592.0,MICRO CAP,0.20000000298023224,26.132245,0.06775068,0.00122,2.546,-0.011779999,0.024530001,-0.657,-0.8,Misc,Consumer Cyclical,Apparel Manufacturing,2026-06-11,Apparel Manufacturing,0,0,0
NIRAJ,1666068992.0,MICRO CAP,27.90999984741211,7.884181,0.652545,0.083050005,28.588,0.07437,0.039,-0.185,-0.27,Industrials,Industrials,Engineering & Construction,2026-06-11,Engineering & EPC,0,0,0
ARCHIDPLY,1659446144.0,MICRO CAP,82.95999908447266,20.534653,1.542753,0.1040750025,178.165,0.04693,0.0072399997,0.114,0.183,Misc,Basic Materials,Lumber & Wood Production,2026-06-11,Lumber & Wood Production,0,1,0
CPCAP,1656109568.0,MICRO CAP,91.0,3.8888888,0.28911376,0.07613,13.476,0.77492,0.55662996,0.122,0.183,Financials,Financial Services,Credit Services,2026-06-11,NBFC – Lending,0,1,0
AKSHARCHEM,1649034496.0,MICRO CAP,205.27999877929688,26.132245,0.63041455,-0.0016699999,41.473,0.01012,-0.00118,0.166,2.48,Chemicals,Basic Materials,Specialty Chemicals,2026-06-11,Specialty Chemicals,0,1,0
ASPIRE,1646813056.0,MICRO CAP,108.5,64.97006,3.2665963,0.1040750025,29.1,0.09375,0.0621700015,0.122,0.183,Misc,Unknown,Unknown,2026-06-11,Diversified,0,1,0
CMNL,1639957120.0,MICRO CAP,67.95,26.132245,1.7252761,0.1040750025,29.1,0.09375,0.0621700015,0.122,0.183,Misc,Unknown,Unknown,2026-06-11,Diversified,0,1,0
INCREDIBLE,1632522624.0,MICRO CAP,34.90999984741211,13.744095,0.98485065,0.07617,21.824,0.03119,0.013710001,-0.045,-0.197,Misc,Basic Materials,Steel,2026-06-11,Steel,0,0,0
ENFUSE,1627958400.0,MICRO CAP,184.0,50.13624,8.449281,0.1040750025,29.1,0.09375,0.0621700015,0.122,0.183,Misc,Unknown,Unknown,2026-06-11,Diversified,0,1,0
SRTL,1622984960.0,MICRO CAP,40.599998474121094,8.6937895,0.62124157,0.10396,15.218,0.14802,0.051909998,-0.532,2.229,Misc,Consumer Cyclical,Textile Manufacturing,2026-06-11,Textile Manufacturing,0,0,0
SADBHAV,1614481152.0,MICRO CAP,9.40999984741211,6.1503267,-0.71629745,0.1040750025,29.1,0.119370006,0.02705,-0.065,0.183,Industrials,Industrials,Engineering & Construction,2026-06-11,Engineering & EPC,0,0,0
ISHANCH,1612324096.0,MICRO CAP,59.0,26.132245,1.0858563,-0.057789996,63.522,0.11054,-0.09675,0.898,0.183,Misc,Basic Materials,Chemicals,2026-06-11,Chemicals,0,1,0
KHFM,1608386688.0,MICRO CAP,74.35,48.914474,2.6378343,0.1040750025,29.1,0.09375,0.0621700015,0.122,0.183,Misc,Unknown,Unknown,2026-06-11,Diversified,0,1,0
KRITIKA,1608331136.0,MICRO CAP,6.039999961853027,26.260868,1.5365047,0.06346,54.516,0.013660001,0.00887,-0.387,-0.393,Misc,Basic Materials,Steel,2026-06-11,Steel,0,0,0
SMARTLINK,1606972544.0,MICRO CAP,161.10000610351562,12.232347,0.80178374,0.06474,1.194,0.0939,0.04696,0.347,0.793,Misc,Technology,Communication Equipment,2026-06-11,Communication Equipment,0,1,0
VR,1598400000.0,MICRO CAP,180.0,71.14625,4.2704625,0.1040750025,29.1,0.09375,0.0621700015,0.122,0.183,Misc,Unknown,Unknown,2026-06-11,Diversified,0,1,0
EMMBI,1596940800.0,MICRO CAP,83.0,20.243902,0.8028089,0.04093,88.654,0.06631,0.01731,0.088,0.652,Misc,Consumer Cyclical,Packaging & Containers,2026-06-11,Packaging & Containers,0,0,0
QUICKTOUCH,1595159424.0,MICRO CAP,135.0,19.911505,0.94500756,0.1040750025,29.1,0.09375,0.0621700015,0.122,0.183,Misc,Unknown,Unknown,2026-06-11,Diversified,0,1,0
NATCAPSUQ,1592906624.0,MICRO CAP,153.0,26.132245,0.6976617,-0.10028,49.198,-0.050479997,-0.0912,0.3,0.183,Misc,Healthcare,Drug Manufacturers - Specialty & Generic,2026-06-11,Drug Manufacturers - Specialty & Generic,0,1,0
UMIYA-MRO,1590246528.0,MICRO CAP,85.11000061035156,3.833861852,1.2549765,0.42873,110.392,0.20363002,0.555,0.631,0.833,Misc,Real Estate,Real Estate - Development,2026-06-11,Real Estate - Development,0,1,1
BRNL,1590013056.0,MICRO CAP,18.940000534057617,26.132245,0.22584723,-0.12433,81.271,-1.2602301,-0.19212,0.035,0.183,Misc,Industrials,Infrastructure Operations,2026-06-11,Infrastructure Operations,0,0,0
MODTHREAD,1584356352.0,MICRO CAP,45.560001373291016,12.980058,2.2361767,0.1040750025,29.1,0.0,0.0,0.122,0.183,Misc,Consumer Cyclical,Textile Manufacturing,2026-06-11,Textile Manufacturing,0,1,0
DEVIT,1580438528.0,MICRO CAP,28.040000915527344,3.833861852,1.4655309,0.5399894000000005,28.008,0.042129997,0.39163,0.045,6.321,Technology,Technology,Information Technology Services,2026-06-11,IT Services,0,0,0
METROGLOBL,1578676608.0,MICRO CAP,127.98999786376953,7.028556,0.38668957,0.05468,0.815,0.17434,0.07078,-0.168,0.183,Misc,Industrials,Conglomerates,2026-06-11,Conglomerates,0,0,0
ASCOM,1573214336.0,MICRO CAP,134.3,30.732267,3.005214,0.1040750025,29.1,0.09375,0.0621700015,0.122,0.183,Misc,Unknown,Unknown,2026-06-11,Diversified,0,1,0
INDTERRAIN,1571701760.0,MICRO CAP,31.020000457763672,26.132245,0.8433014,-0.02678,55.334,0.08148,-0.01286,0.204,0.183,Misc,Consumer Cyclical,Apparel Retail,2026-06-11,Apparel Retail,0,1,0
SWASTIK,1571608320.0,MICRO CAP,67.65,26.132245,1.0570643,0.1040750025,29.1,0.09375,0.0621700015,0.122,0.183,Misc,Unknown,Unknown,2026-06-11,Diversified,0,1,0
CENTEXT,1567200000.0,MICRO CAP,19.59000015258789,14.29927,1.8840162,0.13227001,80.772,0.046479996,0.022920001,0.187,0.13,Misc,Basic Materials,Aluminum,2026-06-11,Aluminum,0,1,0
ALUWIND,1562902784.0,MICRO CAP,62.9,14.9761915,2.227495,0.1040750025,29.1,0.09375,0.0621700015,0.122,0.183,Misc,Unknown,Unknown,2026-06-11,Diversified,0,1,0
MADHAVBAUG,1555990656.0,MICRO CAP,148.0,19.170984,1.7815014,0.1040750025,29.1,0.09375,0.0621700015,0.122,0.183,Misc,Unknown,Unknown,2026-06-11,Diversified,0,1,0
AUSOMENT,1551722624.0,MICRO CAP,113.9000015258789,7.965035,0.97784185,0.1040750025,5.493,0.00209,0.01363,-0.055,-0.925,Misc,Financial Services,Capital Markets,2026-06-11,Capital Markets,0,0,0
MCL,1550125312.0,MICRO CAP,57.11000061035156,34.403614,3.1262317,0.09359,82.894,0.04429,0.01916,1.021,0.698,Metals,Basic Materials,Copper,2026-06-11,Copper,0,1,0
BAWEJA,1543261312.0,MICRO CAP,83.75,25.455927,1.3896955,0.1040750025,29.1,0.09375,0.0621700015,0.122,0.183,Misc,Unknown,Unknown,2026-06-11,Diversified,0,1,0
DTL,1538958336.0,MICRO CAP,186.3,26.132245,7.3436084,0.1040750025,29.1,0.09375,0.0621700015,0.122,0.183,Misc,Unknown,Unknown,2026-06-11,Diversified,0,1,0
BMETRICS,1526926080.0,MICRO CAP,124.0,93.93939,7.139567,0.1040750025,29.1,0.09375,0.0621700015,0.122,0.183,Misc,Unknown,Unknown,2026-06-11,Diversified,0,1,0
AISL,1521773440.0,MICRO CAP,147.0,21.212122,1.2288196,0.1040750025,29.1,0.09375,0.0621700015,0.122,0.183,Misc,Unknown,Unknown,2026-06-11,Diversified,0,1,0
BAIDFIN,1517903488.0,MICRO CAP,9.800000190734863,8.521739,0.6520293,0.07272,29.1,0.31529,0.26012,0.597,0.282,Financials,Financial Services,Credit Services,2026-06-11,NBFC – Lending,0,1,0
SRIVASAVI,1516635904.0,MICRO CAP,107.0,28.08399,3.2432103,0.1040750025,29.1,0.09375,0.0621700015,0.122,0.183,Misc,Unknown,Unknown,2026-06-11,Diversified,0,1,0
FIDEL,1512561664.0,MICRO CAP,110.0,10.945273,3.091972,0.1040750025,29.1,0.09375,0.0621700015,0.122,0.183,Misc,Unknown,Unknown,2026-06-11,Diversified,0,1,0
RELIABLE,1506926464.0,MICRO CAP,146.02000427246094,21.892054,2.492915,0.087299995,28.764,0.00538,0.03718,0.001,0.183,Technology,Technology,Information Technology Services,2026-06-11,IT Services,0,0,0
TRANSTEEL,1496629376.0,MICRO CAP,68.95,10.979299,1.2277421,0.1040750025,29.1,0.09375,0.0621700015,0.122,0.183,Misc,Unknown,Unknown,2026-06-11,Diversified,0,1,0
TIPSFILMS,1493989376.0,MICRO CAP,345.6000061035156,26.132245,4.1559944,0.1040750025,453.425,-0.70579004,-0.20844999,3.616,0.183,Misc,Communication Services,Entertainment,2026-06-11,Entertainment,0,1,0
SCML,1488871936.0,MICRO CAP,123.2,17.524893,1.6630445,0.1040750025,29.1,0.09375,0.0621700015,0.122,0.183,Misc,Unknown,Unknown,2026-06-11,Diversified,0,1,0
KEL,1487899264.0,MICRO CAP,144.85,17.949196,3.09535,0.1040750025,29.1,0.09375,0.0621700015,0.122,0.183,Misc,Unknown,Unknown,2026-06-11,Diversified,0,1,0
INDBANK,1481788032.0,MICRO CAP,33.38999938964844,21.0,1.5200765,0.073709995,29.1,0.30131,0.28584,0.144,0.038,Misc,Financial Services,Capital Markets,2026-06-11,Capital Markets,0,0,0
MOXSH,1478928000.0,MICRO CAP,165.0,26.132245,5.079267,0.1040750025,29.1,0.09375,0.0621700015,0.122,0.183,Misc,Unknown,Unknown,2026-06-11,Diversified,0,1,0
JAINAM,1478567936.0,MICRO CAP,140.0,25.0,1.063854,0.1040750025,29.1,0.09375,0.0621700015,0.122,0.183,Misc,Unknown,Unknown,2026-06-11,Diversified,0,1,0
HPIL,1473710208.0,MICRO CAP,129.0,53.749996,2.7016273,0.051760003,60.183,-0.026589999,0.02387,-0.202,3.918,Chemicals,Basic Materials,Specialty Chemicals,2026-06-11,Specialty Chemicals,0,0,0
PARSVNATH,1470912512.0,MICRO CAP,3.380000114440918,26.132245,-0.06534053,0.1040750025,29.1,-0.33521998,-1.1392655999999999,0.048,0.183,Misc,Real Estate,Real Estate - Development,2026-06-11,Real Estate - Development,0,0,0
VLEGOV,1467346432.0,MICRO CAP,13.529999732971191,26.132245,3.210726,-0.025050001,29.1,-0.47109002,-0.06403,-0.752,0.183,Technology,Technology,Information Technology Services,2026-06-11,IT Services,0,0,0
INDOWIND,1458679808.0,MICRO CAP,9.0600004196167,26.132245,0.47789854,2.0000001e-05,3.094,-0.64241,1.0000001e-05,-0.341,0.183,Energy,Utilities,Utilities - Renewable,2026-06-11,Power Generation – Renewable,0,0,0
PARTYCRUS,1454986752.0,MICRO CAP,122.0,17.280453,3.1367304,0.1040750025,29.1,0.09375,0.0621700015,0.122,0.183,Misc,Unknown,Unknown,2026-06-11,Diversified,0,1,0
AVROIND,1453076224.0,MICRO CAP,10.829999923706055,361.0,0.16265169,0.05268,19.736,0.072230004,0.04434,0.393,16.134920000000058,Misc,Consumer Cyclical,"Furnishings, Fixtures & Appliances",2026-06-11,"Furnishings, Fixtures & Appliances",0,1,0
AMJLAND,1452630016.0,MICRO CAP,35.43000030517578,9.896648,0.68225145,0.0692,29.1,0.4718,0.23969999,-0.376,-0.504,Misc,Real Estate,Real Estate - Development,2026-06-11,Real Estate - Development,0,0,0
RUCHINFRA,1444472576.0,MICRO CAP,6.119999885559082,19.125,0.86870116,0.04912,40.879,-0.01877,0.16344999,0.048,0.183,Misc,Industrials,Specialty Business Services,2026-06-11,Specialty Business Services,0,0,0
MITCON,1438253440.0,MICRO CAP,81.3499984741211,15.205607,0.888566,0.060110003,56.987,0.21104,0.06436,0.186,2.087,Industrials,Industrials,Engineering & Construction,2026-06-11,Engineering & EPC,0,1,0
ALPA,1429919104.0,MICRO CAP,67.95999908447266,9.531556,2.1016824,0.08392,1.346,0.10757,0.14186,-0.214,0.183,Misc,Healthcare,Drug Manufacturers - Specialty & Generic,2026-06-11,Drug Manufacturers - Specialty & Generic,0,0,0
DGCONTENT,1424450304.0,MICRO CAP,24.549999237060547,188.84616,3.988627,0.025209999,265.556,0.04014,0.00166,0.033,-0.86,Misc,Communication Services,Internet Content & Information,2026-06-11,Internet Content & Information,0,0,0
PRAENG,1419696512.0,MICRO CAP,20.299999237060547,26.132245,0.2893139,-0.039100002,34.493,-1.0517,-0.48494,-0.544,0.183,Misc,Real Estate,Real Estate - Development,2026-06-11,Real Estate - Development,0,0,0
SIGIND,1412681728.0,MICRO CAP,47.9900016784668,8.953359,0.670214,0.06712,185.772,0.06444,0.012,0.071,-0.031,Misc,Industrials,Conglomerates,2026-06-11,Conglomerates,0,0,0
SECMARK,1412414848.0,MICRO CAP,128.86000061035156,53.46888,6.4500947,0.1169,54.908,0.39946997,0.068390004,0.144,0.124,Technology,Industrials,Consulting Services,2026-06-11,IT Consulting,0,1,0
DTIL,1403792256.0,MICRO CAP,133.60000610351562,26.132245,0.26509672,-0.00477,47.787,-1.43646,-0.0053100004,-0.357,0.183,Misc,Consumer Defensive,Packaged Foods,2026-06-11,Packaged Foods,0,0,0
DURLAX,1402321792.0,MICRO CAP,77.6,10.747923,1.3441652,0.1040750025,29.1,0.09375,0.0621700015,0.122,0.183,Misc,Unknown,Unknown,2026-06-11,Diversified,0,1,0
KREBSBIO,1398204032.0,MICRO CAP,64.8499984741211,26.132245,-0.85524756,0.1040750025,29.1,-0.35735,-0.71352994,0.116,0.183,Misc,Healthcare,Drug Manufacturers - Specialty & Generic,2026-06-11,Drug Manufacturers - Specialty & Generic,0,1,0
NARMADA,1396059520.0,MICRO CAP,36.79999923706055,36.07843,2.357614,0.06697,17.02,0.02695,0.04842,0.161,-0.3,Chemicals,Basic Materials,Agricultural Inputs,2026-06-11,Agrochemicals,0,0,0
LAGNAM,1395851008.0,MICRO CAP,79.0,9.705159,1.1598033,0.1040750025,289.472,0.08217,0.02479,0.03,0.571,Misc,Consumer Cyclical,Textile Manufacturing,2026-06-11,Textile Manufacturing,0,0,0
VIPULLTD,1395498880.0,MICRO CAP,9.899999618530273,26.132245,0.34026465,0.1040750025,19.491,-0.1749,-0.44313,-0.184,-0.71,Misc,Real Estate,Real Estate - Diversified,2026-06-11,Real Estate - Diversified,0,0,0
KEYFINSERV,1391659264.0,MICRO CAP,250.0,20.90301,0.9326792,0.047069997,2.866,-5.3092397380000005,0.22879,0.122,0.183,Misc,Financial Services,Capital Markets,2026-06-11,Capital Markets,0,1,0
MUKTAARTS,1388764032.0,MICRO CAP,61.4900016784668,26.132245,-2.1561065,0.1040750025,29.1,-0.03797,-0.06785,0.191,0.183,Misc,Communication Services,Entertainment,2026-06-11,Entertainment,0,1,0
MAHAPEXLTD,1382978688.0,MICRO CAP,49.06999969482422,26.132245,0.15067585,-0.01485,29.1,-0.44436002,-1.1392655999999999,1.438,0.183,Financials,Financial Services,Credit Services,2026-06-11,NBFC – Lending,0,1,0
IPSL,1377041664.0,MICRO CAP,160.0,17.524643,2.017731,0.1040750025,29.1,0.09375,0.0621700015,0.122,0.183,Misc,Unknown,Unknown,2026-06-11,Diversified,0,1,0
ISFT,1376705664.0,MICRO CAP,84.4000015258789,10.36855,0.51714104,0.05367,6.493,0.02829,0.02485,0.046,0.331,Misc,Consumer Cyclical,Internet Retail,2026-06-11,Internet Retail,0,0,0
BALPHARMA,1373971328.0,MICRO CAP,86.30000305175781,21.848103,1.6687938,0.079169996,201.197,0.089320004,0.02016,0.027,-0.335,Misc,Healthcare,Drug Manufacturers - Specialty & Generic,2026-06-11,Drug Manufacturers - Specialty & Generic,0,0,0
SALONA,1368224000.0,MICRO CAP,260.0,87.83784,1.1195701,0.01877,226.372,0.04871,0.00263,-0.251,0.183,Misc,Consumer Cyclical,Textile Manufacturing,2026-06-11,Textile Manufacturing,0,0,0
MCON,1365776000.0,MICRO CAP,186.35,44.903614,3.9744492,0.1040750025,29.1,0.09375,0.0621700015,0.122,0.183,Misc,Unknown,Unknown,2026-06-11,Diversified,0,1,0
BALAXI,1363625344.0,MICRO CAP,24.700000762939453,95.00001,0.55244917,0.1040750025,23.745,0.03487,0.03424,-0.01,-0.938,Misc,Healthcare,Drug Manufacturers - Specialty & Generic,2026-06-11,Drug Manufacturers - Specialty & Generic,0,0,0
USK,1350714240.0,MICRO CAP,24.399999618530273,73.93939,0.8361605,0.00978,44.985,0.35449,0.00772,-0.546,0.183,Industrials,Industrials,Engineering & Construction,2026-06-11,Engineering & EPC,0,0,0
PRAXIS,1347138560.0,MICRO CAP,7.25,26.132245,-1.7448856,0.1040750025,29.1,-0.52549,-0.69636,-0.09,0.183,Misc,Consumer Cyclical,Specialty Retail,2026-06-11,Specialty Retail,0,0,0
ZENITHDRUG,1345323264.0,MICRO CAP,78.45,35.497734,1.8785468,0.1040750025,29.1,0.09375,0.0621700015,0.122,0.183,Misc,Unknown,Unknown,2026-06-11,Diversified,0,1,0
MAGNUM,1340861952.0,MICRO CAP,19.600000381469727,26.132245,0.19587268,-0.01643,38.832,0.09952,-0.02447,0.078,-0.059,Misc,Basic Materials,Paper & Paper Products,2026-06-11,Paper & Paper Products,0,0,0
GTL,1340168704.0,MICRO CAP,8.520000457763672,3.833861852,-0.024607992,0.1040750025,29.1,0.48574,0.8458531554000015,-0.167,16.134920000000058,Telecom,Communication Services,Telecom Services,2026-06-11,Telecom Services,0,0,0
SHAHALLOYS,1336135936.0,MICRO CAP,67.48999786376953,3.833861852,-11.780415,0.5399894000000005,56.061,-1.94737,0.8458531554000015,-0.831,0.183,Misc,Basic Materials,Steel,2026-06-11,Steel,0,0,0
SURANASOL,1325133696.0,MICRO CAP,26.93000030517578,616.6650680000004,2.319752,0.02183,29.1,-0.03484,0.059499998,4.402,0.183,Misc,Technology,Solar,2026-06-11,Solar,0,1,0
SAMPANN,1313965184.0,MICRO CAP,26.920000076293945,19.366907,2.8235786,0.21290001,210.951,0.04652,0.04753,0.405,-0.813,Chemicals,Basic Materials,Specialty Chemicals,2026-06-11,Specialty Chemicals,0,0,0
XELPMOC,1313454976.0,MICRO CAP,88.75,26.132245,1.7026052,-0.10935,0.922,-1.86922,-1.1392655999999999,0.528,0.183,Technology,Technology,Information Technology Services,2026-06-11,IT Services,0,1,0
RPPL,1312857600.0,MICRO CAP,17.899999618530273,9.179487,0.7352941,0.10090999,68.378,0.105979994,0.051939998,0.017,0.73,Misc,Consumer Cyclical,Packaging & Containers,2026-06-11,Packaging & Containers,0,0,0
URAVIDEF,1311000064.0,MICRO CAP,115.0,119.79167,2.7249894,0.1040750025,45.279,0.025050001,0.06519,0.018,0.292,Automobiles,Consumer Cyclical,Auto Parts,2026-06-11,Auto Components,0,0,0
JOCIL,1310058368.0,MICRO CAP,147.50999450683594,15.776469,0.6148197,0.03957,29.1,0.012130001,0.00795,0.488,4.784,Chemicals,Basic Materials,Specialty Chemicals,2026-06-11,Specialty Chemicals,0,1,0
INDIANCARD,1301105280.0,MICRO CAP,219.0,35.04,0.37501028,0.01092,0.926,-0.45779,0.08851,0.099,0.183,Misc,Consumer Cyclical,Textile Manufacturing,2026-06-11,Textile Manufacturing,0,0,0
AARTECH,1295913728.0,MICRO CAP,40.790000915527344,32.632,4.179732,0.11931,16.02,0.07764,0.099020004,0.655,0.183,Misc,Industrials,Electrical Equipment & Parts,2026-06-11,Electrical Equipment & Parts,0,1,0
REPL,1295758720.0,MICRO CAP,71.5,26.132245,0.86142504,-0.07817,20.106,-0.69703,-0.13307999,-0.417,0.183,Technology,Industrials,Consulting Services,2026-06-11,IT Consulting,0,0,0
TEXMOPIPES,1291878784.0,MICRO CAP,44.25,9.296218,0.6322874,0.1040750025,23.807,0.04922,0.04893,-0.012,-0.692,Misc,Industrials,Building Products & Equipment,2026-06-11,Building Products & Equipment,0,0,0
IBLFL,1290939904.0,MICRO CAP,52.2,52.727272,2.1552436,0.1040750025,29.1,0.09375,0.0621700015,0.122,0.183,Misc,Unknown,Unknown,2026-06-11,Diversified,0,1,0
AIROLAM,1290172032.0,MICRO CAP,86.0,47.77778,2.0447469,0.07005,106.303,0.04917,0.022669999,0.045,-0.908,Misc,Consumer Cyclical,"Furnishings, Fixtures & Appliances",2026-06-11,"Furnishings, Fixtures & Appliances",0,0,0
HECPROJECT,1289741056.0,MICRO CAP,119.0,10.232158,2.2736826,0.21202,67.512,0.17856,0.0714,0.091,0.009,Industrials,Industrials,Engineering & Construction,2026-06-11,Engineering & EPC,0,0,0
LAL,1286887168.0,MICRO CAP,7.449999809265137,29.8,2.4983232,0.08738,38.569,0.057550002,0.058709998,0.85,0.183,Misc,Consumer Cyclical,Apparel Manufacturing,2026-06-11,Apparel Manufacturing,0,1,0
BCPL,1284375424.0,MICRO CAP,76.80000305175781,19.948053,1.3216997,0.06757,71.382,0.09312,0.03066,-0.255,-0.537,Misc,Industrials,Infrastructure Operations,2026-06-11,Infrastructure Operations,0,0,0
ALPHAGEO,1281864064.0,MICRO CAP,201.39999389648438,26.132245,0.5058116,-0.053260002,29.1,-0.08483,-0.123859994,-0.301,0.183,Misc,Energy,Oil & Gas Equipment & Services,2026-06-11,Oil & Gas Equipment & Services,0,0,0
TARMAT,1279279616.0,MICRO CAP,51.040000915527344,20.334661,0.6984892,0.034679998,8.047,0.05953,0.053179998,0.124,5.211,Industrials,Industrials,Engineering & Construction,2026-06-11,Engineering & EPC,0,1,0
WIPL,1272931200.0,MICRO CAP,149.97999572753906,174.39534,2.5414739,0.0100300005,20.837,-0.03053,0.00379,-0.027,0.183,Misc,Basic Materials,Lumber & Wood Production,2026-06-11,Lumber & Wood Production,0,0,0
BSL,1268509696.0,MICRO CAP,123.25,53.35498,1.0625458,0.01987,366.348,0.04008,0.0036199999,-0.049,0.183,Misc,Consumer Cyclical,Textile Manufacturing,2026-06-11,Textile Manufacturing,0,0,0
FELDVR,1260477952.0,MICRO CAP,2.549999952316284,26.132245,0.04819778,-0.4629408,29.1,-0.97987,-1.1392655999999999,-0.132,0.183,Misc,Consumer Cyclical,Department Stores,2026-06-11,Department Stores,0,0,0
CORALFINAC,1259444480.0,MICRO CAP,31.25,8.514986,0.5846476,0.0691,29.1,0.75837,0.8458531554000015,-0.007,0.155,Misc,Real Estate,Real Estate Services,2026-06-11,Real Estate Services,0,0,0
CALSOFT,1258826752.0,MICRO CAP,20.360000610351562,113.11111,3.0497303,0.32296002,3.905,0.88351,0.54057,4.985060000000001,16.134920000000058,Technology,Technology,Software - Application,2026-06-11,SaaS,0,1,1
OBCL,1256323456.0,MICRO CAP,59.59000015258789,26.132245,1.4957329,-0.08911,86.295,-0.040409997,-0.022550002,0.077,0.183,Misc,Industrials,Trucking,2026-06-11,Trucking,0,0,0
MASTER,1248000000.0,MICRO CAP,312.0,19.22366,3.8278918,0.1040750025,29.1,0.09375,0.0621700015,0.122,0.183,Misc,Unknown,Unknown,2026-06-11,Diversified,0,1,0
VITAL,1246415232.0,MICRO CAP,52.040000915527344,121.023254,1.1816798,0.03349,61.906,0.05732,0.02337,0.036,-0.002,Chemicals,Basic Materials,Specialty Chemicals,2026-06-11,Specialty Chemicals,0,0,0
AAATECH,1239068800.0,MICRO CAP,96.5999984741211,60.0,4.0360994,0.06677,29.1,-0.30162,0.10123,-0.681,0.183,Technology,Technology,Information Technology Services,2026-06-11,IT Services,0,0,0
NAMAN,1237807744.0,MICRO CAP,117.35,21.975655,1.9808581,0.1040750025,29.1,0.09375,0.0621700015,0.122,0.183,Misc,Unknown,Unknown,2026-06-11,Diversified,0,1,0
LATTEYS,1233285504.0,MICRO CAP,21.450000762939453,34.596775,5.201261,0.16111,91.364,0.05863,0.03042,0.592,1.807,Misc,Industrials,Specialty Industrial Machinery,2026-06-11,Specialty Industrial Machinery,0,1,0
WEIZMANIND,1231761280.0,MICRO CAP,79.5,17.666666,1.9504895,0.0932,9.442,0.0317,0.046550002,-0.107,0.183,Misc,Consumer Cyclical,Textile Manufacturing,2026-06-11,Textile Manufacturing,0,0,0
VEEKAYEM,1227733760.0,MICRO CAP,208.95,16.796623,2.0828557,0.1040750025,29.1,0.09375,0.0621700015,0.122,0.183,Misc,Unknown,Unknown,2026-06-11,Diversified,0,1,0
LANDSMILL,1227304704.0,MICRO CAP,0.8700000047683716,87.0,0.5995865,0.0053899996,0.444,-0.80415,0.1287,-0.595,0.183,Misc,Industrials,Conglomerates,2026-06-11,Conglomerates,0,0,0
RILINFRA,1219557760.0,MICRO CAP,65.55,26.011906,0.9443884,0.1040750025,29.1,0.09375,0.0621700015,0.122,0.183,Misc,Unknown,Unknown,2026-06-11,Diversified,0,1,0
SATIPOLY,1218940800.0,MICRO CAP,246.4,26.132245,7.1648736,0.1040750025,29.1,0.09375,0.0621700015,0.122,0.183,Misc,Unknown,Unknown,2026-06-11,Diversified,0,1,0
ANIKINDS,1217545344.0,MICRO CAP,43.869998931884766,71.91803,0.38231936,0.07674,3.695,0.02388,-0.04542,-0.133,-0.95092,Consumer,Consumer Defensive,Food Distribution,2026-06-11,FMCG – Food,0,0,0
CROWN,1217171584.0,MICRO CAP,108.44999694824219,15.64935,1.5663364,0.12745,74.87,0.33921,0.22333999,0.043,-0.316,Misc,Industrials,Rental & Leasing Services,2026-06-11,Rental & Leasing Services,0,0,0
SAMBHAAV,1211642752.0,MICRO CAP,6.340000152587891,616.6650680000004,1.4931701,0.00096000003,5.923,0.053049996,0.00548,0.149,0.183,Misc,Communication Services,Publishing,2026-06-11,Publishing,0,1,0
NORBTEAEXP,1200004480.0,MICRO CAP,77.19999694824219,26.132245,6.326313,-0.01678,46.916,-0.32754,-0.03654,0.319,0.183,Misc,Consumer Defensive,Farm Products,2026-06-11,Farm Products,0,1,0
VISHWARAJ,1191517440.0,MICRO CAP,5.46999979019165,26.132245,0.48804423,-0.105620004,166.266,0.01538,-0.07476,-0.334,5.374,Misc,Consumer Defensive,Confectioners,2026-06-11,Confectioners,0,0,0
MEDIORG,1186964992.0,MICRO CAP,101.45,27.718578,3.6429904,0.1040750025,29.1,0.09375,0.0621700015,0.122,0.183,Misc,Unknown,Unknown,2026-06-11,Diversified,0,1,0
GANGESSECU,1186237184.0,MICRO CAP,118.58000183105469,44.081783,0.2201017,0.1040750025,29.1,0.19284001,0.046090003,-0.135,0.417,Misc,Consumer Defensive,Packaged Foods,2026-06-11,Packaged Foods,0,0,0
BTML,1179218560.0,MICRO CAP,6.489999771118164,14.75,1.262646,0.13237001,41.589,0.08971,0.05524,-0.13,-0.041,Misc,Communication Services,Entertainment,2026-06-11,Entertainment,0,0,0
CUBEXTUB,1171292160.0,MICRO CAP,81.80000305175781,15.700576,1.4033041,0.093660004,52.119,-0.03549,0.025880001,0.061,-0.404,Metals,Basic Materials,Copper,2026-06-11,Copper,0,0,0
DUCON,1166482816.0,MICRO CAP,3.5899999141693115,10.558824,0.4816206,0.10106,139.323,0.03376,0.011670001,4.985060000000001,0.75,Misc,Industrials,Specialty Industrial Machinery,2026-06-11,Specialty Industrial Machinery,0,1,0
SOMICONVEY,1156234240.0,MICRO CAP,95.08999633789062,22.479904,1.4255943,0.06364,16.566,0.08685,0.04993,-0.288,-0.342,Misc,Industrials,Specialty Industrial Machinery,2026-06-11,Specialty Industrial Machinery,0,0,0
GLOBALPET,1141610496.0,MICRO CAP,96.85,21.522223,2.0671916,0.1040750025,29.1,0.09375,0.0621700015,0.122,0.183,Misc,Unknown,Unknown,2026-06-11,Diversified,0,1,0
STEELCITY,1139074944.0,MICRO CAP,75.4000015258789,7.8787885,0.825442,0.106800005,7.159,0.26528,0.21593,0.211,0.226,Misc,Financial Services,Capital Markets,2026-06-11,Capital Markets,0,1,0
AKSHOPTFBR,1132377856.0,MICRO CAP,6.960000038146973,26.132245,-8.645963,0.1040750025,29.1,-0.026800001,-0.102749996,0.238,0.183,Misc,Technology,Communication Equipment,2026-06-11,Communication Equipment,0,1,0
MOTOGENFIN,1131514112.0,MICRO CAP,29.0,3.833861852,1.4832243,0.1040750025,29.1,0.13176,0.12891,0.122,0.183,Misc,Real Estate,Real Estate Services,2026-06-11,Real Estate Services,0,1,0
ZENITHEXPO,1121826432.0,MICRO CAP,207.88999938964844,48.915295,1.3275733,0.027579999,2.521,-0.087019995,0.03541,-0.373,0.183,Misc,Consumer Cyclical,Textile Manufacturing,2026-06-11,Textile Manufacturing,0,0,0
PRECISION,1095147520.0,MICRO CAP,47.7,136.28572,1.3408669,0.1040750025,29.1,0.09375,0.0621700015,0.122,0.183,Misc,Unknown,Unknown,2026-06-11,Diversified,0,1,0
HOLMARC,1094947456.0,MICRO CAP,108.95,29.287634,3.993329,0.1040750025,29.1,0.09375,0.0621700015,0.122,0.183,Misc,Unknown,Unknown,2026-06-11,Diversified,0,1,0
REGENCERAM,1086749184.0,MICRO CAP,41.099998474121094,26.132245,-1.2933476,0.1040750025,29.1,-1.13334,-0.62310004,0.605,0.183,Misc,Industrials,Building Products & Equipment,2026-06-11,Building Products & Equipment,0,1,0
SADBHIN,1084853632.0,MICRO CAP,3.0799999237060547,26.132245,-0.20548402,0.1040750025,29.1,0.56031,-0.2235,0.182,0.183,Industrials,Industrials,Engineering & Construction,2026-06-11,Engineering & EPC,0,1,0
AVSL,1081417728.0,MICRO CAP,202.85,42.79536,2.711246,0.1040750025,29.1,0.09375,0.0621700015,0.122,0.183,Misc,Unknown,Unknown,2026-06-11,Diversified,0,1,0
BLUEPEBBLE,1077323904.0,MICRO CAP,264.05,21.277195,3.8865173,0.1040750025,29.1,0.09375,0.0621700015,0.122,0.183,Misc,Unknown,Unknown,2026-06-11,Diversified,0,1,0
NAVKARURB,1077206784.0,MICRO CAP,0.9599999785423279,32.0,1.5635178,0.01852,3.591,0.08874,0.12576,3.145,0.183,Misc,Basic Materials,Building Materials,2026-06-11,Building Materials,0,1,0
DBSTOCKBRO,1075549952.0,MICRO CAP,30.729999542236328,34.52809,1.4000638,0.1040750025,3.583,0.18462,0.14595,-0.287,-0.167,Misc,Financial Services,Capital Markets,2026-06-11,Capital Markets,0,0,0
LAMBODHARA,1073874048.0,MICRO CAP,103.4800033569336,9.762264,0.83606696,0.08962,30.332,0.04857,0.04625,0.05,13.381,Misc,Consumer Cyclical,Textile Manufacturing,2026-06-11,Textile Manufacturing,0,0,0
COMPUSOFT,1072146240.0,MICRO CAP,13.550000190734863,37.63889,0.73950773,0.1040750025,34.173,-0.18653,0.07374,0.054,0.273,Misc,Consumer Defensive,Education & Training Services,2026-06-11,Education & Training Services,0,0,0
PAR,1070749376.0,MICRO CAP,87.0199966430664,8.170892,1.004873,0.124280006,29.1,0.043709997,0.121759996,-0.106,-0.485,Misc,Healthcare,Drug Manufacturers - Specialty & Generic,2026-06-11,Drug Manufacturers - Specialty & Generic,0,0,0
BEARDSELL,1069531456.0,MICRO CAP,27.1200008392334,9.351724,1.1634492,0.13226,24.168,0.06422,0.04163,-0.048,1.359,Misc,Industrials,Building Products & Equipment,2026-06-11,Building Products & Equipment,0,0,0
RHFL,1063722496.0,MICRO CAP,2.180000066757202,26.132245,-2.831169,0.1040750025,29.1,0.8849212000000001,0.0,0.122,0.183,Misc,Financial Services,Mortgage Finance,2026-06-11,Mortgage Finance,0,1,0
RAJSREESUG,1057025792.0,MICRO CAP,31.899999618530273,93.823524,0.4020012,0.0043099998,126.178,0.25081,0.00209,0.082,1.669,Misc,Consumer Defensive,Confectioners,2026-06-11,Confectioners,0,0,0
GVPTECH,1055224256.0,MICRO CAP,6.400000095367432,26.132245,1.3125513,0.00452,18.926,-4.42867,0.0431,-0.79,0.183,Technology,Technology,Information Technology Services,2026-06-11,IT Services,0,0,0
KONTOR,1051750016.0,MICRO CAP,150.25,22.526237,3.3354793,0.1040750025,29.1,0.09375,0.0621700015,0.122,0.183,Misc,Unknown,Unknown,2026-06-11,Diversified,0,1,0
GROBTEA,1046097024.0,MICRO CAP,900.0,18.192844,0.99756265,0.1040750025,14.11,0.12472,0.046529997,0.776,9.9,Misc,Consumer Defensive,Farm Products,2026-06-11,Farm Products,0,1,0
WALPAR,1045388800.0,MICRO CAP,115.1,100.96491,6.084474,0.1040750025,29.1,0.09375,0.0621700015,0.122,0.183,Misc,Unknown,Unknown,2026-06-11,Diversified,0,1,0
MHHL,1040358080.0,MICRO CAP,57.05,26.132245,1.0278909,0.1040750025,29.1,0.09375,0.0621700015,0.122,0.183,Misc,Unknown,Unknown,2026-06-11,Diversified,0,1,0
LOVABLE,1036887936.0,MICRO CAP,70.05999755859375,12.998144,0.57313013,0.044499997,1.512,-0.30757,0.079380006,-0.219,-0.191,Misc,Consumer Cyclical,Apparel Manufacturing,2026-06-11,Apparel Manufacturing,0,0,0
SURYALAXMI,1036359552.0,MICRO CAP,55.11000061035156,33.198795,0.38211393,0.01149,111.042,0.02953,0.00392,-0.024,-0.707,Misc,Consumer Cyclical,Textile Manufacturing,2026-06-11,Textile Manufacturing,0,0,0
BAGFILMS,1030281792.0,MICRO CAP,4.960000038146973,27.555555,0.4008405,0.02234,50.258,0.12387,0.02493,0.025,-0.714,Media,Communication Services,Broadcasting,2026-06-11,Broadcasting,0,0,0
HINDCON,1029955392.0,MICRO CAP,20.1200008392334,23.952383,1.3245558,0.05466,18.593,0.06053,0.048070002,0.379,0.548,Chemicals,Basic Materials,Specialty Chemicals,2026-06-11,Specialty Chemicals,0,1,0
PRESSTONIC,1029114304.0,MICRO CAP,113.4,18.31987,1.8371811,0.1040750025,29.1,0.09375,0.0621700015,0.122,0.183,Misc,Unknown,Unknown,2026-06-11,Diversified,0,1,0
SHYAMCENT,1026917312.0,MICRO CAP,4.840000152587891,26.132245,0.5678752,0.1040750025,0.555,-5.3092397380000005,-0.3094,-0.831,0.183,Misc,Basic Materials,Steel,2026-06-11,Steel,0,0,0
GLOBE,1022450624.0,MICRO CAP,2.2699999809265137,14.1875,0.6827068,0.06266,114.163,0.04911,0.01413,0.409,0.388,Misc,Consumer Cyclical,Textile Manufacturing,2026-06-11,Textile Manufacturing,0,1,0
MAL,1018294528.0,MICRO CAP,41.25,7.624769,0.6578108,0.1040750025,29.1,0.09375,0.0621700015,0.122,0.183,Misc,Unknown,Unknown,2026-06-11,Diversified,0,1,0
MOKSH,1017549952.0,MICRO CAP,12.149999618530273,9.719999,0.78589904,0.082150005,19.056,0.00794,0.01451,0.562,1.969,Misc,Consumer Cyclical,Luxury Goods,2026-06-11,Luxury Goods,0,1,0
JETFREIGHT,1015314752.0,MICRO CAP,21.8799991607666,14.884353,1.4338138,0.100710005,104.6,0.050040003,0.015319999,0.114,8.429,Misc,Industrials,Integrated Freight & Logistics,2026-06-11,Integrated Freight & Logistics,0,1,0
AAKASH,1013512512.0,MICRO CAP,10.010000228881836,28.6,1.5504957,0.056339998,41.927,0.075050004,0.03112,0.267,5.315,Misc,Energy,Oil & Gas Equipment & Services,2026-06-11,Oil & Gas Equipment & Services,0,1,0
BHANDARI,1012187584.0,MICRO CAP,3.0399999618530273,13.818182,0.52117264,0.04617,57.828,0.060900003,0.02767,0.01,-0.446,Misc,Consumer Cyclical,Apparel Manufacturing,2026-06-11,Apparel Manufacturing,0,0,0
AGNI,1011902656.0,MICRO CAP,51.8,235.45454,3.1755762,0.1040750025,29.1,0.09375,0.0621700015,0.122,0.183,Misc,Unknown,Unknown,2026-06-11,Diversified,0,1,0
BANKA,1004994176.0,MICRO CAP,92.41999816894531,26.132245,3.8616135,0.0106,95.839,0.15359999,0.0068900003,0.191,0.183,Misc,Industrials,Pollution & Treatment Controls,2026-06-11,Pollution & Treatment Controls,0,1,0
RAJMET,1000857600.0,MICRO CAP,3.619999885559082,26.132245,2.1319199,-0.0056800004,23.66,0.03649,-0.00122,-0.729,8.622,Metals,Basic Materials,Copper,2026-06-11,Copper,0,0,0
OSWALSEEDS,998852416.0,MICRO CAP,10.920000076293945,28.736843,1.9626168,0.15245,121.208,0.06885,0.0291,1.17,2.833,Chemicals,Basic Materials,Agricultural Inputs,2026-06-11,Agrochemicals,0,1,0
SELMC,994713472.0,MICRO CAP,29.979999542236328,26.132245,-0.2486708,0.1040750025,29.1,-5.3092397380000005,0.0,-0.185,0.183,Misc,Consumer Cyclical,Textile Manufacturing,2026-06-11,Textile Manufacturing,0,0,0
DOLLEX,989311360.0,MICRO CAP,37.1,16.343613,1.9067687,0.1040750025,29.1,0.09375,0.0621700015,0.122,0.183,Misc,Unknown,Unknown,2026-06-11,Diversified,0,1,0
HILTON,988157824.0,MICRO CAP,19.200000762939453,20.210527,0.44683376,0.02585,37.021,0.03927,0.01496,0.128,-0.95092,Misc,Industrials,Metal Fabrication,2026-06-11,Metal Fabrication,0,0,0
INVENTURE,987000000.0,MICRO CAP,0.9399999976158142,23.5,0.35673624,0.01402,13.28,0.00878,0.092259996,-0.523,0.183,Misc,Financial Services,Capital Markets,2026-06-11,Capital Markets,0,0,0
GOYALALUM,984856192.0,MICRO CAP,6.900000095367432,38.333332,3.9226835,0.1040750025,5.731,0.056929998,0.04048,-0.142,-0.5,Misc,Basic Materials,Aluminum,2026-06-11,Aluminum,0,0,0
AUROIMPEX,983384448.0,MICRO CAP,80.6,23.636362,1.9156723,0.1040750025,29.1,0.09375,0.0621700015,0.122,0.183,Misc,Unknown,Unknown,2026-06-11,Diversified,0,1,0
LOYALTEX,982555008.0,MICRO CAP,204.0,26.132245,0.48181844,-0.20754999,105.728,-0.07661,-0.15326001,-0.438,0.183,Misc,Consumer Cyclical,Textile Manufacturing,2026-06-11,Textile Manufacturing,0,0,0
ARTNIRMAN,981020416.0,MICRO CAP,39.310001373291016,77.07844,2.3565736,0.01395,195.929,0.15135999,0.01564,1.519,-0.871,Misc,Real Estate,Real Estate - Development,2026-06-11,Real Estate - Development,0,0,0
GRAPHISAD,975965120.0,MICRO CAP,53.4,11.633986,1.008956,0.1040750025,29.1,0.09375,0.0621700015,0.122,0.183,Misc,Unknown,Unknown,2026-06-11,Diversified,0,1,0
ONELIFECAP,971360000.0,MICRO CAP,26.0,18.055555,1.2833169,0.10067,42.418,0.68263,0.1757,0.646,0.093,Misc,Financial Services,Capital Markets,2026-06-11,Capital Markets,0,0,0
SIL,968150528.0,MICRO CAP,15.050000190734863,26.132245,0.8420523,-0.16631001,3.137,-0.47959,-0.56805,0.1,0.183,Misc,Consumer Cyclical,Textile Manufacturing,2026-06-11,Textile Manufacturing,0,0,0
SEMAC,960286720.0,MICRO CAP,308.04998779296875,13.1927185,1.139879,0.08798,32.273,0.0505,0.02954,0.021,5.195,Industrials,Industrials,Engineering & Construction,2026-06-11,Engineering & EPC,0,0,0
VAISHALI,957592064.0,MICRO CAP,7.340000152587891,122.333336,1.4361182,0.06215,27.331,0.03194,0.036989998,-0.126,0.183,Misc,Healthcare,Drug Manufacturers - Specialty & Generic,2026-06-11,Drug Manufacturers - Specialty & Generic,0,0,0
SMLT,954723136.0,MICRO CAP,69.73999786376953,20.694363,0.7760271,0.037720002,5.31,0.028369999,0.02398,0.289,1.224,Misc,Industrials,Metal Fabrication,2026-06-11,Metal Fabrication,0,1,0
MARCO,953649024.0,MICRO CAP,51.0,17.406143,2.615653,0.1040750025,29.1,0.09375,0.0621700015,0.122,0.183,Misc,Unknown,Unknown,2026-06-11,Diversified,0,1,0
PENTAGON,947944448.0,MICRO CAP,122.95,51.65966,2.8248131,0.1040750025,29.1,0.09375,0.0621700015,0.122,0.183,Misc,Unknown,Unknown,2026-06-11,Diversified,0,1,0
SIDDHIKA,941679552.0,MICRO CAP,152.4,9.066032,2.0037339,0.1040750025,29.1,0.09375,0.0621700015,0.122,0.183,Misc,Unknown,Unknown,2026-06-11,Diversified,0,1,0
PALASHSECU,935290048.0,MICRO CAP,93.5,6.0361524,0.19333561,0.02155,0.08707999999999999,-0.24718,0.32402,-0.831,0.183,Misc,Consumer Defensive,Packaged Foods,2026-06-11,Packaged Foods,0,0,0
VERTEXPLUS,924134528.0,MICRO CAP,168.65,105.40624,4.1943345,0.1040750025,29.1,0.09375,0.0621700015,0.122,0.183,Misc,Unknown,Unknown,2026-06-11,Diversified,0,1,0
PATINTLOG,921315264.0,MICRO CAP,13.239999771118164,9.594203,0.7714269,0.1040750025,5.065,0.03853,0.018660001,0.125,0.561,Misc,Industrials,Integrated Freight & Logistics,2026-06-11,Integrated Freight & Logistics,0,1,0
KAKATCEM,918092608.0,MICRO CAP,118.0999984741211,26.132245,0.5021152,-0.12282,10.674,-0.43932998,-0.30505,-0.253,0.183,Misc,Basic Materials,Building Materials,2026-06-11,Building Materials,0,0,0
AMEYA,908625024.0,MICRO CAP,121.15,17.135784,2.7527835,0.1040750025,29.1,0.09375,0.0621700015,0.122,0.183,Misc,Unknown,Unknown,2026-06-11,Diversified,0,1,0
NOIDATOLL,904907776.0,MICRO CAP,4.860000133514404,3.833861852,-7.115666,0.1040750025,29.1,0.20917,0.63425,0.076,-0.045,Misc,Industrials,Infrastructure Operations,2026-06-11,Infrastructure Operations,0,0,0
ARABIAN,899134656.0,MICRO CAP,82.55,9.285714,1.2974256,0.1040750025,29.1,0.09375,0.0621700015,0.122,0.183,Misc,Unknown,Unknown,2026-06-11,Diversified,0,1,0
DHANLAXMI,898040000.0,MICRO CAP,55.0,8.396946,1.775167,0.1040750025,22.006,0.23196,0.13361,-0.76,-0.585,Misc,Consumer Defensive,Farm Products,2026-06-11,Farm Products,0,0,0
RELCHEMQ,897683968.0,MICRO CAP,119.0,16.90341,0.64244455,0.03758,187.457,0.05979,0.014529999,0.073,-0.053,Misc,Consumer Cyclical,Textile Manufacturing,2026-06-11,Textile Manufacturing,0,0,0
ABAN,895907776.0,MICRO CAP,15.35,26.132245,-0.0033332056,0.1040750025,29.1,0.18032,-1.1392655999999999,-0.241,0.183,Misc,Energy,Oil & Gas Drilling,2026-06-11,Oil & Gas Drilling,0,0,0
BVCL,895264064.0,MICRO CAP,40.400001525878906,310.76926,0.72299075,0.1040750025,28.58,-0.01423,0.000120000004,-0.129,0.183,Misc,Basic Materials,Building Materials,2026-06-11,Building Materials,0,0,0
AMDIND,894703808.0,MICRO CAP,46.68000030517578,26.132245,0.5733939,-0.02799,51.225,0.03433,-0.015369999,0.2,16.134920000000058,Misc,Consumer Cyclical,Packaging & Containers,2026-06-11,Packaging & Containers,0,1,0
MVKAGRO,885253504.0,MICRO CAP,57.15,4.6767592,0.7104586,0.1040750025,29.1,0.09375,0.0621700015,0.122,0.183,Misc,Unknown,Unknown,2026-06-11,Diversified,0,1,0
SANGINITA,884537984.0,MICRO CAP,34.150001525878906,26.132245,1.9066497,-0.18882999,26.413,-0.13744001,-0.054899998,-0.138,0.183,Misc,Basic Materials,Chemicals,2026-06-11,Chemicals,0,0,0
SYNOPTICS,884464000.0,MICRO CAP,104.3,21.86583,1.1960187,0.1040750025,29.1,0.09375,0.0621700015,0.122,0.183,Misc,Unknown,Unknown,2026-06-11,Diversified,0,1,0
MAHICKRA,884097088.0,MICRO CAP,108.85,17.360447,1.3530816,0.1040750025,29.1,0.09375,0.0621700015,0.122,0.183,Misc,Unknown,Unknown,2026-06-11,Diversified,0,1,0
LPDC,879979136.0,MICRO CAP,6.559999942779541,59.636364,2.0278208,0.0367,29.1,0.25190002,0.20333,0.122,0.183,Misc,Real Estate,Real Estate Services,2026-06-11,Real Estate Services,0,1,0
KOHINOOR,879707328.0,MICRO CAP,23.729999542236328,3.833861852,-0.5243619,0.1040750025,29.1,-0.19106,0.50771,0.412,-0.767,Misc,Consumer Defensive,Packaged Foods,2026-06-11,Packaged Foods,0,0,0
ARIHANTACA,878306752.0,MICRO CAP,145.05,13.270814,2.6179001,0.1040750025,29.1,0.09375,0.0621700015,0.122,0.183,Misc,Unknown,Unknown,2026-06-11,Diversified,0,1,0
CINEVISTA,873608832.0,MICRO CAP,15.210000038146973,14.349057,1.7291952,0.113859996,27.129,0.41814998,0.25441998,-0.364,0.183,Misc,Communication Services,Entertainment,2026-06-11,Entertainment,0,0,0
DIGJAMLMTD,872200000.0,MICRO CAP,43.61000061035156,37.59483,19.95881,0.47396,556.8185800000006,0.13828,-0.02999,0.327,0.183,Misc,Consumer Cyclical,Textile Manufacturing,2026-06-11,Textile Manufacturing,0,1,0
RADIOWALLA,867637952.0,MICRO CAP,123.1,492.4,1.8472112,0.1040750025,29.1,0.09375,0.0621700015,0.122,0.183,Misc,Unknown,Unknown,2026-06-11,Diversified,0,1,0
VISHWAS,867500032.0,MICRO CAP,86.75,15.139616,1.6781445,0.1040750025,29.1,0.09375,0.0621700015,0.122,0.183,Misc,Unknown,Unknown,2026-06-11,Diversified,0,1,0
BABAFP,866115712.0,MICRO CAP,53.05,26.928934,1.4164797,0.1040750025,29.1,0.09375,0.0621700015,0.122,0.183,Misc,Unknown,Unknown,2026-06-11,Diversified,0,1,0
HDIL,862687296.0,MICRO CAP,1.8200000524520874,26.132245,-0.019511778,0.1040750025,29.1,-3.24165,-0.05415,-0.135,0.183,Misc,Real Estate,Real Estate - Diversified,2026-06-11,Real Estate - Diversified,0,0,0
PROLIFE,859756800.0,MICRO CAP,210.0,18.372704,1.8325726,0.1040750025,29.1,0.09375,0.0621700015,0.122,0.183,Misc,Unknown,Unknown,2026-06-11,Diversified,0,1,0
SILKFLEX,853694912.0,MICRO CAP,73.55,7.024833,2.185216,0.1040750025,29.1,0.09375,0.0621700015,0.122,0.183,Misc,Unknown,Unknown,2026-06-11,Diversified,0,1,0
SPLIL,851265408.0,MICRO CAP,29.0,13.875599,0.38821957,0.03323,29.1,-0.05079,0.10154,-0.242,0.356,Misc,Consumer Cyclical,Apparel Manufacturing,2026-06-11,Apparel Manufacturing,0,0,0
ALKALI,846675392.0,MICRO CAP,83.1500015258789,151.18182,1.8961939,0.01248,40.789,0.18882999,0.00598,0.155,-0.079,Chemicals,Basic Materials,Specialty Chemicals,2026-06-11,Specialty Chemicals,0,0,0
RCDL,844229568.0,MICRO CAP,35.3,6.6856055,0.8820589,0.1040750025,29.1,0.09375,0.0621700015,0.122,0.183,Misc,Unknown,Unknown,2026-06-11,Diversified,0,1,0
SLONE,843042048.0,MICRO CAP,160.0,11.887073,1.9428085,0.1040750025,29.1,0.09375,0.0621700015,0.122,0.183,Misc,Unknown,Unknown,2026-06-11,Diversified,0,1,0
NAGREEKEXP,835917440.0,MICRO CAP,26.75,34.74026,0.53584665,0.0196,108.513,0.02168,0.00599,0.472,0.183,Misc,Consumer Cyclical,Textile Manufacturing,2026-06-11,Textile Manufacturing,0,1,0
BLBLIMITED,835271040.0,MICRO CAP,15.800000190734863,3.833861852,0.63725096,0.29268998,0.207,0.09494001,0.04474,0.196,0.183,Misc,Financial Services,Capital Markets,2026-06-11,Capital Markets,1,1,0
SEL,834982272.0,MICRO CAP,360.1,50.434174,5.546656,0.1040750025,29.1,0.09375,0.0621700015,0.122,0.183,Misc,Unknown,Unknown,2026-06-11,Diversified,0,1,0
CLSL,828718976.0,MICRO CAP,48.35,12.209596,1.2493217,0.1040750025,29.1,0.09375,0.0621700015,0.122,0.183,Misc,Unknown,Unknown,2026-06-11,Diversified,0,1,0
AKIKO,826566784.0,MICRO CAP,76.75,10.152117,1.3762866,0.1040750025,29.1,0.09375,0.0621700015,0.122,0.183,Misc,Unknown,Unknown,2026-06-11,Diversified,0,1,0
ZENITHSTL,825226624.0,MICRO CAP,5.800000190734863,18.709679,-0.33027732,0.1040750025,29.1,-0.01684,0.08212,-0.545,-0.49,Misc,Basic Materials,Steel,2026-06-11,Steel,0,0,0
MAITREYA,817524416.0,MICRO CAP,120.65,30.856777,3.0542758,0.1040750025,29.1,0.09375,0.0621700015,0.122,0.183,Misc,Unknown,Unknown,2026-06-11,Diversified,0,1,0
DEEM,817052672.0,MICRO CAP,98.0,37.69231,0.9252266,0.1040750025,29.1,0.09375,0.0621700015,0.122,0.183,Misc,Unknown,Unknown,2026-06-11,Diversified,0,1,0
GRADIENTE,814380032.0,MICRO CAP,2.450000047683716,26.132245,0.28705332,0.1040750025,3.255,0.02313,0.025940001,4.985060000000001,0.183,Misc,Communication Services,Entertainment,2026-06-11,Entertainment,0,1,0
REXPIPES,811755008.0,MICRO CAP,85.9,17.49491,2.1145656,0.1040750025,29.1,0.09375,0.0621700015,0.122,0.183,Misc,Unknown,Unknown,2026-06-11,Diversified,0,1,0
HISARMETAL,809784064.0,MICRO CAP,149.9600067138672,23.394697,1.1113088,0.052589998,131.655,0.03304,0.0128999995,0.215,1.257,Misc,Basic Materials,Steel,2026-06-11,Steel,0,1,0
ATAM,808141504.0,MICRO CAP,70.5,33.412323,2.1155922,0.06482,39.253,0.110369995,0.051069997,-0.109,-0.597,Misc,Industrials,Specialty Industrial Machinery,2026-06-11,Specialty Industrial Machinery,0,0,0
RSSOFTWARE,807225344.0,MICRO CAP,31.25,26.132245,3.0619242,-0.4629408,48.02,-1.7437601,-1.1392655999999999,-0.315,0.183,Technology,Technology,Information Technology Services,2026-06-11,IT Services,0,0,0
FIBERWEB,800409536.0,MICRO CAP,27.799999237060547,7.9885054,0.42820618,0.055219997,6.45,0.15472999,0.11843,-0.638,0.183,Misc,Consumer Cyclical,Textile Manufacturing,2026-06-11,Textile Manufacturing,0,0,0
ENERGYDEV,794199936.0,MICRO CAP,16.719999313354492,26.132245,20.291262,0.1040750025,29.1,-0.55797,-0.00524,0.478,0.183,Misc,Utilities,Utilities - Regulated Electric,2026-06-11,Utilities - Regulated Electric,0,1,0
TOTAL,791834368.0,MICRO CAP,49.099998474121094,10.513918,0.89546245,0.09048,44.052,0.00124,0.01254,-0.01,-0.925,Misc,Industrials,Integrated Freight & Logistics,2026-06-11,Integrated Freight & Logistics,0,0,0
TOUCHWOOD,786546880.0,MICRO CAP,70.9800033569336,19.393442,1.8828585,0.094399996,7.901,0.03845,0.054279998,0.121,-0.516,Misc,Communication Services,Advertising Agencies,2026-06-11,Advertising Agencies,0,0,0
SONUINFRA,786524032.0,MICRO CAP,76.0,5.1212935,1.0359869,0.1040750025,29.1,0.09375,0.0621700015,0.122,0.183,Misc,Unknown,Unknown,2026-06-11,Diversified,0,1,0
CURAA,782099968.0,MICRO CAP,79.0,26.132245,9.92587,-0.21989,95.089,-2.01474,-1.1392655999999999,0.122,0.183,Technology,Technology,Software - Application,2026-06-11,SaaS,0,1,0
TOKYOPLAST,780064896.0,MICRO CAP,82.0999984741211,124.39393,1.1498116,0.0101499995,77.168,0.042540003,0.00795,0.333,-0.897,Misc,Consumer Cyclical,Packaging & Containers,2026-06-11,Packaging & Containers,0,0,0
ACCURACY,778395200.0,MICRO CAP,5.170000076293945,19.884617,0.6335785,0.03194,124.622,0.03776,0.0058399998,-0.32,2.014,Misc,Industrials,Integrated Freight & Logistics,2026-06-11,Integrated Freight & Logistics,0,0,0
OMFURN,765336000.0,MICRO CAP,65.0,12.745098,1.1610045,0.1040750025,29.1,0.09375,0.0621700015,0.122,0.183,Misc,Unknown,Unknown,2026-06-11,Diversified,0,1,0
NIBL,760357760.0,MICRO CAP,31.3799991607666,4.534682,-1.3657136,0.1040750025,29.1,-0.21319,-0.38958,0.278,0.183,Misc,Industrials,Tools & Accessories,2026-06-11,Tools & Accessories,0,1,0
PATTECH,759816448.0,MICRO CAP,97.95,54.116024,2.0236766,0.1040750025,29.1,0.09375,0.0621700015,0.122,0.183,Misc,Unknown,Unknown,2026-06-11,Diversified,0,1,0
PIONEEREMB,759292480.0,MICRO CAP,24.639999389648438,26.132245,0.49859366,0.00386,58.416,0.02934,0.00182,-0.031,2.0,Misc,Consumer Cyclical,Textile Manufacturing,2026-06-11,Textile Manufacturing,0,0,0
IL&FSTRANS,753318464.0,MICRO CAP,2.2899999618530273,26.132245,-0.0050695455,0.1040750025,385.701,0.34368,0.0,0.76,0.183,Misc,Industrials,Infrastructure Operations,2026-06-11,Infrastructure Operations,0,1,0
PRAKASHSTL,750751616.0,MICRO CAP,4.289999961853027,71.5,10.778894,0.09003,4.665,0.00792,0.0092400005,0.164,-0.735,Misc,Basic Materials,Steel,2026-06-11,Steel,0,0,0
VELS,748664000.0,MICRO CAP,58.0,3.833861852,1.334407,0.1040750025,29.1,0.09375,0.0621700015,0.122,0.183,Misc,Unknown,Unknown,2026-06-11,Diversified,0,1,0
UMAEXPORTS,732320960.0,MICRO CAP,21.65999984741211,26.132245,0.36918986,0.0043,72.162,0.06127,0.00055,-0.425,0.183,Misc,Consumer Defensive,Farm Products,2026-06-11,Farm Products,0,0,0
MAGSON,730049984.0,MICRO CAP,93.0,175.47171,1.2467991,0.1040750025,29.1,0.09375,0.0621700015,0.122,0.183,Misc,Unknown,Unknown,2026-06-11,Diversified,0,1,0
MONOPHARMA,721760832.0,MICRO CAP,40.85,88.804344,2.682382,0.1040750025,29.1,0.09375,0.0621700015,0.122,0.183,Misc,Unknown,Unknown,2026-06-11,Diversified,0,1,0
AGRITECH,706860032.0,MICRO CAP,119.0,26.132245,2.2361767,0.1040750025,29.1,0.0,0.0,0.122,0.183,Misc,Consumer Defensive,Farm Products,2026-06-11,Farm Products,0,1,0
DAMODARIND,704592000.0,MICRO CAP,30.239999771118164,13.090909,0.47977915,0.03682,113.3,0.01975,0.01249,0.309,-0.801,Misc,Consumer Cyclical,Textile Manufacturing,2026-06-11,Textile Manufacturing,0,0,0
TRIDHYA,702133184.0,MICRO CAP,30.15,26.132245,1.6353872,0.1040750025,29.1,0.09375,0.0621700015,0.122,0.183,Misc,Unknown,Unknown,2026-06-11,Diversified,0,1,0
GSTL,700534400.0,MICRO CAP,43.95,26.132245,1.5669566,0.1040750025,29.1,0.09375,0.0621700015,0.122,0.183,Misc,Unknown,Unknown,2026-06-11,Diversified,0,1,0
DIGIDRIVE,698212608.0,MICRO CAP,18.149999618530273,12.964286,0.26049513,0.01969,0.32,-0.20661,0.11658,-0.073,0.183,Misc,Consumer Cyclical,Internet Retail,2026-06-11,Internet Retail,0,0,0
HGM,697887424.0,MICRO CAP,55.40999984741211,162.97058,2.9680216,-0.13713999,115.257,-0.10727,-0.05135,1.298,0.183,Technology,Technology,Information Technology Services,2026-06-11,IT Services,0,1,0
TRU,695341952.0,MICRO CAP,5.849999904632568,26.132245,0.6344902,-0.4629408,556.8185800000006,0.8849212000000001,0.0,0.122,0.183,Financials,Financial Services,Credit Services,2026-06-11,NBFC – Lending,0,1,0
JHS,693127744.0,MICRO CAP,7.929999828338623,26.132245,0.39681745,-0.01107,8.503,-0.08252,-0.01828,0.392,0.183,Consumer,Consumer Defensive,Household & Personal Products,2026-06-11,FMCG – Personal Care,0,1,0
VIAZ,692181504.0,MICRO CAP,56.5,20.772058,1.7795836,0.1040750025,29.1,0.09375,0.0621700015,0.122,0.183,Misc,Unknown,Unknown,2026-06-11,Diversified,0,1,0
SECURKLOUD,683580928.0,MICRO CAP,20.459999084472656,26.132245,-17.791304,0.1040750025,29.1,-0.32313,0.0,-0.762,0.183,Technology,Technology,Software - Application,2026-06-11,SaaS,0,0,0
ORCHASP,678993728.0,MICRO CAP,1.9600000381469727,65.333336,0.65094656,0.1040750025,6.016,-2.5334198,0.14869,-0.77,-0.719,Technology,Technology,Software - Application,2026-06-11,SaaS,0,0,0
NGIL,676977536.0,MICRO CAP,38.0,44.70588,2.0691533,0.05291,44.646,0.13226,0.03461,-0.206,0.183,Misc,Consumer Defensive,Packaged Foods,2026-06-11,Packaged Foods,0,0,0
AJOONI,676917376.0,MICRO CAP,3.930000066757202,19.65,0.71105486,0.05514,19.479,0.022769999,0.03223,1.033,-0.444,Misc,Consumer Defensive,Packaged Foods,2026-06-11,Packaged Foods,0,0,0
UMA,676147456.0,MICRO CAP,33.35,25.075186,0.85949177,0.1040750025,29.1,0.09375,0.0621700015,0.122,0.183,Misc,Unknown,Unknown,2026-06-11,Diversified,0,1,0
SHEETAL,675331200.0,MICRO CAP,58.95,7.2688046,1.4890124,0.1040750025,29.1,0.09375,0.0621700015,0.122,0.183,Misc,Unknown,Unknown,2026-06-11,Diversified,0,1,0
MILTON,674701504.0,MICRO CAP,39.7,21.117022,1.3946463,0.1040750025,29.1,0.09375,0.0621700015,0.122,0.183,Misc,Unknown,Unknown,2026-06-11,Diversified,0,1,0
SIGNORIA,674208576.0,MICRO CAP,141.7,22.350157,3.1933832,0.1040750025,29.1,0.09375,0.0621700015,0.122,0.183,Misc,Unknown,Unknown,2026-06-11,Diversified,0,1,0
UCL,670269184.0,MICRO CAP,59.65,26.132245,1.5839087,0.1040750025,29.1,0.09375,0.0621700015,0.122,0.183,Misc,Unknown,Unknown,2026-06-11,Diversified,0,1,0
BONLON,668604864.0,MICRO CAP,40.810001373291016,28.144827,0.5843357,0.028959999,38.201,0.016390001,0.00403,-0.311,0.911,Misc,Basic Materials,Other Industrial Metals & Mining,2026-06-11,Other Industrial Metals & Mining,0,0,0
VSCL,667259584.0,MICRO CAP,52.2,26.132245,-15.126051,0.1040750025,29.1,0.09375,0.0621700015,0.122,0.183,Misc,Unknown,Unknown,2026-06-11,Diversified,0,1,0
GATECH,659128192.0,MICRO CAP,0.5199999809265137,6.375,0.53180397,0.10936,29.1,0.2702,0.37476003,0.144,-0.499,Financials,Financial Services,Asset Management,2026-06-11,Asset Management Companies,0,0,0
KHAITANLTD,658744448.0,MICRO CAP,131.1999969482422,10.290195,1.8590152,0.19865,16.193,0.07839,0.05391,0.415,-0.15,Misc,Industrials,Industrial Distribution,2026-06-11,Industrial Distribution,0,0,0
SUNDARAM,658690048.0,MICRO CAP,1.3899999856948853,19.857143,0.8424243,0.03568,23.312,0.00839,0.02319,0.119,0.183,Misc,Basic Materials,Paper & Paper Products,2026-06-11,Paper & Paper Products,0,1,0
BANARBEADS,656909696.0,MICRO CAP,98.98999786376953,36.799255,1.1364444,0.03127,35.612,0.27734,0.06963,-0.096,-0.027,Misc,Consumer Cyclical,Footwear & Accessories,2026-06-11,Footwear & Accessories,0,0,0
RKEC,656862592.0,MICRO CAP,27.3799991607666,3.833861852,0.33329275,0.04804,102.585,0.17068,0.03383,-0.726,-0.805,Industrials,Industrials,Engineering & Construction,2026-06-11,Engineering & EPC,0,0,0
ROML,656354496.0,MICRO CAP,43.790000915527344,14.080386,30.49443,0.1040750025,556.8185800000006,0.02012,0.03083,0.293,-0.605,Misc,Consumer Defensive,Packaged Foods,2026-06-11,Packaged Foods,0,0,0
FMNL,654900672.0,MICRO CAP,10.289999961853027,8.72034,0.60193044,0.07251,130.24,0.13829,0.07944,0.061,0.183,Misc,Real Estate,Real Estate Services,2026-06-11,Real Estate Services,0,0,0
ODIGMA,654551936.0,MICRO CAP,20.940000534057617,26.132245,1.0625666,0.1040750025,29.1,-0.23209,-0.02554,-0.06,0.183,Misc,Communication Services,Advertising Agencies,2026-06-11,Advertising Agencies,0,0,0
TFL,652575744.0,MICRO CAP,11.84000015258789,26.132245,2.2213883,-0.13848,107.02,-0.15072,-0.3449,0.942,0.183,Misc,Financial Services,Mortgage Finance,2026-06-11,Mortgage Finance,0,1,0
VINEETLAB,652052736.0,MICRO CAP,33.95000076293945,26.132245,2.2263756,0.1040750025,300.832,0.12185001,-0.18101999,-0.134,0.183,Misc,Basic Materials,Chemicals,2026-06-11,Chemicals,0,0,0
DELTAMAGNT,647811904.0,MICRO CAP,59.70000076293945,26.132245,28.028168,-0.12564999,556.8185800000006,0.03782,-0.20056,0.172,0.183,Misc,Consumer Cyclical,Textile Manufacturing,2026-06-11,Textile Manufacturing,0,1,0
PARASPETRO,645046528.0,MICRO CAP,1.9299999475479126,26.132245,2.969231,-0.01754,29.1,-3.4407,-0.23607999,0.122,0.183,Misc,Consumer Cyclical,Textile Manufacturing,2026-06-11,Textile Manufacturing,0,1,0
ATLASCYCLE,641928768.0,MICRO CAP,98.69999694824219,26.132245,0.16917777,-0.02095,2.371,-1.66571,-1.12347,-0.827,0.183,Misc,Consumer Cyclical,Leisure,2026-06-11,Leisure,0,0,0
KSHITIJPOL,640803456.0,MICRO CAP,7.199999809265137,28.8,2.401601,0.07117,29.786,0.19212,0.07934,0.973,0.183,Misc,Industrials,Business Equipment & Supplies,2026-06-11,Business Equipment & Supplies,0,1,0
CELLPOINT,637178944.0,MICRO CAP,34.1,616.6650680000004,0.8547008,0.1040750025,29.1,0.09375,0.0621700015,0.122,0.183,Misc,Unknown,Unknown,2026-06-11,Diversified,0,1,0
ANMOL,634592768.0,MICRO CAP,11.149999618530273,5.603015,0.5346696,0.09981,165.862,0.00849,0.00798,-0.018,0.574,Metals,Energy,Thermal Coal,2026-06-11,Coal,0,0,0
CPS,630611456.0,MICRO CAP,285.2,380.2667,4.2324586,0.1040750025,29.1,0.09375,0.0621700015,0.122,0.183,Misc,Unknown,Unknown,2026-06-11,Diversified,0,1,0
WINNY,629299968.0,MICRO CAP,290.0,26.132245,-147.95918,0.1040750025,29.1,0.09375,0.0621700015,0.122,0.183,Misc,Unknown,Unknown,2026-06-11,Diversified,0,1,0
YUDIZ,628965888.0,MICRO CAP,60.95,26.132245,1.3433988,0.1040750025,29.1,0.09375,0.0621700015,0.122,0.183,Misc,Unknown,Unknown,2026-06-11,Diversified,0,1,0
RAJTV,626074944.0,MICRO CAP,12.0600004196167,80.4,0.534172,0.00638,16.564,0.02776,0.0113,-0.019,0.183,Media,Communication Services,Broadcasting,2026-06-11,Broadcasting,0,0,0
ROLLT,625324992.0,MICRO CAP,2.5,3.833861852,7.0028014,0.1040750025,121.05,-5.3092397380000005,0.8458531554000015,0.122,0.183,Misc,Real Estate,Real Estate Services,2026-06-11,Real Estate Services,0,1,0
SERVICE,622068864.0,MICRO CAP,54.1,37.31034,1.4588895,0.1040750025,29.1,0.09375,0.0621700015,0.122,0.183,Misc,Unknown,Unknown,2026-06-11,Diversified,0,1,0
GATECHDVR,620355904.0,MICRO CAP,0.47999998927116394,5.333333,0.50052136,0.10936,29.1,0.2702,0.37476003,0.144,-0.499,Financials,Financial Services,Asset Management,2026-06-11,Asset Management Companies,0,0,0
SANGANI,619964544.0,MICRO CAP,45.0,20.737326,1.6638321,0.1040750025,29.1,0.09375,0.0621700015,0.122,0.183,Misc,Unknown,Unknown,2026-06-11,Diversified,0,1,0
AGARWALFT,615334272.0,MICRO CAP,84.95,20.035378,0.030849626,0.1040750025,29.1,0.09375,0.0621700015,0.122,0.183,Misc,Unknown,Unknown,2026-06-11,Diversified,0,1,0
HRHNEXT,614666560.0,MICRO CAP,46.55,16.805054,1.4876481,0.1040750025,29.1,0.09375,0.0621700015,0.122,0.183,Misc,Unknown,Unknown,2026-06-11,Diversified,0,1,0
MANDEEP,611486464.0,MICRO CAP,59.15,41.07639,1.7885221,0.1040750025,29.1,0.09375,0.0621700015,0.122,0.183,Misc,Unknown,Unknown,2026-06-11,Diversified,0,1,0
AGROPHOS,609237184.0,MICRO CAP,30.049999237060547,12.116935,0.8725826,0.10389,42.354,0.039219998,0.04772,-0.226,0.183,Chemicals,Basic Materials,Agricultural Inputs,2026-06-11,Agrochemicals,0,0,0
COMMITTED,608504768.0,MICRO CAP,53.1,5.9797297,0.87236524,0.1040750025,29.1,0.09375,0.0621700015,0.122,0.183,Misc,Unknown,Unknown,2026-06-11,Diversified,0,1,0
MICROPRO,608439488.0,MICRO CAP,42.55,26.132245,1.403503,0.1040750025,29.1,0.09375,0.0621700015,0.122,0.183,Misc,Unknown,Unknown,2026-06-11,Diversified,0,1,0
ARISTO,606915392.0,MICRO CAP,89.15,14.932999,1.4635388,0.1040750025,29.1,0.09375,0.0621700015,0.122,0.183,Misc,Unknown,Unknown,2026-06-11,Diversified,0,1,0
CTE,606399296.0,MICRO CAP,31.5,26.132245,0.9138912,0.00643,100.611,0.14958,0.00263,-0.211,0.183,Technology,Technology,Information Technology Services,2026-06-11,IT Services,0,0,0
LCCINFOTEC,606382144.0,MICRO CAP,4.789999961853027,26.132245,1.8932806,-0.022739999,0.786,-0.00548,0.0,0.062,0.183,Misc,Consumer Defensive,Education & Training Services,2026-06-11,Education & Training Services,0,0,0
AATMAJ,604550016.0,MICRO CAP,26.75,68.589745,1.1778433,0.1040750025,29.1,0.09375,0.0621700015,0.122,0.183,Misc,Unknown,Unknown,2026-06-11,Diversified,0,1,0
KKVAPOW,598370048.0,MICRO CAP,959.6,36.075188,2.301508,0.1040750025,29.1,0.09375,0.0621700015,0.122,0.183,Misc,Unknown,Unknown,2026-06-11,Diversified,0,1,0
BIOFILCHEM,591552576.0,MICRO CAP,36.349998474121094,21.257309,2.7514946,0.13811,14.005,0.06111,0.08851,-0.093,0.108,Misc,Healthcare,Drug Manufacturers - Specialty & Generic,2026-06-11,Drug Manufacturers - Specialty & Generic,0,0,0
BLUECOAST,590189888.0,MICRO CAP,29.989999771118164,26.132245,-1.9021946,0.1040750025,29.1,0.44856998,-1.02694,4.985060000000001,0.183,Misc,Consumer Cyclical,Lodging,2026-06-11,Lodging,0,1,0
ORIENTLTD,590000000.0,MICRO CAP,59.0,26.132245,0.9095675,-0.01805,90.363,0.029460002,-0.00916,-0.074,0.183,Misc,Consumer Cyclical,Packaging & Containers,2026-06-11,Packaging & Containers,0,0,0
DKEGL,585624000.0,MICRO CAP,78.0,11.095305,1.8330082,0.1040750025,29.1,0.09375,0.0621700015,0.122,0.183,Misc,Unknown,Unknown,2026-06-11,Diversified,0,1,0
BALKRISHNA,580595968.0,MICRO CAP,18.020000457763672,26.132245,-0.32932493,0.1040750025,29.1,-0.31228,-1.1392655999999999,-0.467,0.183,Misc,Consumer Cyclical,Packaging & Containers,2026-06-11,Packaging & Containers,0,0,0
TAPIFRUIT,576854976.0,MICRO CAP,135.0,26.132245,5.1497235,0.1040750025,29.1,0.09375,0.0621700015,0.122,0.183,Misc,Unknown,Unknown,2026-06-11,Diversified,0,1,0
GSMFOILS,576213120.0,MICRO CAP,44.15,3.833861852,0.83478296,0.1040750025,29.1,0.09375,0.0621700015,0.122,0.183,Misc,Unknown,Unknown,2026-06-11,Diversified,0,1,0
KSR,569729856.0,MICRO CAP,31.0,26.132245,0.7534147,-0.33792,45.357,0.02564,-0.062,0.09,0.183,Misc,Consumer Cyclical,Footwear & Accessories,2026-06-11,Footwear & Accessories,0,0,0
AILIMITED,566027584.0,MICRO CAP,94.0,70.67669,5.1162033,0.1040750025,29.1,0.09375,0.0621700015,0.122,0.183,Misc,Unknown,Unknown,2026-06-11,Diversified,0,1,0
SUVIDHAA,565990720.0,MICRO CAP,2.6600000858306885,26.132245,1.672956,-0.303,4.64,-2.8088198,-1.1392655999999999,-0.6,0.183,Technology,Technology,Information Technology Services,2026-06-11,IT Services,0,0,0
HOACFOODS,563030272.0,MICRO CAP,146.5,21.735907,2.5293071,0.1040750025,29.1,0.09375,0.0621700015,0.122,0.183,Misc,Unknown,Unknown,2026-06-11,Diversified,0,1,0
VIJIFIN,560025024.0,MICRO CAP,3.930000066757202,28.071428,2.6680243,0.08825,31.027,0.86291003,0.41875,1.619,2.12,Financials,Financial Services,Credit Services,2026-06-11,NBFC – Lending,0,1,0
SHIVAMILLS,552211520.0,MICRO CAP,63.900001525878906,26.132245,0.59598756,-0.00097000005,29.1,0.02438,-0.00064000004,-0.101,0.183,Misc,Consumer Cyclical,Textile Manufacturing,2026-06-11,Textile Manufacturing,0,0,0
ICDSLTD,551029376.0,MICRO CAP,42.29999923706055,23.5,2.2361767,0.1040750025,29.1,0.0,0.0,0.122,0.183,Misc,Real Estate,Real Estate Services,2026-06-11,Real Estate Services,0,1,0
ANSALAPI,546194944.0,MICRO CAP,3.4700000286102295,26.132245,-0.06795261,0.1040750025,29.1,0.03498,-0.20724002,0.71,5.721,Misc,Real Estate,Real Estate - Development,2026-06-11,Real Estate - Development,0,1,0
DHRUV,541685184.0,MICRO CAP,28.559999465942383,26.132245,0.8055736,-0.32422,38.855,-1.1674,-0.66391,-0.698,0.183,Industrials,Industrials,Engineering & Construction,2026-06-11,Engineering & EPC,0,0,0
VISAMAN,541430400.0,MICRO CAP,39.2,15.135136,0.8181154,0.1040750025,29.1,0.09375,0.0621700015,0.122,0.183,Misc,Unknown,Unknown,2026-06-11,Diversified,0,1,0
MALUPAPER,538214720.0,MICRO CAP,30.799999237060547,26.132245,-2.0837562,0.1040750025,29.1,0.03134,-0.0586,0.137,0.183,Misc,Basic Materials,Paper & Paper Products,2026-06-11,Paper & Paper Products,0,1,0
TPHQ,537147648.0,MICRO CAP,0.49000000953674316,26.132245,0.6179067,0.1040750025,1.018,-0.55165,0.0,0.122,0.183,Industrials,Industrials,Engineering & Construction,2026-06-11,Engineering & EPC,0,1,0
ADROITINFO,534314464.0,MICRO CAP,9.329999923706055,17.942308,0.67682266,0.04334,34.111,-0.00654,0.06779,0.256,0.183,Technology,Technology,Information Technology Services,2026-06-11,IT Services,0,1,0
JETKNIT,529965792.0,MICRO CAP,120.25,69.50867,2.277419,0.1040750025,29.1,0.09375,0.0621700015,0.122,0.183,Misc,Unknown,Unknown,2026-06-11,Diversified,0,1,0
WEWIN,529388096.0,MICRO CAP,52.099998474121094,18.475178,1.7156217,0.15142,10.825,0.0233,0.048070002,0.517,-0.707,Technology,Technology,Information Technology Services,2026-06-11,IT Services,0,0,0
PALREDTEC,528446848.0,MICRO CAP,43.20000076293945,26.132245,1.1668108,-0.17523001,161.322,-0.069860004,-0.06822,0.248,0.183,Misc,Technology,Consumer Electronics,2026-06-11,Consumer Electronics,0,1,0
PRITI,526121184.0,MICRO CAP,39.400001525878906,33.96552,0.71026826,0.01254,29.1,0.042880002,0.03185,-0.581,-0.794,Misc,Consumer Cyclical,"Furnishings, Fixtures & Appliances",2026-06-11,"Furnishings, Fixtures & Appliances",0,0,0
VIVIMEDLAB,525674208.0,MICRO CAP,6.340000152587891,26.132245,-1.096696,0.1040750025,29.1,-0.97253996,-0.39539,-0.563,0.183,Misc,Healthcare,Drug Manufacturers - Specialty & Generic,2026-06-11,Drug Manufacturers - Specialty & Generic,0,0,0
GAYAHWS,524837696.0,MICRO CAP,2.190000057220459,26.132245,-0.080337495,0.1040750025,29.1,0.05678,0.8458531554000015,4.985060000000001,-0.95092,Misc,Industrials,Infrastructure Operations,2026-06-11,Infrastructure Operations,0,0,0
MANUGRAPH,523019552.0,MICRO CAP,16.690000534057617,10.2392645,0.8856931,0.08901,5.169,0.01805,0.05589,-0.102,0.183,Misc,Industrials,Specialty Industrial Machinery,2026-06-11,Specialty Industrial Machinery,0,0,0
SABAR,512196032.0,MICRO CAP,26.65,95.178566,1.2906818,0.1040750025,29.1,0.09375,0.0621700015,0.122,0.183,Misc,Unknown,Unknown,2026-06-11,Diversified,0,1,0
BANG,507415168.0,MICRO CAP,37.41999816894531,8.523918,0.54235023,0.1040750025,44.214,0.078990005,0.28488,0.203,0.465,Misc,Consumer Cyclical,Apparel Manufacturing,2026-06-11,Apparel Manufacturing,0,1,0
AHLADA,502885312.0,MICRO CAP,38.91999816894531,21.502762,0.36692747,0.0012899999,27.946,-0.025120001,0.00176,-0.329,0.183,Misc,Industrials,Building Products & Equipment,2026-06-11,Building Products & Equipment,0,0,0
JAIPURKURT,498860416.0,MICRO CAP,28.899999618530273,28.613861,0.8428851,0.03352,57.634,0.07599,0.01762,0.53,-0.018,Misc,Consumer Cyclical,Apparel Manufacturing,2026-06-11,Apparel Manufacturing,0,0,0
VINNY,497813920.0,MICRO CAP,1.0700000524520874,53.500004,0.54067713,0.01117,19.671,-0.0019400001,0.0074,0.15,-0.607,Misc,Consumer Cyclical,Textile Manufacturing,2026-06-11,Textile Manufacturing,0,0,0
AKI,496420608.0,MICRO CAP,4.809999942779541,25.31579,0.6236225,0.029089998,21.381,0.04587,0.02224,0.523,2.5,Misc,Consumer Cyclical,Footwear & Accessories,2026-06-11,Footwear & Accessories,0,1,0
DANGEE,495799520.0,MICRO CAP,3.2200000286102295,26.132245,3.3859098,-0.092259996,157.724,-0.083229996,-0.048189998,0.083,0.183,Hospitality,Consumer Cyclical,Restaurants,2026-06-11,Restaurants,0,0,0
ITALIANE,495773408.0,MICRO CAP,33.55,12.289377,1.033739,0.1040750025,29.1,0.09375,0.0621700015,0.122,0.183,Misc,Unknown,Unknown,2026-06-11,Diversified,0,1,0
OSIAHYPER,492075968.0,MICRO CAP,2.990000009536743,3.833861852,0.12182203,0.1040750025,39.501,0.02718,0.012619999,-0.061,-0.647,Misc,Consumer Cyclical,Department Stores,2026-06-11,Department Stores,0,0,0
DESTINY,491646624.0,MICRO CAP,31.95,12.24138,1.1819326,0.1040750025,29.1,0.09375,0.0621700015,0.122,0.183,Misc,Unknown,Unknown,2026-06-11,Diversified,0,1,0
ISHAN,486529408.0,MICRO CAP,2.25,112.5,1.948052,0.1040750025,29.1,0.09375,0.0621700015,0.122,0.183,Misc,Unknown,Unknown,2026-06-11,Diversified,0,1,0
SHEKHAWATI,486371680.0,MICRO CAP,14.109999656677246,5.644,2.2122922,0.50071,6.28,0.68584,0.53535,-0.242,0.183,Misc,Consumer Cyclical,Textile Manufacturing,2026-06-11,Textile Manufacturing,0,0,1
KARMAENG,485820864.0,MICRO CAP,41.9900016784668,46.142857,1.192085,0.025969999,3.739,-3.35162,0.107530005,-0.067,0.183,Energy,Utilities,Utilities - Renewable,2026-06-11,Power Generation – Renewable,0,0,0
HYBRIDFIN,485404192.0,MICRO CAP,16.489999771118164,17.923912,1.097285,0.06479,1.585,0.56216,0.46807,4.493,-0.579,Misc,Financial Services,Capital Markets,2026-06-11,Capital Markets,0,0,0
CELEBRITY,484112576.0,MICRO CAP,7.5,26.132245,4.073873,-0.4629408,556.8185800000006,-0.00759,-0.091359995,-0.156,0.183,Misc,Consumer Cyclical,Apparel Manufacturing,2026-06-11,Apparel Manufacturing,0,0,0
YCCL,482598016.0,MICRO CAP,25.0,17.123287,1.1683881,0.1040750025,29.1,0.09375,0.0621700015,0.122,0.183,Misc,Unknown,Unknown,2026-06-11,Diversified,0,1,0
SVPGLOB,479435008.0,MICRO CAP,3.7899999618530273,26.132245,-0.039198652,0.1040750025,29.1,-5.3092397380000005,0.8458531554000015,-0.831,0.183,Misc,Consumer Cyclical,Textile Manufacturing,2026-06-11,Textile Manufacturing,0,0,0
PRUDMOULI,477652128.0,MICRO CAP,14.8100004196167,7.9623656,2.2361767,0.1040750025,29.1,0.0,0.0,0.122,0.183,Misc,Consumer Defensive,Confectioners,2026-06-11,Confectioners,0,1,0
CONTI,471264128.0,MICRO CAP,37.1,25.763887,1.6983291,0.1040750025,29.1,0.09375,0.0621700015,0.122,0.183,Misc,Unknown,Unknown,2026-06-11,Diversified,0,1,0
ORIENTALTL,466036064.0,MICRO CAP,6.340000152587891,16.684212,0.28918082,0.01814,2.873,0.20624,0.0847,-0.163,-0.721,Misc,Industrials,Building Products & Equipment,2026-06-11,Building Products & Equipment,0,0,0
UWCSL,462857632.0,MICRO CAP,88.95,13.920188,1.8418818,0.1040750025,29.1,0.09375,0.0621700015,0.122,0.183,Misc,Unknown,Unknown,2026-06-11,Diversified,0,1,0
SPRL,461691008.0,MICRO CAP,258.0,13.083165,2.8635485,0.1040750025,29.1,0.09375,0.0621700015,0.122,0.183,Misc,Unknown,Unknown,2026-06-11,Diversified,0,1,0
ARCHIES,461434784.0,MICRO CAP,13.65999984741211,26.132245,0.36986896,-0.03365,34.565,-0.49203,-0.07779,-0.456,0.183,Misc,Consumer Cyclical,Specialty Retail,2026-06-11,Specialty Retail,0,0,0
NIDAN,458700000.0,MICRO CAP,33.0,23.239437,0.65981525,0.1040750025,29.1,0.09375,0.0621700015,0.122,0.183,Misc,Unknown,Unknown,2026-06-11,Diversified,0,1,0
MITTAL,452778784.0,MICRO CAP,1.0199999809265137,17.0,0.7721423,0.03756,29.486,0.072620004,0.025050001,0.132,-0.363,Misc,Consumer Cyclical,Textile Manufacturing,2026-06-11,Textile Manufacturing,0,0,0
MASKINVEST,451622016.0,MICRO CAP,148.0,26.132245,0.39343494,0.1040750025,0.826,0.40791,0.04644,2.005,3.25,Misc,Financial Services,Capital Markets,2026-06-11,Capital Markets,0,1,0
SHANTHALA,449440096.0,MICRO CAP,67.1,35.31579,1.9178004,0.1040750025,29.1,0.09375,0.0621700015,0.122,0.183,Misc,Unknown,Unknown,2026-06-11,Diversified,0,1,0
INSPIRE,449106880.0,MICRO CAP,33.0,26.132245,1.4535525,0.1040750025,29.1,0.09375,0.0621700015,0.122,0.183,Misc,Unknown,Unknown,2026-06-11,Diversified,0,1,0
MANGALAM,448889120.0,MICRO CAP,28.360000610351562,26.132245,0.4354903,-0.35233003,109.406,-0.15142,-0.19127001,-0.075,0.183,Misc,Healthcare,Drug Manufacturers - Specialty & Generic,2026-06-11,Drug Manufacturers - Specialty & Generic,0,0,0
CEREBRAINT,448389984.0,MICRO CAP,3.700000047683716,26.132245,0.2942814,-0.4629408,48.431,-5.3092397380000005,0.0,-0.547,0.183,Misc,Industrials,Waste Management,2026-06-11,Waste Management,0,0,0
AKASH,442135616.0,MICRO CAP,26.219999313354492,18.464788,0.52387613,0.1040750025,102.888,0.13567,0.037100002,-0.215,16.134920000000058,Industrials,Industrials,Engineering & Construction,2026-06-11,Engineering & EPC,0,0,0
TIMESCAN,441991008.0,MICRO CAP,63.25,6.882481,1.5469464,0.1040750025,29.1,0.09375,0.0621700015,0.122,0.183,Misc,Unknown,Unknown,2026-06-11,Diversified,0,1,0
CAPTRUST,440381344.0,MICRO CAP,13.0,26.132245,0.7187086,-0.4629408,65.243,-0.07432,-1.1392655999999999,-0.35,0.183,Financials,Financial Services,Credit Services,2026-06-11,NBFC – Lending,0,0,0
FALCONTECH,438699936.0,MICRO CAP,70.75,42.1131,1.6529602,0.1040750025,29.1,0.09375,0.0621700015,0.122,0.183,Misc,Unknown,Unknown,2026-06-11,Diversified,0,1,0
MAKS,436198304.0,MICRO CAP,62.9,89.85715,2.682646,0.1040750025,29.1,0.09375,0.0621700015,0.122,0.183,Misc,Unknown,Unknown,2026-06-11,Diversified,0,1,0
MEGAFLEX,433077600.0,MICRO CAP,35.7,5.9500003,0.6898151,0.1040750025,29.1,0.09375,0.0621700015,0.122,0.183,Misc,Unknown,Unknown,2026-06-11,Diversified,0,1,0
RKDL,432000000.0,MICRO CAP,18.0,300.0,1.0597585,0.0032600001,109.187,0.08930001,0.00674,-0.374,0.0,Misc,Consumer Defensive,Beverages - Wineries & Distilleries,2026-06-11,Beverages - Wineries & Distilleries,0,0,0
SAGARDEEP,426435008.0,MICRO CAP,25.0,21.367521,1.2384207,0.08242,26.418,0.040749997,0.01505,1.184,0.433,Metals,Basic Materials,Copper,2026-06-11,Copper,0,1,0
CMRSL,424560000.0,MICRO CAP,145.0,12.195122,2.0880735,0.1040750025,29.1,0.09375,0.0621700015,0.122,0.183,Misc,Unknown,Unknown,2026-06-11,Diversified,0,1,0
AMBICAAGAR,424281792.0,MICRO CAP,24.700000762939453,12.288558,0.38104936,0.1040750025,84.996,0.051209997,0.00465,-0.283,0.183,Consumer,Consumer Defensive,Household & Personal Products,2026-06-11,FMCG – Personal Care,0,0,0
LFIC,422550016.0,MICRO CAP,140.85000610351562,26.132245,0.6988514,-0.012309999,29.1,-2.36327,-0.102510005,0.122,0.183,Financials,Financial Services,Asset Management,2026-06-11,Asset Management Companies,0,1,0
MADHUCON,416203488.0,MICRO CAP,5.639999866485596,26.132245,-0.024373801,0.1040750025,29.1,-1.279,-0.68002,0.122,0.183,Industrials,Industrials,Engineering & Construction,2026-06-11,Engineering & EPC,0,1,0
TNTELE,416153888.0,MICRO CAP,9.109999656677246,26.132245,-0.21789567,0.1040750025,29.1,0.0,0.0,0.122,0.183,Misc,Technology,Communication Equipment,2026-06-11,Communication Equipment,0,1,0
SITINET,415757600.0,MICRO CAP,0.36000001430511475,26.132245,-0.030617451,0.1040750025,29.1,-0.095790006,-0.18236999,-0.122,0.183,Misc,Communication Services,Entertainment,2026-06-11,Entertainment,0,0,0
JAKHARIA,414510656.0,MICRO CAP,34.0,12.639405,1.6260163,0.1040750025,29.1,0.09375,0.0621700015,0.122,0.183,Misc,Unknown,Unknown,2026-06-11,Diversified,0,1,0
ABMINTLLTD,403509120.0,MICRO CAP,42.88999938964844,26.132245,3.3122246,-0.17186001,72.831,0.10492,-0.03946,-0.187,0.183,Chemicals,Basic Materials,Specialty Chemicals,2026-06-11,Specialty Chemicals,0,0,0
ADL,389637504.0,MICRO CAP,70.0,26.132245,0.6781894,4.0000003e-05,37.408,0.01214,4.0000003e-05,-0.173,0.183,Misc,Consumer Cyclical,"Furnishings, Fixtures & Appliances",2026-06-11,"Furnishings, Fixtures & Appliances",0,0,0
SEYAIND,389437952.0,MICRO CAP,13.050000190734863,26.132245,0.04215416,-0.0035100002,94.447,0.0,0.0,0.122,0.183,Chemicals,Basic Materials,Specialty Chemicals,2026-06-11,Specialty Chemicals,0,1,0
VERITAAS,386751008.0,MICRO CAP,137.0,25.276752,3.0778906,0.1040750025,29.1,0.09375,0.0621700015,0.122,0.183,Misc,Unknown,Unknown,2026-06-11,Diversified,0,1,0
NKIND,385835552.0,MICRO CAP,64.19999694824219,26.132245,-0.11006814,0.1040750025,29.1,-0.08059,-0.29104,-0.381,0.183,Consumer,Consumer Defensive,Household & Personal Products,2026-06-11,FMCG – Personal Care,0,0,0
COUNCODOS,383330656.0,MICRO CAP,4.940000057220459,70.57143,1.7224547,0.02339,29.1,0.08156,0.03398,0.405,1.0,Misc,Real Estate,Real Estate - Development,2026-06-11,Real Estate - Development,0,1,0
ASHOKAMET,381188992.0,MICRO CAP,15.25,3.833861852,0.22318815,0.08558,43.157,0.19474001,0.38985002,0.236,0.183,Misc,Basic Materials,Steel,2026-06-11,Steel,0,1,0
AROGRANITE,376533024.0,MICRO CAP,24.610000610351562,26.132245,0.21532942,-0.065689996,87.15,-0.45953998,-0.16075,-0.57,0.183,Misc,Industrials,Building Products & Equipment,2026-06-11,Building Products & Equipment,0,0,0
LASA,375759296.0,MICRO CAP,7.5,26.132245,0.7583417,-0.4629408,19.643,0.8849212000000001,-1.1392655999999999,0.122,0.183,Misc,Healthcare,Drug Manufacturers - Specialty & Generic,2026-06-11,Drug Manufacturers - Specialty & Generic,0,1,0
BIRDYS,374990400.0,MICRO CAP,72.0,26.132245,1.7911785,0.1040750025,29.1,0.09375,0.0621700015,0.122,0.183,Misc,Unknown,Unknown,2026-06-11,Diversified,0,1,0
HBSL,374941536.0,MICRO CAP,52.529998779296875,26.132245,0.40613887,-0.12841,13.836,-3.01161,0.0,0.122,0.183,Misc,Financial Services,Capital Markets,2026-06-11,Capital Markets,0,1,0
TARAPUR,372450240.0,MICRO CAP,19.100000381469727,26.132245,-19.390863,0.1040750025,29.1,0.0,0.0,0.122,0.183,Misc,Industrials,Specialty Industrial Machinery,2026-06-11,Specialty Industrial Machinery,0,1,0
POLYSIL,368585440.0,MICRO CAP,32.5,26.132245,1.1629988,0.1040750025,29.1,0.09375,0.0621700015,0.122,0.183,Misc,Unknown,Unknown,2026-06-11,Diversified,0,1,0
JIWANRAM,358849248.0,MICRO CAP,14.5,15.760869,0.46664307,0.1040750025,29.1,0.09375,0.0621700015,0.122,0.183,Misc,Unknown,Unknown,2026-06-11,Diversified,0,1,0
AKSHAR,354360800.0,MICRO CAP,0.44999998807907104,26.132245,0.433526,-0.08741,6.226,0.01988,-0.06301,0.125,0.183,Misc,Consumer Cyclical,Textile Manufacturing,2026-06-11,Textile Manufacturing,0,1,0
SHAIVAL,353007008.0,MICRO CAP,30.5,179.41176,2.130037,0.1040750025,29.1,0.09375,0.0621700015,0.122,0.183,Misc,Unknown,Unknown,2026-06-11,Diversified,0,1,0
NAGREEKCAP,348939200.0,MICRO CAP,27.65999984741211,5.141264,1.2227036,0.29845,380.22,-0.20045,0.14942001,-0.692,0.183,Financials,Financial Services,Asset Management,2026-06-11,Asset Management Companies,0,0,0
AKG,345411392.0,MICRO CAP,10.869999885559082,98.818184,0.70406115,0.0068300003,10.82,0.01375,0.00418,-0.434,-0.797,Misc,Industrials,Industrial Distribution,2026-06-11,Industrial Distribution,0,0,0
AGUL,344943616.0,MICRO CAP,62.9,571.8182,1.6668875,0.1040750025,29.1,0.09375,0.0621700015,0.122,0.183,Misc,Unknown,Unknown,2026-06-11,Diversified,0,1,0
DNAMEDIA,344884480.0,MICRO CAP,2.930000066757202,26.132245,-0.13700552,0.1040750025,29.1,0.08505,-1.1392655999999999,-0.718,0.183,Misc,Communication Services,Publishing,2026-06-11,Publishing,0,0,0
MINDPOOL,344296864.0,MICRO CAP,81.25,145.08928,1.790318,0.1040750025,29.1,0.09375,0.0621700015,0.122,0.183,Misc,Unknown,Unknown,2026-06-11,Diversified,0,1,0
MARINETRAN,343601984.0,MICRO CAP,27.0,69.230774,1.3281518,0.1040750025,29.1,0.09375,0.0621700015,0.122,0.183,Misc,Unknown,Unknown,2026-06-11,Diversified,0,1,0
CYBERMEDIA,341399104.0,MICRO CAP,16.389999389648438,6.8008294,-3.4954145,0.1040750025,216.303,0.056199998,0.03777,0.304,0.183,Misc,Communication Services,Publishing,2026-06-11,Publishing,0,1,0
VERA,339281248.0,MICRO CAP,68.75,16.727493,1.3603086,0.1040750025,29.1,0.09375,0.0621700015,0.122,0.183,Misc,Unknown,Unknown,2026-06-11,Diversified,0,1,0
21STCENMGM,339149984.0,MICRO CAP,32.29999923706055,26.132245,1.0257224,-0.4629408,29.1,0.8849212000000001,0.0,0.122,0.183,Misc,Financial Services,Capital Markets,2026-06-11,Capital Markets,0,1,0
MADHAV,335512512.0,MICRO CAP,37.5,26.132245,0.27068776,0.00329,6.737,-0.20922,0.012669999,0.204,16.134920000000058,Misc,Industrials,Building Products & Equipment,2026-06-11,Building Products & Equipment,0,1,0
GTECJAINX,335119424.0,MICRO CAP,32.88999938964844,26.132245,69.096634,-0.4629408,238.1,-0.41551998,-0.11201999,-0.097,0.183,Misc,Consumer Defensive,Education & Training Services,2026-06-11,Education & Training Services,0,0,0
CBAZAAR,333610912.0,MICRO CAP,15.55,26.132245,6.904973,0.1040750025,29.1,0.09375,0.0621700015,0.122,0.183,Misc,Unknown,Unknown,2026-06-11,Diversified,0,1,0
DHTL,329051136.0,MICRO CAP,104.7,26.132245,4.0139546,0.1040750025,29.1,0.09375,0.0621700015,0.122,0.183,Misc,Unknown,Unknown,2026-06-11,Diversified,0,1,0
TCIFINANCE,325674048.0,MICRO CAP,25.299999237060547,26.132245,-0.42379266,0.1040750025,29.1,-0.84746003,0.0,0.122,-0.95092,Financials,Financial Services,Credit Services,2026-06-11,NBFC – Lending,0,0,0
KANDARP,323925280.0,MICRO CAP,36.1,20.2809,1.6487782,0.1040750025,29.1,0.09375,0.0621700015,0.122,0.183,Misc,Unknown,Unknown,2026-06-11,Diversified,0,1,0
OLIL,322359904.0,MICRO CAP,89.45,20.237556,2.3158574,0.1040750025,29.1,0.09375,0.0621700015,0.122,0.183,Misc,Unknown,Unknown,2026-06-11,Diversified,0,1,0
GANGAFORGE,318133248.0,MICRO CAP,2.359999895095825,26.132245,1.0890632,-0.1204,78.9,0.055859998,-0.102589995,0.122,0.183,Misc,Industrials,Metal Fabrication,2026-06-11,Metal Fabrication,0,1,0
MOHITIND,315713920.0,MICRO CAP,22.299999237060547,26.132245,0.19255011,-0.00587,60.172,0.01795,-0.0055400003,0.025,0.183,Misc,Consumer Cyclical,Textile Manufacturing,2026-06-11,Textile Manufacturing,0,0,0
LIBAS,315344640.0,MICRO CAP,11.970000267028809,3.833861852,0.3859423,0.00248,16.922,-0.10859,0.00264,-0.453,0.183,Misc,Consumer Cyclical,Apparel Manufacturing,2026-06-11,Apparel Manufacturing,0,0,0
GSS,314843488.0,MICRO CAP,12.199999809265137,26.132245,0.09165627,-0.15468,48.025,0.124180004,-0.56034,-0.312,0.183,Technology,Technology,Information Technology Services,2026-06-11,IT Services,0,0,0
KEEPLEARN,309867040.0,MICRO CAP,1.9900000095367432,26.132245,4.889435,-0.14512,26.43,-0.70748,-0.122559994,-0.547,0.183,Misc,Consumer Defensive,Education & Training Services,2026-06-11,Education & Training Services,0,0,0
KANANIIND,308674080.0,MICRO CAP,1.559999942779541,17.333332,0.41020247,0.03838,0.692,0.03506,0.01482,-0.617,0.183,Misc,Consumer Cyclical,Luxury Goods,2026-06-11,Luxury Goods,0,0,0
PEARLPOLY,303028768.0,MICRO CAP,18.0,26.132245,1.0473641,-0.15317,29.1,-0.55375,-0.24204001,-0.102,0.183,Misc,Consumer Cyclical,Packaging & Containers,2026-06-11,Packaging & Containers,0,0,0
LEXUS,302860864.0,MICRO CAP,15.0,17.857143,2.0034728,0.09217,305.089,-0.21524,0.01684,-0.45,0.183,Misc,Industrials,Building Products & Equipment,2026-06-11,Building Products & Equipment,0,0,0
SGL,302771008.0,MICRO CAP,10.680000305175781,26.132245,1.206507,-0.00825,48.323,-0.05585,-0.00212,-0.248,0.183,Misc,Consumer Cyclical,Textile Manufacturing,2026-06-11,Textile Manufacturing,0,0,0
SUNREST,296458272.0,MICRO CAP,61.65,14.784173,1.2950865,0.1040750025,29.1,0.09375,0.0621700015,0.122,0.183,Misc,Unknown,Unknown,2026-06-11,Diversified,0,1,0
SHUBHLAXMI,295814400.0,MICRO CAP,33.6,24.347826,1.509773,0.1040750025,29.1,0.09375,0.0621700015,0.122,0.183,Misc,Unknown,Unknown,2026-06-11,Diversified,0,1,0
SUPREMEENG,294940992.0,MICRO CAP,1.1799999475479126,26.132245,-0.33174023,0.1040750025,29.1,0.042329997,-0.37842,0.449,0.183,Misc,Basic Materials,Steel,2026-06-11,Steel,0,1,0
TREEHOUSE,294059520.0,MICRO CAP,6.949999809265137,26.132245,0.24182324,-0.053639997,3.323,-5.3092397380000005,-1.1392655999999999,-0.535,0.183,Misc,Consumer Defensive,Education & Training Services,2026-06-11,Education & Training Services,0,0,0
WILLAMAGOR,293630432.0,MICRO CAP,26.799999237060547,26.132245,-0.16218539,0.1040750025,29.1,-4.86293,-0.81706,-0.831,0.183,Financials,Financial Services,Credit Services,2026-06-11,NBFC – Lending,0,0,0
SANWARIA,291325728.0,MICRO CAP,0.20999999344348907,26.132245,0.023912549,0.1040750025,149.496,0.046669997,0.0,0.072,0.125,Misc,Consumer Defensive,Farm Products,2026-06-11,Farm Products,0,0,0
KRIDHANINF,290771296.0,MICRO CAP,2.9200000762939453,4.294118,-0.08946901,0.1040750025,29.1,0.17143999,0.62594,-0.831,-0.836,Misc,Basic Materials,Steel,2026-06-11,Steel,0,0,0
KAUSHALYA,289338656.0,MICRO CAP,835.5,88.225975,0.37458673,0.1040750025,29.1,-5.3092397380000005,0.8458531554000015,-0.831,0.183,Industrials,Industrials,Engineering & Construction,2026-06-11,Engineering & EPC,0,0,0
PNC,288616672.0,MICRO CAP,19.950000762939453,26.132245,0.47246894,-0.18651,2.364,-0.41737998,-0.33299,-0.681,0.183,Misc,Communication Services,Entertainment,2026-06-11,Entertainment,0,0,0
ARSHIYA,287188768.0,MICRO CAP,1.090000033378601,26.132245,-0.009040616,0.1040750025,29.1,-0.88708,0.0,0.028,0.183,Misc,Industrials,Integrated Freight & Logistics,2026-06-11,Integrated Freight & Logistics,0,0,0
INFOMEDIA,286106784.0,MICRO CAP,5.699999809265137,26.132245,-0.44520813,0.1040750025,29.1,0.86275,0.0,0.122,0.183,Misc,Financial Services,Shell Companies,2026-06-11,Shell Companies,0,1,0
SUPERSPIN,283492160.0,MICRO CAP,5.059999942779541,72.28571,0.47021654,0.0077600004,30.436,-0.52646,-0.91962,-0.135,0.183,Misc,Consumer Cyclical,Textile Manufacturing,2026-06-11,Textile Manufacturing,0,0,0
KHANDSE,282805568.0,MICRO CAP,18.540000915527344,26.132245,1.0141678,-0.04487,10.393,-0.16925,-0.16580999,0.122,0.183,Misc,Financial Services,Capital Markets,2026-06-11,Capital Markets,0,1,0
QUADPRO,270442496.0,MICRO CAP,5.35,53.5,1.5224816,0.1040750025,29.1,0.09375,0.0621700015,0.122,0.183,Misc,Unknown,Unknown,2026-06-11,Diversified,0,1,0
EASTSILK,268449984.0,MICRO CAP,53.689998626708984,26.132245,0.74947304,-0.27733,213.184,-1.04619,-0.57378,0.158,0.183,Misc,Consumer Cyclical,Textile Manufacturing,2026-06-11,Textile Manufacturing,0,1,0
MANAV,267147984.0,MICRO CAP,20.3,6.633987,2.1729822,0.1040750025,29.1,0.09375,0.0621700015,0.122,0.183,Misc,Unknown,Unknown,2026-06-11,Diversified,0,1,0
NEXTMEDIA,264226992.0,MICRO CAP,3.950000047683716,26.132245,-0.7410882,0.1040750025,29.1,0.0,0.0,0.122,0.183,Media,Communication Services,Broadcasting,2026-06-11,Broadcasting,0,1,0
TGBHOTELS,263870464.0,MICRO CAP,9.010000228881836,18.387754,0.34720618,0.01868,16.052,0.03628,0.03729,-0.142,-0.581,Misc,Consumer Cyclical,Lodging,2026-06-11,Lodging,0,0,0
PLADAINFO,257648688.0,MICRO CAP,30.05,13.65909,1.0612749,0.1040750025,29.1,0.09375,0.0621700015,0.122,0.183,Misc,Unknown,Unknown,2026-06-11,Diversified,0,1,0
FLFL,256254096.0,MICRO CAP,1.2699999809265137,26.132245,-0.013621786,0.1040750025,29.1,-0.61004,-0.92297,-0.787,0.183,Misc,Consumer Cyclical,Apparel Manufacturing,2026-06-11,Apparel Manufacturing,0,0,0
VILINBIO,251100000.0,MICRO CAP,18.0,112.5,1.0692647,0.1040750025,29.1,0.09375,0.0621700015,0.122,0.183,Misc,Unknown,Unknown,2026-06-11,Diversified,0,1,0
VCL,249903024.0,MICRO CAP,1.3600000143051147,4.5333333,1.1267606,0.27099,23.444,0.16797,0.49483,-0.831,-0.372,Misc,Consumer Cyclical,Textile Manufacturing,2026-06-11,Textile Manufacturing,0,0,0
MFML,245965568.0,MICRO CAP,23.15999984741211,26.132245,0.2524113,0.1040750025,65.601,0.06469,0.045450002,-0.195,0.183,Misc,Consumer Cyclical,Textile Manufacturing,2026-06-11,Textile Manufacturing,0,0,0
LAXMICOT,245726112.0,MICRO CAP,14.329999923706055,3.833861852,0.4127661,-0.01943,70.182,-0.06071,-0.00797,-0.17,0.183,Misc,Consumer Cyclical,Textile Manufacturing,2026-06-11,Textile Manufacturing,0,0,0
INDIFRA,245673008.0,MICRO CAP,33.7,616.6650680000004,1.3271375,0.1040750025,29.1,0.09375,0.0621700015,0.122,0.183,Misc,Unknown,Unknown,2026-06-11,Diversified,0,1,0
EUROTEXIND,243121328.0,MICRO CAP,20.68000030517578,26.132245,-0.6726516,0.1040750025,29.1,-5.3092397380000005,0.0,-0.831,0.183,Misc,Real Estate,Real Estate - Development,2026-06-11,Real Estate - Development,0,0,0
LRRPL,242275280.0,MICRO CAP,33.0,66.0,1.1862823,0.1040750025,29.1,0.09375,0.0621700015,0.122,0.183,Misc,Unknown,Unknown,2026-06-11,Diversified,0,1,0
AURIGROW,239846416.0,MICRO CAP,0.36000001430511475,4.5000005,0.33057854,-0.00856,14.651,-0.046680003,-0.07883,0.122,0.183,Misc,Industrials,Electrical Equipment & Parts,2026-06-11,Electrical Equipment & Parts,0,1,0
IMPEXFERRO,237670624.0,MICRO CAP,2.66,26.132245,-0.07205743,0.1040750025,29.1,0.0,0.0,0.122,0.183,Misc,Basic Materials,Other Industrial Metals & Mining,2026-06-11,Other Industrial Metals & Mining,0,1,0
FLEXITUFF,229103184.0,MICRO CAP,6.980000019073486,26.132245,-0.98657244,0.1040750025,29.1,-5.3092397380000005,0.0,-0.831,0.183,Misc,Consumer Cyclical,Textile Manufacturing,2026-06-11,Textile Manufacturing,0,0,0
SHRENIK,226440000.0,MICRO CAP,0.3700000047683716,26.132245,-0.10790318,0.1040750025,29.1,-0.09415,0.00455,1.454,0.183,Misc,Basic Materials,Paper & Paper Products,2026-06-11,Paper & Paper Products,0,1,0
ANKITMETAL,225776800.0,MICRO CAP,1.600000023841858,26.132245,-0.021873761,0.1040750025,29.1,-0.51785,-0.31393,-0.255,0.183,Misc,Basic Materials,Steel,2026-06-11,Steel,0,0,0
FEL,212551184.0,MICRO CAP,0.4300000071525574,26.132245,0.008127469,-0.4629408,29.1,-0.97987,-1.1392655999999999,-0.132,0.183,Misc,Consumer Cyclical,Department Stores,2026-06-11,Department Stores,0,0,0
HAVISHA,211879408.0,MICRO CAP,1.3799999952316284,26.132245,1.7898833,-0.21895,237.227,-0.14478,-0.37280998,-0.033,0.183,Misc,Consumer Cyclical,Lodging,2026-06-11,Lodging,0,0,0
TECILCHEM,208601472.0,MICRO CAP,11.0,26.132245,2.2361767,0.1040750025,29.1,0.0,0.0,0.122,0.183,Misc,Financial Services,Shell Companies,2026-06-11,Shell Companies,0,1,0
ACEINTEG,199308016.0,MICRO CAP,19.540000915527344,26.132245,1.658603,-0.05551,0.479,-5.0,-1.1392655999999999,-0.831,0.183,Misc,Industrials,Staffing & Employment Services,2026-06-11,Staffing & Employment Services,0,0,0
TVVISION,193722496.0,MICRO CAP,5.0,26.132245,-0.121787846,0.1040750025,29.1,-5.3092397380000005,-1.1392655999999999,-0.831,0.183,Media,Communication Services,Broadcasting,2026-06-11,Broadcasting,0,0,0
SILLYMONKS,191972432.0,MICRO CAP,18.799999237060547,26.132245,2.6564927,-0.20266001,29.1,-0.17417,-0.0854,-0.19,0.183,Misc,Communication Services,Entertainment,2026-06-11,Entertainment,0,0,0
WINSOME,186182880.0,MICRO CAP,2.55,26.132245,-0.041239448,0.1040750025,29.1,-5.3092397380000005,0.0,0.878,0.183,Misc,Consumer Cyclical,Textile Manufacturing,2026-06-11,Textile Manufacturing,0,1,0
ASTRON,184322960.0,MICRO CAP,3.9000000953674316,26.132245,0.2671599,-0.26573,113.06,-5.3092397380000005,0.0,-0.831,0.183,Misc,Basic Materials,Paper & Paper Products,2026-06-11,Paper & Paper Products,0,0,0
BOHRAIND,183598224.0,MICRO CAP,17.829999923706055,26.132245,0.50415653,-0.0468,1.6,-5.3092397380000005,0.0,0.122,0.183,Chemicals,Basic Materials,Agricultural Inputs,2026-06-11,Agrochemicals,0,1,0
SHYAMTEL,174101728.0,MICRO CAP,15.210000038146973,26.132245,-0.52271634,0.1040750025,29.1,0.0,0.0,0.122,0.183,Misc,Technology,Communication Equipment,2026-06-11,Communication Equipment,0,1,0
MPTODAY,171985200.0,MICRO CAP,37.65,5.393983,0.36150825,0.1040750025,29.1,0.09375,0.0621700015,0.122,0.183,Misc,Unknown,Unknown,2026-06-11,Diversified,0,1,0
GLFL,171434864.0,MICRO CAP,6.320000171661377,316.00003,-4.4413214,0.1040750025,29.1,0.52306,0.11075,0.122,0.106,Misc,Financial Services,Shell Companies,2026-06-11,Shell Companies,0,1,0
RADAAN,166817536.0,MICRO CAP,3.0799999237060547,26.132245,-1.1618257,0.1040750025,29.1,-0.43185002,-0.74382,-0.335,0.183,Misc,Communication Services,Entertainment,2026-06-11,Entertainment,0,0,0
RITEZONE,164980576.0,MICRO CAP,39.0,36.448597,1.0621783,0.1040750025,29.1,0.09375,0.0621700015,0.122,0.183,Misc,Unknown,Unknown,2026-06-11,Diversified,0,1,0
SAROJA,164839968.0,MICRO CAP,41.0,15.953308,1.0127207,0.1040750025,29.1,0.09375,0.0621700015,0.122,0.183,Misc,Unknown,Unknown,2026-06-11,Diversified,0,1,0
VIVO,163215008.0,MICRO CAP,81.0,26.132245,1.5847551,0.1040750025,29.1,0.09375,0.0621700015,0.122,0.183,Misc,Unknown,Unknown,2026-06-11,Diversified,0,1,0
HEADSUP,156124048.0,MICRO CAP,7.070000171661377,26.132245,1.0193195,-0.00213,29.1,-1.11013,-0.00189,1.198,0.183,Misc,Consumer Cyclical,Apparel Retail,2026-06-11,Apparel Retail,0,1,0
VIVIDHA,155131280.0,MICRO CAP,0.5299999713897705,26.132245,66.24999,-0.4629408,29.1,-5.3092397380000005,0.0,0.122,0.183,Misc,Consumer Cyclical,Textile Manufacturing,2026-06-11,Textile Manufacturing,0,1,0
MEP,152260224.0,MICRO CAP,0.8299999833106995,26.132245,-0.01135664,0.1040750025,29.1,-5.3092397380000005,0.0,2.245,0.183,Misc,Industrials,Infrastructure Operations,2026-06-11,Infrastructure Operations,0,1,0
RETAIL,151292832.0,MICRO CAP,18.440000534057617,97.052635,0.75549,-0.017970001,39.832,0.0019200001,-0.01841,-0.01,0.183,Misc,Consumer Defensive,Grocery Stores,2026-06-11,Grocery Stores,0,0,0
TRANSWIND,145485744.0,MICRO CAP,21.75,25.0,0.8788589,0.1040750025,29.1,0.09375,0.0621700015,0.122,0.183,Misc,Unknown,Unknown,2026-06-11,Diversified,0,1,0
LYPSAGEMS,145356112.0,MICRO CAP,4.929999828338623,8.355932,0.78365916,0.09988,78.961,0.18037,0.108500004,-0.725,0.183,Misc,Consumer Cyclical,Luxury Goods,2026-06-11,Luxury Goods,0,0,0
ORTINGLOBE,142299360.0,MICRO CAP,17.5,26.132245,13.157894,-0.46065,81.238,-5.3092397380000005,0.0,-0.241,0.183,Misc,Healthcare,Drug Manufacturers - Specialty & Generic,2026-06-11,Drug Manufacturers - Specialty & Generic,0,0,0
UMESLTD,141941136.0,MICRO CAP,5.309999942779541,35.399998,1.0959753,0.04626,9.177,0.6614,0.44807,1.78,0.4,Misc,Consumer Defensive,Education & Training Services,2026-06-11,Education & Training Services,0,1,0
KALYANI,138090000.0,MICRO CAP,138.09,5.9215264,2.2361767,0.1040750025,29.1,0.0,0.0,0.122,0.183,Misc,Consumer Cyclical,Auto & Truck Dealerships,2026-06-11,Auto & Truck Dealerships,0,1,0
BLUECHIP,135495632.0,MICRO CAP,2.45,26.132245,-15.806452,0.1040750025,29.1,0.49167,-1.13519,4.98,0.183,Misc,Financial Services,Capital Markets,2026-06-11,Capital Markets,0,1,0
AMIABLE,134611392.0,MICRO CAP,77.0,17.225952,1.3476381,0.1040750025,29.1,0.09375,0.0621700015,0.122,0.183,Misc,Unknown,Unknown,2026-06-11,Diversified,0,1,0
SMVD,134403424.0,MICRO CAP,13.4,3.833861852,1.2413154,0.1040750025,29.1,0.09375,0.0621700015,0.122,0.183,Misc,Unknown,Unknown,2026-06-11,Diversified,0,1,0
MTEDUCARE,130010496.0,MICRO CAP,1.7999999523162842,26.132245,-2.5677605,0.1040750025,29.1,0.32936,-0.086569995,-0.281,0.183,Misc,Consumer Defensive,Education & Training Services,2026-06-11,Education & Training Services,0,0,0
CREATIVEYE,129175128.0,MICRO CAP,6.440000057220459,26.132245,0.85411143,-0.2983,45.361,0.05065,0.0,-0.45,0.183,Misc,Communication Services,Entertainment,2026-06-11,Entertainment,0,0,0
NIRAJISPAT,129000000.0,MICRO CAP,215.0,8.411581,2.2361767,0.1040750025,29.1,0.0,0.0,0.122,0.183,Misc,Consumer Cyclical,Apparel Manufacturing,2026-06-11,Apparel Manufacturing,0,1,0
TIJARIA,126796312.0,MICRO CAP,4.369999885559082,26.132245,-0.38696536,0.1040750025,29.1,-2.36061,0.0,0.122,0.183,Misc,Industrials,Building Products & Equipment,2026-06-11,Building Products & Equipment,0,1,0
AHIMSA,124806968.0,MICRO CAP,22.8,26.132245,1.4872798,0.1040750025,29.1,0.09375,0.0621700015,0.122,0.183,Misc,Unknown,Unknown,2026-06-11,Diversified,0,1,0
ANTGRAPHIC,122457584.0,MICRO CAP,0.7900000214576721,26.132245,0.6152648,0.1040750025,65.28,-0.00944,0.051220004,0.259,-0.75,Misc,Consumer Cyclical,Packaging & Containers,2026-06-11,Packaging & Containers,0,0,0
DCMFINSERV,121909056.0,MICRO CAP,5.510000228881836,26.132245,-0.22679564,0.1040750025,29.1,0.8849212000000001,0.0,0.122,0.183,Financials,Financial Services,Credit Services,2026-06-11,NBFC – Lending,0,1,0
GLOBALE,120540128.0,MICRO CAP,11.350000381469727,26.132245,1.1779969,-0.13590999,107.499,-0.035669997,-0.09233,4.985060000000001,0.183,Misc,Consumer Cyclical,Textile Manufacturing,2026-06-11,Textile Manufacturing,0,1,0
COMPINFO,120498960.0,MICRO CAP,1.3799999952316284,26.132245,-0.039968718,0.1040750025,292.783,-0.35296002,0.0,-0.698,0.183,Misc,Technology,Electronics & Computer Distribution,2026-06-11,Electronics & Computer Distribution,0,0,0
UNIINFO,117624320.0,MICRO CAP,11.0,26.132245,0.3646006,-0.03697,16.826,-0.049039997,-0.027479999,0.637,0.183,Telecom,Communication Services,Telecom Services,2026-06-11,Telecom Services,0,1,0
ARENTERP,116774000.0,MICRO CAP,36.11000061035156,26.132245,0.54007566,-0.00833,29.1,-0.97941,-0.3076,0.569,0.183,Misc,Basic Materials,Other Industrial Metals & Mining,2026-06-11,Other Industrial Metals & Mining,0,1,0
LAKPRE,115953248.0,MICRO CAP,5.099999904632568,26.132245,0.2161475,-0.4629408,29.1,0.08817001,-0.15453,0.209,-0.099,Misc,Industrials,Tools & Accessories,2026-06-11,Tools & Accessories,0,0,0
ACCORD,99993600.0,MICRO CAP,28.8,11.707316,0.6721904,0.1040750025,29.1,0.09375,0.0621700015,0.122,0.183,Misc,Unknown,Unknown,2026-06-11,Diversified,0,1,0
PREMIER,93194208.0,MICRO CAP,2.9100000858306885,26.132245,-0.026155187,0.1040750025,29.1,-5.3092397380000005,0.0,-0.718,0.183,Misc,Industrials,Specialty Industrial Machinery,2026-06-11,Specialty Industrial Machinery,0,0,0
SHANTI,70856280.0,MICRO CAP,6.380000114440918,26.132245,1.7732073,-0.4629408,403.985,-0.66193,-0.53834,3.577,0.183,Misc,Consumer Defensive,Farm Products,2026-06-11,Farm Products,0,1,0
ORTEL,55730964.0,MICRO CAP,1.690000057220459,26.132245,-0.07212052,0.1040750025,29.1,-0.87775004,-0.47809,-0.424,0.183,Misc,Communication Services,Entertainment,2026-06-11,Entertainment,0,0,0
JALAN,45792244.0,MICRO CAP,3.15,26.132245,-0.10802099,0.1040750025,29.1,0.09375,0.0621700015,0.122,0.183,Misc,Unknown,Unknown,2026-06-11,Diversified,0,1,0
VASA,38651952.0,MICRO CAP,6.45,26.132245,-0.2043532,0.1040750025,29.1,0.09375,0.0621700015,0.122,0.183,Misc,Unknown,Unknown,2026-06-11,Diversified,0,1,0
SANCO,29823600.0,MICRO CAP,2.9,32.22222,-0.6031614,-0.4629408,29.1,-5.3092397380000005,0.0,-0.012,0.183,Misc,Industrials,Electrical Equipment & Parts,2026-06-11,Electrical Equipment & Parts,0,0,0
