SYMBOL,MARKET_CAP,MARKET_CAP_CATEGORY,CURRENT_PRICE,PE_RATIO,PRICE_TO_BOOK,ROE,DEBT_TO_EQUITY,OPERATING_MARGIN,PROFIT_MARGIN,REVENUE_GROWTH,EARNINGS_GROWTH,SECTOR,RAW_SECTOR,INDUSTRY,FETCH_DATE,SUBSECTOR,HIGH_QUALITY_FLAG,HIGH_GROWTH_FLAG,COMPOUNDER_FLAG,REVENUE_GROWTH_SCORE,EARNINGS_GROWTH_SCORE,ROE_SCORE,OPERATING_MARGIN_SCORE,GROWTH_STABILITY_SCORE,GROWTH_SCORE,GROWTH_CATEGORY
CALSOFT,1287267712.0,MICRO CAP,20.81999969482422,115.666664,3.1186337,0.32296002,3.905,0.88351,0.54057,5.354871999999847,17.040096699999964,Technology,Technology,Software - Application,2026-05-24,SaaS,0,1,1,99.51,99.51,97.88,98.9,99.51,99.12,ELITE GROWTH
LLOYDSME,977329061888.0,LARGE CAP,1737.300048828125,25.972492,6.6413593,0.37048998,145.214,0.38556,0.2151,4.045,6.049,Misc,Basic Materials,Steel,2026-05-24,Steel,0,1,1,98.67,97.26,98.43,92.59,97.965,97.52,ELITE GROWTH
MCX,832235634688.0,LARGE CAP,3269.89990234375,62.49809,19.776703,0.37883,0.113,0.73859,0.54818,2.0,2.912,Misc,Financial Services,Financial Data & Stock Exchanges,2026-05-24,Financial Data & Stock Exchanges,1,1,1,97.96,95.18,98.67,97.77,96.57,97.11,ELITE GROWTH
WEBELSOLAR,46841896960.0,SMALL CAP,107.88999938964844,15.45702,11.639874,0.4211870819999994,20.729,0.30507,0.28873,1.321,1.443,Misc,Technology,Solar,2026-05-24,Solar,0,1,1,96.63,91.03,99.51,89.07,93.83,94.49,ELITE GROWTH
CUPID,161776123904.0,MID CAP,120.30999755859375,152.29114,42.317974,0.27297002,12.506,0.30211002,0.2894,1.124,2.142,Consumer,Consumer Defensive,Household & Personal Products,2026-05-24,FMCG – Personal Care,0,1,1,95.77,93.53,96.16,88.99,94.65,94.39,ELITE GROWTH
PNGSREVA,12921852928.0,SMALL CAP,407.6499938964844,14.348821,7.409124,0.21013,32.942,0.21965,0.14727001,1.389,2.668,Misc,Consumer Cyclical,Luxury Goods,2026-05-24,Luxury Goods,0,1,1,96.79,94.44,93.3,82.6,95.61500000000001,93.85,ELITE GROWTH
SATIN,23106283520.0,SMALL CAP,210.0800018310547,6.953989,0.882022,0.1228,383.33,0.56876,0.21191,1.166,6.402,Financials,Financial Services,Credit Services,2026-05-24,NBFC – Lending,0,1,0,96.0,97.45,80.21,96.32,96.725,93.38,ELITE GROWTH
ASHIANA,37500796928.0,SMALL CAP,373.04998779296875,31.454468,4.4067097,0.14652,39.983,0.17947,0.11271,1.716,4.099,Misc,Real Estate,Real Estate - Development,2026-05-24,Real Estate - Development,0,1,0,97.53,96.39,85.23,77.39,96.96000000000001,92.66,ELITE GROWTH
MODIS,6845165056.0,MICRO CAP,349.3999938964844,27.555204,6.482134,0.22252001,4.026,0.14498,0.15143,1.582,1.922,Misc,Real Estate,Real Estate - Development,2026-05-24,Real Estate - Development,0,1,0,97.22,93.1,94.4,70.89,95.16,92.58,ELITE GROWTH
HINDCOPPER,527753347072.0,LARGE CAP,545.75,57.44737,17.797743,0.30602,3.319,0.48468,0.29843,0.581,1.366,Metals,Basic Materials,Copper,2026-05-24,Copper,0,1,1,90.79,90.48,97.37,95.14,90.635,92.43,ELITE GROWTH
MUTHOOTFIN,1323521146880.0,LARGE CAP,3296.699951171875,12.499811,3.7155333,0.30406,379.707,0.78154,0.55206,0.537,1.267,Financials,Financial Services,Credit Services,2026-05-24,NBFC – Lending,0,1,1,90.11,90.09,97.3,98.0,90.1,92.33,ELITE GROWTH
DOLPHIN,16301865984.0,SMALL CAP,407.5,23.802568,4.6131206,0.21903,57.496,0.16188,0.58871,1.219,1.713,Misc,Energy,Oil & Gas Equipment & Services,2026-05-24,Oil & Gas Equipment & Services,0,1,1,96.12,92.4,94.08,74.41,94.26,92.24,ELITE GROWTH
BSE,1703224147968.0,LARGE CAP,4193.7998046875,79.3679,21.662638,0.36003,0.07653,0.67699,0.48729,1.051,0.64,Misc,Financial Services,Financial Data & Stock Exchanges,2026-05-24,Financial Data & Stock Exchanges,1,1,1,95.49,83.74,98.35,97.45,89.615,92.15,ELITE GROWTH
SEAMECLTD,41021435904.0,SMALL CAP,1607.800048828125,21.414492,3.8032205,0.21945,27.069,0.34285,0.25139,0.655,1.407,Misc,Industrials,Marine Shipping,2026-05-24,Marine Shipping,0,1,1,92.28,90.75,94.12,90.99,91.515,91.98,ELITE GROWTH
RAYMONDREL,37099098112.0,SMALL CAP,557.4500122070312,26.218092,2.7642515,0.37721002,64.676,0.19632,0.10184,5.354871999999847,0.657,Misc,Real Estate,Real Estate - Development,2026-05-24,Real Estate - Development,0,1,1,99.51,84.09,98.55,79.66,91.80000000000001,91.94,ELITE GROWTH
MARSONS,26090360832.0,SMALL CAP,151.60000610351562,79.371735,18.825283,0.2724,0.321,0.20427999,0.1872,0.66,1.531,Misc,Industrials,Electrical Equipment & Parts,2026-05-24,Electrical Equipment & Parts,1,1,1,92.44,91.59,96.08,80.64,92.015,91.69,ELITE GROWTH
SEDEMAC,87585505280.0,SMALL CAP,1983.300048828125,84.03814,21.13221,0.27527002,16.126,0.14807001,0.09787,0.599,2.532,Automobiles,Consumer Cyclical,Auto Parts,2026-05-24,Auto Components,0,1,0,91.34,94.32,96.24,71.51,92.83,91.38,ELITE GROWTH
PANACHE,5240716288.0,MICRO CAP,344.1499938964844,38.62514,7.5865793,0.18996,26.17,0.17421,0.06672,0.658,2.524,Misc,Technology,Communication Equipment,2026-05-24,Communication Equipment,0,1,1,92.38,94.28,91.34,76.72,93.33,91.27,ELITE GROWTH
UTLSOLAR,82955542528.0,SMALL CAP,270.29998779296875,26.44814,14.322805,0.36418,40.802,0.16747999,0.11457,0.875,0.962,Misc,Technology,Solar,2026-05-24,Solar,0,1,1,94.44,88.09,98.39,75.45,91.265,91.11,ELITE GROWTH
ANTELOPUS,24458936320.0,SMALL CAP,695.5999755859375,27.472353,3.7315395,0.14705,0.542,0.47985,0.32132,0.653,1.589,Misc,Energy,Oil & Gas E&P,2026-05-24,Oil & Gas E&P,0,1,0,92.2,91.89,85.31,94.98,92.045,90.99,ELITE GROWTH
SIGNATURE,115232808960.0,MID CAP,820.0999755859375,10.537067,15.852243,0.4211870819999994,161.04,0.043330003,0.42168,1.128,17.040096699999964,Misc,Real Estate,Real Estate - Development,2026-05-24,Real Estate - Development,0,1,0,95.81,99.51,99.51,24.41,97.66,90.7,ELITE GROWTH
RMC,4195711488.0,MICRO CAP,396.5,10.277346,3.3028457,0.41316003,58.799,0.13352,0.08891,1.301,0.836,Misc,Industrials,Electrical Equipment & Parts,2026-05-24,Electrical Equipment & Parts,0,1,0,96.51,86.64,98.9,67.4,91.575,90.62,ELITE GROWTH
MONARCH,25393612800.0,SMALL CAP,320.3500061035156,14.044279,2.6128838,0.20495,3.83,0.64997,0.49444,0.582,0.841,Misc,Financial Services,Capital Markets,2026-05-24,Capital Markets,0,1,1,90.85,86.72,92.99,97.18,88.785,90.47,ELITE GROWTH
SEJALLTD,9110307840.0,MICRO CAP,777.0499877929688,28.328472,14.170436,0.30464,133.115,0.11963,0.07249,0.695,1.56,Misc,Industrials,Building Products & Equipment,2026-05-24,Building Products & Equipment,0,1,0,92.87,91.69,97.34,63.66,92.28,90.43,ELITE GROWTH
UMIYA-MRO,1565395968.0,MICRO CAP,83.77999877929688,3.7103631,1.2353652,0.4211870819999994,110.392,0.20363002,0.555,0.631,0.833,Misc,Real Estate,Real Estate - Development,2026-05-24,Real Estate - Development,0,1,1,91.89,86.6,99.51,80.53,89.245,90.43,ELITE GROWTH
TERASOFT,4258416640.0,MICRO CAP,340.3500061035156,20.404676,3.1847103,0.1848,26.995,0.13951,0.10248999,1.258,1.201,Technology,Technology,Information Technology Services,2026-05-24,IT Services,0,1,0,96.32,89.66,90.87,69.36,92.99,90.2,ELITE GROWTH
WAAREEENER,862234869760.0,LARGE CAP,2997.5,26.38412,5.9687614,0.31570998,21.402,0.15048,0.13986,1.118,0.712,Misc,Technology,Solar,2026-05-24,Solar,0,1,1,95.73,85.11,97.61,72.1,90.42,90.03,ELITE GROWTH
EMMVEE,182986784768.0,MID CAP,264.29998779296875,15.384167,4.9500866,0.4211870819999994,9.745,0.28291,0.21417,0.623,0.625,Misc,Technology,Solar,2026-05-24,Solar,0,1,1,91.75,83.48,99.51,87.38,87.61500000000001,89.97,ELITE GROWTH
SHAREINDIA,30979133440.0,SMALL CAP,141.57000732421875,11.034295,1.1769254,0.12968001,45.009,0.21279,0.23827,0.621,2.875,Misc,Financial Services,Capital Markets,2026-05-24,Capital Markets,0,1,0,91.69,95.02,81.66,81.9,93.35499999999999,89.87,ELITE GROWTH
THANGAMAYL,118649397248.0,MID CAP,3817.300048828125,33.78441,10.166887,0.27927,64.492,0.07105,0.04137,1.056,3.509,Misc,Consumer Cyclical,Luxury Goods,2026-05-24,Luxury Goods,0,1,0,95.53,95.92,96.36,34.6,95.725,89.74,ELITE GROWTH
KRISHANA,41220460544.0,SMALL CAP,666.7000122070312,22.887058,7.351336,0.38145,130.807,0.10695,0.074499995,0.598,1.531,Chemicals,Basic Materials,Agricultural Inputs,2026-05-24,Agrochemicals,0,1,0,91.3,91.59,98.75,59.72,91.445,89.73,ELITE GROWTH
JPOLYINVST,10683273216.0,SMALL CAP,1016.2999877929688,3.258048784,0.6527145,0.11848,1.433,0.8848054185939996,0.89158,5.354871999999847,17.040096699999964,Financials,Financial Services,Asset Management,2026-05-24,Asset Management Companies,0,1,0,99.51,99.51,50.02,99.51,99.51,89.61,ELITE GROWTH
STEL,8190508032.0,MICRO CAP,443.79998779296875,27.616676,0.44148836,0.11848,29.565,0.8848054185939996,0.41662997,5.354871999999847,17.040096699999964,Financials,Financial Services,Asset Management,2026-05-24,Asset Management Companies,0,1,0,99.51,99.51,50.02,99.51,99.51,89.61,ELITE GROWTH
NBIFIN,5614510592.0,MICRO CAP,1900.0999755859375,36.76664,0.17452112,0.11848,29.565,0.8848054185939996,0.65801,5.354871999999847,17.040096699999964,Misc,Financial Services,Capital Markets,2026-05-24,Capital Markets,0,1,0,99.51,99.51,50.02,99.51,99.51,89.61,ELITE GROWTH
GVT&D,1241697615872.0,LARGE CAP,4849.5,101.01021,59.497955,0.4211870819999994,0.892,0.26439,0.19871001,0.42,0.887,Misc,Industrials,Specialty Industrial Machinery,2026-05-24,Specialty Industrial Machinery,1,1,1,86.6,87.21,99.51,86.25,86.905,89.36,ELITE GROWTH
ACUTAAS,241618042880.0,MID CAP,2951.199951171875,84.75589,14.615327,0.23516001,2.081,0.4018,0.26599002,0.403,1.056,Chemicals,Basic Materials,Specialty Chemicals,2026-05-24,Specialty Chemicals,0,1,1,85.8,88.68,94.79,93.14,87.24000000000001,89.34,ELITE GROWTH
KPEL,24283805696.0,SMALL CAP,359.25,13.384873,4.6283174,0.4211870819999994,100.154,0.19368,0.12117,0.575,0.693,Industrials,Industrials,Engineering & Construction,2026-05-24,Engineering & EPC,0,1,1,90.67,84.76,99.51,79.27,87.715,89.23,ELITE GROWTH
TIPSMUSIC,87059701760.0,SMALL CAP,681.0499877929688,40.15625,33.48987,0.4211870819999994,1.962,0.73416,0.5772,0.324,0.935,Misc,Communication Services,Entertainment,2026-05-24,Entertainment,0,1,1,82.13,87.77,99.51,97.73,84.94999999999999,89.14,ELITE GROWTH
BAJAJ-AUTO,2946177171456.0,MEGA CAP,10549.5,27.472656,7.5883675,0.28046,56.289,0.18642001,0.16507,0.488,1.031,Automobiles,Consumer Cyclical,Auto Manufacturers,2026-05-24,Passenger Vehicles,0,1,1,88.68,88.52,96.47,78.29,88.6,89.14,ELITE GROWTH
HINDZINC,2671457861632.0,MEGA CAP,632.25,19.305344,11.806943,0.4211870819999994,39.034,0.52458,0.35292998,0.408,0.675,Misc,Basic Materials,Other Industrial Metals & Mining,2026-05-24,Other Industrial Metals & Mining,0,1,1,86.17,84.33,99.51,95.61,85.25,89.14,ELITE GROWTH
FCL,38708011008.0,SMALL CAP,33.2400016784668,30.495413,3.133189,0.14895001,0.872,0.12524,0.14083,1.619,1.159,Chemicals,Basic Materials,Specialty Chemicals,2026-05-24,Specialty Chemicals,0,1,0,97.39,89.3,85.66,65.36,93.345,89.01,ELITE GROWTH
SBGLP,4477612544.0,MICRO CAP,25.81999969482422,14.670454,5.581496,0.11848,73.579,0.35790002,0.29498,5.354871999999847,17.040096699999964,Misc,Real Estate,Real Estate - Development,2026-05-24,Real Estate - Development,0,1,0,99.51,99.51,50.02,91.85,99.51,88.85,ELITE GROWTH
BIRLAMONEY,7821438464.0,MICRO CAP,138.41000366210938,13.372947,2.6088514,0.21804,606.3078499999995,0.27535,0.17396,0.429,1.006,Misc,Financial Services,Capital Markets,2026-05-24,Capital Markets,0,1,1,86.91,88.36,93.97,86.91,87.63499999999999,88.83,ELITE GROWTH
DJML,3198521856.0,MICRO CAP,96.98999786376953,40.244812,4.4016337,0.13528,42.847,0.16747999,0.07881,0.911,1.203,Misc,Industrials,Specialty Business Services,2026-05-24,Specialty Business Services,0,1,0,94.55,89.69,82.92,75.45,92.12,88.61,ELITE GROWTH
LLOYDSENGG,98871214080.0,SMALL CAP,69.37000274658203,46.55705,5.7184076,0.16820998,6.45,0.10967,0.14593,1.134,1.125,Misc,Industrials,Specialty Industrial Machinery,2026-05-24,Specialty Industrial Machinery,0,1,0,95.85,89.18,88.75,60.85,92.515,88.6,ELITE GROWTH
NETWEB,219295678464.0,MID CAP,3851.300048828125,106.3895,30.239954,0.32834998,39.019,0.11987001,0.09426,0.866,0.643,Misc,Technology,Computer Hardware,2026-05-24,Computer Hardware,0,1,0,94.36,83.86,98.0,63.71,89.11,88.35,ELITE GROWTH
SOLARINDS,1640765718528.0,LARGE CAP,18132.0,98.03731,26.137722,0.31332,23.271,0.26174,0.17052001,0.409,0.7,Chemicals,Basic Materials,Specialty Chemicals,2026-05-24,Specialty Chemicals,0,1,1,86.29,84.93,97.49,86.01,85.61000000000001,88.03,ELITE GROWTH
UYFINCORP,2857379840.0,MICRO CAP,15.020000457763672,8.940476,0.822563,0.11848,1.149,0.52711,0.29483998,1.724,7.0,Financials,Financial Services,Credit Services,2026-05-24,NBFC – Lending,0,1,0,97.57,97.73,50.02,95.65,97.65,87.92,ELITE GROWTH
JNKINDIA,21687738368.0,SMALL CAP,387.6000061035156,47.153282,3.9687903,0.12089,15.97,0.14309,0.07751,0.801,1.464,Misc,Industrials,Specialty Industrial Machinery,2026-05-24,Specialty Industrial Machinery,0,1,0,93.89,91.18,79.94,70.57,92.535,87.82,ELITE GROWTH
NAVINFLUOR,365412450304.0,MID CAP,7125.0,54.64376,9.186579,0.20105,31.997,0.29853,0.20023,0.338,1.165,Misc,Basic Materials,Chemicals,2026-05-24,Chemicals,0,1,1,82.97,89.38,92.32,88.71,86.175,87.66,ELITE GROWTH
MANAKSTEEL,4301655040.0,MICRO CAP,65.63999938964844,17.005182,1.4081908,0.12974,46.44,0.10005999,0.03516,0.623,3.097,Misc,Basic Materials,Steel,2026-05-24,Steel,0,1,0,91.75,95.49,81.7,57.84,93.62,87.66,ELITE GROWTH
SENORES,51163230208.0,SMALL CAP,1110.949951171875,42.017773,6.757151,0.13793,35.46,0.21799,0.18396,0.534,1.089,Misc,Healthcare,Drug Manufacturers - General,2026-05-24,Drug Manufacturers - General,0,1,0,90.05,88.99,83.52,82.41,89.52,87.61,ELITE GROWTH
PREMIERENE,443805007872.0,MID CAP,983.4000244140625,29.241749,12.753706,0.4211870819999994,86.005,0.26709998,0.19296,0.376,0.647,Misc,Technology,Solar,2026-05-24,Solar,0,1,1,84.6,83.97,99.51,86.4,84.285,87.54,ELITE GROWTH
VSTIND,43793125376.0,SMALL CAP,258.29998779296875,15.017441,3.4552872,0.21114,29.565,0.31738,0.19955999,0.309,1.195,Consumer,Consumer Defensive,Tobacco,2026-05-24,Tobacco,0,1,1,81.47,89.62,93.38,89.73,85.545,87.53,ELITE GROWTH
ANANDRATHI,296840265728.0,MID CAP,3575.5,75.75212,29.738832,0.4211870819999994,8.25,0.40331,0.31594,0.476,0.384,Financials,Financial Services,Asset Management,2026-05-24,Asset Management Companies,0,1,1,88.42,77.9,99.51,93.26,83.16,87.44,ELITE GROWTH
OBEROIRLTY,603434254336.0,LARGE CAP,1659.5999755859375,24.038239,3.6046133,0.14913,15.765,0.52986,0.41727,0.521,0.624,Misc,Real Estate,Real Estate - Development,2026-05-24,Real Estate - Development,0,1,0,89.77,83.42,85.74,95.73,86.595,87.34,ELITE GROWTH
GUJALKALI,50465857536.0,SMALL CAP,687.2000122070312,26.218092,1.3208069,0.11848,6.128,0.29207,0.1839,3.957,5.191,Misc,Basic Materials,Chemicals,2026-05-24,Chemicals,0,1,0,98.63,96.9,50.02,88.01,97.765,87.24,ELITE GROWTH
NEULANDLAB,214169337856.0,MID CAP,16693.0,58.82374,13.219204,0.11848,16.072,0.36360002,0.022880001,1.364,6.649,Misc,Healthcare,Drug Manufacturers - Specialty & Generic,2026-05-24,Drug Manufacturers - Specialty & Generic,0,1,0,96.75,97.57,50.02,92.05,97.16,87.22,ELITE GROWTH
MASKINVEST,455039680.0,MICRO CAP,149.1199951171875,26.218092,0.39641228,0.11848,0.826,0.40791,0.04644,2.005,3.25,Misc,Financial Services,Capital Markets,2026-05-24,Capital Markets,0,1,0,98.02,95.77,50.02,93.46,96.895,87.18,ELITE GROWTH
AUTOIND,3840120064.0,MICRO CAP,84.62999725341797,25.03846,1.948653,0.21987,164.641,0.07732,0.046719998,0.484,3.653,Automobiles,Consumer Cyclical,Auto Parts,2026-05-24,Auto Components,0,1,0,88.56,95.96,94.2,37.3,92.25999999999999,87.15,ELITE GROWTH
MANORAMA,82779906048.0,SMALL CAP,1386.4000244140625,38.4577,12.309769,0.3798,52.154,0.23008,0.15727,0.681,0.315,Misc,Consumer Defensive,Packaged Foods,2026-05-24,Packaged Foods,0,1,1,92.71,75.9,98.71,83.46,84.305,87.1,ELITE GROWTH
BAJAJCON,74681024512.0,SMALL CAP,571.75,40.15098,10.139209,0.25309,2.092,0.22031,0.16329001,0.304,1.13,Consumer,Consumer Defensive,Household & Personal Products,2026-05-24,FMCG – Personal Care,0,1,1,81.05,89.22,95.49,82.76,85.13499999999999,86.97,ELITE GROWTH
LUPIN,1043275186176.0,LARGE CAP,2281.800048828125,19.608147,4.644536,0.26907,29.388,0.24244,0.19073999,0.319,0.89,Misc,Healthcare,Drug Manufacturers - Specialty & Generic,2026-05-24,Drug Manufacturers - Specialty & Generic,0,1,1,81.96,87.26,96.0,84.48,84.61,86.88,ELITE GROWTH
GENUSPOWER,88004034560.0,SMALL CAP,318.04998779296875,14.945957,3.9667492,0.28997,103.821,0.17497998,0.12285,0.667,0.395,Misc,Industrials,Electrical Equipment & Parts,2026-05-24,Electrical Equipment & Parts,0,1,1,92.52,78.25,96.98,76.84,85.38499999999999,86.85,ELITE GROWTH
CGCL,183434657792.0,MID CAP,190.64999389648438,18.838932,2.5515938,0.16496,334.728,0.39968,0.33626,0.72,0.371,Financials,Financial Services,Credit Services,2026-05-24,NBFC – Lending,0,1,0,93.06,77.68,88.36,93.03,85.37,86.73,ELITE GROWTH
PARAS,65436909568.0,SMALL CAP,812.0,74.08759,9.745793,0.13137999,3.731,0.22305,0.18486,0.579,0.746,Misc,Industrials,Aerospace & Defense,2026-05-24,Aerospace & Defense,0,1,0,90.75,85.56,82.05,83.03,88.155,86.42,ELITE GROWTH
SAMBHV,31385454592.0,SMALL CAP,106.51000213623047,21.09109,3.2055256,0.18355,35.435,0.117089994,0.058730002,0.384,1.623,Misc,Basic Materials,Steel,2026-05-24,Steel,0,1,0,85.11,92.01,90.63,62.89,88.56,86.41,ELITE GROWTH
JSLL,80764395520.0,SMALL CAP,649.75,38.01931,22.824675,0.11848,30.042,0.40358,0.29354998,0.916,4.047,Misc,Healthcare,Medical Care Facilities,2026-05-24,Medical Care Facilities,0,1,0,94.63,96.32,50.02,93.3,95.475,86.17,ELITE GROWTH
GESHIP,237864370176.0,MID CAP,1666.0999755859375,8.097298,1.5625381,0.18849,6.409,0.37112,0.544,0.236,1.875,Misc,Industrials,Marine Shipping,2026-05-24,Marine Shipping,0,1,1,74.76,92.95,91.26,92.16,83.855,86.17,ELITE GROWTH
ADVANCE,6707571712.0,MICRO CAP,104.33999633789062,16.052307,2.5574155,0.17179,31.588,0.10065,0.054980002,0.379,2.281,Chemicals,Basic Materials,Agricultural Inputs,2026-05-24,Agrochemicals,0,1,0,84.74,93.85,89.3,57.92,89.29499999999999,86.16,ELITE GROWTH
DBREALTY,62479839232.0,SMALL CAP,115.19000244140625,59.37629,1.5045913,0.11848,24.791,0.17354,0.03418,1.414,13.375,Misc,Real Estate,Real Estate - Development,2026-05-24,Real Estate - Development,0,1,0,96.83,98.75,50.02,76.63,97.78999999999999,86.12,ELITE GROWTH
PANSARI,4536167936.0,MICRO CAP,260.0,26.666666,3.1994092,0.11848,47.606,0.13154,0.16825001,5.354871999999847,15.2,Misc,Real Estate,Real Estate - Development,2026-05-24,Real Estate - Development,0,1,0,99.51,98.86,50.02,66.89,99.185,86.12,ELITE GROWTH
WILLAMAGOR,308859808.0,MICRO CAP,28.190000534057617,3.258048784,-0.17059726,0.11848,29.565,0.64018995,0.9940124999999989,0.878,2.964,Financials,Financial Services,Credit Services,2026-05-24,NBFC – Lending,0,1,0,94.49,95.22,50.02,97.06,94.85499999999999,86.11,ELITE GROWTH
RPEL,43573043200.0,SMALL CAP,948.8499755859375,79.33528,20.230911,0.25011998,2.213,0.27582002,0.21318,0.393,0.5,Misc,Basic Materials,Chemicals,2026-05-24,Chemicals,0,1,1,85.42,81.21,95.38,86.99,83.315,86.1,ELITE GROWTH
KSOLVES,6716431360.0,MICRO CAP,283.1499938964844,19.568071,20.187508,0.4211870819999994,19.398,0.27325,0.21104999,0.291,0.658,Technology,Technology,Software - Application,2026-05-24,SaaS,0,1,1,79.92,84.13,99.51,86.72,82.025,85.99,ELITE GROWTH
TDPOWERSYS,202315825152.0,MID CAP,1295.0,84.75131,18.880579,0.24716999,1.689,0.15428,0.12863,0.692,0.365,Misc,Industrials,Specialty Industrial Machinery,2026-05-24,Specialty Industrial Machinery,0,1,1,92.83,77.45,95.3,73.0,85.14,85.96,ELITE GROWTH
CNL,9629443072.0,MICRO CAP,641.25,15.625,2.92096,0.20183,83.725,0.03956,0.02599,0.832,1.571,Misc,Technology,Electronics & Computer Distribution,2026-05-24,Electronics & Computer Distribution,0,1,0,94.2,91.81,92.48,22.92,93.005,85.89,ELITE GROWTH
KALYANKJIL,363937660928.0,MID CAP,352.3999938964844,27.02454,5.761842,0.24305001,96.966,0.060599998,0.03778,0.669,1.17,Misc,Consumer Cyclical,Luxury Goods,2026-05-24,Luxury Goods,0,1,0,92.61,89.42,95.06,30.72,91.015,85.79,ELITE GROWTH
COFORGE,596452900864.0,LARGE CAP,1387.0999755859375,31.647272,4.884791,0.18596001,7.518,0.16555999,0.094840005,0.305,1.34,Technology,Technology,Information Technology Services,2026-05-24,IT Services,0,1,1,81.17,90.32,91.03,75.16,85.745,85.74,ELITE GROWTH
EBGNG,51191173120.0,SMALL CAP,449.0,293.46405,6.6698356,0.26766002,58.541,0.09224,0.06981,0.43,1.434,Misc,Technology,Computer Hardware,2026-05-24,Computer Hardware,0,1,0,86.95,90.95,95.92,42.67,88.95,85.72,ELITE GROWTH
DRCSYSTEMS,2210207488.0,MICRO CAP,15.34000015258789,11.621212,1.674307,0.21816,0.371,0.25898,0.19753,0.668,0.279,Technology,Technology,Information Technology Services,2026-05-24,IT Services,1,1,1,92.55,74.0,94.0,85.7,83.275,85.66,ELITE GROWTH
M&MFIN,416238239744.0,MID CAP,299.54998779296875,14.366905,1.5603513,0.11856,428.025,0.44451,0.29518,0.403,0.826,Financials,Financial Services,Credit Services,2026-05-24,NBFC – Lending,0,1,0,85.8,86.44,79.35,94.55,86.12,85.61,ELITE GROWTH
MASTERTR,11109574656.0,SMALL CAP,90.30999755859375,8.519811,1.3933717,0.1729,27.836,0.29295,0.24413,0.479,0.425,Misc,Financial Services,Capital Markets,2026-05-24,Capital Markets,0,1,0,88.52,79.13,89.58,88.13,83.82499999999999,85.41,ELITE GROWTH
MAHABANK,615632076800.0,LARGE CAP,80.04000091552734,8.776316,1.8519632,0.22659999,29.565,0.5789,0.49278998,0.382,0.364,Financials,Financial Services,Banks - Regional,2026-05-24,Private Sector Banks,0,1,1,84.99,77.33,94.55,96.55,81.16,85.38,ELITE GROWTH
MGEL,4284222464.0,MICRO CAP,13.0,9.489051,1.8955964,0.20118,86.568,0.02214,0.013359999,0.982,1.386,Misc,Consumer Defensive,Farm Products,2026-05-24,Farm Products,0,1,0,95.2,90.63,92.44,17.79,92.91499999999999,85.31,ELITE GROWTH
MODISONLTD,5659279872.0,MICRO CAP,174.39999389648438,12.28169,2.5006094,0.11848,63.523,0.24430999,0.06913,1.223,2.772,Misc,Industrials,Electrical Equipment & Parts,2026-05-24,Electrical Equipment & Parts,0,1,0,96.16,94.71,50.02,84.64,95.435,85.27,ELITE GROWTH
HBLENGINE,214729064448.0,MID CAP,774.6500244140625,26.953724,10.825938,0.11848,4.396,0.33192003,0.2508,0.94,2.442,Misc,Industrials,Electrical Equipment & Parts,2026-05-24,Electrical Equipment & Parts,0,1,0,94.71,94.04,50.02,90.52,94.375,85.12,ELITE GROWTH
NAHARCAP,4229244416.0,MICRO CAP,252.5500030517578,6.393671,0.2565981,0.11848,0.362,0.78769994,0.9940124999999989,2.005,1.018,Misc,Financial Services,Capital Markets,2026-05-24,Capital Markets,0,1,0,98.02,88.48,50.02,98.2,93.25,85.1,ELITE GROWTH
NILASPACES,5081170944.0,MICRO CAP,12.899999618530273,17.671232,2.8596761,0.18365999,46.031,0.32176998,0.15427,0.253,1.067,Misc,Real Estate,Real Estate - Development,2026-05-24,Real Estate - Development,0,1,1,76.55,88.85,90.79,90.01,82.69999999999999,85.05,ELITE GROWTH
KPIGREEN,84225163264.0,SMALL CAP,426.79998779296875,17.761131,2.776892,0.17253,158.765,0.31695,0.17661,0.398,0.472,Energy,Utilities,Utilities - Renewable,2026-05-24,Power Generation – Renewable,0,1,0,85.6,80.37,89.42,89.69,82.985,84.94,HIGH GROWTH
ANGELONE,309486780416.0,MID CAP,339.3500061035156,34.48679,5.0463967,0.15526,129.314,0.32589,0.19406,0.3,0.824,Misc,Financial Services,Capital Markets,2026-05-24,Capital Markets,0,1,0,80.66,86.4,86.87,90.32,83.53,84.88,HIGH GROWTH
OSWALPUMPS,40847953920.0,SMALL CAP,358.29998779296875,10.319699,2.768484,0.3508,14.111,0.22297001,0.18226999,0.398,0.349,Misc,Industrials,Electrical Equipment & Parts,2026-05-24,Electrical Equipment & Parts,0,1,1,85.6,76.84,98.28,82.99,81.22,84.81,HIGH GROWTH
GARUDA,15767784448.0,SMALL CAP,169.47000122070312,12.867882,4.069787,0.11848,0.07653,0.32152,0.22895001,1.25,1.476,Industrials,Industrials,Engineering & Construction,2026-05-24,Engineering & EPC,0,1,0,96.28,91.26,50.02,89.97,93.77000000000001,84.64,HIGH GROWTH
AVONMORE,3089922816.0,MICRO CAP,10.949999809265137,13.518518,0.79416883,0.11848,5.155,0.20926,0.14257,0.559,17.040096699999964,Misc,Financial Services,Capital Markets,2026-05-24,Capital Markets,0,1,0,90.36,99.51,50.02,81.31,94.935,84.59,HIGH GROWTH
VIYASH,107396145152.0,MID CAP,246.05999755859375,61.36159,7.598197,0.11848,55.307,0.137,0.0537,1.196,5.692,Misc,Healthcare,Drug Manufacturers - Specialty & Generic,2026-05-24,Drug Manufacturers - Specialty & Generic,0,1,0,96.08,97.1,50.02,68.69,96.59,84.49,HIGH GROWTH
MASFIN,55851347968.0,SMALL CAP,307.79998779296875,15.036639,1.8755484,0.13217,339.79,0.36255002,0.33883,1.063,0.251,Financials,Financial Services,Credit Services,2026-05-24,NBFC – Lending,0,1,0,95.57,72.34,82.17,92.01,83.955,84.4,HIGH GROWTH
ASAL,7830666240.0,MICRO CAP,493.6000061035156,28.254152,21.651972,0.4211870819999994,343.962,0.05222,0.03108,0.359,1.691,Automobiles,Consumer Cyclical,Auto Parts,2026-05-24,Auto Components,0,1,0,83.86,92.28,99.51,27.59,88.07,84.31,HIGH GROWTH
OMNI,55476576256.0,SMALL CAP,448.6000061035156,126.72317,20.513994,0.11848,182.683,0.31775,0.15006,0.816,1.757,Misc,Industrials,Specialty Industrial Machinery,2026-05-24,Specialty Industrial Machinery,0,1,0,94.0,92.59,50.02,89.77,93.295,84.29,HIGH GROWTH
ATLANTAELE,128325091328.0,MID CAP,1668.800048828125,61.35294,34.140755,0.11848,46.263,0.17448,0.09518,0.797,4.176,Misc,Industrials,Electrical Equipment & Parts,2026-05-24,Electrical Equipment & Parts,0,1,0,93.85,96.43,50.02,76.8,95.14,84.28,HIGH GROWTH
PLATIND,12564030464.0,SMALL CAP,221.77999877929688,26.218092,2.7443945,0.12031,2.293,0.12615,0.111540005,0.403,1.371,Chemicals,Basic Materials,Specialty Chemicals,2026-05-24,Specialty Chemicals,0,1,0,85.8,90.56,79.78,65.75,88.18,84.26,HIGH GROWTH
CEIGALL,59848077312.0,SMALL CAP,343.54998779296875,19.376762,2.7452812,0.15484,61.085,0.14947,0.07754,0.371,0.788,Industrials,Industrials,Engineering & Construction,2026-05-24,Engineering & EPC,0,1,0,84.4,86.01,86.79,71.94,85.20500000000001,84.2,HIGH GROWTH
THYROCARE,74145480704.0,SMALL CAP,465.8500061035156,45.44878,13.862933,0.28746,8.65,0.27265,0.19667,0.197,1.164,Healthcare,Healthcare,Diagnostics & Research,2026-05-24,Diagnostics,0,1,1,70.12,89.34,96.83,86.68,79.73,83.84,HIGH GROWTH
GROBTEA,1046038912.0,MICRO CAP,899.9500122070312,18.62094,0.9975072,0.11848,14.11,0.12472,0.046529997,0.776,9.9,Misc,Consumer Defensive,Farm Products,2026-05-24,Farm Products,0,1,0,93.77,98.32,50.02,65.09,96.04499999999999,83.74,HIGH GROWTH
NPST,21305194496.0,SMALL CAP,1021.7999877929688,57.14765,4.824636,0.11848,1.639,0.22089,0.2176,1.477,1.242,Technology,Technology,Software - Application,2026-05-24,SaaS,0,1,0,97.02,89.85,50.02,82.8,93.435,83.69,HIGH GROWTH
MODINATUR,6154873856.0,MICRO CAP,462.54998779296875,15.87337,3.5243247,0.34243,93.655,0.0924,0.06992,0.281,1.479,Misc,Consumer Defensive,Packaged Foods,2026-05-24,Packaged Foods,0,1,0,79.15,91.34,98.12,42.71,85.245,83.57,HIGH GROWTH
SOLEX,14038914048.0,SMALL CAP,1299.5999755859375,14.620317,7.5321665,0.11848,132.242,0.09936,0.05369,2.481,3.046,Misc,Technology,Solar,2026-05-24,Solar,0,1,0,98.24,95.34,50.02,57.52,96.78999999999999,83.51,HIGH GROWTH
3MINDIA,375295803392.0,MID CAP,33315.0,71.942215,21.323593,0.289,9.6,0.17920999,0.10165,0.178,2.018,Misc,Industrials,Conglomerates,2026-05-24,Conglomerates,0,1,1,67.42,93.34,96.94,77.35,80.38,83.39,HIGH GROWTH
ARSSBL,33087567872.0,SMALL CAP,527.5,22.523483,2.098033,0.13961,63.433,0.26111,0.17296,0.274,0.885,Financials,Financial Services,Financial Conglomerates,2026-05-24,NBFC – Investment,0,1,0,78.53,87.15,83.82,85.89,82.84,83.34,HIGH GROWTH
EUROPRATIK,26531121152.0,SMALL CAP,259.6000061035156,34.475433,8.580684,0.27798998,7.636,0.25365,0.23015,0.281,0.436,Misc,Basic Materials,Building Materials,2026-05-24,Building Materials,0,1,1,79.15,79.55,96.32,85.34,79.35,83.34,HIGH GROWTH
ENGINERSIN,121401147392.0,MID CAP,216.0,17.575264,4.4738097,0.11848,0.731,0.28259,0.19338,0.583,2.186,Industrials,Industrials,Engineering & Construction,2026-05-24,Engineering & EPC,0,1,0,90.91,93.57,50.02,87.34,92.24,83.31,HIGH GROWTH
AVALON,98378276864.0,SMALL CAP,1473.0,87.73079,15.092523,0.16943,29.503,0.101169996,0.0692,0.4,0.69,Misc,Technology,Electronic Components,2026-05-24,Electronic Components,0,1,0,85.66,84.68,88.99,58.03,85.17,83.22,HIGH GROWTH
JAYBARMARU,12920720384.0,SMALL CAP,119.36000061035156,16.021477,1.8567607,0.22193001,76.31,0.08743,0.05469,0.256,2.869,Automobiles,Consumer Cyclical,Auto Parts,2026-05-24,Auto Components,0,1,0,76.9,94.98,94.32,41.12,85.94,83.13,HIGH GROWTH
SJS,63363223552.0,SMALL CAP,1980.300048828125,38.76101,7.2980623,0.21881,2.639,0.23366,0.17873,0.297,0.429,Automobiles,Consumer Cyclical,Auto Parts,2026-05-24,Auto Components,0,1,1,80.33,79.25,94.04,83.97,79.78999999999999,83.06,HIGH GROWTH
AEROFLEX,53335912448.0,SMALL CAP,403.04998779296875,94.3911,11.684979,0.14062999,1.988,0.17672001,0.12564999,0.372,0.564,Misc,Industrials,Metal Fabrication,2026-05-24,Metal Fabrication,0,1,0,84.48,82.27,83.97,77.12,83.375,82.87,HIGH GROWTH
CANFINHOME,113533870080.0,MID CAP,852.6500244140625,10.46068,1.8984481,0.19655001,606.3078499999995,0.80419,0.67294997,0.243,0.478,Misc,Financial Services,Mortgage Finance,2026-05-24,Mortgage Finance,0,1,1,75.49,80.66,91.77,98.35,78.07499999999999,82.84,HIGH GROWTH
PNGJL,71341875200.0,SMALL CAP,525.7000122070312,17.418821,4.197306,0.23306999,88.504,0.03339,0.03816,1.232,0.455,Misc,Consumer Cyclical,Luxury Goods,2026-05-24,Luxury Goods,0,1,0,96.24,80.04,94.71,21.47,88.14,82.79,HIGH GROWTH
SPECTRUM,22296367104.0,SMALL CAP,1418.9000244140625,56.507366,10.348625,0.11848,76.093,0.13701999,0.07956,0.762,2.744,Misc,Industrials,Electrical Equipment & Parts,2026-05-24,Electrical Equipment & Parts,0,1,0,93.53,94.55,50.02,68.73,94.03999999999999,82.71,HIGH GROWTH
ARIHANT,9399318528.0,MICRO CAP,865.2999877929688,13.423829,2.505342,0.11848,93.207,0.26424,0.18591,0.968,0.947,Misc,Real Estate,Real Estate - Development,2026-05-24,Real Estate - Development,0,1,0,95.02,87.93,50.02,86.21,91.475,82.66,HIGH GROWTH
TITAN,3618967126016.0,MEGA CAP,4079.800048828125,71.42507,28.257963,0.37127998,195.001,0.06282,0.057919998,0.805,0.351,Misc,Consumer Cyclical,Luxury Goods,2026-05-24,Luxury Goods,0,1,0,93.93,76.88,98.47,31.47,85.405,82.62,HIGH GROWTH
MAZDOCK,995985588224.0,LARGE CAP,2469.10009765625,38.60985,10.210108,0.2877,4.481,0.13505,0.19863,0.213,1.09,Misc,Industrials,Aerospace & Defense,2026-05-24,Aerospace & Defense,0,1,0,72.1,89.03,96.87,67.95,80.565,82.56,HIGH GROWTH
SKMEGGPROD,9546464256.0,MICRO CAP,181.05999755859375,12.317007,2.8142438,0.11848,50.68,0.19086,0.1108,0.508,2.99,Misc,Consumer Defensive,Packaged Foods,2026-05-24,Packaged Foods,0,1,0,89.24,95.26,50.02,78.88,92.25,82.47,HIGH GROWTH
KRN,68968964096.0,SMALL CAP,1109.5999755859375,90.06493,13.04813,0.14258,32.633,0.15363,0.12743,0.365,0.569,Misc,Technology,Electronic Components,2026-05-24,Electronic Components,0,1,0,84.15,82.41,84.37,72.88,83.28,82.46,HIGH GROWTH
SYRMA,200108457984.0,MID CAP,1038.8499755859375,61.361485,6.8872356,0.14142999,13.045,0.104270004,0.06594,0.584,0.437,Misc,Technology,Electronic Components,2026-05-24,Electronic Components,0,1,0,90.95,79.64,84.13,58.78,85.295,82.41,HIGH GROWTH
DIACABS,101968904192.0,MID CAP,193.5,97.23618,-14.1675205,0.11848,29.565,0.12921,0.06797,0.542,6.833,Misc,Industrials,Specialty Industrial Machinery,2026-05-24,Specialty Industrial Machinery,0,1,0,90.16,97.65,50.02,66.38,93.905,82.38,HIGH GROWTH
KIRLPNU,104407302144.0,MID CAP,1607.300048828125,40.815136,8.359598,0.21473,0.262,0.24951,0.14333001,0.203,0.797,Misc,Industrials,Specialty Industrial Machinery,2026-05-24,Specialty Industrial Machinery,1,1,1,71.04,86.21,93.73,85.07,78.625,82.29,HIGH GROWTH
M&M,3699908804608.0,MEGA CAP,3081.300048828125,20.242413,3.698516,0.18754,125.066,0.16398,0.08461001,0.309,0.448,Automobiles,Consumer Cyclical,Auto Manufacturers,2026-05-24,Passenger Vehicles,0,1,1,81.47,79.9,91.14,75.0,80.685,82.21,HIGH GROWTH
SPARC,68074897408.0,SMALL CAP,209.77000427246094,4.3820767,5.0852103,0.4211870819999994,41.776,0.8848054185939996,0.82175004,5.354871999999847,0.156,Misc,Healthcare,Drug Manufacturers - Specialty & Generic,2026-05-24,Drug Manufacturers - Specialty & Generic,0,1,1,99.51,50.04,99.51,99.51,74.775,82.2,HIGH GROWTH
SOFTTECH,5683581952.0,MICRO CAP,410.6000061035156,221.94595,3.3382928,0.11848,26.731,0.13382,0.0219,0.508,6.214,Technology,Technology,Software - Application,2026-05-24,SaaS,0,1,0,89.24,97.34,50.02,67.63,93.28999999999999,82.07,HIGH GROWTH
JSWSTEEL,3137434288128.0,MEGA CAP,1285.5,14.084585,3.1359012,0.27261,94.155,0.12673001,0.12031999,0.142,9.918,Misc,Basic Materials,Steel,2026-05-24,Steel,0,1,0,62.13,98.35,96.12,65.95,80.24,81.99,HIGH GROWTH
MEDIASSIST,27777880064.0,SMALL CAP,371.8500061035156,30.680695,4.513839,0.12717,6.382,0.112849995,0.09714,0.281,1.404,Misc,Healthcare,Healthcare Plans,2026-05-24,Healthcare Plans,0,1,0,79.15,90.71,81.11,61.89,84.93,81.86,HIGH GROWTH
INDIASHLTR,85369102336.0,SMALL CAP,784.75,17.39251,2.9098873,0.17036,195.303,0.55303,0.46425,0.307,0.283,Misc,Financial Services,Mortgage Finance,2026-05-24,Mortgage Finance,0,1,0,81.27,74.24,89.15,96.0,77.755,81.86,HIGH GROWTH
AUSOMENT,1769426944.0,MICRO CAP,129.8800048828125,5.960532,1.1150316,0.11848,0.078,0.04235,0.01363,5.354871999999847,11.583,Misc,Financial Services,Capital Markets,2026-05-24,Capital Markets,0,1,0,99.51,98.59,50.02,23.9,99.05000000000001,81.73,HIGH GROWTH
NGLFINE,16901838848.0,SMALL CAP,2735.800048828125,47.8454,5.6302147,0.11848,29.381,0.13437,0.079169996,0.431,11.271,Misc,Healthcare,Drug Manufacturers - General,2026-05-24,Drug Manufacturers - General,0,1,0,86.99,98.55,50.02,67.75,92.77,81.72,HIGH GROWTH
CEINSYS,18942302208.0,SMALL CAP,904.7000122070312,13.333825,2.4624186,0.24595,8.43,0.22002001,0.20194,0.199,0.681,Industrials,Industrials,Engineering & Construction,2026-05-24,Engineering & EPC,0,1,1,70.4,84.52,95.26,82.68,77.46000000000001,81.54,HIGH GROWTH
INDOTHAI,32495384576.0,SMALL CAP,252.64999389648438,47.850376,11.422823,0.28285998,8.366,0.84295,0.65086,5.354871999999847,0.156,Misc,Financial Services,Capital Markets,2026-05-24,Capital Markets,0,1,1,99.51,50.04,96.59,98.67,74.775,81.53,HIGH GROWTH
SENCO,57007661056.0,SMALL CAP,347.95001220703125,11.847123,2.7032592,0.11848,116.632,0.12487,0.06143,0.461,6.594,Misc,Consumer Cyclical,Luxury Goods,2026-05-24,Luxury Goods,0,1,0,87.91,97.53,50.02,65.2,92.72,81.43,HIGH GROWTH
CEATLTD,131376201728.0,MID CAP,3256.60009765625,18.831898,2.2389565,0.14787,64.742,0.096870005,0.04452,0.233,1.832,Automobiles,Consumer Cyclical,Auto Parts,2026-05-24,Auto Components,0,1,0,74.33,92.91,85.42,56.58,83.62,81.28,HIGH GROWTH
CRAFTSMAN,207591292928.0,MID CAP,8702.0,54.053043,6.360195,0.12547,111.011,0.13192001,0.04723,0.308,0.744,Automobiles,Consumer Cyclical,Auto Parts,2026-05-24,Auto Components,0,1,0,81.33,85.5,80.86,67.05,83.41499999999999,81.27,HIGH GROWTH
MTARTECH,248399085568.0,MID CAP,8075.5,263.13132,33.38694,0.11848,25.061,0.19854,0.084259994,0.593,1.173,Misc,Industrials,Specialty Industrial Machinery,2026-05-24,Specialty Industrial Machinery,0,1,0,91.14,89.46,50.02,79.86,90.3,81.2,HIGH GROWTH
CEMPRO,148218331136.0,MID CAP,862.7999877929688,31.65077,6.175517,0.28208,37.711,0.1073,0.05941,0.199,1.134,Industrials,Industrials,Engineering & Construction,2026-05-24,Engineering & EPC,0,1,0,70.4,89.26,96.55,59.91,79.83000000000001,81.18,HIGH GROWTH
INA,30445314048.0,SMALL CAP,138.13999938964844,17.160248,4.4309726,0.11848,37.384,0.10946,0.099379994,0.77,1.702,Misc,Technology,Solar,2026-05-24,Solar,0,1,0,93.63,92.36,50.02,60.7,92.995,81.17,HIGH GROWTH
RBZJEWEL,4950400000.0,MICRO CAP,123.76000213623047,9.578947,1.651058,0.20114,56.626,0.104270004,0.08609,0.38,0.364,Misc,Consumer Cyclical,Luxury Goods,2026-05-24,Luxury Goods,0,1,0,84.86,77.33,92.4,58.78,81.095,81.12,HIGH GROWTH
KMEW,50538192896.0,SMALL CAP,2067.5,73.52418,18.625624,0.11848,60.049,0.38531,0.27968,0.563,0.804,Misc,Industrials,Marine Shipping,2026-05-24,Marine Shipping,0,1,0,90.48,86.25,50.02,92.55,88.36500000000001,81.11,HIGH GROWTH
WAAREERTL,99869351936.0,SMALL CAP,957.0999755859375,20.874592,15.155498,0.11848,15.598,0.18571,-0.34030998,1.312,0.667,Energy,Utilities,Utilities - Renewable,2026-05-24,Power Generation – Renewable,0,1,0,96.57,84.25,50.02,78.13,90.41,81.1,HIGH GROWTH
SANGHVIMOV,30721495040.0,SMALL CAP,354.8500061035156,18.150896,2.3430793,0.15026,51.403,0.29711,0.16759,0.345,0.278,Misc,Industrials,Rental & Leasing Services,2026-05-24,Rental & Leasing Services,0,1,0,83.17,73.9,85.97,88.56,78.535,81.02,HIGH GROWTH
KILITCH,6372444672.0,MICRO CAP,182.27000427246094,23.189568,2.2317865,0.12361,32.04,0.23618001,0.12810999,0.463,0.265,Misc,Healthcare,Drug Manufacturers - Specialty & Generic,2026-05-24,Drug Manufacturers - Specialty & Generic,0,1,0,88.05,73.39,80.56,84.09,80.72,81.02,HIGH GROWTH
PARKHOSPS,111952166912.0,MID CAP,259.19000244140625,37.727802,5.1032705,0.16936001,17.307,0.23862,0.1537,0.301,0.309,Misc,Healthcare,Medical Care Facilities,2026-05-24,Medical Care Facilities,0,1,0,80.84,75.69,88.95,84.17,78.265,80.99,HIGH GROWTH
CREDITACC,204037963776.0,MID CAP,1274.5999755859375,151.55766,2.6031635,0.105100006,302.873,0.56672,0.32564,1.259,6.162,Financials,Financial Services,Credit Services,2026-05-24,NBFC – Lending,0,1,0,96.36,97.3,17.79,96.28,96.83,80.97,HIGH GROWTH
SBC,18361886720.0,SMALL CAP,38.560001373291016,101.47369,25.879196,0.11848,281.519,0.13818,0.07017,0.5,2.274,Misc,Industrials,Conglomerates,2026-05-24,Conglomerates,0,1,0,88.99,93.81,50.02,69.1,91.4,80.89,HIGH GROWTH
NYKAA,793907560448.0,LARGE CAP,277.25,401.81158,57.31859,0.14338,82.405,0.05238,0.0199,0.284,2.902,Misc,Consumer Cyclical,Internet Retail,2026-05-24,Internet Retail,0,1,0,79.47,95.14,84.56,27.64,87.305,80.79,HIGH GROWTH
RBLBANK,206862450688.0,MID CAP,334.3500061035156,23.746449,1.2357199,0.11848,29.565,0.13972001,0.09082,0.408,3.679,Financials,Financial Services,Banks - Regional,2026-05-24,Private Sector Banks,0,1,0,86.17,96.04,50.02,69.44,91.105,80.72,HIGH GROWTH
ZFCVINDIA,280815075328.0,MID CAP,14805.0,54.348225,7.6089697,0.14979,29.565,0.12702,0.12555,0.327,0.461,Automobiles,Consumer Cyclical,Auto Parts,2026-05-24,Auto Components,0,1,0,82.35,80.21,85.93,65.99,81.28,80.68,HIGH GROWTH
INDSWFTLAB,11444189184.0,SMALL CAP,131.7899932861328,3.8211071,0.8053752,0.11848,1.687,-0.03088,0.41859,5.354871999999847,17.040096699999964,Misc,Healthcare,Drug Manufacturers - Specialty & Generic,2026-05-24,Drug Manufacturers - Specialty & Generic,0,1,0,99.51,99.51,50.02,9.8,99.51,80.64,HIGH GROWTH
OFSS,829287694336.0,LARGE CAP,9525.0,31.546001,10.591042,0.32606,0.415,0.50402,0.34401,0.203,0.306,Technology,Technology,Software - Infrastructure,2026-05-24,Software Products,1,1,1,71.04,75.55,97.96,95.42,73.295,80.44,HIGH GROWTH
CHOLAFIN,1312409124864.0,LARGE CAP,1539.800048828125,24.875607,4.302728,0.19334999,606.3078499999995,0.56111,0.39784,0.241,0.291,Financials,Financial Services,Credit Services,2026-05-24,NBFC – Lending,0,1,1,75.31,74.67,91.52,96.16,74.99000000000001,80.41,HIGH GROWTH
NESTLEIND,2744184209408.0,MEGA CAP,1423.0999755859375,78.106476,53.213924,0.4211870819999994,8.613,0.23223,0.15112,0.238,0.274,Misc,Consumer Defensive,Packaged Foods,2026-05-24,Packaged Foods,0,1,1,75.16,73.73,99.51,83.78,74.445,80.39,HIGH GROWTH
PASUPTAC,5167047168.0,MICRO CAP,57.970001220703125,9.410715,1.3505266,0.11848,28.845,0.13371,0.0588,0.548,1.526,Misc,Consumer Cyclical,Textile Manufacturing,2026-05-24,Textile Manufacturing,0,1,0,90.24,91.54,50.02,67.55,90.89,80.38,HIGH GROWTH
DIVGIITTS,21729169408.0,SMALL CAP,710.5,59.159035,3.5781555,0.11848,0.262,0.111990005,0.12125,0.726,1.251,Automobiles,Consumer Cyclical,Auto Parts,2026-05-24,Auto Components,0,1,0,93.12,89.93,50.02,61.52,91.525,80.22,HIGH GROWTH
GRSE,308603092992.0,MID CAP,2694.0,44.84021,11.750543,0.31791002,1.424,0.16153,0.106809996,0.291,0.242,Misc,Industrials,Aerospace & Defense,2026-05-24,Aerospace & Defense,0,1,1,79.92,72.02,97.73,74.37,75.97,80.16,HIGH GROWTH
HARIOMPIPE,10663585792.0,SMALL CAP,344.3500061035156,16.979782,1.7645944,0.12392,62.241,0.10842,0.04506,0.293,0.746,Misc,Basic Materials,Steel,2026-05-24,Steel,0,1,0,80.09,85.56,80.64,60.19,82.825,80.12,HIGH GROWTH
SEPC,15194459136.0,SMALL CAP,7.809999942779541,28.925924,0.8611754,0.11848,19.359,0.07998,0.05546,1.563,1.667,Industrials,Industrials,Engineering & Construction,2026-05-24,Engineering & EPC,0,1,0,97.18,92.12,50.02,38.52,94.65,80.11,HIGH GROWTH
SCHAEFFLER,636484190208.0,LARGE CAP,4072.10009765625,52.354076,10.523935,0.20212999,0.904,0.1428,0.118769996,0.275,0.355,Automobiles,Consumer Cyclical,Auto Parts,2026-05-24,Auto Components,1,1,0,78.64,76.94,92.63,70.53,77.78999999999999,80.03,HIGH GROWTH
ADFFOODS,31118862336.0,SMALL CAP,283.25,34.58486,5.4378085,0.16894,9.628,0.14527,0.13161999,0.237,0.577,Misc,Consumer Defensive,Packaged Foods,2026-05-24,Packaged Foods,0,1,0,74.98,82.6,88.87,70.94,78.78999999999999,80.02,HIGH GROWTH
PERSISTENT,776515092480.0,LARGE CAP,4970.2998046875,41.84106,9.920937,0.26349002,6.092,0.16252,0.12646,0.251,0.321,Technology,Technology,Information Technology Services,2026-05-24,IT Services,0,1,1,76.31,76.16,95.81,74.69,76.235,80.0,HIGH GROWTH
BLS,110209703936.0,MID CAP,267.70001220703125,16.07808,5.1698503,0.30143,15.468,0.24759,0.22198999,0.22,0.314,Misc,Industrials,Specialty Business Services,2026-05-24,Specialty Business Services,0,1,1,72.88,75.86,97.22,84.95,74.37,80.0,HIGH GROWTH
IKS,265824370688.0,MID CAP,1585.9000244140625,37.59839,11.831631,0.31441,26.873,0.35139,0.22591999,0.185,0.386,Misc,Healthcare,Health Information Services,2026-05-24,Health Information Services,0,1,1,68.57,78.02,97.57,91.42,73.29499999999999,79.96,HIGH GROWTH
KARURVYSYA,278434578432.0,MID CAP,288.04998779296875,11.087375,2.1750948,0.19282,29.565,0.57609004,0.4005,0.195,0.412,Financials,Financial Services,Banks - Regional,2026-05-24,Private Sector Banks,0,1,1,69.73,78.68,91.46,96.47,74.20500000000001,79.88,HIGH GROWTH
INOXGREEN,72409088000.0,SMALL CAP,180.35000610351562,107.3512,3.3664975,0.11848,4.695,0.14733,0.27431,0.338,3.998,Energy,Utilities,Utilities - Renewable,2026-05-24,Power Generation – Renewable,0,1,0,82.97,96.2,50.02,71.36,89.58500000000001,79.85,HIGH GROWTH
HEROMOTOCO,993661550592.0,LARGE CAP,4966.0,17.330914,4.5970287,0.28027,3.57,0.1311,0.12109999,0.302,0.257,Automobiles,Consumer Cyclical,Auto Manufacturers,2026-05-24,Passenger Vehicles,0,1,0,80.92,72.86,96.43,66.77,76.89,79.79,HIGH GROWTH
METROPOLIS,107594924032.0,MID CAP,518.9500122070312,56.46899,7.096558,0.13373,15.212,0.16348,0.11545,0.23,0.73,Healthcare,Healthcare,Diagnostics & Research,2026-05-24,Diagnostics,0,1,0,74.08,85.29,82.56,74.84,79.685,79.78,HIGH GROWTH
GODFRYPHLP,361144582144.0,MID CAP,2315.300048828125,23.695631,5.8130574,0.26593,3.757,0.29102,0.23878,0.136,0.861,Consumer,Consumer Defensive,Tobacco,2026-05-24,Tobacco,0,1,1,61.19,86.81,95.89,87.97,74.0,79.77,HIGH GROWTH
SHANTIGOLD,16521520128.0,SMALL CAP,229.16000366210938,12.838095,2.5398445,0.11848,34.024,0.09611,0.07758,1.101,0.92,Misc,Consumer Cyclical,Luxury Goods,2026-05-24,Luxury Goods,0,1,0,95.69,87.54,50.02,56.31,91.61500000000001,79.77,HIGH GROWTH
BAJFINANCE,5698994831360.0,MEGA CAP,916.5499877929688,30.031126,4.9983096,0.17907,313.407,0.60647,0.43383998,0.268,0.214,Financials,Financial Services,Credit Services,2026-05-24,NBFC – Lending,0,1,0,78.0,70.42,90.16,96.79,74.21000000000001,79.66,HIGH GROWTH
NAM-INDIA,689607933952.0,LARGE CAP,1080.4000244140625,45.66357,14.770257,0.34476003,1.617,0.65431,0.52143,0.196,0.273,Financials,Financial Services,Asset Management,2026-05-24,Asset Management Companies,0,1,1,69.95,73.65,98.2,97.22,71.80000000000001,79.62,HIGH GROWTH
RUBICON,156471607296.0,MID CAP,949.75,75.73764,22.63627,0.11848,87.66,0.20309,0.12902,0.517,0.793,Misc,Healthcare,Drug Manufacturers - General,2026-05-24,Drug Manufacturers - General,0,1,0,89.66,86.11,50.02,80.41,87.88499999999999,79.56,HIGH GROWTH
VIJIFIN,560025024.0,MICRO CAP,3.930000066757202,28.071428,2.6680243,0.08825,31.027,0.86291003,0.41875,1.619,2.12,Financials,Financial Services,Credit Services,2026-05-24,NBFC – Lending,0,1,0,97.39,93.42,14.26,98.82,95.405,79.52,HIGH GROWTH
V2RETAIL,85080875008.0,SMALL CAP,233.3300018310547,54.38928,20.992353,0.11848,339.244,0.13772,0.05432,0.572,0.971,Misc,Consumer Cyclical,Apparel Retail,2026-05-24,Apparel Retail,0,1,0,90.63,88.17,50.02,68.93,89.4,79.48,HIGH GROWTH
RPTECH,35948265472.0,SMALL CAP,545.5,13.243506,1.9380051,0.14938,48.65,0.028180001,0.01754,0.51,0.606,Misc,Technology,Electronics & Computer Distribution,2026-05-24,Electronics & Computer Distribution,0,1,0,89.38,82.99,85.85,19.75,86.185,79.47,HIGH GROWTH
SERVOTECH,20958416896.0,SMALL CAP,92.80000305175781,74.240005,8.811242,0.118719995,71.469,0.09024,0.04996,0.464,0.506,Misc,Industrials,Electrical Equipment & Parts,2026-05-24,Electrical Equipment & Parts,0,1,0,88.13,81.47,79.39,41.99,84.8,79.44,HIGH GROWTH
UNIDT,4741795328.0,MICRO CAP,233.5500030517578,26.330328,1.7558037,0.11848,11.201,0.15541,0.106979996,0.491,1.053,Misc,Energy,Oil & Gas Equipment & Services,2026-05-24,Oil & Gas Equipment & Services,0,1,0,88.75,88.64,50.02,73.24,88.695,79.41,HIGH GROWTH
INNOVACAP,48543903744.0,SMALL CAP,848.2999877929688,34.483738,4.758299,0.13746999,31.508,0.11993,0.08645,0.423,0.286,Misc,Healthcare,Drug Manufacturers - Specialty & Generic,2026-05-24,Drug Manufacturers - Specialty & Generic,0,1,0,86.66,74.33,83.39,63.75,80.495,79.4,HIGH GROWTH
IRISDOREME,6101753344.0,MICRO CAP,35.75,47.039474,5.0572925,0.14455,24.205,0.15763,0.08483,0.504,0.176,Misc,Consumer Cyclical,Apparel Manufacturing,2026-05-24,Apparel Manufacturing,0,1,0,89.07,68.14,84.91,73.79,78.60499999999999,79.38,HIGH GROWTH
APTUS,130368372736.0,MID CAP,260.3500061035156,13.811671,2.572171,0.20113,156.2,0.78612,0.61408,0.221,0.259,Misc,Financial Services,Mortgage Finance,2026-05-24,Mortgage Finance,0,1,1,73.04,72.98,92.36,98.04,73.01,79.38,HIGH GROWTH
MBAPL,46534287360.0,SMALL CAP,531.0499877929688,30.965015,10.145966,0.11848,68.15,0.09819999,0.059169997,1.158,0.775,Chemicals,Basic Materials,Agricultural Inputs,2026-05-24,Agrochemicals,0,1,0,95.96,85.87,50.02,57.01,90.91499999999999,79.35,HIGH GROWTH
LATTEYS,1309179904.0,MICRO CAP,22.770000457763672,73.451614,6.216216,0.11848,36.75,0.05213,0.025999999,0.95,3.0,Misc,Industrials,Specialty Industrial Machinery,2026-05-24,Specialty Industrial Machinery,0,1,0,94.93,95.3,50.02,27.55,95.11500000000001,79.34,HIGH GROWTH
JAYNECOIND,100168187904.0,MID CAP,103.16000366210938,21.626835,3.525271,0.17754,74.729,0.15237,0.06494,0.178,0.877,Misc,Basic Materials,Steel,2026-05-24,Steel,0,1,0,67.42,87.03,90.09,72.49,77.225,79.32,HIGH GROWTH
BORANA,8531824128.0,MICRO CAP,320.20001220703125,36.22172,3.0337772,0.35007998,25.149,0.19908,0.16283001,0.28,0.186,Misc,Consumer Cyclical,Textile Manufacturing,2026-05-24,Textile Manufacturing,0,1,1,79.0,68.57,98.24,79.9,73.785,79.29,HIGH GROWTH
LTFOODS,137668427776.0,MID CAP,396.45001220703125,22.025002,7.7241554,0.14936,28.488,0.1086,0.05678,0.238,0.707,Misc,Consumer Defensive,Packaged Foods,2026-05-24,Packaged Foods,0,1,0,75.16,85.07,85.82,60.25,80.115,79.27,HIGH GROWTH
SUDEEPPHRM,76053954560.0,SMALL CAP,673.3499755859375,45.252014,10.126172,0.11848,19.321,0.32558,0.27241,0.492,0.619,Misc,Healthcare,Drug Manufacturers - Specialty & Generic,2026-05-24,Drug Manufacturers - Specialty & Generic,0,1,0,88.79,83.23,50.02,90.24,86.01,79.24,HIGH GROWTH
MACPOWER,11245675520.0,SMALL CAP,1124.0999755859375,34.7266,7.2432394,0.11848,0.841,0.15888,0.10346,0.433,1.19,Misc,Industrials,Specialty Industrial Machinery,2026-05-24,Specialty Industrial Machinery,0,1,0,87.11,89.58,50.02,73.94,88.345,79.24,HIGH GROWTH
NIITMTS,28961804288.0,SMALL CAP,210.60000610351562,11.918507,1.8762362,0.17998,20.621,0.12765999,0.12691,0.222,0.588,Misc,Consumer Defensive,Education & Training Services,2026-05-24,Education & Training Services,0,1,0,73.2,82.72,90.24,66.07,77.96000000000001,79.23,HIGH GROWTH
ECLERX,147026067456.0,MID CAP,1577.699951171875,21.18571,5.6482186,0.29,15.012,0.21125999,0.17153,0.233,0.26,Technology,Technology,Information Technology Services,2026-05-24,IT Services,0,1,1,74.33,73.1,97.02,81.66,73.715,79.17,HIGH GROWTH
TINNARUBR,13334362112.0,SMALL CAP,740.1500244140625,27.17144,4.663361,0.22084999,42.978,0.16479,0.09648,0.224,0.364,Chemicals,Basic Materials,Specialty Chemicals,2026-05-24,Specialty Chemicals,0,1,1,73.47,77.33,94.24,75.04,75.4,79.13,HIGH GROWTH
ADVAIT,21954486272.0,SMALL CAP,2007.4000244140625,48.312878,9.474276,0.11848,31.997,0.11015,0.06746,1.144,0.654,Misc,Industrials,Specialty Industrial Machinery,2026-05-24,Specialty Industrial Machinery,0,1,0,95.89,84.03,50.02,61.05,89.96000000000001,79.08,HIGH GROWTH
PRESTIGE,598068953088.0,LARGE CAP,1388.5,50.0,3.778725,0.07998,105.493,0.19827,0.094239995,1.665,9.017,Misc,Real Estate,Real Estate - Diversified,2026-05-24,Real Estate - Diversified,0,1,0,97.45,98.08,13.05,79.82,97.765,79.03,HIGH GROWTH
GEECEE,6905052672.0,MICRO CAP,330.20001220703125,30.859816,0.8270176,0.05198,29.565,0.8572,0.55482,1.043,5.059,Misc,Real Estate,Real Estate - Development,2026-05-24,Real Estate - Development,0,1,0,95.43,96.83,9.21,98.75,96.13,79.01,HIGH GROWTH
SKIPPER,51941498880.0,SMALL CAP,460.04998779296875,24.392893,3.4599068,0.15878999,63.557,0.091129996,0.03838,0.294,0.623,Industrials,Industrials,Engineering & Construction,2026-05-24,Engineering & EPC,0,1,0,80.21,83.39,87.54,42.2,81.8,78.99,HIGH GROWTH
EPACKPEB,19057092608.0,SMALL CAP,189.3800048828125,19.052315,2.5863106,0.17021999,15.606,0.08501001,0.06073,0.424,0.329,Industrials,Industrials,Engineering & Construction,2026-05-24,Engineering & EPC,0,1,0,86.76,76.43,89.11,40.36,81.595,78.97,HIGH GROWTH
METROBRAND,291216195584.0,MID CAP,1068.5,70.90246,15.986654,0.22094,77.476,0.23051001,0.13854,0.251,0.232,Misc,Consumer Cyclical,Apparel Retail,2026-05-24,Apparel Retail,0,1,1,76.31,71.38,94.28,83.5,73.845,78.9,HIGH GROWTH
KENNAMET,63703928832.0,SMALL CAP,2898.5,46.08108,7.941161,0.11848,0.262,0.16982001,0.10221,0.407,1.104,Misc,Industrials,Tools & Accessories,2026-05-24,Tools & Accessories,0,1,0,86.09,89.07,50.02,75.74,87.58,78.88,HIGH GROWTH
SIRCA,23874787328.0,SMALL CAP,419.3500061035156,36.088642,5.28908,0.15767999,6.802,0.16955,0.13202,0.328,0.23,Chemicals,Basic Materials,Specialty Chemicals,2026-05-24,Specialty Chemicals,0,1,0,82.45,71.22,87.38,75.71,76.83500000000001,78.83,HIGH GROWTH
TVSMOTOR,1624085626880.0,LARGE CAP,3417.5,53.759636,48.604095,0.31619,306.09,0.12477,0.05381,0.313,0.191,Automobiles,Consumer Cyclical,Auto Manufacturers,2026-05-24,Passenger Vehicles,0,1,0,81.68,69.02,97.65,65.16,75.35,78.79,HIGH GROWTH
KAJARIACER,168701198336.0,MID CAP,1059.199951171875,41.667976,5.7570534,0.16499001,7.302,0.16102,0.10049,0.124,2.659,Misc,Industrials,Building Products & Equipment,2026-05-24,Building Products & Equipment,0,1,0,58.91,94.4,88.4,74.33,76.655,78.77,HIGH GROWTH
ANSALAPI,657952384.0,MICRO CAP,4.179999828338623,26.218092,-0.08185646,0.11848,29.565,0.03498,-0.20724002,0.71,5.721,Misc,Real Estate,Real Estate - Development,2026-05-24,Real Estate - Development,0,1,0,92.99,97.14,50.02,21.83,95.065,78.73,HIGH GROWTH
PROZONER,7868204544.0,MICRO CAP,51.560001373291016,26.218092,1.63849,0.11848,53.946,0.28983998,-0.14723,0.298,1.4,Misc,Real Estate,Real Estate - Diversified,2026-05-24,Real Estate - Diversified,0,1,0,80.39,90.67,50.02,87.85,85.53,78.66,HIGH GROWTH
SBFC,100831395840.0,MID CAP,91.16999816894531,22.236586,2.8972287,0.13038999,192.253,0.60861,0.44346002,0.244,0.29,Financials,Financial Services,Credit Services,2026-05-24,NBFC – Lending,0,1,0,75.59,74.61,81.94,96.83,75.1,78.64,HIGH GROWTH
SINCLAIR,3799903744.0,MICRO CAP,74.12999725341797,27.764044,3.2503178,0.11848,30.207,0.29522,0.24098,0.234,4.091,Misc,Consumer Cyclical,Lodging,2026-05-24,Lodging,0,1,0,74.43,96.36,50.02,88.4,85.39500000000001,78.62,HIGH GROWTH
MEDANTA,332676169728.0,MID CAP,1238.0999755859375,59.86944,8.98274,0.15032,29.869,0.15292,0.12617,0.245,0.42,Misc,Healthcare,Medical Care Facilities,2026-05-24,Medical Care Facilities,0,1,0,75.72,79.0,86.03,72.61,77.36,78.62,HIGH GROWTH
NAGREEKCAP,358526816.0,MICRO CAP,28.420000076293945,3.258048784,1.3010437,0.11848,329.865,0.25649,0.26088,4.638,0.255,Financials,Financial Services,Asset Management,2026-05-24,Asset Management Companies,0,1,0,98.9,72.63,50.02,85.5,85.765,78.59,HIGH GROWTH
GFLLIMITED,5030031360.0,MICRO CAP,45.790000915527344,416.27274,0.19933397,0.11848,29.565,0.41429,0.47000998,0.25,1.81,Financials,Financial Services,Asset Management,2026-05-24,Asset Management Companies,0,1,0,76.18,92.83,50.02,93.73,84.505,78.53,HIGH GROWTH
TMB,108114460672.0,MID CAP,682.75,8.083709,1.1059545,0.13992,29.565,0.54293,0.39859,0.235,0.28,Financials,Financial Services,Banks - Regional,2026-05-24,Private Sector Banks,0,1,0,74.55,74.1,83.89,95.89,74.32499999999999,78.39,HIGH GROWTH
SHREEJISPG,73329508352.0,SMALL CAP,450.1000061035156,45.881752,9.68707,0.11848,30.028,0.29448998,0.23993999,0.3,1.117,Misc,Industrials,Marine Shipping,2026-05-24,Marine Shipping,0,1,0,80.66,89.15,50.02,88.36,84.905,78.27,HIGH GROWTH
GKENERGY,25465735168.0,SMALL CAP,125.55999755859375,11.519266,3.2685149,0.11848,54.322,0.18410999,0.11934,0.591,0.511,Energy,Utilities,Utilities - Renewable,2026-05-24,Power Generation – Renewable,0,1,0,91.07,81.58,50.02,77.88,86.32499999999999,78.22,HIGH GROWTH
MEGASTAR,3547915776.0,MICRO CAP,314.1499938964844,34.14674,3.6152828,0.11848,177.675,0.05071,0.01648,0.523,5.775,Misc,Consumer Defensive,Packaged Foods,2026-05-24,Packaged Foods,0,1,0,89.87,97.18,50.02,27.12,93.525,78.18,HIGH GROWTH
HECPROJECT,1350217984.0,MICRO CAP,124.58000183105469,10.795494,2.3802972,0.11848,73.815,0.084759995,0.07056,1.082,0.908,Industrials,Industrials,Engineering & Construction,2026-05-24,Engineering & EPC,0,1,0,95.61,87.42,50.02,40.2,91.515,78.08,HIGH GROWTH
RRKABEL,220284272640.0,MID CAP,1947.5999755859375,44.844578,9.413334,0.20826,13.092,0.079450004,0.050630003,0.336,0.322,Misc,Industrials,Electrical Equipment & Parts,2026-05-24,Electrical Equipment & Parts,0,1,0,82.68,76.21,93.14,38.17,79.445,78.06,HIGH GROWTH
PRIVISCL,129621770240.0,MID CAP,3318.300048828125,39.5271,10.454335,0.24757999,70.891,0.19924,0.12776,0.176,0.409,Chemicals,Basic Materials,Specialty Chemicals,2026-05-24,Specialty Chemicals,0,1,1,66.95,78.61,95.34,79.94,72.78,78.01,HIGH GROWTH
SHRIRAMFIN,2214013435904.0,MEGA CAP,941.0,17.668045,2.6852186,0.16382,274.993,0.70207,0.48407,0.167,0.409,Financials,Financial Services,Credit Services,2026-05-24,NBFC – Lending,0,1,0,65.87,78.61,88.21,97.57,72.24000000000001,77.97,HIGH GROWTH
AADHARHFC,207155331072.0,MID CAP,475.45001220703125,19.19459,2.7379,0.15753001,248.556,0.62323004,0.48599997,0.209,0.263,Misc,Financial Services,Mortgage Finance,2026-05-24,Mortgage Finance,0,1,0,71.87,73.32,87.34,96.9,72.595,77.97,HIGH GROWTH
SIGNPOST,15513862144.0,SMALL CAP,290.25,30.943497,6.162289,0.11848,82.071,0.19243999,0.09528,0.269,2.139,Misc,Communication Services,Advertising Agencies,2026-05-24,Advertising Agencies,0,1,0,78.1,93.5,50.02,79.04,85.8,77.97,HIGH GROWTH
AUBANK,731820064768.0,LARGE CAP,977.9000244140625,27.932022,3.6593125,0.11848,29.565,0.35549998,0.21372999,0.371,0.626,Financials,Financial Services,Banks - Regional,2026-05-24,Private Sector Banks,0,1,0,84.4,83.54,50.02,91.73,83.97,77.96,HIGH GROWTH
PPAP,2957690368.0,MICRO CAP,208.60000610351562,6.8393445,1.1135964,0.13734001,60.801,0.04282,0.07596,0.186,17.040096699999964,Automobiles,Consumer Cyclical,Auto Parts,2026-05-24,Auto Components,0,1,0,68.71,99.51,83.31,24.06,84.11,77.95,HIGH GROWTH
ADROITINFO,504534912.0,MICRO CAP,8.8100004196167,19.152174,0.6310436,0.11848,29.363,0.11027,0.051069997,0.865,0.556,Technology,Technology,Information Technology Services,2026-05-24,IT Services,0,1,0,94.32,82.05,50.02,61.13,88.185,77.85,HIGH GROWTH
HUBTOWN,29507201024.0,SMALL CAP,207.64999389648438,19.57116,1.1196,0.0637,44.93,0.485,0.23075001,0.654,5.119,Misc,Real Estate,Real Estate - Development,2026-05-24,Real Estate - Development,0,1,0,92.24,96.87,10.62,95.18,94.555,77.83,HIGH GROWTH
CGPOWER,1363440566272.0,LARGE CAP,865.7000122070312,112.42857,17.110723,0.19561,1.444,0.121190004,0.09714,0.25,0.305,Misc,Industrials,Electrical Equipment & Parts,2026-05-24,Electrical Equipment & Parts,0,1,0,76.18,75.45,91.69,64.15,75.815,77.82,HIGH GROWTH
LPDC,925587840.0,MICRO CAP,6.900000095367432,26.218092,2.825553,0.11848,29.565,0.050630003,0.11003,2.411,0.929,Misc,Real Estate,Real Estate Services,2026-05-24,Real Estate Services,0,1,0,98.2,87.7,50.02,27.08,92.95,77.78,HIGH GROWTH
HILTON,1118882816.0,MICRO CAP,21.739999771118164,8.426356,0.435427,0.11848,58.483,0.04168,0.03487,0.733,2.211,Misc,Industrials,Metal Fabrication,2026-05-24,Metal Fabrication,0,1,0,93.22,93.67,50.02,23.63,93.445,77.78,HIGH GROWTH
MUKANDLTD,20142682112.0,SMALL CAP,139.39999389648438,3.3341303,2.115294,0.4211870819999994,111.455,-0.027980002,0.12355,0.147,17.040096699999964,Misc,Basic Materials,Steel,2026-05-24,Steel,0,1,0,62.99,99.51,99.51,9.95,81.25,77.77,HIGH GROWTH
ASKAUTOLTD,89759023104.0,SMALL CAP,455.29998779296875,30.212341,7.740301,0.25258,51.789,0.08927,0.07119,0.35,0.243,Automobiles,Consumer Cyclical,Auto Parts,2026-05-24,Auto Components,0,1,0,83.62,72.1,95.45,41.73,77.86,77.76,HIGH GROWTH
DIFFNKG,12004775936.0,SMALL CAP,323.3500061035156,23.863468,2.9745095,0.13011,7.057,0.13303,0.11936,0.382,0.229,Misc,Industrials,Specialty Industrial Machinery,2026-05-24,Specialty Industrial Machinery,0,1,0,84.99,71.14,81.86,67.28,78.065,77.75,HIGH GROWTH
SBCL,39052767232.0,SMALL CAP,677.9500122070312,42.90823,8.879502,0.21614,14.779,0.19564,0.16792,0.228,0.24,Misc,Industrials,Metal Fabrication,2026-05-24,Metal Fabrication,0,1,1,73.86,71.87,93.89,79.51,72.86500000000001,77.73,HIGH GROWTH
APCOTEXIND,25756575744.0,SMALL CAP,496.79998779296875,25.385794,4.148435,0.17274,15.522,0.117189996,0.07035,0.157,1.074,Chemicals,Basic Materials,Specialty Chemicals,2026-05-24,Specialty Chemicals,0,1,0,64.05,88.91,89.46,62.93,76.47999999999999,77.72,HIGH GROWTH
SGFIN,38535393280.0,SMALL CAP,584.7999877929688,26.107143,2.2722416,0.10316,185.189,0.8848054185939996,0.38259998,0.952,1.059,Misc,Financial Services,Capital Markets,2026-05-24,Capital Markets,0,1,0,94.98,88.71,17.4,99.51,91.845,77.72,HIGH GROWTH
KECL,7948435968.0,MICRO CAP,119.68000030517578,74.799995,6.362573,0.11848,83.428,0.121709995,0.01918,0.264,5.889,Misc,Industrials,Specialty Industrial Machinery,2026-05-24,Specialty Industrial Machinery,0,1,0,77.66,97.22,50.02,64.34,87.44,77.65,HIGH GROWTH
SRM,11828818944.0,SMALL CAP,515.4500122070312,14.639308,3.953626,0.11848,19.915,0.16825001,0.100080006,0.537,0.506,Industrials,Industrials,Engineering & Construction,2026-05-24,Engineering & EPC,0,1,0,90.11,81.47,50.02,75.51,85.78999999999999,77.61,HIGH GROWTH
COASTCORP,3879991040.0,MICRO CAP,57.93000030517578,24.969828,1.4244965,0.11848,153.742,0.03936,0.01928,0.649,2.63,Misc,Consumer Defensive,Packaged Foods,2026-05-24,Packaged Foods,0,1,0,92.08,94.36,50.02,22.84,93.22,77.54,HIGH GROWTH
RMDRIP,8063543808.0,MICRO CAP,18.829999923706055,22.15294,5.4343433,0.11848,40.967,0.2922,0.19016,0.551,0.366,Misc,Industrials,Farm & Heavy Construction Machinery,2026-05-24,Farm & Heavy Construction Machinery,0,1,0,90.28,77.51,50.02,88.05,83.89500000000001,77.54,HIGH GROWTH
OMAXAUTO,4651668480.0,MICRO CAP,216.9499969482422,12.533218,1.3379753,0.11191,15.23,0.13851,0.07123,0.594,17.040096699999964,Automobiles,Consumer Cyclical,Auto Parts,2026-05-24,Auto Components,0,1,0,91.18,99.51,19.28,69.24,95.345,77.52,HIGH GROWTH
SANDUMA,109694410752.0,MID CAP,225.66000366210938,16.690828,3.779773,0.22318001,30.563,0.22017,0.12905,0.143,0.509,Misc,Basic Materials,Steel,2026-05-24,Steel,0,1,1,62.3,81.54,94.51,82.72,71.92,77.52,HIGH GROWTH
BLKASHYAP,12911121408.0,SMALL CAP,57.2599983215332,119.291664,2.4699132,0.11848,58.747,0.08552,0.00825,0.339,9.4,Industrials,Industrials,Engineering & Construction,2026-05-24,Engineering & EPC,0,1,0,83.09,98.2,50.02,40.63,90.64500000000001,77.52,HIGH GROWTH
AVL,69282562048.0,SMALL CAP,536.5,59.15105,10.069256,0.18383,83.205,0.07834,0.0436,0.305,0.369,Misc,Consumer Cyclical,Specialty Retail,2026-05-24,Specialty Retail,0,1,0,81.17,77.57,90.83,37.89,79.37,77.51,HIGH GROWTH
CUB,184695128064.0,MID CAP,248.5500030517578,13.947812,1.7477552,0.13241,29.565,0.48056,0.37617,0.236,0.251,Financials,Financial Services,Banks - Regional,2026-05-24,Private Sector Banks,0,1,0,74.76,72.34,82.25,95.02,73.55000000000001,77.44,HIGH GROWTH
ELDEHSG,8097475584.0,MICRO CAP,823.5,35.71119,2.074302,0.11848,26.96,0.40504003,0.16018999,0.243,1.368,Misc,Real Estate,Real Estate Services,2026-05-24,Real Estate Services,0,1,0,75.49,90.52,50.02,93.34,83.005,77.44,HIGH GROWTH
EMUDHRA,38642503680.0,SMALL CAP,471.0,36.23077,4.2415237,0.13259,3.153,0.16983,0.15364,0.317,0.216,Technology,Technology,Software - Application,2026-05-24,SaaS,0,1,0,81.9,70.57,82.37,75.78,76.235,77.42,HIGH GROWTH
LAXMIINDIA,6076663296.0,MICRO CAP,116.26000213623047,11.39804,1.3223386,0.11848,256.533,0.33054,0.28614,0.37,0.565,Financials,Financial Services,Credit Services,2026-05-24,NBFC – Lending,0,1,0,84.33,82.35,50.02,90.44,83.34,77.39,HIGH GROWTH
SKYGOLD,72782987264.0,SMALL CAP,469.95001220703125,30.856863,6.934075,0.11848,78.497,0.06781,0.04212,0.771,1.076,Misc,Consumer Cyclical,Luxury Goods,2026-05-24,Luxury Goods,0,1,0,93.69,88.95,50.02,33.66,91.32,77.29,HIGH GROWTH
BANARISUG,45262045184.0,SMALL CAP,3609.5,31.948132,2.4849658,0.11848,1.035,0.11302,0.06649,0.528,0.679,Misc,Consumer Defensive,Confectioners,2026-05-24,Confectioners,0,1,0,89.97,84.44,50.02,61.99,87.205,77.25,HIGH GROWTH
CHEVIOT,6596644864.0,MICRO CAP,1129.199951171875,9.424923,0.9446677,0.11848,1.473,0.097959995,0.12958999,0.285,4.039,Misc,Consumer Cyclical,Textile Manufacturing,2026-05-24,Textile Manufacturing,0,1,0,79.55,96.28,50.02,56.96,87.91499999999999,77.24,HIGH GROWTH
CPPLUS,284726788096.0,MID CAP,2416.0,112.37209,17.077343,0.11848,8.041,0.11205,0.067210004,0.373,1.235,Misc,Industrials,Building Products & Equipment,2026-05-24,Building Products & Equipment,0,1,0,84.54,89.77,50.02,61.56,87.155,77.17,HIGH GROWTH
PSPPROJECT,30258579456.0,SMALL CAP,763.2999877929688,73.535645,2.4217293,0.11848,26.131,0.02997,0.0863,0.657,2.211,Industrials,Industrials,Engineering & Construction,2026-05-24,Engineering & EPC,0,1,0,92.32,93.67,50.02,20.49,92.995,77.15,HIGH GROWTH
CARERATING,51852836864.0,SMALL CAP,1725.5999755859375,30.396336,5.561805,0.19754,2.776,0.43565,0.36183998,0.192,0.235,Misc,Financial Services,Financial Data & Stock Exchanges,2026-05-24,Financial Data & Stock Exchanges,0,1,1,69.42,71.51,91.97,94.32,70.465,77.15,HIGH GROWTH
HDBFS,542032330752.0,LARGE CAP,654.2999877929688,21.18847,2.6291256,0.13945,480.236,0.42518002,0.28924,0.184,0.357,Financials,Financial Services,Credit Services,2026-05-24,NBFC – Lending,0,1,0,68.42,77.12,83.74,94.0,72.77000000000001,77.09,HIGH GROWTH
LORDSCHLO,3928730880.0,MICRO CAP,137.11000061035156,13.711,1.7148825,0.11848,72.87,0.069910005,0.07172,0.45,2.51,Misc,Basic Materials,Chemicals,2026-05-24,Chemicals,0,1,0,87.54,94.24,50.02,34.13,90.89,77.04,HIGH GROWTH
SHARDACROP,80575922176.0,SMALL CAP,893.0999755859375,11.83384,3.0105677,0.24157,29.565,0.21327999,0.12925,0.129,0.565,Chemicals,Basic Materials,Agricultural Inputs,2026-05-24,Agrochemicals,0,1,1,59.68,82.35,95.02,81.94,71.015,76.91,HIGH GROWTH
POONAWALLA,349975805952.0,MID CAP,399.75,58.44298,3.124585,0.0585,470.362,0.35472,0.18559,0.674,2.877,Financials,Financial Services,Credit Services,2026-05-24,NBFC – Lending,0,1,0,92.67,95.06,10.19,91.61,93.86500000000001,76.9,HIGH GROWTH
HITECHGEAR,11287188480.0,SMALL CAP,599.9500122070312,49.995834,2.331587,0.11848,29.565,0.10385,0.05585,0.363,1.263,Automobiles,Consumer Cyclical,Auto Parts,2026-05-24,Auto Components,0,1,0,84.03,90.05,50.02,58.7,87.03999999999999,76.8,HIGH GROWTH
AJANTPHARM,388237459456.0,MID CAP,3107.5,36.76645,8.574661,0.25393,5.747,0.23194,0.19365999,0.215,0.186,Misc,Healthcare,Drug Manufacturers - Specialty & Generic,2026-05-24,Drug Manufacturers - Specialty & Generic,0,1,1,72.3,68.57,95.57,83.58,70.435,76.78,HIGH GROWTH
FEDFINA,58023763968.0,SMALL CAP,155.00999450683594,17.015368,1.9797693,0.12555,467.341,0.38526002,0.27889,0.186,0.385,Financials,Financial Services,Credit Services,2026-05-24,NBFC – Lending,0,1,0,68.71,77.96,80.92,92.52,73.335,76.77,HIGH GROWTH
IREDA,362418929664.0,MID CAP,129.00999450683594,18.86111,2.676778,0.11848,554.116,0.87421995,0.45951,0.408,0.325,Financials,Financial Services,Credit Services,2026-05-24,NBFC – Lending,0,1,0,86.17,76.29,50.02,98.86,81.23,76.75,HIGH GROWTH
GRANULES,186330906624.0,MID CAP,751.9500122070312,30.767185,3.6220226,0.13522,29.735,0.18384,0.11089,0.228,0.313,Misc,Healthcare,Drug Manufacturers - Specialty & Generic,2026-05-24,Drug Manufacturers - Specialty & Generic,0,1,0,73.86,75.82,82.84,77.82,74.84,76.74,HIGH GROWTH
KRISHNADEF,15446650880.0,SMALL CAP,1098.699951171875,53.46472,9.374653,0.11848,0.451,0.2511,0.15493,0.234,1.598,Misc,Industrials,Specialty Industrial Machinery,2026-05-24,Specialty Industrial Machinery,0,1,0,74.43,91.93,50.02,85.15,83.18,76.74,HIGH GROWTH
CARYSIL,30689572864.0,SMALL CAP,1079.0,34.243095,5.0483546,0.17277001,45.99,0.16191,0.104779996,0.167,0.485,Misc,Consumer Cyclical,"Furnishings, Fixtures & Appliances",2026-05-24,"Furnishings, Fixtures & Appliances",0,1,0,65.87,80.8,89.5,74.45,73.33500000000001,76.68,HIGH GROWTH
RAILTEL,102732382208.0,MID CAP,320.1000061035156,32.366024,4.5390735,0.16254,2.817,0.10985,0.08096,0.276,0.253,Telecom,Communication Services,Telecom Services,2026-05-24,Telecom Services,0,1,0,78.72,72.53,88.09,60.93,75.625,76.65,HIGH GROWTH
POCL,45223817216.0,SMALL CAP,1482.199951171875,39.68407,6.357962,0.11848,5.327,0.063990004,0.04356,0.532,1.456,Chemicals,Basic Materials,Specialty Chemicals,2026-05-24,Specialty Chemicals,0,1,0,90.01,91.14,50.02,31.82,90.575,76.59,HIGH GROWTH
CANTABIL,18265710592.0,SMALL CAP,218.38999938964844,20.525375,3.8160722,0.21983999,113.826,0.20548001,0.11107001,0.173,0.302,Misc,Consumer Cyclical,Apparel Manufacturing,2026-05-24,Apparel Manufacturing,0,1,1,66.52,75.33,94.16,80.88,70.925,76.57,HIGH GROWTH
BUILDPRO,25653362688.0,SMALL CAP,1057.9000244140625,26.218092,4.683979,0.25518999,11.14,0.03367,0.01871,0.279,0.422,Misc,Consumer Cyclical,Home Improvement Retail,2026-05-24,Home Improvement Retail,0,1,0,78.92,79.04,95.61,21.51,78.98,76.56,HIGH GROWTH
STARCEMENT,89319833600.0,SMALL CAP,220.99000549316406,22.735596,2.9691384,0.11848,21.388,0.12649,0.10086001,0.224,7.409,Misc,Basic Materials,Building Materials,2026-05-24,Building Materials,0,1,0,73.47,97.84,50.02,65.83,85.655,76.55,HIGH GROWTH
JMFINANCIL,123365007360.0,MID CAP,128.97999572753906,10.068696,1.1997023,0.11848,104.102,0.4678,0.35617,0.314,0.5,Misc,Financial Services,Capital Markets,2026-05-24,Capital Markets,0,1,0,81.8,81.21,50.02,94.87,81.505,76.54,HIGH GROWTH
UNIPARTS,25412251648.0,SMALL CAP,563.4500122070312,19.571032,2.771397,0.11848,13.13,0.15889,0.119890004,0.349,0.738,Misc,Industrials,Farm & Heavy Construction Machinery,2026-05-24,Farm & Heavy Construction Machinery,0,1,0,83.56,85.42,50.02,73.98,84.49000000000001,76.54,HIGH GROWTH
SAREGAMA,77225295872.0,SMALL CAP,402.29998779296875,37.4581,4.648771,0.12567,4.281,0.35886002,0.20165001,0.232,0.241,Misc,Communication Services,Entertainment,2026-05-24,Entertainment,0,1,0,74.22,71.92,80.96,91.93,73.07,76.53,HIGH GROWTH
APOLLO,126861107200.0,MID CAP,355.04998779296875,112.35759,9.332124,0.1121,41.527,0.20691,0.12487,0.813,1.348,Misc,Industrials,Aerospace & Defense,2026-05-24,Aerospace & Defense,0,1,0,93.97,90.36,19.32,81.15,92.16499999999999,76.49,HIGH GROWTH
AMBICAAGAR,408650368.0,MICRO CAP,23.790000915527344,32.14865,0.3670107,0.11848,74.724,0.05156,0.00465,0.499,1.955,Consumer,Consumer Defensive,Household & Personal Products,2026-05-24,FMCG – Personal Care,0,1,0,88.93,93.14,50.02,27.35,91.035,76.46,HIGH GROWTH
VINCOFE,18889961472.0,SMALL CAP,129.66000366210938,27.528664,3.5746584,0.11848,16.989,0.17321,0.13557,0.708,0.297,Misc,Consumer Defensive,Beverages - Non-Alcoholic,2026-05-24,Beverages - Non-Alcoholic,0,1,0,92.95,75.02,50.02,76.53,83.985,76.45,HIGH GROWTH
WELENT,68505313280.0,SMALL CAP,505.1499938964844,19.265827,2.5767305,0.13603,60.918,0.18878001,0.09677,0.174,0.531,Industrials,Industrials,Engineering & Construction,2026-05-24,Engineering & EPC,0,1,0,66.67,81.78,83.07,78.64,74.225,76.44,HIGH GROWTH
UNIVASTU,2557579520.0,MICRO CAP,71.06999969482422,24.255972,2.9295135,0.11848,43.706,0.1724,0.09024,0.337,0.719,Industrials,Industrials,Engineering & Construction,2026-05-24,Engineering & EPC,0,1,0,82.8,85.21,50.02,76.35,84.005,76.44,HIGH GROWTH
TMCV,1410148859904.0,LARGE CAP,382.95001220703125,46.530987,11.072079,0.26045,44.095,0.10774,0.03566,0.194,0.334,Automobiles,Consumer Cyclical,Auto Manufacturers,2026-05-24,Passenger Vehicles,0,1,0,69.57,76.65,95.73,60.07,73.11,76.33,HIGH GROWTH
RAJESHEXPO,31722731520.0,SMALL CAP,107.44000244140625,18.915493,0.1915189,0.11848,5.254,0.00043000001,0.00023,1.433,1.017,Misc,Consumer Cyclical,Luxury Goods,2026-05-24,Luxury Goods,0,1,0,96.9,88.44,50.02,13.32,92.67,76.2,HIGH GROWTH
LUMAXTECH,110749458432.0,MID CAP,1624.9000244140625,44.444748,10.494262,0.11848,87.422,0.101,0.05432,0.403,0.839,Automobiles,Consumer Cyclical,Auto Parts,2026-05-24,Auto Components,0,1,0,85.8,86.68,50.02,57.99,86.24000000000001,76.17,HIGH GROWTH
BHAGYANGR,8784227328.0,MICRO CAP,274.54998779296875,24.210756,3.886333,0.11848,162.99,0.04631,0.01729,0.464,2.208,Metals,Basic Materials,Copper,2026-05-24,Copper,0,1,0,88.13,93.61,50.02,25.47,90.87,76.16,HIGH GROWTH
SIYSIL,26924879872.0,SMALL CAP,593.4500122070312,13.123618,1.9922787,0.16834,24.131,0.1565,0.086940005,0.183,0.357,Misc,Consumer Cyclical,Textile Manufacturing,2026-05-24,Textile Manufacturing,0,1,0,68.26,77.12,88.79,73.59,72.69,76.0,HIGH GROWTH
POWERINDIA,1584770449408.0,LARGE CAP,35555.0,185.1823,34.578808,0.11848,1.843,0.16273001,0.11545999,0.3,0.81,Misc,Industrials,Electrical Equipment & Parts,2026-05-24,Electrical Equipment & Parts,0,1,0,80.66,86.29,50.02,74.76,83.475,75.91,HIGH GROWTH
UJJIVANSFB,102063652864.0,MID CAP,52.4900016784668,14.954416,1.4976177,0.10739,29.565,0.29524,0.16572,0.444,2.34,Financials,Financial Services,Banks - Regional,2026-05-24,Private Sector Banks,0,1,0,87.26,93.89,18.26,88.44,90.575,75.9,HIGH GROWTH
ANURAS,155528183808.0,MID CAP,1366.0999755859375,88.47798,4.82639,0.11848,37.505,0.1815,0.077199996,0.313,0.677,Chemicals,Basic Materials,Specialty Chemicals,2026-05-24,Specialty Chemicals,0,1,0,81.68,84.38,50.02,77.59,83.03,75.88,HIGH GROWTH
PIDILITIND,1504679165952.0,LARGE CAP,1478.4000244140625,61.7286,15.753133,0.23523001,3.776,0.20533001,0.16771999,0.141,0.37,Chemicals,Basic Materials,Specialty Chemicals,2026-05-24,Specialty Chemicals,0,1,1,61.89,77.63,94.83,80.8,69.75999999999999,75.88,HIGH GROWTH
HIKAL,25318576128.0,SMALL CAP,205.33999633789062,26.218092,2.0057435,0.11848,29.565,0.13161,0.0615,0.373,0.683,Misc,Healthcare,Drug Manufacturers - Specialty & Generic,2026-05-24,Drug Manufacturers - Specialty & Generic,0,1,0,84.54,84.56,50.02,66.93,84.55000000000001,75.88,HIGH GROWTH
APOLLOHOSP,1202399215616.0,LARGE CAP,8362.5,62.110073,12.680638,0.21503,85.146,0.11908,0.07696,0.181,0.356,Misc,Healthcare,Medical Care Facilities,2026-05-24,Medical Care Facilities,0,1,0,67.91,77.02,93.81,63.52,72.465,75.84,HIGH GROWTH
CAPLIPOINT,154151714816.0,MID CAP,2028.0,24.096956,4.3893824,0.19939,0.127,0.30898002,0.29318002,0.19,0.194,Misc,Healthcare,Drug Manufacturers - Specialty & Generic,2026-05-24,Drug Manufacturers - Specialty & Generic,1,1,1,69.2,69.26,92.12,89.22,69.23,75.81,HIGH GROWTH
PLAZACABLE,2062035584.0,MICRO CAP,47.130001068115234,39.274998,1.784011,0.11848,27.229,0.045089997,0.01869,0.339,7.0,Misc,Industrials,Electrical Equipment & Parts,2026-05-24,Electrical Equipment & Parts,0,1,0,83.09,97.73,50.02,24.73,90.41,75.76,HIGH GROWTH
PRITIKAUTO,2454396672.0,MICRO CAP,14.739999771118164,16.197802,0.98247015,0.11848,65.121,0.118090004,0.03433,0.406,0.632,Misc,Industrials,Specialty Industrial Machinery,2026-05-24,Specialty Industrial Machinery,0,1,0,86.05,83.58,50.02,63.32,84.815,75.71,HIGH GROWTH
SUPREMEIND,451902865408.0,MID CAP,3556.0,47.394375,7.322598,0.16128999,1.473,0.14222999,0.085039996,0.165,0.475,Misc,Industrials,Building Products & Equipment,2026-05-24,Building Products & Equipment,0,1,0,65.48,80.54,87.81,70.22,73.01,75.69,HIGH GROWTH
HAPPYFORGE,130062114816.0,MID CAP,1378.5,43.105064,6.63241,0.15161,15.489,0.25678,0.19118999,0.204,0.23,Misc,Industrials,Metal Fabrication,2026-05-24,Metal Fabrication,0,1,0,71.26,71.22,86.36,85.54,71.24000000000001,75.69,HIGH GROWTH
SWARAJENG,44845182976.0,SMALL CAP,3681.800048828125,22.779186,9.14858,0.4211870819999994,0.419,0.1275,0.09781,0.202,0.201,Automobiles,Consumer Cyclical,Auto Parts,2026-05-24,Auto Components,1,1,0,70.87,69.59,99.51,66.03,70.23,75.67,HIGH GROWTH
PTCIL,238111670272.0,MID CAP,15882.0,357.13965,16.80811,0.11848,12.655,0.09851,0.13265,1.324,0.288,Misc,Industrials,Metal Fabrication,2026-05-24,Metal Fabrication,0,1,0,96.67,74.43,50.02,57.25,85.55000000000001,75.61,HIGH GROWTH
DEVX,3521822208.0,MICRO CAP,39.04999923706055,216.94443,2.2810912,0.07354,199.506,0.39894,0.03739,0.383,6.319,Misc,Real Estate,Real Estate Services,2026-05-24,Real Estate Services,0,1,0,85.07,97.37,12.11,92.95,91.22,75.57,HIGH GROWTH
CORALFINAC,1277580544.0,MICRO CAP,31.700000762939453,8.854749,0.5930666,0.11848,29.565,0.85666,0.70418,0.247,0.603,Misc,Real Estate,Real Estate Services,2026-05-24,Real Estate Services,0,1,0,75.92,82.88,50.02,98.71,79.4,75.46,HIGH GROWTH
PNBHOUSING,276121059328.0,MID CAP,1059.5999755859375,12.062841,1.4364691,0.127,277.418,0.77546996,0.58886003,0.216,0.19,Misc,Financial Services,Mortgage Finance,2026-05-24,Mortgage Finance,0,1,0,72.36,68.91,81.07,97.96,70.63499999999999,75.45,HIGH GROWTH
SHRINGARMS,20507246592.0,SMALL CAP,212.66000366210938,21.181274,2.6593802,0.11848,30.311,0.05962,0.05167,0.684,0.739,Misc,Consumer Cyclical,Luxury Goods,2026-05-24,Luxury Goods,0,1,0,92.75,85.46,50.02,30.29,89.10499999999999,75.41,HIGH GROWTH
PAVNAIND,2498982400.0,MICRO CAP,17.90999984741211,26.218092,1.2528856,0.11848,36.865,0.046230003,0.01253,0.36,2.86,Automobiles,Consumer Cyclical,Auto Parts,2026-05-24,Auto Components,0,1,0,83.91,94.95,50.02,25.43,89.43,75.15,HIGH GROWTH
TRENT,1527351869440.0,LARGE CAP,4296.5,88.4964,21.867922,0.27126,36.034,0.10954001,0.08566,0.192,0.258,Misc,Consumer Cyclical,Apparel Retail,2026-05-24,Apparel Retail,0,1,0,69.42,72.92,96.04,60.78,71.17,75.1,HIGH GROWTH
KROSS,12233567232.0,SMALL CAP,189.63999938964844,22.180117,2.706166,0.11948,10.969,0.1412,0.081499994,0.223,0.31,Automobiles,Consumer Cyclical,Auto Parts,2026-05-24,Auto Components,0,1,0,73.33,75.74,79.62,69.87,74.535,75.09,HIGH GROWTH
SANOFICONR,109207920640.0,MID CAP,4735.10009765625,42.194798,28.403557,0.11848,6.458,0.37347,0.27583,0.328,0.357,Misc,Healthcare,Drug Manufacturers - General,2026-05-24,Drug Manufacturers - General,0,1,0,82.45,77.12,50.02,92.28,79.785,75.08,HIGH GROWTH
BANCOINDIA,87925030912.0,SMALL CAP,614.7000122070312,18.015827,5.3799295,0.11848,44.582,0.1257,0.13282,0.235,1.778,Automobiles,Consumer Cyclical,Auto Parts,2026-05-24,Auto Components,0,1,0,74.55,92.63,50.02,65.54,83.59,75.07,HIGH GROWTH
CRISIL,298772692992.0,MID CAP,4085.5,35.58798,9.849301,0.11848,9.785,0.26393,0.2156,0.301,0.459,Misc,Financial Services,Financial Data & Stock Exchanges,2026-05-24,Financial Data & Stock Exchanges,0,1,0,80.84,80.17,50.02,86.17,80.505,74.97,HIGH GROWTH
HMAAGRO,12203759616.0,SMALL CAP,24.3700008392334,7.188791,1.4135731,0.11848,70.83,0.027409999,0.02484,0.415,2.22,Misc,Consumer Defensive,Packaged Foods,2026-05-24,Packaged Foods,0,1,0,86.4,93.73,50.02,19.22,90.065,74.97,HIGH GROWTH
YATHARTH,83071909888.0,SMALL CAP,862.1500244140625,49.491966,4.919431,0.11848,1.525,0.15692,0.15289,0.462,0.319,Misc,Healthcare,Medical Care Facilities,2026-05-24,Medical Care Facilities,0,1,0,87.99,76.08,50.02,73.67,82.035,74.8,HIGH GROWTH
EXPLEOSOL,13996476416.0,SMALL CAP,901.8499755859375,11.287233,1.9889946,0.17559,1.011,0.12861,0.111899994,0.119,0.732,Technology,Technology,Information Technology Services,2026-05-24,IT Services,0,1,0,58.09,85.34,89.81,66.22,71.715,74.78,HIGH GROWTH
GODREJIND,379410644992.0,MID CAP,1126.5,30.578176,3.6477797,0.10832,222.411,0.19414,0.04775,0.516,1.426,Misc,Industrials,Conglomerates,2026-05-24,Conglomerates,0,1,0,89.58,90.83,18.5,79.31,90.205,74.77,HIGH GROWTH
EMCURE,324880662528.0,MID CAP,1713.5999755859375,35.085995,6.5623994,0.19573,30.567,0.15354,0.100439996,0.167,0.288,Misc,Healthcare,Drug Manufacturers - Specialty & Generic,2026-05-24,Drug Manufacturers - Specialty & Generic,0,1,1,65.87,74.43,91.73,72.84,70.15,74.74,HIGH GROWTH
RSYSTEMS,31872495616.0,SMALL CAP,268.8999938964844,15.65192,4.0152903,0.11848,33.46,0.13757,0.1019,0.299,0.696,Technology,Technology,Information Technology Services,2026-05-24,IT Services,0,1,0,80.49,84.8,50.02,68.81,82.645,74.74,HIGH GROWTH
MITCON,1372307840.0,MICRO CAP,77.62000274658203,31.298388,0.8478242,0.11848,62.951,0.15868,0.04265,0.19,2.75,Industrials,Industrials,Engineering & Construction,2026-05-24,Engineering & EPC,0,1,0,69.2,94.59,50.02,73.9,81.89500000000001,74.72,HIGH GROWTH
GOKULAGRO,65329250304.0,SMALL CAP,221.38999938964844,17.668795,4.6021285,0.30102,41.405,0.0291,0.015369999,0.135,1.45,Misc,Consumer Defensive,Packaged Foods,2026-05-24,Packaged Foods,0,1,0,61.03,91.11,97.18,20.1,76.07,74.7,HIGH GROWTH
TEMBO,9758995456.0,MICRO CAP,630.9500122070312,15.625309,3.8872187,0.11848,98.882,0.16212,0.077659994,0.524,0.272,Misc,Industrials,Metal Fabrication,2026-05-24,Metal Fabrication,0,1,0,89.93,73.55,50.02,74.57,81.74000000000001,74.68,HIGH GROWTH
KIRLOSENG,242929876992.0,MID CAP,1671.0,42.736576,7.1981807,0.16819,150.325,0.15423,0.07458,0.207,0.212,Misc,Industrials,Specialty Industrial Machinery,2026-05-24,Specialty Industrial Machinery,0,1,0,71.53,70.3,88.71,72.96,70.91499999999999,74.68,HIGH GROWTH
AFFLE,201284861952.0,MID CAP,1431.199951171875,44.24111,5.50343,0.13786,0.405,0.19986,0.16317,0.238,0.157,Misc,Communication Services,Advertising Agencies,2026-05-24,Advertising Agencies,0,1,0,75.16,67.38,83.46,80.02,71.27,74.58,HIGH GROWTH
STARTECK,2474906624.0,MICRO CAP,249.72999572753906,10.484047,0.94091797,0.094960004,133.476,0.8839,0.75819,0.309,2.719,Financials,Financial Services,Credit Services,2026-05-24,NBFC – Lending,0,1,0,81.47,94.51,15.32,98.94,87.99000000000001,74.55,HIGH GROWTH
AAVAS,110750064640.0,MID CAP,1396.9000244140625,17.00633,2.1902125,0.13916,310.553,0.53083,0.42080003,0.192,0.183,Misc,Financial Services,Mortgage Finance,2026-05-24,Mortgage Finance,0,1,0,69.42,68.4,83.66,95.77,68.91,74.55,HIGH GROWTH
AXISCADES,84823801856.0,SMALL CAP,1994.4000244140625,84.04552,12.226282,0.11848,37.084,0.15082,0.08861,0.252,0.887,Industrials,Industrials,Engineering & Construction,2026-05-24,Engineering & EPC,0,1,0,76.45,87.21,50.02,72.24,81.83,74.51,HIGH GROWTH
RACLGEAR,16502959104.0,SMALL CAP,1397.5,36.90256,4.941602,0.11848,72.348,0.16618,0.09674,0.217,1.318,Automobiles,Consumer Cyclical,Auto Parts,2026-05-24,Auto Components,0,1,0,72.49,90.24,50.02,75.2,81.365,74.48,HIGH GROWTH
RHL,3302713856.0,MICRO CAP,191.0,12.119289,0.45357722,0.11848,20.707,0.23509,0.18447,0.178,1.808,Misc,Consumer Cyclical,Lodging,2026-05-24,Lodging,0,1,0,67.42,92.75,50.02,84.01,80.08500000000001,74.46,HIGH GROWTH
TATAINVEST,338330746880.0,MID CAP,668.7000122070312,78.119156,1.0636758,0.01438,29.565,0.73079,0.9940124999999989,1.539,0.689,Financials,Financial Services,Asset Management,2026-05-24,Asset Management Companies,0,1,0,97.14,84.64,5.25,97.65,90.89,74.44,HIGH GROWTH
KHAICHEM,5369321984.0,MICRO CAP,55.36000061035156,7.8081803,2.0252426,0.11848,106.925,0.11059,0.07424,0.337,0.636,Chemicals,Basic Materials,Agricultural Inputs,2026-05-24,Agrochemicals,0,1,0,82.8,83.66,50.02,61.17,83.22999999999999,74.38,HIGH GROWTH
ASTRAL,414177951744.0,MID CAP,1541.699951171875,76.93113,10.204797,0.13798,6.168,0.14791,0.08169,0.242,0.189,Misc,Industrials,Building Products & Equipment,2026-05-24,Building Products & Equipment,0,1,0,75.41,68.83,83.58,71.47,72.12,74.35,HIGH GROWTH
HOMEFIRST,111081152512.0,MID CAP,1063.4000244140625,20.620516,2.5410647,0.11848,240.452,0.66566,0.50243,0.346,0.253,Misc,Financial Services,Mortgage Finance,2026-05-24,Mortgage Finance,0,1,0,83.27,72.53,50.02,97.34,77.9,74.27,HIGH GROWTH
FSL,185430163456.0,MID CAP,268.6000061035156,28.096233,4.2479835,0.159,66.635,0.12167,0.07057,0.195,0.279,Technology,Technology,Information Technology Services,2026-05-24,IT Services,0,1,0,69.73,74.0,87.58,64.3,71.86500000000001,74.25,HIGH GROWTH
SHILPAMED,95883993088.0,SMALL CAP,490.25,39.37751,3.9396179,0.09822,25.465,0.2069,0.15712,0.32,6.446,Misc,Healthcare,Drug Manufacturers - Specialty & Generic,2026-05-24,Drug Manufacturers - Specialty & Generic,0,1,0,82.01,97.49,16.14,81.11,89.75,74.16,HIGH GROWTH
TSFINV,90969178112.0,SMALL CAP,412.20001220703125,17.540426,1.5179358,0.090629995,3.85,0.20349,0.51998,5.182,0.506,Financials,Financial Services,Asset Management,2026-05-24,Asset Management Companies,0,1,0,98.98,81.47,14.54,80.49,90.225,74.11,HIGH GROWTH
SASKEN,27545221120.0,SMALL CAP,1813.800048828125,51.28075,3.4280727,0.06988,3.212,0.109280005,0.04682,1.36,1.444,Technology,Technology,Information Technology Services,2026-05-24,IT Services,0,1,0,96.71,91.07,11.44,60.66,93.88999999999999,74.08,HIGH GROWTH
SIKKO,1908816000.0,MICRO CAP,4.369999885559082,27.3125,2.2048435,0.11848,14.246,0.1548,0.085389994,0.428,0.299,Chemicals,Basic Materials,Agricultural Inputs,2026-05-24,Agrochemicals,0,1,0,86.87,75.14,50.02,73.16,81.005,74.02,HIGH GROWTH
MMTC,96464994304.0,SMALL CAP,64.30999755859375,36.539772,5.0097375,0.11848,1.796,-4.298535952029998,0.9940124999999989,0.36,14.5,Misc,Industrials,Conglomerates,2026-05-24,Conglomerates,0,1,0,83.91,98.82,50.02,0.53,91.365,74.01,HIGH GROWTH
ENRIN,1249377648640.0,LARGE CAP,3508.300048828125,95.23073,25.964905,0.11848,4.483,0.19364001,0.14994,0.274,0.522,Energy,Utilities,Utilities - Renewable,2026-05-24,Power Generation – Renewable,0,1,0,78.53,81.64,50.02,79.23,80.08500000000001,73.99,HIGH GROWTH
NIVABUPA,158888640512.0,MID CAP,85.98999786376953,121.11268,4.490808,0.07958,7.296,0.12601,0.03661,0.658,1.678,Financials,Financial Services,Insurance - Life,2026-05-24,Life Insurance,0,1,0,92.38,92.24,12.93,65.71,92.31,73.77,HIGH GROWTH
ANDHRSUGAR,12011147264.0,SMALL CAP,88.62000274658203,14.386364,0.7341502,0.11848,0.427,0.048,0.03624,0.236,17.040096699999964,Misc,Basic Materials,Chemicals,2026-05-24,Chemicals,0,1,0,74.76,99.51,50.02,26.21,87.135,73.62,HIGH GROWTH
BANDHANBNK,313520226304.0,MID CAP,194.61000061035156,25.640316,1.2242395,0.04877,29.565,0.26448,0.12972,1.193,0.68,Financials,Financial Services,Banks - Regional,2026-05-24,Private Sector Banks,0,1,0,96.04,84.48,8.97,86.29,90.26,73.6,HIGH GROWTH
SPMLINFRA,17322815488.0,SMALL CAP,206.42999267578125,28.239397,1.8411852,0.11848,43.718,0.10564,0.07796,0.233,1.365,Industrials,Industrials,Engineering & Construction,2026-05-24,Engineering & EPC,0,1,0,74.33,90.44,50.02,59.29,82.38499999999999,73.6,HIGH GROWTH
SCPL,4701050880.0,MICRO CAP,441.75,29.588078,3.3574262,0.11848,63.458,0.112849995,0.049569998,0.256,0.873,Misc,Consumer Defensive,Packaged Foods,2026-05-24,Packaged Foods,0,1,0,76.9,86.99,50.02,61.89,81.945,73.55,HIGH GROWTH
AFIL,3917564672.0,MICRO CAP,9.180000305175781,9.272728,0.9166251,0.10501,118.754,0.56567,0.50541,0.466,0.642,Financials,Financial Services,Credit Services,2026-05-24,NBFC – Lending,0,1,0,88.21,83.82,17.75,96.24,86.01499999999999,73.38,HIGH GROWTH
RAMRAT,40387473408.0,SMALL CAP,432.6499938964844,46.92516,7.9490333,0.11848,122.585,0.049829997,0.01968,0.438,0.796,Misc,Industrials,Electrical Equipment & Parts,2026-05-24,Electrical Equipment & Parts,0,1,0,87.23,86.17,50.02,26.8,86.7,73.37,HIGH GROWTH
VMM,568869978112.0,LARGE CAP,121.66000366210938,67.966484,8.140515,0.12149999,26.817,0.079380006,0.065019995,0.222,0.44,Misc,Consumer Cyclical,Department Stores,2026-05-24,Department Stores,0,1,0,73.2,79.76,80.05,38.09,76.48,73.36,HIGH GROWTH
MANALIPETC,10825631744.0,SMALL CAP,62.939998626708984,9.697997,0.9440386,0.11848,13.6,0.021329999,0.11637,0.26,11.839,Chemicals,Basic Materials,Specialty Chemicals,2026-05-24,Specialty Chemicals,0,1,0,77.21,98.67,50.02,17.55,87.94,73.32,HIGH GROWTH
HSCL,296241627136.0,MID CAP,587.1500244140625,39.065205,6.2935457,0.17698,16.137,0.20308,0.16121,0.135,0.278,Chemicals,Basic Materials,Specialty Chemicals,2026-05-24,Specialty Chemicals,0,1,0,61.03,73.9,89.97,80.37,67.465,73.26,HIGH GROWTH
LINDEINDIA,615922663424.0,LARGE CAP,7222.0,104.168465,16.123882,0.11848,29.565,0.20444,0.2352,0.131,6.764,Chemicals,Basic Materials,Specialty Chemicals,2026-05-24,Specialty Chemicals,0,1,0,60.05,97.61,50.02,80.68,78.83,73.25,HIGH GROWTH
RATNAVEER,13034654720.0,SMALL CAP,182.49000549316406,16.425743,2.2986813,0.12364,50.053,0.086169995,0.060170002,0.226,0.38,Misc,Basic Materials,Steel,2026-05-24,Steel,0,1,0,73.65,77.82,80.6,40.83,75.735,73.22,HIGH GROWTH
ORIENTCER,4681482240.0,MICRO CAP,39.130001068115234,23.859756,1.5930465,0.11848,16.058,0.08331,0.050440002,0.26,1.643,Chemicals,Basic Materials,Specialty Chemicals,2026-05-24,Specialty Chemicals,0,1,0,77.21,92.05,50.02,39.58,84.63,73.2,HIGH GROWTH
JUNIPER,43888594944.0,SMALL CAP,197.25,30.022831,1.5856364,0.11848,50.239,0.33665,0.14279,0.169,1.014,Misc,Consumer Cyclical,Lodging,2026-05-24,Lodging,0,1,0,66.18,88.4,50.02,90.67,77.29,73.17,HIGH GROWTH
KHAITANLTD,662811328.0,MICRO CAP,132.00999450683594,9.545191,2.1277864,0.11848,38.132,0.059759997,0.06442,0.49,0.602,Misc,Industrials,Industrial Distribution,2026-05-24,Industrial Distribution,0,1,0,88.71,82.84,50.02,30.33,85.775,73.08,HIGH GROWTH
IPL,19039981568.0,SMALL CAP,165.3300018310547,17.384857,1.9939457,0.11848,4.981,0.14277,0.109519996,0.309,0.407,Chemicals,Basic Materials,Agricultural Inputs,2026-05-24,Agrochemicals,0,1,0,81.47,78.51,50.02,70.49,79.99000000000001,73.05,HIGH GROWTH
AEGISVOPAK,229764202496.0,MID CAP,207.3699951171875,167.23387,4.813826,0.11848,42.268,0.48457,0.28858998,0.223,0.436,Misc,Energy,Oil & Gas Equipment & Services,2026-05-24,Oil & Gas Equipment & Services,0,1,0,73.33,79.55,50.02,95.1,76.44,73.02,HIGH GROWTH
KRITINUT,4538877440.0,MICRO CAP,90.58999633789062,13.381093,1.9272007,0.15348,3.972,0.03085,0.03672,0.276,0.283,Misc,Consumer Defensive,Packaged Foods,2026-05-24,Packaged Foods,0,1,0,78.72,74.24,86.64,20.65,76.47999999999999,72.93,HIGH GROWTH
INSPIRISYS,4969936384.0,MICRO CAP,125.44999694824219,12.787971,7.3285427,0.11848,128.048,0.057010002,0.09788,0.633,0.414,Technology,Technology,Information Technology Services,2026-05-24,IT Services,0,1,0,91.93,78.82,50.02,29.58,85.375,72.72,HIGH GROWTH
BCG,21355960320.0,SMALL CAP,10.579999923706055,3.258048784,0.22631499,0.11848,29.565,0.20024,0.1385,0.333,0.272,Misc,Communication Services,Advertising Agencies,2026-05-24,Advertising Agencies,0,1,0,82.6,73.55,50.02,80.05,78.07499999999999,72.66,HIGH GROWTH
PRECWIRE,75892727808.0,SMALL CAP,415.1499938964844,58.144257,11.290454,0.11848,19.307,0.043109998,0.027579999,0.365,0.943,Misc,Industrials,Electrical Equipment & Parts,2026-05-24,Electrical Equipment & Parts,0,1,0,84.15,87.89,50.02,24.2,86.02000000000001,72.64,HIGH GROWTH
SAKAR,16717050880.0,SMALL CAP,761.5999755859375,55.55069,5.5879197,0.09996,17.045,0.28724,0.12001,0.404,0.872,Misc,Healthcare,Drug Manufacturers - Specialty & Generic,2026-05-24,Drug Manufacturers - Specialty & Generic,0,1,0,85.91,86.95,16.58,87.62,86.43,72.58,HIGH GROWTH
VETO,2131891072.0,MICRO CAP,111.52999877929688,8.9295435,0.7703838,0.11848,5.817,0.097959995,0.07086,0.245,0.816,Misc,Industrials,Electrical Equipment & Parts,2026-05-24,Electrical Equipment & Parts,0,1,0,75.72,86.36,50.02,56.96,81.03999999999999,72.43,HIGH GROWTH
SAGILITY,193057996800.0,MID CAP,41.2400016784668,20.828283,2.1943173,0.11848,13.851,0.19663,0.12611,0.357,0.239,Misc,Healthcare,Health Information Services,2026-05-24,Health Information Services,0,1,0,83.78,71.81,50.02,79.7,77.795,72.43,HIGH GROWTH
KEI,502906912768.0,LARGE CAP,5260.5,54.643192,7.54544,0.14753,3.796,0.10158,0.07818,0.187,0.255,Misc,Industrials,Electrical Equipment & Parts,2026-05-24,Electrical Equipment & Parts,0,1,0,68.87,72.63,85.38,58.19,70.75,72.42,HIGH GROWTH
VENUSPIPES,29017055232.0,SMALL CAP,1400.699951171875,28.738201,4.715812,0.11848,42.716,0.14406,0.08906999,0.283,0.413,Misc,Basic Materials,Steel,2026-05-24,Steel,0,1,0,79.39,78.72,50.02,70.61,79.055,72.4,HIGH GROWTH
PGEL,133318983680.0,MID CAP,467.0,47.604485,4.9343843,0.11848,20.346,0.067210004,0.05052,0.459,0.476,Misc,Technology,Electronic Components,2026-05-24,Electronic Components,0,1,0,87.83,80.6,50.02,33.39,84.215,72.29,HIGH GROWTH
DCI,4840459776.0,MICRO CAP,295.1499938964844,24.698744,5.3086443,0.11848,72.74,0.051209997,0.02874,0.461,0.558,Misc,Technology,Electronics & Computer Distribution,2026-05-24,Electronics & Computer Distribution,0,1,0,87.91,82.11,50.02,27.27,85.00999999999999,72.24,HIGH GROWTH
RVHL,2407035392.0,MICRO CAP,39.25,4.7232246,0.8587306,0.11848,0.386,0.78616,0.67639,5.354871999999847,0.156,Misc,Real Estate,Real Estate - Development,2026-05-24,Real Estate - Development,0,1,0,99.51,50.04,50.02,98.08,74.775,72.15,HIGH GROWTH
GODREJPROP,521962913792.0,LARGE CAP,1732.9000244140625,28.250734,2.7243385,0.09969,82.119,0.14072,0.36056,0.63,0.701,Misc,Real Estate,Real Estate - Development,2026-05-24,Real Estate - Development,0,1,0,91.85,84.99,16.46,69.67,88.41999999999999,72.15,HIGH GROWTH
VIMTALABS,20221712384.0,SMALL CAP,451.54998779296875,26.252905,4.843554,0.1855,0.729,0.24365,0.19031,0.14,0.182,Healthcare,Healthcare,Diagnostics & Research,2026-05-24,Diagnostics,1,1,1,61.7,68.3,90.91,84.56,65.0,72.14,HIGH GROWTH
NRL,3590206208.0,MICRO CAP,51.97999954223633,26.520407,2.8094258,0.11848,11.462,0.08282,0.06894,0.716,0.261,Misc,Industrials,Waste Management,2026-05-24,Waste Management,0,1,0,93.03,73.22,50.02,39.38,83.125,72.13,HIGH GROWTH
GKWLIMITED,10423475200.0,SMALL CAP,1747.0,147.05386,0.4010308,0.11848,0.07653,0.59816,0.16609,5.354871999999847,0.156,Misc,Industrials,Specialty Business Services,2026-05-24,Specialty Business Services,0,1,0,99.51,50.04,50.02,96.71,74.775,72.02,HIGH GROWTH
AMAGI,85118558208.0,SMALL CAP,393.45001220703125,119.22728,-108.20958,0.11848,3.921,0.06266,0.01891,0.224,2.775,Technology,Technology,Software - Application,2026-05-24,SaaS,0,1,0,73.47,94.75,50.02,31.43,84.11,72.02,HIGH GROWTH
DYNAMATECH,75860418560.0,SMALL CAP,11170.0,232.56299,9.924743,0.11848,77.708,0.07166,0.022909999,0.347,0.635,Automobiles,Consumer Cyclical,Auto Parts,2026-05-24,Auto Components,0,1,0,83.41,83.62,50.02,34.91,83.515,71.96,HIGH GROWTH
AUTOAXLES,26390036480.0,SMALL CAP,1746.300048828125,16.86269,2.4019907,0.158,1.28,0.1086,0.07438,0.197,0.173,Automobiles,Consumer Cyclical,Auto Parts,2026-05-24,Auto Components,0,1,0,70.12,68.03,87.46,60.25,69.075,71.87,HIGH GROWTH
PCJEWELLER,81277173760.0,SMALL CAP,8.369999885559082,11.957143,0.80768114,0.11848,22.029,0.22409001,0.21006,0.369,0.188,Misc,Consumer Cyclical,Luxury Goods,2026-05-24,Luxury Goods,0,1,0,84.27,68.73,50.02,83.19,76.5,71.87,HIGH GROWTH
KOTYARK,4631769600.0,MICRO CAP,450.6000061035156,24.69041,2.5622945,0.118999995,35.581,0.2502,0.05962,0.394,0.156,Chemicals,Basic Materials,Specialty Chemicals,2026-05-24,Specialty Chemicals,0,1,0,85.52,50.04,79.47,85.11,67.78,71.85,HIGH GROWTH
BLUECOAST,629548992.0,MICRO CAP,31.989999771118164,26.218092,-1.4801962,0.11848,29.565,0.44856998,-0.9244204,5.354871999999847,0.156,Misc,Consumer Cyclical,Lodging,2026-05-24,Lodging,0,1,0,99.51,50.04,50.02,94.59,74.775,71.81,HIGH GROWTH
IGIL,161173962752.0,MID CAP,372.95001220703125,31.44604,10.820496,0.11848,9.594,0.62352,0.42299,0.235,0.284,Misc,Basic Materials,Other Precious Metals & Mining,2026-05-24,Other Precious Metals & Mining,0,1,0,74.55,74.29,50.02,96.94,74.42,71.79,HIGH GROWTH
HCL-INSYS,3848463872.0,MICRO CAP,11.6899995803833,26.218092,-1.257936,0.11848,29.565,0.41937,-0.60352004,5.354871999999847,0.156,Misc,Technology,Electronics & Computer Distribution,2026-05-24,Electronics & Computer Distribution,0,1,0,99.51,50.04,50.02,93.93,74.775,71.74,HIGH GROWTH
ASIANTILES,18479306752.0,SMALL CAP,62.33000183105469,15.019278,1.0025252,0.11848,20.089,0.06561,0.045560002,0.178,17.040096699999964,Misc,Industrials,Building Products & Equipment,2026-05-24,Building Products & Equipment,0,1,0,67.42,99.51,50.02,32.76,83.465,71.71,HIGH GROWTH
CARRARO,33823821824.0,SMALL CAP,594.9500122070312,30.032814,6.8601904,0.11848,37.201,0.076469995,0.053790003,0.27,0.915,Automobiles,Consumer Cyclical,Auto Parts,2026-05-24,Auto Components,0,1,0,78.21,87.46,50.02,36.95,82.835,71.68,HIGH GROWTH
HUDCO,411110178816.0,MID CAP,205.36000061035156,10.191564,2.276769,0.202,606.3078499999995,0.51505,0.87931997,0.06,1.722,Financials,Financial Services,Credit Services,2026-05-24,NBFC – Lending,0,0,1,31.99,92.44,92.59,95.49,62.214999999999996,71.62,HIGH GROWTH
SAMHI,33337980928.0,SMALL CAP,150.0800018310547,15.617066,1.7239479,0.11848,94.106,0.27326,0.1585,0.142,1.108,Misc,Consumer Cyclical,Lodging,2026-05-24,Lodging,0,1,0,62.13,89.11,50.02,86.76,75.62,71.61,HIGH GROWTH
STCINDIA,6936600064.0,MICRO CAP,115.61000061035156,3.258048784,-0.1742466,0.11848,29.565,0.59236,0.0,0.117,9.222,Misc,Industrials,Conglomerates,2026-05-24,Conglomerates,0,1,0,50.04,98.16,50.02,96.63,74.1,71.54,HIGH GROWTH
TECHNOE,155201781760.0,MID CAP,1334.5,32.999508,3.987367,0.11848,1.573,0.1338,0.16158001,0.371,0.242,Industrials,Industrials,Engineering & Construction,2026-05-24,Engineering & EPC,0,1,0,84.4,72.02,50.02,67.59,78.21000000000001,71.51,HIGH GROWTH
MWL,10972914688.0,SMALL CAP,369.45001220703125,25.908134,3.9576864,0.11848,78.694,0.06759,0.0341,0.298,0.749,Misc,Basic Materials,Steel,2026-05-24,Steel,0,1,0,80.39,85.62,50.02,33.58,83.005,71.47,HIGH GROWTH
JKTYRE,105975226368.0,MID CAP,367.6000061035156,14.900689,1.9222121,0.11848,89.667,0.10689,0.04303,0.15,2.878,Automobiles,Consumer Cyclical,Auto Parts,2026-05-24,Auto Components,0,1,0,63.34,95.1,50.02,59.64,79.22,71.42,HIGH GROWTH
FABTECH,6718292480.0,MICRO CAP,151.13999938964844,15.098901,1.3810939,0.12939,16.589,0.13198,0.093380004,0.175,0.234,Misc,Healthcare,Health Information Services,2026-05-24,Health Information Services,0,1,0,66.79,71.45,81.58,67.08,69.12,71.41,HIGH GROWTH
TANLA,68545220608.0,SMALL CAP,518.5999755859375,13.568811,2.7519236,0.21409,2.118,0.13497,0.11525,0.15,0.164,Technology,Technology,Software - Application,2026-05-24,SaaS,0,1,0,63.34,67.71,93.69,67.91,65.525,71.4,HIGH GROWTH
JGCHEM,15388367872.0,SMALL CAP,392.70001220703125,23.361095,2.9358993,0.13518,1.192,0.070489995,0.06771,0.276,0.176,Misc,Basic Materials,Other Industrial Metals & Mining,2026-05-24,Other Industrial Metals & Mining,0,1,0,78.72,68.14,82.8,34.33,73.43,71.39,HIGH GROWTH
TALBROAUTO,22163492864.0,SMALL CAP,359.04998779296875,22.370716,3.254977,0.15137,11.266,0.15224,0.11717,0.162,0.188,Automobiles,Consumer Cyclical,Auto Parts,2026-05-24,Auto Components,0,1,0,65.07,68.73,86.25,72.45,66.9,71.32,HIGH GROWTH
SCI,147332218880.0,MID CAP,316.29998779296875,10.891872,1.7274618,0.11848,29.454,0.21465999,0.01102,0.142,1.189,Misc,Industrials,Marine Shipping,2026-05-24,Marine Shipping,0,1,0,62.13,89.54,50.02,82.13,75.83500000000001,71.3,HIGH GROWTH
INTERARCH,29355776000.0,SMALL CAP,1750.300048828125,21.930838,3.6669629,0.11848,1.401,0.0889,0.0734,0.437,0.316,Industrials,Industrials,Engineering & Construction,2026-05-24,Engineering & EPC,0,1,0,87.19,75.94,50.02,41.56,81.565,71.26,HIGH GROWTH
SUNPHARMA,4425813327872.0,MEGA CAP,1844.5999755859375,38.606113,5.685103,0.1472,5.517,0.18834,0.19635999,0.128,0.256,Misc,Healthcare,Drug Manufacturers - Specialty & Generic,2026-05-24,Drug Manufacturers - Specialty & Generic,0,1,0,59.6,72.75,85.34,78.57,66.175,71.25,HIGH GROWTH
SHIVAUM,4509212672.0,MICRO CAP,331.54998779296875,89.36657,3.8107004,0.11848,63.231,0.01492,0.010570001,0.203,17.040096699999964,Misc,Basic Materials,Steel,2026-05-24,Steel,0,1,0,71.04,99.51,50.02,15.48,85.275,71.24,HIGH GROWTH
GICL,4564388864.0,MICRO CAP,40.77000045776367,140.58621,6.9101696,0.11848,29.565,0.21343,0.05809,0.235,0.355,Misc,Industrials,Integrated Freight & Logistics,2026-05-24,Integrated Freight & Logistics,0,1,0,74.55,76.94,50.02,82.01,75.745,71.23,HIGH GROWTH
CCCL,6701391872.0,MICRO CAP,15.0,8.474576,3.5902345,0.26556998,0.108,-0.08659001,0.21561001,1.295,0.156,Industrials,Industrials,Engineering & Construction,2026-05-24,Engineering & EPC,1,1,0,96.47,50.04,95.85,7.52,73.255,71.2,HIGH GROWTH
GANDHITUBE,11377917952.0,SMALL CAP,936.2999877929688,16.024302,3.9659948,0.11848,0.07653,0.44226003,0.37759,0.218,0.299,Misc,Industrials,Metal Fabrication,2026-05-24,Metal Fabrication,0,1,0,72.67,75.14,50.02,94.47,73.905,71.18,HIGH GROWTH
MANKIND,1023767019520.0,LARGE CAP,2479.39990234375,53.481445,6.696321,0.12452,38.111,0.20558001,0.13397999,0.118,0.317,Misc,Healthcare,Drug Manufacturers - Specialty & Generic,2026-05-24,Drug Manufacturers - Specialty & Generic,0,1,0,57.97,76.0,80.72,80.96,66.985,71.13,HIGH GROWTH
AGARWALEYE,151945822208.0,MID CAP,479.3500061035156,114.952034,7.841357,0.11848,48.682,0.14217,0.063779995,0.23,0.472,Misc,Healthcare,Medical Instruments & Supplies,2026-05-24,Medical Instruments & Supplies,0,1,0,74.08,80.37,50.02,70.18,77.225,71.08,HIGH GROWTH
AHCL,7393373696.0,MICRO CAP,13.90999984741211,21.4,2.724246,0.11848,26.981,0.33698002,0.20385,2.801,0.156,Misc,Healthcare,Drug Manufacturers - Specialty & Generic,2026-05-24,Drug Manufacturers - Specialty & Generic,0,1,0,98.43,50.04,50.02,90.71,74.235,71.04,HIGH GROWTH
BALPHARMA,1305989120.0,MICRO CAP,82.02999877929688,16.115913,1.6512339,0.11848,197.725,0.07202,0.02625,0.199,2.394,Misc,Healthcare,Drug Manufacturers - Specialty & Generic,2026-05-24,Drug Manufacturers - Specialty & Generic,0,1,0,70.4,93.97,50.02,35.07,82.185,71.04,HIGH GROWTH
BLSE,18860580864.0,SMALL CAP,208.0500030517578,33.66505,3.74157,0.12732,1.076,0.12534,0.05031,0.456,0.156,Misc,Industrials,Specialty Business Services,2026-05-24,Specialty Business Services,0,1,0,87.72,50.04,81.19,65.4,68.88,70.99,HIGH GROWTH
LLOYDSENT,103561281536.0,MID CAP,67.83999633789062,22.025974,2.1533773,0.09865,14.694,0.05312,0.16139,0.471,4.825,Misc,Basic Materials,Steel,2026-05-24,Steel,0,1,0,88.26,96.71,16.3,27.94,92.485,70.79,HIGH GROWTH
PHOENIXLTD,640283770880.0,LARGE CAP,1790.300048828125,51.020233,5.9335685,0.11056,37.211,0.53540003,0.27671,0.337,0.5,Misc,Real Estate,Real Estate - Diversified,2026-05-24,Real Estate - Diversified,0,1,0,82.8,81.21,19.0,95.81,82.005,70.78,HIGH GROWTH
RADICO,476942958592.0,MID CAP,3561.10009765625,78.73315,14.373242,0.11848,20.939,0.14869,0.08838,0.195,0.621,Misc,Consumer Defensive,Beverages - Wineries & Distilleries,2026-05-24,Beverages - Wineries & Distilleries,0,1,0,69.73,83.31,50.02,71.71,76.52000000000001,70.74,HIGH GROWTH
PVP,6723622912.0,MICRO CAP,25.81999969482422,26.218092,3.1112182,0.11848,77.376,0.25967,-0.120349996,4.636,0.156,Misc,Industrials,Conglomerates,2026-05-24,Conglomerates,0,1,0,98.86,50.04,50.02,85.74,74.45,70.69,HIGH GROWTH
ARMANFIN,17936078848.0,SMALL CAP,1705.800048828125,63.69679,2.052115,0.11848,137.292,0.3432,0.107489996,1.611,0.156,Financials,Financial Services,Credit Services,2026-05-24,NBFC – Lending,0,1,0,97.3,50.04,50.02,91.03,73.67,70.68,HIGH GROWTH
BHARATSE,11632443392.0,SMALL CAP,185.22999572753906,27.563988,5.6147313,0.11848,63.95,0.03281,0.022809999,0.603,0.306,Automobiles,Consumer Cyclical,Auto Parts,2026-05-24,Auto Components,0,1,0,91.44,75.55,50.02,21.2,83.495,70.57,HIGH GROWTH
MRF,537713311744.0,LARGE CAP,126785.0,22.172962,2.5636508,0.12295,15.288,0.10729,0.07789,0.134,0.371,Automobiles,Consumer Cyclical,Auto Parts,2026-05-24,Auto Components,0,1,0,60.82,77.68,80.29,59.87,69.25,70.52,HIGH GROWTH
TBZ,8973266944.0,MICRO CAP,134.47000122070312,6.225463,1.2879775,0.11848,118.113,0.11772,0.04966,0.144,1.696,Misc,Consumer Cyclical,Luxury Goods,2026-05-24,Luxury Goods,0,1,0,62.52,92.32,50.02,63.05,77.42,70.5,HIGH GROWTH
BHEL,1422596898816.0,LARGE CAP,408.54998779296875,88.43073,5.4350863,0.06292,31.312,0.13527,0.04737,0.369,1.564,Misc,Industrials,Specialty Industrial Machinery,2026-05-24,Specialty Industrial Machinery,0,1,0,84.27,91.73,10.46,68.1,88.0,70.5,HIGH GROWTH
FISCHER,23876722688.0,SMALL CAP,36.47999954223633,61.83051,6.550548,0.11848,10.264,0.2057,0.15172,5.354871999999847,0.156,Healthcare,Healthcare,Medical Devices,2026-05-24,Medical Devices,0,1,0,99.51,50.04,50.02,81.0,74.775,70.45,HIGH GROWTH
SURAKSHA,16311694336.0,SMALL CAP,313.20001220703125,50.031948,7.061529,0.11848,51.3,0.17318001,0.11321,0.292,0.22,Healthcare,Healthcare,Diagnostics & Research,2026-05-24,Diagnostics,0,1,0,80.0,70.79,50.02,76.49,75.39500000000001,70.43,HIGH GROWTH
UNOMINDA,629023768576.0,LARGE CAP,1089.300048828125,52.623188,10.069423,0.19202,37.74,0.077020004,0.060900003,0.178,0.223,Automobiles,Consumer Cyclical,Auto Parts,2026-05-24,Auto Components,0,1,0,67.42,70.92,91.42,37.15,69.17,70.42,HIGH GROWTH
WABAG,89198641152.0,SMALL CAP,1431.4000244140625,20.661087,3.8328168,0.11848,10.322,0.12473,0.092700005,0.185,0.733,Industrials,Industrials,Engineering & Construction,2026-05-24,Engineering & EPC,0,1,0,68.57,85.38,50.02,65.13,76.975,70.4,HIGH GROWTH
EVEREADY,23288999936.0,SMALL CAP,320.3999938964844,57.833935,3.7391028,0.31646,32.396,0.0584,0.117860004,0.094,12.653,Misc,Industrials,Electrical Equipment & Parts,2026-05-24,Electrical Equipment & Parts,0,0,0,37.93,98.71,97.69,30.02,68.32,70.36,HIGH GROWTH
DUCON,1091750016.0,MICRO CAP,3.359999895095825,8.615385,0.4507647,0.10106,139.323,0.03376,0.011670001,5.354871999999847,0.75,Misc,Industrials,Specialty Industrial Machinery,2026-05-24,Specialty Industrial Machinery,0,1,0,99.51,85.68,16.93,21.59,92.595,70.36,HIGH GROWTH
UNIVCABLES,35113459712.0,SMALL CAP,1012.0499877929688,22.32135,1.876728,0.11848,54.171,0.06506,0.05513,0.264,0.719,Misc,Industrials,Electrical Equipment & Parts,2026-05-24,Electrical Equipment & Parts,0,1,0,77.66,85.21,50.02,32.46,81.435,70.25,HIGH GROWTH
SPCENET,2174001408.0,MICRO CAP,3.8499999046325684,13.275862,1.4154412,0.11848,0.597,0.04316,0.084960006,0.227,1.5,Misc,Financial Services,Capital Markets,2026-05-24,Capital Markets,0,1,0,73.77,91.4,50.02,24.26,82.58500000000001,70.24,HIGH GROWTH
ETERNAL,2224462233600.0,MEGA CAP,241.9499969482422,510.0120439999895,7.152148,0.01194,14.826,0.00104,0.0067299996,1.965,3.75,Misc,Consumer Cyclical,Internet Retail,2026-05-24,Internet Retail,0,1,0,97.88,96.08,4.86,13.36,96.97999999999999,70.19,HIGH GROWTH
GLOBAL,5187880960.0,MICRO CAP,101.91999816894531,23.006773,4.2101784,0.19736,0.131,0.29793,0.26150998,0.737,0.094,Misc,Consumer Defensive,Education & Training Services,2026-05-24,Education & Training Services,1,0,0,93.32,29.17,91.93,88.68,61.245,70.13,HIGH GROWTH
PATELRMART,6621320704.0,MICRO CAP,198.24000549316406,18.287823,1.5186384,0.11848,33.682,0.05558,0.03881,0.355,0.442,Misc,Consumer Cyclical,Department Stores,2026-05-24,Department Stores,0,1,0,83.7,79.82,50.02,28.88,81.75999999999999,70.12,HIGH GROWTH
SUPREMEINF,8028377088.0,MICRO CAP,82.33999633789062,3.258048784,1.450746,0.11848,421.539,0.20637,0.9940124999999989,3.144,0.156,Industrials,Industrials,Engineering & Construction,2026-05-24,Engineering & EPC,0,1,0,98.51,50.04,50.02,81.03,74.275,70.1,HIGH GROWTH
ISGEC,79294226432.0,SMALL CAP,1078.4000244140625,23.868969,2.8427198,0.11848,31.763,0.09538,0.03639,0.162,2.476,Misc,Industrials,Specialty Industrial Machinery,2026-05-24,Specialty Industrial Machinery,0,1,0,65.07,94.12,50.02,43.69,79.595,70.09,HIGH GROWTH
MANOMAY,3302196736.0,MICRO CAP,182.9600067138672,18.387941,2.087036,0.12309,203.436,0.07545,0.027579999,0.144,0.505,Misc,Consumer Cyclical,Textile Manufacturing,2026-05-24,Textile Manufacturing,0,1,0,62.52,81.39,80.33,36.56,71.955,70.09,HIGH GROWTH
CSLFINANCE,5206077440.0,MICRO CAP,231.50999450683594,6.206702,0.9085058,0.11848,137.222,0.73344004,0.35037,0.2,0.261,Financials,Financial Services,Credit Services,2026-05-24,NBFC – Lending,0,1,0,70.55,73.22,50.02,97.69,71.88499999999999,70.09,HIGH GROWTH
ATALREAL,3654939392.0,MICRO CAP,29.5,64.13043,1.9728483,0.079569995,14.083,0.072230004,0.05407,0.378,8.929,Industrials,Industrials,Engineering & Construction,2026-05-24,Engineering & EPC,0,1,0,84.64,98.0,12.89,35.27,91.32,70.03,HIGH GROWTH
PNC,272847616.0,MICRO CAP,18.860000610351562,26.218092,0.37342098,0.11848,2.01,0.20963,-0.2538,2.224,0.156,Misc,Communication Services,Entertainment,2026-05-24,Entertainment,0,1,0,98.12,50.04,50.02,81.39,74.08,70.0,HIGH GROWTH
ASIANENE,17983227904.0,SMALL CAP,370.1499938964844,39.37766,3.6554773,0.116000004,32.051,0.1301,0.06395,0.577,0.414,Misc,Energy,Oil & Gas Equipment & Services,2026-05-24,Oil & Gas Equipment & Services,0,1,0,90.71,78.82,20.02,66.54,84.76499999999999,69.99,MODERATE GROWTH
NH,376872042496.0,MID CAP,1855.5999755859375,46.506264,9.283942,0.19845,129.033,0.16941999,0.10075,0.826,0.136,Misc,Healthcare,Medical Care Facilities,2026-05-24,Medical Care Facilities,0,1,1,94.12,31.52,92.05,75.67,62.82,69.95,MODERATE GROWTH
IXIGO,75086995456.0,SMALL CAP,171.1699981689453,100.09941,9.922323,0.11848,3.628,0.07081,0.04745,0.314,0.436,Misc,Consumer Cyclical,Travel Services,2026-05-24,Travel Services,0,1,0,81.8,79.55,50.02,34.44,80.675,69.92,MODERATE GROWTH
ASPINWALL,1774438656.0,MICRO CAP,226.9600067138672,18.866169,0.95093244,0.11848,43.708,0.07646,0.025020001,0.266,0.581,Misc,Consumer Defensive,Farm Products,2026-05-24,Farm Products,0,1,0,77.84,82.68,50.02,36.91,80.26,69.88,MODERATE GROWTH
ATULAUTO,13460758528.0,SMALL CAP,485.04998779296875,31.848326,5.881105,0.11848,29.565,0.09268,0.08078,0.253,0.561,Automobiles,Consumer Cyclical,Auto Manufacturers,2026-05-24,Passenger Vehicles,0,1,0,76.55,82.19,50.02,42.99,79.37,69.86,MODERATE GROWTH
BIRLACABLE,4786500096.0,MICRO CAP,159.5500030517578,63.313496,1.7045394,0.06329,47.195,0.08304,0.02181,0.379,6.347,Misc,Technology,Communication Equipment,2026-05-24,Communication Equipment,0,1,0,84.74,97.41,10.5,39.5,91.07499999999999,69.8,MODERATE GROWTH
BANARBEADS,753863424.0,MICRO CAP,113.5999984741211,40.0,1.4637289,0.11848,27.474,0.13924,0.07202,0.347,0.16,Misc,Consumer Cyclical,Footwear & Accessories,2026-05-24,Footwear & Accessories,0,1,0,83.41,67.57,50.02,69.32,75.49,69.78,MODERATE GROWTH
MOTILALOFS,511406866432.0,LARGE CAP,849.4500122070312,25.842714,3.9524376,0.1555,164.419,-0.09198,0.23452999,1.523,0.156,Misc,Financial Services,Capital Markets,2026-05-24,Capital Markets,0,1,0,97.1,50.04,86.93,7.45,73.57,69.63,MODERATE GROWTH
TATVA,27778066432.0,SMALL CAP,1187.5,66.22978,3.555038,0.05531,15.398,0.13696,0.082550004,0.244,9.075,Chemicals,Basic Materials,Specialty Chemicals,2026-05-24,Specialty Chemicals,0,1,0,75.59,98.12,9.8,68.59,86.855,69.62,MODERATE GROWTH
REDTAPE,74114924544.0,SMALL CAP,134.07000732421875,35.005226,8.613557,0.11848,108.421,0.1881,0.09421,0.184,0.429,Misc,Consumer Cyclical,Footwear & Accessories,2026-05-24,Footwear & Accessories,0,1,0,68.42,79.25,50.02,78.49,73.83500000000001,69.54,MODERATE GROWTH
ZENTEC,143275032576.0,MID CAP,1593.0999755859375,74.063225,7.9718375,0.11848,0.976,0.33915,0.31508,0.168,0.378,Misc,Industrials,Aerospace & Defense,2026-05-24,Aerospace & Defense,0,1,0,66.09,77.78,50.02,90.83,71.935,69.44,MODERATE GROWTH
CHAMBLFERT,182176595968.0,MID CAP,454.70001220703125,9.329093,1.7481269,0.20451,10.274,0.05923,0.09394,0.137,0.302,Chemicals,Basic Materials,Agricultural Inputs,2026-05-24,Agrochemicals,0,1,0,61.32,75.33,92.87,30.21,68.325,69.42,MODERATE GROWTH
IL&FSTRANS,759897664.0,MICRO CAP,2.309999942779541,26.218092,-0.005113821,0.11848,385.701,0.34368,0.0,0.76,0.156,Misc,Industrials,Infrastructure Operations,2026-05-24,Infrastructure Operations,0,1,0,93.5,50.04,50.02,91.07,71.77,69.35,MODERATE GROWTH
YASHO,24451690496.0,SMALL CAP,2024.9000244140625,133.30481,5.7086554,0.05849,125.684,0.123100005,0.03043,0.347,1.32,Chemicals,Basic Materials,Specialty Chemicals,2026-05-24,Specialty Chemicals,0,1,0,83.41,90.28,10.13,64.73,86.845,69.29,MODERATE GROWTH
BAIDFIN,1581407616.0,MICRO CAP,10.210000038146973,7.507353,1.0382347,0.07272,29.565,0.31529,0.26012,0.597,0.282,Financials,Financial Services,Credit Services,2026-05-24,NBFC – Lending,0,1,0,91.24,74.18,11.95,89.58,82.71000000000001,69.24,MODERATE GROWTH
KOPRAN,7879244288.0,MICRO CAP,163.17999267578125,47.57434,1.5687065,0.04908,28.795,0.15439999,0.03774,0.358,0.948,Misc,Healthcare,Drug Manufacturers - General,2026-05-24,Drug Manufacturers - General,0,1,0,83.82,87.97,9.01,73.04,85.895,69.23,MODERATE GROWTH
ARIES,4597033984.0,MICRO CAP,353.5,10.54909,1.4378394,0.11848,20.67,0.12064999,0.06337,0.196,0.488,Chemicals,Basic Materials,Agricultural Inputs,2026-05-24,Agrochemicals,0,1,0,69.95,80.9,50.02,63.95,75.42500000000001,69.2,MODERATE GROWTH
ARIS,9753298944.0,MICRO CAP,119.29000091552734,17.440058,1.3047283,0.12219,9.356,0.083900005,0.04937,0.553,0.156,Industrials,Industrials,Engineering & Construction,2026-05-24,Engineering & EPC,0,1,0,90.32,50.04,80.17,39.81,70.17999999999999,69.14,MODERATE GROWTH
ICICIBANK,9063859486720.0,MEGA CAP,1264.300048828125,16.920504,2.4937572,0.16359,29.565,0.33293998,0.24929,0.669,0.084,Financials,Financial Services,Banks - Regional,2026-05-24,Private Sector Banks,0,0,0,92.61,28.57,88.17,90.56,60.59,69.1,MODERATE GROWTH
AARVI,1901397760.0,MICRO CAP,128.3800048828125,11.975746,1.4373041,0.11848,24.178,0.029260002,0.0257,0.272,0.692,Misc,Industrials,Staffing & Employment Services,2026-05-24,Staffing & Employment Services,0,1,0,78.33,84.72,50.02,20.18,81.525,69.09,MODERATE GROWTH
JTLIND,27637569536.0,SMALL CAP,70.30999755859375,26.835878,2.1455598,0.07521,16.038,0.07555,0.046090003,0.474,1.516,Misc,Basic Materials,Steel,2026-05-24,Steel,0,1,0,88.36,91.5,12.34,36.64,89.93,69.08,MODERATE GROWTH
SHAILY,123966390272.0,MID CAP,2695.199951171875,73.00108,19.490889,0.26877,24.755,0.23295,0.17018,0.104,0.409,Chemicals,Basic Materials,Specialty Chemicals,2026-05-24,Specialty Chemicals,0,1,1,39.81,78.61,95.96,83.89,59.21,69.03,MODERATE GROWTH
VIJAYA,126264573952.0,MID CAP,1227.0999755859375,72.998215,14.583507,0.11848,42.224,0.30074,0.20727,0.214,0.225,Healthcare,Healthcare,Diagnostics & Research,2026-05-24,Diagnostics,0,1,0,72.2,71.02,50.02,88.87,71.61,69.02,MODERATE GROWTH
TECHM,1259668897792.0,LARGE CAP,1422.199951171875,26.244694,4.5820956,0.16608,7.269,0.13825,0.084680006,0.126,0.159,Technology,Technology,Information Technology Services,2026-05-24,IT Services,0,1,0,59.31,67.52,88.48,69.16,63.415,69.0,MODERATE GROWTH
BHARTIHEXA,771099983872.0,LARGE CAP,1542.199951171875,44.4438,11.477606,0.28811002,94.665,0.30727,0.19015,0.048,0.814,Telecom,Communication Services,Telecom Services,2026-05-24,Telecom Services,0,0,1,29.94,86.32,96.9,89.15,58.129999999999995,68.99,MODERATE GROWTH
PREMIERPOL,6062494208.0,MICRO CAP,57.880001068115234,19.039474,4.113425,0.24054001,16.692,0.12671,0.094069995,0.113,0.554,Chemicals,Basic Materials,Specialty Chemicals,2026-05-24,Specialty Chemicals,0,1,0,41.54,82.01,94.98,65.91,61.775000000000006,68.83,MODERATE GROWTH
AJOONI,711366080.0,MICRO CAP,4.130000114440918,20.65,0.74724084,0.05514,11.321,0.03778,0.03232,0.726,1.5,Misc,Consumer Defensive,Packaged Foods,2026-05-24,Packaged Foods,0,1,0,93.12,91.4,9.68,22.49,92.26,68.77,MODERATE GROWTH
GULPOLY,11778784256.0,SMALL CAP,189.4199981689453,15.450244,1.6438142,0.16091,43.497,0.09824,0.0463,0.068,4.398,Misc,Basic Materials,Chemicals,2026-05-24,Chemicals,0,0,0,33.52,96.47,87.74,57.05,64.995,68.75,MODERATE GROWTH
MAYURUNIQ,30629738496.0,SMALL CAP,704.9000244140625,17.635727,3.0106049,0.18365,0.687,0.29529,0.1876,0.104,0.434,Misc,Consumer Cyclical,Textile Manufacturing,2026-05-24,Textile Manufacturing,1,1,1,39.81,79.43,90.75,88.48,59.620000000000005,68.73,MODERATE GROWTH
CAPITALSFB,12766275584.0,SMALL CAP,281.0,9.041184,0.8902547,0.099259995,29.565,0.38409,0.28381002,0.689,0.167,Financials,Financial Services,Banks - Regional,2026-05-24,Private Sector Banks,0,1,0,92.79,67.83,16.34,92.44,80.31,68.73,MODERATE GROWTH
ADVENZYMES,42007851008.0,SMALL CAP,375.1499938964844,24.943483,2.5719337,0.11016,1.902,0.28616,0.21614,0.26,0.62,Chemicals,Basic Materials,Specialty Chemicals,2026-05-24,Specialty Chemicals,0,1,0,77.21,83.27,18.97,87.54,80.24,68.72,MODERATE GROWTH
PROTEAN,26299334656.0,SMALL CAP,647.5,29.153536,2.581337,0.09689999,8.121,0.12154,0.09396,0.453,0.491,Technology,Technology,Information Technology Services,2026-05-24,IT Services,0,1,0,87.62,80.96,15.67,64.22,84.28999999999999,68.56,MODERATE GROWTH
STAR,106293567488.0,MID CAP,1153.199951171875,19.121206,3.8560307,0.20033,55.821,0.14089,0.11447,0.112,0.544,Misc,Healthcare,Drug Manufacturers - Specialty & Generic,2026-05-24,Drug Manufacturers - Specialty & Generic,0,1,0,41.34,81.9,92.24,69.71,61.620000000000005,68.55,MODERATE GROWTH
APLAPOLLO,522136616960.0,LARGE CAP,1880.5,43.47977,9.8596945,0.25314,9.396,0.07206,0.05213,0.136,0.208,Misc,Basic Materials,Steel,2026-05-24,Steel,0,1,0,61.19,70.02,95.53,35.11,65.60499999999999,68.54,MODERATE GROWTH
STARHEALTH,307646758912.0,MID CAP,522.8499755859375,55.269554,4.043759,0.11848,29.565,0.03249,0.031229999,0.138,17.040096699999964,Financials,Financial Services,Insurance - Life,2026-05-24,Life Insurance,0,1,0,61.48,99.51,50.02,21.08,80.495,68.46,MODERATE GROWTH
GLAND,384541491200.0,MID CAP,2334.0,37.451862,4.0208797,0.10532,2.738,0.23201999,0.15975,0.223,0.964,Misc,Healthcare,Drug Manufacturers - Specialty & Generic,2026-05-24,Drug Manufacturers - Specialty & Generic,0,1,0,73.33,88.13,17.91,83.7,80.72999999999999,68.46,MODERATE GROWTH
MADRASFERT,10935555072.0,SMALL CAP,67.87999725341797,150.84444,11.860911,0.4211870819999994,606.3078499999995,0.06407,0.03388,0.285,0.156,Chemicals,Basic Materials,Agricultural Inputs,2026-05-24,Agrochemicals,0,1,0,79.55,50.04,99.51,31.88,64.795,68.45,MODERATE GROWTH
BANSALWIRE,49651720192.0,SMALL CAP,317.1499938964844,30.851168,3.4697986,0.11923,38.769,0.05409,0.03869,0.209,0.209,Misc,Basic Materials,Steel,2026-05-24,Steel,0,1,0,71.87,70.1,79.55,28.37,70.985,68.44,MODERATE GROWTH
ARFIN,15969583104.0,SMALL CAP,94.6500015258789,102.88043,9.479219,0.094469994,75.884,0.07755,0.025,0.26,13.938,Misc,Basic Materials,Aluminum,2026-05-24,Aluminum,0,1,0,77.21,98.79,15.28,37.54,88.0,68.41,MODERATE GROWTH
MOKSH,992425280.0,MICRO CAP,11.850000381469727,9.4800005,0.7664942,0.082150005,19.056,0.00794,0.01451,0.562,1.969,Misc,Consumer Cyclical,Luxury Goods,2026-05-24,Luxury Goods,0,1,0,90.44,93.26,13.44,14.22,91.85,68.4,MODERATE GROWTH
BALUFORGE,57777696768.0,SMALL CAP,475.75,21.410892,4.074632,0.11848,6.528,0.26232,0.22976999,0.216,0.206,Misc,Industrials,Metal Fabrication,2026-05-24,Metal Fabrication,0,1,0,72.36,69.87,50.02,86.05,71.11500000000001,68.39,MODERATE GROWTH
ZAGGLE,29039683584.0,SMALL CAP,215.5500030517578,21.008772,2.2032218,0.104490004,3.884,0.32029998,0.07238,0.499,0.219,Technology,Technology,Software - Infrastructure,2026-05-24,Software Products,0,1,0,88.93,70.71,17.63,89.93,79.82,68.39,MODERATE GROWTH
SUNTECK,42319876096.0,SMALL CAP,288.20001220703125,20.6595,1.2669135,0.052270003,17.311,0.27405,0.18185,0.645,0.262,Misc,Real Estate,Real Estate - Development,2026-05-24,Real Estate - Development,0,1,0,92.01,73.28,9.29,86.83,82.64500000000001,68.39,MODERATE GROWTH
RICOAUTO,16228787200.0,SMALL CAP,119.95999908447266,31.239584,2.1078897,0.11848,91.352,0.054970004,0.022149999,0.141,4.714,Automobiles,Consumer Cyclical,Auto Parts,2026-05-24,Auto Components,0,1,0,61.89,96.67,50.02,28.64,79.28,68.36,MODERATE GROWTH
GREENLAM,60528685056.0,SMALL CAP,237.22999572753906,359.43936,5.3985844,0.04862,98.417,0.0939,0.01842,0.27,17.040096699999964,Misc,Consumer Cyclical,"Furnishings, Fixtures & Appliances",2026-05-24,"Furnishings, Fixtures & Appliances",0,1,0,78.21,99.51,8.93,43.36,88.86,68.32,MODERATE GROWTH
AKI,504677088.0,MICRO CAP,4.889999866485596,12.868421,0.6339946,0.029089998,21.381,0.04587,0.02017,0.523,2.5,Misc,Consumer Cyclical,Footwear & Accessories,2026-05-24,Footwear & Accessories,0,1,0,89.87,94.16,6.9,25.16,92.015,68.31,MODERATE GROWTH
CAPILLARY,41031385088.0,SMALL CAP,516.2999877929688,75.15284,1.9995353,0.06582,5.238,0.09712,0.07132,0.258,3.06,Technology,Technology,Software - Infrastructure,2026-05-24,Software Products,0,1,0,77.04,95.38,10.89,56.7,86.21000000000001,68.19,MODERATE GROWTH
BUTTERFLY,11880068096.0,SMALL CAP,664.4500122070312,26.046648,3.1904526,0.13085,2.054,0.059609998,0.04839,0.167,0.267,Misc,Consumer Cyclical,"Furnishings, Fixtures & Appliances",2026-05-24,"Furnishings, Fixtures & Appliances",0,1,0,65.87,73.43,81.97,30.25,69.65,68.17,MODERATE GROWTH
GILLETTE,253627023360.0,MID CAP,7783.5,47.620068,21.818228,0.11848,0.07653,0.28896,0.20177999,0.152,0.369,Consumer,Consumer Defensive,Household & Personal Products,2026-05-24,FMCG – Personal Care,0,1,0,63.54,77.57,50.02,87.81,70.55499999999999,68.17,MODERATE GROWTH
SOBHA,147264733184.0,MID CAP,1376.9000244140625,103.06138,3.118757,0.04168,22.403,0.062230002,0.03726,0.602,1.243,Misc,Real Estate,Real Estate - Development,2026-05-24,Real Estate - Development,0,1,0,91.38,89.89,7.92,31.19,90.63499999999999,68.15,MODERATE GROWTH
AWFIS,24577734656.0,SMALL CAP,343.54998779296875,42.20516,4.9114356,0.11848,290.895,0.10435,0.041350003,0.202,0.399,Misc,Industrials,Rental & Leasing Services,2026-05-24,Rental & Leasing Services,0,1,0,70.87,78.37,50.02,58.89,74.62,68.13,MODERATE GROWTH
AAKASH,909224960.0,MICRO CAP,8.979999542236328,510.0120439999895,1.3909541,0.056339998,34.733,0.09151,0.030769998,0.29,5.315,Misc,Energy,Oil & Gas Equipment & Services,2026-05-24,Oil & Gas Equipment & Services,0,1,0,79.84,96.98,9.99,42.44,88.41,68.13,MODERATE GROWTH
TI,107605819392.0,MID CAP,435.3500061035156,76.3772,4.249846,0.11848,2.445,0.15533,0.06027,0.95,0.156,Misc,Consumer Defensive,Beverages - Wineries & Distilleries,2026-05-24,Beverages - Wineries & Distilleries,0,1,0,94.93,50.04,50.02,73.2,72.485,68.06,MODERATE GROWTH
ALLDIGI,12579237888.0,SMALL CAP,825.5,15.289868,5.01263,0.32217,68.009,0.19093001,0.13524,0.074,0.497,Misc,Industrials,Specialty Business Services,2026-05-24,Specialty Business Services,0,0,1,34.78,81.07,97.81,78.92,57.925,68.0,MODERATE GROWTH
JAMNAAUTO,45903499264.0,SMALL CAP,114.81999969482422,23.674227,4.4063244,0.11848,14.586,0.14442,0.080520004,0.187,0.327,Automobiles,Consumer Cyclical,Auto Parts,2026-05-24,Auto Components,0,1,0,68.87,76.37,50.02,70.73,72.62,67.91,MODERATE GROWTH
NEOGEN,46195621888.0,SMALL CAP,1687.0999755859375,153.79216,5.449518,0.03581,170.915,0.15064,0.03312,0.22,3.759,Chemicals,Basic Materials,Specialty Chemicals,2026-05-24,Specialty Chemicals,0,1,0,72.88,96.12,7.37,72.14,84.5,67.84,MODERATE GROWTH
NFL,37465473024.0,SMALL CAP,76.37000274658203,19.236776,1.460844,0.11848,176.918,0.026989998,0.00901,0.173,1.968,Chemicals,Basic Materials,Agricultural Inputs,2026-05-24,Agrochemicals,0,1,0,66.52,93.22,50.02,19.08,79.87,67.82,MODERATE GROWTH
ABLBL,123917385728.0,MID CAP,102.0199966430664,72.35461,9.605498,0.12724,213.719,0.065349996,0.02037,0.119,0.452,Misc,Consumer Cyclical,Apparel Retail,2026-05-24,Apparel Retail,0,1,0,58.09,79.96,81.15,32.6,69.025,67.81,MODERATE GROWTH
SUNDARMFIN,495242248192.0,MID CAP,4493.5,24.096418,3.2733326,0.11848,377.039,0.61693,0.46789002,0.186,0.188,Financials,Financial Services,Credit Services,2026-05-24,NBFC – Lending,0,1,0,68.71,68.73,50.02,96.87,68.72,67.8,MODERATE GROWTH
HONASA,125099565056.0,MID CAP,384.3500061035156,62.905075,9.804347,0.11848,11.184,0.09053001,0.06865,0.162,0.949,Consumer,Consumer Defensive,Household & Personal Products,2026-05-24,FMCG – Personal Care,0,1,0,65.07,88.01,50.02,42.12,76.53999999999999,67.79,MODERATE GROWTH
GUJGASLTD,256769523712.0,MID CAP,373.0,22.071007,2.940852,0.11848,118.64,0.10338,0.07541,0.211,0.326,Misc,Utilities,Utilities - Regulated Gas,2026-05-24,Utilities - Regulated Gas,0,1,0,72.0,76.33,50.02,58.46,74.16499999999999,67.77,MODERATE GROWTH
PSB,167739637760.0,MID CAP,23.639999389648438,12.709677,1.2152368,0.096190006,29.565,0.41716,0.25620002,0.338,0.291,Financials,Financial Services,Banks - Regional,2026-05-24,Private Sector Banks,0,1,0,82.97,74.67,15.52,93.81,78.82,67.66,MODERATE GROWTH
LTF,676847419392.0,LARGE CAP,270.1499938964844,22.720772,2.5617561,0.111169994,393.442,0.43723,0.33077,0.319,0.264,Financials,Financial Services,Credit Services,2026-05-24,NBFC – Lending,0,1,0,81.96,73.35,19.08,94.36,77.655,67.61,MODERATE GROWTH
TRIVENI,82490171392.0,SMALL CAP,376.6499938964844,26.884367,2.6785903,0.11848,24.554,0.07752,0.04639,0.165,0.979,Misc,Consumer Defensive,Confectioners,2026-05-24,Confectioners,0,1,0,65.48,88.24,50.02,37.5,76.86,67.56,MODERATE GROWTH
DANGEE,503498272.0,MICRO CAP,3.2699999809265137,26.218092,3.0166051,0.11848,121.846,0.07442,-0.017549999,0.153,1.355,Hospitality,Consumer Cyclical,Restaurants,2026-05-24,Restaurants,0,1,0,63.68,90.4,50.02,36.21,77.04,67.55,MODERATE GROWTH
BFINVEST,14684725248.0,SMALL CAP,389.8500061035156,8.929226,0.20727067,0.11848,29.565,0.88439006,0.9940124999999989,0.092,11.758,Financials,Financial Services,Asset Management,2026-05-24,Asset Management Companies,0,0,0,37.5,98.63,50.02,98.98,68.065,67.55,MODERATE GROWTH
DMART,2684958277632.0,MEGA CAP,4117.0,90.087524,10.950983,0.12944001,9.913,0.05242,0.04316,0.189,0.196,Misc,Consumer Defensive,Discount Stores,2026-05-24,Discount Stores,0,1,0,69.08,69.38,81.62,27.7,69.22999999999999,67.55,MODERATE GROWTH
SANSERA,177883201536.0,MID CAP,2853.800048828125,54.944168,6.1554193,0.11848,15.176,0.122930005,0.079840004,0.247,0.207,Automobiles,Consumer Cyclical,Auto Parts,2026-05-24,Auto Components,0,1,0,75.92,69.95,50.02,64.66,72.935,67.52,MODERATE GROWTH
EQUITASBNK,75891777536.0,SMALL CAP,66.4800033569336,73.86667,1.2411321,0.016900001,94.248,0.32362998,0.02309,0.179,4.027,Financials,Financial Services,Banks - Regional,2026-05-24,Private Sector Banks,0,1,0,67.65,96.24,5.68,90.13,81.945,67.51,MODERATE GROWTH
SAHYADRI,3364345344.0,MICRO CAP,307.3500061035156,11.602491,0.86019427,0.07394,4.085,0.09244,0.042340003,0.325,1.47,Misc,Industrials,Building Products & Equipment,2026-05-24,Building Products & Equipment,0,1,0,82.19,91.22,12.19,42.79,86.705,67.41,MODERATE GROWTH
BAJAJHFL,691861979136.0,LARGE CAP,83.06999969482422,27.058632,3.0852368,0.120570004,460.504,0.80669,0.61533,0.423,0.144,Misc,Financial Services,Mortgage Finance,2026-05-24,Mortgage Finance,0,1,0,86.66,32.01,79.86,98.43,59.334999999999994,67.35,MODERATE GROWTH
VGUARD,133268840448.0,MID CAP,305.1000061035156,43.46154,6.10432,0.13793,6.964,0.08125,0.051680002,0.141,0.231,Misc,Industrials,Electrical Equipment & Parts,2026-05-24,Electrical Equipment & Parts,0,1,0,61.89,71.3,83.52,38.99,66.595,67.22,MODERATE GROWTH
LOTUSDEV,67878834176.0,SMALL CAP,138.88999938964844,27.557539,3.5440164,0.17059,6.839,0.39298,0.30832002,0.618,-0.013,Industrials,Industrials,Engineering & Construction,2026-05-24,Engineering & EPC,0,0,0,91.65,22.83,89.18,92.83,57.24,67.19,MODERATE GROWTH
BBTC,107009163264.0,MID CAP,1533.699951171875,8.613389,1.5195935,0.28709,16.57,0.16921,0.062589996,0.078,0.438,Misc,Consumer Defensive,Packaged Foods,2026-05-24,Packaged Foods,0,0,1,35.29,79.7,96.79,75.55,57.495000000000005,67.16,MODERATE GROWTH
PKTEA,2431348480.0,MICRO CAP,785.3499755859375,26.218092,1.1142687,0.11848,20.57,0.23947,-0.00399,0.501,0.156,Misc,Consumer Defensive,Farm Products,2026-05-24,Farm Products,0,1,0,89.03,50.04,50.02,84.29,69.535,67.11,MODERATE GROWTH
SMSPHARMA,35723567104.0,SMALL CAP,381.45001220703125,38.03091,4.6614933,0.11848,44.465,0.1598,0.099870004,0.214,0.205,Misc,Healthcare,Drug Manufacturers - General,2026-05-24,Drug Manufacturers - General,0,1,0,72.2,69.75,50.02,74.1,70.975,67.1,MODERATE GROWTH
MINDACORP,135250157568.0,MID CAP,574.6500244140625,38.15737,5.537995,0.11848,62.969,0.08063,0.04958,0.246,0.321,Automobiles,Consumer Cyclical,Auto Parts,2026-05-24,Auto Components,0,1,0,75.82,76.16,50.02,38.71,75.99,67.07,MODERATE GROWTH
ZEEMEDIA,4915869696.0,MICRO CAP,7.860000133514404,26.218092,2.4897053,0.11848,54.648,0.21875,-0.010989999,0.507,0.156,Media,Communication Services,Broadcasting,2026-05-24,Broadcasting,0,1,0,89.15,50.04,50.02,82.56,69.595,66.98,MODERATE GROWTH
TPLPLASTEH,4953970176.0,MICRO CAP,63.5099983215332,17.839888,3.2487595,0.11848,14.357,0.10787,0.06949,0.222,0.247,Misc,Consumer Cyclical,Packaging & Containers,2026-05-24,Packaging & Containers,0,1,0,73.2,72.18,50.02,60.11,72.69,66.9,MODERATE GROWTH
NIRAJ,1725763328.0,MICRO CAP,28.90999984741211,6.410199,0.67592525,0.11848,1.296,0.06311,0.04127,0.168,0.9,Industrials,Industrials,Engineering & Construction,2026-05-24,Engineering & EPC,0,1,0,66.09,87.38,50.02,31.54,76.735,66.87,MODERATE GROWTH
MANORG,4966090240.0,MICRO CAP,579.8499755859375,19.91927,1.6169286,0.11848,114.035,0.08248,0.16003999,0.326,0.19,Chemicals,Basic Materials,Specialty Chemicals,2026-05-24,Specialty Chemicals,0,1,0,82.27,68.91,50.02,39.34,75.59,66.85,MODERATE GROWTH
AIROLAM,1242015616.0,MICRO CAP,82.79000091552734,45.994446,1.679992,0.11848,117.642,0.05868,0.03221,0.292,0.274,Misc,Consumer Cyclical,"Furnishings, Fixtures & Appliances",2026-05-24,"Furnishings, Fixtures & Appliances",0,1,0,80.0,73.73,50.02,30.13,76.86500000000001,66.82,MODERATE GROWTH
SETL,27708657664.0,SMALL CAP,132.58999633789062,33.1475,3.5431974,0.10995,10.365,0.13577,0.100930005,0.388,0.303,Misc,Industrials,Specialty Industrial Machinery,2026-05-24,Specialty Industrial Machinery,0,1,0,85.23,75.39,18.85,68.18,80.31,66.81,MODERATE GROWTH
63MOONS,31340316672.0,SMALL CAP,680.1500244140625,26.218092,0.88281184,-0.0152,0.149,-0.3843,-0.05687,5.354871999999847,1.043,Technology,Technology,Software - Application,2026-05-24,SaaS,0,1,0,99.51,88.6,2.74,3.96,94.055,66.78,MODERATE GROWTH
RGL,10878510080.0,SMALL CAP,101.36000061035156,11.427283,0.75157195,0.11848,48.158,0.0637,0.03243,0.356,0.196,Misc,Consumer Cyclical,Luxury Goods,2026-05-24,Luxury Goods,0,1,0,83.74,69.38,50.02,31.74,76.56,66.77,MODERATE GROWTH
DHANBANK,13305297920.0,SMALL CAP,33.709999084472656,12.9653845,0.9042382,0.07162,29.565,0.35627,0.13948,0.337,0.298,Financials,Financial Services,Banks - Regional,2026-05-24,Private Sector Banks,0,1,0,82.8,75.08,11.68,91.77,78.94,66.77,MODERATE GROWTH
STOVEKRAFT,18447398912.0,SMALL CAP,557.2000122070312,43.874016,3.7267165,0.08613,23.223,0.03125,0.02626,0.306,3.159,Misc,Consumer Cyclical,"Furnishings, Fixtures & Appliances",2026-05-24,"Furnishings, Fixtures & Appliances",0,1,0,81.23,95.57,13.91,20.77,88.4,66.74,MODERATE GROWTH
HARSHA,37004877824.0,SMALL CAP,406.45001220703125,23.866705,2.8168967,0.11848,24.121,0.110640004,0.06919,0.207,0.259,Misc,Industrials,Tools & Accessories,2026-05-24,Tools & Accessories,0,1,0,71.53,72.98,50.02,61.21,72.255,66.7,MODERATE GROWTH
DEEDEV,36280139776.0,SMALL CAP,523.7999877929688,44.053825,4.349956,0.11848,69.855,0.118319996,0.0758,0.77,0.156,Misc,Industrials,Metal Fabrication,2026-05-24,Metal Fabrication,0,1,0,93.63,50.04,50.02,63.36,71.835,66.62,MODERATE GROWTH
USHAMART,141759217664.0,MID CAP,465.70001220703125,32.475594,4.298029,0.16228001,6.922,0.18410999,0.12625,0.093,0.458,Misc,Basic Materials,Steel,2026-05-24,Steel,0,0,0,37.66,80.11,87.93,77.88,58.885,66.59,MODERATE GROWTH
IRCTC,424200011776.0,MID CAP,530.25,29.755894,9.94486,0.11848,1.836,0.31261998,0.28371,0.184,0.157,Misc,Consumer Cyclical,Travel Services,2026-05-24,Travel Services,0,1,0,68.42,67.38,50.02,89.5,67.9,66.48,MODERATE GROWTH
TVSHLTD,273072701440.0,MID CAP,13497.0,16.10313,4.9531875,0.11848,315.772,0.00457,0.0332,0.349,0.277,Automobiles,Consumer Cyclical,Auto Parts,2026-05-24,Auto Components,0,1,0,83.56,73.8,50.02,13.71,78.68,66.45,MODERATE GROWTH
ENERGYDEV,802749952.0,MICRO CAP,16.899999618530273,26.218092,4.9793754,0.11848,606.3078499999995,0.35791,-0.29964,0.38,0.156,Misc,Utilities,Utilities - Regulated Electric,2026-05-24,Utilities - Regulated Electric,0,1,0,84.86,50.04,50.02,91.89,67.45,66.41,MODERATE GROWTH
GRMOVER,33687347200.0,SMALL CAP,162.3300018310547,51.04717,6.28431,0.11848,44.143,0.042719997,0.049850002,0.3,0.272,Misc,Consumer Defensive,Packaged Foods,2026-05-24,Packaged Foods,0,1,0,80.66,73.55,50.02,24.02,77.10499999999999,66.38,MODERATE GROWTH
MITTAL,474973856.0,MICRO CAP,1.0700000524520874,17.833334,0.8099925,0.11848,14.045,0.05651,0.03019,0.159,1.0,Misc,Consumer Cyclical,Textile Manufacturing,2026-05-24,Textile Manufacturing,0,1,0,64.4,88.3,50.02,29.15,76.35,66.36,MODERATE GROWTH
ADANIGREEN,2243948183552.0,MEGA CAP,1362.300048828125,140.87901,12.0330715,0.07576,339.503,0.57025003,0.12778,0.131,2.803,Energy,Utilities,Utilities - Renewable,2026-05-24,Power Generation – Renewable,0,1,0,60.05,94.79,12.42,96.36,77.42,66.31,MODERATE GROWTH
SWELECTES,9766078464.0,MICRO CAP,628.5999755859375,17.26923,1.0215408,0.11848,72.499,0.15695,0.07991,0.517,0.156,Misc,Technology,Solar,2026-05-24,Solar,0,1,0,89.66,50.04,50.02,73.71,69.85,66.27,MODERATE GROWTH
KANPRPLA,4958092288.0,MICRO CAP,206.47999572753906,11.907727,1.8522041,0.17197001,41.789,0.1223,0.054,0.006,3.662,Misc,Consumer Cyclical,Packaging & Containers,2026-05-24,Packaging & Containers,0,0,0,23.73,96.0,89.34,64.62,59.865,66.24,MODERATE GROWTH
CCL,141842923520.0,MID CAP,1064.9000244140625,36.632267,6.0489182,0.18002,56.487,0.12503,0.08691,0.464,0.124,Misc,Consumer Defensive,Packaged Foods,2026-05-24,Packaged Foods,0,1,0,88.13,30.84,90.28,65.28,59.485,66.22,MODERATE GROWTH
SRGHFL,4590932992.0,MICRO CAP,292.29998779296875,14.127597,1.6418028,0.11586001,292.408,0.3464,0.27325,0.238,0.33,Misc,Financial Services,Mortgage Finance,2026-05-24,Mortgage Finance,0,1,0,75.16,76.49,19.91,91.22,75.82499999999999,66.18,MODERATE GROWTH
HISARMETAL,823121984.0,MICRO CAP,152.42999267578125,27.564194,1.2876548,0.11848,106.756,0.041840002,0.01203,0.195,0.645,Misc,Basic Materials,Steel,2026-05-24,Steel,0,1,0,69.73,83.93,50.02,23.71,76.83000000000001,66.16,MODERATE GROWTH
CAMPUS,72343076864.0,SMALL CAP,236.72999572753906,51.24026,9.070115,0.11848,48.005,0.14927,0.08177,0.143,0.362,Misc,Consumer Cyclical,Footwear & Accessories,2026-05-24,Footwear & Accessories,0,1,0,62.3,77.23,50.02,71.87,69.765,66.03,MODERATE GROWTH
COSMOFIRST,20016332800.0,SMALL CAP,771.0999755859375,13.774562,1.2363374,0.10119,103.944,0.096920006,0.041690003,0.391,0.365,Misc,Consumer Cyclical,Packaging & Containers,2026-05-24,Packaging & Containers,0,1,0,85.31,77.45,17.01,56.62,81.38,66.03,MODERATE GROWTH
TATACAP,1263742877696.0,LARGE CAP,299.70001220703125,25.506384,3.3200402,0.12005,502.058,0.55465,0.39028,0.07,0.522,Financials,Financial Services,Asset Management,2026-05-24,Asset Management Companies,0,0,0,33.97,81.64,79.7,96.04,57.805,66.01,MODERATE GROWTH
JSL,606962647040.0,LARGE CAP,736.6500244140625,19.049652,13.48509,0.17407,37.523,0.10383,0.07434,0.112,0.425,Misc,Basic Materials,Steel,2026-05-24,Steel,0,1,0,41.34,79.13,89.73,58.66,60.235,65.98,MODERATE GROWTH
SURANAT&P,2438248960.0,MICRO CAP,17.959999084472656,9.5026455,2.00805,0.11896,34.438,0.40588,0.25044,5.354871999999847,-0.178,Misc,Utilities,Utilities - Independent Power Producers,2026-05-24,Utilities - Independent Power Producers,0,0,0,99.51,16.85,79.43,93.42,58.18000000000001,65.95,MODERATE GROWTH
AZAD,131720921088.0,MID CAP,2039.5999755859375,99.009705,8.6185255,0.09142,31.025,0.27558002,0.22037001,0.273,0.343,Misc,Industrials,Specialty Industrial Machinery,2026-05-24,Specialty Industrial Machinery,0,1,0,78.39,76.76,14.69,86.95,77.575,65.94,MODERATE GROWTH
FIEMIND,58492809216.0,SMALL CAP,2222.39990234375,24.03894,5.4144526,0.11848,5.696,0.11608,0.09076,0.162,0.348,Automobiles,Consumer Cyclical,Auto Parts,2026-05-24,Auto Components,0,1,0,65.07,76.8,50.02,62.77,70.935,65.94,MODERATE GROWTH
MANINDS,42845466624.0,SMALL CAP,571.2000122070312,21.693886,2.2237103,0.11848,28.531,0.12782,0.051799998,0.134,0.455,Misc,Basic Materials,Steel,2026-05-24,Steel,0,1,0,60.82,80.04,50.02,66.11,70.43,65.92,MODERATE GROWTH
VBL,1824579649536.0,LARGE CAP,539.4500122070312,57.449413,9.318375,0.11848,12.705,0.18491,0.14024,0.181,0.2,Misc,Consumer Defensive,Beverages - Non-Alcoholic,2026-05-24,Beverages - Non-Alcoholic,0,1,0,67.91,69.55,50.02,78.06,68.72999999999999,65.92,MODERATE GROWTH
SMARTLINK,1571561344.0,MICRO CAP,157.5500030517578,11.944655,0.7841156,0.06474,1.194,0.0939,0.04696,0.347,0.793,Misc,Technology,Communication Equipment,2026-05-24,Communication Equipment,0,1,0,83.41,86.11,10.74,43.36,84.75999999999999,65.82,MODERATE GROWTH
ADANIPOWER,4229519376384.0,MEGA CAP,219.32000732421875,33.12991,6.522722,0.20908001,82.332,0.25207,0.23662001,-0.001,0.916,Misc,Utilities,Utilities - Independent Power Producers,2026-05-24,Utilities - Independent Power Producers,0,0,1,22.92,87.5,93.22,85.23,55.21,65.81,MODERATE GROWTH
SONACOMS,369329340416.0,MID CAP,593.75,57.81402,6.459562,0.106850006,7.213,0.17621,0.14388,0.454,0.171,Automobiles,Consumer Cyclical,Auto Parts,2026-05-24,Auto Components,0,1,0,87.66,67.93,18.18,77.04,77.795,65.8,MODERATE GROWTH
FRACTAL,157778001920.0,MID CAP,917.5,53.467365,4.799946,0.115839995,13.131,0.16202,0.088549994,0.17,1.064,Technology,Technology,Software - Infrastructure,2026-05-24,Software Products,0,1,0,66.22,88.79,19.87,74.49,77.505,65.68,MODERATE GROWTH
COMSYN,6180368896.0,MICRO CAP,153.2100067138672,22.564066,3.7652988,0.11848,67.103,0.096020006,0.073,0.127,0.625,Misc,Consumer Cyclical,Packaging & Containers,2026-05-24,Packaging & Containers,0,1,0,59.46,83.48,50.02,56.23,71.47,65.66,MODERATE GROWTH
DPABHUSHAN,22076880896.0,SMALL CAP,967.0999755859375,11.848811,4.350682,0.11848,44.551,0.08420999,0.05406,0.128,0.936,Misc,Consumer Cyclical,Luxury Goods,2026-05-24,Luxury Goods,0,1,0,59.6,87.81,50.02,39.97,73.705,65.59,MODERATE GROWTH
CARTRADE,86107504640.0,SMALL CAP,1796.5999755859375,40.31867,3.4621909,0.09849,5.363,0.29896998,0.28617,0.198,0.573,Misc,Consumer Cyclical,Auto & Truck Dealerships,2026-05-24,Auto & Truck Dealerships,0,1,0,70.26,82.52,16.18,88.75,76.39,65.58,MODERATE GROWTH
CHENNPETRO,151383310336.0,MID CAP,1016.5999755859375,4.878119,1.3627254,0.32126,17.68,0.11215,0.04875,-0.025,2.025,Misc,Energy,Oil & Gas Refining & Marketing,2026-05-24,Oil & Gas Refining & Marketing,0,0,0,20.24,93.38,97.77,61.68,56.809999999999995,65.49,MODERATE GROWTH
STYL,43024166912.0,SMALL CAP,265.8999938964844,19.422937,3.1067076,0.23236,5.865,0.27971,0.16487,0.102,0.185,Technology,Technology,Software - Infrastructure,2026-05-24,Software Products,0,1,1,39.5,68.48,94.67,87.23,53.99,65.45,MODERATE GROWTH
BAFNAPH,3194315008.0,MICRO CAP,135.02999877929688,33.014668,3.5039964,0.11848,35.519,0.03865,0.06553,0.154,0.95,Misc,Healthcare,Drug Manufacturers - Specialty & Generic,2026-05-24,Drug Manufacturers - Specialty & Generic,0,1,0,63.77,88.05,50.02,22.77,75.91,65.42,MODERATE GROWTH
AGIIL,47886499840.0,SMALL CAP,383.1000061035156,55.84548,10.328651,0.24336,38.289,0.16206,0.26187,0.028,0.654,Misc,Real Estate,Real Estate - Development,2026-05-24,Real Estate - Development,0,0,1,27.23,84.03,95.1,74.53,55.63,65.41,MODERATE GROWTH
POLICYBZR,830231543808.0,LARGE CAP,1792.4000244140625,123.44353,11.328888,0.097440004,4.922,0.088970006,0.09861,0.367,0.528,Misc,Financial Services,Insurance Brokers,2026-05-24,Insurance Brokers,0,1,0,84.21,81.74,15.79,41.61,82.975,65.4,MODERATE GROWTH
MONTECARLO,11468978176.0,SMALL CAP,553.2000122070312,11.863607,1.3756917,0.12880999,63.989,0.030569999,0.08783,0.361,0.156,Misc,Consumer Cyclical,Apparel Manufacturing,2026-05-24,Apparel Manufacturing,0,1,0,83.97,50.04,81.47,20.61,67.005,65.26,MODERATE GROWTH
GPIL,189475831808.0,MID CAP,291.3999938964844,23.145353,3.4175003,0.14866,7.582,0.25428,0.14626001,0.114,0.231,Misc,Basic Materials,Steel,2026-05-24,Steel,0,1,0,41.75,71.3,85.62,85.38,56.525,65.23,MODERATE GROWTH
SFL,69726314496.0,SMALL CAP,638.5,43.67305,2.2758462,0.05061,27.85,0.07716,0.04177,0.236,3.222,Misc,Consumer Cyclical,"Furnishings, Fixtures & Appliances",2026-05-24,"Furnishings, Fixtures & Appliances",0,1,0,74.76,95.69,9.05,37.26,85.225,65.19,MODERATE GROWTH
GAEL,74965131264.0,SMALL CAP,163.44000244140625,24.614458,2.2753408,0.09664,13.384,0.1099,0.05214,0.158,3.214,Misc,Consumer Defensive,Packaged Foods,2026-05-24,Packaged Foods,0,1,0,64.22,95.65,15.63,60.97,79.935,65.18,MODERATE GROWTH
VALIANTLAB,4175544832.0,MICRO CAP,76.87999725341797,26.218092,1.21193,-0.01199,14.865,0.020510001,-0.0137600005,0.592,1.042,Misc,Healthcare,Drug Manufacturers - Specialty & Generic,2026-05-24,Drug Manufacturers - Specialty & Generic,0,1,0,91.11,88.56,2.78,17.28,89.83500000000001,65.17,MODERATE GROWTH
ARVSMART,28368728064.0,SMALL CAP,618.5,38.899372,4.745791,0.121350005,65.077,0.40230998,0.16500999,0.003,1.307,Misc,Real Estate,Real Estate - Development,2026-05-24,Real Estate - Development,0,0,0,23.47,90.2,80.02,93.18,56.835,65.11,MODERATE GROWTH
IVP,1822275584.0,MICRO CAP,176.47000122070312,13.348714,1.2663888,0.11848,69.423,0.04918,0.023559999,0.121,1.435,Chemicals,Basic Materials,Specialty Chemicals,2026-05-24,Specialty Chemicals,0,1,0,58.35,90.99,50.02,26.57,74.67,64.93,MODERATE GROWTH
LINCOLN,14704825344.0,SMALL CAP,734.1500244140625,16.749943,2.0538306,0.11848,0.07653,0.1195,0.13473,0.135,0.377,Misc,Healthcare,Drug Manufacturers - Specialty & Generic,2026-05-24,Drug Manufacturers - Specialty & Generic,0,1,0,61.03,77.74,50.02,63.6,69.38499999999999,64.93,MODERATE GROWTH
GRWRHITECH,124372295680.0,MID CAP,5353.39990234375,36.76533,4.682128,0.13454,0.59,0.20688999,0.15953,0.089,0.391,Chemicals,Basic Materials,Specialty Chemicals,2026-05-24,Specialty Chemicals,0,0,0,36.95,78.13,82.68,81.07,57.54,64.92,MODERATE GROWTH
NHPC,787128909824.0,LARGE CAP,78.36000061035156,28.288809,1.9027731,0.09021,113.111,0.19674,0.32421002,0.192,0.706,Energy,Utilities,Utilities - Renewable,2026-05-24,Power Generation – Renewable,0,1,0,69.42,85.03,14.46,79.74,77.225,64.92,MODERATE GROWTH
EQUIPPP,1552614144.0,MICRO CAP,15.0600004196167,215.14287,17.928572,0.11848,71.587,0.04645,0.04622,5.354871999999847,0.156,Technology,Technology,Information Technology Services,2026-05-24,IT Services,0,1,0,99.51,50.04,50.02,25.51,74.775,64.9,MODERATE GROWTH
ARVEE,1737302912.0,MICRO CAP,157.64999389648438,83.85638,5.6191187,0.11848,3.29,0.13514,0.076409996,0.098,10.857,Chemicals,Basic Materials,Specialty Chemicals,2026-05-24,Specialty Chemicals,0,0,0,38.89,98.47,50.02,68.03,68.68,64.88,MODERATE GROWTH
INOXINDIA,131452788736.0,MID CAP,1448.300048828125,51.014446,11.761028,0.25901,7.251,0.1859,0.16249001,0.247,0.149,Misc,Industrials,Specialty Industrial Machinery,2026-05-24,Specialty Industrial Machinery,0,1,1,75.92,32.41,95.69,78.17,54.165,64.87,MODERATE GROWTH
ASMS,2223410176.0,MICRO CAP,7.300000190734863,66.36364,8.229989,0.11848,0.562,0.05246,0.06093,4.552,0.156,Technology,Technology,Information Technology Services,2026-05-24,IT Services,0,1,0,98.79,50.04,50.02,27.74,74.415,64.87,MODERATE GROWTH
KAPSTON,10039577600.0,SMALL CAP,329.8999938964844,37.57403,9.856587,0.11848,172.342,0.04796,0.03336,0.165,0.641,Misc,Industrials,Specialty Business Services,2026-05-24,Specialty Business Services,0,1,0,65.48,83.78,50.02,26.18,74.63,64.86,MODERATE GROWTH
LUMAXIND,52758597632.0,SMALL CAP,5644.0,32.466637,6.4682565,0.11848,121.301,0.06858,0.041539997,0.187,0.39,Automobiles,Consumer Cyclical,Auto Parts,2026-05-24,Auto Components,0,1,0,68.87,78.1,50.02,33.86,73.485,64.83,MODERATE GROWTH
SYNCOMF,13479600128.0,SMALL CAP,14.34000015258789,19.643835,3.494152,0.20191,0.355,0.22726999,0.14685,0.007,0.688,Misc,Healthcare,Drug Manufacturers - Specialty & Generic,2026-05-24,Drug Manufacturers - Specialty & Generic,1,0,1,23.84,84.6,92.52,83.27,54.22,64.78,MODERATE GROWTH
NORBTEAEXP,1307880576.0,MICRO CAP,84.13999938964844,26.218092,6.7306614,0.11848,42.932,0.10983,-0.07002,0.497,0.156,Misc,Consumer Defensive,Farm Products,2026-05-24,Farm Products,0,1,0,88.83,50.04,50.02,60.89,69.435,64.7,MODERATE GROWTH
IOC,1969489182720.0,LARGE CAP,139.47000122070312,4.562316,0.8748479,0.20969999,58.446,0.09243,0.05367,0.067,0.781,Misc,Energy,Oil & Gas Refining & Marketing,2026-05-24,Oil & Gas Refining & Marketing,0,0,0,33.35,85.97,93.26,42.75,59.66,64.69,MODERATE GROWTH
OIL,812897206272.0,LARGE CAP,499.75,12.284906,1.4013594,0.12743,58.741,0.27781,0.19500999,0.052,0.604,Energy,Energy,Oil & Gas Integrated,2026-05-24,Oil Marketing,0,0,0,30.54,82.92,81.27,87.11,56.730000000000004,64.68,MODERATE GROWTH
VENTIVE,144737419264.0,MID CAP,619.75,34.01482,2.9084637,0.07925,38.079,0.45049,0.15965,0.229,0.329,Misc,Consumer Cyclical,Lodging,2026-05-24,Lodging,0,1,0,73.96,76.43,12.81,94.71,75.195,64.67,MODERATE GROWTH
PICCADIL,56016998400.0,SMALL CAP,568.2999877929688,39.99296,7.8509655,0.17366,58.89,0.18259001,0.13251,0.409,0.023,Misc,Consumer Defensive,Beverages - Wineries & Distilleries,2026-05-24,Beverages - Wineries & Distilleries,0,0,0,86.29,24.98,89.66,77.7,55.635000000000005,64.65,MODERATE GROWTH
GANDHAR,16082584576.0,SMALL CAP,164.30999755859375,15.102021,1.248044,0.11848,24.674,0.04427,0.02599,0.161,0.672,Misc,Energy,Oil & Gas Refining & Marketing,2026-05-24,Oil & Gas Refining & Marketing,0,1,0,64.77,84.29,50.02,24.61,74.53,64.64,MODERATE GROWTH
KPIL,216454201344.0,MID CAP,1267.5,20.833334,3.1083243,0.14513999,45.814,0.06598,0.03832,0.101,0.894,Industrials,Industrials,Engineering & Construction,2026-05-24,Engineering & EPC,0,1,0,39.24,87.3,84.99,32.88,63.269999999999996,64.57,MODERATE GROWTH
SAIL,831102976000.0,LARGE CAP,201.2100067138672,24.627907,1.4313561,0.11848,57.763,0.028450001,0.025510002,0.118,1.676,Misc,Basic Materials,Steel,2026-05-24,Steel,0,1,0,57.97,92.2,50.02,19.83,75.08500000000001,64.55,MODERATE GROWTH
SANGAMIND,24445440000.0,SMALL CAP,495.75,30.118471,2.3150635,0.07931,118.739,0.08743,0.02554,0.204,2.46,Misc,Consumer Cyclical,Textile Manufacturing,2026-05-24,Textile Manufacturing,0,1,0,71.26,94.08,12.85,41.12,82.67,64.55,MODERATE GROWTH
ROSSARI,29025206272.0,SMALL CAP,524.0,19.457853,2.1764865,0.11848,32.695,0.078439996,0.06227,0.182,0.335,Chemicals,Basic Materials,Specialty Chemicals,2026-05-24,Specialty Chemicals,0,1,0,68.1,76.68,50.02,37.97,72.39,64.47,MODERATE GROWTH
360ONE,451962830848.0,MID CAP,1112.4000244140625,38.17433,4.586592,0.14392,161.977,0.57660997,0.27163,0.269,0.11,Financials,Financial Services,Asset Management,2026-05-24,Asset Management Companies,0,1,0,78.1,30.09,84.64,96.51,54.095,64.45,MODERATE GROWTH
SICALLOG,5088678912.0,MICRO CAP,63.779998779296875,9.827427,-87.25034,0.11848,29.565,0.08071999,0.16251,0.87,0.156,Misc,Industrials,Integrated Freight & Logistics,2026-05-24,Integrated Freight & Logistics,0,1,0,94.4,50.04,50.02,38.83,72.22,64.44,MODERATE GROWTH
SOUTHBANK,106588340224.0,MID CAP,40.720001220703125,7.336937,0.96742773,0.13526,29.565,0.43144,0.28946,0.112,0.183,Financials,Financial Services,Banks - Regional,2026-05-24,Private Sector Banks,0,1,0,41.34,68.4,82.88,94.2,54.870000000000005,64.4,MODERATE GROWTH
THOMASCOTT,3781290496.0,MICRO CAP,257.75,21.605196,3.0007918,0.11848,21.124,0.11101,0.08331,0.459,0.156,Misc,Consumer Cyclical,Textile Manufacturing,2026-05-24,Textile Manufacturing,0,1,0,87.83,50.04,50.02,61.29,68.935,64.39,MODERATE GROWTH
BRITANNIA,1284189323264.0,LARGE CAP,5331.5,50.76169,25.14989,0.4211870819999994,26.875,0.16267,0.13229,0.079,0.211,Misc,Consumer Defensive,Packaged Foods,2026-05-24,Packaged Foods,0,0,1,35.42,70.2,99.51,74.73,52.81,64.34,MODERATE GROWTH
WONDERLA,30525376512.0,SMALL CAP,481.29998779296875,37.45525,1.767419,0.046430003,0.348,0.09048,0.14832,0.404,0.488,Misc,Consumer Cyclical,Leisure,2026-05-24,Leisure,0,1,0,85.91,80.9,8.7,42.05,83.405,64.33,MODERATE GROWTH
PRUDENT,109636608000.0,MID CAP,2647.800048828125,49.261395,14.375452,0.28643999,3.866,0.22248,0.16623,0.22,0.143,Financials,Financial Services,Asset Management,2026-05-24,Asset Management Companies,0,1,1,72.88,31.94,96.71,82.88,52.41,64.32,MODERATE GROWTH
ELGIEQUIP,176582524928.0,MID CAP,560.1500244140625,43.864525,8.815152,0.11848,26.275,0.12218001,0.10553,0.184,0.182,Misc,Industrials,Specialty Industrial Machinery,2026-05-24,Specialty Industrial Machinery,0,1,0,68.42,68.3,50.02,64.5,68.36,64.31,MODERATE GROWTH
BLBLIMITED,826812608.0,MICRO CAP,15.640000343322754,3.258048784,0.7043142,0.11848,0.17,0.04138,0.03545,2.788,0.156,Misc,Financial Services,Capital Markets,2026-05-24,Capital Markets,0,1,0,98.39,50.04,50.02,23.53,74.215,64.31,MODERATE GROWTH
HATSUN,205140017152.0,MID CAP,920.9500122070312,57.487514,11.210454,0.11848,109.967,0.04615,0.03701,0.176,0.478,Misc,Consumer Defensive,Packaged Foods,2026-05-24,Packaged Foods,0,1,0,66.95,80.66,50.02,25.39,73.805,64.21,MODERATE GROWTH
GREENPLY,32343386112.0,SMALL CAP,258.95001220703125,36.11576,3.5852246,0.10536,57.505,0.098450005,0.03269,0.196,0.861,Misc,Basic Materials,Lumber & Wood Production,2026-05-24,Lumber & Wood Production,0,1,0,69.95,86.81,17.95,57.21,78.38,64.18,MODERATE GROWTH
ROSSTECH,34951159808.0,SMALL CAP,923.6500244140625,158.70274,24.63921,0.15179,264.369,0.08776,0.04513,0.646,0.106,Misc,Industrials,Aerospace & Defense,2026-05-24,Aerospace & Defense,0,1,0,92.05,29.82,86.44,41.22,60.935,64.06,MODERATE GROWTH
INDRAMEDCO,32892270592.0,SMALL CAP,358.79998779296875,17.922077,4.991722,0.11848,4.76,0.13643,0.12603,0.144,0.249,Misc,Healthcare,Medical Care Facilities,2026-05-24,Medical Care Facilities,0,1,0,62.52,72.26,50.02,68.34,67.39,64.01,MODERATE GROWTH
GLOSTERLTD,6957724672.0,MICRO CAP,635.7999877929688,91.74603,0.64347535,0.11848,69.656,0.05669,0.00574,1.153,0.156,Misc,Consumer Cyclical,Textile Manufacturing,2026-05-24,Textile Manufacturing,0,1,0,95.92,50.04,50.02,29.23,72.98,64.01,MODERATE GROWTH
WEWORK,77528301568.0,SMALL CAP,565.0999755859375,166.69615,37.685894,0.11848,606.3078499999995,0.25536,0.01988,0.29,0.156,Misc,Real Estate,Real Estate Services,2026-05-24,Real Estate Services,0,1,0,79.84,50.04,50.02,85.42,64.94,64.0,MODERATE GROWTH
JUBLFOOD,287175933952.0,MID CAP,436.6499938964844,76.875,12.679308,0.16893,2.655,0.080299996,0.04504,0.203,0.156,Hospitality,Consumer Cyclical,Restaurants,2026-05-24,Restaurants,0,1,0,71.04,50.04,88.83,38.6,60.540000000000006,64.0,MODERATE GROWTH
KDDL,34493329408.0,SMALL CAP,2804.5,41.49283,3.192904,0.08123,26.688,0.10615,0.0399,0.393,0.257,Misc,Consumer Cyclical,Luxury Goods,2026-05-24,Luxury Goods,0,1,0,85.42,72.86,13.24,59.44,79.14,63.99,MODERATE GROWTH
TATAELXSI,268568870912.0,MID CAP,4311.10009765625,42.734936,8.8308735,0.21298,5.336,0.22268999,0.16725,0.058,0.278,Technology,Technology,Software - Application,2026-05-24,SaaS,0,0,1,31.7,73.9,93.57,82.95,52.800000000000004,63.97,MODERATE GROWTH
HINDPETRO,829106028544.0,LARGE CAP,389.6499938964844,4.593304,1.264929,0.30929002,85.369,0.08081,0.041050002,0.049,0.775,Misc,Energy,Oil & Gas Refining & Marketing,2026-05-24,Oil & Gas Refining & Marketing,0,0,0,30.11,85.87,97.41,38.91,57.99,63.97,MODERATE GROWTH
PFOCUS,188294103040.0,MID CAP,242.64999389648438,26.218092,4.684996,0.11848,246.44,0.1883,-0.022149999,0.313,0.156,Misc,Communication Services,Entertainment,2026-05-24,Entertainment,0,1,0,81.68,50.04,50.02,78.53,65.86,63.96,MODERATE GROWTH
JMA,1910197248.0,MICRO CAP,83.62999725341797,6.369383,0.743695,0.11848,29.565,0.05862,0.04933,0.195,0.311,Automobiles,Consumer Cyclical,Auto Parts,2026-05-24,Auto Components,0,1,0,69.73,75.78,50.02,30.09,72.755,63.94,MODERATE GROWTH
ASTERDM,391114162176.0,MID CAP,756.5999755859375,117.66718,8.52075,0.10067,45.921,0.13984,0.08359,0.182,0.715,Misc,Healthcare,Medical Care Facilities,2026-05-24,Medical Care Facilities,0,1,0,68.1,85.15,16.73,69.51,76.625,63.93,MODERATE GROWTH
BOROSCI,12352075776.0,SMALL CAP,138.8699951171875,76.723755,3.103795,0.08174,1.955,0.20249,0.07258,0.122,2.122,Misc,Consumer Cyclical,Packaging & Containers,2026-05-24,Packaging & Containers,0,1,0,58.52,93.46,13.32,80.29,75.99,63.89,MODERATE GROWTH
SOMATEX,3413725440.0,MICRO CAP,100.4800033569336,63.594936,2.0714536,0.11848,0.187,0.00928,0.15264,5.354871999999847,0.156,Misc,Consumer Cyclical,Textile Manufacturing,2026-05-24,Textile Manufacturing,0,1,0,99.51,50.04,50.02,14.66,74.775,63.81,MODERATE GROWTH
GHCLTEXTIL,8650513408.0,MICRO CAP,90.5,15.184564,0.5764882,0.047870003,8.933,0.07215,0.05337,0.282,0.94,Misc,Consumer Cyclical,Textile Manufacturing,2026-05-24,Textile Manufacturing,0,1,0,79.29,87.85,8.86,35.19,83.57,63.79,MODERATE GROWTH
TRITURBINE,224735854592.0,MID CAP,706.9500122070312,64.09338,17.281883,0.26217,2.476,0.1751,0.16033001,0.263,0.074,Misc,Industrials,Specialty Industrial Machinery,2026-05-24,Specialty Industrial Machinery,0,0,0,77.57,27.94,95.77,76.88,52.754999999999995,63.77,MODERATE GROWTH
SUNDRMFAST,179039879168.0,MID CAP,852.0499877929688,30.300497,4.4192777,0.14583999,14.532,0.116009995,0.094,0.106,0.297,Automobiles,Consumer Cyclical,Auto Parts,2026-05-24,Auto Components,0,1,0,40.4,75.02,85.11,62.74,57.709999999999994,63.69,MODERATE GROWTH
SREEL,4339249152.0,MICRO CAP,187.39999389648438,17.79677,0.8951174,0.11848,0.495,0.15831,0.100530006,0.142,0.208,Misc,Consumer Cyclical,Footwear & Accessories,2026-05-24,Footwear & Accessories,0,1,0,62.13,70.02,50.02,73.82,66.075,63.64,MODERATE GROWTH
GPTINFRA,14730320896.0,SMALL CAP,116.56999969482422,16.395218,2.6970062,0.17464,49.76,0.12229,0.07461,0.086,0.306,Industrials,Industrials,Engineering & Construction,2026-05-24,Engineering & EPC,0,0,0,36.54,75.55,89.77,64.58,56.045,63.64,MODERATE GROWTH
S&SPOWER,4457150464.0,MICRO CAP,361.1499938964844,55.22171,5.6649203,0.11848,45.956,0.05158,0.03155,1.011,0.156,Misc,Industrials,Electrical Equipment & Parts,2026-05-24,Electrical Equipment & Parts,0,1,0,95.34,50.04,50.02,27.39,72.69,63.63,MODERATE GROWTH
GLENMARK,637519855616.0,LARGE CAP,2259.10009765625,59.875435,6.652904,0.11848,12.776,0.18338,0.06451,0.151,0.158,Misc,Healthcare,Drug Manufacturers - Specialty & Generic,2026-05-24,Drug Manufacturers - Specialty & Generic,0,1,0,63.44,67.46,50.02,77.78,65.44999999999999,63.6,MODERATE GROWTH
NORTHARC,45317722112.0,SMALL CAP,280.5,11.30137,1.1917102,0.109960005,314.235,0.43493,0.29346,0.117,2.377,Financials,Financial Services,Credit Services,2026-05-24,NBFC – Lending,0,1,0,50.04,93.93,18.89,94.28,71.985,63.6,MODERATE GROWTH
SMLT,1059312832.0,MICRO CAP,77.37999725341797,27.935017,0.86104065,0.037720002,5.31,0.03849,0.023729999,0.303,1.224,Misc,Industrials,Metal Fabrication,2026-05-24,Metal Fabrication,0,1,0,80.96,89.73,7.66,22.69,85.345,63.54,MODERATE GROWTH
SMCGLOBAL,13100064768.0,SMALL CAP,62.560001373291016,12.845997,1.0430665,0.081750005,163.316,0.05549,0.062329996,0.189,4.611,Misc,Financial Services,Capital Markets,2026-05-24,Capital Markets,0,1,0,69.08,96.59,13.36,28.8,82.83500000000001,63.54,MODERATE GROWTH
MARICO,1068324618240.0,LARGE CAP,824.4500122070312,60.621323,25.187891,0.41393003,12.394,0.13831,0.12945,0.221,0.145,Consumer,Consumer Defensive,Household & Personal Products,2026-05-24,FMCG – Personal Care,0,1,0,73.04,32.09,98.94,69.2,52.565000000000005,63.5,MODERATE GROWTH
IBULLSLTD,42590556160.0,SMALL CAP,19.06999969482422,15.13492,1.3774921,0.24445999,14.753,0.40914002,0.31094,0.117,0.156,Misc,Real Estate,Real Estate - Development,2026-05-24,Real Estate - Development,0,1,1,50.04,50.04,95.18,93.53,50.04,63.42,MODERATE GROWTH
PATANJALI,504177852416.0,LARGE CAP,463.45001220703125,30.590761,4.162176,0.11848,23.903,0.03551,0.04236,0.152,0.597,Misc,Consumer Defensive,Packaged Foods,2026-05-24,Packaged Foods,0,1,0,63.54,82.8,50.02,22.02,73.17,63.42,MODERATE GROWTH
CHOICEIN,150763995136.0,MID CAP,676.75,60.26269,8.00556,0.16240999,49.768,0.30106002,0.20622998,0.218,0.153,Misc,Financial Services,Capital Markets,2026-05-24,Capital Markets,0,1,0,72.67,32.66,88.05,88.91,52.665,63.37,MODERATE GROWTH
RKSWAMY,4939702784.0,MICRO CAP,97.86000061035156,26.66485,1.8684131,0.08605,16.248,0.19493,0.06285,0.244,0.295,Misc,Communication Services,Advertising Agencies,2026-05-24,Advertising Agencies,0,1,0,75.59,74.9,13.83,79.35,75.245,63.37,MODERATE GROWTH
HINDCON,1138991360.0,MICRO CAP,22.25,22.25,1.5330026,0.05466,18.593,0.06053,0.048070002,0.379,0.548,Chemicals,Basic Materials,Specialty Chemicals,2026-05-24,Specialty Chemicals,0,1,0,84.74,81.96,9.52,30.68,83.35,63.32,MODERATE GROWTH
IOB,643747807232.0,LARGE CAP,33.43000030517578,11.896797,1.7403301,0.15654999,29.565,0.44187,0.37493,0.019,0.397,Financials,Financial Services,Banks - Regional,2026-05-24,Private Sector Banks,0,0,0,25.74,78.33,87.19,94.44,52.035,63.31,MODERATE GROWTH
SPLPETRO,130105810944.0,MID CAP,691.9000244140625,39.379627,5.858297,0.14316,5.61,0.14164,0.060900003,0.048,0.579,Chemicals,Basic Materials,Specialty Chemicals,2026-05-24,Specialty Chemicals,0,0,0,29.94,82.64,84.48,69.98,56.29,63.3,MODERATE GROWTH
DICIND,4754251264.0,MICRO CAP,517.9500122070312,24.99759,1.1091268,0.11848,0.954,0.02526,0.02053,0.146,0.638,Chemicals,Basic Materials,Specialty Chemicals,2026-05-24,Specialty Chemicals,0,1,0,62.91,83.7,50.02,18.65,73.305,63.18,MODERATE GROWTH
JAGSNPHARM,14093850624.0,SMALL CAP,209.9199981689453,33.215187,5.3280544,0.16695,2.956,0.13769001,0.14998999,0.096,0.238,Misc,Healthcare,Drug Manufacturers - Specialty & Generic,2026-05-24,Drug Manufacturers - Specialty & Generic,0,0,0,38.42,71.73,88.6,68.89,55.075,63.16,MODERATE GROWTH
BANKINDIA,637009264640.0,LARGE CAP,139.9199981689453,5.886411,0.70835525,0.12056,29.565,0.44996,0.31886,0.101,0.186,Financials,Financial Services,Banks - Regional,2026-05-24,Private Sector Banks,0,1,0,39.24,68.57,79.82,94.63,53.905,63.16,MODERATE GROWTH
ESAFSFB,14498245632.0,SMALL CAP,28.100000381469727,26.218092,0.82472414,0.11848,29.565,0.019919999,-0.28413,1.423,0.156,Financials,Financial Services,Banks - Regional,2026-05-24,Private Sector Banks,0,1,0,96.87,50.04,50.02,17.07,73.455,63.13,MODERATE GROWTH
FORTIS,725061795840.0,LARGE CAP,960.4000244140625,69.443245,7.6969934,0.11006,34.15,0.17354,0.11413,0.178,0.443,Misc,Healthcare,Medical Care Facilities,2026-05-24,Medical Care Facilities,0,1,0,67.42,79.86,18.93,76.63,73.64,63.0,MODERATE GROWTH
ADANIPORTS,4116944519168.0,MEGA CAP,1786.9000244140625,30.676395,4.282554,0.15592,64.051,0.41025,0.33060002,0.265,0.036,Misc,Industrials,Marine Shipping,2026-05-24,Marine Shipping,0,0,0,77.74,25.61,87.11,93.61,51.675,62.96,MODERATE GROWTH
POLYCAB,1394624692224.0,LARGE CAP,9263.5,52.356865,11.613577,0.24580999,2.558,0.12951,0.09251001,0.269,0.08,Misc,Industrials,Electrical Equipment & Parts,2026-05-24,Electrical Equipment & Parts,0,0,0,78.1,28.33,95.22,66.46,53.214999999999996,62.94,MODERATE GROWTH
CIEINDIA,171149328384.0,MID CAP,451.1499938964844,19.804653,2.2944925,0.11848,5.71,0.11777,0.05728,0.149,0.208,Automobiles,Consumer Cyclical,Auto Parts,2026-05-24,Auto Components,0,1,0,63.19,70.02,50.02,63.09,66.60499999999999,62.94,MODERATE GROWTH
SUDARSCHEM,79649734656.0,SMALL CAP,1013.0,26.218092,2.2445867,0.11848,64.493,-0.022349998,-0.0072399997,2.156,0.156,Chemicals,Basic Materials,Specialty Chemicals,2026-05-24,Specialty Chemicals,0,1,0,98.08,50.04,50.02,10.34,74.06,62.88,MODERATE GROWTH
MARKOLINES,3626612736.0,MICRO CAP,164.5399932861328,13.53125,2.1662254,0.11848,33.27,0.10647,0.074,0.161,0.194,Misc,Industrials,Infrastructure Operations,2026-05-24,Infrastructure Operations,0,1,0,64.77,69.26,50.02,59.52,67.015,62.87,MODERATE GROWTH
MAHESHWARI,1645308416.0,MICRO CAP,55.59000015258789,8.26003,0.79131675,0.11848,145.284,0.04843,0.01878,0.159,0.418,Misc,Industrials,Integrated Freight & Logistics,2026-05-24,Integrated Freight & Logistics,0,1,0,64.4,78.96,50.02,26.25,71.68,62.8,MODERATE GROWTH
GPTHEALTH,11486855168.0,SMALL CAP,139.99000549316406,28.338057,4.534089,0.16324,33.842,0.14099,0.088240005,0.262,0.137,Misc,Healthcare,Medical Care Facilities,2026-05-24,Medical Care Facilities,0,1,0,77.49,31.58,88.13,69.75,54.535,62.78,MODERATE GROWTH
MANAPPURAM,304438837248.0,MID CAP,324.1000061035156,27.700855,1.6903098,0.06968,360.191,0.45023,0.23985,1.093,0.156,Financials,Financial Services,Credit Services,2026-05-24,NBFC – Lending,0,1,0,95.65,50.04,11.4,94.67,72.845,62.74,MODERATE GROWTH
KFINTECH,141130072064.0,MID CAP,817.5999755859375,40.818768,8.437477,0.22312,3.314,0.29232,0.26409,0.277,-0.05,Technology,Technology,Software - Application,2026-05-24,SaaS,0,0,0,78.82,21.28,94.47,88.09,50.05,62.74,MODERATE GROWTH
RANEHOLDIN,19964661760.0,SMALL CAP,1398.300048828125,54.051025,1.7795148,0.09861,71.619,0.044109996,0.01664,0.171,4.625,Automobiles,Consumer Cyclical,Auto Parts,2026-05-24,Auto Components,0,1,0,66.32,96.63,16.22,24.57,81.475,62.73,MODERATE GROWTH
CENTURYPLY,170328932352.0,MID CAP,766.6500244140625,64.91533,6.9060726,0.107130006,67.105,0.088599995,0.04858,0.249,0.487,Misc,Basic Materials,Lumber & Wood Production,2026-05-24,Lumber & Wood Production,0,1,0,76.08,80.84,18.22,41.46,78.46000000000001,62.71,MODERATE GROWTH
AQYLON,15091893248.0,SMALL CAP,59.47999954223633,258.6087,-262.02643,0.11848,29.565,-0.025120001,0.43607,1.802,0.156,Media,Communication Services,Broadcasting,2026-05-24,Broadcasting,0,1,0,97.61,50.04,50.02,10.19,73.825,62.7,MODERATE GROWTH
RHETAN,23173126144.0,SMALL CAP,29.079999923706055,223.69232,21.398087,0.101660006,38.419,0.43081,0.31246,0.65,0.156,Misc,Basic Materials,Steel,2026-05-24,Steel,0,1,0,92.12,50.04,17.12,94.16,71.08,62.6,MODERATE GROWTH
KOHINOOR,905657472.0,MICRO CAP,24.43000030517578,3.258048784,-0.53982985,0.11848,29.565,-0.04938,0.9940124999999989,1.837,0.156,Misc,Consumer Defensive,Packaged Foods,2026-05-24,Packaged Foods,0,1,0,97.67,50.04,50.02,8.89,73.855,62.59,MODERATE GROWTH
ELLEN,39821352960.0,SMALL CAP,282.54998779296875,26.218092,4.0846267,0.14199,18.873,0.34927,0.26658002,0.087,0.165,Misc,Basic Materials,Chemicals,2026-05-24,Chemicals,0,0,0,36.72,67.75,84.33,91.34,52.235,62.56,MODERATE GROWTH
NRBBEARING,36239360000.0,SMALL CAP,373.8999938964844,25.383572,3.766799,0.15174,15.653,0.13627,0.106920004,0.13,0.156,Automobiles,Consumer Cyclical,Auto Parts,2026-05-24,Auto Components,0,1,0,59.8,50.04,86.4,68.3,54.92,62.55,MODERATE GROWTH
EMAMIPAP,4830849024.0,MICRO CAP,79.8499984741211,16.705019,1.0878302,0.11848,101.476,0.0917,0.01792,0.102,10.498,Misc,Basic Materials,Paper & Paper Products,2026-05-24,Paper & Paper Products,0,1,0,39.5,98.39,50.02,42.52,68.945,62.52,MODERATE GROWTH
LFIC,414750016.0,MICRO CAP,138.25,34.1358,0.68595105,0.11848,29.565,0.78699,0.21709,0.208,0.156,Financials,Financial Services,Asset Management,2026-05-24,Asset Management Companies,0,1,0,71.69,50.04,50.02,98.12,60.864999999999995,62.42,MODERATE GROWTH
POWERMECH,80453976064.0,SMALL CAP,2544.699951171875,22.12398,3.5212035,0.11848,25.632,0.101610005,0.05835,0.144,0.216,Industrials,Industrials,Engineering & Construction,2026-05-24,Engineering & EPC,0,1,0,62.52,70.57,50.02,58.23,66.545,62.41,MODERATE GROWTH
TIMETECHNO,86070263808.0,SMALL CAP,174.36000061035156,17.883078,2.6002147,0.11848,21.955,0.12113,0.07563,0.128,0.239,Misc,Consumer Cyclical,Packaging & Containers,2026-05-24,Packaging & Containers,0,1,0,59.6,71.81,50.02,64.07,65.705,62.4,MODERATE GROWTH
TARC,38542528512.0,SMALL CAP,130.61000061035156,26.218092,3.590653,0.11848,181.338,-0.43462002,-0.65393996,3.106,0.156,Misc,Real Estate,Real Estate - Development,2026-05-24,Real Estate - Development,0,1,0,98.47,50.04,50.02,3.88,74.255,62.37,MODERATE GROWTH
TIPSFILMS,1634050944.0,MICRO CAP,378.0,26.218092,4.5456185,0.11848,453.425,-0.70579004,-0.20844999,3.616,0.156,Misc,Communication Services,Entertainment,2026-05-24,Entertainment,0,1,0,98.59,50.04,50.02,2.63,74.315,62.29,MODERATE GROWTH
RAMCOIND,24311296000.0,SMALL CAP,279.95001220703125,9.531836,0.55681527,0.11848,4.035,0.09652001,0.14926,0.131,0.26,Misc,Industrials,Building Products & Equipment,2026-05-24,Building Products & Equipment,0,1,0,60.05,73.1,50.02,56.43,66.57499999999999,62.25,MODERATE GROWTH
GLOBE,1081005184.0,MICRO CAP,2.4000000953674316,15.000001,0.71216625,0.06266,114.163,0.04911,0.01413,0.409,0.388,Misc,Consumer Cyclical,Textile Manufacturing,2026-05-24,Textile Manufacturing,0,1,0,86.29,78.06,10.34,26.53,82.17500000000001,62.24,MODERATE GROWTH
SHRENIK,232560000.0,MICRO CAP,0.3799999952316284,26.218092,-0.13212796,0.11848,29.565,-0.09415,0.00455,1.454,0.156,Misc,Basic Materials,Paper & Paper Products,2026-05-24,Paper & Paper Products,0,1,0,96.94,50.04,50.02,7.41,73.49,62.19,MODERATE GROWTH
SJVN,287228723200.0,MID CAP,73.08999633789062,44.84049,1.9780248,0.04514,226.528,0.27751,0.14179,1.967,0.156,Energy,Utilities,Utilities - Renewable,2026-05-24,Power Generation – Renewable,0,1,0,97.92,50.04,8.42,87.07,73.98,62.18,MODERATE GROWTH
BALKRISHNA,602505280.0,MICRO CAP,18.700000762939453,26.218092,-0.3451713,0.11848,29.565,-0.16916001,0.58131003,1.618,0.156,Misc,Consumer Cyclical,Packaging & Containers,2026-05-24,Packaging & Containers,0,1,0,97.34,50.04,50.02,5.8,73.69,62.17,MODERATE GROWTH
EUROTEXIND,192569008.0,MICRO CAP,16.3799991607666,7.990244,-0.52207166,0.11848,29.565,-4.298535952029998,0.9940124999999989,4.563,0.156,Misc,Real Estate,Real Estate - Development,2026-05-24,Real Estate - Development,0,1,0,98.82,50.04,50.02,0.53,74.42999999999999,62.16,MODERATE GROWTH
HINDCOMPOS,5892092928.0,MICRO CAP,398.95001220703125,18.943497,0.514579,0.0279,0.147,0.12944001,0.082959995,0.176,0.928,Automobiles,Consumer Cyclical,Auto Parts,2026-05-24,Auto Components,0,1,0,66.95,87.66,6.82,66.42,77.305,62.12,MODERATE GROWTH
REGENCERAM,1077758976.0,MICRO CAP,40.7599983215332,510.0120439999895,-1.6250049,0.11848,29.565,-0.45193002,0.00327,1.909,0.156,Misc,Industrials,Building Products & Equipment,2026-05-24,Building Products & Equipment,0,1,0,97.81,50.04,50.02,3.68,73.925,62.12,MODERATE GROWTH
IOLCP,34850525184.0,SMALL CAP,118.7300033569336,30.058228,1.9919804,0.07896,7.529,0.11914,0.05881,0.177,0.697,Misc,Healthcare,Drug Manufacturers - Specialty & Generic,2026-05-24,Drug Manufacturers - Specialty & Generic,0,1,0,67.14,84.86,12.74,63.56,76.0,62.1,MODERATE GROWTH
ONELIFECAP,937736000.0,MICRO CAP,25.100000381469727,26.218092,1.2388943,0.11848,128.135,-0.49084,-0.13473,1.919,0.156,Misc,Financial Services,Capital Markets,2026-05-24,Capital Markets,0,1,0,97.84,50.04,50.02,3.33,73.94,62.1,MODERATE GROWTH
MAHASTEEL,13860772864.0,SMALL CAP,843.4000244140625,126.63664,9.97304,0.11848,40.365,0.01632,0.0127799995,0.122,0.758,Misc,Basic Materials,Steel,2026-05-24,Steel,0,1,0,58.52,85.74,50.02,15.89,72.13,62.08,MODERATE GROWTH
20MICRONS,6245711360.0,MICRO CAP,177.0,9.688013,1.3751953,0.11848,32.043,0.10897,0.07001,0.157,0.158,Misc,Basic Materials,Other Industrial Metals & Mining,2026-05-24,Other Industrial Metals & Mining,0,1,0,64.05,67.46,50.02,60.46,65.755,62.08,MODERATE GROWTH
HGM,782273728.0,MICRO CAP,62.11000061035156,182.67647,3.3269055,0.11848,100.637,-0.17940001,0.00806,1.458,0.156,Technology,Technology,Information Technology Services,2026-05-24,IT Services,0,1,0,96.98,50.04,50.02,5.64,73.51,62.02,MODERATE GROWTH
NURECA,2721588480.0,MICRO CAP,272.20001220703125,24.700544,1.5818317,0.11848,2.713,0.06937,0.074260004,0.498,0.156,Healthcare,Healthcare,Medical Devices,2026-05-24,Medical Devices,0,1,0,88.87,50.04,50.02,34.01,69.455,62.02,MODERATE GROWTH
EICHERMOT,1916404498432.0,LARGE CAP,6981.5,34.721737,8.669914,0.23774,2.048,0.21086,0.23562,0.191,0.115,Automobiles,Consumer Cyclical,Auto Manufacturers,2026-05-24,Passenger Vehicles,0,1,0,69.3,30.35,94.87,81.62,49.825,62.01,MODERATE GROWTH
RITES,98019139584.0,SMALL CAP,203.9499969482422,23.8538,3.727565,0.16396,0.236,0.22849001,0.16251,0.299,-0.022,Industrials,Industrials,Engineering & Construction,2026-05-24,Engineering & EPC,1,0,0,80.49,22.43,88.24,83.35,51.459999999999994,62.0,MODERATE GROWTH
ATUL,207108030464.0,MID CAP,7034.5,30.580793,3.3285794,0.11529,2.907,0.120620005,0.108059995,0.15,0.661,Chemicals,Basic Materials,Specialty Chemicals,2026-05-24,Specialty Chemicals,0,1,0,63.34,84.19,19.83,63.91,73.765,61.99,MODERATE GROWTH
IDEAFORGE,33666639872.0,SMALL CAP,775.9500122070312,26.218092,5.663993,-0.028199999,13.974,0.35402,-0.07531,5.354871999999847,0.156,Misc,Technology,Computer Hardware,2026-05-24,Computer Hardware,0,1,0,99.51,50.04,2.35,91.54,74.775,61.97,MODERATE GROWTH
SHYAMMETL,263759757312.0,MID CAP,947.7999877929688,24.935545,2.406836,0.08971,8.133,0.09129,0.057690002,0.266,0.414,Misc,Basic Materials,Steel,2026-05-24,Steel,0,1,0,77.84,78.82,14.38,42.32,78.33,61.94,MODERATE GROWTH
MEP,176108208.0,MICRO CAP,0.9599999785423279,26.218092,-0.01313539,0.11848,29.565,-4.298535952029998,0.0,2.245,0.156,Misc,Industrials,Infrastructure Operations,2026-05-24,Infrastructure Operations,0,1,0,98.16,50.04,50.02,0.53,74.1,61.93,MODERATE GROWTH
KIRLFER,71854661632.0,SMALL CAP,435.54998779296875,20.117783,1.9343765,0.100109994,12.218,0.04536,0.051939998,0.299,0.44,Misc,Industrials,Metal Fabrication,2026-05-24,Metal Fabrication,0,1,0,80.49,79.76,16.65,24.88,80.125,61.91,MODERATE GROWTH
ENDURANCE,382856134656.0,MID CAP,2721.800048828125,40.162315,6.116968,0.15156999,19.393,0.087110005,0.0652,0.379,0.127,Automobiles,Consumer Cyclical,Auto Parts,2026-05-24,Auto Components,0,1,0,84.74,31.07,86.32,41.03,57.905,61.9,MODERATE GROWTH
TATASTEEL,2608985800704.0,MEGA CAP,209.19000244140625,28.5,2.7445192,0.11156999,89.016,0.103690006,0.0465,0.125,1.254,Misc,Basic Materials,Steel,2026-05-24,Steel,0,1,0,59.13,89.97,19.16,58.62,74.55,61.88,MODERATE GROWTH
SUPERSPIN,284052448.0,MICRO CAP,5.070000171661377,26.218092,0.47114584,0.11848,37.26,0.5282,-0.9244204,-0.002,9.0,Misc,Consumer Cyclical,Textile Manufacturing,2026-05-24,Textile Manufacturing,0,0,0,22.79,98.04,50.02,95.69,60.415000000000006,61.86,MODERATE GROWTH
HINDUNILVR,5177559482368.0,MEGA CAP,2203.60009765625,48.784595,10.626468,0.21603,3.016,0.21363,0.23329,0.043,0.214,Consumer,Consumer Defensive,Household & Personal Products,2026-05-24,FMCG – Personal Care,0,0,1,29.25,70.42,93.85,82.05,49.835,61.86,MODERATE GROWTH
BLUEDART,115116072960.0,MID CAP,4851.5,46.510403,7.0559883,0.11848,29.565,0.13491,0.04208,0.08,1.891,Misc,Industrials,Integrated Freight & Logistics,2026-05-24,Integrated Freight & Logistics,0,0,0,35.7,93.03,50.02,67.87,64.36500000000001,61.85,MODERATE GROWTH
SVLL,6460034048.0,MICRO CAP,562.0499877929688,147.13351,14.874164,0.11848,570.803,0.058130004,0.01422,0.514,0.156,Misc,Industrials,Trucking,2026-05-24,Trucking,0,1,0,89.5,50.04,50.02,29.9,69.77,61.83,MODERATE GROWTH
IIFL,196752965632.0,MID CAP,462.70001220703125,11.946812,1.4135194,0.12286,446.24,0.39839,0.21020001,-0.141,1.831,Financials,Financial Services,Credit Services,2026-05-24,NBFC – Lending,0,0,0,11.38,92.87,80.25,92.91,52.125,61.83,MODERATE GROWTH
SWANDEF,101318311936.0,MID CAP,1923.199951171875,26.218092,41.35914,0.11848,606.3078499999995,-4.298535952029998,-0.9244204,1.893,0.156,Misc,Industrials,Aerospace & Defense,2026-05-24,Aerospace & Defense,0,1,0,97.77,50.04,50.02,0.53,73.905,61.79,MODERATE GROWTH
PATINTLOG,819720064.0,MICRO CAP,11.779999732971191,9.655737,0.6863602,0.11848,5.065,0.03853,0.018660001,0.125,0.561,Misc,Industrials,Integrated Freight & Logistics,2026-05-24,Integrated Freight & Logistics,0,1,0,59.13,82.19,50.02,22.73,70.66,61.74,MODERATE GROWTH
FCSSOFT,2581425152.0,MICRO CAP,1.5099999904632568,26.218092,0.5992063,0.11848,29.565,0.03505,-0.068969995,0.606,0.156,Technology,Technology,Information Technology Services,2026-05-24,IT Services,0,1,0,91.5,50.04,50.02,21.87,70.77,61.73,MODERATE GROWTH
BRIGHOTEL,23086829568.0,SMALL CAP,60.779998779296875,36.178574,2.4310055,0.11928,31.381,0.25156,0.11135,0.017,0.5,Misc,Consumer Cyclical,Lodging,2026-05-24,Lodging,0,0,0,25.31,81.21,79.58,85.19,53.26,61.72,MODERATE GROWTH
ADANIENT,3725266780160.0,MEGA CAP,2717.300048828125,36.899784,4.333867,0.13664,119.56,0.05017,0.09295999,0.203,0.156,Metals,Energy,Thermal Coal,2026-05-24,Coal,0,1,0,71.04,50.04,83.19,26.92,60.540000000000006,61.71,MODERATE GROWTH
APOLLOTYRE,235193729024.0,MID CAP,371.79998779296875,17.181147,1.4077147,0.08719,21.987,0.09162,0.0482,0.142,2.426,Automobiles,Consumer Cyclical,Auto Parts,2026-05-24,Auto Components,0,1,0,62.13,94.0,14.03,42.48,78.065,61.7,MODERATE GROWTH
BERGEPAINT,584342306816.0,LARGE CAP,501.1499938964844,51.825233,8.452094,0.17226,9.165,0.13271,0.09401,0.061,0.277,Chemicals,Basic Materials,Specialty Chemicals,2026-05-24,Specialty Chemicals,0,0,0,32.19,73.8,89.38,67.16,52.995,61.69,MODERATE GROWTH
GTECJAINX,186460480.0,MICRO CAP,18.299999237060547,26.218092,11.359404,0.11848,62.029,-0.14332,-0.11575,1.037,0.156,Misc,Consumer Defensive,Education & Training Services,2026-05-24,Education & Training Services,0,1,0,95.38,50.04,50.02,6.5,72.71,61.55,MODERATE GROWTH
TORNTPHARM,1518333984768.0,LARGE CAP,4486.2001953125,70.427,17.98314,0.16985,85.442,0.20205,0.15472001,0.418,-0.218,Misc,Healthcare,Drug Manufacturers - Specialty & Generic,2026-05-24,Drug Manufacturers - Specialty & Generic,0,0,0,86.5,15.4,89.07,80.21,50.95,61.5,MODERATE GROWTH
ARVINDFASN,60278403072.0,SMALL CAP,451.0,48.756756,6.3774424,0.15903,115.111,0.08845,0.0231,0.154,0.156,Misc,Consumer Cyclical,Apparel Manufacturing,2026-05-24,Apparel Manufacturing,0,1,0,63.77,50.04,87.62,41.34,56.905,61.49,MODERATE GROWTH
ZOTA,36174725120.0,SMALL CAP,1192.5999755859375,26.218092,11.574482,0.11848,56.9,-0.15877,-0.15369001,0.982,0.156,Healthcare,Healthcare,Biotechnology,2026-05-24,Biotechnology,0,1,0,95.2,50.04,50.02,6.03,72.62,61.44,MODERATE GROWTH
VGL,3475094272.0,MICRO CAP,67.44000244140625,7.0103955,3.3942325,0.11848,27.428,-0.22149,0.75439,1.043,0.156,Misc,Consumer Cyclical,Textile Manufacturing,2026-05-24,Textile Manufacturing,0,1,0,95.43,50.04,50.02,5.25,72.735,61.44,MODERATE GROWTH
BSOFT,91727396864.0,SMALL CAP,328.20001220703125,17.730957,2.2389739,0.13656999,3.422,0.17045,0.09762,0.024,0.437,Technology,Technology,Information Technology Services,2026-05-24,IT Services,0,0,0,26.61,79.64,83.15,75.94,53.125,61.41,MODERATE GROWTH
EFCIL,26619789312.0,SMALL CAP,190.92999267578125,12.137953,3.0543911,0.11848,160.926,0.31857002,0.18511,0.521,0.134,Misc,Real Estate,Real Estate Services,2026-05-24,Real Estate Services,0,1,0,89.77,31.37,50.02,89.85,60.57,61.39,MODERATE GROWTH
STEELCITY,1181223808.0,MICRO CAP,78.19000244140625,8.170324,0.8847325,0.106800005,7.159,0.26748,0.21699,0.19,0.226,Misc,Financial Services,Capital Markets,2026-05-24,Capital Markets,0,1,0,69.2,71.08,18.14,86.44,70.14,61.37,MODERATE GROWTH
GODREJAGRO,111376424960.0,MID CAP,579.0,23.584522,5.481605,0.18681,72.751,0.03481,0.04634,0.083,0.482,Misc,Consumer Defensive,Packaged Foods,2026-05-24,Packaged Foods,0,0,0,36.25,80.76,91.07,21.75,58.505,61.34,MODERATE GROWTH
GENUSPAPER,3316924416.0,MICRO CAP,12.899999618530273,34.864864,0.6585328,0.11848,84.844,0.053979997,0.00976,0.115,4.5,Misc,Basic Materials,Paper & Paper Products,2026-05-24,Paper & Paper Products,0,1,0,41.97,96.51,50.02,28.25,69.24000000000001,61.3,MODERATE GROWTH
LAURUSLABS,725472116736.0,LARGE CAP,1343.5,86.23235,13.6864195,0.17743,46.369,0.21529,0.13046,0.053,0.194,Misc,Healthcare,Drug Manufacturers - Specialty & Generic,2026-05-24,Drug Manufacturers - Specialty & Generic,0,0,0,30.84,69.26,90.03,82.17,50.050000000000004,61.26,MODERATE GROWTH
HITECHCORP,2883284736.0,MICRO CAP,167.8699951171875,39.4061,1.0353653,0.0547,48.253,0.0844,0.023559999,0.131,7.763,Misc,Consumer Cyclical,Packaging & Containers,2026-05-24,Packaging & Containers,0,1,0,60.05,97.88,9.6,40.09,78.965,61.2,MODERATE GROWTH
ASHOKAMET,398436224.0,MICRO CAP,15.9399995803833,3.258048784,0.3627509,0.08558,43.157,0.36486998,0.28937,0.567,0.156,Misc,Basic Materials,Steel,2026-05-24,Steel,0,1,0,90.56,50.04,13.79,92.12,70.3,61.18,MODERATE GROWTH
EIDPARRY,138595500032.0,MID CAP,778.9500122070312,11.667914,1.6019537,0.11848,18.388,0.06122,0.03174,0.183,0.191,Chemicals,Basic Materials,Agricultural Inputs,2026-05-24,Agrochemicals,0,1,0,68.26,69.02,50.02,31.01,68.64,61.15,MODERATE GROWTH
BALMLAWRIE,30926045184.0,SMALL CAP,180.85000610351562,11.170476,1.4925189,0.13276,10.544,0.13763,0.1001,0.255,0.128,Misc,Industrials,Conglomerates,2026-05-24,Conglomerates,0,1,0,76.72,31.11,82.45,68.85,53.915,61.12,MODERATE GROWTH
SINTERCOM,2177726208.0,MICRO CAP,79.11000061035156,232.67647,2.184635,0.0139999995,51.503,0.08486,0.01422,0.141,9.817,Automobiles,Consumer Cyclical,Auto Parts,2026-05-24,Auto Components,0,1,0,61.89,98.24,5.17,40.28,80.065,61.11,MODERATE GROWTH
COALINDIA,2813593649152.0,MEGA CAP,456.54998779296875,9.049554,2.362117,0.28124002,11.629,0.20922,0.18465,0.162,0.129,Metals,Energy,Thermal Coal,2026-05-24,Coal,0,1,1,65.07,31.17,96.51,81.27,48.12,61.11,MODERATE GROWTH
ANANTRAJ,181359984640.0,MID CAP,503.95001220703125,31.855247,3.0532618,0.11132,11.696,0.23276,0.22091,0.196,0.205,Misc,Real Estate,Real Estate - Development,2026-05-24,Real Estate - Development,0,1,0,69.95,69.75,19.12,83.86,69.85,61.1,MODERATE GROWTH
KSHITIJPOL,353331904.0,MICRO CAP,3.9700000286102295,15.88,1.3242162,0.07117,29.786,0.19212,0.07934,0.973,0.156,Misc,Industrials,Business Equipment & Supplies,2026-05-24,Business Equipment & Supplies,0,1,0,95.14,50.04,11.64,79.0,72.59,61.04,MODERATE GROWTH
AHLWEST,7970010112.0,MICRO CAP,684.0499877929688,14.991233,-17.643341,0.11848,29.565,0.35356,0.12409,0.007,3.242,Misc,Consumer Cyclical,Lodging,2026-05-24,Lodging,0,0,0,23.84,95.73,50.02,91.5,59.785000000000004,61.0,MODERATE GROWTH
PURVA,53500968960.0,SMALL CAP,225.60000610351562,84.17911,3.3092282,0.03232,315.044,0.19357,0.01656,1.692,0.156,Misc,Real Estate,Real Estate - Development,2026-05-24,Real Estate - Development,0,1,0,97.49,50.04,7.09,79.19,73.765,60.97,MODERATE GROWTH
SADBHIN,936919104.0,MICRO CAP,2.6600000858306885,26.218092,-0.17746347,0.11848,29.565,0.56031,-0.2235,0.182,0.156,Industrials,Industrials,Engineering & Construction,2026-05-24,Engineering & EPC,0,1,0,68.1,50.04,50.02,96.12,59.06999999999999,60.96,MODERATE GROWTH
HALEOSLABS,5015028736.0,MICRO CAP,1658.800048828125,25.251942,2.428985,0.11848,31.368,0.10697,0.05708,0.12,0.211,Healthcare,Healthcare,Biotechnology,2026-05-24,Biotechnology,0,1,0,58.25,70.2,50.02,59.76,64.225,60.94,MODERATE GROWTH
BMWVENTLTD,5272271872.0,MICRO CAP,60.79999923706055,14.510739,1.2281339,0.11848,107.33,0.03568,0.017029999,0.161,0.288,Misc,Basic Materials,Steel,2026-05-24,Steel,0,1,0,64.77,74.43,50.02,22.06,69.6,60.93,MODERATE GROWTH
GALAPREC,11043006464.0,SMALL CAP,862.9000244140625,31.947428,4.0238943,0.12921,13.04,0.14731,0.11289,0.256,0.11,Misc,Industrials,Specialty Industrial Machinery,2026-05-24,Specialty Industrial Machinery,0,1,0,76.9,30.09,81.54,71.32,53.495000000000005,60.89,MODERATE GROWTH
BPCL,1262976106496.0,LARGE CAP,295.6000061035156,4.887566,1.2612375,0.28469,54.332,0.08165,0.05677,0.067,0.28,Misc,Energy,Oil & Gas Refining & Marketing,2026-05-24,Oil & Gas Refining & Marketing,0,0,0,33.35,74.1,96.67,39.11,53.724999999999994,60.85,MODERATE GROWTH
HFCL,226800386048.0,MID CAP,148.2100067138672,411.69446,4.4704857,0.07266,38.321,0.14757,0.062989995,1.278,0.156,Misc,Technology,Communication Equipment,2026-05-24,Communication Equipment,0,1,0,96.43,50.04,11.91,71.39,73.235,60.79,MODERATE GROWTH
UNITECH,13421624320.0,SMALL CAP,5.130000114440918,26.218092,-0.16745007,0.11848,29.565,-1.7002499,0.0,0.912,0.156,Misc,Real Estate,Real Estate - Diversified,2026-05-24,Real Estate - Diversified,0,1,0,94.59,50.04,50.02,1.68,72.315,60.79,MODERATE GROWTH
SBICARD,590185693184.0,LARGE CAP,620.2000122070312,27.249561,3.7547376,0.14686,280.206,0.26117,0.1826,0.186,0.139,Financials,Financial Services,Credit Services,2026-05-24,NBFC – Lending,0,1,0,68.71,31.7,85.27,85.97,50.205,60.79,MODERATE GROWTH
J&KBANK,154198573056.0,MID CAP,140.02999877929688,6.5373483,1.0852683,0.15367,29.565,0.23302999,0.34678,0.117,0.156,Financials,Financial Services,Banks - Regional,2026-05-24,Private Sector Banks,0,1,0,50.04,50.04,86.68,83.93,50.04,60.76,MODERATE GROWTH
GAUDIUMIVF,8375586304.0,MICRO CAP,115.06999969482422,34.555557,15.25925,0.11848,29.565,0.24716,0.22465,0.699,0.073,Misc,Healthcare,Medical Care Facilities,2026-05-24,Medical Care Facilities,0,0,0,92.91,27.86,50.02,84.91,60.385,60.76,MODERATE GROWTH
FACT,568938070016.0,LARGE CAP,879.25,510.0120439999895,41.372574,0.11848,278.992,-0.03282,0.07694,0.651,0.156,Chemicals,Basic Materials,Agricultural Inputs,2026-05-24,Agrochemicals,0,1,0,92.16,50.04,50.02,9.52,71.1,60.73,MODERATE GROWTH
KOVAI,59017089024.0,SMALL CAP,5393.5,24.154688,4.4731793,0.20326,30.528,0.21335,0.15147,0.181,0.091,Misc,Healthcare,Medical Care Facilities,2026-05-24,Medical Care Facilities,0,0,0,67.91,29.0,92.75,81.97,48.455,60.67,MODERATE GROWTH
SOTL,29210165248.0,SMALL CAP,426.04998779296875,16.077358,1.6885973,0.10462,0.098,0.04681,0.04168,0.217,0.622,Chemicals,Basic Materials,Specialty Chemicals,2026-05-24,Specialty Chemicals,0,1,0,72.49,83.35,17.67,25.74,77.91999999999999,60.65,MODERATE GROWTH
WINSOME,164279008.0,MICRO CAP,2.25,26.218092,-0.03638775,0.11848,29.565,-4.298535952029998,0.0,0.878,0.156,Misc,Consumer Cyclical,Textile Manufacturing,2026-05-24,Textile Manufacturing,0,1,0,94.49,50.04,50.02,0.53,72.265,60.64,MODERATE GROWTH
AGI,37547122688.0,SMALL CAP,580.3499755859375,10.672121,1.5600176,0.15612,10.126,0.21176,0.13194,0.053,0.194,Misc,Consumer Cyclical,Packaging & Containers,2026-05-24,Packaging & Containers,0,0,0,30.84,69.26,87.15,81.74,50.050000000000004,60.64,MODERATE GROWTH
INDUSINDBK,709103452160.0,LARGE CAP,910.1500244140625,79.978035,1.0781316,0.01362,29.565,0.17665,0.05158,2.727,0.156,Financials,Financial Services,Banks - Regional,2026-05-24,Private Sector Banks,0,1,0,98.32,50.04,5.05,77.08,74.17999999999999,60.64,MODERATE GROWTH
IEX,113003388928.0,MID CAP,127.06999969482422,22.936823,8.334099,0.39419997,0.818,0.84190005,0.65990996,0.125,0.098,Misc,Financial Services,Capital Markets,2026-05-24,Capital Markets,1,0,0,59.13,29.41,98.86,98.63,44.27,60.62,MODERATE GROWTH
APARINDS,513431404544.0,LARGE CAP,12782.0,52.910007,10.580959,0.11848,14.499,0.073699996,0.04526,0.162,0.192,Misc,Industrials,Electrical Equipment & Parts,2026-05-24,Electrical Equipment & Parts,0,1,0,65.07,69.14,50.02,35.82,67.10499999999999,60.56,MODERATE GROWTH
BIL,9611241472.0,MICRO CAP,716.7000122070312,24.998257,1.9357715,0.11848,104.25,0.062459998,0.028859999,0.392,0.156,Misc,Consumer Cyclical,Footwear & Accessories,2026-05-24,Footwear & Accessories,0,1,0,85.34,50.04,50.02,31.35,67.69,60.52,MODERATE GROWTH
SUPREMEENG,244951008.0,MICRO CAP,0.9800000190734863,26.218092,-0.27551308,0.11848,29.565,0.042329997,-0.37842,0.449,0.156,Misc,Basic Materials,Steel,2026-05-24,Steel,0,1,0,87.46,50.04,50.02,23.86,68.75,60.52,MODERATE GROWTH
KISSHT,39044255744.0,SMALL CAP,231.74000549316406,24.342436,1.0048522,0.17743,29.565,0.16295,0.12166,0.117,0.156,Financials,Financial Services,Credit Services,2026-05-24,NBFC – Lending,0,1,0,50.04,50.04,90.03,74.8,50.04,60.51,MODERATE GROWTH
CENTEXT,1610399872.0,MICRO CAP,20.1299991607666,15.135337,1.8047336,0.11848,63.677,0.05688,0.023440002,0.183,0.161,Misc,Basic Materials,Aluminum,2026-05-24,Aluminum,0,1,0,68.26,67.63,50.02,29.47,67.945,60.51,MODERATE GROWTH
SOUTHWEST,7580104192.0,MICRO CAP,254.11000061035156,23.463528,4.1793723,0.17653999,39.376,0.2209,0.13590999,0.036,0.202,Misc,Energy,Oil & Gas Equipment & Services,2026-05-24,Oil & Gas Equipment & Services,0,0,0,28.19,69.63,89.89,82.84,48.91,60.5,MODERATE GROWTH
MANGLMCEM,23180222464.0,SMALL CAP,843.0,17.985918,2.3722823,0.14099,90.914,0.06915,0.07333,-0.025,2.857,Misc,Basic Materials,Building Materials,2026-05-24,Building Materials,0,0,0,20.24,94.89,84.05,33.97,57.565,60.5,MODERATE GROWTH
EASTSILK,283900000.0,MICRO CAP,56.779998779296875,510.0120439999895,0.45248795,0.11848,102.786,-0.051459998,0.13909,0.615,0.156,Misc,Consumer Cyclical,Textile Manufacturing,2026-05-24,Textile Manufacturing,0,1,0,91.61,50.04,50.02,8.78,70.825,60.46,MODERATE GROWTH
MASTEK,50692476928.0,SMALL CAP,1635.199951171875,12.626052,1.6396549,0.14814,14.648,0.14102,0.109230004,0.036,0.308,Technology,Technology,Information Technology Services,2026-05-24,IT Services,0,0,0,28.19,75.63,85.46,69.79,51.91,60.41,MODERATE GROWTH
DEEPINDS,30009600000.0,SMALL CAP,468.8999938964844,16.669037,1.5034966,0.09786,9.61,0.26648,0.20201999,0.487,0.156,Misc,Energy,Oil & Gas E&P,2026-05-24,Oil & Gas E&P,0,1,0,88.64,50.04,16.03,86.32,69.34,60.38,MODERATE GROWTH
SURYODAY,16942597120.0,SMALL CAP,159.39999389648438,11.162465,0.81482005,0.07588,29.565,0.17959999,0.1193,0.73,0.156,Financials,Financial Services,Banks - Regional,2026-05-24,Private Sector Banks,0,1,0,93.18,50.04,12.46,77.47,71.61,60.37,MODERATE GROWTH
VISAKAIND,6246200320.0,MICRO CAP,72.29000091552734,10.4314575,0.79565465,0.10865,36.591,0.07123,0.05088,0.127,1.742,Misc,Industrials,Building Products & Equipment,2026-05-24,Building Products & Equipment,0,1,0,59.46,92.48,18.53,34.68,75.97,60.35,MODERATE GROWTH
UNITDSPR,932601069568.0,LARGE CAP,1282.0999755859375,53.19917,10.835135,0.20034,4.611,0.16929,0.14743,0.008,0.28,Misc,Consumer Defensive,Beverages - Wineries & Distilleries,2026-05-24,Beverages - Wineries & Distilleries,0,0,1,24.0,74.1,92.28,75.63,49.05,60.35,MODERATE GROWTH
MBLINFRA,3868452608.0,MICRO CAP,25.049999237060547,26.218092,0.3649688,0.11848,98.238,-0.29961002,-0.29639998,0.665,0.156,Industrials,Industrials,Engineering & Construction,2026-05-24,Engineering & EPC,0,1,0,92.48,50.04,50.02,4.66,71.26,60.35,MODERATE GROWTH
LYPSAGEMS,145061280.0,MICRO CAP,4.920000076293945,26.218092,0.9713722,0.11848,29.565,0.21651,-0.67039,-0.018,17.040096699999964,Misc,Consumer Cyclical,Luxury Goods,2026-05-24,Luxury Goods,0,0,0,20.79,99.51,50.02,82.25,60.150000000000006,60.33,MODERATE GROWTH
MSUMI,263011713024.0,MID CAP,39.65999984741211,42.19149,12.278638,0.32393003,10.786,0.065120004,0.0547,0.331,0.015,Automobiles,Consumer Cyclical,Auto Parts,2026-05-24,Auto Components,0,0,0,82.52,24.49,97.92,32.52,53.504999999999995,60.29,MODERATE GROWTH
RAJRILTD,11160440832.0,SMALL CAP,19.81999969482422,47.190475,8.4628525,0.24372,142.191,0.03828,0.02881,0.432,0.008,Misc,Consumer Cyclical,Textile Manufacturing,2026-05-24,Textile Manufacturing,0,0,0,87.05,24.28,95.14,22.65,55.665,60.26,MODERATE GROWTH
CHOLAHLDNG,300143476736.0,MID CAP,1598.4000244140625,12.300116,1.9423304,0.18035,606.3078499999995,0.37148,0.11547,0.152,0.12,Financials,Financial Services,Credit Services,2026-05-24,NBFC – Lending,0,1,0,63.54,30.66,90.32,92.2,47.1,60.25,MODERATE GROWTH
TRAVELFOOD,148876820480.0,MID CAP,1130.5999755859375,35.210213,12.573539,0.11848,23.659,0.31173,0.27231002,0.11,0.356,Hospitality,Consumer Cyclical,Restaurants,2026-05-24,Restaurants,0,1,0,40.93,77.02,50.02,89.46,58.974999999999994,60.23,MODERATE GROWTH
BOMDYEING,26058508288.0,SMALL CAP,126.16999816894531,97.05385,1.1388725,0.01169,0.139,0.072129995,0.01688,0.219,0.827,Misc,Consumer Cyclical,Textile Manufacturing,2026-05-24,Textile Manufacturing,0,1,0,72.79,86.48,4.78,35.15,79.635,60.22,MODERATE GROWTH
TTKPRESTIG,73802883072.0,SMALL CAP,538.9000244140625,88.48933,3.88044,0.11848,29.565,0.13922,0.052810002,0.226,0.156,Misc,Consumer Cyclical,"Furnishings, Fixtures & Appliances",2026-05-24,"Furnishings, Fixtures & Appliances",0,1,0,73.65,50.04,50.02,69.28,61.845,60.22,MODERATE GROWTH
PUNJABCHEM,12394616832.0,SMALL CAP,1010.7999877929688,19.378834,3.0995865,0.16229999,36.418,0.09024,0.06211,0.031,0.558,Misc,Basic Materials,Chemicals,2026-05-24,Chemicals,0,0,0,27.64,82.11,87.97,41.99,54.875,60.21,MODERATE GROWTH
SAIPARENT,21502031872.0,SMALL CAP,486.70001220703125,109.86457,8.665539,0.16758,37.291,0.16059999,0.08862001,0.117,0.156,Misc,Healthcare,Drug Manufacturers - General,2026-05-24,Drug Manufacturers - General,0,1,0,50.04,50.04,88.68,74.22,50.04,60.19,MODERATE GROWTH
INDOTECH,24668137472.0,SMALL CAP,2322.800048828125,27.472502,18.558645,0.28350002,1.391,0.13475001,0.117060006,0.165,0.141,Misc,Industrials,Electrical Equipment & Parts,2026-05-24,Electrical Equipment & Parts,0,1,0,65.48,31.84,96.63,67.83,48.660000000000004,60.17,MODERATE GROWTH
BALAMINES,59050823680.0,SMALL CAP,1822.5,35.33346,2.9156783,0.08113,6.194,0.2034,0.11733,0.119,0.617,Chemicals,Basic Materials,Specialty Chemicals,2026-05-24,Specialty Chemicals,0,1,0,58.09,83.19,13.21,80.45,70.64,60.14,MODERATE GROWTH
GREAVESCOT,39473618944.0,SMALL CAP,169.4499969482422,37.160088,2.8026795,0.11848,12.328,0.03943,0.03334,0.166,0.225,Misc,Industrials,Specialty Industrial Machinery,2026-05-24,Specialty Industrial Machinery,0,1,0,65.65,71.02,50.02,22.88,68.33500000000001,60.13,MODERATE GROWTH
RKFORGE,100722188288.0,MID CAP,555.0499877929688,140.87563,3.0537858,0.02269,74.422,0.098409995,0.01694,0.285,0.244,Misc,Industrials,Metal Fabrication,2026-05-24,Metal Fabrication,0,1,0,79.55,72.14,6.35,57.17,75.845,60.08,MODERATE GROWTH
CHEMBONDCH,5160914944.0,MICRO CAP,191.8800048828125,16.097315,2.4946373,0.18198,29.565,0.13993,0.105909996,0.117,0.156,Chemicals,Basic Materials,Specialty Chemicals,2026-05-24,Specialty Chemicals,0,1,0,50.04,50.04,90.44,69.55,50.04,60.07,MODERATE GROWTH
VIKRAMSOLR,72400822272.0,SMALL CAP,199.82000732421875,14.681852,2.2726445,0.21336001,20.366,0.12211,0.097959995,0.217,0.063,Misc,Technology,Solar,2026-05-24,Solar,0,0,0,72.49,27.14,93.61,64.46,49.815,60.04,MODERATE GROWTH
GKSL,11295872000.0,SMALL CAP,143.27000427246094,66.328705,31.398203,0.11848,29.565,0.23938,0.19166,0.972,0.0,Misc,Healthcare,Medical Care Facilities,2026-05-24,Medical Care Facilities,0,0,0,95.08,23.67,50.02,84.25,59.375,59.99,MODERATE GROWTH
INDHOTEL,925586751488.0,LARGE CAP,650.25,44.446342,8.000123,0.16430001,18.987,0.31103,0.20903999,0.145,0.147,Misc,Consumer Cyclical,Lodging,2026-05-24,Lodging,0,1,0,62.77,32.23,88.28,89.42,47.5,59.85,MODERATE GROWTH
HNDFDS,61335957504.0,SMALL CAP,513.3499755859375,44.83406,5.892176,0.11848,86.577,0.06798,0.03375,0.135,0.238,Misc,Industrials,Conglomerates,2026-05-24,Conglomerates,0,1,0,61.03,71.73,50.02,33.7,66.38,59.84,MODERATE GROWTH
AEQUS,139143413760.0,MID CAP,212.47999572753906,26.218092,15.96034,0.11848,108.0,-0.01844,-0.04537,0.508,0.156,Misc,Industrials,Aerospace & Defense,2026-05-24,Aerospace & Defense,0,1,0,89.24,50.04,50.02,10.78,69.64,59.83,MODERATE GROWTH
BEPL,23447445504.0,SMALL CAP,94.22000122070312,13.013813,2.1680703,0.17278999,29.565,0.18176001,0.14119,-0.01,0.305,Misc,Basic Materials,Chemicals,2026-05-24,Chemicals,0,0,0,21.83,75.45,89.54,77.63,48.64,59.72,MODERATE GROWTH
BIKAJI,163781017600.0,MID CAP,653.2000122070312,63.29458,10.934231,0.11848,19.446,0.094069995,0.08538,0.105,1.175,Misc,Consumer Defensive,Packaged Foods,2026-05-24,Packaged Foods,0,1,0,40.11,89.5,50.02,43.44,64.805,59.71,MODERATE GROWTH
CENTRALBK,283037335552.0,MID CAP,31.270000457763672,6.254,0.72914237,0.11914,29.565,0.34407002,0.24420999,0.448,-0.354,Financials,Financial Services,Banks - Regional,2026-05-24,Private Sector Banks,0,0,0,87.42,11.5,79.51,91.18,49.46,59.64,MODERATE GROWTH
MOLDTKPAC,22574061568.0,SMALL CAP,679.3499755859375,30.963991,3.2725563,0.10976,31.851,0.13595,0.08219,0.174,0.268,Misc,Consumer Cyclical,Packaging & Containers,2026-05-24,Packaging & Containers,0,1,0,66.67,73.47,18.77,68.26,70.07,59.63,MODERATE GROWTH
LATENTVIEW,67561005056.0,SMALL CAP,326.5,34.117035,3.8481936,0.12173,1.863,0.24028999,0.1744,0.261,-0.011,Technology,Industrials,Consulting Services,2026-05-24,IT Consulting,0,0,0,77.39,22.94,80.09,84.33,50.165,59.57,MODERATE GROWTH
ALICON,10703897600.0,SMALL CAP,655.2000122070312,31.15549,1.738406,0.11848,57.003,0.045900002,0.021189999,0.097,3.188,Misc,Industrials,Metal Fabrication,2026-05-24,Metal Fabrication,0,0,0,38.66,95.61,50.02,25.2,67.13499999999999,59.52,MODERATE GROWTH
PAGEIND,440076107776.0,MID CAP,39455.0,57.471012,29.2878,0.4211870819999994,18.422,0.18563,0.14558,0.141,0.09,Misc,Consumer Cyclical,Apparel Manufacturing,2026-05-24,Apparel Manufacturing,0,0,0,61.89,28.92,99.51,78.1,45.405,59.5,MODERATE GROWTH
UPL,534219587584.0,LARGE CAP,632.0,28.328104,1.537511,0.05614,57.128,0.14899999,0.03708,0.177,0.332,Chemicals,Basic Materials,Agricultural Inputs,2026-05-24,Agrochemicals,0,1,0,67.14,76.55,9.95,71.83,71.845,59.46,MODERATE GROWTH
VERANDA,23220156416.0,SMALL CAP,241.4499969482422,24.994823,2.5637894,0.11848,42.052,0.22994,0.20098,0.178,0.156,Misc,Consumer Defensive,Education & Training Services,2026-05-24,Education & Training Services,0,1,0,67.42,50.04,50.02,83.42,58.730000000000004,59.46,MODERATE GROWTH
CANBK,1163129651200.0,LARGE CAP,128.22999572753906,5.3540707,0.98874235,0.1757,29.565,0.41737,0.32017,0.209,-0.098,Financials,Financial Services,Banks - Regional,2026-05-24,Private Sector Banks,0,0,0,71.87,19.85,89.85,93.85,45.86,59.46,MODERATE GROWTH
ORIENTELEC,39227506688.0,SMALL CAP,183.8300018310547,40.942097,5.154353,0.13179,12.281,0.06091,0.02881,0.1,0.295,Misc,Consumer Cyclical,"Furnishings, Fixtures & Appliances",2026-05-24,"Furnishings, Fixtures & Appliances",0,0,0,39.09,74.9,82.13,30.96,56.995000000000005,59.42,MODERATE GROWTH
THERMAX,501804793856.0,LARGE CAP,4454.60009765625,69.44038,9.934235,0.13691,42.166,0.093439996,0.06737,0.111,0.187,Misc,Industrials,Conglomerates,2026-05-24,Conglomerates,0,1,0,41.11,68.65,83.23,43.1,54.88,59.37,MODERATE GROWTH
AURIONPRO,45219880960.0,SMALL CAP,819.0,21.23412,2.5364754,0.13245,3.478,0.16351,0.14833,0.057,0.205,Technology,Technology,Software - Application,2026-05-24,SaaS,0,0,0,31.45,69.75,82.29,74.88,50.6,59.37,MODERATE GROWTH
SAILIFE,236254281728.0,MID CAP,1113.800048828125,67.58495,10.296851,0.1513,11.614,0.21796,0.15913999,0.039,0.176,Healthcare,Healthcare,Diagnostics & Research,2026-05-24,Diagnostics,0,0,0,28.62,68.14,86.21,82.37,48.38,59.35,MODERATE GROWTH
AEROENTER,11197676544.0,SMALL CAP,99.0199966430664,17.433098,1.3574239,0.09559,4.218,0.16246,0.08845,0.16,0.293,Misc,Basic Materials,Steel,2026-05-24,Steel,0,1,0,64.58,74.84,15.44,74.65,69.71000000000001,59.35,MODERATE GROWTH
MANCREDIT,3538070784.0,MICRO CAP,167.57000732421875,27.928335,2.1456378,0.11848,174.678,0.75095004,0.20066999,0.446,0.038,Financials,Financial Services,Credit Services,2026-05-24,NBFC – Lending,0,0,0,87.32,25.72,50.02,97.81,56.519999999999996,59.35,MODERATE GROWTH
HAVELLS,753272750080.0,LARGE CAP,1200.9000244140625,44.643124,7.9665394,0.18969999,2.801,0.09375,0.075040005,0.025,0.396,Misc,Industrials,Electrical Equipment & Parts,2026-05-24,Electrical Equipment & Parts,0,0,0,26.7,78.29,91.3,43.22,52.495000000000005,59.33,MODERATE GROWTH
VEDL,1288389394432.0,LARGE CAP,329.95001220703125,18.381615,3.205639,0.20403999,48.044,0.2624,0.22681999,-0.413,0.922,Misc,Basic Materials,Other Industrial Metals & Mining,2026-05-24,Other Industrial Metals & Mining,0,0,1,4.27,87.58,92.83,86.09,45.925,59.32,MODERATE GROWTH
AIRAN,2017822720.0,MICRO CAP,16.139999389648438,24.08955,1.3657132,0.11848,0.678,0.04694,0.07519,0.093,3.429,Technology,Technology,Information Technology Services,2026-05-24,IT Services,0,0,0,37.66,95.85,50.02,25.82,66.755,59.31,MODERATE GROWTH
TATATECH,272602890240.0,MID CAP,671.3499755859375,49.76649,7.635919,0.1457,23.908,0.13065,0.09928001,0.223,0.082,Technology,Technology,Information Technology Services,2026-05-24,IT Services,0,0,0,73.33,28.39,85.07,66.65,50.86,59.28,MODERATE GROWTH
SAATVIKGL,54947491840.0,SMALL CAP,432.29998779296875,14.535978,4.0421133,0.42051,69.034,0.0577,0.07788,0.759,-0.38,Misc,Technology,Solar,2026-05-24,Solar,0,0,0,93.44,10.74,98.98,29.74,52.089999999999996,59.23,MODERATE GROWTH
IDBI,781162053632.0,LARGE CAP,72.6500015258789,8.408565,1.1372887,0.14152999,29.565,0.15577,0.43376,0.117,0.156,Financials,Financial Services,Banks - Regional,2026-05-24,Private Sector Banks,0,1,0,50.04,50.04,84.17,73.39,50.04,59.2,MODERATE GROWTH
SHRIRAMPPS,14357153792.0,SMALL CAP,84.12999725341797,20.469585,1.0393091,0.11848,50.86,-0.109560005,0.06774,0.476,0.156,Misc,Real Estate,Real Estate - Development,2026-05-24,Real Estate - Development,0,1,0,88.42,50.04,50.02,7.09,69.23,59.17,MODERATE GROWTH
SCHAND,6030486528.0,MICRO CAP,170.97000122070312,12.516106,0.6612392,0.07168,12.949,0.42804,0.09317,0.167,0.197,Misc,Communication Services,Publishing,2026-05-24,Publishing,0,1,0,65.87,69.44,11.76,94.04,67.655,59.11,MODERATE GROWTH
ALPHAGEO,1403112832.0,MICRO CAP,220.4499969482422,26.218092,0.5401889,0.11848,29.565,-0.59847,-0.10934,0.509,0.156,Misc,Energy,Oil & Gas Equipment & Services,2026-05-24,Oil & Gas Equipment & Services,0,1,0,89.34,50.04,50.02,2.98,69.69,59.09,MODERATE GROWTH
IRIS,5193071104.0,MICRO CAP,252.47999572753906,51.843945,2.583444,0.10232,0.824,0.12312999,0.91521,0.13,0.473,Technology,Technology,Software - Application,2026-05-24,SaaS,0,1,0,59.8,80.45,17.16,64.77,70.125,59.0,MODERATE GROWTH
MEDPLUS,107927109632.0,MID CAP,898.75,49.031643,5.839338,0.118240006,72.133,0.06038,0.03154,0.249,0.241,Misc,Healthcare,Pharmaceutical Retailers,2026-05-24,Pharmaceutical Retailers,0,1,0,76.08,71.92,20.61,30.6,74.0,58.98,MODERATE GROWTH
POWERICA,69818671104.0,SMALL CAP,551.7000122070312,41.827145,4.9479823,0.11848,47.768,0.06606,0.09039,0.083,2.504,Misc,Industrials,Specialty Industrial Machinery,2026-05-24,Specialty Industrial Machinery,0,0,0,36.25,94.2,50.02,32.92,65.225,58.95,MODERATE GROWTH
SUZLON,737217806336.0,LARGE CAP,53.75,22.775425,9.408367,0.11848,5.051,0.15637,0.21564,0.424,0.143,Misc,Industrials,Specialty Industrial Machinery,2026-05-24,Specialty Industrial Machinery,0,1,0,86.76,31.94,50.02,73.55,59.35,58.9,MODERATE GROWTH
FEDERALBNK,707682107392.0,LARGE CAP,287.20001220703125,16.420813,1.767983,0.11731,29.565,0.43172002,0.29906,0.123,0.222,Financials,Financial Services,Banks - Regional,2026-05-24,Private Sector Banks,0,1,0,58.74,70.89,20.36,94.24,64.815,58.87,MODERATE GROWTH
PGIL,74832125952.0,SMALL CAP,1620.300048828125,26.955582,5.7844105,0.20896,65.567,0.085030004,0.05526,0.069,0.203,Misc,Consumer Cyclical,Apparel Manufacturing,2026-05-24,Apparel Manufacturing,0,0,0,33.72,69.67,93.18,40.4,51.695,58.86,MODERATE GROWTH
IMFA,77327015936.0,SMALL CAP,1433.199951171875,21.008501,3.0799646,0.11848,17.281,0.21194,0.14006,0.093,0.406,Misc,Basic Materials,Other Industrial Metals & Mining,2026-05-24,Other Industrial Metals & Mining,0,0,0,37.66,78.45,50.02,81.78,58.055,58.82,MODERATE GROWTH
CYBERMEDIA,372851968.0,MICRO CAP,17.899999618530273,7.4273853,-3.8174448,0.11848,216.303,0.056199998,0.03777,0.304,0.156,Misc,Communication Services,Publishing,2026-05-24,Publishing,0,1,0,81.05,50.04,50.02,29.06,65.545,58.79,MODERATE GROWTH
ZYDUSLIFE,1045426733056.0,LARGE CAP,1038.949951171875,20.745806,4.131145,0.18318,42.242,0.18466999,0.18565,0.162,0.087,Misc,Healthcare,Drug Manufacturers - Specialty & Generic,2026-05-24,Drug Manufacturers - Specialty & Generic,0,0,0,65.07,28.8,90.6,78.02,46.934999999999995,58.78,MODERATE GROWTH
PROSTARM,9276280832.0,MICRO CAP,157.55999755859375,39.888607,3.2033505,0.16903,32.43,0.11311,0.08428001,0.3,-0.123,Misc,Industrials,Electrical Equipment & Parts,2026-05-24,Electrical Equipment & Parts,0,0,0,80.66,18.69,88.91,62.07,49.675,58.76,MODERATE GROWTH
GODIGIT,286066868224.0,MID CAP,309.5,52.636055,6.09204,0.117089994,7.469,0.054050002,0.051960003,0.226,0.289,Misc,Financial Services,Insurance - Property & Casualty,2026-05-24,Insurance - Property & Casualty,0,1,0,73.65,74.55,20.3,28.31,74.1,58.76,MODERATE GROWTH
CCHHL,2162638336.0,MICRO CAP,13.229999542236328,25.941175,0.5598578,0.11848,7.499,-0.07033,0.08352,0.427,0.156,Misc,Consumer Cyclical,Lodging,2026-05-24,Lodging,0,1,0,86.83,50.04,50.02,8.15,68.435,58.72,MODERATE GROWTH
NSLNISP,129415553024.0,MID CAP,44.15999984741211,26.218092,0.9978083,0.11848,40.766,-0.05135,-0.06401,0.419,0.156,Misc,Basic Materials,Steel,2026-05-24,Steel,0,1,0,86.56,50.04,50.02,8.82,68.3,58.7,MODERATE GROWTH
NECLIFE,2342787328.0,MICRO CAP,12.0600004196167,26.218092,0.37719327,0.11848,64.007,-0.05414,-0.21256,0.117,0.829,Misc,Healthcare,Drug Manufacturers - Specialty & Generic,2026-05-24,Drug Manufacturers - Specialty & Generic,0,1,0,50.04,86.52,50.02,8.74,68.28,58.67,MODERATE GROWTH
LTM,1188157325312.0,LARGE CAP,4007.800048828125,23.696564,4.9448733,0.21285,9.582,0.07614,0.11861,0.061,0.234,Technology,Technology,Information Technology Services,2026-05-24,IT Services,0,0,0,32.19,71.45,93.5,36.87,51.82,58.66,MODERATE GROWTH
TBOTEK,127564144640.0,MID CAP,1194.5999755859375,52.905224,9.211906,0.11848,51.855,0.10301,0.10528,0.858,0.075,Misc,Consumer Cyclical,Travel Services,2026-05-24,Travel Services,0,0,0,94.28,28.06,50.02,58.39,61.17,58.66,MODERATE GROWTH
BHARATGEAR,1686138880.0,MICRO CAP,109.80999755859375,12.813302,1.3838515,0.11848,64.485,0.033099998,0.01756,0.333,0.156,Automobiles,Consumer Cyclical,Auto Parts,2026-05-24,Auto Components,0,1,0,82.6,50.04,50.02,21.39,66.32,58.57,MODERATE GROWTH
NAVKARCORP,14281260032.0,SMALL CAP,94.87999725341797,47.44,0.7285236,0.01551,9.055,0.13358,0.043649998,0.945,0.156,Misc,Industrials,Integrated Freight & Logistics,2026-05-24,Integrated Freight & Logistics,0,1,0,94.81,50.04,5.49,67.48,72.425,58.54,MODERATE GROWTH
BBTCL,3930774016.0,MICRO CAP,191.63999938964844,18.899408,3.5276575,0.11848,199.068,0.07997,0.016280001,0.261,0.156,Misc,Consumer Cyclical,Packaging & Containers,2026-05-24,Packaging & Containers,0,1,0,77.39,50.04,50.02,38.48,63.715,58.45,MODERATE GROWTH
OSWALGREEN,6502407680.0,MICRO CAP,25.31999969482422,32.46154,0.2637088,0.11848,0.203,0.48172,0.22865999,-0.125,15.5,Financials,Financial Services,Asset Management,2026-05-24,Asset Management Companies,0,0,0,12.23,98.9,50.02,95.06,55.565000000000005,58.41,MODERATE GROWTH
MPHASIS,424071790592.0,MID CAP,2222.39990234375,23.584845,4.16562,0.18285999,24.383,0.15379,0.11729,0.144,0.14,Technology,Technology,Information Technology Services,2026-05-24,IT Services,0,1,1,62.52,31.78,90.52,72.92,47.150000000000006,58.4,MODERATE GROWTH
DBCORP,36741832704.0,SMALL CAP,206.1300048828125,11.076303,1.5123701,0.14269,10.796,0.1368,0.14095001,0.047,0.191,Misc,Communication Services,Publishing,2026-05-24,Publishing,0,0,0,29.76,69.02,84.44,68.53,49.39,58.31,MODERATE GROWTH
GANESHCP,8459641856.0,MICRO CAP,209.3300018310547,14.898932,2.0795956,0.14192,7.166,0.0616,0.04834,-0.006,0.881,Misc,Consumer Defensive,Packaged Foods,2026-05-24,Packaged Foods,0,0,0,22.28,87.11,84.29,31.07,54.695,58.25,MODERATE GROWTH
PNCINFRA,55238017024.0,SMALL CAP,215.32000732421875,6.6395316,0.83408874,0.1299,75.883,0.17085,0.15097,-0.039,0.429,Industrials,Industrials,Engineering & Construction,2026-05-24,Engineering & EPC,0,0,0,18.65,79.25,81.78,76.06,48.95,58.23,MODERATE GROWTH
UNIINFO,130028336.0,MICRO CAP,12.15999984741211,26.218092,0.40304938,0.11848,15.548,-0.02934,-0.0063,0.381,0.156,Telecom,Communication Services,Telecom Services,2026-05-24,Telecom Services,0,1,0,84.91,50.04,50.02,9.91,67.475,58.23,MODERATE GROWTH
SIGIND,1485390976.0,MICRO CAP,50.459999084472656,9.07554,0.70470923,0.11848,173.841,0.056599997,0.01265,0.283,0.156,Misc,Industrials,Conglomerates,2026-05-24,Conglomerates,0,1,0,79.39,50.04,50.02,29.19,64.715,58.22,MODERATE GROWTH
KEYFINSERV,1520248576.0,MICRO CAP,273.1000061035156,18.014513,1.0188588,0.11848,0.964,0.6646,0.3032,0.831,-0.203,Misc,Financial Services,Capital Markets,2026-05-24,Capital Markets,0,0,0,94.16,15.75,50.02,97.3,54.955,58.2,MODERATE GROWTH
NATCOPHARM,209504813056.0,MID CAP,1169.699951171875,13.45875,2.4223409,0.11848,3.012,0.17379999,0.3413,0.363,0.139,Misc,Healthcare,Drug Manufacturers - Specialty & Generic,2026-05-24,Drug Manufacturers - Specialty & Generic,0,1,0,84.03,31.7,50.02,76.68,57.865,58.18,MODERATE GROWTH
INDIAGLYCO,66235850752.0,SMALL CAP,988.2000122070312,21.505985,2.5556347,0.112849995,57.645,0.1283,0.069520004,0.131,0.319,Misc,Basic Materials,Chemicals,2026-05-24,Chemicals,0,1,0,60.05,76.08,19.51,66.18,68.065,58.17,MODERATE GROWTH
NAUKRI,622443298816.0,LARGE CAP,960.9500122070312,42.918716,1.2790667,0.045679998,0.64,0.34901002,0.44138,0.159,0.221,Misc,Communication Services,Internet Content & Information,2026-05-24,Internet Content & Information,0,1,0,64.4,70.85,8.5,91.3,67.625,58.17,MODERATE GROWTH
STYLAMIND,46782369792.0,SMALL CAP,2758.60009765625,31.248302,6.4255853,0.11848,29.565,0.18767,0.12703,0.065,0.548,Misc,Consumer Cyclical,"Furnishings, Fixtures & Appliances",2026-05-24,"Furnishings, Fixtures & Appliances",0,0,0,32.97,81.96,50.02,78.45,57.464999999999996,58.07,MODERATE GROWTH
JLHL,88946868224.0,SMALL CAP,1356.5999755859375,45.87758,5.7654796,0.13391,37.837,0.16993,0.12936,0.171,0.12,Misc,Healthcare,Medical Care Facilities,2026-05-24,Medical Care Facilities,0,1,0,66.32,30.66,82.6,75.82,48.489999999999995,58.04,MODERATE GROWTH
PYRAMID,6401615872.0,MICRO CAP,173.5800018310547,25.120117,2.4449952,0.10957,66.496,0.0817,0.04232,0.138,0.572,Misc,Consumer Cyclical,Packaging & Containers,2026-05-24,Packaging & Containers,0,1,0,61.48,82.48,18.65,39.15,71.98,58.03,MODERATE GROWTH
STLTECH,215355162624.0,MID CAP,441.1499938964844,383.6087,10.481112,0.026300002,85.626,0.09368,0.0117999995,5.354871999999847,0.156,Misc,Technology,Communication Equipment,2026-05-24,Communication Equipment,0,1,0,99.51,50.04,6.62,43.14,74.775,57.98,MODERATE GROWTH
SOLARWORLD,19159857152.0,SMALL CAP,221.05999755859375,23.693462,2.2102244,0.11848,27.204,0.11071,0.08416,1.837,-0.036,Misc,Technology,Solar,2026-05-24,Solar,0,0,0,97.67,21.9,50.02,61.25,59.785,57.98,MODERATE GROWTH
MARINE,30922942464.0,SMALL CAP,233.08999633789062,60.54286,7.451726,0.11848,12.715,0.07772,0.06266,0.085,1.237,Misc,Industrials,Electrical Equipment & Parts,2026-05-24,Electrical Equipment & Parts,0,0,0,36.44,89.81,50.02,37.62,63.125,57.95,MODERATE GROWTH
LANDMARK,15095301120.0,SMALL CAP,364.04998779296875,63.645103,2.650566,0.11848,166.568,0.02664,0.00503,0.126,0.248,Misc,Consumer Cyclical,Auto & Truck Dealerships,2026-05-24,Auto & Truck Dealerships,0,1,0,59.31,72.22,50.02,18.89,65.765,57.93,MODERATE GROWTH
GTL,1197028608.0,MICRO CAP,7.610000133514404,26.218092,-0.021979673,0.11848,29.565,0.48574,0.9940124999999989,-0.167,17.040096699999964,Telecom,Communication Services,Telecom Services,2026-05-24,Telecom Services,0,0,0,10.23,99.51,50.02,95.22,54.870000000000005,57.93,MODERATE GROWTH
AHLEAST,2856934144.0,MICRO CAP,165.22000122070312,26.218092,1.2523878,0.11848,154.746,0.34377,-0.45623,0.134,0.156,Misc,Consumer Cyclical,Lodging,2026-05-24,Lodging,0,1,0,60.82,50.04,50.02,91.11,55.43,57.92,MODERATE GROWTH
PINELABS,164019798016.0,MID CAP,142.83999633789062,510.0120439999895,3.8302095,0.11848,23.128,0.08708999,0.00929,0.237,0.156,Technology,Technology,Software - Infrastructure,2026-05-24,Software Products,0,1,0,74.98,50.04,50.02,40.99,62.510000000000005,57.86,MODERATE GROWTH
RAIN,52577558528.0,SMALL CAP,156.32000732421875,17.44643,0.70871574,0.11848,127.738,0.09608,0.01704,0.2,0.156,Chemicals,Basic Materials,Specialty Chemicals,2026-05-24,Specialty Chemicals,0,1,0,70.55,50.04,50.02,56.27,60.295,57.84,MODERATE GROWTH
VENKEYS,21084514304.0,SMALL CAP,1496.699951171875,15.151853,1.4535077,0.11848,13.056,0.063140005,0.01475,0.089,1.383,Misc,Consumer Defensive,Farm Products,2026-05-24,Farm Products,0,0,0,36.95,90.6,50.02,31.58,63.775,57.8,MODERATE GROWTH
ABB,1417560981504.0,LARGE CAP,6689.5,90.91465,18.090387,0.11848,1.082,0.11496,0.22257,0.008,2.76,Misc,Industrials,Specialty Industrial Machinery,2026-05-24,Specialty Industrial Machinery,0,0,0,24.0,94.63,50.02,62.5,59.315,57.77,MODERATE GROWTH
REMSONSIND,3243098368.0,MICRO CAP,92.4800033569336,18.533068,2.3888,0.14031,62.789,0.05807,0.03809,0.252,0.145,Automobiles,Consumer Cyclical,Auto Parts,2026-05-24,Auto Components,0,1,0,76.45,32.09,83.93,29.82,54.27,57.76,MODERATE GROWTH
MATRIMONY,8738365440.0,MICRO CAP,422.75,27.849144,4.3314548,0.15252,23.902,0.06813,0.07428,0.079,0.212,Misc,Communication Services,Internet Content & Information,2026-05-24,Internet Content & Information,0,0,0,35.42,70.3,86.48,33.78,52.86,57.68,MODERATE GROWTH
ELIN,5880601088.0,MICRO CAP,118.30000305175781,14.100119,1.0413733,0.11848,2.771,0.01943,0.031719998,0.102,1.586,Misc,Industrials,Electrical Equipment & Parts,2026-05-24,Electrical Equipment & Parts,0,1,0,39.5,91.85,50.02,16.81,65.675,57.66,MODERATE GROWTH
NDRAUTO,19238057984.0,SMALL CAP,806.4500122070312,30.957775,5.3622127,0.1877,17.248,0.090500005,0.07531,0.193,0.126,Automobiles,Consumer Cyclical,Auto Parts,2026-05-24,Auto Components,0,1,0,69.51,31.03,91.18,42.08,50.27,57.63,MODERATE GROWTH
AWL,252467675136.0,MID CAP,195.13999938964844,24.210917,2.4155173,0.10519,10.621,0.01844,0.013940001,0.18,0.537,Misc,Consumer Defensive,Packaged Foods,2026-05-24,Packaged Foods,0,1,0,67.77,81.86,17.83,16.58,74.815,57.59,MODERATE GROWTH
SMARTWORKS,51549335552.0,SMALL CAP,451.1499938964844,26.218092,9.746798,0.03269,606.3078499999995,0.20066999,0.0058600004,0.45,0.156,Misc,Real Estate,Real Estate Services,2026-05-24,Real Estate Services,0,1,0,87.54,50.04,7.13,80.09,68.79,57.59,MODERATE GROWTH
DHAMPURSUG,9354024960.0,MICRO CAP,145.4600067138672,13.853334,0.827978,0.11848,44.818,0.08757,0.03265,0.095,0.779,Misc,Consumer Defensive,Confectioners,2026-05-24,Confectioners,0,0,0,38.24,85.93,50.02,41.18,62.08500000000001,57.58,MODERATE GROWTH
KERNEX,22706794496.0,SMALL CAP,1351.4000244140625,43.106857,13.213782,0.11848,51.362,0.20544,0.20357001,0.972,-0.159,Technology,Technology,Software - Application,2026-05-24,SaaS,0,0,0,95.08,17.69,50.02,80.84,56.385,57.56,MODERATE GROWTH
GVPIL,49200422912.0,SMALL CAP,731.8499755859375,15.265958,8.445755,0.4211870819999994,3.02,0.32781,0.199,0.188,-0.311,Industrials,Industrials,Engineering & Construction,2026-05-24,Engineering & EPC,0,0,0,68.99,12.77,99.51,90.36,40.879999999999995,57.55,MODERATE GROWTH
LMW,151484940288.0,MID CAP,14180.0,116.27717,5.35412,0.046329997,29.565,0.08051,0.03898,0.209,0.332,Misc,Industrials,Specialty Industrial Machinery,2026-05-24,Specialty Industrial Machinery,0,1,0,71.87,76.55,8.66,38.68,74.21000000000001,57.55,MODERATE GROWTH
CESC,234917593088.0,MID CAP,177.22000122070312,15.238177,1.8459456,0.12547,164.311,0.123050004,0.08304,0.056,0.178,Misc,Utilities,Utilities - Regulated Electric,2026-05-24,Utilities - Regulated Electric,0,0,0,31.27,68.22,80.86,64.69,49.745,57.46,MODERATE GROWTH
PVSL,7626751488.0,MICRO CAP,107.12000274658203,26.218092,1.2124505,0.11848,176.217,0.0091699995,-0.00354,0.308,0.156,Misc,Consumer Cyclical,Auto & Truck Dealerships,2026-05-24,Auto & Truck Dealerships,0,1,0,81.33,50.04,50.02,14.62,65.685,57.45,MODERATE GROWTH
MAPMYINDIA,47135580160.0,SMALL CAP,860.75,35.2045,5.761726,0.15796,0.778,0.45826,0.25481,0.134,0.045,Technology,Technology,Software - Infrastructure,2026-05-24,Software Products,1,0,0,60.82,26.27,87.42,94.79,43.545,57.44,MODERATE GROWTH
GOKUL,3989498368.0,MICRO CAP,40.29999923706055,20.666666,1.1204091,0.11848,97.223,0.00732,0.00491,0.068,7.983,Misc,Consumer Defensive,Packaged Foods,2026-05-24,Packaged Foods,0,0,0,33.52,97.92,50.02,14.03,65.72,57.41,MODERATE GROWTH
GINNIFILA,3849113856.0,MICRO CAP,44.939998626708984,9.401673,1.6189343,0.18837999,17.413,0.12359,0.10045,-0.129,0.5,Misc,Consumer Cyclical,Textile Manufacturing,2026-05-24,Textile Manufacturing,0,0,0,12.07,81.21,91.22,64.89,46.64,57.38,MODERATE GROWTH
MPSLTD,30231726080.0,SMALL CAP,1780.9000244140625,17.451248,6.1663594,0.32234,10.167,0.28831,0.22544001,0.127,-0.001,Misc,Communication Services,Publishing,2026-05-24,Publishing,0,0,0,59.46,23.39,97.84,87.74,41.425,57.34,MODERATE GROWTH
CRIZAC,35631685632.0,SMALL CAP,203.6300048828125,18.545538,5.9443603,0.11848,0.07653,0.21211,0.19371,0.28,0.154,Misc,Consumer Defensive,Education & Training Services,2026-05-24,Education & Training Services,0,1,0,79.0,32.72,50.02,81.82,55.86,57.29,MODERATE GROWTH
WALCHANNAG,15744993280.0,SMALL CAP,231.85000610351562,26.218092,4.5019417,-0.04013,61.011,0.1121,-0.04955,0.945,0.156,Industrials,Industrials,Engineering & Construction,2026-05-24,Engineering & EPC,0,1,0,94.81,50.04,2.08,61.64,72.425,57.28,MODERATE GROWTH
OAL,10447753216.0,SMALL CAP,310.45001220703125,510.0120439999895,1.5780592,0.0049900003,60.585,0.05579,0.00318,0.132,1.809,Chemicals,Basic Materials,Specialty Chemicals,2026-05-24,Specialty Chemicals,0,1,0,60.34,92.79,3.8,28.92,76.565,57.25,MODERATE GROWTH
BOSCHLTD,1063688142848.0,LARGE CAP,36065.0,38.314034,7.1656437,0.19353001,0.8,0.11963,0.13842,0.18,0.03,Automobiles,Consumer Cyclical,Auto Parts,2026-05-24,Auto Components,1,0,0,67.77,25.25,91.58,63.66,46.51,57.24,MODERATE GROWTH
TREJHARA,3636806656.0,MICRO CAP,150.8000030517578,56.268658,1.4690125,0.11848,4.025,0.03197,0.04522,4.264,0.109,Technology,Technology,Software - Application,2026-05-24,SaaS,0,1,0,98.71,30.02,50.02,20.89,64.365,57.15,MODERATE GROWTH
JBCHEPHARM,352041041920.0,MID CAP,2192.60009765625,49.260845,9.009143,0.11848,1.075,0.23524,0.17977,0.105,0.216,Misc,Healthcare,Drug Manufacturers - Specialty & Generic,2026-05-24,Drug Manufacturers - Specialty & Generic,0,1,0,40.11,70.57,50.02,84.05,55.339999999999996,57.15,MODERATE GROWTH
BAYERCROP,196958715904.0,MID CAP,4382.5,29.410778,6.3051567,0.11848,3.266,0.092480004,0.11928,0.047,1.798,Chemicals,Basic Materials,Agricultural Inputs,2026-05-24,Agrochemicals,0,0,0,29.76,92.67,50.02,42.87,61.215,57.14,MODERATE GROWTH
NAVKARURB,908893184.0,MICRO CAP,0.8100000023841858,26.218092,0.5740609,0.01852,3.591,0.0834,0.12082,3.41,0.156,Misc,Basic Materials,Building Materials,2026-05-24,Building Materials,0,1,0,98.55,50.04,5.76,39.69,74.295,57.13,MODERATE GROWTH
ERIS,186206699520.0,MID CAP,1343.800048828125,29.67101,5.923973,0.11848,68.185,0.26379,0.14062001,0.109,0.191,Misc,Healthcare,Drug Manufacturers - Specialty & Generic,2026-05-24,Drug Manufacturers - Specialty & Generic,0,1,0,40.79,69.02,50.02,86.13,54.905,57.05,MODERATE GROWTH
AARTIIND,172891324416.0,MID CAP,476.20001220703125,41.15817,2.890598,0.07249,83.392,0.09837,0.05057,0.132,0.434,Chemicals,Basic Materials,Specialty Chemicals,2026-05-24,Specialty Chemicals,0,1,0,60.34,79.43,11.79,57.13,69.885,56.99,MODERATE GROWTH
RISHABH,19946911744.0,SMALL CAP,517.4000244140625,28.728485,2.8862784,0.11848,14.997,0.11785,0.09026,0.013,1.51,Misc,Technology,Scientific & Technical Instruments,2026-05-24,Scientific & Technical Instruments,0,0,0,24.73,91.46,50.02,63.13,58.095,56.98,MODERATE GROWTH
ATGL,717955989504.0,LARGE CAP,652.7999877929688,109.89899,14.76422,0.14456001,46.363,0.15255,0.11124,0.161,0.085,Misc,Utilities,Utilities - Regulated Gas,2026-05-24,Utilities - Regulated Gas,0,0,0,64.77,28.64,84.95,72.53,46.705,56.94,MODERATE GROWTH
BLACKBUCK,90984579072.0,SMALL CAP,500.20001220703125,57.165714,6.947319,0.12059,4.164,0.20969999,0.22438,0.641,-0.858,Technology,Technology,Software - Application,2026-05-24,SaaS,0,0,0,91.97,1.72,79.9,81.43,46.845,56.91,MODERATE GROWTH
AKSHAR,385859552.0,MICRO CAP,0.49000000953674316,26.218092,0.5671296,0.11848,5.75,-0.15353,-0.07176,0.323,0.156,Misc,Consumer Cyclical,Textile Manufacturing,2026-05-24,Textile Manufacturing,0,1,0,82.07,50.04,50.02,6.23,66.05499999999999,56.87,MODERATE GROWTH
SEMAC,957948736.0,MICRO CAP,307.29998779296875,27.634892,1.1371037,0.11848,61.573,0.01915,0.01407,0.28,0.156,Industrials,Industrials,Engineering & Construction,2026-05-24,Engineering & EPC,0,1,0,79.0,50.04,50.02,16.69,64.52,56.84,MODERATE GROWTH
XELPMOC,1504960512.0,MICRO CAP,101.69000244140625,26.218092,1.9508499,0.11848,0.36,-1.76877,-0.9244204,0.345,0.156,Technology,Technology,Information Technology Services,2026-05-24,IT Services,0,1,0,83.17,50.04,50.02,1.61,66.605,56.79,MODERATE GROWTH
TATACONSUM,1179363966976.0,LARGE CAP,1191.800048828125,76.3485,5.8016872,0.0694,12.159,0.11146,0.076009996,0.179,0.215,Misc,Consumer Defensive,Packaged Foods,2026-05-24,Packaged Foods,0,1,0,67.65,70.49,11.36,61.36,69.07,56.76,MODERATE GROWTH
MOTHERSON,1434142900224.0,LARGE CAP,136.17999267578125,37.20765,3.888413,0.10114,43.908,0.07129,0.030869998,0.149,0.43,Automobiles,Consumer Cyclical,Auto Parts,2026-05-24,Auto Components,0,1,0,63.19,79.35,16.97,34.72,71.27,56.76,MODERATE GROWTH
SUBEXLTD,6131151360.0,MICRO CAP,11.050000190734863,21.666668,1.9585253,0.11848,8.247,0.171,0.00361,0.14,0.156,Technology,Technology,Software - Application,2026-05-24,SaaS,0,1,0,61.7,50.04,50.02,76.1,55.870000000000005,56.72,MODERATE GROWTH
CCAVENUE,48177311744.0,SMALL CAP,13.84000015258789,17.743591,0.9600444,0.11848,1.811,0.03235,0.03665,1.225,0.13,Technology,Technology,Software - Infrastructure,2026-05-24,Software Products,0,1,0,96.2,31.25,50.02,21.04,63.725,56.72,MODERATE GROWTH
IKIO,11710345216.0,SMALL CAP,151.52999877929688,31.17901,1.9448366,0.07095,11.438,0.10614,0.063540004,0.473,0.156,Misc,Technology,Electronic Components,2026-05-24,Electronic Components,0,1,0,88.32,50.04,11.54,59.4,69.17999999999999,56.67,MODERATE GROWTH
DCBBANK,58376572928.0,SMALL CAP,181.33999633789062,7.9500217,0.89304966,0.11968,29.565,0.34235,0.24443,0.124,0.134,Financials,Financial Services,Banks - Regional,2026-05-24,Private Sector Banks,0,1,0,58.91,31.37,79.66,90.95,45.14,56.62,MODERATE GROWTH
NITINSPIN,28081889280.0,SMALL CAP,499.5,15.821983,1.9102799,0.12764,76.458,0.10893,0.05524,0.022,0.237,Misc,Consumer Cyclical,Textile Manufacturing,2026-05-24,Textile Manufacturing,0,0,0,26.33,71.63,81.35,60.42,48.98,56.6,MODERATE GROWTH
PACEDIGITK,41067872256.0,SMALL CAP,190.25999450683594,16.08284,2.6353989,0.11848,11.33,0.176,0.114750005,0.135,0.156,Misc,Technology,Communication Equipment,2026-05-24,Communication Equipment,0,1,0,61.03,50.04,50.02,77.0,55.535,56.58,MODERATE GROWTH
A2ZINFRA,2756922112.0,MICRO CAP,15.529999732971191,110.928566,5.766803,0.11848,353.886,-0.01511,0.00619,0.289,0.156,Industrials,Industrials,Engineering & Construction,2026-05-24,Engineering & EPC,0,1,0,79.76,50.04,50.02,11.13,64.9,56.55,MODERATE GROWTH
JYOTICNC,151918641152.0,MID CAP,668.0,42.93059,8.297003,0.11848,39.56,0.24542,0.17124,0.281,0.102,Misc,Industrials,Specialty Industrial Machinery,2026-05-24,Specialty Industrial Machinery,0,1,0,79.15,29.62,50.02,84.8,54.385000000000005,56.55,MODERATE GROWTH
IZMO,10533653504.0,SMALL CAP,704.0,28.410007,2.7639928,0.11848,3.329,0.16092,0.1577,0.008,0.924,Technology,Technology,Software - Application,2026-05-24,SaaS,0,0,0,24.0,87.62,50.02,74.26,55.81,56.5,MODERATE GROWTH
ADOR,18657558528.0,SMALL CAP,1072.0999755859375,22.776714,3.3653934,0.11848,0.4,0.105299994,0.05824,0.052,0.73,Misc,Industrials,Specialty Industrial Machinery,2026-05-24,Specialty Industrial Machinery,0,0,0,30.54,85.29,50.02,59.17,57.915000000000006,56.46,MODERATE GROWTH
GSLSU,2299213568.0,MICRO CAP,54.25,26.218092,0.760475,0.11848,71.035,-0.02485,-0.075840004,0.287,0.156,Misc,Basic Materials,Building Materials,2026-05-24,Building Materials,0,1,0,79.66,50.04,50.02,10.23,64.85,56.42,MODERATE GROWTH
AFSL,10217995264.0,SMALL CAP,201.1699981689453,9.680943,0.81529516,0.083579995,55.763,0.00182,0.00403,5.354871999999847,0.156,Misc,Financial Services,Capital Markets,2026-05-24,Capital Markets,0,1,0,99.51,50.04,13.6,13.48,74.775,56.41,MODERATE GROWTH
VAIBHAVGBL,36848672768.0,SMALL CAP,220.64999389648438,17.794355,2.5452175,0.11848,15.726,0.10363,0.05797,0.091,0.404,Misc,Consumer Cyclical,Luxury Goods,2026-05-24,Luxury Goods,0,0,0,37.3,78.41,50.02,58.58,57.855,56.36,MODERATE GROWTH
EXCELSOFT,11321978880.0,SMALL CAP,98.37999725341797,23.995121,2.5646505,0.11848,11.581,0.19303,0.18086,0.294,0.101,Technology,Technology,Software - Application,2026-05-24,SaaS,0,1,0,80.21,29.58,50.02,79.15,54.894999999999996,56.35,MODERATE GROWTH
TARMAT,1317377280.0,MICRO CAP,52.560001373291016,38.364964,0.7192906,0.11848,6.468,0.05238,0.03421,0.045,2.833,Industrials,Industrials,Engineering & Construction,2026-05-24,Engineering & EPC,0,0,0,29.6,94.83,50.02,27.64,62.215,56.32,MODERATE GROWTH
INDGN,122213269504.0,MID CAP,508.54998779296875,30.580276,3.8896027,0.13941,4.601,0.12139,0.114259996,0.328,-0.323,Misc,Healthcare,Health Information Services,2026-05-24,Health Information Services,0,0,0,82.45,12.3,83.7,64.18,47.375,56.32,MODERATE GROWTH
HEXT,313291440128.0,MID CAP,514.0499877929688,22.775808,4.618515,0.22272,10.521,0.13288,0.10073,0.126,0.079,Technology,Technology,Information Technology Services,2026-05-24,IT Services,0,0,0,59.31,28.29,94.44,67.24,43.8,56.27,MODERATE GROWTH
JITFINFRA,7313989120.0,MICRO CAP,284.54998779296875,26.218092,-1.3549742,0.11848,29.565,0.14483,-0.01714,0.141,0.156,Industrials,Industrials,Engineering & Construction,2026-05-24,Engineering & EPC,0,1,0,61.89,50.04,50.02,70.85,55.965,56.26,MODERATE GROWTH
KKCL,26853173248.0,SMALL CAP,435.75,18.904556,3.1887336,0.14431,29.565,0.09177,0.117,0.117,0.156,Misc,Consumer Cyclical,Apparel Manufacturing,2026-05-24,Apparel Manufacturing,0,1,0,50.04,50.04,84.76,42.55,50.04,56.24,MODERATE GROWTH
APLLTD,148542750720.0,MID CAP,755.7000122070312,22.025648,2.6181402,0.12356,25.224,0.07541,0.09187,0.044,0.292,Misc,Healthcare,Drug Manufacturers - Specialty & Generic,2026-05-24,Drug Manufacturers - Specialty & Generic,0,0,0,29.45,74.76,80.49,36.52,52.105000000000004,56.22,MODERATE GROWTH
HEIDELBERG,36027580416.0,SMALL CAP,158.97000122070312,25.84878,2.7508695,0.11848,5.868,0.04401,0.06064,0.058,2.0,Misc,Basic Materials,Building Materials,2026-05-24,Building Materials,0,0,0,31.7,93.3,50.02,24.53,62.5,56.21,MODERATE GROWTH
GMRP&UI,84474863616.0,SMALL CAP,108.16000366210938,13.813539,5.488962,0.11848,606.3078499999995,0.10872,0.10697,0.16,0.156,Metals,Energy,Thermal Coal,2026-05-24,Coal,0,1,0,64.58,50.04,50.02,60.31,57.31,56.15,MODERATE GROWTH
VISASTEEL,6986232832.0,MICRO CAP,50.060001373291016,26.218092,-0.40216523,0.11848,29.565,-0.025899999,-0.9244204,0.277,0.156,Misc,Basic Materials,Steel,2026-05-24,Steel,0,1,0,78.82,50.04,50.02,10.11,64.42999999999999,56.12,MODERATE GROWTH
DATAPATTNS,222239555584.0,MID CAP,3969.699951171875,81.96779,12.806063,0.1673,0.304,0.54212004,0.29345,-0.13,0.212,Misc,Industrials,Aerospace & Defense,2026-05-24,Aerospace & Defense,1,0,0,11.97,70.3,88.64,95.85,41.135,56.11,MODERATE GROWTH
PNB,1179865579520.0,LARGE CAP,102.66000366210938,6.41625,0.79247206,0.12985,29.565,0.29405,0.31221,0.152,0.019,Financials,Financial Services,Banks - Regional,2026-05-24,Private Sector Banks,0,0,0,63.54,24.65,81.74,88.28,44.095,56.04,MODERATE GROWTH
GIPCL,23313432576.0,SMALL CAP,150.1999969482422,15.877378,0.66027784,0.11848,79.265,0.12100001,0.30135,0.149,0.156,Misc,Utilities,Utilities - Regulated Electric,2026-05-24,Utilities - Regulated Electric,0,1,0,63.19,50.04,50.02,63.99,56.614999999999995,56.03,MODERATE GROWTH
MARUTI,4083146031104.0,MEGA CAP,12987.0,27.777897,3.8104408,0.14434,0.096,0.08406,0.08008,0.282,-0.064,Automobiles,Consumer Cyclical,Auto Manufacturers,2026-05-24,Passenger Vehicles,0,0,0,79.29,20.85,84.84,39.89,50.07000000000001,56.01,MODERATE GROWTH
LALPATHLAB,272190472192.0,MID CAP,1630.0999755859375,51.55281,11.391812,0.21475,7.831,0.20236,0.18270999,0.166,-0.154,Healthcare,Healthcare,Diagnostics & Research,2026-05-24,Diagnostics,0,0,0,65.65,17.79,93.77,80.25,41.72,55.98,MODERATE GROWTH
ICRA,51924324352.0,SMALL CAP,5381.0,28.090416,4.762389,0.11848,29.565,0.34390998,0.32949,0.041,0.323,Misc,Financial Services,Financial Data & Stock Exchanges,2026-05-24,Financial Data & Stock Exchanges,0,0,0,28.9,76.25,50.02,91.14,52.575,55.92,MODERATE GROWTH
LOVABLE,1053612032.0,MICRO CAP,71.19000244140625,13.769826,0.6164384,0.11848,1.621,-0.00389,0.09189,0.263,0.156,Misc,Consumer Cyclical,Apparel Manufacturing,2026-05-24,Apparel Manufacturing,0,1,0,77.57,50.04,50.02,12.11,63.80499999999999,55.88,MODERATE GROWTH
NINSYS,11974088704.0,SMALL CAP,644.5999755859375,39.066666,15.422158,0.11848,2.589,0.24069001,0.18938999,0.23,0.152,Technology,Technology,Information Technology Services,2026-05-24,IT Services,0,1,0,74.08,32.58,50.02,84.37,53.33,55.77,MODERATE GROWTH
PARADEEP,132044922880.0,MID CAP,127.19000244140625,13.2627735,2.0471263,0.18359,101.822,0.06734,0.04567,0.346,-0.235,Chemicals,Basic Materials,Agricultural Inputs,2026-05-24,Agrochemicals,0,0,0,83.27,14.64,90.69,33.5,48.955,55.76,MODERATE GROWTH
INDIQUBE,34625572864.0,SMALL CAP,163.3300018310547,26.218092,5.989146,-0.251724018,606.3078499999995,0.22388001,-0.06962,0.386,0.156,Misc,Real Estate,Real Estate Services,2026-05-24,Real Estate Services,0,1,0,85.15,50.04,0.53,83.15,67.595,55.74,MODERATE GROWTH
JINDRILL,19411544064.0,SMALL CAP,669.7999877929688,8.19628,1.0663432,0.12358,5.119,0.27912,0.20205,0.26,-0.366,Misc,Energy,Oil & Gas Equipment & Services,2026-05-24,Oil & Gas Equipment & Services,0,0,0,77.21,11.13,80.53,87.15,44.169999999999995,55.74,MODERATE GROWTH
EPIGRAL,53974122496.0,SMALL CAP,1251.0999755859375,16.260721,2.5694158,0.16092,25.751,0.17237,0.13136,0.173,-0.068,Misc,Basic Materials,Chemicals,2026-05-24,Chemicals,0,0,0,66.52,20.69,87.77,76.29,43.605,55.71,MODERATE GROWTH
MUNJALSHOW,5498912768.0,MICRO CAP,137.49000549316406,17.832685,0.8267838,0.11848,29.565,0.0279,0.024260001,0.096,0.832,Automobiles,Consumer Cyclical,Auto Parts,2026-05-24,Auto Components,0,0,0,38.42,86.56,50.02,19.51,62.49,55.7,MODERATE GROWTH
MENONBE,8337071104.0,MICRO CAP,148.77000427246094,26.805405,4.4953766,0.22245,25.159,0.21385999,0.13019,-0.274,0.292,Automobiles,Consumer Cyclical,Auto Parts,2026-05-24,Auto Components,0,0,1,6.9,74.76,94.36,82.09,40.830000000000005,55.66,MODERATE GROWTH
VIDHIING,14721289216.0,SMALL CAP,294.75,30.107252,4.7683372,0.15569,17.578,0.15077,0.12883,0.12,0.114,Chemicals,Basic Materials,Specialty Chemicals,2026-05-24,Specialty Chemicals,0,1,0,58.25,30.27,87.03,72.18,44.26,55.61,MODERATE GROWTH
SURAJEST,10313167872.0,SMALL CAP,215.10000610351562,11.26178,1.040226,0.11848,57.442,0.29042,0.16466999,0.06,0.26,Misc,Real Estate,Real Estate - Development,2026-05-24,Real Estate - Development,0,0,0,31.99,73.1,50.02,87.93,52.544999999999995,55.58,MODERATE GROWTH
ESCORTS,322534277120.0,MID CAP,2931.39990234375,23.585163,2.7134025,0.120220006,1.309,0.104940005,0.20746,0.214,0.006,Misc,Industrials,Farm & Heavy Construction Machinery,2026-05-24,Farm & Heavy Construction Machinery,0,0,0,72.2,24.14,79.74,59.09,48.17,55.58,MODERATE GROWTH
JSWINFRA,572351315968.0,LARGE CAP,274.6000061035156,37.71978,5.253592,0.13948,59.002,0.40138,0.28412,0.179,-0.181,Misc,Industrials,Marine Shipping,2026-05-24,Marine Shipping,0,0,0,67.65,16.61,83.78,93.06,42.13,55.55,MODERATE GROWTH
INTLCONV,4921341952.0,MICRO CAP,77.16000366210938,6.3245907,1.2492512,0.17397,17.291,0.08986,0.25149,0.586,-0.694,Misc,Industrials,Specialty Industrial Machinery,2026-05-24,Specialty Industrial Machinery,0,0,0,91.03,4.35,89.69,41.85,47.69,55.51,MODERATE GROWTH
MAXHEALTH,995871686656.0,LARGE CAP,1023.25,69.46708,9.962225,0.14333001,32.367,0.22559,0.17226,0.122,0.073,Misc,Healthcare,Medical Care Facilities,2026-05-24,Medical Care Facilities,0,0,0,58.52,27.86,84.52,83.23,43.19,55.46,MODERATE GROWTH
RAMKY,30350151680.0,SMALL CAP,438.6000061035156,13.587361,1.476375,0.11848,27.608,0.12508,0.122200005,0.065,0.393,Industrials,Industrials,Engineering & Construction,2026-05-24,Engineering & EPC,0,0,0,32.97,78.21,50.02,65.32,55.589999999999996,55.45,MODERATE GROWTH
DLINKINDIA,16374836224.0,SMALL CAP,461.20001220703125,15.724515,3.2410176,0.21211,2.928,0.07485,0.06646,0.2,0.005,Misc,Technology,Communication Equipment,2026-05-24,Communication Equipment,0,0,0,70.55,24.08,93.42,36.32,47.315,55.44,MODERATE GROWTH
SUNDARAM,663428864.0,MICRO CAP,1.399999976158142,70.0,0.8484849,0.11848,30.884,0.0401,0.00871,0.221,0.156,Misc,Basic Materials,Paper & Paper Products,2026-05-24,Paper & Paper Products,0,1,0,73.04,50.04,50.02,23.28,61.540000000000006,55.41,MODERATE GROWTH
WINDMACHIN,26272208896.0,SMALL CAP,287.75,510.0120439999895,3.32413,0.11848,5.437,-0.01609,-0.028199999,0.252,0.156,Misc,Industrials,Specialty Industrial Machinery,2026-05-24,Specialty Industrial Machinery,0,1,0,76.45,50.04,50.02,11.01,63.245000000000005,55.38,MODERATE GROWTH
SHADOWFAX,117698969600.0,MID CAP,201.27999877929688,92.75576,7.0550294,0.092889994,14.161,0.037019998,0.02658,0.736,0.156,Misc,Industrials,Integrated Freight & Logistics,2026-05-24,Integrated Freight & Logistics,0,1,0,93.26,50.04,14.81,22.37,71.65,55.35,MODERATE GROWTH
TARIL,93231505408.0,SMALL CAP,310.6000061035156,35.21542,6.92886,0.19334999,29.595,0.14242,0.10539,0.157,-0.041,Misc,Industrials,Electrical Equipment & Parts,2026-05-24,Electrical Equipment & Parts,0,0,0,64.05,21.71,91.52,70.34,42.879999999999995,55.35,MODERATE GROWTH
SMLMAH,55941595136.0,SMALL CAP,3865.60009765625,34.96382,10.769518,0.35421002,55.669,0.08579001,0.05629,0.164,0.023,Automobiles,Consumer Cyclical,Auto Manufacturers,2026-05-24,Passenger Vehicles,0,0,0,65.32,24.98,98.32,40.75,45.15,55.34,MODERATE GROWTH
GRAPHITE,144695164928.0,MID CAP,740.5999755859375,43.84843,2.4787054,0.11848,4.572,0.02804,0.121800005,0.228,0.156,Misc,Industrials,Electrical Equipment & Parts,2026-05-24,Electrical Equipment & Parts,0,1,0,73.86,50.04,50.02,19.57,61.95,55.33,MODERATE GROWTH
TRANSRAILL,68101373952.0,SMALL CAP,507.25,15.699473,3.2874484,0.11848,39.105,0.118039995,0.06285,0.326,0.094,Industrials,Industrials,Engineering & Construction,2026-05-24,Engineering & EPC,0,0,0,82.27,29.17,50.02,63.24,55.72,55.33,MODERATE GROWTH
MAXIND,8118459392.0,MICRO CAP,154.57000732421875,26.218092,1.7289903,0.11848,43.616,-0.59386003,-0.80635,0.274,0.156,Misc,Healthcare,Medical Care Facilities,2026-05-24,Medical Care Facilities,0,1,0,78.53,50.04,50.02,3.02,64.285,55.31,MODERATE GROWTH
EKC,12901639168.0,SMALL CAP,114.9800033569336,11.283612,1.0008793,0.11848,15.317,0.125,0.07446,-0.005,0.975,Misc,Industrials,Specialty Industrial Machinery,2026-05-24,Specialty Industrial Machinery,0,0,0,22.39,88.21,50.02,65.24,55.3,55.24,MODERATE GROWTH
JSWCEMENT,185079758848.0,MID CAP,137.99000549316406,26.218092,2.7752304,0.11848,75.362,0.12573,-0.17023,0.132,0.156,Misc,Basic Materials,Building Materials,2026-05-24,Building Materials,0,1,0,60.34,50.04,50.02,65.6,55.19,55.2,MODERATE GROWTH
THEMISMED,9315298304.0,MICRO CAP,100.29000091552734,26.218092,2.4466941,0.11848,25.148,0.07994,-0.05159,-0.039,17.040096699999964,Misc,Healthcare,Drug Manufacturers - Specialty & Generic,2026-05-24,Drug Manufacturers - Specialty & Generic,0,0,0,18.65,99.51,50.02,38.44,59.08,55.2,MODERATE GROWTH
BLUESTONE,72295268352.0,SMALL CAP,474.5,456.25003,4.01143,0.00971,110.033,0.1027,0.0060900003,0.477,0.156,Misc,Consumer Cyclical,Luxury Goods,2026-05-24,Luxury Goods,0,1,0,88.48,50.04,4.43,58.31,69.26,55.2,MODERATE GROWTH
BTML,1215558144.0,MICRO CAP,6.690000057220459,133.8,1.2830839,0.11848,32.08,0.08911,0.055689998,1.312,-0.071,Misc,Communication Services,Entertainment,2026-05-24,Entertainment,0,0,0,96.57,20.61,50.02,41.65,58.589999999999996,55.18,MODERATE GROWTH
JAINREC,132806279168.0,MID CAP,384.8500061035156,37.040424,9.134171,0.28672,81.887,0.03399,0.03391,0.264,-0.128,Misc,Basic Materials,Other Industrial Metals & Mining,2026-05-24,Other Industrial Metals & Mining,0,0,0,77.66,18.5,96.75,21.67,48.08,55.17,MODERATE GROWTH
IFGLEXPOR,12220931072.0,SMALL CAP,169.5500030517578,42.3875,1.0744342,0.11848,19.053,0.00659,0.01551,0.237,0.156,Misc,Basic Materials,Building Materials,2026-05-24,Building Materials,0,1,0,74.98,50.04,50.02,13.99,62.510000000000005,55.16,MODERATE GROWTH
BAJAJHLDNG,1166689828864.0,LARGE CAP,10483.0,12.106479,1.59471,0.12624,0.07653,0.40881002,0.9940124999999989,-0.483,0.493,Financials,Financial Services,Asset Management,2026-05-24,Asset Management Companies,0,0,0,3.41,81.01,81.03,93.5,42.21,55.1,MODERATE GROWTH
QUESS,30275461120.0,SMALL CAP,202.74000549316406,13.661725,2.5923512,0.19714001,10.656,0.01946,0.014479999,0.117,0.156,Misc,Industrials,Staffing & Employment Services,2026-05-24,Staffing & Employment Services,0,1,0,50.04,50.04,91.85,16.87,50.04,55.08,MODERATE GROWTH
21STCENMGM,338520032.0,MICRO CAP,32.2400016784668,26.218092,0.7131797,0.11848,29.565,0.8848054185939996,0.0,0.117,0.156,Misc,Financial Services,Capital Markets,2026-05-24,Capital Markets,0,1,0,50.04,50.04,50.02,99.51,50.04,54.98,SLOW GROWTH
TNTELE,410672192.0,MICRO CAP,8.989999771118164,26.218092,-0.21502548,0.11848,29.565,0.8848054185939996,0.0,0.117,0.156,Misc,Technology,Communication Equipment,2026-05-24,Communication Equipment,0,1,0,50.04,50.04,50.02,99.51,50.04,54.98,SLOW GROWTH
RHFL,1058843008.0,MICRO CAP,2.1700000762939453,26.218092,-2.818182,0.11848,29.565,0.8848054185939996,0.0,0.117,0.156,Misc,Financial Services,Mortgage Finance,2026-05-24,Mortgage Finance,0,1,0,50.04,50.04,50.02,99.51,50.04,54.98,SLOW GROWTH
IFCI,163652648960.0,MID CAP,60.7400016784668,88.02899,1.8830606,0.11848,29.565,0.8848054185939996,0.0,0.117,0.156,Financials,Financial Services,Credit Services,2026-05-24,NBFC – Lending,0,1,0,50.04,50.04,50.02,99.51,50.04,54.98,SLOW GROWTH
DHRUV,587963584.0,MICRO CAP,31.0,26.218092,0.57779765,0.11848,22.271,0.8848054185939996,-0.4241,0.117,0.156,Industrials,Industrials,Engineering & Construction,2026-05-24,Engineering & EPC,0,1,0,50.04,50.04,50.02,99.51,50.04,54.98,SLOW GROWTH
TRU,725057408.0,MICRO CAP,6.099999904632568,26.218092,0.6616052,0.11848,301.695,0.8848054185939996,0.0,0.117,0.156,Financials,Financial Services,Credit Services,2026-05-24,NBFC – Lending,0,1,0,50.04,50.04,50.02,99.51,50.04,54.98,SLOW GROWTH
FLEXITUFF,229431408.0,MICRO CAP,6.989999771118164,26.218092,-0.98798585,0.11848,29.565,0.8848054185939996,-0.9244204,0.117,0.156,Misc,Consumer Cyclical,Textile Manufacturing,2026-05-24,Textile Manufacturing,0,1,0,50.04,50.04,50.02,99.51,50.04,54.98,SLOW GROWTH
TCIFINANCE,170174368.0,MICRO CAP,13.220000267028809,26.218092,-0.22332591,0.11848,29.565,0.8848054185939996,0.0,0.117,0.156,Financials,Financial Services,Credit Services,2026-05-24,NBFC – Lending,0,1,0,50.04,50.04,50.02,99.51,50.04,54.98,SLOW GROWTH
RAMCOSYS,17649158144.0,SMALL CAP,469.8999938964844,78.71022,5.4154034,0.11848,14.863,0.103590004,0.03295,0.14,0.156,Technology,Technology,Software - Application,2026-05-24,SaaS,0,1,0,61.7,50.04,50.02,58.54,55.870000000000005,54.97,SLOW GROWTH
KARMAENG,525737056.0,MICRO CAP,45.439998626708984,24.042328,1.2570543,0.11848,4.177,-2.03982,0.22162001,0.268,0.156,Energy,Utilities,Utilities - Renewable,2026-05-24,Power Generation – Renewable,0,1,0,78.0,50.04,50.02,1.49,64.02,54.97,SLOW GROWTH
UMESLTD,128843000.0,MICRO CAP,4.820000171661377,37.076927,0.99484015,0.11848,2.889,0.4637,0.48792,0.746,-0.5,Misc,Consumer Defensive,Education & Training Services,2026-05-24,Education & Training Services,0,0,0,93.38,7.97,50.02,94.83,50.675,54.96,SLOW GROWTH
DAVANGERE,6291959808.0,MICRO CAP,4.400000095367432,88.0,0.12782152,0.11848,46.8,0.12372,0.040120002,0.13,0.156,Misc,Consumer Defensive,Confectioners,2026-05-24,Confectioners,0,1,0,59.8,50.04,50.02,64.93,54.92,54.94,SLOW GROWTH
JETFREIGHT,955453888.0,MICRO CAP,20.59000015258789,24.22353,1.3632151,0.100710005,104.6,0.050040003,0.015319999,0.114,8.332,Misc,Industrials,Integrated Freight & Logistics,2026-05-24,Integrated Freight & Logistics,0,1,0,41.75,97.96,16.77,26.88,69.85499999999999,54.94,SLOW GROWTH
INFOMEDIA,300663072.0,MICRO CAP,5.989999771118164,26.218092,-0.46785906,0.11848,29.565,0.86275,0.0,0.117,0.156,Misc,Financial Services,Shell Companies,2026-05-24,Shell Companies,0,1,0,50.04,50.04,50.02,98.79,50.04,54.91,SLOW GROWTH
AVADHSUGAR,9414663168.0,MICRO CAP,470.29998779296875,16.42109,0.8861062,0.11848,56.04,0.06185,0.02716,0.035,1.478,Misc,Consumer Defensive,Confectioners,2026-05-24,Confectioners,0,0,0,28.08,91.3,50.02,31.11,59.69,54.9,SLOW GROWTH
AYE,34334976000.0,SMALL CAP,140.42999267578125,14.612903,1.2245271,0.0924,199.987,0.33492002,0.19490999,0.085,0.791,Financials,Financial Services,Credit Services,2026-05-24,NBFC – Lending,0,0,0,36.44,86.05,14.73,90.63,61.245,54.88,SLOW GROWTH
BEML,152443863040.0,MID CAP,1830.300048828125,61.357697,5.44502,0.11848,23.787,-0.01629,0.05919,0.237,0.156,Misc,Industrials,Conglomerates,2026-05-24,Conglomerates,0,1,0,74.98,50.04,50.02,10.97,62.510000000000005,54.86,SLOW GROWTH
KINGFA,69595832320.0,SMALL CAP,5135.7001953125,40.16031,5.3759346,0.11848,1.438,0.13354,0.089049995,0.111,0.166,Chemicals,Basic Materials,Specialty Chemicals,2026-05-24,Specialty Chemicals,0,1,0,41.11,67.79,50.02,67.44,54.45,54.86,SLOW GROWTH
VLSFINANCE,7245961216.0,MICRO CAP,230.9199981689453,13.7370615,0.3033097,0.11848,0.07653,0.77385,0.61292,0.117,0.156,Misc,Financial Services,Capital Markets,2026-05-24,Capital Markets,0,1,0,50.04,50.04,50.02,97.92,50.04,54.82,SLOW GROWTH
NIACL,271326724096.0,MID CAP,164.63999938964844,19.18881,0.70269185,0.03421,29.565,0.05451,0.028380001,0.137,0.608,Financials,Financial Services,Insurance - Diversified,2026-05-24,General Insurance,0,1,0,61.32,83.05,7.21,28.45,72.185,54.82,SLOW GROWTH
IITL,3901853696.0,MICRO CAP,173.0500030517578,70.34553,0.8673055,0.11848,0.692,0.69211,0.27151,0.117,0.156,Financials,Financial Services,Credit Services,2026-05-24,NBFC – Lending,0,1,0,50.04,50.04,50.02,97.49,50.04,54.78,SLOW GROWTH
DCW,13878189056.0,SMALL CAP,47.02000045776367,28.846626,1.2966741,0.04571,26.985,0.062649995,0.02247,0.132,0.564,Misc,Basic Materials,Chemicals,2026-05-24,Chemicals,0,1,0,60.34,82.27,8.54,31.39,71.305,54.76,SLOW GROWTH
LGBBROSLTD,49299804160.0,SMALL CAP,1545.5999755859375,15.455999,2.2881572,0.15689,10.719,0.10306,0.103640005,0.218,-0.17,Automobiles,Consumer Cyclical,Auto Parts,2026-05-24,Auto Components,0,0,0,72.67,17.2,87.23,58.42,44.935,54.74,SLOW GROWTH
BEL,3044888281088.0,MEGA CAP,416.54998779296875,50.247284,12.693115,0.27556,0.273,0.2747,0.21956,0.117,0.045,Misc,Industrials,Aerospace & Defense,2026-05-24,Aerospace & Defense,1,0,0,50.04,26.27,96.28,86.87,38.155,54.65,SLOW GROWTH
NIRLON,55828127744.0,SMALL CAP,619.5,16.977253,12.032164,0.11848,247.177,0.69381,0.50123,0.053,0.189,Misc,Real Estate,Real Estate Services,2026-05-24,Real Estate Services,0,0,0,30.84,68.83,50.02,97.53,49.835,54.64,SLOW GROWTH
STYRENIX,39130660864.0,SMALL CAP,2223.800048828125,21.36831,3.139134,0.14432,40.115,0.11622,0.05293,-0.108,0.309,Misc,Basic Materials,Chemicals,2026-05-24,Chemicals,0,0,0,13.99,75.69,84.8,62.81,44.839999999999996,54.63,SLOW GROWTH
SPANDANA,22876968960.0,SMALL CAP,258.0899963378906,26.218092,0.88134354,-0.251724018,185.142,0.047399998,0.0,2.56,0.156,Financials,Financial Services,Credit Services,2026-05-24,NBFC – Lending,0,1,0,98.28,50.04,0.53,26.02,74.16,54.62,SLOW GROWTH
HPIL,1512666496.0,MICRO CAP,132.41000366210938,136.50516,2.9597425,0.11848,73.098,0.0277,0.00889,0.113,0.462,Chemicals,Basic Materials,Specialty Chemicals,2026-05-24,Specialty Chemicals,0,1,0,41.54,80.25,50.02,19.36,60.894999999999996,54.57,SLOW GROWTH
UNIECOM,9664609280.0,MICRO CAP,86.0,48.314606,5.225105,0.1555,4.907,0.11587,0.10012,0.166,-0.017,Technology,Technology,Software - Application,2026-05-24,SaaS,0,0,0,65.65,22.65,86.93,62.7,44.150000000000006,54.56,SLOW GROWTH
AKASH,480076320.0,MICRO CAP,28.469999313354492,20.049295,0.56883115,0.11848,102.888,0.13567,0.037100002,-0.215,17.0,Industrials,Industrials,Engineering & Construction,2026-05-24,Engineering & EPC,0,0,0,8.72,98.98,50.02,68.14,53.85,54.51,SLOW GROWTH
CLSEL,13261822976.0,SMALL CAP,266.70001220703125,13.125001,1.7430918,0.11848,8.804,0.11557,0.07329,0.09,0.242,Misc,Consumer Defensive,Packaged Foods,2026-05-24,Packaged Foods,0,0,0,37.13,72.02,50.02,62.62,54.575,54.47,SLOW GROWTH
MOHITIND,325765792.0,MICRO CAP,23.010000228881836,26.218092,0.19868064,0.11848,40.091,-0.01249,-0.009190001,0.227,0.156,Misc,Consumer Cyclical,Textile Manufacturing,2026-05-24,Textile Manufacturing,0,1,0,73.77,50.04,50.02,11.32,61.905,54.47,SLOW GROWTH
PRABHA,23907487744.0,SMALL CAP,163.11000061035156,26.218092,5.4758787,0.0014,37.627,0.08996,0.073850006,0.608,0.156,Misc,Energy,Oil & Gas E&P,2026-05-24,Oil & Gas E&P,0,1,0,91.58,50.04,3.49,41.89,70.81,54.45,SLOW GROWTH
RAJSREESUG,1189568256.0,MICRO CAP,35.900001525878906,26.218092,0.48899424,0.0043099998,126.178,0.24923,0.00207,0.089,1.669,Misc,Consumer Defensive,Confectioners,2026-05-24,Confectioners,0,0,0,36.95,92.16,3.64,85.03,64.555,54.42,SLOW GROWTH
QUICKHEAL,10726401024.0,SMALL CAP,197.72999572753906,191.97087,2.449852,0.11848,29.565,-0.04389,0.02076,0.013,17.040096699999964,Technology,Technology,Software - Application,2026-05-24,SaaS,0,0,0,24.73,99.51,50.02,9.13,62.120000000000005,54.4,SLOW GROWTH
IPCALAB,406459514880.0,MID CAP,1602.0999755859375,44.639175,4.9356127,0.11848,14.425,0.17796,0.09571,0.066,0.236,Misc,Healthcare,Drug Manufacturers - Specialty & Generic,2026-05-24,Drug Manufacturers - Specialty & Generic,0,0,0,33.19,71.55,50.02,77.19,52.37,54.38,SLOW GROWTH
MOLDTECH,3495501056.0,MICRO CAP,121.3499984741211,30.56675,2.703937,0.08211,4.004,-0.00763,0.055549998,0.857,0.156,Industrials,Industrials,Engineering & Construction,2026-05-24,Engineering & EPC,0,1,0,94.24,50.04,13.4,11.72,72.14,54.35,SLOW GROWTH
CLEANMAX,131128680448.0,MID CAP,1120.0,125.0,4.260564,0.019609999,229.641,0.30664,0.04921,0.251,0.156,Energy,Utilities,Utilities - Renewable,2026-05-24,Power Generation – Renewable,0,1,0,76.31,50.04,5.98,89.11,63.175,54.33,SLOW GROWTH
PAUSHAKLTD,11226292224.0,SMALL CAP,455.29998779296875,28.563362,2.337065,0.082229994,15.666,0.15996,0.17992,0.053,3.092,Chemicals,Basic Materials,Specialty Chemicals,2026-05-24,Specialty Chemicals,0,0,0,30.84,95.45,13.48,74.14,63.145,54.31,SLOW GROWTH
MEDICO,3969954560.0,MICRO CAP,47.84000015258789,34.17143,5.928129,0.11848,18.737,0.060349997,0.06077,0.486,0.094,Misc,Healthcare,Drug Manufacturers - Specialty & Generic,2026-05-24,Drug Manufacturers - Specialty & Generic,0,0,0,88.6,29.17,50.02,30.53,58.885,54.28,SLOW GROWTH
SONATSOFTW,74153238528.0,SMALL CAP,267.8999938964844,16.003584,3.8963304,0.25724,37.962,0.072280005,0.0434,-0.031,0.218,Technology,Technology,Information Technology Services,2026-05-24,IT Services,0,0,0,19.67,70.65,95.65,35.31,45.160000000000004,54.27,SLOW GROWTH
SURANASOL,1317260672.0,MICRO CAP,26.770000457763672,510.0120439999895,2.3159444,0.02183,29.565,-0.03484,0.059499998,4.402,0.156,Misc,Technology,Solar,2026-05-24,Solar,0,1,0,98.75,50.04,6.23,9.44,74.395,54.27,SLOW GROWTH
VASWANI,1778295808.0,MICRO CAP,53.88999938964844,199.59258,1.1334049,0.11848,174.83,0.00986,0.00191,0.214,0.156,Misc,Basic Materials,Steel,2026-05-24,Steel,0,1,0,72.2,50.04,50.02,14.73,61.120000000000005,54.26,SLOW GROWTH
SONAMLTD,2337468416.0,MICRO CAP,58.38999938964844,36.955696,3.507539,0.11848,30.114,0.08349,0.04403,0.508,0.038,Misc,Consumer Cyclical,"Furnishings, Fixtures & Appliances",2026-05-24,"Furnishings, Fixtures & Appliances",0,0,0,89.24,25.72,50.02,39.73,57.48,54.21,SLOW GROWTH
IIFLCAPS,106681958400.0,MID CAP,342.54998779296875,20.079132,3.7816563,0.20198,59.292,0.26115,0.24367,0.12,-0.111,Misc,Financial Services,Capital Markets,2026-05-24,Capital Markets,0,0,0,58.25,19.2,92.55,85.93,38.725,54.21,SLOW GROWTH
MALUPAPER,563028544.0,MICRO CAP,32.220001220703125,26.218092,-3.149868,0.11848,29.565,-0.058179997,-0.061329998,0.226,0.156,Misc,Basic Materials,Paper & Paper Products,2026-05-24,Paper & Paper Products,0,1,0,73.65,50.04,50.02,8.7,61.845,54.17,SLOW GROWTH
PETRONET,408525045760.0,MID CAP,272.3500061035156,10.438866,1.8328466,0.18559,10.507,0.17536,0.089949995,-0.233,0.253,Misc,Energy,Oil & Gas Refining & Marketing,2026-05-24,Oil & Gas Refining & Marketing,0,0,1,8.23,72.53,90.99,76.92,40.38,54.16,SLOW GROWTH
TARAPUR,419250272.0,MICRO CAP,21.5,26.218092,155.7971,0.11848,606.3078499999995,0.34857,0.0,0.117,0.156,Misc,Industrials,Specialty Industrial Machinery,2026-05-24,Specialty Industrial Machinery,0,1,0,50.04,50.04,50.02,91.26,50.04,54.16,SLOW GROWTH
GOPAL,36403568640.0,SMALL CAP,292.04998779296875,49.499996,8.394895,0.11848,14.964,0.05,0.00296,0.018,1.884,Misc,Consumer Defensive,Packaged Foods,2026-05-24,Packaged Foods,0,0,0,25.51,92.99,50.02,26.84,59.25,54.16,SLOW GROWTH
EPL,69180407808.0,SMALL CAP,216.0,17.792421,2.4154317,0.15077,33.579,0.123950005,0.08165,0.177,-0.099,Misc,Consumer Cyclical,Packaging & Containers,2026-05-24,Packaging & Containers,0,0,0,67.14,19.73,86.09,65.01,43.435,54.12,SLOW GROWTH
MURUDCERA,2033109888.0,MICRO CAP,33.58000183105469,16.222223,0.540854,0.11848,34.717,0.06548,0.05998,0.019,1.429,Misc,Industrials,Building Products & Equipment,2026-05-24,Building Products & Equipment,0,0,0,25.74,90.87,50.02,32.64,58.305,54.08,SLOW GROWTH
FINCABLES,157711040512.0,MID CAP,1031.199951171875,23.147026,2.766725,0.11848,0.377,0.08919,0.11418,0.352,0.114,Misc,Industrials,Electrical Equipment & Parts,2026-05-24,Electrical Equipment & Parts,0,1,0,83.66,30.27,50.02,41.69,56.964999999999996,54.05,SLOW GROWTH
NBCC,256013991936.0,MID CAP,94.81999969482422,39.181816,9.560395,0.11848,0.07653,0.06555,0.049689997,0.095,0.392,Industrials,Industrials,Engineering & Construction,2026-05-24,Engineering & EPC,0,0,0,38.24,78.17,50.02,32.68,58.205,54.02,SLOW GROWTH
ICICIGI,911162671104.0,LARGE CAP,1826.199951171875,33.113327,5.661126,0.17851,29.565,0.101339996,0.10264,0.122,0.067,Financials,Financial Services,Insurance - Diversified,2026-05-24,General Insurance,0,0,0,58.52,27.63,90.13,58.11,43.075,53.99,SLOW GROWTH
HIRECT,33122809856.0,SMALL CAP,963.6500244140625,70.44225,15.888705,0.21110001,118.871,0.01632,0.045050003,0.512,-0.549,Misc,Industrials,Electrical Equipment & Parts,2026-05-24,Electrical Equipment & Parts,0,0,0,89.46,6.7,93.34,15.89,48.08,53.91,SLOW GROWTH
ASHOKA,34652475392.0,SMALL CAP,123.44000244140625,3.258048784,0.82321876,0.11848,44.43,0.21544,0.34372002,-0.235,2.225,Industrials,Industrials,Engineering & Construction,2026-05-24,Engineering & EPC,0,0,0,8.17,93.77,50.02,82.21,50.97,53.9,SLOW GROWTH
MKPL,1901225088.0,MICRO CAP,5.039999961853027,22.90909,2.5518987,0.11848,2.694,0.02507,0.02268,1.269,0.0,Misc,Consumer Defensive,Packaged Foods,2026-05-24,Packaged Foods,0,0,0,96.39,23.67,50.02,18.61,60.03,53.89,SLOW GROWTH
BHARTIARTL,11399580352512.0,MEGA CAP,1871.4000244140625,42.196167,7.339687,0.19358999,99.718,0.32227,0.12652999,0.157,-0.34,Telecom,Communication Services,Telecom Services,2026-05-24,Telecom Services,0,0,0,64.05,11.85,91.61,90.05,37.949999999999996,53.89,SLOW GROWTH
SHARDAMOTR,48974536704.0,SMALL CAP,853.0999755859375,14.51344,4.285083,0.11848,4.414,0.10153,0.10707,0.278,0.106,Automobiles,Consumer Cyclical,Auto Parts,2026-05-24,Auto Components,0,1,0,78.88,29.82,50.02,58.15,54.349999999999994,53.86,SLOW GROWTH
OMFREIGHT,2999134720.0,MICRO CAP,89.05999755859375,15.7349825,1.5741657,0.11848,14.352,0.041139998,0.04231,0.023,1.654,Misc,Industrials,Integrated Freight & Logistics,2026-05-24,Integrated Freight & Logistics,0,0,0,26.51,92.08,50.02,23.43,59.295,53.85,SLOW GROWTH
QUADFUTURE,11354000384.0,SMALL CAP,283.8500061035156,26.218092,4.220002,0.11848,9.292,-0.46101,-0.27392998,0.232,0.156,Misc,Industrials,Railroads,2026-05-24,Railroads,0,1,0,74.22,50.04,50.02,3.53,62.129999999999995,53.85,SLOW GROWTH
VIKRAN,16712635392.0,SMALL CAP,64.80000305175781,22.736843,1.159877,0.10755,24.318,0.14974,0.07242,0.821,0.085,Industrials,Industrials,Engineering & Construction,2026-05-24,Engineering & EPC,0,0,0,94.08,28.64,18.34,72.02,61.36,53.82,SLOW GROWTH
CAMS,187773861888.0,MID CAP,757.2000122070312,39.519833,14.211178,0.38694,4.863,0.39238,0.31394,0.11,0.106,Technology,Technology,Information Technology Services,2026-05-24,IT Services,0,1,0,40.93,29.82,98.79,92.79,35.375,53.8,SLOW GROWTH
TIMKEN,282085294080.0,MID CAP,3750.199951171875,68.024666,10.195027,0.14407,0.5,0.19529,0.118269995,0.161,-0.153,Misc,Industrials,Tools & Accessories,2026-05-24,Tools & Accessories,0,0,0,64.77,17.83,84.68,79.47,41.3,53.79,SLOW GROWTH
ASHOKLEY,929302577152.0,LARGE CAP,158.2100067138672,28.101244,7.3661423,0.11848,327.886,0.19577,0.06152,0.236,0.066,Misc,Industrials,Farm & Heavy Construction Machinery,2026-05-24,Farm & Heavy Construction Machinery,0,0,0,74.76,27.51,50.02,79.55,51.135000000000005,53.75,SLOW GROWTH
TEAMLEASE,23171293184.0,SMALL CAP,1382.199951171875,17.729605,2.4153483,0.14261,10.971,0.01847,0.011779999,0.032,0.256,Misc,Industrials,Staffing & Employment Services,2026-05-24,Staffing & Employment Services,0,0,0,27.8,72.75,84.4,16.61,50.275,53.73,SLOW GROWTH
MAHLOG,35154522112.0,SMALL CAP,354.29998779296875,510.0120439999895,4.4580617,0.01279,46.725,0.02527,0.00033,0.201,0.289,Misc,Industrials,Integrated Freight & Logistics,2026-05-24,Integrated Freight & Logistics,0,1,0,70.71,74.55,4.94,18.69,72.63,53.7,SLOW GROWTH
VENUSREM,14480742400.0,SMALL CAP,1082.050048828125,18.976675,2.433624,0.11848,2.42,0.17175,0.10854,0.019,0.361,Misc,Healthcare,Drug Manufacturers - Specialty & Generic,2026-05-24,Drug Manufacturers - Specialty & Generic,0,0,0,25.74,77.19,50.02,76.18,51.464999999999996,53.65,SLOW GROWTH
VCL,251740544.0,MICRO CAP,1.3700000047683716,4.151515,1.4668094,0.11848,63.082,0.26063,0.36863998,0.117,0.156,Misc,Consumer Cyclical,Textile Manufacturing,2026-05-24,Textile Manufacturing,0,1,0,50.04,50.04,50.02,85.82,50.04,53.61,SLOW GROWTH
RAMCOCEM,216101191680.0,MID CAP,914.5499877929688,37.589394,2.8610442,0.08996,47.827,0.07414,0.07703,0.094,4.521,Misc,Basic Materials,Building Materials,2026-05-24,Building Materials,0,0,0,37.93,96.55,14.42,36.13,67.24,53.56,SLOW GROWTH
RPSGVENT,30039150592.0,SMALL CAP,907.9000244140625,26.218092,1.1338928,0.11848,135.449,0.075279996,-0.00856,0.156,0.156,Technology,Technology,Information Technology Services,2026-05-24,IT Services,0,1,0,63.89,50.04,50.02,36.48,56.965,53.53,SLOW GROWTH
PAISALO,45767139328.0,SMALL CAP,50.31999969482422,19.206108,2.7312202,0.11848,226.216,0.63885,0.45058998,0.2,0.043,Financials,Financial Services,Credit Services,2026-05-24,NBFC – Lending,0,0,0,70.55,26.1,50.02,97.02,48.325,53.53,SLOW GROWTH
AERONEU,2344340480.0,MICRO CAP,90.87999725341797,159.4386,2.204327,0.11848,27.163,0.04117,0.01714,-0.045,17.040096699999964,Misc,Consumer Cyclical,Packaging & Containers,2026-05-24,Packaging & Containers,0,0,0,18.14,99.51,50.02,23.47,58.825,53.53,SLOW GROWTH
PIGL,2168542208.0,MICRO CAP,102.44000244140625,15.289553,1.4622797,0.11848,21.323,0.11853,0.062480003,0.458,-0.129,Industrials,Industrials,Engineering & Construction,2026-05-24,Engineering & EPC,0,0,0,87.77,18.44,50.02,63.4,53.105,53.52,SLOW GROWTH
BELLACASA,3178861824.0,MICRO CAP,237.4499969482422,15.851135,2.0108225,0.11848,49.781,0.074889995,0.05066,0.112,0.252,Misc,Consumer Cyclical,Textile Manufacturing,2026-05-24,Textile Manufacturing,0,1,0,41.34,72.43,50.02,36.36,56.885000000000005,53.46,SLOW GROWTH
SUPREME,1890460800.0,MICRO CAP,48.720001220703125,26.218092,0.33973238,0.00062,1.06,-0.36181998,0.05055,5.354871999999847,0.156,Misc,Real Estate,Real Estate - Development,2026-05-24,Real Estate - Development,0,1,0,99.51,50.04,3.41,4.04,74.775,53.43,SLOW GROWTH
MCLEODRUSS,7569907200.0,MICRO CAP,72.47000122070312,26.218092,11.892025,0.11848,606.3078499999995,-0.01646,-0.18936001,0.202,0.156,Misc,Consumer Defensive,Packaged Foods,2026-05-24,Packaged Foods,0,1,0,70.87,50.04,50.02,10.91,60.455,53.41,SLOW GROWTH
LICI,5141906849792.0,MEGA CAP,812.9500122070312,8.9522085,4.2219763,0.11848,29.565,0.06466,0.05973,0.161,0.156,Financials,Financial Services,Insurance - Life,2026-05-24,Life Insurance,0,1,0,64.77,50.04,50.02,32.25,57.405,53.41,SLOW GROWTH
BLUESTARCO,340708098048.0,MID CAP,1657.199951171875,64.50758,9.923413,0.16222,23.588,0.068280004,0.04255,0.013,0.171,Misc,Industrials,Building Products & Equipment,2026-05-24,Building Products & Equipment,0,0,0,24.73,67.93,87.89,33.82,46.330000000000005,53.39,SLOW GROWTH
TRANSWORLD,3559315968.0,MICRO CAP,162.10000610351562,26.218092,0.52843136,0.11848,44.768,-0.15781,0.106429994,0.212,0.156,Misc,Industrials,Marine Shipping,2026-05-24,Marine Shipping,0,1,0,72.06,50.04,50.02,6.15,61.05,53.35,SLOW GROWTH
GMRAIRPORT,1012077821952.0,LARGE CAP,95.8499984741211,26.218092,-32.51357,0.11848,29.565,0.31302,-0.02654,0.505,-0.455,Misc,Industrials,Airports & Air Services,2026-05-24,Airports & Air Services,0,0,0,89.11,9.13,50.02,89.54,49.12,53.34,SLOW GROWTH
MBEL,16784432128.0,SMALL CAP,293.70001220703125,17.327433,2.6928155,0.11848,19.131,0.10466,0.07783,0.071,0.256,Industrials,Industrials,Engineering & Construction,2026-05-24,Engineering & EPC,0,0,0,34.21,72.75,50.02,59.05,53.480000000000004,53.34,SLOW GROWTH
JOCIL,1205882496.0,MICRO CAP,135.77999877929688,19.67826,0.57513183,0.11848,2.606,0.00769,0.00641,0.194,0.156,Chemicals,Basic Materials,Specialty Chemicals,2026-05-24,Specialty Chemicals,0,1,0,69.57,50.04,50.02,14.15,59.80499999999999,53.28,SLOW GROWTH
GNFC,74440155136.0,SMALL CAP,506.6000061035156,9.215936,0.86090434,0.091350004,0.07653,0.18252,0.10395,0.074,0.871,Misc,Basic Materials,Chemicals,2026-05-24,Chemicals,0,0,0,34.78,86.91,14.62,77.66,60.845,53.28,SLOW GROWTH
WOCKPHARMA,255990185984.0,MID CAP,1575.4000244140625,120.44343,5.593825,0.04005,42.284,0.14819,0.06315,0.26,0.156,Misc,Healthcare,Drug Manufacturers - Specialty & Generic,2026-05-24,Drug Manufacturers - Specialty & Generic,0,1,0,77.21,50.04,7.88,71.55,63.625,53.27,SLOW GROWTH
AEGISLOG,254281957376.0,MID CAP,724.4500122070312,33.004555,4.2779026,0.11848,28.45,0.14162,0.103369996,0.011,0.424,Misc,Energy,Oil & Gas Refining & Marketing,2026-05-24,Oil & Gas Refining & Marketing,0,0,0,24.35,79.08,50.02,69.95,51.715,53.2,SLOW GROWTH
ROLEXRINGS,39063461888.0,SMALL CAP,143.44000244140625,27.69112,3.3514802,0.123459995,29.565,0.15326001,0.1182,0.077,0.156,Misc,Industrials,Metal Fabrication,2026-05-24,Metal Fabrication,0,0,0,35.15,50.04,80.37,72.81,42.595,53.17,SLOW GROWTH
PWL,313479495680.0,MID CAP,109.62000274658203,26.218092,50.284405,0.11848,67.044,0.12047,-0.066939995,0.337,-0.027,Misc,Consumer Defensive,Education & Training Services,2026-05-24,Education & Training Services,0,0,0,82.8,22.26,50.02,63.87,52.53,53.16,SLOW GROWTH
ORIENTCEM,28024725504.0,SMALL CAP,136.39999389648438,8.296836,1.3583492,0.17082001,3.377,0.09719,0.120900005,-0.216,0.317,Misc,Basic Materials,Building Materials,2026-05-24,Building Materials,0,0,0,8.64,76.0,89.22,56.76,42.32,53.14,SLOW GROWTH
RPGLIFE,37938843648.0,SMALL CAP,2293.89990234375,18.727243,6.2667327,0.20278999,3.304,0.15314999,0.16278,0.236,-0.745,Misc,Healthcare,Drug Manufacturers - Specialty & Generic,2026-05-24,Drug Manufacturers - Specialty & Generic,0,0,0,74.76,3.15,92.67,72.65,38.955000000000005,53.07,SLOW GROWTH
DREDGECORP,29813000192.0,SMALL CAP,1064.75,26.218092,2.1723917,0.0038800002,88.388,0.23199,0.00392,0.038,5.438,Industrials,Industrials,Engineering & Construction,2026-05-24,Engineering & EPC,0,0,0,28.51,97.02,3.61,83.66,62.765,53.02,SLOW GROWTH
ZENSARTECH,110817992704.0,MID CAP,488.79998779296875,14.513063,2.348092,0.11848,1.68,0.14679,0.072670005,0.067,0.192,Technology,Technology,Information Technology Services,2026-05-24,IT Services,0,0,0,33.35,69.14,50.02,71.12,51.245000000000005,52.99,SLOW GROWTH
JAICORPLTD,20209399808.0,SMALL CAP,115.1500015258789,11.738022,1.3824359,0.11848,0.07653,0.18885,0.25906,-0.017,0.429,Chemicals,Basic Materials,Specialty Chemicals,2026-05-24,Specialty Chemicals,0,0,0,21.02,79.25,50.02,78.68,50.135,52.97,SLOW GROWTH
SOLARA,26404036608.0,SMALL CAP,548.0999755859375,26.218092,1.8693851,-0.0063,54.682,0.09263,-0.0053899996,0.436,0.156,Misc,Healthcare,Drug Manufacturers - Specialty & Generic,2026-05-24,Drug Manufacturers - Specialty & Generic,0,1,0,87.15,50.04,3.17,42.95,68.595,52.95,SLOW GROWTH
RHIM,81413185536.0,SMALL CAP,394.25,47.38582,2.0327404,0.11848,10.315,0.085530005,0.042779997,0.08,0.3,Misc,Industrials,Metal Fabrication,2026-05-24,Metal Fabrication,0,0,0,35.7,75.2,50.02,40.67,55.45,52.89,SLOW GROWTH
GRASIM,2139838611456.0,MEGA CAP,3155.300048828125,43.105194,2.148402,0.06287,134.138,0.17288,0.02831,0.105,0.608,Misc,Basic Materials,Building Materials,2026-05-24,Building Materials,0,1,0,40.11,83.05,10.42,76.45,61.58,52.84,SLOW GROWTH
DCMSHRIRAM,172173901824.0,MID CAP,1111.9000244140625,20.323524,2.2494528,0.11617,37.802,0.0674,0.063039996,0.11,1.067,Misc,Industrials,Conglomerates,2026-05-24,Conglomerates,0,1,0,40.93,88.85,20.1,33.54,64.89,52.8,SLOW GROWTH
NITCO,23154485248.0,SMALL CAP,96.2699966430664,80.899155,7.999169,0.093760006,86.275,-0.03127,0.05218,0.511,0.156,Misc,Industrials,Building Products & Equipment,2026-05-24,Building Products & Equipment,0,1,0,89.42,50.04,15.05,9.76,69.73,52.8,SLOW GROWTH
NACLIND,37038555136.0,SMALL CAP,158.1199951171875,510.0120439999895,6.9844074,0.00823,45.68,0.01222,0.0028799998,0.792,0.156,Chemicals,Basic Materials,Agricultural Inputs,2026-05-24,Agrochemicals,0,1,0,93.81,50.04,4.15,15.13,71.925,52.69,SLOW GROWTH
KALAMANDIR,15205043200.0,SMALL CAP,103.19000244140625,10.793933,1.2040278,0.11781,28.658,0.11299,0.08522,0.051,1.413,Misc,Consumer Cyclical,Apparel Retail,2026-05-24,Apparel Retail,0,0,0,30.31,90.79,20.53,61.95,60.550000000000004,52.69,SLOW GROWTH
ICICIAMC,1596356165632.0,LARGE CAP,3229.800048828125,48.30691,38.26052,0.4211870819999994,29.565,0.73064005,0.54963,0.082,0.104,Financials,Financial Services,Asset Management,2026-05-24,Asset Management Companies,0,0,0,36.09,29.66,99.51,97.61,32.875,52.68,SLOW GROWTH
OLECTRA,99128901632.0,SMALL CAP,1207.699951171875,69.44796,8.827958,0.11848,32.542,0.121070005,0.020079998,0.288,0.002,Misc,Industrials,Farm & Heavy Construction Machinery,2026-05-24,Farm & Heavy Construction Machinery,0,0,0,79.7,23.94,50.02,64.03,51.82,52.68,SLOW GROWTH
HEADSUP,156344864.0,MICRO CAP,7.079999923706055,3.7263157,0.830109,0.11848,29.565,0.1718,0.26614,0.117,0.156,Misc,Consumer Cyclical,Apparel Retail,2026-05-24,Apparel Retail,0,1,0,50.04,50.04,50.02,76.21,50.04,52.65,SLOW GROWTH
TCS,8384194019328.0,MEGA CAP,2317.300048828125,17.035213,7.3863587,0.4211870819999994,10.389,0.25288,0.18429,0.096,0.122,Technology,Technology,Information Technology Services,2026-05-24,IT Services,0,0,1,38.42,30.74,99.51,85.27,34.58,52.64,SLOW GROWTH
HEMIPROP,40989532160.0,SMALL CAP,143.75999450683594,26.218092,9.0929785,-0.02696,20.144,-1.9550799,-0.9244204,2.732,0.156,Misc,Real Estate,Real Estate - Diversified,2026-05-24,Real Estate - Diversified,0,1,0,98.35,50.04,2.39,1.53,74.195,52.57,SLOW GROWTH
ASTRAZEN,214687498240.0,MID CAP,8587.5,106.38627,26.867086,0.11848,4.354,0.06702,0.092259996,0.389,0.057,Misc,Healthcare,Drug Manufacturers - Specialty & Generic,2026-05-24,Drug Manufacturers - Specialty & Generic,0,0,0,85.27,26.8,50.02,33.21,56.035,52.55,SLOW GROWTH
UNIONBANK,1226873110528.0,LARGE CAP,160.72000122070312,6.31761,0.9362748,0.15708,29.565,-4.298535952029998,0.35658002,0.117,0.156,Financials,Financial Services,Banks - Regional,2026-05-24,Private Sector Banks,0,1,0,50.04,50.04,87.26,0.53,50.04,52.53,SLOW GROWTH
NAHARPOLY,6279773184.0,MICRO CAP,255.39999389648438,8.66644,0.7364263,0.11848,11.21,0.07288,0.05886,-0.032,1.565,Misc,Consumer Cyclical,Packaging & Containers,2026-05-24,Packaging & Containers,0,0,0,19.53,91.77,50.02,35.54,55.65,52.51,SLOW GROWTH
DODLA,64116396032.0,SMALL CAP,1062.800048828125,24.039812,3.829234,0.17337,3.405,0.02957,0.064720005,0.181,0.026,Consumer,Consumer Defensive,Food Distribution,2026-05-24,FMCG – Food,0,0,0,67.91,25.1,89.62,20.3,46.504999999999995,52.51,SLOW GROWTH
INOXWIND,162990112768.0,MID CAP,94.30999755859375,34.545788,1.8524847,0.11848,15.713,0.18948,0.113350004,0.325,-0.18,Misc,Industrials,Specialty Industrial Machinery,2026-05-24,Specialty Industrial Machinery,0,0,0,82.19,16.73,50.02,78.76,49.46,52.5,SLOW GROWTH
MUNJALAU,8986000384.0,MICRO CAP,89.86000061035156,18.413935,2.0811524,0.11848,87.847,0.041389998,0.022230001,0.16,0.156,Automobiles,Consumer Cyclical,Auto Parts,2026-05-24,Auto Components,0,1,0,64.58,50.04,50.02,23.59,57.31,52.48,SLOW GROWTH
LAGNAM,1433662592.0,MICRO CAP,81.13999938964844,9.823244,1.1912208,0.11848,289.472,0.08217,0.02479,0.03,0.571,Misc,Consumer Cyclical,Textile Manufacturing,2026-05-24,Textile Manufacturing,0,0,0,27.51,82.45,50.02,39.22,54.980000000000004,52.41,SLOW GROWTH
TEAMGTY,2302695680.0,MICRO CAP,256.04998779296875,108.495766,4.72958,0.11848,29.565,0.32326,0.41388,0.603,-0.703,Financials,Financial Services,Asset Management,2026-05-24,Asset Management Companies,0,0,0,91.44,3.96,50.02,90.09,47.699999999999996,52.4,SLOW GROWTH
HYBRIDFIN,544571136.0,MICRO CAP,18.5,16.371681,1.2436138,0.11848,1.604,0.35443002,0.66796,-0.052,0.364,Misc,Financial Services,Capital Markets,2026-05-24,Capital Markets,0,0,0,17.61,77.33,50.02,91.58,47.47,52.39,SLOW GROWTH
KAMDHENU,6968147968.0,MICRO CAP,24.719999313354492,8.892086,1.8942528,0.11848,0.156,0.11788,0.103520006,-0.035,0.644,Misc,Basic Materials,Steel,2026-05-24,Steel,0,0,0,19.1,83.89,50.02,63.17,51.495000000000005,52.37,SLOW GROWTH
AURUM,13685292032.0,SMALL CAP,179.49000549316406,510.0120439999895,2.1850655,-0.02928,44.065,0.01946,-0.027420001,0.759,0.156,Misc,Real Estate,Real Estate Services,2026-05-24,Real Estate Services,0,1,0,93.44,50.04,2.31,16.87,71.74,52.37,SLOW GROWTH
PARACABLES,18132514816.0,SMALL CAP,59.40999984741211,31.268421,2.4426444,0.11848,15.807,0.12354,0.03665,0.232,0.078,Misc,Technology,Communication Equipment,2026-05-24,Communication Equipment,0,0,0,74.22,28.23,50.02,64.85,51.225,52.35,SLOW GROWTH
NCLIND,7618558976.0,MICRO CAP,168.42999267578125,12.6259365,0.8563308,0.11848,35.688,0.083380006,0.04282,-0.111,3.439,Misc,Basic Materials,Building Materials,2026-05-24,Building Materials,0,0,0,13.7,95.89,50.02,39.66,54.795,52.33,SLOW GROWTH
FLAIR,31096903680.0,SMALL CAP,295.04998779296875,23.032785,2.883826,0.11848,5.464,0.13677,0.110039994,0.201,0.119,Misc,Industrials,Business Equipment & Supplies,2026-05-24,Business Equipment & Supplies,0,1,0,70.71,30.56,50.02,68.5,50.635,52.3,SLOW GROWTH
JINDALSTEL,1231058894848.0,LARGE CAP,1209.9000244140625,36.497738,2.47811,0.067719996,43.613,0.12809,0.06327,0.23,0.156,Misc,Basic Materials,Steel,2026-05-24,Steel,0,1,0,74.08,50.04,11.21,66.14,62.06,52.3,SLOW GROWTH
SUVEN,70004629504.0,SMALL CAP,265.45001220703125,26.218092,10.131293,-0.251724018,2.823,-4.298535952029998,0.0,4.656,0.156,Misc,Healthcare,Drug Manufacturers - Specialty & Generic,2026-05-24,Drug Manufacturers - Specialty & Generic,0,1,0,98.94,50.04,0.53,0.53,74.49,52.3,SLOW GROWTH
RSL,10944856064.0,SMALL CAP,130.97000122070312,27.457024,5.1094294,0.11848,49.64,0.08444,0.04498,0.074,0.288,Misc,Basic Materials,Steel,2026-05-24,Steel,0,0,0,34.78,74.43,50.02,40.13,54.605000000000004,52.24,SLOW GROWTH
KIRIINDUS,25966190592.0,SMALL CAP,398.45001220703125,3.258048784,0.68271816,0.11848,37.3,-0.34857,0.9940124999999989,-0.028,17.040096699999964,Chemicals,Basic Materials,Specialty Chemicals,2026-05-24,Specialty Chemicals,0,0,0,19.93,99.51,50.02,4.15,59.72,52.22,SLOW GROWTH
RELCHEMQ,920691904.0,MICRO CAP,122.05000305175781,17.190142,0.6589106,0.11848,180.277,0.08542,0.015039999,-0.112,3.077,Misc,Consumer Cyclical,Textile Manufacturing,2026-05-24,Textile Manufacturing,0,0,0,13.58,95.42,50.02,40.54,54.5,52.21,SLOW GROWTH
ORKLAINDIA,86878576640.0,SMALL CAP,634.2000122070312,30.490387,3.318664,0.10967,2.284,0.13648,0.113850005,0.05,1.063,Misc,Consumer Defensive,Packaged Foods,2026-05-24,Packaged Foods,0,0,0,30.17,88.75,18.73,68.38,59.46,52.21,SLOW GROWTH
INDNIPPON,17985163264.0,SMALL CAP,795.0499877929688,18.281214,2.2908869,0.11848,29.565,0.14819999,0.09809,0.117,0.156,Automobiles,Consumer Cyclical,Auto Parts,2026-05-24,Auto Components,0,1,0,50.04,50.04,50.02,71.59,50.04,52.19,SLOW GROWTH
INNOVISION,7295202816.0,MICRO CAP,306.3500061035156,24.866072,5.65806,0.11848,110.069,0.0497,0.0373,0.021,0.845,Misc,Industrials,Staffing & Employment Services,2026-05-24,Staffing & Employment Services,0,0,0,26.12,86.76,50.02,26.76,56.440000000000005,52.19,SLOW GROWTH
ALGOQUANT,16888250368.0,SMALL CAP,60.08000183105469,6.9698377,15.373593,0.11848,23.755,0.19264,0.84235,0.051,0.16,Misc,Financial Services,Capital Markets,2026-05-24,Capital Markets,0,0,0,30.31,67.57,50.02,79.08,48.94,52.17,SLOW GROWTH
SAMPANN,1291512576.0,MICRO CAP,26.459999084472656,19.03597,2.77533,0.21290001,210.951,0.04652,0.04753,0.405,-0.813,Chemicals,Basic Materials,Specialty Chemicals,2026-05-24,Specialty Chemicals,0,0,0,85.99,2.31,93.53,25.59,44.15,52.17,SLOW GROWTH
SUBROS,47357894656.0,SMALL CAP,725.9500122070312,28.569462,4.0914035,0.1486,6.009,0.05836,0.044109996,0.156,0.069,Automobiles,Consumer Cyclical,Auto Parts,2026-05-24,Auto Components,0,0,0,63.89,27.7,85.58,29.98,45.795,52.17,SLOW GROWTH
VADILALIND,31122583552.0,SMALL CAP,4329.89990234375,25.444555,3.963901,0.11848,25.978,0.01609,0.08926,0.167,0.156,Misc,Consumer Defensive,Packaged Foods,2026-05-24,Packaged Foods,0,1,0,65.87,50.04,50.02,15.79,57.955,52.15,SLOW GROWTH
CURAA,876150016.0,MICRO CAP,88.5,26.218092,11.119487,0.11848,55.07,0.14262,-0.68138003,0.117,0.156,Technology,Technology,Software - Application,2026-05-24,SaaS,0,1,0,50.04,50.04,50.02,70.42,50.04,52.07,SLOW GROWTH
FINKURVE,9581644800.0,MICRO CAP,68.37000274658203,42.73125,2.932447,0.09413,244.293,0.35525,0.16176,0.027,0.867,Financials,Financial Services,Credit Services,2026-05-24,NBFC – Lending,0,0,0,27.04,86.87,15.2,91.65,56.955,52.07,SLOW GROWTH
AARON,2496191744.0,MICRO CAP,119.16999816894531,35.67964,5.6082635,0.14835,57.079,0.15100001,0.07388,0.133,-0.138,Misc,Industrials,Specialty Industrial Machinery,2026-05-24,Specialty Industrial Machinery,0,0,0,60.6,18.24,85.54,72.3,39.42,51.93,SLOW GROWTH
GALLANTT,166483853312.0,MID CAP,690.0,34.36255,5.0210304,0.11848,29.565,0.13781,0.11146,0.117,0.156,Misc,Basic Materials,Steel,2026-05-24,Steel,0,1,0,50.04,50.04,50.02,69.0,50.04,51.93,SLOW GROWTH
TASTYBITE,19422054400.0,SMALL CAP,7569.0,54.645878,6.093035,0.11848,20.737,0.13742,0.06058,0.002,0.342,Misc,Consumer Defensive,Packaged Foods,2026-05-24,Packaged Foods,0,0,0,23.33,76.72,50.02,68.77,50.025,51.9,SLOW GROWTH
TPHQ,570034176.0,MICRO CAP,0.5199999809265137,8.666667,0.6557377,0.11848,29.565,0.14173001,0.0,-0.811,10.612,Industrials,Industrials,Engineering & Construction,2026-05-24,Engineering & EPC,0,0,0,1.06,98.43,50.02,70.02,49.745000000000005,51.83,SLOW GROWTH
APEX,14029687808.0,SMALL CAP,448.95001220703125,42.554504,2.7545989,0.11848,7.972,0.039809998,0.03447,0.145,0.156,Misc,Consumer Defensive,Farm Products,2026-05-24,Farm Products,0,1,0,62.77,50.04,50.02,23.04,56.405,51.79,SLOW GROWTH
WEWIN,576941568.0,MICRO CAP,56.779998779296875,12.424507,1.8697313,0.15142,10.825,0.0233,0.048070002,0.517,-0.707,Technology,Technology,Information Technology Services,2026-05-24,IT Services,0,0,0,89.66,3.82,86.29,18.06,46.739999999999995,51.78,SLOW GROWTH
TVSSRICHAK,27321884672.0,SMALL CAP,3568.199951171875,60.974026,2.3648663,0.11848,68.917,0.04567,0.01285,0.142,0.156,Automobiles,Consumer Cyclical,Auto Parts,2026-05-24,Auto Components,0,1,0,62.13,50.04,50.02,25.04,56.085,51.77,SLOW GROWTH
TICL,3530900224.0,MICRO CAP,22.780000686645508,5.994737,1.1630163,0.11848,29.565,0.07733,0.62202,0.382,0.0,Industrials,Industrials,Engineering & Construction,2026-05-24,Engineering & EPC,0,0,0,84.99,23.67,50.02,37.34,54.33,51.77,SLOW GROWTH
MOTOGENFIN,1054259008.0,MICRO CAP,27.020000457763672,79.47059,1.3819559,0.11848,29.565,0.13176,0.12891,0.117,0.156,Misc,Real Estate,Real Estate Services,2026-05-24,Real Estate Services,0,1,0,50.04,50.04,50.02,66.97,50.04,51.73,SLOW GROWTH
ROSSELLIND,2017892352.0,MICRO CAP,53.529998779296875,11.462526,0.90353614,0.11848,29.565,0.13187,0.080579996,0.117,0.156,Misc,Industrials,Conglomerates,2026-05-24,Conglomerates,0,1,0,50.04,50.04,50.02,67.01,50.04,51.73,SLOW GROWTH
RATEGAIN,84374970368.0,SMALL CAP,714.4500122070312,43.484478,4.643658,0.11848,0.823,0.110080004,0.13093,0.938,-0.528,Technology,Technology,Software - Application,2026-05-24,SaaS,0,0,0,94.67,7.09,50.02,61.01,50.88,51.72,SLOW GROWTH
STYLEBAAZA,25642252288.0,SMALL CAP,343.6499938964844,38.91846,5.614462,0.10977,221.076,-0.00079,0.02546,0.346,0.156,Misc,Consumer Cyclical,Apparel Retail,2026-05-24,Apparel Retail,0,1,0,83.27,50.04,18.81,12.66,66.655,51.69,SLOW GROWTH
SHAKTIPUMP,62315974656.0,SMALL CAP,505.0,24.036173,3.830749,0.17969999,29.625,0.08675,0.09548,0.286,-0.662,Misc,Industrials,Specialty Industrial Machinery,2026-05-24,Specialty Industrial Machinery,0,0,0,79.62,4.7,90.2,40.91,42.160000000000004,51.64,SLOW GROWTH
TFL,729738368.0,MICRO CAP,13.239999771118164,26.218092,2.4840524,-0.13848,107.02,-0.1193,-0.3449,0.942,0.156,Misc,Financial Services,Mortgage Finance,2026-05-24,Mortgage Finance,0,1,0,94.75,50.04,1.25,6.86,72.395,51.61,SLOW GROWTH
GNA,16081878016.0,SMALL CAP,374.6000061035156,13.7568865,1.707057,0.11848,29.565,0.12595001,0.0785,0.117,0.156,Automobiles,Consumer Cyclical,Auto Parts,2026-05-24,Auto Components,0,1,0,50.04,50.04,50.02,65.67,50.04,51.6,SLOW GROWTH
MOTISONS,11930961920.0,SMALL CAP,11.90999984741211,26.218092,2.4766064,0.13962,7.795,0.095740005,0.12849,0.206,-0.216,Misc,Consumer Cyclical,Luxury Goods,2026-05-24,Luxury Goods,0,0,0,71.41,15.52,83.86,43.81,43.464999999999996,51.58,SLOW GROWTH
GOACARBON,3641203456.0,MICRO CAP,397.8999938964844,26.218092,2.159261,-0.24976,99.272,0.043109998,-0.06805,0.521,0.156,Chemicals,Basic Materials,Specialty Chemicals,2026-05-24,Specialty Chemicals,0,1,0,89.77,50.04,1.06,24.2,69.905,51.57,SLOW GROWTH
MONEYBOXX,5070940160.0,MICRO CAP,72.63999938964844,26.218092,1.7155544,0.11848,246.36,0.01505,-0.038110003,0.092,0.333,Financials,Financial Services,Credit Services,2026-05-24,NBFC – Lending,0,0,0,37.5,76.61,50.02,15.56,57.055,51.5,SLOW GROWTH
GLOBECIVIL,2694521344.0,MICRO CAP,45.119998931884766,17.488373,1.2360288,0.11848,66.902,0.12043,0.06159,0.117,0.156,Industrials,Industrials,Engineering & Construction,2026-05-24,Engineering & EPC,0,1,0,50.04,50.04,50.02,63.83,50.04,51.42,SLOW GROWTH
GOODYEAR,16933123072.0,SMALL CAP,734.0999755859375,29.853598,2.9441018,0.11848,4.835,0.04933,0.02301,-0.039,1.599,Automobiles,Consumer Cyclical,Auto Parts,2026-05-24,Auto Components,0,0,0,18.65,91.97,50.02,26.68,55.31,51.39,SLOW GROWTH
ACL,5079606784.0,MICRO CAP,55.11000061035156,26.218092,6.296127,-0.251724018,606.3078499999995,-0.06515,-0.14846,0.817,0.156,Misc,Basic Materials,Building Materials,2026-05-24,Building Materials,0,1,0,94.04,50.04,0.53,8.42,72.04,51.38,SLOW GROWTH
MANYAVAR,100932747264.0,MID CAP,415.3999938964844,26.886732,5.860113,0.20025998,23.295,0.33791,0.26162001,0.087,0.131,Misc,Consumer Cyclical,Apparel Manufacturing,2026-05-24,Apparel Manufacturing,0,0,1,36.72,31.31,92.2,90.75,34.015,51.33,SLOW GROWTH
SUNFLAG,67987787776.0,SMALL CAP,377.25,32.161125,0.79482293,0.11848,6.787,0.107370004,0.05529,0.057,0.198,Misc,Basic Materials,Steel,2026-05-24,Steel,0,0,0,31.45,69.47,50.02,59.95,50.46,51.32,SLOW GROWTH
PRECOT,8791199744.0,MICRO CAP,732.5999755859375,21.78412,1.8294647,0.11848,72.242,0.11477,0.03255,0.117,0.156,Misc,Consumer Cyclical,Textile Manufacturing,2026-05-24,Textile Manufacturing,0,1,0,50.04,50.04,50.02,62.46,50.04,51.28,SLOW GROWTH
HPL,23540408320.0,SMALL CAP,366.1000061035156,24.212963,2.466466,0.11848,77.475,0.11892,0.05454,0.208,0.075,Misc,Industrials,Electrical Equipment & Parts,2026-05-24,Electrical Equipment & Parts,0,0,0,71.69,28.06,50.02,63.48,49.875,51.26,SLOW GROWTH
SAGARDEEP,403748672.0,MICRO CAP,23.670000076293945,20.23077,1.2442832,0.11848,39.666,0.00854,0.0152199995,0.432,0.056,Metals,Basic Materials,Copper,2026-05-24,Copper,0,0,0,87.05,26.7,50.02,14.38,56.875,51.25,SLOW GROWTH
KSHINTL,48272547840.0,SMALL CAP,712.4500122070312,51.292297,11.545878,0.11848,139.569,0.05178,0.036229998,0.585,-0.119,Misc,Industrials,Electrical Equipment & Parts,2026-05-24,Electrical Equipment & Parts,0,0,0,90.99,18.91,50.02,27.43,54.949999999999996,51.21,SLOW GROWTH
BGRENERGY,21323741184.0,SMALL CAP,295.5,26.218092,-1.1019623,0.11848,29.565,-2.44718,-0.9244204,0.177,0.156,Industrials,Industrials,Engineering & Construction,2026-05-24,Engineering & EPC,0,1,0,67.14,50.04,50.02,1.33,58.59,51.15,SLOW GROWTH
ONEPOINT,15891577856.0,SMALL CAP,60.540000915527344,44.514706,3.789197,0.11848,12.498,0.15447,0.12901,0.177,0.1,Misc,Industrials,Specialty Business Services,2026-05-24,Specialty Business Services,0,0,0,67.14,29.53,50.02,73.08,48.335,51.15,SLOW GROWTH
ORIENTHOT,17704536064.0,SMALL CAP,99.12999725341797,26.086842,2.5600433,0.094119996,17.135,0.21787001,0.1376,0.046,0.661,Misc,Consumer Cyclical,Lodging,2026-05-24,Lodging,0,0,0,29.7,84.19,15.16,82.33,56.945,51.13,SLOW GROWTH
IGL,217714229248.0,MID CAP,155.50999450683594,14.047877,1.9402369,0.11848,0.903,0.083330005,0.10422,0.082,0.206,Misc,Utilities,Utilities - Regulated Gas,2026-05-24,Utilities - Regulated Gas,0,0,0,36.09,69.87,50.02,39.62,52.980000000000004,51.05,SLOW GROWTH
NGIL,692833024.0,MICRO CAP,38.88999938964844,44.19318,2.117615,0.11848,41.959,0.07328,-0.03632,-0.252,17.040096699999964,Misc,Consumer Defensive,Packaged Foods,2026-05-24,Packaged Foods,0,0,0,7.54,99.51,50.02,35.66,53.525000000000006,51.04,SLOW GROWTH
ATHERENERG,338479939584.0,MID CAP,883.7999877929688,26.218092,13.142398,-0.251724018,25.819,-0.10333,-0.14085001,0.737,0.156,Automobiles,Consumer Cyclical,Auto Manufacturers,2026-05-24,Passenger Vehicles,0,1,0,93.32,50.04,0.53,7.21,71.67999999999999,51.0,SLOW GROWTH
KOTARISUG,2136867712.0,MICRO CAP,25.780000686645508,32.225,0.688918,0.11848,23.787,-0.15675999,0.07606,0.164,0.156,Misc,Consumer Defensive,Confectioners,2026-05-24,Confectioners,0,1,0,65.32,50.04,50.02,6.19,57.67999999999999,51.0,SLOW GROWTH
GICHSGFIN,8101892608.0,MICRO CAP,150.4499969482422,5.941943,0.38456428,0.07606,432.907,0.58451,0.39066002,0.043,0.524,Misc,Financial Services,Mortgage Finance,2026-05-24,Mortgage Finance,0,0,0,29.25,81.7,12.54,96.59,55.475,51.0,SLOW GROWTH
NRAIL,7764964352.0,MICRO CAP,456.25,17.759829,0.95259476,0.054970004,100.63,0.06523,0.02015,0.301,0.156,Misc,Basic Materials,Paper & Paper Products,2026-05-24,Paper & Paper Products,0,1,0,80.84,50.04,9.64,32.56,65.44,50.99,SLOW GROWTH
TOLINS,4082447616.0,MICRO CAP,103.33000183105469,12.900125,1.2394445,0.11848,4.609,0.14035,0.11306,0.338,-0.256,Automobiles,Consumer Cyclical,Auto Parts,2026-05-24,Auto Components,0,0,0,82.97,14.11,50.02,69.63,48.54,50.94,SLOW GROWTH
RADHIKAJWE,6824168448.0,MICRO CAP,57.77000045776367,8.421283,1.8974578,0.20758,14.612,0.055949997,0.11684,0.236,-0.449,Misc,Consumer Cyclical,Luxury Goods,2026-05-24,Luxury Goods,0,0,0,74.76,9.25,93.1,29.0,42.005,50.92,SLOW GROWTH
VIDYAWIRES,18884950016.0,SMALL CAP,88.79000091552734,32.763836,7.5986304,0.11848,99.197,0.050580002,0.03131,0.293,0.091,Misc,Industrials,Electrical Equipment & Parts,2026-05-24,Electrical Equipment & Parts,0,0,0,80.09,29.0,50.02,27.0,54.545,50.89,SLOW GROWTH
BYKE,1887282688.0,MICRO CAP,36.099998474121094,32.81818,0.81707484,0.0294,46.179,0.15547,0.061979998,0.051,1.285,Misc,Consumer Cyclical,Lodging,2026-05-24,Lodging,0,0,0,30.31,90.16,6.94,73.28,60.235,50.88,SLOW GROWTH
IRB,266078355456.0,MID CAP,22.030000686645508,31.47143,1.3236797,0.04171,95.6,0.41042998,0.10827,0.073,0.434,Misc,Industrials,Infrastructure Operations,2026-05-24,Infrastructure Operations,0,0,0,34.58,79.43,7.95,93.65,57.005,50.86,SLOW GROWTH
GRAVITA,119430684672.0,MID CAP,1639.699951171875,31.544825,4.8693495,0.16680999,29.934,0.094069995,0.08881,0.131,-0.032,Misc,Industrials,Metal Fabrication,2026-05-24,Metal Fabrication,0,0,0,60.05,22.04,88.56,43.44,41.045,50.79,SLOW GROWTH
DIVISLAB,1828282040320.0,LARGE CAP,6887.0,73.53192,11.854679,0.16187,0.07653,0.28753,0.24318,0.095,0.136,Misc,Healthcare,Drug Manufacturers - Specialty & Generic,2026-05-24,Drug Manufacturers - Specialty & Generic,1,0,0,38.24,31.52,87.85,87.66,34.88,50.75,SLOW GROWTH
BCLIND,10292344832.0,SMALL CAP,34.869998931884766,8.761306,1.2040329,0.11848,74.479,0.076079994,0.03995,-0.013,0.677,Misc,Consumer Defensive,Beverages - Wineries & Distilleries,2026-05-24,Beverages - Wineries & Distilleries,0,0,0,21.45,84.38,50.02,36.83,52.915,50.73,SLOW GROWTH
PASHUPATI,14466036736.0,SMALL CAP,91.6500015258789,98.548386,9.032227,0.11848,56.803,0.01781,0.022739999,-0.035,1.754,Misc,Consumer Cyclical,Textile Manufacturing,2026-05-24,Textile Manufacturing,0,0,0,19.1,92.55,50.02,16.46,55.825,50.73,SLOW GROWTH
DTIL,1447713280.0,MICRO CAP,137.77999877929688,26.218092,0.19723742,0.11848,42.832,-0.04459,-0.0277,0.153,0.156,Misc,Consumer Defensive,Packaged Foods,2026-05-24,Packaged Foods,0,1,0,63.68,50.04,50.02,9.05,56.86,50.71,SLOW GROWTH
INNOVANA,7386982912.0,MICRO CAP,357.54998779296875,15.86995,4.3897557,0.14918,20.735,0.0854,0.26202,0.323,-0.843,Technology,Technology,Software - Application,2026-05-24,SaaS,0,0,0,82.07,2.0,85.78,40.48,42.035,50.63,SLOW GROWTH
BEDMUTHA,3508374784.0,MICRO CAP,108.73999786376953,26.218092,2.4648094,-0.00035999998,151.954,0.02569,-4.0000003e-05,0.446,0.156,Misc,Basic Materials,Steel,2026-05-24,Steel,0,1,0,87.32,50.04,3.33,18.77,68.67999999999999,50.62,SLOW GROWTH
DECCANCE,8341466112.0,MICRO CAP,595.5,26.24504,1.1186312,0.11848,101.902,0.0247,0.05884,0.133,0.156,Misc,Basic Materials,Building Materials,2026-05-24,Building Materials,0,1,0,60.6,50.04,50.02,18.53,55.32,50.58,SLOW GROWTH
MAZDA,3897065216.0,MICRO CAP,194.61000061035156,14.555722,1.6548469,0.11848,29.565,0.20528,0.13345,0.013,0.175,Misc,Industrials,Specialty Industrial Machinery,2026-05-24,Specialty Industrial Machinery,0,0,0,24.73,68.06,50.02,80.76,46.395,50.56,SLOW GROWTH
MCL,1673625088.0,MICRO CAP,61.65999984741211,36.270588,3.3753011,0.11848,112.554,0.0381,0.01721,0.607,-0.152,Metals,Basic Materials,Copper,2026-05-24,Copper,0,0,0,91.54,17.87,50.02,22.61,54.705000000000005,50.56,SLOW GROWTH
NELCAST,11898291200.0,SMALL CAP,136.3800048828125,25.39665,1.9831612,0.11848,29.565,0.08154,0.05761,0.273,0.044,Misc,Industrials,Metal Fabrication,2026-05-24,Metal Fabrication,0,0,0,78.39,26.18,50.02,39.07,52.285,50.51,SLOW GROWTH
MTNL,18446399488.0,SMALL CAP,29.280000686645508,26.218092,-0.06405853,0.11848,29.565,-0.75521004,0.0,0.161,0.156,Telecom,Communication Services,Telecom Services,2026-05-24,Telecom Services,0,1,0,64.77,50.04,50.02,2.59,57.405,50.45,SLOW GROWTH
KPITTECH,204456263680.0,MID CAP,751.0499877929688,32.261597,5.7741094,0.1973,23.624,0.15857,0.09874,0.12,-0.335,Technology,Technology,Software - Infrastructure,2026-05-24,Software Products,0,0,0,58.25,12.07,91.89,73.86,35.16,50.38,SLOW GROWTH
PONNIERODE,2616928512.0,MICRO CAP,304.3500061035156,5.4494185,0.48811117,0.08731,29.565,0.16674,0.11574,-0.052,4.886,Misc,Consumer Defensive,Confectioners,2026-05-24,Confectioners,0,0,0,17.61,96.75,14.07,75.24,57.18,50.36,SLOW GROWTH
INDIAMART,122027900928.0,MID CAP,2030.0,25.774504,5.081199,0.20703,0.962,0.31066,0.30253,0.139,-0.723,Misc,Communication Services,Internet Content & Information,2026-05-24,Internet Content & Information,1,0,0,61.58,3.49,93.06,89.34,32.535,50.32,SLOW GROWTH
DONEAR,4740320256.0,MICRO CAP,91.16000366210938,14.046226,1.8574516,0.11848,155.524,0.08225001,0.04275,-0.017,0.605,Misc,Consumer Cyclical,Textile Manufacturing,2026-05-24,Textile Manufacturing,0,0,0,21.02,82.95,50.02,39.26,51.985,50.32,SLOW GROWTH
DOMS,133751021568.0,MID CAP,2203.89990234375,58.474396,12.168377,0.11848,13.64,0.13665,0.09945,0.182,0.065,Misc,Industrials,Business Equipment & Supplies,2026-05-24,Business Equipment & Supplies,0,0,0,68.1,27.37,50.02,68.42,47.735,50.26,SLOW GROWTH
VARDHACRLC,3490197504.0,MICRO CAP,43.43000030517578,34.19685,1.5172052,0.11848,29.565,0.08285,0.04434,-0.067,0.878,Misc,Consumer Cyclical,Textile Manufacturing,2026-05-24,Textile Manufacturing,0,0,0,16.52,87.07,50.02,39.42,51.794999999999995,50.2,SLOW GROWTH
BHAGCHEM,31749474304.0,SMALL CAP,244.85000610351562,244.85,4.6079,0.02633,33.6,0.07073,0.03391,0.289,0.156,Chemicals,Basic Materials,Agricultural Inputs,2026-05-24,Agrochemicals,0,1,0,79.76,50.04,6.66,34.4,64.9,50.2,SLOW GROWTH
VALIANTORG,7978584064.0,MICRO CAP,284.75,33.22637,1.0801206,0.04476,33.698,0.07454,0.04499,0.069,2.691,Misc,Basic Materials,Chemicals,2026-05-24,Chemicals,0,0,0,33.72,94.47,8.35,36.25,64.095,50.16,SLOW GROWTH
TIIL,59105714176.0,SMALL CAP,2606.89990234375,21.459497,3.1379132,0.11848,43.315,0.091809995,0.10009,0.028,0.301,Misc,Industrials,Tools & Accessories,2026-05-24,Tools & Accessories,0,0,0,27.23,75.25,50.02,42.59,51.24,50.13,SLOW GROWTH
SIS,55592886272.0,SMALL CAP,392.54998779296875,40.636646,2.1996403,0.05565,70.299,0.030439999,0.0086199995,0.31,0.156,Misc,Industrials,Security & Protection Services,2026-05-24,Security & Protection Services,0,1,0,81.58,50.04,9.87,20.57,65.81,50.1,SLOW GROWTH
PGHL,92176367616.0,SMALL CAP,5553.0,38.911076,14.873443,0.11848,1.0,0.27968,0.21764,0.207,-0.146,Misc,Healthcare,Drug Manufacturers - Specialty & Generic,2026-05-24,Drug Manufacturers - Specialty & Generic,0,0,0,71.53,17.99,50.02,87.19,44.76,50.06,SLOW GROWTH
PHANTOMFX,5570866688.0,MICRO CAP,182.10000610351562,19.780617,1.6974013,0.11848,29.565,0.0958800055,0.063225,0.117,0.156,Misc,Unknown,Unknown,2026-05-24,Diversified,0,1,0,50.04,50.04,50.02,50.02,50.04,50.03,SLOW GROWTH
YUDIZ,628965888.0,MICRO CAP,27.0,26.218092,1.3433988,0.11848,29.565,0.0958800055,0.063225,0.117,0.156,Misc,Unknown,Unknown,2026-05-24,Diversified,0,1,0,50.04,50.04,50.02,50.02,50.04,50.03,SLOW GROWTH
RITEZONE,164980576.0,MICRO CAP,21.799999237060547,36.448597,1.0800332,0.11848,29.565,0.0958800055,0.063225,0.117,0.156,Misc,Unknown,Unknown,2026-05-24,Diversified,0,1,0,50.04,50.04,50.02,50.02,50.04,50.03,SLOW GROWTH
ACCORD,99993600.0,MICRO CAP,53.0,11.707316,0.6721904,0.11848,29.565,0.0958800055,0.063225,0.117,0.156,Misc,Unknown,Unknown,2026-05-24,Diversified,0,1,0,50.04,50.04,50.02,50.02,50.04,50.03,SLOW GROWTH
SANGANI,619964544.0,MICRO CAP,52.0,32.846714,1.6638321,0.11848,29.565,0.0958800055,0.063225,0.117,0.156,Misc,Unknown,Unknown,2026-05-24,Diversified,0,1,0,50.04,50.04,50.02,50.02,50.04,50.03,SLOW GROWTH
INDIGRID,133416214528.0,MID CAP,169.42999267578125,30.647701,2.5366755,0.11848,29.565,0.0958800055,0.063225,0.117,0.156,Misc,Unknown,Unknown,2026-05-24,Diversified,0,1,0,50.04,50.04,50.02,50.02,50.04,50.03,SLOW GROWTH
AGARWALFT,615334272.0,MICRO CAP,34.25,20.035378,0.030849626,0.11848,29.565,0.0958800055,0.063225,0.117,0.156,Misc,Unknown,Unknown,2026-05-24,Diversified,0,1,0,50.04,50.04,50.02,50.02,50.04,50.03,SLOW GROWTH
HRHNEXT,614666560.0,MICRO CAP,27.850000381469727,16.805054,1.5881408,0.11848,29.565,0.0958800055,0.063225,0.117,0.156,Misc,Unknown,Unknown,2026-05-24,Diversified,0,1,0,50.04,50.04,50.02,50.02,50.04,50.03,SLOW GROWTH
COMMITTED,608504768.0,MICRO CAP,275.0,5.867403,0.71541166,0.11848,29.565,0.0958800055,0.063225,0.117,0.156,Misc,Unknown,Unknown,2026-05-24,Diversified,0,1,0,50.04,50.04,50.02,50.02,50.04,50.03,SLOW GROWTH
SERVICE,622068864.0,MICRO CAP,50.099998474121094,37.31034,1.4588895,0.11848,29.565,0.0958800055,0.063225,0.117,0.156,Misc,Unknown,Unknown,2026-05-24,Diversified,0,1,0,50.04,50.04,50.02,50.02,50.04,50.03,SLOW GROWTH
MPTODAY,171985200.0,MICRO CAP,43.599998474121094,5.393983,0.37393853,0.11848,29.565,0.0958800055,0.063225,0.117,0.156,Misc,Unknown,Unknown,2026-05-24,Diversified,0,1,0,50.04,50.04,50.02,50.02,50.04,50.03,SLOW GROWTH
UMA,676147456.0,MICRO CAP,19.75,25.075186,0.875374,0.11848,29.565,0.0958800055,0.063225,0.117,0.156,Misc,Unknown,Unknown,2026-05-24,Diversified,0,1,0,50.04,50.04,50.02,50.02,50.04,50.03,SLOW GROWTH
AHIMSA,124806968.0,MICRO CAP,24.700000762939453,26.218092,1.4872798,0.11848,29.565,0.0958800055,0.063225,0.117,0.156,Misc,Unknown,Unknown,2026-05-24,Diversified,0,1,0,50.04,50.04,50.02,50.02,50.04,50.03,SLOW GROWTH
SMVD,134403424.0,MICRO CAP,11.0,3.258048784,1.0840547,0.11848,29.565,0.0958800055,0.063225,0.117,0.156,Misc,Unknown,Unknown,2026-05-24,Diversified,0,1,0,50.04,50.04,50.02,50.02,50.04,50.03,SLOW GROWTH
KRISHCA,4841628160.0,MICRO CAP,185.0,42.123455,4.433875,0.11848,29.565,0.0958800055,0.063225,0.117,0.156,Misc,Unknown,Unknown,2026-05-24,Diversified,0,1,0,50.04,50.04,50.02,50.02,50.04,50.03,SLOW GROWTH
SAAKSHI,4794486784.0,MICRO CAP,231.0,101.32462,4.5744753,0.11848,29.565,0.0958800055,0.063225,0.117,0.156,Misc,Unknown,Unknown,2026-05-24,Diversified,0,1,0,50.04,50.04,50.02,50.02,50.04,50.03,SLOW GROWTH
LRRPL,242275280.0,MICRO CAP,91.5,66.0,1.3483146,0.11848,29.565,0.0958800055,0.063225,0.117,0.156,Misc,Unknown,Unknown,2026-05-24,Diversified,0,1,0,50.04,50.04,50.02,50.02,50.04,50.03,SLOW GROWTH
SAIFL,4778807296.0,MICRO CAP,5.949999809265137,44.583336,4.115174,0.11848,29.565,0.0958800055,0.063225,0.117,0.156,Misc,Unknown,Unknown,2026-05-24,Diversified,0,1,0,50.04,50.04,50.02,50.02,50.04,50.03,SLOW GROWTH
REXPIPES,811755008.0,MICRO CAP,184.0,14.810345,2.1145656,0.11848,29.565,0.0958800055,0.063225,0.117,0.156,Misc,Unknown,Unknown,2026-05-24,Diversified,0,1,0,50.04,50.04,50.02,50.02,50.04,50.03,SLOW GROWTH
SONUINFRA,786524032.0,MICRO CAP,49.900001525878906,5.1212935,1.0359869,0.11848,29.565,0.0958800055,0.063225,0.117,0.156,Misc,Unknown,Unknown,2026-05-24,Diversified,0,1,0,50.04,50.04,50.02,50.02,50.04,50.03,SLOW GROWTH
VINYAS,14406366208.0,SMALL CAP,1026.5,66.36232,6.7046385,0.11848,29.565,0.0958800055,0.063225,0.117,0.156,Misc,Unknown,Unknown,2026-05-24,Diversified,0,1,0,50.04,50.04,50.02,50.02,50.04,50.03,SLOW GROWTH
SAHANA,13883089920.0,SMALL CAP,800.5499877929688,33.60428,6.148752,0.11848,29.565,0.0958800055,0.063225,0.117,0.156,Misc,Unknown,Unknown,2026-05-24,Diversified,0,1,0,50.04,50.04,50.02,50.02,50.04,50.03,SLOW GROWTH
SURANI,5081875456.0,MICRO CAP,133.0,447.73972,4.097508,0.11848,29.565,0.0958800055,0.063225,0.117,0.156,Misc,Unknown,Unknown,2026-05-24,Diversified,0,1,0,50.04,50.04,50.02,50.02,50.04,50.03,SLOW GROWTH
EFFWA,5069229568.0,MICRO CAP,262.29998779296875,25.230413,4.8292136,0.11848,29.565,0.0958800055,0.063225,0.117,0.156,Misc,Unknown,Unknown,2026-05-24,Diversified,0,1,0,50.04,50.04,50.02,50.02,50.04,50.03,SLOW GROWTH
DUGLOBAL,5058795008.0,MICRO CAP,36.349998474121094,127.192986,5.268895,0.11848,29.565,0.0958800055,0.063225,0.117,0.156,Misc,Unknown,Unknown,2026-05-24,Diversified,0,1,0,50.04,50.04,50.02,50.02,50.04,50.03,SLOW GROWTH
MANDEEP,611486464.0,MICRO CAP,21.5,41.07639,1.7885221,0.11848,29.565,0.0958800055,0.063225,0.117,0.156,Misc,Unknown,Unknown,2026-05-24,Diversified,0,1,0,50.04,50.04,50.02,50.02,50.04,50.03,SLOW GROWTH
WINNY,629299968.0,MICRO CAP,45.95000076293945,26.218092,14.964653,0.11848,29.565,0.0958800055,0.063225,0.117,0.156,Misc,Unknown,Unknown,2026-05-24,Diversified,0,1,0,50.04,50.04,50.02,50.02,50.04,50.03,SLOW GROWTH
CPS,630611456.0,MICRO CAP,966.6500244140625,370.38965,4.2324586,0.11848,29.565,0.0958800055,0.063225,0.117,0.156,Misc,Unknown,Unknown,2026-05-24,Diversified,0,1,0,50.04,50.04,50.02,50.02,50.04,50.03,SLOW GROWTH
CELLPOINT,637178944.0,MICRO CAP,16.450000762939453,28.65546,0.8577321,0.11848,29.565,0.0958800055,0.063225,0.117,0.156,Misc,Unknown,Unknown,2026-05-24,Diversified,0,1,0,50.04,50.04,50.02,50.02,50.04,50.03,SLOW GROWTH
VSCL,667259584.0,MICRO CAP,19.950000762939453,26.218092,-10.079166,0.11848,29.565,0.0958800055,0.063225,0.117,0.156,Misc,Unknown,Unknown,2026-05-24,Diversified,0,1,0,50.04,50.04,50.02,50.02,50.04,50.03,SLOW GROWTH
UCL,670269184.0,MICRO CAP,155.75,26.218092,1.5839087,0.11848,29.565,0.0958800055,0.063225,0.117,0.156,Misc,Unknown,Unknown,2026-05-24,Diversified,0,1,0,50.04,50.04,50.02,50.02,50.04,50.03,SLOW GROWTH
SIGNORIA,674208576.0,MICRO CAP,55.20000076293945,22.350157,3.1933832,0.11848,29.565,0.0958800055,0.063225,0.117,0.156,Misc,Unknown,Unknown,2026-05-24,Diversified,0,1,0,50.04,50.04,50.02,50.02,50.04,50.03,SLOW GROWTH
JALAN,45792244.0,MICRO CAP,1.899999976158142,26.218092,-0.1093712,0.11848,29.565,0.0958800055,0.063225,0.117,0.156,Misc,Unknown,Unknown,2026-05-24,Diversified,0,1,0,50.04,50.04,50.02,50.02,50.04,50.03,SLOW GROWTH
IEML,5031919616.0,MICRO CAP,57.650001525878906,30.278715,4.7482815,0.11848,29.565,0.0958800055,0.063225,0.117,0.156,Misc,Unknown,Unknown,2026-05-24,Diversified,0,1,0,50.04,50.04,50.02,50.02,50.04,50.03,SLOW GROWTH
VASA,38651952.0,MICRO CAP,4.650000095367432,26.218092,-0.2043532,0.11848,29.565,0.0958800055,0.063225,0.117,0.156,Misc,Unknown,Unknown,2026-05-24,Diversified,0,1,0,50.04,50.04,50.02,50.02,50.04,50.03,SLOW GROWTH
MAFATIND,9189821440.0,MICRO CAP,127.31999969482422,10.218299,1.1586553,0.11848,29.565,0.0958800055,0.063225,0.117,0.156,Misc,Unknown,Unknown,2026-05-24,Diversified,0,1,0,50.04,50.04,50.02,50.02,50.04,50.03,SLOW GROWTH
SHEETAL,675331200.0,MICRO CAP,285.0,7.2598524,1.4890124,0.11848,29.565,0.0958800055,0.063225,0.117,0.156,Misc,Unknown,Unknown,2026-05-24,Diversified,0,1,0,50.04,50.04,50.02,50.02,50.04,50.03,SLOW GROWTH
BASILIC,13191023616.0,SMALL CAP,234.25,35.210915,4.345163,0.11848,29.565,0.0958800055,0.063225,0.117,0.156,Misc,Unknown,Unknown,2026-05-24,Diversified,0,1,0,50.04,50.04,50.02,50.02,50.04,50.03,SLOW GROWTH
DENTALKART,9018726400.0,MICRO CAP,411.0,59.5873,5.5722127,0.11848,29.565,0.0958800055,0.063225,0.117,0.156,Misc,Unknown,Unknown,2026-05-24,Diversified,0,1,0,50.04,50.04,50.02,50.02,50.04,50.03,SLOW GROWTH
KCK,13610764288.0,SMALL CAP,13.25,510.0120439999895,11.703582,0.11848,29.565,0.0958800055,0.063225,0.117,0.156,Misc,Unknown,Unknown,2026-05-24,Diversified,0,1,0,50.04,50.04,50.02,50.02,50.04,50.03,SLOW GROWTH
MONOPHARMA,721760832.0,MICRO CAP,11.5,88.804344,2.682382,0.11848,29.565,0.0958800055,0.063225,0.117,0.156,Misc,Unknown,Unknown,2026-05-24,Diversified,0,1,0,50.04,50.04,50.02,50.02,50.04,50.03,SLOW GROWTH
FROG,4959154176.0,MICRO CAP,160.9499969482422,28.666965,3.1006963,0.11848,29.565,0.0958800055,0.063225,0.117,0.156,Misc,Unknown,Unknown,2026-05-24,Diversified,0,1,0,50.04,50.04,50.02,50.02,50.04,50.03,SLOW GROWTH
MILTON,674701504.0,MICRO CAP,40.70000076293945,21.117022,1.3946463,0.11848,29.565,0.0958800055,0.063225,0.117,0.156,Misc,Unknown,Unknown,2026-05-24,Diversified,0,1,0,50.04,50.04,50.02,50.02,50.04,50.03,SLOW GROWTH
CMRSL,424560000.0,MICRO CAP,73.1500015258789,12.195122,2.0880735,0.11848,29.565,0.0958800055,0.063225,0.117,0.156,Misc,Unknown,Unknown,2026-05-24,Diversified,0,1,0,50.04,50.04,50.02,50.02,50.04,50.03,SLOW GROWTH
AGUL,344943616.0,MICRO CAP,61.79999923706055,34.371586,1.7939138,0.11848,29.565,0.0958800055,0.063225,0.117,0.156,Misc,Unknown,Unknown,2026-05-24,Diversified,0,1,0,50.04,50.04,50.02,50.02,50.04,50.03,SLOW GROWTH
KANDARP,323925280.0,MICRO CAP,147.0,20.2809,1.6487782,0.11848,29.565,0.0958800055,0.063225,0.117,0.156,Misc,Unknown,Unknown,2026-05-24,Diversified,0,1,0,50.04,50.04,50.02,50.02,50.04,50.03,SLOW GROWTH
DYNAMIC,6451039744.0,MICRO CAP,131.75,38.04438,2.9888313,0.11848,29.565,0.0958800055,0.063225,0.117,0.156,Misc,Unknown,Unknown,2026-05-24,Diversified,0,1,0,50.04,50.04,50.02,50.02,50.04,50.03,SLOW GROWTH
SARTELE,11275180032.0,SMALL CAP,140.4499969482422,14.340922,1.3061464,0.11848,29.565,0.0958800055,0.063225,0.117,0.156,Misc,Unknown,Unknown,2026-05-24,Diversified,0,1,0,50.04,50.04,50.02,50.02,50.04,50.03,SLOW GROWTH
OLIL,322359904.0,MICRO CAP,460.1499938964844,20.237556,2.3158574,0.11848,29.565,0.0958800055,0.063225,0.117,0.156,Misc,Unknown,Unknown,2026-05-24,Diversified,0,1,0,50.04,50.04,50.02,50.02,50.04,50.03,SLOW GROWTH
WTICAB,6644692480.0,MICRO CAP,91.0,24.47807,3.5688705,0.11848,29.565,0.0958800055,0.063225,0.117,0.156,Misc,Unknown,Unknown,2026-05-24,Diversified,0,1,0,50.04,50.04,50.02,50.02,50.04,50.03,SLOW GROWTH
ALLETEC,6951844864.0,MICRO CAP,161.5500030517578,23.181818,4.4795637,0.11848,29.565,0.0958800055,0.063225,0.117,0.156,Misc,Unknown,Unknown,2026-05-24,Diversified,0,1,0,50.04,50.04,50.02,50.02,50.04,50.03,SLOW GROWTH
VINSYS,5940157440.0,MICRO CAP,328.5,19.770397,4.2379627,0.11848,29.565,0.0958800055,0.063225,0.117,0.156,Misc,Unknown,Unknown,2026-05-24,Diversified,0,1,0,50.04,50.04,50.02,50.02,50.04,50.03,SLOW GROWTH
MAKS,436198304.0,MICRO CAP,26.0,89.85715,2.682646,0.11848,29.565,0.0958800055,0.063225,0.117,0.156,Misc,Unknown,Unknown,2026-05-24,Diversified,0,1,0,50.04,50.04,50.02,50.02,50.04,50.03,SLOW GROWTH
FALCONTECH,438699936.0,MICRO CAP,13.800000190734863,42.1131,1.6529602,0.11848,29.565,0.0958800055,0.063225,0.117,0.156,Misc,Unknown,Unknown,2026-05-24,Diversified,0,1,0,50.04,50.04,50.02,50.02,50.04,50.03,SLOW GROWTH
TIMESCAN,441991008.0,MICRO CAP,41.099998474121094,6.882481,1.5469464,0.11848,29.565,0.0958800055,0.063225,0.117,0.156,Misc,Unknown,Unknown,2026-05-24,Diversified,0,1,0,50.04,50.04,50.02,50.02,50.04,50.03,SLOW GROWTH
JSWDULUX,131930284032.0,MID CAP,2897.0,6.68451,9.918075,0.11848,29.565,0.0958800055,0.063225,0.117,0.156,Misc,Unknown,Unknown,2026-05-24,Diversified,0,1,0,50.04,50.04,50.02,50.02,50.04,50.03,SLOW GROWTH
INSPIRE,449106880.0,MICRO CAP,11.050000190734863,26.218092,1.6704632,0.11848,29.565,0.0958800055,0.063225,0.117,0.156,Misc,Unknown,Unknown,2026-05-24,Diversified,0,1,0,50.04,50.04,50.02,50.02,50.04,50.03,SLOW GROWTH
SHANTHALA,449440096.0,MICRO CAP,23.0,35.31579,1.9178004,0.11848,29.565,0.0958800055,0.063225,0.117,0.156,Misc,Unknown,Unknown,2026-05-24,Diversified,0,1,0,50.04,50.04,50.02,50.02,50.04,50.03,SLOW GROWTH
NIDAN,458700000.0,MICRO CAP,14.350000381469727,23.239437,0.65981525,0.11848,29.565,0.0958800055,0.063225,0.117,0.156,Misc,Unknown,Unknown,2026-05-24,Diversified,0,1,0,50.04,50.04,50.02,50.02,50.04,50.03,SLOW GROWTH
SPRL,461691008.0,MICRO CAP,90.0,22.08904,2.8635485,0.11848,29.565,0.0958800055,0.063225,0.117,0.156,Misc,Unknown,Unknown,2026-05-24,Diversified,0,1,0,50.04,50.04,50.02,50.02,50.04,50.03,SLOW GROWTH
GGBL,11951601664.0,SMALL CAP,336.1000061035156,24.674858,5.021099,0.11848,29.565,0.0958800055,0.063225,0.117,0.156,Misc,Unknown,Unknown,2026-05-24,Diversified,0,1,0,50.04,50.04,50.02,50.02,50.04,50.03,SLOW GROWTH
MEGAFLEX,433077600.0,MICRO CAP,133.60000610351562,8.380281,0.7637997,0.11848,29.565,0.0958800055,0.063225,0.117,0.156,Misc,Unknown,Unknown,2026-05-24,Diversified,0,1,0,50.04,50.04,50.02,50.02,50.04,50.03,SLOW GROWTH
SHAIVAL,353007008.0,MICRO CAP,33.0,179.41176,2.130037,0.11848,29.565,0.0958800055,0.063225,0.117,0.156,Misc,Unknown,Unknown,2026-05-24,Diversified,0,1,0,50.04,50.04,50.02,50.02,50.04,50.03,SLOW GROWTH
JIWANRAM,358849248.0,MICRO CAP,5.599999904632568,15.760869,0.46664307,0.11848,29.565,0.0958800055,0.063225,0.117,0.156,Misc,Unknown,Unknown,2026-05-24,Diversified,0,1,0,50.04,50.04,50.02,50.02,50.04,50.03,SLOW GROWTH
POLYSIL,368585440.0,MICRO CAP,141.3000030517578,26.218092,1.0825034,0.11848,29.565,0.0958800055,0.063225,0.117,0.156,Misc,Unknown,Unknown,2026-05-24,Diversified,0,1,0,50.04,50.04,50.02,50.02,50.04,50.03,SLOW GROWTH
BIRDYS,374990400.0,MICRO CAP,130.14999389648438,26.218092,1.7911785,0.11848,29.565,0.0958800055,0.063225,0.117,0.156,Misc,Unknown,Unknown,2026-05-24,Diversified,0,1,0,50.04,50.04,50.02,50.02,50.04,50.03,SLOW GROWTH
VERITAAS,386751008.0,MICRO CAP,48.0,25.276752,3.0778906,0.11848,29.565,0.0958800055,0.063225,0.117,0.156,Misc,Unknown,Unknown,2026-05-24,Diversified,0,1,0,50.04,50.04,50.02,50.02,50.04,50.03,SLOW GROWTH
TAC,10495319040.0,SMALL CAP,389.5,73.42375,15.532431,0.11848,29.565,0.0958800055,0.063225,0.117,0.156,Misc,Unknown,Unknown,2026-05-24,Diversified,0,1,0,50.04,50.04,50.02,50.02,50.04,50.03,SLOW GROWTH
KORE,7865014784.0,MICRO CAP,122.3499984741211,99.95049,11.796966,0.11848,29.565,0.0958800055,0.063225,0.117,0.156,Misc,Unknown,Unknown,2026-05-24,Diversified,0,1,0,50.04,50.04,50.02,50.02,50.04,50.03,SLOW GROWTH
AIMTRON,11131658240.0,SMALL CAP,1128.6500244140625,25.16382,5.5917883,0.11848,29.565,0.0958800055,0.063225,0.117,0.156,Misc,Unknown,Unknown,2026-05-24,Diversified,0,1,0,50.04,50.04,50.02,50.02,50.04,50.03,SLOW GROWTH
APS,10267761664.0,SMALL CAP,351.25,25.623156,8.014638,0.11848,29.565,0.0958800055,0.063225,0.117,0.156,Misc,Unknown,Unknown,2026-05-24,Diversified,0,1,0,50.04,50.04,50.02,50.02,50.04,50.03,SLOW GROWTH
JAKHARIA,414510656.0,MICRO CAP,60.5,12.639405,1.700425,0.11848,29.565,0.0958800055,0.063225,0.117,0.156,Misc,Unknown,Unknown,2026-05-24,Diversified,0,1,0,50.04,50.04,50.02,50.02,50.04,50.03,SLOW GROWTH
PCCL,7700225024.0,MICRO CAP,289.0,81.1849,3.943008,0.11848,29.565,0.0958800055,0.063225,0.117,0.156,Misc,Unknown,Unknown,2026-05-24,Diversified,0,1,0,50.04,50.04,50.02,50.02,50.04,50.03,SLOW GROWTH
MINDPOOL,344296864.0,MICRO CAP,71.0999984741211,145.08928,1.8313572,0.11848,29.565,0.0958800055,0.063225,0.117,0.156,Misc,Unknown,Unknown,2026-05-24,Diversified,0,1,0,50.04,50.04,50.02,50.02,50.04,50.03,SLOW GROWTH
TIRUPATI,7577269760.0,MICRO CAP,489.5,83.48214,8.073831,0.11848,29.565,0.0958800055,0.063225,0.117,0.156,Misc,Unknown,Unknown,2026-05-24,Diversified,0,1,0,50.04,50.04,50.02,50.02,50.04,50.03,SLOW GROWTH
MARINETRAN,343601984.0,MICRO CAP,15.949999809265137,69.230774,1.3206809,0.11848,29.565,0.0958800055,0.063225,0.117,0.156,Misc,Unknown,Unknown,2026-05-24,Diversified,0,1,0,50.04,50.04,50.02,50.02,50.04,50.03,SLOW GROWTH
VERA,339281248.0,MICRO CAP,69.0,16.727493,1.3603086,0.11848,29.565,0.0958800055,0.063225,0.117,0.156,Misc,Unknown,Unknown,2026-05-24,Diversified,0,1,0,50.04,50.04,50.02,50.02,50.04,50.03,SLOW GROWTH
MEGATHERM,6956939776.0,MICRO CAP,230.9499969482422,28.915426,4.5270643,0.11848,29.565,0.0958800055,0.063225,0.117,0.156,Misc,Unknown,Unknown,2026-05-24,Diversified,0,1,0,50.04,50.04,50.02,50.02,50.04,50.03,SLOW GROWTH
SJLOGISTIC,6966110208.0,MICRO CAP,314.95001220703125,12.931522,2.7339404,0.11848,29.565,0.0958800055,0.063225,0.117,0.156,Misc,Unknown,Unknown,2026-05-24,Diversified,0,1,0,50.04,50.04,50.02,50.02,50.04,50.03,SLOW GROWTH
CBAZAAR,333610912.0,MICRO CAP,4.050000190734863,26.218092,6.904973,0.11848,29.565,0.0958800055,0.063225,0.117,0.156,Misc,Unknown,Unknown,2026-05-24,Diversified,0,1,0,50.04,50.04,50.02,50.02,50.04,50.03,SLOW GROWTH
DHTL,329051136.0,MICRO CAP,51.0,26.218092,4.0139546,0.11848,29.565,0.0958800055,0.063225,0.117,0.156,Misc,Unknown,Unknown,2026-05-24,Diversified,0,1,0,50.04,50.04,50.02,50.02,50.04,50.03,SLOW GROWTH
ATMASTCO,7568815104.0,MICRO CAP,183.4499969482422,39.23077,5.479943,0.11848,29.565,0.0958800055,0.063225,0.117,0.156,Misc,Unknown,Unknown,2026-05-24,Diversified,0,1,0,50.04,50.04,50.02,50.02,50.04,50.03,SLOW GROWTH
VIVIANA,8472270848.0,MICRO CAP,876.0,42.05633,11.583031,0.11848,29.565,0.0958800055,0.063225,0.117,0.156,Misc,Unknown,Unknown,2026-05-24,Diversified,0,1,0,50.04,50.04,50.02,50.02,50.04,50.03,SLOW GROWTH
TBI,5717174272.0,MICRO CAP,63.0,41.9241,5.1240115,0.11848,29.565,0.0958800055,0.063225,0.117,0.156,Misc,Unknown,Unknown,2026-05-24,Diversified,0,1,0,50.04,50.04,50.02,50.02,50.04,50.03,SLOW GROWTH
AILIMITED,566027584.0,MICRO CAP,42.0,51.086956,5.346377,0.11848,29.565,0.0958800055,0.063225,0.117,0.156,Misc,Unknown,Unknown,2026-05-24,Diversified,0,1,0,50.04,50.04,50.02,50.02,50.04,50.03,SLOW GROWTH
GSMFOILS,576213120.0,MICRO CAP,200.35000610351562,3.566236,0.83478296,0.11848,29.565,0.0958800055,0.063225,0.117,0.156,Misc,Unknown,Unknown,2026-05-24,Diversified,0,1,0,50.04,50.04,50.02,50.02,50.04,50.03,SLOW GROWTH
DRONE,8466799104.0,MICRO CAP,40.0,26.218092,13.857827,0.11848,29.565,0.0958800055,0.063225,0.117,0.156,Misc,Unknown,Unknown,2026-05-24,Diversified,0,1,0,50.04,50.04,50.02,50.02,50.04,50.03,SLOW GROWTH
TAPIFRUIT,576854976.0,MICRO CAP,57.0,26.218092,5.1497235,0.11848,29.565,0.0958800055,0.063225,0.117,0.156,Misc,Unknown,Unknown,2026-05-24,Diversified,0,1,0,50.04,50.04,50.02,50.02,50.04,50.03,SLOW GROWTH
QUADPRO,270442496.0,MICRO CAP,2.25,53.5,1.2156328,0.11848,29.565,0.0958800055,0.063225,0.117,0.156,Misc,Unknown,Unknown,2026-05-24,Diversified,0,1,0,50.04,50.04,50.02,50.02,50.04,50.03,SLOW GROWTH
DKEGL,585624000.0,MICRO CAP,73.9000015258789,11.095305,1.9631037,0.11848,29.565,0.0958800055,0.063225,0.117,0.156,Misc,Unknown,Unknown,2026-05-24,Diversified,0,1,0,50.04,50.04,50.02,50.02,50.04,50.03,SLOW GROWTH
MANAV,267147984.0,MICRO CAP,44.95000076293945,4.356223,3.1758447,0.11848,29.565,0.0958800055,0.063225,0.117,0.156,Misc,Unknown,Unknown,2026-05-24,Diversified,0,1,0,50.04,50.04,50.02,50.02,50.04,50.03,SLOW GROWTH
VILAS,12012336128.0,SMALL CAP,376.70001220703125,26.424341,3.8302124,0.11848,29.565,0.0958800055,0.063225,0.117,0.156,Misc,Unknown,Unknown,2026-05-24,Diversified,0,1,0,50.04,50.04,50.02,50.02,50.04,50.03,SLOW GROWTH
IRBINVIT,85072601088.0,SMALL CAP,60.47999954223633,10.503164,2.368238,0.11848,29.565,0.0958800055,0.063225,0.117,0.156,Misc,Unknown,Unknown,2026-05-24,Diversified,0,1,0,50.04,50.04,50.02,50.02,50.04,50.03,SLOW GROWTH
PGINVIT,87323525120.0,SMALL CAP,91.97000122070312,9.576846,1.1309636,0.11848,29.565,0.0958800055,0.063225,0.117,0.156,Misc,Unknown,Unknown,2026-05-24,Diversified,0,1,0,50.04,50.04,50.02,50.02,50.04,50.03,SLOW GROWTH
ANNAPURNA,5299866624.0,MICRO CAP,139.14999389648438,24.716982,2.089459,0.11848,29.565,0.0958800055,0.063225,0.117,0.156,Misc,Unknown,Unknown,2026-05-24,Diversified,0,1,0,50.04,50.04,50.02,50.02,50.04,50.03,SLOW GROWTH
PRATHAM,5369736192.0,MICRO CAP,140.0,52.766144,6.133233,0.11848,29.565,0.0958800055,0.063225,0.117,0.156,Misc,Unknown,Unknown,2026-05-24,Diversified,0,1,0,50.04,50.04,50.02,50.02,50.04,50.03,SLOW GROWTH
VISHNUINFR,5400592384.0,MICRO CAP,169.4499969482422,17.598236,3.0164533,0.11848,29.565,0.0958800055,0.063225,0.117,0.156,Misc,Unknown,Unknown,2026-05-24,Diversified,0,1,0,50.04,50.04,50.02,50.02,50.04,50.03,SLOW GROWTH
SHREEKARNI,5516160000.0,MICRO CAP,416.0,33.913044,5.253799,0.11848,29.565,0.0958800055,0.063225,0.117,0.156,Misc,Unknown,Unknown,2026-05-24,Diversified,0,1,0,50.04,50.04,50.02,50.02,50.04,50.03,SLOW GROWTH
AATMAJ,604550016.0,MICRO CAP,19.850000381469727,68.589745,1.1778433,0.11848,29.565,0.0958800055,0.063225,0.117,0.156,Misc,Unknown,Unknown,2026-05-24,Diversified,0,1,0,50.04,50.04,50.02,50.02,50.04,50.03,SLOW GROWTH
ARISTO,606915392.0,MICRO CAP,115.55000305175781,14.932999,1.4635388,0.11848,29.565,0.0958800055,0.063225,0.117,0.156,Misc,Unknown,Unknown,2026-05-24,Diversified,0,1,0,50.04,50.04,50.02,50.02,50.04,50.03,SLOW GROWTH
MICROPRO,608439488.0,MICRO CAP,20.0,26.218092,1.403503,0.11848,29.565,0.0958800055,0.063225,0.117,0.156,Misc,Unknown,Unknown,2026-05-24,Diversified,0,1,0,50.04,50.04,50.02,50.02,50.04,50.03,SLOW GROWTH
KKVAPOW,598370048.0,MICRO CAP,613.0,36.075188,2.301508,0.11848,29.565,0.0958800055,0.063225,0.117,0.156,Misc,Unknown,Unknown,2026-05-24,Diversified,0,1,0,50.04,50.04,50.02,50.02,50.04,50.03,SLOW GROWTH
TECHLABS,12252274688.0,SMALL CAP,231.0,106.61654,18.101974,0.11848,29.565,0.0958800055,0.063225,0.117,0.156,Misc,Unknown,Unknown,2026-05-24,Diversified,0,1,0,50.04,50.04,50.02,50.02,50.04,50.03,SLOW GROWTH
SWARAJ,6319240704.0,MICRO CAP,263.45001220703125,14.020518,3.8759167,0.11848,29.565,0.0958800055,0.063225,0.117,0.156,Misc,Unknown,Unknown,2026-05-24,Diversified,0,1,0,50.04,50.04,50.02,50.02,50.04,50.03,SLOW GROWTH
DIGIKORE,6324567552.0,MICRO CAP,59.70000076293945,25.030075,15.449708,0.11848,29.565,0.0958800055,0.063225,0.117,0.156,Misc,Unknown,Unknown,2026-05-24,Diversified,0,1,0,50.04,50.04,50.02,50.02,50.04,50.03,SLOW GROWTH
SAROJA,164839968.0,MICRO CAP,33.0,15.953308,1.0127207,0.11848,29.565,0.0958800055,0.063225,0.117,0.156,Misc,Unknown,Unknown,2026-05-24,Diversified,0,1,0,50.04,50.04,50.02,50.02,50.04,50.03,SLOW GROWTH
UWCSL,462857632.0,MICRO CAP,97.5999984741211,13.920188,1.7663528,0.11848,29.565,0.0958800055,0.063225,0.117,0.156,Misc,Unknown,Unknown,2026-05-24,Diversified,0,1,0,50.04,50.04,50.02,50.02,50.04,50.03,SLOW GROWTH
CONTI,471264128.0,MICRO CAP,13.199999809265137,25.763887,1.6514578,0.11848,29.565,0.0958800055,0.063225,0.117,0.156,Misc,Unknown,Unknown,2026-05-24,Diversified,0,1,0,50.04,50.04,50.02,50.02,50.04,50.03,SLOW GROWTH
YCCL,482598016.0,MICRO CAP,9.5,18.382353,1.1683881,0.11848,29.565,0.0958800055,0.063225,0.117,0.156,Misc,Unknown,Unknown,2026-05-24,Diversified,0,1,0,50.04,50.04,50.02,50.02,50.04,50.03,SLOW GROWTH
ISHAN,486529408.0,MICRO CAP,0.6499999761581421,225.0,2.1551723,0.11848,29.565,0.0958800055,0.063225,0.117,0.156,Misc,Unknown,Unknown,2026-05-24,Diversified,0,1,0,50.04,50.04,50.02,50.02,50.04,50.03,SLOW GROWTH
DESTINY,491646624.0,MICRO CAP,105.9000015258789,12.24138,1.1819326,0.11848,29.565,0.0958800055,0.063225,0.117,0.156,Misc,Unknown,Unknown,2026-05-24,Diversified,0,1,0,50.04,50.04,50.02,50.02,50.04,50.03,SLOW GROWTH
TGL,5665011200.0,MICRO CAP,20.350000381469727,43.51152,10.015062,0.11848,29.565,0.0958800055,0.063225,0.117,0.156,Misc,Unknown,Unknown,2026-05-24,Diversified,0,1,0,50.04,50.04,50.02,50.02,50.04,50.03,SLOW GROWTH
ITALIANE,495773408.0,MICRO CAP,35.349998474121094,13.260869,1.0662302,0.11848,29.565,0.0958800055,0.063225,0.117,0.156,Misc,Unknown,Unknown,2026-05-24,Diversified,0,1,0,50.04,50.04,50.02,50.02,50.04,50.03,SLOW GROWTH
ACCENTMIC,6382436864.0,MICRO CAP,436.3999938964844,19.280914,2.479603,0.11848,29.565,0.0958800055,0.063225,0.117,0.156,Misc,Unknown,Unknown,2026-05-24,Diversified,0,1,0,50.04,50.04,50.02,50.02,50.04,50.03,SLOW GROWTH
SAHAJSOLAR,8698722304.0,MICRO CAP,141.75,36.421345,7.6723313,0.11848,29.565,0.0958800055,0.063225,0.117,0.156,Misc,Unknown,Unknown,2026-05-24,Diversified,0,1,0,50.04,50.04,50.02,50.02,50.04,50.03,SLOW GROWTH
EMKAYTOOLS,9432895488.0,MICRO CAP,100.0,35.17509,3.2504497,0.11848,29.565,0.0958800055,0.063225,0.117,0.156,Misc,Unknown,Unknown,2026-05-24,Diversified,0,1,0,50.04,50.04,50.02,50.02,50.04,50.03,SLOW GROWTH
SABAR,512196032.0,MICRO CAP,5.599999904632568,95.178566,1.2906818,0.11848,29.565,0.0958800055,0.063225,0.117,0.156,Misc,Unknown,Unknown,2026-05-24,Diversified,0,1,0,50.04,50.04,50.02,50.02,50.04,50.03,SLOW GROWTH
JETKNIT,529965792.0,MICRO CAP,89.19999694824219,69.50867,2.277419,0.11848,29.565,0.0958800055,0.063225,0.117,0.156,Misc,Unknown,Unknown,2026-05-24,Diversified,0,1,0,50.04,50.04,50.02,50.02,50.04,50.03,SLOW GROWTH
VISAMAN,541430400.0,MICRO CAP,113.25,15.135136,0.8181154,0.11848,29.565,0.0958800055,0.063225,0.117,0.156,Misc,Unknown,Unknown,2026-05-24,Diversified,0,1,0,50.04,50.04,50.02,50.02,50.04,50.03,SLOW GROWTH
GIRIRAJ,8616164352.0,MICRO CAP,165.5,39.93348,6.264566,0.11848,29.565,0.0958800055,0.063225,0.117,0.156,Misc,Unknown,Unknown,2026-05-24,Diversified,0,1,0,50.04,50.04,50.02,50.02,50.04,50.03,SLOW GROWTH
HOACFOODS,563030272.0,MICRO CAP,532.4500122070312,21.671597,2.5293071,0.11848,29.565,0.0958800055,0.063225,0.117,0.156,Misc,Unknown,Unknown,2026-05-24,Diversified,0,1,0,50.04,50.04,50.02,50.02,50.04,50.03,SLOW GROWTH
VIVO,163215008.0,MICRO CAP,81.80000305175781,26.218092,1.5847551,0.11848,29.565,0.0958800055,0.063225,0.117,0.156,Misc,Unknown,Unknown,2026-05-24,Diversified,0,1,0,50.04,50.04,50.02,50.02,50.04,50.03,SLOW GROWTH
YASHOPTICS,2436935168.0,MICRO CAP,133.0,26.451612,2.6059325,0.11848,29.565,0.0958800055,0.063225,0.117,0.156,Misc,Unknown,Unknown,2026-05-24,Diversified,0,1,0,50.04,50.04,50.02,50.02,50.04,50.03,SLOW GROWTH
DELAPLEX,2451501056.0,MICRO CAP,126.5,18.7919,2.9770665,0.11848,29.565,0.0958800055,0.063225,0.117,0.156,Misc,Unknown,Unknown,2026-05-24,Diversified,0,1,0,50.04,50.04,50.02,50.02,50.04,50.03,SLOW GROWTH
SHREEOSFM,2464544000.0,MICRO CAP,58.5,23.59882,3.024289,0.11848,29.565,0.0958800055,0.063225,0.117,0.156,Misc,Unknown,Unknown,2026-05-24,Diversified,0,1,0,50.04,50.04,50.02,50.02,50.04,50.03,SLOW GROWTH
DPEL,2519098368.0,MICRO CAP,507.54998779296875,19.88743,2.3447177,0.11848,29.565,0.0958800055,0.063225,0.117,0.156,Misc,Unknown,Unknown,2026-05-24,Diversified,0,1,0,50.04,50.04,50.02,50.02,50.04,50.03,SLOW GROWTH
KODYTECH,45253836800.0,SMALL CAP,892.75,284.0,26.09143,0.11848,29.565,0.0958800055,0.063225,0.117,0.156,Misc,Unknown,Unknown,2026-05-24,Diversified,0,1,0,50.04,50.04,50.02,50.02,50.04,50.03,SLOW GROWTH
ZENITHDRUG,1345323264.0,MICRO CAP,38.95000076293945,35.497734,1.8785468,0.11848,29.565,0.0958800055,0.063225,0.117,0.156,Misc,Unknown,Unknown,2026-05-24,Diversified,0,1,0,50.04,50.04,50.02,50.02,50.04,50.03,SLOW GROWTH
MCON,1365776000.0,MICRO CAP,42.650001525878906,54.9705,3.9744492,0.11848,29.565,0.0958800055,0.063225,0.117,0.156,Misc,Unknown,Unknown,2026-05-24,Diversified,0,1,0,50.04,50.04,50.02,50.02,50.04,50.03,SLOW GROWTH
IPSL,1377041664.0,MICRO CAP,190.5500030517578,17.524643,2.409929,0.11848,29.565,0.0958800055,0.063225,0.117,0.156,Misc,Unknown,Unknown,2026-05-24,Diversified,0,1,0,50.04,50.04,50.02,50.02,50.04,50.03,SLOW GROWTH
DURLAX,1402321792.0,MICRO CAP,59.599998474121094,17.596373,2.1233513,0.11848,29.565,0.0958800055,0.063225,0.117,0.156,Misc,Unknown,Unknown,2026-05-24,Diversified,0,1,0,50.04,50.04,50.02,50.02,50.04,50.03,SLOW GROWTH
QUESTLAB,2253240064.0,MICRO CAP,108.0,16.606281,2.506654,0.11848,29.565,0.0958800055,0.063225,0.117,0.156,Misc,Unknown,Unknown,2026-05-24,Diversified,0,1,0,50.04,50.04,50.02,50.02,50.04,50.03,SLOW GROWTH
PULZ,2282207232.0,MICRO CAP,22.600000381469727,197.45285,6.4766674,0.11848,29.565,0.0958800055,0.063225,0.117,0.156,Misc,Unknown,Unknown,2026-05-24,Diversified,0,1,0,50.04,50.04,50.02,50.02,50.04,50.03,SLOW GROWTH
RADIOWALLA,867637952.0,MICRO CAP,29.75,125.61224,4.8348455,0.11848,29.565,0.0958800055,0.063225,0.117,0.156,Misc,Unknown,Unknown,2026-05-24,Diversified,0,1,0,50.04,50.04,50.02,50.02,50.04,50.03,SLOW GROWTH
SYLVANPLY,2341448192.0,MICRO CAP,54.0,32.31283,1.8133938,0.11848,29.565,0.0958800055,0.063225,0.117,0.156,Misc,Unknown,Unknown,2026-05-24,Diversified,0,1,0,50.04,50.04,50.02,50.02,50.04,50.03,SLOW GROWTH
KEL,1487899264.0,MICRO CAP,87.0,18.93464,3.3198113,0.11848,29.565,0.0958800055,0.063225,0.117,0.156,Misc,Unknown,Unknown,2026-05-24,Diversified,0,1,0,50.04,50.04,50.02,50.02,50.04,50.03,SLOW GROWTH
SCML,1488871936.0,MICRO CAP,93.3499984741211,17.524893,1.6630445,0.11848,29.565,0.0958800055,0.063225,0.117,0.156,Misc,Unknown,Unknown,2026-05-24,Diversified,0,1,0,50.04,50.04,50.02,50.02,50.04,50.03,SLOW GROWTH
TRANSTEEL,1496629376.0,MICRO CAP,128.14999389648438,10.979299,1.2277421,0.11848,29.565,0.0958800055,0.063225,0.117,0.156,Misc,Unknown,Unknown,2026-05-24,Diversified,0,1,0,50.04,50.04,50.02,50.02,50.04,50.03,SLOW GROWTH
FIDEL,1512561664.0,MICRO CAP,158.0,10.967099,3.091972,0.11848,29.565,0.0958800055,0.063225,0.117,0.156,Misc,Unknown,Unknown,2026-05-24,Diversified,0,1,0,50.04,50.04,50.02,50.02,50.04,50.03,SLOW GROWTH
ORIANA,42219130880.0,SMALL CAP,1896.449951171875,26.149006,6.637639,0.11848,29.565,0.0958800055,0.063225,0.117,0.156,Misc,Unknown,Unknown,2026-05-24,Diversified,0,1,0,50.04,50.04,50.02,50.02,50.04,50.03,SLOW GROWTH
SRIVASAVI,1516635904.0,MICRO CAP,52.20000076293945,28.08399,3.4796748,0.11848,29.565,0.0958800055,0.063225,0.117,0.156,Misc,Unknown,Unknown,2026-05-24,Diversified,0,1,0,50.04,50.04,50.02,50.02,50.04,50.03,SLOW GROWTH
ELPROINTL,29201256448.0,SMALL CAP,172.3000030517578,33.45631,1.4372587,0.11848,29.565,0.0958800055,0.063225,0.117,0.156,Misc,Unknown,Unknown,2026-05-24,Diversified,0,1,0,50.04,50.04,50.02,50.02,50.04,50.03,SLOW GROWTH
RULKA,2212238848.0,MICRO CAP,93.0,95.14652,6.2081738,0.11848,29.565,0.0958800055,0.063225,0.117,0.156,Misc,Unknown,Unknown,2026-05-24,Diversified,0,1,0,50.04,50.04,50.02,50.02,50.04,50.03,SLOW GROWTH
AISL,1521773440.0,MICRO CAP,59.849998474121094,21.212122,1.9167829,0.11848,29.565,0.0958800055,0.063225,0.117,0.156,Misc,Unknown,Unknown,2026-05-24,Diversified,0,1,0,50.04,50.04,50.02,50.02,50.04,50.03,SLOW GROWTH
BMETRICS,1526926080.0,MICRO CAP,37.5,33.87978,7.1461506,0.11848,29.565,0.0958800055,0.063225,0.117,0.156,Misc,Unknown,Unknown,2026-05-24,Diversified,0,1,0,50.04,50.04,50.02,50.02,50.04,50.03,SLOW GROWTH
SHIGAN,2296996096.0,MICRO CAP,83.5999984741211,31.38889,2.4073286,0.11848,29.565,0.0958800055,0.063225,0.117,0.156,Misc,Unknown,Unknown,2026-05-24,Diversified,0,1,0,50.04,50.04,50.02,50.02,50.04,50.03,SLOW GROWTH
SATIPOLY,1218940800.0,MICRO CAP,36.099998474121094,26.218092,7.1648736,0.11848,29.565,0.0958800055,0.063225,0.117,0.156,Misc,Unknown,Unknown,2026-05-24,Diversified,0,1,0,50.04,50.04,50.02,50.02,50.04,50.03,SLOW GROWTH
RILINFRA,1219557760.0,MICRO CAP,32.25,26.011906,0.9443884,0.11848,29.565,0.0958800055,0.063225,0.117,0.156,Misc,Unknown,Unknown,2026-05-24,Diversified,0,1,0,50.04,50.04,50.02,50.02,50.04,50.03,SLOW GROWTH
VEEKAYEM,1227733760.0,MICRO CAP,140.0,16.783133,2.0828557,0.11848,29.565,0.0958800055,0.063225,0.117,0.156,Misc,Unknown,Unknown,2026-05-24,Diversified,0,1,0,50.04,50.04,50.02,50.02,50.04,50.03,SLOW GROWTH
USASEEDS,2814338816.0,MICRO CAP,99.94999694824219,45.821014,3.4496613,0.11848,29.565,0.0958800055,0.063225,0.117,0.156,Misc,Unknown,Unknown,2026-05-24,Diversified,0,1,0,50.04,50.04,50.02,50.02,50.04,50.03,SLOW GROWTH
INFOLLION,2627879424.0,MICRO CAP,195.1999969482422,20.687023,3.9077146,0.11848,29.565,0.0958800055,0.063225,0.117,0.156,Misc,Unknown,Unknown,2026-05-24,Diversified,0,1,0,50.04,50.04,50.02,50.02,50.04,50.03,SLOW GROWTH
SONAMAC,2660064000.0,MICRO CAP,36.0,68.8968,3.7728498,0.11848,29.565,0.0958800055,0.063225,0.117,0.156,Misc,Unknown,Unknown,2026-05-24,Diversified,0,1,0,50.04,50.04,50.02,50.02,50.04,50.03,SLOW GROWTH
PARAGON,2660976128.0,MICRO CAP,46.400001525878906,45.03311,2.9032533,0.11848,29.565,0.0958800055,0.063225,0.117,0.156,Misc,Unknown,Unknown,2026-05-24,Diversified,0,1,0,50.04,50.04,50.02,50.02,50.04,50.03,SLOW GROWTH
NAMAN,1237807744.0,MICRO CAP,50.0,21.975655,0.10547935,0.11848,29.565,0.0958800055,0.063225,0.117,0.156,Misc,Unknown,Unknown,2026-05-24,Diversified,0,1,0,50.04,50.04,50.02,50.02,50.04,50.03,SLOW GROWTH
MASTER,1248000000.0,MICRO CAP,340.0,19.235512,3.8278918,0.11848,29.565,0.0958800055,0.063225,0.117,0.156,Misc,Unknown,Unknown,2026-05-24,Diversified,0,1,0,50.04,50.04,50.02,50.02,50.04,50.03,SLOW GROWTH
MOS,46866432000.0,SMALL CAP,13.199999809265137,253.98648,20.955513,0.11848,29.565,0.0958800055,0.063225,0.117,0.156,Misc,Unknown,Unknown,2026-05-24,Diversified,0,1,0,50.04,50.04,50.02,50.02,50.04,50.03,SLOW GROWTH
COOLCAPS,46952464384.0,SMALL CAP,24.399999618530273,329.8077,134.29915,0.11848,29.565,0.0958800055,0.063225,0.117,0.156,Misc,Unknown,Unknown,2026-05-24,Diversified,0,1,0,50.04,50.04,50.02,50.02,50.04,50.03,SLOW GROWTH
SSFL,2386427904.0,MICRO CAP,124.0999984741211,22.880033,3.6014073,0.11848,29.565,0.0958800055,0.063225,0.117,0.156,Misc,Unknown,Unknown,2026-05-24,Diversified,0,1,0,50.04,50.04,50.02,50.02,50.04,50.03,SLOW GROWTH
KONSTELEC,2696104960.0,MICRO CAP,39.099998474121094,104.41521,2.6903837,0.11848,29.565,0.0958800055,0.063225,0.117,0.156,Misc,Unknown,Unknown,2026-05-24,Diversified,0,1,0,50.04,50.04,50.02,50.02,50.04,50.03,SLOW GROWTH
MASON,2696499968.0,MICRO CAP,130.0,14.234694,2.0660543,0.11848,29.565,0.0958800055,0.063225,0.117,0.156,Misc,Unknown,Unknown,2026-05-24,Diversified,0,1,0,50.04,50.04,50.02,50.02,50.04,50.03,SLOW GROWTH
PARTYCRUS,1454986752.0,MICRO CAP,101.75,17.280453,3.1367304,0.11848,29.565,0.0958800055,0.063225,0.117,0.156,Misc,Unknown,Unknown,2026-05-24,Diversified,0,1,0,50.04,50.04,50.02,50.02,50.04,50.03,SLOW GROWTH
JAINAM,1478567936.0,MICRO CAP,277.04998779296875,26.218092,1.063854,0.11848,29.565,0.0958800055,0.063225,0.117,0.156,Misc,Unknown,Unknown,2026-05-24,Diversified,0,1,0,50.04,50.04,50.02,50.02,50.04,50.03,SLOW GROWTH
MOXSH,1478928000.0,MICRO CAP,126.3499984741211,26.218092,5.079267,0.11848,29.565,0.0958800055,0.063225,0.117,0.156,Misc,Unknown,Unknown,2026-05-24,Diversified,0,1,0,50.04,50.04,50.02,50.02,50.04,50.03,SLOW GROWTH
ZEAL,2522197760.0,MICRO CAP,69.0,25.233023,2.9418156,0.11848,29.565,0.0958800055,0.063225,0.117,0.156,Misc,Unknown,Unknown,2026-05-24,Diversified,0,1,0,50.04,50.04,50.02,50.02,50.04,50.03,SLOW GROWTH
OWAIS,24718059520.0,SMALL CAP,126.6500015258789,52.026405,18.049469,0.11848,29.565,0.0958800055,0.063225,0.117,0.156,Misc,Unknown,Unknown,2026-05-24,Diversified,0,1,0,50.04,50.04,50.02,50.02,50.04,50.03,SLOW GROWTH
DCG,2534591488.0,MICRO CAP,66.0,31.311657,2.9783738,0.11848,29.565,0.0958800055,0.063225,0.117,0.156,Misc,Unknown,Unknown,2026-05-24,Diversified,0,1,0,50.04,50.04,50.02,50.02,50.04,50.03,SLOW GROWTH
SPECTSTM,2535621888.0,MICRO CAP,55.0,44.816326,1.5529312,0.11848,29.565,0.0958800055,0.063225,0.117,0.156,Misc,Unknown,Unknown,2026-05-24,Diversified,0,1,0,50.04,50.04,50.02,50.02,50.04,50.03,SLOW GROWTH
LLOYDS,2553412096.0,MICRO CAP,93.1500015258789,26.218092,0.7565259,0.11848,29.565,0.0958800055,0.063225,0.117,0.156,Misc,Unknown,Unknown,2026-05-24,Diversified,0,1,0,50.04,50.04,50.02,50.02,50.04,50.03,SLOW GROWTH
PARIN,2573261056.0,MICRO CAP,669.4000244140625,41.183273,3.41548,0.11848,29.565,0.0958800055,0.063225,0.117,0.156,Misc,Unknown,Unknown,2026-05-24,Diversified,0,1,0,50.04,50.04,50.02,50.02,50.04,50.03,SLOW GROWTH
IBLFL,1290939904.0,MICRO CAP,59.79999923706055,54.94737,2.1552436,0.11848,29.565,0.0958800055,0.063225,0.117,0.156,Misc,Unknown,Unknown,2026-05-24,Diversified,0,1,0,50.04,50.04,50.02,50.02,50.04,50.03,SLOW GROWTH
GRETEX,1940707328.0,MICRO CAP,259.0,136.45834,4.8928065,0.11848,29.565,0.0958800055,0.063225,0.117,0.156,Misc,Unknown,Unknown,2026-05-24,Diversified,0,1,0,50.04,50.04,50.02,50.02,50.04,50.03,SLOW GROWTH
PRIZOR,1947937152.0,MICRO CAP,653.25,16.503622,3.9984198,0.11848,29.565,0.0958800055,0.063225,0.117,0.156,Misc,Unknown,Unknown,2026-05-24,Diversified,0,1,0,50.04,50.04,50.02,50.02,50.04,50.03,SLOW GROWTH
CMNL,1639957120.0,MICRO CAP,126.9000015258789,16.777777,1.6887442,0.11848,29.565,0.0958800055,0.063225,0.117,0.156,Misc,Unknown,Unknown,2026-05-24,Diversified,0,1,0,50.04,50.04,50.02,50.02,50.04,50.03,SLOW GROWTH
ASPIRE,1646813056.0,MICRO CAP,14.75,42.885376,3.2665963,0.11848,29.565,0.0958800055,0.063225,0.117,0.156,Misc,Unknown,Unknown,2026-05-24,Diversified,0,1,0,50.04,50.04,50.02,50.02,50.04,50.03,SLOW GROWTH
PRAMARA,1695045504.0,MICRO CAP,178.14999389648438,30.294119,1.8299183,0.11848,29.565,0.0958800055,0.063225,0.117,0.156,Misc,Unknown,Unknown,2026-05-24,Diversified,0,1,0,50.04,50.04,50.02,50.02,50.04,50.03,SLOW GROWTH
AMIABLE,134611392.0,MICRO CAP,60.0,17.225952,1.4195904,0.11848,29.565,0.0958800055,0.063225,0.117,0.156,Misc,Unknown,Unknown,2026-05-24,Diversified,0,1,0,50.04,50.04,50.02,50.02,50.04,50.03,SLOW GROWTH
WOMANCART,1740787200.0,MICRO CAP,127.0,20.279207,2.0591483,0.11848,29.565,0.0958800055,0.063225,0.117,0.156,Misc,Unknown,Unknown,2026-05-24,Diversified,0,1,0,50.04,50.04,50.02,50.02,50.04,50.03,SLOW GROWTH
SHRITECH,1742757504.0,MICRO CAP,74.69999694824219,13.3301525,1.6668656,0.11848,29.565,0.0958800055,0.063225,0.117,0.156,Misc,Unknown,Unknown,2026-05-24,Diversified,0,1,0,50.04,50.04,50.02,50.02,50.04,50.03,SLOW GROWTH
GREENCHEF,1754696832.0,MICRO CAP,55.04999923706055,29.453127,1.5128108,0.11848,29.565,0.0958800055,0.063225,0.117,0.156,Misc,Unknown,Unknown,2026-05-24,Diversified,0,1,0,50.04,50.04,50.02,50.02,50.04,50.03,SLOW GROWTH
DRSDILIP,1762301184.0,MICRO CAP,119.5,58.5,3.5007927,0.11848,29.565,0.0958800055,0.063225,0.117,0.156,Misc,Unknown,Unknown,2026-05-24,Diversified,0,1,0,50.04,50.04,50.02,50.02,50.04,50.03,SLOW GROWTH
JFLLIFE,1764621184.0,MICRO CAP,9.25,42.541664,3.98237,0.11848,29.565,0.0958800055,0.063225,0.117,0.156,Misc,Unknown,Unknown,2026-05-24,Diversified,0,1,0,50.04,50.04,50.02,50.02,50.04,50.03,SLOW GROWTH
DTL,1538958336.0,MICRO CAP,130.0,26.218092,8.411594,0.11848,29.565,0.0958800055,0.063225,0.117,0.156,Misc,Unknown,Unknown,2026-05-24,Diversified,0,1,0,50.04,50.04,50.02,50.02,50.04,50.03,SLOW GROWTH
KLL,1848367488.0,MICRO CAP,35.70000076293945,15.610329,2.7465718,0.11848,29.565,0.0958800055,0.063225,0.117,0.156,Misc,Unknown,Unknown,2026-05-24,Diversified,0,1,0,50.04,50.04,50.02,50.02,50.04,50.03,SLOW GROWTH
UNIHEALTH,1863394176.0,MICRO CAP,460.8500061035156,12.321793,1.4881685,0.11848,29.565,0.0958800055,0.063225,0.117,0.156,Misc,Unknown,Unknown,2026-05-24,Diversified,0,1,0,50.04,50.04,50.02,50.02,50.04,50.03,SLOW GROWTH
PLADAINFO,257648688.0,MICRO CAP,11.100000381469727,13.65909,1.0808964,0.11848,29.565,0.0958800055,0.063225,0.117,0.156,Misc,Unknown,Unknown,2026-05-24,Diversified,0,1,0,50.04,50.04,50.02,50.02,50.04,50.03,SLOW GROWTH
SPCL,7894292992.0,MICRO CAP,75.55000305175781,67.77433,6.6882563,0.11848,29.565,0.0958800055,0.063225,0.117,0.156,Misc,Unknown,Unknown,2026-05-24,Diversified,0,1,0,50.04,50.04,50.02,50.02,50.04,50.03,SLOW GROWTH
ABSMARINE,8076950016.0,MICRO CAP,301.3500061035156,15.963124,3.087752,0.11848,29.565,0.0958800055,0.063225,0.117,0.156,Misc,Unknown,Unknown,2026-05-24,Diversified,0,1,0,50.04,50.04,50.02,50.02,50.04,50.03,SLOW GROWTH
SHUBHLAXMI,295814400.0,MICRO CAP,20.149999618530273,30.545452,1.414558,0.11848,29.565,0.0958800055,0.063225,0.117,0.156,Misc,Unknown,Unknown,2026-05-24,Diversified,0,1,0,50.04,50.04,50.02,50.02,50.04,50.03,SLOW GROWTH
SUNREST,296458272.0,MICRO CAP,36.0,14.784173,1.5891634,0.11848,29.565,0.0958800055,0.063225,0.117,0.156,Misc,Unknown,Unknown,2026-05-24,Diversified,0,1,0,50.04,50.04,50.02,50.02,50.04,50.03,SLOW GROWTH
INDIFRA,245673008.0,MICRO CAP,13.550000190734863,510.0120439999895,1.3271375,0.11848,29.565,0.0958800055,0.063225,0.117,0.156,Misc,Unknown,Unknown,2026-05-24,Diversified,0,1,0,50.04,50.04,50.02,50.02,50.04,50.03,SLOW GROWTH
VILINBIO,251100000.0,MICRO CAP,48.5,112.5,1.0692647,0.11848,29.565,0.0958800055,0.063225,0.117,0.156,Misc,Unknown,Unknown,2026-05-24,Diversified,0,1,0,50.04,50.04,50.02,50.02,50.04,50.03,SLOW GROWTH
SUPREMEPWR,7647287808.0,MICRO CAP,241.8000030517578,36.385258,7.135362,0.11848,29.565,0.0958800055,0.063225,0.117,0.156,Misc,Unknown,Unknown,2026-05-24,Diversified,0,1,0,50.04,50.04,50.02,50.02,50.04,50.03,SLOW GROWTH
TRANSWIND,145485744.0,MICRO CAP,13.850000381469727,25.0,0.8556591,0.11848,29.565,0.0958800055,0.063225,0.117,0.156,Misc,Unknown,Unknown,2026-05-24,Diversified,0,1,0,50.04,50.04,50.02,50.02,50.04,50.03,SLOW GROWTH
MINDSPACE,228427464704.0,MID CAP,464.17999267578125,32.73814,1.4868085,0.11848,29.565,0.0958800055,0.063225,0.117,0.156,Misc,Unknown,Unknown,2026-05-24,Diversified,0,1,0,50.04,50.04,50.02,50.02,50.04,50.03,SLOW GROWTH
BAWEJA,1543261312.0,MICRO CAP,31.299999237060547,22.820164,1.476031,0.11848,29.565,0.0958800055,0.063225,0.117,0.156,Misc,Unknown,Unknown,2026-05-24,Diversified,0,1,0,50.04,50.04,50.02,50.02,50.04,50.03,SLOW GROWTH
MADHAVBAUG,1555990656.0,MICRO CAP,199.9499969482422,19.121449,1.7815014,0.11848,29.565,0.0958800055,0.063225,0.117,0.156,Misc,Unknown,Unknown,2026-05-24,Diversified,0,1,0,50.04,50.04,50.02,50.02,50.04,50.03,SLOW GROWTH
ALUWIND,1562902784.0,MICRO CAP,50.70000076293945,14.328019,2.414124,0.11848,29.565,0.0958800055,0.063225,0.117,0.156,Misc,Unknown,Unknown,2026-05-24,Diversified,0,1,0,50.04,50.04,50.02,50.02,50.04,50.03,SLOW GROWTH
BIRET,218665304064.0,MID CAP,320.3399963378906,36.094517,1.1524885,0.11848,29.565,0.0958800055,0.063225,0.117,0.156,Misc,Unknown,Unknown,2026-05-24,Diversified,0,1,0,50.04,50.04,50.02,50.02,50.04,50.03,SLOW GROWTH
QMSMEDI,2100734080.0,MICRO CAP,83.75,18.123053,2.0159404,0.11848,29.565,0.0958800055,0.063225,0.117,0.156,Misc,Unknown,Unknown,2026-05-24,Diversified,0,1,0,50.04,50.04,50.02,50.02,50.04,50.03,SLOW GROWTH
MAXPOSURE,2106948992.0,MICRO CAP,37.650001525878906,24.772728,2.950355,0.11848,29.565,0.0958800055,0.063225,0.117,0.156,Misc,Unknown,Unknown,2026-05-24,Diversified,0,1,0,50.04,50.04,50.02,50.02,50.04,50.03,SLOW GROWTH
BEACON,2120820736.0,MICRO CAP,97.05000305175781,37.507988,4.2972183,0.11848,29.565,0.0958800055,0.063225,0.117,0.156,Misc,Unknown,Unknown,2026-05-24,Diversified,0,1,0,50.04,50.04,50.02,50.02,50.04,50.03,SLOW GROWTH
GRCL,2122773120.0,MICRO CAP,550.5499877929688,74.73738,12.677771,0.11848,29.565,0.0958800055,0.063225,0.117,0.156,Misc,Unknown,Unknown,2026-05-24,Diversified,0,1,0,50.04,50.04,50.02,50.02,50.04,50.03,SLOW GROWTH
SWASTIK,1571608320.0,MICRO CAP,22.649999618530273,26.218092,0.7992203,0.11848,29.565,0.0958800055,0.063225,0.117,0.156,Misc,Unknown,Unknown,2026-05-24,Diversified,0,1,0,50.04,50.04,50.02,50.02,50.04,50.03,SLOW GROWTH
ASCOM,1573214336.0,MICRO CAP,249.85000610351562,30.732267,3.005214,0.11848,29.565,0.0958800055,0.063225,0.117,0.156,Misc,Unknown,Unknown,2026-05-24,Diversified,0,1,0,50.04,50.04,50.02,50.02,50.04,50.03,SLOW GROWTH
QUICKTOUCH,1595159424.0,MICRO CAP,26.450000762939453,19.911505,0.94500756,0.11848,29.565,0.0958800055,0.063225,0.117,0.156,Misc,Unknown,Unknown,2026-05-24,Diversified,0,1,0,50.04,50.04,50.02,50.02,50.04,50.03,SLOW GROWTH
AMBEY,1917163136.0,MICRO CAP,24.600000381469727,44.421963,2.0965762,0.11848,29.565,0.0958800055,0.063225,0.117,0.156,Misc,Unknown,Unknown,2026-05-24,Diversified,0,1,0,50.04,50.04,50.02,50.02,50.04,50.03,SLOW GROWTH
KHFM,1608386688.0,MICRO CAP,54.849998474121094,50.578228,2.6378343,0.11848,29.565,0.0958800055,0.063225,0.117,0.156,Misc,Unknown,Unknown,2026-05-24,Diversified,0,1,0,50.04,50.04,50.02,50.02,50.04,50.03,SLOW GROWTH
ENFUSE,1627958400.0,MICRO CAP,194.0,50.13624,6.003067,0.11848,29.565,0.0958800055,0.063225,0.117,0.156,Misc,Unknown,Unknown,2026-05-24,Diversified,0,1,0,50.04,50.04,50.02,50.02,50.04,50.03,SLOW GROWTH
RBS,2126105600.0,MICRO CAP,97.5,13.556851,1.3447274,0.11848,29.565,0.0958800055,0.063225,0.117,0.156,Misc,Unknown,Unknown,2026-05-24,Diversified,0,1,0,50.04,50.04,50.02,50.02,50.04,50.03,SLOW GROWTH
HOMESFY,2135744384.0,MICRO CAP,118.0,26.218092,5.199783,0.11848,29.565,0.0958800055,0.063225,0.117,0.156,Misc,Unknown,Unknown,2026-05-24,Diversified,0,1,0,50.04,50.04,50.02,50.02,50.04,50.03,SLOW GROWTH
SOTAC,1702252544.0,MICRO CAP,111.30000305175781,19.903101,3.0619547,0.11848,29.565,0.0958800055,0.063225,0.117,0.156,Misc,Unknown,Unknown,2026-05-24,Diversified,0,1,0,50.04,50.04,50.02,50.02,50.04,50.03,SLOW GROWTH
MDL,1949641472.0,MICRO CAP,50.0,47.99127,3.02222,0.11848,29.565,0.0958800055,0.063225,0.117,0.156,Misc,Unknown,Unknown,2026-05-24,Diversified,0,1,0,50.04,50.04,50.02,50.02,50.04,50.03,SLOW GROWTH
CADSYS,2000600064.0,MICRO CAP,70.44999694824219,26.218092,13.901439,0.11848,29.565,0.0958800055,0.063225,0.117,0.156,Misc,Unknown,Unknown,2026-05-24,Diversified,0,1,0,50.04,50.04,50.02,50.02,50.04,50.03,SLOW GROWTH
DUCOL,2015562496.0,MICRO CAP,114.0,46.156715,1.9962882,0.11848,29.565,0.0958800055,0.063225,0.117,0.156,Misc,Unknown,Unknown,2026-05-24,Diversified,0,1,0,50.04,50.04,50.02,50.02,50.04,50.03,SLOW GROWTH
FONEBOX,2023784960.0,MICRO CAP,83.25,44.525963,5.4977984,0.11848,29.565,0.0958800055,0.063225,0.117,0.156,Misc,Unknown,Unknown,2026-05-24,Diversified,0,1,0,50.04,50.04,50.02,50.02,50.04,50.03,SLOW GROWTH
PRITIKA,2085473792.0,MICRO CAP,72.75,36.2844,4.1728215,0.11848,29.565,0.0958800055,0.063225,0.117,0.156,Misc,Unknown,Unknown,2026-05-24,Diversified,0,1,0,50.04,50.04,50.02,50.02,50.04,50.03,SLOW GROWTH
MADHUSUDAN,2090445056.0,MICRO CAP,165.25,14.839744,2.3168867,0.11848,29.565,0.0958800055,0.063225,0.117,0.156,Misc,Unknown,Unknown,2026-05-24,Diversified,0,1,0,50.04,50.04,50.02,50.02,50.04,50.03,SLOW GROWTH
EFORCE,1717560064.0,MICRO CAP,22.549999237060547,133.45454,2.3679712,0.11848,29.565,0.0958800055,0.063225,0.117,0.156,Misc,Unknown,Unknown,2026-05-24,Diversified,0,1,0,50.04,50.04,50.02,50.02,50.04,50.03,SLOW GROWTH
VR,1598400000.0,MICRO CAP,134.39999389648438,71.14625,4.2704625,0.11848,29.565,0.0958800055,0.063225,0.117,0.156,Misc,Unknown,Unknown,2026-05-24,Diversified,0,1,0,50.04,50.04,50.02,50.02,50.04,50.03,SLOW GROWTH
ENSER,17850488832.0,SMALL CAP,15.149999618530273,202.77228,50.270008,0.11848,29.565,0.0958800055,0.063225,0.117,0.156,Misc,Unknown,Unknown,2026-05-24,Diversified,0,1,0,50.04,50.04,50.02,50.02,50.04,50.03,SLOW GROWTH
ROCKINGDCE,4162988544.0,MICRO CAP,189.89999389648438,77.95509,8.759477,0.11848,29.565,0.0958800055,0.063225,0.117,0.156,Misc,Unknown,Unknown,2026-05-24,Diversified,0,1,0,50.04,50.04,50.02,50.02,50.04,50.03,SLOW GROWTH
TRUST,4177748992.0,MICRO CAP,34.0,52.187504,3.6869218,0.11848,29.565,0.0958800055,0.063225,0.117,0.156,Misc,Unknown,Unknown,2026-05-24,Diversified,0,1,0,50.04,50.04,50.02,50.02,50.04,50.03,SLOW GROWTH
HIGREEN,4182076672.0,MICRO CAP,142.5,39.656403,4.58079,0.11848,29.565,0.0958800055,0.063225,0.117,0.156,Misc,Unknown,Unknown,2026-05-24,Diversified,0,1,0,50.04,50.04,50.02,50.02,50.04,50.03,SLOW GROWTH
RBMINFRA,4185891840.0,MICRO CAP,367.8999938964844,17.902527,2.9653592,0.11848,29.565,0.0958800055,0.063225,0.117,0.156,Misc,Unknown,Unknown,2026-05-24,Diversified,0,1,0,50.04,50.04,50.02,50.02,50.04,50.03,SLOW GROWTH
GPECO,4225256448.0,MICRO CAP,419.1000061035156,40.814476,5.3007374,0.11848,29.565,0.0958800055,0.063225,0.117,0.156,Misc,Unknown,Unknown,2026-05-24,Diversified,0,1,0,50.04,50.04,50.02,50.02,50.04,50.03,SLOW GROWTH
CGRAPHICS,4330193920.0,MICRO CAP,139.25,17.446184,3.6389241,0.11848,29.565,0.0958800055,0.063225,0.117,0.156,Misc,Unknown,Unknown,2026-05-24,Diversified,0,1,0,50.04,50.04,50.02,50.02,50.04,50.03,SLOW GROWTH
ZTECH,3910008320.0,MICRO CAP,633.2000122070312,14.459459,2.172753,0.11848,29.565,0.0958800055,0.063225,0.117,0.156,Misc,Unknown,Unknown,2026-05-24,Diversified,0,1,0,50.04,50.04,50.02,50.02,50.04,50.03,SLOW GROWTH
EMMIL,3913305856.0,MICRO CAP,141.1999969482422,31.126125,4.31902,0.11848,29.565,0.0958800055,0.063225,0.117,0.156,Misc,Unknown,Unknown,2026-05-24,Diversified,0,1,0,50.04,50.04,50.02,50.02,50.04,50.03,SLOW GROWTH
SILKFLEX,853694912.0,MICRO CAP,204.0,7.024833,2.185216,0.11848,29.565,0.0958800055,0.063225,0.117,0.156,Misc,Unknown,Unknown,2026-05-24,Diversified,0,1,0,50.04,50.04,50.02,50.02,50.04,50.03,SLOW GROWTH
PROLIFE,859756800.0,MICRO CAP,62.45000076293945,18.372704,1.8325726,0.11848,29.565,0.0958800055,0.063225,0.117,0.156,Misc,Unknown,Unknown,2026-05-24,Diversified,0,1,0,50.04,50.04,50.02,50.02,50.04,50.03,SLOW GROWTH
MEDIORG,1186964992.0,MICRO CAP,24.450000762939453,27.718578,3.6429904,0.11848,29.565,0.0958800055,0.063225,0.117,0.156,Misc,Unknown,Unknown,2026-05-24,Diversified,0,1,0,50.04,50.04,50.02,50.02,50.04,50.03,SLOW GROWTH
VISHWAS,867500032.0,MICRO CAP,50.70000076293945,14.037217,1.6781445,0.11848,29.565,0.0958800055,0.063225,0.117,0.156,Misc,Unknown,Unknown,2026-05-24,Diversified,0,1,0,50.04,50.04,50.02,50.02,50.04,50.03,SLOW GROWTH
DENEERS,1712673536.0,MICRO CAP,241.1999969482422,10.85652,2.1708302,0.11848,29.565,0.0958800055,0.063225,0.117,0.156,Misc,Unknown,Unknown,2026-05-24,Diversified,0,1,0,50.04,50.04,50.02,50.02,50.04,50.03,SLOW GROWTH
ARIHANTACA,878306752.0,MICRO CAP,450.0,13.270814,3.026036,0.11848,29.565,0.0958800055,0.063225,0.117,0.156,Misc,Unknown,Unknown,2026-05-24,Diversified,0,1,0,50.04,50.04,50.02,50.02,50.04,50.03,SLOW GROWTH
MAHICKRA,884097088.0,MICRO CAP,234.89999389648438,34.88782,2.4116004,0.11848,29.565,0.0958800055,0.063225,0.117,0.156,Misc,Unknown,Unknown,2026-05-24,Diversified,0,1,0,50.04,50.04,50.02,50.02,50.04,50.03,SLOW GROWTH
SYNOPTICS,884464000.0,MICRO CAP,48.25,21.86583,1.208953,0.11848,29.565,0.0958800055,0.063225,0.117,0.156,Misc,Unknown,Unknown,2026-05-24,Diversified,0,1,0,50.04,50.04,50.02,50.02,50.04,50.03,SLOW GROWTH
MVKAGRO,885253504.0,MICRO CAP,462.25,9.509151,0.7104586,0.11848,29.565,0.0958800055,0.063225,0.117,0.156,Misc,Unknown,Unknown,2026-05-24,Diversified,0,1,0,50.04,50.04,50.02,50.02,50.04,50.03,SLOW GROWTH
ESCONET,3955200000.0,MICRO CAP,128.89999389648438,26.218092,5.594797,0.11848,29.565,0.0958800055,0.063225,0.117,0.156,Misc,Unknown,Unknown,2026-05-24,Diversified,0,1,0,50.04,50.04,50.02,50.02,50.04,50.03,SLOW GROWTH
KARNIKA,19302922240.0,SMALL CAP,136.0,486.4844,10.493057,0.11848,29.565,0.0958800055,0.063225,0.117,0.156,Misc,Unknown,Unknown,2026-05-24,Diversified,0,1,0,50.04,50.04,50.02,50.02,50.04,50.03,SLOW GROWTH
NXST,329983098880.0,MID CAP,156.67999267578125,55.729324,1.7000976,0.11848,29.565,0.0958800055,0.063225,0.117,0.156,Misc,Unknown,Unknown,2026-05-24,Diversified,0,1,0,50.04,50.04,50.02,50.02,50.04,50.03,SLOW GROWTH
FELIX,3839397888.0,MICRO CAP,208.0,26.742855,2.5195606,0.11848,29.565,0.0958800055,0.063225,0.117,0.156,Misc,Unknown,Unknown,2026-05-24,Diversified,0,1,0,50.04,50.04,50.02,50.02,50.04,50.03,SLOW GROWTH
CHAVDA,3843870208.0,MICRO CAP,94.5,19.4875,3.1973584,0.11848,29.565,0.0958800055,0.063225,0.117,0.156,Misc,Unknown,Unknown,2026-05-24,Diversified,0,1,0,50.04,50.04,50.02,50.02,50.04,50.03,SLOW GROWTH
BABAFP,866115712.0,MICRO CAP,26.0,26.928934,1.3412044,0.11848,29.565,0.0958800055,0.063225,0.117,0.156,Misc,Unknown,Unknown,2026-05-24,Diversified,0,1,0,50.04,50.04,50.02,50.02,50.04,50.03,SLOW GROWTH
VIAZ,692181504.0,MICRO CAP,63.29999923706055,20.772058,1.7795836,0.11848,29.565,0.0958800055,0.063225,0.117,0.156,Misc,Unknown,Unknown,2026-05-24,Diversified,0,1,0,50.04,50.04,50.02,50.02,50.04,50.03,SLOW GROWTH
GSTL,700534400.0,MICRO CAP,17.950000762939453,26.218092,1.5669566,0.11848,29.565,0.0958800055,0.063225,0.117,0.156,Misc,Unknown,Unknown,2026-05-24,Diversified,0,1,0,50.04,50.04,50.02,50.02,50.04,50.03,SLOW GROWTH
TRIDHYA,702133184.0,MICRO CAP,9.050000190734863,26.218092,1.6353872,0.11848,29.565,0.0958800055,0.063225,0.117,0.156,Misc,Unknown,Unknown,2026-05-24,Diversified,0,1,0,50.04,50.04,50.02,50.02,50.04,50.03,SLOW GROWTH
TCL,4487142400.0,MICRO CAP,96.0,37.964775,4.477164,0.11848,29.565,0.0958800055,0.063225,0.117,0.156,Misc,Unknown,Unknown,2026-05-24,Diversified,0,1,0,50.04,50.04,50.02,50.02,50.04,50.03,SLOW GROWTH
DEEM,817052672.0,MICRO CAP,34.0,28.16092,0.96527,0.11848,29.565,0.0958800055,0.063225,0.117,0.156,Misc,Unknown,Unknown,2026-05-24,Diversified,0,1,0,50.04,50.04,50.02,50.02,50.04,50.03,SLOW GROWTH
SHREMINVIT,72079613952.0,SMALL CAP,99.9000015258789,8.368794,2.368238,0.11848,29.565,0.0958800055,0.063225,0.117,0.156,Misc,Unknown,Unknown,2026-05-24,Diversified,0,1,0,50.04,50.04,50.02,50.02,50.04,50.03,SLOW GROWTH
MAGSON,730049984.0,MICRO CAP,184.5,178.84616,1.2580659,0.11848,29.565,0.0958800055,0.063225,0.117,0.156,Misc,Unknown,Unknown,2026-05-24,Diversified,0,1,0,50.04,50.04,50.02,50.02,50.04,50.03,SLOW GROWTH
VELS,748664000.0,MICRO CAP,68.3499984741211,3.258048784,1.334407,0.11848,29.565,0.0958800055,0.063225,0.117,0.156,Misc,Unknown,Unknown,2026-05-24,Diversified,0,1,0,50.04,50.04,50.02,50.02,50.04,50.03,SLOW GROWTH
PATTECH,759816448.0,MICRO CAP,116.8499984741211,75.93023,2.363259,0.11848,29.565,0.0958800055,0.063225,0.117,0.156,Misc,Unknown,Unknown,2026-05-24,Diversified,0,1,0,50.04,50.04,50.02,50.02,50.04,50.03,SLOW GROWTH
OMFURN,765336000.0,MICRO CAP,57.0,14.541388,1.2318538,0.11848,29.565,0.0958800055,0.063225,0.117,0.156,Misc,Unknown,Unknown,2026-05-24,Diversified,0,1,0,50.04,50.04,50.02,50.02,50.04,50.03,SLOW GROWTH
NIMBSPROJ,4358693376.0,MICRO CAP,225.6199951171875,26.218092,0.88447213,0.11848,29.565,0.0958800055,0.063225,0.117,0.156,Misc,Unknown,Unknown,2026-05-24,Diversified,0,1,0,50.04,50.04,50.02,50.02,50.04,50.03,SLOW GROWTH
KCEIL,4047527936.0,MICRO CAP,102.44999694824219,23.718689,4.3804193,0.11848,29.565,0.0958800055,0.063225,0.117,0.156,Misc,Unknown,Unknown,2026-05-24,Diversified,0,1,0,50.04,50.04,50.02,50.02,50.04,50.03,SLOW GROWTH
NEWJAISA,4377918976.0,MICRO CAP,23.0,26.218092,3.1536114,0.11848,29.565,0.0958800055,0.063225,0.117,0.156,Misc,Unknown,Unknown,2026-05-24,Diversified,0,1,0,50.04,50.04,50.02,50.02,50.04,50.03,SLOW GROWTH
SHERA,4395872256.0,MICRO CAP,168.14999389648438,24.730768,2.8303132,0.11848,29.565,0.0958800055,0.063225,0.117,0.156,Misc,Unknown,Unknown,2026-05-24,Diversified,0,1,0,50.04,50.04,50.02,50.02,50.04,50.03,SLOW GROWTH
VMARCIND,4412819456.0,MICRO CAP,1121.9000244140625,7.3217177,2.3292985,0.11848,29.565,0.0958800055,0.063225,0.117,0.156,Misc,Unknown,Unknown,2026-05-24,Diversified,0,1,0,50.04,50.04,50.02,50.02,50.04,50.03,SLOW GROWTH
REFRACTORY,4428669952.0,MICRO CAP,39.150001525878906,73.07554,8.783725,0.11848,29.565,0.0958800055,0.063225,0.117,0.156,Misc,Unknown,Unknown,2026-05-24,Diversified,0,1,0,50.04,50.04,50.02,50.02,50.04,50.03,SLOW GROWTH
MAITREYA,817524416.0,MICRO CAP,167.60000610351562,28.321594,3.0542758,0.11848,29.565,0.0958800055,0.063225,0.117,0.156,Misc,Unknown,Unknown,2026-05-24,Diversified,0,1,0,50.04,50.04,50.02,50.02,50.04,50.03,SLOW GROWTH
AKIKO,826566784.0,MICRO CAP,273.3500061035156,10.138705,1.658778,0.11848,29.565,0.0958800055,0.063225,0.117,0.156,Misc,Unknown,Unknown,2026-05-24,Diversified,0,1,0,50.04,50.04,50.02,50.02,50.04,50.03,SLOW GROWTH
CLSL,828718976.0,MICRO CAP,42.95000076293945,12.209596,0.7954134,0.11848,29.565,0.0958800055,0.063225,0.117,0.156,Misc,Unknown,Unknown,2026-05-24,Diversified,0,1,0,50.04,50.04,50.02,50.02,50.04,50.03,SLOW GROWTH
SEL,834982272.0,MICRO CAP,195.0,50.434174,6.804225,0.11848,29.565,0.0958800055,0.063225,0.117,0.156,Misc,Unknown,Unknown,2026-05-24,Diversified,0,1,0,50.04,50.04,50.02,50.02,50.04,50.03,SLOW GROWTH
SLONE,843042048.0,MICRO CAP,177.0,11.895911,1.9428085,0.11848,29.565,0.0958800055,0.063225,0.117,0.156,Misc,Unknown,Unknown,2026-05-24,Diversified,0,1,0,50.04,50.04,50.02,50.02,50.04,50.03,SLOW GROWTH
RCDL,844229568.0,MICRO CAP,26.399999618530273,9.463807,1.0034395,0.11848,29.565,0.0958800055,0.063225,0.117,0.156,Misc,Unknown,Unknown,2026-05-24,Diversified,0,1,0,50.04,50.04,50.02,50.02,50.04,50.03,SLOW GROWTH
CELLECOR,62865342464.0,SMALL CAP,41.5,199.1724,31.374252,0.11848,29.565,0.0958800055,0.063225,0.117,0.156,Misc,Unknown,Unknown,2026-05-24,Diversified,0,1,0,50.04,50.04,50.02,50.02,50.04,50.03,SLOW GROWTH
WINSOL,4370110464.0,MICRO CAP,136.5500030517578,32.187763,7.7393723,0.11848,29.565,0.0958800055,0.063225,0.117,0.156,Misc,Unknown,Unknown,2026-05-24,Diversified,0,1,0,50.04,50.04,50.02,50.02,50.04,50.03,SLOW GROWTH
NIRMAN,3330022912.0,MICRO CAP,50.5,11.721172,2.6734617,0.11848,29.565,0.0958800055,0.063225,0.117,0.156,Misc,Unknown,Unknown,2026-05-24,Diversified,0,1,0,50.04,50.04,50.02,50.02,50.04,50.03,SLOW GROWTH
TUNWAL,3362305536.0,MICRO CAP,34.0,26.320347,2.8626583,0.11848,29.565,0.0958800055,0.063225,0.117,0.156,Misc,Unknown,Unknown,2026-05-24,Diversified,0,1,0,50.04,50.04,50.02,50.02,50.04,50.03,SLOW GROWTH
PURVFLEXI,3444318720.0,MICRO CAP,57.5,33.094757,2.3986964,0.11848,29.565,0.0958800055,0.063225,0.117,0.156,Misc,Unknown,Unknown,2026-05-24,Diversified,0,1,0,50.04,50.04,50.02,50.02,50.04,50.03,SLOW GROWTH
DOLLEX,989311360.0,MICRO CAP,31.75,23.48101,0.88451266,0.11848,29.565,0.0958800055,0.063225,0.117,0.156,Misc,Unknown,Unknown,2026-05-24,Diversified,0,1,0,50.04,50.04,50.02,50.02,50.04,50.03,SLOW GROWTH
AGNI,1011902656.0,MICRO CAP,20.0,235.45454,3.1755762,0.11848,29.565,0.0958800055,0.063225,0.117,0.156,Misc,Unknown,Unknown,2026-05-24,Diversified,0,1,0,50.04,50.04,50.02,50.02,50.04,50.03,SLOW GROWTH
MAL,1018294528.0,MICRO CAP,37.349998474121094,7.624769,0.6578108,0.11848,29.565,0.0958800055,0.063225,0.117,0.156,Misc,Unknown,Unknown,2026-05-24,Diversified,0,1,0,50.04,50.04,50.02,50.02,50.04,50.03,SLOW GROWTH
PRESSTONIC,1029114304.0,MICRO CAP,33.650001525878906,18.31987,3.342471,0.11848,29.565,0.0958800055,0.063225,0.117,0.156,Misc,Unknown,Unknown,2026-05-24,Diversified,0,1,0,50.04,50.04,50.02,50.02,50.04,50.03,SLOW GROWTH
MHHL,1040358080.0,MICRO CAP,39.0,26.218092,1.0278909,0.11848,29.565,0.0958800055,0.063225,0.117,0.156,Misc,Unknown,Unknown,2026-05-24,Diversified,0,1,0,50.04,50.04,50.02,50.02,50.04,50.03,SLOW GROWTH
WALPAR,1045388800.0,MICRO CAP,34.70000076293945,68.10651,6.084474,0.11848,29.565,0.0958800055,0.063225,0.117,0.156,Misc,Unknown,Unknown,2026-05-24,Diversified,0,1,0,50.04,50.04,50.02,50.02,50.04,50.03,SLOW GROWTH
KONTOR,1051750016.0,MICRO CAP,82.44999694824219,22.526237,3.3354793,0.11848,29.565,0.0958800055,0.063225,0.117,0.156,Misc,Unknown,Unknown,2026-05-24,Diversified,0,1,0,50.04,50.04,50.02,50.02,50.04,50.03,SLOW GROWTH
ROXHITECH,2941321984.0,MICRO CAP,33.099998474121094,16.491678,2.9248798,0.11848,29.565,0.0958800055,0.063225,0.117,0.156,Misc,Unknown,Unknown,2026-05-24,Diversified,0,1,0,50.04,50.04,50.02,50.02,50.04,50.03,SLOW GROWTH
ESFL,3868680448.0,MICRO CAP,125.5,510.0120439999895,2.6417558,0.11848,29.565,0.0958800055,0.063225,0.117,0.156,Misc,Unknown,Unknown,2026-05-24,Diversified,0,1,0,50.04,50.04,50.02,50.02,50.04,50.03,SLOW GROWTH
PRLIND,2988134912.0,MICRO CAP,59.45000076293945,16.256218,3.0863323,0.11848,29.565,0.0958800055,0.063225,0.117,0.156,Misc,Unknown,Unknown,2026-05-24,Diversified,0,1,0,50.04,50.04,50.02,50.02,50.04,50.03,SLOW GROWTH
CRAYONS,3029319936.0,MICRO CAP,33.5,28.246014,2.5318522,0.11848,29.565,0.0958800055,0.063225,0.117,0.156,Misc,Unknown,Unknown,2026-05-24,Diversified,0,1,0,50.04,50.04,50.02,50.02,50.04,50.03,SLOW GROWTH
PROPEQUITY,3070732544.0,MICRO CAP,250.0,22.05949,3.167815,0.11848,29.565,0.0958800055,0.063225,0.117,0.156,Misc,Unknown,Unknown,2026-05-24,Diversified,0,1,0,50.04,50.04,50.02,50.02,50.04,50.03,SLOW GROWTH
CANARYS,3094309632.0,MICRO CAP,20.0,38.920864,3.260804,0.11848,29.565,0.0958800055,0.063225,0.117,0.156,Misc,Unknown,Unknown,2026-05-24,Diversified,0,1,0,50.04,50.04,50.02,50.02,50.04,50.03,SLOW GROWTH
BLUEPEBBLE,1077323904.0,MICRO CAP,101.8499984741211,21.277195,3.8178477,0.11848,29.565,0.0958800055,0.063225,0.117,0.156,Misc,Unknown,Unknown,2026-05-24,Diversified,0,1,0,50.04,50.04,50.02,50.02,50.04,50.03,SLOW GROWTH
AVSL,1081417728.0,MICRO CAP,119.69999694824219,42.79536,2.779605,0.11848,29.565,0.0958800055,0.063225,0.117,0.156,Misc,Unknown,Unknown,2026-05-24,Diversified,0,1,0,50.04,50.04,50.02,50.02,50.04,50.03,SLOW GROWTH
HOLMARC,1094947456.0,MICRO CAP,98.80000305175781,29.287634,3.993329,0.11848,29.565,0.0958800055,0.063225,0.117,0.156,Misc,Unknown,Unknown,2026-05-24,Diversified,0,1,0,50.04,50.04,50.02,50.02,50.04,50.03,SLOW GROWTH
PRECISION,1095147520.0,MICRO CAP,8.050000190734863,136.28572,1.3408669,0.11848,29.565,0.0958800055,0.063225,0.117,0.156,Misc,Unknown,Unknown,2026-05-24,Diversified,0,1,0,50.04,50.04,50.02,50.02,50.04,50.03,SLOW GROWTH
ONDOOR,2707944448.0,MICRO CAP,176.0,34.840115,2.610386,0.11848,29.565,0.0958800055,0.063225,0.117,0.156,Misc,Unknown,Unknown,2026-05-24,Diversified,0,1,0,50.04,50.04,50.02,50.02,50.04,50.03,SLOW GROWTH
EFACTOR,2774676736.0,MICRO CAP,196.64999389648438,11.10529,3.6411726,0.11848,29.565,0.0958800055,0.063225,0.117,0.156,Misc,Unknown,Unknown,2026-05-24,Diversified,0,1,0,50.04,50.04,50.02,50.02,50.04,50.03,SLOW GROWTH
GLOBALPET,1141610496.0,MICRO CAP,139.6999969482422,23.913578,2.2620046,0.11848,29.565,0.0958800055,0.063225,0.117,0.156,Misc,Unknown,Unknown,2026-05-24,Diversified,0,1,0,50.04,50.04,50.02,50.02,50.04,50.03,SLOW GROWTH
BAHETI,2944662528.0,MICRO CAP,598.6500244140625,16.359446,3.149292,0.11848,29.565,0.0958800055,0.063225,0.117,0.156,Misc,Unknown,Unknown,2026-05-24,Diversified,0,1,0,50.04,50.04,50.02,50.02,50.04,50.03,SLOW GROWTH
NEPHROCARE,3871006720.0,MICRO CAP,80.9000015258789,116.815926,6.977297,0.11848,29.565,0.0958800055,0.063225,0.117,0.156,Misc,Unknown,Unknown,2026-05-24,Diversified,0,1,0,50.04,50.04,50.02,50.02,50.04,50.03,SLOW GROWTH
INM,3882447104.0,MICRO CAP,168.0,35.576923,5.5242567,0.11848,29.565,0.0958800055,0.063225,0.117,0.156,Misc,Unknown,Unknown,2026-05-24,Diversified,0,1,0,50.04,50.04,50.02,50.02,50.04,50.03,SLOW GROWTH
BEWLTD,18747146240.0,SMALL CAP,61.150001525878906,151.42555,13.351334,0.11848,29.565,0.0958800055,0.063225,0.117,0.156,Misc,Unknown,Unknown,2026-05-24,Diversified,0,1,0,50.04,50.04,50.02,50.02,50.04,50.03,SLOW GROWTH
GRAPHISAD,975965120.0,MICRO CAP,34.5,11.633986,0.9343669,0.11848,29.565,0.0958800055,0.063225,0.117,0.156,Misc,Unknown,Unknown,2026-05-24,Diversified,0,1,0,50.04,50.04,50.02,50.02,50.04,50.03,SLOW GROWTH
AUROIMPEX,983384448.0,MICRO CAP,28.899999618530273,21.26649,2.014849,0.11848,29.565,0.0958800055,0.063225,0.117,0.156,Misc,Unknown,Unknown,2026-05-24,Diversified,0,1,0,50.04,50.04,50.02,50.02,50.04,50.03,SLOW GROWTH
SKP,3651170048.0,MICRO CAP,173.0,68.734375,7.1806335,0.11848,29.565,0.0958800055,0.063225,0.117,0.156,Misc,Unknown,Unknown,2026-05-24,Diversified,0,1,0,50.04,50.04,50.02,50.02,50.04,50.03,SLOW GROWTH
SYSTANGO,3717073920.0,MICRO CAP,232.1999969482422,11.486854,3.073005,0.11848,29.565,0.0958800055,0.063225,0.117,0.156,Misc,Unknown,Unknown,2026-05-24,Diversified,0,1,0,50.04,50.04,50.02,50.02,50.04,50.03,SLOW GROWTH
EMBASSY,350644862976.0,MID CAP,429.8800048828125,103.61906,1.5405375,0.11848,29.565,0.0958800055,0.063225,0.117,0.156,Misc,Unknown,Unknown,2026-05-24,Diversified,0,1,0,50.04,50.04,50.02,50.02,50.04,50.03,SLOW GROWTH
KDL,19526975488.0,SMALL CAP,138.60000610351562,61.608498,14.940477,0.11848,29.565,0.0958800055,0.063225,0.117,0.156,Misc,Unknown,Unknown,2026-05-24,Diversified,0,1,0,50.04,50.04,50.02,50.02,50.04,50.03,SLOW GROWTH
PROV,3756893184.0,MICRO CAP,1641.050048828125,41.256622,2.8903112,0.11848,29.565,0.0958800055,0.063225,0.117,0.156,Misc,Unknown,Unknown,2026-05-24,Diversified,0,1,0,50.04,50.04,50.02,50.02,50.04,50.03,SLOW GROWTH
ARABIAN,899134656.0,MICRO CAP,69.55000305175781,9.285714,1.4033388,0.11848,29.565,0.0958800055,0.063225,0.117,0.156,Misc,Unknown,Unknown,2026-05-24,Diversified,0,1,0,50.04,50.04,50.02,50.02,50.04,50.03,SLOW GROWTH
URBAN,3197704960.0,MICRO CAP,134.4499969482422,27.27105,7.8019357,0.11848,29.565,0.0958800055,0.063225,0.117,0.156,Misc,Unknown,Unknown,2026-05-24,Diversified,0,1,0,50.04,50.04,50.02,50.02,50.04,50.03,SLOW GROWTH
VERTEXPLUS,924134528.0,MICRO CAP,73.1500015258789,105.40624,4.1943345,0.11848,29.565,0.0958800055,0.063225,0.117,0.156,Misc,Unknown,Unknown,2026-05-24,Diversified,0,1,0,50.04,50.04,50.02,50.02,50.04,50.03,SLOW GROWTH
K2INFRA,3470058240.0,MICRO CAP,55.0,30.021835,4.1603003,0.11848,29.565,0.0958800055,0.063225,0.117,0.156,Misc,Unknown,Unknown,2026-05-24,Diversified,0,1,0,50.04,50.04,50.02,50.02,50.04,50.03,SLOW GROWTH
INFINIUM,3474256640.0,MICRO CAP,211.6999969482422,37.096504,3.0294178,0.11848,29.565,0.0958800055,0.063225,0.117,0.156,Misc,Unknown,Unknown,2026-05-24,Diversified,0,1,0,50.04,50.04,50.02,50.02,50.04,50.03,SLOW GROWTH
ALPEXSOLAR,20531959808.0,SMALL CAP,955.1500244140625,11.318807,4.355467,0.11848,29.565,0.0958800055,0.063225,0.117,0.156,Misc,Unknown,Unknown,2026-05-24,Diversified,0,1,0,50.04,50.04,50.02,50.02,50.04,50.03,SLOW GROWTH
AVPINFRA,3575772416.0,MICRO CAP,72.80000305175781,8.212851,2.005801,0.11848,29.565,0.0958800055,0.063225,0.117,0.156,Misc,Unknown,Unknown,2026-05-24,Diversified,0,1,0,50.04,50.04,50.02,50.02,50.04,50.03,SLOW GROWTH
SIDDHIKA,941679552.0,MICRO CAP,218.5,10.269541,2.0037339,0.11848,29.565,0.0958800055,0.063225,0.117,0.156,Misc,Unknown,Unknown,2026-05-24,Diversified,0,1,0,50.04,50.04,50.02,50.02,50.04,50.03,SLOW GROWTH
PENTAGON,947944448.0,MICRO CAP,66.0,39.66129,2.8994906,0.11848,29.565,0.0958800055,0.063225,0.117,0.156,Misc,Unknown,Unknown,2026-05-24,Diversified,0,1,0,50.04,50.04,50.02,50.02,50.04,50.03,SLOW GROWTH
MARCO,953649024.0,MICRO CAP,35.45000076293945,18.345324,2.615653,0.11848,29.565,0.0958800055,0.063225,0.117,0.156,Misc,Unknown,Unknown,2026-05-24,Diversified,0,1,0,50.04,50.04,50.02,50.02,50.04,50.03,SLOW GROWTH
SADHAV,3103036160.0,MICRO CAP,108.75,27.263556,2.9908972,0.11848,29.565,0.0958800055,0.063225,0.117,0.156,Misc,Unknown,Unknown,2026-05-24,Diversified,0,1,0,50.04,50.04,50.02,50.02,50.04,50.03,SLOW GROWTH
GOYALSALT,3125383680.0,MICRO CAP,114.4000015258789,23.594595,4.6721973,0.11848,29.565,0.0958800055,0.063225,0.117,0.156,Misc,Unknown,Unknown,2026-05-24,Diversified,0,1,0,50.04,50.04,50.02,50.02,50.04,50.03,SLOW GROWTH
ANLON,3165232384.0,MICRO CAP,584.7999877929688,34.074074,4.92702,0.11848,29.565,0.0958800055,0.063225,0.117,0.156,Misc,Unknown,Unknown,2026-05-24,Diversified,0,1,0,50.04,50.04,50.02,50.02,50.04,50.03,SLOW GROWTH
REMUS,22522759168.0,SMALL CAP,760.8499755859375,53.44799,5.9440217,0.11848,29.565,0.0958800055,0.063225,0.117,0.156,Misc,Unknown,Unknown,2026-05-24,Diversified,0,1,0,50.04,50.04,50.02,50.02,50.04,50.03,SLOW GROWTH
AMEYA,908625024.0,MICRO CAP,113.05000305175781,17.111582,2.998985,0.11848,29.565,0.0958800055,0.063225,0.117,0.156,Misc,Unknown,Unknown,2026-05-24,Diversified,0,1,0,50.04,50.04,50.02,50.02,50.04,50.03,SLOW GROWTH
BHAGERIA,6647444992.0,MICRO CAP,152.30999755859375,14.423295,1.1576611,0.11848,12.876,0.047930002,0.06362,0.418,-0.079,Chemicals,Basic Materials,Specialty Chemicals,2026-05-24,Specialty Chemicals,0,0,0,86.5,20.3,50.02,26.14,53.4,50.0,SLOW GROWTH
JARO,12940209152.0,SMALL CAP,581.0499877929688,23.476767,3.4950163,0.19894,2.159,0.33854,0.18566999,0.096,0.039,Misc,Consumer Defensive,Education & Training Services,2026-05-24,Education & Training Services,0,0,0,38.42,25.82,92.08,90.79,32.120000000000005,49.98,SLOW GROWTH
VSSL,26351681536.0,SMALL CAP,272.54998779296875,20.742008,2.1599922,0.1176,7.281,0.10645001,0.06955,0.07,0.458,Misc,Basic Materials,Steel,2026-05-24,Steel,0,0,0,33.97,80.11,20.49,59.48,57.04,49.97,SLOW GROWTH
JYOTISTRUC,14693953536.0,SMALL CAP,12.3100004196167,26.19149,3.0914114,0.108059995,439.045,0.08498,0.07254,0.462,0.153,Misc,Industrials,Specialty Industrial Machinery,2026-05-24,Specialty Industrial Machinery,0,1,0,87.99,32.66,18.46,40.32,60.324999999999996,49.95,SLOW GROWTH
COLPAL,586645766144.0,LARGE CAP,2156.89990234375,44.2441,37.034046,0.4211870819999994,2.993,0.29746,0.21959999,0.091,-0.005,Consumer,Consumer Defensive,Household & Personal Products,2026-05-24,FMCG – Personal Care,0,0,0,37.3,23.24,99.51,88.6,30.269999999999996,49.95,SLOW GROWTH
INFY,4753210736640.0,MEGA CAP,1174.5,15.221617,5.0506415,0.31439,9.827,0.20928,0.16434999,0.066,0.118,Technology,Technology,Information Technology Services,2026-05-24,IT Services,0,0,0,33.19,30.47,97.53,81.35,31.83,49.92,SLOW GROWTH
NAVNETEDUL,31640121344.0,SMALL CAP,143.02999877929688,9.548064,1.648894,0.11848,5.146,-0.116000004,0.20955,-0.115,10.938,Misc,Communication Services,Publishing,2026-05-24,Publishing,0,0,0,13.32,98.51,50.02,6.97,55.915000000000006,49.84,SLOW GROWTH
SHEKHAWATI,487061088.0,MICRO CAP,14.130000114440918,5.541177,2.215428,0.4211870819999994,6.28,0.6307,0.53535,-0.242,0.156,Misc,Consumer Cyclical,Textile Manufacturing,2026-05-24,Textile Manufacturing,0,0,1,7.8,50.04,99.51,96.98,28.919999999999998,49.84,SLOW GROWTH
CONFIPET,19107182592.0,SMALL CAP,57.5099983215332,22.641731,1.3697096,0.11848,55.384,0.03101,0.01911,0.999,-0.315,Misc,Energy,Oil & Gas Refining & Marketing,2026-05-24,Oil & Gas Refining & Marketing,0,0,0,95.26,12.62,50.02,20.69,53.940000000000005,49.83,SLOW GROWTH
SUPERHOUSE,1681312512.0,MICRO CAP,152.5,25.501673,0.35559058,0.11848,39.038,0.02772,0.0090499995,0.032,0.472,Misc,Consumer Cyclical,Footwear & Accessories,2026-05-24,Footwear & Accessories,0,0,0,27.8,80.37,50.02,19.4,54.085,49.8,SLOW GROWTH
ICICIPRULI,753530830848.0,LARGE CAP,520.0499877929688,46.93592,5.5227523,0.12579,19.037,0.08467,0.02525,-0.789,0.614,Financials,Financial Services,Insurance - Life,2026-05-24,Life Insurance,0,0,0,1.21,83.11,81.0,40.16,42.16,49.73,SLOW GROWTH
ABBOTINDIA,591368093696.0,LARGE CAP,27830.0,38.16773,12.387139,0.34460998,3.602,0.27012,0.22399001,0.065,0.076,Misc,Healthcare,Drug Manufacturers - Specialty & Generic,2026-05-24,Drug Manufacturers - Specialty & Generic,0,0,0,32.97,28.17,98.16,86.64,30.57,49.7,SLOW GROWTH
MUFIN,24054908928.0,SMALL CAP,121.38999938964844,98.691055,6.659169,0.11848,272.397,0.40937,0.22596,-0.065,0.206,Financials,Financial Services,Credit Services,2026-05-24,NBFC – Lending,0,0,0,16.71,69.87,50.02,93.57,43.290000000000006,49.66,SLOW GROWTH
GANGESSECU,1222750720.0,MICRO CAP,122.2300033569336,73.19162,0.22687663,0.11848,29.565,0.19284001,0.046090003,-0.135,0.417,Misc,Consumer Defensive,Packaged Foods,2026-05-24,Packaged Foods,0,0,0,11.72,78.92,50.02,79.11,45.32,49.64,SLOW GROWTH
REPCOHOME,24308215808.0,SMALL CAP,388.54998779296875,5.1124997,0.6731752,0.11848,318.337,0.66573,0.55464,0.133,0.02,Misc,Financial Services,Mortgage Finance,2026-05-24,Mortgage Finance,0,0,0,60.6,24.76,50.02,97.37,42.68,49.62,SLOW GROWTH
ECOSMOBLTY,7912800256.0,MICRO CAP,131.8800048828125,13.188001,3.373149,0.11848,3.246,0.07749,0.07694,0.225,0.089,Misc,Industrials,Rental & Leasing Services,2026-05-24,Rental & Leasing Services,0,0,0,73.55,28.88,50.02,37.46,51.214999999999996,49.6,SLOW GROWTH
BASML,1931699712.0,MICRO CAP,24.170000076293945,10.694691,0.4152564,0.11848,95.855,0.063260004,0.016239999,-0.043,0.75,Misc,Consumer Cyclical,Textile Manufacturing,2026-05-24,Textile Manufacturing,0,0,0,18.26,85.68,50.02,31.62,51.970000000000006,49.54,SLOW GROWTH
THELEELA,138842996736.0,MID CAP,415.75,33.447304,2.1527395,0.08014,28.065,0.48675,0.26395,0.082,0.219,Misc,Consumer Cyclical,Lodging,2026-05-24,Lodging,0,0,0,36.09,70.71,13.09,95.26,53.4,49.52,SLOW GROWTH
LEMONTREE,89724248064.0,SMALL CAP,113.30999755859375,40.75899,7.256019,0.11848,109.554,0.42259997,0.15636,0.143,0.0,Misc,Consumer Cyclical,Lodging,2026-05-24,Lodging,0,0,0,62.3,23.67,50.02,93.97,42.985,49.49,SLOW GROWTH
AVANTIFEED,178045796352.0,MID CAP,1306.800048828125,23.14969,5.914728,0.11848,0.441,0.11575,0.10572,0.013,0.21,Misc,Consumer Defensive,Packaged Foods,2026-05-24,Packaged Foods,0,0,0,24.73,70.14,50.02,62.66,47.435,49.47,SLOW GROWTH
INGERRAND,141333102592.0,MID CAP,4477.10009765625,54.64543,21.7393,0.11848,1.509,0.24291,0.18294,0.182,-0.074,Misc,Industrials,Specialty Industrial Machinery,2026-05-24,Specialty Industrial Machinery,0,0,0,68.1,20.47,50.02,84.52,44.285,49.46,SLOW GROWTH
ESTER,9960176640.0,MICRO CAP,95.5,26.218092,1.1860408,-0.03533,93.137,0.071609996,-0.01998,0.077,2.857,Chemicals,Basic Materials,Specialty Chemicals,2026-05-24,Specialty Chemicals,0,0,0,35.15,94.89,2.23,34.87,65.02,49.45,SLOW GROWTH
TARACHAND,4523760640.0,MICRO CAP,57.38999938964844,16.350428,3.0442395,0.20475,92.775,0.15615,0.09726,0.097,0.083,Misc,Industrials,Farm & Heavy Construction Machinery,2026-05-24,Farm & Heavy Construction Machinery,0,0,0,38.66,28.49,92.95,73.43,33.574999999999996,49.44,SLOW GROWTH
MIDHANI,77408886784.0,SMALL CAP,413.20001220703125,70.39182,5.3819604,0.11848,23.466,0.13696,0.10293,0.158,0.088,Misc,Basic Materials,Steel,2026-05-24,Steel,0,0,0,64.22,28.84,50.02,68.59,46.53,49.43,SLOW GROWTH
KTKBANK,100029022208.0,MID CAP,264.5,7.640093,0.7560621,0.10358,29.565,0.45573002,0.40889,-0.017,0.615,Financials,Financial Services,Banks - Regional,2026-05-24,Private Sector Banks,0,0,0,21.02,83.15,17.44,94.75,52.085,49.42,SLOW GROWTH
ATL,7430738432.0,MICRO CAP,25.459999084472656,20.86885,2.0714343,0.11848,208.703,0.12164,0.04212,0.166,0.083,Misc,Industrials,Integrated Freight & Logistics,2026-05-24,Integrated Freight & Logistics,0,0,0,65.65,28.49,50.02,64.26,47.07,49.38,SLOW GROWTH
ALIVUS,127526289408.0,MID CAP,1039.0,22.626308,3.8336937,0.18359,1.704,0.282,0.22121,0.061,0.145,Misc,Healthcare,Drug Manufacturers - Specialty & Generic,2026-05-24,Drug Manufacturers - Specialty & Generic,0,0,1,32.19,32.09,90.69,87.3,32.14,49.37,SLOW GROWTH
ABCAPITAL,936417099776.0,LARGE CAP,357.29998779296875,25.056099,2.7193227,0.11181,491.748,0.13699001,0.116450004,0.077,0.301,Financials,Financial Services,Financial Conglomerates,2026-05-24,NBFC – Investment,0,0,0,35.15,75.25,19.2,68.65,55.2,49.35,SLOW GROWTH
SKFINDUS,102781526016.0,MID CAP,2079.0,47.17495,2.368238,0.11848,0.309,0.093430005,0.0,0.117,0.156,Misc,Industrials,Tools & Accessories,2026-05-24,Tools & Accessories,0,1,0,50.04,50.04,50.02,43.06,50.04,49.34,SLOW GROWTH
NESCO,87468998656.0,SMALL CAP,1241.4000244140625,21.414524,3.1246696,0.11848,3.913,0.50873,0.42201,0.153,-0.048,Misc,Industrials,Conglomerates,2026-05-24,Conglomerates,0,0,0,63.68,21.36,50.02,95.45,42.519999999999996,49.31,SLOW GROWTH
MEESHO,913992581120.0,LARGE CAP,199.00999450683594,26.218092,20.963867,-0.251724018,1.428,-0.07745,-0.107530005,0.471,0.156,Misc,Consumer Cyclical,Internet Retail,2026-05-24,Internet Retail,0,1,0,88.26,50.04,0.53,7.8,69.15,49.29,SLOW GROWTH
NARMADA,1426787968.0,MICRO CAP,37.61000061035156,33.88288,2.4691439,0.11848,18.194,0.062140003,0.05207,0.543,-0.289,Chemicals,Basic Materials,Agricultural Inputs,2026-05-24,Agrochemicals,0,0,0,90.2,13.09,50.02,31.15,51.645,49.27,SLOW GROWTH
SPIC,15120294912.0,SMALL CAP,74.25,7.507583,1.16179,0.11848,34.524,0.09625,0.06443,-0.054,0.407,Chemicals,Basic Materials,Agricultural Inputs,2026-05-24,Agrochemicals,0,0,0,17.46,78.51,50.02,56.35,47.985,49.23,SLOW GROWTH
WEIZMANIND,1264763136.0,MICRO CAP,81.62999725341797,26.218092,2.0027478,0.11848,11.861,0.13013,-0.02394,-0.004,0.214,Misc,Consumer Cyclical,Textile Manufacturing,2026-05-24,Textile Manufacturing,0,0,0,22.53,70.42,50.02,66.58,46.475,49.19,SLOW GROWTH
VMART,51010154496.0,SMALL CAP,641.25,54.667522,6.0047193,0.14081,100.682,0.026919998,0.03272,0.245,-0.358,Misc,Consumer Cyclical,Department Stores,2026-05-24,Department Stores,0,0,0,75.72,11.36,84.01,19.04,43.54,49.18,SLOW GROWTH
ENTERO,58931212288.0,SMALL CAP,1354.4000244140625,52.354076,3.337679,0.11848,24.634,0.033970002,0.01872,0.256,0.086,Misc,Healthcare,Medical Distribution,2026-05-24,Medical Distribution,0,0,0,76.9,28.74,50.02,21.63,52.82,49.14,SLOW GROWTH
EXICOM,21952352256.0,SMALL CAP,157.83999633789062,26.218092,2.730229,-0.251724018,109.474,-0.08420999,-0.2334,0.45,0.156,Misc,Industrials,Electrical Equipment & Parts,2026-05-24,Electrical Equipment & Parts,0,1,0,87.54,50.04,0.53,7.56,68.79,49.02,SLOW GROWTH
BANSWRAS,4361851904.0,MICRO CAP,127.41999816894531,17.057564,0.7763689,0.11848,89.715,0.0717,0.01922,0.003,0.382,Misc,Consumer Cyclical,Textile Manufacturing,2026-05-24,Textile Manufacturing,0,0,0,23.47,77.86,50.02,34.95,50.665,48.96,SLOW GROWTH
ANUP,39614226432.0,SMALL CAP,1977.5999755859375,34.482998,6.2227426,0.11848,24.782,0.17902,0.138,0.206,-0.157,Misc,Industrials,Specialty Industrial Machinery,2026-05-24,Specialty Industrial Machinery,0,0,0,71.41,17.75,50.02,77.27,44.58,48.94,SLOW GROWTH
LEMERITE,6689255936.0,MICRO CAP,274.6000061035156,53.424126,5.2037144,0.11848,65.949,0.022950001,0.034089997,-0.231,7.0,Misc,Consumer Cyclical,Textile Manufacturing,2026-05-24,Textile Manufacturing,0,0,0,8.31,97.73,50.02,18.03,53.02,48.92,SLOW GROWTH
PVRINOX,96216317952.0,SMALL CAP,979.7999877929688,54.34276,1.3522037,0.024400001,91.874,0.07839,0.05027,0.238,0.156,Misc,Communication Services,Entertainment,2026-05-24,Entertainment,0,1,0,75.16,50.04,6.47,37.93,62.599999999999994,48.91,SLOW GROWTH
SWIGGY,651383341056.0,LARGE CAP,249.9499969482422,26.218092,5.9241085,-0.251724018,13.929,-0.15808,-0.18019,0.447,0.156,Misc,Consumer Cyclical,Internet Retail,2026-05-24,Internet Retail,0,1,0,87.38,50.04,0.53,6.11,68.71,48.81,SLOW GROWTH
HONAUT,313240748032.0,MID CAP,35405.0,59.52421,7.473405,0.12352,2.476,0.17717,0.108,0.102,0.141,Misc,Industrials,Electrical Equipment & Parts,2026-05-24,Electrical Equipment & Parts,0,1,0,39.5,31.84,80.45,77.16,35.67,48.78,SLOW GROWTH
NUVAMA,269789790208.0,MID CAP,1480.9000244140625,26.383396,7.0390334,0.27317,282.325,0.33095002,0.2849,0.062,0.043,Financials,Financial Services,Asset Management,2026-05-24,Asset Management Companies,0,0,0,32.43,26.1,96.2,90.48,29.265,48.77,SLOW GROWTH
SCHNEIDER,312652431360.0,MID CAP,1307.5999755859375,128.19608,47.459347,0.11848,80.084,0.15953,0.084910005,0.201,-0.121,Misc,Industrials,Electrical Equipment & Parts,2026-05-24,Electrical Equipment & Parts,0,0,0,70.71,18.81,50.02,74.02,44.76,48.74,SLOW GROWTH
SANDHAR,37558743040.0,SMALL CAP,622.5,21.094543,3.0473926,0.11848,77.629,0.049569998,0.03892,0.217,0.119,Automobiles,Consumer Cyclical,Auto Parts,2026-05-24,Auto Components,0,1,0,72.49,30.56,50.02,26.72,51.525,48.74,SLOW GROWTH
JSWENERGY,968064761856.0,LARGE CAP,551.25,43.303223,3.141867,0.08817001,229.16,0.32027,0.11847,0.41,-0.115,Misc,Utilities,Utilities - Independent Power Producers,2026-05-24,Utilities - Independent Power Producers,0,0,0,86.36,19.0,14.22,89.89,52.68,48.71,SLOW GROWTH
FMNL,684177088.0,MICRO CAP,10.75,26.218092,0.6288389,0.07251,130.24,0.19083999,0.07152,0.13,0.156,Misc,Real Estate,Real Estate Services,2026-05-24,Real Estate Services,0,1,0,59.8,50.04,11.83,78.84,54.92,48.69,SLOW GROWTH
IMPAL,14062465024.0,SMALL CAP,1126.800048828125,16.154839,0.5497779,0.11848,29.565,0.07482,0.10674,0.117,0.156,Automobiles,Consumer Cyclical,Auto Parts,2026-05-24,Auto Components,0,1,0,50.04,50.04,50.02,36.29,50.04,48.66,SLOW GROWTH
VMSTMT,2370882816.0,MICRO CAP,47.77000045776367,10.568584,0.7414823,0.11848,128.794,0.07394,0.027460001,0.117,0.156,Misc,Basic Materials,Steel,2026-05-24,Steel,0,1,0,50.04,50.04,50.02,35.97,50.04,48.63,SLOW GROWTH
LODHA,885787983872.0,LARGE CAP,886.75,25.905638,3.8039002,0.1571,42.238,0.27622998,0.20557,0.076,0.094,Misc,Real Estate,Real Estate - Development,2026-05-24,Real Estate - Development,0,0,0,34.99,29.17,87.3,87.03,32.08,48.62,SLOW GROWTH
TAKE,4269769984.0,MICRO CAP,29.200000762939453,26.218092,16.666668,0.11848,29.565,0.07344,0.0,0.117,0.156,Healthcare,Healthcare,Biotechnology,2026-05-24,Biotechnology,0,1,0,50.04,50.04,50.02,35.76,50.04,48.61,SLOW GROWTH
URBANCO,175505539072.0,MID CAP,120.02999877929688,26.218092,7.859996,-0.11921,6.335,-0.3008,-0.15095,0.424,0.156,Technology,Technology,Software - Application,2026-05-24,SaaS,0,1,0,86.76,50.04,1.33,4.62,68.4,48.61,SLOW GROWTH
BORORENEW,71355039744.0,SMALL CAP,508.6499938964844,53.768497,6.0644536,0.11848,22.805,0.25838,-0.04032,0.08,0.156,Misc,Technology,Solar,2026-05-24,Solar,0,0,0,35.7,50.04,50.02,85.66,42.870000000000005,48.58,SLOW GROWTH
ORIENTBELL,4875787264.0,MICRO CAP,331.45001220703125,54.604614,1.5259216,0.03853,9.489,0.0473,0.01789,0.089,1.257,Misc,Industrials,Building Products & Equipment,2026-05-24,Building Products & Equipment,0,0,0,36.95,90.01,7.72,25.98,63.480000000000004,48.58,SLOW GROWTH
LAMBODHARA,1054883072.0,MICRO CAP,101.6500015258789,13.032051,0.860704,0.11848,32.269,0.04858,0.03439,-0.029,0.589,Misc,Consumer Cyclical,Textile Manufacturing,2026-05-24,Textile Manufacturing,0,0,0,19.83,82.76,50.02,26.37,51.295,48.55,SLOW GROWTH
ETHOSLTD,64427171840.0,SMALL CAP,2407.800048828125,66.66113,4.4587154,0.11848,19.497,0.07809,0.06327,0.267,-0.049,Misc,Consumer Cyclical,Luxury Goods,2026-05-24,Luxury Goods,0,0,0,77.94,21.32,50.02,37.81,49.629999999999995,48.53,SLOW GROWTH
ROTO,10988961792.0,SMALL CAP,58.16999816894531,35.042168,4.7888365,0.11848,12.527,0.12906,0.10983,0.0,0.172,Misc,Industrials,Specialty Industrial Machinery,2026-05-24,Specialty Industrial Machinery,0,0,0,23.04,67.99,50.02,66.34,45.515,48.5,SLOW GROWTH
NMDC,772361158656.0,LARGE CAP,87.8499984741211,11.191083,2.3796625,0.11848,11.21,0.26767,0.24884,0.159,-0.065,Misc,Basic Materials,Steel,2026-05-24,Steel,0,0,0,64.4,20.79,50.02,86.52,42.595,48.47,SLOW GROWTH
IGPL,13304914944.0,SMALL CAP,432.04998779296875,26.218092,0.99863625,0.00166,27.136,0.09666,0.00114,0.102,0.479,Misc,Basic Materials,Chemicals,2026-05-24,Chemicals,0,1,0,39.5,80.72,3.53,56.47,60.11,48.43,SLOW GROWTH
UGROCAP,15246402560.0,SMALL CAP,99.7699966430664,7.5698023,0.4629333,0.0706,375.276,0.25767002,0.20388001,0.561,-0.177,Financials,Financial Services,Credit Services,2026-05-24,NBFC – Lending,0,0,0,90.4,16.89,11.48,85.58,53.645,48.41,SLOW GROWTH
COHANCE,160276414464.0,MID CAP,418.54998779296875,89.243065,4.2195516,0.11848,11.486,0.0889,0.056199998,0.773,-0.703,Misc,Healthcare,Drug Manufacturers - Specialty & Generic,2026-05-24,Drug Manufacturers - Specialty & Generic,0,0,0,93.73,3.96,50.02,41.56,48.845,48.35,SLOW GROWTH
ROHLTD,9212130304.0,MICRO CAP,335.8999938964844,24.626099,3.8359199,0.11848,263.871,0.20868,0.104490004,0.266,-0.493,Misc,Consumer Cyclical,Lodging,2026-05-24,Lodging,0,0,0,77.84,8.39,50.02,81.19,43.115,48.3,SLOW GROWTH
AMBUJACEM,1084249997312.0,LARGE CAP,436.3500061035156,22.88149,1.8174056,0.08311,1.205,0.03767,0.1163,0.094,0.772,Misc,Basic Materials,Building Materials,2026-05-24,Building Materials,0,0,0,37.93,85.82,13.56,22.45,61.875,48.27,SLOW GROWTH
NTPCGREEN,879624519680.0,LARGE CAP,104.38999938964844,168.37097,4.691685,0.02764,165.281,0.51645,0.17218,0.515,-0.171,Energy,Utilities,Utilities - Renewable,2026-05-24,Power Generation – Renewable,0,0,0,89.54,17.12,6.74,95.53,53.330000000000005,48.23,SLOW GROWTH
REDINGTON,172811239424.0,MID CAP,221.0500030517578,11.603675,1.7027686,0.13089,27.26,0.01698,0.012510001,0.251,-0.411,Technology,Technology,Information Technology Services,2026-05-24,IT Services,0,0,0,76.31,9.95,82.01,16.07,43.13,48.2,SLOW GROWTH
FUSION,28806531072.0,SMALL CAP,178.1300048828125,174.63727,1.2165523,0.11848,257.668,0.063540004,-0.46566,0.117,0.156,Financials,Financial Services,Credit Services,2026-05-24,NBFC – Lending,0,1,0,50.04,50.04,50.02,31.66,50.04,48.2,SLOW GROWTH
GODREJCP,1051383824384.0,LARGE CAP,1027.5,56.48708,8.300146,0.15099,34.899,0.19620001,0.12264,0.084,0.097,Consumer,Consumer Defensive,Household & Personal Products,2026-05-24,FMCG – Personal Care,0,0,0,36.34,29.33,86.13,79.62,32.835,48.17,SLOW GROWTH
AURIGROW,206534400.0,MICRO CAP,0.3100000023841858,3.875,0.28466484,0.11848,14.284,0.06238,0.04164,0.117,0.156,Misc,Industrials,Electrical Equipment & Parts,2026-05-24,Electrical Equipment & Parts,0,1,0,50.04,50.04,50.02,31.27,50.04,48.16,SLOW GROWTH
AETHER,139516870656.0,MID CAP,1051.300048828125,63.676563,5.6796637,0.09375,18.646,0.21061,0.18917,0.261,0.078,Chemicals,Basic Materials,Specialty Chemicals,2026-05-24,Specialty Chemicals,0,0,0,77.39,28.23,15.01,81.54,52.81,48.12,SLOW GROWTH
RAINBOW,137451323392.0,MID CAP,1355.0,53.76984,9.065061,0.11848,53.24,0.24104999,0.15968001,0.119,0.056,Misc,Healthcare,Medical Care Facilities,2026-05-24,Medical Care Facilities,0,0,0,58.09,26.7,50.02,84.4,42.395,48.12,SLOW GROWTH
MINDTECK,6402667008.0,MICRO CAP,200.3699951171875,22.769318,2.2892625,0.11188,1.278,0.11805,0.07552,0.029,0.493,Technology,Technology,Information Technology Services,2026-05-24,IT Services,0,0,0,27.41,81.01,19.24,63.28,54.21,48.12,SLOW GROWTH
PTL,5161379328.0,MICRO CAP,38.9900016784668,12.377778,0.5746669,0.054530002,0.642,0.8848054185939996,0.71757007,0.0,0.475,Misc,Real Estate,Real Estate Services,2026-05-24,Real Estate Services,0,0,0,23.04,80.54,9.44,99.51,51.790000000000006,48.09,SLOW GROWTH
BASF,151049568256.0,MID CAP,3489.60009765625,36.232998,3.8167698,0.10965,3.35,0.02169,0.028110001,0.048,1.55,Chemicals,Basic Materials,Specialty Chemicals,2026-05-24,Specialty Chemicals,0,0,0,29.94,91.65,18.69,17.67,60.795,48.06,SLOW GROWTH
SOMANYCERA,21708079104.0,SMALL CAP,529.2999877929688,26.813576,2.5746293,0.08397,40.692,0.07953,0.0291,0.064,0.768,Misc,Industrials,Building Products & Equipment,2026-05-24,Building Products & Equipment,0,0,0,32.72,85.78,13.68,38.26,59.25,48.04,SLOW GROWTH
HBSL,431828736.0,MICRO CAP,60.5,26.218092,0.4677594,0.11848,13.379,0.05722,0.0,0.117,0.156,Misc,Financial Services,Capital Markets,2026-05-24,Capital Markets,0,1,0,50.04,50.04,50.02,29.62,50.04,47.99,SLOW GROWTH
SETCO,3480104704.0,MICRO CAP,25.950000762939453,26.218092,-0.4455012,0.11848,29.565,0.11428001,-0.1783,0.108,0.156,Automobiles,Consumer Cyclical,Auto Parts,2026-05-24,Auto Components,0,1,0,40.67,50.04,50.02,62.3,45.355000000000004,47.98,SLOW GROWTH
ZYDUSWELL,156024324096.0,MID CAP,490.3999938964844,79.35275,2.7337544,0.0343,54.974,0.14214,0.04971,0.627,-0.058,Misc,Consumer Defensive,Packaged Foods,2026-05-24,Packaged Foods,0,0,0,91.81,21.06,7.25,70.14,56.435,47.97,SLOW GROWTH
MMP,7298932224.0,MICRO CAP,287.3299865722656,30.56702,2.2753944,0.11848,53.99,0.07273,0.02994,0.208,0.054,Misc,Basic Materials,Aluminum,2026-05-24,Aluminum,0,0,0,71.69,26.61,50.02,35.4,49.15,47.95,SLOW GROWTH
IRMENERGY,11484391424.0,SMALL CAP,279.70001220703125,21.598457,1.1826639,0.054619998,7.333,0.06392,0.044889998,0.044,1.906,Misc,Utilities,Utilities - Regulated Gas,2026-05-24,Utilities - Regulated Gas,0,0,0,29.45,93.06,9.48,31.78,61.255,47.95,SLOW GROWTH
GANGAFORGE,326221408.0,MICRO CAP,2.4200000762939453,26.218092,1.1167513,0.11848,78.9,0.055859998,-0.08891,0.117,0.156,Misc,Industrials,Metal Fabrication,2026-05-24,Metal Fabrication,0,1,0,50.04,50.04,50.02,28.96,50.04,47.93,SLOW GROWTH
ESABINDIA,108566970368.0,MID CAP,7053.0,51.54571,26.053036,0.11848,0.876,0.18845,0.14227,0.122,0.065,Misc,Industrials,Tools & Accessories,2026-05-24,Tools & Accessories,0,0,0,58.52,27.37,50.02,78.61,42.945,47.93,SLOW GROWTH
SILGO,2015624448.0,MICRO CAP,77.02999877929688,30.689243,1.6044574,0.11848,29.565,0.16681999,0.11015,0.087,0.156,Misc,Consumer Cyclical,Luxury Goods,2026-05-24,Luxury Goods,0,0,0,36.72,50.04,50.02,75.27,43.379999999999995,47.9,SLOW GROWTH
DIGIDRIVE,735912256.0,MICRO CAP,19.1299991607666,5.9226003,0.25991142,0.11848,0.391,-0.07587,0.26571,-0.185,3.774,Misc,Consumer Cyclical,Internet Retail,2026-05-24,Internet Retail,0,0,0,9.64,96.16,50.02,7.95,52.9,47.83,SLOW GROWTH
INDOWIND,1569771264.0,MICRO CAP,9.75,108.33333,0.4371413,0.11848,6.286,-0.20483999,0.05732,-0.252,16.212,Energy,Utilities,Utilities - Renewable,2026-05-24,Power Generation – Renewable,0,0,0,7.54,98.94,50.02,5.33,53.24,47.81,SLOW GROWTH
SGL,313543744.0,MICRO CAP,11.0600004196167,276.50003,1.2494352,0.11848,56.3,0.01678,0.00089,-0.152,1.75,Misc,Consumer Cyclical,Textile Manufacturing,2026-05-24,Textile Manufacturing,0,0,0,10.85,92.52,50.02,16.03,51.684999999999995,47.79,SLOW GROWTH
GODAVARIB,16235578368.0,SMALL CAP,317.25,46.31387,2.2384899,0.11848,67.931,0.06421,-0.013350001,0.028,0.229,Misc,Basic Materials,Chemicals,2026-05-24,Chemicals,0,0,0,27.23,71.14,50.02,32.03,49.185,47.64,SLOW GROWTH
SATIA,6454000128.0,MICRO CAP,64.54000091552734,9.15461,0.61325914,0.11848,27.735,0.00836,0.04832,0.012,0.414,Misc,Basic Materials,Paper & Paper Products,2026-05-24,Paper & Paper Products,0,0,0,24.49,78.82,50.02,14.26,51.654999999999994,47.59,SLOW GROWTH
CLEDUCATE,2498097920.0,MICRO CAP,46.06999969482422,26.218092,0.9759973,-0.08287,108.961,-0.01798,-0.04538,0.316,0.156,Misc,Consumer Defensive,Education & Training Services,2026-05-24,Education & Training Services,0,1,0,81.86,50.04,1.68,10.82,65.95,47.58,SLOW GROWTH
MICEL,10411699200.0,SMALL CAP,43.20000076293945,26.218092,4.5555205,-0.05751,20.387,0.24484,-0.06631,0.133,0.156,Misc,Technology,Electronic Components,2026-05-24,Electronic Components,0,1,0,60.6,50.04,1.92,84.72,55.32,47.58,SLOW GROWTH
GANESHBE,7144230400.0,MICRO CAP,99.23999786376953,15.929374,1.2316016,0.11848,8.888,0.1512,0.11216,0.181,-0.122,Chemicals,Basic Materials,Specialty Chemicals,2026-05-24,Specialty Chemicals,0,0,0,67.91,18.75,50.02,72.37,43.33,47.57,SLOW GROWTH
CSBBANK,61223776256.0,SMALL CAP,361.25,9.899972,1.2804426,0.13483,29.565,0.36215,0.2378,0.079,0.058,Financials,Financial Services,Banks - Regional,2026-05-24,Private Sector Banks,0,0,0,35.42,26.88,82.72,91.97,31.15,47.55,SLOW GROWTH
ASTEC,17197430784.0,SMALL CAP,771.7999877929688,26.218092,4.404497,-0.251724018,114.84,-0.01646,-0.18056,0.327,0.156,Chemicals,Basic Materials,Agricultural Inputs,2026-05-24,Agrochemicals,0,1,0,82.35,50.04,0.53,10.91,66.195,47.53,SLOW GROWTH
GLAXO,390802767872.0,MID CAP,2306.89990234375,38.31423,22.884096,0.4211870819999994,1.467,0.33935001,0.27108,0.021,0.057,Misc,Healthcare,Drug Manufacturers - General,2026-05-24,Drug Manufacturers - General,0,0,0,26.12,26.8,99.51,90.91,26.46,47.52,SLOW GROWTH
JAIPURKURT,535455040.0,MICRO CAP,31.020000457763672,12.871369,0.88600725,0.11848,44.319,0.04774,0.018760001,1.002,-0.684,Misc,Consumer Cyclical,Apparel Manufacturing,2026-05-24,Apparel Manufacturing,0,0,0,95.3,4.43,50.02,26.1,49.864999999999995,47.52,SLOW GROWTH
HITECH,17268885504.0,SMALL CAP,85.19000244140625,22.839142,1.3156148,0.11848,20.944,0.03292,0.02207,0.405,-0.222,Misc,Basic Materials,Steel,2026-05-24,Steel,0,0,0,85.99,15.11,50.02,21.28,50.55,47.52,SLOW GROWTH
AMRUTANJAN,16103124992.0,SMALL CAP,557.2000122070312,27.86,4.351799,0.16623,0.48,0.10905,0.11525,0.105,0.067,Misc,Healthcare,Drug Manufacturers - Specialty & Generic,2026-05-24,Drug Manufacturers - Specialty & Generic,1,0,0,40.11,27.63,88.52,60.58,33.87,47.47,SLOW GROWTH
MANBA,5337936896.0,MICRO CAP,106.25,12.64881,1.2995988,0.1165,379.637,0.41157,0.32614,-0.033,0.385,Financials,Financial Services,Credit Services,2026-05-24,NBFC – Lending,0,0,0,19.38,77.96,20.18,93.69,48.669999999999995,47.47,SLOW GROWTH
TFCILTD,34070493184.0,SMALL CAP,73.58999633789062,27.561796,2.5970495,0.09754,81.939,0.82244,0.672,0.204,0.059,Financials,Financial Services,Credit Services,2026-05-24,NBFC – Lending,0,0,0,71.26,26.94,15.87,98.51,49.1,47.4,SLOW GROWTH
WELCORP,336881778688.0,MID CAP,1277.5,20.877594,4.1191607,0.11848,18.258,0.115430005,0.11848,0.254,-0.33,Misc,Basic Materials,Steel,2026-05-24,Steel,0,0,0,76.61,12.11,50.02,62.54,44.36,47.31,SLOW GROWTH
ALMONDZ,2453628672.0,MICRO CAP,14.130000114440918,8.263158,0.93750006,0.10742,16.822,0.24154,0.14819,0.393,-0.222,Misc,Financial Services,Capital Markets,2026-05-24,Capital Markets,0,0,0,85.42,15.11,18.3,84.44,50.265,47.29,SLOW GROWTH
TNPL,10360134656.0,SMALL CAP,149.69000244140625,4.180117,0.44733387,0.11254,69.638,0.04908,0.053340003,-0.045,9.848,Misc,Basic Materials,Paper & Paper Products,2026-05-24,Paper & Paper Products,0,0,0,18.14,98.28,19.4,26.49,58.21,47.28,SLOW GROWTH
DABUR,800022921216.0,LARGE CAP,451.04998779296875,42.391914,6.999534,0.16239999,10.907,0.11179,0.14364,0.073,0.152,Consumer,Consumer Defensive,Household & Personal Products,2026-05-24,FMCG – Personal Care,0,0,0,34.58,32.58,88.01,61.44,33.58,47.25,SLOW GROWTH
LICHSGFIN,296593948672.0,MID CAP,539.2000122070312,5.29406,0.716012,0.14409,606.3078499999995,0.81481004,0.65779,0.044,0.086,Misc,Financial Services,Mortgage Finance,2026-05-24,Mortgage Finance,0,0,0,29.45,28.74,84.72,98.47,29.095,47.16,SLOW GROWTH
YESBANK,686401585152.0,LARGE CAP,21.8700008392334,19.526787,1.3884833,0.07095,29.565,0.54693,0.22045,0.198,0.118,Financials,Financial Services,Banks - Regional,2026-05-24,Private Sector Banks,0,1,0,70.26,30.47,11.54,95.96,50.365,47.16,SLOW GROWTH
HDFCAMC,1173952659456.0,LARGE CAP,2738.699951171875,41.152515,12.708348,0.32929,29.565,0.78761,0.61833,0.037,-0.028,Financials,Financial Services,Asset Management,2026-05-24,Asset Management Companies,0,0,0,28.35,22.22,98.04,98.16,25.285,47.12,SLOW GROWTH
SSWL,32918620160.0,SMALL CAP,209.27000427246094,17.395678,1.9216007,0.11848,52.775,0.07028,0.03845,0.229,-0.026,Automobiles,Consumer Cyclical,Auto Parts,2026-05-24,Auto Components,0,0,0,73.96,22.3,50.02,34.29,48.129999999999995,47.12,SLOW GROWTH
SHRADHA,2025267328.0,MICRO CAP,34.540000915527344,10.965079,1.0895212,0.11848,92.509,0.09273,0.18049999,0.255,-0.173,Misc,Real Estate,Real Estate - Development,2026-05-24,Real Estate - Development,0,0,0,76.72,16.97,50.02,43.03,46.845,47.1,SLOW GROWTH
SRF,782334033920.0,LARGE CAP,2639.39990234375,42.550377,5.572763,0.13763,36.195,0.20196,0.11625,0.07,0.106,Misc,Industrials,Conglomerates,2026-05-24,Conglomerates,0,0,0,33.97,29.82,83.42,80.17,31.895,47.03,SLOW GROWTH
TIRUPATIFL,4757221888.0,MICRO CAP,40.220001220703125,78.86275,4.1074347,0.052360002,31.143,0.066750005,0.03794,0.565,0.091,Misc,Industrials,Metal Fabrication,2026-05-24,Metal Fabrication,0,0,0,90.52,29.0,9.33,33.07,59.76,47.0,SLOW GROWTH
URAVIDEF,1351356032.0,MICRO CAP,118.54000091552734,51.53913,2.8088717,0.11848,45.279,0.025050001,0.06519,0.018,0.292,Automobiles,Consumer Cyclical,Auto Parts,2026-05-24,Auto Components,0,0,0,25.51,74.76,50.02,18.57,50.135000000000005,46.96,SLOW GROWTH
RUBYMILLS,7610609664.0,MICRO CAP,227.58999633789062,15.695862,1.1626564,0.11848,60.619,0.117989995,0.15446,0.247,-0.357,Misc,Consumer Cyclical,Textile Manufacturing,2026-05-24,Textile Manufacturing,0,0,0,75.92,11.44,50.02,63.21,43.68,46.9,SLOW GROWTH
BIGBLOC,7854622208.0,MICRO CAP,55.47999954223633,26.218092,6.283126,0.11848,140.107,0.05155,-0.00595,0.281,-0.133,Misc,Industrials,Building Products & Equipment,2026-05-24,Building Products & Equipment,0,0,0,79.15,18.34,50.02,27.31,48.745000000000005,46.86,SLOW GROWTH
INDTERRAIN,1643142784.0,MICRO CAP,32.43000030517578,26.218092,0.84389395,-0.02678,55.334,0.08148,-0.01286,0.204,0.156,Misc,Consumer Cyclical,Apparel Retail,2026-05-24,Apparel Retail,0,1,0,71.26,50.04,2.43,39.03,60.650000000000006,46.84,SLOW GROWTH
ADL,429269216.0,MICRO CAP,77.12000274658203,510.0120439999895,0.86016715,0.11848,37.099,0.0152199995,0.00037999998,-0.124,1.0,Misc,Consumer Cyclical,"Furnishings, Fixtures & Appliances",2026-05-24,"Furnishings, Fixtures & Appliances",0,0,0,12.32,88.3,50.02,15.67,50.31,46.79,SLOW GROWTH
CRAMC,47740530688.0,SMALL CAP,239.39999389648438,23.424656,6.4137597,0.30286,2.358,0.56520003,0.44826,0.029,-0.01,Financials,Financial Services,Asset Management,2026-05-24,Asset Management Companies,0,0,0,27.41,23.08,97.26,96.2,25.244999999999997,46.74,SLOW GROWTH
GSFC,67374583808.0,SMALL CAP,169.0800018310547,10.022525,0.54068226,0.11848,0.07653,0.04328,0.06765,0.045,0.182,Chemicals,Basic Materials,Agricultural Inputs,2026-05-24,Agrochemicals,0,0,0,29.6,68.3,50.02,24.33,48.95,46.7,SLOW GROWTH
JIOFIN,1572802265088.0,LARGE CAP,238.19000244140625,98.83402,1.1265347,0.012130001,16.286,0.43075,0.57768,0.394,-0.14,Financials,Financial Services,Asset Management,2026-05-24,Asset Management Companies,0,0,0,85.52,18.18,4.9,94.12,51.849999999999994,46.69,SLOW GROWTH
AGROPHOS,608426240.0,MICRO CAP,30.010000228881836,12.100806,0.86684,0.11848,37.092,0.06407,0.06156,0.571,-0.631,Chemicals,Basic Materials,Agricultural Inputs,2026-05-24,Agrochemicals,0,0,0,90.6,5.09,50.02,31.88,47.845,46.68,SLOW GROWTH
LEXUS,380191328.0,MICRO CAP,18.829999923706055,22.416668,2.515026,0.11848,332.938,-0.29218,0.03115,-0.283,5.0,Misc,Industrials,Building Products & Equipment,2026-05-24,Building Products & Equipment,0,0,0,6.6,96.79,50.02,4.74,51.695,46.66,SLOW GROWTH
SIGMAADV,61604589568.0,SMALL CAP,349.54998779296875,15.105877,8.7132635,0.11848,1.385,0.01726,0.9940124999999989,0.117,0.156,Misc,Industrials,Aerospace & Defense,2026-05-24,Aerospace & Defense,0,1,0,50.04,50.04,50.02,16.22,50.04,46.65,SLOW GROWTH
IGCL,3895862528.0,MICRO CAP,61.619998931884766,11.244525,1.0920885,0.11848,47.136,0.09719,0.05565,0.188,-0.105,Chemicals,Basic Materials,Agricultural Inputs,2026-05-24,Agrochemicals,0,0,0,68.99,19.47,50.02,56.76,44.23,46.64,SLOW GROWTH
CENTENKA,11401636864.0,SMALL CAP,521.7999877929688,16.724358,0.79398894,0.11848,2.535,0.06627,0.040939998,-0.166,0.697,Misc,Consumer Cyclical,Textile Manufacturing,2026-05-24,Textile Manufacturing,0,0,0,10.31,84.86,50.02,32.95,47.585,46.61,SLOW GROWTH
ORIENTALTL,473386784.0,MICRO CAP,6.440000057220459,8.256411,0.3789127,0.11848,2.914,0.075729996,0.26973,0.765,-0.9085618999999999,Misc,Industrials,Building Products & Equipment,2026-05-24,Building Products & Equipment,0,0,0,93.57,0.53,50.02,36.72,47.05,46.61,SLOW GROWTH
INDIGOPNTS,47837761536.0,SMALL CAP,1003.4000244140625,33.225166,4.4805245,0.13514,1.831,0.18926,0.10231,0.098,0.013,Chemicals,Basic Materials,Specialty Chemicals,2026-05-24,Specialty Chemicals,0,0,0,38.89,24.41,82.76,78.72,31.65,46.58,SLOW GROWTH
SHREERAMA,6158213632.0,MICRO CAP,46.13999938964844,26.067797,3.8750315,0.11848,13.028,0.12592,0.23962,0.132,0.026,Misc,Consumer Cyclical,Packaging & Containers,2026-05-24,Packaging & Containers,0,0,0,60.34,25.1,50.02,65.63,42.72,46.47,SLOW GROWTH
XPROINDIA,27009728512.0,SMALL CAP,1150.800048828125,204.04257,3.9393423,0.02777,40.676,0.19126,0.03735,-0.036,0.897,Chemicals,Basic Materials,Specialty Chemicals,2026-05-24,Specialty Chemicals,0,0,0,18.97,87.34,6.78,78.96,53.155,46.46,SLOW GROWTH
ONGC,3648281116672.0,MEGA CAP,290.0,9.586777,0.99115145,0.11848,43.805,0.095249996,0.057979997,0.008,0.162,Energy,Energy,Oil & Gas Integrated,2026-05-24,Oil Marketing,0,0,0,24.0,67.67,50.02,43.61,45.835,46.45,SLOW GROWTH
BAJAJFINSV,2822965559296.0,MEGA CAP,1766.0,28.98408,3.6189413,0.14602,256.36,0.37205002,0.06568,0.053,0.057,Financials,Financial Services,Financial Conglomerates,2026-05-24,NBFC – Investment,0,0,0,30.84,26.8,85.15,92.24,28.82,46.43,SLOW GROWTH
DIGJAMLMTD,953800000.0,MICRO CAP,47.689998626708984,59.6125,20.689804,0.11848,606.3078499999995,0.12011,0.14748,0.304,-0.658,Misc,Consumer Cyclical,Textile Manufacturing,2026-05-24,Textile Manufacturing,0,0,0,81.05,4.74,50.02,63.79,42.894999999999996,46.41,SLOW GROWTH
INDUSTOWER,1139397885952.0,LARGE CAP,432.04998779296875,15.948689,2.873953,0.19806999,53.289,0.32422,0.21989,0.048,0.008,Telecom,Communication Services,Telecom Services,2026-05-24,Telecom Services,0,0,0,29.94,24.28,92.01,90.2,27.11,46.4,SLOW GROWTH
SUYOG,9408847872.0,MICRO CAP,803.0,35.976704,2.064931,0.11848,62.308,0.42854,0.16117,0.145,-0.242,Telecom,Communication Services,Telecom Services,2026-05-24,Telecom Services,0,0,0,62.77,14.34,50.02,94.08,38.555,46.4,SLOW GROWTH
AYMSYNTEX,11918003200.0,SMALL CAP,203.3300018310547,26.218092,2.0235062,0.01123,31.914,0.057589997,0.00476,0.02,3.157,Misc,Consumer Cyclical,Textile Manufacturing,2026-05-24,Textile Manufacturing,0,0,0,25.92,95.53,4.62,29.66,60.725,46.4,SLOW GROWTH
NIITLTD,9018135552.0,MICRO CAP,66.12000274658203,39.592815,0.85319436,0.00569,0.65,-0.0028400002,0.011569999,0.255,0.156,Misc,Consumer Defensive,Education & Training Services,2026-05-24,Education & Training Services,0,1,0,76.72,50.04,3.92,12.26,63.379999999999995,46.38,SLOW GROWTH
CONCORDBIO,120653881344.0,MID CAP,1153.300048828125,38.75336,6.65432,0.11848,0.088,0.28885,0.2697,0.137,-0.163,Healthcare,Healthcare,Biotechnology,2026-05-24,Biotechnology,0,0,0,61.32,17.54,50.02,87.77,39.43,46.38,SLOW GROWTH
SARVESHWAR,4495436800.0,MICRO CAP,3.6500000953674316,12.586207,0.93493855,0.11848,57.24,0.050619997,0.02516,0.158,0.143,Misc,Consumer Defensive,Packaged Foods,2026-05-24,Packaged Foods,0,1,0,64.22,31.94,50.02,27.04,48.08,46.36,SLOW GROWTH
GLOBUSSPR,25353082880.0,SMALL CAP,872.2000122070312,454.27084,2.448212,0.08753,48.422,0.06506,0.03387,-0.034,3.405,Misc,Consumer Defensive,Beverages - Wineries & Distilleries,2026-05-24,Beverages - Wineries & Distilleries,0,0,0,19.24,95.81,14.11,32.46,57.525,46.34,SLOW GROWTH
NDGL,2577299968.0,MICRO CAP,2577.300048828125,53.760952,2.368238,0.11848,29.565,0.0,0.0,0.117,0.156,Misc,Financial Services,Capital Markets,2026-05-24,Capital Markets,0,1,0,50.04,50.04,50.02,12.95,50.04,46.33,SLOW GROWTH
KALYANI,138090000.0,MICRO CAP,138.08999633789062,5.9215264,2.368238,0.11848,29.565,0.0,0.0,0.117,0.156,Misc,Consumer Cyclical,Auto & Truck Dealerships,2026-05-24,Auto & Truck Dealerships,0,1,0,50.04,50.04,50.02,12.95,50.04,46.33,SLOW GROWTH
OCCLLTD,5801246208.0,MICRO CAP,116.13999938964844,15.652291,2.368238,0.11848,29.565,0.0,0.0,0.117,0.156,Misc,Basic Materials,Chemicals,2026-05-24,Chemicals,0,1,0,50.04,50.04,50.02,12.95,50.04,46.33,SLOW GROWTH
ICDSLTD,584768576.0,MICRO CAP,44.88999938964844,24.938889,2.368238,0.11848,29.565,0.0,0.0,0.117,0.156,Misc,Real Estate,Real Estate Services,2026-05-24,Real Estate Services,0,1,0,50.04,50.04,50.02,12.95,50.04,46.33,SLOW GROWTH
IMPEXFERRO,157255744.0,MICRO CAP,1.7599999904632568,26.218092,-0.047677096,0.11848,29.565,0.0,0.0,0.117,0.156,Misc,Basic Materials,Other Industrial Metals & Mining,2026-05-24,Other Industrial Metals & Mining,0,1,0,50.04,50.04,50.02,12.95,50.04,46.33,SLOW GROWTH
ROLLT,515267776.0,MICRO CAP,2.059999942779541,3.258048784,-7.518248,0.11848,29.565,0.0,0.0,0.117,0.156,Misc,Real Estate,Real Estate Services,2026-05-24,Real Estate Services,0,1,0,50.04,50.04,50.02,12.95,50.04,46.33,SLOW GROWTH
POLYMED,162184527872.0,MID CAP,1598.199951171875,46.73099,5.55104,0.11848,8.169,0.16697,0.19514999,0.164,-0.176,Misc,Healthcare,Medical Instruments & Supplies,2026-05-24,Medical Instruments & Supplies,0,0,0,65.32,16.93,50.02,75.35,41.125,46.33,SLOW GROWTH
AGRITECH,632609984.0,MICRO CAP,106.5,26.218092,2.368238,0.11848,29.565,0.0,0.0,0.117,0.156,Misc,Consumer Defensive,Farm Products,2026-05-24,Farm Products,0,1,0,50.04,50.04,50.02,12.95,50.04,46.33,SLOW GROWTH
PRUDMOULI,495068224.0,MICRO CAP,15.350000381469727,8.821839,2.368238,0.11848,29.565,0.0,0.0,0.117,0.156,Misc,Consumer Defensive,Confectioners,2026-05-24,Confectioners,0,1,0,50.04,50.04,50.02,12.95,50.04,46.33,SLOW GROWTH
MODTHREAD,1562100096.0,MICRO CAP,44.91999816894531,13.53012,2.368238,0.11848,29.565,0.0,0.0,0.117,0.156,Misc,Consumer Cyclical,Textile Manufacturing,2026-05-24,Textile Manufacturing,0,1,0,50.04,50.04,50.02,12.95,50.04,46.33,SLOW GROWTH
NIRAJISPAT,129600000.0,MICRO CAP,216.0,8.447399,2.368238,0.11848,29.565,0.0,0.0,0.117,0.156,Misc,Consumer Cyclical,Apparel Manufacturing,2026-05-24,Apparel Manufacturing,0,1,0,50.04,50.04,50.02,12.95,50.04,46.33,SLOW GROWTH
CPEDU,3181763328.0,MICRO CAP,174.88999938964844,14.947864,2.368238,0.11848,29.565,0.0,0.0,0.117,0.156,Misc,Consumer Defensive,Education & Training Services,2026-05-24,Education & Training Services,0,1,0,50.04,50.04,50.02,12.95,50.04,46.33,SLOW GROWTH
TECILCHEM,240270960.0,MICRO CAP,12.670000076293945,26.218092,2.368238,0.11848,29.565,0.0,0.0,0.117,0.156,Misc,Financial Services,Shell Companies,2026-05-24,Shell Companies,0,1,0,50.04,50.04,50.02,12.95,50.04,46.33,SLOW GROWTH
INDIACEM,186309951488.0,MID CAP,400.79998779296875,26.218092,1.2268173,-0.00662,12.888,0.06287,-0.015,0.026,2.764,Misc,Basic Materials,Building Materials,2026-05-24,Building Materials,0,0,0,26.88,94.67,3.13,31.5,60.775,46.32,SLOW GROWTH
SCODATUBES,8177564672.0,MICRO CAP,136.5,44.607845,2.1066115,0.11848,54.523,0.13582,0.07585,0.173,-0.159,Misc,Basic Materials,Steel,2026-05-24,Steel,0,0,0,66.52,17.69,50.02,68.22,42.105,46.3,SLOW GROWTH
RITCO,7464113664.0,MICRO CAP,262.1700134277344,18.181,2.3389452,0.11848,107.999,0.050419997,0.0295,0.255,-0.113,Misc,Industrials,Integrated Freight & Logistics,2026-05-24,Integrated Freight & Logistics,0,0,0,76.72,19.1,50.02,26.96,47.91,46.24,SLOW GROWTH
LYKALABS,2191723008.0,MICRO CAP,61.40999984741211,26.218092,2.1689684,0.11848,29.565,-0.0068,-0.0050199996,0.117,0.156,Healthcare,Healthcare,Biotechnology,2026-05-24,Biotechnology,0,1,0,50.04,50.04,50.02,11.79,50.04,46.21,SLOW GROWTH
RAJMET,1083801600.0,MICRO CAP,3.9200000762939453,26.218092,2.3085985,0.11848,28.176,0.01779,-0.00301,-0.734,5.585,Metals,Basic Materials,Copper,2026-05-24,Copper,0,0,0,1.68,97.06,50.02,16.42,49.370000000000005,46.21,SLOW GROWTH
ROUTE,32216625152.0,SMALL CAP,511.3500061035156,13.47786,1.2734278,0.09722,1.488,0.099580005,0.05422,-0.038,0.932,Telecom,Communication Services,Telecom Services,2026-05-24,Telecom Services,0,0,0,18.79,87.74,15.71,57.64,53.265,46.19,SLOW GROWTH
COROMANDEL,536210538496.0,LARGE CAP,1819.4000244140625,27.470934,4.268047,0.15587,11.469,0.05381,0.062140003,0.204,-0.758,Chemicals,Basic Materials,Agricultural Inputs,2026-05-24,Agrochemicals,0,0,0,71.26,2.9,87.07,28.17,37.080000000000005,46.19,SLOW GROWTH
MUTHOOTMF,30244974592.0,SMALL CAP,180.27999877929688,17.761578,1.0594734,0.062069997,340.091,0.31847998,0.15958999,0.117,0.156,Financials,Financial Services,Credit Services,2026-05-24,NBFC – Lending,0,1,0,50.04,50.04,10.31,89.81,50.04,46.07,SLOW GROWTH
FINPIPE,107036319744.0,MID CAP,173.11000061035156,21.318966,1.8085606,0.11848,0.359,0.1076,0.1265,-0.103,0.237,Misc,Industrials,Building Products & Equipment,2026-05-24,Building Products & Equipment,0,0,0,14.18,71.63,50.02,60.03,42.905,46.04,SLOW GROWTH
SPLIL,875042112.0,MICRO CAP,29.809999465942383,14.263158,0.40277794,0.11848,29.565,-0.3346,0.07843,-0.452,7.2,Misc,Consumer Cyclical,Apparel Manufacturing,2026-05-24,Apparel Manufacturing,0,0,0,3.76,97.81,50.02,4.31,50.785000000000004,45.98,SLOW GROWTH
SILINV,4576351744.0,MICRO CAP,431.8999938964844,12.108214,0.15899561,0.01308,29.565,0.8848054185939996,0.58527,0.117,0.156,Financials,Financial Services,Asset Management,2026-05-24,Asset Management Companies,0,1,0,50.04,50.04,4.98,99.51,50.04,45.98,SLOW GROWTH
NEWGEN,61771399168.0,SMALL CAP,437.6000061035156,20.74917,3.4618611,0.18250999,2.214,0.31538,0.19092,0.053,-0.009,Technology,Technology,Software - Infrastructure,2026-05-24,Software Products,0,0,0,30.84,23.16,90.48,89.62,27.0,45.96,SLOW GROWTH
UFBL,18575806464.0,SMALL CAP,475.25,26.218092,5.663199,-0.17889,275.522,0.02448,-0.04369,0.241,0.156,Hospitality,Consumer Cyclical,Restaurants,2026-05-24,Restaurants,0,1,0,75.31,50.04,1.18,18.38,62.675,45.95,SLOW GROWTH
HAL,2921476653056.0,MEGA CAP,4368.39990234375,32.052242,7.1187277,0.23979001,0.07653,0.26945,0.27549,0.018,0.055,Misc,Industrials,Aerospace & Defense,2026-05-24,Aerospace & Defense,1,0,0,25.51,26.65,94.95,86.6,26.08,45.91,SLOW GROWTH
ZUARIIND,7439340032.0,MICRO CAP,249.8000030517578,6.289023,0.15915461,0.11848,50.399,-0.058730002,0.11413,0.117,0.156,Misc,Industrials,Conglomerates,2026-05-24,Conglomerates,0,1,0,50.04,50.04,50.02,8.6,50.04,45.89,SLOW GROWTH
REGAAL,8980084736.0,MICRO CAP,87.41999816894531,17.8773,1.7146555,0.11848,108.692,0.09571,0.043730002,0.257,-0.296,Misc,Consumer Defensive,Packaged Foods,2026-05-24,Packaged Foods,0,0,0,77.0,13.01,50.02,43.77,45.005,45.88,SLOW GROWTH
BLAL,7829582336.0,MICRO CAP,188.00999450683594,26.218092,-358.1143,0.00959,29.565,0.80234003,0.01089,0.117,0.156,Misc,Financial Services,Shell Companies,2026-05-24,Shell Companies,0,1,0,50.04,50.04,4.27,98.32,50.04,45.71,SLOW GROWTH
KICL,21502623744.0,SMALL CAP,4925.7998046875,49.750526,0.23938845,0.11848,29.565,0.64038,0.55522996,0.163,-0.471,Financials,Financial Services,Asset Management,2026-05-24,Asset Management Companies,0,0,0,65.24,8.91,50.02,97.1,37.074999999999996,45.67,SLOW GROWTH
GUJAPOLLO,4975940608.0,MICRO CAP,383.6499938964844,26.218092,0.9242373,0.11848,9.248,-0.32992,-0.07649,1.595,-0.742,Misc,Industrials,Specialty Industrial Machinery,2026-05-24,Specialty Industrial Machinery,0,0,0,97.26,3.25,50.02,4.39,50.255,45.62,SLOW GROWTH
DOLLAR,15713200128.0,SMALL CAP,277.04998779296875,15.081654,1.7544025,0.11848,30.541,0.07715,0.05756,0.134,0.113,Misc,Consumer Cyclical,Apparel Manufacturing,2026-05-24,Apparel Manufacturing,0,1,0,60.82,30.19,50.02,37.23,45.505,45.58,SLOW GROWTH
PRIMESECU,9525991424.0,MICRO CAP,281.0,34.47853,4.0417695,0.11848,0.723,0.08542,0.23128,0.416,-0.72,Misc,Financial Services,Capital Markets,2026-05-24,Capital Markets,0,0,0,86.44,3.57,50.02,40.54,45.004999999999995,45.56,SLOW GROWTH
NEXTMEDIA,278274496.0,MICRO CAP,4.159999847412109,3.258048784,-1.1134903,0.11848,29.565,-0.26146,0.9940124999999989,0.117,0.156,Media,Communication Services,Broadcasting,2026-05-24,Broadcasting,0,1,0,50.04,50.04,50.02,5.05,50.04,45.54,SLOW GROWTH
KRIDHANINF,317657664.0,MICRO CAP,3.190000057220459,4.6911764,-0.09774183,0.11848,29.565,-0.26977,0.9940124999999989,0.117,0.156,Misc,Basic Materials,Steel,2026-05-24,Steel,0,1,0,50.04,50.04,50.02,5.02,50.04,45.53,SLOW GROWTH
INDOCO,18349940736.0,SMALL CAP,199.0800018310547,26.218092,1.7846705,-0.101210006,116.912,0.03621,-0.05156,0.219,0.156,Misc,Healthcare,Drug Manufacturers - Specialty & Generic,2026-05-24,Drug Manufacturers - Specialty & Generic,0,1,0,72.79,50.04,1.53,22.1,61.415000000000006,45.51,SLOW GROWTH
INDOSTAR,34696294400.0,SMALL CAP,214.72999572753906,5.272035,0.80387396,0.11848,142.897,0.039690003,0.9940124999999989,0.582,-0.707,Financials,Financial Services,Credit Services,2026-05-24,NBFC – Lending,0,0,0,90.85,3.82,50.02,23.0,47.334999999999994,45.44,SLOW GROWTH
HCLTECH,3149379403776.0,MEGA CAP,1164.0,18.976198,4.207085,0.23357001,6.935,0.16486,0.128,0.053,-0.002,Technology,Technology,Information Technology Services,2026-05-24,IT Services,0,0,0,30.84,23.33,94.75,75.08,27.085,45.42,SLOW GROWTH
LENSKART,888689262592.0,LARGE CAP,513.9500122070312,178.45486,13.552819,0.066539995,34.983,0.09974,0.054920003,0.456,-0.108,Misc,Healthcare,Medical Instruments & Supplies,2026-05-24,Medical Instruments & Supplies,0,0,0,87.72,19.26,11.05,57.68,53.49,45.42,SLOW GROWTH
WINDLAS,16301588480.0,SMALL CAP,789.9500122070312,25.125635,3.1046612,0.11848,5.843,0.071550004,0.076869994,0.195,-0.045,Misc,Healthcare,Drug Manufacturers - Specialty & Generic,2026-05-24,Drug Manufacturers - Specialty & Generic,0,0,0,69.73,21.49,50.02,34.8,45.61,45.41,SLOW GROWTH
KWIL,61982216192.0,SMALL CAP,26.3799991607666,26.218092,43.89351,0.11848,29.565,-0.45808998,0.0,0.117,0.156,Misc,Consumer Defensive,Packaged Foods,2026-05-24,Packaged Foods,0,1,0,50.04,50.04,50.02,3.64,50.04,45.4,SLOW GROWTH
LT,5401698893824.0,MEGA CAP,3926.60009765625,33.557816,4.9424148,0.16951999,97.64,0.10707,0.05515,0.117,-0.345,Industrials,Industrials,Engineering & Construction,2026-05-24,Engineering & EPC,0,0,0,50.04,11.72,89.03,59.8,30.88,45.4,SLOW GROWTH
SALZERELEC,12457487360.0,SMALL CAP,704.5,22.777239,2.184374,0.11848,82.807,0.07119,0.032,0.242,-0.201,Misc,Industrials,Electrical Equipment & Parts,2026-05-24,Electrical Equipment & Parts,0,0,0,75.41,15.79,50.02,34.64,45.599999999999994,45.39,SLOW GROWTH
PLASTIBLEN,4413225984.0,MICRO CAP,169.80999755859375,12.017693,0.98094827,0.08371,4.968,0.07274,0.04652,0.058,0.452,Chemicals,Basic Materials,Specialty Chemicals,2026-05-24,Specialty Chemicals,0,0,0,31.7,79.96,13.64,35.46,55.83,45.36,SLOW GROWTH
HAVISHA,237980496.0,MICRO CAP,1.5499999523162842,26.218092,2.1088433,0.11848,208.219,0.1165,-0.43105,0.065,0.156,Misc,Consumer Cyclical,Lodging,2026-05-24,Lodging,0,0,0,32.97,50.04,50.02,62.85,41.504999999999995,45.34,SLOW GROWTH
NAGAFERT,2290588928.0,MICRO CAP,3.8299999237060547,26.218092,-0.2565133,0.11848,29.565,-0.58204,-0.02089,0.117,0.156,Chemicals,Basic Materials,Agricultural Inputs,2026-05-24,Agrochemicals,0,1,0,50.04,50.04,50.02,3.06,50.04,45.34,SLOW GROWTH
SAFARI,74816208896.0,SMALL CAP,1527.0,44.64912,7.159804,0.11848,10.828,0.07403,0.08417,0.157,0.053,Misc,Consumer Cyclical,Footwear & Accessories,2026-05-24,Footwear & Accessories,0,0,0,64.05,26.57,50.02,36.07,45.31,45.33,SLOW GROWTH
LANDSMILL,1326053376.0,MICRO CAP,0.9399999976158142,26.218092,0.5849409,0.11848,0.492,-0.64345,-0.09458,0.117,0.156,Misc,Industrials,Conglomerates,2026-05-24,Conglomerates,0,1,0,50.04,50.04,50.02,2.78,50.04,45.31,SLOW GROWTH
INDIANB,1112524849152.0,LARGE CAP,825.9500122070312,9.661365,1.3897372,0.15442,29.565,0.47081003,0.34144002,0.018,0.064,Financials,Financial Services,Banks - Regional,2026-05-24,Private Sector Banks,0,0,0,25.51,27.23,86.72,94.91,26.37,45.29,SLOW GROWTH
CREATIVEYE,139404832.0,MICRO CAP,6.949999809265137,26.218092,0.697511,0.11848,29.565,-0.93447,0.0,0.117,0.156,Misc,Communication Services,Entertainment,2026-05-24,Entertainment,0,1,0,50.04,50.04,50.02,2.35,50.04,45.27,SLOW GROWTH
CINELINE,2723153408.0,MICRO CAP,79.47000122070312,26.218092,1.7538013,0.077259995,77.936,0.09002,0.048649997,0.131,0.156,Misc,Communication Services,Entertainment,2026-05-24,Entertainment,0,1,0,60.05,50.04,12.62,41.93,55.045,45.25,SLOW GROWTH
ARENTERP,123920784.0,MICRO CAP,38.31999969482422,26.218092,0.5147839,0.11848,29.565,-1.03387,-0.04583,0.117,0.156,Misc,Basic Materials,Other Industrial Metals & Mining,2026-05-24,Other Industrial Metals & Mining,0,1,0,50.04,50.04,50.02,2.08,50.04,45.24,SLOW GROWTH
WIPRO,2129630461952.0,MEGA CAP,203.11000061035156,16.184063,2.3724477,0.15487,22.853,0.17138,0.14248,0.077,-0.016,Technology,Technology,Information Technology Services,2026-05-24,IT Services,0,0,0,35.15,22.73,86.83,76.14,28.939999999999998,45.24,SLOW GROWTH
SEYAIND,462550816.0,MICRO CAP,15.5,26.218092,0.05006816,0.11848,94.318,-1.29727,0.0,0.117,0.156,Chemicals,Basic Materials,Specialty Chemicals,2026-05-24,Specialty Chemicals,0,1,0,50.04,50.04,50.02,1.84,50.04,45.22,SLOW GROWTH
WESTLIFE,73160949760.0,SMALL CAP,471.3500061035156,227.70532,11.777273,0.05289,291.521,0.04538,0.01243,0.079,0.5,Hospitality,Consumer Cyclical,Restaurants,2026-05-24,Restaurants,0,0,0,35.42,81.21,9.4,24.92,58.315,45.19,SLOW GROWTH
SAMBHAAV,1364531456.0,MICRO CAP,7.139999866485596,26.218092,1.3375796,0.00096000003,5.923,0.07394,0.00535,0.175,0.156,Misc,Communication Services,Publishing,2026-05-24,Publishing,0,1,0,66.79,50.04,3.45,35.97,58.415000000000006,45.18,SLOW GROWTH
SHYAMTEL,225496656.0,MICRO CAP,19.700000762939453,26.218092,-0.6770225,0.11848,29.565,-2.44433,0.0,0.117,0.156,Misc,Technology,Communication Equipment,2026-05-24,Communication Equipment,0,1,0,50.04,50.04,50.02,1.37,50.04,45.17,SLOW GROWTH
BLUECHIP,117798248.0,MICRO CAP,2.130000114440918,26.218092,-17.04,0.11848,29.565,-4.298535952029998,0.0,0.117,0.156,Misc,Financial Services,Capital Markets,2026-05-24,Capital Markets,0,1,0,50.04,50.04,50.02,0.53,50.04,45.08,SLOW GROWTH
DYCL,14540014592.0,SMALL CAP,300.04998779296875,17.214571,3.1787314,0.20319,9.424,0.09669,0.0701,0.073,0.026,Misc,Industrials,Electrical Equipment & Parts,2026-05-24,Electrical Equipment & Parts,0,0,0,34.58,25.1,92.71,56.5,29.84,45.08,SLOW GROWTH
BOHRAIND,197705328.0,MICRO CAP,19.200000762939453,26.218092,0.5428943,0.11848,1.562,-4.298535952029998,0.0,0.117,0.156,Chemicals,Basic Materials,Agricultural Inputs,2026-05-24,Agrochemicals,0,1,0,50.04,50.04,50.02,0.53,50.04,45.08,SLOW GROWTH
SVPGLOB,484494976.0,MICRO CAP,3.8299999237060547,26.218092,-0.039612357,0.11848,29.565,-4.298535952029998,0.0,0.117,0.156,Misc,Consumer Cyclical,Textile Manufacturing,2026-05-24,Textile Manufacturing,0,1,0,50.04,50.04,50.02,0.53,50.04,45.08,SLOW GROWTH
SAMMAANCAP,185033048064.0,MID CAP,161.4600067138672,26.218092,0.5870889,-0.251724018,273.033,0.8848054185939996,0.0,0.117,0.156,Misc,Financial Services,Mortgage Finance,2026-05-24,Mortgage Finance,0,1,0,50.04,50.04,0.53,99.51,50.04,45.08,SLOW GROWTH
VIVIDHA,158058304.0,MICRO CAP,0.5400000214576721,26.218092,67.5,0.11848,606.3078499999995,-4.298535952029998,0.0,0.117,0.156,Misc,Consumer Cyclical,Textile Manufacturing,2026-05-24,Textile Manufacturing,0,1,0,50.04,50.04,50.02,0.53,50.04,45.08,SLOW GROWTH
ORISSAMINE,24352200704.0,SMALL CAP,4058.699951171875,26.218092,-47.4974,0.11848,29.565,0.48979,-0.37257,-0.001,0.156,Misc,Basic Materials,Steel,2026-05-24,Steel,0,0,0,22.92,50.04,50.02,95.3,36.480000000000004,45.07,SLOW GROWTH
GMMPFAUDLR,36284973056.0,SMALL CAP,807.0999755859375,204.3291,3.0845609,0.11848,89.639,0.07688,0.00521,0.102,0.156,Misc,Industrials,Specialty Industrial Machinery,2026-05-24,Specialty Industrial Machinery,0,1,0,39.5,50.04,50.02,37.07,44.769999999999996,45.05,SLOW GROWTH
SECMARK,1315959424.0,MICRO CAP,120.05999755859375,49.407406,6.00961,0.1169,54.908,0.39946,0.068390004,0.144,0.075,Technology,Industrials,Consulting Services,2026-05-24,IT Consulting,0,0,0,62.52,28.06,20.22,92.99,45.29,45.05,SLOW GROWTH
CERA,73593044992.0,SMALL CAP,5708.0,36.101448,5.0003242,0.14376001,3.172,0.13666001,0.0996,0.109,-0.097,Misc,Industrials,Building Products & Equipment,2026-05-24,Building Products & Equipment,0,0,0,40.79,19.95,84.6,68.46,30.369999999999997,45.02,SLOW GROWTH
ACE,104963809280.0,MID CAP,881.9000244140625,25.312859,5.2187138,0.22885999,0.393,0.15319,0.12243,0.065,-0.065,Misc,Industrials,Farm & Heavy Construction Machinery,2026-05-24,Farm & Heavy Construction Machinery,1,0,0,32.97,20.79,94.59,72.73,26.88,45.01,SLOW GROWTH
ICEMAKE,12522009600.0,SMALL CAP,793.5499877929688,90.8992,10.373473,0.11848,139.699,0.0367,0.02326,0.387,-0.489,Misc,Industrials,Specialty Industrial Machinery,2026-05-24,Specialty Industrial Machinery,0,0,0,85.19,8.46,50.02,22.22,46.825,45.0,SLOW GROWTH
FIVESTAR,131532111872.0,MID CAP,445.6000061035156,11.962417,1.7787642,0.16058001,111.115,0.60508,0.48518002,0.041,-0.037,Financials,Financial Services,Credit Services,2026-05-24,NBFC – Lending,0,0,0,28.9,21.81,87.7,96.75,25.354999999999997,44.96,SLOW GROWTH
MAHLIFE,72749867008.0,SMALL CAP,341.0,23.372173,2.0058353,0.10797,18.26,-0.07391,0.25301,5.354871999999847,-0.195,Misc,Real Estate,Real Estate - Development,2026-05-24,Real Estate - Development,0,0,0,99.51,16.12,18.42,8.07,57.815000000000005,44.96,SLOW GROWTH
DEVYANI,141048315904.0,MID CAP,114.4000015258789,26.218092,9.314445,-0.025880001,203.327,0.04217,-0.0068300003,0.197,0.156,Hospitality,Consumer Cyclical,Restaurants,2026-05-24,Restaurants,0,1,0,70.12,50.04,2.51,23.79,60.08,44.94,SLOW GROWTH
TIINDIA,582874103808.0,LARGE CAP,3011.300048828125,91.75198,7.747026,0.11848,27.724,0.07277,0.028169999,0.207,-0.142,Misc,Industrials,Conglomerates,2026-05-24,Conglomerates,0,0,0,71.53,18.1,50.02,35.5,44.815,44.92,SLOW GROWTH
EMIL,46419939328.0,SMALL CAP,120.6500015258789,49.650204,2.8621926,0.06787,122.806,0.04674,0.0149,0.114,0.256,Misc,Consumer Cyclical,Specialty Retail,2026-05-24,Specialty Retail,0,1,0,41.75,72.75,11.25,25.71,57.25,44.9,SLOW GROWTH
ABCOTS,4679788544.0,MICRO CAP,213.07000732421875,31.150585,3.1687984,0.11848,93.028,0.06993,0.047140002,0.304,-0.473,Misc,Consumer Cyclical,Textile Manufacturing,2026-05-24,Textile Manufacturing,0,0,0,81.05,8.86,50.02,34.17,44.955,44.89,SLOW GROWTH
JKCEMENT,429418283008.0,MID CAP,5557.5,42.194973,6.6240673,0.15032,87.203,0.13781999,0.07132,0.097,-0.076,Misc,Basic Materials,Building Materials,2026-05-24,Building Materials,0,0,0,38.66,20.42,86.03,69.04,29.54,44.79,SLOW GROWTH
FAZE3Q,11711933440.0,SMALL CAP,482.54998779296875,37.320183,2.7494316,0.11848,54.853,0.047059998,0.03666,0.274,-0.277,Misc,Consumer Cyclical,Textile Manufacturing,2026-05-24,Textile Manufacturing,0,0,0,78.53,13.4,50.02,25.9,45.965,44.77,SLOW GROWTH
CDSL,251656896512.0,MID CAP,1204.0999755859375,55.25929,12.841131,0.23913,0.11,0.38924998,0.36830002,0.055,-0.199,Misc,Financial Services,Capital Markets,2026-05-24,Capital Markets,1,0,0,31.13,15.89,94.91,92.71,23.509999999999998,44.71,SLOW GROWTH
ARCHIDPLY,1561431680.0,MICRO CAP,78.05999755859375,19.41791,1.451631,0.11848,178.165,0.04693,0.0072399997,0.114,0.156,Misc,Basic Materials,Lumber & Wood Production,2026-05-24,Lumber & Wood Production,0,1,0,41.75,50.04,50.02,25.78,45.894999999999996,44.71,SLOW GROWTH
PRSMJOHNSN,59798761472.0,SMALL CAP,118.80000305175781,81.93103,3.8450336,0.11848,93.47,0.0035299999,0.02535,-0.008,0.26,Misc,Basic Materials,Building Materials,2026-05-24,Building Materials,0,0,0,22.1,73.1,50.02,13.64,47.599999999999994,44.69,SLOW GROWTH
NEPHROPLUS,60956987392.0,SMALL CAP,607.5,75.185646,1.5527196,0.09037,7.139,0.14248,0.07509,0.241,0.003,Misc,Healthcare,Medical Care Facilities,2026-05-24,Medical Care Facilities,0,0,0,75.31,23.98,14.5,70.38,49.645,44.69,SLOW GROWTH
FMGOETZE,25053929472.0,SMALL CAP,450.3500061035156,13.848401,1.8420731,0.11848,0.143,0.09389,0.092819996,0.144,0.004,Automobiles,Consumer Cyclical,Auto Parts,2026-05-24,Auto Components,0,0,0,62.52,24.02,50.02,43.3,43.27,44.62,SLOW GROWTH
SRTL,1753303552.0,MICRO CAP,43.86000061035156,9.391863,0.7316463,0.10396,15.218,0.16051,0.05169,-0.527,1.958,Misc,Consumer Cyclical,Textile Manufacturing,2026-05-24,Textile Manufacturing,0,0,0,3.06,93.18,17.55,74.18,48.120000000000005,44.61,SLOW GROWTH
JSFB,47443447808.0,SMALL CAP,450.45001220703125,14.57767,1.0609258,0.076009996,29.565,0.17341,0.1176,0.176,0.129,Financials,Financial Services,Banks - Regional,2026-05-24,Private Sector Banks,0,1,0,66.95,31.17,12.5,76.57,49.06,44.5,SLOW GROWTH
TEXINFRA,12495451136.0,SMALL CAP,98.05999755859375,114.023254,0.86419314,0.009330001,2.626,0.14886,0.26589,1.501,-0.523,Misc,Real Estate,Real Estate Services,2026-05-24,Real Estate Services,0,0,0,97.06,7.19,4.19,71.79,52.125,44.5,SLOW GROWTH
FILATEX,18663772160.0,SMALL CAP,42.029998779296875,10.176755,1.9399953,0.11848,9.979,0.07027,0.043309998,-0.018,0.17,Misc,Consumer Cyclical,Textile Manufacturing,2026-05-24,Textile Manufacturing,0,0,0,20.79,67.87,50.02,34.25,44.33,44.46,SLOW GROWTH
FAIRCHEMOR,7732624384.0,MICRO CAP,613.9000244140625,142.76744,2.732525,0.019609999,31.852,0.04543,0.01205,-0.032,5.196,Chemicals,Basic Materials,Specialty Chemicals,2026-05-24,Specialty Chemicals,0,0,0,19.53,96.94,5.98,24.96,58.235,44.46,SLOW GROWTH
WAKEFIT,44383825920.0,SMALL CAP,134.50999450683594,106.75397,3.9377615,0.11848,49.699,0.07515,0.02848,0.094,0.156,Misc,Consumer Cyclical,"Furnishings, Fixtures & Appliances",2026-05-24,"Furnishings, Fixtures & Appliances",0,0,0,37.93,50.04,50.02,36.44,43.985,44.44,SLOW GROWTH
GULFPETRO,1663620480.0,MICRO CAP,32.630001068115234,6.461386,0.48956504,0.11848,4.622,0.04379,0.03892,0.245,-0.214,Misc,Energy,Oil & Gas Refining & Marketing,2026-05-24,Oil & Gas Refining & Marketing,0,0,0,75.72,15.6,50.02,24.49,45.66,44.42,SLOW GROWTH
PILANIINVS,51317661696.0,SMALL CAP,4634.7998046875,510.0120439999895,0.30203903,0.11848,13.114,0.8848054185939996,0.00409,-0.029,0.156,Financials,Financial Services,Asset Management,2026-05-24,Asset Management Companies,0,0,0,19.83,50.04,50.02,99.51,34.935,44.41,SLOW GROWTH
DATAMATICS,46389645312.0,SMALL CAP,784.8499755859375,23.812197,3.1891894,0.11848,12.851,0.14554,0.09916,0.199,-0.51,Technology,Technology,Information Technology Services,2026-05-24,IT Services,0,0,0,70.4,7.43,50.02,71.0,38.915000000000006,44.34,SLOW GROWTH
SAGCEM,23692050432.0,SMALL CAP,181.25999450683594,26.218092,1.2260468,-0.0004,91.801,0.01942,-0.00418,0.196,0.156,Misc,Basic Materials,Building Materials,2026-05-24,Building Materials,0,1,0,69.95,50.04,3.29,16.77,59.995000000000005,44.33,SLOW GROWTH
PARKHOTELS,25071472640.0,SMALL CAP,117.5,31.167109,1.9182107,0.11848,23.441,0.25586998,0.11472,0.127,-0.252,Misc,Consumer Cyclical,Lodging,2026-05-24,Lodging,0,0,0,59.46,14.18,50.02,85.46,36.82,44.32,SLOW GROWTH
PENIND,20380928000.0,SMALL CAP,151.02999877929688,15.27098,1.906824,0.11848,92.847,0.06476,0.03703,0.123,0.107,Misc,Industrials,Specialty Industrial Machinery,2026-05-24,Specialty Industrial Machinery,0,1,0,58.74,29.94,50.02,32.33,44.34,44.28,SLOW GROWTH
KSCL,46873378816.0,SMALL CAP,918.3499755859375,15.575814,2.6131804,0.11848,29.565,0.02805,0.21824,0.208,-0.071,Chemicals,Basic Materials,Agricultural Inputs,2026-05-24,Agrochemicals,0,0,0,71.69,20.61,50.02,19.63,46.15,44.27,SLOW GROWTH
VARROC,85865586688.0,SMALL CAP,561.9500122070312,48.78038,5.096775,0.11848,53.145,0.056750003,0.020450002,0.102,0.156,Automobiles,Consumer Cyclical,Auto Parts,2026-05-24,Auto Components,0,1,0,39.5,50.04,50.02,29.29,44.769999999999996,44.27,SLOW GROWTH
HGINFRA,39047274496.0,SMALL CAP,599.1500244140625,9.960931,1.2738333,0.11848,182.684,0.18627001,0.075890005,0.124,-0.182,Industrials,Industrials,Engineering & Construction,2026-05-24,Engineering & EPC,0,0,0,58.91,16.52,50.02,78.25,37.714999999999996,44.23,SLOW GROWTH
CARBORUNIV,201323053056.0,MID CAP,1056.8499755859375,103.107315,5.1256866,0.043670002,10.292,0.056950003,0.0374,0.149,0.156,Misc,Industrials,Conglomerates,2026-05-24,Conglomerates,0,1,0,63.19,50.04,8.19,29.55,56.614999999999995,44.22,SLOW GROWTH
PAYTM,712136458240.0,LARGE CAP,1112.4000244140625,129.80164,4.4501166,0.03558,1.073,0.0,0.06554,0.184,0.156,Technology,Technology,Software - Infrastructure,2026-05-24,Software Products,0,1,0,68.42,50.04,7.33,12.95,59.230000000000004,44.22,SLOW GROWTH
VRLLOG,41801195520.0,SMALL CAP,238.9499969482422,17.518328,3.8150206,0.21269,101.023,0.13363,0.073520005,0.057,-0.029,Misc,Industrials,Trucking,2026-05-24,Trucking,0,0,0,31.45,22.18,93.46,67.52,26.814999999999998,44.21,SLOW GROWTH
MUKKA,6722999808.0,MICRO CAP,22.40999984741211,14.94,1.3415145,0.115880005,147.376,0.075500004,0.03592,-0.003,0.533,Misc,Consumer Defensive,Packaged Foods,2026-05-24,Packaged Foods,0,0,0,22.65,81.82,19.95,36.6,52.235,44.21,SLOW GROWTH
NDLVENTURE,4351720448.0,MICRO CAP,129.24000549316406,478.66666,7.775706,0.01526,29.565,-0.83224,0.18601,0.117,0.251,Misc,Communication Services,Entertainment,2026-05-24,Entertainment,0,1,0,50.04,72.34,5.45,2.51,61.19,44.17,SLOW GROWTH
ALANKIT,2340094464.0,MICRO CAP,8.630000114440918,11.064103,0.75948256,0.11848,7.408,0.04322,0.06468,-0.17,0.474,Technology,Technology,Information Technology Services,2026-05-24,IT Services,0,0,0,10.11,80.49,50.02,24.29,45.3,44.14,SLOW GROWTH
CORDSCABLE,2538240256.0,MICRO CAP,196.33999633789062,15.103077,1.3507805,0.11848,57.801,0.05114,0.01831,0.147,0.047,Misc,Industrials,Electrical Equipment & Parts,2026-05-24,Electrical Equipment & Parts,0,0,0,62.99,26.39,50.02,27.19,44.69,44.01,SLOW GROWTH
PDMJEPAPER,8005234176.0,MICRO CAP,84.30999755859375,8.6294775,1.193939,0.14946,6.351,0.14178,0.112849995,0.051,0.045,Misc,Basic Materials,Paper & Paper Products,2026-05-24,Paper & Paper Products,0,0,0,30.31,26.27,85.89,70.06,28.29,43.99,SLOW GROWTH
GPPL,73636864000.0,SMALL CAP,152.25999450683594,15.180458,3.0732899,0.11848,2.111,0.43796003,0.44205,0.112,0.083,Misc,Industrials,Marine Shipping,2026-05-24,Marine Shipping,0,0,0,41.34,28.49,50.02,94.4,34.915,43.88,SLOW GROWTH
VHLTD,9291138048.0,MICRO CAP,137.24000549316406,41.96942,3.7656746,0.071669996,98.937,0.21816,0.122329995,0.402,-0.451,Misc,Consumer Cyclical,Lodging,2026-05-24,Lodging,0,0,0,85.7,9.21,11.72,82.45,47.455,43.81,SLOW GROWTH
JUBLCPL,27653300224.0,SMALL CAP,1825.0,22.829622,6.6288667,0.11848,9.982,0.07672,0.0687,0.135,0.022,Chemicals,Basic Materials,Specialty Chemicals,2026-05-24,Specialty Chemicals,0,0,0,61.03,24.92,50.02,36.99,42.975,43.79,SLOW GROWTH
EMAMILTD,175865839616.0,MID CAP,402.8999938964844,22.673044,5.998124,0.11848,2.457,0.29422,0.20806,0.098,0.146,Consumer,Consumer Defensive,Household & Personal Products,2026-05-24,FMCG – Personal Care,0,0,0,38.89,32.17,50.02,88.32,35.53,43.71,SLOW GROWTH
SBIN,8761702350848.0,MEGA CAP,949.2000122070312,10.417032,1.4799777,0.15477,29.565,0.26754,0.22293,0.038,-0.031,Financials,Financial Services,Banks - Regional,2026-05-24,Private Sector Banks,0,0,0,28.51,22.1,86.76,86.48,25.305,43.71,SLOW GROWTH
POWERGRID,2737167663104.0,MEGA CAP,294.29998779296875,14.64179,2.7227056,0.16492,150.993,0.4947,0.34083,-0.05,0.096,Misc,Utilities,Utilities - Regulated Electric,2026-05-24,Utilities - Regulated Electric,0,0,0,17.85,29.27,88.32,95.36,23.560000000000002,43.69,SLOW GROWTH
TVSSCS,53634256896.0,SMALL CAP,121.56999969482422,58.447117,2.7084167,0.11848,112.34,0.02157,0.00878,0.111,0.156,Misc,Industrials,Integrated Freight & Logistics,2026-05-24,Integrated Freight & Logistics,0,1,0,41.11,50.04,50.02,17.59,45.575,43.67,SLOW GROWTH
SADBHAV,1502960256.0,MICRO CAP,8.760000228881836,26.218092,-0.6668189,0.11848,29.565,0.57403,-0.21118,-0.042,0.156,Industrials,Industrials,Engineering & Construction,2026-05-24,Engineering & EPC,0,0,0,18.42,50.04,50.02,96.43,34.230000000000004,43.61,SLOW GROWTH
KANANIIND,310652768.0,MICRO CAP,1.5700000524520874,17.444445,0.45520443,0.11848,0.485,0.00302,0.00918,0.364,-0.5,Misc,Consumer Cyclical,Luxury Goods,2026-05-24,Luxury Goods,0,0,0,84.09,7.97,50.02,13.56,46.03,43.58,SLOW GROWTH
ORICONENT,9705307136.0,MICRO CAP,61.43000030517578,30.56219,0.75958604,0.11848,0.892,-0.44506,0.18671,-0.649,1.8,Misc,Consumer Cyclical,Packaging & Containers,2026-05-24,Packaging & Containers,0,0,0,2.08,92.71,50.02,3.72,47.394999999999996,43.55,SLOW GROWTH
RSWM,8102431744.0,MICRO CAP,172.02000427246094,15.581522,0.6163029,0.039130002,123.995,0.027409999,0.011419999,-0.091,17.040096699999964,Misc,Consumer Cyclical,Textile Manufacturing,2026-05-24,Textile Manufacturing,0,0,0,14.97,99.51,7.8,19.22,57.24,43.55,SLOW GROWTH
NELCO,15173095424.0,SMALL CAP,664.9500122070312,455.4452,11.802449,0.02586,56.54,0.0077,0.010829999,0.173,0.156,Misc,Technology,Communication Equipment,2026-05-24,Communication Equipment,0,1,0,66.52,50.04,6.58,14.18,58.28,43.53,SLOW GROWTH
NATIONALUM,751641559040.0,LARGE CAP,409.25,12.2383375,3.4792478,0.2942,0.277,0.4947,0.3132,0.01,-0.167,Misc,Basic Materials,Aluminum,2026-05-24,Aluminum,1,0,0,24.2,17.36,97.1,95.36,20.78,43.5,SLOW GROWTH
GTLINFRA,16779935744.0,SMALL CAP,1.309999942779541,3.258048784,-0.26453957,0.11848,29.565,0.110190004,-0.9244204,0.036,0.156,Misc,Technology,Communication Equipment,2026-05-24,Communication Equipment,0,0,0,28.19,50.04,50.02,61.09,39.115,43.49,SLOW GROWTH
FIRSTCRY,113970405376.0,MID CAP,234.89999389648438,26.218092,2.3661306,0.11848,31.483,-0.00269,-0.022449998,0.116,0.156,Misc,Consumer Cyclical,Internet Retail,2026-05-24,Internet Retail,0,1,0,42.08,50.04,50.02,12.34,46.06,43.48,SLOW GROWTH
ADANIENSOL,1643234590720.0,LARGE CAP,1367.9000244140625,73.54301,6.4648004,0.096599996,194.5,0.21996,0.08274,0.168,0.035,Misc,Utilities,Utilities - Independent Power Producers,2026-05-24,Utilities - Independent Power Producers,0,0,0,66.09,25.55,15.6,82.64,45.82,43.46,SLOW GROWTH
PIXTRANS,22119149568.0,SMALL CAP,1623.4000244140625,20.241896,3.4662926,0.16535999,3.477,0.17812,0.17820999,0.061,-0.107,Misc,Industrials,Specialty Industrial Machinery,2026-05-24,Specialty Industrial Machinery,0,0,0,32.19,19.34,88.44,77.23,25.765,43.45,SLOW GROWTH
TTML,82478399488.0,SMALL CAP,42.189998626708984,26.218092,-0.4129594,0.11848,29.565,0.44332,-0.18556999,-0.041,0.156,Telecom,Communication Services,Telecom Services,2026-05-24,Telecom Services,0,0,0,18.53,50.04,50.02,94.51,34.285,43.45,SLOW GROWTH
ACMESOLAR,175683878912.0,MID CAP,290.20001220703125,35.607365,3.4729123,0.10406,393.194,0.64989,0.199,0.125,0.063,Energy,Utilities,Utilities - Renewable,2026-05-24,Power Generation – Renewable,0,0,0,59.13,27.14,17.59,97.14,43.135000000000005,43.43,SLOW GROWTH
SAHLIBHFI,2246513408.0,MICRO CAP,72.7300033569336,26.218092,1.3766018,0.11848,24.527,0.67459,0.55768,0.106,0.064,Financials,Financial Services,Credit Services,2026-05-24,NBFC – Lending,0,0,0,40.4,27.23,50.02,97.41,33.815,43.42,SLOW GROWTH
VERTOZ,4018594560.0,MICRO CAP,47.150001525878906,9.245098,1.6434871,0.11848,8.016,0.111379996,0.09083,0.139,-0.2,Technology,Technology,Software - Infrastructure,2026-05-24,Software Products,0,0,0,61.58,15.83,50.02,61.32,38.705,43.23,SLOW GROWTH
RNBDENIMS,3098630144.0,MICRO CAP,10.850000381469727,11.185567,1.5088305,0.11848,40.53,0.06229,0.060760003,0.187,-0.171,Misc,Consumer Cyclical,Textile Manufacturing,2026-05-24,Textile Manufacturing,0,0,0,68.87,17.12,50.02,31.23,42.995000000000005,43.22,SLOW GROWTH
BAGFILMS,1038590464.0,MICRO CAP,5.0,22.727272,0.5669577,0.11848,60.33,0.05316,0.0421,0.283,-0.514,Media,Communication Services,Broadcasting,2026-05-24,Broadcasting,0,0,0,79.39,7.33,50.02,28.02,43.36,43.16,SLOW GROWTH
HDFCBANK,11805824909312.0,MEGA CAP,766.7999877929688,17.123716,2.0879965,0.13818,29.565,0.40539002,0.26834,-0.018,0.075,Financials,Financial Services,Banks - Regional,2026-05-24,Private Sector Banks,0,0,0,20.79,28.06,83.62,93.38,24.424999999999997,43.16,SLOW GROWTH
ALKALI,724587136.0,MICRO CAP,71.16000366210938,81.793106,1.7215853,0.11848,43.986,-0.03779,0.010039999,0.115,0.156,Chemicals,Basic Materials,Specialty Chemicals,2026-05-24,Specialty Chemicals,0,1,0,41.97,50.04,50.02,9.21,46.004999999999995,43.13,SLOW GROWTH
RAYMONDLSL,43398418432.0,SMALL CAP,712.5499877929688,93.5105,0.45007715,0.0047999998,22.681,0.011419999,0.0067000003,0.171,0.156,Misc,Consumer Cyclical,Apparel Manufacturing,2026-05-24,Apparel Manufacturing,0,1,0,66.32,50.04,3.72,14.95,58.17999999999999,42.96,SLOW GROWTH
GABRIEL,160881213440.0,MID CAP,1120.0,26.218092,12.587523,0.11848,8.126,0.06906,0.05519,0.159,-0.089,Automobiles,Consumer Cyclical,Auto Parts,2026-05-24,Auto Components,0,0,0,64.4,20.08,50.02,33.93,42.24,42.96,SLOW GROWTH
THEJO,17671249920.0,SMALL CAP,1629.300048828125,36.360188,5.4758105,0.11848,11.289,0.08686,0.080520004,0.197,-0.324,Misc,Industrials,Specialty Industrial Machinery,2026-05-24,Specialty Industrial Machinery,0,0,0,70.12,12.23,50.02,40.95,41.175000000000004,42.92,SLOW GROWTH
SUPRIYA,62301732864.0,SMALL CAP,774.0999755859375,33.554398,5.755005,0.11848,0.484,0.31613,0.25191998,0.112,0.06,Healthcare,Healthcare,Biotechnology,2026-05-24,Biotechnology,0,0,0,41.34,27.02,50.02,89.66,34.18,42.9,SLOW GROWTH
FORCEMOT,261917736960.0,MID CAP,19878.0,19.157118,6.244536,0.33508,29.565,0.13425,0.13378,0.082,-0.37,Automobiles,Consumer Cyclical,Auto Manufacturers,2026-05-24,Passenger Vehicles,0,0,0,36.09,11.01,98.08,67.67,23.55,42.87,SLOW GROWTH
BANKA,891684992.0,MICRO CAP,82.0,26.218092,2.9043,0.11848,105.547,0.04493,-0.052589998,0.087,0.156,Misc,Industrials,Pollution & Treatment Controls,2026-05-24,Pollution & Treatment Controls,0,0,0,36.72,50.04,50.02,24.65,43.379999999999995,42.84,SLOW GROWTH
NILKAMAL,18492282880.0,SMALL CAP,1235.0999755859375,15.949121,1.168521,0.075679995,26.488,0.06068,0.03059,0.08,0.22,Misc,Consumer Cyclical,"Furnishings, Fixtures & Appliances",2026-05-24,"Furnishings, Fixtures & Appliances",0,0,0,35.7,70.79,12.38,30.8,53.245000000000005,42.83,SLOW GROWTH
PFC,1420858753024.0,LARGE CAP,430.54998779296875,5.485412,1.0693519,0.20466,586.017,0.8848054185939996,0.54304004,-0.154,0.108,Financials,Financial Services,Credit Services,2026-05-24,NBFC – Lending,0,0,0,10.78,29.98,92.91,99.51,20.38,42.8,SLOW GROWTH
IRFC,1283196583936.0,LARGE CAP,98.19000244140625,18.31903,2.259163,0.12812,606.3078499999995,0.8848054185939996,0.97231,0.005,0.0,Financials,Financial Services,Credit Services,2026-05-24,NBFC – Lending,0,0,0,23.65,23.67,81.39,99.51,23.66,42.79,SLOW GROWTH
NAZARA,105026830336.0,MID CAP,283.5,10.415136,3.0127845,0.01974,6.051,0.080699995,0.052399997,-0.236,17.040096699999964,Misc,Communication Services,Electronic Gaming & Multimedia,2026-05-24,Electronic Gaming & Multimedia,0,0,0,8.11,99.51,6.03,38.79,53.81,42.75,SLOW GROWTH
SCILAL,21217144832.0,SMALL CAP,45.54999923706055,73.46774,0.70818883,0.0095999995,0.07653,-3.66781,0.9940124999999989,0.191,0.156,Misc,Real Estate,Real Estate Services,2026-05-24,Real Estate Services,0,1,0,69.3,50.04,4.33,1.14,59.67,42.75,SLOW GROWTH
KOTHARIPET,7202799616.0,MICRO CAP,122.4000015258789,9.927008,1.9318486,0.21371001,0.601,0.14228,0.12258001,-0.0,0.032,Chemicals,Basic Materials,Specialty Chemicals,2026-05-24,Specialty Chemicals,1,0,0,23.04,25.39,93.65,70.3,24.215,42.71,SLOW GROWTH
DBEIL,3532692224.0,MICRO CAP,75.83999633789062,10.005277,0.8259548,0.11848,35.454,0.0795,0.067,0.274,-0.703,Industrials,Industrials,Engineering & Construction,2026-05-24,Engineering & EPC,0,0,0,78.53,3.96,50.02,38.21,41.245,42.7,SLOW GROWTH
LOTUSEYE,2270751232.0,MICRO CAP,109.19000244140625,341.21875,3.4765027,0.11848,7.917,-0.02404,0.01264,0.106,0.156,Misc,Healthcare,Medical Care Facilities,2026-05-24,Medical Care Facilities,0,1,0,40.4,50.04,50.02,10.31,45.22,42.69,SLOW GROWTH
MHLXMIRU,1843679744.0,MICRO CAP,173.60000610351562,8.785425,2.333208,0.11848,18.767,0.25803,0.19863,0.095,0.116,Misc,Consumer Cyclical,Textile Manufacturing,2026-05-24,Textile Manufacturing,0,0,0,38.24,30.41,50.02,85.62,34.325,42.59,SLOW GROWTH
RAJRATAN,20874496000.0,SMALL CAP,411.1499938964844,29.771904,3.2083745,0.11594,49.797,0.067140006,0.06062,0.25,0.018,Misc,Basic Materials,Steel,2026-05-24,Steel,0,0,0,76.18,24.57,19.98,33.31,50.375,42.59,SLOW GROWTH
AJAXENGG,65206157312.0,SMALL CAP,569.9500122070312,29.153454,4.6843925,0.17663,0.132,0.14885001,0.107080005,0.003,0.045,Misc,Industrials,Farm & Heavy Construction Machinery,2026-05-24,Farm & Heavy Construction Machinery,1,0,0,23.47,26.27,89.93,71.75,24.869999999999997,42.57,SLOW GROWTH
SIGMA,4069888768.0,MICRO CAP,39.599998474121094,16.032389,6.529266,0.37783,2.611,0.28530002,0.23829001,0.013,-0.217,Technology,Technology,Information Technology Services,2026-05-24,IT Services,0,0,0,24.73,15.48,98.63,87.5,20.105,42.55,SLOW GROWTH
JBMA,149417082880.0,MID CAP,631.7999877929688,68.52494,10.520006,0.11848,190.282,0.104270004,0.03583,0.123,-0.171,Automobiles,Consumer Cyclical,Auto Parts,2026-05-24,Auto Components,0,0,0,58.74,17.12,50.02,58.78,37.93,42.43,SLOW GROWTH
GMBREW,21083142144.0,SMALL CAP,922.7999877929688,13.440139,1.9552877,0.15552,3.201,-0.11848,0.09037,0.117,-0.106,Misc,Consumer Defensive,Beverages - Wineries & Distilleries,2026-05-24,Beverages - Wineries & Distilleries,0,0,0,50.04,19.42,86.99,6.9,34.730000000000004,42.4,SLOW GROWTH
COMPUSOFT,1057903680.0,MICRO CAP,13.369999885559082,39.32353,0.7238373,0.11848,32.821,-0.036930002,0.07374,0.104,0.156,Misc,Consumer Defensive,Education & Training Services,2026-05-24,Education & Training Services,0,1,0,39.81,50.04,50.02,9.25,44.925,42.38,SLOW GROWTH
BOSCH-HCIL,208033955840.0,MID CAP,1361.5999755859375,303.25168,7.75456,0.11848,37.841,-0.03255,0.00463,0.102,0.156,Misc,Consumer Cyclical,"Furnishings, Fixtures & Appliances",2026-05-24,"Furnishings, Fixtures & Appliances",0,1,0,39.5,50.04,50.02,9.6,44.769999999999996,42.3,SLOW GROWTH
MIDWESTLTD,47616565248.0,SMALL CAP,1316.800048828125,40.818356,6.6290445,0.11848,34.016,0.17011,0.17646,0.1,0.135,Misc,Basic Materials,Building Materials,2026-05-24,Building Materials,0,0,0,39.09,31.45,50.02,75.86,35.27,42.28,SLOW GROWTH
MVGJL,8036381184.0,MICRO CAP,164.52000427246094,7.0761294,1.041866,0.14816,58.923,0.06066,0.04167,0.085,0.051,Misc,Consumer Cyclical,Luxury Goods,2026-05-24,Luxury Goods,0,0,0,36.44,26.53,85.5,30.76,31.485,42.22,SLOW GROWTH
INDBANK,1490663808.0,MICRO CAP,33.59000015258789,21.125786,1.5291815,0.073709995,29.565,0.30131,0.28584,0.144,0.038,Misc,Financial Services,Capital Markets,2026-05-24,Capital Markets,0,0,0,62.52,25.72,12.15,88.95,44.120000000000005,42.21,SLOW GROWTH
HILINFRA,3460520448.0,MICRO CAP,48.25,9.846938,1.7162268,0.11848,27.666,0.05861,0.07224,-0.092,0.185,Misc,Industrials,Infrastructure Operations,2026-05-24,Infrastructure Operations,0,0,0,14.91,68.48,50.02,30.05,41.695,42.2,SLOW GROWTH
NAGREEKEXP,816230464.0,MICRO CAP,26.1200008392334,33.92208,0.5232267,0.11848,110.687,0.02944,0.0053100004,0.218,-0.286,Misc,Consumer Cyclical,Textile Manufacturing,2026-05-24,Textile Manufacturing,0,0,0,72.67,13.15,50.02,20.26,42.910000000000004,42.07,SLOW GROWTH
PFIZER,213678489600.0,MID CAP,4670.7998046875,29.586369,5.552273,0.17159,1.671,0.35149,0.28672,0.063,-0.396,Misc,Healthcare,Drug Manufacturers - General,2026-05-24,Drug Manufacturers - General,0,0,0,32.58,10.38,89.26,91.46,21.48,42.03,SLOW GROWTH
AVTNPL,10358356992.0,SMALL CAP,68.0199966430664,18.090425,1.9861013,0.11848,19.139,0.105399996,0.088649996,0.122,-0.197,Chemicals,Basic Materials,Specialty Chemicals,2026-05-24,Specialty Chemicals,0,0,0,58.52,16.05,50.02,59.21,37.285000000000004,42.02,SLOW GROWTH
NIBL,740973248.0,MICRO CAP,30.579999923706055,4.419075,-2.0758944,0.11848,29.565,-0.37137002,0.23595,0.105,0.156,Misc,Industrials,Tools & Accessories,2026-05-24,Tools & Accessories,0,1,0,40.11,50.04,50.02,4.0,45.075,41.96,SLOW GROWTH
IL&FSENGG,3670078976.0,MICRO CAP,27.989999771118164,26.218092,-0.11536179,0.11848,29.565,-0.07569,-0.00546,-0.082,0.273,Industrials,Industrials,Engineering & Construction,2026-05-24,Engineering & EPC,0,0,0,15.36,73.65,50.02,7.99,44.505,41.96,SLOW GROWTH
NDTV,8655912960.0,MICRO CAP,76.72000122070312,26.218092,-5.58126,-0.251724018,199.396,-0.60717,-0.59705,0.185,0.156,Media,Communication Services,Broadcasting,2026-05-24,Broadcasting,0,1,0,68.57,50.04,0.53,2.94,59.30499999999999,41.91,SLOW GROWTH
EMKAY,6025873408.0,MICRO CAP,222.11000061035156,32.567448,1.8803759,0.044460002,26.355,0.06491,0.03999,0.947,-0.375,Misc,Financial Services,Capital Markets,2026-05-24,Capital Markets,0,0,0,94.87,10.85,8.31,32.37,52.86,41.9,SLOW GROWTH
MALLCOM,6374784000.0,MICRO CAP,1021.5999755859375,11.919263,2.0442548,0.11848,36.932,0.12174,0.100880004,0.114,0.125,Misc,Industrials,Security & Protection Services,2026-05-24,Security & Protection Services,0,1,0,41.75,30.94,50.02,64.38,36.345,41.88,SLOW GROWTH
PRAKASHSTL,763001728.0,MICRO CAP,4.360000133514404,72.66667,10.954774,0.11848,22.772,0.019199999,0.012150001,0.271,-0.5,Misc,Basic Materials,Steel,2026-05-24,Steel,0,0,0,78.29,7.97,50.02,16.73,43.13,41.87,SLOW GROWTH
MARKSANS,96007274496.0,SMALL CAP,211.86000061035156,26.68262,3.5685291,0.11848,12.238,0.18082,0.12853,0.106,0.082,Misc,Healthcare,Drug Manufacturers - General,2026-05-24,Drug Manufacturers - General,0,0,0,40.4,28.39,50.02,77.55,34.394999999999996,41.84,SLOW GROWTH
SNOWMAN,6312285184.0,MICRO CAP,37.75,188.75,1.5902102,0.00816,77.682,0.045679998,0.00546,0.039,0.504,Misc,Industrials,Integrated Freight & Logistics,2026-05-24,Integrated Freight & Logistics,0,0,0,28.62,81.35,4.11,25.08,54.985,41.82,SLOW GROWTH
GOCLCORP,16282084352.0,SMALL CAP,328.45001220703125,6.468098,0.5821362,0.11848,5.952,-4.298535952029998,0.9940124999999989,-0.8136411,1.276,Chemicals,Basic Materials,Specialty Chemicals,2026-05-24,Specialty Chemicals,0,0,0,0.53,90.13,50.02,0.53,45.33,41.79,SLOW GROWTH
ROML,686481728.0,MICRO CAP,45.79999923706055,12.61708,137.95181,0.11848,606.3078499999995,0.02012,0.03083,0.293,-0.605,Misc,Consumer Defensive,Packaged Foods,2026-05-24,Packaged Foods,0,0,0,80.09,5.58,50.02,17.12,42.835,41.7,SLOW GROWTH
LTTS,362680352768.0,MID CAP,3419.300048828125,29.5864,5.5995073,0.19540001,8.911,0.15217,0.116330005,-0.042,0.067,Technology,Technology,Information Technology Services,2026-05-24,IT Services,0,0,0,18.42,27.63,91.65,72.41,23.025,41.69,SLOW GROWTH
UTIAMC,122514784256.0,MID CAP,953.25,30.300383,2.785009,0.09776,3.129,0.38298,0.23798999,0.067,0.156,Financials,Financial Services,Asset Management,2026-05-24,Asset Management Companies,0,0,0,33.35,50.04,15.95,92.4,41.695,41.62,SLOW GROWTH
ONWARDTEC,5885676032.0,MICRO CAP,261.45001220703125,13.387097,2.3124688,0.18552999,15.717,0.07981,0.081499994,0.077,-0.072,Technology,Technology,Information Technology Services,2026-05-24,IT Services,0,0,0,35.15,20.53,90.95,38.4,27.84,41.52,SLOW GROWTH
ASALCBR,16092475392.0,SMALL CAP,801.4500122070312,17.762634,2.1994593,0.14562,9.922,0.14445,0.085109994,0.002,0.049,Misc,Consumer Defensive,Beverages - Wineries & Distilleries,2026-05-24,Beverages - Wineries & Distilleries,0,0,0,23.33,26.49,85.03,70.77,24.909999999999997,41.52,SLOW GROWTH
ALBERTDAVD,4028114944.0,MICRO CAP,705.7999877929688,26.218092,1.028716,-0.0038100001,7.555,0.00039,-0.00448,0.146,0.156,Misc,Healthcare,Drug Manufacturers - Specialty & Generic,2026-05-24,Drug Manufacturers - Specialty & Generic,0,1,0,62.91,50.04,3.21,13.28,56.474999999999994,41.5,SLOW GROWTH
NAHARINDUS,4902105088.0,MICRO CAP,113.45999908447266,11.4954405,0.4844805,0.11848,50.924,0.05819,0.02925,-0.208,0.252,Misc,Consumer Cyclical,Textile Manufacturing,2026-05-24,Textile Manufacturing,0,0,0,8.89,72.43,50.02,29.94,40.660000000000004,41.46,SLOW GROWTH
CHEMBOND,2310684928.0,MICRO CAP,171.82000732421875,18.124474,1.379017,0.07979,2.49,0.078,0.05155,0.117,0.156,Chemicals,Basic Materials,Specialty Chemicals,2026-05-24,Specialty Chemicals,0,1,0,50.04,50.04,13.01,37.74,50.04,41.4,SLOW GROWTH
SHOPERSTOP,36357685248.0,SMALL CAP,330.1499938964844,26.218092,12.616072,-0.1179,606.3078499999995,0.03299,-0.00716,0.137,0.156,Misc,Consumer Cyclical,Department Stores,2026-05-24,Department Stores,0,1,0,61.32,50.04,1.37,21.36,55.68,41.39,SLOW GROWTH
ASAHIINDIA,218230423552.0,MID CAP,856.0499877929688,70.39885,5.8925767,0.11848,77.144,0.14148,0.063260004,0.117,-0.101,Automobiles,Consumer Cyclical,Auto Parts,2026-05-24,Auto Components,0,0,0,50.04,19.65,50.02,69.91,34.845,41.39,SLOW GROWTH
SIMPLEXINF,17143124992.0,SMALL CAP,216.74000549316406,20.92085,1.7916543,0.11848,196.588,0.01038,0.063200004,0.078,0.156,Industrials,Industrials,Engineering & Construction,2026-05-24,Engineering & EPC,0,0,0,35.29,50.04,50.02,14.85,42.665,41.35,SLOW GROWTH
PARAGMILK,26488254464.0,SMALL CAP,210.2100067138672,19.887419,2.0819468,0.118360005,48.262,0.06419,0.035380002,0.03,0.199,Misc,Consumer Defensive,Packaged Foods,2026-05-24,Packaged Foods,0,0,0,27.51,69.51,20.69,31.97,48.510000000000005,41.29,SLOW GROWTH
ELGIRUBCO,2363361024.0,MICRO CAP,47.220001220703125,26.218092,1.4186571,0.11848,183.179,-0.27504,-0.14099,0.094,0.156,Automobiles,Consumer Cyclical,Auto Parts,2026-05-24,Auto Components,0,0,0,37.93,50.04,50.02,4.94,43.985,41.29,SLOW GROWTH
KAYNES,222648893440.0,MID CAP,3321.39990234375,60.97668,4.790469,0.09568,19.168,0.11209,0.10035,0.262,-0.263,Misc,Technology,Electronic Components,2026-05-24,Electronic Components,0,0,0,77.49,13.79,15.48,61.6,45.64,41.2,SLOW GROWTH
TRIGYN,1768948352.0,MICRO CAP,57.459999084472656,61.784946,0.23263063,0.11848,0.885,-0.00215,0.00405,0.248,-0.438,Technology,Technology,Information Technology Services,2026-05-24,IT Services,0,0,0,76.02,9.44,50.02,12.38,42.73,41.15,SLOW GROWTH
JYOTHYLAB,74819952640.0,SMALL CAP,203.75,21.885069,5.2030134,0.18316999,3.247,0.11282,0.11316,0.042,-0.116,Consumer,Consumer Defensive,Household & Personal Products,2026-05-24,FMCG – Personal Care,0,0,0,29.06,18.97,90.56,61.83,24.015,41.11,SLOW GROWTH
ASIANHOTNR,12585329664.0,SMALL CAP,295.20001220703125,14.124403,3.0994406,0.11848,338.495,0.05553,0.12323,0.052,0.156,Misc,Consumer Cyclical,Lodging,2026-05-24,Lodging,0,0,0,30.54,50.04,50.02,28.84,40.29,41.09,SLOW GROWTH
KALYANIFRG,2269930240.0,MICRO CAP,623.9500122070312,40.151222,2.4669173,0.11848,98.678,0.10892,0.02394,-0.013,0.156,Automobiles,Consumer Cyclical,Auto Parts,2026-05-24,Auto Components,0,0,0,21.45,50.04,50.02,60.38,35.745,41.06,SLOW GROWTH
GREENPOWER,12868157440.0,SMALL CAP,10.970000267028809,18.593222,1.1157446,0.06458,45.393,-0.07829,0.21989,0.124,0.156,Misc,Utilities,Utilities - Independent Power Producers,2026-05-24,Utilities - Independent Power Producers,0,1,0,58.91,50.04,10.66,7.76,54.474999999999994,41.04,SLOW GROWTH
AVANTEL,43116900352.0,SMALL CAP,162.27000427246094,300.5,12.748055,0.05211,10.164,0.12567,0.06728,0.296,-0.31,Misc,Technology,Communication Equipment,2026-05-24,Communication Equipment,0,0,0,80.29,12.81,9.25,65.48,46.550000000000004,40.98,SLOW GROWTH
ALEMBICLTD,22427324416.0,SMALL CAP,87.33999633789062,7.0322056,0.88510996,0.13269,0.435,0.28114998,0.9940124999999989,-0.004,-0.022,Misc,Real Estate,Real Estate - Development,2026-05-24,Real Estate - Development,0,0,0,22.53,22.43,82.41,87.26,22.48,40.94,SLOW GROWTH
ANMOL,649390464.0,MICRO CAP,11.40999984741211,6.2692304,0.5471372,0.09981,165.862,0.00849,0.00798,-0.018,0.574,Metals,Energy,Thermal Coal,2026-05-24,Coal,0,0,0,20.79,82.56,16.5,14.34,51.675,40.91,SLOW GROWTH
DWARKESH,8245915648.0,MICRO CAP,44.5,41.588783,0.9968415,0.037720002,40.6,0.21669,0.021879999,-0.057,0.237,Misc,Consumer Defensive,Confectioners,2026-05-24,Confectioners,0,0,0,17.32,71.63,7.66,82.29,44.474999999999994,40.89,SLOW GROWTH
RAMAPHO,4309358592.0,MICRO CAP,121.77999877929688,8.195155,1.069024,0.13282,32.867,0.03987,0.058930002,0.094,0.026,Chemicals,Basic Materials,Agricultural Inputs,2026-05-24,Agrochemicals,0,0,0,37.93,25.1,82.48,23.08,31.515,40.86,SLOW GROWTH
INDOFARM,6153007616.0,MICRO CAP,128.0500030517578,19.760803,1.1328951,0.11848,33.236,0.09896,0.06763,0.101,0.149,Misc,Industrials,Farm & Heavy Construction Machinery,2026-05-24,Farm & Heavy Construction Machinery,0,1,0,39.24,32.41,50.02,57.39,35.825,40.82,SLOW GROWTH
INTELLECT,97062756352.0,SMALL CAP,697.9500122070312,28.734047,3.049548,0.11411,4.961,0.14716,0.1137,0.167,-0.113,Technology,Technology,Software - Application,2026-05-24,SaaS,0,0,0,65.87,19.1,19.67,71.28,42.485,40.8,SLOW GROWTH
BANKBARODA,1372479553536.0,LARGE CAP,265.3999938964844,6.9150596,0.8272397,0.12738,29.565,0.38452998,0.31175,-0.076,0.071,Financials,Financial Services,Banks - Regional,2026-05-24,Private Sector Banks,0,0,0,15.93,27.78,81.23,92.48,21.855,40.79,SLOW GROWTH
LOKESHMACH,5591254016.0,MICRO CAP,262.5400085449219,285.36957,2.3497717,0.11848,71.143,0.10902,0.00975,-0.02,0.156,Misc,Industrials,Specialty Industrial Machinery,2026-05-24,Specialty Industrial Machinery,0,0,0,20.59,50.04,50.02,60.54,35.315,40.78,SLOW GROWTH
SAKSOFT,17772204032.0,SMALL CAP,139.02000427246094,14.726696,2.541174,0.11848,7.303,0.16746001,0.12759,0.106,0.042,Technology,Technology,Information Technology Services,2026-05-24,IT Services,0,0,0,40.4,26.0,50.02,75.39,33.2,40.78,SLOW GROWTH
ALKEM,646189023232.0,LARGE CAP,5404.5,27.24729,4.8415966,0.11848,17.056,0.19615,0.16636999,0.107,0.016,Misc,Healthcare,Drug Manufacturers - Specialty & Generic,2026-05-24,Drug Manufacturers - Specialty & Generic,0,0,0,40.58,24.53,50.02,79.58,32.555,40.75,SLOW GROWTH
KIMS,305746149376.0,MID CAP,764.0999755859375,126.50662,13.631741,0.09724,166.226,0.11307,0.06182,0.348,-0.583,Misc,Healthcare,Medical Care Facilities,2026-05-24,Medical Care Facilities,0,0,0,83.5,6.19,15.75,62.03,44.845,40.74,SLOW GROWTH
NLCINDIA,477904306176.0,MID CAP,344.6499938964844,13.568897,2.220082,0.15966,82.0,0.28304002,0.20139,-0.003,-0.127,Misc,Utilities,Utilities - Regulated Electric,2026-05-24,Utilities - Regulated Electric,0,0,0,22.65,18.53,87.66,87.42,20.59,40.69,SLOW GROWTH
AARTIDRUGS,35590737920.0,SMALL CAP,389.95001220703125,18.247543,2.2966878,0.13359,37.221,0.10901,0.07598,0.064,-0.12,Misc,Healthcare,Drug Manufacturers - Specialty & Generic,2026-05-24,Drug Manufacturers - Specialty & Generic,0,0,0,32.72,18.85,82.52,60.5,25.785,40.6,SLOW GROWTH
KELLTONTEC,8082664960.0,MICRO CAP,15.210000038146973,8.791907,1.1877245,0.11848,21.666,0.113620006,0.076799996,0.104,0.106,Technology,Technology,Software - Application,2026-05-24,SaaS,0,1,0,39.81,29.82,50.02,62.15,34.815,40.59,SLOW GROWTH
ITDC,47177457664.0,SMALL CAP,550.0499877929688,59.145157,11.155843,0.21701999,0.155,0.20183,0.15517001,-0.222,0.119,Misc,Consumer Cyclical,Lodging,2026-05-24,Lodging,1,0,0,8.46,30.56,93.93,80.13,19.509999999999998,40.46,SLOW GROWTH
GUJTHEM,40248266752.0,SMALL CAP,368.70001220703125,83.986336,15.182212,0.11848,27.036,0.40162,0.29994,0.097,-0.042,Misc,Healthcare,Drug Manufacturers - Specialty & Generic,2026-05-24,Drug Manufacturers - Specialty & Generic,0,0,0,38.66,21.65,50.02,93.1,30.154999999999998,40.42,SLOW GROWTH
AMBIKCO,9026607104.0,MICRO CAP,1576.699951171875,14.346678,0.964474,0.11848,29.565,0.11472,0.08958,0.115,0.062,Misc,Consumer Cyclical,Textile Manufacturing,2026-05-24,Textile Manufacturing,0,0,0,41.97,27.08,50.02,62.42,34.525,40.41,SLOW GROWTH
ESSENTIA,1842853504.0,MICRO CAP,1.6299999952316284,54.333336,0.77767175,0.11848,23.209,0.01011,0.00644,0.124,0.0,Consumer,Consumer Defensive,Food Distribution,2026-05-24,FMCG – Food,0,0,0,58.91,23.67,50.02,14.81,41.29,40.39,SLOW GROWTH
COFFEEDAY,5175666688.0,MICRO CAP,24.5,13.687151,0.1985188,0.11848,38.774,-0.029679999,0.03385,0.07,0.156,Hospitality,Consumer Cyclical,Restaurants,2026-05-24,Restaurants,0,0,0,33.97,50.04,50.02,9.87,42.004999999999995,40.39,SLOW GROWTH
MANAKCOAT,10658546688.0,SMALL CAP,100.70999908447266,23.312498,2.8940487,0.14136,33.071,0.051170003,0.046,0.094,-0.044,Misc,Industrials,Metal Fabrication,2026-05-24,Metal Fabrication,0,0,0,37.93,21.57,84.09,27.23,29.75,40.37,SLOW GROWTH
E2E,71484137472.0,SMALL CAP,3578.39990234375,26.218092,4.257547,-0.0095,9.441,0.07064,-0.063379996,1.857,-0.596,Technology,Technology,Software - Infrastructure,2026-05-24,Software Products,0,0,0,97.73,5.8,2.9,34.37,51.765,40.25,SLOW GROWTH
ZEELEARN,1900230272.0,MICRO CAP,5.809999942779541,18.741936,0.97959864,0.11848,219.814,-0.02179,0.023710001,0.066,0.156,Misc,Consumer Defensive,Education & Training Services,2026-05-24,Education & Training Services,0,0,0,33.19,50.04,50.02,10.38,41.614999999999995,40.17,SLOW GROWTH
TVSELECT,8769209344.0,MICRO CAP,465.95001220703125,26.218092,9.529604,0.11848,55.935,0.04261,-0.00475,0.043,0.156,Misc,Technology,Computer Hardware,2026-05-24,Computer Hardware,0,0,0,29.25,50.04,50.02,23.98,39.644999999999996,40.15,SLOW GROWTH
YUKEN,9008230400.0,MICRO CAP,663.1500244140625,52.924984,2.4468584,0.11848,33.231,0.03113,0.03638,0.048,0.156,Misc,Industrials,Specialty Industrial Machinery,2026-05-24,Specialty Industrial Machinery,0,0,0,29.94,50.04,50.02,20.73,39.99,40.07,SLOW GROWTH
LCCINFOTEC,760356032.0,MICRO CAP,4.510000228881836,26.218092,121.8919,0.11848,0.786,-0.00548,-0.9244204,0.062,0.156,Misc,Consumer Defensive,Education & Training Services,2026-05-24,Education & Training Services,0,0,0,32.43,50.04,50.02,11.91,41.235,40.06,SLOW GROWTH
PIRAMALFIN,442856669184.0,MID CAP,1959.5,29.671412,1.5750544,0.06717,283.736,-0.49855998,0.28951,-0.247,17.040096699999964,Financials,Financial Services,Credit Services,2026-05-24,NBFC – Lending,0,0,0,7.62,99.51,11.09,3.29,53.565000000000005,40.04,SLOW GROWTH
JUBLPHARMA,159392923648.0,MID CAP,1006.3499755859375,40.157623,2.4198494,0.11848,43.867,0.07953,0.054640003,0.165,-0.447,Misc,Healthcare,Drug Manufacturers - Specialty & Generic,2026-05-24,Drug Manufacturers - Specialty & Generic,0,0,0,65.48,9.29,50.02,38.26,37.385000000000005,40.0,SLOW GROWTH
CROWN,1316722688.0,MICRO CAP,117.31999969482422,14.324787,1.7403945,0.12745,74.87,0.33921,0.22333999,0.043,-0.316,Misc,Industrials,Rental & Leasing Services,2026-05-24,Rental & Leasing Services,0,0,0,29.25,12.56,81.31,90.87,20.905,39.98,WEAK GROWTH
AXISBANK,3997086253056.0,MEGA CAP,1285.4000244140625,15.220841,1.8571979,0.13152,29.565,0.39193,0.35406,-0.112,0.064,Financials,Financial Services,Banks - Regional,2026-05-24,Private Sector Banks,0,0,0,13.58,27.23,82.09,92.75,20.405,39.98,WEAK GROWTH
CAMLINFINE,23175854080.0,SMALL CAP,120.6500015258789,26.218092,2.5335994,0.11848,78.095,0.0116,-0.034479998,0.055,0.156,Chemicals,Basic Materials,Specialty Chemicals,2026-05-24,Specialty Chemicals,0,0,0,31.13,50.04,50.02,15.05,40.585,39.92,WEAK GROWTH
NECCLTD,1558000000.0,MICRO CAP,15.579999923706055,17.120878,0.6992819,0.039920002,52.844,0.080129996,0.02938,-0.112,0.7,Misc,Industrials,Trucking,2026-05-24,Trucking,0,0,0,13.58,84.93,7.84,38.56,49.255,39.9,WEAK GROWTH
INDOBORAX,10353838080.0,SMALL CAP,322.6499938964844,22.515701,2.8674645,0.11848,0.07653,0.19066,0.22453,0.094,0.021,Misc,Basic Materials,Chemicals,2026-05-24,Chemicals,0,0,0,37.93,24.86,50.02,78.8,31.395,39.86,WEAK GROWTH
WAAREEINDO,16366892032.0,SMALL CAP,393.3999938964844,6.635183,8.0394,0.4211870819999994,1.07,0.66416,0.36273,-0.57,0.048,Misc,Technology,Solar,2026-05-24,Solar,0,0,0,2.68,26.45,99.51,97.26,14.565,39.82,WEAK GROWTH
CASTROLIND,180099399680.0,MID CAP,182.0800018310547,18.790506,9.47741,0.11848,3.305,0.19521,0.16386,0.087,0.038,Misc,Energy,Oil & Gas Refining & Marketing,2026-05-24,Oil & Gas Refining & Marketing,0,0,0,36.72,25.72,50.02,79.41,31.22,39.8,WEAK GROWTH
JAYSREETEA,2431195904.0,MICRO CAP,84.19000244140625,5.916374,0.6137013,-0.061479997,109.179,-0.13871,-0.02657,0.133,0.156,Misc,Consumer Defensive,Farm Products,2026-05-24,Farm Products,0,1,0,60.6,50.04,1.88,6.54,55.32,39.75,WEAK GROWTH
LUXIND,39499153408.0,SMALL CAP,1313.5,36.628555,2.2237272,0.11848,32.661,0.042069998,0.03759,0.217,-0.598,Misc,Consumer Cyclical,Apparel Manufacturing,2026-05-24,Apparel Manufacturing,0,0,0,72.49,5.7,50.02,23.75,39.095,39.75,WEAK GROWTH
VINATIORGA,136782045184.0,MID CAP,1318.5,30.77013,4.6589117,0.14903,29.565,0.23154,0.19466,-0.069,0.007,Chemicals,Basic Materials,Specialty Chemicals,2026-05-24,Specialty Chemicals,0,0,0,16.34,24.2,85.7,83.54,20.27,39.68,WEAK GROWTH
LIBAS,327726560.0,MICRO CAP,12.4399995803833,3.6057968,0.40109622,0.11848,16.808,0.06122,0.02542,0.018,0.156,Misc,Consumer Cyclical,Apparel Manufacturing,2026-05-24,Apparel Manufacturing,0,0,0,25.51,50.04,50.02,31.01,37.775,39.55,WEAK GROWTH
BHARATFORG,907268784128.0,LARGE CAP,1897.699951171875,84.043396,9.479305,0.11603,76.475,0.11553001,0.06422,0.175,-0.179,Automobiles,Consumer Cyclical,Auto Parts,2026-05-24,Auto Components,0,0,0,66.79,16.81,20.06,62.58,41.800000000000004,39.53,WEAK GROWTH
GARFIBRES,62070935552.0,SMALL CAP,625.2999877929688,31.249374,4.7839823,0.15306,3.161,0.21869,0.12602,0.004,-0.194,Misc,Consumer Cyclical,Textile Manufacturing,2026-05-24,Textile Manufacturing,0,0,0,23.57,16.18,86.52,82.52,19.875,39.47,WEAK GROWTH
ADSL,6913805312.0,MICRO CAP,122.22000122070312,21.442106,1.2000589,0.11848,17.707,0.0856,0.03521,0.122,-0.257,Technology,Technology,Information Technology Services,2026-05-24,IT Services,0,0,0,58.52,14.05,50.02,40.71,36.285000000000004,39.47,WEAK GROWTH
STLNETWORK,12200786944.0,SMALL CAP,25.0,26.218092,1.4303695,-0.11605,116.754,-0.025999999,-0.10335,0.124,0.156,Telecom,Communication Services,Telecom Services,2026-05-24,Telecom Services,0,1,0,58.91,50.04,1.41,10.07,54.474999999999994,39.42,WEAK GROWTH
GRINDWELL,215173251072.0,MID CAP,1943.4000244140625,51.81019,9.433339,0.11848,3.481,0.14868,0.13231,0.071,0.097,Misc,Industrials,Building Products & Equipment,2026-05-24,Building Products & Equipment,0,0,0,34.21,29.33,50.02,71.67,31.77,39.41,WEAK GROWTH
EIHOTEL,199366082560.0,MID CAP,318.79998779296875,30.951454,4.2348566,0.11848,5.176,0.38906,0.21992001,0.091,-0.08,Misc,Consumer Cyclical,Lodging,2026-05-24,Lodging,0,0,0,37.3,20.24,50.02,92.67,28.769999999999996,39.41,WEAK GROWTH
USK,1190732160.0,MICRO CAP,21.510000228881836,26.218092,0.7371235,0.11848,39.287,-0.1003,-0.06509,0.059,0.156,Industrials,Industrials,Engineering & Construction,2026-05-24,Engineering & EPC,0,0,0,31.88,50.04,50.02,7.29,40.96,39.4,WEAK GROWTH
RTNINDIA,47792517120.0,SMALL CAP,34.61000061035156,26.218092,4.628243,0.11848,107.296,0.01517,0.0,0.044,0.156,Misc,Consumer Cyclical,Internet Retail,2026-05-24,Internet Retail,0,0,0,29.45,50.04,50.02,15.63,39.745,39.39,WEAK GROWTH
PITTIENG,34776289280.0,SMALL CAP,942.0999755859375,29.67244,3.728682,0.124960005,82.134,0.118719995,0.06159,0.069,-0.25,Misc,Industrials,Metal Fabrication,2026-05-24,Metal Fabrication,0,0,0,33.72,14.22,80.76,63.44,23.97,39.28,WEAK GROWTH
MCLOUD,15303963648.0,SMALL CAP,25.979999542236328,14.274725,2.6263647,0.11848,46.793,0.2463,0.16506,0.083,-0.01,Technology,Technology,Information Technology Services,2026-05-24,IT Services,0,0,0,36.25,23.08,50.02,84.87,29.665,39.26,WEAK GROWTH
SGMART,77666402304.0,SMALL CAP,616.4000244140625,68.948555,5.0750475,0.0792,16.781,0.02871,0.01759,0.175,0.147,Misc,Industrials,Industrial Distribution,2026-05-24,Industrial Distribution,0,1,0,66.79,32.23,12.77,19.91,49.510000000000005,39.2,WEAK GROWTH
ANTGRAPHIC,130208056.0,MICRO CAP,0.8399999737739563,26.218092,0.65420556,0.11848,65.28,-0.00944,0.051220004,0.259,-0.75,Misc,Consumer Cyclical,Packaging & Containers,2026-05-24,Packaging & Containers,0,0,0,77.08,3.0,50.02,11.6,40.04,39.19,WEAK GROWTH
VEEDOL,24190484480.0,SMALL CAP,1423.4000244140625,12.48487,2.4752502,0.19657,1.534,0.08854,0.08765,0.019,-0.037,Chemicals,Basic Materials,Specialty Chemicals,2026-05-24,Specialty Chemicals,0,0,0,25.74,21.81,91.81,41.42,23.775,39.15,WEAK GROWTH
JHS,749941504.0,MICRO CAP,8.579999923706055,26.218092,0.48844358,0.11848,6.097,0.01496,-0.0555,0.04,0.156,Consumer,Consumer Defensive,Household & Personal Products,2026-05-24,FMCG – Personal Care,0,0,0,28.74,50.04,50.02,15.52,39.39,39.13,WEAK GROWTH
MOBIKWIK,15216198656.0,SMALL CAP,193.27000427246094,26.218092,2.8076472,-0.11015,51.207,0.15317,-0.0538,0.105,0.156,Technology,Technology,Software - Infrastructure,2026-05-24,Software Products,0,1,0,40.11,50.04,1.45,72.69,45.075,39.11,WEAK GROWTH
KAYA,3686792192.0,MICRO CAP,242.75,26.218092,-3.7381809,0.11848,29.565,-0.18236999,-0.41603002,0.057,0.156,Consumer,Consumer Defensive,Household & Personal Products,2026-05-24,FMCG – Personal Care,0,0,0,31.45,50.04,50.02,5.56,40.745,39.08,WEAK GROWTH
SANATHAN,34301808640.0,SMALL CAP,406.3999938964844,44.463894,1.8291146,0.04204,80.77,0.053189997,0.020299999,0.597,-0.504,Misc,Consumer Cyclical,Textile Manufacturing,2026-05-24,Textile Manufacturing,0,0,0,91.24,7.68,7.99,28.06,49.459999999999994,39.03,WEAK GROWTH
DELHIVERY,335125970944.0,MID CAP,447.6000061035156,222.68657,3.4486744,0.01596,15.098,0.01086,0.014529999,0.3,-0.006,Misc,Industrials,Integrated Freight & Logistics,2026-05-24,Integrated Freight & Logistics,0,0,0,80.66,23.2,5.56,14.89,51.93,38.95,WEAK GROWTH
TAINWALCHM,1832788864.0,MICRO CAP,195.72999572753906,17.244932,1.0653074,0.06621,29.565,0.22259001,0.34715,-0.295,0.296,Chemicals,Basic Materials,Specialty Chemicals,2026-05-24,Specialty Chemicals,0,0,0,6.23,74.96,10.99,82.92,40.595,38.91,WEAK GROWTH
SHAH,4479166976.0,MICRO CAP,5.059999942779541,50.6,1.3428875,0.11848,20.738,0.00118,0.04112,0.255,-0.853,Misc,Basic Materials,Steel,2026-05-24,Steel,0,0,0,76.72,1.8,50.02,13.4,39.26,38.83,WEAK GROWTH
RELTD,23076495360.0,SMALL CAP,129.19000244140625,28.393406,5.4437046,0.20363002,366.24,-0.06382,0.1488,-0.34,0.156,Misc,Technology,Solar,2026-05-24,Solar,0,0,0,5.37,50.04,92.79,8.5,27.705,38.8,WEAK GROWTH
DDEVPLSTIK,24596402176.0,SMALL CAP,237.6999969482422,12.360894,2.6870296,0.11848,5.001,0.09672,0.06814,0.109,0.031,Chemicals,Basic Materials,Specialty Chemicals,2026-05-24,Specialty Chemicals,0,0,0,40.79,25.33,50.02,56.54,33.06,38.8,WEAK GROWTH
JTEKTINDIA,35687108608.0,SMALL CAP,128.64999389648438,45.299294,3.0094974,0.07445,28.653,0.05333,0.02885,0.202,0.021,Automobiles,Consumer Cyclical,Auto Parts,2026-05-24,Auto Components,0,0,0,70.87,24.86,12.26,28.1,47.865,38.77,WEAK GROWTH
CMSINFO,50444939264.0,SMALL CAP,306.3999938964844,16.779846,2.1597693,0.12913,9.102,0.16094999,0.12198,0.022,-0.181,Misc,Industrials,Specialty Business Services,2026-05-24,Specialty Business Services,0,0,0,26.33,16.61,81.5,74.29,21.47,38.76,WEAK GROWTH
HYUNDAI,1502063493120.0,LARGE CAP,1848.5999755859375,27.62403,7.506212,0.29916,5.484,0.07308,0.07676,0.048,-0.222,Automobiles,Consumer Cyclical,Auto Manufacturers,2026-05-24,Passenger Vehicles,0,0,0,29.94,15.11,97.14,35.58,22.525,38.75,WEAK GROWTH
ASTRON,191412304.0,MICRO CAP,4.050000190734863,26.218092,0.23218483,0.11848,94.276,-0.66063005,0.0,0.056,0.156,Misc,Basic Materials,Paper & Paper Products,2026-05-24,Paper & Paper Products,0,0,0,31.27,50.04,50.02,2.7,40.655,38.73,WEAK GROWTH
RETAIL,158184688.0,MICRO CAP,19.280000686645508,101.47369,0.53435326,0.11848,29.565,0.032,0.00916,0.02,0.156,Misc,Consumer Defensive,Grocery Stores,2026-05-24,Grocery Stores,0,0,0,25.92,50.04,50.02,20.92,37.980000000000004,38.68,WEAK GROWTH
CINEVISTA,902901440.0,MICRO CAP,15.720000267028809,26.218092,1.7871761,0.11848,27.129,0.41814,-0.73116994,-0.364,0.156,Misc,Communication Services,Entertainment,2026-05-24,Entertainment,0,0,0,5.07,50.04,50.02,93.89,27.555,38.68,WEAK GROWTH
DELTAMAGNT,652043776.0,MICRO CAP,60.09000015258789,26.218092,6.5708036,0.11848,308.765,0.0088599995,-0.15836,0.028,0.156,Misc,Consumer Cyclical,Textile Manufacturing,2026-05-24,Textile Manufacturing,0,0,0,27.23,50.04,50.02,14.54,38.635,38.5,WEAK GROWTH
MEIL,8726974464.0,MICRO CAP,315.8500061035156,18.079567,1.4576056,0.11474,7.695,0.1043,0.07355,0.189,-0.312,Misc,Industrials,Electrical Equipment & Parts,2026-05-24,Electrical Equipment & Parts,0,0,0,69.08,12.72,19.75,58.86,40.9,38.47,WEAK GROWTH
DSFCL,2278325248.0,MICRO CAP,26.190000534057617,26.218092,1.0582674,0.11848,4.718,-0.01864,0.011670001,0.036,0.156,Chemicals,Basic Materials,Specialty Chemicals,2026-05-24,Specialty Chemicals,0,0,0,28.19,50.04,50.02,10.74,39.115,38.46,WEAK GROWTH
BAJAJINDEF,9014400000.0,MICRO CAP,281.70001220703125,33.45606,3.4904037,0.11848,1.565,0.05292,0.13983,0.132,-0.301,Misc,Industrials,Farm & Heavy Construction Machinery,2026-05-24,Farm & Heavy Construction Machinery,0,0,0,60.34,12.97,50.02,27.9,36.655,38.45,WEAK GROWTH
ANDHRAPAP,12567331840.0,SMALL CAP,63.20000076293945,67.23405,0.645471,0.0095999995,11.971,-0.00379,0.0109399995,0.294,0.0,Misc,Basic Materials,Paper & Paper Products,2026-05-24,Paper & Paper Products,0,0,0,80.21,23.67,4.33,12.15,51.94,38.44,WEAK GROWTH
SWSOLAR,46274531328.0,SMALL CAP,198.0399932861328,26.218092,7.120923,-0.251724018,182.951,0.07344,-0.04099,-0.228,1.43,Misc,Technology,Solar,2026-05-24,Solar,0,0,0,8.41,90.91,0.53,35.76,49.66,38.44,WEAK GROWTH
EIHAHOTELS,19685470208.0,SMALL CAP,323.04998779296875,20.53719,3.7959883,0.15308,0.712,0.38169998,0.21621001,-0.053,-0.185,Misc,Consumer Cyclical,Lodging,2026-05-24,Lodging,1,0,0,17.54,16.42,86.56,92.32,16.98,38.43,WEAK GROWTH
INCREDIBLE,1647954688.0,MICRO CAP,35.2400016784668,12.768117,1.0546794,0.11848,11.937,0.0195,0.01507,0.168,-0.4,Misc,Basic Materials,Steel,2026-05-24,Steel,0,0,0,66.09,10.27,50.02,16.93,38.18,38.42,WEAK GROWTH
PARSVNATH,1884334464.0,MICRO CAP,4.329999923706055,26.218092,-0.08370546,0.11848,29.565,-0.33521998,-0.9244204,0.048,0.156,Misc,Real Estate,Real Estate - Development,2026-05-24,Real Estate - Development,0,0,0,29.94,50.04,50.02,4.27,39.99,38.42,WEAK GROWTH
ABDL,150008545280.0,MID CAP,536.2999877929688,65.80368,9.04293,0.13551,68.251,-0.00159,0.0582,0.117,-0.48,Misc,Consumer Defensive,Beverages - Wineries & Distilleries,2026-05-24,Beverages - Wineries & Distilleries,0,0,0,50.04,8.7,82.99,12.62,29.369999999999997,38.42,WEAK GROWTH
ABSLAMC,292558405632.0,MID CAP,1011.7000122070312,30.029684,7.2279263,0.25103,1.577,0.51856,0.47345,-0.145,-0.181,Financials,Financial Services,Asset Management,2026-05-24,Asset Management Companies,0,0,0,11.15,16.61,95.42,95.57,13.879999999999999,38.36,WEAK GROWTH
ACCELYA,16750248960.0,SMALL CAP,1122.199951171875,15.551551,6.032295,0.39095002,33.047,0.22778,0.20044,-0.002,-0.569,Technology,Technology,Information Technology Services,2026-05-24,IT Services,0,0,0,22.79,6.54,98.82,83.31,14.665,38.36,WEAK GROWTH
ULTRACEMCO,3403248566272.0,MEGA CAP,11569.0,41.666065,4.724183,0.10593,29.432,0.17024,0.092259996,0.03,0.156,Misc,Basic Materials,Building Materials,2026-05-24,Building Materials,0,0,0,27.51,50.04,17.99,75.9,38.775,38.33,WEAK GROWTH
GHCL,41016569856.0,SMALL CAP,445.20001220703125,8.88091,1.1803352,0.13420999,2.345,0.18739,0.15419,0.012,-0.218,Misc,Basic Materials,Chemicals,2026-05-24,Chemicals,0,0,0,24.49,15.4,82.64,78.41,19.945,38.33,WEAK GROWTH
IFBAGRO,9162439680.0,MICRO CAP,978.1500244140625,19.156874,1.4001294,0.11848,13.624,0.02078,0.03768,0.159,-0.354,Misc,Consumer Defensive,Beverages - Wineries & Distilleries,2026-05-24,Beverages - Wineries & Distilleries,0,0,0,64.4,11.5,50.02,17.4,37.95,38.31,WEAK GROWTH
BANG,498329984.0,MICRO CAP,36.75,9.645669,0.5538559,0.11848,35.295,0.01158,0.28488,0.179,-0.471,Misc,Consumer Cyclical,Apparel Manufacturing,2026-05-24,Apparel Manufacturing,0,0,0,67.65,8.91,50.02,15.01,38.28,38.3,WEAK GROWTH
VISHNU,40338681856.0,SMALL CAP,599.25,29.160585,4.0365496,0.11848,41.813,0.123780005,0.08879,0.108,-0.044,Chemicals,Basic Materials,Specialty Chemicals,2026-05-24,Specialty Chemicals,0,0,0,40.67,21.57,50.02,64.97,31.12,38.28,WEAK GROWTH
SUPRAJIT,60032954368.0,SMALL CAP,437.6499938964844,43.288822,4.406198,0.11848,67.961,0.056799997,0.037920002,0.177,-0.626,Automobiles,Consumer Cyclical,Auto Parts,2026-05-24,Auto Components,0,0,0,67.14,5.17,50.02,29.39,36.155,38.25,WEAK GROWTH
NTPC,3768609406976.0,MEGA CAP,388.6499938964844,21.508024,1.8556273,0.11848,118.127,0.18428,0.12892,0.08,-0.016,Misc,Utilities,Utilities - Regulated Electric,2026-05-24,Utilities - Regulated Electric,0,0,0,35.7,22.73,50.02,77.94,29.215000000000003,38.25,WEAK GROWTH
PGHH,311136157696.0,MID CAP,9585.0,43.479248,33.410133,0.11848,0.221,0.31088,0.198,0.011,0.122,Consumer,Consumer Defensive,Household & Personal Products,2026-05-24,FMCG – Personal Care,0,0,0,24.35,30.74,50.02,89.38,27.545,38.22,WEAK GROWTH
MAHAPEXLTD,1344084992.0,MICRO CAP,47.689998626708984,3.258048784,0.14643838,0.11848,29.565,0.76543,0.9940124999999989,-0.598,0.156,Financials,Financial Services,Credit Services,2026-05-24,NBFC – Lending,0,0,0,2.55,50.04,50.02,97.88,26.294999999999998,38.2,WEAK GROWTH
KRONOX,5078795776.0,MICRO CAP,136.8800048828125,19.443182,4.951527,0.11848,2.578,0.29692,0.25659,0.053,0.011,Chemicals,Basic Materials,Specialty Chemicals,2026-05-24,Specialty Chemicals,0,0,0,30.84,24.37,50.02,88.52,27.605,38.18,WEAK GROWTH
RUCHINFRA,1484596864.0,MICRO CAP,6.289999961853027,20.290321,0.8625892,0.11848,43.622,-0.00509,0.17377001,0.026,0.156,Misc,Industrials,Specialty Business Services,2026-05-24,Specialty Business Services,0,0,0,26.88,50.04,50.02,11.99,38.46,38.12,WEAK GROWTH
IDEA,1487549759488.0,LARGE CAP,13.729999542236328,4.2772584,-4.156827,0.11848,29.565,-0.05821,0.77143997,0.032,0.156,Telecom,Communication Services,Telecom Services,2026-05-24,Telecom Services,0,0,0,27.8,50.04,50.02,8.66,38.92,38.11,WEAK GROWTH
VINEETLAB,683743040.0,MICRO CAP,35.599998474121094,26.218092,2.3345792,0.11848,300.832,0.12185001,-0.18101999,-0.134,0.156,Misc,Basic Materials,Chemicals,2026-05-24,Chemicals,0,0,0,11.79,50.04,50.02,64.42,30.915,38.09,WEAK GROWTH
GLOBALVECT,2442160128.0,MICRO CAP,174.44000244140625,26.218092,54.207584,0.11848,606.3078499999995,-0.04686,-0.02661,0.031,0.156,Misc,Industrials,Airports & Air Services,2026-05-24,Airports & Air Services,0,0,0,27.64,50.04,50.02,8.97,38.84,38.09,WEAK GROWTH
AHLUCONT,54015418368.0,SMALL CAP,806.3499755859375,20.204208,2.8069117,0.11848,3.881,0.06595,0.05992,0.114,0.092,Industrials,Industrials,Engineering & Construction,2026-05-24,Engineering & EPC,0,0,0,41.75,29.08,50.02,32.84,35.415,38.08,WEAK GROWTH
LANCORHOL,1799782144.0,MICRO CAP,24.469999313354492,26.218092,0.92493194,0.11848,64.345,0.13773,-0.0156,-0.162,0.156,Misc,Real Estate,Real Estate - Development,2026-05-24,Real Estate - Development,0,0,0,10.48,50.04,50.02,68.97,30.259999999999998,38.08,WEAK GROWTH
MIRZAINT,4198573824.0,MICRO CAP,30.3799991607666,49.0,0.7074165,0.11848,4.955,-0.0759,0.01554,0.033,0.156,Misc,Consumer Cyclical,Footwear & Accessories,2026-05-24,Footwear & Accessories,0,0,0,27.92,50.04,50.02,7.92,38.980000000000004,38.08,WEAK GROWTH
ALOKINDS,61072457728.0,SMALL CAP,12.300000190734863,26.218092,-0.2820713,0.11848,29.565,-0.058730002,-0.20031,0.031,0.156,Misc,Consumer Cyclical,Textile Manufacturing,2026-05-24,Textile Manufacturing,0,0,0,27.64,50.04,50.02,8.6,38.84,38.05,WEAK GROWTH
JAYKAY,22702520320.0,SMALL CAP,174.25,76.42544,2.1749713,0.11848,29.565,0.11731,0.28791,0.126,-0.767,Misc,Industrials,Specialty Business Services,2026-05-24,Specialty Business Services,0,0,0,59.31,2.78,50.02,63.01,31.045,38.04,WEAK GROWTH
ABAN,1044155584.0,MICRO CAP,17.889999389648438,26.218092,-0.0038847586,0.11848,29.565,0.18032,-0.9244204,-0.241,0.156,Misc,Energy,Oil & Gas Drilling,2026-05-24,Oil & Gas Drilling,0,0,0,7.84,50.04,50.02,77.51,28.939999999999998,38.01,WEAK GROWTH
XCHANGING,7437312000.0,MICRO CAP,66.76000213623047,12.863198,2.0264077,0.11848,24.199,0.32937,0.28593,0.07,-0.092,Technology,Technology,Information Technology Services,2026-05-24,IT Services,0,0,0,33.97,20.02,50.02,90.4,26.994999999999997,37.94,WEAK GROWTH
TCI,69514534912.0,SMALL CAP,905.7999877929688,15.528887,2.9043036,0.11848,10.416,0.07591,0.09364,0.089,0.148,Misc,Industrials,Integrated Freight & Logistics,2026-05-24,Integrated Freight & Logistics,0,0,0,36.95,32.29,50.02,36.76,34.620000000000005,37.91,WEAK GROWTH
NOIDATOLL,1335018240.0,MICRO CAP,7.170000076293945,4.8445945,-3.898858,0.11848,29.565,0.20917,0.63425,0.076,-0.045,Misc,Industrials,Infrastructure Operations,2026-05-24,Infrastructure Operations,0,0,0,34.99,21.49,50.02,81.23,28.240000000000002,37.89,WEAK GROWTH
PDSL,40860979200.0,SMALL CAP,288.25,36.62643,2.310325,0.09936,67.994,0.02438,0.00852,-0.003,0.224,Misc,Industrials,Specialty Business Services,2026-05-24,Specialty Business Services,0,0,0,22.65,70.96,16.42,18.3,46.80499999999999,37.88,WEAK GROWTH
RPPL,1194773888.0,MICRO CAP,16.290000915527344,8.353847,0.70158064,0.11848,69.557,0.05683,0.04393,-0.015,0.156,Misc,Consumer Cyclical,Packaging & Containers,2026-05-24,Packaging & Containers,0,0,0,21.2,50.04,50.02,29.43,35.62,37.88,WEAK GROWTH
CROMPTON,192647954432.0,MID CAP,294.75,26.218092,6.3998175,-0.06337,5.797,0.099,-0.02991,0.108,0.156,Misc,Consumer Cyclical,"Furnishings, Fixtures & Appliances",2026-05-24,"Furnishings, Fixtures & Appliances",0,1,0,40.67,50.04,1.84,57.48,45.355000000000004,37.86,WEAK GROWTH
TATACOMM,559740026880.0,LARGE CAP,1964.0,53.76403,19.664581,0.31131,335.485,0.084359996,0.04038,0.094,-0.747,Telecom,Communication Services,Telecom Services,2026-05-24,Telecom Services,0,0,0,37.93,3.1,97.45,40.05,20.515,37.86,WEAK GROWTH
LAL,1209155840.0,MICRO CAP,7.0,26.218092,2.4787536,0.11848,26.272,0.06452,-0.050679997,-0.026,0.156,Misc,Consumer Cyclical,Apparel Manufacturing,2026-05-24,Apparel Manufacturing,0,0,0,20.18,50.04,50.02,32.21,35.11,37.8,WEAK GROWTH
CLEAN,80420028416.0,SMALL CAP,756.7000122070312,35.08113,5.0805354,0.15309,0.135,0.30067,0.24009001,-0.055,-0.214,Chemicals,Basic Materials,Specialty Chemicals,2026-05-24,Specialty Chemicals,1,0,0,17.4,15.6,86.6,88.83,16.5,37.75,WEAK GROWTH
ORIENTPPR,3619884544.0,MICRO CAP,17.059999465942383,26.218092,0.2331206,0.11848,16.377,-0.106680006,-0.040209997,0.027,0.156,Misc,Basic Materials,Paper & Paper Products,2026-05-24,Paper & Paper Products,0,0,0,27.04,50.04,50.02,7.13,38.54,37.7,WEAK GROWTH
RECLTD,887264837632.0,LARGE CAP,336.95001220703125,5.4522657,1.0625986,0.19957,606.3078499999995,0.8848054185939996,0.70553,-0.144,-0.219,Financials,Financial Services,Credit Services,2026-05-24,NBFC – Lending,0,0,0,11.21,15.3,92.16,99.51,13.255,37.66,WEAK GROWTH
SHANTI,72633240.0,MICRO CAP,6.539999961853027,26.218092,0.6190251,0.11848,38.071,0.8848054185939996,0.26007,-0.8136411,0.156,Misc,Consumer Defensive,Farm Products,2026-05-24,Farm Products,0,0,0,0.53,50.04,50.02,99.51,25.285,37.65,WEAK GROWTH
GAYAPROJ,7800223232.0,MICRO CAP,16.799999237060547,3.258048784,0.51818264,0.11848,51.304,0.21040002,0.9940124999999989,-0.328,0.156,Industrials,Industrials,Engineering & Construction,2026-05-24,Engineering & EPC,0,0,0,5.6,50.04,50.02,81.5,27.82,37.63,WEAK GROWTH
MARALOVER,2448972032.0,MICRO CAP,59.0,74.68354,2.657538,0.11848,447.299,0.04614,-0.010299999,-0.012,0.156,Misc,Consumer Cyclical,Textile Manufacturing,2026-05-24,Textile Manufacturing,0,0,0,21.59,50.04,50.02,25.35,35.815,37.61,WEAK GROWTH
AIAENG,372721549312.0,MID CAP,3994.0,32.052002,5.0593596,0.11848,13.852,0.24579,0.26959,0.001,0.135,Misc,Industrials,Specialty Industrial Machinery,2026-05-24,Specialty Industrial Machinery,0,0,0,23.18,31.45,50.02,84.84,27.314999999999998,37.61,WEAK GROWTH
CEWATER,5652141056.0,MICRO CAP,273.1000061035156,9.902103,1.0280328,0.11848,30.084,0.00037999998,0.08512,0.014,0.156,Misc,Utilities,Utilities - Regulated Water,2026-05-24,Utilities - Regulated Water,0,0,0,25.0,50.04,50.02,13.24,37.519999999999996,37.59,WEAK GROWTH
SHALBY,18340575232.0,SMALL CAP,170.92999267578125,216.36708,1.8517355,0.11848,53.318,0.04646,0.0072000003,-0.013,0.156,Misc,Healthcare,Medical Care Facilities,2026-05-24,Medical Care Facilities,0,0,0,21.45,50.04,50.02,25.55,35.745,37.58,WEAK GROWTH
SHAHALLOYS,1440864896.0,MICRO CAP,72.77999877929688,3.4706724,-12.703788,0.11848,29.565,0.57143,0.6291,-0.802,0.156,Misc,Basic Materials,Steel,2026-05-24,Steel,0,0,0,1.1,50.04,50.02,96.39,25.57,37.54,WEAK GROWTH
SHREECEM,894261329920.0,LARGE CAP,24785.0,51.281788,9.705203,0.11848,38.149,0.18603,0.1453,0.052,0.034,Misc,Basic Materials,Building Materials,2026-05-24,Building Materials,0,0,0,30.54,25.49,50.02,78.21,28.015,37.44,WEAK GROWTH
HTMEDIA,4799890944.0,MICRO CAP,20.75,510.0120439999895,0.29774716,0.11848,39.322,-0.01402,0.00017000001,0.014,0.156,Misc,Communication Services,Publishing,2026-05-24,Publishing,0,0,0,25.0,50.04,50.02,11.29,37.519999999999996,37.4,WEAK GROWTH
VRAJ,4070385152.0,MICRO CAP,123.41000366210938,15.42625,0.985333,0.11848,6.498,-0.0018000001,0.046350002,0.221,-0.879,Misc,Basic Materials,Steel,2026-05-24,Steel,0,0,0,73.04,1.49,50.02,12.58,37.265,37.35,WEAK GROWTH
DCM,1542408448.0,MICRO CAP,82.58000183105469,28.975441,3.2237666,0.11848,2.73,-0.08314,0.0766,0.02,0.156,Misc,Industrials,Metal Fabrication,2026-05-24,Metal Fabrication,0,0,0,25.92,50.04,50.02,7.64,37.980000000000004,37.35,WEAK GROWTH
ARSHIYA,318805888.0,MICRO CAP,1.2100000381469727,26.218092,-0.010035913,0.11848,29.565,-0.88708,0.0,0.028,0.156,Misc,Industrials,Integrated Freight & Logistics,2026-05-24,Integrated Freight & Logistics,0,0,0,27.23,50.04,50.02,2.39,38.635,37.29,WEAK GROWTH
SKFINDIA,83782516736.0,SMALL CAP,1694.699951171875,31.546907,3.0475612,0.13543001,0.219,0.02898,0.07067,-0.51,0.156,Misc,Industrials,Tools & Accessories,2026-05-24,Tools & Accessories,0,0,0,3.17,50.04,82.95,20.06,26.605,37.22,WEAK GROWTH
BECTORFOOD,54576787456.0,SMALL CAP,177.77999877929688,39.072525,4.4883738,0.11848,15.033,0.08598,0.06974,0.084,0.099,Misc,Consumer Defensive,Packaged Foods,2026-05-24,Packaged Foods,0,0,0,36.34,29.47,50.02,40.79,32.905,37.12,WEAK GROWTH
PARASPETRO,698521856.0,MICRO CAP,2.0899999141693115,26.218092,3.2153845,0.11848,29.565,0.0,0.0,0.117,0.0,Misc,Consumer Cyclical,Textile Manufacturing,2026-05-24,Textile Manufacturing,0,0,0,50.04,23.67,50.02,12.95,36.855000000000004,37.1,WEAK GROWTH
GOODLUCK,47720525824.0,SMALL CAP,1435.699951171875,28.090391,3.4887562,0.11848,70.111,0.08085,0.04084,0.101,0.059,Misc,Basic Materials,Steel,2026-05-24,Steel,0,0,0,39.24,26.94,50.02,38.95,33.09,37.06,WEAK GROWTH
RAMANEWS,4361423872.0,MICRO CAP,28.979999542236328,26.218092,-12.384616,0.11848,29.565,0.15009,-0.9244204,-0.289,0.156,Misc,Consumer Defensive,Beverages - Non-Alcoholic,2026-05-24,Beverages - Non-Alcoholic,0,0,0,6.37,50.04,50.02,72.06,28.205,36.95,WEAK GROWTH
KOKUYOCMLN,8656219136.0,MICRO CAP,86.30000305175781,32.938934,2.6658018,0.11848,11.417,0.020550001,0.01353,0.131,-0.339,Misc,Industrials,Business Equipment & Supplies,2026-05-24,Business Equipment & Supplies,0,0,0,60.05,11.93,50.02,17.32,35.989999999999995,36.93,WEAK GROWTH
PRAJIND,71733059584.0,SMALL CAP,390.25,136.92982,5.508271,0.11848,16.118,0.02465,0.01635,-0.014,0.156,Industrials,Industrials,Engineering & Construction,2026-05-24,Engineering & EPC,0,0,0,21.32,50.04,50.02,18.5,35.68,36.83,WEAK GROWTH
TAJGVK,20145989632.0,SMALL CAP,321.29998779296875,16.153847,2.9185476,0.11848,11.957,0.28652,0.2613,0.06,-0.102,Misc,Consumer Cyclical,Lodging,2026-05-24,Lodging,0,0,0,31.99,19.57,50.02,87.58,25.78,36.81,WEAK GROWTH
HINDALCO,2480340992000.0,MEGA CAP,1109.199951171875,18.41607,1.8258286,0.10288,72.598,0.09979,0.048699997,0.204,-0.509,Misc,Basic Materials,Aluminum,2026-05-24,Aluminum,0,0,0,71.26,7.48,17.32,57.76,39.370000000000005,36.8,WEAK GROWTH
GSPCROP,20719452160.0,SMALL CAP,445.3999938964844,25.064714,3.2798958,0.11848,64.835,0.02417,0.0704,-0.017,0.156,Chemicals,Basic Materials,Agricultural Inputs,2026-05-24,Agrochemicals,0,0,0,21.02,50.04,50.02,18.22,35.53,36.7,WEAK GROWTH
ARROWGREEN,7200718336.0,MICRO CAP,477.25,14.024391,3.405523,0.11848,1.218,0.30806,0.23794001,0.017,0.034,Misc,Consumer Cyclical,Packaging & Containers,2026-05-24,Packaging & Containers,0,0,0,25.31,25.49,50.02,89.18,25.4,36.7,WEAK GROWTH
HERITGFOOD,30307174400.0,SMALL CAP,326.6000061035156,20.12323,2.906806,0.14436,32.621,0.02675,0.03317,0.104,-0.367,Misc,Consumer Defensive,Packaged Foods,2026-05-24,Packaged Foods,0,0,0,39.81,11.09,84.87,18.97,25.450000000000003,36.69,WEAK GROWTH
BALAJEE,2469965312.0,MICRO CAP,30.280000686645508,19.164557,0.8084152,0.11848,63.12,0.02458,0.02256,0.198,-0.9085618999999999,Misc,Consumer Cyclical,Packaging & Containers,2026-05-24,Packaging & Containers,0,0,0,70.26,0.53,50.02,18.46,35.395,36.63,WEAK GROWTH
BATAINDIA,88452653056.0,SMALL CAP,688.2000122070312,49.76139,5.8073993,0.11848,90.391,0.11437,0.05118,0.028,0.125,Misc,Consumer Cyclical,Footwear & Accessories,2026-05-24,Footwear & Accessories,0,0,0,27.23,30.94,50.02,62.34,29.085,36.6,WEAK GROWTH
HGS,18910494720.0,SMALL CAP,406.5,26.218092,0.23731934,0.11848,23.446,-0.28488,0.01006,0.011,0.156,Misc,Industrials,Specialty Business Services,2026-05-24,Specialty Business Services,0,0,0,24.35,50.04,50.02,4.82,37.195,36.52,WEAK GROWTH
CTE,613907136.0,MICRO CAP,31.889999389648438,26.218092,0.925206,0.11848,117.654,0.078590006,-0.05007,-0.093,0.156,Technology,Technology,Information Technology Services,2026-05-24,IT Services,0,0,0,14.83,50.04,50.02,38.01,32.435,36.51,WEAK GROWTH
TCIEXP,19374696448.0,SMALL CAP,504.29998779296875,23.037916,2.3988583,0.11848,1.735,0.084189996,0.06967,0.059,0.149,Misc,Industrials,Integrated Freight & Logistics,2026-05-24,Integrated Freight & Logistics,0,0,0,31.88,32.41,50.02,39.93,32.144999999999996,36.5,WEAK GROWTH
FINEORG,141161594880.0,MID CAP,4604.10009765625,33.89854,5.6988983,0.11848,0.661,0.14527,0.16900998,0.081,-0.106,Chemicals,Basic Materials,Specialty Chemicals,2026-05-24,Specialty Chemicals,0,0,0,35.93,19.42,50.02,70.94,27.675,36.47,WEAK GROWTH
PTC,57357533184.0,SMALL CAP,193.77000427246094,9.470675,0.9811636,0.103769995,25.059,0.05461,0.03534,0.313,-0.7,Misc,Utilities,Utilities - Independent Power Producers,2026-05-24,Utilities - Independent Power Producers,0,0,0,81.68,4.15,17.52,28.51,42.915000000000006,36.4,WEAK GROWTH
PRINCEPIPE,30238717952.0,SMALL CAP,273.45001220703125,69.936066,1.9059469,0.11848,14.911,-0.00988,0.01672,-0.008,0.156,Misc,Industrials,Building Products & Equipment,2026-05-24,Building Products & Equipment,0,0,0,22.1,50.04,50.02,11.52,36.07,36.4,WEAK GROWTH
SRHHYPOLTD,9162580992.0,MICRO CAP,533.7999877929688,9.803489,0.9114394,0.11848,1.283,0.13098,0.14253001,0.02,0.115,Misc,Basic Materials,Chemicals,2026-05-24,Chemicals,0,0,0,25.92,30.35,50.02,66.73,28.135,36.37,WEAK GROWTH
SANDESH,7539899904.0,MICRO CAP,996.0999755859375,6.8777184,1.2738357,0.11848,0.336,0.3566,0.19649,0.026,-0.03,Misc,Communication Services,Publishing,2026-05-24,Publishing,0,0,0,26.88,22.14,50.02,91.81,24.509999999999998,36.34,WEAK GROWTH
LAKPRE,140735424.0,MICRO CAP,6.190000057220459,26.218092,0.26234373,-0.251724018,29.565,0.08817001,-0.15453,0.209,-0.099,Misc,Industrials,Tools & Accessories,2026-05-24,Tools & Accessories,0,0,0,71.87,19.73,0.53,41.3,45.800000000000004,36.3,WEAK GROWTH
RBA,39460724736.0,SMALL CAP,67.69999694824219,26.218092,4.8873806,-0.251724018,285.657,-0.00799,-0.06628,0.117,0.156,Hospitality,Consumer Cyclical,Restaurants,2026-05-24,Restaurants,0,1,0,50.04,50.04,0.53,11.68,50.04,36.3,WEAK GROWTH
MUKTAARTS,1405025280.0,MICRO CAP,62.209999084472656,26.218092,-2.3774219,0.11848,29.565,0.02961,-0.091850005,-0.034,0.156,Misc,Communication Services,Entertainment,2026-05-24,Entertainment,0,0,0,19.24,50.04,50.02,20.34,34.64,36.29,WEAK GROWTH
APOLSINHOT,2940792320.0,MICRO CAP,1130.9000244140625,29.58922,1.9271537,0.11848,53.838,0.03678,0.01688,0.145,-0.593,Misc,Industrials,Specialty Business Services,2026-05-24,Specialty Business Services,0,0,0,62.77,5.9,50.02,22.26,34.335,36.26,WEAK GROWTH
SPECIALITY,5317981184.0,MICRO CAP,110.25,25.403225,1.626418,0.11848,42.426,0.10503,0.045100003,0.072,0.0,Hospitality,Consumer Cyclical,Restaurants,2026-05-24,Restaurants,0,0,0,34.38,23.67,50.02,59.13,29.025000000000002,36.23,WEAK GROWTH
UMAEXPORTS,836455232.0,MICRO CAP,24.739999771118164,26.218092,0.42474288,0.11848,95.923,0.00912,-0.00281,0.133,-0.406,Misc,Consumer Defensive,Farm Products,2026-05-24,Farm Products,0,0,0,60.6,10.07,50.02,14.58,35.335,36.2,WEAK GROWTH
GATEWAY,27635302400.0,SMALL CAP,55.310001373291016,10.802735,1.2187115,0.10375,25.362,0.14833,0.11559,-0.002,0.156,Misc,Industrials,Integrated Freight & Logistics,2026-05-24,Integrated Freight & Logistics,0,0,0,22.79,50.04,17.48,71.63,36.415,36.15,WEAK GROWTH
SUNTV,191800983552.0,MID CAP,486.70001220703125,13.316006,1.5518583,0.11848,1.183,0.35543,0.35666,0.042,-0.107,Media,Communication Services,Broadcasting,2026-05-24,Broadcasting,0,0,0,29.06,19.34,50.02,91.69,24.2,36.11,WEAK GROWTH
SUMMITSEC,17232455680.0,SMALL CAP,1574.199951171875,16.392794,0.15352875,0.011360001,29.565,-2.26089,0.72619003,0.117,0.156,Misc,Financial Services,Capital Markets,2026-05-24,Capital Markets,0,1,0,50.04,50.04,4.66,1.41,50.04,36.1,WEAK GROWTH
ITC,3780140859392.0,MEGA CAP,301.70001220703125,18.28485,5.320331,0.2934,3.292,0.36479,0.26233,-0.05,-0.727,Consumer,Consumer Defensive,Tobacco,2026-05-24,Tobacco,0,0,0,17.85,3.39,97.06,92.08,10.620000000000001,36.05,WEAK GROWTH
ASHAPURMIN,64513548288.0,SMALL CAP,675.3499755859375,17.093142,4.5236545,0.11848,86.445,0.11391,0.09864,0.11,-0.209,Misc,Basic Materials,Other Industrial Metals & Mining,2026-05-24,Other Industrial Metals & Mining,0,0,0,40.93,15.67,50.02,62.23,28.3,36.04,WEAK GROWTH
GEEKAYWIRE,2532519680.0,MICRO CAP,24.229999542236328,8.269624,1.4665295,0.19027,83.99,0.09739,0.0657,-0.11,-0.078,Misc,Industrials,Electrical Equipment & Parts,2026-05-24,Electrical Equipment & Parts,0,0,0,13.81,20.34,91.38,56.82,17.075,35.91,WEAK GROWTH
RELIANCE,18329733431296.0,MEGA CAP,1354.5,22.677048,2.0277097,0.09139,36.653,0.099750005,0.0764,0.125,-0.126,Misc,Energy,Oil & Gas Refining & Marketing,2026-05-24,Oil & Gas Refining & Marketing,0,0,0,59.13,18.59,14.66,57.72,38.86,35.91,WEAK GROWTH
ANUHPHR,7574929920.0,MICRO CAP,75.58000183105469,18.1247,2.1424117,0.12104,0.07653,0.07779,0.05289,0.014,-0.06,Misc,Healthcare,Drug Manufacturers - Specialty & Generic,2026-05-24,Drug Manufacturers - Specialty & Generic,0,0,0,25.0,20.91,79.98,37.66,22.955,35.83,WEAK GROWTH
UCAL,1974746752.0,MICRO CAP,89.30000305175781,26.218092,0.57137007,0.11848,87.154,-0.00654,-0.05073,-0.024,0.156,Automobiles,Consumer Cyclical,Auto Parts,2026-05-24,Auto Components,0,0,0,20.34,50.04,50.02,11.83,35.19,35.82,WEAK GROWTH
KRYSTAL,8215507968.0,MICRO CAP,588.0,12.804878,1.239991,0.13745,23.988,0.07273,0.049629997,-0.102,0.113,Misc,Industrials,Specialty Business Services,2026-05-24,Specialty Business Services,0,0,0,14.32,30.19,83.35,35.4,22.255000000000003,35.79,WEAK GROWTH
ADVANIHOTR,4932518400.0,MICRO CAP,53.36000061035156,20.925491,6.353137,0.11848,0.576,0.38746,0.22561,0.027,-0.093,Misc,Consumer Cyclical,Lodging,2026-05-24,Lodging,0,0,0,27.04,19.98,50.02,92.63,23.509999999999998,35.72,WEAK GROWTH
NAVA,172361924608.0,MID CAP,609.0499877929688,21.884657,2.1300144,0.10309,20.684,0.24535999,0.18333,0.122,-0.446,Misc,Industrials,Conglomerates,2026-05-24,Conglomerates,0,0,0,58.52,9.33,17.36,84.76,33.925000000000004,35.7,WEAK GROWTH
RELIGARE,80071868416.0,SMALL CAP,240.32000732421875,92.43078,2.7449458,0.02001,12.72,0.055359997,0.01012,0.221,-0.169,Financials,Financial Services,Insurance - Life,2026-05-24,Life Insurance,0,0,0,73.04,17.24,6.11,28.72,45.14,35.69,WEAK GROWTH
TRACXN,3515929856.0,MICRO CAP,32.91999816894531,26.218092,6.485421,0.11848,29.565,-0.08309,-0.15168001,-0.017,0.156,Technology,Technology,Software - Application,2026-05-24,SaaS,0,0,0,21.02,50.04,50.02,7.68,35.53,35.64,WEAK GROWTH
BHARATRAS,23322687488.0,SMALL CAP,1403.199951171875,17.575151,1.9484423,0.11848,7.556,0.13333,0.10699,0.055,-0.013,Chemicals,Basic Materials,Agricultural Inputs,2026-05-24,Agrochemicals,0,0,0,31.13,22.83,50.02,67.36,26.979999999999997,35.63,WEAK GROWTH
ORCHPHARMA,35833044992.0,SMALL CAP,706.5,188.90375,2.8275383,0.11848,29.565,-0.12264,-0.29572,-0.015,0.156,Misc,Healthcare,Drug Manufacturers - Specialty & Generic,2026-05-24,Drug Manufacturers - Specialty & Generic,0,0,0,21.2,50.04,50.02,6.74,35.62,35.61,WEAK GROWTH
BALKRISIND,426902355968.0,MID CAP,2208.300048828125,34.365078,3.8969223,0.11848,35.269,0.16359,0.1233,0.069,-0.15,Automobiles,Consumer Cyclical,Auto Parts,2026-05-24,Auto Components,0,0,0,33.72,17.91,50.02,74.92,25.814999999999998,35.57,WEAK GROWTH
KESORAMIND,4047947264.0,MICRO CAP,13.029999732971191,26.218092,1.1732397,0.11848,57.599,-0.32644,0.9940124999999989,-0.011,0.156,Misc,Basic Materials,Building Materials,2026-05-24,Building Materials,0,0,0,21.69,50.04,50.02,4.47,35.865,35.56,WEAK GROWTH
ORIENTTECH,12495853568.0,SMALL CAP,272.79998779296875,58.54077,3.5114815,0.11848,6.129,-0.00209,0.024300002,-0.033,0.156,Technology,Technology,Information Technology Services,2026-05-24,IT Services,0,0,0,19.38,50.04,50.02,12.46,34.71,35.55,WEAK GROWTH
HEG,113412898816.0,MID CAP,587.7000122070312,29.756962,2.3818498,0.07338,16.73,-0.01126,0.12599,0.112,0.156,Misc,Industrials,Electrical Equipment & Parts,2026-05-24,Electrical Equipment & Parts,0,1,0,41.34,50.04,12.07,11.4,45.69,35.54,WEAK GROWTH
SPENCERS,3307941376.0,MICRO CAP,36.75,26.218092,-0.42109242,0.11848,29.565,-0.0325,-0.142,-0.027,0.156,Misc,Consumer Cyclical,Department Stores,2026-05-24,Department Stores,0,0,0,20.06,50.04,50.02,9.68,35.05,35.51,WEAK GROWTH
ABREL,138189127680.0,MID CAP,1249.699951171875,26.218092,3.7351751,-0.08911,152.371,-2.16209,-0.2535,0.117,0.156,Misc,Real Estate,Real Estate Services,2026-05-24,Real Estate Services,0,1,0,50.04,50.04,1.65,1.45,50.04,35.5,WEAK GROWTH
SANWARIA,332943680.0,MICRO CAP,0.23999999463558197,26.218092,0.027328627,0.11848,149.496,0.046669997,0.0,0.072,0.125,Misc,Consumer Defensive,Farm Products,2026-05-24,Farm Products,0,0,0,34.38,30.94,50.02,25.63,32.660000000000004,35.43,WEAK GROWTH
AFFORDABLE,2013147136.0,MICRO CAP,169.8699951171875,42.78841,1.8720313,0.11848,69.146,0.12226,0.029660001,-0.421,0.156,Misc,Industrials,Specialty Industrial Machinery,2026-05-24,Specialty Industrial Machinery,0,0,0,4.09,50.04,50.02,64.54,27.064999999999998,35.4,WEAK GROWTH
RENUKA,50764480512.0,SMALL CAP,23.850000381469727,26.218092,-1.9043437,0.11848,29.565,0.02627,-0.08647,-0.061,0.156,Misc,Consumer Defensive,Confectioners,2026-05-24,Confectioners,0,0,0,16.99,50.04,50.02,18.81,33.515,35.35,WEAK GROWTH
SUDARCOLOR,8798781440.0,MICRO CAP,381.20001220703125,19.761534,1.5822877,0.08145001,4.031,-0.00208,0.05704,-0.042,0.232,Chemicals,Basic Materials,Specialty Chemicals,2026-05-24,Specialty Chemicals,0,0,0,18.42,71.38,13.28,12.5,44.9,35.34,WEAK GROWTH
COCHINSHIP,403066060800.0,MID CAP,1532.0999755859375,56.182617,7.0699143,0.12517,28.466,0.18714,0.14272,-0.156,-0.038,Misc,Industrials,Aerospace & Defense,2026-05-24,Aerospace & Defense,0,0,0,10.66,21.75,80.8,78.37,16.205,35.34,WEAK GROWTH
INDIANCARD,1252209920.0,MICRO CAP,210.77000427246094,5.097219,0.36091742,0.11848,1.437,-0.43803,0.59928,-0.015,0.156,Misc,Consumer Cyclical,Textile Manufacturing,2026-05-24,Textile Manufacturing,0,0,0,21.2,50.04,50.02,3.8,35.62,35.32,WEAK GROWTH
STANLEY,9084694528.0,MICRO CAP,159.02999877929688,37.86429,1.9467498,0.11848,69.949,0.017339999,0.054330003,-0.054,0.156,Misc,Consumer Cyclical,"Furnishings, Fixtures & Appliances",2026-05-24,"Furnishings, Fixtures & Appliances",0,0,0,17.46,50.04,50.02,16.3,33.75,35.26,WEAK GROWTH
MOSCHIP,39009984512.0,SMALL CAP,201.05999755859375,111.08288,9.536141,0.09558,21.561,0.053150002,0.0596,0.155,-0.098,Misc,Technology,Semiconductor Equipment & Materials,2026-05-24,Semiconductor Equipment & Materials,0,0,0,63.83,19.85,15.4,27.98,41.84,35.17,WEAK GROWTH
INDOAMIN,9050217472.0,MICRO CAP,124.68000030517578,12.657867,2.5073402,0.11848,85.051,0.07159,0.061880004,0.072,0.066,Misc,Basic Materials,Chemicals,2026-05-24,Chemicals,0,0,0,34.38,27.51,50.02,34.84,30.945,35.15,WEAK GROWTH
DCAL,30630711296.0,SMALL CAP,195.3699951171875,25.774406,0.45764387,0.015579999,46.07,0.10438,0.03262,0.211,-0.495,Healthcare,Healthcare,Biotechnology,2026-05-24,Biotechnology,0,0,0,72.0,8.31,5.53,58.93,40.155,35.11,WEAK GROWTH
SUNDRMBRAK,2482126592.0,MICRO CAP,630.8499755859375,26.218092,2.6100645,0.11848,40.966,-0.0051700003,-0.01018,-0.047,0.156,Automobiles,Consumer Cyclical,Auto Parts,2026-05-24,Auto Components,0,0,0,18.03,50.04,50.02,11.95,34.035,35.02,WEAK GROWTH
TIL,15224188928.0,SMALL CAP,191.69000244140625,26.218092,15.294822,0.11848,379.131,0.02636,-0.03494,-0.075,0.156,Misc,Industrials,Farm & Heavy Construction Machinery,2026-05-24,Farm & Heavy Construction Machinery,0,0,0,16.01,50.04,50.02,18.85,33.025,35.01,WEAK GROWTH
ASTRAMICRO,111550889984.0,MID CAP,1174.9000244140625,69.43854,9.58609,0.11848,23.894,0.27346,0.14825,0.007,-0.016,Misc,Technology,Communication Equipment,2026-05-24,Communication Equipment,0,0,0,23.84,22.73,50.02,86.79,23.285,34.98,WEAK GROWTH
ORIENTLTD,607600000.0,MICRO CAP,60.7599983215332,26.218092,0.94331706,0.11848,91.587,0.013309999,-0.015240001,-0.062,0.156,Misc,Consumer Cyclical,Packaging & Containers,2026-05-24,Packaging & Containers,0,0,0,16.89,50.04,50.02,15.24,33.465,34.95,WEAK GROWTH
BAJEL,20898338816.0,SMALL CAP,180.6300048828125,188.15627,1.8072399,0.11848,15.984,0.03903,0.00424,-0.096,0.156,Misc,Utilities,Utilities - Regulated Electric,2026-05-24,Utilities - Regulated Electric,0,0,0,14.69,50.04,50.02,22.81,32.365,34.94,WEAK GROWTH
ASIANPAINT,2530629124096.0,MEGA CAP,2639.800048828125,65.79761,12.918666,0.11848,17.609,0.16554001,0.11098,0.037,-0.046,Chemicals,Basic Materials,Specialty Chemicals,2026-05-24,Specialty Chemicals,0,0,0,28.35,21.41,50.02,75.12,24.880000000000003,34.93,WEAK GROWTH
BAJAJHIND,43689779200.0,SMALL CAP,18.530000686645508,26.218092,0.6172758,0.11848,87.126,0.01359,-0.0082,-0.065,0.156,Misc,Consumer Defensive,Confectioners,2026-05-24,Confectioners,0,0,0,16.71,50.04,50.02,15.32,33.375,34.9,WEAK GROWTH
DBOL,6968600576.0,MICRO CAP,105.9000015258789,29.747192,0.73069763,0.11848,58.445,0.056199998,0.01166,-0.118,0.156,Misc,Consumer Defensive,Farm Products,2026-05-24,Farm Products,0,0,0,12.72,50.04,50.02,29.06,31.38,34.88,WEAK GROWTH
HEXATRADEX,9070627840.0,MICRO CAP,164.19000244140625,26.218092,0.18921436,-0.0019200001,0.187,0.76414,-0.9244204,-0.031,0.156,Financials,Financial Services,Credit Services,2026-05-24,NBFC – Lending,0,0,0,19.67,50.04,3.25,97.84,34.855000000000004,34.83,WEAK GROWTH
SUNCLAY,29504378880.0,SMALL CAP,1338.300048828125,11.6963825,3.3745606,0.11848,186.6,-0.01702,-0.014450001,-0.051,0.156,Misc,Industrials,Metal Fabrication,2026-05-24,Metal Fabrication,0,0,0,17.73,50.04,50.02,10.85,33.885,34.81,WEAK GROWTH
GALAXYSURF,64591470592.0,SMALL CAP,1821.800048828125,24.155397,2.5485816,0.1047,8.579,0.06723,0.05095,0.148,-0.18,Chemicals,Basic Materials,Specialty Chemicals,2026-05-24,Specialty Chemicals,0,0,0,63.07,16.73,17.71,33.42,39.9,34.81,WEAK GROWTH
ZEEL,78887460864.0,SMALL CAP,82.12999725341797,29.124113,0.68652195,0.11848,2.26,-0.11404,0.068280004,-0.038,0.156,Media,Communication Services,Broadcasting,2026-05-24,Broadcasting,0,0,0,18.79,50.04,50.02,7.01,34.415,34.8,WEAK GROWTH
MADHAV,320123648.0,MICRO CAP,35.779998779296875,26.218092,0.25827223,0.11848,8.785,-0.15126,-0.0372,-0.036,0.156,Misc,Industrials,Building Products & Equipment,2026-05-24,Building Products & Equipment,0,0,0,18.97,50.04,50.02,6.31,34.504999999999995,34.79,WEAK GROWTH
ABINFRA,8317038080.0,MICRO CAP,13.020000457763672,35.18919,5.3492193,0.11848,58.087,0.13009,0.082370006,-0.008,0.105,Industrials,Industrials,Engineering & Construction,2026-05-24,Engineering & EPC,0,0,0,22.1,29.7,50.02,66.5,25.9,34.78,WEAK GROWTH
DIXON,711358283776.0,LARGE CAP,11722.0,43.47762,13.057451,0.37133,18.457,0.028870001,0.02944,0.021,-0.361,Misc,Technology,Consumer Electronics,2026-05-24,Consumer Electronics,0,0,0,26.12,11.25,98.51,20.02,18.685000000000002,34.78,WEAK GROWTH
KAMATHOTEL,4795523072.0,MICRO CAP,162.6699981689453,12.808661,2.359143,0.11848,87.461,0.26879,0.07851,0.062,-0.272,Misc,Consumer Cyclical,Lodging,2026-05-24,Lodging,0,0,0,32.43,13.6,50.02,86.56,23.015,34.77,WEAK GROWTH
SHIVAMILLS,564915008.0,MICRO CAP,65.37000274658203,26.218092,0.6063389,0.11848,6.938,-0.03507,-0.01569,-0.048,0.156,Misc,Consumer Cyclical,Textile Manufacturing,2026-05-24,Textile Manufacturing,0,0,0,17.97,50.04,50.02,9.4,34.004999999999995,34.75,WEAK GROWTH
CONCOR,385302495232.0,MID CAP,505.8999938964844,30.113096,3.013031,0.11848,7.016,0.15624,0.14035,0.045,-0.089,Misc,Industrials,Railroads,2026-05-24,Railroads,0,0,0,29.6,20.08,50.02,73.47,24.84,34.74,WEAK GROWTH
GICRE,669215883264.0,LARGE CAP,381.45001220703125,6.9493537,0.67220956,0.10142,29.565,0.17906,0.18316999,0.116,0.029,Misc,Financial Services,Insurance - Reinsurance,2026-05-24,Insurance - Reinsurance,0,0,0,42.08,25.2,17.05,77.31,33.64,34.69,WEAK GROWTH
SAPPHIRE,58083753984.0,SMALL CAP,180.52000427246094,26.218092,4.138943,-0.022950001,102.058,0.02962,-0.01023,0.114,0.156,Hospitality,Consumer Cyclical,Restaurants,2026-05-24,Restaurants,0,1,0,41.75,50.04,2.55,20.38,45.894999999999996,34.67,WEAK GROWTH
GUFICBIO,29452972032.0,SMALL CAP,293.70001220703125,58.85772,4.660204,0.11848,58.497,0.10927,0.055770002,0.114,-0.358,Misc,Healthcare,Drug Manufacturers - Specialty & Generic,2026-05-24,Drug Manufacturers - Specialty & Generic,0,0,0,41.75,11.36,50.02,60.62,26.555,34.65,WEAK GROWTH
STEELCAS,29160779776.0,SMALL CAP,288.1499938964844,32.267635,8.115072,0.11848,29.565,0.24870001,0.2086,-0.043,0.07,Misc,Basic Materials,Steel,2026-05-24,Steel,0,0,0,18.26,27.74,50.02,84.99,23.0,34.6,WEAK GROWTH
EXCELINDUS,12560007168.0,SMALL CAP,999.1500244140625,16.583403,0.6950198,0.04597,0.463,0.052529998,0.06745,0.145,-0.01,Chemicals,Basic Materials,Specialty Chemicals,2026-05-24,Specialty Chemicals,0,0,0,62.77,23.08,8.62,27.78,42.925,34.55,WEAK GROWTH
VOLTAMP,92409774080.0,SMALL CAP,9134.0,30.30323,5.618548,0.18073,0.07653,0.12549,0.1418,-0.018,-0.505,Misc,Industrials,Electrical Equipment & Parts,2026-05-24,Electrical Equipment & Parts,1,0,0,20.79,7.6,90.36,65.44,14.195,34.55,WEAK GROWTH
STUDDS,17618518016.0,SMALL CAP,447.70001220703125,21.596722,3.6681087,0.11848,1.813,0.15553,0.13119,0.094,-0.368,Automobiles,Consumer Cyclical,Auto Parts,2026-05-24,Auto Components,0,0,0,37.93,11.05,50.02,73.32,24.490000000000002,34.48,WEAK GROWTH
GULFOILLUB,44631355392.0,SMALL CAP,901.5,12.836394,2.696462,0.11848,29.566,0.112799995,0.08882,0.091,-0.224,Chemicals,Basic Materials,Specialty Chemicals,2026-05-24,Specialty Chemicals,0,0,0,37.3,14.93,50.02,61.79,26.115,34.46,WEAK GROWTH
TVTODAY,6571304448.0,MICRO CAP,110.12999725341797,37.97586,0.7479473,0.022720002,1.647,-0.0156,0.01774,-0.143,0.466,Media,Communication Services,Broadcasting,2026-05-24,Broadcasting,0,0,0,11.27,80.29,6.39,11.09,45.78,34.43,WEAK GROWTH
NILAINFRA,3182624768.0,MICRO CAP,8.079999923706055,13.694916,1.8493935,0.13249,12.646,0.09951,0.07217,-0.285,0.075,Misc,Real Estate,Real Estate - Development,2026-05-24,Real Estate - Development,0,0,0,6.52,28.06,82.33,57.6,17.29,34.33,WEAK GROWTH
SHANTIGEAR,33819455488.0,SMALL CAP,440.70001220703125,44.07,7.8438706,0.18186001,29.565,0.14197,0.14779,-0.118,-0.276,Misc,Industrials,Specialty Industrial Machinery,2026-05-24,Specialty Industrial Machinery,0,0,0,12.72,13.46,90.4,70.1,13.09,34.25,WEAK GROWTH
MMFL,21939159040.0,SMALL CAP,454.3999938964844,25.314762,2.3685048,0.11848,140.389,0.10441,0.05658,0.106,-0.338,Misc,Industrials,Metal Fabrication,2026-05-24,Metal Fabrication,0,0,0,40.4,11.99,50.02,58.97,26.195,34.24,WEAK GROWTH
3IINFOLTD,3606751232.0,MICRO CAP,17.389999389648438,9.554944,0.9754866,0.10256,16.298,0.03798,0.045250002,0.057,0.156,Technology,Technology,Information Technology Services,2026-05-24,IT Services,0,0,0,31.45,50.04,17.24,22.57,40.745,34.23,WEAK GROWTH
BBOX,169570074624.0,MID CAP,955.3499755859375,76.30591,17.952644,0.11848,114.749,0.07324,0.03453,0.105,-0.119,Technology,Technology,Software - Application,2026-05-24,SaaS,0,0,0,40.11,18.91,50.02,35.62,29.509999999999998,34.22,WEAK GROWTH
DOLATALGO,13221120000.0,SMALL CAP,75.12000274658203,10.855492,1.2451516,0.11848,18.689,0.59512,0.33442003,-0.08,0.042,Misc,Financial Services,Capital Markets,2026-05-24,Capital Markets,0,0,0,15.56,26.0,50.02,96.67,20.78,34.22,WEAK GROWTH
DIGITIDE,12665472000.0,SMALL CAP,84.94000244140625,26.218092,1.5137583,0.00607,57.944,0.033150002,-0.00528,0.099,0.156,Misc,Industrials,Specialty Business Services,2026-05-24,Specialty Business Services,0,0,0,38.99,50.04,4.0,21.43,44.515,34.1,WEAK GROWTH
MFML,265294464.0,MICRO CAP,24.979999542236328,4.6866794,0.27224675,0.11848,65.601,0.06469,0.045450002,-0.195,0.156,Misc,Consumer Cyclical,Textile Manufacturing,2026-05-24,Textile Manufacturing,0,0,0,9.37,50.04,50.02,32.29,29.705,34.03,WEAK GROWTH
ODIGMA,854918592.0,MICRO CAP,27.350000381469727,26.218092,1.3878317,0.11848,29.565,-0.23209,-0.02554,-0.06,0.156,Misc,Communication Services,Advertising Agencies,2026-05-24,Advertising Agencies,0,0,0,17.07,50.04,50.02,5.21,33.555,34.01,WEAK GROWTH
VESUVIUS,94762393600.0,SMALL CAP,466.8999938964844,36.362926,5.700646,0.11848,0.826,0.13256,0.12282,0.037,-0.059,Misc,Industrials,Specialty Industrial Machinery,2026-05-24,Specialty Industrial Machinery,0,0,0,28.35,20.98,50.02,67.12,24.665,33.98,WEAK GROWTH
TIRUMALCHM,25135253504.0,SMALL CAP,208.5,26.218092,1.4793844,0.11848,136.102,-0.09075,-0.08394,-0.069,0.156,Chemicals,Basic Materials,Specialty Chemicals,2026-05-24,Specialty Chemicals,0,0,0,16.34,50.04,50.02,7.48,33.19,33.98,WEAK GROWTH
LIBERTSHOE,4114307840.0,MICRO CAP,241.4499969482422,35.823444,1.8026997,0.11848,72.559,0.02735,0.01607,0.13,-0.748,Misc,Consumer Cyclical,Footwear & Accessories,2026-05-24,Footwear & Accessories,0,0,0,59.8,3.06,50.02,19.16,31.43,33.92,WEAK GROWTH
CYBERTECH,4598300160.0,MICRO CAP,147.7100067138672,15.149744,2.1661851,0.13231,3.889,0.07742,0.12831001,0.014,-0.263,Technology,Technology,Information Technology Services,2026-05-24,IT Services,0,0,0,25.0,13.79,82.21,37.38,19.395,33.76,WEAK GROWTH
BLISSGVS,31773720576.0,SMALL CAP,300.3500061035156,25.008326,2.8015895,0.11848,4.493,0.12114,0.12567,0.037,-0.057,Misc,Healthcare,Drug Manufacturers - Specialty & Generic,2026-05-24,Drug Manufacturers - Specialty & Generic,0,0,0,28.35,21.12,50.02,64.11,24.735,33.73,WEAK GROWTH
DEVIT,1613129472.0,MICRO CAP,28.6200008392334,3.258048784,1.2515852,0.11848,18.23,-0.16874,0.36283,-0.075,0.156,Technology,Technology,Information Technology Services,2026-05-24,IT Services,0,0,0,16.01,50.04,50.02,5.84,33.025,33.71,WEAK GROWTH
NETWORK18,49145597952.0,SMALL CAP,31.81999969482422,32.141415,0.9873096,0.031689998,65.925,-0.00214,0.07177,0.097,0.156,Misc,Communication Services,Entertainment,2026-05-24,Entertainment,0,0,0,38.66,50.04,7.05,12.42,44.349999999999994,33.7,WEAK GROWTH
MGL,104190803968.0,MID CAP,1054.800048828125,12.391917,1.6780521,0.13627,3.461,0.07491,0.102010004,0.045,-0.474,Misc,Utilities,Utilities - Regulated Gas,2026-05-24,Utilities - Regulated Gas,0,0,0,29.6,8.8,83.11,36.4,19.200000000000003,33.7,WEAK GROWTH
KRITI,3745104640.0,MICRO CAP,71.06999969482422,338.4286,1.7136863,0.00533,40.997,0.09896,0.0019200001,0.031,0.156,Misc,Industrials,Building Products & Equipment,2026-05-24,Building Products & Equipment,0,0,0,27.64,50.04,3.84,57.39,38.84,33.7,WEAK GROWTH
WANBURY,9903572992.0,MICRO CAP,283.45001220703125,14.817042,8.761707,0.11848,29.565,0.054920003,-0.25901,-0.192,0.156,Misc,Healthcare,Drug Manufacturers - Specialty & Generic,2026-05-24,Drug Manufacturers - Specialty & Generic,0,0,0,9.4,50.04,50.02,28.61,29.72,33.67,WEAK GROWTH
AARTISURF,3237860608.0,MICRO CAP,382.5,26.252575,1.3201855,0.05169,42.536,0.03539,0.014359999,0.27,-0.571,Chemicals,Basic Materials,Specialty Chemicals,2026-05-24,Specialty Chemicals,0,0,0,78.21,6.49,9.17,21.94,42.349999999999994,33.67,WEAK GROWTH
FOSECOIND,38423912448.0,SMALL CAP,5072.7001953125,41.840153,3.4323797,0.11848,29.565,0.14436,0.120459996,0.012,-0.011,Misc,Basic Materials,Chemicals,2026-05-24,Chemicals,0,0,0,24.49,22.94,50.02,70.69,23.715,33.67,WEAK GROWTH
KABRAEXTRU,7961565696.0,MICRO CAP,227.64999389648438,19.761284,1.7218556,0.11848,32.04,-0.06001,-0.0030500002,-0.089,0.156,Misc,Industrials,Specialty Industrial Machinery,2026-05-24,Specialty Industrial Machinery,0,0,0,15.09,50.04,50.02,8.54,32.565,33.65,WEAK GROWTH
FOCUS,5578315264.0,MICRO CAP,83.08999633789062,117.02817,3.953466,0.11848,29.565,-0.035099998,0.0215,-0.093,0.156,Misc,Consumer Cyclical,"Furnishings, Fixtures & Appliances",2026-05-24,"Furnishings, Fixtures & Appliances",0,0,0,14.83,50.04,50.02,9.37,32.435,33.65,WEAK GROWTH
DENTA,7501365248.0,MICRO CAP,280.95001220703125,11.453322,1.7189164,0.11848,3.104,0.32419997,0.26182,0.042,-0.312,Industrials,Industrials,Engineering & Construction,2026-05-24,Engineering & EPC,0,0,0,29.06,12.72,50.02,90.16,20.89,33.64,WEAK GROWTH
EIEL,32817090560.0,SMALL CAP,186.9600067138672,15.645189,2.8779461,0.11848,25.86,0.23903999,0.18259001,0.01,-0.112,Industrials,Industrials,Engineering & Construction,2026-05-24,Engineering & EPC,0,0,0,24.2,19.16,50.02,84.21,21.68,33.6,WEAK GROWTH
CONTROLPR,9874026496.0,MICRO CAP,617.3499755859375,9.970122,2.1982894,0.10099,1.51,0.15627,0.09012,0.148,-0.832,Misc,Industrials,Business Equipment & Supplies,2026-05-24,Business Equipment & Supplies,0,0,0,63.07,2.12,16.85,73.51,32.595,33.54,WEAK GROWTH
KIOCL,233558736896.0,MID CAP,384.29998779296875,26.218092,14.082081,0.11848,11.138,0.0064499998,-0.115200005,-0.116,0.156,Misc,Basic Materials,Steel,2026-05-24,Steel,0,0,0,13.19,50.04,50.02,13.91,31.615,33.53,WEAK GROWTH
LAOPALA,18912180224.0,SMALL CAP,170.3800048828125,18.580153,2.361142,0.11848,1.046,0.30978,0.32044998,-0.074,0.033,Misc,Consumer Cyclical,"Furnishings, Fixtures & Appliances",2026-05-24,"Furnishings, Fixtures & Appliances",0,0,0,16.11,25.43,50.02,89.26,20.77,33.47,WEAK GROWTH
MSTCLTD,30008000512.0,SMALL CAP,426.25,13.848278,3.61085,0.11848,17.456,0.54529,0.63797003,0.09,-0.795,Misc,Industrials,Conglomerates,2026-05-24,Conglomerates,0,0,0,37.13,2.47,50.02,95.92,19.8,33.46,WEAK GROWTH
ABMINTLLTD,415739520.0,MICRO CAP,44.189998626708984,26.218092,3.2166255,0.11848,109.454,-0.21989,-0.09676,-0.081,0.156,Chemicals,Basic Materials,Specialty Chemicals,2026-05-24,Specialty Chemicals,0,0,0,15.46,50.04,50.02,5.29,32.75,33.46,WEAK GROWTH
DSSL,22091192320.0,SMALL CAP,1734.4000244140625,26.246973,8.096388,0.11848,63.929,0.10718001,0.06216,0.095,-0.347,Technology,Technology,Information Technology Services,2026-05-24,IT Services,0,0,0,38.24,11.68,50.02,59.84,24.96,33.46,WEAK GROWTH
HLEGLAS,22551953408.0,SMALL CAP,324.70001220703125,33.23439,4.173683,0.09648,56.224,0.08483,0.03629,0.171,-0.475,Misc,Industrials,Specialty Industrial Machinery,2026-05-24,Specialty Industrial Machinery,0,0,0,66.32,8.74,15.56,40.24,37.529999999999994,33.41,WEAK GROWTH
AKSHOPTFBR,984322752.0,MICRO CAP,6.050000190734863,26.218092,-63.020836,0.11848,29.565,-0.16188,-0.18691999,-0.089,0.156,Misc,Technology,Communication Equipment,2026-05-24,Communication Equipment,0,0,0,15.09,50.04,50.02,5.92,32.565,33.39,WEAK GROWTH
AKSHARCHEM,1596096512.0,MICRO CAP,198.69000244140625,26.218092,0.61039597,0.11848,28.443,-0.01571,-0.01087,-0.114,0.156,Chemicals,Basic Materials,Specialty Chemicals,2026-05-24,Specialty Chemicals,0,0,0,13.44,50.04,50.02,11.05,31.74,33.33,WEAK GROWTH
MOREPENLAB,23512694784.0,SMALL CAP,42.90999984741211,23.83889,1.971061,0.11848,13.239,0.07422,0.05566,0.057,0.02,Misc,Healthcare,Drug Manufacturers - Specialty & Generic,2026-05-24,Drug Manufacturers - Specialty & Generic,0,0,0,31.45,24.76,50.02,36.17,28.105,33.29,WEAK GROWTH
SAKHTISUG,2095894656.0,MICRO CAP,17.610000610351562,13.240602,1.1922816,0.11848,475.742,-0.16025,-0.43633,-0.096,0.156,Misc,Consumer Defensive,Confectioners,2026-05-24,Confectioners,0,0,0,14.69,50.04,50.02,5.96,32.365,33.26,WEAK GROWTH
PALREDTEC,540679424.0,MICRO CAP,44.20000076293945,26.218092,1.1938204,0.11848,140.117,-0.05052,-0.1142,-0.11,0.156,Misc,Technology,Consumer Electronics,2026-05-24,Consumer Electronics,0,0,0,13.81,50.04,50.02,8.86,31.925,33.24,WEAK GROWTH
SHREEPUSHK,11213094912.0,SMALL CAP,346.75,15.195004,1.9394586,0.12202,21.542,0.08316,0.07079,0.004,-0.246,Chemicals,Basic Materials,Specialty Chemicals,2026-05-24,Specialty Chemicals,0,0,0,23.57,14.26,80.13,39.54,18.915,33.22,WEAK GROWTH
ZODIACLOTH,2118120320.0,MICRO CAP,77.13999938964844,26.218092,1.0853018,0.11848,61.685,-0.20056999,-0.19993,-0.098,0.156,Misc,Consumer Cyclical,Apparel Manufacturing,2026-05-24,Apparel Manufacturing,0,0,0,14.58,50.04,50.02,5.41,32.31,33.16,WEAK GROWTH
TTL,1991577344.0,MICRO CAP,7.710000038146973,26.218092,1.8489208,0.11848,58.218,0.06559,-0.0229,-0.283,0.156,Misc,Consumer Cyclical,Textile Manufacturing,2026-05-24,Textile Manufacturing,0,0,0,6.6,50.04,50.02,32.72,28.32,33.1,WEAK GROWTH
BCONCEPTS,2659763200.0,MICRO CAP,213.08999633789062,51.22356,3.208752,0.01337,219.532,0.05446,0.0031,0.068,0.156,Misc,Consumer Cyclical,Footwear & Accessories,2026-05-24,Footwear & Accessories,0,0,0,33.52,50.04,5.02,28.41,41.78,33.09,WEAK GROWTH
SBILIFE,1876632928256.0,LARGE CAP,1870.699951171875,75.76752,9.865417,0.13697,29.565,0.21172,0.022,-0.8136411,-0.011,Financials,Financial Services,Insurance - Life,2026-05-24,Life Insurance,0,0,0,0.53,22.94,83.27,81.7,11.735000000000001,33.04,WEAK GROWTH
HERANBA,7607760896.0,MICRO CAP,190.1300048828125,26.218092,0.90954757,0.11848,60.274,-0.04393,-0.037320003,-0.117,0.156,Chemicals,Basic Materials,Agricultural Inputs,2026-05-24,Agrochemicals,0,0,0,12.99,50.04,50.02,9.09,31.515,32.97,WEAK GROWTH
ABFRL,81923702784.0,SMALL CAP,67.3499984741211,26.218092,1.3071071,0.11848,84.682,0.08882,-0.03649,-0.456,0.156,Misc,Consumer Cyclical,Apparel Manufacturing,2026-05-24,Apparel Manufacturing,0,0,0,3.68,50.04,50.02,41.5,26.86,32.96,WEAK GROWTH
NIPPOBATRY,2645999872.0,MICRO CAP,352.79998779296875,26.218092,0.87467235,0.11848,36.972,0.1069,-0.0121,0.073,-0.26,Misc,Industrials,Electrical Equipment & Parts,2026-05-24,Electrical Equipment & Parts,0,0,0,34.58,13.89,50.02,59.68,24.235,32.94,WEAK GROWTH
SHALPAINTS,4193092864.0,MICRO CAP,50.09000015258789,26.218092,1.4733652,0.11848,66.655,-0.12008,-0.11137,-0.114,0.156,Chemicals,Basic Materials,Specialty Chemicals,2026-05-24,Specialty Chemicals,0,0,0,13.44,50.04,50.02,6.82,31.74,32.9,WEAK GROWTH
CENTRUM,11871158272.0,SMALL CAP,22.969999313354492,26.218092,2.1523612,0.11848,307.801,-1.09132,-0.22763,-0.094,0.156,Financials,Financial Services,Financial Conglomerates,2026-05-24,NBFC – Investment,0,0,0,14.77,50.04,50.02,2.0,32.405,32.89,WEAK GROWTH
BVCL,928947136.0,MICRO CAP,41.91999816894531,510.0120439999895,0.75019234,0.11848,28.58,-0.01423,0.000120000004,-0.129,0.156,Misc,Basic Materials,Building Materials,2026-05-24,Building Materials,0,0,0,12.07,50.04,50.02,11.17,31.055,32.86,WEAK GROWTH
KPRMILL,322553511936.0,MID CAP,941.7000122070312,37.17726,6.018329,0.11848,6.46,0.16375999,0.12719,-0.04,0.03,Misc,Consumer Cyclical,Textile Manufacturing,2026-05-24,Textile Manufacturing,0,0,0,18.57,25.25,50.02,74.96,21.91,32.84,WEAK GROWTH
GSS,357166720.0,MICRO CAP,13.84000015258789,26.218092,0.10397728,0.11848,41.074,0.03375,-0.01895,-0.205,0.156,Technology,Technology,Information Technology Services,2026-05-24,IT Services,0,0,0,9.01,50.04,50.02,21.55,29.525,32.83,WEAK GROWTH
KANORICHEM,3806999808.0,MICRO CAP,87.12999725341797,26.218092,0.71664745,0.11848,61.61,0.04138,0.03154,-0.235,0.156,Misc,Basic Materials,Chemicals,2026-05-24,Chemicals,0,0,0,8.17,50.04,50.02,23.53,29.105,32.73,WEAK GROWTH
PANAMAPET,20579923968.0,SMALL CAP,340.20001220703125,11.124919,1.5353925,0.11848,2.327,0.07748,0.06323,0.065,-0.056,Misc,Energy,Oil & Gas Refining & Marketing,2026-05-24,Oil & Gas Refining & Marketing,0,0,0,32.97,21.16,50.02,37.42,27.064999999999998,32.69,WEAK GROWTH
RANASUG,1959525504.0,MICRO CAP,12.760000228881836,6.9726777,0.36940536,0.11848,43.163,0.02996,0.01579,0.1,-0.098,Misc,Consumer Defensive,Confectioners,2026-05-24,Confectioners,0,0,0,39.09,19.85,50.02,20.45,29.470000000000002,32.68,WEAK GROWTH
NAHARSPING,9490945024.0,MICRO CAP,263.1600036621094,48.553505,0.617222,0.11848,49.532,-0.0116799995,0.0065200003,-0.139,0.156,Misc,Consumer Cyclical,Textile Manufacturing,2026-05-24,Textile Manufacturing,0,0,0,11.46,50.04,50.02,11.36,30.75,32.66,WEAK GROWTH
TOKYOPLAST,800492928.0,MICRO CAP,84.25,127.65151,1.1799225,0.0101499995,77.168,0.042540003,0.00795,0.333,-0.897,Misc,Consumer Cyclical,Packaging & Containers,2026-05-24,Packaging & Containers,0,0,0,82.6,1.31,4.47,23.94,41.955,32.66,WEAK GROWTH
BLUSPRING,10055438336.0,SMALL CAP,67.30000305175781,26.218092,1.4827708,-0.030439999,18.377,0.02399,-0.00452,0.087,0.156,Misc,Industrials,Specialty Business Services,2026-05-24,Specialty Business Services,0,0,0,36.72,50.04,2.27,18.18,43.379999999999995,32.64,WEAK GROWTH
PIONEEREMB,815068480.0,MICRO CAP,26.450000762939453,26.218092,0.53521925,0.11848,58.879,0.00147,-0.00635,-0.155,0.156,Misc,Consumer Cyclical,Textile Manufacturing,2026-05-24,Textile Manufacturing,0,0,0,10.7,50.04,50.02,13.44,30.369999999999997,32.61,WEAK GROWTH
SITINET,381111136.0,MICRO CAP,0.33000001311302185,26.218092,-0.028065998,0.11848,29.565,-0.095790006,-0.18236999,-0.122,0.156,Misc,Communication Services,Entertainment,2026-05-24,Entertainment,0,0,0,12.44,50.04,50.02,7.37,31.24,32.61,WEAK GROWTH
RALLIS,49190907904.0,SMALL CAP,252.9499969482422,26.738901,2.404125,0.09323,2.986,-0.06579,0.06351,0.061,0.156,Chemicals,Basic Materials,Agricultural Inputs,2026-05-24,Agrochemicals,0,0,0,32.19,50.04,14.93,8.31,41.114999999999995,32.6,WEAK GROWTH
JISLDVREQS,16452635648.0,SMALL CAP,22.43000030517578,26.218092,0.27086756,-0.0068,71.789,0.09127,-0.0038400001,0.043,0.156,Misc,Industrials,Conglomerates,2026-05-24,Conglomerates,0,0,0,29.25,50.04,3.04,42.26,39.644999999999996,32.59,WEAK GROWTH
JISLJALEQS,21807259648.0,SMALL CAP,29.729999542236328,26.218092,0.35902327,-0.0068,71.789,0.09127,-0.0038400001,0.043,0.156,Misc,Industrials,Conglomerates,2026-05-24,Conglomerates,0,0,0,29.25,50.04,3.04,42.26,39.644999999999996,32.59,WEAK GROWTH
DAMODARIND,710417024.0,MICRO CAP,30.489999771118164,7.878553,0.48374557,0.03682,113.3,0.01975,0.01249,0.309,-0.801,Misc,Consumer Cyclical,Textile Manufacturing,2026-05-24,Textile Manufacturing,0,0,0,81.47,2.43,7.45,16.97,41.95,32.55,WEAK GROWTH
SHILCTECH,46590214144.0,SMALL CAP,4072.5,29.498045,11.096276,0.37762,29.565,0.2038,0.24260001,-0.36,-0.487,Misc,Industrials,Electrical Equipment & Parts,2026-05-24,Electrical Equipment & Parts,0,0,0,5.13,8.52,98.59,80.56,6.824999999999999,32.55,WEAK GROWTH
ISHANCH,1680916224.0,MICRO CAP,61.5099983215332,26.218092,0.9455948,0.11848,62.878,-0.19035,-0.16657,-0.118,0.156,Misc,Basic Materials,Chemicals,2026-05-24,Chemicals,0,0,0,12.72,50.04,50.02,5.45,31.38,32.52,WEAK GROWTH
VINYLINDIA,5030786560.0,MICRO CAP,274.3500061035156,30.483334,4.128482,0.12845,0.376,0.03692,0.025290001,0.04,-0.361,Chemicals,Basic Materials,Specialty Chemicals,2026-05-24,Specialty Chemicals,0,0,0,28.74,11.25,81.43,22.34,19.994999999999997,32.52,WEAK GROWTH
BAJAJHCARE,10285625344.0,SMALL CAP,305.54998779296875,45.46875,1.8295201,0.042659998,46.734,0.09831,0.025799999,-0.009,0.156,Misc,Healthcare,Drug Manufacturers - Specialty & Generic,2026-05-24,Drug Manufacturers - Specialty & Generic,0,0,0,21.96,50.04,8.07,57.09,36.0,32.52,WEAK GROWTH
KSR,689189312.0,MICRO CAP,37.5,26.218092,0.92975974,-0.251724018,45.357,0.02564,-0.062,0.09,0.156,Misc,Consumer Cyclical,Footwear & Accessories,2026-05-24,Footwear & Accessories,0,0,0,37.13,50.04,0.53,18.73,43.585,32.49,WEAK GROWTH
KIRLOSBROS,126879588352.0,MID CAP,1597.800048828125,34.01022,5.7483506,0.11848,9.871,0.10446,0.09062,-0.024,0.06,Misc,Industrials,Specialty Industrial Machinery,2026-05-24,Specialty Industrial Machinery,0,0,0,20.34,27.02,50.02,59.01,23.68,32.48,WEAK GROWTH
RADIANTCMS,4347280384.0,MICRO CAP,40.7400016784668,12.345455,1.6534092,0.11848,57.298,0.10052,0.08455,0.069,-0.259,Misc,Industrials,Specialty Business Services,2026-05-24,Specialty Business Services,0,0,0,33.72,13.95,50.02,57.88,23.835,32.48,WEAK GROWTH
CENTUM,46988357632.0,SMALL CAP,3187.60009765625,46.73215,11.271251,0.28000998,37.984,0.13962,-0.054380003,-0.077,-0.836,Misc,Technology,Electronic Components,2026-05-24,Electronic Components,0,0,0,15.79,2.06,96.39,69.4,8.924999999999999,32.47,WEAK GROWTH
KMSUGAR,2546564608.0,MICRO CAP,27.68000030517578,4.613333,0.7010968,0.14626001,63.729,0.1458,0.0788,-0.294,-0.164,Misc,Consumer Defensive,Confectioners,2026-05-24,Confectioners,0,0,0,6.27,17.48,85.19,71.08,11.875,32.46,WEAK GROWTH
DENORA,3829117696.0,MICRO CAP,721.2999877929688,42.205967,2.9626312,0.07259,29.565,-0.12732,0.07445,0.07,0.156,Misc,Industrials,Electrical Equipment & Parts,2026-05-24,Electrical Equipment & Parts,0,0,0,33.97,50.04,11.87,6.7,42.004999999999995,32.45,WEAK GROWTH
UNIVPHOTO,4630413312.0,MICRO CAP,423.0,26.218092,0.5505461,0.11848,29.565,0.02083,0.0,-0.2,0.156,Healthcare,Healthcare,Medical Devices,2026-05-24,Medical Devices,0,0,0,9.05,50.04,50.02,17.48,29.545,32.43,WEAK GROWTH
VIKASECO,2263943680.0,MICRO CAP,1.2799999713897705,21.333334,0.44290656,0.11848,9.468,0.014730001,0.01994,-0.189,0.156,Chemicals,Basic Materials,Specialty Chemicals,2026-05-24,Specialty Chemicals,0,0,0,9.5,50.04,50.02,15.44,29.77,32.39,WEAK GROWTH
SHIVAMAUTO,2388546560.0,MICRO CAP,17.989999771118164,26.218092,135.26315,0.11848,606.3078499999995,-0.03176,-0.16961001,-0.148,0.156,Automobiles,Consumer Cyclical,Auto Parts,2026-05-24,Auto Components,0,0,0,11.03,50.04,50.02,9.72,30.535,32.35,WEAK GROWTH
BIRLANU,10263917568.0,SMALL CAP,1361.0999755859375,26.218092,0.87068105,-0.10299,100.118,-0.036310002,-0.03159,0.098,0.156,Misc,Industrials,Building Products & Equipment,2026-05-24,Building Products & Equipment,0,0,0,38.89,50.04,1.49,9.29,44.465,32.35,WEAK GROWTH
AVROIND,1391357440.0,MICRO CAP,10.369999885559082,38.407406,1.5779063,0.11848,26.816,0.09133001,0.0475,0.035,0.0,Misc,Consumer Cyclical,"Furnishings, Fixtures & Appliances",2026-05-24,"Furnishings, Fixtures & Appliances",0,0,0,28.08,23.67,50.02,42.36,25.875,32.35,WEAK GROWTH
OBCL,1148590336.0,MICRO CAP,54.47999954223633,26.218092,1.2550392,0.11848,62.946,-0.01041,-0.00981,-0.162,0.156,Misc,Industrials,Trucking,2026-05-24,Trucking,0,0,0,10.48,50.04,50.02,11.48,30.259999999999998,32.33,WEAK GROWTH
CIFL,9842886656.0,MICRO CAP,25.170000076293945,24.201923,1.4365618,0.04757,139.224,0.14225,0.07299,-0.059,0.156,Financials,Financial Services,Credit Services,2026-05-24,NBFC – Lending,0,0,0,17.16,50.04,8.82,70.26,33.6,32.31,WEAK GROWTH
SIEMENS,1357424492544.0,LARGE CAP,3811.699951171875,80.636765,10.251659,0.11808,29.565,0.0915,0.12118,0.14,-0.548,Misc,Industrials,Specialty Industrial Machinery,2026-05-24,Specialty Industrial Machinery,0,0,0,61.7,6.74,20.57,42.4,34.22,32.31,WEAK GROWTH
CUMMINSIND,1483851563008.0,LARGE CAP,5353.0,66.22541,18.795183,0.11848,0.308,0.22917,0.19322,-0.013,-0.13,Misc,Industrials,Specialty Industrial Machinery,2026-05-24,Specialty Industrial Machinery,0,0,0,21.45,18.38,50.02,83.39,19.915,32.28,WEAK GROWTH
SGIL,7857602560.0,MICRO CAP,505.79998779296875,96.15969,7.025585,0.04257,225.406,0.05678,0.01237,0.266,-0.897,Misc,Industrials,Metal Fabrication,2026-05-24,Metal Fabrication,0,0,0,77.84,1.31,8.03,29.35,39.575,32.24,WEAK GROWTH
KALPATARU,68734091264.0,SMALL CAP,333.79998779296875,69.979034,1.7559456,0.11848,226.029,-0.11132,-0.03964,-0.141,0.156,Misc,Real Estate,Real Estate - Development,2026-05-24,Real Estate - Development,0,0,0,11.38,50.04,50.02,7.05,30.71,32.21,WEAK GROWTH
SICAGEN,2081074816.0,MICRO CAP,52.59000015258789,11.507658,0.40415606,0.03692,32.125,0.03797,0.018380001,0.117,0.13,Misc,Basic Materials,Steel,2026-05-24,Steel,0,1,0,50.04,31.25,7.48,22.53,40.644999999999996,32.2,WEAK GROWTH
ELECTCAST,48298758144.0,SMALL CAP,78.12999725341797,29.934866,0.81713974,0.11848,37.702,-0.00714,0.051220004,-0.172,0.156,Misc,Industrials,Building Products & Equipment,2026-05-24,Building Products & Equipment,0,0,0,10.03,50.04,50.02,11.76,30.035,32.2,WEAK GROWTH
GRAUWEIL,30940798976.0,SMALL CAP,68.23999786376953,22.012903,3.1042168,0.11848,1.192,0.11196,0.11925,0.058,-0.253,Chemicals,Basic Materials,Specialty Chemicals,2026-05-24,Specialty Chemicals,0,0,0,31.7,14.15,50.02,61.48,22.925,32.2,WEAK GROWTH
KCPSUGIND,2759923712.0,MICRO CAP,24.149999618530273,67.08333,0.54117644,0.11848,13.03,0.02173,0.01599,-0.232,0.156,Misc,Consumer Defensive,Confectioners,2026-05-24,Confectioners,0,0,0,8.27,50.04,50.02,17.71,29.155,32.18,WEAK GROWTH
KRSNAA,18248374272.0,SMALL CAP,562.5499877929688,22.989374,1.9775997,0.11848,30.959,0.13126999,0.10491,0.038,-0.207,Healthcare,Healthcare,Diagnostics & Research,2026-05-24,Diagnostics,0,0,0,28.51,15.71,50.02,66.81,22.11,32.16,WEAK GROWTH
NATCAPSUQ,1571425152.0,MICRO CAP,151.3000030517578,26.218092,0.68990993,0.11848,45.685,-0.17715,-0.11033,-0.139,0.156,Misc,Healthcare,Drug Manufacturers - Specialty & Generic,2026-05-24,Drug Manufacturers - Specialty & Generic,0,0,0,11.46,50.04,50.02,5.68,30.75,32.1,WEAK GROWTH
NUCLEUS,21341925376.0,SMALL CAP,810.7000122070312,14.554758,2.513713,0.11848,0.93,0.1313,0.16695999,0.07,-0.408,Technology,Technology,Software - Application,2026-05-24,SaaS,0,0,0,33.97,10.03,50.02,66.85,22.0,32.09,WEAK GROWTH
SARDAEN,200275886080.0,MID CAP,568.3499755859375,18.976627,2.861912,0.11848,37.709,0.17232999,0.18537001,-0.033,-0.036,Misc,Basic Materials,Steel,2026-05-24,Steel,0,0,0,19.38,21.9,50.02,76.25,20.64,32.08,WEAK GROWTH
ELECTHERM,9861025792.0,MICRO CAP,773.8499755859375,6.3089023,-6.400268,0.11848,29.565,-0.04621,0.042069998,-0.164,0.156,Misc,Basic Materials,Steel,2026-05-24,Steel,0,0,0,10.4,50.04,50.02,9.01,30.22,32.06,WEAK GROWTH
ALLTIME,15941971968.0,SMALL CAP,243.36000061035156,44.653214,2.324644,0.11848,22.351,0.1008,0.05831,0.071,-0.328,Consumer,Consumer Defensive,Household & Personal Products,2026-05-24,FMCG – Personal Care,0,0,0,34.21,12.19,50.02,57.95,23.2,32.04,WEAK GROWTH
ARCHIES,493188000.0,MICRO CAP,14.600000381469727,26.218092,0.40359366,0.11848,33.451,0.01466,-0.017760001,-0.229,0.156,Misc,Consumer Cyclical,Specialty Retail,2026-05-24,Specialty Retail,0,0,0,8.35,50.04,50.02,15.4,29.195,31.98,WEAK GROWTH
BAJAJELEC,38777049088.0,SMALL CAP,336.04998779296875,26.218092,2.433364,0.11848,84.783,-0.02102,0.00795,-0.185,0.156,Misc,Consumer Cyclical,"Furnishings, Fixtures & Appliances",2026-05-24,"Furnishings, Fixtures & Appliances",0,0,0,9.64,50.04,50.02,10.58,29.84,31.95,WEAK GROWTH
GEMAROMA,8206454272.0,MICRO CAP,157.10000610351562,29.309702,1.1236919,0.11848,31.583,-0.02152,0.06113,-0.185,0.156,Misc,Basic Materials,Chemicals,2026-05-24,Chemicals,0,0,0,9.64,50.04,50.02,10.46,29.84,31.94,WEAK GROWTH
AMDIND,871895424.0,MICRO CAP,45.4900016784668,26.218092,0.55877656,0.11848,53.424,-0.14892,-0.02091,-0.154,0.156,Misc,Consumer Cyclical,Packaging & Containers,2026-05-24,Packaging & Containers,0,0,0,10.78,50.04,50.02,6.43,30.41,31.93,WEAK GROWTH
IFBIND,42508267520.0,SMALL CAP,1049.0999755859375,35.46653,4.605558,0.11848,18.143,0.03192,0.021949999,0.113,-0.229,Misc,Consumer Cyclical,"Furnishings, Fixtures & Appliances",2026-05-24,"Furnishings, Fixtures & Appliances",0,0,0,41.54,14.89,50.02,20.85,28.215,31.84,WEAK GROWTH
IDFCFIRSTB,592940761088.0,LARGE CAP,68.87999725341797,36.638298,1.2642939,0.11848,29.565,0.33398,0.32775003,-0.011,-0.232,Financials,Financial Services,Banks - Regional,2026-05-24,Private Sector Banks,0,0,0,21.69,14.81,50.02,90.6,18.25,31.84,WEAK GROWTH
PEARLPOLY,313634784.0,MICRO CAP,18.6299991607666,26.218092,0.9141315,0.11848,29.565,-0.33753,-0.25146,-0.145,0.156,Misc,Consumer Cyclical,Packaging & Containers,2026-05-24,Packaging & Containers,0,0,0,11.15,50.04,50.02,4.19,30.595,31.84,WEAK GROWTH
TORNTPOWER,755099500544.0,LARGE CAP,1498.5,31.251303,4.0147033,0.13022,70.885,0.1137,0.08342,-0.008,-0.7,Misc,Utilities,Utilities - Independent Power Producers,2026-05-24,Utilities - Independent Power Producers,0,0,0,22.1,4.15,81.9,62.19,13.125,31.79,WEAK GROWTH
SIL,1029906368.0,MICRO CAP,16.010000228881836,26.218092,0.8957646,-0.16631001,3.137,-0.47959,-0.56805,0.1,0.156,Misc,Consumer Cyclical,Textile Manufacturing,2026-05-24,Textile Manufacturing,0,0,0,39.09,50.04,1.21,3.45,44.565,31.78,WEAK GROWTH
GMDCLTD,207177007104.0,MID CAP,651.5,21.644518,2.9308956,0.14189,4.475,0.0681,0.36055002,-0.092,-0.143,Metals,Energy,Thermal Coal,2026-05-24,Coal,0,0,0,14.91,18.06,84.25,33.74,16.485,31.76,WEAK GROWTH
HDIL,943267968.0,MICRO CAP,1.9900000095367432,26.218092,-0.021334305,0.11848,29.565,-3.24165,-0.05415,-0.135,0.156,Misc,Real Estate,Real Estate - Diversified,2026-05-24,Real Estate - Diversified,0,0,0,11.72,50.04,50.02,1.21,30.88,31.74,WEAK GROWTH
VIKASLIFE,2675042816.0,MICRO CAP,1.440000057220459,26.218092,0.3921569,0.11848,17.508,-0.17679001,-0.05593,-0.177,0.156,Misc,Consumer Defensive,Farm Products,2026-05-24,Farm Products,0,0,0,9.93,50.04,50.02,5.72,29.985,31.57,WEAK GROWTH
YATRA,15901886464.0,SMALL CAP,101.33999633789062,29.545187,1.9540318,0.11848,6.87,0.04506,0.05179,0.092,-0.172,Misc,Consumer Cyclical,Travel Services,2026-05-24,Travel Services,0,0,0,37.5,17.03,50.02,24.69,27.265,31.56,WEAK GROWTH
ACC,255390679040.0,MID CAP,1360.0,11.976048,1.2424732,0.109280005,2.085,0.04856,0.082320005,0.178,-0.683,Misc,Basic Materials,Building Materials,2026-05-24,Building Materials,0,0,0,67.42,4.47,18.61,26.33,35.945,31.52,WEAK GROWTH
NSIL,28865236992.0,SMALL CAP,5620.0,126.57657,0.15616818,0.11848,0.07653,0.8848054185939996,0.27194,-0.118,-0.08,Financials,Financial Services,Asset Management,2026-05-24,Asset Management Companies,0,0,0,12.72,20.24,50.02,99.51,16.48,31.49,WEAK GROWTH
DNAMEDIA,351946976.0,MICRO CAP,2.990000009536743,29.9,-0.13512902,0.11848,29.565,-0.26023,0.10614,-0.178,0.156,Misc,Communication Services,Publishing,2026-05-24,Publishing,0,0,0,9.87,50.04,50.02,5.09,29.955,31.48,WEAK GROWTH
SILLYMONKS,159194176.0,MICRO CAP,15.59000015258789,26.218092,2.202911,0.11848,2.097,-0.121549994,-0.03576,-0.198,0.156,Misc,Communication Services,Entertainment,2026-05-24,Entertainment,0,0,0,9.21,50.04,50.02,6.78,29.625,31.42,WEAK GROWTH
GCSL,8873492480.0,MICRO CAP,391.95001220703125,32.992424,2.8264947,0.09791,4.577,0.23834999,0.10654,-0.292,0.156,Misc,Financial Services,Capital Markets,2026-05-24,Capital Markets,0,0,0,6.31,50.04,16.07,84.13,28.175,31.35,WEAK GROWTH
BELRISE,192534249472.0,MID CAP,216.36000061035156,40.290504,3.5510767,0.11848,28.531,0.08291,0.05164,0.082,-0.275,Automobiles,Consumer Cyclical,Auto Parts,2026-05-24,Auto Components,0,0,0,36.09,13.54,50.02,39.46,24.815,31.32,WEAK GROWTH
RVTH,2052704896.0,MICRO CAP,669.2999877929688,22.992098,1.6262434,0.11848,41.692,-0.029790001,0.06297,-0.238,0.156,Misc,Industrials,Farm & Heavy Construction Machinery,2026-05-24,Farm & Heavy Construction Machinery,0,0,0,7.97,50.04,50.02,9.84,29.005,31.29,WEAK GROWTH
CHEMPLASTS,37538373632.0,SMALL CAP,237.4199981689453,26.218092,1.933183,0.11848,96.728,-0.13163,-0.07008,-0.21,0.156,Misc,Basic Materials,Chemicals,2026-05-24,Chemicals,0,0,0,8.86,50.04,50.02,6.62,29.45,31.28,WEAK GROWTH
VINDHYATEL,18822725632.0,SMALL CAP,1588.300048828125,8.305706,0.44301155,0.11848,32.942,0.0177,0.05941,-0.309,0.156,Industrials,Industrials,Engineering & Construction,2026-05-24,Engineering & EPC,0,0,0,6.03,50.04,50.02,16.38,28.035,31.27,WEAK GROWTH
ELECON,119661264896.0,MID CAP,533.25,35.082237,5.139115,0.15851,11.824,0.17548001,0.14419,-0.065,-0.9085618999999999,Misc,Industrials,Specialty Industrial Machinery,2026-05-24,Specialty Industrial Machinery,0,0,0,16.71,0.53,87.5,76.96,8.620000000000001,31.23,WEAK GROWTH
NOVARTIND,33710344192.0,SMALL CAP,1365.300048828125,36.234077,4.120504,0.11627,0.393,0.22308001,0.26298,0.08,-0.138,Misc,Healthcare,Drug Manufacturers - Specialty & Generic,2026-05-24,Drug Manufacturers - Specialty & Generic,0,0,0,35.7,18.24,20.14,83.07,26.97,31.21,WEAK GROWTH
PIIND,421886689280.0,MID CAP,2781.0,31.947155,3.8966987,0.123509996,3.048,0.14706999,0.19673,-0.124,-0.394,Chemicals,Basic Materials,Agricultural Inputs,2026-05-24,Agrochemicals,0,0,0,12.32,10.46,80.41,71.2,11.39,31.18,WEAK GROWTH
AWHCL,13228296192.0,SMALL CAP,466.25,15.951077,1.9154058,0.11848,54.786,0.07883,0.082100004,0.081,-0.27,Misc,Industrials,Waste Management,2026-05-24,Waste Management,0,0,0,35.93,13.66,50.02,38.05,24.795,31.17,WEAK GROWTH
ISFT,1341472384.0,MICRO CAP,82.23999786376953,10.736293,0.5490683,0.11848,4.664,0.02804,0.023629999,0.065,-0.036,Misc,Consumer Cyclical,Internet Retail,2026-05-24,Internet Retail,0,0,0,32.97,21.9,50.02,19.57,27.435,31.17,WEAK GROWTH
AXITA,2968163840.0,MICRO CAP,7.760000228881836,155.2,4.2920356,0.11848,34.066,0.05291,0.00494,-0.608,0.156,Misc,Consumer Cyclical,Textile Manufacturing,2026-05-24,Textile Manufacturing,0,0,0,2.43,50.04,50.02,27.86,26.235,31.15,WEAK GROWTH
KRISHIVAL,9647773696.0,MICRO CAP,376.45001220703125,40.963005,5.639447,0.12996,18.086,0.07139,0.07338,-0.184,-0.021,Misc,Consumer Defensive,Packaged Foods,2026-05-24,Packaged Foods,0,0,0,9.74,22.51,81.82,34.76,16.125,31.13,WEAK GROWTH
BHANDARI,1062131072.0,MICRO CAP,3.190000057220459,10.290322,0.4896393,0.11848,64.953,0.094680004,0.03032,-0.062,0.125,Misc,Consumer Cyclical,Apparel Manufacturing,2026-05-24,Apparel Manufacturing,0,0,0,16.89,30.94,50.02,43.53,23.915,31.1,WEAK GROWTH
HUHTAMAKI,12739039232.0,SMALL CAP,168.67999267578125,10.819756,0.98482585,0.11848,11.138,0.06072,0.04733,0.041,-0.02,Misc,Consumer Cyclical,Packaging & Containers,2026-05-24,Packaging & Containers,0,0,0,28.9,22.57,50.02,30.84,25.735,31.1,WEAK GROWTH
DISHTV,6352333824.0,MICRO CAP,3.450000047683716,26.218092,-0.19119929,0.11848,29.565,-0.47985,-0.71690005,-0.198,0.156,Misc,Communication Services,Entertainment,2026-05-24,Entertainment,0,0,0,9.21,50.04,50.02,3.41,29.625,31.08,WEAK GROWTH
EVERESTIND,6418408960.0,MICRO CAP,404.79998779296875,26.218092,1.1116176,0.11848,53.597,-0.1029,-0.03039,-0.237,0.156,Misc,Industrials,Building Products & Equipment,2026-05-24,Building Products & Equipment,0,0,0,8.05,50.04,50.02,7.25,29.045,31.06,WEAK GROWTH
TEXMOPIPES,1330416128.0,MICRO CAP,45.56999969482422,6.946646,0.6511488,0.11848,28.688,0.06732,0.04893,0.001,0.065,Misc,Industrials,Building Products & Equipment,2026-05-24,Building Products & Equipment,0,0,0,23.18,27.37,50.02,33.46,25.275,31.04,WEAK GROWTH
BESTAGRO,6306052608.0,MICRO CAP,17.780000686645508,9.457447,0.7793119,0.11848,53.825,-0.03263,0.01761,-0.26,0.156,Chemicals,Basic Materials,Agricultural Inputs,2026-05-24,Agrochemicals,0,0,0,7.27,50.04,50.02,9.56,28.655,31.02,WEAK GROWTH
ALKYLAMINE,87962656768.0,SMALL CAP,1719.9000244140625,49.013966,5.7372265,0.11848,29.565,0.13975,0.11769,-0.046,-0.035,Chemicals,Basic Materials,Specialty Chemicals,2026-05-24,Specialty Chemicals,0,0,0,18.06,21.98,50.02,69.47,20.02,30.96,WEAK GROWTH
MODIRUBBER,3223718144.0,MICRO CAP,128.74000549316406,19.129272,0.46656933,0.02411,2.81,-0.6717,0.52049,0.201,-0.281,Misc,Real Estate,Real Estate Services,2026-05-24,Real Estate Services,0,0,0,70.71,13.3,6.43,2.66,42.004999999999995,30.96,WEAK GROWTH
RVNL,565248983040.0,LARGE CAP,271.1000061035156,49.29091,5.9380136,0.11848,52.108,0.04522,0.056929998,0.026,0.04,Industrials,Industrials,Engineering & Construction,2026-05-24,Engineering & EPC,0,0,0,26.88,25.88,50.02,24.8,26.38,30.95,WEAK GROWTH
DEEPAKFERT,186249854976.0,MID CAP,1473.9000244140625,21.27761,2.8558698,0.11848,62.046,0.08648,0.0784,0.097,-0.436,Misc,Basic Materials,Chemicals,2026-05-24,Chemicals,0,0,0,38.66,9.5,50.02,40.87,24.08,30.95,WEAK GROWTH
PRAXIS,1352712960.0,MICRO CAP,7.28000020980835,3.6039605,2.1783364,0.11848,309.88,-0.28688,0.34951,-0.228,0.156,Misc,Consumer Cyclical,Specialty Retail,2026-05-24,Specialty Retail,0,0,0,8.41,50.04,50.02,4.78,29.225,30.94,WEAK GROWTH
TIGERLOGS,3746893824.0,MICRO CAP,35.439998626708984,14.584361,0.7106049,0.20673001,34.408,0.04877,0.031630002,-0.1,-0.282,Misc,Industrials,Integrated Freight & Logistics,2026-05-24,Integrated Freight & Logistics,0,0,0,14.44,13.22,93.03,26.41,13.83,30.93,WEAK GROWTH
HAPPSTMNDS,55521783808.0,SMALL CAP,369.5,30.04065,3.3979824,0.116969995,28.275,0.14472,0.08222,0.107,-0.198,Technology,Technology,Information Technology Services,2026-05-24,IT Services,0,0,0,40.58,15.97,20.26,70.81,28.275,30.93,WEAK GROWTH
APCL,3545533952.0,MICRO CAP,120.69999694824219,26.218092,1.7315582,0.11848,223.154,-0.15092,-0.086969994,-0.239,0.156,Misc,Basic Materials,Building Materials,2026-05-24,Building Materials,0,0,0,7.9,50.04,50.02,6.39,28.97,30.92,WEAK GROWTH
REPL,1321673984.0,MICRO CAP,72.93000030517578,34.563984,0.8786535,0.11848,29.565,0.01005,0.03816,-0.338,0.156,Technology,Industrials,Consulting Services,2026-05-24,IT Consulting,0,0,0,5.41,50.04,50.02,14.77,27.725,30.89,WEAK GROWTH
MIRCELECTR,14539283456.0,SMALL CAP,39.36000061035156,26.218092,7.4517226,0.11848,32.644,-0.08123,0.02544,-0.259,0.156,Misc,Consumer Cyclical,"Furnishings, Fixtures & Appliances",2026-05-24,"Furnishings, Fixtures & Appliances",0,0,0,7.33,50.04,50.02,7.72,28.685,30.86,WEAK GROWTH
GTPL,7571011584.0,MICRO CAP,67.31999969482422,48.085716,0.65822536,0.009649999,39.615,-0.0212,0.00424,0.063,0.156,Misc,Communication Services,Entertainment,2026-05-24,Entertainment,0,0,0,32.58,50.04,4.39,10.54,41.31,30.85,WEAK GROWTH
VPRPL,5071970816.0,MICRO CAP,40.529998779296875,26.218092,0.3342763,0.11848,90.698,-0.10439,-0.0026699998,-0.263,0.156,Industrials,Industrials,Engineering & Construction,2026-05-24,Engineering & EPC,0,0,0,7.17,50.04,50.02,7.17,28.605,30.74,WEAK GROWTH
MADHUCON,402920384.0,MICRO CAP,5.460000038146973,26.218092,-0.023595914,0.11848,29.565,-1.15081,-0.68002,-0.218,0.156,Industrials,Industrials,Engineering & Construction,2026-05-24,Engineering & EPC,0,0,0,8.58,50.04,50.02,1.96,29.31,30.72,WEAK GROWTH
MANAKALUCO,2199977984.0,MICRO CAP,33.56999969482422,29.191305,1.5903922,0.11848,193.509,0.06576,0.01159,0.021,0.0,Misc,Basic Materials,Aluminum,2026-05-24,Aluminum,0,0,0,26.12,23.67,50.02,32.8,24.895000000000003,30.71,WEAK GROWTH
RML,25500786688.0,SMALL CAP,922.7000122070312,23.750322,3.3984141,0.15123,100.193,0.05461,0.02782,-0.428,0.047,Automobiles,Consumer Cyclical,Auto Parts,2026-05-24,Auto Components,0,0,0,3.88,26.39,86.17,28.51,15.135,30.68,WEAK GROWTH
METROGLOBL,1571029376.0,MICRO CAP,127.37000274658203,7.1116695,0.3848164,0.05468,0.815,0.17434,0.07078,-0.168,0.156,Misc,Industrials,Conglomerates,2026-05-24,Conglomerates,0,0,0,10.17,50.04,9.56,76.76,30.105,30.66,WEAK GROWTH
UEL,19261310976.0,SMALL CAP,144.38999938964844,510.0120439999895,55.194954,0.11848,27.068,-0.11807,0.115200005,-0.274,0.156,Misc,Technology,Solar,2026-05-24,Solar,0,0,0,6.9,50.04,50.02,6.94,28.47,30.63,WEAK GROWTH
ONESOURCE,210317721600.0,MID CAP,1834.5,26.218092,3.5409317,0.11848,21.928,-0.18019,0.01416,-0.26,0.156,Healthcare,Healthcare,Biotechnology,2026-05-24,Biotechnology,0,0,0,7.27,50.04,50.02,5.6,28.655,30.62,WEAK GROWTH
ITI,277879095296.0,MID CAP,288.6000061035156,26.218092,18.432652,0.11848,87.135,0.02784,-0.056750003,-0.503,0.156,Misc,Technology,Communication Equipment,2026-05-24,Communication Equipment,0,0,0,3.29,50.04,50.02,19.47,26.665,30.62,WEAK GROWTH
CELLO,84433305600.0,SMALL CAP,382.25,27.323088,3.6893868,0.11848,0.221,0.17953,0.13387999,0.002,-0.278,Misc,Consumer Cyclical,"Furnishings, Fixtures & Appliances",2026-05-24,"Furnishings, Fixtures & Appliances",0,0,0,23.33,13.36,50.02,77.43,18.345,30.59,WEAK GROWTH
ARVIND,125906771968.0,MID CAP,480.3500061035156,30.4019,3.109766,0.10657,40.071,0.08956,0.04449,0.15,-0.856,Misc,Consumer Cyclical,Textile Manufacturing,2026-05-24,Textile Manufacturing,0,0,0,63.34,1.76,18.1,41.77,32.550000000000004,30.58,WEAK GROWTH
NATHBIOGEN,3289028096.0,MICRO CAP,172.8300018310547,8.237845,0.002861405,0.06285,20.354,0.06687,0.09353,-0.01,0.156,Chemicals,Basic Materials,Agricultural Inputs,2026-05-24,Agrochemicals,0,0,0,21.83,50.04,10.38,33.15,35.935,30.55,WEAK GROWTH
BBL,31357114368.0,SMALL CAP,2774.199951171875,26.110117,1.4282162,0.11848,8.707,0.050830003,0.061669998,0.106,-0.392,Misc,Industrials,Electrical Equipment & Parts,2026-05-24,Electrical Equipment & Parts,0,0,0,40.4,10.54,50.02,27.16,25.47,30.55,WEAK GROWTH
KAKATCEM,925089088.0,MICRO CAP,119.0,26.218092,0.48195505,0.11848,4.858,-0.50523996,-0.32766998,-0.245,0.156,Misc,Basic Materials,Building Materials,2026-05-24,Building Materials,0,0,0,7.72,50.04,50.02,3.25,28.88,30.54,WEAK GROWTH
DIAMONDYD,23434706944.0,SMALL CAP,980.0999755859375,243.80597,3.3717606,0.01398,6.454,0.00884,0.00563,0.049,0.156,Misc,Consumer Defensive,Packaged Foods,2026-05-24,Packaged Foods,0,0,0,30.11,50.04,5.13,14.5,40.075,30.53,WEAK GROWTH
PRAENG,1494527872.0,MICRO CAP,21.3700008392334,26.218092,0.31035334,0.11848,34.324,-0.06573,-0.52352,-0.3,0.156,Misc,Real Estate,Real Estate - Development,2026-05-24,Real Estate - Development,0,0,0,6.15,50.04,50.02,8.35,28.095,30.51,WEAK GROWTH
FLUOROCHEM,421164908544.0,MID CAP,3834.0,64.10299,5.524169,0.11848,22.475,0.14701,0.13520001,-0.01,-0.19,Chemicals,Basic Materials,Specialty Chemicals,2026-05-24,Specialty Chemicals,0,0,0,21.83,16.26,50.02,71.16,19.045,30.45,WEAK GROWTH
KRBL,78692343808.0,SMALL CAP,343.79998779296875,12.152703,1.435221,0.11731,2.924,0.13517,0.10627,0.058,0.007,Misc,Consumer Defensive,Packaged Foods,2026-05-24,Packaged Foods,0,0,0,31.7,24.2,20.36,68.06,27.95,30.44,WEAK GROWTH
ANKITMETAL,221543488.0,MICRO CAP,1.5700000524520874,26.218092,-0.021463627,0.11848,29.565,-0.51785,-0.31393,-0.255,0.156,Misc,Basic Materials,Steel,2026-05-24,Steel,0,0,0,7.45,50.04,50.02,3.17,28.745,30.44,WEAK GROWTH
RPOWER,111996674048.0,MID CAP,27.079999923706055,26.218092,0.6785437,0.11848,92.224,0.21062,0.03667,0.011,-0.381,Misc,Utilities,Utilities - Independent Power Producers,2026-05-24,Utilities - Independent Power Producers,0,0,0,24.35,10.7,50.02,81.58,17.525,30.43,WEAK GROWTH
VARDMNPOLY,3139623424.0,MICRO CAP,6.5,46.42857,-1.3595482,0.11848,29.565,-0.032509997,0.03076,-0.329,0.156,Misc,Consumer Cyclical,Textile Manufacturing,2026-05-24,Textile Manufacturing,0,0,0,5.56,50.04,50.02,9.64,27.8,30.43,WEAK GROWTH
VHL,11022288896.0,SMALL CAP,3453.60009765625,4.7483263,0.29507545,0.11848,29.565,0.8848054185939996,0.9940124999999989,-0.114,-0.183,Financials,Financial Services,Credit Services,2026-05-24,NBFC – Lending,0,0,0,13.44,16.46,50.02,99.51,14.95,30.42,WEAK GROWTH
KITEX,31493070848.0,SMALL CAP,157.86000061035156,26.218092,2.9342008,0.11848,97.59,-0.02585,0.05352,-0.341,0.156,Misc,Consumer Cyclical,Apparel Manufacturing,2026-05-24,Apparel Manufacturing,0,0,0,5.33,50.04,50.02,10.15,27.685,30.4,WEAK GROWTH
LOYALTEX,1084182016.0,MICRO CAP,225.10000610351562,26.218092,0.449331,0.11848,137.189,-0.06728,-0.00221,-0.32,0.156,Misc,Consumer Cyclical,Textile Manufacturing,2026-05-24,Textile Manufacturing,0,0,0,5.68,50.04,50.02,8.23,27.86,30.33,WEAK GROWTH
EMMBI,1589821824.0,MICRO CAP,82.62999725341797,21.80211,0.8084494,0.11848,84.014,0.071890004,0.0155299995,0.091,-0.383,Misc,Consumer Cyclical,Packaging & Containers,2026-05-24,Packaging & Containers,0,0,0,37.3,10.66,50.02,34.99,23.979999999999997,30.29,WEAK GROWTH
SWANCORP,99632275456.0,SMALL CAP,317.8500061035156,26.218092,0.8628342,0.11848,28.231,-0.0049799997,-0.00282,-0.397,0.156,Misc,Industrials,Conglomerates,2026-05-24,Conglomerates,0,0,0,4.49,50.04,50.02,12.03,27.265,30.29,WEAK GROWTH
MANAKSIA,3792455168.0,MICRO CAP,57.869998931884766,7.288413,0.59809625,0.11848,5.797,0.02873,0.06381,-0.021,0.138,Misc,Industrials,Metal Fabrication,2026-05-24,Metal Fabrication,0,0,0,20.51,31.62,50.02,19.95,26.065,30.24,WEAK GROWTH
BROOKS,1582737920.0,MICRO CAP,53.72999954223633,7.310204,1.3673496,0.11848,6.772,0.020469999,0.24315001,-0.569,0.156,Misc,Healthcare,Drug Manufacturers - Specialty & Generic,2026-05-24,Drug Manufacturers - Specialty & Generic,0,0,0,2.74,50.04,50.02,17.24,26.39,30.2,WEAK GROWTH
EXIDEIND,288787496960.0,MID CAP,339.75,33.772366,2.0788336,0.06172,11.308,0.07394,0.047470003,0.092,0.15,Automobiles,Consumer Cyclical,Auto Parts,2026-05-24,Auto Components,0,0,0,37.5,32.52,10.27,35.97,35.010000000000005,30.16,WEAK GROWTH
JPPOWER,128570892288.0,MID CAP,18.760000228881836,38.285713,1.9115549,0.03603,26.634,0.0032499998,0.081,0.034,0.156,Misc,Utilities,Utilities - Independent Power Producers,2026-05-24,Utilities - Independent Power Producers,0,0,0,28.0,50.04,7.41,13.6,39.019999999999996,30.16,WEAK GROWTH
HCG,97688436736.0,SMALL CAP,654.2999877929688,510.0120439999895,9.968463,0.01898,123.057,0.11323,0.00535,0.137,-0.712,Misc,Healthcare,Medical Care Facilities,2026-05-24,Medical Care Facilities,0,0,0,61.32,3.68,5.92,62.11,32.5,30.15,WEAK GROWTH
DCXINDIA,22504511488.0,SMALL CAP,202.0399932861328,169.7815,1.5519692,0.11848,0.242,-0.02604,0.01224,-0.395,0.156,Misc,Industrials,Aerospace & Defense,2026-05-24,Aerospace & Defense,0,0,0,4.62,50.04,50.02,10.03,27.33,30.14,WEAK GROWTH
HMT,68356284416.0,SMALL CAP,56.77000045776367,26.218092,-1.0257106,0.11848,29.565,-0.45895,-0.9244204,-0.286,0.156,Misc,Industrials,Farm & Heavy Construction Machinery,2026-05-24,Farm & Heavy Construction Machinery,0,0,0,6.47,50.04,50.02,3.61,28.255,30.14,WEAK GROWTH
RCOM,2515633664.0,MICRO CAP,0.9100000262260437,26.218092,-0.0025822122,0.11848,29.565,-0.96825,0.0,-0.276,0.156,Telecom,Communication Services,Telecom Services,2026-05-24,Telecom Services,0,0,0,6.8,50.04,50.02,2.23,28.419999999999998,30.12,WEAK GROWTH
PPLPHARMA,232664809472.0,MID CAP,175.6300048828125,26.218092,2.8778124,-0.04002,69.519,0.08799,-0.03675,-0.001,0.156,Misc,Healthcare,Drug Manufacturers - Specialty & Generic,2026-05-24,Drug Manufacturers - Specialty & Generic,0,0,0,22.92,50.04,2.12,41.26,36.480000000000004,30.09,WEAK GROWTH
NKIND,403865248.0,MICRO CAP,67.19999694824219,26.218092,-0.11521151,0.11848,29.565,-0.32984,-0.43978,-0.308,0.156,Consumer,Consumer Defensive,Household & Personal Products,2026-05-24,FMCG – Personal Care,0,0,0,6.07,50.04,50.02,4.43,28.055,30.09,WEAK GROWTH
BIRLACORPN,77475078144.0,SMALL CAP,1006.0999755859375,13.888735,1.051991,0.07755,46.04,0.14427,0.05706,0.021,0.149,Misc,Basic Materials,Building Materials,2026-05-24,Building Materials,0,0,0,26.12,32.41,12.66,70.65,29.265,30.08,WEAK GROWTH
LAXMICOT,242982480.0,MICRO CAP,14.170000076293945,3.258048784,0.37415504,0.11848,65.868,-0.02036,0.049310002,-0.418,0.156,Misc,Consumer Cyclical,Textile Manufacturing,2026-05-24,Textile Manufacturing,0,0,0,4.23,50.04,50.02,10.62,27.134999999999998,30.06,WEAK GROWTH
AUROPHARMA,842065575936.0,LARGE CAP,1463.5,24.270315,2.4254427,0.09932999,21.31,0.14936,0.10414,0.056,0.019,Misc,Healthcare,Drug Manufacturers - Specialty & Generic,2026-05-24,Drug Manufacturers - Specialty & Generic,0,0,0,31.27,24.65,16.38,71.9,27.96,30.04,WEAK GROWTH
KEEPLEARN,325438240.0,MICRO CAP,2.0899999141693115,26.218092,4.675615,0.11848,31.672,-0.3218,-0.02543,-0.311,0.156,Misc,Consumer Defensive,Education & Training Services,2026-05-24,Education & Training Services,0,0,0,5.92,50.04,50.02,4.51,27.98,30.04,WEAK GROWTH
ATAM,836913664.0,MICRO CAP,73.01000213623047,22.673914,2.2339516,0.11848,33.533,-0.04812,0.075500004,-0.401,0.156,Misc,Industrials,Specialty Industrial Machinery,2026-05-24,Specialty Industrial Machinery,0,0,0,4.43,50.04,50.02,8.93,27.235,29.96,WEAK GROWTH
VSTL,2280044288.0,MICRO CAP,120.23999786376953,21.395018,1.1803858,0.04567,97.86,0.028350001,0.00763,0.162,-0.419,Misc,Basic Materials,Steel,2026-05-24,Steel,0,0,0,65.07,9.89,8.46,19.79,37.48,29.91,WEAK GROWTH
LINC,5915452416.0,MICRO CAP,99.41000366210938,17.169258,2.4620454,0.11848,11.183,0.06982,0.061490003,0.058,-0.218,Misc,Industrials,Business Equipment & Supplies,2026-05-24,Business Equipment & Supplies,0,0,0,31.7,15.4,50.02,34.09,23.55,29.9,WEAK GROWTH
IVC,2298719744.0,MICRO CAP,7.320000171661377,12.0,1.1206368,0.11848,29.565,-0.14768,0.34537,-0.376,0.156,Financials,Financial Services,Financial Conglomerates,2026-05-24,NBFC – Investment,0,0,0,4.84,50.04,50.02,6.47,27.439999999999998,29.86,WEAK GROWTH
KREBSBIO,1269271680.0,MICRO CAP,58.869998931884766,26.218092,-0.78924793,0.11848,29.565,-0.18332,-0.9244204,-0.366,0.156,Misc,Healthcare,Drug Manufacturers - Specialty & Generic,2026-05-24,Drug Manufacturers - Specialty & Generic,0,0,0,5.02,50.04,50.02,5.53,27.53,29.83,WEAK GROWTH
RADAAN,171692080.0,MICRO CAP,3.1700000762939453,26.218092,-1.1957752,0.11848,29.565,-0.43185002,-0.74382,-0.335,0.156,Misc,Communication Services,Entertainment,2026-05-24,Entertainment,0,0,0,5.49,50.04,50.02,3.92,27.765,29.83,WEAK GROWTH
WCIL,9951848448.0,MICRO CAP,97.61000061035156,25.619423,1.1710999,0.0458,26.012,0.02671,0.02122,0.157,-0.386,Misc,Industrials,Integrated Freight & Logistics,2026-05-24,Integrated Freight & Logistics,0,0,0,64.05,10.62,8.58,18.93,37.335,29.74,WEAK GROWTH
CPCAP,1709068672.0,MICRO CAP,93.91000366210938,4.065368,0.3096877,0.11848,14.352,0.8007,0.57638,-0.257,-0.06,Financials,Financial Services,Credit Services,2026-05-24,NBFC – Lending,0,0,0,7.39,20.91,50.02,98.28,14.15,29.74,WEAK GROWTH
DBL,69835030528.0,SMALL CAP,429.8999938964844,4.9947715,0.8242991,0.22893,115.513,0.14111,0.14497,-0.257,-0.722,Industrials,Industrials,Engineering & Construction,2026-05-24,Engineering & EPC,0,0,0,7.39,3.53,94.63,69.83,5.46,29.73,WEAK GROWTH
AMBER,259182280704.0,MID CAP,7359.0,147.06235,5.9238043,0.05583,46.566,0.06243,0.01444,0.105,0.11,Misc,Consumer Cyclical,"Furnishings, Fixtures & Appliances",2026-05-24,"Furnishings, Fixtures & Appliances",0,1,0,40.11,30.09,9.91,31.31,35.1,29.68,WEAK GROWTH
INDIGO,1716171440128.0,LARGE CAP,4438.60009765625,53.477108,18.308489,0.11848,606.3078499999995,0.15758,0.03793,0.062,-0.776,Misc,Industrials,Airlines,2026-05-24,Airlines,0,0,0,32.43,2.7,50.02,73.75,17.565,29.67,WEAK GROWTH
OMAXE,13617966080.0,SMALL CAP,74.1500015258789,26.218092,-2.4345798,0.11848,29.565,-0.60823,-0.55597997,-0.356,0.156,Misc,Real Estate,Real Estate - Development,2026-05-24,Real Estate - Development,0,0,0,5.17,50.04,50.02,2.9,27.605,29.62,WEAK GROWTH
MARATHON,32462991360.0,SMALL CAP,481.5,13.191781,1.4762692,0.11848,2.665,0.19738,0.39824,0.013,-0.493,Misc,Real Estate,Real Estate - Development,2026-05-24,Real Estate - Development,0,0,0,24.73,8.39,50.02,79.78,16.560000000000002,29.57,WEAK GROWTH
CAPTRUST,494920864.0,MICRO CAP,14.609999656677246,26.218092,0.41626304,0.11848,134.274,-0.1279,-0.9244204,-0.426,0.156,Financials,Financial Services,Credit Services,2026-05-24,NBFC – Lending,0,0,0,3.94,50.04,50.02,6.66,26.99,29.56,WEAK GROWTH
AJMERA,23605637120.0,SMALL CAP,119.94999694824219,18.037594,1.8707402,0.11848,47.19,0.29755,0.14737001,-0.058,-0.282,Misc,Real Estate,Real Estate - Development,2026-05-24,Real Estate - Development,0,0,0,17.26,13.22,50.02,88.64,15.240000000000002,29.54,WEAK GROWTH
WELINV,7009687552.0,MICRO CAP,1911.800048828125,222.30232,0.95494175,0.11848,29.565,-1.25279,0.61432,-0.35,0.156,Misc,Financial Services,Capital Markets,2026-05-24,Capital Markets,0,0,0,5.21,50.04,50.02,1.88,27.625,29.53,WEAK GROWTH
SANOFI,72850464768.0,SMALL CAP,3163.199951171875,23.528711,9.723767,0.11848,2.376,0.28329,0.17465,-0.119,-0.141,Misc,Healthcare,Drug Manufacturers - General,2026-05-24,Drug Manufacturers - General,0,0,0,12.52,18.14,50.02,87.46,15.33,29.48,WEAK GROWTH
SHIVATEX,2366706176.0,MICRO CAP,172.25999450683594,13.891935,1.5592668,0.11848,72.496,0.07201,0.04603,0.015,-0.074,Misc,Consumer Cyclical,Textile Manufacturing,2026-05-24,Textile Manufacturing,0,0,0,25.14,20.47,50.02,35.03,22.805,29.47,WEAK GROWTH
MTEDUCARE,122787696.0,MICRO CAP,1.7000000476837158,26.218092,-2.2106633,0.11848,29.565,-0.27903,-0.48523,-0.422,0.156,Misc,Consumer Defensive,Education & Training Services,2026-05-24,Education & Training Services,0,0,0,4.04,50.04,50.02,4.9,27.04,29.42,WEAK GROWTH
GATECHDVR,646204096.0,MICRO CAP,0.5,6.25,0.52137643,0.11848,29.565,0.29372,0.39220002,0.016,-0.636,Financials,Financial Services,Asset Management,2026-05-24,Asset Management Companies,0,0,0,25.22,5.0,50.02,88.22,15.11,29.4,WEAK GROWTH
GATECH,659128192.0,MICRO CAP,0.5099999904632568,6.375,0.53180397,0.11848,29.565,0.29372,0.39220002,0.016,-0.636,Financials,Financial Services,Asset Management,2026-05-24,Asset Management Companies,0,0,0,25.22,5.0,50.02,88.22,15.11,29.4,WEAK GROWTH
DYNPRO,2836655104.0,MICRO CAP,228.24000549316406,15.85,1.2142105,0.11848,33.912,0.09373,0.048299998,-0.051,0.031,Chemicals,Basic Materials,Specialty Chemicals,2026-05-24,Specialty Chemicals,0,0,0,17.73,25.33,50.02,43.18,21.53,29.39,WEAK GROWTH
SUVIDHAA,597907456.0,MICRO CAP,2.809999942779541,26.218092,1.7672955,0.11848,3.774,-2.6666698,0.0,-0.367,0.156,Technology,Technology,Information Technology Services,2026-05-24,IT Services,0,0,0,4.98,50.04,50.02,1.25,27.509999999999998,29.39,WEAK GROWTH
SURYAROSNI,53478170624.0,SMALL CAP,245.75,16.832191,2.1318955,0.11848,4.928,0.057979997,0.04222,0.032,-0.114,Misc,Basic Materials,Steel,2026-05-24,Steel,0,0,0,27.8,19.04,50.02,29.78,23.42,29.38,WEAK GROWTH
WIPL,1212586240.0,MICRO CAP,142.8699951171875,55.162163,2.420992,0.11848,44.281,0.0461,0.0178,0.018,-0.019,Misc,Basic Materials,Lumber & Wood Production,2026-05-24,Lumber & Wood Production,0,0,0,25.51,22.61,50.02,25.31,24.060000000000002,29.38,WEAK GROWTH
AVG,2458198016.0,MICRO CAP,158.44000244140625,11.894896,0.93092674,0.11848,109.016,0.10552,0.03762,-0.059,-0.058,Misc,Industrials,Integrated Freight & Logistics,2026-05-24,Integrated Freight & Logistics,0,0,0,17.16,21.06,50.02,59.25,19.11,29.31,WEAK GROWTH
KHANDSE,267094128.0,MICRO CAP,17.510000228881836,26.218092,0.93232524,0.11848,10.031,-0.29595,-0.90413004,-0.455,0.156,Misc,Financial Services,Capital Markets,2026-05-24,Capital Markets,0,0,0,3.72,50.04,50.02,4.7,26.88,29.29,WEAK GROWTH
MAITHANALL,27479848960.0,SMALL CAP,943.9500122070312,6.336936,0.66644174,0.11848,10.735,0.101289995,0.21628,-0.077,-0.021,Misc,Basic Materials,Steel,2026-05-24,Steel,0,0,0,15.79,22.51,50.02,58.07,19.15,29.22,WEAK GROWTH
ORTEL,52763040.0,MICRO CAP,1.600000023841858,26.218092,-0.06827977,0.11848,29.565,-0.87775004,-0.47809,-0.424,0.156,Misc,Communication Services,Entertainment,2026-05-24,Entertainment,0,0,0,4.0,50.04,50.02,2.43,27.02,29.16,WEAK GROWTH
TIJARIA,132889504.0,MICRO CAP,4.579999923706055,26.218092,-0.4050588,0.11848,29.565,-4.298535952029998,0.0,-0.397,0.156,Misc,Industrials,Building Products & Equipment,2026-05-24,Building Products & Equipment,0,0,0,4.49,50.04,50.02,0.53,27.265,29.14,WEAK GROWTH
MRPL,261102157824.0,MID CAP,148.97999572753906,13.568306,1.9603146,0.14169,108.059,0.08354,0.021710001,-0.034,-0.682,Misc,Energy,Oil & Gas Refining & Marketing,2026-05-24,Oil & Gas Refining & Marketing,0,0,0,19.24,4.51,84.21,39.77,11.875,29.13,WEAK GROWTH
DHUNINV,5255462400.0,MICRO CAP,861.9500122070312,26.218092,0.19387984,0.11848,15.416,-0.47463,-0.077989995,-0.519,0.156,Misc,Financial Services,Capital Markets,2026-05-24,Capital Markets,0,0,0,3.13,50.04,50.02,3.49,26.585,28.96,WEAK GROWTH
WHEELS,40986378240.0,SMALL CAP,1677.5,26.454819,3.9346807,0.11848,29.565,0.04892,0.03187,0.025,-0.098,Automobiles,Consumer Cyclical,Auto Parts,2026-05-24,Auto Components,0,0,0,26.7,19.85,50.02,26.45,23.275,28.94,WEAK GROWTH
REFEX,40572895232.0,SMALL CAP,279.04998779296875,21.598295,2.942417,0.11848,13.652,0.14708,0.07498,-0.197,0.01,Metals,Energy,Thermal Coal,2026-05-24,Coal,0,0,0,9.29,24.33,50.02,71.24,16.81,28.9,WEAK GROWTH
KNAGRI,4851288576.0,MICRO CAP,194.05999755859375,13.228357,1.3292965,0.11848,13.118,0.01812,0.01908,0.079,-0.263,Misc,Consumer Defensive,Farm Products,2026-05-24,Farm Products,0,0,0,35.42,13.79,50.02,16.5,24.605,28.88,WEAK GROWTH
NIBE,21672316928.0,SMALL CAP,1450.5,26.218092,8.939026,0.11848,29.565,-0.30374,-0.04873,-0.603,0.156,Misc,Industrials,Conglomerates,2026-05-24,Conglomerates,0,0,0,2.51,50.04,50.02,4.58,26.275,28.85,WEAK GROWTH
PRAKASH,25714360320.0,SMALL CAP,143.58999633789062,7.7742286,0.7499347,0.11848,9.971,0.102869995,0.09715,-0.138,0.036,Misc,Basic Materials,Steel,2026-05-24,Steel,0,0,0,11.56,25.61,50.02,58.35,18.585,28.85,WEAK GROWTH
BEARDSELL,957136000.0,MICRO CAP,24.270000457763672,10.738938,1.1136092,0.11848,36.022,0.06713,0.03201,0.028,-0.172,Misc,Industrials,Building Products & Equipment,2026-05-24,Building Products & Equipment,0,0,0,27.23,17.03,50.02,33.27,22.130000000000003,28.82,WEAK GROWTH
GLOBALE,127443296.0,MICRO CAP,12.0,26.218092,1.2454592,0.11848,107.309,-0.06717,-0.25725,-0.776,0.156,Misc,Consumer Cyclical,Textile Manufacturing,2026-05-24,Textile Manufacturing,0,0,0,1.33,50.04,50.02,8.27,25.685,28.81,WEAK GROWTH
TARSONS,11636746240.0,SMALL CAP,218.7100067138672,57.104443,1.8700835,0.022650002,61.913,0.09252,0.03206,0.132,-0.589,Misc,Healthcare,Medical Instruments & Supplies,2026-05-24,Medical Instruments & Supplies,0,0,0,60.34,6.03,6.31,42.91,33.185,28.78,WEAK GROWTH
KSL,36170924032.0,SMALL CAP,828.5999755859375,14.02505,1.9123273,0.11848,29.565,0.13818,0.08605,-0.102,-0.102,Misc,Basic Materials,Steel,2026-05-24,Steel,0,0,0,14.32,19.57,50.02,69.1,16.945,28.78,WEAK GROWTH
OLAELEC,151169761280.0,MID CAP,36.0099983215332,26.218092,3.649169,0.11848,71.879,-0.9383,-0.84763,-0.55,0.156,Automobiles,Consumer Cyclical,Auto Manufacturers,2026-05-24,Passenger Vehicles,0,0,0,2.94,50.04,50.02,2.31,26.49,28.78,WEAK GROWTH
VLEGOV,1543262336.0,MICRO CAP,14.229999542236328,26.218092,3.376839,0.11848,29.565,-0.16382,0.0,-0.706,0.156,Technology,Technology,Information Technology Services,2026-05-24,IT Services,0,0,0,1.92,50.04,50.02,5.88,25.98,28.78,WEAK GROWTH
BALAJITELE,11179658240.0,SMALL CAP,91.70999908447266,15.034427,1.7080756,0.11848,3.918,-0.80373,0.25639,-0.554,0.156,Misc,Communication Services,Entertainment,2026-05-24,Entertainment,0,0,0,2.86,50.04,50.02,2.55,26.45,28.77,WEAK GROWTH
PENINLAND,5582986240.0,MICRO CAP,16.829999923706055,26.218092,2.6984127,0.11848,228.395,-0.1517,-0.3849,-0.728,0.156,Misc,Real Estate,Real Estate - Development,2026-05-24,Real Estate - Development,0,0,0,1.76,50.04,50.02,6.27,25.9,28.76,WEAK GROWTH
KCP,20801429504.0,SMALL CAP,161.35000610351562,13.885543,1.269383,0.11848,39.481,0.020350002,0.0592,0.023,-0.032,Misc,Basic Materials,Building Materials,2026-05-24,Building Materials,0,0,0,26.51,22.04,50.02,17.2,24.275,28.72,WEAK GROWTH
PRIMO,5312163328.0,MICRO CAP,21.920000076293945,34.79365,1.3113185,0.03858,32.291,0.080740005,0.02737,-0.068,0.156,Misc,Basic Materials,Chemicals,2026-05-24,Chemicals,0,0,0,16.44,50.04,7.76,38.87,33.24,28.71,WEAK GROWTH
VIVIMEDLAB,542256960.0,MICRO CAP,6.539999961853027,26.218092,-1.1312921,0.11848,29.565,-0.97253996,-0.39539,-0.563,0.156,Misc,Healthcare,Drug Manufacturers - Specialty & Generic,2026-05-24,Drug Manufacturers - Specialty & Generic,0,0,0,2.78,50.04,50.02,2.19,26.41,28.71,WEAK GROWTH
SECURKLOUD,712982272.0,MICRO CAP,21.34000015258789,26.218092,-18.556522,0.11848,29.565,-0.15927,-0.083809994,-0.764,0.156,Technology,Technology,Software - Application,2026-05-24,SaaS,0,0,0,1.45,50.04,50.02,6.0,25.745,28.63,WEAK GROWTH
SELMC,981773568.0,MICRO CAP,29.59000015258789,26.218092,-0.32623315,0.11848,29.565,-4.298535952029998,0.0,-0.546,0.156,Misc,Consumer Cyclical,Textile Manufacturing,2026-05-24,Textile Manufacturing,0,0,0,2.98,50.04,50.02,0.53,26.509999999999998,28.61,WEAK GROWTH
GRADIENTE,1698564096.0,MICRO CAP,5.110000133514404,26.218092,0.5987112,0.11848,3.091,0.29313,0.025940001,-0.411,0.0,Misc,Communication Services,Entertainment,2026-05-24,Entertainment,0,0,0,4.31,23.67,50.02,88.17,13.99,28.61,WEAK GROWTH
COMPINFO,121372144.0,MICRO CAP,1.3899999856948853,26.218092,-0.040258348,0.11848,292.783,-0.35296002,0.0,-0.698,0.156,Misc,Technology,Electronics & Computer Distribution,2026-05-24,Electronics & Computer Distribution,0,0,0,1.96,50.04,50.02,4.08,26.0,28.61,WEAK GROWTH
SARLAPOLY,7938630144.0,MICRO CAP,95.06999969482422,26.218092,1.8192778,-0.02651,38.432,0.0051700003,-0.03274,0.022,0.156,Misc,Consumer Cyclical,Textile Manufacturing,2026-05-24,Textile Manufacturing,0,0,0,26.33,50.04,2.47,13.75,38.185,28.6,WEAK GROWTH
JKIPL,3242465536.0,MICRO CAP,84.47000122070312,26.218092,1.3070996,0.11848,35.053,-0.20323999,0.0133299995,-0.76,0.156,Misc,Industrials,Farm & Heavy Construction Machinery,2026-05-24,Farm & Heavy Construction Machinery,0,0,0,1.51,50.04,50.02,5.37,25.775,28.58,WEAK GROWTH
JINDALPOLY,30862852096.0,SMALL CAP,704.8499755859375,26.218092,0.75613725,0.11848,84.483,-0.33227003,-0.06955,-0.729,0.156,Misc,Consumer Cyclical,Packaging & Containers,2026-05-24,Packaging & Containers,0,0,0,1.72,50.04,50.02,4.35,25.88,28.56,WEAK GROWTH
AMANTA,5051310080.0,MICRO CAP,130.08999633789062,36.85269,2.130283,0.09397,111.004,0.15082,0.05111,0.092,-0.234,Misc,Healthcare,Drug Manufacturers - Specialty & Generic,2026-05-24,Drug Manufacturers - Specialty & Generic,0,0,0,37.5,14.69,15.09,72.24,26.095,28.51,WEAK GROWTH
CONSOFINVT,7425042944.0,MICRO CAP,229.69000244140625,11.736842,0.71501064,0.11848,29.565,0.8848054185939996,0.89956003,-0.214,-0.214,Misc,Financial Services,Capital Markets,2026-05-24,Capital Markets,0,0,0,8.78,15.6,50.02,99.51,12.19,28.49,WEAK GROWTH
ZENITHSTL,808152896.0,MICRO CAP,5.679999828338623,13.853659,-0.32344398,0.11848,29.565,-0.43611,0.08627,-0.737,0.156,Misc,Basic Materials,Steel,2026-05-24,Steel,0,0,0,1.63,50.04,50.02,3.84,25.835,28.47,WEAK GROWTH
INSECTICID,21792825344.0,SMALL CAP,748.9500122070312,15.359927,1.8116223,0.11848,20.483,0.0467,0.0683,0.076,-0.396,Chemicals,Basic Materials,Agricultural Inputs,2026-05-24,Agrochemicals,0,0,0,34.99,10.38,50.02,25.67,22.685000000000002,28.45,WEAK GROWTH
ORTINGLOBE,124654240.0,MICRO CAP,15.329999923706055,26.218092,9.563318,0.11848,71.56,-4.0243897,0.0,-0.633,0.156,Misc,Healthcare,Drug Manufacturers - Specialty & Generic,2026-05-24,Drug Manufacturers - Specialty & Generic,0,0,0,2.31,50.04,50.02,1.06,26.175,28.43,WEAK GROWTH
ASHIMASYN,3091476992.0,MICRO CAP,16.1299991607666,26.218092,1.0793629,0.11848,58.263,-2.62821,-0.9244204,-0.641,0.156,Misc,Real Estate,Real Estate - Development,2026-05-24,Real Estate - Development,0,0,0,2.19,50.04,50.02,1.29,26.115,28.41,WEAK GROWTH
GLFL,171977376.0,MICRO CAP,6.340000152587891,317.0,-3.283273,0.11848,29.565,0.26103002,0.0,-0.027,-0.5,Misc,Financial Services,Shell Companies,2026-05-24,Shell Companies,0,0,0,20.06,7.97,50.02,85.85,14.014999999999999,28.4,WEAK GROWTH
GAYAHWS,546406336.0,MICRO CAP,2.2799999713897705,45.6,-0.08363903,0.11848,29.565,-0.52957,0.9940124999999989,-0.748,0.156,Misc,Industrials,Infrastructure Operations,2026-05-24,Infrastructure Operations,0,0,0,1.57,50.04,50.02,3.13,25.805,28.38,WEAK GROWTH
KIRLOSIND,32607401984.0,SMALL CAP,3098.60009765625,20.080359,0.4731584,0.11848,14.61,0.07599,0.023610001,0.006,-0.144,Misc,Industrials,Metal Fabrication,2026-05-24,Metal Fabrication,0,0,0,23.73,18.03,50.02,36.79,20.880000000000003,28.3,WEAK GROWTH
SDBL,17559345152.0,SMALL CAP,84.45999908447266,19.733644,2.0616593,0.11848,29.565,-0.4439,0.06899,-0.793,0.156,Misc,Consumer Defensive,Beverages - Brewers,2026-05-24,Beverages - Brewers,0,0,0,1.14,50.04,50.02,3.76,25.59,28.29,WEAK GROWTH
5PAISA,14888852480.0,SMALL CAP,317.6000061035156,22.881845,1.5815551,0.11848,46.389,0.23244,0.15349,-0.11,-0.237,Misc,Financial Services,Capital Markets,2026-05-24,Capital Markets,0,0,0,13.81,14.5,50.02,83.82,14.155000000000001,28.29,WEAK GROWTH
SUMICHEM,234199187456.0,MID CAP,469.20001220703125,44.05634,7.327472,0.11848,1.82,0.14569001,0.16429001,-0.115,-0.126,Chemicals,Basic Materials,Agricultural Inputs,2026-05-24,Agrochemicals,0,0,0,13.32,18.59,50.02,71.04,15.955,28.28,WEAK GROWTH
KUANTUM,7067481600.0,MICRO CAP,80.98999786376953,13.169106,0.58789796,0.11848,56.267,0.07814,0.05025,0.072,-0.533,Misc,Basic Materials,Paper & Paper Products,2026-05-24,Paper & Paper Products,0,0,0,34.38,6.97,50.02,37.85,20.675,28.26,WEAK GROWTH
SADHNANIQ,6878090752.0,MICRO CAP,2.319999933242798,26.218092,0.3006739,0.11848,102.168,-1.95287,-0.42525002,-0.737,0.156,Misc,Basic Materials,Chemicals,2026-05-24,Chemicals,0,0,0,1.63,50.04,50.02,1.57,25.835,28.25,WEAK GROWTH
FLFL,316786560.0,MICRO CAP,1.5700000524520874,26.218092,-0.016839532,0.11848,29.565,-0.61004,-0.92297,-0.787,0.156,Misc,Consumer Cyclical,Apparel Manufacturing,2026-05-24,Apparel Manufacturing,0,0,0,1.25,50.04,50.02,2.86,25.645,28.24,WEAK GROWTH
MAMATA,10014144512.0,SMALL CAP,406.95001220703125,23.756569,5.671619,0.11848,4.109,0.10744,0.15597999,-0.085,-0.101,Misc,Industrials,Specialty Industrial Machinery,2026-05-24,Specialty Industrial Machinery,0,0,0,15.28,19.65,50.02,59.99,17.465,28.23,WEAK GROWTH
PREMIER,96076496.0,MICRO CAP,3.0,26.218092,-0.02696411,0.11848,29.565,-4.298535952029998,0.0,-0.718,0.156,Misc,Industrials,Specialty Industrial Machinery,2026-05-24,Specialty Industrial Machinery,0,0,0,1.86,50.04,50.02,0.53,25.95,28.22,WEAK GROWTH
TRANSPEK,6622250496.0,MICRO CAP,1185.5999755859375,11.350885,0.8626203,0.11848,9.207,0.07944,0.09026,-0.068,0.019,Misc,Basic Materials,Chemicals,2026-05-24,Chemicals,0,0,0,16.44,24.65,50.02,38.13,20.545,28.2,WEAK GROWTH
KOTAKBANK,3820934660096.0,MEGA CAP,384.1499938964844,19.801546,2.1092887,0.11389,29.565,0.35119998,0.26049,-0.11,0.098,Financials,Financial Services,Banks - Regional,2026-05-24,Private Sector Banks,0,0,0,13.81,29.41,19.63,91.38,21.61,28.19,WEAK GROWTH
DHARMAJ,9111751680.0,MICRO CAP,269.6000061035156,18.90603,2.0502524,0.11848,31.256,0.0128999995,0.04329,0.086,-0.371,Chemicals,Basic Materials,Agricultural Inputs,2026-05-24,Agrochemicals,0,0,0,36.54,10.95,50.02,15.2,23.744999999999997,28.15,WEAK GROWTH
SUTLEJTEX,5988260352.0,MICRO CAP,36.06999969482422,26.218092,0.7016281,-0.10094,114.141,-0.01421,-0.03351,0.021,0.156,Misc,Consumer Cyclical,Textile Manufacturing,2026-05-24,Textile Manufacturing,0,0,0,26.12,50.04,1.57,11.21,38.08,28.09,WEAK GROWTH
TCPLPACK,23500472320.0,SMALL CAP,2587.89990234375,20.619074,3.519018,0.11848,103.305,0.12640001,0.06415,-0.018,-0.336,Misc,Consumer Cyclical,Packaging & Containers,2026-05-24,Packaging & Containers,0,0,0,20.79,12.03,50.02,65.79,16.41,28.07,WEAK GROWTH
BFUTILITIE,20788764672.0,SMALL CAP,551.9000244140625,13.140477,10.314346,0.11848,29.565,-0.48353,0.18443,-0.8136411,0.156,Misc,Industrials,Infrastructure Operations,2026-05-24,Infrastructure Operations,0,0,0,0.53,50.04,50.02,3.37,25.285,28.04,WEAK GROWTH
INDOUS,2024249344.0,MICRO CAP,100.94999694824219,13.6418915,2.3377254,0.11848,31.895,0.1724,0.12594,-0.032,-0.409,Chemicals,Basic Materials,Agricultural Inputs,2026-05-24,Agrochemicals,0,0,0,19.53,9.99,50.02,76.35,14.760000000000002,27.97,WEAK GROWTH
CREST,9863692288.0,MICRO CAP,348.95001220703125,20.832836,0.77849793,0.11848,15.576,0.55908,0.27163,-0.199,-0.233,Financials,Financial Services,Financial Conglomerates,2026-05-24,NBFC – Investment,0,0,0,9.11,14.73,50.02,96.08,11.92,27.96,WEAK GROWTH
DCMFINSERV,111731528.0,MICRO CAP,5.050000190734863,26.218092,-0.2078617,0.11848,29.565,-0.8706,-0.9244204,-0.8136411,0.156,Financials,Financial Services,Credit Services,2026-05-24,NBFC – Lending,0,0,0,0.53,50.04,50.02,2.47,25.285,27.95,WEAK GROWTH
KANSAINER,176238985216.0,MID CAP,217.94000244140625,29.936813,2.6219292,0.08796,4.526,0.07964,0.07321,0.075,0.04,Chemicals,Basic Materials,Specialty Chemicals,2026-05-24,Specialty Chemicals,0,0,0,34.89,25.88,14.15,38.32,30.384999999999998,27.93,WEAK GROWTH
SESHAPAPER,14663342080.0,SMALL CAP,232.5,16.9832,0.69472665,0.11848,3.807,0.03477,0.05154,-0.103,0.123,Misc,Basic Materials,Paper & Paper Products,2026-05-24,Paper & Paper Products,0,0,0,14.18,30.8,50.02,21.71,22.490000000000002,27.92,WEAK GROWTH
LASA,400308896.0,MICRO CAP,7.989999771118164,3.258048784,0.7092765,0.11848,13.025,-1.03721,-0.66033995,-0.8136411,0.156,Misc,Healthcare,Drug Manufacturers - Specialty & Generic,2026-05-24,Drug Manufacturers - Specialty & Generic,0,0,0,0.53,50.04,50.02,2.04,25.285,27.91,WEAK GROWTH
JAGRAN,15000731648.0,SMALL CAP,68.91999816894531,9.128476,0.7731918,0.11848,9.556,0.10684,0.0871,-0.077,-0.135,Misc,Communication Services,Publishing,2026-05-24,Publishing,0,0,0,15.79,18.3,50.02,59.6,17.045,27.9,WEAK GROWTH
SALSTEEL,8441346560.0,MICRO CAP,58.310001373291016,26.218092,15.055513,0.11848,604.599,-1.24091,-0.01695,-0.8136411,0.156,Misc,Basic Materials,Steel,2026-05-24,Steel,0,0,0,0.53,50.04,50.02,1.92,25.285,27.9,WEAK GROWTH
GVKPIL,4942928384.0,MICRO CAP,3.130000114440918,26.218092,-0.34025437,0.11848,29.565,-1.49115,0.0,-0.8136411,0.156,Misc,Utilities,Utilities - Independent Power Producers,2026-05-24,Utilities - Independent Power Producers,0,0,0,0.53,50.04,50.02,1.8,25.285,27.88,WEAK GROWTH
KAVDEFENCE,3773999872.0,MICRO CAP,62.77000045776367,128.10204,1.4546928,0.11848,6.754,-1.57367,0.32772,-0.8136411,0.156,Misc,Technology,Communication Equipment,2026-05-24,Communication Equipment,0,0,0,0.53,50.04,50.02,1.76,25.285,27.88,WEAK GROWTH
ACEINTEG,204918000.0,MICRO CAP,20.09000015258789,26.218092,1.1680232,0.11848,0.64,-3.63636,-0.9244204,-0.8136411,0.156,Misc,Industrials,Staffing & Employment Services,2026-05-24,Staffing & Employment Services,0,0,0,0.53,50.04,50.02,1.18,25.285,27.82,WEAK GROWTH
OILCOUNTUB,3000315648.0,MICRO CAP,57.709999084472656,26.218092,1.3698077,0.11848,11.362,-3.78532,-0.78296995,-0.8136411,0.156,Misc,Energy,Oil & Gas Equipment & Services,2026-05-24,Oil & Gas Equipment & Services,0,0,0,0.53,50.04,50.02,1.1,25.285,27.81,WEAK GROWTH
UCOBANK,310228680704.0,MID CAP,24.739999771118164,11.19457,0.93453705,0.08631,29.565,0.41611,0.2386,-0.126,0.149,Financials,Financial Services,Banks - Regional,2026-05-24,Private Sector Banks,0,0,0,12.19,32.41,13.95,93.77,22.299999999999997,27.78,WEAK GROWTH
ESSARSHPNG,4933099520.0,MICRO CAP,23.729999542236328,26.218092,-0.20611483,0.11848,29.565,-4.298535952029998,0.0,-0.8136411,0.156,Misc,Industrials,Marine Shipping,2026-05-24,Marine Shipping,0,0,0,0.53,50.04,50.02,0.53,25.285,27.76,WEAK GROWTH
UNIENTER,7528337920.0,MICRO CAP,108.25,37.982456,0.26468417,0.11848,29.565,-4.298535952029998,0.25188,-0.8136411,0.156,Misc,Basic Materials,Chemicals,2026-05-24,Chemicals,0,0,0,0.53,50.04,50.02,0.53,25.285,27.76,WEAK GROWTH
SHYAMCENT,1035404224.0,MICRO CAP,4.880000114440918,26.218092,0.57256836,0.11848,0.669,-4.298535952029998,-0.3094,-0.8136411,0.156,Misc,Basic Materials,Steel,2026-05-24,Steel,0,0,0,0.53,50.04,50.02,0.53,25.285,27.76,WEAK GROWTH
TVVISION,203796080.0,MICRO CAP,5.260000228881836,26.218092,-0.12812082,0.11848,29.565,-4.298535952029998,-0.9244204,-0.8136411,0.156,Media,Communication Services,Broadcasting,2026-05-24,Broadcasting,0,0,0,0.53,50.04,50.02,0.53,25.285,27.76,WEAK GROWTH
CEREBRAINT,386584864.0,MICRO CAP,3.190000057220459,26.218092,0.2537183,0.11848,29.8,-4.298535952029998,0.0,-0.8136411,0.156,Misc,Industrials,Waste Management,2026-05-24,Waste Management,0,0,0,0.53,50.04,50.02,0.53,25.285,27.76,WEAK GROWTH
KAUSHALYA,310636480.0,MICRO CAP,897.0,26.218092,0.40215954,0.11848,29.565,-4.298535952029998,0.9940124999999989,-0.8136411,0.156,Industrials,Industrials,Engineering & Construction,2026-05-24,Engineering & EPC,0,0,0,0.53,50.04,50.02,0.53,25.285,27.76,WEAK GROWTH
EMAMIREAL,4479077376.0,MICRO CAP,86.08000183105469,26.218092,-2.6062734,0.11848,29.565,-4.298535952029998,0.0,-0.8136411,0.156,Misc,Real Estate,Real Estate - Development,2026-05-24,Real Estate - Development,0,0,0,0.53,50.04,50.02,0.53,25.285,27.76,WEAK GROWTH
VINNY,521076224.0,MICRO CAP,1.1200000047683716,56.0,0.5659424,0.01117,19.671,0.01764,0.0072399997,0.173,-0.607,Misc,Consumer Cyclical,Textile Manufacturing,2026-05-24,Textile Manufacturing,0,0,0,66.52,5.49,4.58,16.34,36.004999999999995,27.75,WEAK GROWTH
GILLANDERS,1954958848.0,MICRO CAP,91.5999984741211,20.677202,0.7665528,0.03763,57.612,-0.0691,0.02197,-0.005,0.156,Misc,Consumer Defensive,Farm Products,2026-05-24,Farm Products,0,0,0,22.39,50.04,7.6,8.19,36.215,27.69,WEAK GROWTH
UDS,11676923904.0,SMALL CAP,172.89999389648438,12.574545,1.1511317,0.11848,4.984,0.04009,0.031689998,0.104,-0.702,Misc,Industrials,Specialty Business Services,2026-05-24,Specialty Business Services,0,0,0,39.81,4.04,50.02,23.24,21.925,27.68,WEAK GROWTH
CHEMCON,6745543168.0,MICRO CAP,184.14999389648438,31.85986,1.3146809,0.11848,0.07653,0.06677,0.09648,0.054,-0.421,Chemicals,Basic Materials,Specialty Chemicals,2026-05-24,Specialty Chemicals,0,0,0,31.03,9.84,50.02,33.11,20.435000000000002,27.62,WEAK GROWTH
EUREKAFORB,89867272192.0,SMALL CAP,464.45001220703125,55.556225,2.0008357,0.11848,2.009,0.07972,0.06107,0.08,-0.713,Misc,Consumer Cyclical,"Furnishings, Fixtures & Appliances",2026-05-24,"Furnishings, Fixtures & Appliances",0,0,0,35.7,3.64,50.02,38.36,19.67,27.61,WEAK GROWTH
FIBERWEB,859432576.0,MICRO CAP,29.850000381469727,5.191304,0.45978254,0.055219997,6.45,0.15472999,0.11843,-0.638,0.156,Misc,Consumer Cyclical,Textile Manufacturing,2026-05-24,Textile Manufacturing,0,0,0,2.23,50.04,9.76,73.12,26.134999999999998,27.56,WEAK GROWTH
ANTHEM,436507836416.0,MID CAP,777.0999755859375,74.649376,15.845279,0.11848,3.997,0.28989,0.24203,-0.15,-0.258,Healthcare,Healthcare,Biotechnology,2026-05-24,Biotechnology,0,0,0,10.93,13.99,50.02,87.89,12.46,27.52,WEAK GROWTH
ARKADE,21009694720.0,SMALL CAP,113.16000366210938,14.287879,2.1988187,0.11848,18.386,0.25969,0.19715999,-0.124,-0.286,Misc,Real Estate,Real Estate - Development,2026-05-24,Real Estate - Development,0,0,0,12.32,13.15,50.02,85.78,12.735,27.5,WEAK GROWTH
SANSTAR,21284306944.0,SMALL CAP,116.79000091552734,112.29808,3.7194269,0.11848,3.402,0.07677,0.02463,-0.051,-0.042,Misc,Basic Materials,Chemicals,2026-05-24,Chemicals,0,0,0,17.73,21.65,50.02,37.03,19.689999999999998,27.49,WEAK GROWTH
RAJTV,1067857472.0,MICRO CAP,20.56999969482422,137.13333,0.9111042,0.00638,16.564,0.02776,0.0113,-0.019,0.156,Media,Communication Services,Broadcasting,2026-05-24,Broadcasting,0,0,0,20.65,50.04,4.04,19.44,35.345,27.49,WEAK GROWTH
RATNAMANI,179722911744.0,MID CAP,2564.10009765625,37.312283,4.643275,0.13578,7.488,0.109639995,0.10738,-0.368,-0.485,Misc,Basic Materials,Steel,2026-05-24,Steel,0,0,0,4.94,8.6,83.03,60.82,6.77,27.43,WEAK GROWTH
CAPACITE,18291392512.0,SMALL CAP,216.1999969482422,9.0725975,1.0042641,0.10633001,25.274,0.11723,0.07245,0.062,-0.161,Industrials,Industrials,Engineering & Construction,2026-05-24,Engineering & EPC,0,0,0,32.43,17.61,18.06,62.97,25.02,27.42,WEAK GROWTH
BSL,1267377536.0,MICRO CAP,123.13999938964844,34.687325,1.0615975,0.01987,366.348,0.04176,0.00361,-0.048,0.156,Misc,Consumer Cyclical,Textile Manufacturing,2026-05-24,Textile Manufacturing,0,0,0,17.97,50.04,6.07,23.67,34.004999999999995,27.38,WEAK GROWTH
ALPA,1455168000.0,MICRO CAP,69.16000366210938,12.528986,0.8488702,0.11848,29.565,0.029719999,0.10154,0.111,-0.787,Misc,Healthcare,Drug Manufacturers - Specialty & Generic,2026-05-24,Drug Manufacturers - Specialty & Generic,0,0,0,41.11,2.63,50.02,20.42,21.87,27.36,WEAK GROWTH
DEEPAKNTR,237296615424.0,MID CAP,1739.800048828125,43.107037,4.299412,0.09751,27.903,0.14781,0.0698,-0.027,0.085,Misc,Basic Materials,Chemicals,2026-05-24,Chemicals,0,0,0,20.06,28.64,15.83,71.43,24.35,27.35,WEAK GROWTH
HINDWAREAP,20325228544.0,SMALL CAP,242.99000549316406,26.218092,2.7643914,-0.0513,114.725,0.04923,-0.01559,-0.035,0.156,Misc,Consumer Cyclical,"Furnishings, Fixtures & Appliances",2026-05-24,"Furnishings, Fixtures & Appliances",0,0,0,19.1,50.04,2.04,26.61,34.57,27.27,WEAK GROWTH
DIGISPICE,4015930880.0,MICRO CAP,19.270000457763672,20.72043,1.9958571,0.097550005,35.372,-0.00616,0.04084,-0.082,0.156,Financials,Financial Services,Financial Conglomerates,2026-05-24,NBFC – Investment,0,0,0,15.36,50.04,15.91,11.87,32.7,27.26,WEAK GROWTH
MANUGRAPH,491368864.0,MICRO CAP,15.680000305175781,9.503031,0.7945275,0.08901,5.169,0.021979999,0.055760004,-0.098,0.156,Misc,Industrials,Specialty Industrial Machinery,2026-05-24,Specialty Industrial Machinery,0,0,0,14.58,50.04,14.3,17.75,32.31,27.25,WEAK GROWTH
JUSTDIAL,44238254080.0,SMALL CAP,520.1500244140625,8.897537,0.8662713,0.102340005,1.655,0.25351998,0.40945,0.062,-0.365,Misc,Communication Services,Internet Content & Information,2026-05-24,Internet Content & Information,0,0,0,32.43,11.17,17.2,85.31,21.8,27.23,WEAK GROWTH
JKPAPER,68801404928.0,SMALL CAP,379.45001220703125,25.901026,1.1732677,0.11848,37.239,0.045479998,0.03822,0.08,-0.583,Misc,Basic Materials,Paper & Paper Products,2026-05-24,Paper & Paper Products,0,0,0,35.7,6.19,50.02,25.0,20.945,27.17,WEAK GROWTH
FDC,60768862208.0,SMALL CAP,373.25,28.085026,2.4887648,0.11848,0.852,0.080690004,0.10428,0.001,-0.237,Misc,Healthcare,Drug Manufacturers - Specialty & Generic,2026-05-24,Drug Manufacturers - Specialty & Generic,0,0,0,23.18,14.5,50.02,38.75,18.84,27.07,WEAK GROWTH
MEDICAMEQ,3655856640.0,MICRO CAP,269.54998779296875,46.076923,1.6731117,0.11848,14.033,0.06498,0.04512,0.051,-0.474,Misc,Healthcare,Drug Manufacturers - Specialty & Generic,2026-05-24,Drug Manufacturers - Specialty & Generic,0,0,0,30.31,8.8,50.02,32.41,19.555,26.93,WEAK GROWTH
WSI,5053869056.0,MICRO CAP,66.58999633789062,26.218092,2.842568,0.00749,17.361,0.15266,0.02842,-0.475,0.156,Industrials,Industrials,Engineering & Construction,2026-05-24,Engineering & EPC,0,0,0,3.49,50.04,4.08,72.57,26.765,26.81,WEAK GROWTH
LGHL,11488729088.0,SMALL CAP,229.35000610351562,101.933334,15.3575735,0.06468,153.423,-0.07359,0.04203,-0.045,0.156,Misc,Consumer Cyclical,Luxury Goods,2026-05-24,Luxury Goods,0,0,0,18.14,50.04,10.7,8.11,34.09,26.81,WEAK GROWTH
RCF,72149770240.0,SMALL CAP,130.77999877929688,16.853092,1.4655849,0.11848,56.443,0.03999,0.01883,-0.062,0.014,Chemicals,Basic Materials,Agricultural Inputs,2026-05-24,Agrochemicals,0,0,0,16.89,24.45,50.02,23.12,20.67,26.78,WEAK GROWTH
STARPAPER,2199483136.0,MICRO CAP,140.02000427246094,5.596323,0.31157583,0.11848,0.64,-0.010779999,0.09493,-0.058,0.065,Misc,Basic Materials,Paper & Paper Products,2026-05-24,Paper & Paper Products,0,0,0,17.26,27.37,50.02,11.44,22.315,26.77,WEAK GROWTH
PANACEABIO,25636497408.0,SMALL CAP,418.54998779296875,26.218092,3.1057305,0.11848,2.786,0.019919999,-0.01285,0.01,-0.122,Healthcare,Healthcare,Biotechnology,2026-05-24,Biotechnology,0,0,0,24.2,18.75,50.02,17.07,21.475,26.74,WEAK GROWTH
KSB,142659944448.0,MID CAP,819.7000122070312,55.235847,8.498087,0.11848,0.31,0.060370002,0.09575,0.01,-0.232,Misc,Industrials,Specialty Industrial Machinery,2026-05-24,Specialty Industrial Machinery,0,0,0,24.2,14.81,50.02,30.56,19.505,26.71,WEAK GROWTH
JKIL,36864233472.0,SMALL CAP,487.20001220703125,9.434547,1.1636962,0.11848,24.572,0.11234,0.06829,-0.122,-0.161,Industrials,Industrials,Engineering & Construction,2026-05-24,Engineering & EPC,0,0,0,12.44,17.61,50.02,61.76,15.024999999999999,26.7,WEAK GROWTH
NUVOCO,114611412992.0,MID CAP,320.8999938964844,31.835318,1.1204922,0.03742,48.061,0.10877,0.031689998,0.087,-0.149,Misc,Basic Materials,Building Materials,2026-05-24,Building Materials,0,0,0,36.72,17.95,7.52,60.34,27.335,26.67,WEAK GROWTH
HARDWYN,12538101760.0,SMALL CAP,25.670000076293945,106.958336,3.0946352,0.11848,1.527,0.052010003,0.06179,0.058,-0.5,Misc,Industrials,Building Products & Equipment,2026-05-24,Building Products & Equipment,0,0,0,31.7,7.97,50.02,27.47,19.835,26.64,WEAK GROWTH
HALDER,2798456064.0,MICRO CAP,224.99000549316406,510.0120439999895,1.8492886,0.11848,199.222,0.18708,0.00592,-0.592,-0.023,Misc,Consumer Defensive,Farm Products,2026-05-24,Farm Products,0,0,0,2.63,22.36,50.02,78.33,12.495,26.58,WEAK GROWTH
PRECAM,15691659264.0,SMALL CAP,165.1999969482422,19.186993,1.9188774,0.11848,13.008,0.13286,0.10709,-0.089,-0.29,Automobiles,Consumer Cyclical,Auto Parts,2026-05-24,Auto Components,0,0,0,15.09,13.05,50.02,67.2,14.07,26.57,WEAK GROWTH
MAWANASUG,3998525952.0,MICRO CAP,102.22000122070312,11.135076,0.8731454,0.11848,1.911,0.053969998,0.02327,0.097,-0.9085618999999999,Misc,Consumer Defensive,Confectioners,2026-05-24,Confectioners,0,0,0,38.66,0.53,50.02,28.21,19.595,26.54,WEAK GROWTH
IONEXCHANG,48563671040.0,SMALL CAP,395.04998779296875,25.769732,3.623115,0.11848,32.485,0.05539,0.06302,0.064,-0.582,Misc,Industrials,Pollution & Treatment Controls,2026-05-24,Pollution & Treatment Controls,0,0,0,32.72,6.27,50.02,28.76,19.494999999999997,26.53,WEAK GROWTH
SYMPHONY,48821932032.0,SMALL CAP,710.9500122070312,26.218092,8.923125,-0.216,31.743,0.13018,-0.12467,-0.307,0.156,Misc,Consumer Cyclical,"Furnishings, Fixtures & Appliances",2026-05-24,"Furnishings, Fixtures & Appliances",0,0,0,6.11,50.04,1.1,66.61,28.075,26.53,WEAK GROWTH
PAR,1062874432.0,MICRO CAP,86.37999725341797,7.6374884,0.9974826,0.124280006,29.565,0.043709997,0.121759996,-0.106,-0.485,Misc,Healthcare,Drug Manufacturers - Specialty & Generic,2026-05-24,Drug Manufacturers - Specialty & Generic,0,0,0,14.05,8.6,80.68,24.45,11.325,26.51,WEAK GROWTH
GRINFRA,90945224704.0,SMALL CAP,939.9000244140625,10.070717,0.96957487,0.100880004,51.877,0.12872,0.1075,0.097,-0.487,Industrials,Industrials,Engineering & Construction,2026-05-24,Engineering & EPC,0,0,0,38.66,8.52,16.81,66.3,23.589999999999996,26.5,WEAK GROWTH
BALRAMCHIN,108063670272.0,MID CAP,535.0999755859375,28.815292,2.6118746,0.095410004,76.606,0.14968,0.060349997,0.067,-0.307,Misc,Consumer Defensive,Confectioners,2026-05-24,Confectioners,0,0,0,33.35,12.93,15.36,71.98,23.14,26.47,WEAK GROWTH
LAXMIDENTL,13700964352.0,SMALL CAP,249.27999877929688,59.2114,5.834933,0.11848,3.883,0.04232,0.08761,0.071,-0.591,Misc,Healthcare,Medical Instruments & Supplies,2026-05-24,Medical Instruments & Supplies,0,0,0,34.21,5.96,50.02,23.82,20.085,26.45,WEAK GROWTH
MAXESTATES,70128025600.0,SMALL CAP,428.95001220703125,140.63934,2.765243,0.11848,69.537,0.23211001,0.17722,-0.006,-0.9085618999999999,Misc,Real Estate,Real Estate - Development,2026-05-24,Real Estate - Development,0,0,0,22.28,0.53,50.02,83.74,11.405000000000001,26.36,WEAK GROWTH
MOIL,61747593216.0,SMALL CAP,303.45001220703125,21.23513,2.286203,0.10005,29.565,0.20464,0.18160999,0.026,-0.199,Misc,Basic Materials,Other Industrial Metals & Mining,2026-05-24,Other Industrial Metals & Mining,0,0,0,26.88,15.89,16.61,80.72,21.384999999999998,26.36,WEAK GROWTH
RELAXO,73287516160.0,SMALL CAP,294.3999938964844,43.679527,3.4564946,0.11848,10.214,0.04528,0.06342,0.002,-0.197,Misc,Consumer Cyclical,Footwear & Accessories,2026-05-24,Footwear & Accessories,0,0,0,23.33,16.05,50.02,24.84,19.689999999999998,26.27,WEAK GROWTH
VAISHALI,913234880.0,MICRO CAP,7.0,116.66667,1.3695949,0.11848,23.153,0.058119997,-0.00446,-0.117,0.02,Misc,Healthcare,Drug Manufacturers - Specialty & Generic,2026-05-24,Drug Manufacturers - Specialty & Generic,0,0,0,12.99,24.76,50.02,29.86,18.875,26.2,WEAK GROWTH
TATACHEM,191118163968.0,MID CAP,750.2000122070312,26.218092,0.85562694,-0.07678,36.081,-0.02007,-0.13001001,-0.02,0.156,Misc,Basic Materials,Chemicals,2026-05-24,Chemicals,0,0,0,20.59,50.04,1.76,10.7,35.315,26.14,WEAK GROWTH
PAKKA,4099716096.0,MICRO CAP,91.20999908447266,68.06716,0.9085023,0.11848,66.419,0.13428001,0.018960001,-0.089,-0.35,Misc,Basic Materials,Paper & Paper Products,2026-05-24,Paper & Paper Products,0,0,0,15.09,11.64,50.02,67.71,13.365,26.13,WEAK GROWTH
DBSTOCKBRO,1045100032.0,MICRO CAP,29.860000610351562,33.550564,1.3604265,0.11848,3.583,0.18462,0.14595,-0.287,-0.167,Misc,Financial Services,Capital Markets,2026-05-24,Capital Markets,0,0,0,6.43,17.36,50.02,77.98,11.895,26.13,WEAK GROWTH
DHANUKA,52845322240.0,SMALL CAP,1172.300048828125,18.383253,3.4236233,0.11848,2.063,0.10344,0.13392,-0.079,-0.276,Chemicals,Basic Materials,Agricultural Inputs,2026-05-24,Agrochemicals,0,0,0,15.63,13.46,50.02,58.5,14.545000000000002,26.04,WEAK GROWTH
SURAJLTD,4242290688.0,MICRO CAP,231.00999450683594,56.75921,3.1233606,0.055180002,43.774,0.082399994,0.03629,-0.261,0.156,Misc,Basic Materials,Steel,2026-05-24,Steel,0,0,0,7.21,50.04,9.72,39.3,28.625,25.91,WEAK GROWTH
JUBLINGREA,114778218496.0,MID CAP,727.75,43.473717,3.7786155,0.11848,26.51,0.07756,0.062319998,-0.005,-0.323,Chemicals,Basic Materials,Specialty Chemicals,2026-05-24,Specialty Chemicals,0,0,0,22.39,12.3,50.02,37.58,17.345,25.9,WEAK GROWTH
SHREYANIND,2112252928.0,MICRO CAP,152.7899932861328,5.9660287,0.48012292,0.01516,14.387,-0.0641,0.010199999,-0.042,0.156,Misc,Basic Materials,Paper & Paper Products,2026-05-24,Paper & Paper Products,0,0,0,18.42,50.04,5.41,8.46,34.230000000000004,25.89,WEAK GROWTH
ARE&M,150199762944.0,MID CAP,820.6500244140625,20.203102,1.9408281,0.11848,4.005,0.0636,0.0557,0.042,-0.53,Misc,Industrials,Electrical Equipment & Parts,2026-05-24,Electrical Equipment & Parts,0,0,0,29.06,7.05,50.02,31.7,18.055,25.81,WEAK GROWTH
INTENTECH,2325358336.0,MICRO CAP,99.55999755859375,25.659792,1.6353482,0.11848,0.137,0.054050002,0.071329996,0.001,-0.26,Technology,Technology,Software - Infrastructure,2026-05-24,Software Products,0,0,0,23.18,13.89,50.02,28.31,18.535,25.81,WEAK GROWTH
BOROLTD,27389155328.0,SMALL CAP,229.02999877929688,36.353966,3.0724137,0.088120006,16.696,0.05765,0.06092,0.08,-0.054,Misc,Consumer Cyclical,"Furnishings, Fixtures & Appliances",2026-05-24,"Furnishings, Fixtures & Appliances",0,0,0,35.7,21.2,14.18,29.7,28.450000000000003,25.72,WEAK GROWTH
SHK,17648652288.0,SMALL CAP,127.5,25.5,1.3336542,0.05249,75.521,0.03293,0.02925,0.138,-0.9085618999999999,Chemicals,Basic Materials,Specialty Chemicals,2026-05-24,Specialty Chemicals,0,0,0,61.48,0.53,9.37,21.32,31.005,25.71,WEAK GROWTH
AFCONS,110427340800.0,MID CAP,300.25,44.024925,2.0606847,0.11848,66.143,0.10649,0.0359,-0.073,-0.353,Industrials,Industrials,Engineering & Construction,2026-05-24,Engineering & EPC,0,0,0,16.2,11.56,50.02,59.56,13.879999999999999,25.68,WEAK GROWTH
GRPLTD,9211730944.0,MICRO CAP,1727.199951171875,285.48758,5.1636047,0.01741,116.333,0.02743,0.00602,-0.099,0.156,Automobiles,Consumer Cyclical,Auto Parts,2026-05-24,Auto Components,0,0,0,14.5,50.04,5.72,19.28,32.269999999999996,25.66,WEAK GROWTH
IGARASHI,12111598592.0,SMALL CAP,384.79998779296875,89.28074,2.6093795,0.11848,30.826,0.02881,0.01641,0.025,-0.323,Automobiles,Consumer Cyclical,Auto Parts,2026-05-24,Auto Components,0,0,0,26.7,12.3,50.02,19.98,19.5,25.65,WEAK GROWTH
BODALCHEM,9333714944.0,MICRO CAP,74.11000061035156,30.879166,0.84227395,0.11848,77.215,0.011419999,0.01617,0.104,-0.9085618999999999,Chemicals,Basic Materials,Specialty Chemicals,2026-05-24,Specialty Chemicals,0,0,0,39.81,0.53,50.02,14.95,20.17,25.62,WEAK GROWTH
RELIABLE,1354293504.0,MICRO CAP,131.22999572753906,11.531634,2.2404137,0.11848,66.061,0.21822001,0.05625,-0.298,-0.236,Technology,Technology,Information Technology Services,2026-05-24,IT Services,0,0,0,6.19,14.58,50.02,82.48,10.385,25.52,WEAK GROWTH
WHIRLPOOL,107342880768.0,MID CAP,845.75,36.50194,1.3143908,0.11848,6.334,0.022449998,0.042340003,0.04,-0.396,Misc,Consumer Cyclical,"Furnishings, Fixtures & Appliances",2026-05-24,"Furnishings, Fixtures & Appliances",0,0,0,28.74,10.38,50.02,17.91,19.56,25.49,WEAK GROWTH
RUPA,11634967552.0,SMALL CAP,146.27000427246094,17.413097,1.1494063,0.11848,24.808,0.070089996,0.054229997,-0.009,-0.318,Misc,Consumer Cyclical,Apparel Manufacturing,2026-05-24,Apparel Manufacturing,0,0,0,21.96,12.48,50.02,34.21,17.22,25.48,WEAK GROWTH
DALBHARAT,337085825024.0,MID CAP,1795.5999755859375,29.498932,1.8975697,0.06501,40.865,0.1265,0.07694,0.038,-0.108,Misc,Basic Materials,Building Materials,2026-05-24,Building Materials,0,0,0,28.51,19.26,10.78,65.87,23.885,25.46,WEAK GROWTH
WORTHPERI,2135678080.0,MICRO CAP,135.58999633789062,14.5952635,1.1713735,0.094160005,20.288,0.09899,0.047509998,0.073,-0.309,Misc,Consumer Cyclical,Packaging & Containers,2026-05-24,Packaging & Containers,0,0,0,34.58,12.85,15.24,57.45,23.715,25.39,WEAK GROWTH
RUSHIL,4653591040.0,MICRO CAP,15.859999656677246,48.060604,0.70671064,0.11848,44.026,0.066700004,0.01052,0.023,-0.5,Misc,Consumer Cyclical,"Furnishings, Fixtures & Appliances",2026-05-24,"Furnishings, Fixtures & Appliances",0,0,0,26.51,7.97,50.02,33.03,17.240000000000002,25.38,WEAK GROWTH
SPORTKING,20810010624.0,SMALL CAP,163.50999450683594,17.413204,1.9711875,0.11286,42.272,0.09743,0.04797,0.013,-0.077,Misc,Consumer Cyclical,Textile Manufacturing,2026-05-24,Textile Manufacturing,0,0,0,24.73,20.38,19.55,56.86,22.555,25.38,WEAK GROWTH
REPRO,5286257152.0,MICRO CAP,368.5,26.218092,1.4660773,0.11848,35.444,0.016280001,-0.043909997,0.034,-0.361,Misc,Industrials,Specialty Business Services,2026-05-24,Specialty Business Services,0,0,0,28.0,11.25,50.02,15.83,19.625,25.32,WEAK GROWTH
SANCO,40416120.0,MICRO CAP,3.930000066757202,32.75,-0.8173877,-0.251724018,29.565,-4.298535952029998,0.0,-0.012,0.156,Misc,Industrials,Electrical Equipment & Parts,2026-05-24,Electrical Equipment & Parts,0,0,0,21.59,50.04,0.53,0.53,35.815,25.23,WEAK GROWTH
RUDRA,1951687424.0,MICRO CAP,19.450000762939453,14.514926,1.4631761,0.10261,97.147,0.03222,0.021659998,0.074,-0.051,Misc,Basic Materials,Steel,2026-05-24,Steel,0,0,0,34.78,21.24,17.28,21.0,28.009999999999998,25.16,WEAK GROWTH
MAHEPC,3276946176.0,MICRO CAP,117.23999786376953,25.823788,1.7703284,0.07096,24.485,0.05888,0.04066,0.116,-0.237,Misc,Industrials,Farm & Heavy Construction Machinery,2026-05-24,Farm & Heavy Construction Machinery,0,0,0,42.08,14.5,11.6,30.17,28.29,25.14,WEAK GROWTH
EASEMYTRIP,29203931136.0,SMALL CAP,8.029999732971191,26.218092,3.3725324,0.11848,4.102,0.10265,-0.01942,0.007,-0.778,Misc,Consumer Cyclical,Travel Services,2026-05-24,Travel Services,0,0,0,23.84,2.66,50.02,58.27,13.25,25.11,WEAK GROWTH
RACE,2096749824.0,MICRO CAP,121.5,31.806284,2.7112668,0.11848,84.464,0.02159,0.01012,-0.221,0.1,Misc,Industrials,Waste Management,2026-05-24,Waste Management,0,0,0,8.5,29.53,50.02,17.63,19.015,25.08,WEAK GROWTH
TITAGARH,101988433920.0,MID CAP,757.2999877929688,56.179527,4.0325885,0.11848,25.09,0.09556,0.0548,-0.078,-0.232,Misc,Industrials,Railroads,2026-05-24,Railroads,0,0,0,15.67,14.81,50.02,43.73,15.24,25.04,WEAK GROWTH
ARIHANTCAP,7391191040.0,MICRO CAP,67.43000030517578,19.15625,1.688663,0.11848,51.095,0.16222,0.21153,-0.089,-0.58,Misc,Financial Services,Capital Markets,2026-05-24,Capital Markets,0,0,0,15.09,6.39,50.02,74.61,10.74,24.98,WEAK GROWTH
INDORAMA,9392240640.0,MICRO CAP,35.970001220703125,6.851429,2.108688,0.11848,245.505,0.03688,0.02795,0.014,-0.358,Misc,Consumer Cyclical,Textile Manufacturing,2026-05-24,Textile Manufacturing,0,0,0,25.0,11.36,50.02,22.3,18.18,24.96,WEAK GROWTH
AKUMS,79620726784.0,SMALL CAP,520.0499877929688,31.159374,2.401546,0.08019,4.726,0.09639,0.05854,0.094,-0.426,Misc,Healthcare,Drug Manufacturers - Specialty & Generic,2026-05-24,Drug Manufacturers - Specialty & Generic,0,0,0,37.93,9.72,13.13,56.39,23.825,24.94,WEAK GROWTH
AARTIPHARM,64648040448.0,SMALL CAP,713.0999755859375,30.30599,3.1594758,0.11848,32.974,0.17047001,0.118710004,-0.196,-0.352,Misc,Healthcare,Drug Manufacturers - Specialty & Generic,2026-05-24,Drug Manufacturers - Specialty & Generic,0,0,0,9.33,11.6,50.02,75.98,10.465,24.93,WEAK GROWTH
VIRINCHI,1789923968.0,MICRO CAP,16.190000534057617,26.218092,0.36151305,0.11848,64.151,0.15117,-0.05529,-0.067,-0.622,Technology,Technology,Software - Application,2026-05-24,SaaS,0,0,0,16.52,5.29,50.02,72.34,10.905,24.87,WEAK GROWTH
SYNGENE,185594920960.0,MID CAP,461.8500061035156,58.834396,3.9191976,0.06621,9.473,0.20549999,0.084709994,0.018,-0.195,Healthcare,Healthcare,Diagnostics & Research,2026-05-24,Diagnostics,0,0,0,25.51,16.12,10.99,80.92,20.815,24.86,WEAK GROWTH
TTKHLTCARE,12568224768.0,SMALL CAP,889.4500122070312,20.918392,1.1580702,0.11848,2.472,0.02349,0.072399996,0.022,-0.371,Misc,Healthcare,Drug Manufacturers - General,2026-05-24,Drug Manufacturers - General,0,0,0,26.33,10.95,50.02,18.1,18.64,24.86,WEAK GROWTH
HARRMALAYA,4052437760.0,MICRO CAP,219.5800018310547,16.07467,2.454505,0.11848,68.843,0.04927,0.04768,-0.008,-0.318,Misc,Consumer Defensive,Farm Products,2026-05-24,Farm Products,0,0,0,22.1,12.48,50.02,26.65,17.29,24.77,WEAK GROWTH
GEOJITFSL,20481980416.0,SMALL CAP,73.37999725341797,21.904478,1.7096525,0.06585,9.473,0.1257,0.12202,0.081,-0.435,Misc,Financial Services,Capital Markets,2026-05-24,Capital Markets,0,0,0,35.93,9.56,10.93,65.54,22.745,24.66,WEAK GROWTH
SULA,13493822464.0,SMALL CAP,159.7899932861328,52.5625,2.2909288,0.043709997,56.679,0.13083,0.04614,0.073,-0.342,Misc,Consumer Defensive,Beverages - Wineries & Distilleries,2026-05-24,Beverages - Wineries & Distilleries,0,0,0,34.58,11.78,8.23,66.69,23.18,24.54,WEAK GROWTH
KNRCON,37156712448.0,SMALL CAP,132.1199951171875,7.906643,0.780482,0.11848,48.727,0.20412001,0.15491,-0.124,-0.586,Industrials,Industrials,Engineering & Construction,2026-05-24,Engineering & EPC,0,0,0,12.32,6.07,50.02,80.6,9.195,24.5,WEAK GROWTH
BHARATWIRE,15038024704.0,SMALL CAP,219.13999938964844,28.571056,1.9350623,0.11848,9.237,0.16924,0.12344,-0.174,-0.424,Misc,Basic Materials,Steel,2026-05-24,Steel,0,0,0,9.99,9.78,50.02,75.59,9.885,24.48,WEAK GROWTH
BRNL,1699148032.0,MICRO CAP,20.239999771118164,6.1519756,0.16167296,0.11848,77.326,0.40245998,0.18107,-0.119,-0.847,Misc,Industrials,Infrastructure Operations,2026-05-24,Infrastructure Operations,0,0,0,12.52,1.92,50.02,93.22,7.22,24.38,WEAK GROWTH
RAJOOENG,9830714368.0,MICRO CAP,55.02000045776367,20.080292,2.8894024,0.18706,6.767,-0.00356,0.13869001,-0.117,-0.903,Misc,Industrials,Specialty Industrial Machinery,2026-05-24,Specialty Industrial Machinery,0,0,0,12.99,1.1,91.11,12.19,7.045,24.37,WEAK GROWTH
ATLANTAA,3498795008.0,MICRO CAP,42.93000030517578,26.218092,1.6471627,-0.00802,148.258,0.8848054185939996,-0.01828,-0.074,-0.002,Misc,Industrials,Infrastructure Operations,2026-05-24,Infrastructure Operations,0,0,0,16.11,23.33,2.98,99.51,19.72,24.35,WEAK GROWTH
JKLAKSHMI,75914313728.0,SMALL CAP,611.5,18.418674,2.0501628,0.11098,66.59,0.124060005,0.05994,0.022,-0.27,Misc,Basic Materials,Building Materials,2026-05-24,Building Materials,0,0,0,26.33,13.66,19.04,65.05,19.994999999999997,24.31,WEAK GROWTH
BSHSL,10181014528.0,SMALL CAP,97.0199966430664,36.20149,7.5933313,0.11848,24.979,0.08523,0.07942,-0.159,-0.129,Chemicals,Basic Materials,Agricultural Inputs,2026-05-24,Agrochemicals,0,0,0,10.6,18.44,50.02,40.44,14.52,24.21,WEAK GROWTH
LXCHEM,42083483648.0,SMALL CAP,151.80999755859375,52.895473,2.1146693,0.11848,17.29,0.04099,0.028210001,-0.086,-0.124,Chemicals,Basic Materials,Specialty Chemicals,2026-05-24,Specialty Chemicals,0,0,0,15.24,18.65,50.02,23.39,16.945,24.2,WEAK GROWTH
AAATECH,1189300864.0,MICRO CAP,92.72000122070312,37.691055,3.8628504,0.11848,29.565,0.11416,0.12382,-0.31,-0.186,Technology,Technology,Information Technology Services,2026-05-24,IT Services,0,0,0,6.0,16.38,50.02,62.26,11.19,24.06,WEAK GROWTH
JSWHL,140151078912.0,MID CAP,12628.0,98.035866,0.4476002,0.11848,29.565,0.8848054185939996,0.76741,-0.419,-0.51,Misc,Industrials,Conglomerates,2026-05-24,Conglomerates,0,0,0,4.19,7.43,50.02,99.51,5.8100000000000005,24.02,WEAK GROWTH
HPAL,3288196864.0,MICRO CAP,35.790000915527344,47.092106,1.7396588,0.03751,2.255,-0.076680005,0.027590001,-0.13,0.156,Chemicals,Basic Materials,Specialty Chemicals,2026-05-24,Specialty Chemicals,0,0,0,11.97,50.04,7.56,7.84,31.005,24.0,WEAK GROWTH
SUMEETINDS,15668716544.0,SMALL CAP,29.770000457763672,3.258048784,0.39288402,0.11848,48.264,0.040710002,0.092,0.06,-0.904,Misc,Consumer Cyclical,Textile Manufacturing,2026-05-24,Textile Manufacturing,0,0,0,31.99,1.06,50.02,23.32,16.525,23.9,WEAK GROWTH
MANGALAM,465508768.0,MICRO CAP,29.40999984741211,26.218092,0.45161387,-0.251724018,109.406,-0.15122,-0.19063999,-0.074,0.156,Misc,Healthcare,Drug Manufacturers - Specialty & Generic,2026-05-24,Drug Manufacturers - Specialty & Generic,0,0,0,16.11,50.04,0.53,6.35,33.075,23.89,WEAK GROWTH
GENCON,2213914624.0,MICRO CAP,38.849998474121094,22.719297,0.7631263,0.11848,23.407,0.08543,0.042600002,-0.136,-0.189,Industrials,Industrials,Engineering & Construction,2026-05-24,Engineering & EPC,0,0,0,11.64,16.3,50.02,40.6,13.97,23.84,WEAK GROWTH
JWL,118360236032.0,MID CAP,276.95001220703125,47.832474,4.200222,0.11848,26.721,0.11151,0.07721,-0.135,-0.419,Misc,Industrials,Railroads,2026-05-24,Railroads,0,0,0,11.72,9.89,50.02,61.4,10.805,23.71,WEAK GROWTH
VSTTILLERS,40810713088.0,SMALL CAP,4716.5,39.06328,3.8584783,0.09992,0.175,0.12349,0.08443,0.09,-0.792,Misc,Industrials,Farm & Heavy Construction Machinery,2026-05-24,Farm & Heavy Construction Machinery,0,0,0,37.13,2.59,16.54,64.81,19.86,23.69,WEAK GROWTH
PODDARMENT,2651969536.0,MICRO CAP,249.9499969482422,17.479021,0.72255963,0.11848,29.565,0.04329,0.04192,0.015,-0.546,Chemicals,Basic Materials,Specialty Chemicals,2026-05-24,Specialty Chemicals,0,0,0,25.14,6.8,50.02,24.37,15.97,23.62,WEAK GROWTH
ONMOBILE,5383050240.0,MICRO CAP,50.630001068115234,31.06135,0.8305855,-0.01839,12.298,-0.2726,-0.019709999,-0.1,0.156,Telecom,Communication Services,Telecom Services,2026-05-24,Telecom Services,0,0,0,14.44,50.04,2.66,4.98,32.24,23.6,WEAK GROWTH
MUFTI,5834935808.0,MICRO CAP,89.26000213623047,12.589562,1.400904,0.11848,58.118,0.0994,0.07888,-0.06,-0.619,Misc,Consumer Cyclical,Apparel Retail,2026-05-24,Apparel Retail,0,0,0,17.07,5.33,50.02,57.56,11.2,23.6,WEAK GROWTH
RAMASTEEL,8540133376.0,MICRO CAP,5.21999979019165,57.999996,1.7469879,0.11848,26.441,0.0164,0.01349,0.052,-0.718,Misc,Basic Materials,Steel,2026-05-24,Steel,0,0,0,30.54,3.61,50.02,15.99,17.075,23.56,WEAK GROWTH
LIKHITHA,8021250048.0,MICRO CAP,203.2100067138672,15.35979,2.0127575,0.11848,0.133,0.10613,0.11071,-0.118,-0.463,Misc,Energy,Oil & Gas Equipment & Services,2026-05-24,Oil & Gas Equipment & Services,0,0,0,12.72,9.01,50.02,59.37,10.865,23.55,WEAK GROWTH
WSTCSTPAPR,31680358400.0,SMALL CAP,479.6499938964844,22.17522,0.8945507,0.11848,11.26,0.01271,0.034849998,0.033,-0.581,Misc,Basic Materials,Paper & Paper Products,2026-05-24,Paper & Paper Products,0,0,0,27.92,6.33,50.02,15.16,17.125,23.51,WEAK GROWTH
RADIOCITY,2143199360.0,MICRO CAP,6.099999904632568,26.218092,0.42870194,0.11848,27.219,0.017239999,-0.23044,-0.289,0.066,Media,Communication Services,Broadcasting,2026-05-24,Broadcasting,0,0,0,6.37,27.51,50.02,16.18,16.94,23.48,WEAK GROWTH
HMVL,4666720768.0,MICRO CAP,63.47999954223633,7.022124,0.30060518,0.11848,5.327,-0.021389998,0.08396,0.075,-0.9085618999999999,Misc,Communication Services,Publishing,2026-05-24,Publishing,0,0,0,34.89,0.53,50.02,10.5,17.71,23.45,WEAK GROWTH
SUNDROP,25517000704.0,SMALL CAP,676.9000244140625,126.52337,1.7649574,0.0138,29.565,0.06032,0.012990001,0.005,0.139,Misc,Consumer Defensive,Packaged Foods,2026-05-24,Packaged Foods,0,0,0,23.65,31.7,5.09,30.49,27.674999999999997,23.44,WEAK GROWTH
RPPINFRA,3536467712.0,MICRO CAP,71.31999969482422,17.021479,0.63664925,0.11848,18.172,0.00524,0.026600001,0.069,-0.9085618999999999,Industrials,Industrials,Engineering & Construction,2026-05-24,Engineering & EPC,0,0,0,33.72,0.53,50.02,13.79,17.125,23.37,WEAK GROWTH
OPTIEMUS,37151731712.0,SMALL CAP,418.8999938964844,56.531715,5.165101,0.11848,32.446,0.05278,0.03808,-0.088,-0.223,Misc,Technology,Electronics & Computer Distribution,2026-05-24,Electronics & Computer Distribution,0,0,0,15.2,14.99,50.02,27.82,15.094999999999999,23.35,WEAK GROWTH
ADVENTHTL,7786656256.0,MICRO CAP,144.35000610351562,12.629046,0.8609789,0.06509,78.145,0.31002,0.16149999,0.068,-0.88,Misc,Consumer Cyclical,Lodging,2026-05-24,Lodging,0,0,0,33.52,1.43,10.82,89.3,17.475,23.33,WEAK GROWTH
CANHLIFE,131747782656.0,MID CAP,139.0500030517578,104.548874,8.129678,0.081099994,15.572,0.031489998,0.01081,-0.553,0.156,Financials,Financial Services,Insurance - Life,2026-05-24,Life Insurance,0,0,0,2.9,50.04,13.17,20.81,26.47,23.24,WEAK GROWTH
ASAHISONG,2783208192.0,MICRO CAP,236.1199951171875,17.887878,1.0808485,0.11848,49.417,0.04571,0.02856,-0.098,-0.198,Chemicals,Basic Materials,Specialty Chemicals,2026-05-24,Specialty Chemicals,0,0,0,14.58,15.97,50.02,25.12,15.275,23.21,WEAK GROWTH
AARTECH,1343569280.0,MICRO CAP,42.290000915527344,76.89091,3.9701464,0.11848,15.972,0.29993,0.05098,-0.245,-0.69,Misc,Industrials,Electrical Equipment & Parts,2026-05-24,Electrical Equipment & Parts,0,0,0,7.72,4.39,50.02,88.79,6.055,23.12,WEAK GROWTH
DAMCAPITAL,11371964416.0,SMALL CAP,160.8800048828125,14.050655,3.6687875,0.11848,1.278,0.39832002,0.34159002,-0.346,-0.61,Misc,Financial Services,Capital Markets,2026-05-24,Capital Markets,0,0,0,5.25,5.45,50.02,92.87,5.35,23.04,WEAK GROWTH
BRIGADE,164422549504.0,MID CAP,672.1500244140625,510.0120439999895,2.4108076,0.10786,84.316,0.19521,0.11311,-0.002,-0.424,Misc,Real Estate,Real Estate - Development,2026-05-24,Real Estate - Development,0,0,0,22.79,9.78,18.38,79.41,16.285,23.02,WEAK GROWTH
JAYAGROGN,6951600128.0,MICRO CAP,231.72000122070312,15.720489,1.1801255,0.11848,30.871,0.02082,0.01847,0.013,-0.511,Chemicals,Basic Materials,Specialty Chemicals,2026-05-24,Specialty Chemicals,0,0,0,24.73,7.37,50.02,17.44,16.05,22.98,WEAK GROWTH
ARIHANTSUP,10494610432.0,SMALL CAP,242.64999389648438,22.784039,4.8762107,0.11848,197.85,0.22343999,0.08693,-0.164,-0.76,Misc,Real Estate,Real Estate - Development,2026-05-24,Real Estate - Development,0,0,0,10.4,2.86,50.02,83.11,6.63,22.96,WEAK GROWTH
MHRIL,44140998656.0,SMALL CAP,218.8699951171875,63.624996,5.675942,0.08522,488.662,0.108,0.02323,0.053,-0.431,Misc,Consumer Cyclical,Resorts & Casinos,2026-05-24,Resorts & Casinos,0,0,0,30.84,9.64,13.71,60.15,20.240000000000002,22.92,WEAK GROWTH
CHEMFAB,5816318464.0,MICRO CAP,404.6499938964844,26.218092,1.5363207,-0.00907,33.498,0.00758,-0.01102,-0.19,0.156,Chemicals,Basic Materials,Specialty Chemicals,2026-05-24,Specialty Chemicals,0,0,0,9.44,50.04,2.94,14.11,29.74,22.82,WEAK GROWTH
TREL,6076049920.0,MICRO CAP,24.729999542236328,9.774703,0.4802408,0.031229999,29.565,0.38276002,0.44107,0.051,-0.696,Misc,Real Estate,Real Estate Services,2026-05-24,Real Estate Services,0,0,0,30.31,4.29,6.97,92.36,17.3,22.74,WEAK GROWTH
MFSL,576990347264.0,LARGE CAP,1680.0,510.0120439999895,21.079311,0.01629,12.673,0.04599,0.00176,-0.402,0.156,Financials,Financial Services,Insurance - Life,2026-05-24,Life Insurance,0,0,0,4.39,50.04,5.6,25.24,27.215,22.69,WEAK GROWTH
AIIL,433741922304.0,MID CAP,510.75,11.933412,2.6639025,0.11848,20.291,0.78849,0.9940124999999989,-0.421,-0.701,Misc,Financial Services,Capital Markets,2026-05-24,Capital Markets,0,0,0,4.09,4.08,50.02,98.24,4.085,22.69,WEAK GROWTH
CELEBRITY,493149344.0,MICRO CAP,7.639999866485596,26.218092,4.1499186,-0.251724018,605.198,-0.00183,-0.09114,-0.151,0.156,Misc,Consumer Cyclical,Apparel Manufacturing,2026-05-24,Apparel Manufacturing,0,0,0,10.89,50.04,0.53,12.54,30.465,22.69,WEAK GROWTH
VIPIND,43070119936.0,SMALL CAP,303.20001220703125,26.218092,9.282106,-0.251724018,254.843,-0.25888002,-0.18191,-0.117,0.156,Misc,Consumer Cyclical,Footwear & Accessories,2026-05-24,Footwear & Accessories,0,0,0,12.99,50.04,0.53,5.13,31.515,22.68,WEAK GROWTH
PFS,19801595904.0,SMALL CAP,30.829999923706055,6.2032194,0.64152986,0.11848,29.565,0.84139997,0.54587,-0.555,-0.624,Financials,Financial Services,Credit Services,2026-05-24,NBFC – Lending,0,0,0,2.82,5.23,50.02,98.59,4.025,22.68,WEAK GROWTH
SHIVALIK,4080788736.0,MICRO CAP,258.3999938964844,35.108696,0.6952797,0.11848,17.115,0.06413,0.035350002,-0.038,-0.496,Chemicals,Basic Materials,Agricultural Inputs,2026-05-24,Agrochemicals,0,0,0,18.79,8.27,50.02,31.94,13.53,22.67,WEAK GROWTH
MAANALU,8613226496.0,MICRO CAP,143.58999633789062,50.738518,4.1403074,0.11848,44.279,0.024300002,0.01908,-0.166,-0.071,Misc,Basic Materials,Aluminum,2026-05-24,Aluminum,0,0,0,10.31,20.61,50.02,18.26,15.46,22.65,WEAK GROWTH
EIMCOELECO,9261718528.0,MICRO CAP,1605.5999755859375,23.924898,1.9816056,0.08608,0.93,0.15675999,0.16777,0.04,-0.572,Misc,Industrials,Farm & Heavy Construction Machinery,2026-05-24,Farm & Heavy Construction Machinery,0,0,0,28.74,6.43,13.87,73.63,17.585,22.45,WEAK GROWTH
SANGINITA,685355008.0,MICRO CAP,26.459999084472656,26.218092,1.2406226,-0.18882999,26.413,-0.13744001,-0.054899998,-0.138,0.156,Misc,Basic Materials,Chemicals,2026-05-24,Chemicals,0,0,0,11.56,50.04,1.14,6.58,30.8,22.45,WEAK GROWTH
ITCHOTELS,321382383616.0,MID CAP,154.2899932861328,39.35969,2.8995337,0.11848,0.634,0.28756002,0.19205,-0.648,-0.498,Misc,Consumer Cyclical,Resorts & Casinos,2026-05-24,Resorts & Casinos,0,0,0,2.12,8.21,50.02,87.7,5.165000000000001,22.39,WEAK GROWTH
IRCON,132518658048.0,MID CAP,140.89999389648438,22.259083,2.0579255,0.09084,85.833,0.098780006,0.06267,-0.035,-0.088,Industrials,Industrials,Engineering & Construction,2026-05-24,Engineering & EPC,0,0,0,19.1,20.14,14.58,57.29,19.62,22.38,WEAK GROWTH
PILITA,1880000000.0,MICRO CAP,8.0,42.105263,2.7981813,0.11848,18.778,0.04753,0.04137,-0.014,-0.571,Misc,Consumer Cyclical,"Furnishings, Fixtures & Appliances",2026-05-24,"Furnishings, Fixtures & Appliances",0,0,0,21.32,6.49,50.02,26.06,13.905000000000001,22.34,WEAK GROWTH
VISHWARAJ,1171913088.0,MICRO CAP,5.380000114440918,26.218092,0.48001426,-0.13826999,145.775,-0.03396,-0.083500005,-0.166,0.156,Misc,Consumer Defensive,Confectioners,2026-05-24,Confectioners,0,0,0,10.31,50.04,1.29,9.48,30.175,22.33,WEAK GROWTH
UFO,2850555648.0,MICRO CAP,73.44000244140625,14.485208,0.90813535,0.11848,29.853,0.08045,0.04428,-0.049,-0.583,Misc,Communication Services,Entertainment,2026-05-24,Entertainment,0,0,0,17.91,6.19,50.02,38.64,12.05,22.3,WEAK GROWTH
GANESHHOU,57599631360.0,SMALL CAP,690.75,13.716243,2.599668,0.11848,3.485,0.80433,0.62872005,-0.645,-0.666,Misc,Real Estate,Real Estate - Development,2026-05-24,Real Estate - Development,0,0,0,2.16,4.66,50.02,98.39,3.41,22.23,WEAK GROWTH
EMSLIMITED,18003089408.0,SMALL CAP,324.20001220703125,13.719849,1.7293249,0.11848,15.798,0.14032,0.14693,-0.183,-0.627,Industrials,Industrials,Engineering & Construction,2026-05-24,Engineering & EPC,0,0,0,9.8,5.13,50.02,69.59,7.465,22.19,WEAK GROWTH
AHLADA,516193952.0,MICRO CAP,39.95000076293945,22.071825,0.3748077,0.11848,26.993,0.06421,0.01924,-0.071,-0.444,Misc,Industrials,Building Products & Equipment,2026-05-24,Building Products & Equipment,0,0,0,16.26,9.37,50.02,32.03,12.815000000000001,22.18,WEAK GROWTH
GOKEX,51093704704.0,SMALL CAP,697.2999877929688,53.188408,2.3769674,0.047220003,58.934,0.08213,0.02463,0.071,-0.308,Misc,Consumer Cyclical,Apparel Manufacturing,2026-05-24,Apparel Manufacturing,0,0,0,34.21,12.89,8.78,39.18,23.55,22.16,WEAK GROWTH
TRIDENT,124332253184.0,MID CAP,24.399999618530273,32.972973,2.6687083,0.11848,34.742,0.042919997,0.058909997,-0.056,-0.4,Misc,Consumer Cyclical,Textile Manufacturing,2026-05-24,Textile Manufacturing,0,0,0,17.36,10.27,50.02,24.14,13.815,22.09,WEAK GROWTH
HIMATSEIDE,9685927936.0,MICRO CAP,77.02999877929688,11.742378,0.46020478,0.11848,121.696,0.09887999,0.028380001,-0.116,-0.643,Misc,Consumer Cyclical,Textile Manufacturing,2026-05-24,Textile Manufacturing,0,0,0,13.19,4.9,50.02,57.33,9.045,22.07,WEAK GROWTH
PPL,4651198464.0,MICRO CAP,194.42999267578125,11.614695,1.0173509,0.11848,2.772,0.07706,0.05353,-0.059,-0.562,Misc,Industrials,Building Products & Equipment,2026-05-24,Building Products & Equipment,0,0,0,17.16,6.62,50.02,37.19,11.89,22.05,WEAK GROWTH
TEGA,120429699072.0,MID CAP,1603.0,53.18514,7.232188,0.11848,20.696,0.055040002,0.118669994,-0.014,-0.653,Misc,Industrials,Specialty Industrial Machinery,2026-05-24,Specialty Industrial Machinery,0,0,0,21.32,4.78,50.02,28.68,13.05,22.01,WEAK GROWTH
FELDVR,1260477952.0,MICRO CAP,2.549999952316284,26.218092,0.04819778,-0.251724018,29.565,-0.97987,-0.9244204,-0.132,0.156,Misc,Consumer Cyclical,Department Stores,2026-05-24,Department Stores,0,0,0,11.89,50.04,0.53,2.14,30.965,22.0,WEAK GROWTH
FEL,222437280.0,MICRO CAP,0.44999998807907104,26.218092,0.008505491,-0.251724018,29.565,-0.97987,-0.9244204,-0.132,0.156,Misc,Consumer Cyclical,Department Stores,2026-05-24,Department Stores,0,0,0,11.89,50.04,0.53,2.14,30.965,22.0,WEAK GROWTH
RAYMOND,36792958976.0,SMALL CAP,552.8499755859375,108.61492,1.1317691,0.01472,33.836,0.06429,0.9940124999999989,0.117,-0.9085618999999999,Misc,Industrials,Specialty Industrial Machinery,2026-05-24,Specialty Industrial Machinery,0,0,0,50.04,0.53,5.29,32.09,25.285,21.97,WEAK GROWTH
MUTHOOTCAP,3252993024.0,MICRO CAP,197.77999877929688,29.171091,0.48553318,0.01682,482.095,0.13509,0.03521,-0.005,-0.163,Financials,Financial Services,Credit Services,2026-05-24,NBFC – Lending,0,0,0,22.39,17.54,5.64,67.99,19.965,21.9,WEAK GROWTH
BLUEJET,76506923008.0,SMALL CAP,441.04998779296875,26.036009,6.0836997,0.11848,1.643,0.21260001,0.27876,-0.396,-0.594,Healthcare,Healthcare,Biotechnology,2026-05-24,Biotechnology,0,0,0,4.57,5.84,50.02,81.86,5.205,21.83,WEAK GROWTH
TOTAL,873114368.0,MICRO CAP,54.13999938964844,6.5863743,0.9873796,0.11848,43.322,0.02256,0.02125,-0.109,-0.235,Misc,Industrials,Integrated Freight & Logistics,2026-05-24,Integrated Freight & Logistics,0,0,0,13.93,14.64,50.02,17.95,14.285,21.8,WEAK GROWTH
SURYALAXMI,1093903744.0,MICRO CAP,58.16999816894531,21.386028,0.40333092,0.11848,96.321,0.0366,0.00638,-0.051,-0.432,Misc,Consumer Cyclical,Textile Manufacturing,2026-05-24,Textile Manufacturing,0,0,0,17.73,9.6,50.02,22.18,13.665,21.79,WEAK GROWTH
POKARNA,25860435968.0,SMALL CAP,834.0999755859375,22.678085,3.1928248,0.11848,37.631,0.21020001,0.16514999,-0.396,-0.597,Misc,Industrials,Building Products & Equipment,2026-05-24,Building Products & Equipment,0,0,0,4.57,5.76,50.02,81.47,5.165,21.77,WEAK GROWTH
AMNPLST,10486812672.0,SMALL CAP,190.60000610351562,30.841425,3.8966348,0.11848,11.324,0.078049995,0.05842,-0.253,-0.22,Misc,Basic Materials,Chemicals,2026-05-24,Chemicals,0,0,0,7.48,15.24,50.02,37.77,11.36,21.73,WEAK GROWTH
SHRIPISTON,143320514560.0,MID CAP,3253.60009765625,25.906523,5.9874973,0.11848,29.565,0.05479,0.08016,-0.053,-0.506,Automobiles,Consumer Cyclical,Auto Parts,2026-05-24,Auto Components,0,0,0,17.54,7.56,50.02,28.57,12.549999999999999,21.65,WEAK GROWTH
HLVLTD,5234523648.0,MICRO CAP,7.940000057220459,264.6667,1.1151686,0.00936,8.381,0.109519996,0.02148,0.055,-0.375,Misc,Consumer Cyclical,Lodging,2026-05-24,Lodging,0,0,0,31.13,10.85,4.23,60.74,20.99,21.61,WEAK GROWTH
SRD,2663576576.0,MICRO CAP,41.63999938964844,23.794285,2.429972,0.11848,29.565,0.02912,0.02592,-0.111,-0.267,Chemicals,Basic Materials,Specialty Chemicals,2026-05-24,Specialty Chemicals,0,0,0,13.7,13.71,50.02,20.14,13.705,21.61,WEAK GROWTH
SUMIT,2031661696.0,MICRO CAP,44.880001068115234,20.971962,1.3505462,0.11848,32.611,0.32586,0.09591,-0.616,-0.638,Misc,Real Estate,Real Estate - Development,2026-05-24,Real Estate - Development,0,0,0,2.39,4.94,50.02,90.28,3.665,21.6,WEAK GROWTH
UTTAMSUGAR,9377177600.0,MICRO CAP,245.1999969482422,9.319651,1.179294,0.11748,81.154,0.18324,0.04555,-0.171,-0.168,Misc,Consumer Defensive,Confectioners,2026-05-24,Confectioners,0,0,0,10.07,17.28,20.45,77.74,13.675,21.44,WEAK GROWTH
RUBFILA,4328378368.0,MICRO CAP,79.76000213623047,15.163498,1.4326,0.098179996,0.342,0.03964,0.04836,0.064,-0.313,Chemicals,Basic Materials,Specialty Chemicals,2026-05-24,Specialty Chemicals,0,0,0,32.72,12.66,16.11,22.96,22.689999999999998,21.4,WEAK GROWTH
JINDWORLD,26498770944.0,SMALL CAP,26.43000030517578,40.045452,3.201696,0.11848,71.079,0.04512,0.029189998,-0.148,-0.239,Misc,Consumer Cyclical,Textile Manufacturing,2026-05-24,Textile Manufacturing,0,0,0,11.03,14.42,50.02,24.76,12.725,21.39,WEAK GROWTH
NCC,91772338176.0,SMALL CAP,146.1699981689453,13.584572,1.220066,0.093219995,43.056,0.07795,0.03243,0.017,-0.188,Industrials,Industrials,Engineering & Construction,2026-05-24,Engineering & EPC,0,0,0,25.31,16.34,14.89,37.7,20.825,21.33,WEAK GROWTH
PREMEXPLN,32028456960.0,SMALL CAP,595.5,74.62406,11.582674,0.11848,10.097,0.10602,0.115150005,-0.509,-0.339,Chemicals,Basic Materials,Specialty Chemicals,2026-05-24,Specialty Chemicals,0,0,0,3.21,11.93,50.02,59.33,7.57,21.24,WEAK GROWTH
PATELENG,24878991360.0,SMALL CAP,26.049999237060547,9.172535,0.5757797,0.0655,27.377,0.1333,0.052750003,-0.118,-0.023,Industrials,Industrials,Engineering & Construction,2026-05-24,Engineering & EPC,0,0,0,12.72,22.36,10.85,67.32,17.54,21.18,WEAK GROWTH
INVENTURE,1029000000.0,MICRO CAP,0.9800000190734863,24.500002,0.28008002,0.01402,13.28,0.00878,0.092259996,-0.523,0.156,Misc,Financial Services,Capital Markets,2026-05-24,Capital Markets,0,0,0,3.1,50.04,5.21,14.46,26.57,21.09,WEAK GROWTH
DPSCLTD,8101929472.0,MICRO CAP,8.319999694824219,277.33334,0.9208633,0.11848,29.565,-0.098579995,0.01042,-0.023,-0.467,Misc,Utilities,Utilities - Regulated Electric,2026-05-24,Utilities - Regulated Electric,0,0,0,20.43,8.97,50.02,7.33,14.7,21.03,WEAK GROWTH
DHANLAXMI,898040000.0,MICRO CAP,30.049999237060547,8.396946,1.775167,0.11848,22.006,0.23196,0.13361,-0.76,-0.585,Misc,Consumer Defensive,Farm Products,2026-05-24,Farm Products,0,0,0,1.51,6.11,50.02,83.62,3.81,21.03,WEAK GROWTH
UBL,347745648640.0,MID CAP,1315.199951171875,84.03834,8.003894,0.09292,29.076,0.02807,0.04472,-0.031,0.043,Misc,Consumer Defensive,Beverages - Brewers,2026-05-24,Beverages - Brewers,0,0,0,19.67,26.1,14.85,19.67,22.885,20.96,WEAK GROWTH
SALASAR,12165734400.0,SMALL CAP,6.960000038146973,69.6,1.4795918,0.11848,42.992,0.06046,0.01071,-0.118,-0.429,Misc,Basic Materials,Steel,2026-05-24,Steel,0,0,0,12.72,9.68,50.02,30.64,11.2,20.91,WEAK GROWTH
UFLEX,29899165696.0,SMALL CAP,414.04998779296875,10.320289,0.3865605,0.11848,120.69,0.06702,0.01939,-0.043,-0.736,Misc,Consumer Cyclical,Packaging & Containers,2026-05-24,Packaging & Containers,0,0,0,18.26,3.33,50.02,33.21,10.795000000000002,20.88,WEAK GROWTH
DLF,1452265308160.0,LARGE CAP,586.7000122070312,32.886772,3.196683,0.10031,0.673,0.19984,0.53876996,-0.42,-0.011,Misc,Real Estate,Real Estate - Development,2026-05-24,Real Estate - Development,0,0,0,4.15,22.94,16.69,79.98,13.545000000000002,20.82,WEAK GROWTH
TRF,2584386304.0,MICRO CAP,234.85000610351562,26.218092,3.0619698,-0.05327,153.664,-0.34904,-0.05257,-0.285,0.156,Misc,Industrials,Specialty Industrial Machinery,2026-05-24,Specialty Industrial Machinery,0,0,0,6.52,50.04,2.0,4.11,28.28,20.61,WEAK GROWTH
KOTHARIPRO,4335716352.0,MICRO CAP,72.63999938964844,3.258048784,0.38472334,0.11848,21.976,-0.083629996,0.045689996,-0.269,-0.059,Misc,Industrials,Conglomerates,2026-05-24,Conglomerates,0,0,0,7.01,20.98,50.02,7.6,13.995000000000001,20.56,WEAK GROWTH
RESPONIND,44217028608.0,SMALL CAP,165.85000610351562,24.570372,3.0014298,0.11848,13.937,0.090909995,0.13376,-0.154,-0.523,Chemicals,Basic Materials,Specialty Chemicals,2026-05-24,Specialty Chemicals,0,0,0,10.78,7.19,50.02,42.16,8.985,20.51,WEAK GROWTH
SALONA,1465578368.0,MICRO CAP,278.5,26.218092,1.1992319,0.11848,278.404,0.03543,2.0000001e-05,-0.017,-0.794,Misc,Consumer Cyclical,Textile Manufacturing,2026-05-24,Textile Manufacturing,0,0,0,21.02,2.51,50.02,21.98,11.765,20.44,WEAK GROWTH
AEPL,4096922112.0,MICRO CAP,16.31999969482422,42.94737,4.54343,0.11848,2.301,0.24391001,0.12214,-0.769,-0.7,Misc,Industrials,Electrical Equipment & Parts,2026-05-24,Electrical Equipment & Parts,0,0,0,1.37,4.15,50.02,84.6,2.7600000000000002,20.4,WEAK GROWTH
SYSTMTXC,9030757376.0,MICRO CAP,66.04000091552734,31.44762,2.8843467,0.045089997,6.082,-0.53219,0.0979,-0.624,0.156,Misc,Financial Services,Capital Markets,2026-05-24,Capital Markets,0,0,0,2.35,50.04,8.39,3.1,26.195,20.32,WEAK GROWTH
KOLTEPATIL,34962128896.0,SMALL CAP,394.25,67.16354,2.860387,-0.0373,98.241,0.01507,-0.048189998,-0.635,0.156,Misc,Real Estate,Real Estate - Development,2026-05-24,Real Estate - Development,0,0,0,2.27,50.04,2.19,15.6,26.155,20.31,WEAK GROWTH
JASH,25114869760.0,SMALL CAP,399.25,45.06208,5.7551208,0.11848,25.205,0.07403,0.07456,-0.112,-0.624,Misc,Industrials,Specialty Industrial Machinery,2026-05-24,Specialty Industrial Machinery,0,0,0,13.58,5.23,50.02,36.07,9.405000000000001,20.19,WEAK GROWTH
MSPL,23930157056.0,SMALL CAP,42.220001220703125,26.218092,2.6221974,0.11848,30.822,0.02928,-0.03051,-0.109,-0.46,Misc,Basic Materials,Steel,2026-05-24,Steel,0,0,0,13.93,9.07,50.02,20.22,11.5,20.08,WEAK GROWTH
BALAXI,1383499904.0,MICRO CAP,25.059999465942383,14.65497,0.550068,0.11848,23.745,0.03487,0.03424,-0.01,-0.9085618999999999,Misc,Healthcare,Drug Manufacturers - Specialty & Generic,2026-05-24,Drug Manufacturers - Specialty & Generic,0,0,0,21.83,0.53,50.02,21.79,11.18,20.01,WEAK GROWTH
ALLCARGO,12880894976.0,SMALL CAP,8.600000381469727,215.00002,1.2356322,0.00373,120.732,0.01556,0.00389,-0.8136411,0.156,Misc,Industrials,Integrated Freight & Logistics,2026-05-24,Integrated Freight & Logistics,0,0,0,0.53,50.04,3.57,15.71,25.285,19.98,WEAK GROWTH
TEXRAIL,44026814464.0,SMALL CAP,108.20999908447266,22.357437,1.507271,0.11848,31.207,0.073920004,0.038900003,-0.215,-0.443,Misc,Industrials,Railroads,2026-05-24,Railroads,0,0,0,8.72,9.4,50.02,35.89,9.06,19.94,WEAK GROWTH
SHEMAROO,2966978048.0,MICRO CAP,103.2699966430664,26.218092,0.73926395,-0.251724018,113.341,-0.63537997,-0.37494,-0.317,0.156,Misc,Communication Services,Entertainment,2026-05-24,Entertainment,0,0,0,5.8,50.04,0.53,2.82,27.919999999999998,19.93,WEAK GROWTH
RSSOFTWARE,842872448.0,MICRO CAP,32.630001068115234,26.218092,2.1253176,-0.251724018,48.02,-1.7437601,-0.9244204,-0.315,0.156,Technology,Technology,Information Technology Services,2026-05-24,IT Services,0,0,0,5.84,50.04,0.53,1.65,27.939999999999998,19.83,WEAK GROWTH
RKDL,506640000.0,MICRO CAP,21.110000610351562,422.2,1.0135396,0.11848,101.046,0.00846,0.00428,-0.507,-0.067,Misc,Consumer Defensive,Beverages - Wineries & Distilleries,2026-05-24,Beverages - Wineries & Distilleries,0,0,0,3.25,20.73,50.02,14.3,11.99,19.83,WEAK GROWTH
SINDHUTRAD,41693757440.0,SMALL CAP,27.040000915527344,26.218092,3.7998877,-0.00677,20.434,-0.0040599997,-0.15796,-0.767,0.156,Misc,Industrials,Conglomerates,2026-05-24,Conglomerates,0,0,0,1.41,50.04,3.1,12.07,25.724999999999998,19.83,WEAK GROWTH
TATAPOWER,1306574323712.0,LARGE CAP,408.8999938964844,34.978615,3.4511862,0.11336,167.811,0.088520005,0.06002,-0.128,-0.046,Misc,Utilities,Utilities - Independent Power Producers,2026-05-24,Utilities - Independent Power Producers,0,0,0,12.15,21.41,19.59,41.38,16.78,19.8,WEAK GROWTH
ICIL,59990659072.0,SMALL CAP,302.8999938964844,50.23217,2.5995538,0.11848,53.871,0.04855,0.02911,-0.077,-0.677,Misc,Consumer Cyclical,Textile Manufacturing,2026-05-24,Textile Manufacturing,0,0,0,15.79,4.58,50.02,26.29,10.184999999999999,19.76,WEAK GROWTH
GOYALALUM,957736960.0,MICRO CAP,6.710000038146973,37.277775,3.7215753,0.11848,5.731,0.056929998,0.04048,-0.142,-0.5,Misc,Basic Materials,Aluminum,2026-05-24,Aluminum,0,0,0,11.32,7.97,50.02,29.51,9.645,19.71,WEAK GROWTH
DMCC,6912101888.0,MICRO CAP,277.1499938964844,26.445612,2.9449267,0.114879996,28.623,0.1596,0.04699,-0.467,-0.085,Misc,Basic Materials,Chemicals,2026-05-24,Chemicals,0,0,0,3.55,20.18,19.79,74.06,11.865,19.67,WEAK GROWTH
DIAMINESQ,2538984192.0,MICRO CAP,252.5500030517578,26.218092,1.6027492,-0.08021,5.197,-0.30907,-0.30136,-0.431,0.156,Misc,Basic Materials,Chemicals,2026-05-24,Chemicals,0,0,0,3.84,50.04,1.72,4.55,26.939999999999998,19.66,WEAK GROWTH
POLYPLEX,30182283264.0,SMALL CAP,961.4500122070312,100.04683,0.74689764,0.11848,14.462,0.00634,0.00435,-0.023,-0.745,Chemicals,Basic Materials,Specialty Chemicals,2026-05-24,Specialty Chemicals,0,0,0,20.43,3.15,50.02,13.87,11.79,19.64,WEAK GROWTH
ACCURACY,859697600.0,MICRO CAP,5.710000038146973,33.588234,0.6997549,0.11848,111.931,0.02441,0.0035299999,-0.38,-0.167,Misc,Industrials,Integrated Freight & Logistics,2026-05-24,Integrated Freight & Logistics,0,0,0,4.78,17.36,50.02,18.34,11.07,19.59,WEAK GROWTH
GVPTECH,1032141248.0,MICRO CAP,6.260000228881836,26.218092,1.2726164,0.00452,29.565,-4.298535952029998,0.0431,-0.46,0.156,Technology,Technology,Information Technology Services,2026-05-24,IT Services,0,0,0,3.64,50.04,3.68,0.53,26.84,19.58,WEAK GROWTH
OSIAHYPER,668170048.0,MICRO CAP,4.059999942779541,3.258048784,0.16541721,0.11848,39.501,0.02718,0.012619999,-0.061,-0.647,Misc,Consumer Cyclical,Department Stores,2026-05-24,Department Stores,0,0,0,16.99,4.84,50.02,19.12,10.915,19.56,WEAK GROWTH
LGEINDIA,1011710296064.0,LARGE CAP,1490.5,59.883488,14.713866,0.11848,6.876,0.020739999,0.07279,-0.064,-0.616,Misc,Technology,Consumer Electronics,2026-05-24,Consumer Electronics,0,0,0,16.81,5.37,50.02,17.36,11.09,19.5,WEAK GROWTH
TOUCHWOOD,787876544.0,MICRO CAP,71.0999984741211,16.458332,1.8860415,0.11848,9.449,0.093760006,0.06656,-0.333,-0.454,Misc,Communication Services,Advertising Agencies,2026-05-24,Advertising Agencies,0,0,0,5.53,9.17,50.02,43.26,7.35,19.48,WEAK GROWTH
PALASHSECU,960597888.0,MICRO CAP,96.02999877929688,7.561417,0.16617177,0.02155,0.07653,-0.24718,0.21735,-0.8136411,0.156,Misc,Consumer Defensive,Packaged Foods,2026-05-24,Packaged Foods,0,0,0,0.53,50.04,6.19,5.17,25.285,19.45,WEAK GROWTH
FOODSIN,4077325056.0,MICRO CAP,55.45000076293945,13.016432,0.8550765,0.11848,88.516,0.071040004,0.03235,-0.206,-0.5,Misc,Consumer Defensive,Packaged Foods,2026-05-24,Packaged Foods,0,0,0,8.97,7.97,50.02,34.56,8.47,19.39,WEAK GROWTH
URJA,5956532224.0,MICRO CAP,10.6899995803833,510.0120439999895,3.2315598,0.11848,23.646,0.01565,0.01894,-0.276,-0.222,Misc,Technology,Solar,2026-05-24,Solar,0,0,0,6.8,15.11,50.02,15.75,10.955,19.25,WEAK GROWTH
BIOFILCHEM,517018624.0,MICRO CAP,31.770000457763672,18.688234,2.4933293,0.11848,0.094,0.114700004,0.08595,-0.8136411,-0.5,Misc,Healthcare,Drug Manufacturers - Specialty & Generic,2026-05-24,Drug Manufacturers - Specialty & Generic,0,0,0,0.53,7.97,50.02,62.38,4.25,19.22,WEAK GROWTH
AROGRANITE,390609024.0,MICRO CAP,25.530000686645508,26.218092,0.22337912,-0.065689996,87.15,-0.45953998,-0.16075,-0.57,0.156,Misc,Industrials,Building Products & Equipment,2026-05-24,Building Products & Equipment,0,0,0,2.68,50.04,1.8,3.57,26.36,19.17,WEAK GROWTH
DALMIASUG,27685287936.0,SMALL CAP,342.04998779296875,11.750257,0.8616715,0.07285,55.74,0.13453001,0.06542,-0.027,-0.498,Misc,Consumer Defensive,Confectioners,2026-05-24,Confectioners,0,0,0,20.06,8.21,11.99,67.79,14.135,19.07,WEAK GROWTH
UTKARSHBNK,23507509248.0,SMALL CAP,13.210000038146973,26.218092,0.6085034,-0.251724018,29.565,-0.9395,0.0,-0.485,0.156,Financials,Financial Services,Banks - Regional,2026-05-24,Private Sector Banks,0,0,0,3.37,50.04,0.53,2.27,26.705,19.03,WEAK GROWTH
TREEHOUSE,291520896.0,MICRO CAP,6.889999866485596,26.218092,0.18029098,-0.053639997,3.323,-4.298535952029998,-0.9244204,-0.535,0.156,Misc,Consumer Defensive,Education & Training Services,2026-05-24,Education & Training Services,0,0,0,3.02,50.04,1.96,0.53,26.53,19.02,WEAK GROWTH
BONLON,721523072.0,MICRO CAP,44.040000915527344,30.372414,0.7522676,0.11848,49.692,0.00749,0.0032,-0.073,-0.606,Misc,Basic Materials,Other Industrial Metals & Mining,2026-05-24,Other Industrial Metals & Mining,0,0,0,16.2,5.53,50.02,14.07,10.865,19.02,WEAK GROWTH
JINDALPHOT,10298496000.0,SMALL CAP,1000.0999755859375,84.754234,1.0595256,0.11848,29.565,0.26667,0.0,-0.8136411,-0.9085618999999999,Financials,Financial Services,Asset Management,2026-05-24,Asset Management Companies,0,0,0,0.53,0.53,50.02,86.36,0.53,19.01,WEAK GROWTH
WEALTH,9770102784.0,MICRO CAP,916.9500122070312,40.990166,6.4830527,0.11848,29.565,0.17282,0.47617,-0.607,-0.88,Misc,Financial Services,Capital Markets,2026-05-24,Capital Markets,0,0,0,2.47,1.43,50.02,76.41,1.9500000000000002,19.01,WEAK GROWTH
UGARSUGAR,4735124992.0,MICRO CAP,42.09000015258789,34.785122,2.0251155,0.060539998,285.835,0.15557,0.0091699995,-0.238,-0.104,Misc,Consumer Defensive,Confectioners,2026-05-24,Confectioners,0,0,0,7.97,19.51,10.23,73.35,13.74,19.0,WEAK GROWTH
KAMOPAINTS,1727250048.0,MICRO CAP,5.25,5.30303,0.98462117,0.11848,19.23,0.040009998,0.018819999,-0.146,-0.5,Misc,Basic Materials,Steel,2026-05-24,Steel,0,0,0,11.09,7.97,50.02,23.16,9.53,18.99,WEAK GROWTH
VTL,176649928704.0,MID CAP,610.6500244140625,23.307253,1.7117653,0.07329,17.52,0.06865,0.07551,-0.004,-0.223,Misc,Consumer Cyclical,Textile Manufacturing,2026-05-24,Textile Manufacturing,0,0,0,22.53,14.99,12.03,33.89,18.76,18.93,WEAK GROWTH
EMBDL,85778956288.0,SMALL CAP,61.709999084472656,26.218092,0.869008,-0.090459995,53.414,-0.51319003,-0.45805,-0.679,0.156,Misc,Real Estate,Real Estate - Diversified,2026-05-24,Real Estate - Diversified,0,0,0,2.04,50.04,1.61,3.21,26.04,18.87,WEAK GROWTH
SPAL,19516571648.0,SMALL CAP,776.3499755859375,17.32924,2.1683998,0.11281,44.596,0.09791,0.06322,-0.076,-0.391,Misc,Consumer Cyclical,Apparel Manufacturing,2026-05-24,Apparel Manufacturing,0,0,0,15.93,10.58,19.46,56.9,13.254999999999999,18.86,WEAK GROWTH
SUKHJITS,5864186368.0,MICRO CAP,187.69000244140625,38.461063,1.1291933,0.11848,74.457,0.030199999,0.010930001,-0.08,-0.71,Chemicals,Basic Materials,Specialty Chemicals,2026-05-24,Specialty Chemicals,0,0,0,15.56,3.74,50.02,20.53,9.65,18.81,WEAK GROWTH
VIPCLOTHNG,2301006592.0,MICRO CAP,25.530000686645508,29.344828,1.2090931,0.11848,40.011,0.059910003,0.03158,-0.189,-0.545,Misc,Consumer Cyclical,Apparel Manufacturing,2026-05-24,Apparel Manufacturing,0,0,0,9.5,6.86,50.02,30.37,8.18,18.77,WEAK GROWTH
CUBEXTUB,1298587904.0,MICRO CAP,90.69000244140625,15.4761095,1.5558149,0.093660004,52.119,-0.03549,0.025880001,0.061,-0.404,Metals,Basic Materials,Copper,2026-05-24,Copper,0,0,0,32.19,10.11,14.97,9.33,21.15,18.73,WEAK GROWTH
AAREYDRUGS,2374389248.0,MICRO CAP,83.73999786376953,69.206604,1.5782728,0.11848,38.267,-0.024260001,0.00879,-0.279,-0.219,Misc,Healthcare,Drug Manufacturers - Specialty & Generic,2026-05-24,Drug Manufacturers - Specialty & Generic,0,0,0,6.7,15.3,50.02,10.27,11.0,18.73,WEAK GROWTH
MAGADSUGAR,6668864000.0,MICRO CAP,473.25,10.504994,0.8267791,0.074099995,78.532,0.24461001,0.051030003,-0.182,-0.321,Misc,Consumer Defensive,Confectioners,2026-05-24,Confectioners,0,0,0,9.84,12.42,12.23,84.68,11.129999999999999,18.71,WEAK GROWTH
COUNCODOS,377122880.0,MICRO CAP,4.860000133514404,69.42857,1.314224,0.11848,0.07653,0.022219999,0.03066,-0.096,-0.667,Misc,Real Estate,Real Estate - Development,2026-05-24,Real Estate - Development,0,0,0,14.69,4.62,50.02,17.83,9.655,18.55,WEAK GROWTH
ATLASCYCLE,641733696.0,MICRO CAP,98.66999816894531,26.218092,0.16912635,-0.02095,2.371,-1.66571,-0.9244204,-0.8136411,0.156,Misc,Consumer Cyclical,Leisure,2026-05-24,Leisure,0,0,0,0.53,50.04,2.63,1.72,25.285,18.4,WEAK GROWTH
HDFCLIFE,1330178686976.0,LARGE CAP,616.5999755859375,69.436935,7.481466,0.11281,17.46,0.0269,0.01915,-0.177,0.041,Financials,Financial Services,Insurance - Life,2026-05-24,Life Insurance,0,0,0,9.93,25.94,19.46,19.0,17.935000000000002,18.35,WEAK GROWTH
STERTOOLS,8407555584.0,MICRO CAP,231.3300018310547,22.92666,1.588783,0.05717,27.877,-0.00972,0.03543,0.111,-0.818,Misc,Industrials,Tools & Accessories,2026-05-24,Tools & Accessories,0,0,0,41.11,2.23,10.03,11.56,21.669999999999998,18.33,WEAK GROWTH
TEJASNET,83060146176.0,SMALL CAP,468.1499938964844,26.218092,2.836757,-0.251724018,142.52,-0.65839,-0.82381,-0.8136411,0.156,Misc,Technology,Communication Equipment,2026-05-24,Communication Equipment,0,0,0,0.53,50.04,0.53,2.74,25.285,18.08,WEAK GROWTH
DPWIRES,2659081472.0,MICRO CAP,171.5399932861328,21.741444,1.0520183,0.11848,0.865,0.02815,0.02498,-0.384,-0.316,Misc,Industrials,Metal Fabrication,2026-05-24,Metal Fabrication,0,0,0,4.74,12.56,50.02,19.71,8.65,18.03,WEAK GROWTH
GANECOS,25574502400.0,SMALL CAP,955.5999755859375,64.09121,1.351703,0.11848,43.209,0.04008,0.02764,-0.102,-0.849,Misc,Consumer Cyclical,Textile Manufacturing,2026-05-24,Textile Manufacturing,0,0,0,14.32,1.88,50.02,23.2,8.1,17.99,WEAK GROWTH
EIFFL,5789312000.0,MICRO CAP,233.44000244140625,103.29204,8.017585,0.11848,85.026,0.07082,0.02283,-0.406,-0.493,Misc,Consumer Defensive,Packaged Foods,2026-05-24,Packaged Foods,0,0,0,4.35,8.39,50.02,34.48,6.37,17.91,WEAK GROWTH
ORCHASP,692850752.0,MICRO CAP,2.0,26.218092,0.6642312,0.11848,14.047,0.056750003,0.15116,-0.271,-0.531,Technology,Technology,Software - Application,2026-05-24,SaaS,0,0,0,6.97,7.01,50.02,29.29,6.99,17.83,WEAK GROWTH
STALLION,19363100672.0,SMALL CAP,166.8000030517578,31.235954,4.2193666,0.08934,5.066,0.1532,0.10099,-0.266,-0.244,Chemicals,Basic Materials,Specialty Chemicals,2026-05-24,Specialty Chemicals,0,0,0,7.11,14.3,14.34,72.77,10.705,17.64,WEAK GROWTH
BIOCON,696717279232.0,LARGE CAP,430.25,151.49649,2.0148168,0.011469999,42.145,0.112229995,0.022780001,0.023,-0.725,Healthcare,Healthcare,Biotechnology,2026-05-24,Biotechnology,0,0,0,26.51,3.45,4.74,61.72,14.98,17.61,WEAK GROWTH
MAHSCOOTER,133279956992.0,MID CAP,11662.0,42.91918,0.4834963,0.010620001,29.565,0.83871,0.99144,-0.036,-0.9085618999999999,Financials,Financial Services,Asset Management,2026-05-24,Asset Management Companies,0,0,0,18.97,0.53,4.55,98.55,9.75,17.59,WEAK GROWTH
EPACK,22421235712.0,SMALL CAP,233.0,54.69483,2.3346927,0.11848,76.95,0.024489999,0.02104,-0.077,-0.9085618999999999,Misc,Consumer Cyclical,"Furnishings, Fixtures & Appliances",2026-05-24,"Furnishings, Fixtures & Appliances",0,0,0,15.79,0.53,50.02,18.42,8.16,17.56,WEAK GROWTH
CIPLA,1130274488320.0,LARGE CAP,1399.199951171875,29.156073,3.4333582,0.11736,1.778,0.09498999,0.13999,-0.038,-0.546,Misc,Healthcare,Drug Manufacturers - Specialty & Generic,2026-05-24,Drug Manufacturers - Specialty & Generic,0,0,0,18.79,6.8,20.42,43.57,12.795,17.4,WEAK GROWTH
KEC,129120305152.0,MID CAP,485.04998779296875,21.320879,2.2877018,0.10524999,87.306,0.066599995,0.025710002,-0.066,-0.281,Industrials,Industrials,Engineering & Construction,2026-05-24,Engineering & EPC,0,0,0,16.59,13.3,17.87,32.99,14.945,17.33,WEAK GROWTH
DCMSRIND,3602346240.0,MICRO CAP,41.40999984741211,3.258048784,0.39332086,0.11848,33.1,0.07095,0.03632,-0.476,-0.507,Misc,Consumer Defensive,Confectioners,2026-05-24,Confectioners,0,0,0,3.45,7.52,50.02,34.52,5.484999999999999,17.3,WEAK GROWTH
NOVAAGRI,2539458816.0,MICRO CAP,28.209999084472656,14.692708,1.1368582,0.11848,23.31,0.0733,0.06421,-0.245,-0.761,Chemicals,Basic Materials,Agricultural Inputs,2026-05-24,Agrochemicals,0,0,0,7.72,2.82,50.02,35.7,5.27,17.26,WEAK GROWTH
MANINFRA,47769890816.0,SMALL CAP,118.33999633789062,23.387352,2.1095603,0.10152,2.766,0.3036,0.25325,-0.364,-0.483,Industrials,Industrials,Engineering & Construction,2026-05-24,Engineering & EPC,0,0,0,5.07,8.66,17.08,89.03,6.865,17.12,WEAK GROWTH
SSDL,2427071744.0,MICRO CAP,61.290000915527344,8.973646,1.2880921,0.11848,3.465,0.022839999,0.042740002,-0.207,-0.593,Misc,Consumer Cyclical,Apparel Retail,2026-05-24,Apparel Retail,0,0,0,8.93,5.9,50.02,17.99,7.415,16.99,WEAK GROWTH
JAIBALAJI,65709469696.0,SMALL CAP,72.02999877929688,35.658417,2.9601774,0.11848,20.642,0.01721,0.0327,-0.106,-0.902,Misc,Basic Materials,Steel,2026-05-24,Steel,0,0,0,14.05,1.16,50.02,16.14,7.605,16.94,WEAK GROWTH
CYIENT,99582468096.0,SMALL CAP,901.7000122070312,23.42078,1.7533456,0.077659994,6.995,0.09528,0.058870003,0.009,-0.679,Misc,Industrials,Conglomerates,2026-05-24,Conglomerates,0,0,0,24.1,4.55,12.7,43.65,14.325000000000001,16.93,WEAK GROWTH
HCC,54668300288.0,SMALL CAP,20.8700008392334,27.826668,2.141831,0.10915,47.912,0.16687,0.0417,-0.278,-0.46,Industrials,Industrials,Engineering & Construction,2026-05-24,Engineering & EPC,0,0,0,6.74,9.07,18.57,75.31,7.905,16.78,WEAK GROWTH
MAHSEAMLES,85136416768.0,SMALL CAP,635.3499755859375,12.13658,1.2968099,0.106079996,0.194,0.12869,0.13854,-0.16,-0.502,Misc,Basic Materials,Steel,2026-05-24,Steel,0,0,0,10.54,7.76,18.03,66.26,9.149999999999999,16.64,WEAK GROWTH
KHADIM,1953989632.0,MICRO CAP,106.31999969482422,25.134752,1.1783874,0.01482,149.29,0.092089996,0.0082,-0.081,-0.18,Misc,Consumer Cyclical,Footwear & Accessories,2026-05-24,Footwear & Accessories,0,0,0,15.46,16.73,5.33,42.63,16.095,16.6,WEAK GROWTH
UNICHEMLAB,26109974528.0,SMALL CAP,370.8500061035156,8.874132,1.0715761,0.097849995,18.405,0.067729995,0.11163,0.019,-0.793,Misc,Healthcare,Drug Manufacturers - Specialty & Generic,2026-05-24,Drug Manufacturers - Specialty & Generic,0,0,0,25.74,2.55,15.99,33.62,14.145,16.46,WEAK GROWTH
VAKRANGEE,7062410752.0,MICRO CAP,6.519999980926514,65.2,2.981253,0.051119998,1.705,0.00953,0.04422,-0.102,-0.003,Technology,Technology,Information Technology Services,2026-05-24,IT Services,0,0,0,14.32,23.28,9.09,14.69,18.8,16.45,WEAK GROWTH
STEELXIND,13252637696.0,SMALL CAP,10.390000343322754,64.9375,1.4625564,0.11848,50.244,0.06442,0.018229999,-0.266,-0.846,Misc,Basic Materials,Steel,2026-05-24,Steel,0,0,0,7.11,1.96,50.02,32.13,4.535,16.39,WEAK GROWTH
VOLTAS,419594928128.0,MID CAP,1268.0999755859375,111.13935,6.6284738,0.057189997,15.51,0.04093,0.02639,0.025,-0.518,Misc,Consumer Cyclical,"Furnishings, Fixtures & Appliances",2026-05-24,"Furnishings, Fixtures & Appliances",0,0,0,26.7,7.29,10.07,23.35,16.995,16.25,WEAK GROWTH
APOLLOPIPE,22677757952.0,SMALL CAP,516.3499755859375,478.1018,3.2776842,0.0055299997,13.871,0.008590001,0.00678,0.102,-0.9085618999999999,Misc,Industrials,Building Products & Equipment,2026-05-24,Building Products & Equipment,0,0,0,39.5,0.53,3.88,14.42,20.015,16.23,WEAK GROWTH
BDL,481113276416.0,MID CAP,1312.5,82.65113,11.407191,0.11848,0.07653,0.01179,0.15512,-0.319,-0.504,Misc,Industrials,Aerospace & Defense,2026-05-24,Aerospace & Defense,0,0,0,5.74,7.68,50.02,15.09,6.71,16.21,WEAK GROWTH
AMJLAND,1542830080.0,MICRO CAP,37.630001068115234,7.711066,0.7246154,0.0692,29.565,0.4718,0.23969999,-0.376,-0.504,Misc,Real Estate,Real Estate - Development,2026-05-24,Real Estate - Development,0,0,0,4.84,7.68,11.32,94.95,6.26,16.14,WEAK GROWTH
THEINVEST,5186607104.0,MICRO CAP,99.27999877929688,17.23611,0.71303403,0.04665,7.607,0.0027599998,0.113579996,-0.199,0.073,Misc,Financial Services,Capital Markets,2026-05-24,Capital Markets,0,0,0,9.11,27.86,8.74,13.52,18.485,16.04,WEAK GROWTH
NOCIL,28075218944.0,SMALL CAP,168.08999633789062,50.477478,1.5797486,0.03147,0.453,0.02234,0.04269,-0.028,-0.192,Chemicals,Basic Materials,Specialty Chemicals,2026-05-24,Specialty Chemicals,0,0,0,19.93,16.22,7.01,17.87,18.075,15.84,WEAK GROWTH
OSWALSEEDS,1094895872.0,MICRO CAP,11.970000267028809,30.69231,2.2900324,0.11848,97.461,0.04718,0.025999999,-0.274,-0.814,Chemicals,Basic Materials,Agricultural Inputs,2026-05-24,Agrochemicals,0,0,0,6.9,2.27,50.02,25.94,4.585,15.81,WEAK GROWTH
RUCHIRA,3744053248.0,MICRO CAP,125.44999694824219,7.0556803,0.75059086,0.11848,38.02,0.03508,0.084259994,-0.216,-0.877,Misc,Basic Materials,Paper & Paper Products,2026-05-24,Paper & Paper Products,0,0,0,8.64,1.53,50.02,21.9,5.085,15.75,WEAK GROWTH
HATHWAY,17948860416.0,SMALL CAP,10.140000343322754,22.043478,0.4288252,0.01858,0.212,0.00414,0.03829,0.064,-0.696,Misc,Communication Services,Entertainment,2026-05-24,Entertainment,0,0,0,32.72,4.29,5.8,13.68,18.505,15.48,WEAK GROWTH
WELSPUNLIV,133053620224.0,MID CAP,139.1999969482422,65.04672,2.8796623,0.04301,46.501,0.059959996,0.02175,-0.08,-0.221,Misc,Consumer Cyclical,Textile Manufacturing,2026-05-24,Textile Manufacturing,0,0,0,15.56,15.2,8.11,30.43,15.379999999999999,15.43,WEAK GROWTH
GAIL,1057075560448.0,LARGE CAP,160.77000427246094,13.943626,1.1992214,0.08688,27.809,0.02754,0.05355,-0.024,-0.403,Misc,Utilities,Utilities - Regulated Gas,2026-05-24,Utilities - Regulated Gas,0,0,0,20.34,10.17,13.99,19.32,15.254999999999999,15.41,WEAK GROWTH
SIGACHI,7783577600.0,MICRO CAP,20.350000381469727,26.218092,1.5299603,0.11848,32.202,0.017,-0.15718001,-0.168,-0.9085618999999999,Misc,Healthcare,Drug Manufacturers - Specialty & Generic,2026-05-24,Drug Manufacturers - Specialty & Generic,0,0,0,10.17,0.53,50.02,16.11,5.35,15.36,WEAK GROWTH
CYIENTDLM,33198127104.0,SMALL CAP,418.29998779296875,45.27056,3.277314,0.07472,17.021,0.08719,0.05809,-0.138,-0.275,Misc,Technology,Electronic Components,2026-05-24,Electronic Components,0,0,0,11.56,13.54,12.3,41.07,12.55,15.35,WEAK GROWTH
GLOTTIS,6415540224.0,MICRO CAP,69.43000030517578,16.73012,2.8256888,0.11848,25.397,0.03271,0.04593,-0.268,-0.827,Misc,Industrials,Integrated Freight & Logistics,2026-05-24,Integrated Freight & Logistics,0,0,0,7.05,2.16,50.02,21.12,4.605,15.34,WEAK GROWTH
VIPULLTD,1253129856.0,MICRO CAP,8.890000343322754,26.218092,0.3055508,0.11848,19.491,-0.1749,-0.44313,-0.184,-0.71,Misc,Real Estate,Real Estate - Diversified,2026-05-24,Real Estate - Diversified,0,0,0,9.74,3.74,50.02,5.76,6.74,15.3,WEAK GROWTH
DCMNVL,2855827456.0,MICRO CAP,152.89999389648438,38.807106,0.86887336,0.00493,98.359,0.046040002,0.0035100002,-0.065,-0.165,Misc,Consumer Cyclical,Textile Manufacturing,2026-05-24,Textile Manufacturing,0,0,0,16.71,17.44,3.76,25.27,17.075000000000003,15.23,WEAK GROWTH
GENESYS,11592649728.0,SMALL CAP,277.3999938964844,28.746115,1.6857073,0.11848,21.419,-0.014040001,0.12324,-0.149,-0.9085618999999999,Technology,Technology,Software - Application,2026-05-24,SaaS,0,0,0,10.97,0.53,50.02,11.25,5.75,15.15,WEAK GROWTH
TRUALT,42456109056.0,SMALL CAP,495.1000061035156,28.734766,2.4958286,0.08254,104.636,0.20291,0.05289,-0.319,-0.558,Misc,Energy,Oil & Gas Refining & Marketing,2026-05-24,Oil & Gas Refining & Marketing,0,0,0,5.74,6.66,13.52,80.33,6.2,15.08,WEAK GROWTH
HINDOILEXP,22149429248.0,SMALL CAP,167.49000549316406,20.884039,1.6490593,0.11848,5.622,0.059959996,0.20712,-0.486,-0.808,Misc,Energy,Oil & Gas E&P,2026-05-24,Oil & Gas E&P,0,0,0,3.33,2.35,50.02,30.43,2.84,15.04,WEAK GROWTH
VITAL,1342219648.0,MICRO CAP,56.040000915527344,47.897438,1.2725084,0.03349,70.621,0.037639998,0.02337,-0.021,-0.34,Chemicals,Basic Materials,Specialty Chemicals,2026-05-24,Specialty Chemicals,0,0,0,20.51,11.85,7.17,22.41,16.18,15.0,WEAK GROWTH
ORBTEXP,4375930880.0,MICRO CAP,165.05999755859375,13.419512,1.4206898,0.11231,5.311,0.07247,0.14121,-0.029,-0.85,Misc,Consumer Cyclical,Textile Manufacturing,2026-05-24,Textile Manufacturing,0,0,0,19.83,1.84,19.36,35.34,10.834999999999999,14.99,WEAK GROWTH
NDL,3776655872.0,MICRO CAP,2.619999885559082,3.258048784,0.55285925,0.11848,34.572,0.0188,0.01013,-0.461,-0.6,Misc,Consumer Cyclical,Textile Manufacturing,2026-05-24,Textile Manufacturing,0,0,0,3.61,5.64,50.02,16.65,4.625,14.91,WEAK GROWTH
PCBL,115363233792.0,MID CAP,293.20001220703125,57.153996,2.8879304,0.05125,124.132,0.07217,0.02416,-0.01,-0.613,Chemicals,Basic Materials,Specialty Chemicals,2026-05-24,Specialty Chemicals,0,0,0,21.83,5.41,9.13,35.23,13.62,14.88,WEAK GROWTH
GOCOLORS,15957620736.0,SMALL CAP,303.3999938964844,23.037205,2.3600242,0.08529,77.141,0.07556,0.07062,-0.042,-0.598,Misc,Consumer Cyclical,Apparel Retail,2026-05-24,Apparel Retail,0,0,0,18.42,5.7,13.75,36.68,12.06,14.86,WEAK GROWTH
BCPL,1251764224.0,MICRO CAP,74.8499984741211,16.896162,1.2881409,0.06757,71.382,0.14271,0.03018,-0.212,-0.537,Misc,Industrials,Infrastructure Operations,2026-05-24,Infrastructure Operations,0,0,0,8.82,6.94,11.13,70.45,7.880000000000001,14.79,WEAK GROWTH
ZENITHEXPO,1125010176.0,MICRO CAP,208.47999572753906,20.827171,1.3313409,0.11848,3.617,-0.04375,0.07469,-0.237,-0.75,Misc,Consumer Cyclical,Textile Manufacturing,2026-05-24,Textile Manufacturing,0,0,0,8.05,3.0,50.02,9.17,5.525,14.79,WEAK GROWTH
SHREDIGCEM,10473581568.0,SMALL CAP,70.83000183105469,41.911243,2.8635538,0.06845,140.51,0.0738,0.03334,-0.037,-0.565,Misc,Basic Materials,Building Materials,2026-05-24,Building Materials,0,0,0,18.89,6.58,11.29,35.85,12.735,14.76,WEAK GROWTH
SAKUMA,2727830528.0,MICRO CAP,1.7400000095367432,43.5,0.6631097,0.11848,6.194,-0.0028799998,0.00434,-0.239,-0.821,Misc,Consumer Defensive,Farm Products,2026-05-24,Farm Products,0,0,0,7.9,2.19,50.02,12.23,5.045,14.76,WEAK GROWTH
AGARIND,6131197440.0,MICRO CAP,409.8999938964844,10.504869,0.93345994,0.11848,63.478,0.01835,0.02819,-0.247,-0.899,Chemicals,Basic Materials,Specialty Chemicals,2026-05-24,Specialty Chemicals,0,0,0,7.62,1.25,50.02,16.54,4.4350000000000005,14.76,WEAK GROWTH
ZIMLAB,5363471872.0,MICRO CAP,100.16000366210938,69.55556,1.8800918,0.021289999,42.734,0.01985,0.01559,-0.033,-0.257,Misc,Healthcare,Drug Manufacturers - Specialty & Generic,2026-05-24,Drug Manufacturers - Specialty & Generic,0,0,0,19.38,14.05,6.15,17.01,16.715,14.63,WEAK GROWTH
DGCONTENT,1570086656.0,MICRO CAP,27.059999465942383,25.77143,4.093797,0.025209999,265.556,0.04698,0.00164,0.041,-0.86,Misc,Communication Services,Internet Content & Information,2026-05-24,Internet Content & Information,0,0,0,28.9,1.68,6.5,25.86,15.29,14.59,WEAK GROWTH
RUSTOMJEE,49857351680.0,SMALL CAP,394.95001220703125,63.70162,1.7771409,0.11848,43.367,0.02852,0.056199998,-0.426,-0.771,Misc,Real Estate,Real Estate - Development,2026-05-24,Real Estate - Development,0,0,0,3.94,2.74,50.02,19.87,3.34,14.33,WEAK GROWTH
WENDT,13959000064.0,SMALL CAP,6979.5,96.14961,5.630041,0.05849,0.07653,0.09988,0.06157,-0.117,-0.605,Misc,Industrials,Tools & Accessories,2026-05-24,Tools & Accessories,0,0,0,12.99,5.58,10.13,57.8,9.285,14.31,WEAK GROWTH
WEL,12693237760.0,SMALL CAP,94.72000122070312,93.78218,14.399513,0.11848,91.622,0.02021,0.01897,-0.311,-0.895,Misc,Consumer Cyclical,"Furnishings, Fixtures & Appliances",2026-05-24,"Furnishings, Fixtures & Appliances",0,0,0,5.92,1.37,50.02,17.16,3.645,14.27,WEAK GROWTH
SOMICONVEY,1265303808.0,MICRO CAP,104.05999755859375,22.920704,1.560073,0.06364,16.566,0.09703,0.0496,-0.28,-0.342,Misc,Industrials,Specialty Industrial Machinery,2026-05-24,Specialty Industrial Machinery,0,0,0,6.66,11.78,10.58,56.66,9.219999999999999,14.24,WEAK GROWTH
DELPHIFX,2555690240.0,MICRO CAP,10.420000076293945,57.888885,0.51246744,0.022079999,606.3078499999995,0.0064600003,0.00301,-0.198,0.0,Misc,Financial Services,Capital Markets,2026-05-24,Capital Markets,0,0,0,9.21,23.67,6.27,13.95,16.44,14.16,WEAK GROWTH
APTECHT,5581030912.0,MICRO CAP,96.22000122070312,20.917393,2.3530276,0.094110005,5.06,0.0429,0.04526,-0.032,-0.635,Misc,Consumer Defensive,Education & Training Services,2026-05-24,Education & Training Services,0,0,0,19.53,5.05,15.13,24.1,12.290000000000001,14.04,WEAK GROWTH
ARTNIRMAN,1032679296.0,MICRO CAP,41.380001068115234,81.13726,2.8054237,0.11848,52.666,0.0062,0.06121,-0.444,-0.727,Misc,Real Estate,Real Estate - Development,2026-05-24,Real Estate - Development,0,0,0,3.8,3.39,50.02,13.83,3.5949999999999998,13.9,WEAK GROWTH
EXXARO,2930540032.0,MICRO CAP,6.550000190734863,109.16667,1.1049259,0.01018,33.349,0.03283,0.00929,0.052,-0.9085618999999999,Misc,Industrials,Building Products & Equipment,2026-05-24,Building Products & Equipment,0,0,0,30.54,0.53,4.51,21.24,15.535,13.9,WEAK GROWTH
GREENPANEL,23865743360.0,SMALL CAP,194.6199951171875,26.218092,1.7926587,-0.02125,27.299,0.01337,-0.018919999,0.065,-0.9085618999999999,Misc,Basic Materials,Lumber & Wood Production,2026-05-24,Lumber & Wood Production,0,0,0,32.97,0.53,2.59,15.28,16.75,13.77,WEAK GROWTH
OMINFRAL,8379394560.0,MICRO CAP,87.01000213623047,29.100334,1.1750963,0.0257,10.595,0.08976,0.04111,-0.069,-0.525,Industrials,Industrials,Engineering & Construction,2026-05-24,Engineering & EPC,0,0,0,16.34,7.13,6.54,41.81,11.735,13.7,WEAK GROWTH
JINDALSAW,140276645888.0,MID CAP,220.0,14.454664,1.1139184,0.07964,38.19,0.06073,0.054390002,-0.082,-0.522,Misc,Basic Materials,Steel,2026-05-24,Steel,0,0,0,15.36,7.25,12.97,30.9,11.305,13.6,WEAK GROWTH
EDELWEISS,104222597120.0,MID CAP,110.11000061035156,14.799731,1.490289,0.11472999,319.7,-0.0753,0.081920005,-0.219,-0.182,Financials,Financial Services,Financial Conglomerates,2026-05-24,NBFC – Investment,0,0,0,8.54,16.52,19.71,8.03,12.53,13.52,WEAK GROWTH
DEN,12848841728.0,SMALL CAP,26.950000762939453,7.744253,0.33755857,0.04425,0.524,-0.02174,0.17015,-0.03,-0.377,Misc,Communication Services,Entertainment,2026-05-24,Entertainment,0,0,0,19.75,10.78,8.27,10.42,15.265,13.38,WEAK GROWTH
TMPV,1338012991488.0,LARGE CAP,363.3500061035156,26.218092,1.2085079,-0.01118,65.31,0.084300004,0.24551001,-0.118,-0.329,Automobiles,Consumer Cyclical,Auto Manufacturers,2026-05-24,Passenger Vehicles,0,0,0,12.72,12.15,2.82,40.01,12.435,13.27,WEAK GROWTH
THOMASCOOK,43349352448.0,SMALL CAP,91.73999786376953,19.560766,1.8164897,0.09263,21.373,0.02104,0.02606,-0.103,-0.403,Misc,Consumer Cyclical,Travel Services,2026-05-24,Travel Services,0,0,0,14.18,10.17,14.77,17.52,12.175,13.23,WEAK GROWTH
BPL,2656444928.0,MICRO CAP,54.2400016784668,26.218092,0.93925333,-0.037920002,71.883,-0.00883,-0.19145,-0.007,-0.375,Misc,Technology,Consumer Electronics,2026-05-24,Consumer Electronics,0,0,0,22.22,10.85,2.16,11.64,16.535,13.17,WEAK GROWTH
DREAMFOLKS,4062892288.0,MICRO CAP,76.2699966430664,10.251344,1.2176509,0.11848,3.056,-0.28273,0.042930003,-0.8136411,-0.538,Misc,Industrials,Airports & Air Services,2026-05-24,Airports & Air Services,0,0,0,0.53,6.9,50.02,4.86,3.7150000000000003,13.09,WEAK GROWTH
UNIMECH,47602044928.0,SMALL CAP,936.0,70.90909,6.742884,0.11848,16.073,-0.1583,0.29236,-0.374,-0.861,Misc,Industrials,Aerospace & Defense,2026-05-24,Aerospace & Defense,0,0,0,4.9,1.65,50.02,6.07,3.2750000000000004,12.9,WEAK GROWTH
INDIANHUME,16510466048.0,SMALL CAP,313.3999938964844,11.69403,1.1782752,0.09864,28.091,0.094239995,0.10808,-0.104,-0.9085618999999999,Industrials,Industrials,Engineering & Construction,2026-05-24,Engineering & EPC,0,0,0,14.11,0.53,16.26,43.5,7.319999999999999,12.73,WEAK GROWTH
NITIRAJ,1996074752.0,MICRO CAP,194.72000122070312,121.7,2.369779,0.11848,0.07653,0.01637,0.027,-0.695,-0.9085618999999999,Misc,Technology,Scientific & Technical Instruments,2026-05-24,Scientific & Technical Instruments,0,0,0,2.0,0.53,50.02,15.95,1.2650000000000001,12.48,WEAK GROWTH
FILATFASH,1916836736.0,MICRO CAP,0.23000000417232513,26.218092,0.07969508,0.11848,2.572,-0.00281,0.026619999,-0.595,-0.9085618999999999,Misc,Consumer Cyclical,Apparel Manufacturing,2026-05-24,Apparel Manufacturing,0,0,0,2.59,0.53,50.02,12.3,1.56,12.33,WEAK GROWTH
SAURASHCEM,6801637376.0,MICRO CAP,61.11000061035156,47.007694,0.7168245,0.01511,11.119,0.0321,0.00865,-0.066,-0.436,Misc,Basic Materials,Building Materials,2026-05-24,Building Materials,0,0,0,16.59,9.5,5.37,20.96,13.045,12.3,WEAK GROWTH
RIIL,11349159936.0,SMALL CAP,751.5999755859375,91.770454,2.3975475,0.02648,29.565,-0.18861,0.27278998,-0.325,0.005,Industrials,Industrials,Engineering & Construction,2026-05-24,Engineering & EPC,0,0,0,5.64,24.08,6.7,5.49,14.86,12.29,WEAK GROWTH
DRREDDY,1088367886336.0,LARGE CAP,1307.199951171875,25.97258,2.8903089,0.11835,20.328,0.05203,0.12755999,-0.116,-0.862,Misc,Healthcare,Drug Manufacturers - Specialty & Generic,2026-05-24,Drug Manufacturers - Specialty & Generic,0,0,0,13.19,1.61,20.65,27.51,7.3999999999999995,12.06,WEAK GROWTH
MAGNUM,1365489920.0,MICRO CAP,19.959999084472656,26.218092,0.19044347,-0.01646,39.029,0.0769,-0.02481,-0.012,-0.9085618999999999,Misc,Basic Materials,Paper & Paper Products,2026-05-24,Paper & Paper Products,0,0,0,21.59,0.53,2.7,37.11,11.06,11.99,WEAK GROWTH
DVL,8637454336.0,MICRO CAP,246.61000061035156,26.218092,0.26741692,0.11848,16.554,-0.33536,-0.04659,-0.467,-0.9085618999999999,Misc,Financial Services,Capital Markets,2026-05-24,Capital Markets,0,0,0,3.55,0.53,50.02,4.23,2.04,11.86,WEAK GROWTH
PRITI,599030336.0,MICRO CAP,44.86000061035156,38.016953,0.80869627,0.11848,29.565,-0.06547,0.04403,-0.777,-0.872,Misc,Consumer Cyclical,"Furnishings, Fixtures & Appliances",2026-05-24,"Furnishings, Fixtures & Appliances",0,0,0,1.29,1.57,50.02,8.39,1.4300000000000002,11.84,WEAK GROWTH
TGBHOTELS,266799088.0,MICRO CAP,9.109999656677246,13.597014,0.3510597,0.01868,16.052,0.06448,0.036199998,-0.116,-0.581,Misc,Consumer Cyclical,Lodging,2026-05-24,Lodging,0,0,0,13.19,6.33,5.84,32.17,9.76,11.22,WEAK GROWTH
IMAGICAA,24286771200.0,SMALL CAP,42.91999816894531,510.0120439999895,1.3583997,0.00051,27.313,0.0672,0.0017,-0.027,-0.9085618999999999,Misc,Communication Services,Entertainment,2026-05-24,Entertainment,0,0,0,20.06,0.53,3.37,33.35,10.295,11.22,WEAK GROWTH
BATLIBOI,3718283776.0,MICRO CAP,78.88999938964844,87.655556,1.7188113,0.02866,37.078,0.0537,0.01271,-0.336,-0.24,Misc,Industrials,Specialty Industrial Machinery,2026-05-24,Specialty Industrial Machinery,0,0,0,5.45,14.38,6.86,28.13,9.915000000000001,11.13,WEAK GROWTH
RKEC,757383232.0,MICRO CAP,31.56999969482422,3.780838,0.384297,0.04804,102.585,0.17068,0.03383,-0.726,-0.805,Industrials,Industrials,Engineering & Construction,2026-05-24,Engineering & EPC,0,0,0,1.8,2.39,8.89,76.02,2.095,10.85,WEAK GROWTH
ACI,66037895168.0,SMALL CAP,534.9000244140625,61.695503,3.2837307,0.05552,24.128,0.06943,0.098850004,-0.129,-0.741,Misc,Basic Materials,Chemicals,2026-05-24,Chemicals,0,0,0,12.07,3.29,9.84,34.05,7.68,10.75,WEAK GROWTH
DELTACORP,19483025408.0,SMALL CAP,72.76000213623047,22.808777,0.8714086,0.0347,2.175,0.09247,0.12389,-0.117,-0.901,Misc,Consumer Cyclical,Resorts & Casinos,2026-05-24,Resorts & Casinos,0,0,0,12.99,1.21,7.29,42.83,7.1,10.71,WEAK GROWTH
OSWALAGRO,6030393856.0,MICRO CAP,44.81999969482422,6.927357,0.6313921,0.11848,29.565,-4.298535952029998,0.73644996,-0.8136411,-0.902,Misc,Real Estate,Real Estate - Development,2026-05-24,Real Estate - Development,0,0,0,0.53,1.16,50.02,0.53,0.845,10.65,WEAK GROWTH
ENIL,5236118528.0,MICRO CAP,109.83999633789062,26.218092,0.69131327,-0.00962,22.502,-0.07626,-0.01356,-0.115,-0.322,Media,Communication Services,Broadcasting,2026-05-24,Broadcasting,0,0,0,13.32,12.38,2.86,7.88,12.850000000000001,10.36,WEAK GROWTH
RTNPOWER,48975364096.0,SMALL CAP,9.119999885559082,91.2,1.0561668,0.0113699995,80.012,0.08394,0.01753,-0.159,-0.647,Misc,Utilities,Utilities - Independent Power Producers,2026-05-24,Utilities - Independent Power Producers,0,0,0,10.6,4.84,4.7,39.85,7.72,10.33,WEAK GROWTH
KRITIKA,1603005568.0,MICRO CAP,6.019999980926514,20.758621,1.7653959,0.06346,54.516,0.013660001,0.00887,-0.387,-0.393,Misc,Basic Materials,Steel,2026-05-24,Steel,0,0,0,4.66,10.5,10.54,15.36,7.58,8.95,WEAK GROWTH
ANIKINDS,1208109184.0,MICRO CAP,43.529998779296875,71.36065,0.3793563,0.07674,3.695,0.02388,-0.04542,-0.133,-0.9085618999999999,Consumer,Consumer Defensive,Food Distribution,2026-05-24,FMCG – Food,0,0,0,11.83,0.53,12.58,18.14,6.18,8.66,WEAK GROWTH
TNPETRO,8115426304.0,MICRO CAP,90.19999694824219,6.981424,0.8294787,0.101009995,45.668,0.06073,0.06501,-0.718,-0.699,Chemicals,Basic Materials,Specialty Chemicals,2026-05-24,Specialty Chemicals,0,0,0,1.86,4.23,16.89,30.9,3.0450000000000004,8.6,WEAK GROWTH
MOL,12814893056.0,SMALL CAP,50.38999938964844,44.59292,0.8186707,0.01878,46.995,-0.02025,0.01322,-0.143,-0.59,Chemicals,Basic Materials,Agricultural Inputs,2026-05-24,Agrochemicals,0,0,0,11.27,6.0,5.88,10.66,8.635,8.29,WEAK GROWTH
DCMSIL,5366547456.0,MICRO CAP,61.689998626708984,26.218092,2.368238,-0.251724018,29.565,0.05639,0.0,-0.187,-0.744,Misc,Industrials,Industrial Distribution,2026-05-24,Industrial Distribution,0,0,0,9.56,3.21,0.53,29.11,6.385,7.49,WEAK GROWTH
FINOPB,10417278976.0,SMALL CAP,125.18000030517578,15.045673,1.2985747,0.067600004,29.565,0.01733,0.0356,-0.311,-0.705,Financials,Financial Services,Banks - Regional,2026-05-24,Private Sector Banks,0,0,0,5.92,3.88,11.17,16.26,4.9,7.29,WEAK GROWTH
AKG,354944352.0,MICRO CAP,11.170000076293945,58.789474,0.7145599,0.01171,15.716,-0.027709998,0.00629,-0.386,-0.4,Misc,Industrials,Industrial Distribution,2026-05-24,Industrial Distribution,0,0,0,4.7,10.27,4.82,9.99,7.484999999999999,7.2,WEAK GROWTH
VASCONEQ,7946399232.0,MICRO CAP,34.209999084472656,15.911627,0.6940415,0.04363,26.086,0.036429998,0.05151,-0.345,-0.836,Industrials,Industrials,Engineering & Construction,2026-05-24,Engineering & EPC,0,0,0,5.29,2.06,8.15,22.14,3.675,6.42,WEAK GROWTH
SHANKARA,3067054848.0,MICRO CAP,126.4800033569336,80.05064,0.6858965,0.0058399998,42.93,0.03275,0.00282,-0.792,-0.757,Misc,Consumer Cyclical,Home Improvement Retail,2026-05-24,Home Improvement Retail,0,0,0,1.18,2.94,3.96,21.16,2.06,4.35,WEAK GROWTH
