SYMBOL,MARKET_CAP,MARKET_CAP_CATEGORY,CURRENT_PRICE,PE_RATIO,PRICE_TO_BOOK,ROE,DEBT_TO_EQUITY,OPERATING_MARGIN,PROFIT_MARGIN,REVENUE_GROWTH,EARNINGS_GROWTH,SECTOR,RAW_SECTOR,INDUSTRY,FETCH_DATE,SUBSECTOR,HIGH_QUALITY_FLAG,HIGH_GROWTH_FLAG,COMPOUNDER_FLAG,REVENUE_GROWTH_SCORE,EARNINGS_GROWTH_SCORE,ROE_SCORE,OPERATING_MARGIN_SCORE,GROWTH_STABILITY_SCORE,GROWTH_SCORE,GROWTH_CATEGORY,QUALITY_SCORE,OWNERSHIP_SCORE
MCX,764738469888.0,LARGE CAP,3004.699951171875,57.649654,18.172745,0.37883,0.113,0.73859,0.54818,2.0,2.912,Misc,Financial Services,Financial Data & Stock Exchanges,2026-05-29,Financial Data & Stock Exchanges,1,1,1,98.0,95.57,98.24,97.65,96.785,97.16,ELITE GROWTH,85,100
BSE,1699365912576.0,LARGE CAP,4183.7001953125,78.78554,21.613565,0.36003,0.08216,0.67699,0.48729,1.051,0.64,Misc,Financial Services,Financial Data & Stock Exchanges,2026-05-29,Financial Data & Stock Exchanges,1,1,1,95.42,83.71,97.88,97.34,89.565,92.01,ELITE GROWTH,85,100
OFSS,884225343488.0,LARGE CAP,10152.0,33.653656,11.292664,0.32606,0.415,0.50402,0.34401,0.203,0.306,Technology,Technology,Software - Infrastructure,2026-05-29,Software Products,1,1,1,70.84,75.19,97.38,95.18,73.015,80.1,HIGH GROWTH,86,100
MUTHOOTFIN,1319064829952.0,LARGE CAP,3285.60009765625,12.450642,3.7030232,0.30406,379.707,0.78154,0.55206,0.537,1.267,Financials,Financial Services,Credit Services,2026-05-29,NBFC – Lending,0,1,1,89.8,90.21,96.59,97.85,90.005,92.11,ELITE GROWTH,75,90
HINDZINC,2740753268736.0,MEGA CAP,648.6500244140625,19.79402,12.113205,0.44688016848000045,39.034,0.52458,0.35292998,0.408,0.675,Misc,Basic Materials,Other Industrial Metals & Mining,2026-05-29,Other Industrial Metals & Mining,0,1,1,86.06,84.37,99.51,95.46,85.215,89.1,ELITE GROWTH,75,90
BEL,3043426566144.0,MEGA CAP,416.3500061035156,50.16265,12.687021,0.27556,0.273,0.2747,0.21956,0.117,0.045,Misc,Industrials,Aerospace & Defense,2026-05-29,Aerospace & Defense,1,0,0,41.79,25.71,95.22,87.23,33.75,51.39,SLOW GROWTH,85,90
HINDCOPPER,539309309952.0,LARGE CAP,557.7000122070312,58.705265,18.187452,0.30602,3.319,0.48468,0.29843,0.581,1.366,Metals,Basic Materials,Copper,2026-05-29,Copper,0,1,1,90.7,90.68,96.67,94.91,90.69,92.31,ELITE GROWTH,60,90
MAHABANK,615939702784.0,LARGE CAP,80.08000183105469,8.780702,1.8528887,0.22659999,29.454,0.5789,0.49278998,0.382,0.364,Financials,Financial Services,Banks - Regional,2026-05-29,Private Sector Banks,0,1,1,85.0,76.97,92.99,96.44,80.985,84.93,HIGH GROWTH,68,90
CUMMINSIND,1654745464832.0,LARGE CAP,5969.5,70.23768,20.959806,0.29455,0.431,0.24435,0.19449,0.219,0.227,Misc,Industrials,Specialty Industrial Machinery,2026-05-29,Specialty Industrial Machinery,1,1,1,72.66,70.82,96.24,84.96,71.74,77.96,HIGH GROWTH,65,90
LLOYDSME,1029478023168.0,LARGE CAP,1830.0,27.346087,6.9957333,0.37048998,145.214,0.38556,0.2151,4.045,6.049,Misc,Basic Materials,Steel,2026-05-29,Steel,0,1,1,98.67,97.49,97.96,92.64,98.08,97.51,ELITE GROWTH,68,90
GVT&D,1329572872192.0,LARGE CAP,5192.7001953125,108.36186,63.708637,0.44688016848000045,0.892,0.26439,0.19871001,0.42,0.887,Misc,Industrials,Specialty Industrial Machinery,2026-05-29,Specialty Industrial Machinery,1,1,1,86.45,87.21,99.51,86.53,86.83,89.34,ELITE GROWTH,65,85
HAL,2933447458816.0,MEGA CAP,4385.0,32.167057,7.1478972,0.23979001,0.08216,0.26945,0.27549,0.018,0.055,Misc,Industrials,Aerospace & Defense,2026-05-29,Aerospace & Defense,1,0,0,24.91,26.13,93.58,86.92,25.52,45.27,SLOW GROWTH,86,80
NATIONALUM,795904376832.0,LARGE CAP,433.3500061035156,12.962908,3.6841345,0.2942,0.277,0.4947,0.3132,0.01,-0.167,Misc,Basic Materials,Aluminum,2026-05-29,Aluminum,1,0,0,23.74,16.76,96.2,95.12,20.25,42.93,SLOW GROWTH,100,80
MAZDOCK,1007280259072.0,LARGE CAP,2497.10009765625,38.96848,10.325892,0.2877,4.481,0.13505,0.19863,0.213,1.09,Misc,Industrials,Aerospace & Defense,2026-05-29,Aerospace & Defense,0,1,0,71.97,88.95,95.89,67.72,80.46000000000001,82.27,HIGH GROWTH,40,80
PERSISTENT,817228939264.0,LARGE CAP,5230.89990234375,44.03485,10.441106,0.26349002,6.092,0.16252,0.12646,0.251,0.321,Technology,Technology,Information Technology Services,2026-05-29,IT Services,0,1,1,76.15,75.79,94.63,74.5,75.97,79.56,HIGH GROWTH,47,80
EICHERMOT,1987499393024.0,LARGE CAP,7240.5,36.013428,7.912855,0.23774,2.048,0.21086,0.23562,0.191,0.115,Automobiles,Consumer Cyclical,Auto Manufacturers,2026-05-29,Passenger Vehicles,0,1,0,69.06,29.49,93.5,81.98,49.275,61.39,MODERATE GROWTH,45,80
APTUS,132196081664.0,MID CAP,264.1499938964844,14.012739,2.6082318,0.20113,156.2,0.78612,0.61408,0.221,0.259,Misc,Financial Services,Mortgage Finance,2026-05-29,Mortgage Finance,0,1,1,72.86,72.72,90.33,97.88,72.78999999999999,78.81,HIGH GROWTH,68,80
NESTLEIND,2754018541568.0,MEGA CAP,1428.199951171875,78.77551,53.40463,0.44688016848000045,8.613,0.23223,0.15112,0.238,0.274,Misc,Consumer Defensive,Packaged Foods,2026-05-29,Packaged Foods,0,1,1,75.17,73.46,99.51,84.02,74.315,80.32,HIGH GROWTH,47,80
MARICO,1082786512896.0,LARGE CAP,835.5999755859375,61.486385,25.528536,0.41393003,12.394,0.13831,0.12945,0.221,0.145,Consumer,Consumer Defensive,Household & Personal Products,2026-05-29,FMCG – Personal Care,0,1,0,72.86,31.34,98.63,68.98,52.1,63.09,MODERATE GROWTH,40,80
BAJFINANCE,5745939578880.0,MEGA CAP,924.0999755859375,30.258675,5.0394826,0.17907,313.407,0.60647,0.43383998,0.268,0.214,Financials,Financial Services,Credit Services,2026-05-29,NBFC – Lending,0,1,0,77.73,70.19,87.19,96.71,73.96000000000001,78.88,HIGH GROWTH,53,80
POWERINDIA,1707790172160.0,LARGE CAP,38315.0,172.94064,37.263027,0.21040002,1.663,0.15284,0.12124,0.462,0.718,Misc,Industrials,Electrical Equipment & Parts,2026-05-29,Electrical Equipment & Parts,0,1,1,87.92,85.12,91.38,72.7,86.52000000000001,86.11,ELITE GROWTH,40,80
BAJAJ-AUTO,2966424387584.0,MEGA CAP,10622.0,27.605385,7.6405177,0.28046,56.289,0.18642001,0.16507,0.488,1.031,Automobiles,Consumer Cyclical,Auto Manufacturers,2026-05-29,Passenger Vehicles,0,1,1,88.52,88.39,95.46,78.42,88.455,88.85,ELITE GROWTH,55,80
ACUTAAS,251213332480.0,MID CAP,3068.39990234375,88.14708,15.195741,0.23516001,2.081,0.4018,0.26599002,0.403,1.056,Chemicals,Basic Materials,Specialty Chemicals,2026-05-29,Specialty Chemicals,0,1,1,85.72,88.56,93.38,93.11,87.14,88.98,ELITE GROWTH,53,80
ADANIPORTS,4181685698560.0,MEGA CAP,1815.0,31.185566,4.3499,0.15592,64.051,0.41025,0.33060002,0.265,0.036,Misc,Industrials,Marine Shipping,2026-05-29,Marine Shipping,0,0,0,77.48,25.11,83.0,93.46,51.295,61.85,MODERATE GROWTH,53,80
MOTILALOFS,536722833408.0,LARGE CAP,891.5,27.171593,4.1480937,0.1555,164.419,-0.09198,0.23452999,1.523,0.1685,Misc,Financial Services,Capital Markets,2026-05-29,Capital Markets,0,1,0,97.14,50.02,82.82,7.79,73.58,68.85,MODERATE GROWTH,33,80
KFINTECH,147862061056.0,MID CAP,856.5999755859375,42.616913,8.83995,0.22312,3.314,0.29232,0.26409,0.277,-0.05,Technology,Technology,Software - Application,2026-05-29,SaaS,0,0,0,78.75,20.8,92.87,88.41,49.775,62.26,MODERATE GROWTH,53,80
HBLENGINE,230085656576.0,MID CAP,830.0499877929688,28.204212,10.300815,0.44074002,3.021,0.09937,0.24672002,0.27,0.398,Misc,Industrials,Electrical Equipment & Parts,2026-05-29,Electrical Equipment & Parts,0,1,0,78.03,78.14,98.98,57.25,78.08500000000001,80.18,HIGH GROWTH,53,80
NAVINFLUOR,376977457152.0,MID CAP,7350.5,56.368866,9.477325,0.20105,31.997,0.29853,0.20023,0.338,1.165,Misc,Basic Materials,Chemicals,2026-05-29,Chemicals,0,1,1,82.78,89.35,90.29,88.84,86.065,87.19,ELITE GROWTH,53,80
ANTHEM,426509336576.0,MID CAP,759.2999877929688,72.660286,14.010776,0.21708,1.772,0.37258,0.27858,0.264,1.272,Healthcare,Healthcare,Biotechnology,2026-05-29,Biotechnology,0,1,1,77.42,90.25,92.17,92.24,83.83500000000001,86.34,ELITE GROWTH,53,80
ANANDRATHI,291219767296.0,MID CAP,3507.800048828125,74.50722,29.175747,0.44688016848000045,8.25,0.40331,0.31594,0.476,0.384,Financials,Financial Services,Asset Management,2026-05-29,Asset Management Companies,0,1,1,88.25,77.63,99.51,93.18,82.94,87.28,ELITE GROWTH,60,80
HEROMOTOCO,1011169689600.0,LARGE CAP,5053.5,17.62398,4.6780276,0.28027,3.57,0.1311,0.12109999,0.302,0.257,Automobiles,Consumer Cyclical,Auto Manufacturers,2026-05-29,Passenger Vehicles,0,1,0,80.69,72.54,95.42,66.55,76.61500000000001,79.37,HIGH GROWTH,55,80
SUZLON,779736383488.0,LARGE CAP,56.849998474121094,24.61039,9.950989,0.40636003,5.873,0.16420999,0.18966,0.449,-0.056,Misc,Industrials,Specialty Industrial Machinery,2026-05-29,Specialty Industrial Machinery,0,0,0,87.45,20.62,98.51,74.87,54.035000000000004,65.01,MODERATE GROWTH,55,80
SOLARINDS,1676690194432.0,LARGE CAP,18529.0,100.34116,26.710007,0.31332,23.271,0.26174,0.17052001,0.409,0.7,Chemicals,Basic Materials,Specialty Chemicals,2026-05-29,Specialty Chemicals,0,1,1,86.17,84.86,96.83,86.25,85.515,87.85,ELITE GROWTH,55,80
NAM-INDIA,703352799232.0,LARGE CAP,1101.5999755859375,46.618706,15.060083,0.34476003,1.617,0.65431,0.52143,0.196,0.273,Financials,Financial Services,Asset Management,2026-05-29,Asset Management Companies,0,1,1,69.74,73.38,97.65,97.06,71.56,79.33,HIGH GROWTH,60,80
ICICIBANK,9190359695360.0,MEGA CAP,1281.9000244140625,17.158346,2.5284722,0.16359,29.454,0.33293998,0.24929,0.669,0.084,Financials,Financial Services,Banks - Regional,2026-05-29,Private Sector Banks,0,0,0,92.66,27.89,84.57,90.56,60.275,68.16,MODERATE GROWTH,60,80
CUPID,174725218304.0,MID CAP,129.94000244140625,164.48102,45.705242,0.27297002,12.506,0.30211002,0.2894,1.124,2.142,Consumer,Consumer Defensive,Household & Personal Products,2026-05-29,FMCG – Personal Care,0,1,1,95.69,94.05,95.06,89.07,94.87,94.33,ELITE GROWTH,60,80
WAAREEENER,888785076224.0,LARGE CAP,3089.800048828125,27.20134,6.1525536,0.31570998,21.402,0.15048,0.13986,1.118,0.712,Misc,Technology,Solar,2026-05-29,Solar,0,1,1,95.65,85.04,96.98,72.27,90.345,89.86,ELITE GROWTH,55,80
SIGNATURE,116532535296.0,MID CAP,829.3499755859375,10.657286,16.031042,0.44688016848000045,161.04,0.043330003,0.42168,1.128,14.661280000000012,Misc,Real Estate,Real Estate - Development,2026-05-29,Real Estate - Development,0,1,0,95.73,99.51,99.51,24.68,97.62,90.7,ELITE GROWTH,60,80
TRAVELFOOD,160161775616.0,MID CAP,1216.300048828125,36.329155,13.526619,0.35699,16.722,0.4348,0.25308,0.515,0.172,Hospitality,Consumer Cyclical,Restaurants,2026-05-29,Restaurants,0,1,1,89.13,67.74,97.85,94.01,78.435,83.88,HIGH GROWTH,60,80
KIRLPNU,107239481344.0,MID CAP,1650.9000244140625,41.847908,8.586363,0.21473,0.262,0.24951,0.14333001,0.203,0.797,Misc,Industrials,Specialty Industrial Machinery,2026-05-29,Specialty Industrial Machinery,1,1,1,70.84,86.25,91.85,85.31,78.545,81.88,HIGH GROWTH,65,80
CHOLAFIN,1326824554496.0,LARGE CAP,1556.5,25.145395,4.3493934,0.19334999,614.0908400000002,0.56111,0.39784,0.241,0.291,Financials,Financial Services,Credit Services,2026-05-29,NBFC – Lending,0,1,1,75.28,74.36,89.13,95.97,74.82,79.8,HIGH GROWTH,61,80
LUPIN,1040394747904.0,LARGE CAP,2275.5,19.52381,4.6317124,0.26907,29.388,0.24244,0.19073999,0.319,0.89,Misc,Healthcare,Drug Manufacturers - Specialty & Generic,2026-05-29,Drug Manufacturers - Specialty & Generic,0,1,1,81.84,87.27,94.87,84.76,84.555,86.64,ELITE GROWTH,62,80
IRCTC,416560021504.0,MID CAP,520.7000122070312,29.89093,9.76575,0.34959,1.874,0.29575002,0.2545,0.203,-0.089,Misc,Consumer Cyclical,Travel Services,2026-05-29,Travel Services,0,0,0,70.84,19.25,97.69,88.72,45.045,59.94,MODERATE GROWTH,68,80
AIAENG,422862553088.0,MID CAP,4531.2998046875,33.333088,5.739979,0.16951999,0.128,0.33312,0.25954,0.209,0.38,Misc,Industrials,Specialty Industrial Machinery,2026-05-29,Specialty Industrial Machinery,1,1,0,71.7,77.52,85.68,90.6,74.61,78.42,HIGH GROWTH,78,80
EMMVEE,225012137984.0,MID CAP,325.0,18.928364,6.0869403,0.44688016848000045,9.745,0.28291,0.21417,0.623,0.625,Misc,Technology,Solar,2026-05-29,Solar,0,1,1,91.87,83.49,99.51,87.74,87.68,90.05,ELITE GROWTH,75,80
IEX,114026086400.0,MID CAP,128.22000122070312,23.144405,8.409523,0.39419997,0.818,0.84190005,0.65990996,0.125,0.098,Misc,Financial Services,Capital Markets,2026-05-29,Capital Markets,1,0,0,59.01,28.65,98.43,98.43,43.83,60.21,MODERATE GROWTH,78,75
INDIAMART,121078128640.0,MID CAP,2014.199951171875,25.567402,5.041651,0.20703,0.962,0.31066,0.30253,0.139,-0.723,Misc,Communication Services,Internet Content & Information,2026-05-29,Internet Content & Information,1,0,0,61.42,3.72,91.03,89.39,32.57,49.94,SLOW GROWTH,71,75
SPARC,70291382272.0,SMALL CAP,216.60000610351562,4.5257,5.250782,0.44688016848000045,41.776,0.9200270213920001,0.9287488156000011,5.038001600000003,0.1685,Misc,Healthcare,Drug Manufacturers - Specialty & Generic,2026-05-29,Drug Manufacturers - Specialty & Generic,0,1,1,99.51,50.02,99.51,99.51,74.765,82.19,HIGH GROWTH,75,70
INDHOTEL,949429272576.0,LARGE CAP,667.0,45.622437,8.206201,0.16430001,18.987,0.31103,0.20903999,0.145,0.147,Misc,Consumer Cyclical,Lodging,2026-05-29,Lodging,0,1,0,62.38,31.43,84.68,89.46,46.905,58.72,MODERATE GROWTH,45,70
INOXINDIA,139975475200.0,MID CAP,1542.199951171875,54.379406,12.523549,0.25901,7.251,0.1859,0.16249001,0.247,0.149,Misc,Industrials,Specialty Industrial Machinery,2026-05-29,Specialty Industrial Machinery,0,1,1,75.83,31.59,94.52,78.26,53.71,64.33,MODERATE GROWTH,47,70
WEBELSOLAR,48365809664.0,SMALL CAP,111.4000015258789,15.959886,12.018557,0.44688016848000045,20.729,0.30507,0.28873,1.321,1.443,Misc,Technology,Solar,2026-05-29,Solar,0,1,1,96.63,91.27,99.51,89.11,93.94999999999999,94.58,ELITE GROWTH,75,70
ATLANTAELE,151655514112.0,MID CAP,1972.199951171875,72.40088,16.320213,0.31548,5.461,0.18765,0.10897,0.817,1.13,Misc,Industrials,Electrical Equipment & Parts,2026-05-29,Electrical Equipment & Parts,0,1,1,93.97,89.17,96.94,78.65,91.57,91.35,ELITE GROWTH,47,70
IIFLCAPS,106466459648.0,MID CAP,341.6000061035156,20.023447,3.7711687,0.20198,59.292,0.26115,0.24367,0.12,-0.111,Misc,Financial Services,Capital Markets,2026-05-29,Capital Markets,0,0,0,58.03,18.45,90.52,86.17,38.24,53.49,SLOW GROWTH,61,70
BLS,109489242112.0,MID CAP,265.95001220703125,15.992185,4.443164,0.30143,15.468,0.21951,0.22904,0.176,0.314,Misc,Industrials,Specialty Business Services,2026-05-29,Specialty Business Services,0,1,1,66.76,75.52,96.51,82.77,71.14,77.38,HIGH GROWTH,67,70
CAPLIPOINT,156964159488.0,MID CAP,2065.0,24.533682,4.469465,0.19939,0.127,0.30898002,0.29318002,0.19,0.194,Misc,Healthcare,Drug Manufacturers - Specialty & Generic,2026-05-29,Drug Manufacturers - Specialty & Generic,1,1,1,68.9,68.98,90.01,89.27,68.94,75.19,HIGH GROWTH,86,70
CRIZAC,39143583744.0,SMALL CAP,223.6999969482422,17.853153,6.530243,0.40003,0.31,0.23003,0.20459,0.147,0.505,Misc,Consumer Defensive,Education & Training Services,2026-05-29,Education & Training Services,1,1,1,62.71,81.18,98.47,83.74,71.94500000000001,78.43,HIGH GROWTH,85,70
ITC,3616004636672.0,MEGA CAP,288.6000061035156,17.469734,4.987385,0.2934,3.292,0.36479,0.26233,-0.05,-0.727,Consumer,Consumer Defensive,Tobacco,2026-05-29,Tobacco,0,0,0,17.31,3.64,96.12,91.97,10.475,35.75,WEAK GROWTH,75,70
PIDILITIND,1494399582208.0,LARGE CAP,1468.800048828125,61.20467,15.645513,0.23523001,3.776,0.20533001,0.16771999,0.141,0.37,Chemicals,Basic Materials,Specialty Chemicals,2026-05-29,Specialty Chemicals,0,1,1,61.71,77.28,93.42,81.36,69.495,75.47,HIGH GROWTH,40,70
RPEL,45019586560.0,SMALL CAP,980.3499755859375,81.83222,20.902538,0.25011998,2.213,0.27582002,0.21318,0.393,0.5,Misc,Basic Materials,Chemicals,2026-05-29,Chemicals,0,1,1,85.39,80.98,94.09,87.35,83.185,85.78,ELITE GROWTH,60,70
CGCL,190862475264.0,MID CAP,198.3699951171875,19.601778,2.6549156,0.16496,334.728,0.39968,0.33626,0.72,0.371,Financials,Financial Services,Credit Services,2026-05-29,NBFC – Lending,0,1,0,93.15,77.34,84.8,93.03,85.245,85.93,ELITE GROWTH,60,70
VEDL,1371952119808.0,LARGE CAP,351.70001220703125,19.573816,3.4135513,0.20403999,48.044,0.2624,0.22681999,-0.413,0.922,Misc,Basic Materials,Other Industrial Metals & Mining,2026-05-29,Other Industrial Metals & Mining,0,0,1,4.19,87.62,90.76,86.37,45.905,58.92,MODERATE GROWTH,68,70
SEAMECLTD,41404145664.0,SMALL CAP,1622.800048828125,16.420116,3.8387027,0.21945,27.069,0.33626,0.26393998,0.638,1.407,Misc,Industrials,Marine Shipping,2026-05-29,Marine Shipping,0,1,1,92.09,90.99,92.4,90.72,91.53999999999999,91.63,ELITE GROWTH,68,70
HINDUNILVR,5107072106496.0,MEGA CAP,2173.60009765625,47.992935,10.481798,0.21603,3.016,0.21363,0.23329,0.043,0.214,Consumer,Consumer Defensive,Household & Personal Products,2026-05-29,FMCG – Personal Care,0,0,1,28.71,70.19,92.01,82.26,49.45,61.24,MODERATE GROWTH,45,70
CHOICEIN,151042457600.0,MID CAP,678.0,60.266666,8.020347,0.16240999,49.768,0.30106002,0.20622998,0.218,0.153,Misc,Financial Services,Capital Markets,2026-05-29,Capital Markets,0,1,0,72.52,31.83,84.41,88.95,52.175,62.3,MODERATE GROWTH,45,70
COALINDIA,2869366358016.0,MEGA CAP,465.6000061035156,9.225283,2.4089406,0.28124002,11.629,0.20922,0.18465,0.162,0.129,Metals,Energy,Thermal Coal,2026-05-29,Coal,0,1,1,64.77,30.36,95.5,81.75,47.565,60.57,MODERATE GROWTH,62,70
EUROPRATIK,26265399296.0,SMALL CAP,257.0,34.08488,8.494744,0.27798998,7.636,0.25365,0.23015,0.281,0.436,Misc,Basic Materials,Building Materials,2026-05-29,Building Materials,0,1,1,79.04,79.3,95.3,85.74,79.17,83.05,HIGH GROWTH,68,70
AJANTPHARM,374182182912.0,MID CAP,2994.199951171875,35.410263,8.264235,0.25393,5.747,0.23194,0.19365999,0.215,0.186,Misc,Healthcare,Drug Manufacturers - Specialty & Generic,2026-05-29,Drug Manufacturers - Specialty & Generic,0,1,1,72.11,68.43,94.36,83.9,70.27000000000001,76.45,HIGH GROWTH,47,70
GRSE,307113918464.0,MID CAP,2681.0,44.542282,11.69384,0.31791002,1.424,0.16153,0.106809996,0.291,0.242,Misc,Industrials,Aerospace & Defense,2026-05-29,Aerospace & Defense,0,1,1,79.91,71.68,97.1,74.19,75.795,79.9,HIGH GROWTH,47,70
PREMIERENE,469799665664.0,MID CAP,1041.0,30.90855,13.500719,0.42333,86.005,0.26709998,0.19296,0.376,0.647,Misc,Technology,Solar,2026-05-29,Solar,0,1,1,84.65,83.94,98.79,86.72,84.295,87.44,ELITE GROWTH,63,70
UNIONBANK,1293361741824.0,LARGE CAP,169.35000610351562,6.6599836,0.98701495,0.15708,29.454,-3.64360608,0.35658002,0.119,0.1685,Financials,Financial Services,Banks - Regional,2026-05-29,Private Sector Banks,0,1,0,49.94,50.02,83.27,0.53,49.980000000000004,51.69,SLOW GROWTH,40,70
METROBRAND,283339587584.0,MID CAP,1039.5999755859375,69.07641,15.554259,0.22094,77.476,0.19931,0.14358,0.203,0.232,Misc,Consumer Cyclical,Apparel Retail,2026-05-29,Apparel Retail,0,1,1,70.84,71.09,92.64,80.38,70.965,76.24,HIGH GROWTH,40,70
TVSMOTOR,1629123117056.0,LARGE CAP,3428.10009765625,53.87553,48.754852,0.31619,306.09,0.12477,0.05381,0.313,0.191,Automobiles,Consumer Cyclical,Auto Manufacturers,2026-05-29,Passenger Vehicles,0,1,0,81.53,68.74,97.02,64.86,75.13499999999999,78.48,HIGH GROWTH,35,70
ICICIGI,911269494784.0,LARGE CAP,1826.0999755859375,33.11151,5.660816,0.17851,0.08216,0.11436,0.10264,0.122,0.067,Financials,Financial Services,Insurance - Diversified,2026-05-29,General Insurance,1,0,0,58.32,26.91,87.11,62.32,42.615,53.48,SLOW GROWTH,58,70
POLYCAB,1453866352640.0,LARGE CAP,9657.0,54.605595,12.106905,0.24580999,2.558,0.12951,0.09251001,0.269,0.08,Misc,Industrials,Electrical Equipment & Parts,2026-05-29,Electrical Equipment & Parts,0,0,0,77.89,27.61,93.89,66.2,52.75,62.32,MODERATE GROWTH,28,70
PHOENIXLTD,634275364864.0,LARGE CAP,1773.5,50.55587,5.771102,0.11056,37.211,0.53540003,0.27671,0.337,0.5,Misc,Real Estate,Real Estate - Diversified,2026-05-29,Real Estate - Diversified,0,1,0,82.61,80.98,26.36,95.61,81.795,72.09,HIGH GROWTH,45,70
COLPAL,564805369856.0,LARGE CAP,2076.60009765625,42.69326,35.655296,0.44688016848000045,2.993,0.29746,0.21959999,0.091,-0.005,Consumer,Consumer Defensive,Household & Personal Products,2026-05-29,FMCG – Personal Care,0,0,0,37.54,22.68,99.51,88.76,30.11,49.86,SLOW GROWTH,60,70
ADANIPOWER,4742492192768.0,MEGA CAP,245.9199981689453,37.148037,7.313823,0.20908001,82.332,0.25207,0.23662001,-0.001,0.916,Misc,Utilities,Utilities - Independent Power Producers,2026-05-29,Utilities - Independent Power Producers,0,0,1,22.66,87.58,91.23,85.55,55.12,65.38,MODERATE GROWTH,53,70
HOMEFIRST,114486493184.0,MID CAP,1096.0,21.265036,2.6189647,0.15714,243.084,0.66555,0.51025003,0.337,0.242,Misc,Financial Services,Mortgage Finance,2026-05-29,Mortgage Finance,0,1,0,82.61,71.68,83.35,97.18,77.14500000000001,80.39,HIGH GROWTH,53,70
LTF,711297400832.0,LARGE CAP,283.8999938964844,23.877207,2.6921434,0.111169994,393.442,0.43723,0.33077,0.319,0.264,Financials,Financial Services,Credit Services,2026-05-29,NBFC – Lending,0,1,0,81.84,73.01,26.44,94.12,77.42500000000001,68.9,MODERATE GROWTH,53,70
PRUDENT,110862237696.0,MID CAP,2677.39990234375,49.83991,14.536156,0.28643999,3.866,0.22248,0.16623,0.22,0.143,Financials,Financial Services,Asset Management,2026-05-29,Asset Management Companies,0,1,1,72.74,31.2,95.73,83.16,51.97,63.84,MODERATE GROWTH,47,70
TRITURBINE,234463428608.0,MID CAP,737.5499877929688,67.049995,16.191742,0.26217,2.476,0.1751,0.16033001,0.263,0.074,Misc,Industrials,Specialty Industrial Machinery,2026-05-29,Specialty Industrial Machinery,0,0,0,77.32,27.22,94.59,76.77,52.269999999999996,63.18,MODERATE GROWTH,47,70
AADHARHFC,207309012992.0,MID CAP,475.0,19.19192,2.7353086,0.15753001,248.556,0.62323004,0.48599997,0.209,0.263,Misc,Financial Services,Mortgage Finance,2026-05-29,Mortgage Finance,0,1,0,71.7,72.97,83.43,96.87,72.33500000000001,77.01,HIGH GROWTH,60,70
CCCL,6683521536.0,MICRO CAP,14.960000038146973,8.451978,3.5806606,0.26556998,0.108,-0.08659001,0.21561001,1.295,0.1685,Industrials,Industrials,Engineering & Construction,2026-05-29,Engineering & EPC,1,1,0,96.47,50.02,94.67,7.91,73.245,71.0,HIGH GROWTH,80,70
BAJAJHFL,711184416768.0,LARGE CAP,85.38999938964844,27.814333,3.1714022,0.120570004,460.504,0.80669,0.61533,0.423,0.144,Misc,Financial Services,Mortgage Finance,2026-05-29,Mortgage Finance,0,1,0,86.56,31.26,74.07,98.24,58.910000000000004,65.88,MODERATE GROWTH,53,70
AUBANK,747236229120.0,LARGE CAP,998.5,28.553045,3.736398,0.11565,29.454,0.35549998,0.21372999,0.371,0.626,Financials,Financial Services,Banks - Regional,2026-05-29,Private Sector Banks,0,1,0,84.35,83.55,50.02,91.62,83.94999999999999,77.93,HIGH GROWTH,53,70
PFC,1425643929600.0,LARGE CAP,432.0,5.502484,1.0729533,0.20466,586.017,0.9200270213920001,0.54304004,-0.154,0.108,Financials,Financial Services,Credit Services,2026-05-29,NBFC – Lending,0,0,0,10.42,29.1,90.87,99.51,19.76,41.96,SLOW GROWTH,68,70
CANFINHOME,110085177344.0,MID CAP,826.75,10.137952,1.8407811,0.19655001,614.0908400000002,0.80419,0.67294997,0.243,0.478,Misc,Financial Services,Mortgage Finance,2026-05-29,Mortgage Finance,0,1,1,75.4,80.32,89.5,98.16,77.86,82.22,HIGH GROWTH,68,70
GODFRYPHLP,363016355840.0,MID CAP,2327.300048828125,23.808697,5.843186,0.26593,3.757,0.29102,0.23878,0.136,0.861,Consumer,Consumer Defensive,Tobacco,2026-05-29,Tobacco,0,1,1,60.89,86.86,94.71,88.29,73.875,79.48,HIGH GROWTH,68,70
CDSL,263214612480.0,MID CAP,1259.4000244140625,57.850254,13.430879,0.23913,0.11,0.38924998,0.36830002,0.055,-0.199,Misc,Financial Services,Capital Markets,2026-05-29,Capital Markets,1,0,0,30.85,15.1,93.54,92.71,22.975,44.06,SLOW GROWTH,78,70
DIVISLAB,1790054629376.0,LARGE CAP,6743.0,69.86117,11.606811,0.16187,0.08216,0.28753,0.24318,0.095,0.136,Misc,Healthcare,Drug Manufacturers - Specialty & Generic,2026-05-29,Drug Manufacturers - Specialty & Generic,1,0,0,38.43,30.81,84.14,88.01,34.62,49.86,SLOW GROWTH,70,70
UTLSOLAR,100786536448.0,MID CAP,328.3999938964844,32.19608,17.401442,0.36418,40.802,0.16747999,0.11457,0.875,0.962,Misc,Technology,Solar,2026-05-29,Solar,0,1,1,94.48,87.97,97.92,75.36,91.225,90.98,ELITE GROWTH,55,70
OBEROIRLTY,615978565632.0,LARGE CAP,1694.0999755859375,24.591377,3.6795464,0.14913,15.765,0.52986,0.41727,0.521,0.624,Misc,Real Estate,Real Estate - Development,2026-05-29,Real Estate - Development,0,1,0,89.39,83.43,81.59,95.53,86.41,86.36,ELITE GROWTH,53,70
IKS,279401365504.0,MID CAP,1666.9000244140625,39.453255,9.959908,0.31441,26.873,0.35139,0.22591999,0.185,0.386,Misc,Healthcare,Health Information Services,2026-05-29,Health Information Services,0,1,1,68.04,77.75,96.91,91.42,72.89500000000001,79.55,HIGH GROWTH,60,70
SHRIRAMFIN,2236835954688.0,MEGA CAP,950.7000122070312,17.85017,2.7128985,0.16382,274.993,0.70207,0.48407,0.167,0.409,Financials,Financial Services,Credit Services,2026-05-29,NBFC – Lending,0,1,0,65.65,78.26,84.61,97.45,71.95500000000001,77.04,HIGH GROWTH,60,70
JSWSTEEL,3158667427840.0,MEGA CAP,1294.199951171875,14.181458,3.1571243,0.27261,94.155,0.12673001,0.12031999,0.142,9.918,Misc,Basic Materials,Steel,2026-05-29,Steel,0,1,0,61.93,98.67,95.03,65.53,80.3,81.77,HIGH GROWTH,55,70
ECLERX,143503474688.0,MID CAP,1539.9000244140625,20.689238,5.5615144,0.29,15.012,0.21125999,0.17153,0.233,0.26,Technology,Technology,Information Technology Services,2026-05-29,IT Services,0,1,1,74.4,72.82,96.04,82.02,73.61,78.94,HIGH GROWTH,55,70
JIOFIN,1589376188416.0,LARGE CAP,240.6999969482422,100.291664,1.1384059,0.012130001,16.286,0.43075,0.57768,0.394,-0.14,Financials,Financial Services,Asset Management,2026-05-29,Asset Management Companies,0,0,0,85.45,17.63,7.48,93.81,51.54,46.96,SLOW GROWTH,35,70
MARSONS,25952679936.0,SMALL CAP,150.8000030517578,56.05948,18.72594,0.2724,0.321,0.20427,0.18875,0.66,1.531,Misc,Industrials,Electrical Equipment & Parts,2026-05-29,Electrical Equipment & Parts,1,1,1,92.52,91.95,94.99,81.16,92.235,91.68,ELITE GROWTH,65,70
MONARCH,26626234368.0,SMALL CAP,335.8999938964844,14.725997,2.7397149,0.20495,3.83,0.64997,0.49444,0.582,0.841,Misc,Financial Services,Capital Markets,2026-05-29,Capital Markets,0,1,1,90.76,86.76,90.95,97.02,88.76,90.02,ELITE GROWTH,68,70
GESHIP,203072028672.0,MID CAP,1422.4000244140625,6.915261,1.1972218,0.18849,6.409,0.37112,0.544,0.236,1.875,Misc,Industrials,Marine Shipping,2026-05-29,Marine Shipping,0,1,1,74.85,93.38,88.72,92.09,84.115,85.83,ELITE GROWTH,68,70
TITAN,3648062488576.0,MEGA CAP,4112.60009765625,72.02452,23.25145,0.37127998,195.001,0.06282,0.057919998,0.805,0.351,Misc,Consumer Cyclical,Luxury Goods,2026-05-29,Luxury Goods,0,1,0,93.89,76.65,98.0,31.65,85.27000000000001,82.45,HIGH GROWTH,35,70
CAMS,198065225728.0,MID CAP,798.7000122070312,41.77301,14.990053,0.38694,4.863,0.39238,0.31394,0.11,0.106,Technology,Technology,Information Technology Services,2026-05-29,IT Services,0,1,0,40.54,28.97,98.35,92.83,34.754999999999995,53.28,SLOW GROWTH,60,70
DOLPHIN,16083841024.0,SMALL CAP,402.04998779296875,23.443148,4.5514235,0.21903,57.496,0.16188,0.58871,1.219,1.713,Misc,Energy,Oil & Gas Equipment & Services,2026-05-29,Oil & Gas Equipment & Services,0,1,1,96.08,92.83,92.36,74.23,94.455,92.01,ELITE GROWTH,53,70
ICICIAMC,1713248403456.0,LARGE CAP,3466.300048828125,51.984104,41.062122,0.44688016848000045,29.454,0.73064005,0.54963,0.082,0.104,Financials,Financial Services,Asset Management,2026-05-29,Asset Management Companies,0,0,0,35.96,28.79,99.51,97.49,32.375,52.31,SLOW GROWTH,60,70
GARUDA,16315800576.0,SMALL CAP,175.36000061035156,13.31511,3.5796523,0.31127,2.649,0.32101002,0.23080999,0.827,0.908,Industrials,Industrials,Engineering & Construction,2026-05-29,Engineering & EPC,0,1,1,94.12,87.45,96.75,89.86,90.785,91.89,ELITE GROWTH,75,70
TDPOWERSYS,210627166208.0,MID CAP,1348.199951171875,88.06009,19.656214,0.24716999,1.689,0.15428,0.12863,0.692,0.365,Misc,Industrials,Specialty Industrial Machinery,2026-05-29,Specialty Industrial Machinery,0,1,1,92.99,77.09,94.01,73.13,85.03999999999999,85.64,ELITE GROWTH,40,70
GODREJPROP,539222081536.0,LARGE CAP,1790.199951171875,29.180115,2.8144214,0.09969,82.119,0.14072,0.36056,0.63,0.701,Misc,Real Estate,Real Estate - Development,2026-05-29,Real Estate - Development,0,1,0,91.97,84.92,23.5,69.57,88.445,73.57,HIGH GROWTH,28,70
INDOTHAI,31865157632.0,SMALL CAP,247.75,46.922348,11.201284,0.28285998,8.366,0.84295,0.65086,5.038001600000003,0.1685,Misc,Financial Services,Capital Markets,2026-05-29,Capital Markets,0,1,1,99.51,50.02,95.61,98.47,74.765,81.3,HIGH GROWTH,60,70
ABBOTINDIA,583505805312.0,LARGE CAP,27460.0,37.645832,12.222452,0.34460998,3.602,0.27012,0.22399001,0.065,0.076,Misc,Healthcare,Drug Manufacturers - Specialty & Generic,2026-05-29,Drug Manufacturers - Specialty & Generic,0,0,0,32.8,27.44,97.61,86.96,30.119999999999997,49.3,SLOW GROWTH,60,70
TIPSMUSIC,85640773632.0,SMALL CAP,669.9500122070312,39.478493,32.94404,0.44688016848000045,1.962,0.73416,0.5772,0.324,0.935,Misc,Communication Services,Entertainment,2026-05-29,Entertainment,0,1,1,81.9,87.74,99.51,97.61,84.82,89.04,ELITE GROWTH,60,70
HDFCAMC,1162078978048.0,LARGE CAP,2711.0,40.736286,12.579813,0.32929,29.454,0.78761,0.61833,0.037,-0.028,Financials,Financial Services,Asset Management,2026-05-29,Asset Management Companies,0,0,0,27.93,21.66,97.45,98.0,24.795,46.65,SLOW GROWTH,60,70
VIJAYA,133724585984.0,MID CAP,1299.5999755859375,77.44934,15.445135,0.19698,44.15,0.32452,0.21245001,0.266,0.38,Healthcare,Healthcare,Diagnostics & Research,2026-05-29,Diagnostics,0,1,1,77.56,77.52,89.58,90.21,77.53999999999999,81.22,HIGH GROWTH,53,70
TORNTPHARM,1500430073856.0,LARGE CAP,4433.2998046875,69.29196,17.771088,0.16985,85.442,0.20205,0.15472001,0.418,-0.218,Misc,Healthcare,Drug Manufacturers - Specialty & Generic,2026-05-29,Drug Manufacturers - Specialty & Generic,0,0,0,86.37,14.63,85.74,80.77,50.5,60.57,MODERATE GROWTH,32,70
BOSCHLTD,1116039282688.0,LARGE CAP,37840.0,40.23349,7.518313,0.19353001,0.8,0.11963,0.13842,0.18,0.03,Automobiles,Consumer Cyclical,Auto Parts,2026-05-29,Auto Components,1,0,0,67.47,24.85,89.23,63.51,46.16,56.51,MODERATE GROWTH,43,65
SCHAEFFLER,641782841344.0,LARGE CAP,4106.0,52.81029,10.6115465,0.11565,0.904,0.16369,0.12021,0.209,0.255,Automobiles,Consumer Cyclical,Auto Parts,2026-05-29,Auto Components,0,1,0,71.7,72.27,50.02,74.74,71.985,67.87,MODERATE GROWTH,42,65
NAUKRI,654214758400.0,LARGE CAP,1010.0,45.230633,1.3443544,0.045679998,0.64,0.34901002,0.44138,0.159,0.221,Misc,Communication Services,Internet Content & Information,2026-05-29,Internet Content & Information,0,1,0,64.32,70.58,12.53,91.34,67.44999999999999,58.86,MODERATE GROWTH,45,65
MPSLTD,30791917568.0,SMALL CAP,1813.9000244140625,17.788565,6.2806215,0.32234,10.167,0.28831,0.22544001,0.127,-0.001,Misc,Communication Services,Publishing,2026-05-29,Publishing,0,0,0,59.34,22.88,97.26,88.09,41.11,57.04,MODERATE GROWTH,75,60
BRITANNIA,1271061938176.0,LARGE CAP,5277.0,50.204548,24.892801,0.44688016848000045,26.875,0.16267,0.13229,0.079,0.211,Misc,Consumer Defensive,Packaged Foods,2026-05-29,Packaged Foods,0,0,1,35.31,69.94,99.51,74.54,52.625,64.19,MODERATE GROWTH,47,60
SIGMAADV,74866630656.0,SMALL CAP,424.79998779296875,18.357822,10.589026,0.44688016848000045,70.808,0.15732001,0.34028998,0.119,0.1685,Misc,Industrials,Aerospace & Defense,2026-05-29,Aerospace & Defense,0,1,1,49.94,50.02,99.51,73.56,49.980000000000004,62.24,MODERATE GROWTH,67,60
BAJAJHLDNG,1168248012800.0,LARGE CAP,10497.0,12.126988,1.5968398,0.12624,0.08216,0.40881002,0.9287488156000011,-0.483,0.493,Financials,Financial Services,Asset Management,2026-05-29,Asset Management Companies,0,0,0,3.33,80.71,75.64,93.38,42.019999999999996,53.88,SLOW GROWTH,85,60
BAJAJCON,75660664832.0,SMALL CAP,579.25,40.821003,10.272211,0.25309,2.092,0.22031,0.16329001,0.304,1.13,Consumer,Consumer Defensive,Household & Personal Products,2026-05-29,FMCG – Personal Care,0,1,1,80.77,89.17,94.28,83.0,84.97,86.64,ELITE GROWTH,47,60
LTM,1223139655680.0,LARGE CAP,4125.7998046875,24.395695,5.090463,0.21285,9.582,0.07614,0.11861,0.061,0.234,Technology,Technology,Information Technology Services,2026-05-29,IT Services,0,0,0,32.06,71.19,91.62,36.7,51.625,58.13,MODERATE GROWTH,41,60
HEXT,304728571904.0,MID CAP,500.0,22.16312,4.4922824,0.22272,10.521,0.13288,0.10073,0.126,0.079,Technology,Technology,Information Technology Services,2026-05-29,IT Services,0,0,0,59.2,27.56,92.83,67.1,43.38,55.64,MODERATE GROWTH,41,60
LALPATHLAB,268049432576.0,MID CAP,1605.300048828125,50.640377,11.2185,0.21475,7.831,0.20236,0.18270999,0.166,-0.154,Healthcare,Healthcare,Diagnostics & Research,2026-05-29,Diagnostics,0,0,0,65.43,17.16,91.89,80.81,41.295,55.37,MODERATE GROWTH,40,60
HUDCO,408968134656.0,MID CAP,204.2899932861328,10.138461,2.2649062,0.202,614.0908400000002,0.51505,0.87931997,0.06,1.722,Financials,Financial Services,Credit Services,2026-05-29,NBFC – Lending,0,0,1,31.83,92.87,90.56,95.26,62.35,71.28,HIGH GROWTH,68,60
MANYAVAR,100969193472.0,MID CAP,415.54998779296875,26.91386,5.8622293,0.20025998,23.295,0.33791,0.26162001,0.087,0.131,Misc,Consumer Cyclical,Apparel Manufacturing,2026-05-29,Apparel Manufacturing,0,0,1,36.74,30.57,90.09,90.8,33.655,50.66,SLOW GROWTH,61,60
SWARAJENG,46899986432.0,SMALL CAP,3850.5,23.845058,9.567767,0.43234003,0.419,0.1275,0.09781,0.202,0.201,Automobiles,Consumer Cyclical,Auto Parts,2026-05-29,Auto Components,1,1,0,70.62,69.29,98.9,65.61,69.95500000000001,75.31,HIGH GROWTH,61,60
M&MFIN,424922906624.0,MID CAP,305.79998779296875,14.666666,1.5929074,0.11856,428.025,0.44451,0.29518,0.403,0.826,Financials,Financial Services,Credit Services,2026-05-29,NBFC – Lending,0,1,0,85.72,86.45,73.52,94.32,86.08500000000001,84.4,HIGH GROWTH,60,60
SBIN,8921391562752.0,MEGA CAP,966.5,10.601075,1.5069516,0.15477,29.454,0.28959998,0.22114,0.071,-0.031,Financials,Financial Services,Banks - Regional,2026-05-29,Private Sector Banks,0,0,0,34.1,21.54,82.65,88.17,27.82,44.82,SLOW GROWTH,60,60
STAR,105758973952.0,MID CAP,1147.4000244140625,19.002981,3.836637,0.20033,55.821,0.14089,0.11447,0.112,0.544,Misc,Healthcare,Drug Manufacturers - Specialty & Generic,2026-05-29,Drug Manufacturers - Specialty & Generic,0,1,0,40.91,81.86,90.13,69.64,61.385,67.96,MODERATE GROWTH,48,60
ELGIEQUIP,188010020864.0,MID CAP,596.4000244140625,43.724342,8.424562,0.20998,23.885,0.15104,0.10574,0.143,0.254,Misc,Industrials,Specialty Industrial Machinery,2026-05-29,Specialty Industrial Machinery,0,1,1,62.08,72.19,91.3,72.42,67.13499999999999,72.5,HIGH GROWTH,40,60
YESBANK,733488218112.0,LARGE CAP,23.3700008392334,20.866072,1.4837153,0.07095,29.454,0.54693,0.22045,0.198,0.118,Financials,Financial Services,Banks - Regional,2026-05-29,Private Sector Banks,0,1,0,70.09,29.67,16.94,95.77,49.88,47.88,SLOW GROWTH,43,60
TVSHLTD,273376182272.0,MID CAP,13512.0,16.1118,4.958692,0.29418,280.453,0.13269,0.02912,0.539,0.499,Automobiles,Consumer Cyclical,Auto Parts,2026-05-29,Auto Components,0,1,0,89.86,80.85,96.16,66.98,85.35499999999999,85.68,ELITE GROWTH,50,60
COFORGE,619328897024.0,LARGE CAP,1440.300048828125,32.831093,5.0721397,0.18596001,7.518,0.16555999,0.094840005,0.305,1.34,Technology,Technology,Information Technology Services,2026-05-29,IT Services,0,1,1,80.9,90.48,88.37,75.13,85.69,85.17,ELITE GROWTH,43,60
PRIVISCL,126367850496.0,MID CAP,3235.0,38.55321,10.191897,0.24757999,70.891,0.19924,0.12776,0.176,0.409,Chemicals,Basic Materials,Specialty Chemicals,2026-05-29,Specialty Chemicals,0,1,1,66.76,78.26,94.05,80.34,72.51,77.6,HIGH GROWTH,40,60
LICI,2619814182912.0,MEGA CAP,414.20001220703125,4.5596657,2.1511073,0.42356,29.454,0.05011,0.06564,0.148,0.66,Financials,Financial Services,Insurance - Life,2026-05-29,Life Insurance,0,1,0,62.85,84.14,98.82,27.18,73.495,73.93,HIGH GROWTH,50,60
BHARTIARTL,11148002852864.0,MEGA CAP,1830.0999755859375,41.172104,7.177707,0.19358999,99.718,0.32227,0.12652999,0.157,-0.34,Telecom,Communication Services,Telecom Services,2026-05-29,Telecom Services,0,0,0,63.81,11.42,89.27,90.01,37.615,53.19,SLOW GROWTH,48,60
JSWINFRA,582668648448.0,LARGE CAP,279.54998779296875,38.45254,5.3482943,0.13948,59.002,0.40138,0.28412,0.179,-0.181,Misc,Industrials,Marine Shipping,2026-05-29,Marine Shipping,0,0,0,67.35,15.98,79.2,93.07,41.665,54.31,SLOW GROWTH,45,60
SANOFICONR,104913502208.0,MID CAP,4548.89990234375,40.655106,27.286634,0.11565,6.458,0.37347,0.27583,0.328,0.357,Misc,Healthcare,Drug Manufacturers - General,2026-05-29,Drug Manufacturers - General,0,1,0,82.22,76.81,50.02,92.28,79.515,74.89,HIGH GROWTH,45,60
ASHOKLEY,930359803904.0,LARGE CAP,158.38999938964844,28.133215,7.3745227,0.21639,344.737,0.17361,0.060949996,0.174,0.245,Misc,Industrials,Farm & Heavy Construction Machinery,2026-05-29,Farm & Heavy Construction Machinery,0,1,1,66.43,71.84,92.09,76.62,69.135,74.47,HIGH GROWTH,43,60
PSB,171642208256.0,MID CAP,24.190000534057617,13.005377,1.2435101,0.096190006,29.454,0.41716,0.25620002,0.338,0.291,Financials,Financial Services,Banks - Regional,2026-05-29,Private Sector Banks,0,1,0,82.78,74.36,22.25,93.62,78.57,68.81,MODERATE GROWTH,50,60
MANAPPURAM,305472110592.0,MID CAP,325.20001220703125,27.794874,1.6960467,0.06968,360.191,0.45023,0.23985,1.093,0.1685,Financials,Financial Services,Credit Services,2026-05-29,NBFC – Lending,0,1,0,95.57,50.02,16.69,94.44,72.795,63.74,MODERATE GROWTH,43,60
KSCL,44216705024.0,SMALL CAP,866.2999877929688,14.700492,2.4650712,0.18160999,29.454,-0.23753001,0.20774001,0.251,0.1685,Chemicals,Basic Materials,Agricultural Inputs,2026-05-29,Agrochemicals,0,1,0,76.15,50.02,87.62,5.64,63.08500000000001,62.25,MODERATE GROWTH,48,60
ABSLAMC,297445425152.0,MID CAP,1028.5999755859375,30.522253,7.348665,0.25103,1.577,0.51856,0.47345,-0.145,-0.181,Financials,Financial Services,Asset Management,2026-05-29,Asset Management Companies,0,0,0,10.79,15.98,94.16,95.38,13.385,37.74,WEAK GROWTH,68,60
EMAMILTD,173137723392.0,MID CAP,396.6499938964844,22.308773,5.9216514,0.2761,5.541,0.15615,0.20512,-0.039,-0.118,Consumer,Consumer Defensive,Household & Personal Products,2026-05-29,FMCG – Personal Care,0,0,0,18.31,18.21,95.26,73.42,18.259999999999998,39.18,WEAK GROWTH,60,60
INDUSTOWER,1173549481984.0,LARGE CAP,445.0,16.426725,2.9600954,0.19806999,53.289,0.32422,0.21989,0.048,0.008,Telecom,Communication Services,Telecom Services,2026-05-29,Telecom Services,0,0,0,29.51,23.76,89.78,90.17,26.635,45.62,SLOW GROWTH,68,60
LLOYDSENGG,106496425984.0,MID CAP,74.72000122070312,50.14765,6.1594267,0.16820998,6.45,0.10967,0.14593,1.134,1.125,Misc,Industrials,Specialty Industrial Machinery,2026-05-29,Specialty Industrial Machinery,0,1,0,95.77,89.11,85.35,60.83,92.44,87.86,ELITE GROWTH,25,60
PNBHOUSING,273228529664.0,MID CAP,1048.5,11.935117,1.4214212,0.127,277.418,0.77546996,0.58886003,0.216,0.19,Misc,Financial Services,Mortgage Finance,2026-05-29,Mortgage Finance,0,1,0,72.21,68.64,75.68,97.81,70.425,74.21,HIGH GROWTH,60,60
ANGELONE,310264791040.0,MID CAP,339.70001220703125,34.522358,5.057694,0.15526,129.314,0.31959,0.19292,0.335,0.827,Misc,Financial Services,Capital Markets,2026-05-29,Capital Markets,0,1,0,82.45,86.51,82.77,89.78,84.48,84.67,HIGH GROWTH,48,60
ZYDUSLIFE,1114001637376.0,LARGE CAP,1107.0999755859375,22.11546,4.4021277,0.18318,42.242,0.18466999,0.18565,0.162,0.087,Misc,Healthcare,Drug Manufacturers - Specialty & Generic,2026-05-29,Drug Manufacturers - Specialty & Generic,0,0,0,64.77,28.05,87.86,78.03,46.41,57.86,MODERATE GROWTH,48,60
VADILALIND,35432407040.0,SMALL CAP,4929.5,28.964685,4.512818,0.20063,26.996,0.18496001,0.10172,0.581,1.493,Misc,Consumer Defensive,Packaged Foods,2026-05-29,Packaged Foods,0,1,1,90.7,91.66,90.21,78.14,91.18,89.68,ELITE GROWTH,48,60
PAGEIND,428587614208.0,MID CAP,38425.0,55.963356,28.523222,0.44688016848000045,18.422,0.18563,0.14558,0.141,0.09,Misc,Consumer Cyclical,Apparel Manufacturing,2026-05-29,Apparel Manufacturing,0,0,0,61.71,28.16,99.51,78.18,44.935,59.17,MODERATE GROWTH,47,60
INDOBORAX,11034146816.0,SMALL CAP,343.8500061035156,21.957216,2.8534086,0.13925,0.37,0.19344999,0.23332001,0.204,0.42,Misc,Basic Materials,Chemicals,2026-05-29,Chemicals,0,1,0,71.15,78.63,79.04,79.44,74.89,76.18,HIGH GROWTH,63,60
GLOBAL,5202132992.0,MICRO CAP,102.19999694824219,23.069977,4.2217445,0.19736,0.131,0.29793,0.26150998,0.737,0.094,Misc,Consumer Defensive,Education & Training Services,2026-05-29,Education & Training Services,1,0,0,93.4,28.46,89.7,88.8,60.93000000000001,69.47,MODERATE GROWTH,86,60
M&M,3715998941184.0,MEGA CAP,3094.699951171875,20.315762,3.7145998,0.18754,125.066,0.16398,0.08461001,0.309,0.448,Automobiles,Consumer Cyclical,Auto Manufacturers,2026-05-29,Passenger Vehicles,0,1,1,81.22,79.63,88.6,74.81,80.425,81.5,HIGH GROWTH,43,60
360ONE,453476417536.0,MID CAP,1115.5999755859375,38.284145,4.5997863,0.14392,161.977,0.57660997,0.27163,0.269,0.11,Financials,Financial Services,Asset Management,2026-05-29,Asset Management Companies,0,1,0,77.89,29.18,80.3,96.4,53.535,63.17,MODERATE GROWTH,45,60
GANDHITUBE,10159072256.0,SMALL CAP,836.0,14.31752,3.5411425,0.23506,0.08216,0.39485002,0.35649,0.089,-0.216,Misc,Industrials,Metal Fabrication,2026-05-29,Metal Fabrication,1,0,0,37.09,14.75,93.34,92.91,25.92,46.1,SLOW GROWTH,93,60
RECLTD,890951303168.0,LARGE CAP,338.3500061035156,5.4722624,1.0670135,0.19957,607.463,0.90234,0.70553,-0.144,-0.219,Financials,Financial Services,Credit Services,2026-05-29,NBFC – Lending,0,0,0,10.85,14.53,90.05,98.9,12.69,36.78,WEAK GROWTH,68,60
GENUSPOWER,88585101312.0,SMALL CAP,320.1499938964844,15.044642,3.9929407,0.28997,103.821,0.16192,0.12467,0.641,0.395,Misc,Industrials,Electrical Equipment & Parts,2026-05-29,Electrical Equipment & Parts,0,1,1,92.13,78.03,96.0,74.27,85.08,86.18,ELITE GROWTH,62,60
OSWALPUMPS,42250215424.0,SMALL CAP,370.6000061035156,10.67089,2.8635228,0.3508,14.111,0.22297001,0.18226999,0.398,0.349,Misc,Industrials,Electrical Equipment & Parts,2026-05-29,Electrical Equipment & Parts,0,1,1,85.53,76.58,97.77,83.24,81.055,84.62,HIGH GROWTH,62,60
KPEL,24341262336.0,SMALL CAP,360.1000061035156,13.416543,4.639268,0.43485,100.154,0.19368,0.12117,0.575,0.693,Industrials,Industrials,Engineering & Construction,2026-05-29,Engineering & EPC,0,1,1,90.6,84.72,98.94,79.55,87.66,89.1,ELITE GROWTH,62,60
INFY,4870203506688.0,MEGA CAP,1203.199951171875,15.787954,5.1740584,0.31439,9.827,0.20928,0.16434999,0.066,0.118,Technology,Technology,Information Technology Services,2026-05-29,IT Services,0,0,0,32.98,29.67,96.87,81.83,31.325,49.48,SLOW GROWTH,62,60
VSTIND,43793125376.0,SMALL CAP,258.29998779296875,15.0,3.4552872,0.21114,29.454,0.31738,0.19955999,0.309,1.195,Consumer,Consumer Defensive,Tobacco,2026-05-29,Tobacco,0,1,1,81.22,89.58,91.46,89.66,85.4,87.04,ELITE GROWTH,63,60
CGPOWER,1453764378624.0,LARGE CAP,923.0499877929688,120.3455,18.244257,0.19561,1.444,0.121190004,0.09714,0.25,0.305,Misc,Industrials,Electrical Equipment & Parts,2026-05-29,Electrical Equipment & Parts,0,1,0,75.99,75.11,89.42,63.92,75.55,77.16,HIGH GROWTH,28,60
INDIANB,1125051662336.0,LARGE CAP,835.25,9.609411,1.4053854,0.15442,29.454,0.46919,0.3417,0.015,0.064,Financials,Financial Services,Banks - Regional,2026-05-29,Private Sector Banks,0,0,0,24.58,26.6,82.57,94.63,25.59,43.89,SLOW GROWTH,60,60
PNB,1226986618880.0,LARGE CAP,106.76000213623047,6.6725,0.82412153,0.12985,29.454,0.29405,0.31221,0.152,0.019,Financials,Financial Services,Banks - Regional,2026-05-29,Private Sector Banks,0,0,0,63.38,24.11,76.62,88.6,43.745000000000005,54.81,SLOW GROWTH,60,60
CUB,191197151232.0,MID CAP,257.29998779296875,14.438832,1.8092834,0.13241,29.454,0.48056,0.37617,0.236,0.251,Financials,Financial Services,Banks - Regional,2026-05-29,Private Sector Banks,0,1,0,74.85,71.92,77.24,94.79,73.38499999999999,76.3,HIGH GROWTH,60,60
IREDA,368009314304.0,MID CAP,131.0,19.152046,2.718068,0.11565,554.116,0.87421995,0.45951,0.408,0.325,Financials,Financial Services,Credit Services,2026-05-29,NBFC – Lending,0,1,0,86.06,75.95,50.02,98.63,81.005,76.57,HIGH GROWTH,60,60
JMFINANCIL,125947461632.0,MID CAP,131.60000610351562,10.279469,1.2248162,0.11565,104.102,0.4678,0.35617,0.314,0.5,Misc,Financial Services,Capital Markets,2026-05-29,Capital Markets,0,1,0,81.61,80.98,50.02,94.59,81.295,76.37,HIGH GROWTH,60,60
NH,390621921280.0,MID CAP,1923.300048828125,48.154736,9.622659,0.19845,129.033,0.16941999,0.10075,0.826,0.136,Misc,Healthcare,Medical Care Facilities,2026-05-29,Medical Care Facilities,0,1,1,94.09,30.81,89.82,75.71,62.45,69.25,MODERATE GROWTH,40,60
CANBK,1206124544000.0,LARGE CAP,132.97000122070312,6.11919,1.0252911,0.15935999,29.454,-0.32213002,0.37035,-0.467,-0.098,Financials,Financial Services,Banks - Regional,2026-05-29,Private Sector Banks,0,0,0,3.56,19.02,83.78,4.78,11.29,25.14,WEAK GROWTH,40,60
NATCOPHARM,214036299776.0,MID CAP,1195.0,13.753021,2.4747348,0.11565,3.012,0.17379999,0.3413,0.363,0.139,Misc,Healthcare,Drug Manufacturers - Specialty & Generic,2026-05-29,Drug Manufacturers - Specialty & Generic,0,1,0,83.94,30.98,50.02,76.65,57.46,57.89,MODERATE GROWTH,52,60
AFFLE,207965290496.0,MID CAP,1478.699951171875,45.709427,5.686083,0.13786,0.405,0.17636,0.16788,0.203,0.157,Misc,Communication Services,Advertising Agencies,2026-05-29,Advertising Agencies,0,1,0,70.84,32.0,78.73,77.01,51.42,59.44,MODERATE GROWTH,50,60
J&KBANK,157931585536.0,MID CAP,143.4199981689453,6.6956115,0.9574163,0.15367,29.454,0.23302999,0.34678,0.119,0.1685,Financials,Financial Services,Banks - Regional,2026-05-29,Private Sector Banks,0,1,0,49.94,50.02,82.53,84.1,49.980000000000004,59.9,MODERATE GROWTH,52,60
TMB,109135822848.0,MID CAP,689.2000122070312,8.15911,1.1164026,0.13992,29.454,0.54293,0.39859,0.235,0.28,Financials,Financial Services,Banks - Regional,2026-05-29,Private Sector Banks,0,1,0,74.68,73.83,79.32,95.69,74.255,77.41,HIGH GROWTH,60,60
NMDC,795571519488.0,LARGE CAP,90.48999786376953,11.527389,2.4511743,0.11565,11.21,0.26767,0.24884,0.159,-0.065,Misc,Basic Materials,Steel,2026-05-29,Steel,0,0,0,64.32,20.15,50.02,86.8,42.235,48.25,SLOW GROWTH,60,60
UNITDSPR,936529035264.0,LARGE CAP,1287.5,53.423237,10.880772,0.20034,4.611,0.16929,0.14743,0.008,0.28,Misc,Consumer Defensive,Beverages - Wineries & Distilleries,2026-05-29,Beverages - Wineries & Distilleries,0,0,1,23.5,73.83,90.17,75.68,48.665,59.67,MODERATE GROWTH,40,60
GLAXO,378283655168.0,MID CAP,2233.0,37.117687,22.15102,0.44688016848000045,1.467,0.33935001,0.27108,0.021,0.057,Misc,Healthcare,Drug Manufacturers - General,2026-05-29,Drug Manufacturers - General,0,0,0,25.42,26.18,99.51,90.95,25.8,47.06,SLOW GROWTH,60,60
POWERGRID,2738563055616.0,MEGA CAP,294.45001220703125,14.64197,2.7240937,0.16492,150.993,0.4947,0.34083,-0.05,0.096,Misc,Utilities,Utilities - Regulated Electric,2026-05-29,Utilities - Regulated Electric,0,0,0,17.31,28.55,84.76,95.12,22.93,42.52,SLOW GROWTH,60,60
FEDERALBNK,712563294208.0,LARGE CAP,289.1499938964844,16.541761,1.779987,0.11731,29.454,0.43172002,0.29906,0.123,0.222,Financials,Financial Services,Banks - Regional,2026-05-29,Private Sector Banks,0,1,0,58.54,70.62,72.99,93.97,64.58,69.2,MODERATE GROWTH,60,60
DATAPATTNS,237204078592.0,MID CAP,4239.89990234375,87.48709,13.66836,0.1673,0.304,0.54212004,0.29345,-0.13,0.212,Misc,Industrials,Aerospace & Defense,2026-05-29,Aerospace & Defense,1,0,0,11.63,70.04,85.19,95.65,40.835,55.19,MODERATE GROWTH,63,60
CALSOFT,1171030400.0,MICRO CAP,18.940000534057617,105.22222,2.8370283,0.32296002,3.905,0.88351,0.54057,5.038001600000003,14.661280000000012,Technology,Technology,Software - Application,2026-05-29,SaaS,0,1,1,99.51,99.51,97.3,98.67,99.51,98.98,ELITE GROWTH,60,60
SJS,66204540928.0,SMALL CAP,2069.10009765625,40.594467,7.62532,0.21881,2.639,0.23366,0.17873,0.297,0.429,Automobiles,Consumer Cyclical,Auto Parts,2026-05-29,Auto Components,0,1,1,80.26,78.95,92.32,84.18,79.605,82.61,HIGH GROWTH,40,60
CEINSYS,19710713856.0,SMALL CAP,941.4000244140625,13.87268,2.562309,0.24595,8.43,0.22002001,0.20194,0.199,0.681,Industrials,Industrials,Engineering & Construction,2026-05-29,Engineering & EPC,0,1,1,70.23,84.49,93.93,82.92,77.36,81.23,HIGH GROWTH,60,60
HAPPYFORGE,133392687104.0,MID CAP,1413.800048828125,44.347557,6.80225,0.15161,15.489,0.25678,0.195,0.204,0.23,Misc,Industrials,Metal Fabrication,2026-05-29,Metal Fabrication,0,1,0,71.15,70.92,82.22,85.82,71.035,74.75,HIGH GROWTH,40,60
RAINBOW,138161405952.0,MID CAP,1362.0,49.70803,9.111891,0.17941,53.558,0.22562,0.16341999,0.243,0.391,Misc,Healthcare,Medical Care Facilities,2026-05-29,Medical Care Facilities,0,1,0,75.4,77.93,87.23,83.55,76.665,79.47,HIGH GROWTH,32,60
IGIL,160828227584.0,MID CAP,372.1499938964844,31.431587,10.797284,0.11565,9.594,0.60489,0.44124,0.209,0.284,Misc,Basic Materials,Other Precious Metals & Mining,2026-05-29,Other Precious Metals & Mining,0,1,0,71.7,74.07,50.02,96.63,72.88499999999999,70.69,HIGH GROWTH,53,60
RPGLIFE,36592570368.0,SMALL CAP,2212.5,18.050909,6.0443554,0.20278999,3.304,0.15314999,0.16278,0.236,-0.745,Misc,Healthcare,Drug Manufacturers - Specialty & Generic,2026-05-29,Drug Manufacturers - Specialty & Generic,0,0,0,74.85,3.41,90.6,72.78,39.129999999999995,52.79,SLOW GROWTH,55,60
SKFINDUS,108714082304.0,MID CAP,2199.0,49.89789,2.3828507,0.29479,0.309,0.093430005,0.0622,0.119,0.1685,Misc,Industrials,Tools & Accessories,2026-05-29,Tools & Accessories,1,1,0,49.94,50.02,96.28,43.01,49.980000000000004,58.54,MODERATE GROWTH,53,60
LOTUSDEV,67351015424.0,SMALL CAP,137.80999755859375,27.343254,3.5164583,0.17059,6.839,0.39298,0.30832002,0.618,-0.013,Industrials,Industrials,Engineering & Construction,2026-05-29,Engineering & EPC,0,0,0,91.72,22.31,85.9,92.87,57.015,66.38,MODERATE GROWTH,53,60
HDBFS,547507077120.0,LARGE CAP,660.9000244140625,21.402203,2.655646,0.13945,480.236,0.42518002,0.28924,0.184,0.357,Financials,Financial Services,Credit Services,2026-05-29,NBFC – Lending,0,1,0,67.96,76.81,79.16,93.73,72.38499999999999,75.87,HIGH GROWTH,53,60
TMCV,1415916945408.0,LARGE CAP,384.5,46.83313,11.116893,0.26045,44.095,0.10774,0.03566,0.194,0.334,Automobiles,Consumer Cyclical,Auto Manufacturers,2026-05-29,Passenger Vehicles,0,1,0,69.39,76.38,94.56,60.01,72.88499999999999,75.93,HIGH GROWTH,35,60
KALYANKJIL,369153015808.0,MID CAP,357.45001220703125,27.390804,5.844411,0.24305001,96.966,0.060599998,0.03778,0.669,1.17,Misc,Consumer Cyclical,Luxury Goods,2026-05-29,Luxury Goods,0,1,0,92.66,89.39,93.69,30.98,91.025,85.55,ELITE GROWTH,36,60
JSWENERGY,1099023777792.0,LARGE CAP,599.7999877929688,47.006268,3.418579,0.08817001,229.16,0.33268002,0.11847,0.41,-0.117,Misc,Utilities,Utilities - Independent Power Producers,2026-05-29,Utilities - Independent Power Producers,0,0,0,86.25,18.25,20.49,90.52,52.25,49.72,SLOW GROWTH,30,60
LINDEINDIA,638437687296.0,LARGE CAP,7486.0,108.55569,16.713291,0.11565,29.454,0.20444,0.2352,0.131,6.764,Chemicals,Basic Materials,Specialty Chemicals,2026-05-29,Specialty Chemicals,0,1,0,59.83,97.85,50.02,81.24,78.84,73.32,HIGH GROWTH,37,60
CENTRALBK,282494238720.0,MID CAP,31.209999084472656,6.2419996,0.72774327,0.11914,29.454,0.34407002,0.24420999,0.448,-0.354,Financials,Financial Services,Banks - Regional,2026-05-29,Private Sector Banks,0,0,0,87.39,11.07,73.68,91.19,49.230000000000004,58.32,MODERATE GROWTH,60,60
MEDANTA,324150689792.0,MID CAP,1206.300048828125,58.41647,8.752023,0.15032,29.869,0.15292,0.12617,0.245,0.42,Misc,Healthcare,Medical Care Facilities,2026-05-29,Medical Care Facilities,0,1,0,75.64,78.63,81.88,72.74,77.13499999999999,77.64,HIGH GROWTH,32,60
NTPCGREEN,893190930432.0,LARGE CAP,106.0,170.96774,4.78858,0.02764,165.281,0.51645,0.17218,0.515,-0.171,Energy,Utilities,Utilities - Renewable,2026-05-29,Power Generation – Renewable,0,0,0,89.13,16.49,9.83,95.3,52.809999999999995,48.46,SLOW GROWTH,30,60
SBCL,42768240640.0,SMALL CAP,742.4500122070312,44.618393,9.724297,0.21614,14.779,0.19564,0.16792,0.228,0.24,Misc,Industrials,Metal Fabrication,2026-05-29,Metal Fabrication,0,1,1,73.85,71.52,92.05,79.79,72.685,77.27,HIGH GROWTH,40,60
FINCABLES,176507289600.0,MID CAP,1154.0999755859375,25.934832,3.0964677,0.11565,0.377,0.08919,0.11418,0.352,0.114,Misc,Industrials,Electrical Equipment & Parts,2026-05-29,Electrical Equipment & Parts,0,1,0,83.39,29.4,50.02,41.56,56.394999999999996,53.64,SLOW GROWTH,51,60
LODHA,947470991360.0,LARGE CAP,948.5,27.677269,4.06879,0.1571,42.238,0.27622998,0.20557,0.076,0.094,Misc,Real Estate,Real Estate - Development,2026-05-29,Real Estate - Development,0,0,0,34.82,28.46,83.31,87.39,31.64,47.55,SLOW GROWTH,53,60
IOB,648754495488.0,LARGE CAP,33.689998626708984,11.989324,1.7538654,0.15654999,29.454,0.44187,0.37493,0.019,0.397,Financials,Financial Services,Banks - Regional,2026-05-29,Private Sector Banks,0,0,0,25.07,78.1,83.12,94.24,51.584999999999994,62.16,MODERATE GROWTH,60,60
BANKINDIA,646069092352.0,LARGE CAP,141.91000366210938,5.96762,0.7184298,0.12056,29.454,0.44996,0.31886,0.101,0.186,Financials,Financial Services,Banks - Regional,2026-05-29,Private Sector Banks,0,1,0,39.37,68.43,74.03,94.4,53.900000000000006,61.98,MODERATE GROWTH,60,60
INDIASHLTR,85673697280.0,SMALL CAP,787.5499877929688,17.458435,2.9202697,0.17036,195.303,0.55303,0.46425,0.307,0.283,Misc,Financial Services,Mortgage Finance,2026-05-29,Mortgage Finance,0,1,0,81.04,73.99,85.86,95.85,77.515,81.02,HIGH GROWTH,60,60
MARUTI,4170864394240.0,MEGA CAP,13266.0,28.443398,3.8923006,0.14434,0.096,0.08406,0.08008,0.282,-0.064,Automobiles,Consumer Cyclical,Auto Manufacturers,2026-05-29,Passenger Vehicles,0,0,0,79.18,20.21,80.49,39.64,49.69500000000001,54.85,SLOW GROWTH,53,60
IDBI,810193518592.0,LARGE CAP,75.3499984741211,8.721065,1.1816642,0.14152999,29.454,0.15577,0.43376,0.119,0.1685,Financials,Financial Services,Banks - Regional,2026-05-29,Private Sector Banks,0,1,0,49.94,50.02,79.71,73.36,49.980000000000004,58.26,MODERATE GROWTH,52,60
ESCORTS,313148964864.0,MID CAP,2846.10009765625,22.924688,2.6344461,0.120220006,1.309,0.104940005,0.20746,0.214,0.006,Misc,Industrials,Farm & Heavy Construction Machinery,2026-05-29,Farm & Heavy Construction Machinery,0,0,0,72.05,23.62,73.95,58.99,47.835,54.17,SLOW GROWTH,38,60
SUDEEPPHRM,82796986368.0,SMALL CAP,733.0499877929688,49.16499,11.023971,0.25056,16.749,0.32199,0.25772,0.157,0.076,Misc,Healthcare,Drug Manufacturers - Specialty & Generic,2026-05-29,Drug Manufacturers - Specialty & Generic,0,0,0,63.81,27.44,94.12,89.97,45.625,59.76,MODERATE GROWTH,60,60
MASTERTR,10540010496.0,SMALL CAP,85.68000030517578,8.083018,1.3219366,0.1729,27.836,0.29295,0.24413,0.479,0.425,Misc,Financial Services,Capital Markets,2026-05-29,Capital Markets,0,1,0,88.33,78.79,86.37,88.44,83.56,84.61,HIGH GROWTH,60,60
COROMANDEL,536623153152.0,LARGE CAP,1820.800048828125,27.458906,4.271331,0.15587,11.469,0.05381,0.062140003,0.204,-0.758,Chemicals,Basic Materials,Agricultural Inputs,2026-05-29,Agrochemicals,0,0,0,71.15,3.13,82.96,28.52,37.14,45.44,SLOW GROWTH,28,60
RRKABEL,234524262400.0,MID CAP,2073.5,47.655712,9.109281,0.20826,13.092,0.079450004,0.050630003,0.336,0.322,Misc,Industrials,Electrical Equipment & Parts,2026-05-29,Electrical Equipment & Parts,0,1,0,82.49,75.83,91.11,38.07,79.16,77.44,HIGH GROWTH,28,60
ASTRAZEN,215600005120.0,MID CAP,8624.0,114.61989,24.70515,0.22825001,12.679,0.10479999,0.08139,0.217,-0.23,Misc,Healthcare,Drug Manufacturers - Specialty & Generic,2026-05-29,Drug Manufacturers - Specialty & Generic,0,0,0,72.37,14.02,93.03,58.87,43.195,54.73,SLOW GROWTH,28,60
APOLLOHOSP,1186151530496.0,LARGE CAP,8249.5,61.17992,12.509289,0.21503,85.146,0.11908,0.07696,0.181,0.356,Misc,Healthcare,Medical Care Facilities,2026-05-29,Medical Care Facilities,0,1,0,67.59,76.73,91.93,63.38,72.16,75.24,HIGH GROWTH,28,60
JAINREC,134393675776.0,MID CAP,389.45001220703125,37.519268,9.243349,0.28672,81.887,0.03399,0.03391,0.264,-0.128,Misc,Basic Materials,Other Industrial Metals & Mining,2026-05-29,Other Industrial Metals & Mining,0,0,0,77.42,17.86,95.77,21.5,47.64,54.65,SLOW GROWTH,35,60
CRISIL,291788750848.0,MID CAP,3990.0,34.747017,9.61907,0.11565,9.785,0.26393,0.2156,0.301,0.459,Misc,Financial Services,Financial Data & Stock Exchanges,2026-05-29,Financial Data & Stock Exchanges,0,1,0,80.61,79.87,50.02,86.45,80.24000000000001,74.82,HIGH GROWTH,53,60
SHARDAMOTR,48236851200.0,SMALL CAP,840.25,14.302128,4.2205377,0.29089,3.744,0.09828,0.101689994,0.296,0.066,Automobiles,Consumer Cyclical,Auto Parts,2026-05-29,Auto Components,0,0,0,80.2,26.81,96.08,56.8,53.505,62.35,MODERATE GROWTH,55,60
RAYMONDREL,37944299520.0,SMALL CAP,570.1500244140625,26.656543,2.8272276,0.37721002,64.676,0.19632,0.10184,5.038001600000003,0.657,Misc,Real Estate,Real Estate - Development,2026-05-29,Real Estate - Development,0,1,1,99.51,84.06,98.12,79.91,91.785,91.86,ELITE GROWTH,55,60
ENRIN,1378008301568.0,LARGE CAP,3869.5,104.83609,28.638142,0.11565,4.483,0.19364001,0.14994,0.274,0.522,Energy,Utilities,Utilities - Renewable,2026-05-29,Power Generation – Renewable,0,1,0,78.46,81.49,50.02,79.51,79.975,73.94,HIGH GROWTH,32,60
ALKEM,665618350080.0,LARGE CAP,5567.0,28.055235,4.987171,0.17557,14.267,0.11424,0.15645,0.146,-0.227,Misc,Healthcare,Drug Manufacturers - Specialty & Generic,2026-05-29,Drug Manufacturers - Specialty & Generic,0,0,0,62.53,14.06,86.76,62.24,38.295,50.38,SLOW GROWTH,33,60
SANDUMA,113879777280.0,MID CAP,234.27000427246094,17.327662,3.9239893,0.22318001,30.563,0.22017,0.12905,0.143,0.509,Misc,Basic Materials,Steel,2026-05-29,Steel,0,1,1,62.08,81.32,92.91,82.96,71.69999999999999,77.07,HIGH GROWTH,55,60
MSUMI,261088526336.0,MID CAP,39.369998931884766,41.882977,12.188854,0.32393003,10.786,0.065120004,0.0547,0.331,0.015,Automobiles,Consumer Cyclical,Auto Parts,2026-05-29,Auto Components,0,0,0,82.3,23.93,97.34,32.39,53.114999999999995,59.89,MODERATE GROWTH,35,60
PARKHOSPS,124400418816.0,MID CAP,288.010009765625,41.86192,5.6707163,0.16936001,17.307,0.23862,0.1537,0.301,0.309,Misc,Healthcare,Medical Care Facilities,2026-05-29,Medical Care Facilities,0,1,0,80.61,75.32,85.59,84.45,77.965,80.14,HIGH GROWTH,32,60
UMIYA-MRO,1539798144.0,MICRO CAP,82.41000366210938,3.6496902,1.2151642,0.42873,110.392,0.20363002,0.555,0.631,0.833,Misc,Real Estate,Real Estate - Development,2026-05-29,Real Estate - Development,0,1,1,92.01,86.64,98.86,81.0,89.325,90.4,ELITE GROWTH,67,60
ACE,108885516288.0,MID CAP,914.8499755859375,26.22098,5.4136977,0.22885999,0.393,0.15822,0.12652999,0.071,-0.065,Misc,Industrials,Farm & Heavy Construction Machinery,2026-05-29,Farm & Heavy Construction Machinery,1,0,0,34.1,20.15,93.07,73.68,27.125,44.97,SLOW GROWTH,66,60
RITES,98278670336.0,SMALL CAP,204.49000549316406,23.91696,3.7374346,0.16396,0.236,0.19740999,0.16988,0.248,-0.022,Industrials,Industrials,Engineering & Construction,2026-05-29,Engineering & EPC,1,0,0,75.91,21.92,84.65,80.14,48.915,59.18,MODERATE GROWTH,65,60
BHARTIHEXA,750499987456.0,LARGE CAP,1501.0,43.293915,11.170981,0.28811002,94.665,0.30727,0.19015,0.048,0.814,Telecom,Communication Services,Telecom Services,2026-05-29,Telecom Services,0,0,1,29.51,86.33,95.93,89.19,57.92,68.65,MODERATE GROWTH,55,60
AZAD,132579852288.0,MID CAP,2052.89990234375,99.800674,8.674726,0.09142,31.025,0.27558002,0.22037001,0.273,0.343,Misc,Industrials,Specialty Industrial Machinery,2026-05-29,Specialty Industrial Machinery,0,1,0,78.28,76.5,21.19,87.31,77.39,67.14,MODERATE GROWTH,35,60
TATAINVEST,346780172288.0,MID CAP,685.4000244140625,79.69767,1.0902399,0.01438,29.454,0.73079,0.9287488156000011,1.539,0.689,Financials,Financial Services,Asset Management,2026-05-29,Asset Management Companies,0,1,0,97.22,84.61,7.99,97.53,90.91499999999999,74.99,HIGH GROWTH,35,60
TRENT,1527138484224.0,LARGE CAP,4295.89990234375,88.70328,21.864866,0.27126,36.034,0.10954001,0.08566,0.192,0.258,Misc,Consumer Cyclical,Apparel Retail,2026-05-29,Apparel Retail,0,1,0,69.19,72.64,94.95,60.71,70.91499999999999,74.7,HIGH GROWTH,35,60
THANGAMAYL,130283397120.0,MID CAP,4191.60009765625,37.090523,11.163787,0.27927,64.492,0.07105,0.04137,1.056,3.509,Misc,Consumer Cyclical,Luxury Goods,2026-05-29,Luxury Goods,0,1,0,95.46,96.2,95.34,34.59,95.83,89.61,ELITE GROWTH,35,60
NETWEB,255788974080.0,MID CAP,4492.2001953125,123.956955,35.272224,0.32834998,39.019,0.11987001,0.09426,0.866,0.643,Misc,Technology,Computer Hardware,2026-05-29,Computer Hardware,0,1,0,94.36,83.82,97.41,63.57,89.09,88.2,ELITE GROWTH,35,60
KSOLVES,6854009856.0,MICRO CAP,288.95001220703125,19.94134,20.601028,0.44688016848000045,19.398,0.27325,0.21104999,0.291,0.658,Technology,Technology,Software - Application,2026-05-29,SaaS,0,1,1,79.91,84.1,99.51,87.07,82.005,86.01,ELITE GROWTH,75,60
DRCSYSTEMS,2177068800.0,MICRO CAP,15.109999656677246,10.792857,1.6492033,0.21816,0.371,0.23049,0.19753,0.607,0.279,Technology,Technology,Information Technology Services,2026-05-29,IT Services,1,1,1,91.6,73.72,92.24,83.82,82.66,84.69,HIGH GROWTH,73,60
MANORAMA,86523625472.0,SMALL CAP,1449.0999755859375,40.2081,12.866478,0.3798,52.154,0.23008,0.15727,0.681,0.315,Misc,Consumer Defensive,Packaged Foods,2026-05-29,Packaged Foods,0,1,1,92.83,75.56,98.28,83.78,84.195,86.97,ELITE GROWTH,47,60
SBFC,104669110272.0,MID CAP,94.63999938964844,23.082928,3.0074997,0.13038999,192.253,0.60861,0.44346002,0.244,0.29,Financials,Financial Services,Credit Services,2026-05-29,NBFC – Lending,0,1,0,75.5,74.3,76.81,96.79,74.9,77.47,HIGH GROWTH,53,60
NHPC,802598289408.0,LARGE CAP,79.9000015258789,28.844767,1.9401681,0.09021,113.111,0.19674,0.32421002,0.192,0.706,Energy,Utilities,Utilities - Renewable,2026-05-29,Power Generation – Renewable,0,1,0,69.19,84.96,20.8,80.06,77.07499999999999,66.12,MODERATE GROWTH,35,60
APLAPOLLO,513112735744.0,LARGE CAP,1848.0,42.649433,9.689293,0.25314,9.396,0.07206,0.05213,0.136,0.208,Misc,Basic Materials,Steel,2026-05-29,Steel,0,1,0,60.89,69.68,94.32,35.1,65.285,68.07,MODERATE GROWTH,35,60
PGHL,103688036352.0,MID CAP,6246.5,31.740345,16.73095,0.11565,1.0,0.27968,0.21764,0.207,-0.146,Misc,Healthcare,Drug Manufacturers - Specialty & Generic,2026-05-29,Drug Manufacturers - Specialty & Generic,0,0,0,71.45,17.43,50.02,87.5,44.44,49.86,SLOW GROWTH,53,60
PNGSREVA,11932863488.0,SMALL CAP,376.45001220703125,13.259952,6.8420577,0.21013,32.942,0.21965,0.14727001,1.389,2.668,Misc,Consumer Cyclical,Luxury Goods,2026-05-29,Luxury Goods,0,1,1,96.83,94.91,91.34,82.84,95.87,93.66,ELITE GROWTH,55,60
HCLTECH,3199704498176.0,MEGA CAP,1182.5999755859375,19.25745,4.1629133,0.23357001,6.935,0.16486,0.128,0.053,-0.002,Technology,Technology,Information Technology Services,2026-05-29,IT Services,0,0,0,30.45,22.82,93.3,75.01,26.634999999999998,44.81,SLOW GROWTH,55,60
TCS,8299169185792.0,MEGA CAP,2293.800048828125,16.877346,7.311453,0.44688016848000045,10.389,0.25288,0.18429,0.096,0.122,Technology,Technology,Information Technology Services,2026-05-29,IT Services,0,0,1,38.64,29.87,99.51,85.59,34.255,52.44,SLOW GROWTH,70,60
3MINDIA,371690995712.0,MID CAP,32995.0,70.934105,21.118773,0.289,9.6,0.17216998,0.10262,0.168,2.018,Misc,Industrials,Conglomerates,2026-05-29,Conglomerates,0,1,1,65.8,93.85,95.97,76.18,79.82499999999999,82.69,HIGH GROWTH,47,60
CONCORDBIO,114941820928.0,MID CAP,1098.699951171875,37.005722,6.3392878,0.11565,0.088,0.28885,0.2697,0.137,-0.163,Healthcare,Healthcare,Biotechnology,2026-05-29,Biotechnology,0,0,0,61.03,16.94,50.02,88.13,38.985,46.11,SLOW GROWTH,70,60
SKMEGGPROD,10355271680.0,SMALL CAP,196.39999389648438,9.964485,3.0526757,0.29677,35.857,0.25747,0.13509,0.589,4.151,Misc,Consumer Defensive,Packaged Foods,2026-05-29,Packaged Foods,0,1,1,90.97,96.67,96.32,85.86,93.82,93.52,ELITE GROWTH,70,60
CREDITACC,208039968768.0,MID CAP,1299.5999755859375,152.89412,2.654222,0.105100006,302.873,0.56672,0.32564,1.259,6.162,Financials,Financial Services,Credit Services,2026-05-29,NBFC – Lending,0,1,0,96.28,97.57,24.95,96.12,96.925,82.45,HIGH GROWTH,45,60
NUVAMA,285460463616.0,MID CAP,1566.300048828125,27.91481,7.4449577,0.27317,282.325,0.33095002,0.2849,0.062,0.043,Financials,Financial Services,Asset Management,2026-05-29,Asset Management Companies,0,0,0,32.3,25.54,95.1,90.44,28.919999999999998,48.31,SLOW GROWTH,68,60
IBULLSLTD,46565974016.0,SMALL CAP,20.850000381469727,16.547619,1.5060676,0.24445999,14.753,0.40914002,0.31094,0.119,0.1685,Misc,Real Estate,Real Estate - Development,2026-05-29,Real Estate - Development,0,1,1,49.94,50.02,93.85,93.42,49.980000000000004,63.1,MODERATE GROWTH,68,60
KARURVYSYA,281527779328.0,MID CAP,291.25,11.219184,2.1992586,0.19282,29.454,0.57609004,0.4005,0.195,0.412,Financials,Financial Services,Banks - Regional,2026-05-29,Private Sector Banks,0,1,1,69.53,78.34,89.07,96.36,73.935,79.2,HIGH GROWTH,68,60
AEGISVOPAK,221587243008.0,MID CAP,199.99000549316406,158.72223,4.642509,0.11565,42.268,0.48457,0.28858998,0.223,0.436,Misc,Energy,Oil & Gas Equipment & Services,2026-05-29,Oil & Gas Equipment & Services,0,1,0,73.17,79.3,50.02,94.87,76.235,72.86,HIGH GROWTH,45,60
ANTELOPUS,27932979200.0,SMALL CAP,794.4000244140625,31.32492,4.2615514,0.14705,0.542,0.47985,0.32132,0.653,1.589,Misc,Energy,Oil & Gas E&P,2026-05-29,Oil & Gas E&P,0,1,0,92.36,92.22,81.08,94.75,92.28999999999999,90.29,ELITE GROWTH,71,55
DLF,1481721511936.0,LARGE CAP,598.5999755859375,33.59147,3.2615209,0.10031,0.673,0.19984,0.53876996,-0.42,-0.011,Misc,Real Estate,Real Estate - Development,2026-05-29,Real Estate - Development,0,0,0,4.11,22.42,23.74,80.49,13.265,22.08,WEAK GROWTH,55,55
ENGINERSIN,132332871680.0,MID CAP,235.4499969482422,19.126726,4.87666,0.11565,0.731,0.28259,0.19338,0.583,2.186,Industrials,Industrials,Engineering & Construction,2026-05-29,Engineering & EPC,0,1,0,90.8,94.12,50.02,87.7,92.46000000000001,83.5,HIGH GROWTH,65,55
KAYNES,213230534656.0,MID CAP,3180.0,58.279587,4.5878253,0.09568,19.168,0.11209,0.10035,0.262,-0.263,Misc,Technology,Electronic Components,2026-05-29,Electronic Components,0,0,0,77.22,13.24,22.21,61.57,45.23,42.26,SLOW GROWTH,15,50
PRESTIGE,600567185408.0,LARGE CAP,1394.300048828125,50.299427,3.7945094,0.07998,105.493,0.19827,0.094239995,1.665,9.017,Misc,Real Estate,Real Estate - Diversified,2026-05-29,Real Estate - Diversified,0,1,0,97.41,98.32,18.88,80.22,97.865,80.3,HIGH GROWTH,17,50
KMEW,47749120000.0,SMALL CAP,1953.4000244140625,69.540764,17.597723,0.11565,60.049,0.38531,0.27968,0.563,0.804,Misc,Industrials,Marine Shipping,2026-05-29,Marine Shipping,0,1,0,90.21,86.29,50.02,92.6,88.25,81.04,HIGH GROWTH,45,50
RHETAN,23141251072.0,SMALL CAP,29.040000915527344,223.38463,21.368654,0.101660006,38.419,0.43081,0.31246,0.65,0.1685,Misc,Basic Materials,Steel,2026-05-29,Steel,0,1,0,92.28,50.02,24.17,93.85,71.15,64.02,MODERATE GROWTH,45,50
SAREGAMA,80498212864.0,SMALL CAP,419.3500061035156,39.11847,4.8457923,0.12567,4.281,0.35886002,0.20165001,0.232,0.241,Misc,Communication Services,Entertainment,2026-05-29,Entertainment,0,1,0,74.27,71.58,75.52,91.85,72.925,75.34,HIGH GROWTH,45,50
CLEAN,86424698880.0,SMALL CAP,813.2000122070312,37.57856,5.4598804,0.15309,0.135,0.30067,0.24009001,-0.055,-0.214,Chemicals,Basic Materials,Specialty Chemicals,2026-05-29,Specialty Chemicals,1,0,0,16.96,14.85,82.45,88.92,15.905000000000001,36.52,WEAK GROWTH,70,50
GILLETTE,265797599232.0,MID CAP,8157.0,49.792454,22.8652,0.11565,0.08216,0.33042,0.20177999,0.038,0.213,Consumer,Consumer Defensive,Household & Personal Products,2026-05-29,FMCG – Personal Care,0,0,0,28.07,70.11,50.02,90.36,49.09,53.4,SLOW GROWTH,70,50
RVHL,2453029888.0,MICRO CAP,40.0,4.8134775,0.8751395,0.11565,0.386,0.78616,0.67639,5.038001600000003,0.1685,Misc,Real Estate,Real Estate - Development,2026-05-29,Real Estate - Development,0,1,0,99.51,50.02,50.02,97.92,74.765,72.13,HIGH GROWTH,78,50
JSLL,76165267456.0,SMALL CAP,612.75,35.833332,21.524925,0.11565,30.042,0.40358,0.29354998,0.916,4.047,Misc,Healthcare,Medical Care Facilities,2026-05-29,Medical Care Facilities,0,1,0,94.67,96.59,50.02,93.22,95.63,86.27,ELITE GROWTH,45,50
SUNPHARMA,4423653785600.0,MEGA CAP,1843.699951171875,38.595352,5.682329,0.1472,5.517,0.18834,0.19635999,0.128,0.256,Misc,Healthcare,Drug Manufacturers - Specialty & Generic,2026-05-29,Drug Manufacturers - Specialty & Generic,0,1,0,59.44,72.41,81.12,78.89,65.925,70.26,HIGH GROWTH,32,50
GLAND,377325125632.0,MID CAP,2290.199951171875,36.808098,3.9454236,0.10532,2.738,0.23201999,0.15975,0.223,0.964,Misc,Healthcare,Drug Manufacturers - Specialty & Generic,2026-05-29,Drug Manufacturers - Specialty & Generic,0,1,0,73.17,88.01,25.07,83.98,80.59,69.82,MODERATE GROWTH,32,50
GODREJCP,1059365191680.0,LARGE CAP,1035.300048828125,56.97854,8.363155,0.15099,34.899,0.19620001,0.12264,0.084,0.097,Consumer,Consumer Defensive,Household & Personal Products,2026-05-29,FMCG – Personal Care,0,0,0,36.27,28.59,81.98,79.87,32.43,47.08,SLOW GROWTH,32,50
SHREEJISPG,77915652096.0,SMALL CAP,478.25,48.801018,10.292914,0.11565,30.028,0.29448998,0.23993999,0.3,1.117,Misc,Industrials,Marine Shipping,2026-05-29,Marine Shipping,0,1,0,80.49,89.03,50.02,88.64,84.75999999999999,78.2,HIGH GROWTH,45,50
JINDALSTEL,1232890363904.0,LARGE CAP,1211.699951171875,36.62938,2.4817967,0.067719996,43.613,0.12809,0.06327,0.23,0.1685,Misc,Basic Materials,Steel,2026-05-29,Steel,0,1,0,74.09,50.02,16.37,65.77,62.05500000000001,53.29,SLOW GROWTH,10,50
TEXINFRA,12380768256.0,SMALL CAP,97.16000366210938,112.976746,0.8562616,0.009330001,2.626,-0.62433,0.62602,0.311,-0.523,Misc,Real Estate,Real Estate Services,2026-05-29,Real Estate Services,0,0,0,81.41,7.03,6.54,2.9,44.22,32.55,WEAK GROWTH,15,50
ADVENZYMES,41386385408.0,SMALL CAP,369.6000061035156,24.541832,2.5338845,0.11016,1.902,0.28616,0.21614,0.26,0.62,Chemicals,Basic Materials,Specialty Chemicals,2026-05-29,Specialty Chemicals,0,1,0,76.97,83.27,26.28,87.86,80.12,70.13,HIGH GROWTH,53,50
FACT,578805891072.0,LARGE CAP,894.5,538.1866320000008,42.090153,0.11565,278.992,-0.03282,0.07694,0.651,0.1685,Chemicals,Basic Materials,Agricultural Inputs,2026-05-29,Agrochemicals,0,1,0,92.32,50.02,50.02,9.71,71.17,60.79,MODERATE GROWTH,15,50
ADFFOODS,30020227072.0,SMALL CAP,273.25,33.36386,5.245829,0.16894,9.628,0.14527,0.13161999,0.237,0.577,Misc,Consumer Defensive,Packaged Foods,2026-05-29,Packaged Foods,0,1,0,75.01,82.61,85.47,70.9,78.81,79.35,HIGH GROWTH,33,50
DIXON,708627464192.0,LARGE CAP,11677.0,43.37506,13.007324,0.37133,18.457,0.028870001,0.02944,0.021,-0.361,Misc,Technology,Consumer Electronics,2026-05-29,Consumer Electronics,0,0,0,25.42,10.81,98.04,19.7,18.115000000000002,34.26,WEAK GROWTH,35,50
CANTABIL,17957087232.0,SMALL CAP,214.6999969482422,18.751091,3.7515943,0.21983999,113.826,0.19469,0.11231,0.157,0.302,Misc,Consumer Cyclical,Apparel Manufacturing,2026-05-29,Apparel Manufacturing,0,1,1,63.81,74.99,92.44,79.65,69.4,75.03,HIGH GROWTH,55,50
INDGN,125529645056.0,MID CAP,522.3499755859375,31.466866,3.9951506,0.13941,4.601,0.12139,0.114259996,0.328,-0.323,Misc,Healthcare,Health Information Services,2026-05-29,Health Information Services,0,0,0,82.22,11.81,79.12,64.0,47.015,55.13,MODERATE GROWTH,33,50
NINSYS,13003200512.0,SMALL CAP,700.0,42.398544,16.747614,0.41852,2.061,0.26626,0.18597001,0.19,0.192,Technology,Technology,Information Technology Services,2026-05-29,IT Services,0,1,1,68.9,68.86,98.71,86.6,68.88,76.62,HIGH GROWTH,55,50
SHARDACROP,84040392704.0,SMALL CAP,931.5,12.347561,3.140011,0.24157,29.454,0.21327999,0.12925,0.129,0.565,Chemicals,Basic Materials,Agricultural Inputs,2026-05-29,Agrochemicals,0,1,1,59.5,82.31,93.65,82.18,70.905,76.58,HIGH GROWTH,55,50
UJJIVANSFB,106924752896.0,MID CAP,54.9900016784668,15.666667,1.5689464,0.10739,29.454,0.29524,0.16572,0.444,2.34,Financials,Financial Services,Banks - Regional,2026-05-29,Private Sector Banks,0,1,0,87.19,94.4,25.5,88.68,90.795,77.52,HIGH GROWTH,55,50
DIVGIITTS,25168220160.0,SMALL CAP,822.9500122070312,68.40815,3.9622052,0.11565,0.279,0.17837,0.12125,0.955,1.891,Automobiles,Consumer Cyclical,Auto Parts,2026-05-29,Auto Components,0,1,0,94.95,93.48,50.02,77.2,94.215,83.67,HIGH GROWTH,57,50
KENNAMET,64024813568.0,SMALL CAP,2913.10009765625,46.12985,7.9811616,0.11565,0.262,0.16982001,0.10221,0.407,1.104,Misc,Industrials,Tools & Accessories,2026-05-29,Tools & Accessories,0,1,0,85.98,88.99,50.02,75.83,87.485,78.83,HIGH GROWTH,57,50
SONACOMS,380090417152.0,MID CAP,611.0499877929688,59.498535,6.647773,0.106850006,7.213,0.17621,0.14388,0.454,0.171,Automobiles,Consumer Cyclical,Auto Parts,2026-05-29,Auto Components,0,1,0,87.58,67.67,25.42,76.97,77.625,67.12,MODERATE GROWTH,32,50
VBL,1835064623104.0,LARGE CAP,542.5499877929688,57.656746,9.371923,0.11565,12.705,0.18491,0.14024,0.181,0.2,Misc,Consumer Defensive,Beverages - Non-Alcoholic,2026-05-29,Beverages - Non-Alcoholic,0,1,0,67.59,69.25,50.02,78.1,68.42,65.71,MODERATE GROWTH,32,50
WONDERLA,30325596160.0,SMALL CAP,478.1499938964844,37.29719,1.7558516,0.046430003,0.348,0.09048,0.15755,0.404,0.488,Misc,Consumer Cyclical,Leisure,2026-05-29,Leisure,0,1,0,85.84,80.55,12.81,41.83,83.195,64.98,MODERATE GROWTH,33,50
MAHLIFE,72013832192.0,SMALL CAP,337.54998779296875,23.104038,1.9855415,0.10797,18.26,-0.07391,0.25301,5.038001600000003,-0.195,Misc,Real Estate,Real Estate - Development,2026-05-29,Real Estate - Development,0,0,0,99.51,15.33,25.66,8.38,57.42,46.16,SLOW GROWTH,33,50
EBGNG,50700922880.0,SMALL CAP,444.70001220703125,288.76624,6.60596,0.26766002,58.541,0.09224,0.06981,0.43,1.434,Misc,Technology,Computer Hardware,2026-05-29,Computer Hardware,0,1,0,86.92,91.19,94.75,42.58,89.055,85.55,ELITE GROWTH,35,50
GVPIL,57546715136.0,SMALL CAP,856.0,17.863106,9.878481,0.44688016848000045,3.02,0.32781,0.199,0.188,-0.311,Industrials,Industrials,Engineering & Construction,2026-05-29,Engineering & EPC,0,0,0,68.57,12.26,99.51,90.33,40.415,57.23,MODERATE GROWTH,70,50
SAMHI,36958777344.0,SMALL CAP,166.3800048828125,6.466382,1.9111837,0.33367002,81.102,0.21295999,0.39327,0.081,4.396,Misc,Consumer Cyclical,Lodging,2026-05-29,Lodging,0,0,1,35.76,96.75,97.49,82.14,66.255,74.09,HIGH GROWTH,67,50
ACCELYA,17129376768.0,SMALL CAP,1147.5999755859375,15.892535,6.1688313,0.39095002,33.047,0.22778,0.20044,-0.002,-0.569,Technology,Technology,Information Technology Services,2026-05-29,IT Services,0,0,0,22.52,6.46,98.39,83.63,14.49,38.18,WEAK GROWTH,67,50
FORTIS,715964547072.0,LARGE CAP,948.3499755859375,68.5224,7.235225,0.11006,34.15,0.17354,0.11413,0.178,0.443,Misc,Healthcare,Medical Care Facilities,2026-05-29,Medical Care Facilities,0,1,0,67.14,79.55,26.24,76.56,73.345,64.25,MODERATE GROWTH,32,50
RUBICON,161620049920.0,MID CAP,981.0,78.54284,23.38108,0.11565,87.66,0.20309,0.12902,0.517,0.793,Misc,Healthcare,Drug Manufacturers - General,2026-05-29,Drug Manufacturers - General,0,1,0,89.25,86.15,50.02,80.89,87.7,79.48,HIGH GROWTH,32,50
SANGHVIMOV,32240902144.0,SMALL CAP,372.3999938964844,17.49178,2.4589622,0.15026,51.403,0.28035998,0.17216,0.314,0.278,Misc,Industrials,Rental & Leasing Services,2026-05-29,Rental & Leasing Services,0,1,0,81.61,73.6,81.83,87.54,77.60499999999999,79.44,HIGH GROWTH,55,50
KPIGREEN,85083602944.0,SMALL CAP,431.1499938964844,17.919785,2.8051944,0.17253,158.765,0.31695,0.17661,0.398,0.472,Energy,Utilities,Utilities - Renewable,2026-05-29,Power Generation – Renewable,0,1,0,85.53,80.04,86.17,89.62,82.785,84.15,HIGH GROWTH,55,50
FORCEMOT,259756834816.0,MID CAP,19714.0,18.976023,6.1930165,0.33508,29.454,0.13425,0.13378,0.082,-0.37,Automobiles,Consumer Cyclical,Auto Manufacturers,2026-05-29,Passenger Vehicles,0,0,0,35.96,10.54,97.53,67.49,23.25,42.53,SLOW GROWTH,55,50
MCLOUD,15916594176.0,SMALL CAP,27.020000457763672,14.846153,2.7315001,0.18974,42.501,0.20093,0.16173,0.35,0.323,Technology,Technology,Information Technology Services,2026-05-29,IT Services,0,1,1,83.29,75.89,88.84,80.65,79.59,81.55,HIGH GROWTH,55,50
GRINDWELL,212117389312.0,MID CAP,1915.800048828125,51.115265,8.371971,0.17296,2.381,0.16420999,0.13525,0.187,0.283,Misc,Industrials,Building Products & Equipment,2026-05-29,Building Products & Equipment,0,1,0,68.35,73.99,86.41,74.87,71.16999999999999,74.59,HIGH GROWTH,32,50
HSCL,305020633088.0,MID CAP,604.5499877929688,40.303333,6.4800525,0.17698,16.137,0.20308,0.16121,0.135,0.278,Chemicals,Basic Materials,Specialty Chemicals,2026-05-29,Specialty Chemicals,0,1,0,60.69,73.6,86.92,80.85,67.145,72.47,HIGH GROWTH,32,50
KRISHNADEF,15619577856.0,SMALL CAP,1111.0,54.08958,9.479603,0.11565,0.451,0.2511,0.15493,0.234,1.598,Misc,Industrials,Specialty Industrial Machinery,2026-05-29,Specialty Industrial Machinery,0,1,0,74.54,92.28,50.02,85.47,83.41,76.94,HIGH GROWTH,58,50
SYNCOMF,14400799744.0,SMALL CAP,15.319999694824219,20.9863,3.7329433,0.20191,0.355,0.14422,0.14685,-0.09,0.688,Misc,Healthcare,Drug Manufacturers - Specialty & Generic,2026-05-29,Drug Manufacturers - Specialty & Generic,1,0,0,14.49,84.57,90.48,70.58,49.529999999999994,59.82,MODERATE GROWTH,59,50
BHEL,1454283685888.0,LARGE CAP,417.6499938964844,90.79348,5.5561466,0.06292,31.312,0.13527,0.04737,0.369,1.564,Misc,Industrials,Specialty Industrial Machinery,2026-05-29,Specialty Industrial Machinery,0,1,0,84.18,92.09,15.47,67.84,88.135,71.57,HIGH GROWTH,10,50
TATACOMM,554268033024.0,LARGE CAP,1944.0,53.165665,19.472342,0.31131,335.485,0.084359996,0.04038,0.094,-0.747,Telecom,Communication Services,Telecom Services,2026-05-29,Telecom Services,0,0,0,38.19,3.33,96.79,39.76,20.759999999999998,37.87,WEAK GROWTH,35,50
SEDEMAC,94514438144.0,SMALL CAP,2140.199951171875,90.994896,22.80399,0.27527002,16.126,0.14807001,0.09787,0.599,2.532,Automobiles,Consumer Cyclical,Auto Parts,2026-05-29,Auto Components,0,1,0,91.4,94.79,95.18,71.64,93.095,91.37,ELITE GROWTH,35,50
JSL,592873062400.0,LARGE CAP,719.5499877929688,18.58822,13.172058,0.17407,37.523,0.10383,0.07434,0.112,0.425,Misc,Basic Materials,Steel,2026-05-29,Steel,0,1,0,40.91,78.79,86.56,58.44,59.85,65.05,MODERATE GROWTH,35,50
HINDALCO,2561736966144.0,MEGA CAP,1145.5999755859375,19.017263,1.8857458,0.10288,72.598,0.09979,0.048699997,0.204,-0.509,Misc,Basic Materials,Aluminum,2026-05-29,Aluminum,0,0,0,71.15,7.29,24.36,57.54,39.220000000000006,38.08,WEAK GROWTH,35,50
NBCC,274724995072.0,MID CAP,101.75,38.108612,9.146068,0.25225002,0.08216,0.08342,0.05456,-0.038,0.378,Industrials,Industrials,Engineering & Construction,2026-05-29,Engineering & EPC,1,0,0,18.45,77.44,94.2,39.4,47.945,56.34,MODERATE GROWTH,60,50
BANKBARODA,1400922046464.0,LARGE CAP,270.8999938964844,7.0602036,0.84438294,0.12738,29.454,0.38452998,0.31175,-0.076,0.071,Financials,Financial Services,Banks - Regional,2026-05-29,Private Sector Banks,0,0,0,15.41,27.07,75.87,92.48,21.240000000000002,39.29,WEAK GROWTH,60,50
THYROCARE,81172463616.0,SMALL CAP,510.0,49.804688,15.1767645,0.28746,8.65,0.27265,0.19667,0.197,1.164,Healthcare,Healthcare,Diagnostics & Research,2026-05-29,Diagnostics,0,1,1,69.94,89.31,95.85,87.03,79.625,83.61,HIGH GROWTH,55,50
SHILCTECH,46138327040.0,SMALL CAP,4033.0,29.150703,10.988651,0.37762,29.454,0.2038,0.24260001,-0.36,-0.487,Misc,Industrials,Electrical Equipment & Parts,2026-05-29,Electrical Equipment & Parts,0,0,0,4.94,8.17,98.16,81.04,6.555,32.32,WEAK GROWTH,60,50
PICCADIL,57702539264.0,SMALL CAP,585.4000244140625,41.254406,6.285702,0.17366,58.89,0.18259001,0.13251,0.409,0.023,Misc,Consumer Defensive,Beverages - Wineries & Distilleries,2026-05-29,Beverages - Wineries & Distilleries,0,0,0,86.17,24.38,86.49,77.67,55.275,63.76,MODERATE GROWTH,32,50
JYOTICNC,148734705664.0,MID CAP,654.0,42.003853,8.123114,0.11565,39.56,0.24542,0.17124,0.281,0.102,Misc,Industrials,Specialty Industrial Machinery,2026-05-29,Specialty Industrial Machinery,0,1,0,79.04,28.75,50.02,85.15,53.895,56.25,MODERATE GROWTH,32,50
APOLLO,146441420800.0,MID CAP,409.8500061035156,130.94249,10.772486,0.1121,41.527,0.20691,0.12487,0.813,1.348,Misc,Industrials,Aerospace & Defense,2026-05-29,Aerospace & Defense,0,1,0,93.93,90.56,26.75,81.63,92.245,78.08,HIGH GROWTH,32,50
KAJARIACER,170723966976.0,MID CAP,1071.9000244140625,42.00235,5.8260818,0.16499001,7.302,0.16102,0.10049,0.124,2.659,Misc,Industrials,Building Products & Equipment,2026-05-29,Building Products & Equipment,0,1,0,58.75,94.87,84.84,74.11,76.81,78.15,HIGH GROWTH,32,50
ATGL,893045768192.0,LARGE CAP,812.0,135.78595,18.364809,0.14456001,46.363,0.15255,0.11124,0.161,0.085,Misc,Utilities,Utilities - Regulated Gas,2026-05-29,Utilities - Regulated Gas,0,0,0,64.59,27.95,80.61,72.62,46.27,55.77,MODERATE GROWTH,32,50
METROPOLIS,112684924928.0,MID CAP,543.5,59.269356,7.4322753,0.13373,15.212,0.16348,0.11545,0.23,0.73,Healthcare,Healthcare,Diagnostics & Research,2026-05-29,Diagnostics,0,1,0,74.09,85.29,77.63,74.62,79.69,78.77,HIGH GROWTH,32,50
MANKIND,993418149888.0,LARGE CAP,2405.89990234375,52.04196,6.497813,0.12452,38.111,0.20558001,0.13397999,0.118,0.317,Misc,Healthcare,Drug Manufacturers - Specialty & Generic,2026-05-29,Drug Manufacturers - Specialty & Generic,0,1,0,41.89,75.66,75.21,81.47,58.775,64.33,MODERATE GROWTH,32,50
DAMCAPITAL,10730841088.0,SMALL CAP,151.80999755859375,14.753159,3.4619505,0.24398,1.0,0.0077600004,0.31858,-0.245,-0.9306128,Misc,Financial Services,Capital Markets,2026-05-29,Capital Markets,0,0,0,7.52,0.53,93.81,14.22,4.0249999999999995,23.0,WEAK GROWTH,53,50
SOLARWORLD,18307864576.0,SMALL CAP,211.22999572753906,22.639872,2.1119409,0.20828,30.132,0.1177,0.085080005,2.386,3.457,Misc,Technology,Solar,2026-05-29,Solar,0,1,0,98.2,96.16,91.15,63.14,97.18,92.57,ELITE GROWTH,36,50
KERNEX,25504397312.0,SMALL CAP,1517.9000244140625,48.43331,14.841794,0.11565,51.362,0.20544,0.20357001,0.972,-0.159,Technology,Technology,Software - Application,2026-05-29,SaaS,0,0,0,95.05,17.06,50.02,81.39,56.055,57.38,MODERATE GROWTH,37,50
NPST,24505769984.0,SMALL CAP,1175.300048828125,65.732666,5.5494175,0.11565,1.639,0.22089,0.2176,1.477,1.242,Technology,Technology,Software - Application,2026-05-29,SaaS,0,1,0,97.1,89.93,50.02,83.04,93.515,83.77,HIGH GROWTH,37,50
PFIZER,212351811584.0,MID CAP,4641.7998046875,29.361755,5.5178,0.17159,1.671,0.35149,0.28672,0.063,-0.396,Misc,Healthcare,Drug Manufacturers - General,2026-05-29,Drug Manufacturers - General,0,0,0,32.45,9.89,85.98,91.46,21.17,41.16,SLOW GROWTH,53,50
NESCO,84763328512.0,SMALL CAP,1203.0,20.543032,3.0280147,0.14673,9.068,0.45831,0.4001,0.308,0.05,Misc,Industrials,Conglomerates,2026-05-29,Conglomerates,0,0,0,81.1,25.97,81.0,94.56,53.535,63.13,MODERATE GROWTH,53,50
NLCINDIA,493018644480.0,MID CAP,355.54998779296875,13.998032,2.2902951,0.15966,82.0,0.28304002,0.20139,-0.003,-0.127,Misc,Utilities,Utilities - Regulated Electric,2026-05-29,Utilities - Regulated Electric,0,0,0,22.41,17.9,83.86,87.78,20.155,39.66,WEAK GROWTH,60,50
FIVESTAR,131561627648.0,MID CAP,445.70001220703125,11.96189,1.7791635,0.16058001,111.115,0.60508,0.48518002,0.041,-0.037,Financials,Financial Services,Credit Services,2026-05-29,NBFC – Lending,0,0,0,28.44,21.27,83.9,96.67,24.855,43.85,SLOW GROWTH,60,50
MAXHEALTH,947793428480.0,LARGE CAP,973.8499755859375,65.800674,9.481273,0.14333001,32.367,0.22559,0.17226,0.122,0.073,Misc,Healthcare,Medical Care Facilities,2026-05-29,Medical Care Facilities,0,0,0,58.32,27.14,80.18,83.51,42.730000000000004,54.3,SLOW GROWTH,32,50
SIRCA,23874787328.0,SMALL CAP,419.3500061035156,36.119724,5.28908,0.15767999,6.802,0.16955,0.13202,0.328,0.23,Chemicals,Basic Materials,Specialty Chemicals,2026-05-29,Specialty Chemicals,0,1,0,82.22,70.92,83.51,75.79,76.57,77.88,HIGH GROWTH,32,50
ADANIGREEN,2472740913152.0,MEGA CAP,1501.199951171875,155.08264,13.259961,0.07576,339.503,0.57025003,0.12778,0.131,2.803,Energy,Utilities,Utilities - Renewable,2026-05-29,Power Generation – Renewable,0,1,0,59.83,95.22,18.02,96.2,77.525,67.49,MODERATE GROWTH,30,50
INOXGREEN,69076705280.0,SMALL CAP,172.0500030517578,103.02396,3.211566,0.11565,4.695,0.14733,0.27431,0.338,3.998,Energy,Utilities,Utilities - Renewable,2026-05-29,Power Generation – Renewable,0,1,0,82.78,96.51,50.02,71.41,89.64500000000001,79.9,HIGH GROWTH,30,50
ABB,1544176271360.0,LARGE CAP,7287.0,98.96782,19.706205,0.11565,1.082,0.11496,0.22257,0.008,2.76,Misc,Industrials,Specialty Industrial Machinery,2026-05-29,Specialty Industrial Machinery,0,0,0,23.5,95.06,50.02,62.48,59.28,57.75,MODERATE GROWTH,30,50
POONAWALLA,343211016192.0,MID CAP,391.95001220703125,57.470676,3.0636175,0.0585,470.362,0.35472,0.18559,0.674,2.877,Financials,Financial Services,Credit Services,2026-05-29,NBFC – Lending,0,1,0,92.71,95.5,14.88,91.54,94.10499999999999,78.0,HIGH GROWTH,30,50
BLACKBUCK,93360291840.0,SMALL CAP,512.75,58.66705,6.584523,0.12059,4.164,0.14942999,0.24594,0.525,-0.858,Technology,Technology,Software - Application,2026-05-29,SaaS,0,0,0,89.62,2.0,74.11,72.03,45.81,54.09,SLOW GROWTH,30,50
SJVN,301768966144.0,MID CAP,76.79000091552734,47.11043,2.0781577,0.04514,226.528,0.27751,0.14179,1.967,0.1685,Energy,Utilities,Utilities - Renewable,2026-05-29,Power Generation – Renewable,0,1,0,97.96,50.02,12.42,87.43,73.99,63.02,MODERATE GROWTH,30,50
INDUSINDBK,721165221888.0,LARGE CAP,925.5999755859375,81.40721,1.096433,0.01362,29.454,0.17665,0.05158,2.727,0.1685,Financials,Financial Services,Banks - Regional,2026-05-29,Private Sector Banks,0,1,0,98.32,50.02,7.76,77.05,74.17,61.18,MODERATE GROWTH,17,50
LAURUSLABS,745235611648.0,LARGE CAP,1380.0999755859375,88.41128,14.059268,0.17743,46.369,0.21529,0.13046,0.053,0.194,Misc,Healthcare,Drug Manufacturers - Specialty & Generic,2026-05-29,Drug Manufacturers - Specialty & Generic,0,0,0,30.45,68.98,86.98,82.37,49.715,60.43,MODERATE GROWTH,32,50
BALUFORGE,59125743616.0,SMALL CAP,486.8500061035156,21.890738,4.1697,0.11565,6.528,0.26232,0.22976999,0.216,0.206,Misc,Industrials,Metal Fabrication,2026-05-29,Metal Fabrication,0,1,0,72.21,69.55,50.02,86.33,70.88,68.25,MODERATE GROWTH,53,50
AMRUTANJAN,16163814400.0,SMALL CAP,559.2999877929688,27.895262,4.3682003,0.16623,0.48,0.10905,0.11525,0.105,0.067,Misc,Healthcare,Drug Manufacturers - Specialty & Generic,2026-05-29,Drug Manufacturers - Specialty & Generic,1,0,0,39.87,26.91,85.04,60.52,33.39,46.43,SLOW GROWTH,51,50
SHANTIGOLD,16509983744.0,SMALL CAP,229.0,10.786623,2.5380712,0.37335998,36.138,0.104270004,0.06909,1.216,3.624,Misc,Consumer Cyclical,Luxury Goods,2026-05-29,Luxury Goods,0,1,0,96.04,96.28,98.08,58.62,96.16,92.79,ELITE GROWTH,50,50
SGFIN,38054363136.0,SMALL CAP,577.5,25.769745,2.2438774,0.10316,185.189,0.9200270213920001,0.38259998,0.952,1.059,Misc,Financial Services,Capital Markets,2026-05-29,Capital Markets,0,1,0,94.91,88.6,24.46,99.51,91.755,79.07,HIGH GROWTH,53,50
BANDHANBNK,340488650752.0,MID CAP,211.35000610351562,27.809212,1.3295463,0.04877,29.454,0.26448,0.12972,1.193,0.68,Financials,Financial Services,Banks - Regional,2026-05-29,Private Sector Banks,0,1,0,95.97,84.45,13.32,86.56,90.21000000000001,74.47,HIGH GROWTH,38,50
VENTIVE,147878559744.0,MID CAP,633.2000122070312,34.791206,2.6853948,0.07925,38.079,0.45049,0.15965,0.229,0.329,Misc,Consumer Cyclical,Lodging,2026-05-29,Lodging,0,1,0,73.99,76.09,18.68,94.48,75.03999999999999,65.71,MODERATE GROWTH,38,50
TATACAP,1317083938816.0,LARGE CAP,312.3500061035156,26.560373,3.4601753,0.12005,502.058,0.55465,0.39028,0.07,0.522,Financials,Financial Services,Credit Services,2026-05-29,NBFC – Lending,0,0,0,33.86,81.49,73.91,95.89,57.675,64.74,MODERATE GROWTH,53,50
DOMS,133805645824.0,MID CAP,2204.800048828125,58.358925,10.9685545,0.20091999,10.849,0.12871,0.09894,0.187,0.168,Misc,Industrials,Business Equipment & Supplies,2026-05-29,Business Equipment & Supplies,0,1,0,68.35,32.51,90.25,66.04,50.42999999999999,59.96,MODERATE GROWTH,28,50
BSHSL,10052992000.0,SMALL CAP,95.80000305175781,37.716537,7.4978476,0.22619,82.638,0.09109,0.077470005,0.447,0.024,Chemicals,Basic Materials,Agricultural Inputs,2026-05-29,Agrochemicals,0,0,0,87.33,24.46,92.95,41.95,55.894999999999996,61.91,MODERATE GROWTH,28,50
UNOMINDA,640457375744.0,LARGE CAP,1109.0999755859375,53.605602,10.252452,0.19202,37.74,0.077020004,0.060900003,0.178,0.223,Automobiles,Consumer Cyclical,Auto Parts,2026-05-29,Auto Components,0,1,0,67.14,70.66,89.03,36.9,68.9,69.73,MODERATE GROWTH,28,50
CCL,142801944576.0,MID CAP,1072.0999755859375,36.80398,6.089816,0.18002,56.487,0.12503,0.08691,0.464,0.124,Misc,Consumer Defensive,Packaged Foods,2026-05-29,Packaged Foods,0,1,0,88.01,29.96,87.39,64.94,58.985,65.26,MODERATE GROWTH,28,50
RAJRILTD,11487033344.0,SMALL CAP,20.399999618530273,48.57143,8.710504,0.24372,142.191,0.03828,0.02881,0.432,0.008,Misc,Consumer Cyclical,Textile Manufacturing,2026-05-29,Textile Manufacturing,0,0,0,86.96,23.76,93.77,22.8,55.36,59.79,MODERATE GROWTH,28,50
PRECWIRE,78826799104.0,SMALL CAP,431.20001220703125,50.256413,10.110911,0.23027,37.995,0.04456,0.02842,0.667,0.819,Misc,Industrials,Electrical Equipment & Parts,2026-05-29,Electrical Equipment & Parts,0,1,0,92.6,86.41,93.18,24.99,89.505,83.79,HIGH GROWTH,28,50
SATIN,24330448896.0,SMALL CAP,221.2100067138672,7.327261,0.9287514,0.1228,383.33,0.56876,0.21191,1.166,6.402,Financials,Financial Services,Credit Services,2026-05-29,NBFC – Lending,0,1,0,95.89,97.69,74.62,96.16,96.78999999999999,92.29,ELITE GROWTH,60,50
SHAREINDIA,30033805312.0,SMALL CAP,137.25,9.305085,1.1410116,0.12968001,45.906,0.21562,0.2446,0.599,2.831,Misc,Financial Services,Capital Markets,2026-05-29,Capital Markets,0,1,0,91.4,95.26,76.54,82.41,93.33000000000001,88.88,ELITE GROWTH,52,50
TECHM,1315292053504.0,LARGE CAP,1485.0,27.423822,4.784427,0.16608,7.269,0.13825,0.084680006,0.126,0.159,Technology,Technology,Information Technology Services,2026-05-29,IT Services,0,1,0,59.2,32.12,85.0,68.86,45.66,55.85,MODERATE GROWTH,28,50
LGEINDIA,1021959733248.0,LARGE CAP,1505.5999755859375,60.51447,14.862929,0.24716,5.99,0.10476,0.06849,0.081,-0.082,Misc,Technology,Consumer Electronics,2026-05-29,Consumer Electronics,0,0,0,35.76,19.51,93.97,58.83,27.634999999999998,44.02,SLOW GROWTH,28,50
SPECTRUM,22909208576.0,SMALL CAP,1457.9000244140625,57.738613,10.633068,0.20419,101.796,0.14491001,0.0836,0.691,0.959,Misc,Industrials,Electrical Equipment & Parts,2026-05-29,Electrical Equipment & Parts,0,1,0,92.95,87.94,90.8,70.78,90.445,88.55,ELITE GROWTH,28,50
HDFCBANK,11660330795008.0,MEGA CAP,757.4000244140625,16.890053,1.9893198,0.13818,29.454,0.40539002,0.26834,-0.018,0.075,Financials,Financial Services,Banks - Regional,2026-05-29,Private Sector Banks,0,0,0,20.47,27.32,78.89,93.3,23.895,41.83,SLOW GROWTH,60,50
INTLCONV,5230042112.0,MICRO CAP,82.0,7.6350093,1.3276128,0.17397,17.291,0.18788,0.32084,0.777,-0.694,Misc,Industrials,Specialty Industrial Machinery,2026-05-29,Specialty Industrial Machinery,0,0,0,93.77,4.47,86.53,78.73,49.12,59.56,MODERATE GROWTH,52,50
UGROCAP,14893399040.0,SMALL CAP,97.45999908447266,7.394537,0.4522149,0.0706,375.276,0.25767002,0.20388001,0.561,-0.177,Financials,Financial Services,Credit Services,2026-05-29,NBFC – Lending,0,0,0,90.13,16.26,16.88,85.9,53.195,49.2,SLOW GROWTH,50,50
DPABHUSHAN,22257221632.0,SMALL CAP,975.0,10.504202,4.3862214,0.40866002,48.027,0.05266,0.05211,0.861,1.031,Misc,Consumer Cyclical,Luxury Goods,2026-05-29,Luxury Goods,0,1,0,94.32,88.39,98.55,28.12,91.35499999999999,86.47,ELITE GROWTH,50,50
CAPITALSFB,12761732096.0,SMALL CAP,280.8999938964844,9.035059,0.8899378,0.099259995,29.454,0.38409,0.28381002,0.689,0.167,Financials,Financial Services,Banks - Regional,2026-05-29,Private Sector Banks,0,1,0,92.91,32.47,23.35,92.44,62.69,57.8,MODERATE GROWTH,50,50
SENCO,57458216960.0,SMALL CAP,350.70001220703125,10.0,2.7246244,0.25617,107.377,0.13161,0.067490004,0.521,1.516,Misc,Consumer Cyclical,Luxury Goods,2026-05-29,Luxury Goods,0,1,0,89.39,91.87,94.44,66.65,90.63,88.99,ELITE GROWTH,50,50
KOTAKBANK,3865196363776.0,MEGA CAP,388.6000061035156,20.030928,2.1337228,0.11389,29.454,0.35119998,0.26049,-0.11,0.098,Financials,Financial Services,Banks - Regional,2026-05-29,Private Sector Banks,0,0,0,13.42,28.65,27.22,91.38,21.035,29.31,WEAK GROWTH,53,50
SAGILITY,195773169664.0,MID CAP,41.81999969482422,21.121212,2.2251782,0.11565,13.851,0.19663,0.12611,0.357,0.239,Misc,Healthcare,Health Information Services,2026-05-29,Health Information Services,0,1,0,83.63,71.46,50.02,79.98,77.54499999999999,72.28,HIGH GROWTH,40,50
OMNI,59353505792.0,SMALL CAP,479.95001220703125,64.50941,7.808382,0.17963,63.958,0.32549,0.15522,0.385,0.359,Misc,Industrials,Specialty Industrial Machinery,2026-05-29,Specialty Industrial Machinery,0,1,0,85.15,76.89,87.27,90.25,81.02000000000001,83.19,HIGH GROWTH,40,50
TMPV,1476288446464.0,LARGE CAP,400.8999938964844,26.656543,1.3333998,-0.01118,65.31,0.084300004,0.24551001,-0.118,-0.329,Automobiles,Consumer Cyclical,Auto Manufacturers,2026-05-29,Passenger Vehicles,0,0,0,12.5,11.67,4.15,39.72,12.085,13.26,WEAK GROWTH,28,50
SOUTHBANK,109495009280.0,MID CAP,41.83000183105469,7.536937,0.9937992,0.13526,29.454,0.43144,0.28946,0.112,0.183,Financials,Financial Services,Banks - Regional,2026-05-29,Private Sector Banks,0,1,0,40.91,68.21,78.07,93.89,54.559999999999995,63.19,MODERATE GROWTH,60,50
JPOLYINVST,10648584192.0,SMALL CAP,1013.0,3.373465592,0.6505951,0.11565,1.433,0.9200270213920001,0.89158,5.038001600000003,14.661280000000012,Financials,Financial Services,Asset Management,2026-05-29,Asset Management Companies,0,1,0,99.51,99.51,50.02,99.51,99.51,89.61,ELITE GROWTH,60,50
HIRECT,39409491968.0,SMALL CAP,1146.550048828125,83.62874,18.90437,0.21110001,118.871,0.01632,0.045050003,0.512,-0.549,Misc,Industrials,Electrical Equipment & Parts,2026-05-29,Electrical Equipment & Parts,0,0,0,89.03,6.64,91.42,15.92,47.835,53.36,SLOW GROWTH,28,50
AXISBANK,4057838387200.0,MEGA CAP,1304.800048828125,15.439593,1.8852278,0.13152,29.454,0.39193,0.35406,-0.112,0.064,Financials,Financial Services,Banks - Regional,2026-05-29,Private Sector Banks,0,0,0,13.18,26.6,77.01,92.75,19.89,38.6,WEAK GROWTH,60,50
WEWORK,82611339264.0,SMALL CAP,602.1500244140625,111.9238,40.15672,0.29986998,614.0908400000002,0.26295,0.0305,0.291,0.737,Misc,Real Estate,Real Estate Services,2026-05-29,Real Estate Services,0,1,1,79.91,85.39,96.44,86.41,82.65,85.78,ELITE GROWTH,50,50
BPCL,1308265545728.0,LARGE CAP,306.20001220703125,5.062831,1.3064646,0.28469,54.332,0.08165,0.05677,0.067,0.28,Misc,Energy,Oil & Gas Refining & Marketing,2026-05-29,Oil & Gas Refining & Marketing,0,0,0,33.16,73.83,95.69,38.9,53.495,60.47,MODERATE GROWTH,50,50
DEEPINDS,31136000000.0,SMALL CAP,486.5,17.307009,1.55993,0.09786,9.61,0.26648,0.20201999,0.487,0.1685,Misc,Energy,Oil & Gas E&P,2026-05-29,Oil & Gas E&P,0,1,0,88.46,50.02,22.91,86.64,69.24,61.71,MODERATE GROWTH,50,50
GRANULES,195313549312.0,MID CAP,788.2000122070312,32.17143,3.7963588,0.13522,29.735,0.18384,0.11089,0.228,0.313,Misc,Healthcare,Drug Manufacturers - Specialty & Generic,2026-05-29,Drug Manufacturers - Specialty & Generic,0,1,0,73.85,75.48,78.03,77.79,74.66499999999999,75.65,HIGH GROWTH,40,50
WAKEFIT,41042059264.0,SMALL CAP,123.87000274658203,20.645,3.6262772,0.22896999,24.021,0.03595,0.12705,0.135,0.1685,Misc,Consumer Cyclical,"Furnishings, Fixtures & Appliances",2026-05-29,"Furnishings, Fixtures & Appliances",0,1,0,60.69,50.02,93.15,21.97,55.355000000000004,59.58,MODERATE GROWTH,41,50
HUBTOWN,29061005312.0,SMALL CAP,204.50999450683594,19.238945,1.10267,0.0637,44.93,0.485,0.23075001,0.654,5.119,Misc,Real Estate,Real Estate - Development,2026-05-29,Real Estate - Development,0,1,0,92.4,97.26,15.67,94.95,94.83000000000001,79.01,HIGH GROWTH,50,50
MADRASFERT,10988719104.0,SMALL CAP,68.20999908447266,13.669339,11.918574,0.44688016848000045,614.0908400000002,0.046079997,0.03496,0.26,0.1685,Chemicals,Basic Materials,Agricultural Inputs,2026-05-29,Agrochemicals,0,1,0,76.97,50.02,99.51,25.54,63.495000000000005,66.9,MODERATE GROWTH,50,50
NIITMTS,29601273856.0,SMALL CAP,215.25,12.188561,1.917663,0.17998,20.621,0.12765999,0.12691,0.222,0.588,Misc,Consumer Defensive,Education & Training Services,2026-05-29,Education & Training Services,0,1,0,72.99,82.73,87.35,65.73,77.86,78.54,HIGH GROWTH,40,50
TATAELXSI,271141732352.0,MID CAP,4352.39990234375,43.127228,8.915472,0.21298,5.336,0.22268999,0.16725,0.058,0.278,Technology,Technology,Software - Application,2026-05-29,SaaS,0,0,1,31.37,73.6,91.7,83.2,52.485,63.4,MODERATE GROWTH,40,50
SCILAL,21464018944.0,SMALL CAP,46.08000183105469,74.322586,0.71642905,0.0095999995,0.08216,-3.64360608,0.9287488156000011,0.191,0.1685,Misc,Real Estate,Real Estate Services,2026-05-29,Real Estate Services,0,1,0,69.06,50.02,6.72,0.53,59.540000000000006,43.08,SLOW GROWTH,40,50
INOXWIND,162851848192.0,MID CAP,94.2300033569336,34.39051,1.8509134,0.11565,15.713,0.18948,0.113350004,0.325,-0.18,Misc,Industrials,Specialty Industrial Machinery,2026-05-29,Specialty Industrial Machinery,0,0,0,81.96,16.1,50.02,79.08,49.03,52.23,SLOW GROWTH,40,50
IDEA,1529803571200.0,LARGE CAP,14.109999656677246,4.3987536,-4.2749014,0.11565,29.454,-0.05821,0.77143997,0.032,0.1685,Telecom,Communication Services,Telecom Services,2026-05-29,Telecom Services,0,0,0,27.12,50.02,50.02,8.89,38.57,37.89,WEAK GROWTH,40,50
CARERATING,49734369280.0,SMALL CAP,1655.0999755859375,29.087872,5.334575,0.19754,2.776,0.43565,0.36183998,0.192,0.235,Misc,Financial Services,Financial Data & Stock Exchanges,2026-05-29,Financial Data & Stock Exchanges,0,1,1,69.19,71.25,89.74,94.09,70.22,76.51,HIGH GROWTH,61,50
MMTC,98024996864.0,SMALL CAP,65.3499984741211,37.13068,5.090753,0.11565,1.796,-3.64360608,0.9287488156000011,0.36,14.5,Misc,Industrials,Conglomerates,2026-05-29,Conglomerates,0,1,0,83.76,98.98,50.02,0.53,91.37,74.02,HIGH GROWTH,25,50
AQYLON,16342786048.0,SMALL CAP,64.41000366210938,280.0435,-283.7445,0.11565,29.454,-0.025120001,0.43607,1.802,0.1685,Media,Communication Services,Broadcasting,2026-05-29,Broadcasting,0,1,0,97.61,50.02,50.02,10.3,73.815,62.7,MODERATE GROWTH,25,50
PTCIL,248456527872.0,MID CAP,16572.0,367.85794,17.538345,0.11565,12.655,0.09851,0.13265,1.324,0.288,Misc,Industrials,Metal Fabrication,2026-05-29,Metal Fabrication,0,1,0,96.69,74.17,50.02,56.99,85.43,75.5,HIGH GROWTH,25,50
ZFCVINDIA,285594910720.0,MID CAP,15057.0,55.340343,7.738484,0.14979,29.454,0.12702,0.12555,0.327,0.461,Automobiles,Consumer Cyclical,Auto Parts,2026-05-29,Auto Components,0,1,0,82.1,79.91,81.79,65.57,81.005,79.62,HIGH GROWTH,25,50
DABUR,791597875200.0,LARGE CAP,446.29998779296875,41.906105,6.925822,0.16239999,10.907,0.11179,0.14364,0.073,0.152,Consumer,Consumer Defensive,Household & Personal Products,2026-05-29,FMCG – Personal Care,0,0,0,34.45,31.75,84.37,61.46,33.1,46.19,SLOW GROWTH,25,50
KIRLOSENG,280074452992.0,MID CAP,1926.5,49.422783,8.2987995,0.16819,150.325,0.15423,0.07458,0.207,0.212,Misc,Industrials,Specialty Industrial Machinery,2026-05-29,Specialty Industrial Machinery,0,1,0,71.45,70.04,85.31,73.09,70.745,73.89,HIGH GROWTH,27,50
VENUSREM,17130515456.0,SMALL CAP,1280.050048828125,22.437336,2.878943,0.16785,1.87,0.23306,0.1314,0.356,1.264,Misc,Healthcare,Drug Manufacturers - Specialty & Generic,2026-05-29,Drug Manufacturers - Specialty & Generic,0,1,0,83.55,90.17,85.23,84.14,86.86,86.26,ELITE GROWTH,40,50
RADHIKAJWE,7089953280.0,MICRO CAP,60.02000045776367,8.749271,1.9713593,0.20758,14.612,0.05501,0.11684,0.234,-0.451,Misc,Consumer Cyclical,Luxury Goods,2026-05-29,Luxury Goods,0,0,0,74.54,8.87,91.07,28.99,41.705000000000005,50.31,SLOW GROWTH,48,50
BAYERCROP,206005551104.0,MID CAP,4583.7998046875,29.912554,6.5947695,0.237,2.758,0.18468,0.119449995,0.095,0.131,Chemicals,Basic Materials,Agricultural Inputs,2026-05-29,Agrochemicals,0,0,1,38.43,30.57,93.46,78.07,34.5,50.65,SLOW GROWTH,48,50
SAATVIKGL,56415559680.0,SMALL CAP,443.8500061035156,14.904298,4.1501093,0.42051,69.034,0.05802,0.07856,0.749,-0.38,Misc,Technology,Solar,2026-05-29,Solar,0,0,0,93.46,10.26,98.75,29.85,51.86,59.04,MODERATE GROWTH,50,50
TBZ,11043250176.0,SMALL CAP,165.49000549316406,7.6615744,1.5850925,0.27058,105.734,0.12753999,0.06302,0.571,6.141,Misc,Consumer Cyclical,Luxury Goods,2026-05-29,Luxury Goods,0,1,0,90.38,97.53,94.91,65.65,93.955,91.32,ELITE GROWTH,50,50
INA,27959595008.0,SMALL CAP,126.83000183105469,13.937363,4.0681934,0.28151,109.826,0.13949999,0.092539996,1.045,0.431,Misc,Technology,Solar,2026-05-29,Solar,0,1,0,95.38,79.08,95.53,69.17,87.22999999999999,87.08,ELITE GROWTH,50,50
EMCURE,329400713216.0,MID CAP,1736.800048828125,35.5683,6.6512465,0.19573,30.567,0.15354,0.100439996,0.167,0.288,Misc,Healthcare,Drug Manufacturers - Specialty & Generic,2026-05-29,Drug Manufacturers - Specialty & Generic,0,1,1,65.65,74.17,89.46,72.93,69.91,74.12,HIGH GROWTH,40,50
LGBBROSLTD,49516703744.0,SMALL CAP,1552.4000244140625,15.522448,2.2982242,0.15689,10.719,0.10306,0.103640005,0.218,-0.17,Automobiles,Consumer Cyclical,Auto Parts,2026-05-29,Auto Components,0,0,0,72.52,16.57,83.24,58.28,44.545,53.66,SLOW GROWTH,40,50
TECHNOE,125545390080.0,MID CAP,1079.5,27.959078,3.2254498,0.11364,1.744,0.24018998,0.13932,0.421,-0.149,Industrials,Industrials,Engineering & Construction,2026-05-29,Engineering & EPC,0,0,0,86.49,17.37,27.14,84.57,51.93,50.24,SLOW GROWTH,40,50
VINCOFE,21579368448.0,SMALL CAP,148.1199951171875,29.862902,4.0835905,0.16555001,21.719,0.16895,0.12872,0.572,0.161,Misc,Consumer Defensive,Beverages - Non-Alcoholic,2026-05-29,Beverages - Non-Alcoholic,0,1,0,90.5,32.28,84.96,75.56,61.39,67.52,MODERATE GROWTH,40,50
IOC,2020043259904.0,MEGA CAP,143.0500030517578,4.6794243,0.89730406,0.20969999,58.446,0.09243,0.05367,0.067,0.781,Misc,Energy,Oil & Gas Refining & Marketing,2026-05-29,Oil & Gas Refining & Marketing,0,0,0,33.16,86.02,91.27,42.66,59.589999999999996,64.23,MODERATE GROWTH,43,50
RAILTEL,102427492352.0,MID CAP,319.1499938964844,32.269966,4.525602,0.16254,2.817,0.10985,0.08096,0.276,0.253,Telecom,Communication Services,Telecom Services,2026-05-29,Telecom Services,0,1,0,78.65,72.13,84.45,60.91,75.39,75.75,HIGH GROWTH,28,50
CEMPRO,179346243584.0,MID CAP,1044.3499755859375,30.043165,7.4724617,0.28208,37.711,0.1073,0.05941,0.199,1.134,Industrials,Industrials,Engineering & Construction,2026-05-29,Engineering & EPC,0,1,0,70.23,89.23,95.57,59.89,79.73,80.91,HIGH GROWTH,43,50
UNIPARTS,28001056768.0,SMALL CAP,620.8499755859375,21.557291,3.053726,0.18014,17.771,0.20479,0.13326,0.343,1.235,Misc,Industrials,Farm & Heavy Construction Machinery,2026-05-29,Farm & Heavy Construction Machinery,0,1,1,82.96,89.84,87.43,81.32,86.4,86.1,ELITE GROWTH,48,50
TANLA,69966086144.0,SMALL CAP,529.3499755859375,13.850078,2.8089678,0.21409,2.118,0.13497,0.11525,0.15,0.164,Technology,Technology,Software - Application,2026-05-29,SaaS,0,1,0,63.16,32.31,91.81,67.69,47.735,58.55,MODERATE GROWTH,48,50
KOVAI,58913136640.0,SMALL CAP,5384.0,24.118622,4.4653006,0.20326,30.528,0.19803,0.15416999,0.159,0.091,Misc,Healthcare,Medical Care Facilities,2026-05-29,Medical Care Facilities,0,0,0,64.32,28.26,90.68,80.18,46.29,58.56,MODERATE GROWTH,48,50
MODIS,6617907200.0,MICRO CAP,337.79998779296875,22.701612,4.2223415,0.22252001,4.026,0.14498,0.15413,1.582,1.922,Misc,Real Estate,Real Estate - Development,2026-05-29,Real Estate - Development,0,1,0,97.26,93.58,92.79,70.86,95.42,92.44,ELITE GROWTH,41,50
PCJEWELLER,97396662272.0,SMALL CAP,10.029999732971191,12.084337,0.9678664,0.09946,14.271,0.18831,0.20128,0.354,0.638,Misc,Consumer Cyclical,Luxury Goods,2026-05-29,Luxury Goods,0,1,0,83.47,83.65,23.46,78.85,83.56,71.07,HIGH GROWTH,42,50
TSFINV,90042269696.0,SMALL CAP,408.0,17.369093,1.5024691,0.090629995,3.85,0.17818001,0.52978003,4.991,0.506,Financials,Financial Services,Asset Management,2026-05-29,Asset Management Companies,0,1,0,98.98,81.26,20.92,77.16,90.12,74.98,HIGH GROWTH,42,50
MUKANDLTD,20304517120.0,SMALL CAP,140.52000427246094,3.373465592,1.333713,0.44688016848000045,111.455,-0.027980002,0.12355,0.147,14.661280000000012,Misc,Basic Materials,Steel,2026-05-29,Steel,0,1,0,62.71,99.51,99.51,10.07,81.11,77.69,HIGH GROWTH,50,50
SKYGOLD,82687172608.0,SMALL CAP,533.9000244140625,29.57895,7.877652,0.29828,72.072,0.07934,0.04349,0.822,1.119,Misc,Consumer Cyclical,Luxury Goods,2026-05-29,Luxury Goods,0,1,0,94.03,89.07,96.36,37.99,91.55,87.16,ELITE GROWTH,43,50
PARADEEP,131463544832.0,MID CAP,126.62999725341797,13.204379,2.0381129,0.18359,101.822,0.06734,0.04567,0.346,-0.235,Chemicals,Basic Materials,Agricultural Inputs,2026-05-29,Agrochemicals,0,0,0,83.04,13.83,87.96,33.37,48.435,54.83,SLOW GROWTH,43,50
TINNARUBR,14104536064.0,SMALL CAP,782.9000244140625,26.36027,4.93271,0.22084999,42.978,0.15983,0.096820004,0.216,0.364,Chemicals,Basic Materials,Specialty Chemicals,2026-05-29,Specialty Chemicals,0,1,1,72.21,76.97,92.6,73.95,74.59,78.13,HIGH GROWTH,43,50
PNGJL,73791406080.0,SMALL CAP,543.75,17.999008,4.341421,0.23306999,88.504,0.03339,0.03816,1.232,0.455,Misc,Consumer Cyclical,Luxury Goods,2026-05-29,Luxury Goods,0,1,0,96.24,79.75,93.26,21.27,87.995,82.38,HIGH GROWTH,43,50
HINDPETRO,855171858432.0,LARGE CAP,401.8999938964844,4.738828,1.3046964,0.30929002,85.369,0.08081,0.041050002,0.049,0.775,Misc,Energy,Oil & Gas Refining & Marketing,2026-05-29,Oil & Gas Refining & Marketing,0,0,0,29.75,85.92,96.71,38.62,57.835,63.69,MODERATE GROWTH,50,50
TFCILTD,33885306880.0,SMALL CAP,73.19000244140625,27.411985,2.5829334,0.09754,81.939,0.82244,0.672,0.204,0.059,Financials,Financial Services,Credit Services,2026-05-29,NBFC – Lending,0,0,0,71.15,26.3,22.72,98.32,48.725,48.48,SLOW GROWTH,43,50
GMRAIRPORT,1095388168192.0,LARGE CAP,103.73999786376953,26.656543,-35.18996,0.11565,29.454,0.26193002,0.011849999,0.375,0.1685,Misc,Industrials,Airports & Air Services,2026-05-29,Airports & Air Services,0,1,0,84.59,50.02,50.02,86.29,67.305,65.75,MODERATE GROWTH,43,50
HYUNDAI,1552522280960.0,LARGE CAP,1910.699951171875,28.61186,7.7583685,0.29916,5.484,0.07308,0.07676,0.048,-0.222,Automobiles,Consumer Cyclical,Auto Manufacturers,2026-05-29,Passenger Vehicles,0,0,0,29.51,14.34,96.4,35.53,21.925,38.18,WEAK GROWTH,43,50
CHAMBLFERT,190510170112.0,MID CAP,475.5,9.749846,1.8280939,0.20451,10.274,0.05923,0.09394,0.137,0.302,Chemicals,Basic Materials,Agricultural Inputs,2026-05-29,Agrochemicals,0,1,0,61.03,74.99,90.83,30.28,68.00999999999999,68.8,MODERATE GROWTH,43,50
BUILDPRO,28524482560.0,SMALL CAP,1176.300048828125,22.27419,5.208209,0.25518999,11.14,0.03367,0.01871,0.279,0.422,Misc,Consumer Cyclical,Home Improvement Retail,2026-05-29,Home Improvement Retail,0,1,0,78.85,78.69,94.4,21.35,78.77,76.15,HIGH GROWTH,43,50
LT,5645329760256.0,MEGA CAP,4103.7001953125,35.083355,5.165331,0.16951999,97.64,0.10707,0.05515,0.117,-0.345,Industrials,Industrials,Engineering & Construction,2026-05-29,Engineering & EPC,0,0,0,41.79,11.28,85.68,59.73,26.535,41.68,SLOW GROWTH,20,50
ENDURANCE,383306268672.0,MID CAP,2725.0,40.28681,6.1241593,0.15156999,19.393,0.087110005,0.0652,0.379,0.127,Automobiles,Consumer Cyclical,Auto Parts,2026-05-29,Auto Components,0,1,0,84.76,30.24,82.18,40.78,57.5,60.76,MODERATE GROWTH,20,50
CHOLAHLDNG,300068372480.0,MID CAP,1598.0,12.295145,1.9418442,0.18035,614.0908400000002,0.37148,0.11547,0.152,0.12,Financials,Financial Services,Credit Services,2026-05-29,NBFC – Lending,0,1,0,63.38,29.79,87.47,92.13,46.585,59.32,MODERATE GROWTH,63,50
SUPRIYA,77963689984.0,SMALL CAP,968.7000122070312,37.27203,7.2017484,0.11565,0.484,0.31613,0.25191998,0.112,0.06,Healthcare,Healthcare,Biotechnology,2026-05-29,Biotechnology,0,0,0,40.91,26.38,50.02,89.58,33.644999999999996,42.51,SLOW GROWTH,63,50
AETHER,147625377792.0,MID CAP,1112.4000244140625,67.29582,6.009757,0.09375,18.646,0.21061,0.18917,0.261,0.078,Chemicals,Basic Materials,Specialty Chemicals,2026-05-29,Specialty Chemicals,0,0,0,77.12,27.5,21.62,81.94,52.31,49.14,SLOW GROWTH,22,50
VMM,568308858880.0,LARGE CAP,121.54000091552734,67.899445,8.132486,0.12149999,26.817,0.079380006,0.065019995,0.222,0.44,Misc,Consumer Cyclical,Department Stores,2026-05-29,Department Stores,0,1,0,72.99,79.49,74.42,38.03,76.24,72.05,HIGH GROWTH,20,50
LLOYDSENT,111606210560.0,MID CAP,73.11000061035156,23.737013,2.3206577,0.09865,14.694,0.05312,0.16139,0.471,4.825,Misc,Basic Materials,Steel,2026-05-29,Steel,0,1,0,88.11,97.06,23.23,28.4,92.58500000000001,72.3,HIGH GROWTH,23,50
GRAPHITE,148661305344.0,MID CAP,760.2999877929688,45.07702,2.5466473,0.11565,4.572,0.02804,0.121800005,0.228,0.1685,Misc,Industrials,Electrical Equipment & Parts,2026-05-29,Electrical Equipment & Parts,0,1,0,73.85,50.02,50.02,19.23,61.935,55.28,MODERATE GROWTH,25,50
BIRLAMONEY,7911852544.0,MICRO CAP,140.00999450683594,13.527535,2.6390092,0.21804,614.0908400000002,0.27535,0.17396,0.429,1.006,Misc,Financial Services,Capital Markets,2026-05-29,Capital Markets,0,1,1,86.88,88.21,92.21,87.27,87.54499999999999,88.45,ELITE GROWTH,63,50
ADANIENT,4040035401728.0,MEGA CAP,2946.0,39.968803,4.70006,0.13664,119.56,0.05017,0.09295999,0.203,0.1685,Metals,Energy,Thermal Coal,2026-05-29,Coal,0,1,0,70.84,50.02,78.42,27.22,60.43000000000001,60.71,MODERATE GROWTH,20,50
JBCHEPHARM,347625652224.0,MID CAP,2165.10009765625,48.632076,8.896149,0.18688999,0.086,0.16476,0.17105,-0.048,-0.319,Misc,Healthcare,Drug Manufacturers - Specialty & Generic,2026-05-29,Drug Manufacturers - Specialty & Generic,1,0,0,17.51,11.95,88.52,74.97,14.73,35.51,WEAK GROWTH,65,50
GKWLIMITED,10727767040.0,SMALL CAP,1798.0,151.4743,0.41273805,0.11565,0.08216,0.59816,0.16609,5.038001600000003,0.1685,Misc,Industrials,Specialty Business Services,2026-05-29,Specialty Business Services,0,1,0,99.51,50.02,50.02,96.59,74.765,72.0,HIGH GROWTH,65,50
JAYBARMARU,12212764672.0,SMALL CAP,112.81999969482422,8.745737,1.7550247,0.22193001,76.31,0.08628,0.05475,0.254,2.869,Automobiles,Consumer Cyclical,Auto Parts,2026-05-29,Auto Components,0,1,0,76.42,95.46,92.68,40.5,85.94,82.74,HIGH GROWTH,43,50
VIKRAMSOLR,72556617728.0,SMALL CAP,200.25,14.724264,2.277535,0.21336001,20.366,0.12211,0.097959995,0.217,0.063,Misc,Technology,Solar,2026-05-29,Solar,0,0,0,72.37,26.5,91.74,64.16,49.435,59.37,MODERATE GROWTH,43,50
KRISHANA,41891291136.0,SMALL CAP,677.5499877929688,23.243568,7.4709725,0.38145,130.807,0.10695,0.074499995,0.598,1.531,Chemicals,Basic Materials,Agricultural Inputs,2026-05-29,Agrochemicals,0,1,0,91.34,91.95,98.32,59.66,91.64500000000001,89.78,ELITE GROWTH,43,50
WIPRO,2148846272512.0,MEGA CAP,204.83999633789062,16.308916,2.3926551,0.15487,22.853,0.17138,0.14248,0.077,-0.016,Technology,Technology,Information Technology Services,2026-05-29,IT Services,0,0,0,34.98,22.17,82.73,76.11,28.575,44.16,SLOW GROWTH,47,50
SHAILY,128648708096.0,MID CAP,2797.0,76.17102,20.227076,0.26877,24.755,0.22105,0.17151,0.087,0.409,Chemicals,Basic Materials,Specialty Chemicals,2026-05-29,Specialty Chemicals,0,0,1,36.74,78.26,94.83,83.12,57.5,67.53,MODERATE GROWTH,47,50
AGIIL,45874040832.0,SMALL CAP,367.0,47.23295,9.894584,0.24336,38.289,0.16206,0.26908,0.028,0.654,Misc,Real Estate,Real Estate - Development,2026-05-29,Real Estate - Development,0,0,1,26.54,83.98,93.73,74.38,55.260000000000005,64.87,MODERATE GROWTH,45,50
GUJTHEM,45264289792.0,SMALL CAP,414.6499938964844,96.88084,17.074326,0.17413999,56.23,0.34638,0.28151,0.172,-0.091,Misc,Healthcare,Drug Manufacturers - Specialty & Generic,2026-05-29,Drug Manufacturers - Specialty & Generic,0,0,0,66.16,19.19,86.6,91.23,42.675,56.32,MODERATE GROWTH,45,50
IDFCFIRSTB,619641044992.0,LARGE CAP,71.95999908447266,38.276596,1.3208275,0.11565,29.454,0.33398,0.32775003,-0.011,-0.232,Financials,Financial Services,Banks - Regional,2026-05-29,Private Sector Banks,0,0,0,21.43,13.94,50.02,90.64,17.685,31.45,WEAK GROWTH,45,50
SBICARD,591805808640.0,LARGE CAP,621.9000244140625,27.324253,3.7650294,0.14686,280.206,0.26117,0.1826,0.186,0.139,Financials,Financial Services,Credit Services,2026-05-29,NBFC – Lending,0,1,0,68.12,30.98,81.04,86.21,49.550000000000004,59.51,MODERATE GROWTH,48,50
INDOTECH,26528759808.0,SMALL CAP,2498.0,29.50626,19.958452,0.28350002,1.391,0.13001001,0.11862001,0.158,0.141,Misc,Industrials,Electrical Equipment & Parts,2026-05-29,Electrical Equipment & Parts,0,1,0,64.06,31.12,95.65,66.27,47.59,59.07,MODERATE GROWTH,48,50
ETERNAL,2353912086528.0,MEGA CAP,256.0299987792969,538.1866320000008,7.568359,0.01194,14.826,0.00104,0.0067299996,1.965,3.75,Misc,Consumer Cyclical,Internet Retail,2026-05-29,Internet Retail,0,1,0,97.92,96.44,7.44,13.51,97.18,70.86,HIGH GROWTH,10,50
LENSKART,914194038784.0,LARGE CAP,528.7000122070312,181.06165,13.941775,0.066539995,34.983,0.09974,0.055999998,0.456,-0.108,Misc,Healthcare,Medical Instruments & Supplies,2026-05-29,Medical Instruments & Supplies,0,0,0,87.62,18.51,16.14,57.46,53.065000000000005,46.12,SLOW GROWTH,10,50
CRAMC,49714765824.0,SMALL CAP,249.3000030517578,24.369503,6.6789904,0.30286,2.358,0.56520003,0.44826,0.029,-0.01,Financials,Financial Services,Asset Management,2026-05-29,Asset Management Companies,0,0,0,26.69,22.54,96.55,96.04,24.615000000000002,46.14,SLOW GROWTH,68,50
TBOTEK,131664650240.0,MID CAP,1233.0,54.413063,9.50802,0.11565,51.855,0.10301,0.10528,0.858,0.075,Misc,Consumer Cyclical,Travel Services,2026-05-29,Travel Services,0,0,0,94.28,27.32,50.02,58.25,60.8,58.39,MODERATE GROWTH,25,50
AAVAS,107680735232.0,MID CAP,1358.0999755859375,16.533966,2.1293776,0.13916,310.553,0.53083,0.42080003,0.192,0.183,Misc,Financial Services,Mortgage Finance,2026-05-29,Mortgage Finance,0,1,0,69.19,68.21,79.01,95.57,68.69999999999999,73.45,HIGH GROWTH,60,50
IRFC,1290645667840.0,LARGE CAP,98.77999877929688,18.425373,2.2722776,0.12812,614.0908400000002,0.9200270213920001,0.9287488156000011,0.005,0.0,Financials,Financial Services,Credit Services,2026-05-29,NBFC – Lending,0,0,0,23.25,23.15,76.15,99.51,23.2,41.42,SLOW GROWTH,60,50
ASHOKA,34843369472.0,SMALL CAP,124.12000274658203,3.373465592,0.82775366,0.44688016848000045,24.459,0.11387999,0.33102,-0.275,-0.669,Industrials,Industrials,Engineering & Construction,2026-05-29,Engineering & EPC,0,0,0,6.5,4.74,99.51,62.12,5.62,30.05,WEAK GROWTH,60,50
ALIVUS,133749170176.0,MID CAP,1089.699951171875,23.7304,4.020766,0.18359,1.704,0.282,0.22121,0.061,0.145,Misc,Healthcare,Drug Manufacturers - Specialty & Generic,2026-05-29,Drug Manufacturers - Specialty & Generic,0,0,1,32.06,31.34,87.96,87.66,31.700000000000003,48.55,SLOW GROWTH,61,50
ITDC,46894419968.0,SMALL CAP,546.75,56.540848,11.092964,0.21701999,0.155,0.20183,0.15517001,-0.222,0.119,Misc,Consumer Cyclical,Lodging,2026-05-29,Lodging,1,0,0,8.15,29.73,92.13,80.69,18.94,39.75,WEAK GROWTH,65,50
HONASA,134912892928.0,MID CAP,414.5,67.61827,10.573441,0.15449001,9.586,0.10106,0.08359,0.232,1.755,Consumer,Consumer Defensive,Household & Personal Products,2026-05-29,FMCG – Personal Care,0,1,0,74.27,93.03,82.61,57.89,83.65,80.87,HIGH GROWTH,20,50
TIINDIA,624064200704.0,LARGE CAP,3224.10009765625,98.4458,8.294486,0.11565,27.724,0.07277,0.028169999,0.207,-0.142,Misc,Industrials,Conglomerates,2026-05-29,Conglomerates,0,0,0,71.45,17.55,50.02,35.41,44.5,44.69,SLOW GROWTH,20,50
IMFA,77267673088.0,SMALL CAP,1432.0999755859375,18.21315,3.077601,0.1671,35.121,0.1915,0.14671999,0.356,1.182,Misc,Basic Materials,Other Industrial Metals & Mining,2026-05-29,Other Industrial Metals & Mining,0,1,0,83.55,89.46,85.15,79.24,86.505,85.51,ELITE GROWTH,47,50
NYKAA,748950454272.0,LARGE CAP,261.54998779296875,368.38028,52.806377,0.14338,82.405,0.05238,0.0199,0.284,2.902,Misc,Consumer Cyclical,Internet Retail,2026-05-29,Internet Retail,0,1,0,79.32,95.53,80.22,27.99,87.425,80.04,HIGH GROWTH,20,50
JUBLFOOD,286090756096.0,MID CAP,435.0,76.58451,12.631395,0.16893,2.655,0.080299996,0.04504,0.203,0.1685,Hospitality,Consumer Cyclical,Restaurants,2026-05-29,Restaurants,0,1,0,70.84,50.02,85.43,38.43,60.43000000000001,63.23,MODERATE GROWTH,20,50
BORANA,8713012224.0,MICRO CAP,327.0,13.434675,3.0982046,0.35007998,25.149,0.19908,0.16627,0.28,0.186,Misc,Consumer Cyclical,Textile Manufacturing,2026-05-29,Textile Manufacturing,0,1,1,78.91,68.43,97.73,80.3,73.67,79.15,HIGH GROWTH,62,50
MPHASIS,435463618560.0,MID CAP,2282.10009765625,24.218403,4.2775207,0.18285999,24.383,0.15379,0.11729,0.144,0.14,Technology,Technology,Information Technology Services,2026-05-29,IT Services,0,1,1,62.22,31.06,87.78,73.01,46.64,57.5,MODERATE GROWTH,48,50
ASKAUTOLTD,89069019136.0,SMALL CAP,451.79998779296875,29.96021,6.7913294,0.25258,51.789,0.08927,0.07119,0.35,0.243,Automobiles,Consumer Cyclical,Auto Parts,2026-05-29,Auto Components,0,1,0,83.29,71.76,94.24,41.6,77.525,77.28,HIGH GROWTH,43,50
WAAREEINDO,16059025408.0,SMALL CAP,386.0,6.5136685,7.8881764,0.44688016848000045,1.07,0.66416,0.36273,-0.57,0.048,Misc,Technology,Solar,2026-05-29,Solar,0,0,0,2.49,25.89,99.51,97.1,14.190000000000001,39.54,WEAK GROWTH,75,50
SWIGGY,677574213632.0,LARGE CAP,260.0,26.656543,6.1623054,-0.29117,13.929,-0.15808,-0.18019,0.447,0.1685,Misc,Consumer Cyclical,Internet Retail,2026-05-29,Internet Retail,0,1,0,87.33,50.02,1.1,6.54,68.675,48.95,SLOW GROWTH,8,50
NAHARCAP,4402567168.0,MICRO CAP,262.8999938964844,6.6540117,0.26711398,0.11565,0.362,0.78769994,0.9287488156000011,2.005,1.018,Misc,Financial Services,Capital Markets,2026-05-29,Capital Markets,0,1,0,98.06,88.29,50.02,98.04,93.17500000000001,85.03,ELITE GROWTH,78,50
POLICYBZR,797993140224.0,LARGE CAP,1722.800048828125,119.14246,10.888981,0.097440004,4.922,0.088970006,0.09861,0.367,0.528,Misc,Financial Services,Insurance Brokers,2026-05-29,Insurance Brokers,0,1,0,84.1,81.71,22.64,41.48,82.905,66.71,MODERATE GROWTH,10,50
ANANTRAJ,188431548416.0,MID CAP,523.5999755859375,33.11828,3.1723144,0.11132,11.696,0.23276,0.22091,0.196,0.205,Misc,Real Estate,Real Estate - Development,2026-05-29,Real Estate - Development,0,1,0,69.74,69.47,26.52,84.06,69.60499999999999,62.43,MODERATE GROWTH,45,50
NIRLON,54521413632.0,SMALL CAP,605.0,15.751106,11.750539,0.44688016848000045,244.748,0.69122005,0.50632,0.082,0.319,Misc,Real Estate,Real Estate Services,2026-05-29,Real Estate Services,0,0,1,35.96,75.73,99.51,97.41,55.845,68.73,MODERATE GROWTH,75,50
MEESHO,845056245760.0,LARGE CAP,184.0,26.656543,19.382704,-0.294667488,1.428,-0.07745,-0.107530005,0.471,0.1685,Misc,Consumer Cyclical,Internet Retail,2026-05-29,Internet Retail,0,1,0,88.11,50.02,0.53,8.15,69.065,49.27,SLOW GROWTH,8,50
FDC,67728994304.0,SMALL CAP,416.0,31.231232,2.7738142,0.118090004,0.622,0.22357,0.12319,0.29,1.668,Misc,Healthcare,Drug Manufacturers - Specialty & Generic,2026-05-29,Drug Manufacturers - Specialty & Generic,0,1,0,79.79,92.56,73.25,83.39,86.17500000000001,83.31,HIGH GROWTH,50,45
EIHAHOTELS,19045638144.0,SMALL CAP,312.54998779296875,21.841368,3.6726084,0.15308,0.712,0.35584,0.22718,-0.091,-0.185,Misc,Consumer Cyclical,Lodging,2026-05-29,Lodging,1,0,0,14.41,15.79,82.41,91.66,15.1,36.22,WEAK GROWTH,63,45
FCL,46847868928.0,SMALL CAP,40.22999954223633,36.908257,3.7920632,0.14895001,0.872,0.12524,0.14083,1.619,1.159,Chemicals,Basic Materials,Specialty Chemicals,2026-05-29,Specialty Chemicals,0,1,0,97.36,89.27,81.51,65.06,93.315,88.13,ELITE GROWTH,35,45
PRIMESECU,9634472960.0,MICRO CAP,284.20001220703125,34.914005,4.087797,0.11565,0.723,0.08542,0.23128,0.416,-0.72,Misc,Financial Services,Capital Markets,2026-05-29,Capital Markets,0,0,0,86.29,3.8,50.02,40.21,45.045,45.56,SLOW GROWTH,48,45
KEYFINSERV,1520805248.0,MICRO CAP,273.20001220703125,18.021109,1.0192318,0.11565,0.964,0.6646,0.3032,0.831,-0.203,Misc,Financial Services,Capital Markets,2026-05-29,Capital Markets,0,0,0,94.16,15.0,50.02,97.14,54.58,57.92,MODERATE GROWTH,70,45
TIMKEN,273269669888.0,MID CAP,3633.0,65.71997,9.876415,0.14407,0.5,0.19469,0.11929,0.16,-0.153,Misc,Industrials,Tools & Accessories,2026-05-29,Tools & Accessories,0,0,0,64.49,17.2,80.34,79.65,40.845,52.62,SLOW GROWTH,50,45
VIMTALABS,21227089920.0,SMALL CAP,474.0,27.526133,5.084364,0.1855,0.729,0.24365,0.19031,0.14,0.182,Healthcare,Healthcare,Diagnostics & Research,2026-05-29,Diagnostics,1,1,1,61.56,68.12,88.21,84.88,64.84,71.52,HIGH GROWTH,58,45
ARROWGREEN,7830639616.0,MICRO CAP,519.0,15.246768,3.7034395,0.22236,0.957,0.19938,0.23615,-0.271,-0.353,Misc,Consumer Cyclical,Packaging & Containers,2026-05-29,Packaging & Containers,1,0,0,6.72,11.12,92.71,80.42,8.92,32.83,WEAK GROWTH,70,45
SUNTV,201101377536.0,MID CAP,510.29998779296875,13.954061,1.6271076,0.1185,0.837,0.33172,0.3321,-0.096,-0.374,Media,Communication Services,Broadcasting,2026-05-29,Broadcasting,0,0,0,14.14,10.46,73.48,90.48,12.3,32.35,WEAK GROWTH,70,45
ESABINDIA,101486182400.0,MID CAP,6593.0,48.166275,24.353844,0.11565,0.876,0.18845,0.14227,0.122,0.065,Misc,Industrials,Tools & Accessories,2026-05-29,Tools & Accessories,0,0,0,58.32,26.71,50.02,78.93,42.515,47.66,SLOW GROWTH,42,45
MAPMYINDIA,45618696192.0,SMALL CAP,833.0499877929688,34.09947,5.036243,0.15796,0.778,0.39196,0.28298,0.01,0.045,Technology,Technology,Software - Infrastructure,2026-05-29,Software Products,1,0,0,23.74,25.71,83.55,92.79,24.725,43.3,SLOW GROWTH,63,45
ZENTEC,150775595008.0,MID CAP,1675.5,77.86809,8.38917,0.11828,0.95,0.25354,0.28131,-0.452,-0.688,Misc,Industrials,Aerospace & Defense,2026-05-29,Aerospace & Defense,0,0,0,3.82,4.5,73.33,85.7,4.16,26.15,WEAK GROWTH,55,45
NSIL,28919164928.0,SMALL CAP,5630.5,126.927414,0.15645996,0.11565,0.08216,0.9200270213920001,0.27194,-0.118,-0.08,Financials,Financial Services,Asset Management,2026-05-29,Asset Management Companies,0,0,0,12.5,19.58,50.02,99.51,16.04,31.18,WEAK GROWTH,70,40
KIMS,309787590656.0,MID CAP,774.2000122070312,128.17882,13.811928,0.09724,166.226,0.11307,0.06182,0.348,-0.583,Misc,Healthcare,Medical Care Facilities,2026-05-29,Medical Care Facilities,0,0,0,83.22,6.21,22.56,62.01,44.714999999999996,42.01,SLOW GROWTH,10,40
RELTD,23671314432.0,SMALL CAP,132.52000427246094,29.125275,5.5840216,0.20363002,366.24,-0.06382,0.1488,-0.34,0.1685,Misc,Technology,Solar,2026-05-29,Solar,0,0,0,5.25,50.02,90.72,8.77,27.635,38.37,WEAK GROWTH,36,40
DIGJAMLMTD,907200000.0,MICRO CAP,45.36000061035156,56.7,19.678959,0.44688016848000045,614.0908400000002,0.13828,-0.02999,0.327,0.1685,Misc,Consumer Cyclical,Textile Manufacturing,2026-05-29,Textile Manufacturing,0,1,0,82.1,50.02,99.51,68.9,66.06,73.03,HIGH GROWTH,30,40
SHADOWFAX,115161145344.0,MID CAP,196.94000244140625,90.33945,6.9029093,0.092889994,14.161,0.037019998,0.02658,0.736,0.1685,Misc,Industrials,Integrated Freight & Logistics,2026-05-29,Integrated Freight & Logistics,0,1,0,93.34,50.02,21.39,22.44,71.68,56.7,MODERATE GROWTH,10,40
BHAGYANGR,9380934656.0,MICRO CAP,293.20001220703125,25.85538,3.6397042,0.21582001,100.527,0.04659,0.0211,0.618,3.047,Metals,Basic Materials,Copper,2026-05-29,Copper,0,1,0,91.72,95.65,91.97,25.77,93.685,86.55,ELITE GROWTH,36,40
BHARATSE,11722875904.0,SMALL CAP,186.6699981689453,27.736998,5.658381,0.1991,47.94,0.03551,0.02165,0.462,0.166,Automobiles,Consumer Cyclical,Auto Parts,2026-05-29,Auto Components,0,1,0,87.92,32.41,89.97,21.92,60.165,62.3,MODERATE GROWTH,36,40
WABAG,97000562688.0,SMALL CAP,1556.5999755859375,22.45852,4.1680613,0.15674,8.874,0.11022,0.09394,0.223,0.206,Industrials,Industrials,Engineering & Construction,2026-05-29,Engineering & EPC,0,1,0,73.17,69.55,83.2,61.07,71.36,72.7,HIGH GROWTH,28,40
FSL,182019801088.0,MID CAP,263.6600036621094,27.55068,4.1555943,0.159,66.635,0.12167,0.07057,0.195,0.279,Technology,Technology,Information Technology Services,2026-05-29,IT Services,0,1,0,69.53,73.72,83.71,64.04,71.625,73.28,HIGH GROWTH,28,40
REPCOHOME,23970383872.0,SMALL CAP,383.1499938964844,5.042774,0.66381955,0.11565,318.337,0.66573,0.55464,0.133,0.02,Misc,Financial Services,Mortgage Finance,2026-05-29,Mortgage Finance,0,0,0,60.28,24.21,50.02,97.22,42.245000000000005,49.3,SLOW GROWTH,60,40
NAGREEKCAP,354111456.0,MICRO CAP,28.06999969482422,3.373465592,1.2850211,0.11565,329.865,0.25649,0.26088,4.638,0.255,Financials,Financial Services,Asset Management,2026-05-29,Asset Management Companies,0,1,0,98.92,72.27,50.02,85.78,85.595,78.5,HIGH GROWTH,60,40
EIHOTEL,196395614208.0,MID CAP,314.04998779296875,31.248755,4.1717587,0.11565,5.176,0.38906,0.21992001,0.091,-0.08,Misc,Consumer Cyclical,Lodging,2026-05-29,Lodging,0,0,0,37.54,19.58,50.02,92.68,28.56,39.26,WEAK GROWTH,53,40
ANDHRSUGAR,11947445248.0,SMALL CAP,88.1500015258789,14.310065,0.73025656,0.11565,0.427,0.048,0.03624,0.236,14.661280000000012,Misc,Basic Materials,Chemicals,2026-05-29,Chemicals,0,1,0,74.85,99.51,50.02,26.44,87.18,73.67,HIGH GROWTH,53,40
SAMBHV,30928711680.0,SMALL CAP,104.95999908447266,20.784157,2.9342206,0.18355,35.435,0.117089994,0.0589,0.384,1.623,Misc,Basic Materials,Steel,2026-05-29,Steel,0,1,0,85.1,92.4,87.9,62.98,88.75,86.0,ELITE GROWTH,36,40
DCBBANK,57776386048.0,SMALL CAP,179.39999389648438,7.8615246,0.8834957,0.11968,29.454,0.34235,0.24443,0.124,0.134,Financials,Financial Services,Banks - Regional,2026-05-29,Private Sector Banks,0,1,0,58.75,30.71,73.87,91.03,44.730000000000004,55.19,MODERATE GROWTH,60,40
AFIL,5787086336.0,MICRO CAP,9.970000267028809,10.070707,0.9955067,0.10501,118.754,0.56567,0.50541,0.466,0.642,Financials,Financial Services,Credit Services,2026-05-29,NBFC – Lending,0,1,0,88.05,83.78,24.91,96.08,85.91499999999999,74.73,HIGH GROWTH,60,40
AEROFLEX,53329301504.0,SMALL CAP,403.0,94.158875,11.68353,0.14062999,1.988,0.17672001,0.12564999,0.372,0.564,Misc,Industrials,Metal Fabrication,2026-05-29,Metal Fabrication,0,1,0,84.41,82.24,79.51,77.09,83.32499999999999,81.94,HIGH GROWTH,32,40
AHCL,7770749440.0,MICRO CAP,14.619999885559082,22.492308,2.8632982,0.11565,26.981,0.33698002,0.20385,2.801,0.1685,Misc,Healthcare,Drug Manufacturers - Specialty & Generic,2026-05-29,Drug Manufacturers - Specialty & Generic,0,1,0,98.39,50.02,50.02,90.76,74.205,71.02,HIGH GROWTH,53,40
SUYOG,9141111808.0,MICRO CAP,780.1500244140625,34.874832,2.0061717,0.14172,75.812,0.51078,0.27708,0.234,0.1685,Telecom,Communication Services,Telecom Services,2026-05-29,Telecom Services,0,1,0,74.54,50.02,79.79,95.22,62.28,69.08,MODERATE GROWTH,53,40
ICRA,51784404992.0,SMALL CAP,5366.5,28.52852,4.749556,0.16277,29.454,0.34390998,0.30277002,0.041,0.323,Misc,Financial Services,Financial Data & Stock Exchanges,2026-05-29,Financial Data & Stock Exchanges,0,0,0,28.44,75.89,84.49,91.15,52.165,62.53,MODERATE GROWTH,53,40
MANCREDIT,4243700224.0,MICRO CAP,200.99000549316406,33.498333,2.5735614,0.11565,174.678,0.75095004,0.20066999,0.446,0.038,Financials,Financial Services,Credit Services,2026-05-29,NBFC – Lending,0,0,0,87.25,25.23,50.02,97.69,56.24,59.14,MODERATE GROWTH,53,40
STEL,8248643072.0,MICRO CAP,446.95001220703125,27.847355,0.44462195,0.11565,29.454,0.9200270213920001,0.41662997,5.038001600000003,14.661280000000012,Financials,Financial Services,Asset Management,2026-05-29,Asset Management Companies,0,1,0,99.51,99.51,50.02,99.51,99.51,89.61,ELITE GROWTH,53,40
NAVNETEDUL,31741880320.0,SMALL CAP,143.49000549316406,8.968125,1.654197,0.18575001,5.145,0.06977,0.20452999,-0.009,-0.192,Misc,Communication Services,Publishing,2026-05-29,Publishing,0,0,0,21.76,15.47,88.33,34.12,18.615000000000002,34.11,WEAK GROWTH,53,40
UMESLTD,147821952.0,MICRO CAP,5.53000020980835,42.538464,1.1413829,0.04626,9.177,0.67335,0.43153998,1.882,0.4,Misc,Consumer Defensive,Education & Training Services,2026-05-29,Education & Training Services,0,1,0,97.77,78.18,12.73,97.26,87.975,73.85,HIGH GROWTH,35,40
KEI,513920106496.0,LARGE CAP,5375.7001953125,56.08451,7.7106786,0.14753,3.796,0.10158,0.07818,0.187,0.255,Misc,Industrials,Electrical Equipment & Parts,2026-05-29,Electrical Equipment & Parts,0,1,0,68.35,72.27,81.2,58.13,70.31,71.27,HIGH GROWTH,20,40
WAAREERTL,102905823232.0,MID CAP,986.2000122070312,21.513962,15.616291,0.11565,15.598,0.18571,-0.34030998,1.312,0.667,Energy,Utilities,Utilities - Renewable,2026-05-29,Power Generation – Renewable,0,1,0,96.57,84.25,50.02,78.22,90.41,81.11,HIGH GROWTH,30,40
SUMMITSEC,17078105088.0,SMALL CAP,1560.0999755859375,16.252735,0.1521536,0.011360001,29.454,-2.26089,0.72619003,0.119,0.1685,Misc,Financial Services,Capital Markets,2026-05-29,Capital Markets,0,1,0,49.94,50.02,7.21,1.37,49.980000000000004,36.57,WEAK GROWTH,30,40
JAYKAY,24133072896.0,SMALL CAP,185.22999572753906,80.88646,2.3120227,0.11565,29.454,0.11731,0.28791,0.126,-0.767,Misc,Industrials,Specialty Business Services,2026-05-29,Specialty Business Services,0,0,0,59.2,3.02,50.02,63.06,31.110000000000003,38.09,WEAK GROWTH,30,40
SAKAR,17496272896.0,SMALL CAP,797.0999755859375,58.097664,5.8483863,0.09996,17.045,0.28724,0.12001,0.404,0.872,Misc,Healthcare,Drug Manufacturers - Specialty & Generic,2026-05-29,Drug Manufacturers - Specialty & Generic,0,1,0,85.84,87.0,23.62,87.97,86.42,74.02,HIGH GROWTH,30,40
GKSL,10979709952.0,SMALL CAP,139.25999450683594,64.47221,30.519392,0.11565,29.454,0.23938,0.19166,0.972,0.0,Misc,Healthcare,Medical Care Facilities,2026-05-29,Medical Care Facilities,0,0,0,95.05,23.15,50.02,84.53,59.099999999999994,59.83,MODERATE GROWTH,32,40
SANSERA,180551008256.0,MID CAP,2896.60009765625,55.951324,6.2477355,0.111269996,19.023,0.13758999,0.092650004,0.278,1.038,Automobiles,Consumer Cyclical,Auto Parts,2026-05-29,Auto Components,0,1,0,78.81,88.44,26.48,68.51,83.625,70.68,HIGH GROWTH,20,40
GAYAHWS,548802880.0,MICRO CAP,2.2899999618530273,45.8,-0.08400587,0.11565,29.454,0.05678,0.9287488156000011,5.038001600000003,-0.9306128,Misc,Industrials,Infrastructure Operations,2026-05-29,Infrastructure Operations,0,0,0,99.51,0.53,50.02,29.49,50.02,47.97,SLOW GROWTH,30,40
PFOCUS,184336547840.0,MID CAP,237.5500030517578,26.656543,4.5865273,0.11565,246.44,0.1883,-0.022149999,0.313,0.1685,Misc,Communication Services,Entertainment,2026-05-29,Entertainment,0,1,0,81.53,50.02,50.02,78.81,65.775,63.93,MODERATE GROWTH,30,40
MODIRUBBER,3270543872.0,MICRO CAP,130.61000061035156,19.436012,0.47334644,0.02411,2.81,-0.6717,0.52049,0.201,-0.281,Misc,Real Estate,Real Estate Services,2026-05-29,Real Estate Services,0,0,0,70.51,12.75,9.32,2.59,41.63,31.26,WEAK GROWTH,30,40
HFCL,281874563072.0,MID CAP,184.1999969482422,497.83783,5.5560584,0.07266,38.321,0.14757,0.062989995,1.278,0.1685,Misc,Technology,Communication Equipment,2026-05-29,Communication Equipment,0,1,0,96.4,50.02,17.39,71.48,73.21000000000001,61.87,MODERATE GROWTH,10,40
UPL,554506387456.0,LARGE CAP,656.0,29.403856,1.5958974,0.05614,57.128,0.14899999,0.03708,0.177,0.332,Chemicals,Basic Materials,Agricultural Inputs,2026-05-29,Agrochemicals,0,1,0,66.92,76.24,14.57,71.95,71.58,60.22,MODERATE GROWTH,18,40
DMART,2688219086848.0,MEGA CAP,4122.0,90.03932,10.964282,0.12944001,9.913,0.05242,0.04316,0.189,0.196,Misc,Consumer Defensive,Discount Stores,2026-05-29,Discount Stores,0,1,0,68.7,69.08,76.46,28.05,68.89,66.32,MODERATE GROWTH,20,40
NORTHARC,45867028480.0,SMALL CAP,283.8999938964844,11.438356,1.2061552,0.109960005,314.235,0.43493,0.29346,0.119,2.377,Financials,Financial Services,Credit Services,2026-05-29,NBFC – Lending,0,1,0,49.94,94.48,26.2,94.05,72.21000000000001,65.19,MODERATE GROWTH,60,40
AIIL,414167269376.0,MID CAP,487.70001220703125,7.913354,2.5436814,0.11565,24.59,0.58262,0.9287488156000011,-0.725,-0.9306128,Misc,Financial Services,Capital Markets,2026-05-29,Capital Markets,0,0,0,1.68,0.53,50.02,96.47,1.105,20.42,WEAK GROWTH,60,40
CENTURYPLY,168751497216.0,MID CAP,759.5499877929688,64.42324,6.473566,0.107130006,67.105,0.0857,0.04867,0.245,0.487,Misc,Basic Materials,Lumber & Wood Production,2026-05-29,Lumber & Wood Production,0,1,0,75.64,80.49,25.46,40.38,78.065,63.78,MODERATE GROWTH,20,40
SIGMA,4250772992.0,MICRO CAP,41.36000061035156,17.827587,6.819456,0.37783,2.611,0.30817,0.24972,0.047,-0.217,Technology,Technology,Information Technology Services,2026-05-29,IT Services,0,0,0,29.24,14.69,98.2,89.23,21.965,43.94,SLOW GROWTH,75,40
MEDPLUS,107476787200.0,MID CAP,895.0,49.041096,5.438944,0.118240006,72.133,0.05,0.03187,0.235,0.241,Misc,Healthcare,Pharmaceutical Retailers,2026-05-29,Pharmaceutical Retailers,0,1,0,74.68,71.58,73.29,27.09,73.13,68.56,MODERATE GROWTH,20,40
VLSFINANCE,7149314560.0,MICRO CAP,227.83999633789062,13.561905,0.2992642,0.00949,0.08216,0.9200270213920001,0.45379,0.119,0.1685,Misc,Financial Services,Capital Markets,2026-05-29,Capital Markets,0,1,0,49.94,50.02,6.62,99.51,49.980000000000004,46.26,SLOW GROWTH,75,40
BALMLAWRIE,31451025408.0,SMALL CAP,183.9199981689453,11.360098,1.5178549,0.13276,10.544,0.11497,0.1018,0.223,0.128,Misc,Industrials,Conglomerates,2026-05-29,Conglomerates,0,1,0,73.17,30.28,77.48,62.51,51.725,57.95,MODERATE GROWTH,40,40
FINEORG,142565818368.0,MID CAP,4649.89990234375,34.162807,5.7555885,0.16818,2.56,0.17879,0.17628999,0.024,0.21,Chemicals,Basic Materials,Specialty Chemicals,2026-05-29,Specialty Chemicals,0,0,0,25.99,69.86,85.27,77.28,47.925,58.33,MODERATE GROWTH,40,40
JAICORPLTD,20665712640.0,SMALL CAP,117.75,12.0030575,1.4136503,0.11565,0.08216,0.18885,0.25906,-0.017,0.429,Chemicals,Basic Materials,Specialty Chemicals,2026-05-29,Specialty Chemicals,0,0,0,20.74,78.95,50.02,79.04,49.845,52.8,SLOW GROWTH,77,40
MODINATUR,6156204544.0,MICRO CAP,462.6499938964844,15.882253,3.5250866,0.34243,93.655,0.0924,0.06992,0.281,1.479,Misc,Consumer Defensive,Packaged Foods,2026-05-29,Packaged Foods,0,1,0,79.04,91.62,97.57,42.62,85.33000000000001,83.51,HIGH GROWTH,50,40
SUNDARMFIN,465969676288.0,MID CAP,4227.89990234375,22.632086,3.0798535,0.14659001,408.126,0.60705,0.45648,0.1,0.002,Financials,Financial Services,Credit Services,2026-05-29,NBFC – Lending,0,0,0,39.21,23.44,80.96,96.75,31.325000000000003,47.79,SLOW GROWTH,53,40
BDL,436832501760.0,MID CAP,1191.699951171875,75.56753,10.357295,0.11565,0.08216,0.01179,0.15512,-0.319,-0.504,Misc,Industrials,Aerospace & Defense,2026-05-29,Aerospace & Defense,0,0,0,5.56,7.48,50.02,15.16,6.52,16.08,WEAK GROWTH,50,40
BAIDFIN,1629422976.0,MICRO CAP,10.520000457763672,7.7352943,0.6999335,0.07272,29.454,0.31529,0.26012,0.597,0.282,Financials,Financial Services,Credit Services,2026-05-29,NBFC – Lending,0,1,0,91.28,73.91,17.47,89.5,82.595,70.26,HIGH GROWTH,50,40
GOKULAGRO,68660776960.0,SMALL CAP,232.67999267578125,18.569832,4.8368187,0.30102,41.405,0.0291,0.015369999,0.135,1.45,Misc,Consumer Defensive,Packaged Foods,2026-05-29,Packaged Foods,0,1,0,60.69,91.34,96.47,19.78,76.015,74.48,HIGH GROWTH,50,40
BBOX,177501519872.0,MID CAP,999.4500122070312,79.13302,18.781359,0.21267,89.594,0.07587,0.03438,0.096,0.06,Technology,Technology,Software - Application,2026-05-29,SaaS,0,0,0,38.64,26.38,91.54,36.58,32.51,44.72,SLOW GROWTH,28,40
SAIL,844403245056.0,LARGE CAP,204.42999267578125,25.052696,1.4542621,0.11565,57.763,0.028450001,0.025510002,0.118,1.676,Misc,Basic Materials,Steel,2026-05-29,Steel,0,1,0,41.89,92.68,50.02,19.51,67.285,59.05,MODERATE GROWTH,28,40
LATENTVIEW,67819659264.0,SMALL CAP,327.75,34.24765,3.8629265,0.12173,1.863,0.24028999,0.1744,0.261,-0.011,Technology,Industrials,Consulting Services,2026-05-29,IT Consulting,0,0,0,77.12,22.42,74.46,84.61,49.77,58.19,MODERATE GROWTH,40,40
KOHINOOR,952738304.0,MICRO CAP,25.700000762939453,3.373465592,-0.567893,0.11565,29.454,-0.04938,0.9287488156000011,1.837,0.1685,Misc,Consumer Defensive,Packaged Foods,2026-05-29,Packaged Foods,0,1,0,97.65,50.02,50.02,9.2,73.83500000000001,62.61,MODERATE GROWTH,40,40
LTFOODS,140133908480.0,MID CAP,403.54998779296875,22.406996,7.8624864,0.14936,28.488,0.1086,0.05678,0.238,0.707,Misc,Consumer Defensive,Packaged Foods,2026-05-29,Packaged Foods,0,1,0,75.17,85.0,81.67,60.13,80.08500000000001,78.41,HIGH GROWTH,28,40
APARINDS,528572416000.0,LARGE CAP,13157.0,54.44201,10.891384,0.11565,14.499,0.073699996,0.04526,0.162,0.192,Misc,Industrials,Electrical Equipment & Parts,2026-05-29,Electrical Equipment & Parts,0,1,0,64.77,68.86,50.02,35.64,66.815,60.34,MODERATE GROWTH,20,40
ADVAIT,23098472448.0,SMALL CAP,2112.0,50.68395,9.967954,0.22072001,32.738,0.13407,0.07112,0.189,0.523,Misc,Industrials,Specialty Industrial Machinery,2026-05-29,Specialty Industrial Machinery,0,1,0,68.7,81.55,92.56,67.45,75.125,77.84,HIGH GROWTH,28,40
CRAFTSMAN,220079685632.0,MID CAP,9225.5,57.393925,6.7428155,0.12547,111.264,0.10799,0.04759,0.273,1.628,Automobiles,Consumer Cyclical,Auto Parts,2026-05-29,Auto Components,0,1,0,78.28,92.44,75.38,60.05,85.36,80.83,HIGH GROWTH,20,40
HATSUN,204928417792.0,MID CAP,920.0,57.571968,11.19889,0.19418,94.535,0.03471,0.03577,0.166,0.026,Misc,Consumer Defensive,Packaged Foods,2026-05-29,Packaged Foods,0,0,0,65.43,24.6,89.35,21.58,45.015,51.54,SLOW GROWTH,28,40
SOTL,30303703040.0,SMALL CAP,442.0,16.660383,1.7518133,0.10462,0.098,0.04681,0.04168,0.217,0.622,Chemicals,Basic Materials,Specialty Chemicals,2026-05-29,Specialty Chemicals,0,1,0,72.37,83.35,24.79,25.93,77.86,62.05,MODERATE GROWTH,60,40
GAUDIUMIVF,8670372864.0,MICRO CAP,119.12000274658203,35.771774,15.796314,0.11565,29.454,0.24716,0.22465,0.699,0.073,Misc,Healthcare,Medical Care Facilities,2026-05-29,Medical Care Facilities,0,0,0,93.07,27.14,50.02,85.23,60.105,60.6,MODERATE GROWTH,37,40
SURYODAY,17516562432.0,SMALL CAP,164.8000030517578,11.53254,0.8424238,0.07588,29.454,0.17959999,0.1193,0.73,0.1685,Financials,Financial Services,Banks - Regional,2026-05-29,Private Sector Banks,0,1,0,93.22,50.02,18.06,77.44,71.62,61.49,MODERATE GROWTH,37,40
GPPL,78168440832.0,SMALL CAP,161.6300048828125,16.13074,3.2624187,0.11565,2.111,0.43796003,0.44205,0.112,0.083,Misc,Industrials,Marine Shipping,2026-05-29,Marine Shipping,0,0,0,40.91,27.83,50.02,94.16,34.37,43.48,SLOW GROWTH,60,40
GODIGIT,281306791936.0,MID CAP,304.3500061035156,51.848385,5.99067,0.117089994,7.469,0.054050002,0.051960003,0.226,0.289,Misc,Financial Services,Insurance - Property & Casualty,2026-05-29,Insurance - Property & Casualty,0,1,0,73.6,74.25,72.93,28.61,73.925,69.19,MODERATE GROWTH,20,40
HAVELLS,754339020800.0,LARGE CAP,1202.5999755859375,44.739582,7.9778166,0.18969999,2.801,0.09375,0.075040005,0.025,0.396,Misc,Industrials,Electrical Equipment & Parts,2026-05-29,Electrical Equipment & Parts,0,0,0,26.11,78.07,88.8,43.18,52.089999999999996,58.54,MODERATE GROWTH,28,40
SUNTECK,42437345280.0,SMALL CAP,289.0,20.74659,1.2704302,0.052270003,17.311,0.27405,0.18185,0.645,0.262,Misc,Real Estate,Real Estate - Development,2026-05-29,Real Estate - Development,0,1,0,92.17,72.93,13.71,87.15,82.55000000000001,69.24,MODERATE GROWTH,38,40
AEQUS,125830217728.0,MID CAP,192.14999389648438,26.656543,14.433261,0.11565,108.0,-0.01844,-0.04537,0.508,0.1685,Misc,Industrials,Aerospace & Defense,2026-05-29,Aerospace & Defense,0,1,0,88.9,50.02,50.02,10.73,69.46000000000001,59.7,MODERATE GROWTH,18,40
COHANCE,165197103104.0,MID CAP,431.3999938964844,92.37687,4.3490973,0.11565,11.486,0.0889,0.056199998,0.773,-0.703,Misc,Healthcare,Drug Manufacturers - Specialty & Generic,2026-05-29,Drug Manufacturers - Specialty & Generic,0,0,0,93.69,4.11,50.02,41.42,48.9,48.38,SLOW GROWTH,20,40
EXCELSOFT,10317295616.0,SMALL CAP,89.6500015258789,21.75971,2.3370697,0.09137,1.137,0.38512,0.14901,0.427,-0.386,Technology,Technology,Software - Application,2026-05-29,SaaS,0,0,0,86.8,10.16,21.11,92.52,48.48,47.41,SLOW GROWTH,38,40
VGL,3552902400.0,MICRO CAP,68.94999694824219,7.1673594,3.4702299,0.11565,27.428,-0.22149,0.75439,1.043,0.1685,Misc,Consumer Cyclical,Textile Manufacturing,2026-05-29,Textile Manufacturing,0,1,0,95.34,50.02,50.02,5.76,72.68,61.46,MODERATE GROWTH,40,40
INNOVANA,6860152832.0,MICRO CAP,332.04998779296875,18.675476,4.076684,0.14918,20.735,0.013409999,0.28829,0.226,-0.843,Technology,Technology,Software - Application,2026-05-29,SaaS,0,0,0,73.6,2.19,81.63,15.35,37.894999999999996,44.39,SLOW GROWTH,45,40
TATASTEEL,2643907051520.0,MEGA CAP,211.99000549316406,28.881472,2.7812545,0.11156999,89.016,0.103690006,0.0465,0.125,1.254,Misc,Basic Materials,Steel,2026-05-29,Steel,0,1,0,59.01,90.01,26.56,58.4,74.51,63.31,MODERATE GROWTH,28,40
BERGEPAINT,596701937664.0,LARGE CAP,511.75,53.086098,8.630867,0.17226,9.165,0.13271,0.09401,0.061,0.277,Chemicals,Basic Materials,Specialty Chemicals,2026-05-29,Specialty Chemicals,0,0,0,32.06,73.52,86.09,67.02,52.79,60.87,MODERATE GROWTH,20,40
GMDCLTD,217655099392.0,MID CAP,684.4500122070312,22.769463,3.0791276,0.14189,4.475,0.0681,0.36055002,-0.092,-0.143,Metals,Energy,Thermal Coal,2026-05-29,Coal,0,0,0,14.32,17.51,79.87,33.57,15.915000000000001,30.47,WEAK GROWTH,38,40
RAYMOND,35924463616.0,SMALL CAP,539.7999877929688,106.89108,1.1050538,0.01472,33.836,0.06429,0.9287488156000011,0.119,-0.9306128,Misc,Industrials,Specialty Industrial Machinery,2026-05-29,Specialty Industrial Machinery,0,0,0,49.94,0.53,8.03,32.16,25.235,22.49,WEAK GROWTH,20,40
ASHIANA,37008224256.0,SMALL CAP,368.1499938964844,31.015163,4.3488274,0.14652,39.983,0.17947,0.11271,1.716,4.099,Misc,Real Estate,Real Estate - Development,2026-05-29,Real Estate - Development,0,1,0,97.49,96.63,80.92,77.36,97.06,91.86,ELITE GROWTH,40,40
GPTHEALTH,11691170816.0,SMALL CAP,142.47999572753906,27.666018,4.6147366,0.16324,33.842,0.12991999,0.08935001,0.246,0.137,Misc,Healthcare,Medical Care Facilities,2026-05-29,Medical Care Facilities,0,1,0,75.75,30.87,84.53,66.24,53.31,60.85,MODERATE GROWTH,28,40
MRF,532475510784.0,LARGE CAP,125550.0,21.961588,2.5386786,0.12295,15.288,0.10729,0.07789,0.134,0.371,Automobiles,Consumer Cyclical,Auto Parts,2026-05-29,Auto Components,0,1,0,60.46,77.34,74.7,59.85,68.9,69.16,MODERATE GROWTH,28,40
SUPREMEINF,8140505088.0,MICRO CAP,83.48999786376953,3.373465592,1.471008,0.11565,421.539,0.20637,0.9287488156000011,3.144,0.1685,Industrials,Industrials,Engineering & Construction,2026-05-29,Engineering & EPC,0,1,0,98.47,50.02,50.02,81.55,74.245,70.13,HIGH GROWTH,52,40
SHAKTIPUMP,65018392576.0,SMALL CAP,527.0,25.090477,3.9968748,0.17969999,29.625,0.08675,0.09548,0.286,-0.662,Misc,Industrials,Specialty Industrial Machinery,2026-05-29,Specialty Industrial Machinery,0,0,0,79.46,4.86,87.31,40.62,42.16,51.04,SLOW GROWTH,28,40
UYFINCORP,2906841600.0,MICRO CAP,15.279999732971191,9.095239,0.8368017,0.11565,1.149,0.52711,0.29483998,1.724,7.0,Financials,Financial Services,Credit Services,2026-05-29,NBFC – Lending,0,1,0,97.53,98.0,50.02,95.5,97.765,87.99,ELITE GROWTH,60,40
GUJGASLTD,262965035008.0,MID CAP,382.0,22.657175,3.0118108,0.11565,118.64,0.10338,0.07541,0.211,0.326,Misc,Utilities,Utilities - Regulated Gas,2026-05-29,Utilities - Regulated Gas,0,1,0,71.88,75.99,50.02,58.32,73.935,67.59,MODERATE GROWTH,28,40
SIEMENS,1391897083904.0,LARGE CAP,3908.5,82.59721,10.512005,0.11565,2.213,0.08015,0.0921,0.146,-0.364,Misc,Industrials,Specialty Industrial Machinery,2026-05-29,Specialty Industrial Machinery,0,0,0,62.53,10.69,50.02,38.39,36.61,39.47,WEAK GROWTH,20,40
CEATLTD,132191092736.0,MID CAP,3276.800048828125,18.97724,2.252844,0.14787,64.742,0.096870005,0.04452,0.233,1.832,Automobiles,Consumer Cyclical,Auto Parts,2026-05-29,Auto Components,0,1,0,74.4,93.34,81.24,56.37,83.87,80.59,HIGH GROWTH,35,40
LINCOLN,13339798528.0,SMALL CAP,666.0,15.19854,1.8631767,0.11565,0.08216,0.1195,0.13473,0.135,0.377,Misc,Healthcare,Drug Manufacturers - Specialty & Generic,2026-05-29,Drug Manufacturers - Specialty & Generic,0,1,0,60.69,77.4,50.02,63.45,69.045,64.68,MODERATE GROWTH,65,40
PGHH,315875426304.0,MID CAP,9731.0,44.12952,33.91904,0.11565,0.221,0.31088,0.198,0.011,0.122,Consumer,Consumer Defensive,Household & Personal Products,2026-05-29,FMCG – Personal Care,0,0,0,23.91,29.87,50.02,89.42,26.89,37.77,WEAK GROWTH,65,40
STYL,43579158528.0,SMALL CAP,269.3299865722656,17.432362,3.1467829,0.23236,5.865,0.2689,0.16654,0.096,0.185,Technology,Technology,Software - Infrastructure,2026-05-29,Software Products,0,0,1,38.64,68.33,93.22,86.88,53.485,64.77,MODERATE GROWTH,63,40
GRASIM,2135634083840.0,MEGA CAP,3149.10009765625,43.00287,2.1441805,0.06287,134.138,0.17288,0.02831,0.105,0.608,Misc,Basic Materials,Building Materials,2026-05-29,Building Materials,0,1,0,39.87,83.06,15.39,76.42,61.465,53.75,SLOW GROWTH,17,40
AGARWALEYE,152896765952.0,MID CAP,482.3500061035156,115.394745,7.5653253,0.083100006,50.3,0.15031,0.06403,0.226,0.208,Misc,Healthcare,Medical Instruments & Supplies,2026-05-29,Medical Instruments & Supplies,0,1,0,73.6,69.68,19.58,72.23,71.64,61.29,MODERATE GROWTH,17,40
PIRAMALFIN,444755116032.0,MID CAP,1967.9000244140625,29.758055,1.5818064,0.06717,283.736,-0.49855998,0.28951,-0.247,14.661280000000012,Financials,Financial Services,Credit Services,2026-05-29,NBFC – Lending,0,0,0,7.42,99.51,16.26,3.25,53.465,41.0,SLOW GROWTH,23,40
CARYSIL,31342327808.0,SMALL CAP,1101.949951171875,31.931324,5.155731,0.17277001,45.99,0.14534001,0.10627,0.145,0.485,Misc,Consumer Cyclical,"Furnishings, Fixtures & Appliances",2026-05-29,"Furnishings, Fixtures & Appliances",0,1,0,62.38,80.45,86.29,70.98,71.415,74.35,HIGH GROWTH,33,40
RKFORGE,105000435712.0,MID CAP,578.5999755859375,146.1111,3.1833537,0.02269,74.422,0.098409995,0.01694,0.285,0.244,Misc,Industrials,Metal Fabrication,2026-05-29,Metal Fabrication,0,1,0,79.38,71.8,9.17,56.91,75.59,60.44,MODERATE GROWTH,10,40
SWANDEF,108535767040.0,MID CAP,2060.199951171875,26.656543,44.305374,0.11565,614.0908400000002,-3.64360608,-0.9331492,1.893,0.1685,Misc,Industrials,Aerospace & Defense,2026-05-29,Aerospace & Defense,0,1,0,97.81,50.02,50.02,0.53,73.915,61.8,MODERATE GROWTH,18,40
ABCAPITAL,953858588672.0,LARGE CAP,363.8500061035156,25.569221,2.7691734,0.11181,491.748,0.13699001,0.116450004,0.077,0.301,Financials,Financial Services,Financial Conglomerates,2026-05-29,NBFC – Investment,0,0,0,34.98,74.89,26.64,68.31,54.935,50.61,SLOW GROWTH,33,40
IZMO,11235398656.0,SMALL CAP,750.9000244140625,30.253828,2.9481282,0.12384,1.287,0.14736,0.15873,0.932,1.497,Technology,Technology,Software - Application,2026-05-29,SaaS,0,1,0,94.71,91.7,75.05,71.45,93.205,87.4,ELITE GROWTH,33,40
BHARATFORG,924479979520.0,LARGE CAP,1933.699951171875,85.98044,9.65913,0.11603,76.475,0.11553001,0.06422,0.175,-0.179,Automobiles,Consumer Cyclical,Auto Parts,2026-05-29,Auto Components,0,0,0,66.61,16.18,72.7,62.63,41.394999999999996,49.78,SLOW GROWTH,20,40
HEG,110884888576.0,MID CAP,574.5999755859375,29.064238,2.3287575,0.07338,16.73,-0.01126,0.12599,0.112,0.1685,Misc,Industrials,Electrical Equipment & Parts,2026-05-29,Electrical Equipment & Parts,0,1,0,40.91,50.02,17.63,11.44,45.465,36.5,WEAK GROWTH,18,40
CIPLA,1144814960640.0,LARGE CAP,1417.199951171875,29.561953,3.4775267,0.11736,1.778,0.09498999,0.13999,-0.038,-0.546,Misc,Healthcare,Drug Manufacturers - Specialty & Generic,2026-05-29,Drug Manufacturers - Specialty & Generic,0,0,0,18.45,6.72,73.05,43.52,12.584999999999999,27.77,WEAK GROWTH,33,40
ATUL,203251154944.0,MID CAP,6903.5,29.965708,3.266593,0.11529,2.907,0.120620005,0.108059995,0.15,0.661,Chemicals,Basic Materials,Specialty Chemicals,2026-05-29,Specialty Chemicals,0,1,0,63.16,84.2,27.5,63.69,73.68,63.44,MODERATE GROWTH,33,40
GALLANTT,164095164416.0,MID CAP,680.0999755859375,33.90329,4.9489894,0.11565,29.454,0.13781,0.11146,0.119,0.1685,Misc,Basic Materials,Steel,2026-05-29,Steel,0,1,0,49.94,50.02,50.02,68.74,49.980000000000004,51.86,SLOW GROWTH,33,40
SOBHA,149307555840.0,MID CAP,1396.0,104.256905,3.1620195,0.04168,22.403,0.062230002,0.03726,0.602,1.243,Misc,Real Estate,Real Estate - Development,2026-05-29,Real Estate - Development,0,1,0,91.48,89.97,11.75,31.41,90.725,69.0,MODERATE GROWTH,10,40
INTELLECT,100831510528.0,MID CAP,725.0499877929688,29.849731,3.1679556,0.11411,4.961,0.14716,0.1137,0.167,-0.113,Technology,Technology,Software - Application,2026-05-29,SaaS,0,0,0,65.65,18.35,27.26,71.25,42.0,41.98,SLOW GROWTH,33,40
NEULANDLAB,217004736512.0,MID CAP,16914.0,59.671898,13.394214,0.11565,16.072,0.36360002,0.022880001,1.364,6.649,Misc,Healthcare,Drug Manufacturers - Specialty & Generic,2026-05-29,Drug Manufacturers - Specialty & Generic,0,1,0,96.79,97.81,50.02,91.93,97.30000000000001,87.31,ELITE GROWTH,35,40
TALBROAUTO,21586335744.0,SMALL CAP,349.70001220703125,20.75371,2.906658,0.15137,11.266,0.13767,0.11966,0.142,0.188,Automobiles,Consumer Cyclical,Auto Parts,2026-05-29,Auto Components,0,1,0,61.93,68.55,82.1,68.59,65.24,68.95,MODERATE GROWTH,33,40
MAHSCOOTER,146114248704.0,MID CAP,12785.0,46.97777,0.5300549,0.010620001,29.454,0.83871,0.9287488156000011,-0.036,-0.923,Financials,Financial Services,Asset Management,2026-05-29,Asset Management Companies,0,0,0,18.59,1.18,7.09,98.35,9.885,18.17,WEAK GROWTH,35,40
NIVABUPA,155599634432.0,MID CAP,84.20999908447266,118.60564,4.338262,0.106520005,9.883,0.08472,0.04336,0.268,0.902,Financials,Financial Services,Insurance - Life,2026-05-29,Life Insurance,0,1,0,77.73,87.39,25.3,39.87,82.56,66.84,MODERATE GROWTH,20,40
CEIGALL,60867178496.0,SMALL CAP,349.3999938964844,19.706713,2.7920282,0.15484,61.085,0.14947,0.07754,0.371,0.788,Industrials,Industrials,Engineering & Construction,2026-05-29,Engineering & EPC,0,1,0,84.35,86.06,82.69,72.07,85.205,83.39,HIGH GROWTH,35,40
VIYASH,111826239488.0,MID CAP,256.2099914550781,64.0525,3.821976,0.11565,15.724,0.13914,0.05183,1.29,2.284,Misc,Healthcare,Drug Manufacturers - Specialty & Generic,2026-05-29,Drug Manufacturers - Specialty & Generic,0,1,0,96.44,94.36,50.02,69.1,95.4,83.69,HIGH GROWTH,20,40
DIACABS,103549812736.0,MID CAP,196.5,65.71906,-14.387173,0.11565,29.454,0.10893,0.08246,1.106,6.919,Misc,Industrials,Specialty Industrial Machinery,2026-05-29,Specialty Industrial Machinery,0,1,0,95.61,97.92,50.02,60.34,96.765,83.77,HIGH GROWTH,20,40
ASTRAL,428497043456.0,MID CAP,1595.0,79.829834,10.5576,0.13798,6.168,0.14791,0.08169,0.242,0.189,Misc,Industrials,Building Products & Equipment,2026-05-29,Building Products & Equipment,0,1,0,75.32,68.59,78.85,71.56,71.955,73.29,HIGH GROWTH,20,40
PGEL,137772466176.0,MID CAP,482.6000061035156,69.94203,5.099216,0.11565,20.346,0.067210004,0.05052,0.459,0.476,Misc,Technology,Electronic Components,2026-05-29,Electronic Components,0,1,0,87.76,80.26,50.02,33.25,84.01,72.14,HIGH GROWTH,20,40
EPACKPEB,18543884288.0,SMALL CAP,184.27999877929688,18.520603,2.5166612,0.17021999,15.606,0.08501001,0.06073,0.424,0.329,Industrials,Industrials,Engineering & Construction,2026-05-29,Engineering & EPC,0,1,0,86.66,76.09,85.82,40.07,81.375,78.13,HIGH GROWTH,35,40
RACLGEAR,15141390336.0,SMALL CAP,1282.199951171875,33.875824,4.533898,0.1691,66.889,0.18757999,0.09553,0.566,0.759,Automobiles,Consumer Cyclical,Auto Parts,2026-05-29,Auto Components,0,1,0,90.25,85.7,85.55,78.61,87.975,86.55,ELITE GROWTH,35,40
WELINV,6783095296.0,MICRO CAP,1850.0,211.67049,0.9240727,0.00433,29.454,-1.3111099,0.58014,1.261,0.1685,Misc,Financial Services,Capital Markets,2026-05-29,Capital Markets,0,1,0,96.32,50.02,5.64,1.8,73.17,52.53,SLOW GROWTH,15,40
THERMAX,565676605440.0,LARGE CAP,5021.60009765625,78.69613,11.198705,0.13691,42.166,0.093439996,0.06737,0.111,0.187,Misc,Industrials,Conglomerates,2026-05-29,Conglomerates,0,1,0,40.68,68.51,78.46,43.05,54.595,58.21,MODERATE GROWTH,20,40
RELIANCE,18078031151104.0,MEGA CAP,1335.9000244140625,22.380634,1.9998653,0.09139,36.653,0.099750005,0.0764,0.125,-0.126,Misc,Energy,Oil & Gas Refining & Marketing,2026-05-29,Oil & Gas Refining & Marketing,0,0,0,59.01,17.94,21.15,57.5,38.475,36.91,WEAK GROWTH,18,40
SCHNEIDER,312939380736.0,MID CAP,1308.800048828125,128.43965,47.502907,0.31813,70.795,0.06711,0.07308,0.013,-0.596,Misc,Industrials,Electrical Equipment & Parts,2026-05-29,Electrical Equipment & Parts,0,0,0,24.19,5.82,97.14,33.06,15.005,33.24,WEAK GROWTH,35,40
EFCIL,27338969088.0,SMALL CAP,184.7899932861328,11.732698,2.956167,0.11565,160.926,0.31857002,0.18511,0.521,0.134,Misc,Real Estate,Real Estate Services,2026-05-29,Real Estate Services,0,1,0,89.39,30.71,50.02,89.74,60.05,61.01,MODERATE GROWTH,55,40
EVEREADY,23579748352.0,SMALL CAP,324.3999938964844,13.73994,3.7857833,0.31646,32.396,0.0584,0.117860004,0.094,12.653,Misc,Industrials,Electrical Equipment & Parts,2026-05-29,Electrical Equipment & Parts,0,0,0,38.19,98.82,97.06,30.04,68.505,70.37,HIGH GROWTH,55,40
AJMERA,23568246784.0,SMALL CAP,119.76000213623047,15.737188,1.6824715,0.11054,46.832,0.25024998,0.13642,1.866,1.205,Misc,Real Estate,Real Estate - Development,2026-05-29,Real Estate - Development,0,1,0,97.73,89.7,26.32,85.39,93.715,79.4,HIGH GROWTH,55,40
ANURAS,154401079296.0,MID CAP,1356.199951171875,87.72315,4.7914133,0.05763,40.335,0.14881,0.07192,0.275,-0.076,Chemicals,Basic Materials,Specialty Chemicals,2026-05-29,Specialty Chemicals,0,0,0,78.57,19.8,14.73,71.88,49.184999999999995,44.56,SLOW GROWTH,10,40
JAYNECOIND,100498317312.0,MID CAP,103.5,21.698112,3.5368896,0.17754,74.729,0.15237,0.06494,0.178,0.877,Misc,Basic Materials,Steel,2026-05-29,Steel,0,1,0,67.14,87.03,87.05,72.58,77.08500000000001,78.63,HIGH GROWTH,35,40
MOTHERSON,1496803835904.0,LARGE CAP,142.1699981689453,38.833332,4.058306,0.10114,43.908,0.07129,0.030869998,0.149,0.43,Automobiles,Consumer Cyclical,Auto Parts,2026-05-29,Auto Components,0,1,0,62.98,79.04,24.01,34.7,71.01,57.98,MODERATE GROWTH,20,40
TATATECH,288641941504.0,MID CAP,710.8499755859375,52.812035,8.085191,0.1457,23.908,0.13065,0.09928001,0.223,0.082,Technology,Technology,Information Technology Services,2026-05-29,IT Services,0,0,0,73.17,27.75,80.77,66.43,50.46,58.12,MODERATE GROWTH,20,40
YATHARTH,79400812544.0,SMALL CAP,824.1500244140625,45.22777,4.7020326,0.09889,14.614,0.14614001,0.14224,0.442,0.129,Misc,Healthcare,Medical Care Facilities,2026-05-29,Medical Care Facilities,0,1,0,87.15,30.36,23.31,71.09,58.755,52.9,SLOW GROWTH,15,40
BEML,150969647104.0,MID CAP,1812.5999755859375,60.682957,5.392364,0.11565,23.787,-0.01629,0.05919,0.237,0.1685,Misc,Industrials,Conglomerates,2026-05-29,Conglomerates,0,1,0,75.01,50.02,50.02,10.93,62.515,54.86,SLOW GROWTH,15,40
FLUOROCHEM,397887700992.0,MID CAP,3622.10009765625,69.26946,5.1989155,0.07547,28.94,0.14182,0.11472999,0.122,-0.43,Chemicals,Basic Materials,Specialty Chemicals,2026-05-29,Specialty Chemicals,0,0,0,58.32,9.24,17.94,70.11,33.78,34.25,WEAK GROWTH,15,40
REDINGTON,177142251520.0,MID CAP,226.58999633789062,11.894488,1.7454437,0.13089,27.26,0.01698,0.012510001,0.251,-0.411,Technology,Technology,Information Technology Services,2026-05-29,IT Services,0,0,0,76.15,9.56,76.93,16.14,42.855000000000004,47.0,SLOW GROWTH,35,40
ERIS,192608501760.0,MID CAP,1390.0,30.718231,6.12764,0.18068,60.545,0.27117002,0.19889,0.071,2.0,Misc,Healthcare,Drug Manufacturers - Specialty & Generic,2026-05-29,Drug Manufacturers - Specialty & Generic,0,0,1,34.1,93.79,87.54,87.0,63.94500000000001,70.97,HIGH GROWTH,56,40
BBTC,105383485440.0,MID CAP,1510.4000244140625,8.481106,1.4965079,0.28709,16.57,0.16921,0.062589996,0.078,0.438,Misc,Consumer Defensive,Packaged Foods,2026-05-29,Packaged Foods,0,0,1,35.14,79.44,95.81,75.6,57.29,66.82,MODERATE GROWTH,57,40
VOLTAMP,96446504960.0,SMALL CAP,9533.0,31.55891,5.863982,0.18073,0.08216,0.12549,0.1418,-0.018,-0.505,Misc,Industrials,Electrical Equipment & Parts,2026-05-29,Electrical Equipment & Parts,1,0,0,20.47,7.4,87.58,65.1,13.934999999999999,33.78,WEAK GROWTH,66,40
USHAMART,155198488576.0,MID CAP,509.8500061035156,35.554394,4.7054973,0.16228001,6.922,0.18410999,0.12625,0.093,0.458,Misc,Basic Materials,Steel,2026-05-29,Steel,0,0,0,37.96,79.81,84.25,77.85,58.885000000000005,65.85,MODERATE GROWTH,32,40
CARTRADE,84468375552.0,SMALL CAP,1762.4000244140625,39.52456,3.3962848,0.09849,5.363,0.29896998,0.28617,0.198,0.573,Misc,Consumer Cyclical,Auto & Truck Dealerships,2026-05-29,Auto & Truck Dealerships,0,1,0,70.09,82.53,23.11,88.88,76.31,66.93,MODERATE GROWTH,35,40
KRONOX,5268767744.0,MICRO CAP,142.0,20.170454,4.4885573,0.26824,1.384,0.33914003,0.27327,-0.0,0.267,Chemicals,Basic Materials,Specialty Chemicals,2026-05-29,Specialty Chemicals,0,0,1,22.82,73.11,94.79,90.87,47.965,61.62,MODERATE GROWTH,68,40
SAILIFE,245205549056.0,MID CAP,1156.0,70.48781,9.840811,0.1513,11.614,0.21796,0.15913999,0.039,0.176,Healthcare,Healthcare,Diagnostics & Research,2026-05-29,Diagnostics,0,0,0,28.18,67.88,82.06,82.57,48.03,58.29,MODERATE GROWTH,32,40
PARAS,66629603328.0,SMALL CAP,826.7999877929688,75.71429,9.923426,0.13137999,3.731,0.22305,0.18486,0.579,0.746,Misc,Industrials,Aerospace & Defense,2026-05-29,Aerospace & Defense,0,1,0,90.64,85.49,76.97,83.27,88.065,85.37,ELITE GROWTH,32,40
KRN,70553952256.0,SMALL CAP,1135.0999755859375,92.73693,13.347993,0.14258,32.633,0.15363,0.12743,0.365,0.569,Misc,Technology,Electronic Components,2026-05-29,Electronic Components,0,1,0,84.06,82.41,79.98,72.97,83.235,81.56,HIGH GROWTH,32,40
63MOONS,28619376640.0,SMALL CAP,621.0999755859375,26.656543,0.8061669,-0.0152,0.149,-0.63594,-0.10602,5.038001600000003,1.043,Technology,Technology,Software - Application,2026-05-29,SaaS,0,1,0,99.51,88.52,4.03,2.78,94.015,66.89,MODERATE GROWTH,33,40
SHREECEM,907070013440.0,LARGE CAP,25140.0,52.09283,9.844212,0.11565,38.149,0.18603,0.1453,0.052,0.034,Misc,Basic Materials,Building Materials,2026-05-29,Building Materials,0,0,0,30.12,25.03,50.02,78.3,27.575000000000003,37.14,WEAK GROWTH,32,40
EMUDHRA,38966575104.0,SMALL CAP,474.95001220703125,36.506535,4.277095,0.13259,3.153,0.16983,0.15364,0.317,0.216,Technology,Technology,Software - Application,2026-05-29,SaaS,0,1,0,81.79,70.33,77.36,75.87,76.06,76.3,HIGH GROWTH,32,40
POLYMED,136814649344.0,MID CAP,1348.199951171875,42.40956,4.682713,0.11565,8.169,0.16697,0.19514999,0.164,-0.176,Misc,Healthcare,Medical Instruments & Supplies,2026-05-29,Medical Instruments & Supplies,0,0,0,65.04,16.29,50.02,75.32,40.665000000000006,46.0,SLOW GROWTH,32,40
SRF,800148029440.0,LARGE CAP,2699.5,43.64592,5.699657,0.13763,36.195,0.20196,0.11625,0.07,0.106,Misc,Industrials,Conglomerates,2026-05-29,Conglomerates,0,0,0,33.86,28.97,78.69,80.73,31.415,45.8,SLOW GROWTH,32,40
GODREJIND,389228527616.0,MID CAP,1155.6500244140625,31.352415,3.742172,0.10832,222.411,0.19414,0.04775,0.516,1.426,Misc,Industrials,Conglomerates,2026-05-29,Conglomerates,0,1,0,89.19,91.07,25.73,79.59,90.13,76.2,HIGH GROWTH,35,40
AJAXENGG,67683061760.0,SMALL CAP,591.5999755859375,30.214504,4.8623323,0.17663,0.132,0.14885001,0.107080005,0.003,0.045,Misc,Industrials,Farm & Heavy Construction Machinery,2026-05-29,Farm & Heavy Construction Machinery,1,0,0,23.17,25.71,86.88,71.92,24.44,41.68,SLOW GROWTH,58,40
LAXMIINDIA,5972811264.0,MICRO CAP,114.0,11.176471,1.2966334,0.11565,256.533,0.33054,0.28614,0.37,0.565,Financials,Financial Services,Credit Services,2026-05-29,NBFC – Lending,0,1,0,84.25,82.31,50.02,90.4,83.28,77.34,HIGH GROWTH,60,40
SENORES,51667521536.0,SMALL CAP,1121.9000244140625,42.512318,6.823753,0.13793,35.46,0.21799,0.18396,0.534,1.089,Misc,Healthcare,Drug Manufacturers - General,2026-05-29,Drug Manufacturers - General,0,1,0,89.74,88.92,78.79,82.61,89.33,86.55,ELITE GROWTH,32,40
IPL,19058409472.0,SMALL CAP,165.49000549316406,15.912501,1.9958754,0.12550999,10.912,0.13745,0.11331,0.286,0.519,Chemicals,Basic Materials,Agricultural Inputs,2026-05-29,Agrochemicals,0,1,0,79.46,81.43,75.44,68.43,80.445,78.24,HIGH GROWTH,40,40
SURAKSHA,15051339776.0,SMALL CAP,289.0,46.839546,6.5159063,0.13843,53.533,0.16466999,0.103690006,0.312,-0.054,Healthcare,Healthcare,Diagnostics & Research,2026-05-29,Diagnostics,0,0,0,81.47,20.7,78.97,74.93,51.085,59.05,MODERATE GROWTH,32,40
ASIANPAINT,2555745665024.0,MEGA CAP,2666.0,66.51696,13.046883,0.11565,17.609,0.16554001,0.11098,0.037,-0.046,Chemicals,Basic Materials,Specialty Chemicals,2026-05-29,Specialty Chemicals,0,0,0,27.93,20.92,50.02,75.09,24.425,34.61,WEAK GROWTH,32,40
SETL,28515319808.0,SMALL CAP,136.4499969482422,34.027428,3.646348,0.10995,10.365,0.13577,0.100930005,0.388,0.303,Misc,Industrials,Specialty Industrial Machinery,2026-05-29,Specialty Industrial Machinery,0,1,0,85.23,75.05,26.17,67.92,80.14,68.12,MODERATE GROWTH,33,40
PLATIND,12584990720.0,SMALL CAP,222.14999389648438,26.656543,2.748973,0.12031,2.293,0.12615,0.111540005,0.403,1.371,Chemicals,Basic Materials,Specialty Chemicals,2026-05-29,Specialty Chemicals,0,1,0,85.72,90.76,73.99,65.37,88.24000000000001,83.1,HIGH GROWTH,33,40
DIFFNKG,12518975488.0,SMALL CAP,337.20001220703125,24.90399,3.1019163,0.13011,7.057,0.13303,0.12376001,0.382,0.229,Misc,Industrials,Specialty Industrial Machinery,2026-05-29,Specialty Industrial Machinery,0,1,0,85.0,70.86,76.73,67.14,77.93,76.61,HIGH GROWTH,33,40
TARIL,96953565184.0,SMALL CAP,323.0,36.746304,7.2054787,0.19334999,29.595,0.14242,0.10539,0.157,-0.041,Misc,Industrials,Electrical Equipment & Parts,2026-05-29,Electrical Equipment & Parts,0,0,0,63.81,21.15,89.13,70.31,42.480000000000004,54.59,SLOW GROWTH,33,40
KARMAENG,532563296.0,MICRO CAP,46.029998779296875,24.354496,1.2733761,0.11565,4.177,-2.03982,0.22162001,0.268,0.1685,Energy,Utilities,Utilities - Renewable,2026-05-29,Power Generation – Renewable,0,1,0,77.73,50.02,50.02,1.45,63.875,54.86,SLOW GROWTH,33,40
DRREDDY,1094862176256.0,LARGE CAP,1315.0,26.096449,2.9075553,0.11835,20.328,0.05203,0.12755999,-0.116,-0.862,Misc,Healthcare,Drug Manufacturers - Specialty & Generic,2026-05-29,Drug Manufacturers - Specialty & Generic,0,0,0,12.95,1.88,73.36,27.85,7.414999999999999,22.65,WEAK GROWTH,33,40
RATEGAIN,86589300736.0,SMALL CAP,733.2000122070312,44.707317,4.3141847,0.105399996,47.296,0.15659,0.10313,1.745,0.271,Technology,Technology,Software - Application,2026-05-29,SaaS,0,1,0,97.57,73.21,25.15,73.48,85.38999999999999,72.15,HIGH GROWTH,32,40
SUMICHEM,251819016192.0,MID CAP,504.5,46.284405,7.8787503,0.1724,1.865,0.20872,0.1604,0.054,0.115,Chemicals,Basic Materials,Agricultural Inputs,2026-05-29,Agrochemicals,0,0,0,30.69,29.49,86.13,81.67,30.09,46.46,SLOW GROWTH,32,40
FISCHER,24609779712.0,SMALL CAP,37.599998474121094,63.728813,6.751661,0.11565,10.264,0.2057,0.15172,5.038001600000003,0.1685,Healthcare,Healthcare,Medical Devices,2026-05-29,Medical Devices,0,1,0,99.51,50.02,50.02,81.51,74.765,70.49,HIGH GROWTH,32,40
INGERRAND,142523203584.0,MID CAP,4514.7998046875,54.971386,21.922356,0.11565,1.509,0.24291,0.18294,0.182,-0.074,Misc,Industrials,Specialty Industrial Machinery,2026-05-29,Specialty Industrial Machinery,0,0,0,67.76,19.9,50.02,84.84,43.83,49.17,SLOW GROWTH,32,40
SBGLP,4614611968.0,MICRO CAP,26.610000610351562,15.033898,5.75227,0.11565,73.579,0.35790002,0.29498,5.038001600000003,14.661280000000012,Misc,Real Estate,Real Estate - Development,2026-05-29,Real Estate - Development,0,1,0,99.51,99.51,50.02,91.77,99.51,88.84,ELITE GROWTH,60,40
NRBBEARING,36452589568.0,SMALL CAP,376.1000061035156,25.515604,3.7889626,0.15174,15.653,0.13627,0.106920004,0.13,0.1685,Automobiles,Consumer Cyclical,Auto Parts,2026-05-29,Auto Components,0,1,0,59.6,50.02,82.26,68.04,54.81,61.62,MODERATE GROWTH,33,40
NSLNISP,134807871488.0,MID CAP,46.0,26.656543,1.0393836,0.11565,40.766,-0.05135,-0.06401,0.419,0.1685,Misc,Basic Materials,Steel,2026-05-29,Steel,0,1,0,86.41,50.02,50.02,9.13,68.215,58.67,MODERATE GROWTH,18,40
INDRAMEDCO,35051171840.0,SMALL CAP,382.3500061035156,19.098402,5.3193564,0.27466,4.979,0.13477999,0.123859994,0.093,0.018,Misc,Healthcare,Medical Care Facilities,2026-05-29,Medical Care Facilities,0,0,0,37.96,24.01,95.14,67.61,30.985,47.48,SLOW GROWTH,55,40
OIL,785326211072.0,LARGE CAP,482.79998779296875,11.862408,1.3538295,0.12743,58.741,0.27781,0.19500999,0.052,0.604,Energy,Energy,Oil & Gas Integrated,2026-05-29,Oil Marketing,0,0,0,30.12,82.92,75.91,87.47,56.52,63.49,MODERATE GROWTH,55,40
ZYDUSWELL,160478527488.0,MID CAP,504.3999938964844,81.22383,2.811798,0.0343,54.974,0.14144,0.049790002,0.626,-0.058,Misc,Consumer Defensive,Packaged Foods,2026-05-29,Packaged Foods,0,0,0,91.93,20.51,10.61,69.92,56.220000000000006,48.47,SLOW GROWTH,10,40
NOVARTIND,38438633472.0,SMALL CAP,1556.800048828125,41.196083,4.698455,0.11627,0.393,0.22308001,0.26298,0.08,-0.138,Misc,Healthcare,Drug Manufacturers - Specialty & Generic,2026-05-29,Drug Manufacturers - Specialty & Generic,0,0,0,35.55,17.67,72.78,83.31,26.61,41.51,SLOW GROWTH,55,40
SRGHFL,4385181696.0,MICRO CAP,279.20001220703125,13.500968,1.5682223,0.11586001,292.408,0.3464,0.27325,0.238,0.33,Misc,Financial Services,Mortgage Finance,2026-05-29,Mortgage Finance,0,1,0,75.17,76.15,72.54,91.27,75.66,76.6,HIGH GROWTH,60,40
PAISALO,47095042048.0,SMALL CAP,51.779998779296875,19.76336,2.8104646,0.11565,226.216,0.63885,0.45058998,0.2,0.043,Financials,Financial Services,Credit Services,2026-05-29,NBFC – Lending,0,0,0,70.37,25.54,50.02,96.91,47.955,53.26,SLOW GROWTH,60,40
FEDFINA,61538652160.0,SMALL CAP,164.39999389648438,18.00657,2.0996974,0.12555,467.341,0.38526002,0.27889,0.186,0.385,Financials,Financial Services,Credit Services,2026-05-29,NBFC – Lending,0,1,0,68.12,77.69,75.48,92.56,72.905,75.39,HIGH GROWTH,60,40
ADANIENSOL,1853819322368.0,LARGE CAP,1543.199951171875,82.7897,7.2932816,0.096599996,194.5,0.21996,0.08274,0.168,0.035,Misc,Utilities,Utilities - Independent Power Producers,2026-05-29,Utilities - Independent Power Producers,0,0,0,65.8,25.07,22.37,82.88,45.435,44.57,SLOW GROWTH,17,40
KTKBANK,104453750784.0,MID CAP,276.20001220703125,7.980353,0.7895061,0.10358,29.454,0.45573002,0.40889,-0.017,0.615,Financials,Financial Services,Banks - Regional,2026-05-29,Private Sector Banks,0,0,0,20.74,83.2,24.52,94.52,51.97,50.74,SLOW GROWTH,60,40
GALAPREC,12004741120.0,SMALL CAP,938.0499877929688,34.72973,4.3743353,0.12921,13.04,0.14731,0.11289,0.256,0.11,Misc,Industrials,Specialty Industrial Machinery,2026-05-29,Specialty Industrial Machinery,0,1,0,76.65,29.18,76.38,71.37,52.915000000000006,59.45,MODERATE GROWTH,33,40
NBIFIN,5614215168.0,MICRO CAP,1900.0,36.807438,0.17451192,0.11565,29.454,0.91564006,0.65801,5.038001600000003,14.661280000000012,Misc,Financial Services,Capital Markets,2026-05-29,Capital Markets,0,1,0,99.51,99.51,50.02,98.94,99.51,89.56,ELITE GROWTH,45,40
ANUP,37158371328.0,SMALL CAP,1855.0,32.29457,5.8369675,0.11565,24.782,0.17902,0.138,0.206,-0.157,Misc,Industrials,Specialty Industrial Machinery,2026-05-29,Specialty Industrial Machinery,0,0,0,71.33,17.12,50.02,77.32,44.225,48.69,SLOW GROWTH,40,40
VERANDA,22548682752.0,SMALL CAP,234.10000610351562,24.233955,2.485745,0.11565,42.052,0.22994,0.20098,0.178,0.1685,Misc,Consumer Defensive,Education & Training Services,2026-05-29,Education & Training Services,0,1,0,67.14,50.02,50.02,83.71,58.58,59.38,MODERATE GROWTH,45,40
LFIC,438300032.0,MICRO CAP,146.10000610351562,35.98522,0.7249002,0.11565,29.454,0.78699,0.21709,0.208,0.1685,Financials,Financial Services,Asset Management,2026-05-29,Asset Management Companies,0,1,0,71.56,50.02,50.02,97.96,60.790000000000006,62.35,MODERATE GROWTH,45,40
JSWHL,146077646848.0,MID CAP,13162.0,102.39615,0.46652785,0.11565,29.454,0.89515996,0.76741,-0.419,-0.51,Misc,Industrials,Conglomerates,2026-05-29,Conglomerates,0,0,0,4.15,7.25,50.02,98.86,5.7,23.88,WEAK GROWTH,45,40
CHENNPETRO,158411948032.0,MID CAP,1063.800048828125,5.1043615,1.4259958,0.32126,17.68,0.11215,0.04875,-0.025,2.025,Misc,Energy,Oil & Gas Refining & Marketing,2026-05-29,Oil & Gas Refining & Marketing,0,0,0,19.88,93.89,97.18,61.61,56.885,65.42,MODERATE GROWTH,50,40
STARTECK,2576784896.0,MICRO CAP,260.010009765625,10.9110365,0.97965044,0.094960004,133.476,0.8839,0.75819,0.309,2.719,Financials,Financial Services,Credit Services,2026-05-29,NBFC – Lending,0,1,0,81.22,94.99,22.01,98.71,88.10499999999999,75.95,HIGH GROWTH,50,40
MARKSANS,114741059584.0,MID CAP,253.1999969482422,27.462038,4.264852,0.11565,12.238,0.18082,0.12853,0.106,0.082,Misc,Healthcare,Drug Manufacturers - General,2026-05-29,Drug Manufacturers - General,0,0,0,40.11,27.75,50.02,77.56,33.93,41.51,SLOW GROWTH,40,40
WOCKPHARMA,337723719680.0,MID CAP,2079.60009765625,158.53546,7.379843,0.04005,42.284,0.14819,0.06315,0.26,0.1685,Misc,Healthcare,Drug Manufacturers - Specialty & Generic,2026-05-29,Drug Manufacturers - Specialty & Generic,0,1,0,76.97,50.02,11.63,71.68,63.495000000000005,53.94,SLOW GROWTH,10,40
IIFL,202047045632.0,MID CAP,475.1499938964844,12.261935,1.4515533,0.12286,446.24,0.39839,0.21020001,-0.141,1.831,Financials,Financial Services,Credit Services,2026-05-29,NBFC – Lending,0,0,0,11.07,93.3,74.66,92.95,52.185,60.76,MODERATE GROWTH,60,40
GEECEE,6670841344.0,MICRO CAP,319.0,15.862755,0.7989661,0.05198,29.454,0.86113,0.56249,1.034,5.059,Misc,Real Estate,Real Estate - Development,2026-05-29,Real Estate - Development,0,1,0,95.26,97.22,13.63,98.51,96.24000000000001,79.94,HIGH GROWTH,50,40
NTPC,3799153901568.0,MEGA CAP,391.79998779296875,12.862771,1.870667,0.13695,118.127,0.18428,0.14437,0.08,-0.016,Misc,Utilities,Utilities - Regulated Electric,2026-05-29,Utilities - Regulated Electric,0,0,0,35.55,22.17,78.5,77.91,28.86,43.69,SLOW GROWTH,47,40
THELEELA,137757622272.0,MID CAP,412.5,33.18584,2.1359112,0.08014,28.065,0.48675,0.26395,0.082,0.219,Misc,Consumer Cyclical,Lodging,2026-05-29,Lodging,0,0,0,35.96,70.49,18.96,95.03,53.224999999999994,50.55,SLOW GROWTH,43,40
KPITTECH,214555901952.0,MID CAP,788.1500244140625,33.811672,6.059336,0.1973,23.624,0.15857,0.09874,0.12,-0.335,Technology,Technology,Software - Infrastructure,2026-05-29,Software Products,0,0,0,58.03,11.63,89.66,73.8,34.83,49.69,SLOW GROWTH,43,40
TERASOFT,4935309312.0,MICRO CAP,394.45001220703125,19.881554,3.690933,0.1848,26.995,0.14149,0.10418,1.227,1.201,Technology,Technology,Information Technology Services,2026-05-29,IT Services,0,1,0,96.2,89.62,88.17,69.96,92.91,89.67,ELITE GROWTH,48,40
UTIAMC,122277019648.0,MID CAP,951.4000244140625,30.280077,2.779604,0.09776,3.129,0.38298,0.23798999,0.067,0.1685,Financials,Financial Services,Asset Management,2026-05-29,Asset Management Companies,0,0,0,33.16,50.02,22.84,92.4,41.59,42.92,SLOW GROWTH,43,40
GMRP&UI,86068133888.0,SMALL CAP,110.19999694824219,14.074074,5.5924892,0.41511002,549.816,0.14103,0.081879996,0.154,0.1685,Metals,Energy,Thermal Coal,2026-05-29,Coal,0,1,0,63.57,50.02,98.67,69.76,56.795,66.47,MODERATE GROWTH,50,40
EPIGRAL,51200139264.0,SMALL CAP,1186.800048828125,15.420999,2.4373615,0.16092,25.751,0.17237,0.13136,0.173,-0.068,Misc,Basic Materials,Chemicals,2026-05-29,Chemicals,0,0,0,66.26,20.05,84.02,76.26,43.155,54.64,SLOW GROWTH,47,40
DHANBANK,13774990336.0,SMALL CAP,34.900001525878906,13.423078,0.9361589,0.07162,29.454,0.35627,0.13948,0.337,0.298,Financials,Financial Services,Banks - Regional,2026-05-29,Private Sector Banks,0,1,0,82.61,74.77,17.12,91.7,78.69,67.68,MODERATE GROWTH,45,40
AMBUJACEM,1131709988864.0,LARGE CAP,455.45001220703125,23.933264,1.8969575,0.08311,1.205,0.03767,0.1163,0.094,0.772,Misc,Basic Materials,Building Materials,2026-05-29,Building Materials,0,0,0,38.19,85.86,19.62,22.64,62.025,49.61,SLOW GROWTH,23,40
KISSHT,45052358656.0,SMALL CAP,267.3999938964844,28.02935,1.1594781,0.17743,29.454,0.16295,0.12166,0.119,0.1685,Financials,Financial Services,Credit Services,2026-05-29,NBFC – Lending,0,1,0,49.94,50.02,86.98,74.58,49.980000000000004,59.84,MODERATE GROWTH,40,40
TEAMGTY,2338218752.0,MICRO CAP,260.0,111.111115,4.8025417,0.11565,29.454,0.32326,0.41388,0.603,-0.703,Financials,Financial Services,Asset Management,2026-05-29,Asset Management Companies,0,0,0,91.54,4.11,50.02,90.05,47.825,52.49,SLOW GROWTH,45,40
ACMESOLAR,185279266816.0,MID CAP,305.6499938964844,37.506126,3.6625938,0.10406,393.194,0.64989,0.199,0.125,0.063,Energy,Utilities,Utilities - Renewable,2026-05-29,Power Generation – Renewable,0,0,0,59.01,26.5,24.72,96.98,42.754999999999995,44.57,SLOW GROWTH,40,40
NAVA,172206276608.0,MID CAP,608.5,21.841349,2.128091,0.10309,20.684,0.24535999,0.18333,0.122,-0.446,Misc,Industrials,Conglomerates,2026-05-29,Conglomerates,0,0,0,58.32,8.95,24.4,85.12,33.635,36.94,WEAK GROWTH,40,40
GRAVITA,119510810624.0,MID CAP,1640.800048828125,31.51748,4.8726163,0.16680999,29.934,0.094069995,0.08881,0.131,-0.032,Misc,Industrials,Metal Fabrication,2026-05-29,Metal Fabrication,0,0,0,59.83,21.48,85.08,43.36,40.655,49.81,SLOW GROWTH,28,40
ORIENTALTL,476327072.0,MICRO CAP,6.480000019073486,8.307693,0.38126618,0.11565,2.914,0.075729996,0.26973,0.765,-0.9306128,Misc,Industrials,Building Products & Equipment,2026-05-29,Building Products & Equipment,0,0,0,93.62,0.53,50.02,36.55,47.075,46.61,SLOW GROWTH,45,40
FINPIPE,117022089216.0,MID CAP,189.25999450683594,19.531477,1.977287,0.09731,7.171,0.25346002,0.13852,0.152,0.59,Misc,Industrials,Building Products & Equipment,2026-05-29,Building Products & Equipment,0,1,0,63.38,82.8,22.6,85.62,73.09,64.24,MODERATE GROWTH,45,40
LICHSGFIN,298849206272.0,MID CAP,543.2999877929688,5.332221,0.72145647,0.14409,614.0908400000002,0.81481004,0.65779,0.044,0.086,Misc,Financial Services,Mortgage Finance,2026-05-29,Mortgage Finance,0,0,0,28.91,28.01,80.38,98.28,28.46,45.83,SLOW GROWTH,60,40
STUDDS,18521677824.0,SMALL CAP,470.6499938964844,22.39058,3.8561432,0.16999,1.559,0.15484,0.128,0.119,0.061,Automobiles,Consumer Cyclical,Auto Parts,2026-05-29,Auto Components,0,0,0,49.94,26.44,85.78,73.21,38.19,51.21,SLOW GROWTH,40,40
AVL,68417335296.0,SMALL CAP,529.7999877929688,58.541435,9.943507,0.18383,83.205,0.07834,0.0436,0.305,0.369,Misc,Consumer Cyclical,Specialty Retail,2026-05-29,Specialty Retail,0,1,0,80.9,77.24,88.13,37.8,79.07,76.76,HIGH GROWTH,28,40
BANCOINDIA,95949414400.0,SMALL CAP,670.7999877929688,19.665787,5.8709235,0.11565,44.582,0.1257,0.13282,0.235,1.778,Automobiles,Consumer Cyclical,Auto Parts,2026-05-29,Auto Components,0,1,0,74.68,93.07,50.02,65.2,83.875,75.24,HIGH GROWTH,40,40
MANALIPETC,10417993728.0,SMALL CAP,60.56999969482422,8.011905,0.90849096,0.10939,10.691,0.05272,0.1271,0.271,1.703,Chemicals,Basic Materials,Specialty Chemicals,2026-05-29,Specialty Chemicals,0,1,0,78.12,92.79,25.93,28.16,85.45500000000001,67.82,MODERATE GROWTH,40,40
NGLFINE,17501722624.0,SMALL CAP,2832.89990234375,36.337864,5.830044,0.15736,32.957,0.10963,0.09607001,0.572,14.661280000000012,Misc,Healthcare,Drug Manufacturers - General,2026-05-29,Drug Manufacturers - General,0,1,0,90.5,99.51,83.39,60.75,95.005,89.26,ELITE GROWTH,20,40
RSYSTEMS,31291703296.0,SMALL CAP,264.0,15.357765,3.9421225,0.11565,33.46,0.13757,0.1019,0.299,0.696,Technology,Technology,Information Technology Services,2026-05-29,IT Services,0,1,0,80.4,84.76,50.02,68.47,82.58000000000001,74.66,HIGH GROWTH,40,40
GIPCL,25542334464.0,SMALL CAP,164.55999755859375,17.37698,0.7234042,0.11565,79.265,0.12100001,0.30135,0.149,0.1685,Misc,Utilities,Utilities - Regulated Electric,2026-05-29,Utilities - Regulated Electric,0,1,0,62.98,50.02,50.02,63.77,56.5,55.93,MODERATE GROWTH,45,40
SAMPANN,1318358144.0,MICRO CAP,27.010000228881836,19.431656,2.8330185,0.21290001,210.951,0.04652,0.04753,0.405,-0.813,Chemicals,Basic Materials,Specialty Chemicals,2026-05-29,Specialty Chemicals,0,0,0,85.92,2.55,91.66,25.73,44.235,51.87,SLOW GROWTH,43,40
SHEKHAWATI,536008512.0,MICRO CAP,15.550000190734863,6.0980396,2.4380684,0.44688016848000045,6.28,0.68584,0.53535,-0.242,0.1685,Misc,Consumer Cyclical,Textile Manufacturing,2026-05-29,Textile Manufacturing,0,0,1,7.64,50.02,99.51,97.38,28.830000000000002,49.82,SLOW GROWTH,75,40
ASAL,8021039104.0,MICRO CAP,505.6000061035156,28.97421,22.178356,0.44688016848000045,343.962,0.05222,0.03108,0.359,1.691,Automobiles,Consumer Cyclical,Auto Parts,2026-05-29,Auto Components,0,1,0,83.71,92.75,99.51,27.93,88.22999999999999,84.46,HIGH GROWTH,43,40
BLUEJET,78232903680.0,SMALL CAP,451.0,31.538462,5.751744,0.19881001,3.102,0.34058997,0.24392,-0.243,-0.415,Healthcare,Healthcare,Biotechnology,2026-05-29,Biotechnology,0,0,0,7.6,9.52,89.89,90.99,8.559999999999999,33.07,WEAK GROWTH,61,40
ARSSBL,34429890560.0,SMALL CAP,548.9000244140625,23.437235,2.1831474,0.13961,63.433,0.26111,0.17296,0.274,0.885,Financials,Financial Services,Financial Conglomerates,2026-05-29,NBFC – Investment,0,1,0,78.46,87.15,79.24,86.13,82.805,82.42,HIGH GROWTH,48,40
CLEANMAX,130110095360.0,MID CAP,1111.300048828125,123.47778,4.2274685,0.019609999,229.641,0.30664,0.04921,0.251,0.1685,Energy,Utilities,Utilities - Renewable,2026-05-29,Power Generation – Renewable,0,1,0,76.15,50.02,8.72,89.15,63.08500000000001,54.82,SLOW GROWTH,25,40
ARMANFIN,18492309504.0,SMALL CAP,1758.699951171875,32.83607,1.9785551,0.11565,190.256,0.48318002,0.107489996,0.591,2.216,Financials,Financial Services,Credit Services,2026-05-29,NBFC – Lending,0,1,0,91.05,94.24,50.02,94.83,92.645,84.34,HIGH GROWTH,48,40
GUJALKALI,50216169472.0,SMALL CAP,683.7999877929688,26.656543,1.314272,0.11565,6.128,0.29207,0.1839,3.957,5.191,Misc,Basic Materials,Chemicals,2026-05-29,Chemicals,0,1,0,98.59,97.3,50.02,88.33,97.945,87.4,ELITE GROWTH,48,40
SHILPAMED,98719924224.0,SMALL CAP,504.75,40.57476,4.056139,0.09822,25.465,0.20387,0.15712,0.315,6.446,Misc,Healthcare,Drug Manufacturers - Specialty & Generic,2026-05-29,Drug Manufacturers - Specialty & Generic,0,1,0,81.67,97.73,23.07,81.08,89.7,75.51,HIGH GROWTH,22,40
MGEL,5085042688.0,MICRO CAP,15.430000305175781,11.2627735,2.2499273,0.20118,86.568,0.02214,0.013359999,0.982,1.386,Misc,Consumer Defensive,Farm Products,2026-05-29,Farm Products,0,1,0,95.14,90.83,90.4,17.67,92.985,84.94,HIGH GROWTH,43,40
CNL,9425216512.0,MICRO CAP,627.6500244140625,15.297344,2.8590107,0.20183,83.725,0.03956,0.02599,0.832,1.571,Misc,Technology,Electronics & Computer Distribution,2026-05-29,Electronics & Computer Distribution,0,1,0,94.2,92.17,90.44,23.19,93.185,85.64,ELITE GROWTH,43,40
SMLMAH,55136972800.0,SMALL CAP,3810.0,34.557823,10.614617,0.35421002,55.669,0.08579001,0.05629,0.164,0.023,Automobiles,Consumer Cyclical,Auto Manufacturers,2026-05-29,Passenger Vehicles,0,0,0,65.04,24.38,97.81,40.42,44.71,54.9,SLOW GROWTH,43,40
AUTOIND,3684482304.0,MICRO CAP,81.19999694824219,9.452851,1.8696753,0.21987,164.641,0.07732,0.046719998,0.484,3.653,Automobiles,Consumer Cyclical,Auto Parts,2026-05-29,Auto Components,0,1,0,88.37,96.32,92.5,37.13,92.345,86.85,ELITE GROWTH,43,40
NILASPACES,5010270720.0,MICRO CAP,12.720000267028809,17.424658,2.819774,0.18365999,46.031,0.32176998,0.15427,0.253,1.067,Misc,Real Estate,Real Estate - Development,2026-05-29,Real Estate - Development,0,1,1,76.36,88.7,88.05,89.89,82.53,84.37,HIGH GROWTH,63,40
ALLDIGI,12574666752.0,SMALL CAP,825.2000122070312,15.295644,5.0108085,0.32217,68.009,0.19093001,0.13524,0.074,0.497,Misc,Industrials,Specialty Business Services,2026-05-29,Specialty Business Services,0,0,1,34.61,80.77,97.22,79.16,57.69,67.74,MODERATE GROWTH,62,40
SEJALLTD,9086273536.0,MICRO CAP,775.0,28.26404,14.133052,0.30464,133.115,0.11963,0.07249,0.695,1.56,Misc,Industrials,Building Products & Equipment,2026-05-29,Building Products & Equipment,0,1,0,93.03,92.05,96.63,63.51,92.53999999999999,90.45,ELITE GROWTH,43,40
GFLLIMITED,5221170176.0,MICRO CAP,47.529998779296875,432.0909,0.20690855,0.11565,29.454,0.41429,0.47000998,0.25,1.81,Financials,Financial Services,Asset Management,2026-05-29,Asset Management Companies,0,1,0,75.99,93.26,50.02,93.54,84.625,78.6,HIGH GROWTH,45,40
RBZJEWEL,5116000256.0,MICRO CAP,127.9000015258789,9.335767,1.7062888,0.20114,56.626,0.104270004,0.08609,0.38,0.364,Misc,Consumer Cyclical,Luxury Goods,2026-05-29,Luxury Goods,0,1,0,84.86,76.97,90.36,58.62,80.91499999999999,80.57,HIGH GROWTH,43,40
BCG,21174294528.0,SMALL CAP,10.489999771118164,3.373465592,0.22438982,0.11565,29.454,0.20024,0.1385,0.333,0.272,Misc,Communication Services,Advertising Agencies,2026-05-29,Advertising Agencies,0,1,0,82.37,73.29,50.02,80.57,77.83000000000001,72.54,HIGH GROWTH,47,40
SANDHAR,41097412608.0,SMALL CAP,681.1500244140625,20.622164,3.3345084,0.1607,86.084,0.060399998,0.04032,0.289,0.498,Automobiles,Consumer Cyclical,Auto Parts,2026-05-29,Auto Components,0,1,0,79.63,80.81,83.94,30.87,80.22,76.03,HIGH GROWTH,28,40
STLTECH,261731090432.0,MID CAP,536.1500244140625,458.2479,12.73818,0.026300002,85.626,0.09368,0.0117999995,5.038001600000003,0.1685,Misc,Technology,Communication Equipment,2026-05-29,Communication Equipment,0,1,0,99.51,50.02,9.67,43.09,74.765,58.58,MODERATE GROWTH,10,40
DELHIVERY,339094142976.0,MID CAP,452.8999938964844,224.20792,3.4895098,0.01596,15.098,0.01086,0.014529999,0.3,-0.006,Misc,Industrials,Integrated Freight & Logistics,2026-05-29,Integrated Freight & Logistics,0,0,0,80.49,22.64,8.3,14.92,51.565,39.25,WEAK GROWTH,10,40
LAXMIDENTL,13110121472.0,SMALL CAP,238.52999877929688,45.434284,5.583306,0.12772,5.329,0.12332,0.10429,0.219,1.379,Misc,Healthcare,Medical Instruments & Supplies,2026-05-29,Medical Instruments & Supplies,0,1,0,72.66,90.8,76.07,64.51,81.72999999999999,78.88,HIGH GROWTH,25,40
UCOBANK,320887324672.0,MID CAP,25.59000015258789,11.5791855,0.9666453,0.08631,29.454,0.41611,0.2386,-0.126,0.149,Financials,Financial Services,Banks - Regional,2026-05-29,Private Sector Banks,0,0,0,11.87,31.59,20.09,93.58,21.73,28.59,WEAK GROWTH,50,40
GLENMARK,667150909440.0,LARGE CAP,2364.199951171875,62.74151,6.9621224,0.11565,12.776,0.18338,0.06451,0.151,0.158,Misc,Healthcare,Drug Manufacturers - Specialty & Generic,2026-05-29,Drug Manufacturers - Specialty & Generic,0,1,0,63.26,32.06,50.02,77.75,47.66,51.14,SLOW GROWTH,27,40
GKENERGY,25634074624.0,SMALL CAP,126.38999938964844,11.595413,3.2901208,0.11565,54.322,0.18410999,0.11934,0.591,0.511,Energy,Utilities,Utilities - Renewable,2026-05-29,Power Generation – Renewable,0,1,0,91.05,81.36,50.02,77.85,86.205,78.13,HIGH GROWTH,47,40
MTARTECH,247368646656.0,MID CAP,8042.0,261.35846,33.24844,0.11565,25.061,0.19854,0.084259994,0.593,1.173,Misc,Industrials,Specialty Industrial Machinery,2026-05-29,Specialty Industrial Machinery,0,1,0,91.19,89.42,50.02,80.26,90.305,81.24,HIGH GROWTH,27,40
TI,114316509184.0,MID CAP,462.5,80.998245,4.514882,0.11565,2.445,0.15533,0.06027,0.95,0.1685,Misc,Consumer Defensive,Beverages - Wineries & Distilleries,2026-05-29,Beverages - Wineries & Distilleries,0,1,0,94.87,50.02,50.02,73.29,72.44500000000001,68.04,MODERATE GROWTH,27,40
GICRE,678338756608.0,LARGE CAP,386.6499938964844,7.021064,0.73674566,0.10142,29.454,0.24518,0.18316999,0.036,0.014,Misc,Financial Services,Insurance - Reinsurance,2026-05-29,Insurance - Reinsurance,0,0,0,27.69,23.89,24.09,85.08,25.79,31.38,WEAK GROWTH,47,40
DLINKINDIA,16651773952.0,SMALL CAP,469.0,16.012291,3.2958307,0.21211,2.928,0.07485,0.06646,0.2,0.005,Misc,Technology,Communication Equipment,2026-05-29,Communication Equipment,0,0,0,70.37,23.56,91.5,36.11,46.965,54.79,SLOW GROWTH,43,40
LUMAXTECH,116604207104.0,MID CAP,1710.800048828125,46.832745,11.049039,0.11565,87.422,0.101,0.05432,0.403,0.839,Automobiles,Consumer Cyclical,Auto Parts,2026-05-29,Auto Components,0,1,0,85.72,86.72,50.02,57.85,86.22,76.14,HIGH GROWTH,20,40
VIJIFIN,575699968.0,MICRO CAP,4.039999961853027,28.857143,2.7427018,0.08825,31.027,0.86291003,0.41875,1.619,2.12,Financials,Financial Services,Credit Services,2026-05-29,NBFC – Lending,0,1,0,97.36,93.97,20.52,98.59,95.66499999999999,80.93,HIGH GROWTH,43,40
LTTS,372406812672.0,MID CAP,3511.0,30.379856,5.7496767,0.19540001,8.911,0.15217,0.116330005,-0.042,0.067,Technology,Technology,Information Technology Services,2026-05-29,IT Services,0,0,0,18.02,26.91,89.39,72.54,22.465,40.86,SLOW GROWTH,48,40
DBL,68876607488.0,SMALL CAP,424.0,4.9250784,0.8129863,0.22893,115.513,0.14111,0.14497,-0.257,-0.722,Industrials,Industrials,Engineering & Construction,2026-05-29,Engineering & EPC,0,0,0,7.15,3.76,93.11,69.8,5.455,29.42,WEAK GROWTH,48,40
TICL,3563449856.0,MICRO CAP,22.989999771118164,6.05,1.1737376,0.11565,29.454,0.07733,0.62202,0.382,0.0,Industrials,Industrials,Engineering & Construction,2026-05-29,Engineering & EPC,0,0,0,85.0,23.15,50.02,37.17,54.075,51.57,SLOW GROWTH,45,40
SRM,12008964096.0,SMALL CAP,523.2999877929688,14.849602,4.0138373,0.11565,19.915,0.16825001,0.100080006,0.537,0.506,Industrials,Industrials,Engineering & Construction,2026-05-29,Engineering & EPC,0,1,0,89.8,81.26,50.02,75.52,85.53,77.43,HIGH GROWTH,47,40
URBANCO,178049728512.0,MID CAP,121.7699966430664,26.656543,7.9739375,-0.11921,6.335,-0.3008,-0.15095,0.424,0.1685,Technology,Technology,Software - Application,2026-05-29,SaaS,0,1,0,86.66,50.02,2.0,4.97,68.34,48.73,SLOW GROWTH,8,40
SUPREMEIND,458777985024.0,MID CAP,3610.10009765625,47.987503,7.4340024,0.16128999,1.473,0.14222999,0.085039996,0.165,0.475,Misc,Industrials,Building Products & Equipment,2026-05-29,Building Products & Equipment,0,1,0,65.22,80.2,84.1,70.23,72.71000000000001,74.74,HIGH GROWTH,20,40
ALEMBICLTD,22648156160.0,SMALL CAP,88.19999694824219,7.1359224,0.89382523,0.13269,0.435,0.28114998,0.9287488156000011,-0.004,-0.022,Misc,Real Estate,Real Estate - Development,2026-05-29,Real Estate - Development,0,0,0,22.29,21.92,77.4,87.58,22.105,39.71,WEAK GROWTH,78,40
RMC,4232748032.0,MICRO CAP,400.0,10.378827,3.3320007,0.41316003,58.799,0.13352,0.08891,1.301,0.836,Misc,Industrials,Electrical Equipment & Parts,2026-05-29,Electrical Equipment & Parts,0,1,0,96.51,86.68,98.59,67.25,91.595,90.56,ELITE GROWTH,50,40
AVANTIFEED,166069796864.0,MID CAP,1218.9000244140625,21.596386,5.5168824,0.11565,0.441,0.11575,0.10572,0.013,0.21,Misc,Consumer Defensive,Packaged Foods,2026-05-29,Packaged Foods,0,0,0,24.19,69.86,50.02,62.71,47.025,49.19,SLOW GROWTH,51,40
ONEPOINT,17120064512.0,SMALL CAP,65.22000122070312,47.955883,4.082118,0.08809,47.642,0.17313999,0.115550004,0.487,0.184,Misc,Industrials,Specialty Business Services,2026-05-29,Specialty Business Services,0,1,0,88.46,68.27,20.41,76.46,78.365,66.58,MODERATE GROWTH,22,40
TATACONSUM,1186092941312.0,LARGE CAP,1198.5999755859375,77.12998,5.8347893,0.0694,12.159,0.11146,0.076009996,0.179,0.215,Misc,Consumer Defensive,Packaged Foods,2026-05-29,Packaged Foods,0,1,0,67.35,70.27,16.65,61.34,68.81,57.63,MODERATE GROWTH,10,40
KICL,22311079936.0,SMALL CAP,5111.0,51.746483,0.24838898,0.11565,29.454,0.64038,0.55522996,0.163,-0.471,Financials,Financial Services,Asset Management,2026-05-29,Asset Management Companies,0,0,0,64.92,8.56,50.02,96.94,36.74,45.42,SLOW GROWTH,45,40
ASHOKAMET,396186624.0,MICRO CAP,15.850000381469727,3.373465592,0.36070275,0.08558,43.157,0.36486998,0.28937,0.567,0.1685,Misc,Basic Materials,Steel,2026-05-29,Steel,0,1,0,90.29,50.02,19.94,92.01,70.155,62.3,MODERATE GROWTH,50,40
ELECON,119201251328.0,MID CAP,531.2000122070312,34.993412,5.1193585,0.15851,11.824,0.17548001,0.14419,-0.065,-0.9306128,Misc,Industrials,Specialty Industrial Machinery,2026-05-29,Specialty Industrial Machinery,0,0,0,16.35,0.53,83.63,76.85,8.440000000000001,30.32,WEAK GROWTH,40,40
PWL,326033539072.0,MID CAP,114.01000213623047,26.656543,52.298164,-0.00789,23.018,0.11755,-0.0054400004,0.87,0.1685,Misc,Consumer Defensive,Education & Training Services,2026-05-29,Education & Training Services,0,1,0,94.42,50.02,4.43,63.1,72.22,57.75,MODERATE GROWTH,13,40
SYRMA,210346475520.0,MID CAP,1092.0,64.348854,7.2396026,0.14142999,13.045,0.104270004,0.06594,0.584,0.437,Misc,Technology,Electronic Components,2026-05-29,Electronic Components,0,1,0,90.83,79.38,79.67,58.62,85.10499999999999,81.37,HIGH GROWTH,20,40
SURANAT&P,2511559424.0,MICRO CAP,18.5,9.78836,2.0684257,0.11896,34.438,-0.24995,0.40803,4.007,-0.178,Misc,Utilities,Utilities - Independent Power Producers,2026-05-29,Utilities - Independent Power Producers,0,0,0,98.63,16.22,73.6,5.48,57.425,55.47,MODERATE GROWTH,40,40
CPPLUS,342178889728.0,MID CAP,2903.5,90.90482,20.523207,0.11565,8.041,0.11205,0.067210004,0.373,1.235,Misc,Industrials,Building Products & Equipment,2026-05-29,Building Products & Equipment,0,1,0,84.47,89.84,50.02,61.54,87.155,77.17,HIGH GROWTH,20,40
SKIPPER,60849631232.0,SMALL CAP,538.9500122070312,28.576351,4.053292,0.15878999,63.557,0.091129996,0.03838,0.294,0.623,Industrials,Industrials,Engineering & Construction,2026-05-29,Engineering & EPC,0,1,0,80.12,83.39,83.67,42.01,81.755,78.16,HIGH GROWTH,28,40
PAYTM,724427866112.0,LARGE CAP,1131.5999755859375,132.042,4.526925,0.03558,1.073,0.0,0.06554,0.184,0.1685,Technology,Technology,Software - Infrastructure,2026-05-29,Software Products,0,1,0,67.96,50.02,10.73,13.04,58.989999999999995,44.74,SLOW GROWTH,5,40
PROTEAN,25501214720.0,SMALL CAP,627.8499755859375,25.429321,2.5029998,0.09689999,8.121,0.077810004,0.10082,0.384,0.491,Technology,Technology,Information Technology Services,2026-05-29,IT Services,0,1,0,85.1,80.61,22.48,37.52,82.85499999999999,66.25,MODERATE GROWTH,23,40
SHYAMMETL,268254085120.0,MID CAP,963.9500122070312,25.387148,2.4478471,0.08971,8.133,0.09129,0.057690002,0.266,0.414,Misc,Basic Materials,Steel,2026-05-29,Steel,0,1,0,77.56,78.46,20.68,42.15,78.00999999999999,62.96,MODERATE GROWTH,18,40
EXPLEOSOL,13586755584.0,SMALL CAP,875.4500122070312,10.952709,1.7501965,0.17559,1.011,0.12861,0.111899994,0.119,0.732,Technology,Technology,Information Technology Services,2026-05-29,IT Services,0,1,0,49.94,85.35,86.8,65.92,67.645,71.3,HIGH GROWTH,40,40
AUROPHARMA,832974618624.0,LARGE CAP,1447.699951171875,24.00431,2.2193298,0.09932999,21.31,0.14936,0.10414,0.056,0.019,Misc,Healthcare,Drug Manufacturers - Specialty & Generic,2026-05-29,Drug Manufacturers - Specialty & Generic,0,0,0,31.04,24.11,23.38,71.99,27.575,31.18,WEAK GROWTH,23,40
RBLBANK,212952449024.0,MID CAP,343.95001220703125,24.393618,1.2712005,0.11565,29.454,0.13972001,0.09082,0.408,3.679,Financials,Financial Services,Banks - Regional,2026-05-29,Private Sector Banks,0,1,0,86.06,96.4,50.02,69.25,91.23,80.79,HIGH GROWTH,28,40
AVALON,99026116608.0,SMALL CAP,1482.699951171875,87.63002,13.724383,0.16943,29.503,0.101169996,0.0692,0.4,0.69,Misc,Technology,Electronic Components,2026-05-29,Electronic Components,0,1,0,85.59,84.65,85.62,57.97,85.12,82.5,HIGH GROWTH,20,40
BIKAJI,162865823744.0,MID CAP,649.5499877929688,63.24732,10.134017,0.1596,17.531,0.088,0.086260006,0.175,0.258,Misc,Consumer Defensive,Packaged Foods,2026-05-29,Packaged Foods,0,1,0,66.61,72.64,83.82,41.09,69.625,69.61,MODERATE GROWTH,20,40
MINDACORP,148147929088.0,MID CAP,629.4500122070312,41.68543,6.066111,0.14739001,55.348,0.084910005,0.0581,0.29,1.391,Automobiles,Consumer Cyclical,Auto Parts,2026-05-29,Auto Components,0,1,0,79.79,90.87,81.16,40.03,85.33000000000001,79.97,HIGH GROWTH,20,40
VIDHIING,14983499776.0,SMALL CAP,300.0,30.643515,4.8532696,0.15569,17.578,0.15077,0.12883,0.12,0.114,Chemicals,Basic Materials,Specialty Chemicals,2026-05-29,Specialty Chemicals,0,1,0,58.03,29.4,82.92,72.31,43.715,54.42,SLOW GROWTH,40,40
HYBRIDFIN,519550272.0,MICRO CAP,17.649999618530273,15.619469,1.1744742,0.06479,1.585,0.56216,0.3976,4.493,-0.579,Misc,Financial Services,Capital Markets,2026-05-29,Capital Markets,0,0,0,98.79,6.31,15.82,96.0,52.550000000000004,49.55,SLOW GROWTH,50,40
SOMATEX,3563891200.0,MICRO CAP,104.9000015258789,66.3924,2.1625745,0.11565,0.187,0.00928,0.15264,5.038001600000003,0.1685,Misc,Consumer Cyclical,Textile Manufacturing,2026-05-29,Textile Manufacturing,0,1,0,99.51,50.02,50.02,14.61,74.765,63.8,MODERATE GROWTH,50,40
ATHERENERG,378444185600.0,MID CAP,988.1500244140625,26.656543,14.694118,-0.294667488,25.819,-0.10333,-0.14085001,0.737,0.1685,Automobiles,Consumer Cyclical,Auto Manufacturers,2026-05-29,Passenger Vehicles,0,1,0,93.4,50.02,0.53,7.52,71.71000000000001,51.06,SLOW GROWTH,8,40
ROSSTECH,40595038208.0,SMALL CAP,1072.800048828125,184.3299,28.617922,0.15179,264.369,0.08776,0.04513,0.646,0.106,Misc,Industrials,Aerospace & Defense,2026-05-29,Aerospace & Defense,0,1,0,92.21,28.97,82.3,41.01,60.589999999999996,62.97,MODERATE GROWTH,20,40
MAYURUNIQ,33586688000.0,SMALL CAP,772.9500122070312,17.523237,3.301244,0.18365,0.687,0.28677,0.19827999,0.091,0.434,Misc,Consumer Cyclical,Textile Manufacturing,2026-05-29,Textile Manufacturing,1,0,1,37.54,79.2,88.01,87.94,58.370000000000005,67.26,MODERATE GROWTH,73,35
GRWRHITECH,137842442240.0,MID CAP,5933.2998046875,40.811665,5.189226,0.13454,0.59,0.20688999,0.15953,0.089,0.391,Chemicals,Basic Materials,Specialty Chemicals,2026-05-29,Specialty Chemicals,0,0,0,37.09,77.93,77.79,81.59,57.510000000000005,63.97,MODERATE GROWTH,50,35
IRIS,5388880896.0,MICRO CAP,262.0,38.41642,2.6808553,0.10232,0.824,0.12312999,0.9287488156000011,0.13,0.473,Technology,Technology,Software - Application,2026-05-29,SaaS,0,1,0,59.6,80.1,24.21,64.43,69.85,60.18,MODERATE GROWTH,40,35
ITCHOTELS,327423033344.0,MID CAP,157.19000244140625,39.997456,2.954033,0.11565,0.634,0.28756002,0.19205,-0.648,-0.498,Misc,Consumer Cyclical,Resorts & Casinos,2026-05-29,Resorts & Casinos,0,0,0,2.0,7.89,50.02,88.05,4.945,22.27,WEAK GROWTH,50,35
KOTHARIPET,7349915648.0,MICRO CAP,124.9000015258789,10.137987,1.9713063,0.21371001,0.601,0.14228,0.12258001,-0.0,0.032,Chemicals,Basic Materials,Specialty Chemicals,2026-05-29,Specialty Chemicals,1,0,0,22.82,24.95,91.77,70.27,23.884999999999998,42.1,SLOW GROWTH,58,35
MACPOWER,9804077056.0,MICRO CAP,980.0,30.237581,6.3147182,0.11565,0.841,0.15888,0.10346,0.433,1.19,Misc,Industrials,Specialty Industrial Machinery,2026-05-29,Specialty Industrial Machinery,0,1,0,87.0,89.54,50.02,73.87,88.27000000000001,79.18,HIGH GROWTH,50,35
UNIMECH,48364896256.0,SMALL CAP,951.0,72.15478,6.850943,0.11565,16.073,-0.1583,0.29236,-0.374,-0.861,Misc,Industrials,Aerospace & Defense,2026-05-29,Aerospace & Defense,0,0,0,4.78,1.92,50.02,6.5,3.35,13.0,WEAK GROWTH,25,30
STYLEBAAZA,25071429632.0,SMALL CAP,336.0,53.50318,5.576671,0.10977,221.076,0.00091,0.02546,0.348,0.1685,Misc,Consumer Cyclical,Apparel Retail,2026-05-29,Apparel Retail,0,1,0,83.22,50.02,26.13,13.47,66.62,53.21,SLOW GROWTH,20,30
SPANDANA,22610165760.0,SMALL CAP,255.0800018310547,26.656543,0.8710648,-0.29358,185.142,0.047399998,0.0,2.56,0.1685,Financials,Financial Services,Credit Services,2026-05-29,NBFC – Lending,0,1,0,98.28,50.02,1.06,26.17,74.15,54.73,SLOW GROWTH,13,30
SOLARA,26382360576.0,SMALL CAP,547.6500244140625,26.656543,1.8678505,-0.0063,54.682,0.09263,-0.0053899996,0.436,0.1685,Misc,Healthcare,Drug Manufacturers - Specialty & Generic,2026-05-29,Drug Manufacturers - Specialty & Generic,0,1,0,87.03,50.02,4.62,42.81,68.525,53.17,SLOW GROWTH,13,30
TATAPOWER,1358498627584.0,LARGE CAP,425.1499938964844,36.306576,3.5883389,0.11336,167.811,0.088520005,0.06002,-0.128,-0.046,Misc,Utilities,Utilities - Independent Power Producers,2026-05-29,Utilities - Independent Power Producers,0,0,0,11.83,20.92,27.11,41.28,16.375,21.01,WEAK GROWTH,20,30
HONAUT,318858821632.0,MID CAP,36040.0,60.73987,7.607443,0.12352,2.476,0.14407,0.11213,0.059,0.141,Misc,Industrials,Electrical Equipment & Parts,2026-05-29,Electrical Equipment & Parts,0,0,0,31.59,31.12,74.85,70.54,31.355,43.97,SLOW GROWTH,25,30
PIIND,426452975616.0,MID CAP,2811.39990234375,32.263287,3.9388747,0.123509996,3.048,0.14706999,0.19673,-0.124,-0.394,Chemicals,Basic Materials,Agricultural Inputs,2026-05-29,Agrochemicals,0,0,0,11.99,9.95,74.81,71.17,10.969999999999999,29.76,WEAK GROWTH,33,30
KSHINTL,54529781760.0,SMALL CAP,804.7999877929688,43.71537,13.042491,0.11565,139.569,0.05178,0.036229998,0.585,-0.119,Misc,Industrials,Electrical Equipment & Parts,2026-05-29,Electrical Equipment & Parts,0,0,0,90.89,18.17,50.02,27.73,54.53,50.95,SLOW GROWTH,20,30
ICEMAKE,13766242304.0,SMALL CAP,872.4000244140625,99.47548,11.40422,0.11565,139.699,0.0367,0.02326,0.387,-0.489,Misc,Industrials,Specialty Industrial Machinery,2026-05-29,Specialty Industrial Machinery,0,0,0,85.19,8.11,50.02,22.25,46.65,44.88,SLOW GROWTH,20,30
PASUPTAC,5381857792.0,MICRO CAP,60.380001068115234,9.801949,1.235346,0.1749,24.599,0.14536001,0.06922,0.453,1.341,Misc,Consumer Cyclical,Textile Manufacturing,2026-05-29,Textile Manufacturing,0,1,0,87.54,90.52,86.68,71.01,89.03,86.76,ELITE GROWTH,35,30
TEGA,118551502848.0,MID CAP,1578.0,52.477554,7.1193967,0.11565,20.696,0.055040002,0.118669994,-0.014,-0.653,Misc,Industrials,Specialty Industrial Machinery,2026-05-29,Specialty Industrial Machinery,0,0,0,21.09,4.94,50.02,29.02,13.015,22.02,WEAK GROWTH,25,30
BELRISE,191813451776.0,MID CAP,215.5500030517578,37.036083,3.5377822,0.11565,29.1,0.077800006,0.05164,0.121,-0.094,Automobiles,Consumer Cyclical,Auto Parts,2026-05-29,Auto Components,0,0,0,58.15,19.15,50.02,37.49,38.65,40.81,SLOW GROWTH,20,30
E2E,78891442176.0,SMALL CAP,3949.199951171875,26.656543,4.698721,-0.0095,9.441,0.07064,-0.063379996,1.857,-0.596,Technology,Technology,Software - Infrastructure,2026-05-29,Software Products,0,0,0,97.69,5.82,4.27,34.39,51.754999999999995,40.52,SLOW GROWTH,13,30
PALASHSECU,1009212928.0,MICRO CAP,100.88999938964844,6.2820673,0.17458159,0.02155,0.08216,-0.24718,0.21735,-0.7896912,0.1685,Misc,Consumer Defensive,Packaged Foods,2026-05-29,Packaged Foods,0,0,0,0.53,50.02,8.97,5.52,25.275000000000002,20.04,WEAK GROWTH,55,30
BIRET,218665304064.0,MID CAP,263.49,36.14403,1.1524885,0.11565,29.454,0.096020006,0.06315,0.119,0.1685,Misc,Unknown,Unknown,2026-05-29,Diversified,0,1,0,49.94,50.02,50.02,50.02,49.980000000000004,49.99,SLOW GROWTH,20,30
VHLTD,9464450048.0,MICRO CAP,139.8000030517578,42.752296,3.5318193,0.071669996,98.937,0.21816,0.122329995,0.402,-0.451,Misc,Consumer Cyclical,Lodging,2026-05-29,Lodging,0,0,0,85.62,8.87,17.16,82.65,47.245000000000005,44.77,SLOW GROWTH,22,30
PATELRMART,6212498432.0,MICRO CAP,186.0,17.142857,1.4248725,0.15668,44.929,0.03227,0.037249997,0.521,0.038,Misc,Consumer Cyclical,Department Stores,2026-05-29,Department Stores,0,0,0,89.39,25.23,83.16,20.72,57.31,58.82,MODERATE GROWTH,35,30
GAIL,1094685032448.0,LARGE CAP,166.49000549316406,14.439723,1.2418882,0.08688,27.809,0.02754,0.05355,-0.024,-0.403,Misc,Utilities,Utilities - Regulated Gas,2026-05-29,Utilities - Regulated Gas,0,0,0,19.96,9.73,20.17,19.0,14.845,16.33,WEAK GROWTH,25,30
JKPAPER,68366237696.0,SMALL CAP,377.04998779296875,25.737202,1.2390935,0.047810003,44.544,0.08992,0.03757,0.224,0.591,Misc,Basic Materials,Paper & Paper Products,2026-05-29,Paper & Paper Products,0,1,0,73.35,82.84,13.04,41.72,78.095,61.45,MODERATE GROWTH,18,30
VHL,10923670528.0,SMALL CAP,3422.699951171875,5.055911,0.29243532,0.11565,29.454,0.91814005,0.9287488156000011,-0.114,-0.183,Financials,Financial Services,Credit Services,2026-05-29,NBFC – Lending,0,0,0,13.06,15.82,50.02,98.98,14.440000000000001,30.01,WEAK GROWTH,60,30
IKIO,11939868672.0,SMALL CAP,154.5,31.659836,1.9829556,0.07095,11.438,0.10614,0.063540004,0.473,0.1685,Misc,Technology,Electronic Components,2026-05-29,Electronic Components,0,1,0,88.17,50.02,16.94,59.42,69.095,57.7,MODERATE GROWTH,18,30
UNITECH,12950689792.0,SMALL CAP,4.949999809265137,26.656543,-0.16157462,0.11565,29.454,-1.7002499,0.0,0.912,0.1685,Misc,Real Estate,Real Estate - Diversified,2026-05-29,Real Estate - Diversified,0,1,0,94.63,50.02,50.02,1.65,72.325,60.8,MODERATE GROWTH,18,30
BALAMINES,58843455488.0,SMALL CAP,1816.0999755859375,35.24355,2.9054394,0.08113,6.194,0.2034,0.11733,0.119,0.617,Chemicals,Basic Materials,Specialty Chemicals,2026-05-29,Specialty Chemicals,0,1,0,49.94,83.24,19.08,80.92,66.59,58.52,MODERATE GROWTH,22,30
SHANTIGEAR,33984448512.0,SMALL CAP,442.8500061035156,44.418255,7.882138,0.18186001,29.454,0.14197,0.14779,-0.118,-0.276,Misc,Industrials,Specialty Industrial Machinery,2026-05-29,Specialty Industrial Machinery,0,0,0,12.5,12.89,87.66,70.19,12.695,33.44,WEAK GROWTH,33,30
SAFARI,73669713920.0,SMALL CAP,1503.5999755859375,43.939213,7.0500855,0.16223,10.456,0.092819996,0.081949994,0.124,-0.003,Misc,Consumer Cyclical,Footwear & Accessories,2026-05-29,Footwear & Accessories,0,0,0,58.75,22.74,84.21,42.93,40.745,49.66,SLOW GROWTH,20,30
WALCHANNAG,17752420352.0,SMALL CAP,261.4100036621094,26.656543,5.0759225,-0.04013,61.011,0.014839999,-0.053340003,0.753,0.1685,Industrials,Industrials,Engineering & Construction,2026-05-29,Engineering & EPC,0,1,0,93.5,50.02,3.02,15.59,71.76,52.4,SLOW GROWTH,13,30
UNIECOM,9775863808.0,MICRO CAP,86.98999786376953,48.870785,5.2852545,0.1555,4.907,0.11587,0.10012,0.166,-0.017,Technology,Technology,Software - Application,2026-05-29,SaaS,0,0,0,65.43,22.09,82.82,62.75,43.760000000000005,53.47,SLOW GROWTH,25,30
RAMRAT,40364138496.0,SMALL CAP,432.3999938964844,47.0,7.94444,0.11565,122.585,0.049829997,0.01968,0.438,0.796,Misc,Industrials,Electrical Equipment & Parts,2026-05-29,Electrical Equipment & Parts,0,1,0,87.11,86.21,50.02,27.03,86.66,73.37,HIGH GROWTH,20,30
EIDPARRY,136202387456.0,MID CAP,765.5,11.466447,1.574293,0.11565,18.388,0.06122,0.03174,0.183,0.191,Chemicals,Basic Materials,Agricultural Inputs,2026-05-29,Agrochemicals,0,1,0,67.88,68.74,50.02,31.24,68.31,60.94,MODERATE GROWTH,35,30
SAKSOFT,18536683520.0,SMALL CAP,145.0,14.229637,2.6504834,0.19065,5.607,0.16792999,0.13232,0.037,0.217,Technology,Technology,Information Technology Services,2026-05-29,IT Services,0,0,1,27.93,70.39,88.99,75.44,49.16,59.75,MODERATE GROWTH,55,30
ABLBL,123030708224.0,MID CAP,101.29000091552734,71.83688,9.536767,0.12724,213.719,0.065349996,0.02037,0.119,0.452,Misc,Consumer Cyclical,Apparel Retail,2026-05-29,Apparel Retail,0,1,0,49.94,79.69,75.79,32.51,64.815,63.78,MODERATE GROWTH,20,30
WEWIN,544731200.0,MICRO CAP,53.61000061035156,19.01064,1.7653451,0.15142,10.825,0.0233,0.048070002,0.517,-0.707,Technology,Technology,Information Technology Services,2026-05-29,IT Services,0,0,0,89.25,3.98,82.14,17.86,46.615,50.84,SLOW GROWTH,35,30
TAKE,4503729664.0,MICRO CAP,30.799999237060547,106.206894,17.579908,0.16519,29.454,-0.0152199995,0.17823,0.119,0.1685,Healthcare,Healthcare,Biotechnology,2026-05-29,Biotechnology,0,1,0,49.94,50.02,84.88,11.08,49.980000000000004,53.07,SLOW GROWTH,20,30
NIACL,262015533056.0,MID CAP,158.99000549316406,18.551928,0.6785774,0.03421,29.454,0.05451,0.028380001,0.137,0.608,Financials,Financial Services,Insurance - Diversified,2026-05-29,General Insurance,0,1,0,61.03,83.06,10.58,28.71,72.045,55.42,MODERATE GROWTH,25,30
ARIHANT,9776247808.0,MICRO CAP,900.0,13.955652,2.6058104,0.11565,93.207,0.26424,0.18591,0.968,0.947,Misc,Real Estate,Real Estate - Development,2026-05-29,Real Estate - Development,0,1,0,94.99,87.82,50.02,86.49,91.405,82.64,HIGH GROWTH,55,30
MAHLOG,34112688128.0,SMALL CAP,343.79998779296875,538.1866320000008,4.325943,0.01279,46.725,0.02527,0.00033,0.201,0.289,Misc,Industrials,Integrated Freight & Logistics,2026-05-29,Integrated Freight & Logistics,0,1,0,70.51,74.25,7.56,18.37,72.38,54.02,SLOW GROWTH,10,30
WINDMACHIN,26509594624.0,SMALL CAP,290.3500061035156,538.1866320000008,3.3541656,0.11565,5.437,-0.01609,-0.028199999,0.252,0.1685,Misc,Industrials,Specialty Industrial Machinery,2026-05-29,Specialty Industrial Machinery,0,1,0,76.28,50.02,50.02,10.97,63.150000000000006,55.31,MODERATE GROWTH,10,30
BLUESTONE,72683790336.0,SMALL CAP,477.04998779296875,463.15533,4.0329876,0.00971,110.033,0.1027,0.0060900003,0.477,0.1685,Misc,Consumer Cyclical,Luxury Goods,2026-05-29,Luxury Goods,0,1,0,88.29,50.02,6.85,58.21,69.155,55.6,MODERATE GROWTH,10,30
UFBL,19449387008.0,SMALL CAP,497.6000061035156,26.656543,5.9295273,-0.17889,275.522,0.016180001,-0.04417,0.231,0.1685,Hospitality,Consumer Cyclical,Restaurants,2026-05-29,Restaurants,0,1,0,74.17,50.02,1.53,15.82,62.095,45.35,SLOW GROWTH,13,30
RPTECH,36185505792.0,SMALL CAP,549.0999755859375,13.334142,1.9507948,0.14938,48.65,0.028180001,0.01754,0.51,0.606,Misc,Technology,Electronics & Computer Distribution,2026-05-29,Electronics & Computer Distribution,0,1,0,88.95,83.0,81.71,19.35,85.975,78.46,HIGH GROWTH,35,30
AARTIIND,177556701184.0,MID CAP,489.04998779296875,42.2688,2.968599,0.07249,83.392,0.09837,0.05057,0.132,0.434,Chemicals,Basic Materials,Specialty Chemicals,2026-05-29,Specialty Chemicals,0,1,0,60.09,79.2,17.27,56.87,69.64500000000001,57.89,MODERATE GROWTH,10,30
JSWCEMENT,174591131648.0,MID CAP,130.1699981689453,26.656543,2.6639245,-0.17950001,68.39,0.14854,-0.11613,0.109,7.088,Misc,Basic Materials,Building Materials,2026-05-29,Building Materials,0,1,0,40.44,98.08,1.49,71.8,69.25999999999999,55.96,MODERATE GROWTH,13,30
SIS,56788770816.0,SMALL CAP,401.8999938964844,41.69087,2.2520328,0.05565,70.299,0.030439999,0.0086199995,0.31,0.1685,Misc,Industrials,Security & Protection Services,2026-05-29,Security & Protection Services,0,1,0,81.34,50.02,14.49,20.33,65.68,50.91,SLOW GROWTH,10,30
NEWGEN,62653644800.0,SMALL CAP,443.8500061035156,21.065496,3.5113049,0.18250999,2.214,0.31538,0.19092,0.053,-0.009,Technology,Technology,Software - Infrastructure,2026-05-29,Software Products,0,0,0,30.45,22.6,87.74,89.54,26.525,45.07,SLOW GROWTH,56,30
AFSL,10212408320.0,SMALL CAP,201.05999755859375,9.67565,0.8148493,0.083579995,55.763,0.00182,0.00403,5.038001600000003,0.1685,Misc,Financial Services,Capital Markets,2026-05-29,Capital Markets,0,1,0,99.51,50.02,19.66,13.67,74.765,57.63,MODERATE GROWTH,25,30
CCAVENUE,48699465728.0,SMALL CAP,13.989999771118164,17.935898,0.97044945,0.11565,1.811,0.03235,0.03665,1.225,0.13,Technology,Technology,Software - Infrastructure,2026-05-29,Software Products,0,1,0,96.16,30.47,50.02,20.8,63.315,56.4,MODERATE GROWTH,35,30
NAVKARURB,1088427648.0,MICRO CAP,0.9700000286102295,26.656543,1.5798045,0.01852,3.591,0.08874,0.12576,3.145,0.1685,Misc,Basic Materials,Building Materials,2026-05-29,Building Materials,0,1,0,98.51,50.02,8.5,41.36,74.265,57.82,MODERATE GROWTH,23,30
ASTERDM,384652476416.0,MID CAP,744.0999755859375,116.81319,8.379976,0.10067,45.921,0.13984,0.08359,0.182,0.715,Misc,Healthcare,Medical Care Facilities,2026-05-29,Medical Care Facilities,0,1,0,67.76,85.08,23.78,69.33,76.42,65.18,MODERATE GROWTH,20,30
ONGC,3368369782784.0,MEGA CAP,267.75,8.128416,0.9060914,0.12703,42.548,0.09212,0.06255,0.019,0.478,Energy,Energy,Oil & Gas Integrated,2026-05-29,Oil Marketing,0,0,0,25.07,80.32,75.71,42.54,52.69499999999999,56.28,MODERATE GROWTH,35,30
ACC,265756524544.0,MID CAP,1415.199951171875,12.462134,1.2929031,0.109280005,2.085,0.04856,0.082320005,0.178,-0.683,Misc,Basic Materials,Building Materials,2026-05-29,Building Materials,0,0,0,67.14,4.58,25.89,26.56,35.86,32.94,WEAK GROWTH,35,30
MONTECARLO,11547759616.0,SMALL CAP,557.0,10.305273,1.3851415,0.12880999,63.989,0.030569999,0.08783,0.361,0.1685,Misc,Consumer Cyclical,Apparel Manufacturing,2026-05-29,Apparel Manufacturing,0,1,0,83.82,50.02,76.3,20.37,66.92,64.14,MODERATE GROWTH,35,30
EMBASSY,350644862976.0,MID CAP,369.92,103.32961,1.5405375,0.11565,29.454,0.096020006,0.06315,0.119,0.1685,Misc,Unknown,Unknown,2026-05-29,Diversified,0,1,0,49.94,50.02,50.02,50.02,49.980000000000004,49.99,SLOW GROWTH,20,30
UNIDT,4839453184.0,MICRO CAP,238.36000061035156,25.38445,1.6798337,0.069759995,1.153,0.14533,0.10474,0.392,0.279,Misc,Energy,Oil & Gas Equipment & Services,2026-05-29,Oil & Gas Equipment & Services,0,1,0,85.31,73.72,16.73,70.94,79.515,66.1,MODERATE GROWTH,23,30
GANECOS,25379135488.0,SMALL CAP,948.2999877929688,65.30991,1.987871,0.0315,38.851,0.083009996,0.02579,0.231,-0.075,Misc,Consumer Cyclical,Textile Manufacturing,2026-05-29,Textile Manufacturing,0,0,0,74.17,19.86,10.24,39.25,47.015,38.88,WEAK GROWTH,10,30
MAHSEAMLES,85183324160.0,SMALL CAP,635.7000122070312,12.145587,1.2975243,0.106079996,0.194,0.12869,0.13854,-0.16,-0.502,Misc,Basic Materials,Steel,2026-05-29,Steel,0,0,0,10.22,7.56,25.23,66.0,8.89,17.87,WEAK GROWTH,65,30
SREEL,4561537536.0,MICRO CAP,197.0,18.726234,0.9409719,0.11565,0.495,0.15831,0.100530006,0.142,0.208,Misc,Consumer Cyclical,Footwear & Accessories,2026-05-29,Footwear & Accessories,0,1,0,61.93,69.68,50.02,73.72,65.805,63.44,MODERATE GROWTH,65,30
ESAFSFB,14921326592.0,SMALL CAP,28.920000076293945,26.656543,0.8487908,0.11565,29.454,0.019919999,-0.28413,1.423,0.1685,Financials,Financial Services,Banks - Regional,2026-05-29,Private Sector Banks,0,1,0,96.91,50.02,50.02,17.02,73.465,63.13,MODERATE GROWTH,23,30
CELLO,83273662464.0,SMALL CAP,377.0,25.663717,3.638715,0.11565,0.221,0.17953,0.13387999,0.002,-0.278,Misc,Consumer Cyclical,"Furnishings, Fixtures & Appliances",2026-05-29,"Furnishings, Fixtures & Appliances",0,0,0,23.05,12.83,50.02,77.4,17.94,30.3,WEAK GROWTH,65,30
STOVEKRAFT,20231882752.0,SMALL CAP,611.0999755859375,48.27014,4.087215,0.08613,23.223,0.03125,0.02626,0.306,3.159,Misc,Consumer Cyclical,"Furnishings, Fixtures & Appliances",2026-05-29,"Furnishings, Fixtures & Appliances",0,1,0,81.0,95.85,20.05,20.52,88.425,67.96,MODERATE GROWTH,10,30
ADVANCE,6615000576.0,MICRO CAP,102.9000015258789,15.83077,2.35928,0.17179,31.588,0.10065,0.054980002,0.379,2.281,Chemicals,Basic Materials,Agricultural Inputs,2026-05-29,Agrochemicals,0,1,0,84.76,94.32,86.02,57.81,89.53999999999999,85.66,ELITE GROWTH,35,30
PRABHA,23173158912.0,SMALL CAP,158.10000610351562,26.656543,3.4750311,0.0014,37.627,-0.03276,0.093210004,0.417,0.1685,Misc,Energy,Oil & Gas E&P,2026-05-29,Oil & Gas E&P,0,1,0,86.33,50.02,5.29,9.75,68.175,49.76,SLOW GROWTH,13,30
JAGSNPHARM,13977028608.0,SMALL CAP,208.17999267578125,32.992077,5.2838907,0.16695,2.956,0.13769001,0.14998999,0.096,0.238,Misc,Healthcare,Drug Manufacturers - Specialty & Generic,2026-05-29,Drug Manufacturers - Specialty & Generic,0,0,0,38.64,71.41,85.12,68.63,55.025,62.4,MODERATE GROWTH,33,30
PANSARI,5118891008.0,MICRO CAP,293.3999938964844,30.061474,3.6104105,0.11565,47.606,0.13154,0.16825001,5.038001600000003,14.661280000000012,Misc,Real Estate,Real Estate - Development,2026-05-29,Real Estate - Development,0,1,0,99.51,99.51,50.02,66.59,99.51,86.32,ELITE GROWTH,33,30
CROMPTON,189837492224.0,MID CAP,290.45001220703125,26.656543,6.306453,-0.06337,5.797,0.099,-0.02991,0.108,0.1685,Misc,Consumer Cyclical,"Furnishings, Fixtures & Appliances",2026-05-29,"Furnishings, Fixtures & Appliances",0,1,0,40.34,50.02,2.7,57.15,45.18000000000001,37.88,WEAK GROWTH,13,30
CONCOR,359407484928.0,MID CAP,471.8999938964844,28.880049,2.7678232,0.097559996,7.39,0.12122,0.13149999,-0.011,-0.12,Misc,Industrials,Railroads,2026-05-29,Railroads,0,0,0,21.43,18.12,22.8,63.96,19.775,24.8,WEAK GROWTH,23,30
SANATHAN,34280706048.0,SMALL CAP,406.1499938964844,44.387978,1.8279893,0.04204,80.77,0.053189997,0.020299999,0.597,-0.504,Misc,Consumer Cyclical,Textile Manufacturing,2026-05-29,Textile Manufacturing,0,0,0,91.28,7.48,11.83,28.44,49.38,39.78,WEAK GROWTH,10,30
AEGISLOG,261354586112.0,MID CAP,744.1500244140625,33.968975,4.396889,0.11565,28.45,0.14162,0.103369996,0.011,0.424,Misc,Energy,Oil & Gas Refining & Marketing,2026-05-29,Oil & Gas Refining & Marketing,0,0,0,23.91,78.73,50.02,70.04,51.32,52.93,SLOW GROWTH,33,30
DHANUKA,51236020224.0,SMALL CAP,1136.5999755859375,17.831816,3.3193638,0.18624,1.822,0.22464001,0.14220999,0.093,0.296,Chemicals,Basic Materials,Agricultural Inputs,2026-05-29,Agrochemicals,0,0,1,37.96,74.68,88.41,83.47,56.32000000000001,65.45,MODERATE GROWTH,55,30
RELIGARE,79348842496.0,SMALL CAP,238.14999389648438,91.94981,2.7201598,0.02001,12.72,0.055359997,0.01012,0.221,-0.169,Financials,Financial Services,Insurance - Life,2026-05-29,Life Insurance,0,0,0,72.86,16.63,8.89,29.06,44.745,36.01,WEAK GROWTH,10,30
SIGNPOST,15866633216.0,SMALL CAP,296.8500061035156,31.647121,6.302414,0.11565,82.071,0.19243999,0.09528,0.269,2.139,Misc,Communication Services,Advertising Agencies,2026-05-29,Advertising Agencies,0,1,0,77.89,94.01,50.02,79.32,85.95,78.1,HIGH GROWTH,35,30
SASKEN,34600853504.0,SMALL CAP,2278.39990234375,64.25268,4.306164,0.06988,3.212,0.109280005,0.04682,1.36,1.444,Technology,Technology,Information Technology Services,2026-05-29,IT Services,0,1,0,96.75,91.3,16.76,60.6,94.025,75.23,HIGH GROWTH,10,30
DEEDEV,40796110848.0,SMALL CAP,589.0,52.920036,4.891417,0.09127,79.221,0.13762,0.06774,0.263,-0.121,Misc,Industrials,Metal Fabrication,2026-05-29,Metal Fabrication,0,0,0,77.32,18.06,21.03,68.55,47.69,44.44,SLOW GROWTH,10,30
LMW,169517842432.0,MID CAP,15868.0,130.5149,5.991479,0.046329997,29.454,0.04242,0.040760003,0.161,0.332,Misc,Industrials,Specialty Industrial Machinery,2026-05-29,Specialty Industrial Machinery,0,1,0,64.59,76.24,12.77,24.17,70.41499999999999,54.26,SLOW GROWTH,10,30
SUDARSCHEM,75030364160.0,SMALL CAP,954.25,336.00354,2.1144097,0.0103400005,64.172,0.02832,0.00228,1.065,0.1685,Chemicals,Basic Materials,Specialty Chemicals,2026-05-29,Specialty Chemicals,0,1,0,95.5,50.02,7.01,19.39,72.76,54.27,SLOW GROWTH,10,30
PVRINOX,94674575360.0,SMALL CAP,964.0999755859375,53.53137,1.3305364,0.024400001,91.874,0.07839,0.05027,0.238,0.1685,Misc,Communication Services,Entertainment,2026-05-29,Entertainment,0,1,0,75.17,50.02,9.36,37.84,62.595,49.47,SLOW GROWTH,10,30
VMART,52939194368.0,SMALL CAP,665.5,56.542053,5.297175,0.14081,100.682,0.026919998,0.03272,0.245,-0.358,Misc,Consumer Cyclical,Department Stores,2026-05-29,Department Stores,0,0,0,75.64,10.93,79.55,18.68,43.285,48.08,SLOW GROWTH,20,30
TATVA,27057590272.0,SMALL CAP,1156.699951171875,64.26111,3.4628315,0.05531,15.398,0.13696,0.083129995,0.244,9.075,Chemicals,Basic Materials,Specialty Chemicals,2026-05-29,Specialty Chemicals,0,1,0,75.5,98.35,14.41,68.25,86.925,70.55,HIGH GROWTH,10,30
VGUARD,135933353984.0,MID CAP,311.20001220703125,44.457146,6.2263665,0.13793,6.964,0.08125,0.051680002,0.141,0.231,Misc,Industrials,Electrical Equipment & Parts,2026-05-29,Electrical Equipment & Parts,0,1,0,61.71,70.99,78.79,38.74,66.35,66.08,MODERATE GROWTH,20,30
KDDL,34525310976.0,SMALL CAP,2807.10009765625,41.494457,3.1958642,0.08123,26.688,0.091129996,0.04091,0.37,0.257,Misc,Consumer Cyclical,Luxury Goods,2026-05-29,Luxury Goods,0,1,0,84.25,72.54,19.11,42.01,78.39500000000001,62.9,MODERATE GROWTH,10,30
YASHO,24875540480.0,SMALL CAP,2060.0,98.47036,5.80761,0.05849,125.684,0.123100005,0.03043,0.347,1.32,Chemicals,Basic Materials,Specialty Chemicals,2026-05-29,Specialty Chemicals,0,1,0,83.12,90.44,14.83,64.39,86.78,70.15,HIGH GROWTH,10,30
CARBORUNIV,204361433088.0,MID CAP,1072.800048828125,103.652176,5.203044,0.043670002,10.292,0.056950003,0.0374,0.149,0.1685,Misc,Industrials,Conglomerates,2026-05-29,Conglomerates,0,1,0,62.98,50.02,12.18,29.61,56.5,44.95,SLOW GROWTH,10,30
VIKRAN,18977093632.0,SMALL CAP,73.58000183105469,18.1679,1.317033,0.10755,24.318,0.14081,0.0734,0.822,0.053,Industrials,Industrials,Engineering & Construction,2026-05-29,Engineering & EPC,0,0,0,94.03,26.05,25.58,69.6,60.04,54.1,SLOW GROWTH,35,30
JUBLPHARMA,156795371520.0,MID CAP,989.9500122070312,39.45596,2.3804142,0.05962,50.943,0.09716,0.048130002,0.187,-0.224,Misc,Healthcare,Drug Manufacturers - Specialty & Generic,2026-05-29,Drug Manufacturers - Specialty & Generic,0,0,0,68.35,14.12,14.92,56.44,41.235,37.49,WEAK GROWTH,10,30
PIXTRANS,21879347200.0,SMALL CAP,1605.800048828125,20.022446,3.428713,0.16535999,3.477,0.14804,0.18356001,0.023,-0.107,Misc,Industrials,Specialty Industrial Machinery,2026-05-29,Specialty Industrial Machinery,0,0,0,25.81,18.57,84.92,71.6,22.189999999999998,39.68,WEAK GROWTH,33,30
BLKASHYAP,12480450560.0,SMALL CAP,55.349998474121094,115.3125,2.3875253,0.11565,58.747,0.08552,0.00825,0.339,9.4,Industrials,Industrials,Engineering & Construction,2026-05-29,Engineering & EPC,0,1,0,82.9,98.43,50.02,40.31,90.665,77.5,HIGH GROWTH,20,30
JNKINDIA,21150580736.0,SMALL CAP,378.0,32.6707,3.870492,0.12089,15.97,0.12755999,0.07934,0.769,1.464,Misc,Industrials,Specialty Industrial Machinery,2026-05-29,Specialty Industrial Machinery,0,1,0,93.65,91.5,74.23,65.69,92.575,86.22,ELITE GROWTH,28,30
VENUSPIPES,29396160512.0,SMALL CAP,1419.0,29.125614,4.777424,0.11565,42.716,0.14406,0.08906999,0.283,0.413,Misc,Basic Materials,Steel,2026-05-29,Steel,0,1,0,79.26,78.38,50.02,70.51,78.82,72.23,HIGH GROWTH,28,30
SERVOTECH,21202327552.0,SMALL CAP,93.87999725341797,75.104,7.4143105,0.118719995,71.469,0.07117,0.04996,0.486,0.35,Misc,Industrials,Electrical Equipment & Parts,2026-05-29,Electrical Equipment & Parts,0,1,0,88.41,76.62,73.56,34.63,82.515,75.94,HIGH GROWTH,20,30
MEDIASSIST,28013189120.0,SMALL CAP,375.0,30.940594,3.2592258,0.12717,6.382,0.112849995,0.09714,0.281,1.404,Misc,Healthcare,Healthcare Plans,2026-05-29,Healthcare Plans,0,1,0,79.04,90.95,75.75,61.89,84.995,80.84,HIGH GROWTH,28,30
AWFIS,23909259264.0,SMALL CAP,334.1000061035156,33.64552,4.326039,0.14007,271.732,0.12402,0.04467,0.207,1.068,Misc,Industrials,Rental & Leasing Services,2026-05-29,Rental & Leasing Services,0,1,0,71.45,88.76,79.36,64.75,80.105,78.42,HIGH GROWTH,28,30
AUSOMENT,1933863168.0,MICRO CAP,141.9499969482422,6.514456,1.2186537,0.11565,0.08216,0.04235,0.01363,5.038001600000003,11.583,Misc,Financial Services,Capital Markets,2026-05-29,Capital Markets,0,1,0,99.51,98.75,50.02,24.13,99.13,81.81,HIGH GROWTH,60,30
JBMA,152609751040.0,MID CAP,645.2999877929688,69.91333,10.744792,0.11565,190.282,0.104270004,0.03583,0.123,-0.171,Automobiles,Consumer Cyclical,Auto Parts,2026-05-29,Auto Components,0,0,0,58.54,16.49,50.02,58.62,37.515,42.13,SLOW GROWTH,20,30
MINDSPACE,228427464704.0,MID CAP,345.06,32.73814,1.4868085,0.11565,29.454,0.096020006,0.06315,0.119,0.1685,Misc,Unknown,Unknown,2026-05-29,Diversified,0,1,0,49.94,50.02,50.02,50.02,49.980000000000004,49.99,SLOW GROWTH,28,30
POWERMECH,78803607552.0,SMALL CAP,2492.5,21.640041,3.4489725,0.17255,25.632,0.09738,0.06005,0.139,0.216,Industrials,Industrials,Engineering & Construction,2026-05-29,Engineering & EPC,0,1,0,61.42,70.33,86.21,56.6,65.875,69.01,MODERATE GROWTH,28,30
ARVINDFASN,61828800512.0,SMALL CAP,462.6000061035156,49.902912,6.5414743,0.15903,115.111,0.08845,0.0231,0.154,0.1685,Misc,Consumer Cyclical,Apparel Manufacturing,2026-05-29,Apparel Manufacturing,0,1,0,63.57,50.02,83.74,41.21,56.795,60.63,MODERATE GROWTH,20,30
HITECH,17806067712.0,SMALL CAP,87.83999633789062,23.549597,1.3565395,0.11565,20.944,0.03292,0.02207,0.405,-0.222,Misc,Basic Materials,Steel,2026-05-29,Steel,0,0,0,85.92,14.34,50.02,21.11,50.13,47.21,SLOW GROWTH,28,30
NELCAST,12264714240.0,SMALL CAP,140.5800018310547,25.23878,2.0442352,0.11565,29.454,0.08154,0.05761,0.273,0.044,Misc,Industrials,Metal Fabrication,2026-05-29,Metal Fabrication,0,0,0,78.28,25.62,50.02,38.82,51.95,50.25,SLOW GROWTH,28,30
JGCHEM,17141944320.0,SMALL CAP,437.45001220703125,26.038692,3.2704587,0.13518,1.192,0.070489995,0.06771,0.276,0.176,Misc,Basic Materials,Other Industrial Metals & Mining,2026-05-29,Other Industrial Metals & Mining,0,1,0,78.65,67.88,77.99,34.35,73.265,70.32,HIGH GROWTH,28,30
LATTEYS,1372425344.0,MICRO CAP,23.8700008392334,77.0,6.5165167,0.16111,91.364,0.05863,0.03042,0.592,1.791,Misc,Industrials,Specialty Industrial Machinery,2026-05-29,Specialty Industrial Machinery,0,1,0,91.13,93.11,84.06,30.16,92.12,84.31,HIGH GROWTH,20,30
PATANJALI,497432985600.0,MID CAP,457.3500061035156,30.201452,4.106495,0.11565,23.903,0.03551,0.04236,0.152,0.597,Misc,Consumer Defensive,Packaged Foods,2026-05-29,Packaged Foods,0,1,0,63.38,82.88,50.02,21.92,73.13,63.39,MODERATE GROWTH,28,30
KPIL,222362927104.0,MID CAP,1302.0999755859375,21.373934,2.860105,0.14513999,45.814,0.06598,0.03832,0.101,0.894,Industrials,Industrials,Engineering & Construction,2026-05-29,Engineering & EPC,0,1,0,39.37,87.31,80.69,32.78,63.34,63.75,MODERATE GROWTH,28,30
ASIANENE,17480386560.0,SMALL CAP,359.79998779296875,31.700438,3.2589989,0.116000004,32.051,0.126,0.06467,0.57,0.414,Misc,Energy,Oil & Gas Equipment & Services,2026-05-29,Oil & Gas Equipment & Services,0,1,0,90.33,78.46,72.66,65.33,84.395,80.14,HIGH GROWTH,28,30
MBAPL,46972424192.0,SMALL CAP,536.0499877929688,31.311329,10.241493,0.11565,68.15,0.09819999,0.059169997,1.158,0.775,Chemicals,Basic Materials,Agricultural Inputs,2026-05-29,Agrochemicals,0,1,0,95.85,85.92,50.02,56.76,90.88499999999999,79.3,HIGH GROWTH,28,30
BANSALWIRE,50567573504.0,SMALL CAP,323.0,31.450827,3.5338008,0.11923,38.769,0.05409,0.03869,0.209,0.209,Misc,Basic Materials,Steel,2026-05-29,Steel,0,1,0,71.7,69.8,73.72,28.67,70.75,67.14,MODERATE GROWTH,28,30
VIDYAWIRES,24017215488.0,SMALL CAP,112.91999816894531,41.82222,9.663671,0.11565,99.197,0.050580002,0.03131,0.293,0.091,Misc,Industrials,Electrical Equipment & Parts,2026-05-29,Electrical Equipment & Parts,0,0,0,80.04,28.26,50.02,27.3,54.150000000000006,50.64,SLOW GROWTH,20,30
STARHEALTH,307852738560.0,MID CAP,523.2000122070312,55.073685,4.0464664,0.11565,29.454,0.03249,0.031229999,0.138,14.661280000000012,Financials,Financial Services,Insurance - Life,2026-05-29,Life Insurance,0,1,0,61.22,99.51,50.02,20.92,80.36500000000001,68.35,MODERATE GROWTH,20,30
HARSHA,37114130432.0,SMALL CAP,407.6499938964844,23.881079,2.8252132,0.11565,24.121,0.110640004,0.06919,0.207,0.259,Misc,Industrials,Tools & Accessories,2026-05-29,Tools & Accessories,0,1,0,71.45,72.72,50.02,61.14,72.08500000000001,66.58,MODERATE GROWTH,28,30
ATULAUTO,13514873856.0,SMALL CAP,487.0,32.01841,5.904748,0.11565,29.454,0.09268,0.08078,0.253,0.561,Automobiles,Consumer Cyclical,Auto Manufacturers,2026-05-29,Passenger Vehicles,0,1,0,76.36,82.16,50.02,42.85,79.25999999999999,69.77,MODERATE GROWTH,28,30
ICICIPRULI,744257552384.0,LARGE CAP,513.6500244140625,46.3165,5.4547873,0.12579,19.037,0.08467,0.02525,-0.789,0.614,Financials,Financial Services,Insurance - Life,2026-05-29,Life Insurance,0,0,0,1.06,83.16,75.56,39.84,42.11,48.57,SLOW GROWTH,20,30
ETHOSLTD,63726120960.0,SMALL CAP,2381.60009765625,65.57269,4.410199,0.11565,19.497,0.07809,0.06327,0.267,-0.049,Misc,Consumer Cyclical,Luxury Goods,2026-05-29,Luxury Goods,0,0,0,77.63,20.84,50.02,37.72,49.235,48.24,SLOW GROWTH,20,30
AWL,250591707136.0,MID CAP,193.69000244140625,24.06087,2.397569,0.10519,10.621,0.01844,0.013940001,0.18,0.537,Misc,Consumer Defensive,Packaged Foods,2026-05-29,Packaged Foods,0,1,0,67.47,81.83,24.99,16.49,74.65,58.9,MODERATE GROWTH,28,30
SPMLINFRA,17706313728.0,SMALL CAP,211.0,28.864569,1.8819458,0.11565,43.718,0.10564,0.07796,0.233,1.365,Industrials,Industrials,Engineering & Construction,2026-05-29,Engineering & EPC,0,1,0,74.4,90.64,50.02,59.3,82.52000000000001,73.7,HIGH GROWTH,28,30
KROSS,12463220736.0,SMALL CAP,193.1999969482422,22.570091,2.5448174,0.11948,10.969,0.1412,0.081499994,0.223,0.31,Automobiles,Consumer Cyclical,Auto Parts,2026-05-29,Auto Components,0,1,0,73.17,75.4,73.83,69.84,74.285,73.75,HIGH GROWTH,28,30
INDIQUBE,34205818880.0,SMALL CAP,161.35000610351562,26.656543,5.9165416,-0.294667488,614.0908400000002,0.23741,-0.0733,0.352,0.1685,Misc,Real Estate,Real Estate Services,2026-05-29,Real Estate Services,0,1,0,83.39,50.02,0.53,84.37,66.705,55.24,MODERATE GROWTH,20,30
DOLATALGO,13120800768.0,SMALL CAP,74.55000305175781,10.184426,1.2357036,0.12114,25.082,0.61439,0.35776,-0.034,0.178,Misc,Financial Services,Capital Markets,2026-05-29,Capital Markets,0,0,0,18.82,67.98,74.3,96.83,43.400000000000006,54.92,SLOW GROWTH,60,30
ARVIND,128108527616.0,MID CAP,488.75,30.913979,23.30155,0.10657,40.071,0.08956,0.04449,0.15,-0.856,Misc,Consumer Cyclical,Textile Manufacturing,2026-05-29,Textile Manufacturing,0,0,0,63.16,2.04,25.34,41.64,32.6,32.05,WEAK GROWTH,28,30
PSPPROJECT,34137530368.0,SMALL CAP,861.1500244140625,83.202896,2.7321792,0.11565,26.131,0.02997,0.0863,0.657,2.211,Industrials,Industrials,Engineering & Construction,2026-05-29,Engineering & EPC,0,1,0,92.44,94.18,50.02,20.29,93.31,77.35,HIGH GROWTH,20,30
POCL,40732557312.0,SMALL CAP,1335.0,35.76212,5.7265415,0.11565,5.327,0.063990004,0.04356,0.532,1.456,Chemicals,Basic Materials,Specialty Chemicals,2026-05-29,Specialty Chemicals,0,1,0,89.7,91.44,50.02,31.96,90.57,76.6,HIGH GROWTH,20,30
EASTSILK,265600000.0,MICRO CAP,53.119998931884766,538.1866320000008,0.4233209,0.11565,102.786,-0.051459998,0.13909,0.615,0.1685,Misc,Consumer Cyclical,Textile Manufacturing,2026-05-29,Textile Manufacturing,0,1,0,91.66,50.02,50.02,9.09,70.84,60.5,MODERATE GROWTH,20,30
KIRLOSBROS,135884554240.0,MID CAP,1711.199951171875,36.338924,6.1563253,0.11565,10.101,0.108830005,0.09062,0.104,-0.187,Misc,Industrials,Specialty Industrial Machinery,2026-05-29,Specialty Industrial Machinery,0,0,0,39.66,15.67,50.02,60.2,27.665,35.39,WEAK GROWTH,20,30
JKCEMENT,401254023168.0,MID CAP,5193.0,40.48176,6.1896143,0.15032,87.203,0.12866001,0.07233,0.085,-0.076,Misc,Basic Materials,Building Materials,2026-05-29,Building Materials,0,0,0,36.43,19.8,81.88,65.96,28.115000000000002,42.65,SLOW GROWTH,20,30
GABRIEL,160392822784.0,MID CAP,1116.5999755859375,63.805714,12.549311,0.11565,8.126,0.06906,0.05519,0.159,-0.089,Automobiles,Consumer Cyclical,Auto Parts,2026-05-29,Auto Components,0,0,0,64.32,19.25,50.02,33.88,41.785,42.64,SLOW GROWTH,20,30
IDEAFORGE,37661560832.0,SMALL CAP,868.0,26.656543,6.3359056,-0.028199999,13.974,0.35402,-0.07531,5.038001600000003,0.1685,Misc,Technology,Computer Hardware,2026-05-29,Computer Hardware,0,1,0,99.51,50.02,3.35,91.5,74.765,62.16,MODERATE GROWTH,28,30
APCOTEXIND,25354776576.0,SMALL CAP,489.04998779296875,25.028145,4.0834813,0.17274,15.522,0.117189996,0.07035,0.157,1.074,Chemicals,Basic Materials,Specialty Chemicals,2026-05-29,Specialty Chemicals,0,1,0,63.81,88.8,86.25,63.02,76.305,76.97,HIGH GROWTH,28,30
SAMMAANCAP,201214541824.0,MID CAP,175.5800018310547,26.656543,0.7557939,-0.294667488,273.033,0.9200270213920001,0.0,0.119,0.1685,Misc,Financial Services,Mortgage Finance,2026-05-29,Mortgage Finance,0,1,0,49.94,50.02,0.53,99.51,49.980000000000004,45.04,SLOW GROWTH,28,30
BIL,10429946880.0,SMALL CAP,777.75,27.099302,2.1006644,0.11565,104.25,0.062459998,0.028859999,0.392,0.1685,Misc,Consumer Cyclical,Footwear & Accessories,2026-05-29,Footwear & Accessories,0,1,0,85.31,50.02,50.02,31.57,67.665,60.53,MODERATE GROWTH,28,30
MWL,11344173056.0,SMALL CAP,381.95001220703125,22.62737,4.091591,0.11565,78.694,0.06759,0.0341,0.298,0.749,Misc,Basic Materials,Steel,2026-05-29,Steel,0,1,0,80.32,85.55,50.02,33.49,82.935,71.41,HIGH GROWTH,28,30
KIRLFER,72753774592.0,SMALL CAP,441.0,20.369514,1.9585812,0.100109994,12.218,0.04536,0.051939998,0.299,0.44,Misc,Industrials,Metal Fabrication,2026-05-29,Metal Fabrication,0,1,0,80.4,79.49,23.7,25.15,79.945,63.22,MODERATE GROWTH,28,30
HDFCLIFE,1312245415936.0,LARGE CAP,608.25,68.80656,7.380152,0.11281,17.46,0.0269,0.01915,-0.177,0.041,Financials,Financial Services,Insurance - Life,2026-05-29,Life Insurance,0,0,0,9.69,25.44,26.97,18.64,17.565,19.55,WEAK GROWTH,20,30
CARRARO,31166013440.0,SMALL CAP,548.2000122070312,27.658932,6.3211303,0.11565,37.201,0.076469995,0.053790003,0.27,0.915,Automobiles,Consumer Cyclical,Auto Parts,2026-05-29,Auto Components,0,1,0,78.03,87.54,50.02,36.78,82.785,71.63,HIGH GROWTH,28,30
INDIGRID,133416214528.0,MID CAP,140.06,30.647701,2.5366755,0.11565,29.454,0.096020006,0.06315,0.119,0.1685,Misc,Unknown,Unknown,2026-05-29,Diversified,0,1,0,49.94,50.02,50.02,50.02,49.980000000000004,49.99,SLOW GROWTH,28,30
INNOVACAP,48412291072.0,SMALL CAP,846.0,34.362305,4.7453976,0.13746999,31.508,0.11993,0.08645,0.423,0.286,Misc,Healthcare,Drug Manufacturers - Specialty & Generic,2026-05-29,Drug Manufacturers - Specialty & Generic,0,1,0,86.56,74.11,78.65,63.61,80.33500000000001,78.33,HIGH GROWTH,28,30
DODLA,66698424320.0,SMALL CAP,1105.5999755859375,25.00226,3.9834404,0.17337,3.405,0.02957,0.064720005,0.181,0.026,Consumer,Consumer Defensive,Food Distribution,2026-05-29,FMCG – Food,0,0,0,67.59,24.6,86.45,20.02,46.095,51.56,SLOW GROWTH,28,30
NAVKARCORP,14481451008.0,SMALL CAP,96.20999908447266,48.105,0.73873585,0.01551,9.055,0.13358,0.043649998,0.945,0.1685,Misc,Industrials,Integrated Freight & Logistics,2026-05-29,Integrated Freight & Logistics,0,1,0,94.79,50.02,8.23,67.33,72.405,59.06,MODERATE GROWTH,10,30
TVSSRICHAK,30579959808.0,SMALL CAP,3993.699951171875,68.33847,2.6468713,0.05988,64.482,0.065170005,0.01947,0.217,2.766,Automobiles,Consumer Cyclical,Auto Parts,2026-05-29,Auto Components,0,1,0,72.37,95.14,15.0,32.43,83.755,64.87,MODERATE GROWTH,10,30
INDOCO,19503955968.0,SMALL CAP,211.60000610351562,26.656543,1.8969072,-0.101210006,116.912,0.03621,-0.05156,0.219,0.1685,Misc,Healthcare,Drug Manufacturers - Specialty & Generic,2026-05-29,Drug Manufacturers - Specialty & Generic,0,1,0,72.66,50.02,2.27,22.01,61.34,45.59,SLOW GROWTH,13,30
ISGEC,71411859456.0,SMALL CAP,971.2000122070312,65.79946,2.560135,0.05371,32.93,0.07148,0.01574,0.21,0.041,Misc,Industrials,Specialty Industrial Machinery,2026-05-29,Specialty Industrial Machinery,0,0,0,71.84,25.44,13.98,34.86,48.64,40.33,SLOW GROWTH,10,30
SUPRAJIT,63571972096.0,SMALL CAP,463.45001220703125,34.898346,4.665949,0.13446,69.079,0.103870004,0.04636,0.224,1.62,Automobiles,Consumer Cyclical,Auto Parts,2026-05-29,Auto Components,0,1,0,73.35,92.36,77.75,58.52,82.85499999999999,79.4,HIGH GROWTH,28,30
NACLIND,37268115456.0,SMALL CAP,159.10000610351562,538.1866320000008,5.0088153,0.00823,45.68,0.01222,0.0028799998,0.792,0.1685,Chemicals,Basic Materials,Agricultural Inputs,2026-05-29,Agrochemicals,0,1,0,93.81,50.02,6.5,15.24,71.915,53.16,SLOW GROWTH,10,30
MFSL,575719604224.0,LARGE CAP,1676.300048828125,538.1866320000008,21.032888,0.01629,12.673,0.04599,0.00176,-0.402,0.1685,Financials,Financial Services,Insurance - Life,2026-05-29,Life Insurance,0,0,0,4.31,50.02,8.34,25.46,27.165000000000003,23.23,WEAK GROWTH,10,30
AVANTEL,47493156864.0,SMALL CAP,178.74000549316406,331.0,14.041952,0.05211,10.164,0.12567,0.06728,0.296,-0.31,Misc,Technology,Communication Equipment,2026-05-29,Communication Equipment,0,0,0,80.2,12.3,13.67,65.14,46.25,41.62,SLOW GROWTH,10,30
INTERARCH,29652635648.0,SMALL CAP,1768.0,22.147062,3.704045,0.11565,1.401,0.0889,0.0734,0.437,0.316,Industrials,Industrials,Engineering & Construction,2026-05-29,Engineering & EPC,0,1,0,87.07,75.6,50.02,41.42,81.335,71.08,HIGH GROWTH,28,30
CAMPUS,76092710912.0,SMALL CAP,249.0,50.816326,8.422121,0.18053,26.059,0.14001,0.08352,0.138,0.252,Misc,Consumer Cyclical,Footwear & Accessories,2026-05-29,Footwear & Accessories,0,1,0,61.22,72.03,87.5,69.41,66.625,71.08,HIGH GROWTH,28,30
DEVYANI,144266280960.0,MID CAP,117.01000213623047,26.656543,9.526951,-0.025880001,203.327,0.04217,-0.0068300003,0.197,0.1685,Hospitality,Consumer Cyclical,Restaurants,2026-05-29,Restaurants,0,1,0,69.94,50.02,3.53,24.05,59.980000000000004,45.1,SLOW GROWTH,13,30
IFGLEXPOR,12974152704.0,SMALL CAP,180.0,45.0,1.1406555,0.11565,19.053,0.00659,0.01551,0.237,0.1685,Misc,Basic Materials,Building Materials,2026-05-29,Building Materials,0,1,0,75.01,50.02,50.02,14.02,62.515,55.17,MODERATE GROWTH,20,30
TORNTPOWER,724764524544.0,LARGE CAP,1437.5,29.983324,3.8534186,0.13022,70.885,0.1137,0.08342,-0.008,-0.7,Misc,Utilities,Utilities - Independent Power Producers,2026-05-29,Utilities - Independent Power Producers,0,0,0,21.9,4.27,76.77,62.08,13.084999999999999,30.72,WEAK GROWTH,28,30
PROSTARM,8213594112.0,MICRO CAP,139.50999450683594,35.229797,2.836376,0.16903,32.43,0.09476,0.085559994,0.274,-0.123,Misc,Industrials,Electrical Equipment & Parts,2026-05-29,Electrical Equipment & Parts,0,0,0,78.46,17.98,85.51,43.48,48.22,55.2,MODERATE GROWTH,20,30
HIKAL,24848799744.0,SMALL CAP,201.52999877929688,26.656543,1.9685278,0.11565,29.454,0.13161,0.0615,0.373,0.683,Misc,Healthcare,Drug Manufacturers - Specialty & Generic,2026-05-29,Drug Manufacturers - Specialty & Generic,0,1,0,84.47,84.53,50.02,66.65,84.5,75.82,HIGH GROWTH,28,30
NEPHROPLUS,60239548416.0,SMALL CAP,600.3499755859375,74.025894,1.5344448,0.09037,7.139,0.105129994,0.07693,0.212,0.003,Misc,Healthcare,Medical Care Facilities,2026-05-29,Medical Care Facilities,0,0,0,71.92,23.5,20.84,59.07,47.71,43.47,SLOW GROWTH,10,30
IFCI,186311835648.0,MID CAP,69.13999938964844,100.21739,2.1437871,0.11565,29.454,0.9200270213920001,0.0,0.119,0.1685,Financials,Financial Services,Credit Services,2026-05-29,NBFC – Lending,0,1,0,49.94,50.02,50.02,99.51,49.980000000000004,54.94,SLOW GROWTH,30,30
GREENPOWER,13618896896.0,SMALL CAP,11.609999656677246,19.677967,1.1808381,0.06458,45.393,-0.30267,0.23687,-0.069,0.1685,Misc,Utilities,Utilities - Independent Power Producers,2026-05-29,Utilities - Independent Power Producers,0,0,0,16.0,50.02,15.71,4.94,33.010000000000005,26.74,WEAK GROWTH,30,30
JTEKTINDIA,37312655360.0,SMALL CAP,134.8800048828125,47.362675,3.1465797,0.07445,28.653,0.05333,0.02885,0.202,0.021,Automobiles,Consumer Cyclical,Auto Parts,2026-05-29,Auto Components,0,0,0,70.62,24.29,17.82,28.48,47.455,39.63,WEAK GROWTH,10,30
NXST,329983098880.0,MID CAP,148.24,55.729324,1.7000976,0.11565,29.454,0.096020006,0.06315,0.119,0.1685,Misc,Unknown,Unknown,2026-05-29,Diversified,0,1,0,49.94,50.02,50.02,50.02,49.980000000000004,49.99,SLOW GROWTH,20,30
AXISCADES,79269257216.0,SMALL CAP,1863.800048828125,110.48014,11.425665,0.11565,37.084,0.15082,0.08861,0.252,0.887,Industrials,Industrials,Engineering & Construction,2026-05-29,Engineering & EPC,0,1,0,76.28,87.21,50.02,72.35,81.745,74.46,HIGH GROWTH,27,30
CENTUM,51740852224.0,SMALL CAP,3510.0,51.564568,12.411246,0.28000998,37.984,0.13962,-0.054380003,-0.077,-0.836,Misc,Technology,Electronic Components,2026-05-29,Electronic Components,0,0,0,15.28,2.27,95.38,69.21,8.775,32.14,WEAK GROWTH,30,30
BRIGADE,162673491968.0,MID CAP,665.0,538.1866320000008,2.3851624,0.10786,84.316,0.19521,0.11311,-0.002,-0.424,Misc,Real Estate,Real Estate - Development,2026-05-29,Real Estate - Development,0,0,0,22.52,9.38,25.62,79.73,15.95,24.26,WEAK GROWTH,32,30
XCHANGING,7441768448.0,MICRO CAP,66.80000305175781,12.509363,2.027622,0.15754,17.954,0.37173,0.29297,0.011,0.106,Technology,Technology,Information Technology Services,2026-05-29,IT Services,0,0,0,23.91,28.97,83.47,92.17,26.439999999999998,44.42,SLOW GROWTH,60,30
STEELCITY,1196784128.0,MICRO CAP,79.22000122070312,8.277952,0.8963871,0.106800005,7.159,0.26748,0.21699,0.19,0.226,Misc,Financial Services,Capital Markets,2026-05-29,Capital Markets,0,1,0,68.9,70.78,25.38,86.76,69.84,62.64,MODERATE GROWTH,60,30
DBREALTY,65224417280.0,SMALL CAP,120.25,61.984535,1.5706841,0.11565,24.791,0.17354,0.03418,1.414,13.375,Misc,Real Estate,Real Estate - Development,2026-05-29,Real Estate - Development,0,1,0,96.87,98.86,50.02,76.56,97.86500000000001,86.17,ELITE GROWTH,27,30
MASFIN,57511649280.0,SMALL CAP,316.95001220703125,15.483636,1.9313031,0.13217,339.79,0.55188,0.40534002,-0.046,0.251,Financials,Financial Services,Credit Services,2026-05-29,NBFC – Lending,0,0,0,17.63,71.92,77.09,95.81,44.775,56.34,MODERATE GROWTH,60,30
JUSTDIAL,45182300160.0,SMALL CAP,531.25,9.093633,0.8847575,0.102340005,1.655,0.25351998,0.40945,0.062,-0.365,Misc,Communication Services,Internet Content & Information,2026-05-29,Internet Content & Information,0,0,0,32.3,10.65,24.25,85.66,21.474999999999998,28.45,WEAK GROWTH,60,30
SHRINGARMS,20362598400.0,SMALL CAP,211.16000366210938,21.052843,2.6406221,0.11565,30.311,0.05962,0.05167,0.684,0.739,Misc,Consumer Cyclical,Luxury Goods,2026-05-29,Luxury Goods,0,1,0,92.87,85.43,50.02,30.43,89.15,75.45,HIGH GROWTH,28,30
GRMOVER,34133522432.0,SMALL CAP,164.47999572753906,51.723267,6.3675427,0.11565,44.143,0.042719997,0.049850002,0.3,0.272,Misc,Consumer Defensive,Packaged Foods,2026-05-29,Packaged Foods,0,1,0,80.49,73.29,50.02,24.25,76.89,66.25,MODERATE GROWTH,20,30
ULTRACEMCO,3422369611776.0,MEGA CAP,11634.0,41.995453,4.7507257,0.10593,29.432,0.17024,0.092259996,0.03,0.1685,Misc,Basic Materials,Building Materials,2026-05-29,Building Materials,0,0,0,26.79,50.02,25.19,75.95,38.405,39.52,WEAK GROWTH,27,30
FRACTAL,173727760384.0,MID CAP,1010.25,58.735462,5.285172,0.115839995,13.131,0.16202,0.088549994,0.17,1.064,Technology,Technology,Software - Infrastructure,2026-05-29,Software Products,0,1,0,65.9,88.64,72.5,74.3,77.27000000000001,76.02,HIGH GROWTH,27,30
APOLLOTYRE,252020391936.0,MID CAP,398.3999938964844,18.384863,1.5084281,0.08719,21.987,0.09162,0.0482,0.142,2.426,Automobiles,Consumer Cyclical,Auto Parts,2026-05-29,Auto Components,0,1,0,61.93,94.56,20.21,42.26,78.245,63.04,MODERATE GROWTH,25,30
RATNAMANI,182197141504.0,MID CAP,2599.39990234375,37.770996,4.4296374,0.13578,7.488,0.109639995,0.10738,-0.368,-0.485,Misc,Basic Materials,Steel,2026-05-29,Steel,0,0,0,4.82,8.25,78.26,60.79,6.535,26.31,WEAK GROWTH,25,30
JLHL,86881533952.0,SMALL CAP,1325.0999755859375,44.81231,5.631606,0.13391,37.837,0.16993,0.12936,0.171,0.12,Misc,Healthcare,Medical Care Facilities,2026-05-29,Medical Care Facilities,0,1,0,66.04,29.79,77.67,75.91,47.915000000000006,56.67,MODERATE GROWTH,32,30
KPRMILL,325601951744.0,MID CAP,950.5999755859375,37.558277,6.075208,0.11565,6.46,0.16375999,0.12719,-0.04,0.03,Misc,Consumer Cyclical,Textile Manufacturing,2026-05-29,Textile Manufacturing,0,0,0,18.21,24.85,50.02,74.77,21.53,32.55,WEAK GROWTH,32,30
RCF,71945650176.0,SMALL CAP,130.41000366210938,16.827097,1.4614385,0.08665,80.607,0.04369,0.02313,0.496,1.589,Chemicals,Basic Materials,Agricultural Inputs,2026-05-29,Agrochemicals,0,1,0,88.6,92.22,20.13,24.72,90.41,69.78,MODERATE GROWTH,25,30
COCHINSHIP,393332064256.0,MID CAP,1495.0999755859375,54.805717,6.899177,0.12517,28.466,0.18714,0.14272,-0.156,-0.038,Misc,Industrials,Aerospace & Defense,2026-05-29,Aerospace & Defense,0,0,0,10.3,21.19,75.32,78.54,15.745000000000001,33.94,WEAK GROWTH,32,30
SMARTWORKS,51040874496.0,SMALL CAP,446.70001220703125,26.656543,9.650659,0.03269,614.0908400000002,0.20066999,0.0058600004,0.45,0.1685,Misc,Real Estate,Real Estate Services,2026-05-29,Real Estate Services,0,1,0,87.5,50.02,10.5,80.61,68.76,58.29,MODERATE GROWTH,25,30
ARKADE,21425582080.0,SMALL CAP,115.4000015258789,14.552334,2.2423441,0.006,11.23,0.22403,0.0064999997,0.585,0.1685,Misc,Real Estate,Real Estate - Development,2026-05-29,Real Estate - Development,0,1,0,90.89,50.02,6.15,83.43,70.455,58.89,MODERATE GROWTH,32,30
VENKEYS,20947867648.0,SMALL CAP,1487.0,15.038431,1.312417,0.090670004,10.432,0.1094,0.03689,0.305,6.626,Misc,Consumer Defensive,Farm Products,2026-05-29,Farm Products,0,1,0,80.9,97.77,20.96,60.63,89.33500000000001,72.79,HIGH GROWTH,25,30
MIDHANI,76893708288.0,SMALL CAP,410.45001220703125,69.92334,5.3461413,0.11565,23.466,0.13696,0.10293,0.158,0.088,Misc,Basic Materials,Steel,2026-05-29,Steel,0,0,0,64.06,28.08,50.02,68.25,46.07,49.08,SLOW GROWTH,25,30
GNFC,74925056000.0,SMALL CAP,509.8500061035156,9.275969,0.86651224,0.091350004,0.08216,0.18252,0.10395,0.074,0.871,Misc,Basic Materials,Chemicals,2026-05-29,Chemicals,0,0,0,34.61,86.96,21.07,77.63,60.785,54.53,SLOW GROWTH,62,30
JARO,12498142208.0,SMALL CAP,561.2000122070312,22.629034,3.3756187,0.19894,2.159,0.33854,0.18566999,0.096,0.039,Misc,Consumer Defensive,Education & Training Services,2026-05-29,Education & Training Services,0,0,0,38.64,25.34,89.93,90.83,31.990000000000002,49.46,SLOW GROWTH,56,30
BLBLIMITED,882849792.0,MICRO CAP,16.700000762939453,3.394309,0.752049,0.11565,0.17,0.04138,0.03545,2.788,0.1685,Misc,Financial Services,Capital Markets,2026-05-29,Capital Markets,0,1,0,98.35,50.02,50.02,23.85,74.185,64.32,MODERATE GROWTH,60,30
CONFIPET,23123976192.0,SMALL CAP,69.5999984741211,27.401575,1.657656,0.11565,55.384,0.03101,0.01911,0.999,-0.315,Misc,Energy,Oil & Gas Refining & Marketing,2026-05-29,Oil & Gas Refining & Marketing,0,0,0,95.18,12.1,50.02,20.45,53.64,49.6,SLOW GROWTH,28,30
JYOTISTRUC,15636944896.0,SMALL CAP,13.100000381469727,27.872341,3.2898042,0.108059995,439.045,0.05999,0.07254,0.423,0.153,Misc,Industrials,Specialty Industrial Machinery,2026-05-29,Specialty Industrial Machinery,0,1,0,86.56,31.83,25.7,30.67,59.195,49.64,SLOW GROWTH,28,30
BLSE,20136990720.0,SMALL CAP,222.1300048828125,35.036278,3.8684454,0.12732,1.076,0.0577,0.05144,0.352,0.117,Misc,Industrials,Specialty Business Services,2026-05-29,Specialty Business Services,0,1,0,83.39,29.61,75.83,29.73,56.5,57.69,MODERATE GROWTH,20,30
HITECHGEAR,10891163648.0,SMALL CAP,578.9000244140625,48.2015,2.2497807,0.11565,29.454,0.10385,0.05585,0.363,1.263,Automobiles,Consumer Cyclical,Auto Parts,2026-05-29,Auto Components,0,1,0,83.94,90.13,50.02,58.48,87.035,76.78,HIGH GROWTH,20,30
CSBBANK,61783052288.0,SMALL CAP,364.54998779296875,9.990408,1.2921394,0.13483,29.454,0.36215,0.2378,0.079,0.058,Financials,Financial Services,Banks - Regional,2026-05-29,Private Sector Banks,0,0,0,35.31,26.24,77.91,91.89,30.775,46.31,SLOW GROWTH,60,30
CSLFINANCE,5396996096.0,MICRO CAP,240.0,6.4343166,0.9418228,0.11565,137.222,0.73344004,0.35037,0.2,0.261,Financials,Financial Services,Credit Services,2026-05-29,NBFC – Lending,0,1,0,70.37,72.89,50.02,97.57,71.63,69.9,MODERATE GROWTH,60,30
GANESHHOU,58337603584.0,SMALL CAP,699.5999755859375,13.900257,2.6329753,0.11565,3.485,0.80433,0.62872005,-0.645,-0.666,Misc,Real Estate,Real Estate - Development,2026-05-29,Real Estate - Development,0,0,0,2.04,4.82,50.02,98.2,3.43,22.22,WEAK GROWTH,60,30
RAJESHEXPO,35744169984.0,SMALL CAP,121.05999755859375,21.313381,0.21579745,0.11565,5.254,0.00043000001,0.00023,1.433,1.017,Misc,Consumer Cyclical,Luxury Goods,2026-05-29,Luxury Goods,0,1,0,96.94,88.25,50.02,13.44,92.595,76.16,HIGH GROWTH,28,30
PFS,19872245760.0,SMALL CAP,30.940000534057617,6.2253523,0.6438188,0.11565,29.454,0.84139997,0.54587,-0.555,-0.624,Financials,Financial Services,Credit Services,2026-05-29,NBFC – Lending,0,0,0,2.7,5.35,50.02,98.39,4.025,22.66,WEAK GROWTH,60,30
BFINVEST,15321308160.0,SMALL CAP,406.75,9.320578,0.21625584,0.11565,29.454,0.88439006,0.9287488156000011,0.092,11.758,Financials,Financial Services,Asset Management,2026-05-29,Asset Management Companies,0,0,0,37.76,98.79,50.02,98.75,68.275,67.67,MODERATE GROWTH,60,30
RAJRATAN,21052194816.0,SMALL CAP,414.6499938964844,30.025343,3.2356865,0.11594,49.797,0.067140006,0.06062,0.25,0.018,Misc,Basic Materials,Steel,2026-05-29,Steel,0,0,0,75.99,24.01,72.62,33.14,50.0,52.84,SLOW GROWTH,28,30
SUNDRMFAST,181403811840.0,MID CAP,863.2999877929688,30.72242,4.4776273,0.14583999,14.532,0.116009995,0.094,0.106,0.297,Automobiles,Consumer Cyclical,Auto Parts,2026-05-29,Auto Components,0,1,0,40.11,74.74,80.81,62.79,57.425,62.64,MODERATE GROWTH,28,30
OLECTRA,99974332416.0,SMALL CAP,1218.0,69.87952,8.903249,0.11565,32.542,0.121070005,0.020079998,0.288,0.002,Misc,Industrials,Farm & Heavy Construction Machinery,2026-05-29,Farm & Heavy Construction Machinery,0,0,0,79.51,23.44,50.02,63.81,51.475,52.42,SLOW GROWTH,20,30
BLUESTARCO,333450706944.0,MID CAP,1621.9000244140625,63.133514,9.712035,0.16222,23.588,0.068280004,0.04255,0.013,0.171,Misc,Industrials,Building Products & Equipment,2026-05-29,Building Products & Equipment,0,0,0,24.19,67.67,84.18,33.65,45.93,52.35,SLOW GROWTH,20,30
SBC,18899980288.0,SMALL CAP,39.689998626708984,104.447365,26.637583,0.11565,281.519,0.13818,0.07017,0.5,2.274,Misc,Industrials,Conglomerates,2026-05-29,Conglomerates,0,1,0,88.76,94.28,50.02,68.8,91.52000000000001,80.95,HIGH GROWTH,20,30
V2RETAIL,83243098112.0,SMALL CAP,228.2899932861328,53.090694,20.538912,0.11565,339.244,0.13772,0.05432,0.572,0.971,Misc,Consumer Cyclical,Apparel Retail,2026-05-29,Apparel Retail,0,1,0,90.5,88.05,50.02,68.66,89.275,79.36,HIGH GROWTH,20,30
RAMCOIND,25956941824.0,SMALL CAP,298.8999938964844,10.170126,0.59450644,0.06996,3.792,0.119219996,0.16946,0.198,1.455,Misc,Industrials,Building Products & Equipment,2026-05-29,Building Products & Equipment,0,1,0,70.09,91.38,16.8,63.42,80.735,66.22,MODERATE GROWTH,30,30
GMBREW,21621186560.0,SMALL CAP,946.3499755859375,13.79519,2.005187,0.15552,3.201,-0.11848,0.09037,0.119,-0.106,Misc,Consumer Defensive,Beverages - Wineries & Distilleries,2026-05-29,Beverages - Wineries & Distilleries,0,0,0,49.94,18.61,82.88,7.21,34.275,41.29,SLOW GROWTH,30,30
LAOPALA,20091000832.0,SMALL CAP,181.0,19.738277,2.5083146,0.11565,1.046,0.30978,0.32044998,-0.074,0.033,Misc,Consumer Cyclical,"Furnishings, Fixtures & Appliances",2026-05-29,"Furnishings, Fixtures & Appliances",0,0,0,15.61,24.99,50.02,89.31,20.299999999999997,33.14,WEAK GROWTH,60,30
RADICO,475054505984.0,MID CAP,3547.0,78.73474,14.316332,0.11565,20.939,0.14869,0.08838,0.195,0.621,Misc,Consumer Defensive,Beverages - Wineries & Distilleries,2026-05-29,Beverages - Wineries & Distilleries,0,1,0,69.53,83.31,50.02,71.84,76.42,70.68,HIGH GROWTH,20,30
BOMDYEING,26496360448.0,SMALL CAP,128.2899932861328,98.684616,1.1580087,0.01169,0.139,-0.025999999,0.01843,0.103,0.827,Misc,Consumer Cyclical,Textile Manufacturing,2026-05-29,Textile Manufacturing,0,1,0,39.52,86.51,7.36,10.16,63.015,46.6,SLOW GROWTH,30,30
SFL,68727103488.0,SMALL CAP,629.3499755859375,43.135708,2.1130826,0.05061,27.85,0.07716,0.04177,0.236,3.222,Misc,Consumer Cyclical,"Furnishings, Fixtures & Appliances",2026-05-29,"Furnishings, Fixtures & Appliances",0,1,0,74.85,95.97,13.44,37.03,85.41,66.18,MODERATE GROWTH,10,30
VCL,255415584.0,MICRO CAP,1.3899999856948853,4.212121,1.4882226,0.11565,63.082,0.26063,0.36863998,0.119,0.1685,Misc,Consumer Cyclical,Textile Manufacturing,2026-05-29,Textile Manufacturing,0,1,0,49.94,50.02,50.02,86.09,49.980000000000004,53.6,SLOW GROWTH,60,30
MSTCLTD,31264641024.0,SMALL CAP,444.1000061035156,14.423514,3.762061,0.11565,17.456,0.54529,0.63797003,0.09,-0.795,Misc,Industrials,Conglomerates,2026-05-29,Conglomerates,0,0,0,37.33,2.7,50.02,95.73,20.015,33.59,WEAK GROWTH,60,30
TAJGVK,21058297856.0,SMALL CAP,335.8500061035156,16.88537,3.0507135,0.11565,11.957,0.28652,0.2613,0.06,-0.102,Misc,Consumer Cyclical,Lodging,2026-05-29,Lodging,0,0,0,31.83,18.78,50.02,87.9,25.305,36.51,WEAK GROWTH,60,30
SBILIFE,1848744869888.0,LARGE CAP,1842.9000244140625,74.88419,9.718809,0.13697,29.454,0.21172,0.022,-0.7896912,-0.011,Financials,Financial Services,Insurance - Life,2026-05-29,Life Insurance,0,0,0,0.53,22.42,78.54,82.06,11.475000000000001,31.95,WEAK GROWTH,27,30
ARFIN,15848102912.0,SMALL CAP,93.93000030517578,102.097824,9.407111,0.094469994,75.884,0.07755,0.025,0.26,13.938,Misc,Basic Materials,Aluminum,2026-05-29,Aluminum,0,1,0,76.97,98.9,21.93,37.37,87.935,69.68,MODERATE GROWTH,10,30
INDIGO,1725296410624.0,LARGE CAP,4462.2001953125,53.65156,18.405834,0.11565,614.0908400000002,0.15758,0.03793,0.062,-0.776,Misc,Industrials,Airlines,2026-05-29,Airlines,0,0,0,32.3,2.94,50.02,73.6,17.619999999999997,29.7,WEAK GROWTH,27,30
IFBIND,52593397760.0,SMALL CAP,1298.0,43.91069,5.2869754,0.15633,15.671,0.03243,0.0254,0.123,1.26,Misc,Consumer Cyclical,"Furnishings, Fixtures & Appliances",2026-05-29,"Furnishings, Fixtures & Appliances",0,1,0,58.54,90.09,83.08,20.84,74.315,70.72,HIGH GROWTH,20,30
IRB,258106867712.0,MID CAP,21.3700008392334,30.528574,1.2840234,0.04171,95.6,0.23645,0.13434,-0.172,0.434,Misc,Industrials,Infrastructure Operations,2026-05-29,Infrastructure Operations,0,0,0,9.79,79.2,11.79,84.33,44.495000000000005,41.94,SLOW GROWTH,30,30
ASAHIINDIA,229383487488.0,MID CAP,899.7999877929688,65.29753,6.1937275,0.104940005,55.868,0.16203,0.068509996,0.147,0.368,Automobiles,Consumer Cyclical,Auto Parts,2026-05-29,Auto Components,0,1,0,62.71,77.2,24.87,74.34,69.955,61.38,MODERATE GROWTH,27,30
BANARISUG,45174267904.0,SMALL CAP,3602.5,31.939888,2.4801466,0.11565,1.035,0.11302,0.06649,0.528,0.679,Misc,Consumer Defensive,Confectioners,2026-05-29,Confectioners,0,1,0,89.66,84.41,50.02,61.97,87.035,77.13,HIGH GROWTH,28,30
LEMONTREE,92907479040.0,SMALL CAP,117.33000183105469,42.357403,7.5134478,0.11565,109.554,0.42259997,0.15636,0.143,0.0,Misc,Consumer Cyclical,Lodging,2026-05-29,Lodging,0,0,0,62.08,23.15,50.02,93.69,42.614999999999995,49.2,SLOW GROWTH,40,30
KRIDHANINF,311682944.0,MICRO CAP,3.130000114440918,4.6029415,-0.09590343,0.11565,29.454,-0.26977,0.9287488156000011,0.119,0.1685,Misc,Basic Materials,Steel,2026-05-29,Steel,0,1,0,49.94,50.02,50.02,5.33,49.980000000000004,45.52,SLOW GROWTH,40,30
VINATIORGA,135869120512.0,MID CAP,1309.699951171875,30.600466,4.6278167,0.14903,29.454,0.23154,0.19466,-0.069,0.007,Chemicals,Basic Materials,Specialty Chemicals,2026-05-29,Specialty Chemicals,0,0,0,16.0,23.68,81.55,83.86,19.84,38.58,WEAK GROWTH,40,30
GRAUWEIL,32019920896.0,SMALL CAP,70.62000274658203,22.780647,3.2124825,0.16232,1.343,0.18038,0.13229999,0.081,0.911,Chemicals,Basic Materials,Specialty Chemicals,2026-05-29,Specialty Chemicals,0,0,0,35.76,87.5,84.33,77.52,61.629999999999995,67.76,MODERATE GROWTH,40,30
ENTERO,51690893312.0,SMALL CAP,1187.800048828125,44.941357,2.9271228,0.0828,38.638,0.03731,0.0174,0.426,0.091,Misc,Healthcare,Medical Distribution,2026-05-29,Medical Distribution,0,0,0,86.72,28.26,19.51,22.56,57.49,46.4,SLOW GROWTH,10,30
AMAGI,87985053696.0,SMALL CAP,406.70001220703125,123.61703,-111.85369,0.06325,1.763,0.04474,0.0476,0.285,0.1685,Technology,Technology,Software - Application,2026-05-29,SaaS,0,1,0,79.38,50.02,15.51,25.03,64.7,50.9,SLOW GROWTH,10,30
FAZE3Q,12944896000.0,SMALL CAP,533.3499755859375,38.592617,2.8675194,0.07697,60.909,0.09391,0.03599,0.316,0.125,Misc,Consumer Cyclical,Textile Manufacturing,2026-05-29,Textile Manufacturing,0,1,0,81.73,30.08,18.33,43.28,55.905,47.13,SLOW GROWTH,10,30
SEPC,15389009920.0,SMALL CAP,7.909999847412109,26.366665,0.872202,0.031229999,18.404,0.03388,0.05077,1.324,0.232,Industrials,Industrials,Engineering & Construction,2026-05-29,Engineering & EPC,0,1,0,96.69,71.09,10.13,21.46,83.89,62.9,MODERATE GROWTH,18,30
ASTRAMICRO,133321777152.0,MID CAP,1404.199951171875,69.30898,11.4569645,0.11565,23.894,0.27346,0.14825,0.007,-0.016,Misc,Technology,Communication Equipment,2026-05-29,Communication Equipment,0,0,0,23.36,22.17,50.02,87.11,22.765,34.65,WEAK GROWTH,40,30
TOLINS,4273275392.0,MICRO CAP,108.16000366210938,13.52,1.2973804,0.11565,4.609,0.14035,0.11306,0.338,-0.256,Automobiles,Consumer Cyclical,Auto Parts,2026-05-29,Auto Components,0,0,0,82.78,13.44,50.02,69.53,48.11,50.63,SLOW GROWTH,40,30
GARFIBRES,64349085696.0,SMALL CAP,648.25,32.3963,4.749293,0.15306,3.161,0.20437999,0.12996,-0.014,-0.194,Misc,Consumer Cyclical,Textile Manufacturing,2026-05-29,Textile Manufacturing,0,0,0,21.09,15.39,82.37,81.2,18.240000000000002,37.36,WEAK GROWTH,40,30
ABFRL,78456995840.0,SMALL CAP,64.5,26.656543,1.2517952,-0.12693,98.822,-0.01337,-0.09142999,0.229,0.1685,Misc,Consumer Cyclical,Apparel Manufacturing,2026-05-29,Apparel Manufacturing,0,1,0,73.99,50.02,1.92,11.32,62.004999999999995,44.92,SLOW GROWTH,8,30
RGL,11077929984.0,SMALL CAP,103.20999908447266,11.635851,0.7652895,0.11565,48.158,0.0637,0.03243,0.356,0.196,Misc,Consumer Cyclical,Luxury Goods,2026-05-29,Luxury Goods,0,1,0,83.55,69.08,50.02,31.84,76.315,66.61,MODERATE GROWTH,35,30
JSWDULUX,140264161280.0,MID CAP,3080.0,7.104632,5.721727,0.11565,29.454,0.096020006,0.06315,0.119,0.1685,Misc,Unknown,Unknown,2026-05-29,Diversified,0,1,0,49.94,50.02,50.02,50.02,49.980000000000004,49.99,SLOW GROWTH,35,30
PANACHE,5188179968.0,MICRO CAP,340.70001220703125,38.152294,4.75075,0.18996,26.17,0.17421,0.06672,0.658,2.524,Misc,Technology,Communication Equipment,2026-05-29,Communication Equipment,0,1,1,92.48,94.75,88.88,76.69,93.61500000000001,90.98,ELITE GROWTH,35,30
QUADFUTURE,11745999872.0,SMALL CAP,293.6499938964844,26.656543,4.365699,0.11565,9.292,-0.46101,-0.27392998,0.232,0.1685,Misc,Industrials,Railroads,2026-05-29,Railroads,0,1,0,74.27,50.02,50.02,3.49,62.144999999999996,53.85,SLOW GROWTH,18,30
PETRONET,415950012416.0,MID CAP,277.29998779296875,10.636746,1.8661588,0.18559,10.507,0.17536,0.089949995,-0.233,0.253,Misc,Energy,Oil & Gas Refining & Marketing,2026-05-29,Oil & Gas Refining & Marketing,0,0,1,7.91,72.13,88.29,76.81,40.019999999999996,53.35,SLOW GROWTH,50,30
NIBL,724496448.0,MICRO CAP,29.899999618530273,4.3208094,-2.0297332,0.11565,29.454,-0.37137002,0.23595,0.105,0.1685,Misc,Industrials,Tools & Accessories,2026-05-29,Tools & Accessories,0,1,0,39.87,50.02,50.02,4.15,44.945,41.88,SLOW GROWTH,40,30
GOCLCORP,18341820416.0,SMALL CAP,370.0,7.2848983,0.65577835,0.11565,5.952,-3.64360608,0.9287488156000011,-0.7896912,1.276,Chemicals,Basic Materials,Specialty Chemicals,2026-05-29,Specialty Chemicals,0,0,0,0.53,90.29,50.02,0.53,45.410000000000004,41.84,SLOW GROWTH,40,30
MAZDA,4279742976.0,MICRO CAP,213.72000122070312,15.985042,1.8173469,0.1148,29.454,0.14099,0.12555,0.218,0.134,Misc,Industrials,Specialty Industrial Machinery,2026-05-29,Specialty Industrial Machinery,0,1,0,72.52,30.71,27.38,69.68,51.614999999999995,48.57,SLOW GROWTH,40,30
TVSSCS,51997478912.0,SMALL CAP,117.86000061035156,45.505795,2.625763,0.06004,133.606,0.027460001,0.01039,0.213,0.1685,Misc,Industrials,Integrated Freight & Logistics,2026-05-29,Integrated Freight & Logistics,0,1,0,71.97,50.02,15.08,18.96,60.995000000000005,47.61,SLOW GROWTH,10,30
BHAGCHEM,31691122688.0,SMALL CAP,244.39999389648438,222.18181,4.5994315,0.02633,33.6,0.07073,0.03391,0.289,0.1685,Chemicals,Basic Materials,Agricultural Inputs,2026-05-29,Agrochemicals,0,1,0,79.63,50.02,9.71,34.43,64.825,50.76,SLOW GROWTH,10,30
KIRIINDUS,26973034496.0,SMALL CAP,413.8999938964844,3.373465592,0.7091907,0.11565,37.3,-0.34857,0.9287488156000011,-0.028,14.661280000000012,Chemicals,Basic Materials,Specialty Chemicals,2026-05-29,Specialty Chemicals,0,0,0,19.64,99.51,50.02,4.39,59.575,52.15,SLOW GROWTH,40,30
TARC,39026487296.0,SMALL CAP,132.25,26.656543,3.6357388,0.11565,181.338,-0.43462002,-0.65393996,3.106,0.1685,Misc,Real Estate,Real Estate - Development,2026-05-29,Real Estate - Development,0,1,0,98.43,50.02,50.02,3.92,74.22500000000001,62.35,MODERATE GROWTH,18,30
KHAITANLTD,687865792.0,MICRO CAP,137.0,9.906001,2.2082171,0.19865,16.193,0.08645,0.05357,0.427,-0.151,Misc,Industrials,Industrial Distribution,2026-05-29,Industrial Distribution,0,0,0,86.8,17.27,89.86,40.54,52.035,58.45,MODERATE GROWTH,43,30
ZAGGLE,28442855424.0,SMALL CAP,211.1199951171875,20.556961,2.1579409,0.104490004,3.884,0.32029998,0.07238,0.499,0.219,Technology,Technology,Software - Infrastructure,2026-05-29,Software Products,0,1,0,88.7,70.49,24.76,89.82,79.595,69.65,MODERATE GROWTH,43,30
DDEVPLSTIK,25181046784.0,SMALL CAP,243.35000610351562,12.648129,2.7508988,0.21841,5.608,0.10487001,0.06769,0.053,0.054,Chemicals,Basic Materials,Specialty Chemicals,2026-05-29,Specialty Chemicals,0,0,0,30.45,26.09,92.28,58.91,28.27,44.14,SLOW GROWTH,43,30
RIIL,11392950272.0,SMALL CAP,754.5,92.23716,2.4067984,0.02648,29.454,-0.18861,0.27278998,-0.325,0.005,Industrials,Industrials,Engineering & Construction,2026-05-29,Engineering & EPC,0,0,0,5.48,23.56,9.75,5.99,14.52,12.71,WEAK GROWTH,15,30
DYCL,15707868160.0,SMALL CAP,324.1499938964844,18.61861,3.434047,0.20319,9.424,0.09669,0.0701,0.073,0.026,Misc,Industrials,Electrical Equipment & Parts,2026-05-29,Electrical Equipment & Parts,0,0,0,34.45,24.6,90.64,56.33,29.525000000000002,44.43,SLOW GROWTH,43,30
EXCELINDUS,12049636352.0,SMALL CAP,958.5499877929688,15.9306965,0.70747226,0.04597,0.463,0.043870002,0.06913,0.135,-0.01,Chemicals,Basic Materials,Specialty Chemicals,2026-05-29,Specialty Chemicals,0,0,0,60.69,22.54,12.69,24.83,41.614999999999995,34.15,WEAK GROWTH,43,30
VRLLOG,41092698112.0,SMALL CAP,234.89999389648438,17.36142,3.7503593,0.21269,101.023,0.13363,0.073520005,0.057,-0.029,Misc,Industrials,Trucking,2026-05-29,Trucking,0,0,0,31.2,21.62,91.58,67.41,26.41,43.54,SLOW GROWTH,43,30
ELDEHSG,7768070144.0,MICRO CAP,790.0,34.243607,1.9899194,0.11565,26.96,0.40504003,0.16018999,0.243,1.368,Misc,Real Estate,Real Estate Services,2026-05-29,Real Estate Services,0,1,0,75.4,90.72,50.02,93.26,83.06,77.47,HIGH GROWTH,48,30
RMDRIP,7763783680.0,MICRO CAP,18.1299991607666,21.32941,5.232323,0.11565,40.967,0.2922,0.19016,0.551,0.366,Misc,Industrials,Farm & Heavy Construction Machinery,2026-05-29,Farm & Heavy Construction Machinery,0,1,0,89.97,77.16,50.02,88.37,83.565,77.34,HIGH GROWTH,48,30
MENONBE,8288315904.0,MICRO CAP,147.89999389648438,21.686216,4.4690876,0.22245,25.159,0.21385999,0.13019,-0.274,0.292,Automobiles,Consumer Cyclical,Auto Parts,2026-05-29,Auto Components,0,0,1,6.6,74.46,92.75,82.3,40.529999999999994,55.15,MODERATE GROWTH,48,30
KAMDHENU,6900495872.0,MICRO CAP,24.479999542236328,8.805756,1.875862,0.21987,2.375,0.12329,0.10114,0.008,-0.08,Misc,Basic Materials,Steel,2026-05-29,Steel,0,0,0,23.5,19.58,92.5,64.47,21.54,40.03,SLOW GROWTH,48,30
CAPILLARY,41090990080.0,SMALL CAP,517.0499877929688,75.5921,2.00244,0.06582,5.238,0.09712,0.07132,0.258,3.06,Technology,Technology,Software - Infrastructure,2026-05-29,Software Products,0,1,0,76.79,95.69,15.98,56.4,86.24000000000001,69.2,MODERATE GROWTH,10,30
SILINV,4506949120.0,MICRO CAP,425.3500061035156,11.91123,0.17569855,0.01308,29.454,0.9200270213920001,0.58527,0.119,0.1685,Financials,Financial Services,Asset Management,2026-05-29,Asset Management Companies,0,1,0,49.94,50.02,7.6,99.51,49.980000000000004,46.46,SLOW GROWTH,50,30
OSWALGREEN,6263575040.0,MICRO CAP,24.389999389648438,31.269232,0.2540228,-0.025559999,0.184,0.51776004,-0.59168,1.036,0.1685,Financials,Financial Services,Asset Management,2026-05-29,Asset Management Companies,0,1,0,95.3,50.02,3.56,95.34,72.66,61.11,MODERATE GROWTH,53,30
HARRMALAYA,3836878336.0,MICRO CAP,207.89999389648438,15.219619,2.3239436,0.17509001,62.145,0.17869,0.05175,0.251,0.761,Misc,Consumer Defensive,Farm Products,2026-05-29,Farm Products,0,1,0,76.15,85.74,86.72,77.24,80.945,81.73,HIGH GROWTH,42,30
STEELCAS,28715499520.0,SMALL CAP,283.75,31.810537,7.991157,0.11565,29.454,0.24870001,0.2086,-0.043,0.07,Misc,Basic Materials,Steel,2026-05-29,Steel,0,0,0,17.86,27.03,50.02,85.27,22.445,34.24,WEAK GROWTH,45,30
SCI,140135628800.0,MID CAP,300.8500061035156,10.359848,1.6430823,0.11565,29.454,0.21465999,0.01102,0.142,1.189,Misc,Industrials,Marine Shipping,2026-05-29,Marine Shipping,0,1,0,61.93,89.5,50.02,82.33,75.715,71.24,HIGH GROWTH,42,30
BAJAJFINSV,2883389227008.0,MEGA CAP,1803.800048828125,29.585043,3.6964023,0.14602,256.36,0.37205002,0.06568,0.053,0.057,Financials,Financial Services,Financial Conglomerates,2026-05-29,NBFC – Investment,0,0,0,30.45,26.18,80.85,92.21,28.314999999999998,45.21,SLOW GROWTH,43,30
IMPAL,13606944768.0,SMALL CAP,1090.300048828125,14.093847,0.5319692,0.11565,29.454,0.07482,0.10674,0.119,0.1685,Automobiles,Consumer Cyclical,Auto Parts,2026-05-29,Auto Components,0,1,0,49.94,50.02,50.02,36.08,49.980000000000004,48.6,SLOW GROWTH,40,30
SONATSOFTW,74776018944.0,SMALL CAP,270.1499938964844,16.137993,3.9290543,0.25724,37.962,0.072280005,0.0434,-0.031,0.218,Technology,Technology,Information Technology Services,2026-05-29,IT Services,0,0,0,19.33,70.43,94.48,35.25,44.88,53.84,SLOW GROWTH,50,30
BIOCON,703599476736.0,LARGE CAP,434.5,154.62634,2.034719,0.011469999,42.145,0.112229995,0.022780001,0.023,-0.725,Healthcare,Healthcare,Biotechnology,2026-05-29,Biotechnology,0,0,0,25.81,3.68,7.29,61.65,14.745,17.94,WEAK GROWTH,10,30
JYOTHYLAB,76454060032.0,SMALL CAP,208.1999969482422,22.387096,5.3166494,0.18316999,3.247,0.11282,0.11316,0.042,-0.116,Consumer,Consumer Defensive,Household & Personal Products,2026-05-29,FMCG – Personal Care,0,0,0,28.55,18.29,87.82,61.85,23.42,40.14,SLOW GROWTH,41,30
RVNL,516146757632.0,LARGE CAP,247.5500030517578,59.081146,5.4221883,0.08981,49.078,0.03866,0.04285,0.042,-0.591,Industrials,Industrials,Engineering & Construction,2026-05-29,Engineering & EPC,0,0,0,28.55,5.99,20.72,22.91,17.27,18.52,WEAK GROWTH,10,30
CHEMBONDCH,4977211392.0,MICRO CAP,185.0500030517578,14.234615,2.4058402,0.18198,29.454,0.14156,0.10719,0.119,0.1685,Chemicals,Basic Materials,Specialty Chemicals,2026-05-29,Specialty Chemicals,0,1,0,49.94,50.02,87.7,70.0,49.980000000000004,59.53,MODERATE GROWTH,48,30
GPIL,184891752448.0,MID CAP,284.3500061035156,22.62132,3.334819,0.14866,7.582,0.24258,0.14882,0.097,0.231,Misc,Basic Materials,Steel,2026-05-29,Steel,0,0,0,38.92,70.99,81.47,84.8,54.955,63.24,MODERATE GROWTH,40,30
PTC,55471955968.0,SMALL CAP,187.39999389648438,9.1548605,0.94890875,0.103769995,25.059,0.04679,0.03611,0.289,-0.7,Misc,Utilities,Utilities - Independent Power Producers,2026-05-29,Utilities - Independent Power Producers,0,0,0,79.63,4.27,24.64,25.89,41.949999999999996,36.88,WEAK GROWTH,35,30
MEDICO,3997339136.0,MICRO CAP,48.16999816894531,30.487339,5.264481,0.19015,25.444,0.111770004,0.06355,0.375,0.365,Misc,Healthcare,Drug Manufacturers - Specialty & Generic,2026-05-29,Drug Manufacturers - Specialty & Generic,0,1,0,84.59,77.09,88.92,61.42,80.84,80.51,HIGH GROWTH,36,30
GODREJAGRO,113954045952.0,MID CAP,592.4000244140625,24.100897,5.608468,0.18681,72.751,0.03481,0.04634,0.083,0.482,Misc,Consumer Defensive,Packaged Foods,2026-05-29,Packaged Foods,0,0,0,36.11,80.42,88.48,21.66,58.265,60.65,MODERATE GROWTH,36,30
WELCORP,367207743488.0,MID CAP,1392.5,22.74212,4.489966,0.18915,25.042,0.095249996,0.096190006,0.099,-0.47,Misc,Basic Materials,Steel,2026-05-29,Steel,0,0,0,39.09,8.62,88.76,43.56,23.855,38.81,WEAK GROWTH,36,30
XELPMOC,1509104256.0,MICRO CAP,101.97000122070312,26.656543,1.9562215,0.11565,0.36,-1.76877,-0.9331492,0.345,0.1685,Technology,Technology,Information Technology Services,2026-05-29,IT Services,0,1,0,83.0,50.02,50.02,1.53,66.51,56.71,MODERATE GROWTH,36,30
NDRAUTO,19492116480.0,SMALL CAP,817.0999755859375,31.426922,5.433026,0.1877,17.248,0.090500005,0.07531,0.193,0.126,Automobiles,Consumer Cyclical,Auto Parts,2026-05-29,Auto Components,0,1,0,69.31,30.2,88.64,41.87,49.755,56.74,MODERATE GROWTH,36,30
TPLPLASTEH,5752721408.0,MICRO CAP,73.75,20.716293,3.7725716,0.18370001,11.202,0.09964,0.06878,0.238,0.17,Misc,Consumer Cyclical,Packaging & Containers,2026-05-29,Packaging & Containers,0,1,0,75.17,67.59,88.09,57.42,71.38,73.33,HIGH GROWTH,36,30
SHRIRAMPPS,15526137856.0,SMALL CAP,90.9800033569336,22.136253,1.1239315,0.07159,42.189,0.13726,0.07429,0.572,0.644,Misc,Real Estate,Real Estate - Development,2026-05-29,Real Estate - Development,0,1,0,90.5,83.86,17.08,68.35,87.18,71.28,HIGH GROWTH,18,30
JSFB,52082995200.0,SMALL CAP,494.5,15.998059,1.1646749,0.076009996,29.454,0.17341,0.1176,0.176,0.129,Financials,Financial Services,Banks - Regional,2026-05-29,Private Sector Banks,0,1,0,66.76,30.36,18.1,76.5,48.56,45.26,SLOW GROWTH,37,30
SAHLIBHFI,2523891200.0,MICRO CAP,81.70999908447266,26.656543,1.5465713,0.11565,24.527,0.67459,0.55768,0.106,0.064,Financials,Financial Services,Credit Services,2026-05-29,NBFC – Lending,0,0,0,40.11,26.6,50.02,97.3,33.355000000000004,43.08,SLOW GROWTH,53,30
PURVA,52248817664.0,SMALL CAP,220.32000732421875,81.90334,3.2317781,0.03232,315.044,0.19357,0.01704,1.692,0.1685,Misc,Real Estate,Real Estate - Development,2026-05-29,Real Estate - Development,0,1,0,97.45,50.02,10.38,79.48,73.735,61.64,MODERATE GROWTH,17,30
PGIL,74933731328.0,SMALL CAP,1622.5,26.956306,5.792264,0.20896,65.567,0.085030004,0.05526,0.069,0.203,Misc,Consumer Cyclical,Apparel Manufacturing,2026-05-29,Apparel Manufacturing,0,0,0,33.57,69.41,91.19,40.11,51.489999999999995,58.29,MODERATE GROWTH,36,30
MTNL,19309500416.0,SMALL CAP,30.649999618530273,26.656543,-0.0670558,0.11565,29.454,0.9200270213920001,-0.9331492,0.879,0.1685,Telecom,Communication Services,Telecom Services,2026-05-29,Telecom Services,0,1,0,94.56,50.02,50.02,99.51,72.29,70.56,HIGH GROWTH,38,30
JINDRILL,17545160704.0,SMALL CAP,605.4000244140625,8.329664,0.96381634,0.12358,5.119,0.20357999,0.21132,0.073,-0.366,Misc,Energy,Oil & Gas Equipment & Services,2026-05-29,Oil & Gas Equipment & Services,0,0,0,34.45,10.61,74.93,80.96,22.53,38.85,WEAK GROWTH,52,30
MARATHON,31771930624.0,SMALL CAP,471.25,12.918037,1.444843,0.11565,2.665,0.19738,0.39824,0.013,-0.493,Misc,Real Estate,Real Estate - Development,2026-05-29,Real Estate - Development,0,0,0,24.19,8.01,50.02,80.1,16.1,29.28,WEAK GROWTH,52,30
ALGOQUANT,16362599424.0,SMALL CAP,58.209999084472656,6.7529,14.895087,0.11565,23.755,0.19264,0.84235,0.051,0.16,Misc,Financial Services,Capital Markets,2026-05-29,Capital Markets,0,0,0,29.91,32.2,50.02,79.36,31.055,39.68,WEAK GROWTH,52,30
MUFIN,24681101312.0,SMALL CAP,124.55000305175781,75.94512,6.8325195,0.06698,243.19,0.57075,0.33807,0.056,2.0,Financials,Financial Services,Credit Services,2026-05-29,NBFC – Lending,0,0,0,31.04,93.79,16.22,96.24,62.415000000000006,56.56,MODERATE GROWTH,35,30
HEADSUP,158553120.0,MICRO CAP,7.179999828338623,3.7789474,0.8418337,0.11565,29.454,0.1718,0.26614,0.119,0.1685,Misc,Consumer Cyclical,Apparel Retail,2026-05-29,Apparel Retail,0,1,0,49.94,50.02,50.02,76.15,49.980000000000004,52.61,SLOW GROWTH,52,30
KSB,142712160256.0,MID CAP,820.0,55.070515,8.501198,0.11565,0.31,0.060370002,0.09575,0.01,-0.232,Misc,Industrials,Specialty Industrial Machinery,2026-05-29,Specialty Industrial Machinery,0,0,0,23.74,13.94,50.02,30.83,18.84,26.28,WEAK GROWTH,38,30
SHREERAMA,5872592384.0,MICRO CAP,44.0,24.858757,3.6953053,0.11565,13.028,0.12592,0.23962,0.132,0.026,Misc,Consumer Cyclical,Packaging & Containers,2026-05-29,Packaging & Containers,0,0,0,60.09,24.6,50.02,65.26,42.345,46.17,SLOW GROWTH,38,30
MANINFRA,47721455616.0,SMALL CAP,118.22000122070312,23.317554,2.1074212,0.10152,2.766,0.105620004,0.31815,-0.505,-0.483,Industrials,Industrials,Engineering & Construction,2026-05-29,Engineering & EPC,0,0,0,3.17,8.3,24.13,59.26,5.735,14.77,WEAK GROWTH,38,30
HINDOILEXP,21437960192.0,SMALL CAP,162.11000061035156,20.188046,1.5960892,0.11565,5.622,0.059959996,0.20712,-0.486,-0.808,Misc,Energy,Oil & Gas E&P,2026-05-29,Oil & Gas E&P,0,0,0,3.25,2.59,50.02,30.61,2.92,15.11,WEAK GROWTH,38,30
SALZERELEC,10990704640.0,SMALL CAP,621.5499877929688,20.77373,1.9271792,0.09309,88.776,0.05171,0.03011,0.262,0.1685,Misc,Industrials,Electrical Equipment & Parts,2026-05-29,Electrical Equipment & Parts,0,1,0,77.22,50.02,21.46,27.65,63.620000000000005,51.59,SLOW GROWTH,18,30
SSWL,32898170880.0,SMALL CAP,209.13999938964844,17.370432,1.9204069,0.11565,52.775,0.07028,0.03845,0.229,-0.026,Automobiles,Consumer Cyclical,Auto Parts,2026-05-29,Auto Components,0,0,0,73.99,21.72,50.02,34.31,47.855,46.93,SLOW GROWTH,35,30
ORIENTCEM,29310906368.0,SMALL CAP,142.66000366210938,8.677615,1.42069,0.17082001,3.377,0.09719,0.120900005,-0.216,0.317,Misc,Basic Materials,Building Materials,2026-05-29,Building Materials,0,0,0,8.32,75.66,85.94,56.5,41.989999999999995,52.23,SLOW GROWTH,40,30
BALKRISIND,423480655872.0,MID CAP,2190.60009765625,34.068428,3.8656876,0.11565,35.269,0.16359,0.1233,0.069,-0.15,Automobiles,Consumer Cyclical,Auto Parts,2026-05-29,Auto Components,0,0,0,33.57,17.31,50.02,74.7,25.439999999999998,35.28,WEAK GROWTH,40,30
ARE&M,166406651904.0,MID CAP,909.2000122070312,18.585447,2.1502478,0.11565,5.015,0.07145,0.0557,0.164,-0.188,Misc,Industrials,Electrical Equipment & Parts,2026-05-29,Electrical Equipment & Parts,0,0,0,65.04,15.61,50.02,34.82,40.325,41.71,SLOW GROWTH,35,30
FIRSTCRY,112291659776.0,MID CAP,231.44000244140625,26.656543,2.3312786,0.11565,31.483,-0.00269,-0.022449998,0.116,0.1685,Misc,Consumer Cyclical,Internet Retail,2026-05-29,Internet Retail,0,1,0,41.66,50.02,50.02,12.38,45.84,43.33,SLOW GROWTH,18,30
EPL,68965818368.0,SMALL CAP,215.3300018310547,17.751854,2.4079394,0.15077,33.579,0.123950005,0.08165,0.177,-0.099,Misc,Consumer Cyclical,Packaging & Containers,2026-05-29,Packaging & Containers,0,0,0,66.92,18.9,81.94,64.71,42.91,52.9,SLOW GROWTH,35,30
SIYSIL,26271549440.0,SMALL CAP,579.0499877929688,11.376227,1.9439362,0.16834,24.131,0.13878,0.08976,0.159,0.357,Misc,Consumer Cyclical,Textile Manufacturing,2026-05-29,Textile Manufacturing,0,1,0,64.32,76.81,85.39,69.06,70.565,73.38,HIGH GROWTH,35,30
MGL,109337124864.0,MID CAP,1106.9000244140625,12.996361,1.7609365,0.13627,3.461,0.07491,0.102010004,0.045,-0.474,Misc,Utilities,Utilities - Regulated Gas,2026-05-29,Utilities - Regulated Gas,0,0,0,29.06,8.48,78.34,36.23,18.77,32.43,WEAK GROWTH,40,30
SANGAMIND,25296037888.0,SMALL CAP,513.0,31.166466,2.3956177,0.07931,118.739,0.08743,0.02554,0.204,2.46,Misc,Consumer Cyclical,Textile Manufacturing,2026-05-29,Textile Manufacturing,0,1,0,71.15,94.59,18.72,40.93,82.87,65.85,MODERATE GROWTH,18,30
JKTYRE,118155452416.0,MID CAP,409.8500061035156,15.045889,2.143141,0.14051,80.551,0.100109994,0.04737,0.126,0.766,Automobiles,Consumer Cyclical,Auto Parts,2026-05-29,Auto Components,0,1,0,59.2,85.78,79.48,57.7,72.49000000000001,72.41,HIGH GROWTH,35,30
KRITINUT,4649606656.0,MICRO CAP,92.80000305175781,13.707534,1.9742161,0.15348,3.972,0.03085,0.03672,0.276,0.283,Misc,Consumer Defensive,Packaged Foods,2026-05-29,Packaged Foods,0,1,0,78.65,73.99,82.49,20.41,76.32,71.96,HIGH GROWTH,35,30
UNIVCABLES,41242394624.0,SMALL CAP,1188.699951171875,25.28611,2.2043047,0.08906,62.258,0.06892,0.05396,0.247,0.113,Misc,Industrials,Electrical Equipment & Parts,2026-05-29,Electrical Equipment & Parts,0,1,0,75.83,29.3,20.6,33.84,52.565,44.3,SLOW GROWTH,18,30
SICALLOG,5186016768.0,MICRO CAP,65.0,10.0154085,-88.91929,0.11565,29.454,0.08071999,0.16251,0.87,0.1685,Misc,Industrials,Integrated Freight & Logistics,2026-05-29,Integrated Freight & Logistics,0,1,0,94.42,50.02,50.02,38.54,72.22,64.41,MODERATE GROWTH,40,30
KANANIIND,306695392.0,MICRO CAP,1.5499999523162842,17.222221,0.44940564,0.11565,0.485,0.00302,0.00918,0.364,-0.5,Misc,Consumer Cyclical,Luxury Goods,2026-05-29,Luxury Goods,0,0,0,84.02,7.72,50.02,13.75,45.87,43.49,SLOW GROWTH,53,30
STARCEMENT,88070914048.0,SMALL CAP,217.89999389648438,22.417694,2.7629492,0.12871,18.924,0.18438,0.10418,0.119,0.202,Misc,Basic Materials,Building Materials,2026-05-29,Building Materials,0,1,0,49.94,69.35,76.26,77.95,59.644999999999996,64.8,MODERATE GROWTH,40,30
COSMOFIRST,19310272512.0,SMALL CAP,743.9000244140625,12.460637,1.1927266,0.10119,103.944,0.08182,0.04287,0.368,0.365,Misc,Consumer Cyclical,Packaging & Containers,2026-05-29,Packaging & Containers,0,1,0,84.14,77.09,24.05,38.97,80.61500000000001,65.14,MODERATE GROWTH,35,30
HARIOMPIPE,12427171840.0,SMALL CAP,401.29998779296875,16.413088,2.05643,0.12392,62.241,0.09194,0.04542,0.269,0.746,Misc,Basic Materials,Steel,2026-05-29,Steel,0,1,0,77.89,85.49,75.09,42.5,81.69,76.45,HIGH GROWTH,35,30
EXICOM,21557364736.0,SMALL CAP,155.0,26.656543,2.6811042,-0.294667488,109.474,-0.08951,-0.23801,0.461,0.1685,Misc,Industrials,Electrical Equipment & Parts,2026-05-29,Electrical Equipment & Parts,0,1,0,87.84,50.02,0.53,7.87,68.93,49.14,SLOW GROWTH,8,30
ABREL,138520854528.0,MID CAP,1252.699951171875,26.656543,3.7441418,-0.08911,152.371,-2.16209,-0.2535,0.119,0.1685,Misc,Real Estate,Real Estate Services,2026-05-29,Real Estate Services,0,1,0,49.94,50.02,2.39,1.41,49.980000000000004,35.61,WEAK GROWTH,8,30
KKCL,26957936640.0,SMALL CAP,437.45001220703125,18.99479,3.2011738,0.14431,29.454,0.09177,0.117,0.119,0.1685,Misc,Consumer Cyclical,Apparel Manufacturing,2026-05-29,Apparel Manufacturing,0,1,0,49.94,50.02,80.42,42.36,49.980000000000004,55.31,MODERATE GROWTH,40,30
KILITCH,6438521856.0,MICRO CAP,184.16000366210938,20.64574,2.2549284,0.12361,32.04,0.23618001,0.12810999,0.463,0.265,Misc,Healthcare,Drug Manufacturers - Specialty & Generic,2026-05-29,Drug Manufacturers - Specialty & Generic,0,1,0,87.97,73.05,74.97,84.29,80.50999999999999,79.78,HIGH GROWTH,40,30
RUBYMILLS,8560640000.0,MICRO CAP,256.0,17.655172,1.3077905,0.11565,60.619,0.117989995,0.15446,0.247,-0.357,Misc,Consumer Cyclical,Textile Manufacturing,2026-05-29,Textile Manufacturing,0,0,0,75.83,11.01,50.02,63.22,43.42,46.72,SLOW GROWTH,40,30
SHRADHA,2054585088.0,MICRO CAP,35.040000915527344,11.12381,1.105293,0.11565,92.509,0.09273,0.18049999,0.255,-0.173,Misc,Real Estate,Real Estate - Development,2026-05-29,Real Estate - Development,0,0,0,76.52,16.35,50.02,42.89,46.435,46.8,SLOW GROWTH,40,30
MOTISONS,11630433280.0,SMALL CAP,11.619999885559082,17.861538,2.4142232,0.13962,7.795,0.05783,0.12849,0.158,-0.216,Misc,Consumer Cyclical,Luxury Goods,2026-05-29,Luxury Goods,0,0,0,64.06,14.75,79.28,29.81,39.405,46.42,SLOW GROWTH,40,30
RATNAVEER,11941111808.0,SMALL CAP,167.17999267578125,15.06126,2.1058333,0.12364,50.053,0.086169995,0.060170002,0.226,0.38,Misc,Basic Materials,Steel,2026-05-29,Steel,0,1,0,73.6,77.52,75.01,40.46,75.56,71.94,HIGH GROWTH,35,30
ZOTA,34430595072.0,SMALL CAP,1135.0999755859375,26.656543,11.016431,-0.16046,38.847,-0.1122,-0.13726,0.677,0.1685,Healthcare,Healthcare,Biotechnology,2026-05-29,Biotechnology,0,1,0,92.79,50.02,1.65,7.36,71.405,51.05,SLOW GROWTH,8,30
ELLEN,37044924416.0,SMALL CAP,262.8500061035156,34.90704,3.799838,0.14199,18.873,0.24102,0.30563998,0.06,0.165,Misc,Basic Materials,Chemicals,2026-05-29,Chemicals,0,0,0,31.83,32.35,79.95,84.68,32.09,46.92,SLOW GROWTH,45,30
GREENLAM,58334420992.0,SMALL CAP,228.6300048828125,104.39726,5.2028766,0.04862,98.417,0.08519,0.01847,0.258,14.661280000000012,Misc,Consumer Cyclical,"Furnishings, Fixtures & Appliances",2026-05-29,"Furnishings, Fixtures & Appliances",0,1,0,76.79,99.51,13.24,40.15,88.15,68.37,MODERATE GROWTH,10,30
CASTROLIND,182789816320.0,MID CAP,184.8000030517578,19.071209,9.618988,0.11565,3.305,0.19521,0.16386,0.087,0.038,Misc,Energy,Oil & Gas Refining & Marketing,2026-05-29,Oil & Gas Refining & Marketing,0,0,0,36.74,25.23,50.02,79.73,30.985,39.67,WEAK GROWTH,47,30
AVONMORE,3101210112.0,MICRO CAP,10.989999771118164,13.567901,0.7970699,0.11565,5.155,0.20926,0.14257,0.559,14.661280000000012,Misc,Financial Services,Capital Markets,2026-05-29,Capital Markets,0,1,0,90.07,99.51,50.02,81.79,94.78999999999999,84.54,HIGH GROWTH,47,30
NEOGEN,50957295616.0,SMALL CAP,1861.0,171.67897,6.0112343,0.03581,170.915,0.14727001,0.033350002,0.216,3.759,Chemicals,Basic Materials,Specialty Chemicals,2026-05-29,Specialty Chemicals,0,1,0,72.21,96.47,10.81,71.29,84.34,68.33,MODERATE GROWTH,10,30
CIEINDIA,172287410176.0,MID CAP,454.1499938964844,19.91886,2.30975,0.11565,5.71,0.11777,0.05728,0.149,0.208,Automobiles,Consumer Cyclical,Auto Parts,2026-05-29,Auto Components,0,1,0,62.98,69.68,50.02,63.18,66.33,62.75,MODERATE GROWTH,35,30
PREMIERPOL,5770263040.0,MICRO CAP,55.09000015258789,18.121712,3.9151447,0.24054001,16.692,0.12671,0.094069995,0.113,0.554,Chemicals,Basic Materials,Specialty Chemicals,2026-05-29,Specialty Chemicals,0,1,0,41.13,82.02,93.62,65.49,61.575,68.38,MODERATE GROWTH,43,30
PACEDIGITK,41603186688.0,SMALL CAP,192.74000549316406,16.264978,2.669751,0.11565,11.33,0.176,0.114750005,0.135,0.156,Misc,Technology,Communication Equipment,2026-05-29,Communication Equipment,0,1,0,60.69,31.94,50.02,76.93,46.315,50.12,SLOW GROWTH,47,30
AUTOAXLES,26671118336.0,SMALL CAP,1764.9000244140625,16.215546,2.4275746,0.158,1.28,0.1012,0.07548,0.187,0.173,Automobiles,Consumer Cyclical,Auto Parts,2026-05-29,Auto Components,0,1,0,68.35,67.8,83.59,58.01,68.07499999999999,70.17,HIGH GROWTH,35,30
AGI,38883127296.0,SMALL CAP,601.0,11.059993,1.6155262,0.15612,10.126,0.21176,0.13194,0.053,0.194,Misc,Consumer Cyclical,Packaging & Containers,2026-05-29,Packaging & Containers,0,0,0,30.45,68.98,83.04,82.1,49.715,59.62,MODERATE GROWTH,47,30
BEPL,24256235520.0,SMALL CAP,97.47000122070312,13.4627075,2.242855,0.17278999,29.454,0.18176001,0.14119,-0.01,0.305,Misc,Basic Materials,Chemicals,2026-05-29,Chemicals,0,0,0,21.58,75.11,86.33,77.59,48.345,58.87,MODERATE GROWTH,47,30
NITCO,23885654016.0,SMALL CAP,99.30999755859375,83.45377,6.187539,0.093760006,86.275,-0.03127,0.05218,0.511,0.1685,Misc,Industrials,Building Products & Equipment,2026-05-29,Building Products & Equipment,0,1,0,88.99,50.02,21.66,9.91,69.505,53.98,SLOW GROWTH,5,30
MUTHOOTMF,29931251712.0,SMALL CAP,178.41000366210938,17.56004,1.0484837,0.062069997,340.091,0.31847998,0.15958999,0.119,0.1685,Financials,Financial Services,Credit Services,2026-05-29,NBFC – Lending,0,1,0,49.94,50.02,15.28,89.7,49.980000000000004,47.01,SLOW GROWTH,45,30
DCMSHRIRAM,166367150080.0,MID CAP,1074.4000244140625,19.634502,2.1735876,0.11617,37.802,0.0674,0.063039996,0.11,1.067,Misc,Industrials,Conglomerates,2026-05-29,Conglomerates,0,1,0,40.54,88.7,72.74,33.41,64.62,63.12,MODERATE GROWTH,35,30
SOLEX,13182277632.0,SMALL CAP,1220.300048828125,13.734385,7.0725636,0.11565,132.242,0.09936,0.05369,2.481,3.046,Misc,Technology,Solar,2026-05-29,Solar,0,1,0,98.24,95.61,50.02,57.19,96.925,83.57,HIGH GROWTH,35,30
JTLIND,27150147584.0,SMALL CAP,69.06999969482422,26.362597,1.6655011,0.07521,16.038,0.07555,0.046090003,0.474,1.516,Misc,Basic Materials,Steel,2026-05-29,Steel,0,1,0,88.21,91.87,17.9,36.41,90.03999999999999,70.25,HIGH GROWTH,18,30
QUESS,31508936704.0,SMALL CAP,210.6199951171875,14.199193,2.6979682,0.19714001,10.656,0.01946,0.014479999,0.119,0.1685,Misc,Industrials,Staffing & Employment Services,2026-05-29,Staffing & Employment Services,0,1,0,49.94,50.02,89.62,16.71,49.980000000000004,54.58,SLOW GROWTH,43,30
AURUM,13728750592.0,SMALL CAP,180.05999755859375,538.1866320000008,2.1920044,-0.02928,44.065,0.01946,-0.027420001,0.759,0.1685,Misc,Real Estate,Real Estate Services,2026-05-29,Real Estate Services,0,1,0,93.54,50.02,3.29,16.71,71.78,52.58,SLOW GROWTH,5,30
BANG,532365568.0,MICRO CAP,39.2599983215332,10.3044615,0.59168386,0.11565,35.295,0.01158,0.28488,0.179,-0.471,Misc,Consumer Cyclical,Apparel Manufacturing,2026-05-29,Apparel Manufacturing,0,0,0,67.35,8.56,50.02,15.04,37.955,38.08,WEAK GROWTH,45,30
SARDAEN,181828747264.0,MID CAP,516.2999877929688,16.43312,2.598305,0.11565,37.709,0.17232999,0.18537001,-0.033,-0.036,Misc,Basic Materials,Steel,2026-05-29,Steel,0,0,0,19.0,21.35,50.02,76.22,20.175,31.75,WEAK GROWTH,47,30
ANDHRAPAP,12666757120.0,SMALL CAP,63.70000076293945,67.76596,0.65057755,0.0095999995,11.971,-0.00379,0.0109399995,0.294,0.0,Misc,Basic Materials,Paper & Paper Products,2026-05-29,Paper & Paper Products,0,0,0,80.12,23.15,6.72,12.14,51.635000000000005,38.7,WEAK GROWTH,5,30
AMBER,270415609856.0,MID CAP,7667.5,152.25377,6.1721387,0.05583,46.566,0.06243,0.01444,0.105,0.11,Misc,Consumer Cyclical,"Furnishings, Fixtures & Appliances",2026-05-29,"Furnishings, Fixtures & Appliances",0,1,0,39.87,29.18,14.53,31.53,34.525,30.23,WEAK GROWTH,10,30
ASTEC,18206816256.0,SMALL CAP,817.0999755859375,26.656543,4.6630144,-0.25842,114.84,-0.01646,-0.18056,0.327,0.1685,Chemicals,Basic Materials,Agricultural Inputs,2026-05-29,Agrochemicals,0,1,0,82.1,50.02,1.21,10.87,66.06,47.57,SLOW GROWTH,8,30
MAITHANALL,29564233728.0,SMALL CAP,1015.5499877929688,6.819891,0.71699226,0.11565,10.735,0.101289995,0.21628,-0.077,-0.021,Misc,Basic Materials,Steel,2026-05-29,Steel,0,0,0,15.28,21.99,50.02,58.05,18.634999999999998,28.85,WEAK GROWTH,45,30
VEEDOL,24482795520.0,SMALL CAP,1440.5999755859375,12.778073,2.5051603,0.19657,1.534,0.087299995,0.088360004,0.139,-0.037,Chemicals,Basic Materials,Specialty Chemicals,2026-05-29,Specialty Chemicals,0,0,0,61.42,21.27,89.54,40.89,41.345,50.94,SLOW GROWTH,43,30
MANORG,4975939584.0,MICRO CAP,581.0,19.951923,1.6201354,0.11565,114.035,0.08248,0.16003999,0.326,0.19,Chemicals,Basic Materials,Specialty Chemicals,2026-05-29,Specialty Chemicals,0,1,0,82.02,68.64,50.02,39.13,75.33,66.65,MODERATE GROWTH,40,30
ABDL,153560875008.0,MID CAP,549.0,67.36197,9.266605,0.13551,68.251,-0.00159,0.0582,0.119,-0.48,Misc,Consumer Defensive,Beverages - Wineries & Distilleries,2026-05-29,Beverages - Wineries & Distilleries,0,0,0,49.94,8.34,78.18,12.69,29.14,37.3,WEAK GROWTH,15,30
INDBANK,1464924288.0,MICRO CAP,33.0099983215332,20.761005,1.502777,0.073709995,29.454,0.30131,0.28584,0.144,0.038,Misc,Financial Services,Capital Markets,2026-05-29,Capital Markets,0,0,0,62.22,25.23,17.7,88.99,43.725,43.05,SLOW GROWTH,43,30
ADVANIHOTR,4919577088.0,MICRO CAP,53.220001220703125,20.870588,0.9526196,0.08,0.558,0.43158,0.21654,0.084,0.024,Misc,Consumer Cyclical,Lodging,2026-05-29,Lodging,0,0,0,36.27,24.46,18.92,93.93,30.365000000000002,34.43,WEAK GROWTH,61,25
MASKINVEST,463980576.0,MICRO CAP,152.0500030517578,26.656543,0.40420124,0.11565,0.826,0.40791,0.04644,2.005,3.25,Misc,Financial Services,Capital Markets,2026-05-29,Capital Markets,0,1,0,98.06,96.0,50.02,93.34,97.03,87.26,ELITE GROWTH,53,25
VESUVIUS,96244015104.0,SMALL CAP,474.20001220703125,36.989082,5.789776,0.11565,0.826,0.13256,0.12282,0.037,-0.059,Misc,Industrials,Specialty Industrial Machinery,2026-05-29,Specialty Industrial Machinery,0,0,0,27.93,20.41,50.02,66.94,24.17,33.62,WEAK GROWTH,35,25
ORICONENT,10395722752.0,SMALL CAP,65.80000305175781,32.73632,0.8136214,0.11565,0.892,-0.44506,0.18671,-0.649,1.8,Misc,Consumer Cyclical,Packaging & Containers,2026-05-29,Packaging & Containers,0,0,0,1.96,93.15,50.02,3.68,47.555,43.66,SLOW GROWTH,38,25
DEN,13301769216.0,SMALL CAP,27.899999618530273,8.0172415,0.34945765,0.04425,0.524,-0.02174,0.17015,-0.03,-0.377,Misc,Communication Services,Entertainment,2026-05-29,Entertainment,0,0,0,19.43,10.3,12.26,10.42,14.865,13.9,WEAK GROWTH,43,25
PTL,5207711232.0,MICRO CAP,39.34000015258789,11.272206,0.6184076,0.054530002,0.642,0.88612,0.71757007,0.0,0.475,Misc,Real Estate,Real Estate Services,2026-05-29,Real Estate Services,0,0,0,22.82,80.2,14.06,98.79,51.510000000000005,48.75,SLOW GROWTH,60,25
ASMS,2372652800.0,MICRO CAP,7.789999961853027,70.818184,8.782413,0.11565,0.562,0.05246,0.06093,4.552,0.1685,Technology,Technology,Information Technology Services,2026-05-29,IT Services,0,1,0,98.82,50.02,50.02,28.08,74.42,64.91,MODERATE GROWTH,38,25
IGL,230006243328.0,MID CAP,164.2899932861328,14.854429,2.0497816,0.13926,0.848,0.06922,0.09585,0.054,-0.252,Misc,Utilities,Utilities - Regulated Gas,2026-05-29,Utilities - Regulated Gas,0,0,0,30.69,13.47,79.08,33.96,22.080000000000002,34.67,WEAK GROWTH,45,25
NIITLTD,9388279808.0,MICRO CAP,68.7699966430664,171.92499,0.8873891,0.00569,0.65,-0.0028400002,0.011569999,0.255,0.1685,Misc,Consumer Defensive,Education & Training Services,2026-05-29,Education & Training Services,0,1,0,76.52,50.02,6.03,12.3,63.269999999999996,46.72,SLOW GROWTH,15,25
SPCENET,2117533952.0,MICRO CAP,3.75,12.931035,1.3786764,0.11565,0.597,0.04316,0.084960006,0.227,1.5,Misc,Financial Services,Capital Markets,2026-05-29,Capital Markets,0,1,0,73.74,91.77,50.02,24.52,82.755,70.38,HIGH GROWTH,53,25
EUREKAFORB,86200598528.0,SMALL CAP,445.5,53.225807,1.9191997,0.0361,0.629,0.09583,0.06003,0.116,0.028,Misc,Consumer Cyclical,"Furnishings, Fixtures & Appliances",2026-05-29,"Furnishings, Fixtures & Appliances",0,0,0,41.66,24.77,10.89,43.75,33.214999999999996,29.8,WEAK GROWTH,20,25
NUCLEUS,20211253248.0,SMALL CAP,767.75,17.307259,2.380539,0.13561,0.942,0.1336,0.13326,-0.018,-0.467,Technology,Technology,Software - Application,2026-05-29,SaaS,0,0,0,20.47,8.68,78.22,67.37,14.575,32.58,WEAK GROWTH,50,25
STYLAMIND,49316003840.0,SMALL CAP,2908.0,32.955578,6.773581,0.11565,29.454,0.18767,0.12703,0.065,0.548,Misc,Consumer Cyclical,"Furnishings, Fixtures & Appliances",2026-05-29,"Furnishings, Fixtures & Appliances",0,0,0,32.8,81.96,50.02,78.69,57.379999999999995,58.04,MODERATE GROWTH,40,20
PPLPHARMA,229392678912.0,MID CAP,173.16000366210938,26.656543,2.8373396,-0.04002,69.519,0.08799,-0.03675,-0.001,0.1685,Misc,Healthcare,Drug Manufacturers - Specialty & Generic,2026-05-29,Drug Manufacturers - Specialty & Generic,0,0,0,22.66,50.02,3.06,41.05,36.34,30.16,WEAK GROWTH,13,20
BHARATWIRE,15933553664.0,SMALL CAP,232.19000244140625,30.312012,2.050297,0.11565,9.237,0.16924,0.12344,-0.174,-0.424,Misc,Basic Materials,Steel,2026-05-29,Steel,0,0,0,9.75,9.38,50.02,75.64,9.565000000000001,24.26,WEAK GROWTH,40,20
INDTERRAIN,1611222272.0,MICRO CAP,31.799999237060547,26.656543,0.82750005,-0.02678,55.334,0.08148,-0.01286,0.204,0.1685,Misc,Consumer Cyclical,Apparel Retail,2026-05-29,Apparel Retail,0,1,0,71.15,50.02,3.45,38.78,60.58500000000001,46.98,SLOW GROWTH,13,20
SUBROS,47693856768.0,SMALL CAP,731.0999755859375,28.783464,3.8345144,0.1486,6.009,0.05836,0.044109996,0.156,0.069,Automobiles,Consumer Cyclical,Auto Parts,2026-05-29,Auto Components,0,0,0,63.65,26.99,81.43,30.0,45.32,51.01,SLOW GROWTH,28,20
KEC,133113307136.0,MID CAP,500.04998779296875,21.970562,2.1617239,0.10524999,87.306,0.06221,0.02576,-0.07,-0.281,Industrials,Industrials,Engineering & Construction,2026-05-29,Engineering & EPC,0,0,0,15.88,12.75,25.03,31.37,14.315000000000001,18.16,WEAK GROWTH,28,20
TARACHAND,4282556672.0,MICRO CAP,54.33000183105469,15.478633,2.8819225,0.20475,92.775,0.15615,0.09726,0.097,0.083,Misc,Industrials,Farm & Heavy Construction Machinery,2026-05-29,Farm & Heavy Construction Machinery,0,0,0,38.92,27.83,90.91,73.42,33.375,48.89,SLOW GROWTH,50,20
SAIPARENT,21161852928.0,SMALL CAP,479.0,107.3991,8.528442,0.048260003,49.06,0.103549995,0.03661,0.119,0.1685,Misc,Healthcare,Drug Manufacturers - General,2026-05-29,Drug Manufacturers - General,0,1,0,49.94,50.02,13.2,58.36,49.980000000000004,43.46,SLOW GROWTH,10,20
CORALFINAC,1338033920.0,MICRO CAP,33.20000076293945,9.273744,0.62112963,0.0691,29.454,0.75837,0.9287488156000011,-0.007,0.155,Misc,Real Estate,Real Estate Services,2026-05-29,Real Estate Services,0,0,0,21.99,31.88,16.53,97.73,26.935,31.93,WEAK GROWTH,50,20
TFL,694464064.0,MICRO CAP,12.600000381469727,26.656543,2.3639777,-0.13848,107.02,-0.15072,-0.3449,0.942,0.1685,Misc,Financial Services,Mortgage Finance,2026-05-29,Mortgage Finance,0,1,0,94.75,50.02,1.72,6.82,72.385,51.7,SLOW GROWTH,8,20
EMKAY,6022075392.0,MICRO CAP,221.97000122070312,40.284935,1.8791906,0.044460002,26.355,0.06491,0.03999,0.947,-0.375,Misc,Financial Services,Capital Markets,2026-05-29,Capital Markets,0,0,0,94.83,10.38,12.3,32.31,52.605,42.51,SLOW GROWTH,10,20
AMJLAND,1547750016.0,MICRO CAP,37.75,10.457064,0.7269261,0.0692,29.454,0.4718,0.23969999,-0.376,-0.504,Misc,Real Estate,Real Estate - Development,2026-05-29,Real Estate - Development,0,0,0,4.7,7.48,16.57,94.71,6.09,17.05,WEAK GROWTH,50,20
TOKYOPLAST,815695168.0,MICRO CAP,85.8499984741211,130.07574,1.2023305,0.0101499995,77.168,0.042540003,0.00795,0.333,-0.897,Misc,Consumer Cyclical,Packaging & Containers,2026-05-29,Packaging & Containers,0,0,0,82.37,1.55,6.93,24.21,41.96,33.18,WEAK GROWTH,10,20
DEEPAKNTR,231145275392.0,MID CAP,1694.699951171875,42.05211,3.9630423,0.09751,27.903,0.14781,0.0698,-0.027,0.085,Misc,Basic Materials,Chemicals,2026-05-29,Chemicals,0,0,0,19.74,27.95,22.68,71.52,23.845,28.38,WEAK GROWTH,10,20
WHIRLPOOL,105343885312.0,MID CAP,830.0,35.915188,1.2899135,0.072459996,8.621,0.03138,0.03656,0.088,-0.328,Misc,Consumer Cyclical,"Furnishings, Fixtures & Appliances",2026-05-29,"Furnishings, Fixtures & Appliances",0,0,0,36.92,11.71,17.23,20.56,24.315,22.52,WEAK GROWTH,10,20
ONESOURCE,206488551424.0,MID CAP,1801.0999755859375,26.656543,3.4764633,0.11565,21.928,-0.18019,0.01416,-0.26,0.1685,Healthcare,Healthcare,Biotechnology,2026-05-29,Biotechnology,0,0,0,6.99,50.02,50.02,6.03,28.505000000000003,30.56,WEAK GROWTH,23,20
SVLL,7355968000.0,MICRO CAP,640.0,166.66667,16.937042,0.11565,570.803,0.058130004,0.01422,0.514,0.1685,Misc,Industrials,Trucking,2026-05-29,Trucking,0,1,0,89.07,50.02,50.02,29.93,69.545,61.68,MODERATE GROWTH,20,20
DBCORP,36875517952.0,SMALL CAP,206.8800048828125,11.104671,1.5178728,0.14269,10.796,0.1368,0.14095001,0.047,0.191,Misc,Communication Services,Publishing,2026-05-29,Publishing,0,0,0,29.24,68.74,80.06,68.19,48.989999999999995,57.12,MODERATE GROWTH,40,20
KINGFA,74864607232.0,SMALL CAP,5524.5,43.353214,5.7829213,0.11565,1.438,0.13354,0.089049995,0.111,0.166,Chemicals,Basic Materials,Specialty Chemicals,2026-05-29,Specialty Chemicals,0,1,0,40.68,32.41,50.02,67.29,36.545,42.31,SLOW GROWTH,20,20
WILLAMAGOR,300423392.0,MICRO CAP,27.420000076293945,3.373465592,-0.16593744,0.11565,29.454,-0.4427,0.9287488156000011,-0.467,0.1685,Financials,Financial Services,Credit Services,2026-05-29,NBFC – Lending,0,0,0,3.56,50.02,50.02,3.8,26.790000000000003,29.14,WEAK GROWTH,40,20
NAGREEKEXP,904665792.0,MICRO CAP,28.950000762939453,37.597404,0.57991624,0.11565,110.687,0.02944,0.0053100004,0.218,-0.286,Misc,Consumer Cyclical,Textile Manufacturing,2026-05-29,Textile Manufacturing,0,0,0,72.52,12.61,50.02,19.94,42.565,41.79,SLOW GROWTH,20,20
GRINFRA,88879382528.0,SMALL CAP,918.5499877929688,9.844069,0.9475507,0.100880004,51.877,0.12872,0.1075,0.097,-0.487,Industrials,Industrials,Engineering & Construction,2026-05-29,Engineering & EPC,0,0,0,38.92,8.17,23.85,66.08,23.545,27.86,WEAK GROWTH,40,20
COASTCORP,4045424896.0,MICRO CAP,60.400001525878906,26.034485,1.4852338,0.11565,153.742,0.03936,0.01928,0.649,2.63,Misc,Consumer Defensive,Packaged Foods,2026-05-29,Packaged Foods,0,1,0,92.24,94.83,50.02,23.03,93.535,77.78,HIGH GROWTH,28,20
SUPREMEENG,232453504.0,MICRO CAP,0.9300000071525574,26.656543,-0.26145628,0.11565,29.454,0.042329997,-0.37842,0.449,0.1685,Misc,Basic Materials,Steel,2026-05-29,Steel,0,1,0,87.45,50.02,50.02,24.09,68.735,60.53,MODERATE GROWTH,23,20
EIEL,33982609408.0,SMALL CAP,193.60000610351562,16.200838,2.980158,0.11565,25.86,0.23903999,0.18259001,0.01,-0.112,Industrials,Industrials,Engineering & Construction,2026-05-29,Engineering & EPC,0,0,0,23.74,18.41,50.02,84.49,21.075,33.21,WEAK GROWTH,47,20
PNCINFRA,53596164096.0,SMALL CAP,208.9199981689453,6.4461584,0.8092969,0.1299,75.883,0.14959,0.15495,-0.051,0.429,Industrials,Industrials,Engineering & Construction,2026-05-29,Engineering & EPC,0,0,0,17.18,78.95,76.65,72.11,48.065,56.19,MODERATE GROWTH,40,20
ALPA,1487570304.0,MICRO CAP,70.69999694824219,12.80797,0.8677721,0.11565,29.454,0.029719999,0.10154,0.111,-0.787,Misc,Healthcare,Drug Manufacturers - Specialty & Generic,2026-05-29,Drug Manufacturers - Specialty & Generic,0,0,0,40.68,2.86,50.02,20.17,21.77,27.26,WEAK GROWTH,40,20
BEDMUTHA,3658724608.0,MICRO CAP,113.4000015258789,26.656543,2.5704377,-0.00035999998,151.954,0.02569,-4.0000003e-05,0.446,0.1685,Misc,Basic Materials,Steel,2026-05-29,Steel,0,1,0,87.25,50.02,5.01,18.49,68.635,50.9,SLOW GROWTH,13,20
AURIONPRO,43729113088.0,SMALL CAP,792.0,20.534094,2.4528553,0.13245,3.478,0.16351,0.14833,0.057,0.205,Technology,Technology,Software - Application,2026-05-29,SaaS,0,0,0,31.2,69.47,77.28,74.66,50.335,58.16,MODERATE GROWTH,40,20
IVC,2477718272.0,MICRO CAP,7.889999866485596,12.934425,1.2078996,0.11565,29.454,-0.14768,0.34537,-0.376,0.1685,Financials,Financial Services,Financial Conglomerates,2026-05-29,NBFC – Investment,0,0,0,4.7,50.02,50.02,6.89,27.360000000000003,29.85,WEAK GROWTH,40,20
BASF,148902608896.0,MID CAP,3440.0,35.81468,3.7625194,0.10965,3.35,0.02169,0.028110001,0.048,1.55,Chemicals,Basic Materials,Specialty Chemicals,2026-05-29,Specialty Chemicals,0,0,0,29.51,92.01,26.01,17.59,60.760000000000005,49.49,SLOW GROWTH,20,20
LUMAXIND,52702511104.0,SMALL CAP,5638.0,32.518166,6.4613805,0.11565,121.301,0.06858,0.041539997,0.187,0.39,Automobiles,Consumer Cyclical,Auto Parts,2026-05-29,Auto Components,0,1,0,68.35,77.87,50.02,33.73,73.11,64.55,MODERATE GROWTH,28,20
ANSALAPI,609156864.0,MICRO CAP,3.869999885559082,26.656543,-0.07578576,0.11565,29.454,0.03498,-0.20724002,0.71,5.721,Misc,Real Estate,Real Estate - Development,2026-05-29,Real Estate - Development,0,1,0,93.11,97.45,50.02,21.74,95.28,78.87,HIGH GROWTH,23,20
ADOR,20180305920.0,SMALL CAP,1159.5999755859375,24.619957,3.6400619,0.11565,0.4,0.105299994,0.05824,0.052,0.73,Misc,Industrials,Specialty Industrial Machinery,2026-05-29,Specialty Industrial Machinery,0,0,0,30.12,85.29,50.02,59.11,57.705000000000005,56.31,MODERATE GROWTH,46,20
GGBL,11951601664.0,SMALL CAP,481.9,24.71282,5.021099,0.11565,29.454,0.096020006,0.06315,0.119,0.1685,Misc,Unknown,Unknown,2026-05-29,Diversified,0,1,0,49.94,50.02,50.02,50.02,49.980000000000004,49.99,SLOW GROWTH,28,20
INDIACEM,186519142400.0,MID CAP,401.25,26.656543,1.2281947,-0.00662,12.888,0.06287,-0.015,0.026,2.764,Misc,Basic Materials,Building Materials,2026-05-29,Building Materials,0,0,0,26.26,95.1,4.58,31.69,60.68,46.56,SLOW GROWTH,13,20
BOSCH-HCIL,214955196416.0,MID CAP,1406.9000244140625,26.656543,7.6588497,-0.00501,16.319,0.057719998,-0.00106,0.035,-0.272,Misc,Consumer Cyclical,"Furnishings, Fixtures & Appliances",2026-05-29,"Furnishings, Fixtures & Appliances",0,0,0,27.46,12.98,4.74,29.77,20.22,18.08,WEAK GROWTH,13,20
ARVEE,1761987840.0,MICRO CAP,159.88999938964844,85.50267,5.2376585,0.07767,3.296,0.07305,0.07847,0.675,6.844,Chemicals,Basic Materials,Specialty Chemicals,2026-05-29,Specialty Chemicals,0,1,0,92.75,97.88,18.57,35.49,95.315,73.98,HIGH GROWTH,10,20
JUBLCPL,27215392768.0,SMALL CAP,1796.0999755859375,22.445639,6.523895,0.11565,9.982,0.07672,0.0687,0.135,0.022,Chemicals,Basic Materials,Specialty Chemicals,2026-05-29,Specialty Chemicals,0,0,0,60.69,24.32,50.02,36.82,42.504999999999995,43.44,SLOW GROWTH,28,20
RAMKY,31412338688.0,SMALL CAP,453.95001220703125,14.0498295,1.5280447,0.11565,27.608,0.12508,0.122200005,0.065,0.393,Industrials,Industrials,Engineering & Construction,2026-05-29,Engineering & EPC,0,0,0,32.8,77.99,50.02,64.98,55.394999999999996,55.28,MODERATE GROWTH,40,20
PARACABLES,20366653440.0,SMALL CAP,66.7300033569336,35.121056,2.7436068,0.11565,15.807,0.04542,0.03665,0.131,0.081,Misc,Technology,Communication Equipment,2026-05-29,Communication Equipment,0,0,0,59.83,27.67,50.02,25.23,43.75,43.15,SLOW GROWTH,20,20
EMSLIMITED,18308507648.0,SMALL CAP,329.70001220703125,13.952603,1.7586627,0.11565,15.798,0.14032,0.14693,-0.183,-0.627,Industrials,Industrials,Engineering & Construction,2026-05-29,Engineering & EPC,0,0,0,9.5,5.29,50.02,69.49,7.395,22.13,WEAK GROWTH,40,20
KDL,19526975488.0,SMALL CAP,1624.0,61.585133,14.940477,0.11565,29.454,0.096020006,0.06315,0.119,0.1685,Misc,Unknown,Unknown,2026-05-29,Diversified,0,1,0,49.94,50.02,50.02,50.02,49.980000000000004,49.99,SLOW GROWTH,20,20
RAIN,62482935808.0,SMALL CAP,185.77000427246094,20.710144,0.8422346,0.11565,127.738,0.09608,0.01704,0.2,0.1685,Chemicals,Basic Materials,Specialty Chemicals,2026-05-29,Specialty Chemicals,0,1,0,70.37,50.02,50.02,56.25,60.19500000000001,57.77,MODERATE GROWTH,28,20
BRIGHOTEL,23360317440.0,SMALL CAP,61.5,36.607143,2.459803,0.11928,31.381,0.25156,0.11135,0.017,0.5,Misc,Consumer Cyclical,Lodging,2026-05-29,Lodging,0,0,0,24.76,80.98,73.76,85.51,52.870000000000005,60.31,MODERATE GROWTH,40,20
NURECA,2792077824.0,MICRO CAP,279.25,25.34029,1.6228012,0.11565,2.713,0.06937,0.074260004,0.498,0.1685,Healthcare,Healthcare,Medical Devices,2026-05-29,Medical Devices,0,1,0,88.64,50.02,50.02,34.0,69.33,61.93,MODERATE GROWTH,28,20
INDOSTAR,39910514688.0,SMALL CAP,247.0,27.353268,0.92468154,0.035150003,144.787,0.9200270213920001,0.0,0.119,0.1685,Financials,Financial Services,Credit Services,2026-05-29,NBFC – Lending,0,1,0,49.94,50.02,10.69,99.51,49.980000000000004,47.08,SLOW GROWTH,28,20
GAYAPROJ,8803108864.0,MICRO CAP,18.959999084472656,3.373465592,0.5848061,0.11565,51.304,0.21040002,0.9287488156000011,-0.328,0.1685,Industrials,Industrials,Engineering & Construction,2026-05-29,Engineering & EPC,0,0,0,5.41,50.02,50.02,81.9,27.715000000000003,37.59,WEAK GROWTH,52,20
LAKPRE,124138192.0,MICRO CAP,5.460000038146973,26.656543,0.23140496,-0.294667488,29.454,0.08817001,-0.15453,0.209,-0.099,Misc,Industrials,Tools & Accessories,2026-05-29,Tools & Accessories,0,0,0,71.7,18.9,0.53,41.13,45.3,35.93,WEAK GROWTH,13,20
VALIANTLAB,4290687488.0,MICRO CAP,79.0,26.656543,1.2453496,-0.01199,14.865,0.020510001,-0.0137600005,0.592,1.042,Misc,Healthcare,Drug Manufacturers - Specialty & Generic,2026-05-29,Drug Manufacturers - Specialty & Generic,0,1,0,91.13,88.48,4.11,17.31,89.805,65.42,MODERATE GROWTH,13,20
GLOSTERLTD,7357153792.0,MICRO CAP,672.2999877929688,97.153175,0.680416,0.11565,69.656,0.05669,0.00574,1.153,0.1685,Misc,Consumer Cyclical,Textile Manufacturing,2026-05-29,Textile Manufacturing,0,1,0,95.81,50.02,50.02,29.42,72.915,63.99,MODERATE GROWTH,20,20
COOLCAPS,46952464384.0,SMALL CAP,343.0,329.8077,134.29915,0.11565,29.454,0.096020006,0.06315,0.119,0.1685,Misc,Unknown,Unknown,2026-05-29,Diversified,0,1,0,49.94,50.02,50.02,50.02,49.980000000000004,49.99,SLOW GROWTH,20,20
DELTACORP,18112036864.0,SMALL CAP,67.63999938964844,21.203762,0.81008893,0.0347,2.175,0.09247,0.12389,-0.117,-0.901,Misc,Consumer Cyclical,Resorts & Casinos,2026-05-29,Resorts & Casinos,0,0,0,12.77,1.41,10.65,42.73,7.09,11.37,WEAK GROWTH,23,20
CCHHL,2210043392.0,MICRO CAP,13.520000457763672,26.509806,0.57212985,0.11565,7.499,-0.07033,0.08352,0.427,0.1685,Misc,Consumer Cyclical,Lodging,2026-05-29,Lodging,0,1,0,86.8,50.02,50.02,8.46,68.41,58.74,MODERATE GROWTH,23,20
RAMCOSYS,17157085184.0,SMALL CAP,456.5,40.905018,5.260974,0.12493,12.101,0.06944,0.05969,0.194,3.597,Technology,Technology,Software - Application,2026-05-29,SaaS,0,1,0,69.39,96.24,75.24,34.08,82.815,76.43,HIGH GROWTH,20,20
ANTGRAPHIC,128657968.0,MICRO CAP,0.8299999833106995,26.656543,0.64641744,0.11565,65.28,-0.00944,0.051220004,0.259,-0.75,Misc,Consumer Cyclical,Packaging & Containers,2026-05-29,Packaging & Containers,0,0,0,76.85,3.23,50.02,11.59,40.04,39.19,WEAK GROWTH,23,20
ORIANA,42219130880.0,SMALL CAP,2077.8,26.13914,6.637639,0.11565,29.454,0.096020006,0.06315,0.119,0.1685,Misc,Unknown,Unknown,2026-05-29,Diversified,0,1,0,49.94,50.02,50.02,50.02,49.980000000000004,49.99,SLOW GROWTH,28,20
BIGBLOC,7337870848.0,MICRO CAP,51.83000183105469,26.656543,5.8697624,0.11565,140.107,0.05155,-0.00595,0.281,-0.133,Misc,Industrials,Building Products & Equipment,2026-05-29,Building Products & Equipment,0,0,0,79.04,17.78,50.02,27.58,48.410000000000004,46.65,SLOW GROWTH,23,20
BANARBEADS,743179264.0,MICRO CAP,111.98999786376953,39.433098,1.4429841,0.11565,27.474,0.13924,0.07202,0.347,0.16,Misc,Consumer Cyclical,Footwear & Accessories,2026-05-29,Footwear & Accessories,0,1,0,83.12,32.2,50.02,69.13,57.660000000000004,57.28,MODERATE GROWTH,20,20
KWIL,64613761024.0,SMALL CAP,27.5,26.656543,45.757072,0.11565,29.454,-0.45808998,0.0,0.119,0.1685,Misc,Consumer Defensive,Packaged Foods,2026-05-29,Packaged Foods,0,1,0,49.94,50.02,50.02,3.6,49.980000000000004,45.35,SLOW GROWTH,18,20
ENERGYDEV,802274944.0,MICRO CAP,16.889999389648438,26.656543,4.9764285,0.11565,614.0908400000002,0.35791,-0.29964,0.38,0.1685,Misc,Utilities,Utilities - Regulated Electric,2026-05-29,Utilities - Regulated Electric,0,1,0,84.86,50.02,50.02,91.81,67.44,66.39,MODERATE GROWTH,38,20
HMAAGRO,11682958336.0,SMALL CAP,23.329999923706055,7.0911856,1.2345221,0.18639,88.318,-0.00899,0.02382,0.053,0.1685,Misc,Consumer Defensive,Packaged Foods,2026-05-29,Packaged Foods,0,0,0,30.45,50.02,88.44,11.63,40.235,47.02,SLOW GROWTH,38,20
RML,25236850688.0,SMALL CAP,913.1500244140625,23.498457,3.3632402,0.15123,100.193,0.05461,0.02782,-0.428,0.047,Automobiles,Consumer Cyclical,Auto Parts,2026-05-29,Auto Components,0,0,0,3.92,25.83,82.02,28.83,14.875,29.7,WEAK GROWTH,28,20
CERA,74082975744.0,SMALL CAP,5746.0,36.305046,5.0335865,0.14376001,3.172,0.13666001,0.0996,0.109,-0.097,Misc,Industrials,Building Products & Equipment,2026-05-29,Building Products & Equipment,0,0,0,40.44,19.11,80.26,68.16,29.775,43.71,SLOW GROWTH,20,20
VILAS,12012336128.0,SMALL CAP,490.7,26.424341,3.8302124,0.11565,29.454,0.096020006,0.06315,0.119,0.1685,Misc,Unknown,Unknown,2026-05-29,Diversified,0,1,0,49.94,50.02,50.02,50.02,49.980000000000004,49.99,SLOW GROWTH,28,20
TRIVENI,84067041280.0,SMALL CAP,383.8500061035156,27.417858,2.729794,0.11565,24.554,0.07752,0.04639,0.165,0.979,Misc,Consumer Defensive,Confectioners,2026-05-29,Confectioners,0,1,0,65.22,88.13,50.02,37.33,76.675,67.41,MODERATE GROWTH,28,20
VTL,171544100864.0,MID CAP,593.0,22.633587,1.662289,0.07329,17.52,0.06865,0.07551,-0.004,-0.223,Misc,Consumer Cyclical,Textile Manufacturing,2026-05-29,Textile Manufacturing,0,0,0,22.29,14.22,17.59,33.76,18.255,19.67,WEAK GROWTH,18,20
JUNIPER,43654967296.0,SMALL CAP,196.1999969482422,30.849056,1.524665,0.050619997,41.613,0.35533002,0.13516,0.086,-0.084,Misc,Consumer Cyclical,Lodging,2026-05-29,Lodging,0,0,0,36.55,19.45,13.47,91.58,28.0,31.45,WEAK GROWTH,38,20
BLUEDART,112648364032.0,MID CAP,4747.5,45.6271,6.339094,0.14832,29.454,0.13491,0.040289998,0.08,1.891,Misc,Industrials,Integrated Freight & Logistics,2026-05-29,Integrated Freight & Logistics,0,0,0,35.55,93.48,81.36,67.65,64.515,68.2,MODERATE GROWTH,20,20
NOIDATOLL,1091102720.0,MICRO CAP,5.860000133514404,4.0136986,-8.579795,0.11565,29.454,0.20917,0.63425,0.076,-0.045,Misc,Industrials,Infrastructure Operations,2026-05-29,Infrastructure Operations,0,0,0,34.82,20.99,50.02,81.71,27.905,37.71,WEAK GROWTH,52,20
MOIL,60913299456.0,SMALL CAP,299.3500061035156,20.977575,2.2553134,0.10005,29.454,0.20464,0.18160999,0.026,-0.199,Misc,Basic Materials,Other Industrial Metals & Mining,2026-05-29,Other Industrial Metals & Mining,0,0,0,26.26,15.1,23.66,81.28,20.68,27.34,WEAK GROWTH,40,20
ITI,292369989632.0,MID CAP,303.6499938964844,26.656543,19.39388,0.11565,87.135,0.02784,-0.056750003,-0.503,0.1685,Misc,Technology,Communication Equipment,2026-05-29,Communication Equipment,0,0,0,3.21,50.02,50.02,19.15,26.615000000000002,30.55,WEAK GROWTH,23,20
MASTEK,52041011200.0,SMALL CAP,1678.699951171875,12.967941,1.6832733,0.14814,14.648,0.14102,0.109230004,0.036,0.308,Technology,Technology,Information Technology Services,2026-05-29,IT Services,0,0,0,27.69,75.24,81.28,69.72,51.464999999999996,59.25,MODERATE GROWTH,40,20
ACL,5121084416.0,MICRO CAP,55.560001373291016,26.656543,6.347538,-0.294667488,614.0908400000002,-0.11805,-0.14846,0.731,0.1685,Misc,Basic Materials,Building Materials,2026-05-29,Building Materials,0,1,0,93.26,50.02,0.53,7.32,71.64,50.99,SLOW GROWTH,8,20
OLAELEC,176819519488.0,MID CAP,42.119998931884766,26.656543,5.5618644,-0.294667488,82.453,-1.7283,-0.81358004,-0.566,0.1685,Automobiles,Consumer Cyclical,Auto Manufacturers,2026-05-29,Passenger Vehicles,0,0,0,2.62,50.02,0.53,1.61,26.32,18.69,WEAK GROWTH,8,20
GREAVESCOT,42769887232.0,SMALL CAP,183.60000610351562,40.26316,3.0367186,0.11565,12.328,0.03943,0.03334,0.166,0.225,Misc,Industrials,Specialty Industrial Machinery,2026-05-29,Specialty Industrial Machinery,0,1,0,65.43,70.74,50.02,23.07,68.08500000000001,59.97,MODERATE GROWTH,20,20
PKTEA,2476703232.0,MICRO CAP,800.0,26.656543,1.1350545,-0.02017,10.135,-0.63932,-0.09409001,0.311,0.1685,Misc,Consumer Defensive,Farm Products,2026-05-29,Farm Products,0,1,0,81.41,50.02,3.8,2.74,65.715,47.03,SLOW GROWTH,8,20
JAIPURKURT,579989952.0,MICRO CAP,33.599998474121094,33.267326,0.9596983,0.11565,44.319,0.04774,0.018760001,1.002,-0.684,Misc,Consumer Cyclical,Apparel Manufacturing,2026-05-29,Apparel Manufacturing,0,0,0,95.22,4.54,50.02,26.32,49.88,47.55,SLOW GROWTH,28,20
SAPPHIRE,58469859328.0,SMALL CAP,181.72000122070312,26.656543,4.223591,-0.022950001,102.058,0.02962,-0.01023,0.114,0.1685,Hospitality,Consumer Cyclical,Restaurants,2026-05-29,Restaurants,0,1,0,41.32,50.02,3.64,20.09,45.67,34.71,WEAK GROWTH,13,20
CLEDUCATE,2497013248.0,MICRO CAP,46.04999923706055,26.656543,0.9755736,-0.08287,108.961,-0.01798,-0.04538,0.316,0.1685,Misc,Consumer Defensive,Education & Training Services,2026-05-29,Education & Training Services,0,1,0,81.73,50.02,2.47,10.77,65.875,47.68,SLOW GROWTH,8,20
SHOPERSTOP,38763909120.0,SMALL CAP,352.0,26.656543,13.273002,-0.1179,614.0908400000002,0.03299,-0.00716,0.137,0.1685,Misc,Consumer Cyclical,Department Stores,2026-05-29,Department Stores,0,1,0,61.03,50.02,2.04,21.19,55.525000000000006,41.39,SLOW GROWTH,13,20
IRCON,129894629376.0,MID CAP,138.11000061035156,21.818325,1.9539353,0.09084,85.833,0.0699,0.06565,-0.065,-0.088,Industrials,Industrials,Engineering & Construction,2026-05-29,Engineering & EPC,0,0,0,16.35,19.31,20.99,34.16,17.83,20.1,WEAK GROWTH,18,20
ADSL,6886087168.0,MICRO CAP,121.7300033569336,21.356142,1.1952477,0.05392,20.27,-0.05673,0.02977,0.31,0.1685,Technology,Technology,Information Technology Services,2026-05-29,IT Services,0,1,0,81.34,50.02,14.02,9.01,65.68,49.68,SLOW GROWTH,13,20
DCI,4623159808.0,MICRO CAP,281.8999938964844,23.550543,5.0703263,0.11565,72.74,0.051209997,0.02874,0.461,0.558,Misc,Technology,Electronics & Computer Distribution,2026-05-29,Electronics & Computer Distribution,0,1,0,87.84,82.08,50.02,27.54,84.96000000000001,72.23,HIGH GROWTH,28,20
MOLDTKPAC,23570929664.0,SMALL CAP,709.3499755859375,32.39041,3.417072,0.10976,31.851,0.13595,0.08219,0.174,0.268,Misc,Consumer Cyclical,Packaging & Containers,2026-05-29,Packaging & Containers,0,1,0,66.43,73.17,26.09,68.0,69.80000000000001,60.88,MODERATE GROWTH,28,20
SURANASOL,1331530624.0,MICRO CAP,27.059999465942383,538.1866320000008,2.341033,0.02183,29.454,-0.03484,0.059499998,4.402,0.1685,Misc,Technology,Solar,2026-05-29,Solar,0,1,0,98.75,50.02,9.01,9.64,74.385,54.84,SLOW GROWTH,5,20
INDNIPPON,20933865472.0,SMALL CAP,925.4000244140625,21.298044,2.6664822,0.11565,29.454,0.14819999,0.09809,0.119,0.1685,Automobiles,Consumer Cyclical,Auto Parts,2026-05-29,Auto Components,0,1,0,49.94,50.02,50.02,71.72,49.980000000000004,52.16,SLOW GROWTH,28,20
DCXINDIA,22083471360.0,SMALL CAP,198.25999450683594,26.656543,1.5104257,-0.0053399997,0.193,0.11229999,-0.00978,-0.541,0.1685,Misc,Industrials,Aerospace & Defense,2026-05-29,Aerospace & Defense,0,0,0,2.86,50.02,4.7,61.69,26.44,25.62,WEAK GROWTH,38,20
THEJO,16949996544.0,SMALL CAP,1562.800048828125,34.79849,5.2523146,0.11565,11.289,0.08686,0.080520004,0.197,-0.324,Misc,Industrials,Specialty Industrial Machinery,2026-05-29,Specialty Industrial Machinery,0,0,0,69.94,11.75,50.02,40.7,40.845,42.67,SLOW GROWTH,28,20
PROZONER,8133733376.0,MICRO CAP,53.29999923706055,26.656543,1.6937841,0.11565,53.946,0.28983998,-0.14723,0.298,1.4,Misc,Real Estate,Real Estate - Diversified,2026-05-29,Real Estate - Diversified,0,1,0,80.32,90.91,50.02,88.21,85.615,78.76,HIGH GROWTH,38,20
GUJAPOLLO,5058299904.0,MICRO CAP,390.0,26.656543,0.9395349,0.11565,9.248,-0.32992,-0.07649,1.595,-0.742,Misc,Industrials,Specialty Industrial Machinery,2026-05-29,Specialty Industrial Machinery,0,0,0,97.3,3.49,50.02,4.66,50.394999999999996,45.75,SLOW GROWTH,18,20
OSWALAGRO,5987339264.0,MICRO CAP,44.5,6.877898,0.62688416,0.11565,29.454,-3.64360608,0.73644996,-0.7896912,-0.902,Misc,Real Estate,Real Estate - Development,2026-05-29,Real Estate - Development,0,0,0,0.53,1.35,50.02,0.53,0.9400000000000001,10.72,WEAK GROWTH,40,20
GATECHDVR,633280000.0,MICRO CAP,0.49000000953674316,6.1250005,0.5109489,0.11565,29.454,0.29372,0.39220002,0.016,-0.636,Financials,Financial Services,Asset Management,2026-05-29,Asset Management Companies,0,0,0,24.66,5.15,50.02,88.54,14.905000000000001,29.29,WEAK GROWTH,60,20
MANBA,5416310272.0,MICRO CAP,107.80999755859375,11.939092,1.3246099,0.1165,379.637,0.41157,0.32614,-0.033,0.385,Financials,Financial Services,Credit Services,2026-05-29,NBFC – Lending,0,0,0,19.0,77.69,72.82,93.5,48.345,57.76,MODERATE GROWTH,60,20
SUPREME,1804318976.0,MICRO CAP,46.5,516.6666,0.32425195,0.00062,1.06,-0.36181998,0.05055,5.038001600000003,0.1685,Misc,Real Estate,Real Estate - Development,2026-05-29,Real Estate - Development,0,1,0,99.51,50.02,5.17,4.19,74.765,53.79,SLOW GROWTH,5,20
GTL,1214331136.0,MICRO CAP,7.71999979019165,3.373465592,-0.02229738,0.11565,29.454,0.48574,0.9287488156000011,-0.167,14.661280000000012,Telecom,Communication Services,Telecom Services,2026-05-29,Telecom Services,0,0,0,9.99,99.51,50.02,94.99,54.75,57.83,MODERATE GROWTH,60,20
AFCONS,122656178176.0,MID CAP,333.5,48.9721,2.2446575,0.04681,66.542,-0.02167,0.02105,-0.189,0.1685,Industrials,Industrials,Engineering & Construction,2026-05-29,Engineering & EPC,0,0,0,9.17,50.02,12.93,10.46,29.595000000000002,24.35,WEAK GROWTH,5,20
DHUNINV,5153030144.0,MICRO CAP,845.15,26.656543,0.190101,0.01348,27.145,-0.99848,0.04257,1.221,0.1685,Misc,Financial Services,Capital Markets,2026-05-29,Capital Markets,0,1,0,96.12,50.02,7.72,2.08,73.07000000000001,52.9,SLOW GROWTH,13,20
POKARNA,25226405888.0,SMALL CAP,813.6500244140625,22.122078,3.114545,0.11565,37.631,0.21020001,0.16514999,-0.396,-0.597,Misc,Industrials,Building Products & Equipment,2026-05-29,Building Products & Equipment,0,0,0,4.43,5.76,50.02,81.86,5.095,21.76,WEAK GROWTH,40,20
TRANSWORLD,3527477504.0,MICRO CAP,160.64999389648438,26.656543,0.5237044,0.11565,44.768,-0.1718,0.106429994,0.197,0.1685,Misc,Industrials,Marine Shipping,2026-05-29,Marine Shipping,0,1,0,69.94,50.02,50.02,6.27,59.980000000000004,52.62,SLOW GROWTH,28,20
TEMBO,9438825472.0,MICRO CAP,610.25,15.116424,3.7596881,0.11565,98.882,0.16212,0.077659994,0.524,0.272,Misc,Industrials,Metal Fabrication,2026-05-29,Metal Fabrication,0,1,0,89.56,73.29,50.02,74.42,81.42500000000001,74.44,HIGH GROWTH,42,20
WELENT,70973480960.0,SMALL CAP,523.3499755859375,19.94474,2.6695673,0.13603,60.918,0.18878001,0.09677,0.174,0.531,Industrials,Industrials,Engineering & Construction,2026-05-29,Engineering & EPC,0,1,0,66.43,81.75,78.3,79.01,74.09,75.42,HIGH GROWTH,42,20
GALAXYSURF,64712011776.0,SMALL CAP,1825.199951171875,24.245483,2.553338,0.1047,8.579,0.06723,0.05095,0.148,-0.18,Chemicals,Basic Materials,Specialty Chemicals,2026-05-29,Specialty Chemicals,0,0,0,62.85,16.1,24.83,33.29,39.475,35.93,WEAK GROWTH,28,20
MOS,46866432000.0,SMALL CAP,187.95,253.98648,20.955513,0.11565,29.454,0.096020006,0.06315,0.119,0.1685,Misc,Unknown,Unknown,2026-05-29,Diversified,0,1,0,49.94,50.02,50.02,50.02,49.980000000000004,49.99,SLOW GROWTH,20,20
GATECH,684976320.0,MICRO CAP,0.5299999713897705,6.625,0.552659,0.11565,29.454,0.29372,0.39220002,0.016,-0.636,Financials,Financial Services,Asset Management,2026-05-29,Asset Management Companies,0,0,0,24.66,5.15,50.02,88.54,14.905000000000001,29.29,WEAK GROWTH,60,20
BBTCL,4680870400.0,MICRO CAP,228.2100067138672,22.505917,4.2008286,0.11565,199.068,0.07997,0.016280001,0.261,0.1685,Misc,Consumer Cyclical,Packaging & Containers,2026-05-29,Packaging & Containers,0,1,0,77.12,50.02,50.02,38.31,63.57000000000001,58.33,MODERATE GROWTH,28,20
RSL,10686631936.0,SMALL CAP,127.87999725341797,17.835424,4.9888816,0.19338,18.946,0.08282,0.04928,0.028,0.567,Misc,Basic Materials,Steel,2026-05-29,Steel,0,0,0,26.54,82.37,89.19,39.17,54.455,59.87,MODERATE GROWTH,43,20
GSFC,66123362304.0,SMALL CAP,165.94000244140625,9.824749,0.5306412,0.11565,0.08216,0.04328,0.06765,0.045,0.182,Chemicals,Basic Materials,Agricultural Inputs,2026-05-29,Agrochemicals,0,0,0,29.06,68.12,50.02,24.6,48.59,46.48,SLOW GROWTH,60,20
IRISDOREME,6163197952.0,MICRO CAP,36.11000061035156,42.482353,5.068782,0.14455,24.205,0.15763,0.08483,0.504,0.176,Misc,Consumer Cyclical,Apparel Manufacturing,2026-05-29,Apparel Manufacturing,0,1,0,88.8,67.88,80.57,73.64,78.34,78.32,HIGH GROWTH,27,20
IPCALAB,400040820736.0,MID CAP,1576.800048828125,43.98327,4.8576713,0.11565,14.425,0.17796,0.09571,0.066,0.236,Misc,Healthcare,Drug Manufacturers - Specialty & Generic,2026-05-29,Drug Manufacturers - Specialty & Generic,0,0,0,32.98,71.29,50.02,77.12,52.135000000000005,54.21,SLOW GROWTH,27,20
SHAHALLOYS,1405625344.0,MICRO CAP,71.0,3.3857894,-12.393087,0.11565,29.454,0.57143,0.6291,-0.7896912,0.1685,Misc,Basic Materials,Steel,2026-05-29,Steel,0,0,0,0.53,50.02,50.02,96.28,25.275000000000002,37.32,WEAK GROWTH,60,20
ASIANHOTNR,13429467136.0,SMALL CAP,315.0,15.086207,3.30733,0.11565,338.495,0.05553,0.12323,0.052,0.1685,Misc,Consumer Cyclical,Lodging,2026-05-29,Lodging,0,0,0,30.12,50.02,50.02,29.14,40.07,40.97,SLOW GROWTH,40,20
CPCAP,1712708480.0,MICRO CAP,94.11000061035156,4.074026,0.31034723,0.11565,14.352,0.8007,0.57638,-0.257,-0.06,Financials,Financial Services,Credit Services,2026-05-29,NBFC – Lending,0,0,0,7.15,20.31,50.02,98.08,13.73,29.42,WEAK GROWTH,60,20
CROWN,1265880960.0,MICRO CAP,112.79000091552734,16.275614,1.6290188,0.12745,74.87,0.33921,0.22333999,0.043,-0.316,Misc,Industrials,Rental & Leasing Services,2026-05-29,Rental & Leasing Services,0,0,0,28.71,12.04,75.95,90.91,20.375,38.54,WEAK GROWTH,60,20
PVSL,6963184128.0,MICRO CAP,97.80000305175781,26.656543,1.106961,0.11565,176.217,0.0091699995,-0.00354,0.308,0.1685,Misc,Consumer Cyclical,Auto & Truck Dealerships,2026-05-29,Auto & Truck Dealerships,0,1,0,81.1,50.02,50.02,14.57,65.56,57.35,MODERATE GROWTH,23,20
GINNIFILA,3768602880.0,MICRO CAP,44.0,9.205021,1.5850714,0.18837999,17.413,0.12359,0.10045,-0.129,0.5,Misc,Consumer Cyclical,Textile Manufacturing,2026-05-29,Textile Manufacturing,0,0,0,11.75,80.98,88.68,64.59,46.365,56.65,MODERATE GROWTH,48,20
DENTA,6744420352.0,MICRO CAP,252.60000610351562,10.297595,1.5454646,0.11565,3.104,0.32419997,0.26182,0.042,-0.312,Industrials,Industrials,Engineering & Construction,2026-05-29,Engineering & EPC,0,0,0,28.55,12.2,50.02,90.13,20.375,33.28,WEAK GROWTH,60,20
NAZARA,106064134144.0,MID CAP,286.29998779296875,10.521867,3.0425403,0.01974,6.051,0.080699995,0.052399997,-0.236,14.661280000000012,Misc,Communication Services,Electronic Gaming & Multimedia,2026-05-29,Electronic Gaming & Multimedia,0,0,0,7.87,99.51,8.81,38.5,53.690000000000005,43.2,SLOW GROWTH,25,20
BHAGERIA,7017984512.0,MICRO CAP,160.8000030517578,15.227272,1.222191,0.07739,17.005,0.06616,0.05232,0.458,-0.249,Chemicals,Basic Materials,Specialty Chemicals,2026-05-29,Specialty Chemicals,0,0,0,87.68,13.55,18.45,32.86,50.615,42.41,SLOW GROWTH,25,20
SANOFI,73495322624.0,SMALL CAP,3191.199951171875,23.740515,9.80984,0.11565,2.376,0.28329,0.17465,-0.119,-0.141,Misc,Healthcare,Drug Manufacturers - General,2026-05-29,Drug Manufacturers - General,0,0,0,12.28,17.59,50.02,87.82,14.934999999999999,29.24,WEAK GROWTH,48,20
KCK,13610764288.0,SMALL CAP,214.0,538.1866320000008,11.703582,0.11565,29.454,0.096020006,0.06315,0.119,0.1685,Misc,Unknown,Unknown,2026-05-29,Diversified,0,1,0,49.94,50.02,50.02,50.02,49.980000000000004,49.99,SLOW GROWTH,20,20
TIGERLOGS,3679229952.0,MICRO CAP,34.79999923706055,14.320987,0.6977723,0.20673001,34.408,0.04877,0.031630002,-0.1,-0.282,Misc,Industrials,Integrated Freight & Logistics,2026-05-29,Integrated Freight & Logistics,0,0,0,13.91,12.69,90.99,26.67,13.3,30.18,WEAK GROWTH,43,20
RKSWAMY,4974532096.0,MICRO CAP,98.55000305175781,22.5,1.881587,0.08605,16.248,0.16816,0.06487,0.204,0.295,Misc,Communication Services,Advertising Agencies,2026-05-29,Advertising Agencies,0,1,0,71.15,74.6,19.98,75.48,72.875,62.56,MODERATE GROWTH,25,20
MEDICAMEQ,3770462464.0,MICRO CAP,278.0,47.68439,1.7255614,0.11565,17.341,0.08725,0.04512,0.802,0.447,Misc,Healthcare,Drug Manufacturers - Specialty & Generic,2026-05-29,Drug Manufacturers - Specialty & Generic,0,1,0,93.85,79.59,50.02,40.85,86.72,74.79,HIGH GROWTH,20,20
SAHYADRI,3090687744.0,MICRO CAP,282.3500061035156,10.650698,0.7902257,0.07394,4.085,0.09244,0.042340003,0.325,1.47,Misc,Industrials,Building Products & Equipment,2026-05-29,Building Products & Equipment,0,1,0,81.96,91.54,17.74,42.69,86.75,68.54,MODERATE GROWTH,25,20
KARNIKA,19302922240.0,SMALL CAP,311.35,486.4844,10.493057,0.11565,29.454,0.096020006,0.06315,0.119,0.1685,Misc,Unknown,Unknown,2026-05-29,Diversified,0,1,0,49.94,50.02,50.02,50.02,49.980000000000004,49.99,SLOW GROWTH,20,20
MMFL,21678438400.0,SMALL CAP,449.0,24.98609,2.340358,0.11565,140.389,0.10441,0.05658,0.106,-0.338,Misc,Industrials,Metal Fabrication,2026-05-29,Metal Fabrication,0,0,0,40.11,11.56,50.02,58.75,25.835,33.96,WEAK GROWTH,28,20
MOTOGENFIN,1078840192.0,MICRO CAP,27.649999618530273,81.323524,1.4141775,0.11565,29.454,0.13176,0.12891,0.119,0.1685,Misc,Real Estate,Real Estate Services,2026-05-29,Real Estate Services,0,1,0,49.94,50.02,50.02,66.71,49.980000000000004,51.66,SLOW GROWTH,25,20
ROLEXRINGS,38676750336.0,SMALL CAP,142.02000427246094,27.41699,3.318302,0.123459995,29.454,0.15326001,0.1182,0.077,0.1685,Misc,Industrials,Metal Fabrication,2026-05-29,Metal Fabrication,0,0,0,34.98,50.02,74.77,72.86,42.5,51.99,SLOW GROWTH,40,20
GICHSGFIN,8062581248.0,MICRO CAP,149.72000122070312,5.207652,0.38269833,0.07606,432.907,0.58451,0.49411,0.043,0.524,Misc,Financial Services,Mortgage Finance,2026-05-29,Mortgage Finance,0,0,0,28.71,81.59,18.14,96.51,55.150000000000006,51.88,SLOW GROWTH,50,20
CREST,9867931648.0,MICRO CAP,349.1000061035156,21.196115,0.77883255,0.03751,15.374,0.43978,0.29413,-0.327,0.081,Financials,Financial Services,Financial Conglomerates,2026-05-29,NBFC – Investment,0,0,0,5.44,27.67,11.14,94.2,16.555,23.24,WEAK GROWTH,43,20
SMCGLOBAL,12857160704.0,SMALL CAP,61.400001525878906,12.607803,1.0237257,0.081750005,163.316,0.05549,0.062329996,0.189,4.611,Misc,Financial Services,Capital Markets,2026-05-29,Capital Markets,0,1,0,68.7,96.87,19.23,29.1,82.785,64.71,MODERATE GROWTH,25,20
HATHWAY,19418046464.0,SMALL CAP,10.970000267028809,23.847826,0.46392626,0.01858,0.212,0.00414,0.03829,0.064,-0.696,Misc,Communication Services,Entertainment,2026-05-29,Entertainment,0,0,0,32.59,4.41,8.54,13.87,18.5,16.05,WEAK GROWTH,43,20
GLOBE,1071996736.0,MICRO CAP,2.380000114440918,14.875001,0.70623153,0.06266,114.163,0.04911,0.01413,0.409,0.388,Misc,Consumer Cyclical,Textile Manufacturing,2026-05-29,Textile Manufacturing,0,1,0,86.17,77.81,15.32,26.79,81.99000000000001,63.14,MODERATE GROWTH,25,20
PRITIKAUTO,2352824064.0,MICRO CAP,14.130000114440918,15.5274725,0.9418116,0.08741,70.81,0.08324,0.04361,0.362,0.388,Misc,Industrials,Specialty Industrial Machinery,2026-05-29,Specialty Industrial Machinery,0,1,0,83.86,77.81,20.29,39.29,80.83500000000001,64.57,MODERATE GROWTH,25,20
DAMODARIND,724863040.0,MICRO CAP,31.110000610351562,13.467533,0.49358234,0.03682,113.3,0.01975,0.01249,0.309,-0.801,Misc,Consumer Cyclical,Textile Manufacturing,2026-05-29,Textile Manufacturing,0,0,0,81.22,2.66,11.01,16.8,41.94,33.24,WEAK GROWTH,25,20
KIOCL,243191595008.0,MID CAP,400.1499938964844,26.656543,14.662879,0.00961,1.0,0.22662,0.0234,0.039,0.1685,Misc,Basic Materials,Steel,2026-05-29,Steel,0,0,0,28.18,50.02,6.78,83.59,39.1,37.08,WEAK GROWTH,25,20
FOSECOIND,38172434432.0,SMALL CAP,5039.5,41.491028,3.4099152,0.11565,29.454,0.14436,0.12117,0.012,-0.011,Misc,Basic Materials,Chemicals,2026-05-29,Chemicals,0,0,0,24.03,22.42,50.02,70.62,23.225,33.32,WEAK GROWTH,25,20
BLISSGVS,45700837376.0,SMALL CAP,432.0,36.0601,4.0295877,0.11565,4.493,0.12114,0.12567,0.037,-0.057,Misc,Healthcare,Drug Manufacturers - Specialty & Generic,2026-05-29,Drug Manufacturers - Specialty & Generic,0,0,0,27.93,20.56,50.02,63.89,24.244999999999997,33.36,WEAK GROWTH,25,20
GHCLTEXTIL,9441964032.0,MICRO CAP,98.77999877929688,16.573826,0.6292321,0.047870003,8.933,0.07215,0.05337,0.282,0.94,Misc,Consumer Cyclical,Textile Manufacturing,2026-05-29,Textile Manufacturing,0,1,0,79.18,87.78,13.08,35.14,83.48,64.57,MODERATE GROWTH,25,20
GICL,4623724544.0,MICRO CAP,41.29999923706055,142.41379,6.9999995,0.11565,29.454,0.21343,0.05809,0.235,0.355,Misc,Industrials,Integrated Freight & Logistics,2026-05-29,Integrated Freight & Logistics,0,1,0,74.68,76.69,50.02,82.22,75.685,71.21,HIGH GROWTH,27,20
JINDALSAW,153252233216.0,MID CAP,240.35000610351562,15.781353,1.2180166,0.07964,38.19,0.06073,0.054390002,-0.082,-0.522,Misc,Basic Materials,Steel,2026-05-29,Steel,0,0,0,15.0,7.09,18.8,31.14,11.045,14.61,WEAK GROWTH,25,20
BANKA,965085888.0,MICRO CAP,88.75,26.656543,3.1433733,0.0106,95.839,0.15845,0.0067299996,0.201,0.1685,Misc,Industrials,Pollution & Treatment Controls,2026-05-29,Pollution & Treatment Controls,0,1,0,70.51,50.02,7.05,73.76,60.265,50.97,SLOW GROWTH,25,20
SWANCORP,105603629056.0,MID CAP,336.8999938964844,26.656543,0.91454726,0.11565,28.231,-0.0049799997,-0.00282,-0.397,0.1685,Misc,Industrials,Conglomerates,2026-05-29,Conglomerates,0,0,0,4.39,50.02,50.02,12.03,27.205000000000002,30.25,WEAK GROWTH,18,20
APLLTD,148041515008.0,MID CAP,753.5999755859375,21.944931,2.6093056,0.12356,25.224,0.07541,0.09187,0.044,0.292,Misc,Healthcare,Drug Manufacturers - Specialty & Generic,2026-05-29,Drug Manufacturers - Specialty & Generic,0,0,0,28.91,74.46,74.89,36.31,51.684999999999995,54.79,SLOW GROWTH,28,20
ARVSMART,27820615680.0,SMALL CAP,606.5499877929688,28.993786,4.105829,0.121350005,65.077,0.37097,0.17097999,-0.047,1.307,Misc,Real Estate,Real Estate - Development,2026-05-29,Real Estate - Development,0,0,0,17.55,90.36,74.34,92.05,53.955,61.84,MODERATE GROWTH,48,20
TRANSRAILL,65322270720.0,SMALL CAP,486.54998779296875,16.278019,3.1532934,0.19392,29.726,0.107159995,0.05825,-0.035,-0.278,Industrials,Industrials,Engineering & Construction,2026-05-29,Engineering & EPC,0,0,0,18.68,12.83,89.31,59.77,15.754999999999999,34.87,WEAK GROWTH,43,20
MOKSH,984050368.0,MICRO CAP,11.75,9.4,0.76002586,0.082150005,19.056,0.00794,0.01451,0.562,1.969,Misc,Consumer Cyclical,Luxury Goods,2026-05-29,Luxury Goods,0,1,0,90.17,93.73,19.35,14.26,91.95,69.66,MODERATE GROWTH,25,20
ALKYLAMINE,85937356800.0,SMALL CAP,1680.300048828125,47.749363,5.6051292,0.11565,29.454,0.13975,0.11769,-0.046,-0.035,Chemicals,Basic Materials,Specialty Chemicals,2026-05-29,Specialty Chemicals,0,0,0,17.63,21.39,50.02,69.29,19.509999999999998,30.59,WEAK GROWTH,25,20
MOSCHIP,42896236544.0,SMALL CAP,221.08999633789062,122.14917,10.486151,0.09558,21.561,0.0388,0.060159996,0.137,-0.098,Misc,Technology,Semiconductor Equipment & Materials,2026-05-29,Semiconductor Equipment & Materials,0,0,0,61.03,19.02,22.13,22.95,40.025,34.74,WEAK GROWTH,10,20
EQUITASBNK,80218333184.0,SMALL CAP,70.2699966430664,78.077774,1.3118886,0.016900001,94.248,0.32362998,0.02309,0.179,4.027,Financials,Financial Services,Banks - Regional,2026-05-29,Private Sector Banks,0,1,0,67.35,96.55,8.42,90.09,81.94999999999999,68.06,MODERATE GROWTH,25,20
HGINFRA,38522642432.0,SMALL CAP,591.0999755859375,9.820568,1.2567184,0.11565,182.684,0.18627001,0.075890005,0.124,-0.182,Industrials,Industrials,Engineering & Construction,2026-05-29,Engineering & EPC,0,0,0,58.75,15.88,50.02,78.38,37.315,43.96,SLOW GROWTH,42,20
PINELABS,172275892224.0,MID CAP,150.02999877929688,147.08824,4.023007,0.023929998,7.474,0.05452,0.04151,-0.343,0.1685,Technology,Technology,Software - Infrastructure,2026-05-29,Software Products,0,0,0,5.11,50.02,9.28,28.75,27.565,24.03,WEAK GROWTH,10,20
CANHLIFE,129890705408.0,MID CAP,137.08999633789062,103.85606,8.015084,0.081099994,15.572,0.031489998,0.01081,-0.553,0.1685,Financials,Financial Services,Insurance - Life,2026-05-29,Life Insurance,0,0,0,2.74,50.02,19.04,20.6,26.380000000000003,24.33,WEAK GROWTH,10,20
HCG,98539454464.0,SMALL CAP,660.0,538.1866320000008,10.055304,0.01898,123.057,0.09546,0.00541,0.115,-0.712,Misc,Healthcare,Medical Care Facilities,2026-05-29,Medical Care Facilities,0,0,0,41.52,3.88,8.66,43.63,22.700000000000003,21.98,WEAK GROWTH,10,20
UBL,352901529600.0,MID CAP,1334.699951171875,85.12117,8.122565,0.09292,29.076,0.02807,0.04472,-0.031,0.043,Misc,Consumer Defensive,Beverages - Brewers,2026-05-29,Beverages - Brewers,0,0,0,19.33,25.54,21.43,19.27,22.435,21.92,WEAK GROWTH,10,20
RAYMONDLSL,43069530112.0,SMALL CAP,707.1500244140625,93.04606,0.4466663,0.0047999998,22.681,0.011419999,0.0067000003,0.171,0.1685,Misc,Consumer Cyclical,Apparel Manufacturing,2026-05-29,Apparel Manufacturing,0,1,0,66.04,50.02,5.76,15.0,58.03,43.27,SLOW GROWTH,10,20
SMARTLINK,1596099712.0,MICRO CAP,160.00999450683594,12.13116,0.7963588,0.06474,1.194,0.0939,0.04696,0.347,0.793,Misc,Technology,Communication Equipment,2026-05-29,Communication Equipment,0,1,0,83.12,86.15,15.79,43.24,84.635,66.73,MODERATE GROWTH,25,20
BBL,31853324288.0,SMALL CAP,2818.10009765625,26.50334,1.4508169,0.11565,8.707,0.050830003,0.061669998,0.106,-0.392,Misc,Industrials,Electrical Equipment & Parts,2026-05-29,Electrical Equipment & Parts,0,0,0,40.11,10.05,50.02,27.42,25.08,30.3,WEAK GROWTH,28,20
GOODLUCK,43801706496.0,SMALL CAP,1317.800048828125,25.783606,3.202259,0.11565,70.111,0.08085,0.04084,0.101,0.059,Misc,Basic Materials,Steel,2026-05-29,Steel,0,0,0,39.37,26.3,50.02,38.66,32.835,36.85,WEAK GROWTH,28,20
KOTYARK,4368110592.0,MICRO CAP,424.95001220703125,23.297699,2.4164383,0.118999995,35.581,0.2502,0.05962,0.394,0.1685,Chemicals,Basic Materials,Specialty Chemicals,2026-05-29,Specialty Chemicals,0,1,0,85.45,50.02,73.64,85.35,67.735,70.68,HIGH GROWTH,43,20
GUFICBIO,33594638336.0,SMALL CAP,335.0,67.13427,5.31552,0.11565,58.497,0.10927,0.055770002,0.114,-0.358,Misc,Healthcare,Drug Manufacturers - Specialty & Generic,2026-05-29,Drug Manufacturers - Specialty & Generic,0,0,0,41.32,10.93,50.02,60.56,26.125,34.35,WEAK GROWTH,20,20
KNRCON,36588621824.0,SMALL CAP,130.10000610351562,7.785758,0.7685492,0.11565,48.727,0.20412001,0.15491,-0.124,-0.586,Industrials,Industrials,Engineering & Construction,2026-05-29,Engineering & EPC,0,0,0,11.99,6.11,50.02,81.12,9.05,24.45,WEAK GROWTH,47,20
REMUS,22522759168.0,SMALL CAP,1911.3,53.433044,5.0878186,0.11565,29.454,0.096020006,0.06315,0.119,0.1685,Misc,Unknown,Unknown,2026-05-29,Diversified,0,1,0,49.94,50.02,50.02,50.02,49.980000000000004,49.99,SLOW GROWTH,20,20
KRBL,82514804736.0,SMALL CAP,360.5,12.72952,1.5049365,0.11731,2.924,0.13517,0.10627,0.058,0.007,Misc,Consumer Defensive,Packaged Foods,2026-05-29,Packaged Foods,0,0,0,31.37,23.68,72.99,67.8,27.525,40.65,SLOW GROWTH,40,20
GANESHBE,6880749056.0,MICRO CAP,95.58000183105469,15.341894,1.1286267,0.12621,12.271,0.16618,0.16787,0.165,0.1685,Chemicals,Basic Materials,Specialty Chemicals,2026-05-29,Specialty Chemicals,0,1,0,65.22,50.02,75.6,75.17,57.620000000000005,62.97,MODERATE GROWTH,47,20
OWAIS,24718059520.0,SMALL CAP,1359.45,52.026405,18.049469,0.11565,29.454,0.096020006,0.06315,0.119,0.1685,Misc,Unknown,Unknown,2026-05-29,Diversified,0,1,0,49.94,50.02,50.02,50.02,49.980000000000004,49.99,SLOW GROWTH,20,20
PLAZACABLE,2041034624.0,MICRO CAP,46.650001525878906,38.875,1.7658416,0.11565,27.229,0.045089997,0.01869,0.339,7.0,Misc,Industrials,Electrical Equipment & Parts,2026-05-29,Electrical Equipment & Parts,0,1,0,82.9,98.0,50.02,25.07,90.45,75.83,HIGH GROWTH,20,20
BROOKS,1923263744.0,MICRO CAP,65.29000091552734,8.882994,1.6615347,0.11565,6.772,0.020469999,0.24315001,-0.569,0.1685,Misc,Healthcare,Drug Manufacturers - Specialty & Generic,2026-05-29,Drug Manufacturers - Specialty & Generic,0,0,0,2.55,50.02,50.02,17.27,26.285,30.13,WEAK GROWTH,45,20
JUBLINGREA,103596105728.0,MID CAP,656.8499755859375,37.555744,3.410489,0.11565,26.51,0.07756,0.062319998,-0.005,-0.323,Chemicals,Basic Materials,Specialty Chemicals,2026-05-29,Specialty Chemicals,0,0,0,22.15,11.81,50.02,37.41,16.98,25.63,WEAK GROWTH,20,20
GLFL,165467184.0,MICRO CAP,6.099999904632568,305.0,-3.158985,0.11565,29.454,0.52306,0.11075,0.119,0.106,Misc,Financial Services,Shell Companies,2026-05-29,Shell Companies,0,1,0,49.94,28.97,50.02,95.42,39.455,47.16,SLOW GROWTH,40,20
DEEPAKFERT,183356096512.0,MID CAP,1451.0,20.916822,2.811498,0.11565,62.046,0.08648,0.0784,0.097,-0.436,Misc,Basic Materials,Chemicals,2026-05-29,Chemicals,0,0,0,38.92,9.11,50.02,40.58,24.015,30.87,WEAK GROWTH,28,20
SOFTTECH,6357693952.0,MICRO CAP,459.29998779296875,249.61955,3.7342372,0.0315,22.788,0.11135,0.03619,0.62,14.661280000000012,Technology,Technology,Software - Application,2026-05-29,SaaS,0,1,0,91.81,99.51,10.24,61.26,95.66,75.14,HIGH GROWTH,10,20
THOMASCOTT,4547084288.0,MICRO CAP,309.95001220703125,25.98072,3.6085176,0.11565,21.124,0.11101,0.08331,0.459,0.1685,Misc,Consumer Cyclical,Textile Manufacturing,2026-05-29,Textile Manufacturing,0,1,0,87.76,50.02,50.02,61.18,68.89,64.34,MODERATE GROWTH,28,20
BEWLTD,18747146240.0,SMALL CAP,1434.0,151.42555,13.351334,0.11565,29.454,0.096020006,0.06315,0.119,0.1685,Misc,Unknown,Unknown,2026-05-29,Diversified,0,1,0,49.94,50.02,50.02,50.02,49.980000000000004,49.99,SLOW GROWTH,20,20
AMBICAAGAR,420846304.0,MICRO CAP,24.5,33.10811,0.37796393,0.11565,74.724,0.05156,0.00465,0.499,1.955,Consumer,Consumer Defensive,Household & Personal Products,2026-05-29,FMCG – Personal Care,0,1,0,88.7,93.62,50.02,27.61,91.16,76.58,HIGH GROWTH,28,20
BHARATRAS,24791990272.0,SMALL CAP,1491.5999755859375,18.69407,2.071192,0.11565,7.556,0.13333,0.10699,0.055,-0.013,Chemicals,Basic Materials,Agricultural Inputs,2026-05-29,Agrochemicals,0,0,0,30.85,22.31,50.02,67.22,26.58,35.33,WEAK GROWTH,40,20
SHRENIK,232560000.0,MICRO CAP,0.3799999952316284,26.656543,-0.13212796,0.11565,29.454,-0.09415,0.00455,1.454,0.1685,Misc,Basic Materials,Paper & Paper Products,2026-05-29,Paper & Paper Products,0,1,0,97.02,50.02,50.02,7.76,73.52,62.24,MODERATE GROWTH,23,20
STALLION,20592449536.0,SMALL CAP,177.38999938964844,33.281425,4.487251,0.08934,5.066,0.14319,0.10099,-0.274,-0.244,Chemicals,Basic Materials,Specialty Chemicals,2026-05-29,Specialty Chemicals,0,0,0,6.6,13.67,20.64,70.39,10.135,18.26,WEAK GROWTH,23,20
SEMAC,996759232.0,MICRO CAP,319.75,28.754498,1.1831726,0.11565,61.573,0.01915,0.01407,0.28,0.1685,Industrials,Industrials,Engineering & Construction,2026-05-29,Engineering & EPC,0,1,0,78.91,50.02,50.02,16.57,64.465,56.79,MODERATE GROWTH,28,20
GATEWAY,28274845696.0,SMALL CAP,56.59000015258789,11.052734,1.2469152,0.10375,25.362,0.14833,0.11559,-0.002,0.1685,Misc,Industrials,Integrated Freight & Logistics,2026-05-29,Integrated Freight & Logistics,0,0,0,22.52,50.02,24.6,71.76,36.27,37.49,WEAK GROWTH,40,20
MALLCOM,6118320128.0,MICRO CAP,980.5,11.426408,1.9620124,0.11565,36.932,0.12174,0.100880004,0.114,0.125,Misc,Industrials,Security & Protection Services,2026-05-29,Security & Protection Services,0,1,0,41.32,30.08,50.02,64.08,35.7,41.4,SLOW GROWTH,40,20
INDIGOPNTS,47015358464.0,SMALL CAP,986.1500244140625,32.675613,4.072762,0.13514,1.831,0.18871,0.10231,0.097,0.013,Chemicals,Basic Materials,Specialty Chemicals,2026-05-29,Specialty Chemicals,0,0,0,38.92,23.85,77.95,78.97,31.385,45.46,SLOW GROWTH,40,20
SOUTHWEST,7909427712.0,MICRO CAP,265.1499938964844,24.505545,4.360948,0.17653999,39.376,0.2209,0.13590999,0.036,0.202,Misc,Energy,Oil & Gas Equipment & Services,2026-05-29,Oil & Gas Equipment & Services,0,0,0,27.69,69.35,86.84,83.08,48.519999999999996,59.64,MODERATE GROWTH,40,20
GEOJITFSL,20668993536.0,SMALL CAP,74.05000305175781,22.104479,1.7252628,0.06585,9.473,0.1257,0.12202,0.081,-0.435,Misc,Financial Services,Capital Markets,2026-05-29,Capital Markets,0,0,0,35.76,9.17,16.02,65.2,22.465,25.45,WEAK GROWTH,23,20
APS,10267761664.0,SMALL CAP,520.15,25.597935,8.014638,0.11565,29.454,0.096020006,0.06315,0.119,0.1685,Misc,Unknown,Unknown,2026-05-29,Diversified,0,1,0,49.94,50.02,50.02,50.02,49.980000000000004,49.99,SLOW GROWTH,28,20
PRAXIS,1306259840.0,MICRO CAP,7.03000020980835,3.4801981,2.103531,0.11565,309.88,-0.28688,0.34951,-0.228,0.1685,Misc,Consumer Cyclical,Specialty Retail,2026-05-29,Specialty Retail,0,0,0,8.05,50.02,50.02,5.09,29.035000000000004,30.84,WEAK GROWTH,40,20
KODYTECH,45253836800.0,SMALL CAP,3550.0,285.36978,26.09143,0.11565,29.454,0.096020006,0.06315,0.119,0.1685,Misc,Unknown,Unknown,2026-05-29,Diversified,0,1,0,49.94,50.02,50.02,50.02,49.980000000000004,49.99,SLOW GROWTH,20,20
DEVIT,1630038528.0,MICRO CAP,28.920000076293945,3.373465592,1.2647046,0.11565,18.23,-0.16874,0.36283,-0.075,0.1685,Technology,Technology,Information Technology Services,2026-05-29,IT Services,0,0,0,15.51,50.02,50.02,6.35,32.765,33.57,WEAK GROWTH,40,20
AYE,35960897536.0,SMALL CAP,147.0800018310547,15.320833,1.2825141,0.0924,199.987,0.33492002,0.19490999,0.085,0.791,Financials,Financial Services,Credit Services,2026-05-29,NBFC – Lending,0,0,0,36.43,86.09,21.27,90.68,61.260000000000005,56.2,MODERATE GROWTH,45,20
INDIANCARD,1340019584.0,MICRO CAP,225.5500030517578,5.4533367,0.38622633,0.11565,1.437,-0.43803,0.59928,-0.015,0.1685,Misc,Consumer Cyclical,Textile Manufacturing,2026-05-29,Textile Manufacturing,0,0,0,20.96,50.02,50.02,3.88,35.49,35.24,WEAK GROWTH,40,20
HERITGFOOD,30464925696.0,SMALL CAP,328.29998779296875,20.252932,2.7402632,0.14436,32.621,0.02675,0.03317,0.104,-0.367,Misc,Consumer Defensive,Packaged Foods,2026-05-29,Packaged Foods,0,0,0,39.66,10.58,80.53,18.57,25.119999999999997,35.55,WEAK GROWTH,28,20
KRSNAA,17627174912.0,SMALL CAP,543.4000244140625,22.224949,1.9102795,0.10888,54.501,0.16765,0.124280006,0.035,1.021,Healthcare,Healthcare,Diagnostics & Research,2026-05-29,Diagnostics,0,0,0,27.46,88.33,25.81,75.4,57.894999999999996,53.23,SLOW GROWTH,40,20
NRAIL,7793896960.0,MICRO CAP,457.95001220703125,17.826002,0.95614415,0.054970004,100.63,0.06523,0.02015,0.301,0.1685,Misc,Basic Materials,Paper & Paper Products,2026-05-29,Paper & Paper Products,0,1,0,80.61,50.02,14.26,32.47,65.315,51.82,SLOW GROWTH,25,20
ENSER,17850488832.0,SMALL CAP,204.8,202.77228,50.270008,0.11565,29.454,0.096020006,0.06315,0.119,0.1685,Misc,Unknown,Unknown,2026-05-29,Diversified,0,1,0,49.94,50.02,50.02,50.02,49.980000000000004,49.99,SLOW GROWTH,20,20
GHCL,42481446912.0,SMALL CAP,461.1000061035156,9.194417,1.2224901,0.13420999,2.345,0.18739,0.15419,0.012,-0.218,Misc,Basic Materials,Chemicals,2026-05-29,Chemicals,0,0,0,24.03,14.63,77.71,78.57,19.330000000000002,36.93,WEAK GROWTH,47,20
ELPROINTL,28099641344.0,SMALL CAP,165.8000030517578,32.131786,1.3830383,0.11565,29.454,0.096020006,0.06315,0.119,0.1685,Misc,Unknown,Unknown,2026-05-29,Diversified,0,1,0,49.94,50.02,50.02,50.02,49.980000000000004,49.99,SLOW GROWTH,28,20
BASILIC,13191023616.0,SMALL CAP,567.6,35.254658,4.345163,0.11565,29.454,0.096020006,0.06315,0.119,0.1685,Misc,Unknown,Unknown,2026-05-29,Diversified,0,1,0,49.94,50.02,50.02,50.02,49.980000000000004,49.99,SLOW GROWTH,20,20
SHRIPISTON,150412525568.0,MID CAP,3414.60009765625,27.251396,6.2837806,0.11565,29.454,0.05479,0.08016,-0.053,-0.506,Automobiles,Consumer Cyclical,Auto Parts,2026-05-29,Auto Components,0,0,0,17.04,7.36,50.02,28.87,12.2,21.43,WEAK GROWTH,28,20
RPOWER,117125029888.0,MID CAP,28.31999969482422,26.656543,0.730311,-0.0208,92.348,0.19662,-0.04421,-0.046,0.1685,Misc,Utilities,Utilities - Independent Power Producers,2026-05-29,Utilities - Independent Power Producers,0,0,0,17.63,50.02,3.76,79.95,33.825,32.42,WEAK GROWTH,20,20
EQUIPPP,1814476032.0,MICRO CAP,17.600000381469727,251.42857,20.952381,0.11565,71.587,0.04645,0.04622,5.038001600000003,0.1685,Technology,Technology,Information Technology Services,2026-05-29,IT Services,0,1,0,99.51,50.02,50.02,25.62,74.765,64.9,MODERATE GROWTH,20,20
NRL,4592397312.0,MICRO CAP,66.48999786376953,33.92347,3.437064,0.12082,22.74,0.036429998,0.06584,0.54,0.333,Misc,Industrials,Waste Management,2026-05-29,Waste Management,0,1,0,89.89,76.32,74.19,22.15,83.10499999999999,75.23,HIGH GROWTH,28,20
PAVNAIND,2556189440.0,MICRO CAP,18.31999969482422,26.656543,1.281567,0.11565,36.865,0.046230003,0.01253,0.36,2.86,Automobiles,Consumer Cyclical,Auto Parts,2026-05-29,Auto Components,0,1,0,83.76,95.42,50.02,25.58,89.59,75.28,HIGH GROWTH,28,20
CMSINFO,51128184832.0,SMALL CAP,310.54998779296875,17.016438,2.189022,0.12913,9.102,0.16094999,0.12198,0.022,-0.181,Misc,Industrials,Specialty Business Services,2026-05-29,Specialty Business Services,0,0,0,25.6,15.98,76.34,74.07,20.79,37.23,WEAK GROWTH,47,20
KAVDEFENCE,3920702976.0,MICRO CAP,65.20999908447266,133.08163,1.5112398,0.11565,6.754,-1.57367,0.32772,-0.7896912,0.1685,Misc,Technology,Communication Equipment,2026-05-29,Communication Equipment,0,0,0,0.53,50.02,50.02,1.72,25.275000000000002,27.87,WEAK GROWTH,25,20
SGMART,75114905600.0,SMALL CAP,596.1500244140625,66.983154,4.908322,0.0792,16.781,0.02871,0.01759,0.175,0.147,Misc,Industrials,Industrial Distribution,2026-05-29,Industrial Distribution,0,1,0,66.61,31.43,18.64,19.62,49.019999999999996,40.0,SLOW GROWTH,10,20
SCPL,4523863552.0,MICRO CAP,425.1000061035156,28.530203,3.2308815,0.13274999,31.759,0.0998,0.05213,0.602,0.725,Misc,Consumer Defensive,Packaged Foods,2026-05-29,Packaged Foods,0,1,0,91.48,85.23,77.44,57.58,88.355,83.09,HIGH GROWTH,28,20
KAPSTON,10771472384.0,SMALL CAP,353.95001220703125,40.359177,10.575142,0.11565,172.342,0.04796,0.03336,0.165,0.641,Misc,Industrials,Specialty Business Services,2026-05-29,Specialty Business Services,0,1,0,65.22,83.74,50.02,26.4,74.47999999999999,64.78,MODERATE GROWTH,20,20
VASWANI,1779285760.0,MICRO CAP,53.91999816894531,199.70369,1.1340357,0.11565,174.83,0.00986,0.00191,0.214,0.1685,Misc,Basic Materials,Steel,2026-05-29,Steel,0,1,0,72.05,50.02,50.02,14.69,61.035,54.2,SLOW GROWTH,20,20
BUTTERFLY,11917615104.0,SMALL CAP,666.5499877929688,26.088062,3.200536,0.13085,2.054,0.059609998,0.04839,0.167,0.267,Misc,Consumer Cyclical,"Furnishings, Fixtures & Appliances",2026-05-29,"Furnishings, Fixtures & Appliances",0,1,0,65.65,73.11,76.87,30.4,69.38,66.98,MODERATE GROWTH,28,20
HINDCOMPOS,6056766976.0,MICRO CAP,410.1000061035156,19.463694,0.52896065,0.0279,0.147,0.12944001,0.082959995,0.176,0.928,Automobiles,Consumer Cyclical,Auto Parts,2026-05-29,Auto Components,0,1,0,66.76,87.66,9.91,66.16,77.21000000000001,62.64,MODERATE GROWTH,50,20
CELLECOR,62865342464.0,SMALL CAP,288.8,199.1724,31.374252,0.11565,29.454,0.096020006,0.06315,0.119,0.1685,Misc,Unknown,Unknown,2026-05-29,Diversified,0,1,0,49.94,50.02,50.02,50.02,49.980000000000004,49.99,SLOW GROWTH,20,20
PREMEXPLN,37971607552.0,SMALL CAP,706.0,88.69347,13.731936,0.11565,10.097,0.10602,0.115150005,-0.509,-0.339,Chemicals,Basic Materials,Specialty Chemicals,2026-05-29,Specialty Chemicals,0,0,0,3.09,11.5,50.02,59.38,7.295,21.05,WEAK GROWTH,25,20
TTKPRESTIG,73412567040.0,SMALL CAP,536.0499877929688,45.660137,3.8599179,0.11565,29.454,0.05973,0.05401,0.123,0.1685,Misc,Consumer Cyclical,"Furnishings, Fixtures & Appliances",2026-05-29,"Furnishings, Fixtures & Appliances",0,1,0,58.54,50.02,50.02,30.51,54.28,51.05,SLOW GROWTH,20,20
RHL,3252395008.0,MICRO CAP,188.08999633789062,11.942222,0.4466667,0.11565,20.707,0.23509,0.18447,0.178,1.808,Misc,Consumer Cyclical,Lodging,2026-05-29,Lodging,0,1,0,67.14,93.18,50.02,84.25,80.16,74.54,HIGH GROWTH,47,20
TREL,6265235968.0,MICRO CAP,25.5,15.9375,0.49519372,0.031229999,29.454,0.38276002,0.44107,0.051,-0.696,Misc,Real Estate,Real Estate Services,2026-05-29,Real Estate Services,0,0,0,29.91,4.41,10.13,92.36,17.16,23.27,WEAK GROWTH,50,20
TRIDENT,125096591360.0,MID CAP,24.549999237060547,33.175674,2.6851144,0.11565,38.323,0.105670005,0.058909997,-0.124,-0.186,Misc,Consumer Cyclical,Textile Manufacturing,2026-05-29,Textile Manufacturing,0,0,0,11.99,15.73,50.02,59.34,13.86,25.64,WEAK GROWTH,28,20
SAHANA,13883089920.0,SMALL CAP,1571.0,33.65467,6.148752,0.11565,29.454,0.096020006,0.06315,0.119,0.1685,Misc,Unknown,Unknown,2026-05-29,Diversified,0,1,0,49.94,50.02,50.02,50.02,49.980000000000004,49.99,SLOW GROWTH,28,20
BODALCHEM,9168728064.0,MICRO CAP,72.80000305175781,19.157896,0.79071134,0.042280003,70.251,0.09177,0.02329,0.304,1.217,Chemicals,Basic Materials,Specialty Chemicals,2026-05-29,Specialty Chemicals,0,1,0,80.77,89.74,11.87,42.36,85.255,66.29,MODERATE GROWTH,25,20
VISHNU,40156930048.0,SMALL CAP,596.5499877929688,29.029198,4.0183625,0.11565,41.813,0.123780005,0.08879,0.108,-0.044,Chemicals,Basic Materials,Specialty Chemicals,2026-05-29,Specialty Chemicals,0,0,0,40.34,21.05,50.02,64.67,30.695,37.96,WEAK GROWTH,28,20
SINCLAIR,3823995904.0,MICRO CAP,74.5999984741211,42.146893,3.3084974,0.07633,28.381,0.19985001,0.15284,0.166,0.1685,Misc,Consumer Cyclical,Lodging,2026-05-29,Lodging,0,1,0,65.43,50.02,18.25,80.53,57.72500000000001,52.11,SLOW GROWTH,22,20
AHLUCONT,53894840320.0,SMALL CAP,804.5499877929688,20.184395,2.8006458,0.11565,3.881,0.06595,0.05992,0.114,0.092,Industrials,Industrials,Engineering & Construction,2026-05-29,Engineering & EPC,0,0,0,41.32,28.36,50.02,32.73,34.84,37.66,WEAK GROWTH,28,20
JPPOWER,153380405248.0,MID CAP,22.360000610351562,45.673466,2.2804155,0.03603,26.634,0.0032499998,0.081,0.034,0.1685,Misc,Utilities,Utilities - Independent Power Producers,2026-05-29,Utilities - Independent Power Producers,0,0,0,27.3,50.02,10.85,13.79,38.660000000000004,30.61,WEAK GROWTH,10,20
IGARASHI,12028189696.0,SMALL CAP,382.1499938964844,98.74677,2.5914097,0.02606,31.007,0.01985,0.01403,0.193,-0.474,Automobiles,Consumer Cyclical,Auto Parts,2026-05-29,Auto Components,0,0,0,69.31,8.48,9.64,16.9,38.895,30.84,WEAK GROWTH,10,20
SGIL,8087520768.0,MICRO CAP,520.5999755859375,174.11371,7.2311573,0.04257,225.406,0.02181,0.01271,0.221,-0.897,Misc,Industrials,Metal Fabrication,2026-05-29,Metal Fabrication,0,0,0,72.86,1.55,11.91,17.63,37.205,30.19,WEAK GROWTH,10,20
VOLTAS,415889031168.0,MID CAP,1256.9000244140625,110.64261,6.5699306,0.057189997,15.51,0.04093,0.02639,0.025,-0.518,Misc,Consumer Cyclical,"Furnishings, Fixtures & Appliances",2026-05-29,"Furnishings, Fixtures & Appliances",0,0,0,26.11,7.13,14.69,23.66,16.62,16.94,WEAK GROWTH,10,20
ROTO,10805719040.0,SMALL CAP,57.20000076293945,34.457832,4.7089815,0.11565,12.527,0.12906,0.10983,0.0,0.172,Misc,Industrials,Specialty Industrial Machinery,2026-05-29,Specialty Industrial Machinery,0,0,0,22.82,67.74,50.02,66.12,45.28,48.31,SLOW GROWTH,33,20
MCLEODRUSS,8190374400.0,MICRO CAP,78.41000366210938,26.656543,12.8667555,0.11565,614.0908400000002,-0.01646,-0.18936001,0.202,0.1685,Misc,Consumer Defensive,Packaged Foods,2026-05-29,Packaged Foods,0,1,0,70.62,50.02,50.02,10.87,60.32000000000001,53.32,SLOW GROWTH,18,20
VINYAS,14406366208.0,SMALL CAP,1144.75,66.28546,6.7046385,0.11565,29.454,0.096020006,0.06315,0.119,0.1685,Misc,Unknown,Unknown,2026-05-29,Diversified,0,1,0,49.94,50.02,50.02,50.02,49.980000000000004,49.99,SLOW GROWTH,20,20
GULPOLY,11168143360.0,SMALL CAP,179.60000610351562,10.447935,0.77939886,0.16091,43.497,0.09937,0.04634,0.07,9.794,Misc,Basic Materials,Chemicals,2026-05-29,Chemicals,0,0,0,33.86,98.51,83.98,57.25,66.185,68.85,MODERATE GROWTH,35,20
HNDFDS,63616475136.0,SMALL CAP,525.0499877929688,42.548622,5.4590917,0.14496,93.406,0.0689,0.03506,0.196,0.309,Misc,Industrials,Conglomerates,2026-05-29,Conglomerates,0,1,0,69.74,75.32,80.65,33.8,72.53,70.28,HIGH GROWTH,20,20
CESC,244978663424.0,MID CAP,184.80999755859375,15.877147,1.9250039,0.12547,164.311,0.123050004,0.08304,0.056,0.178,Misc,Utilities,Utilities - Regulated Electric,2026-05-29,Utilities - Regulated Electric,0,0,0,31.04,67.98,75.38,64.36,49.510000000000005,56.17,MODERATE GROWTH,35,20
OMAXAUTO,5317417984.0,MICRO CAP,248.0,14.310445,1.529467,0.11191,15.23,0.13851,0.07123,0.594,14.661280000000012,Automobiles,Consumer Cyclical,Auto Parts,2026-05-29,Auto Components,0,1,0,91.23,99.51,26.71,69.02,95.37,79.0,HIGH GROWTH,35,20
UNIENTER,7448360448.0,MICRO CAP,107.0999984741211,37.57895,0.3038763,0.00798,29.454,0.47175997,0.36188,-0.295,0.1685,Misc,Basic Materials,Chemicals,2026-05-29,Chemicals,0,0,0,5.99,50.02,6.42,94.67,28.005000000000003,30.35,WEAK GROWTH,35,20
MAMATA,10204855296.0,SMALL CAP,414.70001220703125,24.18076,5.77963,0.11565,4.109,0.10744,0.15597999,-0.085,-0.101,Misc,Industrials,Specialty Industrial Machinery,2026-05-29,Specialty Industrial Machinery,0,0,0,14.92,18.84,50.02,59.97,16.88,27.82,WEAK GROWTH,33,20
KAUSHALYA,296957408.0,MICRO CAP,857.5,26.656543,0.3844502,0.11565,29.454,-3.64360608,0.9287488156000011,-0.7896912,0.1685,Industrials,Industrials,Engineering & Construction,2026-05-29,Engineering & EPC,0,0,0,0.53,50.02,50.02,0.53,25.275000000000002,27.75,WEAK GROWTH,33,20
ABCOTS,4818159104.0,MICRO CAP,219.3699951171875,32.118595,3.2624927,0.09871,95.828,0.05454,0.04319,0.233,-0.476,Misc,Consumer Cyclical,Textile Manufacturing,2026-05-29,Textile Manufacturing,0,0,0,74.4,8.38,23.27,28.79,41.39,36.51,WEAK GROWTH,18,20
DJML,3533576960.0,MICRO CAP,107.1500015258789,33.80126,4.1008077,0.13528,42.847,0.16533001,0.07908,0.907,1.203,Misc,Industrials,Specialty Business Services,2026-05-29,Specialty Business Services,0,1,0,94.59,89.66,78.1,75.05,92.125,87.61,ELITE GROWTH,35,20
TIRUPATIFL,5322599936.0,MICRO CAP,45.0,90.0,4.595588,0.052360002,31.143,0.04162,0.03875,0.524,0.091,Misc,Industrials,Metal Fabrication,2026-05-29,Metal Fabrication,0,0,0,89.56,28.26,13.75,23.93,58.910000000000004,46.38,SLOW GROWTH,10,20
BFUTILITIE,20660692992.0,SMALL CAP,548.5,13.068858,10.250804,0.11565,29.454,-0.48353,0.18443,-0.7896912,0.1685,Misc,Industrials,Infrastructure Operations,2026-05-29,Infrastructure Operations,0,0,0,0.53,50.02,50.02,3.33,25.275000000000002,28.03,WEAK GROWTH,35,20
MRPL,260068130816.0,MID CAP,148.38999938964844,13.514572,1.9525514,0.14169,108.059,0.08354,0.021710001,-0.034,-0.682,Misc,Energy,Oil & Gas Refining & Marketing,2026-05-29,Oil & Gas Refining & Marketing,0,0,0,18.82,4.62,79.75,39.52,11.72,28.11,WEAK GROWTH,35,20
RITCO,7836792320.0,MICRO CAP,275.260009765625,19.102013,2.4557273,0.11565,107.999,0.050419997,0.0295,0.255,-0.113,Misc,Industrials,Integrated Freight & Logistics,2026-05-29,Integrated Freight & Logistics,0,0,0,76.52,18.35,50.02,27.26,47.435,45.93,SLOW GROWTH,35,20
BOROSCI,13344724992.0,SMALL CAP,150.02999877929688,82.8895,3.0025818,0.08174,1.955,0.191,0.07406,0.106,2.144,Misc,Consumer Cyclical,Packaging & Containers,2026-05-29,Packaging & Containers,0,1,0,40.11,94.09,19.19,79.2,67.1,58.73,MODERATE GROWTH,17,20
SPIC,14291478528.0,SMALL CAP,70.18000030517578,6.7545714,1.0981067,0.16465001,51.296,0.06034,0.07014,-0.226,0.516,Chemicals,Basic Materials,Agricultural Inputs,2026-05-29,Agrochemicals,0,0,0,8.11,81.39,84.72,30.79,44.75,51.35,SLOW GROWTH,35,20
ARTNIRMAN,1023196032.0,MICRO CAP,41.0,80.39216,2.779661,0.01395,195.929,0.15509,0.015470001,1.53,-0.871,Misc,Real Estate,Real Estate - Development,2026-05-29,Real Estate - Development,0,0,0,97.18,1.84,7.83,73.25,49.510000000000005,43.55,SLOW GROWTH,17,20
CINEVISTA,901752640.0,MICRO CAP,15.699999809265137,26.656543,1.7849023,0.113859996,27.129,0.41814,0.25441998,-0.364,0.1685,Misc,Communication Services,Entertainment,2026-05-29,Entertainment,0,0,0,4.9,50.02,27.18,93.65,27.46,34.02,WEAK GROWTH,53,20
ARIS,9724683264.0,MICRO CAP,118.94000244140625,17.38889,1.3009002,0.12219,9.356,0.083900005,0.04937,0.553,0.1685,Industrials,Industrials,Engineering & Construction,2026-05-29,Engineering & EPC,0,1,0,90.01,50.02,74.54,39.56,70.015,67.87,MODERATE GROWTH,35,20
SHANTI,72411120.0,MICRO CAP,6.519999980926514,26.656543,0.61713207,0.11565,38.071,0.9200270213920001,0.26007,-0.7896912,0.1685,Misc,Consumer Defensive,Farm Products,2026-05-29,Farm Products,0,0,0,0.53,50.02,50.02,99.51,25.275000000000002,37.65,WEAK GROWTH,53,20
REDTAPE,77370957824.0,SMALL CAP,139.9600067138672,32.174713,8.99197,0.11565,108.421,0.1881,0.09421,0.184,0.429,Misc,Consumer Cyclical,Footwear & Accessories,2026-05-29,Footwear & Accessories,0,1,0,67.96,78.95,50.02,78.77,73.455,69.3,MODERATE GROWTH,35,20
DCAL,31187292160.0,SMALL CAP,198.9199981689453,31.929373,0.46595958,0.015579999,46.07,0.0871,0.033239998,0.189,-0.495,Healthcare,Healthcare,Biotechnology,2026-05-29,Biotechnology,0,0,0,68.7,7.95,8.26,40.74,38.325,32.55,WEAK GROWTH,18,20
BIRLACABLE,5817299968.0,MICRO CAP,193.91000366210938,77.25498,2.0716217,0.06329,47.195,0.077309996,0.02192,0.37,6.347,Misc,Technology,Communication Equipment,2026-05-29,Communication Equipment,0,1,0,84.25,97.65,15.55,37.09,90.95,70.48,HIGH GROWTH,10,20
GREENPLY,31999905792.0,SMALL CAP,256.20001220703125,35.682453,3.5471504,0.10536,57.505,0.098450005,0.03269,0.196,0.861,Misc,Basic Materials,Lumber & Wood Production,2026-05-29,Lumber & Wood Production,0,1,0,69.74,86.86,25.11,56.95,78.3,65.53,MODERATE GROWTH,20,20
DOLLAR,15117680640.0,SMALL CAP,266.54998779296875,14.065962,1.5947708,0.11806,30.541,0.07715,0.056989998,0.134,0.113,Misc,Consumer Cyclical,Apparel Manufacturing,2026-05-29,Apparel Manufacturing,0,1,0,60.46,29.3,73.21,36.98,44.88,49.76,SLOW GROWTH,35,20
EMIL,44669329408.0,SMALL CAP,116.0999984741211,41.76259,2.7542524,0.06787,122.806,0.04601,0.01491,0.113,0.256,Misc,Consumer Cyclical,Specialty Retail,2026-05-29,Specialty Retail,0,1,0,41.13,72.41,16.41,25.5,56.769999999999996,45.57,SLOW GROWTH,10,20
MUNJALAU,9116000256.0,MICRO CAP,91.16000366210938,18.680328,2.1112604,0.10316,90.747,0.02031,0.01729,0.223,0.1685,Automobiles,Consumer Cyclical,Auto Parts,2026-05-29,Auto Components,0,1,0,73.17,50.02,24.46,17.2,61.595,49.73,SLOW GROWTH,35,20
SKFINDIA,83204096000.0,SMALL CAP,1683.0,31.247679,3.0265212,0.13543001,0.219,0.02898,0.07067,-0.51,0.1685,Misc,Industrials,Tools & Accessories,2026-05-29,Tools & Accessories,0,0,0,3.06,50.02,78.14,19.74,26.540000000000003,36.18,WEAK GROWTH,53,20
PRECAM,14499587072.0,SMALL CAP,152.64999389648438,28.268517,1.7731031,0.11565,13.008,0.13286,0.10709,-0.089,-0.29,Automobiles,Consumer Cyclical,Auto Parts,2026-05-29,Auto Components,0,0,0,14.61,12.53,50.02,67.06,13.57,26.21,WEAK GROWTH,33,20
SAGARDEEP,452873952.0,MICRO CAP,26.549999237060547,22.692308,1.3956789,0.08242,26.418,0.040749997,0.01505,1.184,0.433,Metals,Basic Materials,Copper,2026-05-29,Copper,0,1,0,95.93,79.12,19.43,23.54,87.525,67.51,MODERATE GROWTH,18,20
WSTCSTPAPR,33354698752.0,SMALL CAP,505.0,23.36881,0.92453253,0.037720002,8.243,0.0761,0.03428,0.19,0.179,Misc,Basic Materials,Paper & Paper Products,2026-05-29,Paper & Paper Products,0,1,0,68.9,68.04,11.32,36.66,68.47,53.86,SLOW GROWTH,18,20
UNIINFO,130349128.0,MICRO CAP,12.1899995803833,26.656543,0.40404373,0.11565,15.548,-0.02934,-0.0063,0.381,0.1685,Telecom,Communication Services,Telecom Services,2026-05-29,Telecom Services,0,1,0,84.92,50.02,50.02,10.03,67.47,58.24,MODERATE GROWTH,18,20
SURAJEST,10922080256.0,SMALL CAP,227.8000030517578,11.920461,1.1016433,0.11565,57.442,0.29042,0.16466999,0.06,0.26,Misc,Real Estate,Real Estate - Development,2026-05-29,Real Estate - Development,0,0,0,31.83,72.82,50.02,88.25,52.324999999999996,55.46,MODERATE GROWTH,55,20
DCW,14049378304.0,SMALL CAP,47.599998474121094,29.202454,1.3126688,0.04571,26.985,0.062649995,0.02247,0.132,0.564,Misc,Basic Materials,Chemicals,2026-05-29,Chemicals,0,1,0,60.09,82.24,12.57,31.61,71.16499999999999,55.49,MODERATE GROWTH,18,20
KECL,7817600512.0,MICRO CAP,117.70999908447266,73.56875,6.2578416,0.06797,76.111,0.03723,0.01396,0.273,0.1685,Misc,Industrials,Specialty Industrial Machinery,2026-05-29,Specialty Industrial Machinery,0,1,0,78.28,50.02,16.45,22.52,64.15,50.45,SLOW GROWTH,10,20
BAJAJINDEF,8310400512.0,MICRO CAP,259.70001220703125,30.806643,3.2178128,0.11565,1.565,0.05292,0.13983,0.132,-0.301,Misc,Industrials,Farm & Heavy Construction Machinery,2026-05-29,Farm & Heavy Construction Machinery,0,0,0,60.09,12.46,50.02,28.28,36.275000000000006,38.22,WEAK GROWTH,33,20
SYNGENE,181998354432.0,MID CAP,452.8999938964844,57.54765,3.8432488,0.06621,9.473,0.20549999,0.084709994,0.018,-0.195,Healthcare,Healthcare,Diagnostics & Research,2026-05-29,Diagnostics,0,0,0,24.91,15.33,16.08,81.43,20.12,25.44,WEAK GROWTH,17,20
FMGOETZE,23629746176.0,SMALL CAP,424.75,13.0611925,1.737361,0.12438,0.08216,0.14729999,0.08495,0.047,-0.173,Automobiles,Consumer Cyclical,Auto Parts,2026-05-29,Auto Components,0,0,0,29.24,16.35,75.17,71.33,22.795,38.12,WEAK GROWTH,60,20
APOLLOPIPE,22706307072.0,SMALL CAP,517.0,478.70367,3.2818103,0.0055299997,13.871,0.008590001,0.00678,0.102,-0.899,Misc,Industrials,Building Products & Equipment,2026-05-29,Building Products & Equipment,0,0,0,39.46,1.47,5.99,14.38,20.465,16.96,WEAK GROWTH,10,20
ASHIMASYN,3158557952.0,MICRO CAP,16.479999542236328,26.656543,1.1027837,-0.01623,59.301,-0.08309,-0.9331492,5.038001600000003,0.1685,Misc,Real Estate,Real Estate - Development,2026-05-29,Real Estate - Development,0,1,0,99.51,50.02,4.0,8.03,74.765,53.94,SLOW GROWTH,8,20
JHS,803258944.0,MICRO CAP,9.1899995803833,26.656543,0.44704968,-0.01107,8.503,-0.08252,-0.01828,0.392,0.1685,Consumer,Consumer Defensive,Household & Personal Products,2026-05-29,FMCG – Personal Care,0,1,0,85.31,50.02,4.19,8.07,67.665,49.01,SLOW GROWTH,8,20
ROSSARI,29099984896.0,SMALL CAP,525.3499755859375,19.522482,2.1820936,0.11848,32.695,0.078439996,0.06227,0.182,0.335,Chemicals,Basic Materials,Specialty Chemicals,2026-05-29,Specialty Chemicals,0,1,0,67.76,76.42,73.44,37.88,72.09,68.94,MODERATE GROWTH,35,20
KOPRAN,9945868288.0,MICRO CAP,205.97999572753906,38.718044,1.980158,0.04908,28.795,0.15408,0.03776,0.358,0.948,Misc,Healthcare,Drug Manufacturers - General,2026-05-29,Drug Manufacturers - General,0,1,0,83.67,87.86,13.36,73.05,85.765,70.01,HIGH GROWTH,17,20
ECOSMOBLTY,9482999808.0,MICRO CAP,158.0500030517578,15.820822,4.0425096,0.11565,3.246,0.07749,0.07694,0.225,0.089,Misc,Industrials,Rental & Leasing Services,2026-05-29,Rental & Leasing Services,0,0,0,73.44,28.12,50.02,37.29,50.78,49.28,SLOW GROWTH,35,20
RANEHOLDIN,20278773760.0,SMALL CAP,1420.300048828125,55.007748,1.8075126,0.09861,71.619,0.044109996,0.01664,0.171,4.625,Automobiles,Consumer Cyclical,Auto Parts,2026-05-29,Auto Components,0,1,0,66.04,96.91,23.15,24.91,81.475,64.15,MODERATE GROWTH,10,20
RISHABH,20740796416.0,SMALL CAP,537.0,25.486473,2.7737603,0.120670006,10.752,0.11491,0.105179995,0.093,2.055,Misc,Technology,Scientific & Technical Instruments,2026-05-29,Scientific & Technical Instruments,0,0,0,37.96,93.93,74.15,62.44,65.94500000000001,67.24,MODERATE GROWTH,33,20
IOLCP,38484393984.0,SMALL CAP,131.11000061035156,27.955223,2.1996846,0.07896,7.529,0.11652,0.05935,0.174,0.697,Misc,Healthcare,Drug Manufacturers - Specialty & Generic,2026-05-29,Drug Manufacturers - Specialty & Generic,0,1,0,66.43,84.8,18.61,62.95,75.61500000000001,62.95,MODERATE GROWTH,18,20
TIIL,56790827008.0,SMALL CAP,2504.800048828125,20.622427,3.015016,0.11565,43.315,0.091809995,0.10009,0.028,0.301,Misc,Industrials,Tools & Accessories,2026-05-29,Tools & Accessories,0,0,0,26.54,74.89,50.02,42.42,50.715,49.75,SLOW GROWTH,33,20
UEL,18568976384.0,SMALL CAP,139.1999969482422,538.1866320000008,53.21101,0.11565,27.068,-0.11807,0.115200005,-0.274,0.1685,Misc,Technology,Solar,2026-05-29,Solar,0,0,0,6.6,50.02,50.02,7.27,28.310000000000002,30.55,WEAK GROWTH,20,20
FLAIR,30828146688.0,SMALL CAP,292.5,26.139412,2.6989121,0.13085,5.802,0.13633001,0.11,0.084,0.16,Misc,Industrials,Business Equipment & Supplies,2026-05-29,Business Equipment & Supplies,0,0,0,36.27,32.2,76.87,68.08,34.235,46.15,SLOW GROWTH,33,20
FCSSOFT,2683998464.0,MICRO CAP,1.5700000524520874,26.656543,0.6230159,0.00598,29.454,0.26049,0.03867,2.309,0.1685,Technology,Technology,Information Technology Services,2026-05-29,IT Services,0,1,0,98.16,50.02,6.11,86.06,74.09,61.69,MODERATE GROWTH,33,20
RESPONIND,51743387648.0,SMALL CAP,194.0800018310547,28.752592,3.5123153,0.11565,13.937,0.090909995,0.13376,-0.154,-0.523,Chemicals,Basic Materials,Specialty Chemicals,2026-05-29,Specialty Chemicals,0,0,0,10.42,7.03,50.02,41.91,8.725,20.3,WEAK GROWTH,33,20
SMSPHARMA,34997764096.0,SMALL CAP,373.70001220703125,33.57592,4.566785,0.14310001,46.455,0.12511,0.115,-0.041,0.492,Misc,Healthcare,Drug Manufacturers - General,2026-05-29,Drug Manufacturers - General,0,0,0,18.16,80.65,80.1,65.02,49.405,57.11,MODERATE GROWTH,33,20
GULFPETRO,1876735232.0,MICRO CAP,36.810001373291016,7.2891088,0.5522798,0.11565,4.622,0.04379,0.03892,0.245,-0.214,Misc,Energy,Oil & Gas Refining & Marketing,2026-05-29,Oil & Gas Refining & Marketing,0,0,0,75.64,14.85,50.02,24.79,45.245,44.15,SLOW GROWTH,35,20
QUICKHEAL,10262040576.0,SMALL CAP,189.1699981689453,26.656543,2.3437946,-0.0249,0.08216,-0.6852,-0.041869998,-0.252,0.1685,Technology,Technology,Software - Application,2026-05-29,SaaS,0,0,0,7.36,50.02,3.6,2.51,28.69,21.05,WEAK GROWTH,33,20
ORKLAINDIA,84453859328.0,SMALL CAP,616.5,29.639423,3.2260427,0.10967,2.284,0.13648,0.113850005,0.05,1.077,Misc,Consumer Defensive,Packaged Foods,2026-05-29,Packaged Foods,0,0,0,29.81,88.84,26.05,68.12,59.325,53.55,SLOW GROWTH,33,20
EMAMIREAL,4554005504.0,MICRO CAP,87.5199966430664,26.656543,-1.546891,0.11565,29.454,-0.6772,-0.9331492,4.638,0.1685,Misc,Real Estate,Real Estate - Development,2026-05-29,Real Estate - Development,0,1,0,98.92,50.02,50.02,2.55,74.47,62.39,MODERATE GROWTH,18,20
KESORAMIND,3886402304.0,MICRO CAP,12.510000228881836,26.656543,1.1264182,0.11565,57.599,-0.32644,0.9287488156000011,-0.011,0.1685,Misc,Basic Materials,Building Materials,2026-05-29,Building Materials,0,0,0,21.43,50.02,50.02,4.74,35.725,35.49,WEAK GROWTH,33,20
DBEIL,3917916160.0,MICRO CAP,84.11000061035156,11.096306,0.9160214,0.11565,35.454,0.0795,0.067,0.274,-0.703,Industrials,Industrials,Engineering & Construction,2026-05-29,Engineering & EPC,0,0,0,78.46,4.11,50.02,38.11,41.285,42.71,SLOW GROWTH,35,20
VAIBHAVGBL,37620215808.0,SMALL CAP,225.27000427246094,14.302857,2.5985098,0.17754,25.234,0.059369996,0.07209,0.1,1.678,Misc,Consumer Cyclical,Luxury Goods,2026-05-29,Luxury Goods,0,0,0,39.21,92.71,87.05,30.36,65.96,66.62,MODERATE GROWTH,35,20
LORDSCHLO,4103519488.0,MICRO CAP,143.2100067138672,14.321001,1.7911774,0.11565,71.713,0.09787,0.07172,0.225,0.525,Misc,Basic Materials,Chemicals,2026-05-29,Chemicals,0,1,0,73.44,81.63,50.02,56.68,77.535,69.95,MODERATE GROWTH,35,20
BALRAMCHIN,105710952448.0,MID CAP,523.4500122070312,28.12735,2.55501,0.095410004,76.606,0.14968,0.060349997,0.067,-0.307,Misc,Consumer Defensive,Confectioners,2026-05-29,Confectioners,0,0,0,33.16,12.42,22.09,72.15,22.79,27.59,WEAK GROWTH,18,20
UDS,11576971264.0,SMALL CAP,171.4199981689453,12.466909,1.1412783,0.11565,4.984,0.04009,0.031689998,0.104,-0.702,Misc,Industrials,Specialty Business Services,2026-05-29,Specialty Business Services,0,0,0,39.66,4.19,50.02,23.42,21.924999999999997,27.69,WEAK GROWTH,35,20
SHAH,4696922624.0,MICRO CAP,5.269999980926514,52.7,1.39862,0.11565,20.738,0.00118,0.04112,0.255,-0.853,Misc,Basic Materials,Steel,2026-05-29,Steel,0,0,0,76.52,2.08,50.02,13.55,39.3,38.87,WEAK GROWTH,20,20
AIROLAM,1243665792.0,MICRO CAP,82.9000015258789,46.055557,1.6822242,0.11565,117.642,0.05868,0.03221,0.292,0.274,Misc,Consumer Cyclical,"Furnishings, Fixtures & Appliances",2026-05-29,"Furnishings, Fixtures & Appliances",0,1,0,79.98,73.46,50.02,30.2,76.72,66.73,MODERATE GROWTH,20,20
JWL,126929010688.0,MID CAP,297.0,51.295338,4.5042996,0.11565,26.721,0.11151,0.07721,-0.135,-0.419,Misc,Industrials,Railroads,2026-05-29,Railroads,0,0,0,11.36,9.46,50.02,61.38,10.41,23.43,WEAK GROWTH,20,20
NUVOCO,125790404608.0,MID CAP,352.20001220703125,34.90585,1.229783,0.03742,48.061,0.10877,0.031689998,0.087,-0.149,Misc,Basic Materials,Building Materials,2026-05-29,Building Materials,0,0,0,36.74,17.37,11.08,60.16,27.055,27.17,WEAK GROWTH,18,20
A2ZINFRA,2570523648.0,MICRO CAP,14.479999542236328,103.428566,5.3769026,0.11565,353.886,-0.01511,0.00619,0.289,0.1685,Industrials,Industrials,Engineering & Construction,2026-05-29,Engineering & EPC,0,1,0,79.63,50.02,50.02,11.12,64.825,56.49,MODERATE GROWTH,15,20
MANAKSTEEL,4462868480.0,MICRO CAP,68.0999984741211,17.642487,1.3683491,0.12974,46.44,0.10005999,0.03516,0.623,3.097,Misc,Basic Materials,Steel,2026-05-29,Steel,0,1,0,91.87,95.77,76.58,57.66,93.82,86.76,ELITE GROWTH,35,20
AARVI,1983893248.0,MICRO CAP,133.9499969482422,12.495336,1.4996641,0.11565,24.178,0.029260002,0.0257,0.272,0.692,Misc,Industrials,Staffing & Employment Services,2026-05-29,Staffing & Employment Services,0,1,0,78.18,84.68,50.02,19.86,81.43,68.99,MODERATE GROWTH,35,20
APEX,13303124992.0,SMALL CAP,425.70001220703125,40.236298,2.6119452,0.11565,7.972,0.039809998,0.03447,0.145,0.1685,Misc,Consumer Defensive,Farm Products,2026-05-29,Farm Products,0,1,0,62.38,50.02,50.02,23.29,56.2,51.67,SLOW GROWTH,20,20
IRBINVIT,85072601088.0,SMALL CAP,66.38,10.503164,2.3828507,0.11565,29.454,0.096020006,0.06315,0.119,0.1685,Misc,Unknown,Unknown,2026-05-29,Diversified,0,1,0,49.94,50.02,50.02,50.02,49.980000000000004,49.99,SLOW GROWTH,35,20
REGENCERAM,1126147200.0,MICRO CAP,42.59000015258789,538.1866320000008,-1.6979628,0.11565,29.454,-0.45193002,0.00327,1.909,0.1685,Misc,Industrials,Building Products & Equipment,2026-05-29,Building Products & Equipment,0,1,0,97.85,50.02,50.02,3.64,73.935,62.12,MODERATE GROWTH,15,20
MAHAPEXLTD,1371705088.0,MICRO CAP,48.66999816894531,3.373465592,0.14944759,-0.01485,29.454,-0.44436002,-0.9331492,1.438,0.1685,Financials,Financial Services,Credit Services,2026-05-29,NBFC – Lending,0,1,0,96.98,50.02,4.07,3.72,73.5,52.64,SLOW GROWTH,15,20
PGINVIT,87323525120.0,SMALL CAP,95.96,9.576846,1.1309636,0.11565,29.454,0.096020006,0.06315,0.119,0.1685,Misc,Unknown,Unknown,2026-05-29,Diversified,0,1,0,49.94,50.02,50.02,50.02,49.980000000000004,49.99,SLOW GROWTH,35,20
CYBERMEDIA,362437120.0,MICRO CAP,17.399999618530273,7.219917,-3.7108123,0.11565,216.303,0.056199998,0.03777,0.304,0.1685,Misc,Communication Services,Publishing,2026-05-29,Publishing,0,1,0,80.77,50.02,50.02,29.28,65.395,58.71,MODERATE GROWTH,35,20
SHREMINVIT,72079613952.0,SMALL CAP,118.0,8.368794,2.3828507,0.11565,29.454,0.096020006,0.06315,0.119,0.1685,Misc,Unknown,Unknown,2026-05-29,Diversified,0,1,0,49.94,50.02,50.02,50.02,49.980000000000004,49.99,SLOW GROWTH,35,20
VARROC,87974215680.0,SMALL CAP,575.75,39.06038,5.221938,0.13456,50.855,0.06334,0.02526,0.131,2.363,Automobiles,Consumer Cyclical,Auto Parts,2026-05-29,Auto Components,0,1,0,59.83,94.44,77.83,31.77,77.13499999999999,72.74,HIGH GROWTH,20,20
MAHASTEEL,15576523776.0,SMALL CAP,947.7999877929688,143.17221,11.207549,0.11565,40.365,0.01632,0.0127799995,0.122,0.758,Misc,Basic Materials,Steel,2026-05-29,Steel,0,1,0,58.32,85.66,50.02,15.92,71.99,61.99,MODERATE GROWTH,20,20
SHK,18576070656.0,SMALL CAP,134.1999969482422,26.84,1.4037364,0.05249,75.521,0.03293,0.02925,0.138,-0.9306128,Chemicals,Basic Materials,Specialty Chemicals,2026-05-29,Specialty Chemicals,0,0,0,61.22,0.53,13.79,21.15,30.875,26.49,WEAK GROWTH,18,20
EXIDEIND,332647497728.0,MID CAP,391.3500061035156,38.9403,2.3945594,0.06172,11.308,0.07394,0.047470003,0.092,0.15,Automobiles,Consumer Cyclical,Auto Parts,2026-05-29,Auto Components,0,0,0,37.76,31.69,15.24,35.78,34.725,30.93,WEAK GROWTH,10,20
MALUPAPER,581027264.0,MICRO CAP,33.25,26.656543,-3.2505622,0.11565,29.454,-0.058179997,-0.061329998,0.226,0.1685,Misc,Basic Materials,Paper & Paper Products,2026-05-29,Paper & Paper Products,0,1,0,73.6,50.02,50.02,8.93,61.81,54.16,SLOW GROWTH,18,20
SHIVALIK,4622472704.0,MICRO CAP,292.70001220703125,39.769024,0.78757113,0.03165,18.969,0.097229995,0.03262,0.559,0.093,Chemicals,Basic Materials,Agricultural Inputs,2026-05-29,Agrochemicals,0,0,0,90.07,28.4,10.3,56.56,59.235,49.18,SLOW GROWTH,10,20
PCBL,113159847936.0,MID CAP,287.6000061035156,56.17188,2.832772,0.05125,124.132,0.07217,0.02416,-0.01,-0.613,Chemicals,Basic Materials,Specialty Chemicals,2026-05-29,Specialty Chemicals,0,0,0,21.58,5.48,13.55,35.17,13.53,15.7,WEAK GROWTH,10,20
WELSPUNLIV,133149212672.0,MID CAP,139.3000030517578,65.399055,2.881731,0.04301,46.501,0.059959996,0.02175,-0.08,-0.221,Misc,Consumer Cyclical,Textile Manufacturing,2026-05-29,Textile Manufacturing,0,0,0,15.12,14.41,12.03,30.61,14.765,15.8,WEAK GROWTH,10,20
OAL,11181401088.0,SMALL CAP,332.25,342.52576,1.6888715,0.0049900003,60.585,0.04152,0.00321,0.115,1.809,Chemicals,Basic Materials,Specialty Chemicals,2026-05-29,Specialty Chemicals,0,1,0,41.52,93.22,5.84,23.89,67.37,50.72,SLOW GROWTH,10,20
MOBIKWIK,15638193152.0,SMALL CAP,198.6300048828125,26.656543,2.8855124,-0.11015,51.207,0.15317,-0.0538,0.105,0.1685,Technology,Technology,Software - Infrastructure,2026-05-29,Software Products,0,1,0,39.87,50.02,2.19,72.82,44.945,39.18,WEAK GROWTH,20,20
TARSONS,11234505728.0,SMALL CAP,211.14999389648438,78.49442,1.8054415,0.022650002,61.913,0.09252,0.03206,0.132,-0.589,Misc,Healthcare,Medical Instruments & Supplies,2026-05-29,Medical Instruments & Supplies,0,0,0,60.09,6.07,9.13,42.77,33.08,29.26,WEAK GROWTH,10,20
TIMETECHNO,89491152896.0,SMALL CAP,181.2899932861328,18.129,2.703561,0.11565,21.955,0.12113,0.07563,0.128,0.239,Misc,Consumer Cyclical,Packaging & Containers,2026-05-29,Packaging & Containers,0,1,0,59.44,71.46,50.02,63.85,65.44999999999999,62.2,MODERATE GROWTH,35,20
VSTTILLERS,40213676032.0,SMALL CAP,4647.5,38.53968,3.8020308,0.09992,0.175,0.12349,0.08443,0.09,-0.792,Misc,Industrials,Farm & Heavy Construction Machinery,2026-05-29,Farm & Heavy Construction Machinery,0,0,0,37.33,2.82,23.58,64.55,20.075,25.22,WEAK GROWTH,35,20
CHEMCON,6849574912.0,MICRO CAP,186.99000549316406,32.35121,1.4171814,0.04797,10.998,0.0749,0.09833,0.374,0.611,Chemicals,Basic Materials,Specialty Chemicals,2026-05-29,Specialty Chemicals,0,1,0,84.53,83.12,13.12,36.19,83.825,64.92,MODERATE GROWTH,18,20
MOHITIND,368238528.0,MICRO CAP,26.010000228881836,26.656543,0.22458424,0.11565,40.091,-0.01249,-0.009190001,0.227,0.1685,Misc,Consumer Cyclical,Textile Manufacturing,2026-05-29,Textile Manufacturing,0,1,0,73.74,50.02,50.02,11.36,61.879999999999995,54.46,SLOW GROWTH,18,20
MODISONLTD,9423804416.0,MICRO CAP,290.4100036621094,20.451408,4.1640024,0.11565,63.523,0.24163,0.06913,1.209,2.77,Misc,Industrials,Electrical Equipment & Parts,2026-05-29,Electrical Equipment & Parts,0,1,0,96.0,95.18,50.02,84.72,95.59,85.39,ELITE GROWTH,35,20
TECHLABS,12252274688.0,SMALL CAP,709.0,106.45646,18.101974,0.11565,29.454,0.096020006,0.06315,0.119,0.1685,Misc,Unknown,Unknown,2026-05-29,Diversified,0,1,0,49.94,50.02,50.02,50.02,49.980000000000004,49.99,SLOW GROWTH,20,20
SONAMLTD,2366291456.0,MICRO CAP,59.11000061035156,37.411392,3.55079,0.11565,30.114,0.08349,0.04403,0.508,0.038,Misc,Consumer Cyclical,"Furnishings, Fixtures & Appliances",2026-05-29,"Furnishings, Fixtures & Appliances",0,0,0,88.9,25.23,50.02,39.44,57.065000000000005,53.89,SLOW GROWTH,20,20
WINSOME,175961088.0,MICRO CAP,2.4100000858306885,26.656543,-0.038975324,0.11565,29.454,-3.64360608,0.0,0.878,0.1685,Misc,Consumer Cyclical,Textile Manufacturing,2026-05-29,Textile Manufacturing,0,1,0,94.52,50.02,50.02,0.53,72.27,60.65,MODERATE GROWTH,18,20
PRINCEPIPE,29237946368.0,SMALL CAP,264.3999938964844,39.879333,1.8428682,0.04671,8.838,0.08861,0.02816,0.181,1.317,Misc,Industrials,Building Products & Equipment,2026-05-29,Building Products & Equipment,0,1,0,67.59,90.4,12.89,41.32,78.995,62.01,MODERATE GROWTH,10,20
GNA,16266479616.0,SMALL CAP,378.8999938964844,13.9148,1.7266521,0.11565,29.454,0.12595001,0.0785,0.119,0.1685,Automobiles,Consumer Cyclical,Auto Parts,2026-05-29,Auto Components,0,1,0,49.94,50.02,50.02,65.3,49.980000000000004,51.52,SLOW GROWTH,35,20
GMMPFAUDLR,34727206912.0,SMALL CAP,772.4500122070312,60.206547,2.9521363,0.04581,84.461,0.02834,0.01641,0.17,0.1685,Misc,Industrials,Specialty Industrial Machinery,2026-05-29,Specialty Industrial Machinery,0,1,0,65.9,50.02,12.65,19.43,57.96000000000001,45.04,SLOW GROWTH,10,20
SAGCEM,23318226944.0,SMALL CAP,178.39999389648438,26.656543,1.2067018,-0.0004,91.801,0.01942,-0.00418,0.196,0.1685,Misc,Basic Materials,Building Materials,2026-05-29,Building Materials,0,1,0,69.74,50.02,4.97,16.65,59.879999999999995,44.58,SLOW GROWTH,13,20
GOACARBON,3717614848.0,MICRO CAP,406.25,26.656543,2.2045736,-0.24976,99.272,0.043109998,-0.06805,0.521,0.1685,Chemicals,Basic Materials,Specialty Chemicals,2026-05-29,Specialty Chemicals,0,1,0,89.39,50.02,1.29,24.48,69.705,51.5,SLOW GROWTH,13,20
RPSGVENT,30510632960.0,SMALL CAP,922.1500244140625,26.656543,1.1516899,0.00037,188.138,0.08118,-0.01219,0.152,0.1685,Technology,Technology,Information Technology Services,2026-05-29,IT Services,0,1,0,63.38,50.02,5.09,38.7,56.7,44.58,SLOW GROWTH,13,20
GPTINFRA,14721475584.0,SMALL CAP,116.5,15.12987,2.6953866,0.17464,49.76,0.124460004,0.075440004,0.089,0.306,Industrials,Industrials,Engineering & Construction,2026-05-29,Engineering & EPC,0,0,0,37.09,75.19,86.64,64.79,56.14,63.1,MODERATE GROWTH,35,20
BHARATGEAR,1835543680.0,MICRO CAP,119.54000091552734,13.948659,1.5064713,0.11565,64.485,0.033099998,0.01756,0.333,0.1685,Automobiles,Consumer Cyclical,Auto Parts,2026-05-29,Auto Components,0,1,0,82.37,50.02,50.02,21.23,66.19500000000001,58.46,MODERATE GROWTH,35,20
DELTAMAGNT,683512064.0,MICRO CAP,62.9900016784668,26.656543,29.586662,-0.12564999,614.0908400000002,0.11007,-0.19580999,0.268,0.1685,Misc,Consumer Cyclical,Textile Manufacturing,2026-05-29,Textile Manufacturing,0,1,0,77.73,50.02,1.96,60.99,63.875,51.2,SLOW GROWTH,13,20
AARTISURF,3301348096.0,MICRO CAP,390.0,26.76733,1.3460716,0.05169,42.536,0.03539,0.014359999,0.27,-0.571,Chemicals,Basic Materials,Specialty Chemicals,2026-05-29,Specialty Chemicals,0,0,0,78.03,6.4,13.59,21.82,42.215,34.45,WEAK GROWTH,18,20
MOLDTECH,3513936384.0,MICRO CAP,121.98999786376953,34.754986,2.7181976,0.08211,4.004,-0.00763,0.055549998,0.857,0.1685,Industrials,Industrials,Engineering & Construction,2026-05-29,Engineering & EPC,0,1,0,94.24,50.02,19.31,11.75,72.13,55.53,MODERATE GROWTH,13,20
NFL,37465473024.0,SMALL CAP,76.37000274658203,19.236776,1.460844,0.11565,176.918,0.026989998,0.00901,0.173,1.968,Chemicals,Basic Materials,Agricultural Inputs,2026-05-29,Agrochemicals,0,1,0,66.26,93.69,50.02,18.72,79.975,67.86,MODERATE GROWTH,35,20
TITAGARH,114385158144.0,MID CAP,849.3499755859375,63.054935,4.522751,0.11565,25.09,0.09556,0.0548,-0.078,-0.232,Misc,Industrials,Railroads,2026-05-29,Railroads,0,0,0,15.16,13.94,50.02,43.67,14.55,24.56,WEAK GROWTH,20,20
ALPEXSOLAR,20531959808.0,SMALL CAP,838.95,11.326448,4.355467,0.11565,29.454,0.096020006,0.06315,0.119,0.1685,Misc,Unknown,Unknown,2026-05-29,Diversified,0,1,0,49.94,50.02,50.02,50.02,49.980000000000004,49.99,SLOW GROWTH,35,20
HGM,762751552.0,MICRO CAP,60.560001373291016,178.11765,3.2438803,0.11565,100.637,-0.17940001,0.00806,1.458,0.1685,Technology,Technology,Information Technology Services,2026-05-29,IT Services,0,1,0,97.06,50.02,50.02,6.11,73.54,62.09,MODERATE GROWTH,15,20
ASHAPURMIN,69891670016.0,SMALL CAP,731.6500244140625,18.522785,4.900766,0.11565,86.445,0.11391,0.09864,0.11,-0.209,Misc,Basic Materials,Other Industrial Metals & Mining,2026-05-29,Other Industrial Metals & Mining,0,0,0,40.54,14.92,50.02,62.16,27.73,35.63,WEAK GROWTH,35,20
BTTL,2015630080.0,MICRO CAP,34.529998779296875,26.656543,1.2524483,-0.06722,29.454,0.04113,-0.41695,4.145,0.1685,Misc,Consumer Cyclical,Textile Manufacturing,2026-05-29,Textile Manufacturing,0,1,0,98.71,50.02,2.62,23.7,74.365,54.95,SLOW GROWTH,13,20
GROBTEA,1047259328.0,MICRO CAP,901.0,18.194668,0.99867105,0.11565,14.11,0.12472,0.046529997,0.776,9.9,Misc,Consumer Defensive,Farm Products,2026-05-29,Farm Products,0,1,0,93.73,98.63,50.02,64.83,96.18,83.81,HIGH GROWTH,35,20
REMSONSIND,3322352128.0,MICRO CAP,94.73999786376953,18.985971,2.217385,0.14031,62.789,0.039809998,0.03809,0.228,0.145,Automobiles,Consumer Cyclical,Auto Parts,2026-05-29,Auto Components,0,1,0,73.85,31.34,79.44,23.29,52.595,55.03,MODERATE GROWTH,35,20
AARTECH,1365173120.0,MICRO CAP,42.970001220703125,78.12727,4.033984,0.11931,16.02,0.03945,0.09595,0.589,0.1685,Misc,Industrials,Electrical Equipment & Parts,2026-05-29,Electrical Equipment & Parts,0,1,0,90.97,50.02,73.8,23.11,70.495,66.42,MODERATE GROWTH,20,20
FUSION,29197885440.0,SMALL CAP,180.5500030517578,180.55,1.2330798,0.11565,257.668,0.063540004,-0.46566,0.119,0.1685,Financials,Financial Services,Credit Services,2026-05-29,NBFC – Lending,0,1,0,49.94,50.02,50.02,31.81,49.980000000000004,48.17,SLOW GROWTH,15,20
PUNJABCHEM,12225398784.0,SMALL CAP,997.0,19.103277,2.8851385,0.16229999,36.418,0.09024,0.06211,0.031,0.558,Misc,Basic Materials,Chemicals,2026-05-29,Chemicals,0,0,0,26.97,82.08,84.29,41.79,54.525,59.2,MODERATE GROWTH,35,20
GLOBALVECT,2327919872.0,MICRO CAP,166.27999877929688,26.656543,51.67185,0.11565,29.454,-0.00574,-0.02661,0.225,0.1685,Misc,Industrials,Airports & Air Services,2026-05-29,Airports & Air Services,0,1,0,73.44,50.02,50.02,11.91,61.730000000000004,54.41,SLOW GROWTH,18,20
GANDHAR,15464965120.0,SMALL CAP,158.0,14.5220585,1.2001154,0.11565,24.674,0.04427,0.02599,0.161,0.672,Misc,Energy,Oil & Gas Refining & Marketing,2026-05-29,Oil & Gas Refining & Marketing,0,1,0,64.59,84.29,50.02,24.95,74.44,64.61,MODERATE GROWTH,35,20
REGAAL,8947213312.0,MICRO CAP,87.0999984741211,17.811861,1.708379,0.11565,108.692,0.09571,0.043730002,0.257,-0.296,Misc,Consumer Defensive,Packaged Foods,2026-05-29,Packaged Foods,0,0,0,76.73,12.5,50.02,43.71,44.615,45.61,SLOW GROWTH,35,20
DALBHARAT,333687947264.0,MID CAP,1777.5,29.25926,1.8784418,0.06501,40.865,0.1265,0.07694,0.038,-0.108,Misc,Basic Materials,Building Materials,2026-05-29,Building Materials,0,0,0,28.07,18.51,15.86,65.45,23.29,26.02,WEAK GROWTH,18,20
SIGIND,1497165824.0,MICRO CAP,50.86000061035156,9.147482,0.71029556,0.11565,173.841,0.056599997,0.01265,0.283,0.156,Misc,Industrials,Conglomerates,2026-05-29,Conglomerates,0,1,0,79.26,31.94,50.02,29.38,55.6,51.86,SLOW GROWTH,35,20
HILTON,1132778880.0,MICRO CAP,22.010000228881836,8.531008,0.4408348,0.11565,58.483,0.04168,0.03487,0.733,2.211,Misc,Industrials,Metal Fabrication,2026-05-29,Metal Fabrication,0,1,0,93.3,94.18,50.02,23.97,93.74000000000001,78.02,HIGH GROWTH,35,20
HECPROJECT,1376663040.0,MICRO CAP,127.0199966430664,11.006932,2.4269173,0.11565,73.815,0.084759995,0.07056,1.082,0.908,Industrials,Industrials,Engineering & Construction,2026-05-29,Engineering & EPC,0,1,0,95.53,87.45,50.02,39.91,91.49000000000001,78.04,HIGH GROWTH,35,20
AGROPHOS,681818560.0,MICRO CAP,33.630001068115234,13.560484,0.9714039,0.11565,37.092,0.06407,0.06156,0.571,-0.631,Chemicals,Basic Materials,Agricultural Inputs,2026-05-29,Agrochemicals,0,0,0,90.38,5.25,50.02,32.0,47.815,46.67,SLOW GROWTH,35,20
NELCO,15796037632.0,SMALL CAP,692.25,470.91837,12.287007,0.02586,56.54,0.0077,0.010829999,0.173,0.1685,Misc,Technology,Communication Equipment,2026-05-29,Communication Equipment,0,1,0,66.26,50.02,9.6,14.18,58.14,44.04,SLOW GROWTH,10,20
DYNAMATECH,75344265216.0,SMALL CAP,11094.0,231.07687,9.491795,0.0429,80.387,0.06755,0.019989999,0.138,-0.219,Automobiles,Consumer Cyclical,Auto Parts,2026-05-29,Auto Components,0,0,0,61.22,14.53,11.99,33.45,37.875,32.26,WEAK GROWTH,10,20
LANDMARK,15385554944.0,SMALL CAP,371.04998779296875,64.98248,2.7015316,0.06664,173.699,0.03259,0.00759,0.174,9.676,Misc,Consumer Cyclical,Auto & Truck Dealerships,2026-05-29,Auto & Truck Dealerships,0,1,0,66.43,98.47,16.18,20.96,82.45,63.05,MODERATE GROWTH,10,20
NDLVENTURE,4360474624.0,MICRO CAP,129.5,479.6296,7.791348,0.01526,29.454,-0.83224,0.18601,0.119,0.251,Misc,Communication Services,Entertainment,2026-05-29,Entertainment,0,1,0,49.94,71.92,8.19,2.39,60.93,44.53,SLOW GROWTH,10,20
RAMCOCEM,207547416576.0,MID CAP,878.3499755859375,29.744326,2.7477975,0.08996,47.827,0.06996,0.07738,0.089,4.521,Misc,Basic Materials,Building Materials,2026-05-29,Building Materials,0,0,0,37.09,96.83,20.76,34.2,66.96000000000001,54.44,SLOW GROWTH,18,20
INDIAGLYCO,65217040384.0,SMALL CAP,973.0,21.1798,2.5163252,0.112849995,57.645,0.1283,0.069520004,0.131,0.319,Misc,Basic Materials,Chemicals,2026-05-29,Chemicals,0,1,0,59.83,75.73,27.03,65.84,67.78,59.44,MODERATE GROWTH,28,20
ASIANTILES,18366644224.0,SMALL CAP,61.95000076293945,14.927711,0.99641323,0.11565,20.089,0.06561,0.045560002,0.178,14.661280000000012,Misc,Industrials,Building Products & Equipment,2026-05-29,Building Products & Equipment,0,1,0,67.14,99.51,50.02,32.63,83.325,71.59,HIGH GROWTH,35,20
PVP,6830388224.0,MICRO CAP,26.229999542236328,26.656543,3.160622,0.11565,77.376,0.25967,-0.120349996,4.636,0.1685,Misc,Industrials,Conglomerates,2026-05-29,Conglomerates,0,1,0,98.86,50.02,50.02,86.02,74.44,70.71,HIGH GROWTH,38,20
RICOAUTO,16640054272.0,SMALL CAP,123.0,32.03125,2.1613073,0.11565,91.352,0.054970004,0.022149999,0.141,4.714,Automobiles,Consumer Cyclical,Auto Parts,2026-05-29,Auto Components,0,1,0,61.71,96.98,50.02,28.95,79.345,68.44,MODERATE GROWTH,28,20
DUCON,1143738112.0,MICRO CAP,3.5199999809265137,9.025641,0.47222966,0.10106,139.323,0.03376,0.011670001,5.038001600000003,0.75,Misc,Industrials,Specialty Industrial Machinery,2026-05-29,Specialty Industrial Machinery,0,1,0,99.51,85.61,23.97,21.43,92.56,71.73,HIGH GROWTH,35,20
ADROITINFO,523433504.0,MICRO CAP,9.140000343322754,19.869566,0.6546809,0.04334,34.111,-0.00654,0.06779,0.256,0.1685,Technology,Technology,Information Technology Services,2026-05-29,IT Services,0,1,0,76.65,50.02,12.1,11.83,63.33500000000001,47.94,SLOW GROWTH,20,20
WCIL,10090508288.0,SMALL CAP,98.97000122070312,25.97638,1.1874168,0.0458,26.012,0.02671,0.02122,0.157,-0.386,Misc,Industrials,Integrated Freight & Logistics,2026-05-29,Integrated Freight & Logistics,0,0,0,63.81,10.16,12.61,18.53,36.985,30.26,WEAK GROWTH,18,20
MCL,1737139200.0,MICRO CAP,64.0,37.647057,3.503394,0.11565,112.554,0.0381,0.01721,0.607,-0.152,Metals,Basic Materials,Copper,2026-05-29,Copper,0,0,0,91.6,17.23,50.02,22.76,54.415,50.37,SLOW GROWTH,20,20
LOVABLE,1080844032.0,MICRO CAP,73.02999877929688,14.125725,0.632371,0.11565,1.621,-0.00389,0.09189,0.263,0.1685,Misc,Consumer Cyclical,Apparel Manufacturing,2026-05-29,Apparel Manufacturing,0,1,0,77.32,50.02,50.02,12.1,63.67,55.78,MODERATE GROWTH,30,20
AVTNPL,11093889024.0,SMALL CAP,72.8499984741211,19.375,2.1271315,0.11565,19.139,0.105399996,0.088649996,0.122,-0.197,Chemicals,Basic Materials,Specialty Chemicals,2026-05-29,Specialty Chemicals,0,0,0,58.32,15.26,50.02,59.15,36.79,41.67,SLOW GROWTH,35,20
MICEL,10628609024.0,SMALL CAP,44.099998474121094,26.656543,4.650427,-0.05751,20.387,0.24484,-0.06631,0.133,0.1685,Misc,Technology,Electronic Components,2026-05-29,Electronic Components,0,1,0,60.28,50.02,2.78,85.04,55.150000000000006,47.67,SLOW GROWTH,20,20
ZEEMEDIA,5303634944.0,MICRO CAP,8.479999542236328,26.656543,2.6860943,0.11565,54.648,0.21875,-0.010989999,0.507,0.1685,Media,Communication Services,Broadcasting,2026-05-29,Broadcasting,0,1,0,88.84,50.02,50.02,82.73,69.43,66.88,MODERATE GROWTH,30,20
NORBTEAEXP,1205755776.0,MICRO CAP,77.56999969482422,26.656543,6.2051034,-0.01678,46.916,-0.28463,-0.03624,0.363,0.1685,Misc,Consumer Defensive,Farm Products,2026-05-29,Farm Products,0,1,0,83.94,50.02,3.92,5.17,66.98,48.19,SLOW GROWTH,8,20
MEP,168770368.0,MICRO CAP,0.9200000166893005,26.656543,-0.012588083,0.11565,29.454,-3.64360608,0.0,2.245,0.1685,Misc,Industrials,Infrastructure Operations,2026-05-29,Infrastructure Operations,0,1,0,98.12,50.02,50.02,0.53,74.07000000000001,61.91,MODERATE GROWTH,18,20
TAINWALCHM,1849643904.0,MICRO CAP,197.52999877929688,17.1467,1.0751044,0.06621,29.454,-1.18055,0.34715,-0.749,0.296,Chemicals,Basic Materials,Specialty Chemicals,2026-05-29,Specialty Chemicals,0,0,0,1.37,74.68,16.08,1.96,38.025000000000006,30.03,WEAK GROWTH,30,20
BGRENERGY,25018413056.0,SMALL CAP,346.70001220703125,26.656543,-1.2928946,0.11565,29.454,-2.44718,-0.9331492,0.177,0.1685,Industrials,Industrials,Engineering & Construction,2026-05-29,Engineering & EPC,0,1,0,66.92,50.02,50.02,1.25,58.47,51.06,SLOW GROWTH,18,20
STLNETWORK,14822884352.0,SMALL CAP,30.3700008392334,26.656543,1.737613,-0.11605,116.754,-0.025999999,-0.10335,0.124,0.1685,Telecom,Communication Services,Telecom Services,2026-05-29,Telecom Services,0,1,0,58.75,50.02,2.08,10.16,54.385000000000005,39.5,WEAK GROWTH,8,20
AEROENTER,11048403968.0,SMALL CAP,97.69999694824219,17.200705,1.3393285,0.09559,4.218,0.16246,0.08845,0.16,0.293,Misc,Basic Materials,Steel,2026-05-29,Steel,0,1,0,64.49,74.54,22.17,74.46,69.515,60.54,MODERATE GROWTH,32,20
CYIENT,101658705920.0,MID CAP,920.5,23.884275,1.789902,0.077659994,6.995,0.09528,0.058870003,0.009,-0.679,Misc,Industrials,Conglomerates,2026-05-29,Conglomerates,0,0,0,23.62,4.66,18.53,43.6,14.14,17.96,WEAK GROWTH,18,20
TATACHEM,195168780288.0,MID CAP,766.0999755859375,26.656543,0.87376136,-0.07678,36.081,-0.02007,-0.13001001,-0.02,0.1685,Misc,Basic Materials,Chemicals,2026-05-29,Chemicals,0,0,0,20.21,50.02,2.59,10.65,35.115,26.16,WEAK GROWTH,8,20
IL&FSTRANS,743449664.0,MICRO CAP,2.259999990463257,26.656543,-0.0050031324,0.11565,385.701,0.34368,0.0,0.76,0.1685,Misc,Industrials,Infrastructure Operations,2026-05-29,Infrastructure Operations,0,1,0,93.58,50.02,50.02,91.07,71.8,69.37,MODERATE GROWTH,38,20
LPDC,924246336.0,MICRO CAP,6.889999866485596,26.656543,2.1298301,0.0367,29.454,0.28128,0.18302,0.119,0.1685,Misc,Real Estate,Real Estate Services,2026-05-29,Real Estate Services,0,1,0,49.94,50.02,10.97,87.62,49.980000000000004,45.94,SLOW GROWTH,38,20
VRAJ,4221775360.0,MICRO CAP,128.0,16.0,1.0219805,0.11565,6.498,-0.0018000001,0.046350002,0.221,-0.879,Misc,Basic Materials,Steel,2026-05-29,Steel,0,0,0,72.86,1.72,50.02,12.61,37.29,37.37,WEAK GROWTH,30,20
AIMTRON,11131658240.0,SMALL CAP,545.3,25.12903,5.5917883,0.11565,29.454,0.096020006,0.06315,0.119,0.1685,Misc,Unknown,Unknown,2026-05-29,Diversified,0,1,0,49.94,50.02,50.02,50.02,49.980000000000004,49.99,SLOW GROWTH,28,20
5PAISA,15519377408.0,SMALL CAP,331.04998779296875,23.799425,1.5951679,0.070539996,58.31,0.19001,0.15376,0.064,0.079,Misc,Financial Services,Capital Markets,2026-05-29,Capital Markets,0,0,0,32.59,27.56,16.84,79.12,30.075000000000003,32.33,WEAK GROWTH,30,20
GAEL,73157967872.0,SMALL CAP,159.5,24.057314,2.2204897,0.09664,13.384,0.1099,0.05312,0.158,3.214,Misc,Consumer Defensive,Packaged Foods,2026-05-29,Packaged Foods,0,1,0,64.06,95.93,22.41,60.95,79.995,66.57,MODERATE GROWTH,18,20
KHAICHEM,5334406144.0,MICRO CAP,55.0,7.757405,2.0120726,0.11565,106.925,0.11059,0.07424,0.337,0.636,Chemicals,Basic Materials,Agricultural Inputs,2026-05-29,Agrochemicals,0,1,0,82.61,83.59,50.02,61.1,83.1,74.28,HIGH GROWTH,35,20
RBA,40154345472.0,SMALL CAP,68.88999938964844,26.656543,4.973289,-0.25794,285.657,-0.00799,-0.06628,0.117,0.1685,Hospitality,Consumer Cyclical,Restaurants,2026-05-29,Restaurants,0,1,0,41.79,50.02,1.25,11.71,45.905,33.55,WEAK GROWTH,8,20
BTML,1162865792.0,MICRO CAP,6.400000095367432,128.0,1.2274644,0.11565,32.08,0.08911,0.055689998,1.312,-0.071,Misc,Communication Services,Entertainment,2026-05-29,Entertainment,0,0,0,96.57,20.0,50.02,41.52,58.285,54.96,SLOW GROWTH,20,20
PIGL,2274386688.0,MICRO CAP,107.44000244140625,16.035822,1.5336522,0.11565,21.323,0.11853,0.062480003,0.458,-0.129,Industrials,Industrials,Engineering & Construction,2026-05-29,Engineering & EPC,0,0,0,87.68,17.82,50.02,63.3,52.75,53.26,SLOW GROWTH,35,20
ORIENTCER,4937509888.0,MICRO CAP,41.27000045776367,25.164635,1.6801693,0.11565,16.058,0.08331,0.050440002,0.26,1.643,Chemicals,Basic Materials,Specialty Chemicals,2026-05-29,Specialty Chemicals,0,1,0,76.97,92.48,50.02,39.33,84.725,73.24,HIGH GROWTH,28,20
PAUSHAKLTD,11194237952.0,SMALL CAP,454.0,28.428303,2.3303921,0.082229994,15.666,0.15996,0.17992,0.053,0.301,Chemicals,Basic Materials,Specialty Chemicals,2026-05-29,Specialty Chemicals,0,0,0,30.45,74.89,19.39,73.99,52.67,48.15,SLOW GROWTH,30,20
RAJOOENG,9911118848.0,MICRO CAP,55.470001220703125,20.244526,2.9130344,0.18706,6.767,-0.00356,0.13869001,-0.117,-0.903,Misc,Industrials,Specialty Industrial Machinery,2026-05-29,Specialty Industrial Machinery,0,0,0,12.77,1.29,88.56,12.18,7.029999999999999,23.85,WEAK GROWTH,36,20
ORIENTHOT,16932987904.0,SMALL CAP,94.80999755859375,24.949999,2.448479,0.094119996,17.135,0.21787001,0.1376,0.046,0.661,Misc,Consumer Cyclical,Lodging,2026-05-29,Lodging,0,0,0,29.14,84.2,21.78,82.53,56.67,52.28,SLOW GROWTH,30,20
EDELWEISS,109040443392.0,MID CAP,115.19999694824219,15.4838705,1.5591797,0.11472999,319.7,-0.0753,0.081920005,-0.219,-0.182,Financials,Financial Services,Financial Conglomerates,2026-05-29,NBFC – Investment,0,0,0,8.23,15.88,27.3,8.34,12.055,14.73,WEAK GROWTH,30,20
UNICHEMLAB,25106692096.0,SMALL CAP,356.6000061035156,8.531101,1.0304005,0.097849995,18.405,0.029679999,0.11163,-0.021,-0.793,Misc,Healthcare,Drug Manufacturers - Specialty & Generic,2026-05-29,Drug Manufacturers - Specialty & Generic,0,0,0,20.09,2.78,22.88,20.13,11.435,14.59,WEAK GROWTH,30,20
INDIANHUME,16626366464.0,SMALL CAP,315.6000061035156,11.784914,1.1182171,0.09864,28.091,0.094239995,0.10808,-0.104,-0.9306128,Industrials,Industrials,Engineering & Construction,2026-05-29,Engineering & EPC,0,0,0,13.67,0.53,23.19,43.4,7.1,13.95,WEAK GROWTH,30,20
TAC,10495319040.0,SMALL CAP,500.75,73.42375,15.532431,0.11565,29.454,0.096020006,0.06315,0.119,0.1685,Misc,Unknown,Unknown,2026-05-29,Diversified,0,1,0,49.94,50.02,50.02,50.02,49.980000000000004,49.99,SLOW GROWTH,20,20
NOCIL,27777914880.0,SMALL CAP,166.30999755859375,50.093372,1.5630199,0.03147,0.453,0.02234,0.04269,-0.028,-0.192,Chemicals,Basic Materials,Specialty Chemicals,2026-05-29,Specialty Chemicals,0,0,0,19.64,15.47,10.18,17.74,17.555,16.1,WEAK GROWTH,28,20
JOCIL,1309969664.0,MICRO CAP,147.5,21.345877,0.62477493,0.03957,29.454,0.01466,0.00794,0.492,4.784,Chemicals,Basic Materials,Specialty Chemicals,2026-05-29,Specialty Chemicals,0,1,0,88.56,97.02,11.56,15.49,92.78999999999999,68.81,MODERATE GROWTH,18,20
ATALREAL,3585557504.0,MICRO CAP,28.940000534057617,29.232323,1.9353976,0.079569995,14.083,0.072230004,0.05407,0.378,8.929,Industrials,Industrials,Engineering & Construction,2026-05-29,Engineering & EPC,0,1,0,84.68,98.28,18.76,35.21,91.48,71.31,HIGH GROWTH,18,20
HAPPSTMNDS,56911708160.0,SMALL CAP,378.75,30.792683,3.483047,0.116969995,28.275,0.14472,0.08222,0.107,-0.198,Technology,Technology,Information Technology Services,2026-05-29,IT Services,0,0,0,40.27,15.18,72.89,70.7,27.725,41.06,SLOW GROWTH,28,20
SANDESH,7682962432.0,MICRO CAP,1015.0,7.0096684,1.2980055,0.11565,0.336,0.3566,0.19649,0.026,-0.03,Misc,Communication Services,Publishing,2026-05-29,Publishing,0,0,0,26.26,21.58,50.02,91.74,23.92,35.92,WEAK GROWTH,73,20
IITL,3408738560.0,MICRO CAP,151.17999267578125,61.45528,0.7576957,-0.028199999,0.467,0.9200270213920001,0.0,0.119,0.1685,Financials,Financial Services,Credit Services,2026-05-29,NBFC – Lending,0,1,0,49.94,50.02,3.35,99.51,49.980000000000004,45.61,SLOW GROWTH,38,20
VISASTEEL,6986232832.0,MICRO CAP,47.92,26.656543,2.3828507,0.11565,29.454,-0.025899999,-0.9331492,0.277,0.1685,Misc,Basic Materials,Steel,2026-05-29,Steel,0,1,0,78.75,50.02,50.02,10.22,64.385,56.1,MODERATE GROWTH,18,20
WEALTH,9941647360.0,MICRO CAP,933.0499877929688,41.65402,6.5968833,0.11565,29.454,0.17282,0.47617,-0.607,-0.88,Misc,Financial Services,Capital Markets,2026-05-29,Capital Markets,0,0,0,2.27,1.66,50.02,76.38,1.9649999999999999,19.02,WEAK GROWTH,37,20
ROML,689479488.0,MICRO CAP,46.0,14.7909975,32.03343,0.11565,614.0908400000002,0.02012,0.03083,0.293,-0.605,Misc,Consumer Defensive,Packaged Foods,2026-05-29,Packaged Foods,0,0,0,80.04,5.62,50.02,17.08,42.830000000000005,41.69,SLOW GROWTH,35,20
WINDLAS,17508808704.0,SMALL CAP,848.4500122070312,27.23756,3.3345778,0.122320004,6.067,0.07248,0.07351,0.177,-0.026,Misc,Healthcare,Drug Manufacturers - Specialty & Generic,2026-05-29,Drug Manufacturers - Specialty & Generic,0,0,0,66.92,21.72,74.58,35.33,44.32,49.47,SLOW GROWTH,28,20
ONELIFECAP,1030762432.0,MICRO CAP,27.59000015258789,26.656543,1.3617966,0.11565,128.135,-0.49084,-0.13473,1.919,0.1685,Misc,Financial Services,Capital Markets,2026-05-29,Capital Markets,0,1,0,97.88,50.02,50.02,3.29,73.95,62.1,MODERATE GROWTH,18,20
NARMADA,1421856256.0,MICRO CAP,37.47999954223633,33.765766,2.4606092,0.11565,18.194,0.062140003,0.05207,0.543,-0.289,Chemicals,Basic Materials,Agricultural Inputs,2026-05-29,Agrochemicals,0,0,0,89.93,12.57,50.02,31.34,51.25,49.01,SLOW GROWTH,28,20
ZEELEARN,2305787392.0,MICRO CAP,7.050000190734863,22.741936,1.1886697,0.17872,161.224,0.23405,0.087740004,0.114,1.671,Misc,Consumer Defensive,Education & Training Services,2026-05-29,Education & Training Services,0,1,0,41.32,92.64,87.15,84.21,66.98,72.74,HIGH GROWTH,35,20
INSPIRISYS,5071752192.0,MICRO CAP,128.02000427246094,13.036661,7.4786777,0.11565,128.048,0.057010002,0.09788,0.633,0.414,Technology,Technology,Information Technology Services,2026-05-29,IT Services,0,1,0,92.05,78.46,50.02,29.65,85.255,72.65,HIGH GROWTH,35,20
HLEGLAS,22531115008.0,SMALL CAP,324.3999938964844,44.993065,4.1698265,0.09648,56.224,0.08483,0.036530003,0.171,-0.475,Misc,Industrials,Specialty Industrial Machinery,2026-05-29,Specialty Industrial Machinery,0,0,0,66.04,8.42,22.33,39.95,37.230000000000004,34.52,WEAK GROWTH,10,20
MAXIND,8586437632.0,MICRO CAP,163.47999572753906,26.656543,1.8286557,0.11565,43.616,-0.59386003,-0.80635,0.274,0.1685,Misc,Healthcare,Medical Care Facilities,2026-05-29,Medical Care Facilities,0,1,0,78.46,50.02,50.02,3.02,64.24,55.27,MODERATE GROWTH,18,20
BMWVENTLTD,5276607488.0,MICRO CAP,60.849998474121094,14.522673,1.1928332,0.114989996,58.379,0.03403,0.01642,0.256,-0.192,Misc,Basic Materials,Steel,2026-05-29,Steel,0,0,0,76.65,15.47,27.46,21.54,46.06,39.89,WEAK GROWTH,35,20
HINDCON,1170217728.0,MICRO CAP,22.860000610351562,27.214287,1.5049375,0.05466,18.593,0.06053,0.048070002,0.379,0.548,Chemicals,Basic Materials,Specialty Chemicals,2026-05-29,Specialty Chemicals,0,1,0,84.76,81.96,14.14,30.94,83.36,64.27,MODERATE GROWTH,18,20
CONSOFINVT,7596696064.0,MICRO CAP,235.0,12.008176,0.7315403,0.11565,29.454,0.9200270213920001,0.89956003,-0.214,-0.214,Misc,Financial Services,Capital Markets,2026-05-29,Capital Markets,0,0,0,8.48,14.85,50.02,99.51,11.665,28.12,WEAK GROWTH,60,20
VETO,2401603072.0,MICRO CAP,125.63999938964844,10.059248,0.8678473,0.11565,5.817,0.097959995,0.07086,0.245,0.816,Misc,Industrials,Electrical Equipment & Parts,2026-05-29,Electrical Equipment & Parts,0,1,0,75.64,86.37,50.02,56.72,81.005,72.38,HIGH GROWTH,35,20
AKI,511901536.0,MICRO CAP,4.960000038146973,26.105263,0.64307016,0.029089998,21.381,0.04587,0.02224,0.523,2.5,Misc,Consumer Cyclical,Footwear & Accessories,2026-05-29,Footwear & Accessories,0,1,0,89.5,94.67,9.99,25.38,92.08500000000001,69.0,MODERATE GROWTH,18,20
KSHITIJPOL,421862240.0,MICRO CAP,4.739999771118164,18.96,1.581054,0.07117,29.786,0.19212,0.07934,0.973,0.1685,Misc,Industrials,Business Equipment & Supplies,2026-05-29,Business Equipment & Supplies,0,1,0,95.1,50.02,17.04,79.28,72.56,62.13,MODERATE GROWTH,32,20
ROHLTD,9186076672.0,MICRO CAP,334.95001220703125,24.556452,3.825071,0.12753999,232.509,0.17593999,0.083780006,0.305,-0.392,Misc,Consumer Cyclical,Lodging,2026-05-29,Lodging,0,0,0,80.9,10.05,75.99,76.89,45.475,54.72,SLOW GROWTH,35,20
FIEMIND,60724719616.0,SMALL CAP,2307.199951171875,24.975103,5.6210513,0.11565,5.696,0.11608,0.09076,0.162,0.348,Automobiles,Consumer Cyclical,Auto Parts,2026-05-29,Auto Components,0,1,0,64.77,76.54,50.02,62.83,70.655,65.75,MODERATE GROWTH,28,20
AAKASH,897074944.0,MICRO CAP,8.859999656677246,25.314285,1.3723668,0.056339998,34.733,0.09151,0.030769998,0.29,5.315,Misc,Energy,Oil & Gas Equipment & Services,2026-05-29,Oil & Gas Equipment & Services,0,1,0,79.79,97.38,14.61,42.22,88.58500000000001,69.15,MODERATE GROWTH,18,20
PRAKASHSTL,796251776.0,MICRO CAP,4.550000190734863,75.833336,11.432161,0.11565,22.772,0.019199999,0.012150001,0.271,-0.5,Misc,Basic Materials,Steel,2026-05-29,Steel,0,0,0,78.12,7.72,50.02,16.61,42.92,41.71,SLOW GROWTH,20,20
MEGASTAR,3193858304.0,MICRO CAP,282.79998779296875,30.67245,3.2545025,0.0946,127.734,0.05172,0.01745,0.203,0.719,Misc,Consumer Defensive,Packaged Foods,2026-05-29,Packaged Foods,0,1,0,70.84,85.17,21.97,27.69,78.005,61.77,MODERATE GROWTH,18,20
UNIVASTU,2772780544.0,MICRO CAP,77.05000305175781,26.296928,3.17601,0.11565,43.706,0.1724,0.09024,0.337,0.719,Industrials,Industrials,Engineering & Construction,2026-05-29,Engineering & EPC,0,1,0,82.61,85.17,50.02,76.32,83.89,76.36,HIGH GROWTH,35,20
MBLINFRA,3968831744.0,MICRO CAP,25.700000762939453,26.656543,0.37443906,0.11565,98.238,-0.29961002,-0.29639998,0.665,0.1685,Industrials,Industrials,Engineering & Construction,2026-05-29,Engineering & EPC,0,1,0,92.56,50.02,50.02,5.01,71.29,60.41,MODERATE GROWTH,18,20
BLUECOAST,639388800.0,MICRO CAP,32.4900016784668,26.656543,-2.0607638,0.11565,29.454,0.44856998,-0.9331492,5.038001600000003,0.1685,Misc,Consumer Cyclical,Lodging,2026-05-29,Lodging,0,1,0,99.51,50.02,50.02,94.36,74.765,71.78,HIGH GROWTH,38,20
GENESYS,11360713728.0,SMALL CAP,271.8500061035156,28.200207,1.6519811,0.11565,21.419,-0.014040001,0.12324,-0.149,-0.9306128,Technology,Technology,Software - Application,2026-05-29,SaaS,0,0,0,10.61,0.53,50.02,11.24,5.569999999999999,15.03,WEAK GROWTH,28,20
WENDT,13939000320.0,SMALL CAP,6969.5,96.131035,5.6219745,0.05849,0.08216,0.09988,0.06157,-0.117,-0.605,Misc,Industrials,Tools & Accessories,2026-05-29,Tools & Accessories,0,0,0,12.77,5.62,14.83,57.62,9.195,15.16,WEAK GROWTH,35,20
TIPSFILMS,1602061568.0,MICRO CAP,370.6000061035156,26.656543,4.45663,0.11565,453.425,-0.70579004,-0.20844999,3.616,0.1685,Misc,Communication Services,Entertainment,2026-05-29,Entertainment,0,1,0,98.55,50.02,50.02,2.47,74.285,62.25,MODERATE GROWTH,18,20
GLOBALE,137957376.0,MICRO CAP,12.989999771118164,26.656543,1.3482096,-0.13590999,107.499,-0.035669997,-0.09233,5.038001600000003,0.1685,Misc,Consumer Cyclical,Textile Manufacturing,2026-05-29,Textile Manufacturing,0,1,0,99.51,50.02,1.8,9.48,74.765,53.64,SLOW GROWTH,8,20
MKPL,1920086528.0,MICRO CAP,5.090000152587891,23.136364,2.5772152,0.11565,2.694,0.02507,0.02268,1.269,0.0,Misc,Consumer Defensive,Packaged Foods,2026-05-29,Packaged Foods,0,0,0,96.36,23.15,50.02,18.29,59.754999999999995,53.66,SLOW GROWTH,28,20
ZENSARTECH,113731280896.0,MID CAP,501.54998779296875,14.8857565,2.4098208,0.11565,1.68,0.14679,0.072670005,0.067,0.192,Technology,Technology,Information Technology Services,2026-05-29,IT Services,0,0,0,33.16,68.86,50.02,71.13,51.01,52.82,SLOW GROWTH,35,20
MIDWESTLTD,43682267136.0,SMALL CAP,1208.0,37.527184,6.081322,0.13219,19.664,0.24063,0.15890999,-0.06,-0.285,Misc,Basic Materials,Building Materials,2026-05-29,Building Materials,0,0,0,16.71,12.65,77.12,84.65,14.68,34.17,WEAK GROWTH,32,20
SPLPETRO,125903077376.0,MID CAP,669.5499877929688,38.172745,5.6690598,0.14316,5.61,0.14164,0.060900003,0.048,0.579,Chemicals,Basic Materials,Specialty Chemicals,2026-05-29,Specialty Chemicals,0,0,0,29.51,82.65,80.14,70.07,56.080000000000005,62.29,MODERATE GROWTH,20,20
KANSAINER,176186540032.0,MID CAP,217.8300018310547,29.966988,2.6209667,0.08796,4.526,0.07964,0.07321,0.075,0.04,Chemicals,Basic Materials,Specialty Chemicals,2026-05-29,Specialty Chemicals,0,0,0,34.7,25.38,20.37,38.19,30.04,28.92,WEAK GROWTH,18,20
ASPINWALL,1915480576.0,MICRO CAP,245.0,20.348837,1.0265176,0.11565,43.708,0.07646,0.025020001,0.266,0.581,Misc,Consumer Defensive,Farm Products,2026-05-29,Farm Products,0,1,0,77.56,82.69,50.02,36.74,80.125,69.77,MODERATE GROWTH,28,20
AMBIKCO,9715324928.0,MICRO CAP,1697.0,15.455373,1.0380621,0.077010006,29.454,0.16149001,0.08988,0.619,0.547,Misc,Consumer Cyclical,Textile Manufacturing,2026-05-29,Textile Manufacturing,0,1,0,91.77,81.9,18.37,74.15,86.83500000000001,71.87,HIGH GROWTH,32,20
AJOONI,723423104.0,MICRO CAP,4.199999809265137,20.999998,0.7599059,0.05514,11.321,0.03778,0.03232,0.726,1.5,Misc,Consumer Defensive,Packaged Foods,2026-05-29,Packaged Foods,0,1,0,93.18,91.77,14.3,22.68,92.475,69.86,MODERATE GROWTH,18,20
SARTELE,11275180032.0,SMALL CAP,239.35,14.349521,1.3061464,0.11565,29.454,0.096020006,0.06315,0.119,0.1685,Misc,Unknown,Unknown,2026-05-29,Diversified,0,1,0,49.94,50.02,50.02,50.02,49.980000000000004,49.99,SLOW GROWTH,35,20
SMLT,1021802944.0,MICRO CAP,74.63999938964844,26.945848,0.8305515,0.037720002,5.31,0.028369999,0.02398,0.289,1.224,Misc,Industrials,Metal Fabrication,2026-05-29,Metal Fabrication,0,1,0,79.63,89.78,11.32,19.47,84.705,63.5,MODERATE GROWTH,18,20
JAMNAAUTO,50049290240.0,SMALL CAP,125.19000244140625,25.812372,4.8042827,0.11565,14.586,0.14442,0.080520004,0.187,0.327,Automobiles,Consumer Cyclical,Auto Parts,2026-05-29,Auto Components,0,1,0,68.35,76.03,50.02,70.66,72.19,67.6,MODERATE GROWTH,28,20
EIMCOELECO,9287099392.0,MICRO CAP,1610.0,23.99404,1.9870361,0.08608,0.93,0.15675999,0.16777,0.04,-0.572,Misc,Industrials,Farm & Heavy Construction Machinery,2026-05-29,Farm & Heavy Construction Machinery,0,0,0,28.32,6.35,20.02,73.52,17.335,23.49,WEAK GROWTH,40,15
DICIND,4672099328.0,MICRO CAP,509.0,24.53012,1.0899614,0.11565,0.954,0.02526,0.02053,0.146,0.638,Chemicals,Basic Materials,Specialty Chemicals,2026-05-29,Specialty Chemicals,0,1,0,62.53,83.65,50.02,18.33,73.09,63.0,MODERATE GROWTH,38,15
MAHEPC,3339835392.0,MICRO CAP,119.48999786376953,26.319384,1.8043035,0.07096,24.485,0.05888,0.04066,0.116,-0.237,Misc,Industrials,Farm & Heavy Construction Machinery,2026-05-29,Farm & Heavy Construction Machinery,0,0,0,41.66,13.75,17.0,30.24,27.705,25.82,WEAK GROWTH,18,10
VR,1598400000.0,MICRO CAP,180.0,71.14625,4.2704625,0.11565,29.454,0.096020006,0.06315,0.119,0.1685,Misc,Unknown,Unknown,2026-05-29,Diversified,0,1,0,49.94,50.02,50.02,50.02,49.980000000000004,49.99,SLOW GROWTH,20,10
POLYPLEX,29593673728.0,SMALL CAP,942.7000122070312,66.01541,0.7323318,0.00617,13.292,-0.0032600001,0.00634,0.075,1.456,Chemicals,Basic Materials,Specialty Chemicals,2026-05-29,Specialty Chemicals,0,0,0,34.7,91.44,6.23,12.22,63.07,46.62,SLOW GROWTH,5,10
HINDWAREAP,18864762880.0,SMALL CAP,225.52999877929688,26.656543,2.5657566,-0.0513,114.725,0.04923,-0.01559,-0.035,0.1685,Misc,Consumer Cyclical,"Furnishings, Fixtures & Appliances",2026-05-29,"Furnishings, Fixtures & Appliances",0,0,0,18.68,50.02,2.94,26.91,34.35,27.32,WEAK GROWTH,13,10
VIVIANA,8472270848.0,MICRO CAP,843.65,42.224728,11.583031,0.11565,29.454,0.096020006,0.06315,0.119,0.1685,Misc,Unknown,Unknown,2026-05-29,Diversified,0,1,0,49.94,50.02,50.02,50.02,49.980000000000004,49.99,SLOW GROWTH,20,10
KOTARISUG,2170852096.0,MICRO CAP,26.190000534057617,32.7375,0.6998744,0.11565,23.787,-0.15675999,0.07606,0.164,0.1685,Misc,Consumer Defensive,Confectioners,2026-05-29,Confectioners,0,1,0,65.04,50.02,50.02,6.58,57.53,50.93,SLOW GROWTH,23,10
KOLTEPATIL,33130885120.0,SMALL CAP,373.6000061035156,63.86325,2.7390432,-0.0373,98.241,-0.03861,-0.048189998,-0.654,0.1685,Misc,Real Estate,Real Estate - Development,2026-05-29,Real Estate - Development,0,0,0,1.92,50.02,3.17,9.4,25.970000000000002,19.75,WEAK GROWTH,0,10
JISLJALEQS,22166679552.0,SMALL CAP,30.219999313354492,26.656543,0.36494058,-0.0068,71.789,0.09127,-0.0038400001,0.043,0.1685,Misc,Industrials,Conglomerates,2026-05-29,Conglomerates,0,0,0,28.71,50.02,4.48,42.09,39.365,32.66,WEAK GROWTH,13,10
PRAJIND,66145140736.0,SMALL CAP,359.8500061035156,126.707756,5.0791836,0.11565,16.118,0.02465,0.01635,-0.014,0.1685,Industrials,Industrials,Engineering & Construction,2026-05-29,Engineering & EPC,0,0,0,21.09,50.02,50.02,18.17,35.555,36.71,WEAK GROWTH,20,10
CANARYS,3094309632.0,MICRO CAP,54.1,38.920864,3.260804,0.11565,29.454,0.096020006,0.06315,0.119,0.1685,Misc,Unknown,Unknown,2026-05-29,Diversified,0,1,0,49.94,50.02,50.02,50.02,49.980000000000004,49.99,SLOW GROWTH,20,10
BAJAJHIND,43949129728.0,SMALL CAP,18.639999389648438,26.656543,0.6209401,0.11565,87.126,0.01359,-0.0082,-0.065,0.1685,Misc,Consumer Defensive,Confectioners,2026-05-29,Confectioners,0,0,0,16.35,50.02,50.02,15.39,33.185,34.77,WEAK GROWTH,23,10
PRATHAM,5369736192.0,MICRO CAP,302.35,52.766144,6.133233,0.11565,29.454,0.096020006,0.06315,0.119,0.1685,Misc,Unknown,Unknown,2026-05-29,Diversified,0,1,0,49.94,50.02,50.02,50.02,49.980000000000004,49.99,SLOW GROWTH,20,10
JINDALPOLY,30019962880.0,SMALL CAP,685.5999755859375,26.656543,0.73548657,0.11565,84.483,-0.33227003,-0.06955,-0.729,0.1685,Misc,Consumer Cyclical,Packaging & Containers,2026-05-29,Packaging & Containers,0,0,0,1.51,50.02,50.02,4.62,25.765,28.5,WEAK GROWTH,18,10
JAIBALAJI,65682104320.0,SMALL CAP,72.0,35.643566,2.9589446,0.11565,20.642,0.01721,0.0327,-0.106,-0.902,Misc,Basic Materials,Steel,2026-05-29,Steel,0,0,0,13.61,1.35,50.02,16.22,7.4799999999999995,16.86,WEAK GROWTH,20,10
ORIENTTECH,12326372352.0,SMALL CAP,269.1000061035156,57.623127,3.4638553,0.11565,6.129,-0.00209,0.024300002,-0.033,0.1685,Technology,Technology,Information Technology Services,2026-05-29,IT Services,0,0,0,19.0,50.02,50.02,12.46,34.510000000000005,35.41,WEAK GROWTH,15,10
RALLIS,48179666944.0,SMALL CAP,247.6999969482422,26.216932,2.3547025,0.09323,2.986,-0.06579,0.06351,0.061,0.1685,Chemicals,Basic Materials,Agricultural Inputs,2026-05-29,Agrochemicals,0,0,0,32.06,50.02,21.54,8.66,41.040000000000006,33.9,WEAK GROWTH,13,10
SWSOLAR,44835172352.0,SMALL CAP,191.8800048828125,26.656543,6.8994284,-0.294667488,182.951,0.07344,-0.04099,-0.228,1.43,Misc,Technology,Solar,2026-05-29,Solar,0,0,0,8.05,91.15,0.53,35.61,49.6,38.39,WEAK GROWTH,13,10
DEEM,817052672.0,MICRO CAP,98.0,144.11765,0.96527,0.11565,29.454,0.096020006,0.06315,0.119,0.1685,Misc,Unknown,Unknown,2026-05-29,Diversified,0,1,0,49.94,50.02,50.02,50.02,49.980000000000004,49.99,SLOW GROWTH,20,10
HCL-INSYS,4253392128.0,MICRO CAP,12.920000076293945,26.656543,-1.4344399,0.11565,29.454,-3.20265,-0.9331492,0.135,0.1685,Misc,Technology,Electronics & Computer Distribution,2026-05-29,Electronics & Computer Distribution,0,1,0,60.69,50.02,50.02,1.14,55.355000000000004,48.87,SLOW GROWTH,18,10
TCL,4487142400.0,MICRO CAP,194.0,37.964775,4.477164,0.11565,29.454,0.096020006,0.06315,0.119,0.1685,Misc,Unknown,Unknown,2026-05-29,Diversified,0,1,0,49.94,50.02,50.02,50.02,49.980000000000004,49.99,SLOW GROWTH,20,10
PARASPETRO,681810816.0,MICRO CAP,2.0399999618530273,26.656543,3.1384616,0.11565,29.454,0.0,0.0,0.119,0.0,Misc,Consumer Cyclical,Textile Manufacturing,2026-05-29,Textile Manufacturing,0,0,0,49.94,23.15,50.02,13.04,36.545,36.89,WEAK GROWTH,18,10
DIGITIDE,12643104768.0,SMALL CAP,84.79000091552734,26.656543,1.511085,0.00607,57.944,0.02686,-0.0053100004,0.092,0.1685,Misc,Industrials,Specialty Business Services,2026-05-29,Specialty Business Services,0,0,0,37.76,50.02,6.19,18.61,43.89,33.82,WEAK GROWTH,13,10
GOPAL,37281611776.0,SMALL CAP,299.04998779296875,50.600677,8.5961075,0.11565,14.964,0.05,0.00296,0.018,1.884,Misc,Consumer Defensive,Packaged Foods,2026-05-29,Packaged Foods,0,0,0,24.91,93.42,50.02,27.09,59.165,54.13,SLOW GROWTH,20,10
KKVAPOW,598370048.0,MICRO CAP,959.6,36.075188,2.301508,0.11565,29.454,0.096020006,0.06315,0.119,0.1685,Misc,Unknown,Unknown,2026-05-29,Diversified,0,1,0,49.94,50.02,50.02,50.02,49.980000000000004,49.99,SLOW GROWTH,20,10
SYMPHONY,48104316928.0,SMALL CAP,700.5,26.656543,8.791967,-0.216,31.743,0.13018,-0.12467,-0.307,0.1685,Misc,Consumer Cyclical,"Furnishings, Fixtures & Appliances",2026-05-29,"Furnishings, Fixtures & Appliances",0,0,0,5.91,50.02,1.33,66.39,27.965000000000003,26.48,WEAK GROWTH,13,10
HMT,67910770688.0,SMALL CAP,56.400001525878906,26.656543,-1.0190254,0.11565,29.454,-0.45895,-0.9331492,-0.286,0.1685,Misc,Industrials,Farm & Heavy Construction Machinery,2026-05-29,Farm & Heavy Construction Machinery,0,0,0,6.19,50.02,50.02,3.56,28.105,30.03,WEAK GROWTH,18,10
SETCO,3763072768.0,MICRO CAP,28.059999465942383,26.656543,-0.481725,0.11565,29.454,0.11428001,-0.1783,0.108,0.1685,Automobiles,Consumer Cyclical,Auto Parts,2026-05-29,Auto Components,0,1,0,40.34,50.02,50.02,62.28,45.18000000000001,47.86,SLOW GROWTH,23,10
LGHL,11904496640.0,SMALL CAP,237.64999389648438,26.656543,15.913352,0.06468,153.423,-0.0736,0.04203,-0.045,0.1685,Misc,Consumer Cyclical,Luxury Goods,2026-05-29,Luxury Goods,0,0,0,17.74,50.02,15.75,8.42,33.88,27.71,WEAK GROWTH,13,10
BATAINDIA,85837111296.0,SMALL CAP,667.8499755859375,63.84799,5.6356745,0.11565,90.391,0.11437,0.05118,0.028,0.125,Misc,Consumer Cyclical,Footwear & Accessories,2026-05-29,Footwear & Accessories,0,0,0,26.54,30.08,50.02,62.36,28.31,36.06,WEAK GROWTH,20,10
SCODATUBES,7250174976.0,MICRO CAP,121.0199966430664,39.678688,1.8677078,0.11565,54.523,0.13582,0.07585,0.173,-0.159,Misc,Basic Materials,Steel,2026-05-29,Steel,0,0,0,66.26,17.06,50.02,67.96,41.660000000000004,45.96,SLOW GROWTH,20,10
BMETRICS,1526926080.0,MICRO CAP,124.0,93.93939,7.139567,0.11565,29.454,0.096020006,0.06315,0.119,0.1685,Misc,Unknown,Unknown,2026-05-29,Diversified,0,1,0,49.94,50.02,50.02,50.02,49.980000000000004,49.99,SLOW GROWTH,20,10
KOKUYOCMLN,8721416192.0,MICRO CAP,86.94999694824219,35.202427,2.68588,0.11565,11.417,0.020550001,0.01353,0.131,-0.339,Misc,Industrials,Business Equipment & Supplies,2026-05-29,Business Equipment & Supplies,0,0,0,59.83,11.5,50.02,17.35,35.665,36.7,WEAK GROWTH,20,10
HIGREEN,4182076672.0,MICRO CAP,167.35,39.56265,4.58079,0.11565,29.454,0.096020006,0.06315,0.119,0.1685,Misc,Unknown,Unknown,2026-05-29,Diversified,0,1,0,49.94,50.02,50.02,50.02,49.980000000000004,49.99,SLOW GROWTH,20,10
GANGAFORGE,320829312.0,MICRO CAP,2.380000114440918,26.656543,1.0982926,0.11565,78.9,0.055859998,-0.08891,0.119,0.1685,Misc,Industrials,Metal Fabrication,2026-05-29,Metal Fabrication,0,1,0,49.94,50.02,50.02,29.18,49.980000000000004,47.91,SLOW GROWTH,23,10
MANDEEP,611486464.0,MICRO CAP,59.15,41.07639,1.7885221,0.11565,29.454,0.096020006,0.06315,0.119,0.1685,Misc,Unknown,Unknown,2026-05-29,Diversified,0,1,0,49.94,50.02,50.02,50.02,49.980000000000004,49.99,SLOW GROWTH,20,10
ALBERTDAVD,4075198976.0,MICRO CAP,714.0499877929688,26.656543,1.0407405,-0.0038100001,7.555,0.00039,-0.00448,0.146,0.1685,Misc,Healthcare,Drug Manufacturers - Specialty & Generic,2026-05-29,Drug Manufacturers - Specialty & Generic,0,1,0,62.53,50.02,4.82,13.4,56.275000000000006,41.7,SLOW GROWTH,13,10
MONOPHARMA,721760832.0,MICRO CAP,40.85,88.804344,2.682382,0.11565,29.454,0.096020006,0.06315,0.119,0.1685,Misc,Unknown,Unknown,2026-05-29,Diversified,0,1,0,49.94,50.02,50.02,50.02,49.980000000000004,49.99,SLOW GROWTH,20,10
MAGSON,730049984.0,MICRO CAP,93.0,175.47171,1.2580659,0.11565,29.454,0.096020006,0.06315,0.119,0.1685,Misc,Unknown,Unknown,2026-05-29,Diversified,0,1,0,49.94,50.02,50.02,50.02,49.980000000000004,49.99,SLOW GROWTH,20,10
VIVIDHA,169766304.0,MICRO CAP,0.5799999833106995,26.656543,72.49999,0.11565,614.0908400000002,-3.64360608,0.0,0.119,0.1685,Misc,Consumer Cyclical,Textile Manufacturing,2026-05-29,Textile Manufacturing,0,1,0,49.94,50.02,50.02,0.53,49.980000000000004,45.04,SLOW GROWTH,18,10
TASTYBITE,19778727936.0,SMALL CAP,7708.0,55.75407,6.20493,0.11565,20.737,0.13742,0.06058,0.002,0.342,Misc,Consumer Defensive,Packaged Foods,2026-05-29,Packaged Foods,0,0,0,23.05,76.46,50.02,68.39,49.754999999999995,51.67,SLOW GROWTH,20,10
ESFL,3868680448.0,MICRO CAP,155.75,538.1866320000008,2.6417558,0.11565,29.454,0.096020006,0.06315,0.119,0.1685,Misc,Unknown,Unknown,2026-05-29,Diversified,0,1,0,49.94,50.02,50.02,50.02,49.980000000000004,49.99,SLOW GROWTH,20,10
SHALBY,18348087296.0,SMALL CAP,171.0,219.23077,1.8524939,0.11565,53.318,0.04646,0.0072000003,-0.013,0.1685,Misc,Healthcare,Medical Care Facilities,2026-05-29,Medical Care Facilities,0,0,0,21.25,50.02,50.02,25.66,35.635000000000005,37.51,WEAK GROWTH,20,10
ROCKINGDCE,4162988544.0,MICRO CAP,642.35,78.04982,8.759477,0.11565,29.454,0.096020006,0.06315,0.119,0.1685,Misc,Unknown,Unknown,2026-05-29,Diversified,0,1,0,49.94,50.02,50.02,50.02,49.980000000000004,49.99,SLOW GROWTH,20,10
TRUST,4177748992.0,MICRO CAP,175.35,52.187504,3.6869218,0.11565,29.454,0.096020006,0.06315,0.119,0.1685,Misc,Unknown,Unknown,2026-05-29,Diversified,0,1,0,49.94,50.02,50.02,50.02,49.980000000000004,49.99,SLOW GROWTH,20,10
VSTL,2211400192.0,MICRO CAP,116.62000274658203,25.133621,1.1448486,0.04567,97.86,0.02846,0.00765,0.162,-0.419,Misc,Basic Materials,Steel,2026-05-29,Steel,0,0,0,64.77,9.46,12.5,19.55,37.114999999999995,30.44,WEAK GROWTH,18,10
PATTECH,759816448.0,MICRO CAP,97.95,75.93023,2.363259,0.11565,29.454,0.096020006,0.06315,0.119,0.1685,Misc,Unknown,Unknown,2026-05-29,Diversified,0,1,0,49.94,50.02,50.02,50.02,49.980000000000004,49.99,SLOW GROWTH,20,10
SANSTAR,20892481536.0,SMALL CAP,114.63999938964844,60.656086,3.6509554,0.11565,3.402,0.07677,0.02463,-0.051,-0.042,Misc,Basic Materials,Chemicals,2026-05-29,Chemicals,0,0,0,17.18,21.11,50.02,36.86,19.145,27.09,WEAK GROWTH,20,10
TIJARIA,134340272.0,MICRO CAP,4.630000114440918,26.656543,-0.40948087,0.11565,29.454,-2.36061,0.0,0.119,0.1685,Misc,Industrials,Building Products & Equipment,2026-05-29,Building Products & Equipment,0,1,0,49.94,50.02,50.02,1.33,49.980000000000004,45.12,SLOW GROWTH,18,10
HITECHCORP,4159610880.0,MICRO CAP,242.17999267578125,27.36497,0.85536075,0.0547,48.253,0.068330005,0.02372,0.112,13.983,Misc,Consumer Cyclical,Packaging & Containers,2026-05-29,Packaging & Containers,0,1,0,40.91,98.94,14.22,33.69,69.925,55.16,MODERATE GROWTH,18,10
RUSTOMJEE,49851039744.0,SMALL CAP,394.8999938964844,63.69355,1.7769158,0.11565,43.367,0.02852,0.056199998,-0.426,-0.771,Misc,Real Estate,Real Estate - Development,2026-05-29,Real Estate - Development,0,0,0,3.96,2.98,50.02,19.58,3.4699999999999998,14.39,WEAK GROWTH,20,10
AATMAJ,604550016.0,MICRO CAP,26.75,68.589745,1.1778433,0.11565,29.454,0.096020006,0.06315,0.119,0.1685,Misc,Unknown,Unknown,2026-05-29,Diversified,0,1,0,49.94,50.02,50.02,50.02,49.980000000000004,49.99,SLOW GROWTH,20,10
RHIM,81764237312.0,SMALL CAP,395.95001220703125,47.533016,2.0415056,0.11565,10.315,0.085530005,0.042779997,0.08,0.3,Misc,Industrials,Metal Fabrication,2026-05-29,Metal Fabrication,0,0,0,35.55,74.81,50.02,40.34,55.18,52.66,SLOW GROWTH,20,10
GPECO,4225256448.0,MICRO CAP,360.8,40.860703,5.3007374,0.11565,29.454,0.096020006,0.06315,0.119,0.1685,Misc,Unknown,Unknown,2026-05-29,Diversified,0,1,0,49.94,50.02,50.02,50.02,49.980000000000004,49.99,SLOW GROWTH,20,10
EMKAYTOOLS,9432895488.0,MICRO CAP,883.95,35.17509,3.2504497,0.11565,29.454,0.096020006,0.06315,0.119,0.1685,Misc,Unknown,Unknown,2026-05-29,Diversified,0,1,0,49.94,50.02,50.02,50.02,49.980000000000004,49.99,SLOW GROWTH,20,10
SHYAMTEL,208212384.0,MICRO CAP,18.190000534057617,26.656543,-0.6251289,0.11565,29.454,-2.44433,0.0,0.119,0.1685,Misc,Technology,Communication Equipment,2026-05-29,Communication Equipment,0,1,0,49.94,50.02,50.02,1.29,49.980000000000004,45.12,SLOW GROWTH,18,10
TIRUMALCHM,25196734464.0,SMALL CAP,209.00999450683594,26.656543,1.483003,0.11565,136.102,-0.09075,-0.08394,-0.069,0.1685,Chemicals,Basic Materials,Specialty Chemicals,2026-05-29,Specialty Chemicals,0,0,0,16.0,50.02,50.02,7.83,33.010000000000005,33.89,WEAK GROWTH,18,10
TEAMLEASE,23167942656.0,SMALL CAP,1382.0,415.015,2.4149988,0.14261,10.971,0.01052,0.011849999,0.023,0.256,Misc,Industrials,Staffing & Employment Services,2026-05-29,Staffing & Employment Services,0,0,0,25.81,72.41,80.02,14.88,49.11,51.87,SLOW GROWTH,20,10
LOTUSEYE,2258481408.0,MICRO CAP,108.5999984741211,339.375,3.4577177,0.11565,7.917,-0.02404,0.01264,0.106,0.1685,Misc,Healthcare,Medical Care Facilities,2026-05-29,Medical Care Facilities,0,1,0,40.11,50.02,50.02,10.38,45.065,42.59,SLOW GROWTH,15,10
KHFM,1608386688.0,MICRO CAP,74.35,50.578228,2.6378343,0.11565,29.454,0.096020006,0.06315,0.119,0.1685,Misc,Unknown,Unknown,2026-05-29,Diversified,0,1,0,49.94,50.02,50.02,50.02,49.980000000000004,49.99,SLOW GROWTH,20,10
TBI,5717174272.0,MICRO CAP,314.85,41.9241,5.1240115,0.11565,29.454,0.096020006,0.06315,0.119,0.1685,Misc,Unknown,Unknown,2026-05-29,Diversified,0,1,0,49.94,50.02,50.02,50.02,49.980000000000004,49.99,SLOW GROWTH,20,10
TGL,5665011200.0,MICRO CAP,472.1,43.51152,10.015062,0.11565,29.454,0.096020006,0.06315,0.119,0.1685,Misc,Unknown,Unknown,2026-05-29,Diversified,0,1,0,49.94,50.02,50.02,50.02,49.980000000000004,49.99,SLOW GROWTH,20,10
PRSMJOHNSN,60644401152.0,SMALL CAP,120.4800033569336,83.08965,3.8994079,0.11565,93.47,0.0035299999,0.02535,-0.008,0.26,Misc,Basic Materials,Building Materials,2026-05-29,Building Materials,0,0,0,21.9,72.82,50.02,13.83,47.36,44.54,SLOW GROWTH,20,10
INFINIUM,3474256640.0,MICRO CAP,222.95,36.973465,3.0294178,0.11565,29.454,0.096020006,0.06315,0.119,0.1685,Misc,Unknown,Unknown,2026-05-29,Diversified,0,1,0,49.94,50.02,50.02,50.02,49.980000000000004,49.99,SLOW GROWTH,20,10
OPTIEMUS,36171722752.0,SMALL CAP,407.8500061035156,54.81855,5.028853,0.11565,32.446,0.05278,0.03808,-0.088,-0.223,Misc,Technology,Electronics & Computer Distribution,2026-05-29,Electronics & Computer Distribution,0,0,0,14.73,14.22,50.02,28.2,14.475000000000001,22.96,WEAK GROWTH,20,10
WEL,12799104000.0,SMALL CAP,95.51000213623047,94.56436,14.519611,0.11565,91.622,0.02021,0.01897,-0.311,-0.895,Misc,Consumer Cyclical,"Furnishings, Fixtures & Appliances",2026-05-29,"Furnishings, Fixtures & Appliances",0,0,0,5.72,1.61,50.02,17.12,3.665,14.28,WEAK GROWTH,20,10
OMAXE,14185456640.0,SMALL CAP,77.23999786376953,26.656543,-2.5360343,0.11565,29.454,-0.60823,-0.55597997,-0.356,0.1685,Misc,Real Estate,Real Estate - Development,2026-05-29,Real Estate - Development,0,0,0,4.97,50.02,50.02,2.98,27.495,29.55,WEAK GROWTH,18,10
BOHRAIND,184319024.0,MICRO CAP,17.899999618530273,26.656543,0.5061358,0.11565,1.562,-3.64360608,0.0,0.119,0.1685,Chemicals,Basic Materials,Agricultural Inputs,2026-05-29,Agrochemicals,0,1,0,49.94,50.02,50.02,0.53,49.980000000000004,45.04,SLOW GROWTH,18,10
NAGAFERT,2254705152.0,MICRO CAP,3.77,26.656543,-0.2524948,0.11565,29.454,-0.58204,-0.02089,0.119,0.1685,Chemicals,Basic Materials,Agricultural Inputs,2026-05-29,Agrochemicals,0,1,0,49.94,50.02,50.02,3.06,49.980000000000004,45.3,SLOW GROWTH,18,10
MMP,7026108416.0,MICRO CAP,276.5899963378906,29.487206,2.1903434,0.09257,53.253,0.07509,0.03763,0.119,0.656,Misc,Basic Materials,Aluminum,2026-05-29,Aluminum,0,1,0,49.94,84.02,21.31,36.27,66.97999999999999,54.78,SLOW GROWTH,18,10
BLUECHIP,126646936.0,MICRO CAP,2.2899999618530273,26.656543,-18.32,0.11565,29.454,-3.64360608,0.0,0.119,0.1685,Misc,Financial Services,Capital Markets,2026-05-29,Capital Markets,0,1,0,49.94,50.02,50.02,0.53,49.980000000000004,45.04,SLOW GROWTH,18,10
MARINE,36822564864.0,SMALL CAP,277.55999755859375,72.28125,8.873402,0.11565,12.715,0.07772,0.06266,0.085,1.237,Misc,Industrials,Electrical Equipment & Parts,2026-05-29,Electrical Equipment & Parts,0,0,0,36.43,89.89,50.02,37.45,63.16,57.96,MODERATE GROWTH,20,10
COMPUSOFT,1077684992.0,MICRO CAP,13.619999885559082,40.058823,0.73737204,0.11565,32.821,-0.036930002,0.07374,0.104,0.1685,Misc,Consumer Defensive,Education & Training Services,2026-05-29,Education & Training Services,0,1,0,39.66,50.02,50.02,9.44,44.84,42.34,SLOW GROWTH,15,10
SALASAR,12427927552.0,SMALL CAP,7.110000133514404,71.1,1.5114796,0.11565,42.992,0.06046,0.01071,-0.118,-0.429,Misc,Basic Materials,Steel,2026-05-29,Steel,0,0,0,12.5,9.28,50.02,30.9,10.89,20.72,WEAK GROWTH,20,10
DENTALKART,9018726400.0,MICRO CAP,563.1,59.52431,5.6423974,0.11565,29.454,0.096020006,0.06315,0.119,0.1685,Misc,Unknown,Unknown,2026-05-29,Diversified,0,1,0,49.94,50.02,50.02,50.02,49.980000000000004,49.99,SLOW GROWTH,20,10
AKSHAR,370110176.0,MICRO CAP,0.4699999988079071,26.656543,0.45279384,-0.08741,6.226,0.01988,-0.06102,0.125,0.1685,Misc,Consumer Cyclical,Textile Manufacturing,2026-05-29,Textile Manufacturing,0,1,0,59.01,50.02,2.43,16.96,54.515,40.34,SLOW GROWTH,13,10
KRISHIVAL,10198781952.0,SMALL CAP,397.95001220703125,43.491806,5.96153,0.12996,18.086,0.07139,0.07338,-0.184,-0.021,Misc,Consumer Defensive,Packaged Foods,2026-05-29,Packaged Foods,0,0,0,9.42,21.99,76.69,34.74,15.704999999999998,29.81,WEAK GROWTH,20,10
SVPGLOB,503470016.0,MICRO CAP,3.9800000190734863,26.656543,-0.041163757,0.11565,29.454,-3.64360608,0.0,0.119,0.1685,Misc,Consumer Cyclical,Textile Manufacturing,2026-05-29,Textile Manufacturing,0,1,0,49.94,50.02,50.02,0.53,49.980000000000004,45.04,SLOW GROWTH,18,10
AKSHARCHEM,1584930432.0,MICRO CAP,197.3000030517578,26.656543,0.605908,-0.0016699999,41.473,0.01012,-0.00118,0.166,2.48,Chemicals,Basic Materials,Specialty Chemicals,2026-05-29,Specialty Chemicals,0,1,0,65.43,94.63,4.9,14.81,80.03,58.48,MODERATE GROWTH,13,10
NIBE,21582669824.0,SMALL CAP,1444.5,26.656543,8.902049,0.11565,29.454,-0.30374,-0.04873,-0.603,0.1685,Misc,Industrials,Conglomerates,2026-05-29,Conglomerates,0,0,0,2.31,50.02,50.02,4.9,26.165000000000003,28.81,WEAK GROWTH,18,10
PASHUPATI,15034260480.0,SMALL CAP,95.25,102.41936,9.387011,0.11565,56.803,0.01781,0.022739999,-0.035,1.754,Misc,Consumer Cyclical,Textile Manufacturing,2026-05-29,Textile Manufacturing,0,0,0,18.68,92.99,50.02,16.33,55.834999999999994,50.72,SLOW GROWTH,20,10
SEYAIND,451807712.0,MICRO CAP,15.140000343322754,26.656543,0.048905283,0.11565,94.318,-1.29727,0.0,0.119,0.1685,Chemicals,Basic Materials,Specialty Chemicals,2026-05-29,Specialty Chemicals,0,1,0,49.94,50.02,50.02,1.84,49.980000000000004,45.17,SLOW GROWTH,18,10
SERVICE,622068864.0,MICRO CAP,54.1,37.31034,1.4588895,0.11565,29.454,0.096020006,0.06315,0.119,0.1685,Misc,Unknown,Unknown,2026-05-29,Diversified,0,1,0,49.94,50.02,50.02,50.02,49.980000000000004,49.99,SLOW GROWTH,20,10
GOCOLORS,17338265600.0,SMALL CAP,329.6499938964844,25.068441,2.5642123,0.08529,77.141,0.07556,0.07062,-0.042,-0.598,Misc,Consumer Cyclical,Apparel Retail,2026-05-29,Apparel Retail,0,0,0,18.02,5.72,19.9,36.47,11.87,15.94,WEAK GROWTH,18,10
DAVANGERE,5848662528.0,MICRO CAP,4.090000152587891,81.8,0.118815914,0.11565,46.8,0.12372,0.040120002,0.13,0.1685,Misc,Consumer Defensive,Confectioners,2026-05-29,Confectioners,0,1,0,59.6,50.02,50.02,64.63,54.81,54.83,SLOW GROWTH,20,10
SAAKSHI,4794486784.0,MICRO CAP,271.55,102.08646,4.5744753,0.11565,29.454,0.096020006,0.06315,0.119,0.1685,Misc,Unknown,Unknown,2026-05-29,Diversified,0,1,0,49.94,50.02,50.02,50.02,49.980000000000004,49.99,SLOW GROWTH,20,10
ICIL,61911785472.0,SMALL CAP,312.6000061035156,51.92691,2.6828012,0.11565,53.871,0.04855,0.02911,-0.077,-0.677,Misc,Consumer Cyclical,Textile Manufacturing,2026-05-29,Textile Manufacturing,0,0,0,15.28,4.7,50.02,26.52,9.99,19.65,WEAK GROWTH,20,10
DUCOL,2015562496.0,MICRO CAP,123.7,46.156715,1.9962882,0.11565,29.454,0.096020006,0.06315,0.119,0.1685,Misc,Unknown,Unknown,2026-05-29,Diversified,0,1,0,49.94,50.02,50.02,50.02,49.980000000000004,49.99,SLOW GROWTH,20,10
ASPIRE,1646813056.0,MICRO CAP,108.5,42.885376,3.2665963,0.11565,29.454,0.096020006,0.06315,0.119,0.1685,Misc,Unknown,Unknown,2026-05-29,Diversified,0,1,0,49.94,50.02,50.02,50.02,49.980000000000004,49.99,SLOW GROWTH,20,10
HARDWYN,12499026944.0,SMALL CAP,25.59000015258789,106.625,3.084991,0.11565,1.527,0.052010003,0.06179,0.058,-0.5,Misc,Industrials,Building Products & Equipment,2026-05-29,Building Products & Equipment,0,0,0,31.37,7.72,50.02,27.81,19.545,26.47,WEAK GROWTH,20,10
PRITIKA,2085473792.0,MICRO CAP,79.1,36.2844,4.1728215,0.11565,29.454,0.096020006,0.06315,0.119,0.1685,Misc,Unknown,Unknown,2026-05-29,Diversified,0,1,0,49.94,50.02,50.02,50.02,49.980000000000004,49.99,SLOW GROWTH,20,10
LYKALABS,2057528576.0,MICRO CAP,57.650001525878906,26.656543,2.2283638,0.11565,29.454,-0.0068,-0.0050199996,0.119,0.1685,Healthcare,Healthcare,Biotechnology,2026-05-29,Biotechnology,0,1,0,49.94,50.02,50.02,11.79,49.980000000000004,46.17,SLOW GROWTH,18,10
TECILCHEM,223962128.0,MICRO CAP,11.8100004196167,26.656543,2.3828507,0.11565,29.454,0.0,0.0,0.119,0.1685,Misc,Financial Services,Shell Companies,2026-05-29,Shell Companies,0,1,0,49.94,50.02,50.02,13.04,49.980000000000004,46.29,SLOW GROWTH,18,10
AMBEY,1917163136.0,MICRO CAP,76.85,44.421963,2.0965762,0.11565,29.454,0.096020006,0.06315,0.119,0.1685,Misc,Unknown,Unknown,2026-05-29,Diversified,0,1,0,49.94,50.02,50.02,50.02,49.980000000000004,49.99,SLOW GROWTH,20,10
PCCL,7700225024.0,MICRO CAP,311.75,81.60995,4.0426636,0.11565,29.454,0.096020006,0.06315,0.119,0.1685,Misc,Unknown,Unknown,2026-05-29,Diversified,0,1,0,49.94,50.02,50.02,50.02,49.980000000000004,49.99,SLOW GROWTH,20,10
BEACON,2120820736.0,MICRO CAP,117.4,37.62821,4.1126604,0.11565,29.454,0.096020006,0.06315,0.119,0.1685,Misc,Unknown,Unknown,2026-05-29,Diversified,0,1,0,49.94,50.02,50.02,50.02,49.980000000000004,49.99,SLOW GROWTH,20,10
ICDSLTD,582944832.0,MICRO CAP,44.75,24.861113,2.3828507,0.11565,29.454,0.0,0.0,0.119,0.1685,Misc,Real Estate,Real Estate Services,2026-05-29,Real Estate Services,0,1,0,49.94,50.02,50.02,13.04,49.980000000000004,46.29,SLOW GROWTH,18,10
AGRITECH,639737984.0,MICRO CAP,107.69999694824219,26.656543,2.3828507,0.11565,29.454,0.0,0.0,0.119,0.1685,Misc,Consumer Defensive,Farm Products,2026-05-29,Farm Products,0,1,0,49.94,50.02,50.02,13.04,49.980000000000004,46.29,SLOW GROWTH,18,10
JASH,26146512896.0,SMALL CAP,415.6499938964844,46.9661,5.9915237,0.11565,25.205,0.07403,0.07456,-0.112,-0.624,Misc,Industrials,Specialty Industrial Machinery,2026-05-29,Specialty Industrial Machinery,0,0,0,13.18,5.35,50.02,35.84,9.265,20.07,WEAK GROWTH,20,10
EFORCE,1717560064.0,MICRO CAP,73.4,133.45454,2.3679712,0.11565,29.454,0.096020006,0.06315,0.119,0.1685,Misc,Unknown,Unknown,2026-05-29,Diversified,0,1,0,49.94,50.02,50.02,50.02,49.980000000000004,49.99,SLOW GROWTH,20,10
CINELINE,2694369536.0,MICRO CAP,78.62999725341797,23.401785,1.7352636,0.077259995,77.936,0.09002,0.048649997,0.131,0.1685,Misc,Communication Services,Entertainment,2026-05-29,Entertainment,0,1,0,59.83,50.02,18.41,41.75,54.925,46.3,SLOW GROWTH,18,10
ENFUSE,1627958400.0,MICRO CAP,184.0,50.0,6.003067,0.11565,29.454,0.096020006,0.06315,0.119,0.1685,Misc,Unknown,Unknown,2026-05-29,Diversified,0,1,0,49.94,50.02,50.02,50.02,49.980000000000004,49.99,SLOW GROWTH,20,10
POWERICA,71229718528.0,SMALL CAP,562.8499755859375,42.640152,5.0479817,0.11565,47.768,0.06606,0.09039,0.083,2.504,Misc,Industrials,Specialty Industrial Machinery,2026-05-29,Specialty Industrial Machinery,0,0,0,36.11,94.71,50.02,32.82,65.41,59.07,MODERATE GROWTH,20,10
IBLFL,1290939904.0,MICRO CAP,52.2,54.94737,2.1552436,0.11565,29.454,0.096020006,0.06315,0.119,0.1685,Misc,Unknown,Unknown,2026-05-29,Diversified,0,1,0,49.94,50.02,50.02,50.02,49.980000000000004,49.99,SLOW GROWTH,20,10
HPIL,1544653952.0,MICRO CAP,135.2100067138672,140.84377,3.0223308,0.11565,73.098,0.0277,0.00889,0.113,0.462,Chemicals,Basic Materials,Specialty Chemicals,2026-05-29,Specialty Chemicals,0,1,0,41.13,79.95,50.02,19.04,60.540000000000006,54.29,SLOW GROWTH,20,10
TIRUPATI,7577269760.0,MICRO CAP,748.0,83.762596,8.073831,0.11565,29.454,0.096020006,0.06315,0.119,0.1685,Misc,Unknown,Unknown,2026-05-29,Diversified,0,1,0,49.94,50.02,50.02,50.02,49.980000000000004,49.99,SLOW GROWTH,20,10
VILINBIO,251100000.0,MICRO CAP,18.0,112.5,1.0692647,0.11565,29.454,0.096020006,0.06315,0.119,0.1685,Misc,Unknown,Unknown,2026-05-29,Diversified,0,1,0,49.94,50.02,50.02,50.02,49.980000000000004,49.99,SLOW GROWTH,20,10
PENTAGON,947944448.0,MICRO CAP,122.95,39.66129,2.8994906,0.11565,29.454,0.096020006,0.06315,0.119,0.1685,Misc,Unknown,Unknown,2026-05-29,Diversified,0,1,0,49.94,50.02,50.02,50.02,49.980000000000004,49.99,SLOW GROWTH,20,10
GRCL,2122773120.0,MICRO CAP,369.95,74.58669,12.677771,0.11565,29.454,0.096020006,0.06315,0.119,0.1685,Misc,Unknown,Unknown,2026-05-29,Diversified,0,1,0,49.94,50.02,50.02,50.02,49.980000000000004,49.99,SLOW GROWTH,20,10
FONEBOX,2023784960.0,MICRO CAP,197.25,50.70694,5.4977984,0.11565,29.454,0.096020006,0.06315,0.119,0.1685,Misc,Unknown,Unknown,2026-05-29,Diversified,0,1,0,49.94,50.02,50.02,50.02,49.980000000000004,49.99,SLOW GROWTH,20,10
HBSL,397425184.0,MICRO CAP,55.68000030517578,26.656543,0.4304933,-0.12841,13.836,-3.01161,0.0,0.119,0.1685,Misc,Financial Services,Capital Markets,2026-05-29,Capital Markets,0,1,0,49.94,50.02,1.88,1.18,49.980000000000004,35.48,WEAK GROWTH,8,10
STEELXIND,16126561280.0,SMALL CAP,12.930000305175781,80.8125,1.8201014,0.03663,54.377,0.15019,0.025309999,-0.013,1.5,Misc,Basic Materials,Steel,2026-05-29,Steel,0,0,0,21.25,91.77,10.93,72.19,56.51,48.96,SLOW GROWTH,17,10
TRUALT,42987773952.0,SMALL CAP,501.29998779296875,40.789257,2.527083,0.08254,104.636,0.1609,0.05554,-0.343,-0.558,Misc,Energy,Oil & Gas Refining & Marketing,2026-05-29,Oil & Gas Refining & Marketing,0,0,0,5.11,6.58,19.47,74.03,5.845000000000001,15.39,WEAK GROWTH,17,10
RELAXO,87738408960.0,SMALL CAP,352.45001220703125,52.369987,4.1380486,0.11565,10.214,0.04528,0.06342,0.002,-0.197,Misc,Consumer Cyclical,Footwear & Accessories,2026-05-29,Footwear & Accessories,0,0,0,23.05,15.26,50.02,25.11,19.155,25.92,WEAK GROWTH,20,10
SHANTHALA,449440096.0,MICRO CAP,67.1,35.31579,1.9178004,0.11565,29.454,0.096020006,0.06315,0.119,0.1685,Misc,Unknown,Unknown,2026-05-29,Diversified,0,1,0,49.94,50.02,50.02,50.02,49.980000000000004,49.99,SLOW GROWTH,20,10
MDL,1949641472.0,MICRO CAP,109.9,47.99127,3.02222,0.11565,29.454,0.096020006,0.06315,0.119,0.1685,Misc,Unknown,Unknown,2026-05-29,Diversified,0,1,0,49.94,50.02,50.02,50.02,49.980000000000004,49.99,SLOW GROWTH,20,10
ATMASTCO,7568815104.0,MICRO CAP,306.0,39.18054,5.7043786,0.11565,29.454,0.096020006,0.06315,0.119,0.1685,Misc,Unknown,Unknown,2026-05-29,Diversified,0,1,0,49.94,50.02,50.02,50.02,49.980000000000004,49.99,SLOW GROWTH,20,10
GRETEX,1940707328.0,MICRO CAP,131.0,136.45834,4.8928065,0.11565,29.454,0.096020006,0.06315,0.119,0.1685,Misc,Unknown,Unknown,2026-05-29,Diversified,0,1,0,49.94,50.02,50.02,50.02,49.980000000000004,49.99,SLOW GROWTH,20,10
ELECTCAST,48910766080.0,SMALL CAP,79.12000274658203,30.314178,0.8244673,0.027590001,26.35,0.01166,0.02728,-0.124,-0.905,Misc,Industrials,Building Products & Equipment,2026-05-29,Building Products & Equipment,0,0,0,11.99,1.21,9.79,15.12,6.6,8.09,WEAK GROWTH,18,10
ADVENTHTL,7506692608.0,MICRO CAP,139.16000366210938,11.883861,0.83002305,0.06509,78.145,0.31002,0.16302,0.068,-0.88,Misc,Consumer Cyclical,Lodging,2026-05-29,Lodging,0,0,0,33.35,1.66,15.9,89.35,17.505,24.37,WEAK GROWTH,45,10
KREBSBIO,1412434048.0,MICRO CAP,65.51000213623047,26.656543,-0.87002146,0.11565,29.454,-0.35735,-0.71352994,0.116,0.1685,Misc,Healthcare,Drug Manufacturers - Specialty & Generic,2026-05-29,Drug Manufacturers - Specialty & Generic,0,1,0,41.66,50.02,50.02,4.23,45.84,42.52,SLOW GROWTH,18,10
SHAIVAL,353007008.0,MICRO CAP,30.5,179.41176,2.130037,0.11565,29.454,0.096020006,0.06315,0.119,0.1685,Misc,Unknown,Unknown,2026-05-29,Diversified,0,1,0,49.94,50.02,50.02,50.02,49.980000000000004,49.99,SLOW GROWTH,20,10
SOMANYCERA,20647899136.0,SMALL CAP,503.45001220703125,25.452477,2.4488895,0.08397,40.692,0.07953,0.0291,0.064,0.768,Misc,Industrials,Building Products & Equipment,2026-05-29,Building Products & Equipment,0,0,0,32.59,85.82,19.74,38.15,59.205,49.21,SLOW GROWTH,18,10
STCINDIA,7341600256.0,MICRO CAP,122.36000061035156,3.373465592,-0.18442015,0.11565,29.454,0.59236,0.0,0.119,9.222,Misc,Industrials,Conglomerates,2026-05-29,Conglomerates,0,1,0,49.94,98.39,50.02,96.55,74.16499999999999,71.57,HIGH GROWTH,45,10
PULZ,2282207232.0,MICRO CAP,104.65,197.45285,6.4766674,0.11565,29.454,0.096020006,0.06315,0.119,0.1685,Misc,Unknown,Unknown,2026-05-29,Diversified,0,1,0,49.94,50.02,50.02,50.02,49.980000000000004,49.99,SLOW GROWTH,20,10
ESSENTIA,1752406656.0,MICRO CAP,1.5499999523162842,51.666668,0.7395038,0.11565,23.209,0.01011,0.00644,0.124,0.0,Consumer,Consumer Defensive,Food Distribution,2026-05-29,FMCG – Food,0,0,0,58.75,23.15,50.02,14.77,40.95,40.15,SLOW GROWTH,20,10
HPL,23032434688.0,SMALL CAP,358.20001220703125,23.690477,2.4132426,0.09507,75.317,0.122930005,0.05012,0.059,-0.169,Misc,Industrials,Electrical Equipment & Parts,2026-05-29,Electrical Equipment & Parts,0,0,0,31.59,16.63,22.05,64.32,24.11,27.72,WEAK GROWTH,18,10
VERTEXPLUS,924134528.0,MICRO CAP,168.65,105.40624,4.1943345,0.11565,29.454,0.096020006,0.06315,0.119,0.1685,Misc,Unknown,Unknown,2026-05-29,Diversified,0,1,0,49.94,50.02,50.02,50.02,49.980000000000004,49.99,SLOW GROWTH,20,10
SAIFL,4778807296.0,MICRO CAP,80.25,44.583336,4.115174,0.11565,29.454,0.096020006,0.06315,0.119,0.1685,Misc,Unknown,Unknown,2026-05-29,Diversified,0,1,0,49.94,50.02,50.02,50.02,49.980000000000004,49.99,SLOW GROWTH,20,10
ISHAN,486529408.0,MICRO CAP,2.25,225.0,1.948052,0.11565,29.454,0.096020006,0.06315,0.119,0.1685,Misc,Unknown,Unknown,2026-05-29,Diversified,0,1,0,49.94,50.02,50.02,50.02,49.980000000000004,49.99,SLOW GROWTH,20,10
NDTV,9657795584.0,MICRO CAP,85.5999984741211,26.656543,-6.227266,-0.294667488,199.396,-0.63531,-0.59705,0.165,0.1685,Media,Communication Services,Broadcasting,2026-05-29,Broadcasting,0,1,0,65.22,50.02,0.53,2.86,57.620000000000005,40.73,SLOW GROWTH,8,10
NECLIFE,2428262144.0,MICRO CAP,12.5,26.656543,0.39095488,0.11565,64.007,-0.05414,-0.21256,0.119,0.829,Misc,Healthcare,Drug Manufacturers - Specialty & Generic,2026-05-29,Drug Manufacturers - Specialty & Generic,0,1,0,49.94,86.56,50.02,9.05,68.25,58.68,MODERATE GROWTH,18,10
LIBERTSHOE,4241255936.0,MICRO CAP,248.89999389648438,36.819523,1.8583224,0.11565,72.559,0.02735,0.01607,0.13,-0.748,Misc,Consumer Cyclical,Footwear & Accessories,2026-05-29,Footwear & Accessories,0,0,0,59.6,3.29,50.02,18.84,31.445,33.9,WEAK GROWTH,20,10
CPS,630611456.0,MICRO CAP,285.2,356.5,4.2324586,0.11565,29.454,0.096020006,0.06315,0.119,0.1685,Misc,Unknown,Unknown,2026-05-29,Diversified,0,1,0,49.94,50.02,50.02,50.02,49.980000000000004,49.99,SLOW GROWTH,20,10
SKP,3651170048.0,MICRO CAP,219.95,68.734375,7.1806335,0.11565,29.454,0.096020006,0.06315,0.119,0.1685,Misc,Unknown,Unknown,2026-05-29,Diversified,0,1,0,49.94,50.02,50.02,50.02,49.980000000000004,49.99,SLOW GROWTH,20,10
QUADPRO,270442496.0,MICRO CAP,5.35,53.5,1.2156328,0.11565,29.454,0.096020006,0.06315,0.119,0.1685,Misc,Unknown,Unknown,2026-05-29,Diversified,0,1,0,49.94,50.02,50.02,50.02,49.980000000000004,49.99,SLOW GROWTH,20,10
REFRACTORY,4428669952.0,MICRO CAP,203.15,73.07554,8.762508,0.11565,29.454,0.096020006,0.06315,0.119,0.1685,Misc,Unknown,Unknown,2026-05-29,Diversified,0,1,0,49.94,50.02,50.02,50.02,49.980000000000004,49.99,SLOW GROWTH,20,10
PROV,3756893184.0,MICRO CAP,1090.0,41.07008,2.8903112,0.11565,29.454,0.096020006,0.06315,0.119,0.1685,Misc,Unknown,Unknown,2026-05-29,Diversified,0,1,0,49.94,50.02,50.02,50.02,49.980000000000004,49.99,SLOW GROWTH,20,10
SEL,834982272.0,MICRO CAP,360.1,50.434174,6.804225,0.11565,29.454,0.096020006,0.06315,0.119,0.1685,Misc,Unknown,Unknown,2026-05-29,Diversified,0,1,0,49.94,50.02,50.02,50.02,49.980000000000004,49.99,SLOW GROWTH,20,10
ALKALI,899726208.0,MICRO CAP,88.36000061035156,101.56322,2.0150054,0.01248,39.948,0.19667,0.0059399996,0.167,-0.079,Chemicals,Basic Materials,Specialty Chemicals,2026-05-29,Specialty Chemicals,0,0,0,65.65,19.66,7.52,80.02,42.655,39.36,WEAK GROWTH,17,10
S&SPOWER,4823694848.0,MICRO CAP,390.8500061035156,60.038403,5.4109616,0.12779,44.204,0.06595,0.0379,0.158,0.1685,Misc,Industrials,Electrical Equipment & Parts,2026-05-29,Electrical Equipment & Parts,0,1,0,64.06,50.02,76.11,32.73,57.040000000000006,58.42,MODERATE GROWTH,20,10
STERTOOLS,8443536896.0,MICRO CAP,232.32000732421875,29.003746,1.5955825,0.05717,27.877,-0.00972,0.03543,0.111,-0.818,Misc,Industrials,Tools & Accessories,2026-05-29,Tools & Accessories,0,0,0,40.68,2.47,14.65,11.56,21.575,19.19,WEAK GROWTH,13,10
ORIENTELEC,40277385216.0,SMALL CAP,188.75,42.131695,5.292303,0.13179,12.281,0.06091,0.02881,0.1,0.295,Misc,Consumer Cyclical,"Furnishings, Fixtures & Appliances",2026-05-29,"Furnishings, Fixtures & Appliances",0,0,0,39.21,74.6,77.05,31.18,56.905,58.36,MODERATE GROWTH,20,10
DUGLOBAL,5058795008.0,MICRO CAP,72.5,127.192986,5.268895,0.11565,29.454,0.096020006,0.06315,0.119,0.1685,Misc,Unknown,Unknown,2026-05-29,Diversified,0,1,0,49.94,50.02,50.02,50.02,49.980000000000004,49.99,SLOW GROWTH,20,10
BALAJITELE,11390550016.0,SMALL CAP,93.44000244140625,15.318033,1.8000733,-0.07782,3.047,-0.35277998,-0.22202,-0.259,0.1685,Misc,Communication Services,Entertainment,2026-05-29,Entertainment,0,0,0,7.07,50.02,2.55,4.31,28.545,20.92,WEAK GROWTH,15,10
USASEEDS,2814338816.0,MICRO CAP,279.05,45.89638,3.4496613,0.11565,29.454,0.096020006,0.06315,0.119,0.1685,Misc,Unknown,Unknown,2026-05-29,Diversified,0,1,0,49.94,50.02,50.02,50.02,49.980000000000004,49.99,SLOW GROWTH,20,10
INDIFRA,245673008.0,MICRO CAP,33.7,538.1866320000008,1.3271375,0.11565,29.454,0.096020006,0.06315,0.119,0.1685,Misc,Unknown,Unknown,2026-05-29,Diversified,0,1,0,49.94,50.02,50.02,50.02,49.980000000000004,49.99,SLOW GROWTH,20,10
SUPREMEPWR,7647287808.0,MICRO CAP,306.0,36.34204,7.135362,0.11565,29.454,0.096020006,0.06315,0.119,0.1685,Misc,Unknown,Unknown,2026-05-29,Diversified,0,1,0,49.94,50.02,50.02,50.02,49.980000000000004,49.99,SLOW GROWTH,20,10
MINDPOOL,344296864.0,MICRO CAP,81.25,145.08928,1.8313572,0.11565,29.454,0.096020006,0.06315,0.119,0.1685,Misc,Unknown,Unknown,2026-05-29,Diversified,0,1,0,49.94,50.02,50.02,50.02,49.980000000000004,49.99,SLOW GROWTH,20,10
MARINETRAN,343601984.0,MICRO CAP,27.0,69.230774,1.3281518,0.11565,29.454,0.096020006,0.06315,0.119,0.1685,Misc,Unknown,Unknown,2026-05-29,Diversified,0,1,0,49.94,50.02,50.02,50.02,49.980000000000004,49.99,SLOW GROWTH,20,10
AGNI,1011902656.0,MICRO CAP,51.8,235.45454,3.1755762,0.11565,29.454,0.096020006,0.06315,0.119,0.1685,Misc,Unknown,Unknown,2026-05-29,Diversified,0,1,0,49.94,50.02,50.02,50.02,49.980000000000004,49.99,SLOW GROWTH,20,10
WALPAR,1045388800.0,MICRO CAP,115.1,68.10651,6.084474,0.11565,29.454,0.096020006,0.06315,0.119,0.1685,Misc,Unknown,Unknown,2026-05-29,Diversified,0,1,0,49.94,50.02,50.02,50.02,49.980000000000004,49.99,SLOW GROWTH,20,10
GIRIRAJ,8616164352.0,MICRO CAP,360.2,39.977802,6.264566,0.11565,29.454,0.096020006,0.06315,0.119,0.1685,Misc,Unknown,Unknown,2026-05-29,Diversified,0,1,0,49.94,50.02,50.02,50.02,49.980000000000004,49.99,SLOW GROWTH,20,10
SURANI,5081875456.0,MICRO CAP,326.85,447.73972,4.097508,0.11565,29.454,0.096020006,0.06315,0.119,0.1685,Misc,Unknown,Unknown,2026-05-29,Diversified,0,1,0,49.94,50.02,50.02,50.02,49.980000000000004,49.99,SLOW GROWTH,20,10
KORE,7865014784.0,MICRO CAP,706.65,99.95049,11.796966,0.11565,29.454,0.096020006,0.06315,0.119,0.1685,Misc,Unknown,Unknown,2026-05-29,Diversified,0,1,0,49.94,50.02,50.02,50.02,49.980000000000004,49.99,SLOW GROWTH,20,10
SPCL,7894292992.0,MICRO CAP,327.35,67.77433,6.6882563,0.11565,29.454,0.096020006,0.06315,0.119,0.1685,Misc,Unknown,Unknown,2026-05-29,Diversified,0,1,0,49.94,50.02,50.02,50.02,49.980000000000004,49.99,SLOW GROWTH,20,10
ZENITHDRUG,1345323264.0,MICRO CAP,78.45,35.497734,1.8785468,0.11565,29.454,0.096020006,0.06315,0.119,0.1685,Misc,Unknown,Unknown,2026-05-29,Diversified,0,1,0,49.94,50.02,50.02,50.02,49.980000000000004,49.99,SLOW GROWTH,20,10
MCON,1365776000.0,MICRO CAP,186.35,54.9705,3.9744492,0.11565,29.454,0.096020006,0.06315,0.119,0.1685,Misc,Unknown,Unknown,2026-05-29,Diversified,0,1,0,49.94,50.02,50.02,50.02,49.980000000000004,49.99,SLOW GROWTH,20,10
AILIMITED,566027584.0,MICRO CAP,94.0,70.67669,5.346377,0.11565,29.454,0.096020006,0.06315,0.119,0.1685,Misc,Unknown,Unknown,2026-05-29,Diversified,0,1,0,49.94,50.02,50.02,50.02,49.980000000000004,49.99,SLOW GROWTH,20,10
INM,3882447104.0,MICRO CAP,277.5,35.531372,5.5242567,0.11565,29.454,0.096020006,0.06315,0.119,0.1685,Misc,Unknown,Unknown,2026-05-29,Diversified,0,1,0,49.94,50.02,50.02,50.02,49.980000000000004,49.99,SLOW GROWTH,20,10
JISLDVREQS,17684932608.0,SMALL CAP,24.110000610351562,26.656543,0.29115546,-0.0068,71.789,0.09127,-0.0038400001,0.043,0.1685,Misc,Industrials,Conglomerates,2026-05-29,Conglomerates,0,0,0,28.71,50.02,4.48,42.09,39.365,32.66,WEAK GROWTH,13,10
HEIDELBERG,35966390272.0,SMALL CAP,158.6999969482422,26.852793,2.7461972,0.096829996,1.037,0.09375,0.05751,0.055,-0.103,Misc,Basic Materials,Building Materials,2026-05-29,Building Materials,0,0,0,30.85,18.72,22.44,43.18,24.785,26.16,WEAK GROWTH,18,10
IRMENERGY,11006045184.0,SMALL CAP,268.04998779296875,20.682869,1.1334038,0.054619998,7.333,0.06392,0.049889997,0.044,1.906,Misc,Utilities,Utilities - Regulated Gas,2026-05-29,Utilities - Regulated Gas,0,0,0,28.91,93.54,14.1,31.92,61.225,48.87,SLOW GROWTH,18,10
AKUMS,81235951616.0,SMALL CAP,530.5999755859375,31.867867,2.450265,0.08019,4.726,0.09639,0.05854,0.094,-0.426,Misc,Healthcare,Drug Manufacturers - Specialty & Generic,2026-05-29,Drug Manufacturers - Specialty & Generic,0,0,0,38.19,9.32,19.0,56.29,23.755,26.06,WEAK GROWTH,18,10
SPECTSTM,2535621888.0,MICRO CAP,109.8,44.816326,1.5529312,0.11565,29.454,0.096020006,0.06315,0.119,0.1685,Misc,Unknown,Unknown,2026-05-29,Diversified,0,1,0,49.94,50.02,50.02,50.02,49.980000000000004,49.99,SLOW GROWTH,20,10
NEPHROCARE,3871006720.0,MICRO CAP,234.8,116.815926,6.977297,0.11565,29.454,0.096020006,0.06315,0.119,0.1685,Misc,Unknown,Unknown,2026-05-29,Diversified,0,1,0,49.94,50.02,50.02,50.02,49.980000000000004,49.99,SLOW GROWTH,20,10
BAJEL,23788447744.0,SMALL CAP,205.61000061035156,214.1771,2.0571697,0.11565,15.984,0.03903,0.00424,-0.096,0.1685,Misc,Utilities,Utilities - Regulated Electric,2026-05-29,Utilities - Regulated Electric,0,0,0,14.14,50.02,50.02,22.99,32.08,34.76,WEAK GROWTH,20,10
KIRLOSIND,33453471744.0,SMALL CAP,3179.0,21.065535,0.4854355,0.04326,13.481,0.10556,0.0229,0.029,-0.062,Misc,Industrials,Metal Fabrication,2026-05-29,Metal Fabrication,0,0,0,26.69,20.25,12.06,59.22,23.47,24.76,WEAK GROWTH,18,10
KRISHCA,4841628160.0,MICRO CAP,341.2,42.07152,4.433875,0.11565,29.454,0.096020006,0.06315,0.119,0.1685,Misc,Unknown,Unknown,2026-05-29,Diversified,0,1,0,49.94,50.02,50.02,50.02,49.980000000000004,49.99,SLOW GROWTH,20,10
AVSL,1081417728.0,MICRO CAP,202.85,42.79536,2.779605,0.11565,29.454,0.096020006,0.06315,0.119,0.1685,Misc,Unknown,Unknown,2026-05-29,Diversified,0,1,0,49.94,50.02,50.02,50.02,49.980000000000004,49.99,SLOW GROWTH,20,10
PRECISION,1095147520.0,MICRO CAP,47.7,136.28572,1.3408669,0.11565,29.454,0.096020006,0.06315,0.119,0.1685,Misc,Unknown,Unknown,2026-05-29,Diversified,0,1,0,49.94,50.02,50.02,50.02,49.980000000000004,49.99,SLOW GROWTH,20,10
GREENPANEL,23942998016.0,SMALL CAP,195.25,26.656543,1.7984617,-0.02125,27.299,0.01337,-0.018919999,0.065,-0.9306128,Misc,Basic Materials,Lumber & Wood Production,2026-05-29,Lumber & Wood Production,0,0,0,32.8,0.53,3.68,15.32,16.665,13.93,WEAK GROWTH,13,10
YATRA,16060371968.0,SMALL CAP,102.3499984741211,34.34564,1.9735066,0.05801,12.403,-0.00158,0.04651,-0.148,-0.464,Misc,Consumer Cyclical,Travel Services,2026-05-29,Travel Services,0,0,0,10.67,8.73,14.77,12.73,9.7,11.02,WEAK GROWTH,13,10
KONSTELEC,2696104960.0,MICRO CAP,178.55,104.41521,2.6903837,0.11565,29.454,0.096020006,0.06315,0.119,0.1685,Misc,Unknown,Unknown,2026-05-29,Diversified,0,1,0,49.94,50.02,50.02,50.02,49.980000000000004,49.99,SLOW GROWTH,20,10
ALOKINDS,65094299648.0,SMALL CAP,13.109999656677246,26.656543,-0.3006467,0.11565,29.454,-0.058730002,-0.20031,0.031,0.1685,Misc,Consumer Cyclical,Textile Manufacturing,2026-05-29,Textile Manufacturing,0,0,0,26.97,50.02,50.02,8.85,38.495000000000005,37.84,WEAK GROWTH,18,10
PARIN,2573261056.0,MICRO CAP,231.45,41.330357,3.41548,0.11565,29.454,0.096020006,0.06315,0.119,0.1685,Misc,Unknown,Unknown,2026-05-29,Diversified,0,1,0,49.94,50.02,50.02,50.02,49.980000000000004,49.99,SLOW GROWTH,20,10
SONAMAC,2660064000.0,MICRO CAP,193.6,68.8968,3.7728498,0.11565,29.454,0.096020006,0.06315,0.119,0.1685,Misc,Unknown,Unknown,2026-05-29,Diversified,0,1,0,49.94,50.02,50.02,50.02,49.980000000000004,49.99,SLOW GROWTH,20,10
PARAGON,2660976128.0,MICRO CAP,136.0,45.03311,2.9032533,0.11565,29.454,0.096020006,0.06315,0.119,0.1685,Misc,Unknown,Unknown,2026-05-29,Diversified,0,1,0,49.94,50.02,50.02,50.02,49.980000000000004,49.99,SLOW GROWTH,20,10
RADIOWALLA,867637952.0,MICRO CAP,123.1,125.61224,4.8348455,0.11565,29.454,0.096020006,0.06315,0.119,0.1685,Misc,Unknown,Unknown,2026-05-29,Diversified,0,1,0,49.94,50.02,50.02,50.02,49.980000000000004,49.99,SLOW GROWTH,20,10
CENTRUM,10700142592.0,SMALL CAP,22.549999237060547,26.656543,3.3879204,-0.19118,614.0908400000002,-1.19071,-0.19812,-0.259,0.1685,Financials,Financial Services,Financial Conglomerates,2026-05-29,NBFC – Investment,0,0,0,7.07,50.02,1.37,1.92,28.545,20.45,WEAK GROWTH,8,10
BECTORFOOD,54509248512.0,SMALL CAP,177.55999755859375,38.684093,4.301148,0.11563,15.011,0.10034,0.0679,0.084,0.027,Misc,Consumer Defensive,Packaged Foods,2026-05-29,Packaged Foods,0,0,0,36.27,24.72,27.54,57.74,30.495,32.63,WEAK GROWTH,20,10
SINDHUTRAD,41431629824.0,SMALL CAP,26.8700008392334,26.656543,3.7759979,-0.00677,20.434,-0.0040599997,-0.15796,-0.767,0.1685,Misc,Industrials,Conglomerates,2026-05-29,Conglomerates,0,0,0,1.21,50.02,4.54,12.06,25.615000000000002,20.04,WEAK GROWTH,8,10
SABAR,512196032.0,MICRO CAP,26.65,95.178566,1.2906818,0.11565,29.454,0.096020006,0.06315,0.119,0.1685,Misc,Unknown,Unknown,2026-05-29,Diversified,0,1,0,49.94,50.02,50.02,50.02,49.980000000000004,49.99,SLOW GROWTH,20,10
DREDGECORP,33686798336.0,SMALL CAP,1203.0999755859375,229.59924,2.454665,0.0038800002,88.388,0.22895999,0.00393,0.034,5.438,Industrials,Industrials,Engineering & Construction,2026-05-29,Engineering & EPC,0,0,0,27.3,97.41,5.54,83.67,62.355,53.12,SLOW GROWTH,17,10
JETKNIT,529965792.0,MICRO CAP,120.25,69.50867,2.277419,0.11565,29.454,0.096020006,0.06315,0.119,0.1685,Misc,Unknown,Unknown,2026-05-29,Diversified,0,1,0,49.94,50.02,50.02,50.02,49.980000000000004,49.99,SLOW GROWTH,20,10
MAKS,436198304.0,MICRO CAP,62.9,89.85715,2.682646,0.11565,29.454,0.096020006,0.06315,0.119,0.1685,Misc,Unknown,Unknown,2026-05-29,Diversified,0,1,0,49.94,50.02,50.02,50.02,49.980000000000004,49.99,SLOW GROWTH,20,10
RULKA,2212238848.0,MICRO CAP,519.5,95.321106,6.2081738,0.11565,29.454,0.096020006,0.06315,0.119,0.1685,Misc,Unknown,Unknown,2026-05-29,Diversified,0,1,0,49.94,50.02,50.02,50.02,49.980000000000004,49.99,SLOW GROWTH,20,10
LRRPL,242275280.0,MICRO CAP,33.0,66.0,1.3483146,0.11565,29.454,0.096020006,0.06315,0.119,0.1685,Misc,Unknown,Unknown,2026-05-29,Diversified,0,1,0,49.94,50.02,50.02,50.02,49.980000000000004,49.99,SLOW GROWTH,20,10
DRSDILIP,1762301184.0,MICRO CAP,117.0,58.5,3.5007927,0.11565,29.454,0.096020006,0.06315,0.119,0.1685,Misc,Unknown,Unknown,2026-05-29,Diversified,0,1,0,49.94,50.02,50.02,50.02,49.980000000000004,49.99,SLOW GROWTH,20,10
FALCONTECH,438699936.0,MICRO CAP,70.75,42.1131,1.6529602,0.11565,29.454,0.096020006,0.06315,0.119,0.1685,Misc,Unknown,Unknown,2026-05-29,Diversified,0,1,0,49.94,50.02,50.02,50.02,49.980000000000004,49.99,SLOW GROWTH,20,10
JFLLIFE,1764621184.0,MICRO CAP,51.05,42.541664,3.98237,0.11565,29.454,0.096020006,0.06315,0.119,0.1685,Misc,Unknown,Unknown,2026-05-29,Diversified,0,1,0,49.94,50.02,50.02,50.02,49.980000000000004,49.99,SLOW GROWTH,20,10
BLUSPRING,11484538880.0,SMALL CAP,76.8499984741211,26.656543,1.6931788,-0.030439999,18.377,0.016549999,-0.00454,0.079,0.1685,Misc,Industrials,Specialty Business Services,2026-05-29,Specialty Business Services,0,0,0,35.31,50.02,3.25,16.06,42.665000000000006,32.12,WEAK GROWTH,13,10
RITEZONE,164980576.0,MICRO CAP,39.0,36.448597,1.0621783,0.11565,29.454,0.096020006,0.06315,0.119,0.1685,Misc,Unknown,Unknown,2026-05-29,Diversified,0,1,0,49.94,50.02,50.02,50.02,49.980000000000004,49.99,SLOW GROWTH,20,10
IMAGICAA,25192151040.0,SMALL CAP,44.52000045776367,538.1866320000008,1.4090391,0.00051,27.313,0.0672,0.0017,-0.027,-0.9306128,Misc,Communication Services,Entertainment,2026-05-29,Entertainment,0,0,0,19.74,0.53,5.13,33.22,10.135,11.44,WEAK GROWTH,10,10
ACI,66198392832.0,SMALL CAP,536.2000122070312,61.988445,3.2917113,0.05552,24.128,0.06943,0.098850004,-0.129,-0.741,Misc,Basic Materials,Chemicals,2026-05-29,Chemicals,0,0,0,11.75,3.53,14.45,34.04,7.64,11.64,WEAK GROWTH,10,10
SPAL,19237531648.0,SMALL CAP,765.25,19.09783,2.1373968,0.11281,44.596,0.08851,0.06394,-0.086,-0.391,Misc,Consumer Cyclical,Apparel Manufacturing,2026-05-29,Apparel Manufacturing,0,0,0,14.88,10.11,26.97,41.25,12.495000000000001,18.27,WEAK GROWTH,35,10
SMVD,134403424.0,MICRO CAP,13.4,3.373465592,1.0840547,0.11565,29.454,0.096020006,0.06315,0.119,0.1685,Misc,Unknown,Unknown,2026-05-29,Diversified,0,1,0,49.94,50.02,50.02,50.02,49.980000000000004,49.99,SLOW GROWTH,35,10
KSL,36889018368.0,SMALL CAP,845.0499877929688,14.313177,1.9502923,0.11565,29.454,0.13818,0.08605,-0.102,-0.102,Misc,Basic Materials,Steel,2026-05-29,Steel,0,0,0,13.83,18.78,50.02,68.8,16.305,28.3,WEAK GROWTH,35,10
JKLAKSHMI,74374922240.0,SMALL CAP,599.0999755859375,18.034315,2.0085895,0.11098,66.59,0.10644,0.06093,0.002,-0.27,Misc,Basic Materials,Building Materials,2026-05-29,Building Materials,0,0,0,23.05,13.08,26.4,59.5,18.065,23.88,WEAK GROWTH,35,10
SUMEETINDS,14879227904.0,SMALL CAP,28.270000457763672,3.373465592,0.37308803,0.11565,48.264,0.040710002,0.092,0.06,-0.904,Misc,Consumer Cyclical,Textile Manufacturing,2026-05-29,Textile Manufacturing,0,0,0,31.83,1.25,50.02,23.5,16.54,23.93,WEAK GROWTH,35,10
INDORAMA,10726529024.0,SMALL CAP,41.08000183105469,7.8247623,2.4082541,0.11565,245.505,0.03688,0.02795,0.014,-0.358,Misc,Consumer Cyclical,Textile Manufacturing,2026-05-29,Textile Manufacturing,0,0,0,24.42,10.93,50.02,22.33,17.675,24.61,WEAK GROWTH,35,10
RUPA,12539387904.0,SMALL CAP,157.63999938964844,18.766668,1.2387531,0.11565,24.808,0.070089996,0.054229997,-0.009,-0.318,Misc,Consumer Cyclical,Apparel Manufacturing,2026-05-29,Apparel Manufacturing,0,0,0,21.76,11.99,50.02,34.23,16.875,25.24,WEAK GROWTH,35,10
KCP,21825062912.0,SMALL CAP,169.2899932861328,14.581395,1.331849,0.11565,39.481,0.020350002,0.0592,0.023,-0.032,Misc,Basic Materials,Building Materials,2026-05-29,Building Materials,0,0,0,25.81,21.48,50.02,17.23,23.645,28.28,WEAK GROWTH,35,10
VINSYS,5940157440.0,MICRO CAP,404.7,19.78006,4.2379627,0.11565,29.454,0.096020006,0.06315,0.119,0.1685,Misc,Unknown,Unknown,2026-05-29,Diversified,0,1,0,49.94,50.02,50.02,50.02,49.980000000000004,49.99,SLOW GROWTH,35,10
PHANTOMFX,5570866688.0,MICRO CAP,410.25,19.79016,1.6974013,0.11565,29.454,0.096020006,0.06315,0.119,0.1685,Misc,Unknown,Unknown,2026-05-29,Diversified,0,1,0,49.94,50.02,50.02,50.02,49.980000000000004,49.99,SLOW GROWTH,35,10
SOTAC,1702252544.0,MICRO CAP,154.05,19.903101,3.0619547,0.11565,29.454,0.096020006,0.06315,0.119,0.1685,Misc,Unknown,Unknown,2026-05-29,Diversified,0,1,0,49.94,50.02,50.02,50.02,49.980000000000004,49.99,SLOW GROWTH,35,10
MEGATHERM,6956939776.0,MICRO CAP,369.25,28.915426,4.5270643,0.11565,29.454,0.096020006,0.06315,0.119,0.1685,Misc,Unknown,Unknown,2026-05-29,Diversified,0,1,0,49.94,50.02,50.02,50.02,49.980000000000004,49.99,SLOW GROWTH,28,10
DKEGL,585624000.0,MICRO CAP,78.0,11.095305,1.9631037,0.11565,29.454,0.096020006,0.06315,0.119,0.1685,Misc,Unknown,Unknown,2026-05-29,Diversified,0,1,0,49.94,50.02,50.02,50.02,49.980000000000004,49.99,SLOW GROWTH,35,10
AVPINFRA,3575772416.0,MICRO CAP,143.15,8.212851,2.0057726,0.11565,29.454,0.096020006,0.06315,0.119,0.1685,Misc,Unknown,Unknown,2026-05-29,Diversified,0,1,0,49.94,50.02,50.02,50.02,49.980000000000004,49.99,SLOW GROWTH,35,10
CGRAPHICS,4330193920.0,MICRO CAP,178.3,17.42913,3.6389241,0.11565,29.454,0.096020006,0.06315,0.119,0.1685,Misc,Unknown,Unknown,2026-05-29,Diversified,0,1,0,49.94,50.02,50.02,50.02,49.980000000000004,49.99,SLOW GROWTH,35,10
GSMFOILS,576213120.0,MICRO CAP,44.15,3.569119,0.83478296,0.11565,29.454,0.096020006,0.06315,0.119,0.1685,Misc,Unknown,Unknown,2026-05-29,Diversified,0,1,0,49.94,50.02,50.02,50.02,49.980000000000004,49.99,SLOW GROWTH,35,10
VISAMAN,541430400.0,MICRO CAP,39.2,15.135136,0.8181154,0.11565,29.454,0.096020006,0.06315,0.119,0.1685,Misc,Unknown,Unknown,2026-05-29,Diversified,0,1,0,49.94,50.02,50.02,50.02,49.980000000000004,49.99,SLOW GROWTH,35,10
VELS,748664000.0,MICRO CAP,58.0,3.373465592,1.334407,0.11565,29.454,0.096020006,0.06315,0.119,0.1685,Misc,Unknown,Unknown,2026-05-29,Diversified,0,1,0,49.94,50.02,50.02,50.02,49.980000000000004,49.99,SLOW GROWTH,35,10
TRANSTEEL,1496629376.0,MICRO CAP,68.95,10.979299,1.2277421,0.11565,29.454,0.096020006,0.06315,0.119,0.1685,Misc,Unknown,Unknown,2026-05-29,Diversified,0,1,0,49.94,50.02,50.02,50.02,49.980000000000004,49.99,SLOW GROWTH,35,10
HCC,61924220928.0,SMALL CAP,23.639999389648438,31.519999,2.4261081,0.10915,47.912,0.16687,0.0417,-0.278,-0.46,Industrials,Industrials,Engineering & Construction,2026-05-29,Engineering & EPC,0,0,0,6.42,8.79,25.85,75.28,7.6049999999999995,18.02,WEAK GROWTH,35,10
PATINTLOG,981159040.0,MICRO CAP,14.100000381469727,10.217392,0.8215347,0.11565,5.065,0.03853,0.018660001,0.125,0.561,Misc,Industrials,Integrated Freight & Logistics,2026-05-29,Integrated Freight & Logistics,0,1,0,59.01,82.16,50.02,22.84,70.585,61.7,MODERATE GROWTH,35,10
MPTODAY,171985200.0,MICRO CAP,37.65,5.393983,0.37393853,0.11565,29.454,0.096020006,0.06315,0.119,0.1685,Misc,Unknown,Unknown,2026-05-29,Diversified,0,1,0,49.94,50.02,50.02,50.02,49.980000000000004,49.99,SLOW GROWTH,35,10
VISAKAIND,6349885440.0,MICRO CAP,73.48999786376953,7.4382586,0.8088623,0.10865,36.591,0.07123,0.05088,0.127,1.742,Misc,Industrials,Building Products & Equipment,2026-05-29,Building Products & Equipment,0,1,0,59.34,92.91,25.77,34.67,76.125,61.91,MODERATE GROWTH,35,10
VISHWAS,867500032.0,MICRO CAP,86.75,14.037217,1.6781445,0.11565,29.454,0.096020006,0.06315,0.119,0.1685,Misc,Unknown,Unknown,2026-05-29,Diversified,0,1,0,49.94,50.02,50.02,50.02,49.980000000000004,49.99,SLOW GROWTH,35,10
MANAV,267147984.0,MICRO CAP,20.3,4.356223,3.1758447,0.11565,29.454,0.096020006,0.06315,0.119,0.1685,Misc,Unknown,Unknown,2026-05-29,Diversified,0,1,0,49.94,50.02,50.02,50.02,49.980000000000004,49.99,SLOW GROWTH,35,10
ARISTO,606915392.0,MICRO CAP,89.15,14.932999,1.4635388,0.11565,29.454,0.096020006,0.06315,0.119,0.1685,Misc,Unknown,Unknown,2026-05-29,Diversified,0,1,0,49.94,50.02,50.02,50.02,49.980000000000004,49.99,SLOW GROWTH,35,10
MVKAGRO,885253504.0,MICRO CAP,57.15,9.477612,0.7104586,0.11565,29.454,0.096020006,0.06315,0.119,0.1685,Misc,Unknown,Unknown,2026-05-29,Diversified,0,1,0,49.94,50.02,50.02,50.02,49.980000000000004,49.99,SLOW GROWTH,35,10
ARIHANTACA,878306752.0,MICRO CAP,145.05,13.270814,3.026036,0.11565,29.454,0.096020006,0.06315,0.119,0.1685,Misc,Unknown,Unknown,2026-05-29,Diversified,0,1,0,49.94,50.02,50.02,50.02,49.980000000000004,49.99,SLOW GROWTH,35,10
ARCHIDPLY,1599837440.0,MICRO CAP,79.9800033569336,19.895523,1.487336,0.11565,178.165,0.04693,0.0072399997,0.114,0.1685,Misc,Basic Materials,Lumber & Wood Production,2026-05-29,Lumber & Wood Production,0,1,0,41.32,50.02,50.02,26.01,45.67,44.57,SLOW GROWTH,35,10
ROXHITECH,2941321984.0,MICRO CAP,128.8,16.491678,2.9248798,0.11565,29.454,0.096020006,0.06315,0.119,0.1685,Misc,Unknown,Unknown,2026-05-29,Diversified,0,1,0,49.94,50.02,50.02,50.02,49.980000000000004,49.99,SLOW GROWTH,35,10
AKIKO,826566784.0,MICRO CAP,76.75,10.152117,1.3762866,0.11565,29.454,0.096020006,0.06315,0.119,0.1685,Misc,Unknown,Unknown,2026-05-29,Diversified,0,1,0,49.94,50.02,50.02,50.02,49.980000000000004,49.99,SLOW GROWTH,35,10
PRLIND,2988134912.0,MICRO CAP,130.7,16.256218,3.0863323,0.11565,29.454,0.096020006,0.06315,0.119,0.1685,Misc,Unknown,Unknown,2026-05-29,Diversified,0,1,0,49.94,50.02,50.02,50.02,49.980000000000004,49.99,SLOW GROWTH,35,10
ROSSELLIND,2109871744.0,MICRO CAP,55.970001220703125,11.985011,0.9447211,0.11565,29.454,0.13187,0.080579996,0.119,0.1685,Misc,Industrials,Conglomerates,2026-05-29,Conglomerates,0,1,0,49.94,50.02,50.02,66.75,49.980000000000004,51.67,SLOW GROWTH,35,10
FABTECH,7049006592.0,MICRO CAP,158.5800018310547,15.858,1.4490794,0.12939,16.589,0.13198,0.093380004,0.175,0.234,Misc,Healthcare,Health Information Services,2026-05-29,Health Information Services,0,1,0,66.61,71.19,76.42,66.78,68.9,70.19,HIGH GROWTH,35,10
BALPHARMA,1453257216.0,MICRO CAP,91.27999877929688,17.9332,1.837433,0.11565,197.725,0.07202,0.02625,0.199,2.394,Misc,Healthcare,Drug Manufacturers - Specialty & Generic,2026-05-29,Drug Manufacturers - Specialty & Generic,0,1,0,70.23,94.52,50.02,35.06,82.375,71.17,HIGH GROWTH,35,10
MANGLMCEM,23105978368.0,SMALL CAP,840.2999877929688,17.928312,2.364684,0.14099,90.914,0.06915,0.07333,-0.025,2.857,Misc,Basic Materials,Building Materials,2026-05-29,Building Materials,0,0,0,19.88,95.36,79.59,33.92,57.62,59.64,MODERATE GROWTH,35,10
UFLEX,30700713984.0,SMALL CAP,425.1499938964844,10.594318,0.39692354,0.11565,120.69,0.06702,0.01939,-0.043,-0.736,Misc,Consumer Cyclical,Packaging & Containers,2026-05-29,Packaging & Containers,0,0,0,17.86,3.6,50.02,33.02,10.73,20.82,WEAK GROWTH,35,10
SURYAROSNI,51617587200.0,SMALL CAP,237.1999969482422,18.065498,2.0577238,0.112110004,3.031,0.05617,0.0379,0.008,-0.246,Misc,Basic Materials,Steel,2026-05-29,Steel,0,0,0,23.5,13.61,26.79,29.22,18.555,21.27,WEAK GROWTH,35,10
ARIHANTSUP,11214722048.0,SMALL CAP,259.29998779296875,24.370298,5.210803,0.11565,197.85,0.22343999,0.08693,-0.164,-0.76,Misc,Real Estate,Real Estate - Development,2026-05-29,Real Estate - Development,0,0,0,10.11,3.09,50.02,83.35,6.6,22.96,WEAK GROWTH,35,10
SHREDIGCEM,10528291840.0,SMALL CAP,71.19999694824219,42.130173,2.8785121,0.06845,140.51,0.0738,0.03334,-0.037,-0.565,Misc,Basic Materials,Building Materials,2026-05-29,Building Materials,0,0,0,18.53,6.5,16.49,35.68,12.515,15.63,WEAK GROWTH,10,10
ZTECH,3910008320.0,MICRO CAP,272.85,14.497875,2.172753,0.11565,29.454,0.096020006,0.06315,0.119,0.1685,Misc,Unknown,Unknown,2026-05-29,Diversified,0,1,0,49.94,50.02,50.02,50.02,49.980000000000004,49.99,SLOW GROWTH,35,10
ARABIAN,899134656.0,MICRO CAP,82.55,9.285714,1.4033388,0.11565,29.454,0.096020006,0.06315,0.119,0.1685,Misc,Unknown,Unknown,2026-05-29,Diversified,0,1,0,49.94,50.02,50.02,50.02,49.980000000000004,49.99,SLOW GROWTH,35,10
CAPACITE,19255879680.0,SMALL CAP,227.60000610351562,10.053004,1.057218,0.10633001,25.274,0.115430005,0.07245,0.06,-0.161,Industrials,Industrials,Engineering & Construction,2026-05-29,Engineering & EPC,0,0,0,31.83,17.0,25.26,62.59,24.415,28.4,WEAK GROWTH,35,10
EMAMIPAP,5283986432.0,MICRO CAP,87.33999633789062,18.271965,1.1898695,0.11565,101.476,0.0917,0.01792,0.102,10.498,Misc,Basic Materials,Paper & Paper Products,2026-05-29,Paper & Paper Products,0,1,0,39.46,98.71,50.02,42.3,69.085,62.59,MODERATE GROWTH,35,10
MAHESHWARI,1668986112.0,MICRO CAP,56.38999938964844,8.378901,0.80270463,0.11565,145.284,0.04843,0.01878,0.159,0.418,Misc,Industrials,Integrated Freight & Logistics,2026-05-29,Integrated Freight & Logistics,0,1,0,64.32,78.57,50.02,26.48,71.445,62.66,MODERATE GROWTH,35,10
SPORTKING,22089078784.0,SMALL CAP,173.55999755859375,18.503199,1.9982729,0.11286,42.272,0.09743,0.04797,0.013,-0.084,Misc,Consumer Cyclical,Textile Manufacturing,2026-05-29,Textile Manufacturing,0,0,0,24.19,19.45,27.07,56.64,21.82,26.35,WEAK GROWTH,35,10
SESHAPAPER,14821012480.0,SMALL CAP,235.0,17.140774,0.70219684,0.11565,3.807,0.03477,0.05154,-0.103,0.123,Misc,Basic Materials,Paper & Paper Products,2026-05-29,Paper & Paper Products,0,0,0,13.73,29.93,50.02,21.62,21.83,27.45,WEAK GROWTH,35,10
JAGRAN,16280540160.0,SMALL CAP,74.80000305175781,9.907285,0.8391577,0.11565,9.556,0.10684,0.0871,-0.077,-0.135,Misc,Communication Services,Publishing,2026-05-29,Publishing,0,0,0,15.28,17.74,50.02,59.58,16.509999999999998,27.52,WEAK GROWTH,35,10
SCML,1488871936.0,MICRO CAP,123.2,17.524893,1.6630445,0.11565,29.454,0.096020006,0.06315,0.119,0.1685,Misc,Unknown,Unknown,2026-05-29,Diversified,0,1,0,49.94,50.02,50.02,50.02,49.980000000000004,49.99,SLOW GROWTH,35,10
AMIABLE,134611392.0,MICRO CAP,77.0,17.225952,1.4195904,0.11565,29.454,0.096020006,0.06315,0.119,0.1685,Misc,Unknown,Unknown,2026-05-29,Diversified,0,1,0,49.94,50.02,50.02,50.02,49.980000000000004,49.99,SLOW GROWTH,35,10
DIAMONDYD,27346468864.0,SMALL CAP,1143.699951171875,285.21194,3.9345808,0.01398,6.454,0.00884,0.00563,0.049,0.1685,Misc,Consumer Defensive,Packaged Foods,2026-05-29,Packaged Foods,0,0,0,29.75,50.02,7.87,14.45,39.885000000000005,30.94,WEAK GROWTH,10,10
CYIENTDLM,34106851328.0,SMALL CAP,429.75,46.610626,3.367023,0.07472,17.021,0.08719,0.05809,-0.138,-0.275,Misc,Technology,Electronic Components,2026-05-29,Electronic Components,0,0,0,11.22,12.93,17.86,40.81,12.075,16.11,WEAK GROWTH,10,10
RTNPOWER,53325152256.0,SMALL CAP,9.930000305175781,99.3,1.149971,0.0113699995,80.012,0.08394,0.01753,-0.159,-0.647,Misc,Utilities,Utilities - Independent Power Producers,2026-05-29,Utilities - Independent Power Producers,0,0,0,10.26,4.99,7.25,39.6,7.625,10.75,WEAK GROWTH,10,10
MAFATIND,9789628416.0,MICRO CAP,135.6300048828125,10.885233,1.2342792,0.11565,29.454,0.096020006,0.06315,0.119,0.1685,Misc,Unknown,Unknown,2026-05-29,Diversified,0,1,0,49.94,50.02,50.02,50.02,49.980000000000004,49.99,SLOW GROWTH,35,10
SPRL,461691008.0,MICRO CAP,258.0,13.930885,2.8635485,0.11565,29.454,0.096020006,0.06315,0.119,0.1685,Misc,Unknown,Unknown,2026-05-29,Diversified,0,1,0,49.94,50.02,50.02,50.02,49.980000000000004,49.99,SLOW GROWTH,35,10
TIMESCAN,441991008.0,MICRO CAP,63.25,6.882481,1.5469464,0.11565,29.454,0.096020006,0.06315,0.119,0.1685,Misc,Unknown,Unknown,2026-05-29,Diversified,0,1,0,49.94,50.02,50.02,50.02,49.980000000000004,49.99,SLOW GROWTH,35,10
DPEL,2519098368.0,MICRO CAP,106.0,19.813084,2.3447177,0.11565,29.454,0.096020006,0.06315,0.119,0.1685,Misc,Unknown,Unknown,2026-05-29,Diversified,0,1,0,49.94,50.02,50.02,50.02,49.980000000000004,49.99,SLOW GROWTH,35,10
GRAPHISAD,975965120.0,MICRO CAP,53.4,11.633986,0.9343669,0.11565,29.454,0.096020006,0.06315,0.119,0.1685,Misc,Unknown,Unknown,2026-05-29,Diversified,0,1,0,49.94,50.02,50.02,50.02,49.980000000000004,49.99,SLOW GROWTH,35,10
MARCO,953649024.0,MICRO CAP,51.0,18.345324,2.615653,0.11565,29.454,0.096020006,0.06315,0.119,0.1685,Misc,Unknown,Unknown,2026-05-29,Diversified,0,1,0,49.94,50.02,50.02,50.02,49.980000000000004,49.99,SLOW GROWTH,35,10
MASON,2696499968.0,MICRO CAP,153.45,14.24791,2.0660543,0.11565,29.454,0.096020006,0.06315,0.119,0.1685,Misc,Unknown,Unknown,2026-05-29,Diversified,0,1,0,49.94,50.02,50.02,50.02,49.980000000000004,49.99,SLOW GROWTH,35,10
ITALIANE,495773408.0,MICRO CAP,33.55,13.260869,1.0662302,0.11565,29.454,0.096020006,0.06315,0.119,0.1685,Misc,Unknown,Unknown,2026-05-29,Diversified,0,1,0,49.94,50.02,50.02,50.02,49.980000000000004,49.99,SLOW GROWTH,35,10
SUBEXLTD,6053471232.0,MICRO CAP,10.90999984741211,21.392157,1.9337114,0.11565,8.247,0.171,0.00361,0.14,0.1685,Technology,Technology,Software - Application,2026-05-29,SaaS,0,1,0,61.56,50.02,50.02,76.07,55.790000000000006,56.66,MODERATE GROWTH,35,10
JMA,2035823104.0,MICRO CAP,89.12999725341797,6.788271,0.7926048,0.11565,29.454,0.05862,0.04933,0.195,0.311,Automobiles,Consumer Cyclical,Auto Parts,2026-05-29,Auto Components,0,1,0,69.53,75.44,50.02,30.12,72.485,63.76,MODERATE GROWTH,35,10
KALAMANDIR,16429521920.0,SMALL CAP,111.5,11.663179,1.3009894,0.11781,28.658,0.11299,0.08522,0.051,1.413,Misc,Consumer Cyclical,Apparel Retail,2026-05-29,Apparel Retail,0,0,0,29.91,91.03,73.17,61.93,60.47,63.16,MODERATE GROWTH,35,10
SHREEPUSHK,11609231360.0,SMALL CAP,359.0,16.658934,2.007976,0.12202,21.571,0.07475,0.071779996,-0.006,-0.246,Chemicals,Basic Materials,Specialty Chemicals,2026-05-29,Specialty Chemicals,0,0,0,22.05,13.61,74.5,36.04,17.83,30.98,WEAK GROWTH,35,10
INSECTICID,21935403008.0,SMALL CAP,753.8499755859375,15.466762,1.8234748,0.11565,20.483,0.0467,0.0683,0.076,-0.396,Chemicals,Basic Materials,Agricultural Inputs,2026-05-29,Agrochemicals,0,0,0,34.82,9.89,50.02,25.85,22.355,28.24,WEAK GROWTH,35,10
VMARCIND,4412819456.0,MICRO CAP,180.7,4.4126983,2.3292985,0.11565,29.454,0.096020006,0.06315,0.119,0.1685,Misc,Unknown,Unknown,2026-05-29,Diversified,0,1,0,49.94,50.02,50.02,50.02,49.980000000000004,49.99,SLOW GROWTH,35,10
VERA,339281248.0,MICRO CAP,68.75,16.727493,1.3603086,0.11565,29.454,0.096020006,0.06315,0.119,0.1685,Misc,Unknown,Unknown,2026-05-29,Diversified,0,1,0,49.94,50.02,50.02,50.02,49.980000000000004,49.99,SLOW GROWTH,35,10
DELAPLEX,2451501056.0,MICRO CAP,269.1,18.80503,2.9770665,0.11565,29.454,0.096020006,0.06315,0.119,0.1685,Misc,Unknown,Unknown,2026-05-29,Diversified,0,1,0,49.94,50.02,50.02,50.02,49.980000000000004,49.99,SLOW GROWTH,35,10
PRESSTONIC,1029114304.0,MICRO CAP,113.4,18.31987,3.342471,0.11565,29.454,0.096020006,0.06315,0.119,0.1685,Misc,Unknown,Unknown,2026-05-29,Diversified,0,1,0,49.94,50.02,50.02,50.02,49.980000000000004,49.99,SLOW GROWTH,35,10
MAL,1018294528.0,MICRO CAP,41.25,7.624769,0.6578108,0.11565,29.454,0.096020006,0.06315,0.119,0.1685,Misc,Unknown,Unknown,2026-05-29,Diversified,0,1,0,49.94,50.02,50.02,50.02,49.980000000000004,49.99,SLOW GROWTH,35,10
UNIHEALTH,1863394176.0,MICRO CAP,121.0,12.321793,1.4881685,0.11565,29.454,0.096020006,0.06315,0.119,0.1685,Misc,Unknown,Unknown,2026-05-29,Diversified,0,1,0,49.94,50.02,50.02,50.02,49.980000000000004,49.99,SLOW GROWTH,35,10
AWHCL,13402781696.0,SMALL CAP,472.3999938964844,16.161478,1.9406706,0.11565,54.786,0.07883,0.082100004,0.081,-0.27,Misc,Industrials,Waste Management,2026-05-29,Waste Management,0,0,0,35.76,13.08,50.02,37.96,24.419999999999998,30.89,WEAK GROWTH,35,10
DESTINY,491646624.0,MICRO CAP,31.95,12.24138,1.1819326,0.11565,29.454,0.096020006,0.06315,0.119,0.1685,Misc,Unknown,Unknown,2026-05-29,Diversified,0,1,0,49.94,50.02,50.02,50.02,49.980000000000004,49.99,SLOW GROWTH,35,10
PANAMAPET,20631341056.0,SMALL CAP,341.04998779296875,11.149068,1.5392287,0.11565,2.327,0.07748,0.06323,0.065,-0.056,Misc,Energy,Oil & Gas Refining & Marketing,2026-05-29,Oil & Gas Refining & Marketing,0,0,0,32.8,20.62,50.02,37.25,26.71,32.43,WEAK GROWTH,35,10
JETFREIGHT,1070071232.0,MICRO CAP,23.059999465942383,15.687074,1.5267478,0.100710005,104.6,0.050040003,0.015319999,0.114,8.429,Misc,Industrials,Integrated Freight & Logistics,2026-05-29,Integrated Freight & Logistics,0,1,0,41.32,98.2,23.82,27.14,69.76,56.31,MODERATE GROWTH,35,10
DHARMAJ,9294256128.0,MICRO CAP,275.0,19.271198,2.0769763,0.12958,29.375,0.0428,0.047670003,0.134,0.1685,Chemicals,Basic Materials,Agricultural Inputs,2026-05-29,Agrochemicals,0,1,0,60.46,50.02,76.5,24.29,55.24,56.4,MODERATE GROWTH,35,10
GOKEX,51287879680.0,SMALL CAP,699.9500122070312,53.390545,2.3729694,0.047220003,58.934,0.06625,0.025109999,0.053,-0.346,Misc,Consumer Cyclical,Apparel Manufacturing,2026-05-29,Apparel Manufacturing,0,0,0,30.45,11.24,12.97,32.9,20.845,20.48,WEAK GROWTH,10,10
ALLTIME,14805411840.0,SMALL CAP,226.00999450683594,39.102074,2.158912,0.08208,14.078,0.09404001,0.058000002,-0.017,-0.223,Consumer,Consumer Defensive,Household & Personal Products,2026-05-29,FMCG – Personal Care,0,0,0,20.74,14.22,19.27,43.32,17.48,20.42,WEAK GROWTH,10,10
SINTERCOM,2089361920.0,MICRO CAP,75.9000015258789,223.23529,2.0959902,0.0139999995,51.503,0.08486,0.01422,0.141,9.817,Automobiles,Consumer Cyclical,Auto Parts,2026-05-29,Auto Components,0,1,0,61.71,98.55,7.91,39.99,80.13,61.67,MODERATE GROWTH,10,10
SUKHJITS,5715152384.0,MICRO CAP,182.9199981689453,37.483604,1.1004957,0.048699997,60.879,0.06716,0.01863,0.147,4.187,Chemicals,Basic Materials,Specialty Chemicals,2026-05-29,Specialty Chemicals,0,1,0,62.71,96.71,13.28,33.18,79.71,61.77,MODERATE GROWTH,10,10
YCCL,482598016.0,MICRO CAP,25.0,17.730497,1.1683881,0.11565,29.454,0.096020006,0.06315,0.119,0.1685,Misc,Unknown,Unknown,2026-05-29,Diversified,0,1,0,49.94,50.02,50.02,50.02,49.980000000000004,49.99,SLOW GROWTH,35,10
MADHAVBAUG,1555990656.0,MICRO CAP,148.0,19.170984,1.7815014,0.11565,29.454,0.096020006,0.06315,0.119,0.1685,Misc,Unknown,Unknown,2026-05-29,Diversified,0,1,0,49.94,50.02,50.02,50.02,49.980000000000004,49.99,SLOW GROWTH,35,10
MADHUSUDAN,2090445056.0,MICRO CAP,162.05,14.812615,2.3168867,0.11565,29.454,0.096020006,0.06315,0.119,0.1685,Misc,Unknown,Unknown,2026-05-29,Diversified,0,1,0,49.94,50.02,50.02,50.02,49.980000000000004,49.99,SLOW GROWTH,35,10
RBS,2126105600.0,MICRO CAP,93.0,13.556851,1.3447274,0.11565,29.454,0.096020006,0.06315,0.119,0.1685,Misc,Unknown,Unknown,2026-05-29,Diversified,0,1,0,49.94,50.02,50.02,50.02,49.980000000000004,49.99,SLOW GROWTH,35,10
QMSMEDI,2100734080.0,MICRO CAP,116.35,18.151327,2.0159404,0.11565,29.454,0.096020006,0.06315,0.119,0.1685,Misc,Unknown,Unknown,2026-05-29,Diversified,0,1,0,49.94,50.02,50.02,50.02,49.980000000000004,49.99,SLOW GROWTH,35,10
RBMINFRA,4185891840.0,MICRO CAP,495.9,17.88961,2.9653592,0.11565,29.454,0.096020006,0.06315,0.119,0.1685,Misc,Unknown,Unknown,2026-05-29,Diversified,0,1,0,49.94,50.02,50.02,50.02,49.980000000000004,49.99,SLOW GROWTH,35,10
SJLOGISTIC,6966110208.0,MICRO CAP,457.0,12.931522,2.7339404,0.11565,29.454,0.096020006,0.06315,0.119,0.1685,Misc,Unknown,Unknown,2026-05-29,Diversified,0,1,0,49.94,50.02,50.02,50.02,49.980000000000004,49.99,SLOW GROWTH,35,10
JIWANRAM,358849248.0,MICRO CAP,14.5,15.760869,0.46664307,0.11565,29.454,0.096020006,0.06315,0.119,0.1685,Misc,Unknown,Unknown,2026-05-29,Diversified,0,1,0,49.94,50.02,50.02,50.02,49.980000000000004,49.99,SLOW GROWTH,35,10
QUESTLAB,2253240064.0,MICRO CAP,137.5,16.606281,2.506654,0.11565,29.454,0.096020006,0.06315,0.119,0.1685,Misc,Unknown,Unknown,2026-05-29,Diversified,0,1,0,49.94,50.02,50.02,50.02,49.980000000000004,49.99,SLOW GROWTH,35,10
SHEETAL,675331200.0,MICRO CAP,58.95,7.2598524,1.4890124,0.11565,29.454,0.096020006,0.06315,0.119,0.1685,Misc,Unknown,Unknown,2026-05-29,Diversified,0,1,0,49.94,50.02,50.02,50.02,49.980000000000004,49.99,SLOW GROWTH,35,10
KEL,1487899264.0,MICRO CAP,144.85,18.93464,3.3198113,0.11565,29.454,0.096020006,0.06315,0.119,0.1685,Misc,Unknown,Unknown,2026-05-29,Diversified,0,1,0,49.94,50.02,50.02,50.02,49.980000000000004,49.99,SLOW GROWTH,35,10
FIDEL,1512561664.0,MICRO CAP,110.0,10.945273,3.091972,0.11565,29.454,0.096020006,0.06315,0.119,0.1685,Misc,Unknown,Unknown,2026-05-29,Diversified,0,1,0,49.94,50.02,50.02,50.02,49.980000000000004,49.99,SLOW GROWTH,35,10
NITINSPIN,28093134848.0,SMALL CAP,499.70001220703125,15.828319,1.9110448,0.12764,76.458,0.10893,0.05524,0.022,0.237,Misc,Consumer Cyclical,Textile Manufacturing,2026-05-29,Textile Manufacturing,0,0,0,25.6,71.35,76.03,60.34,48.474999999999994,55.17,MODERATE GROWTH,35,10
SECMARK,1402878976.0,MICRO CAP,127.98999786376953,52.888428,6.406547,0.1169,54.908,0.39946,0.068390004,0.144,0.075,Technology,Industrials,Consulting Services,2026-05-29,IT Consulting,0,0,0,62.22,27.32,72.86,92.99,44.769999999999996,55.21,MODERATE GROWTH,35,10
UWCSL,462857632.0,MICRO CAP,88.95,13.920188,1.7663528,0.11565,29.454,0.096020006,0.06315,0.119,0.1685,Misc,Unknown,Unknown,2026-05-29,Diversified,0,1,0,49.94,50.02,50.02,50.02,49.980000000000004,49.99,SLOW GROWTH,35,10
ALLCARGO,13629784064.0,SMALL CAP,9.100000381469727,227.50002,2.4390244,0.00373,120.732,0.01556,0.00389,-0.7896912,0.1685,Misc,Industrials,Integrated Freight & Logistics,2026-05-29,Integrated Freight & Logistics,0,0,0,0.53,50.02,5.48,15.75,25.275000000000002,20.36,WEAK GROWTH,10,10
DURLAX,1402321792.0,MICRO CAP,77.6,17.596373,1.3441652,0.11565,29.454,0.096020006,0.06315,0.119,0.1685,Misc,Unknown,Unknown,2026-05-29,Diversified,0,1,0,49.94,50.02,50.02,50.02,49.980000000000004,49.99,SLOW GROWTH,35,10
GULFOILLUB,48620523520.0,SMALL CAP,981.9000244140625,13.983195,2.936945,0.11565,29.566,0.112799995,0.08882,0.091,-0.224,Chemicals,Basic Materials,Specialty Chemicals,2026-05-29,Specialty Chemicals,0,0,0,37.54,14.12,50.02,61.81,25.83,34.27,WEAK GROWTH,35,10
PPAP,2991010560.0,MICRO CAP,210.9499969482422,6.9186616,1.1261418,0.13734001,60.801,0.04282,0.07596,0.186,14.661280000000012,Automobiles,Consumer Cyclical,Auto Parts,2026-05-29,Auto Components,0,1,0,68.12,99.51,78.57,24.32,83.815,76.82,HIGH GROWTH,35,10
CLSL,828718976.0,MICRO CAP,48.35,12.209596,0.7954134,0.11565,29.454,0.096020006,0.06315,0.119,0.1685,Misc,Unknown,Unknown,2026-05-29,Diversified,0,1,0,49.94,50.02,50.02,50.02,49.980000000000004,49.99,SLOW GROWTH,35,10
VEEKAYEM,1227733760.0,MICRO CAP,208.95,16.796623,2.0828557,0.11565,29.454,0.096020006,0.06315,0.119,0.1685,Misc,Unknown,Unknown,2026-05-29,Diversified,0,1,0,49.94,50.02,50.02,50.02,49.980000000000004,49.99,SLOW GROWTH,35,10
TCI,70535225344.0,SMALL CAP,919.0999755859375,15.473063,2.9469478,0.11565,10.416,0.07591,0.09364,0.089,0.148,Misc,Industrials,Integrated Freight & Logistics,2026-05-29,Integrated Freight & Logistics,0,0,0,37.09,31.49,50.02,36.62,34.29,37.67,WEAK GROWTH,35,10
IVP,1828574720.0,MICRO CAP,177.0800018310547,9.794248,1.2707663,0.11565,69.423,0.04918,0.023559999,0.121,1.435,Chemicals,Basic Materials,Specialty Chemicals,2026-05-29,Specialty Chemicals,0,1,0,58.15,91.23,50.02,26.87,74.69,64.97,MODERATE GROWTH,35,10
EKC,13478386688.0,SMALL CAP,120.12000274658203,11.776471,1.045622,0.11565,15.317,0.125,0.07446,-0.005,0.975,Misc,Industrials,Specialty Industrial Machinery,2026-05-29,Specialty Industrial Machinery,0,0,0,22.15,88.09,50.02,64.9,55.120000000000005,55.08,MODERATE GROWTH,35,10
SHRITECH,1742757504.0,MICRO CAP,69.85,13.3301525,1.6668656,0.11565,29.454,0.096020006,0.06315,0.119,0.1685,Misc,Unknown,Unknown,2026-05-29,Diversified,0,1,0,49.94,50.02,50.02,50.02,49.980000000000004,49.99,SLOW GROWTH,35,10
DENEERS,1712673536.0,MICRO CAP,199.0,10.862446,2.1708302,0.11565,29.454,0.096020006,0.06315,0.119,0.1685,Misc,Unknown,Unknown,2026-05-29,Diversified,0,1,0,49.94,50.02,50.02,50.02,49.980000000000004,49.99,SLOW GROWTH,35,10
ALUWIND,1562902784.0,MICRO CAP,62.9,14.9761915,2.414124,0.11565,29.454,0.096020006,0.06315,0.119,0.1685,Misc,Unknown,Unknown,2026-05-29,Diversified,0,1,0,49.94,50.02,50.02,50.02,49.980000000000004,49.99,SLOW GROWTH,35,10
PRIZOR,1947937152.0,MICRO CAP,182.2,16.503622,3.9984198,0.11565,29.454,0.096020006,0.06315,0.119,0.1685,Misc,Unknown,Unknown,2026-05-29,Diversified,0,1,0,49.94,50.02,50.02,50.02,49.980000000000004,49.99,SLOW GROWTH,35,10
IPSL,1377041664.0,MICRO CAP,160.0,17.50547,2.409929,0.11565,29.454,0.096020006,0.06315,0.119,0.1685,Misc,Unknown,Unknown,2026-05-29,Diversified,0,1,0,49.94,50.02,50.02,50.02,49.980000000000004,49.99,SLOW GROWTH,35,10
AHLWEST,6688959488.0,MICRO CAP,574.0999755859375,12.5678625,-14.807459,0.11565,29.454,0.37789002,0.14603,0.086,0.1685,Misc,Consumer Cyclical,Lodging,2026-05-29,Lodging,0,0,0,36.55,50.02,50.02,92.32,43.285,49.54,SLOW GROWTH,55,10
DTIL,1411042304.0,MICRO CAP,134.2899932861328,26.656543,0.19224133,-0.00477,47.787,-0.34637,-0.0049,0.163,0.1685,Misc,Consumer Defensive,Packaged Foods,2026-05-29,Packaged Foods,0,1,0,64.92,50.02,4.78,4.43,57.47,41.63,SLOW GROWTH,8,10
EMBDL,86571278336.0,SMALL CAP,62.279998779296875,26.656543,0.87703484,-0.090459995,53.414,-0.79927003,-0.50389,-0.73,0.1685,Misc,Real Estate,Real Estate - Diversified,2026-05-29,Real Estate - Diversified,0,0,0,1.45,50.02,2.35,2.43,25.735000000000003,18.73,WEAK GROWTH,8,10
DIGIDRIVE,738605120.0,MICRO CAP,19.200000762939453,5.9442725,0.2608625,0.01969,0.32,-0.20661,0.09475,-0.073,0.1685,Misc,Consumer Cyclical,Internet Retail,2026-05-29,Internet Retail,0,0,0,15.71,50.02,8.77,5.8,32.865,25.34,WEAK GROWTH,38,10
TTML,84433330176.0,SMALL CAP,43.189998626708984,26.656543,-0.4227475,0.11565,29.454,0.44332,-0.18556999,-0.041,0.1685,Telecom,Communication Services,Telecom Services,2026-05-29,Telecom Services,0,0,0,18.16,50.02,50.02,94.28,34.09,43.3,SLOW GROWTH,38,10
TRU,708416768.0,MICRO CAP,5.960000038146973,26.656543,0.64642084,0.11565,301.695,0.9200270213920001,0.0,0.119,0.1685,Financials,Financial Services,Credit Services,2026-05-29,NBFC – Lending,0,1,0,49.94,50.02,50.02,99.51,49.980000000000004,54.94,SLOW GROWTH,38,10
AHLEAST,2801254656.0,MICRO CAP,162.0,26.656543,1.2279798,0.11565,154.746,0.34377,-0.45623,0.134,0.1685,Misc,Consumer Cyclical,Lodging,2026-05-29,Lodging,0,1,0,60.46,50.02,50.02,91.11,55.24,57.78,MODERATE GROWTH,38,10
SADBHIN,979186112.0,MICRO CAP,2.7799999713897705,26.656543,-0.18546934,0.11565,29.454,0.56031,-0.2235,0.182,0.1685,Industrials,Industrials,Engineering & Construction,2026-05-29,Engineering & EPC,0,1,0,67.76,50.02,50.02,95.93,58.89,60.82,MODERATE GROWTH,38,10
DCMFINSERV,132307824.0,MICRO CAP,5.980000019073486,26.656543,-0.24614118,0.11565,29.454,0.9200270213920001,0.0,0.119,0.1685,Financials,Financial Services,Credit Services,2026-05-29,NBFC – Lending,0,1,0,49.94,50.02,50.02,99.51,49.980000000000004,54.94,SLOW GROWTH,38,10
DHRUV,568997056.0,MICRO CAP,30.0,26.656543,0.55915904,0.11565,22.271,0.9200270213920001,-0.4241,0.119,0.1685,Industrials,Industrials,Engineering & Construction,2026-05-29,Engineering & EPC,0,1,0,49.94,50.02,50.02,99.51,49.980000000000004,54.94,SLOW GROWTH,38,10
RHFL,1068601920.0,MICRO CAP,2.190000057220459,26.656543,-2.844156,0.11565,29.454,0.9200270213920001,0.0,0.119,0.1685,Misc,Financial Services,Mortgage Finance,2026-05-29,Mortgage Finance,0,1,0,49.94,50.02,50.02,99.51,49.980000000000004,54.94,SLOW GROWTH,38,10
TARAPUR,406770272.0,MICRO CAP,20.860000610351562,26.656543,151.15942,0.11565,614.0908400000002,0.34857,0.0,0.119,0.1685,Misc,Industrials,Specialty Industrial Machinery,2026-05-29,Specialty Industrial Machinery,0,1,0,49.94,50.02,50.02,91.3,49.980000000000004,54.12,SLOW GROWTH,38,10
FLEXITUFF,225164448.0,MICRO CAP,6.860000133514404,26.656543,-0.96961135,0.11565,29.454,0.9200270213920001,-0.9331492,0.119,0.1685,Misc,Consumer Cyclical,Textile Manufacturing,2026-05-29,Textile Manufacturing,0,1,0,49.94,50.02,50.02,99.51,49.980000000000004,54.94,SLOW GROWTH,38,10
TNTELE,423006080.0,MICRO CAP,9.260000228881836,26.656543,-0.22148342,0.11565,29.454,0.9200270213920001,0.0,0.119,0.1685,Misc,Technology,Communication Equipment,2026-05-29,Communication Equipment,0,1,0,49.94,50.02,50.02,99.51,49.980000000000004,54.94,SLOW GROWTH,38,10
EFACTOR,2774676736.0,MICRO CAP,212.0,11.099476,3.6411726,0.11565,29.454,0.096020006,0.06315,0.119,0.1685,Misc,Unknown,Unknown,2026-05-29,Diversified,0,1,0,49.94,50.02,50.02,50.02,49.980000000000004,49.99,SLOW GROWTH,35,10
INFOMEDIA,309698048.0,MICRO CAP,6.170000076293945,26.656543,-0.48191828,0.11565,29.454,0.86275,0.0,0.119,0.1685,Misc,Financial Services,Shell Companies,2026-05-29,Shell Companies,0,1,0,49.94,50.02,50.02,98.55,49.980000000000004,54.85,SLOW GROWTH,38,10
PONNIERODE,2617788416.0,MICRO CAP,304.45001220703125,5.452185,0.48827156,0.08731,29.454,0.16674,0.11574,-0.052,4.886,Misc,Consumer Defensive,Confectioners,2026-05-29,Confectioners,0,0,0,17.08,97.14,20.25,75.21,57.11,51.55,SLOW GROWTH,37,10
INTENTECH,2296863488.0,MICRO CAP,98.33999633789062,25.34536,1.6153088,0.11565,0.137,0.054050002,0.071329996,0.001,-0.26,Technology,Technology,Software - Infrastructure,2026-05-29,Software Products,0,0,0,22.93,13.34,50.02,28.61,18.134999999999998,25.56,WEAK GROWTH,53,10
FIBERWEB,848779584.0,MICRO CAP,29.479999542236328,8.471264,0.45408338,0.055219997,6.45,0.15472999,0.11843,-0.638,0.1685,Misc,Consumer Cyclical,Textile Manufacturing,2026-05-29,Textile Manufacturing,0,0,0,2.08,50.02,14.38,73.17,26.05,28.43,WEAK GROWTH,37,10
TCIFINANCE,172491408.0,MICRO CAP,13.399999618530273,26.656543,-0.22636664,0.11565,29.454,0.9200270213920001,0.0,0.119,0.1685,Financials,Financial Services,Credit Services,2026-05-29,NBFC – Lending,0,1,0,49.94,50.02,50.02,99.51,49.980000000000004,54.94,SLOW GROWTH,38,10
BELLACASA,3306712576.0,MICRO CAP,247.0,16.499666,2.091696,0.11565,49.781,0.074889995,0.05066,0.112,0.252,Misc,Consumer Cyclical,Textile Manufacturing,2026-05-29,Textile Manufacturing,0,1,0,40.91,72.03,50.02,36.15,56.47,53.15,SLOW GROWTH,35,10
MEIL,8921766912.0,MICRO CAP,322.8999938964844,18.4937,1.4901403,0.11474,7.695,0.1043,0.07355,0.189,-0.312,Misc,Industrials,Electrical Equipment & Parts,2026-05-29,Electrical Equipment & Parts,0,0,0,68.7,12.2,27.34,58.72,40.45,39.66,WEAK GROWTH,35,10
MBEL,17201612800.0,SMALL CAP,301.0,17.758112,2.759746,0.11565,19.131,0.10466,0.07783,0.071,0.256,Industrials,Industrials,Engineering & Construction,2026-05-29,Engineering & EPC,0,0,0,34.1,72.41,50.02,58.79,53.254999999999995,53.16,SLOW GROWTH,35,10
DATAMATICS,46611296256.0,SMALL CAP,788.5999755859375,23.998781,3.0188994,0.1348,14.384,0.16943,0.097729996,0.044,-0.015,Technology,Technology,Information Technology Services,2026-05-29,IT Services,0,0,0,28.91,22.25,77.87,75.75,25.58,41.06,SLOW GROWTH,35,10
BALAJEE,2438968320.0,MICRO CAP,29.899999618530273,18.92405,0.7982699,0.11565,63.12,0.02458,0.02256,0.198,-0.9306128,Misc,Consumer Cyclical,Packaging & Containers,2026-05-29,Packaging & Containers,0,0,0,70.09,0.53,50.02,18.14,35.31,36.54,WEAK GROWTH,35,10
VERTOZ,4162633216.0,MICRO CAP,48.84000015258789,9.57647,1.7023947,0.11565,8.016,0.111379996,0.09083,0.139,-0.2,Technology,Technology,Software - Infrastructure,2026-05-29,Software Products,0,0,0,61.42,15.04,50.02,61.3,38.230000000000004,42.9,SLOW GROWTH,35,10
KELLTONTEC,8635325440.0,MICRO CAP,16.25,9.393064,1.2689365,0.11565,21.666,0.113620006,0.076799996,0.104,0.106,Technology,Technology,Software - Application,2026-05-29,SaaS,0,1,0,39.66,28.97,50.02,62.04,34.315,40.23,SLOW GROWTH,35,10
PENIND,22114988032.0,SMALL CAP,163.8800048828125,16.587046,2.0690613,0.12838,99.887,0.0959,0.03786,0.031,0.152,Misc,Industrials,Specialty Industrial Machinery,2026-05-29,Specialty Industrial Machinery,0,0,0,26.97,31.75,76.18,43.79,29.36,40.17,SLOW GROWTH,35,10
ORISSAMINE,24740999168.0,SMALL CAP,4123.5,26.656543,-48.255726,0.11565,29.454,0.48979,-0.37257,-0.001,0.1685,Misc,Basic Materials,Steel,2026-05-29,Steel,0,0,0,22.66,50.02,50.02,95.06,36.34,44.95,SLOW GROWTH,38,10
TEJASNET,92917432320.0,SMALL CAP,523.7000122070312,26.656543,3.1721506,-0.26822,142.52,-0.65839,-0.82381,-0.7896912,0.1685,Misc,Technology,Communication Equipment,2026-05-29,Communication Equipment,0,0,0,0.53,50.02,1.18,2.66,25.275000000000002,18.19,WEAK GROWTH,8,10
IMPEXFERRO,170658224.0,MICRO CAP,1.909999966621399,26.656543,-0.051740482,0.11565,29.454,0.0,0.0,0.119,0.1685,Misc,Basic Materials,Other Industrial Metals & Mining,2026-05-29,Other Industrial Metals & Mining,0,1,0,49.94,50.02,50.02,13.04,49.980000000000004,46.29,SLOW GROWTH,18,10
HEMIPROP,40644530176.0,SMALL CAP,142.5500030517578,26.656543,9.442899,-0.02696,20.144,-3.64360608,0.0,0.07,0.1685,Misc,Real Estate,Real Estate - Diversified,2026-05-29,Real Estate - Diversified,0,0,0,33.86,50.02,3.41,0.53,41.94,30.09,WEAK GROWTH,8,10
SUVEN,75529568256.0,SMALL CAP,286.3999938964844,26.656543,10.930881,-0.294667488,2.823,-3.64360608,0.0,0.036,0.1685,Misc,Healthcare,Drug Manufacturers - Specialty & Generic,2026-05-29,Drug Manufacturers - Specialty & Generic,0,0,0,27.69,50.02,0.53,0.53,38.855000000000004,27.36,WEAK GROWTH,8,10
VINNY,493161408.0,MICRO CAP,1.059999942779541,53.0,0.535624,0.01117,19.671,-0.0019400001,0.0074,0.15,-0.607,Misc,Consumer Cyclical,Textile Manufacturing,2026-05-29,Textile Manufacturing,0,0,0,63.16,5.52,7.13,12.53,34.339999999999996,26.72,WEAK GROWTH,5,10
MOL,12634330112.0,SMALL CAP,49.68000030517578,43.964603,0.8071356,0.01878,46.995,-0.02025,0.01322,-0.143,-0.59,Chemicals,Basic Materials,Agricultural Inputs,2026-05-29,Agrochemicals,0,0,0,10.91,6.03,8.62,10.61,8.47,8.71,WEAK GROWTH,5,10
UTKARSHBNK,23792232448.0,SMALL CAP,13.369999885559082,26.656543,0.61587363,-0.294667488,29.454,-0.9395,0.0,-0.485,0.1685,Financials,Financial Services,Banks - Regional,2026-05-29,Private Sector Banks,0,0,0,3.29,50.02,0.53,2.27,26.655,18.99,WEAK GROWTH,8,10
BIRLANU,10006772736.0,SMALL CAP,1327.0,26.656543,0.90115297,-0.10299,100.118,-0.04631,-0.03205,0.087,0.1685,Misc,Industrials,Building Products & Equipment,2026-05-29,Building Products & Equipment,0,0,0,36.74,50.02,2.23,9.28,43.38,31.74,WEAK GROWTH,8,10
VINYLINDIA,4876754944.0,MICRO CAP,265.95001220703125,29.615816,4.0020766,0.12845,0.376,0.03692,0.025290001,0.04,-0.361,Chemicals,Basic Materials,Specialty Chemicals,2026-05-29,Specialty Chemicals,0,0,0,28.32,10.81,76.22,22.37,19.565,31.18,WEAK GROWTH,46,10
DHANLAXMI,898040000.0,MICRO CAP,55.0,8.396946,1.775167,0.11565,22.006,0.23196,0.13361,-0.76,-0.585,Misc,Consumer Defensive,Farm Products,2026-05-29,Farm Products,0,0,0,1.31,6.15,50.02,83.94,3.7300000000000004,21.01,WEAK GROWTH,47,10
NITIRAJ,1999457536.0,MICRO CAP,195.0500030517578,121.90625,2.3737953,0.11565,0.08216,0.01637,0.027,-0.695,-0.9306128,Misc,Technology,Scientific & Technical Instruments,2026-05-29,Scientific & Technical Instruments,0,0,0,1.84,0.53,50.02,15.98,1.185,12.43,WEAK GROWTH,45,10
COUNCODOS,377122880.0,MICRO CAP,4.860000133514404,69.42857,1.314224,0.11565,0.08216,0.022219999,0.03066,-0.096,-0.667,Misc,Real Estate,Real Estate - Development,2026-05-29,Real Estate - Development,0,0,0,14.14,4.78,50.02,17.7,9.46,18.4,WEAK GROWTH,45,10
INDOUS,1990762496.0,MICRO CAP,99.27999877929688,13.416216,2.299053,0.11565,31.895,0.1724,0.12594,-0.032,-0.409,Chemicals,Basic Materials,Agricultural Inputs,2026-05-29,Agrochemicals,0,0,0,19.17,9.6,50.02,76.32,14.385000000000002,27.71,WEAK GROWTH,47,10
PAR,1101264896.0,MICRO CAP,89.5,8.403756,1.0335112,0.124280006,29.454,0.043709997,0.121759996,-0.106,-0.485,Misc,Healthcare,Drug Manufacturers - Specialty & Generic,2026-05-29,Drug Manufacturers - Specialty & Generic,0,0,0,13.61,8.25,75.13,24.76,10.93,25.15,WEAK GROWTH,40,10
LANDSMILL,1326053376.0,MICRO CAP,0.9399999976158142,26.656543,0.15745394,0.0053899996,0.444,0.19584998,0.07572,-0.595,0.1685,Misc,Industrials,Conglomerates,2026-05-29,Conglomerates,0,0,0,2.37,50.02,5.93,79.83,26.195,27.51,WEAK GROWTH,43,10
RUBFILA,4373962752.0,MICRO CAP,80.5999984741211,15.323193,1.4476875,0.098179996,0.342,0.03964,0.04836,0.064,-0.313,Chemicals,Basic Materials,Specialty Chemicals,2026-05-29,Specialty Chemicals,0,0,0,32.59,12.14,23.03,23.23,22.365000000000002,22.58,WEAK GROWTH,43,10
ONWARDTEC,6083994112.0,MICRO CAP,270.989990234375,13.875575,2.3968477,0.18552999,15.717,0.07981,0.081499994,0.077,-0.072,Technology,Technology,Information Technology Services,2026-05-29,IT Services,0,0,0,34.98,19.94,88.25,38.23,27.46,40.7,SLOW GROWTH,43,10
CONTROLPR,9832441856.0,MICRO CAP,614.75,9.923326,2.1890311,0.10099,1.51,0.15333,0.09047,0.144,-0.832,Misc,Industrials,Business Equipment & Supplies,2026-05-29,Business Equipment & Supplies,0,0,0,62.22,2.35,23.89,72.89,32.285,34.67,WEAK GROWTH,42,10
BSOFT,91727396864.0,SMALL CAP,328.20001220703125,17.740541,2.2389739,0.13656999,3.422,0.17045,0.09762,0.024,0.437,Technology,Technology,Information Technology Services,2026-05-29,IT Services,0,0,0,25.99,79.38,78.38,75.99,52.684999999999995,60.15,MODERATE GROWTH,42,10
SCHAND,5809329664.0,MICRO CAP,164.6999969482422,12.065934,0.55073845,0.07168,12.949,0.42561,0.09507,0.162,0.197,Misc,Communication Services,Publishing,2026-05-29,Publishing,0,1,0,64.77,69.13,17.2,93.77,66.94999999999999,59.68,MODERATE GROWTH,40,10
INDSWFTLAB,13845221376.0,SMALL CAP,159.44000244140625,4.622789,0.9743458,0.032390002,1.481,0.32192,0.060170002,-0.543,-0.9306128,Misc,Healthcare,Drug Manufacturers - Specialty & Generic,2026-05-29,Drug Manufacturers - Specialty & Generic,0,0,0,2.82,0.53,10.42,89.93,1.6749999999999998,12.25,WEAK GROWTH,40,10
SILGO,2224173312.0,MICRO CAP,85.0,33.86454,1.7704645,0.11565,29.454,0.16681999,0.11015,0.087,0.1685,Misc,Consumer Cyclical,Luxury Goods,2026-05-29,Luxury Goods,0,0,0,36.74,50.02,50.02,75.24,43.38,47.89,SLOW GROWTH,40,10
PDMJEPAPER,7789698048.0,MICRO CAP,82.04000091552734,8.397134,1.1617929,0.14946,6.351,0.14495,0.11585,0.055,0.045,Misc,Basic Materials,Paper & Paper Products,2026-05-29,Paper & Paper Products,0,0,0,30.85,25.71,81.75,70.82,28.28,43.23,SLOW GROWTH,40,10
SRHHYPOLTD,9371992064.0,MICRO CAP,546.0,10.031233,0.9322704,0.11565,1.283,0.13098,0.14253001,0.02,0.115,Misc,Basic Materials,Chemicals,2026-05-29,Chemicals,0,0,0,25.23,29.49,50.02,66.51,27.36,35.81,WEAK GROWTH,40,10
CYBERTECH,4542576128.0,MICRO CAP,145.9199981689453,14.966154,2.1399345,0.13231,3.889,0.07742,0.12831001,0.014,-0.263,Technology,Technology,Information Technology Services,2026-05-29,IT Services,0,0,0,24.42,13.24,77.2,37.21,18.830000000000002,32.34,WEAK GROWTH,40,10
LIKHITHA,7371529216.0,MICRO CAP,186.75,14.115646,1.8497242,0.09787,0.088,0.0756,0.08502,-0.077,-0.738,Misc,Energy,Oil & Gas Equipment & Services,2026-05-29,Oil & Gas Equipment & Services,0,0,0,15.28,3.56,22.95,36.51,9.42,14.84,WEAK GROWTH,50,10
ORBTEXP,4586429440.0,MICRO CAP,173.0,14.076485,1.4890302,0.11231,5.311,0.07247,0.14121,-0.029,-0.85,Misc,Consumer Cyclical,Textile Manufacturing,2026-05-29,Textile Manufacturing,0,0,0,19.53,2.12,26.83,35.29,10.825000000000001,16.47,WEAK GROWTH,40,10
ALMONDZ,2422372096.0,MICRO CAP,13.949999809265137,8.157894,0.9255573,0.10742,16.822,0.01606,0.14819,0.067,-0.222,Misc,Financial Services,Capital Markets,2026-05-29,Capital Markets,0,0,0,33.16,14.34,25.54,15.79,23.75,23.31,WEAK GROWTH,40,10
GEEKAYWIRE,2511615744.0,MICRO CAP,24.030000686645508,8.34375,1.4544245,0.19027,83.99,0.10153,0.0683,-0.146,-0.078,Misc,Industrials,Electrical Equipment & Parts,2026-05-29,Electrical Equipment & Parts,0,0,0,10.73,19.7,88.95,58.09,15.215,34.25,WEAK GROWTH,43,10
VISHNUINFR,5400592384.0,MICRO CAP,219.45,17.598236,3.0164533,0.11565,29.454,0.096020006,0.06315,0.119,0.1685,Misc,Unknown,Unknown,2026-05-29,Diversified,0,1,0,49.94,50.02,50.02,50.02,49.980000000000004,49.99,SLOW GROWTH,35,10
PARTYCRUS,1454986752.0,MICRO CAP,122.0,17.280453,3.1367304,0.11565,29.454,0.096020006,0.06315,0.119,0.1685,Misc,Unknown,Unknown,2026-05-29,Diversified,0,1,0,49.94,50.02,50.02,50.02,49.980000000000004,49.99,SLOW GROWTH,35,10
HRHNEXT,614666560.0,MICRO CAP,46.55,16.805054,1.5881408,0.11565,29.454,0.096020006,0.06315,0.119,0.1685,Misc,Unknown,Unknown,2026-05-29,Diversified,0,1,0,49.94,50.02,50.02,50.02,49.980000000000004,49.99,SLOW GROWTH,35,10
COMMITTED,608504768.0,MICRO CAP,53.1,5.8609266,0.71541166,0.11565,29.454,0.096020006,0.06315,0.119,0.1685,Misc,Unknown,Unknown,2026-05-29,Diversified,0,1,0,49.94,50.02,50.02,50.02,49.980000000000004,49.99,SLOW GROWTH,35,10
CHAVDA,3843870208.0,MICRO CAP,155.9,19.4875,3.1973584,0.11565,29.454,0.096020006,0.06315,0.119,0.1685,Misc,Unknown,Unknown,2026-05-29,Diversified,0,1,0,49.94,50.02,50.02,50.02,49.980000000000004,49.99,SLOW GROWTH,35,10
SAROJA,164839968.0,MICRO CAP,41.0,15.953308,1.0127207,0.11565,29.454,0.096020006,0.06315,0.119,0.1685,Misc,Unknown,Unknown,2026-05-29,Diversified,0,1,0,49.94,50.02,50.02,50.02,49.980000000000004,49.99,SLOW GROWTH,35,10
RNBDENIMS,3469894400.0,MICRO CAP,12.149999618530273,12.525772,1.6896119,0.11565,40.53,0.06229,0.060760003,0.187,-0.171,Misc,Consumer Cyclical,Textile Manufacturing,2026-05-29,Textile Manufacturing,0,0,0,68.35,16.49,50.02,31.45,42.419999999999995,42.84,SLOW GROWTH,35,10
CORDSCABLE,3206089472.0,MICRO CAP,248.0,19.06226,1.7061912,0.11565,57.801,0.05114,0.01831,0.147,0.047,Misc,Industrials,Electrical Equipment & Parts,2026-05-29,Electrical Equipment & Parts,0,0,0,62.71,25.83,50.02,27.46,44.269999999999996,43.74,SLOW GROWTH,35,10
FILATEX,20422244352.0,SMALL CAP,45.9900016784668,11.135593,2.1227787,0.11565,9.979,0.07027,0.043309998,-0.018,0.17,Misc,Consumer Cyclical,Textile Manufacturing,2026-05-29,Textile Manufacturing,0,0,0,20.47,67.59,50.02,34.27,44.03,44.25,SLOW GROWTH,35,10
PILANIINVS,50421919744.0,SMALL CAP,4553.89990234375,538.1866320000008,0.29676697,0.11565,13.114,0.9200270213920001,0.00409,-0.029,0.1685,Financials,Financial Services,Asset Management,2026-05-29,Asset Management Companies,0,0,0,19.53,50.02,50.02,99.51,34.775000000000006,44.3,SLOW GROWTH,35,10
SUNREST,296458272.0,MICRO CAP,61.65,14.784173,1.5891634,0.11565,29.454,0.096020006,0.06315,0.119,0.1685,Misc,Unknown,Unknown,2026-05-29,Diversified,0,1,0,49.94,50.02,50.02,50.02,49.980000000000004,49.99,SLOW GROWTH,35,10
ACCORD,99993600.0,MICRO CAP,28.8,11.659919,0.6721904,0.11565,29.454,0.096020006,0.06315,0.119,0.1685,Misc,Unknown,Unknown,2026-05-29,Diversified,0,1,0,49.94,50.02,50.02,50.02,49.980000000000004,49.99,SLOW GROWTH,35,10
IGPL,13411156992.0,SMALL CAP,435.5,538.1866320000008,1.0066105,0.00166,27.136,0.088190004,0.00115,0.092,0.479,Misc,Basic Materials,Chemicals,2026-05-29,Chemicals,0,0,0,37.76,80.38,5.33,41.17,59.06999999999999,46.53,SLOW GROWTH,10,10
ASALCBR,17395613696.0,SMALL CAP,866.3499755859375,18.862398,2.3775675,0.14562,9.922,0.14140001,0.08677,-0.016,0.049,Misc,Consumer Defensive,Beverages - Wineries & Distilleries,2026-05-29,Beverages - Wineries & Distilleries,0,0,0,20.88,25.93,80.73,69.88,23.405,39.52,WEAK GROWTH,35,10
GLOBUSSPR,25283317760.0,SMALL CAP,869.7999877929688,450.67358,2.2800612,0.08753,48.422,0.06506,0.03387,-0.034,3.405,Misc,Consumer Defensive,Beverages - Wineries & Distilleries,2026-05-29,Beverages - Wineries & Distilleries,0,0,0,18.82,96.04,20.33,32.35,57.43000000000001,47.5,SLOW GROWTH,10,10
20MICRONS,6533296128.0,MICRO CAP,185.14999389648438,10.128555,1.4385163,0.11565,32.043,0.10897,0.07001,0.157,0.158,Misc,Basic Materials,Other Industrial Metals & Mining,2026-05-29,Other Industrial Metals & Mining,0,1,0,63.81,32.06,50.02,60.4,47.935,49.6,SLOW GROWTH,35,10
MASTER,1248000000.0,MICRO CAP,312.0,19.22366,3.8278918,0.11565,29.454,0.096020006,0.06315,0.119,0.1685,Misc,Unknown,Unknown,2026-05-29,Diversified,0,1,0,49.94,50.02,50.02,50.02,49.980000000000004,49.99,SLOW GROWTH,35,10
MEGAFLEX,433077600.0,MICRO CAP,35.7,8.380281,0.7637997,0.11565,29.454,0.096020006,0.06315,0.119,0.1685,Misc,Unknown,Unknown,2026-05-29,Diversified,0,1,0,49.94,50.02,50.02,50.02,49.980000000000004,49.99,SLOW GROWTH,35,10
CENTEXT,1643200128.0,MICRO CAP,20.540000915527344,15.443609,1.8414918,0.13227001,80.772,0.046479996,0.022920001,0.187,0.13,Misc,Basic Materials,Aluminum,2026-05-29,Aluminum,0,1,0,68.35,30.47,77.16,25.7,49.41,52.59,SLOW GROWTH,35,10
HEXATRADEX,9004887040.0,MICRO CAP,163.0,26.656543,0.19524863,-0.0019200001,0.187,0.76414,-0.9331492,-0.031,0.1685,Financials,Financial Services,Credit Services,2026-05-29,NBFC – Lending,0,0,0,19.33,50.02,4.86,97.77,34.675,35.02,WEAK GROWTH,53,10
BIOFILCHEM,582113856.0,MICRO CAP,35.77000045776367,21.041176,2.8072517,0.11565,0.094,0.114700004,0.08595,-0.7896912,-0.5,Misc,Healthcare,Drug Manufacturers - Specialty & Generic,2026-05-29,Drug Manufacturers - Specialty & Generic,0,0,0,0.53,7.72,50.02,62.4,4.125,19.13,WEAK GROWTH,53,10
GLOBECIVIL,2561945088.0,MICRO CAP,42.900001525878906,16.627909,1.1752137,0.11565,66.902,0.12043,0.06159,0.119,0.1685,Industrials,Industrials,Engineering & Construction,2026-05-29,Engineering & EPC,0,1,0,49.94,50.02,50.02,63.65,49.980000000000004,51.36,SLOW GROWTH,35,10
AURIGROW,213196800.0,MICRO CAP,0.3199999928474426,4.0,0.29384756,0.11565,14.284,0.06238,0.04164,0.119,0.1685,Misc,Industrials,Electrical Equipment & Parts,2026-05-29,Electrical Equipment & Parts,0,1,0,49.94,50.02,50.02,31.49,49.980000000000004,48.14,SLOW GROWTH,35,10
SARVESHWAR,4717129216.0,MICRO CAP,3.8299999237060547,13.206897,0.98104507,0.11565,57.24,0.050619997,0.02516,0.158,0.143,Misc,Consumer Defensive,Packaged Foods,2026-05-29,Packaged Foods,0,1,0,64.06,31.2,50.02,27.34,47.63,46.08,SLOW GROWTH,35,10
IGCL,3766885888.0,MICRO CAP,59.58000183105469,10.872263,1.0559337,0.11565,47.136,0.09719,0.05565,0.188,-0.105,Chemicals,Basic Materials,Agricultural Inputs,2026-05-29,Agrochemicals,0,0,0,68.57,18.64,50.02,56.5,43.605,46.18,SLOW GROWTH,35,10
CMRSL,424560000.0,MICRO CAP,145.0,12.195122,2.0880735,0.11565,29.454,0.096020006,0.06315,0.119,0.1685,Misc,Unknown,Unknown,2026-05-29,Diversified,0,1,0,49.94,50.02,50.02,50.02,49.980000000000004,49.99,SLOW GROWTH,35,10
BAHETI,2944662528.0,MICRO CAP,284.0,16.368876,3.149292,0.11565,29.454,0.096020006,0.06315,0.119,0.1685,Misc,Unknown,Unknown,2026-05-29,Diversified,0,1,0,49.94,50.02,50.02,50.02,49.980000000000004,49.99,SLOW GROWTH,35,10
AYMSYNTEX,12835900416.0,SMALL CAP,218.99000549316406,195.5268,2.1809363,0.01123,31.914,0.05192,0.0047999998,0.014,3.157,Misc,Consumer Cyclical,Textile Manufacturing,2026-05-29,Textile Manufacturing,0,0,0,24.42,95.81,7.17,27.77,60.115,46.29,SLOW GROWTH,10,10
VIPIND,42899656704.0,SMALL CAP,302.0,26.656543,9.245369,-0.294667488,254.843,-0.25888002,-0.18191,-0.117,0.1685,Misc,Consumer Cyclical,Footwear & Accessories,2026-05-29,Footwear & Accessories,0,0,0,12.77,50.02,0.53,5.44,31.395000000000003,22.63,WEAK GROWTH,8,10
KHANDSE,281585216.0,MICRO CAP,18.459999084472656,26.656543,1.0097915,-0.04487,10.393,-0.16925,-0.16580999,0.119,0.1685,Misc,Financial Services,Capital Markets,2026-05-29,Capital Markets,0,1,0,49.94,50.02,2.98,6.31,49.980000000000004,36.21,WEAK GROWTH,8,10
KANPRPLA,4775357440.0,MICRO CAP,198.8699951171875,11.455645,1.7839395,0.17197001,41.789,0.1223,0.054,0.006,3.662,Misc,Consumer Cyclical,Packaging & Containers,2026-05-29,Packaging & Containers,0,0,0,23.31,96.36,86.06,64.24,59.835,65.52,MODERATE GROWTH,35,10
AARTIDRUGS,35344306176.0,SMALL CAP,387.25,18.146673,2.2807856,0.13359,37.221,0.10901,0.07598,0.064,-0.12,Misc,Healthcare,Drug Manufacturers - Specialty & Generic,2026-05-29,Drug Manufacturers - Specialty & Generic,0,0,0,32.59,18.12,77.59,60.44,25.355000000000004,39.31,WEAK GROWTH,35,10
CLSEL,14325951488.0,SMALL CAP,288.1000061035156,14.17815,1.8829573,0.11565,8.804,0.11557,0.07329,0.09,0.242,Misc,Consumer Defensive,Packaged Foods,2026-05-29,Packaged Foods,0,0,0,37.33,71.68,50.02,62.67,54.505,54.42,SLOW GROWTH,35,10
OMFURN,765336000.0,MICRO CAP,65.0,12.745098,1.2318538,0.11565,29.454,0.096020006,0.06315,0.119,0.1685,Misc,Unknown,Unknown,2026-05-29,Diversified,0,1,0,49.94,50.02,50.02,50.02,49.980000000000004,49.99,SLOW GROWTH,35,10
AMEYA,908625024.0,MICRO CAP,121.15,17.111582,2.7527835,0.11565,29.454,0.096020006,0.06315,0.119,0.1685,Misc,Unknown,Unknown,2026-05-29,Diversified,0,1,0,49.94,50.02,50.02,50.02,49.980000000000004,49.99,SLOW GROWTH,35,10
ABSMARINE,8076950016.0,MICRO CAP,329.0,15.955382,2.5963984,0.11565,29.454,0.096020006,0.06315,0.119,0.1685,Misc,Unknown,Unknown,2026-05-29,Diversified,0,1,0,49.94,50.02,50.02,50.02,49.980000000000004,49.99,SLOW GROWTH,35,10
INCREDIBLE,1693315456.0,MICRO CAP,36.209999084472656,13.119565,1.08371,0.11565,11.937,0.0195,0.01507,0.168,-0.4,Misc,Basic Materials,Steel,2026-05-29,Steel,0,0,0,65.8,9.81,50.02,16.76,37.805,38.14,WEAK GROWTH,35,10
MITCON,1502784896.0,MICRO CAP,85.0,34.274193,0.9284341,0.11565,62.951,0.15868,0.04265,0.19,2.75,Industrials,Industrials,Engineering & Construction,2026-05-29,Engineering & EPC,0,1,0,68.9,95.03,50.02,73.83,81.965,74.76,HIGH GROWTH,35,10
JKIL,38362411008.0,SMALL CAP,507.0,9.9159,1.1318884,0.12137,18.443,0.09962,0.06755,-0.029,-0.034,Industrials,Industrials,Engineering & Construction,2026-05-29,Engineering & EPC,0,0,0,19.53,21.43,74.38,57.38,20.48,34.95,WEAK GROWTH,35,10
REXPIPES,811755008.0,MICRO CAP,85.9,14.810345,2.1145656,0.11565,29.454,0.096020006,0.06315,0.119,0.1685,Misc,Unknown,Unknown,2026-05-29,Diversified,0,1,0,49.94,50.02,50.02,50.02,49.980000000000004,49.99,SLOW GROWTH,35,10
JAKHARIA,414510656.0,MICRO CAP,34.0,12.639405,1.700425,0.11565,29.454,0.096020006,0.06315,0.119,0.1685,Misc,Unknown,Unknown,2026-05-29,Diversified,0,1,0,49.94,50.02,50.02,50.02,49.980000000000004,49.99,SLOW GROWTH,35,10
SWARAJ,6319240704.0,MICRO CAP,287.0,14.006833,3.8759167,0.11565,29.454,0.096020006,0.06315,0.119,0.1685,Misc,Unknown,Unknown,2026-05-29,Diversified,0,1,0,49.94,50.02,50.02,50.02,49.980000000000004,49.99,SLOW GROWTH,35,10
SILKFLEX,853694912.0,MICRO CAP,73.55,7.0181303,2.185216,0.11565,29.454,0.096020006,0.06315,0.119,0.1685,Misc,Unknown,Unknown,2026-05-29,Diversified,0,1,0,49.94,50.02,50.02,50.02,49.980000000000004,49.99,SLOW GROWTH,35,10
RCDL,844229568.0,MICRO CAP,35.3,9.463807,1.0034395,0.11565,29.454,0.096020006,0.06315,0.119,0.1685,Misc,Unknown,Unknown,2026-05-29,Diversified,0,1,0,49.94,50.02,50.02,50.02,49.980000000000004,49.99,SLOW GROWTH,35,10
SLONE,843042048.0,MICRO CAP,160.0,11.895911,1.9428085,0.11565,29.454,0.096020006,0.06315,0.119,0.1685,Misc,Unknown,Unknown,2026-05-29,Diversified,0,1,0,49.94,50.02,50.02,50.02,49.980000000000004,49.99,SLOW GROWTH,35,10
NIRMAN,3330022912.0,MICRO CAP,415.75,11.721172,2.6734617,0.11565,29.454,0.096020006,0.06315,0.119,0.1685,Misc,Unknown,Unknown,2026-05-29,Diversified,0,1,0,49.94,50.02,50.02,50.02,49.980000000000004,49.99,SLOW GROWTH,35,10
VMSTMT,2394705664.0,MICRO CAP,48.25,10.651214,0.74893284,0.11565,128.794,0.07394,0.027460001,0.119,0.1685,Misc,Basic Materials,Steel,2026-05-29,Steel,0,1,0,49.94,50.02,50.02,35.78,49.980000000000004,48.57,SLOW GROWTH,35,10
TNPL,10323452928.0,SMALL CAP,149.16000366210938,4.1664805,0.44575003,0.11254,69.638,0.04908,0.053340003,-0.045,9.848,Misc,Basic Materials,Paper & Paper Products,2026-05-29,Paper & Paper Products,0,0,0,17.74,98.59,26.91,26.75,58.165,48.77,SLOW GROWTH,35,10
MANOMAY,3222962944.0,MICRO CAP,178.57000732421875,17.946735,1.8843257,0.12309,203.436,0.0714,0.02764,0.139,0.505,Misc,Consumer Cyclical,Textile Manufacturing,2026-05-29,Textile Manufacturing,0,1,0,61.42,81.18,74.74,34.78,71.30000000000001,68.34,MODERATE GROWTH,35,10
SONUINFRA,786524032.0,MICRO CAP,76.0,5.1212935,1.0359869,0.11565,29.454,0.096020006,0.06315,0.119,0.1685,Misc,Unknown,Unknown,2026-05-29,Diversified,0,1,0,49.94,50.02,50.02,50.02,49.980000000000004,49.99,SLOW GROWTH,35,10
ARIES,4472192000.0,MICRO CAP,343.8999938964844,10.265672,1.398792,0.11565,20.67,0.12064999,0.06337,0.196,0.488,Chemicals,Basic Materials,Agricultural Inputs,2026-05-29,Agrochemicals,0,1,0,69.74,80.55,50.02,63.73,75.145,68.98,MODERATE GROWTH,35,10
IXIGO,73424437248.0,SMALL CAP,167.3800048828125,96.75145,9.702626,0.053260002,2.15,0.06555,0.05874,0.084,0.674,Misc,Consumer Cyclical,Travel Services,2026-05-29,Travel Services,0,0,0,36.27,84.33,13.94,32.59,60.3,48.26,SLOW GROWTH,10,10
MAXESTATES,73708396544.0,SMALL CAP,450.8500061035156,474.57895,2.9064221,0.0053899996,76.296,0.14196,0.05287,-0.087,0.1685,Misc,Real Estate,Real Estate - Development,2026-05-29,Real Estate - Development,0,0,0,14.81,50.02,5.93,70.15,32.415,30.89,WEAK GROWTH,10,10
QUICKTOUCH,1595159424.0,MICRO CAP,135.0,19.911505,0.94500756,0.11565,29.454,0.096020006,0.06315,0.119,0.1685,Misc,Unknown,Unknown,2026-05-29,Diversified,0,1,0,49.94,50.02,50.02,50.02,49.980000000000004,49.99,SLOW GROWTH,35,10
SIDDHIKA,941679552.0,MICRO CAP,152.4,9.060642,2.0037339,0.11565,29.454,0.096020006,0.06315,0.119,0.1685,Misc,Unknown,Unknown,2026-05-29,Diversified,0,1,0,49.94,50.02,50.02,50.02,49.980000000000004,49.99,SLOW GROWTH,35,10
ACCENTMIC,6382436864.0,MICRO CAP,286.9,19.280914,2.479603,0.11565,29.454,0.096020006,0.06315,0.119,0.1685,Misc,Unknown,Unknown,2026-05-29,Diversified,0,1,0,49.94,50.02,50.02,50.02,49.980000000000004,49.99,SLOW GROWTH,35,10
PROLIFE,859756800.0,MICRO CAP,210.0,18.372704,1.8325726,0.11565,29.454,0.096020006,0.06315,0.119,0.1685,Misc,Unknown,Unknown,2026-05-29,Diversified,0,1,0,49.94,50.02,50.02,50.02,49.980000000000004,49.99,SLOW GROWTH,35,10
VSCL,667259584.0,MICRO CAP,52.2,26.656543,-10.079166,0.11565,29.454,0.096020006,0.06315,0.119,0.1685,Misc,Unknown,Unknown,2026-05-29,Diversified,0,1,0,49.94,50.02,50.02,50.02,49.980000000000004,49.99,SLOW GROWTH,28,10
GSPCROP,20528723968.0,SMALL CAP,441.29998779296875,24.82002,3.2497036,0.11565,64.835,0.02417,0.0704,-0.017,0.1685,Chemicals,Basic Materials,Agricultural Inputs,2026-05-29,Agrochemicals,0,0,0,20.74,50.02,50.02,17.98,35.38,36.57,WEAK GROWTH,28,10
MICROPRO,608439488.0,MICRO CAP,42.55,26.656543,1.403503,0.11565,29.454,0.096020006,0.06315,0.119,0.1685,Misc,Unknown,Unknown,2026-05-29,Diversified,0,1,0,49.94,50.02,50.02,50.02,49.980000000000004,49.99,SLOW GROWTH,28,10
ANNAPURNA,5299866624.0,MICRO CAP,301.3,24.716982,2.089459,0.11565,29.454,0.096020006,0.06315,0.119,0.1685,Misc,Unknown,Unknown,2026-05-29,Diversified,0,1,0,49.94,50.02,50.02,50.02,49.980000000000004,49.99,SLOW GROWTH,28,10
INFOLLION,2627879424.0,MICRO CAP,271.0,20.671244,3.9077146,0.11565,29.454,0.096020006,0.06315,0.119,0.1685,Misc,Unknown,Unknown,2026-05-29,Diversified,0,1,0,49.94,50.02,50.02,50.02,49.980000000000004,49.99,SLOW GROWTH,28,10
IFBAGRO,9836871680.0,MICRO CAP,1050.1500244140625,20.56698,1.5031906,0.11565,13.624,0.02078,0.03768,0.159,-0.354,Misc,Consumer Defensive,Beverages - Wineries & Distilleries,2026-05-29,Beverages - Wineries & Distilleries,0,0,0,64.32,11.07,50.02,17.39,37.69499999999999,38.13,WEAK GROWTH,28,10
GLOBALPET,1141610496.0,MICRO CAP,96.85,27.83046,2.2620046,0.11565,29.454,0.096020006,0.06315,0.119,0.1685,Misc,Unknown,Unknown,2026-05-29,Diversified,0,1,0,49.94,50.02,50.02,50.02,49.980000000000004,49.99,SLOW GROWTH,28,10
INSPIRE,449106880.0,MICRO CAP,33.0,26.656543,1.6704632,0.11565,29.454,0.096020006,0.06315,0.119,0.1685,Misc,Unknown,Unknown,2026-05-29,Diversified,0,1,0,49.94,50.02,50.02,50.02,49.980000000000004,49.99,SLOW GROWTH,28,10
NIDAN,458700000.0,MICRO CAP,33.0,23.239437,0.65981525,0.11565,29.454,0.096020006,0.06315,0.119,0.1685,Misc,Unknown,Unknown,2026-05-29,Diversified,0,1,0,49.94,50.02,50.02,50.02,49.980000000000004,49.99,SLOW GROWTH,28,10
SHREEOSFM,2464544000.0,MICRO CAP,160.0,23.59882,3.024289,0.11565,29.454,0.096020006,0.06315,0.119,0.1685,Misc,Unknown,Unknown,2026-05-29,Diversified,0,1,0,49.94,50.02,50.02,50.02,49.980000000000004,49.99,SLOW GROWTH,28,10
RILINFRA,1219557760.0,MICRO CAP,65.55,26.011906,0.9443884,0.11565,29.454,0.096020006,0.06315,0.119,0.1685,Misc,Unknown,Unknown,2026-05-29,Diversified,0,1,0,49.94,50.02,50.02,50.02,49.980000000000004,49.99,SLOW GROWTH,28,10
HOLMARC,1094947456.0,MICRO CAP,108.95,29.287634,3.993329,0.11565,29.454,0.096020006,0.06315,0.119,0.1685,Misc,Unknown,Unknown,2026-05-29,Diversified,0,1,0,49.94,50.02,50.02,50.02,49.980000000000004,49.99,SLOW GROWTH,28,10
SSFL,2386427904.0,MICRO CAP,278.45,20.4442,3.6014073,0.11565,29.454,0.096020006,0.06315,0.119,0.1685,Misc,Unknown,Unknown,2026-05-29,Diversified,0,1,0,49.94,50.02,50.02,50.02,49.980000000000004,49.99,SLOW GROWTH,28,10
SUNDARAM,653951296.0,MICRO CAP,1.3799999952316284,69.0,0.8363637,0.03568,23.312,0.053039998,0.022839999,0.171,0.1685,Misc,Basic Materials,Paper & Paper Products,2026-05-29,Paper & Paper Products,0,1,0,66.04,50.02,10.77,28.32,58.03,45.61,SLOW GROWTH,10,10
CONTI,471264128.0,MICRO CAP,37.1,25.763887,1.6514578,0.11565,29.454,0.096020006,0.06315,0.119,0.1685,Misc,Unknown,Unknown,2026-05-29,Diversified,0,1,0,49.94,50.02,50.02,50.02,49.980000000000004,49.99,SLOW GROWTH,28,10
KONTOR,1051750016.0,MICRO CAP,150.25,22.526237,3.3354793,0.11565,29.454,0.096020006,0.06315,0.119,0.1685,Misc,Unknown,Unknown,2026-05-29,Diversified,0,1,0,49.94,50.02,50.02,50.02,49.980000000000004,49.99,SLOW GROWTH,28,10
BLUEPEBBLE,1077323904.0,MICRO CAP,264.05,21.277195,3.8178477,0.11565,29.454,0.096020006,0.06315,0.119,0.1685,Misc,Unknown,Unknown,2026-05-29,Diversified,0,1,0,49.94,50.02,50.02,50.02,49.980000000000004,49.99,SLOW GROWTH,28,10
AUROIMPEX,983384448.0,MICRO CAP,80.6,21.26649,2.014849,0.11565,29.454,0.096020006,0.06315,0.119,0.1685,Misc,Unknown,Unknown,2026-05-29,Diversified,0,1,0,49.94,50.02,50.02,50.02,49.980000000000004,49.99,SLOW GROWTH,28,10
DCG,2534591488.0,MICRO CAP,139.65,31.311657,2.9783738,0.11565,29.454,0.096020006,0.06315,0.119,0.1685,Misc,Unknown,Unknown,2026-05-29,Diversified,0,1,0,49.94,50.02,50.02,50.02,49.980000000000004,49.99,SLOW GROWTH,28,10
LLOYDS,2553412096.0,MICRO CAP,107.0,26.656543,0.7565259,0.11565,29.454,0.096020006,0.06315,0.119,0.1685,Misc,Unknown,Unknown,2026-05-29,Diversified,0,1,0,49.94,50.02,50.02,50.02,49.980000000000004,49.99,SLOW GROWTH,28,10
APOLSINHOT,3183149568.0,MICRO CAP,1224.0999755859375,32.002613,2.0859747,0.11565,53.838,0.03678,0.01688,0.145,-0.593,Misc,Industrials,Specialty Business Services,2026-05-29,Specialty Business Services,0,0,0,62.38,5.91,50.02,22.29,34.145,36.13,WEAK GROWTH,28,10
TCIEXP,19171076096.0,SMALL CAP,499.0,22.795797,2.3736472,0.11565,1.735,0.084189996,0.06967,0.059,0.149,Misc,Industrials,Integrated Freight & Logistics,2026-05-29,Integrated Freight & Logistics,0,0,0,31.59,31.59,50.02,39.68,31.59,36.09,WEAK GROWTH,28,10
BOROLTD,26818721792.0,SMALL CAP,224.25999450683594,35.939102,3.0084245,0.088120006,16.696,0.03229,0.06243,0.052,-0.054,Misc,Consumer Cyclical,"Furnishings, Fixtures & Appliances",2026-05-29,"Furnishings, Fixtures & Appliances",0,0,0,30.12,20.7,20.45,20.76,25.41,23.95,WEAK GROWTH,10,10
MHRIL,44810563584.0,SMALL CAP,222.19000244140625,64.59012,5.762039,0.08522,488.662,0.108,0.02323,0.053,-0.431,Misc,Consumer Cyclical,Resorts & Casinos,2026-05-29,Resorts & Casinos,0,0,0,30.45,9.2,19.86,60.09,19.825,23.86,WEAK GROWTH,10,10
SUNDROP,25616896000.0,SMALL CAP,679.5499877929688,127.734955,1.771867,0.0138,29.454,0.06032,0.012990001,0.005,0.139,Misc,Consumer Defensive,Packaged Foods,2026-05-29,Packaged Foods,0,0,0,23.25,30.98,7.79,30.75,27.115000000000002,23.61,WEAK GROWTH,10,10
ORCHPHARMA,41259991040.0,SMALL CAP,813.5,201.36139,3.2029955,0.11565,29.454,-0.12264,-0.29572,-0.015,0.1685,Misc,Healthcare,Drug Manufacturers - Specialty & Generic,2026-05-29,Drug Manufacturers - Specialty & Generic,0,0,0,20.96,50.02,50.02,7.05,35.49,35.55,WEAK GROWTH,10,10
KALYANI,138090000.0,MICRO CAP,138.09,5.9215264,2.3828507,0.11565,29.454,0.0,0.0,0.119,0.1685,Misc,Consumer Cyclical,Auto & Truck Dealerships,2026-05-29,Auto & Truck Dealerships,0,1,0,49.94,50.02,50.02,13.04,49.980000000000004,46.29,SLOW GROWTH,25,10
YASHOPTICS,2436935168.0,MICRO CAP,98.4,26.170214,2.6059325,0.11565,29.454,0.096020006,0.06315,0.119,0.1685,Misc,Unknown,Unknown,2026-05-29,Diversified,0,1,0,49.94,50.02,50.02,50.02,49.980000000000004,49.99,SLOW GROWTH,28,10
SHUBHLAXMI,295814400.0,MICRO CAP,33.6,30.825686,1.414558,0.11565,29.454,0.096020006,0.06315,0.119,0.1685,Misc,Unknown,Unknown,2026-05-29,Diversified,0,1,0,49.94,50.02,50.02,50.02,49.980000000000004,49.99,SLOW GROWTH,28,10
DYNAMIC,6451039744.0,MICRO CAP,274.3,32.423164,2.9888313,0.11565,29.454,0.096020006,0.06315,0.119,0.1685,Misc,Unknown,Unknown,2026-05-29,Diversified,0,1,0,49.94,50.02,50.02,50.02,49.980000000000004,49.99,SLOW GROWTH,28,10
SYLVANPLY,2341448192.0,MICRO CAP,120.85,32.31283,1.8133938,0.11565,29.454,0.096020006,0.06315,0.119,0.1685,Misc,Unknown,Unknown,2026-05-29,Diversified,0,1,0,49.94,50.02,50.02,50.02,49.980000000000004,49.99,SLOW GROWTH,28,10
FROG,4959154176.0,MICRO CAP,319.35,28.692722,3.1006963,0.11565,29.454,0.096020006,0.06315,0.119,0.1685,Misc,Unknown,Unknown,2026-05-29,Diversified,0,1,0,49.94,50.02,50.02,50.02,49.980000000000004,49.99,SLOW GROWTH,28,10
IEML,5031919616.0,MICRO CAP,358.5,30.304312,4.7482815,0.11565,29.454,0.096020006,0.06315,0.119,0.1685,Misc,Unknown,Unknown,2026-05-29,Diversified,0,1,0,49.94,50.02,50.02,50.02,49.980000000000004,49.99,SLOW GROWTH,28,10
EFFWA,5069229568.0,MICRO CAP,219.0,25.172415,4.8292136,0.11565,29.454,0.096020006,0.06315,0.119,0.1685,Misc,Unknown,Unknown,2026-05-29,Diversified,0,1,0,49.94,50.02,50.02,50.02,49.980000000000004,49.99,SLOW GROWTH,28,10
HOMESFY,2135744384.0,MICRO CAP,662.0,26.656543,5.199783,0.11565,29.454,0.096020006,0.06315,0.119,0.1685,Misc,Unknown,Unknown,2026-05-29,Diversified,0,1,0,49.94,50.02,50.02,50.02,49.980000000000004,49.99,SLOW GROWTH,28,10
DIGIKORE,6324567552.0,MICRO CAP,499.35,25.030075,15.449708,0.11565,29.454,0.096020006,0.06315,0.119,0.1685,Misc,Unknown,Unknown,2026-05-29,Diversified,0,1,0,49.94,50.02,50.02,50.02,49.980000000000004,49.99,SLOW GROWTH,28,10
AGARWALFT,615334272.0,MICRO CAP,84.95,20.035378,0.030849626,0.11565,29.454,0.096020006,0.06315,0.119,0.1685,Misc,Unknown,Unknown,2026-05-29,Diversified,0,1,0,49.94,50.02,50.02,50.02,49.980000000000004,49.99,SLOW GROWTH,28,10
KCEIL,4047527936.0,MICRO CAP,369.3,23.87201,4.3804193,0.11565,29.454,0.096020006,0.06315,0.119,0.1685,Misc,Unknown,Unknown,2026-05-29,Diversified,0,1,0,49.94,50.02,50.02,50.02,49.980000000000004,49.99,SLOW GROWTH,28,10
NIMBSPROJ,4153528320.0,MICRO CAP,215.0,26.656543,0.8428398,0.11565,29.454,0.096020006,0.06315,0.119,0.1685,Misc,Unknown,Unknown,2026-05-29,Diversified,0,1,0,49.94,50.02,50.02,50.02,49.980000000000004,49.99,SLOW GROWTH,28,10
DTL,1538958336.0,MICRO CAP,186.3,26.656543,8.411594,0.11565,29.454,0.096020006,0.06315,0.119,0.1685,Misc,Unknown,Unknown,2026-05-29,Diversified,0,1,0,49.94,50.02,50.02,50.02,49.980000000000004,49.99,SLOW GROWTH,28,10
BAWEJA,1543261312.0,MICRO CAP,83.75,22.820164,1.476031,0.11565,29.454,0.096020006,0.06315,0.119,0.1685,Misc,Unknown,Unknown,2026-05-29,Diversified,0,1,0,49.94,50.02,50.02,50.02,49.980000000000004,49.99,SLOW GROWTH,28,10
FELIX,3839397888.0,MICRO CAP,280.8,26.742855,2.5195606,0.11565,29.454,0.096020006,0.06315,0.119,0.1685,Misc,Unknown,Unknown,2026-05-29,Diversified,0,1,0,49.94,50.02,50.02,50.02,49.980000000000004,49.99,SLOW GROWTH,28,10
CELLPOINT,637178944.0,MICRO CAP,34.1,28.65546,0.8577321,0.11565,29.454,0.096020006,0.06315,0.119,0.1685,Misc,Unknown,Unknown,2026-05-29,Diversified,0,1,0,49.94,50.02,50.02,50.02,49.980000000000004,49.99,SLOW GROWTH,28,10
WTICAB,6644692480.0,MICRO CAP,279.05,24.47807,3.5688705,0.11565,29.454,0.096020006,0.06315,0.119,0.1685,Misc,Unknown,Unknown,2026-05-29,Diversified,0,1,0,49.94,50.02,50.02,50.02,49.980000000000004,49.99,SLOW GROWTH,28,10
MHHL,1040358080.0,MICRO CAP,57.05,26.656543,1.0278909,0.11565,29.454,0.096020006,0.06315,0.119,0.1685,Misc,Unknown,Unknown,2026-05-29,Diversified,0,1,0,49.94,50.02,50.02,50.02,49.980000000000004,49.99,SLOW GROWTH,28,10
SATIPOLY,1218940800.0,MICRO CAP,246.4,26.656543,7.1648736,0.11565,29.454,0.096020006,0.06315,0.119,0.1685,Misc,Unknown,Unknown,2026-05-29,Diversified,0,1,0,49.94,50.02,50.02,50.02,49.980000000000004,49.99,SLOW GROWTH,28,10
SHREEKARNI,5516160000.0,MICRO CAP,780.0,33.868866,5.253799,0.11565,29.454,0.096020006,0.06315,0.119,0.1685,Misc,Unknown,Unknown,2026-05-29,Diversified,0,1,0,49.94,50.02,50.02,50.02,49.980000000000004,49.99,SLOW GROWTH,28,10
POLYSIL,368585440.0,MICRO CAP,32.5,26.656543,1.0825034,0.11565,29.454,0.096020006,0.06315,0.119,0.1685,Misc,Unknown,Unknown,2026-05-29,Diversified,0,1,0,49.94,50.02,50.02,50.02,49.980000000000004,49.99,SLOW GROWTH,28,10
BIRDYS,374990400.0,MICRO CAP,72.0,26.656543,1.7911785,0.11565,29.454,0.096020006,0.06315,0.119,0.1685,Misc,Unknown,Unknown,2026-05-29,Diversified,0,1,0,49.94,50.02,50.02,50.02,49.980000000000004,49.99,SLOW GROWTH,28,10
VERITAAS,386751008.0,MICRO CAP,137.0,25.276752,3.0778906,0.11565,29.454,0.096020006,0.06315,0.119,0.1685,Misc,Unknown,Unknown,2026-05-29,Diversified,0,1,0,49.94,50.02,50.02,50.02,49.980000000000004,49.99,SLOW GROWTH,28,10
DOLLEX,989311360.0,MICRO CAP,37.1,23.48101,0.88451266,0.11565,29.454,0.096020006,0.06315,0.119,0.1685,Misc,Unknown,Unknown,2026-05-29,Diversified,0,1,0,49.94,50.02,50.02,50.02,49.980000000000004,49.99,SLOW GROWTH,28,10
SHERA,4395872256.0,MICRO CAP,192.9,24.762516,2.8303132,0.11565,29.454,0.096020006,0.06315,0.119,0.1685,Misc,Unknown,Unknown,2026-05-29,Diversified,0,1,0,49.94,50.02,50.02,50.02,49.980000000000004,49.99,SLOW GROWTH,28,10
DRONE,8466799104.0,MICRO CAP,347.0,26.656543,13.857827,0.11565,29.454,0.096020006,0.06315,0.119,0.1685,Misc,Unknown,Unknown,2026-05-29,Diversified,0,1,0,49.94,50.02,50.02,50.02,49.980000000000004,49.99,SLOW GROWTH,28,10
SHIGAN,2296996096.0,MICRO CAP,113.0,31.38889,2.4073286,0.11565,29.454,0.096020006,0.06315,0.119,0.1685,Misc,Unknown,Unknown,2026-05-29,Diversified,0,1,0,49.94,50.02,50.02,50.02,49.980000000000004,49.99,SLOW GROWTH,28,10
ZEAL,2522197760.0,MICRO CAP,189.5,25.233023,2.9418156,0.11565,29.454,0.096020006,0.06315,0.119,0.1685,Misc,Unknown,Unknown,2026-05-29,Diversified,0,1,0,49.94,50.02,50.02,50.02,49.980000000000004,49.99,SLOW GROWTH,28,10
ALLETEC,6951844864.0,MICRO CAP,344.25,23.213081,4.4795637,0.11565,29.454,0.096020006,0.06315,0.119,0.1685,Misc,Unknown,Unknown,2026-05-29,Diversified,0,1,0,49.94,50.02,50.02,50.02,49.980000000000004,49.99,SLOW GROWTH,28,10
GREENCHEF,1754696832.0,MICRO CAP,75.4,29.453127,1.5128108,0.11565,29.454,0.096020006,0.06315,0.119,0.1685,Misc,Unknown,Unknown,2026-05-29,Diversified,0,1,0,49.94,50.02,50.02,50.02,49.980000000000004,49.99,SLOW GROWTH,28,10
THOMASCOOK,44062863360.0,SMALL CAP,93.25,19.882729,1.8463883,0.09263,21.373,0.02104,0.02606,-0.103,-0.403,Misc,Consumer Cyclical,Travel Services,2026-05-29,Travel Services,0,0,0,13.73,9.73,21.35,17.51,11.73,14.23,WEAK GROWTH,25,10
FINOPB,10686074880.0,SMALL CAP,128.41000366210938,15.433895,1.3320816,0.067600004,29.454,0.01733,0.0356,-0.311,-0.705,Financials,Financial Services,Banks - Regional,2026-05-29,Private Sector Banks,0,0,0,5.72,4.03,16.33,16.26,4.875,8.3,WEAK GROWTH,25,10
SICAGEN,2334729472.0,MICRO CAP,59.0,12.910284,0.45341715,0.03692,32.125,0.0272,0.01856,0.104,0.13,Misc,Basic Materials,Steel,2026-05-29,Steel,0,1,0,39.66,30.47,11.05,18.8,35.065,28.64,WEAK GROWTH,25,10
NILKAMAL,19314262016.0,SMALL CAP,1290.0,16.653757,1.2204617,0.075679995,26.488,0.06068,0.03059,0.08,0.22,Misc,Consumer Cyclical,"Furnishings, Fixtures & Appliances",2026-05-29,"Furnishings, Fixtures & Appliances",0,0,0,35.55,70.54,17.98,31.02,53.045,43.83,SLOW GROWTH,25,10
JITFINFRA,7936019456.0,MICRO CAP,308.75,26.656543,-1.4702101,0.11565,29.454,0.14483,-0.01714,0.141,0.1685,Industrials,Industrials,Engineering & Construction,2026-05-29,Engineering & EPC,0,1,0,61.71,50.02,50.02,70.74,55.865,56.18,MODERATE GROWTH,23,10
MSPL,24281569280.0,SMALL CAP,42.84000015258789,26.656543,2.6607044,0.11565,30.822,0.02928,-0.03051,-0.109,-0.46,Misc,Basic Materials,Steel,2026-05-29,Steel,0,0,0,13.49,8.79,50.02,19.9,11.14,19.79,WEAK GROWTH,23,10
SDBL,17923172352.0,SMALL CAP,86.20999908447266,20.142523,2.1043768,0.11565,29.454,-0.4439,0.06899,-0.7896912,0.1685,Misc,Consumer Defensive,Beverages - Brewers,2026-05-29,Beverages - Brewers,0,0,0,0.53,50.02,50.02,3.76,25.275000000000002,28.07,WEAK GROWTH,23,10
BAJAJELEC,37202628608.0,SMALL CAP,322.3999938964844,26.656543,2.4171722,0.11565,84.783,-0.02102,0.00795,-0.185,0.1685,Misc,Consumer Cyclical,"Furnishings, Fixtures & Appliances",2026-05-29,"Furnishings, Fixtures & Appliances",0,0,0,9.34,50.02,50.02,10.58,29.68,31.84,WEAK GROWTH,23,10
PDSL,42221830144.0,SMALL CAP,297.8500061035156,37.798225,2.387269,0.09936,67.994,0.02438,0.00852,-0.003,0.224,Misc,Industrials,Specialty Business Services,2026-05-29,Specialty Business Services,0,0,0,22.41,70.7,23.42,18.06,46.555,39.08,WEAK GROWTH,10,10
EPACK,21891979264.0,SMALL CAP,227.5,538.1866320000008,2.2795818,0.00341,76.95,0.01979,0.00171,-0.081,-0.9306128,Misc,Consumer Cyclical,"Furnishings, Fixtures & Appliances",2026-05-29,"Furnishings, Fixtures & Appliances",0,0,0,15.08,0.53,5.44,16.84,7.805,8.24,WEAK GROWTH,10,10
MIRCELECTR,15791522816.0,SMALL CAP,42.75,26.656543,8.093525,0.11565,32.644,-0.11807,0.02544,-0.284,0.1685,Misc,Consumer Cyclical,"Furnishings, Fixtures & Appliances",2026-05-29,"Furnishings, Fixtures & Appliances",0,0,0,6.31,50.02,50.02,7.27,28.165000000000003,30.45,WEAK GROWTH,23,10
EASEMYTRIP,26876344320.0,SMALL CAP,7.389999866485596,26.656543,3.1037378,0.11565,4.102,0.10265,-0.01942,0.007,-0.778,Misc,Consumer Cyclical,Travel Services,2026-05-29,Travel Services,0,0,0,23.36,2.9,50.02,58.17,13.129999999999999,25.01,WEAK GROWTH,23,10
HGS,19305918464.0,SMALL CAP,415.0,26.656543,0.24228173,0.11565,23.446,-0.28488,0.01006,0.011,0.1685,Misc,Industrials,Specialty Business Services,2026-05-29,Specialty Business Services,0,0,0,23.91,50.02,50.02,5.13,36.965,36.39,WEAK GROWTH,23,10
AARON,2628783104.0,MICRO CAP,125.5,37.574852,5.9061604,0.14835,57.079,0.15099,0.07388,0.133,-0.144,Misc,Industrials,Specialty Industrial Machinery,2026-05-29,Specialty Industrial Machinery,0,0,0,60.28,17.47,81.39,72.39,38.875,50.73,SLOW GROWTH,27,10
NETWORK18,49809727488.0,SMALL CAP,32.25,32.575756,1.0006516,0.031689998,65.925,-0.00214,0.07177,0.097,0.1685,Misc,Communication Services,Entertainment,2026-05-29,Entertainment,0,0,0,38.92,50.02,10.34,12.42,44.47,34.44,WEAK GROWTH,13,10
CHEMPLASTS,34248114176.0,SMALL CAP,216.61000061035156,26.656543,1.9519866,-0.14641,111.239,0.11131,-0.06582,0.091,0.1685,Misc,Basic Materials,Chemicals,2026-05-29,Chemicals,0,0,0,37.54,50.02,1.68,61.22,43.78,37.1,WEAK GROWTH,13,10
ZEEL,90192773120.0,SMALL CAP,93.9000015258789,33.297874,0.78490704,0.02332,2.26,-0.15602,0.03372,-0.073,0.1685,Media,Communication Services,Broadcasting,2026-05-29,Broadcasting,0,0,0,15.71,50.02,9.24,6.62,32.865,25.52,WEAK GROWTH,13,10
CURAA,891000000.0,MICRO CAP,90.0,26.656543,11.307953,0.11565,55.07,0.14262,-0.68138003,0.119,0.1685,Technology,Technology,Software - Application,2026-05-29,SaaS,0,1,0,49.94,50.02,50.02,70.35,49.980000000000004,52.03,SLOW GROWTH,23,10
TIL,14375179264.0,SMALL CAP,181.0,26.656543,14.441874,0.11565,344.424,0.07803,-0.03494,0.078,0.1685,Misc,Industrials,Farm & Heavy Construction Machinery,2026-05-29,Farm & Heavy Construction Machinery,0,0,0,35.14,50.02,50.02,37.64,42.58,43.57,SLOW GROWTH,23,10
PANACEABIO,25311870976.0,SMALL CAP,413.25,26.656543,3.0664036,0.11565,2.786,0.019919999,-0.01285,0.01,-0.122,Healthcare,Healthcare,Biotechnology,2026-05-29,Biotechnology,0,0,0,23.74,18.02,50.02,17.02,20.88,26.32,WEAK GROWTH,23,10
THEMISMED,10539503616.0,SMALL CAP,113.47000122070312,26.656543,2.7682362,0.11565,25.148,0.07994,-0.05159,-0.039,14.661280000000012,Misc,Healthcare,Drug Manufacturers - Specialty & Generic,2026-05-29,Drug Manufacturers - Specialty & Generic,0,0,0,18.31,99.51,50.02,38.27,58.910000000000004,55.07,MODERATE GROWTH,23,10
KITEX,32420743168.0,SMALL CAP,162.50999450683594,26.656543,3.020632,0.11565,97.59,-0.02585,0.05352,-0.341,0.1685,Misc,Consumer Cyclical,Apparel Manufacturing,2026-05-29,Apparel Manufacturing,0,0,0,5.19,50.02,50.02,10.26,27.605,30.35,WEAK GROWTH,23,10
RTNINDIA,49145786368.0,SMALL CAP,35.59000015258789,26.656543,4.759294,0.11565,107.296,0.01517,0.0,0.044,0.1685,Misc,Consumer Cyclical,Internet Retail,2026-05-29,Internet Retail,0,0,0,28.91,50.02,50.02,15.67,39.465,39.2,WEAK GROWTH,23,10
UCAL,2189248768.0,MICRO CAP,99.0,26.656543,0.63343376,0.11565,56.888,0.04401,-0.05073,0.182,0.1685,Automobiles,Consumer Cyclical,Auto Parts,2026-05-29,Auto Components,0,1,0,67.76,50.02,50.02,24.87,58.89,53.71,SLOW GROWTH,23,10
DANGEE,523515040.0,MICRO CAP,3.4000000953674316,26.656543,3.1365316,0.11565,121.846,0.07442,-0.017549999,0.153,1.355,Hospitality,Consumer Cyclical,Restaurants,2026-05-29,Restaurants,0,1,0,63.49,90.6,50.02,35.96,77.045,67.53,MODERATE GROWTH,23,10
CAMLINFINE,24228515840.0,SMALL CAP,126.12999725341797,26.656543,2.648677,0.11565,78.095,0.0116,-0.034479998,0.055,0.1685,Chemicals,Basic Materials,Specialty Chemicals,2026-05-29,Specialty Chemicals,0,0,0,30.85,50.02,50.02,15.08,40.435,39.82,WEAK GROWTH,23,10
FINKURVE,8062483456.0,MICRO CAP,57.529998779296875,35.95625,2.3124847,0.09413,244.293,0.24681,0.18761,-0.121,0.867,Financials,Financial Services,Credit Services,2026-05-29,NBFC – Lending,0,0,0,12.14,86.92,21.82,85.19,49.53,47.55,SLOW GROWTH,22,10
RENUKA,49955651584.0,SMALL CAP,23.469999313354492,26.656543,-1.8798559,0.11565,29.454,0.06003,-0.08647,-0.061,0.1685,Misc,Consumer Defensive,Confectioners,2026-05-29,Confectioners,0,0,0,16.59,50.02,50.02,30.71,33.305,36.39,WEAK GROWTH,23,10
TOUCHWOOD,785660352.0,MICRO CAP,70.9000015258789,16.412037,1.8807364,0.094399996,7.901,0.04133,0.0539,0.124,-0.516,Misc,Communication Services,Advertising Agencies,2026-05-29,Advertising Agencies,0,0,0,58.75,7.17,21.9,23.82,32.96,29.83,WEAK GROWTH,25,10
DALMIASUG,27584114688.0,SMALL CAP,340.79998779296875,11.703296,0.8585226,0.07285,55.74,0.13453001,0.06542,-0.027,-0.498,Misc,Consumer Defensive,Confectioners,2026-05-29,Confectioners,0,0,0,19.74,7.89,17.51,67.57,13.815,19.93,WEAK GROWTH,25,10
TPHQ,570034176.0,MICRO CAP,0.5199999809265137,8.666667,0.6557377,0.11565,1.018,-0.12038,0.0,0.119,0.1685,Industrials,Industrials,Engineering & Construction,2026-05-29,Engineering & EPC,0,1,0,49.94,50.02,50.02,7.13,49.980000000000004,45.7,SLOW GROWTH,25,10
AARTIPHARM,58592104448.0,SMALL CAP,646.2999877929688,33.556595,2.7587237,0.08492,35.506,0.18625,0.09551,0.048,-0.308,Misc,Healthcare,Drug Manufacturers - Specialty & Generic,2026-05-29,Drug Manufacturers - Specialty & Generic,0,0,0,29.51,12.38,19.82,78.34,20.945,26.46,WEAK GROWTH,25,10
SUNCLAY,29107548160.0,SMALL CAP,1320.300048828125,11.535034,3.329173,0.11565,186.6,-0.01702,-0.014450001,-0.051,0.1685,Misc,Industrials,Metal Fabrication,2026-05-29,Metal Fabrication,0,0,0,17.18,50.02,50.02,10.81,33.6,34.61,WEAK GROWTH,25,10
MODTHREAD,1575314688.0,MICRO CAP,45.29999923706055,13.644578,2.3828507,0.11565,29.454,0.0,0.0,0.119,0.1685,Misc,Consumer Cyclical,Textile Manufacturing,2026-05-29,Textile Manufacturing,0,1,0,49.94,50.02,50.02,13.04,49.980000000000004,46.29,SLOW GROWTH,25,10
OCCLLTD,5844204032.0,MICRO CAP,117.0,12.251308,2.3828507,0.11565,29.454,0.0,0.0,0.119,0.1685,Misc,Basic Materials,Chemicals,2026-05-29,Chemicals,0,1,0,49.94,50.02,50.02,13.04,49.980000000000004,46.29,SLOW GROWTH,25,10
PRUDMOULI,500873536.0,MICRO CAP,15.529999732971191,8.925287,2.3828507,0.11565,29.454,0.0,0.0,0.119,0.1685,Misc,Consumer Defensive,Confectioners,2026-05-29,Confectioners,0,1,0,49.94,50.02,50.02,13.04,49.980000000000004,46.29,SLOW GROWTH,25,10
NIRAJISPAT,137640000.0,MICRO CAP,229.39999389648438,8.974961,2.3828507,0.11565,29.454,0.0,0.0,0.119,0.1685,Misc,Consumer Cyclical,Apparel Manufacturing,2026-05-29,Apparel Manufacturing,0,1,0,49.94,50.02,50.02,13.04,49.980000000000004,46.29,SLOW GROWTH,25,10
NEXTMEDIA,268909504.0,MICRO CAP,4.019999980926514,3.373465592,-1.0760171,0.11565,29.454,0.0,0.0,0.119,0.1685,Media,Communication Services,Broadcasting,2026-05-29,Broadcasting,0,1,0,49.94,50.02,50.02,13.04,49.980000000000004,46.29,SLOW GROWTH,25,10
PRAKASH,26636634112.0,SMALL CAP,148.74000549316406,8.001076,0.7768319,0.09646,14.363,0.10972,0.094960004,0.089,0.028,Misc,Basic Materials,Steel,2026-05-29,Steel,0,0,0,37.09,24.77,22.29,60.87,30.93,32.2,WEAK GROWTH,25,10
SWELECTES,10197987328.0,SMALL CAP,656.4000244140625,18.023066,1.0667188,0.06288,83.572,0.11247,0.08396,-0.075,0.133,Misc,Technology,Solar,2026-05-29,Solar,0,0,0,15.51,30.63,15.43,61.73,23.07,25.41,WEAK GROWTH,25,10
CPEDU,3374790400.0,MICRO CAP,185.5,15.868264,2.3828507,0.11565,29.454,0.0,0.0,0.119,0.1685,Misc,Consumer Defensive,Education & Training Services,2026-05-29,Education & Training Services,0,1,0,49.94,50.02,50.02,13.04,49.980000000000004,46.29,SLOW GROWTH,25,10
UMAEXPORTS,889198528.0,MICRO CAP,26.299999237060547,26.656543,0.45152536,0.11565,95.923,0.00912,-0.00281,0.133,-0.406,Misc,Consumer Defensive,Farm Products,2026-05-29,Farm Products,0,0,0,60.28,9.64,50.02,14.53,34.96,35.93,WEAK GROWTH,23,10
AAATECH,1228037760.0,MICRO CAP,95.73999786376953,38.918697,3.988668,0.11565,29.454,0.11416,0.12382,-0.31,-0.186,Technology,Technology,Information Technology Services,2026-05-29,IT Services,0,0,0,5.8,15.73,50.02,62.2,10.765,23.76,WEAK GROWTH,25,10
CENTENKA,10707879936.0,SMALL CAP,490.04998779296875,10.620936,0.715901,0.06922,1.482,0.08438,0.05913,0.089,4.835,Misc,Consumer Cyclical,Textile Manufacturing,2026-05-29,Textile Manufacturing,0,0,0,37.09,97.1,16.61,39.8,67.095,54.27,SLOW GROWTH,25,10
NCC,95834505216.0,SMALL CAP,152.63999938964844,14.185873,1.2740704,0.093219995,43.056,0.07795,0.03243,0.017,-0.188,Industrials,Industrials,Engineering & Construction,2026-05-29,Engineering & EPC,0,0,0,24.76,15.61,21.5,37.56,20.185000000000002,22.19,WEAK GROWTH,25,10
CHEMBOND,2287553792.0,MICRO CAP,170.10000610351562,17.71875,1.3709451,0.07979,2.49,0.078,0.05155,0.119,0.1685,Chemicals,Basic Materials,Specialty Chemicals,2026-05-29,Specialty Chemicals,0,1,0,49.94,50.02,18.84,37.6,49.980000000000004,42.51,SLOW GROWTH,25,10
PARKHOTELS,25122682880.0,SMALL CAP,117.73999786376953,31.230768,1.860796,0.05005,27.784,0.18704,0.092159994,0.04,-0.549,Misc,Consumer Cyclical,Lodging,2026-05-29,Lodging,0,0,0,28.32,6.64,13.4,78.46,17.48,22.76,WEAK GROWTH,25,10
BIRLACORPN,76936036352.0,SMALL CAP,999.0999755859375,13.807352,1.0446717,0.07755,46.04,0.13252,0.05775,0.008,0.149,Misc,Basic Materials,Building Materials,2026-05-29,Building Materials,0,0,0,23.5,31.59,18.49,66.9,27.545,29.67,WEAK GROWTH,25,10
ROLLT,485252224.0,MICRO CAP,1.940000057220459,3.373465592,-7.080292,0.11565,29.454,0.0,0.0,0.119,0.1685,Misc,Real Estate,Real Estate Services,2026-05-29,Real Estate Services,0,1,0,49.94,50.02,50.02,13.04,49.980000000000004,46.29,SLOW GROWTH,25,10
MANINDS,37947338752.0,SMALL CAP,505.8999938964844,19.177408,1.969494,0.09231,30.097,0.10112,0.04745,-0.05,-0.206,Misc,Basic Materials,Steel,2026-05-29,Steel,0,0,0,17.31,14.96,21.23,57.93,16.134999999999998,21.33,WEAK GROWTH,25,10
PATELENG,26588526592.0,SMALL CAP,27.84000015258789,9.802817,0.65128905,0.0655,27.377,0.1333,0.052750003,-0.118,-0.023,Industrials,Industrials,Engineering & Construction,2026-05-29,Engineering & EPC,0,0,0,12.5,21.84,15.94,67.18,17.17,21.92,WEAK GROWTH,25,10
ROUTE,32370980864.0,SMALL CAP,513.7999877929688,13.542436,1.2795291,0.09722,1.488,0.099580005,0.05422,-0.038,0.932,Telecom,Communication Services,Telecom Services,2026-05-29,Telecom Services,0,0,0,18.45,87.7,22.52,57.34,53.075,47.39,SLOW GROWTH,25,10
XPROINDIA,27432196096.0,SMALL CAP,1168.800048828125,137.50589,4.0009584,0.02777,40.676,0.08164,0.03869,-0.151,0.897,Chemicals,Basic Materials,Specialty Chemicals,2026-05-29,Specialty Chemicals,0,0,0,10.56,87.35,9.87,38.86,48.955,40.13,SLOW GROWTH,10,10
SULA,13462577152.0,SMALL CAP,159.4199981689453,52.61386,2.285624,0.043709997,56.679,0.13083,0.04614,0.073,-0.342,Misc,Consumer Defensive,Beverages - Wineries & Distilleries,2026-05-29,Beverages - Wineries & Distilleries,0,0,0,34.45,11.34,12.22,66.47,22.895000000000003,25.12,WEAK GROWTH,10,10
LUXIND,41949995008.0,SMALL CAP,1395.0,40.42307,2.3617048,0.06,33.964,0.06452,0.03506,0.068,-0.087,Misc,Consumer Cyclical,Apparel Manufacturing,2026-05-29,Apparel Manufacturing,0,0,0,33.35,19.35,15.04,32.22,26.35,24.68,WEAK GROWTH,10,10
KANORICHEM,4285442048.0,MICRO CAP,98.08000183105469,26.656543,0.7476693,0.05978,50.841,0.05969,0.12307,-0.294,0.1685,Misc,Basic Materials,Chemicals,2026-05-29,Chemicals,0,0,0,6.03,50.02,14.96,30.47,28.025000000000002,25.66,WEAK GROWTH,23,10
VINDHYATEL,26052935680.0,SMALL CAP,2198.39990234375,11.833987,0.6131817,0.05311,34.118,0.06415,0.061279997,-0.18,-0.059,Industrials,Industrials,Engineering & Construction,2026-05-29,Engineering & EPC,0,0,0,9.6,20.41,13.91,32.04,15.004999999999999,16.49,WEAK GROWTH,25,10
WHEELS,39163674624.0,SMALL CAP,1602.9000244140625,25.294304,3.7597017,0.11565,29.454,0.04892,0.03187,0.025,-0.098,Automobiles,Consumer Cyclical,Auto Parts,2026-05-29,Auto Components,0,0,0,26.11,19.02,50.02,26.71,22.564999999999998,28.47,WEAK GROWTH,28,10
GOYALSALT,3125383680.0,MICRO CAP,174.6,23.594595,4.6721973,0.11565,29.454,0.096020006,0.06315,0.119,0.1685,Misc,Unknown,Unknown,2026-05-29,Diversified,0,1,0,49.94,50.02,50.02,50.02,49.980000000000004,49.99,SLOW GROWTH,28,10
IONEXCHANG,45730127872.0,SMALL CAP,372.0,30.871368,3.4117172,0.11233,35.976,0.0478,0.04753,0.086,-0.619,Misc,Industrials,Pollution & Treatment Controls,2026-05-29,Pollution & Treatment Controls,0,0,0,36.55,5.44,26.87,26.36,20.994999999999997,22.71,WEAK GROWTH,28,10
PYRAMID,6037242368.0,MICRO CAP,163.6999969482422,20.617128,2.3058286,0.10957,66.496,0.0817,0.04232,0.138,0.572,Misc,Consumer Cyclical,Packaging & Containers,2026-05-29,Packaging & Containers,0,1,0,61.22,82.49,25.97,38.93,71.85499999999999,59.39,MODERATE GROWTH,28,10
SADHAV,3103036160.0,MICRO CAP,216.2,27.263556,2.9908972,0.11565,29.454,0.096020006,0.06315,0.119,0.1685,Misc,Unknown,Unknown,2026-05-29,Diversified,0,1,0,49.94,50.02,50.02,50.02,49.980000000000004,49.99,SLOW GROWTH,28,10
PROPEQUITY,3070732544.0,MICRO CAP,292.95,22.05949,2.91687,0.11565,29.454,0.096020006,0.06315,0.119,0.1685,Misc,Unknown,Unknown,2026-05-29,Diversified,0,1,0,49.94,50.02,50.02,50.02,49.980000000000004,49.99,SLOW GROWTH,28,10
BABAFP,866115712.0,MICRO CAP,53.05,26.928934,1.3412044,0.11565,29.454,0.096020006,0.06315,0.119,0.1685,Misc,Unknown,Unknown,2026-05-29,Diversified,0,1,0,49.94,50.02,50.02,50.02,49.980000000000004,49.99,SLOW GROWTH,28,10
WINSOL,4370110464.0,MICRO CAP,378.85,32.187763,7.7393723,0.11565,29.454,0.096020006,0.06315,0.119,0.1685,Misc,Unknown,Unknown,2026-05-29,Diversified,0,1,0,49.94,50.02,50.02,50.02,49.980000000000004,49.99,SLOW GROWTH,28,10
TTKHLTCARE,12803493888.0,SMALL CAP,906.0999755859375,21.335058,1.1797485,0.11565,2.472,0.02349,0.072399996,0.022,-0.371,Misc,Healthcare,Drug Manufacturers - General,2026-05-29,Drug Manufacturers - General,0,0,0,25.6,10.5,50.02,17.9,18.05,24.43,WEAK GROWTH,28,10
MANAKCOAT,11227933696.0,SMALL CAP,106.08999633789062,24.557869,3.0486507,0.14136,33.071,0.051170003,0.046,0.094,-0.044,Misc,Industrials,Metal Fabrication,2026-05-29,Metal Fabrication,0,0,0,38.19,21.05,79.63,27.5,29.619999999999997,39.41,WEAK GROWTH,28,10
ATL,7349018112.0,MICRO CAP,25.18000030517578,20.639343,2.0486534,0.14028,218.109,0.111999996,0.05386,0.119,0.1685,Misc,Industrials,Integrated Freight & Logistics,2026-05-29,Integrated Freight & Logistics,0,1,0,49.94,50.02,79.4,61.5,49.980000000000004,57.02,MODERATE GROWTH,28,10
HISARMETAL,799253952.0,MICRO CAP,148.00999450683594,26.716606,1.2503167,0.11565,106.756,0.041840002,0.01203,0.195,0.645,Misc,Basic Materials,Steel,2026-05-29,Steel,0,1,0,69.53,83.9,50.02,24.01,76.715,66.11,MODERATE GROWTH,28,10
CRAYONS,3029319936.0,MICRO CAP,124.0,28.246014,2.5318522,0.11565,29.454,0.096020006,0.06315,0.119,0.1685,Misc,Unknown,Unknown,2026-05-29,Diversified,0,1,0,49.94,50.02,50.02,50.02,49.980000000000004,49.99,SLOW GROWTH,28,10
ASCOM,1573214336.0,MICRO CAP,134.3,30.873564,3.005214,0.11565,29.454,0.096020006,0.06315,0.119,0.1685,Misc,Unknown,Unknown,2026-05-29,Diversified,0,1,0,49.94,50.02,50.02,50.02,49.980000000000004,49.99,SLOW GROWTH,28,10
STYRENIX,40010477568.0,SMALL CAP,2273.800048828125,21.878187,3.2097142,0.14432,40.115,0.11622,0.05293,-0.108,0.309,Misc,Basic Materials,Chemicals,2026-05-29,Chemicals,0,0,0,13.55,75.32,80.45,62.87,44.434999999999995,53.48,SLOW GROWTH,28,10
RUCHINFRA,1491677696.0,MICRO CAP,6.320000171661377,20.387096,0.8667033,0.11565,43.622,-0.00509,0.17377001,0.026,0.1685,Misc,Industrials,Specialty Business Services,2026-05-29,Specialty Business Services,0,0,0,26.26,50.02,50.02,11.99,38.14,37.9,WEAK GROWTH,28,10
PITTIENG,35016228864.0,SMALL CAP,948.5999755859375,29.858356,3.5479321,0.124960005,82.134,0.118719995,0.06159,0.069,-0.25,Misc,Industrials,Metal Fabrication,2026-05-29,Metal Fabrication,0,0,0,33.57,13.51,75.28,63.34,23.54,37.87,WEAK GROWTH,28,10
AGUL,344943616.0,MICRO CAP,62.9,34.371586,1.7939138,0.11565,29.454,0.096020006,0.06315,0.119,0.1685,Misc,Unknown,Unknown,2026-05-29,Diversified,0,1,0,49.94,50.02,50.02,50.02,49.980000000000004,49.99,SLOW GROWTH,28,10
AMNPLST,10831237120.0,SMALL CAP,196.86000061035156,31.905996,4.0246143,0.11565,11.324,0.078049995,0.05842,-0.253,-0.22,Misc,Basic Materials,Chemicals,2026-05-29,Chemicals,0,0,0,7.32,14.45,50.02,37.68,10.885,21.39,WEAK GROWTH,28,10
GSTL,700534400.0,MICRO CAP,43.95,26.656543,1.5669566,0.11565,29.454,0.096020006,0.06315,0.119,0.1685,Misc,Unknown,Unknown,2026-05-29,Diversified,0,1,0,49.94,50.02,50.02,50.02,49.980000000000004,49.99,SLOW GROWTH,28,10
TRIDHYA,702133184.0,MICRO CAP,30.15,26.656543,1.6353872,0.11565,29.454,0.096020006,0.06315,0.119,0.1685,Misc,Unknown,Unknown,2026-05-29,Diversified,0,1,0,49.94,50.02,50.02,50.02,49.980000000000004,49.99,SLOW GROWTH,28,10
COMSYN,6243701248.0,MICRO CAP,154.77999877929688,22.795288,3.803883,0.11565,67.103,0.096020006,0.073,0.127,0.625,Misc,Consumer Cyclical,Packaging & Containers,2026-05-29,Packaging & Containers,0,1,0,59.34,83.49,50.02,50.02,71.41499999999999,65.0,MODERATE GROWTH,28,10
NAMAN,1237807744.0,MICRO CAP,117.35,21.975655,0.10547935,0.11565,29.454,0.096020006,0.06315,0.119,0.1685,Misc,Unknown,Unknown,2026-05-29,Diversified,0,1,0,49.94,50.02,50.02,50.02,49.980000000000004,49.99,SLOW GROWTH,28,10
MAITREYA,817524416.0,MICRO CAP,120.65,28.79475,3.0542758,0.11565,29.454,0.096020006,0.06315,0.119,0.1685,Misc,Unknown,Unknown,2026-05-29,Diversified,0,1,0,49.94,50.02,50.02,50.02,49.980000000000004,49.99,SLOW GROWTH,28,10
SAHAJSOLAR,8698722304.0,MICRO CAP,395.9,29.413074,7.6723313,0.11565,29.454,0.096020006,0.06315,0.119,0.1685,Misc,Unknown,Unknown,2026-05-29,Diversified,0,1,0,49.94,50.02,50.02,50.02,49.980000000000004,49.99,SLOW GROWTH,28,10
TEXRAIL,43506028544.0,SMALL CAP,106.93000030517578,22.092974,1.4894418,0.11565,31.207,0.073920004,0.038900003,-0.215,-0.443,Misc,Industrials,Railroads,2026-05-29,Railroads,0,0,0,8.4,9.05,50.02,35.72,8.725000000000001,19.68,WEAK GROWTH,28,10
ANLON,3165232384.0,MICRO CAP,506.0,34.166103,4.3551984,0.11565,29.454,0.096020006,0.06315,0.119,0.1685,Misc,Unknown,Unknown,2026-05-29,Diversified,0,1,0,49.94,50.02,50.02,50.02,49.980000000000004,49.99,SLOW GROWTH,28,10
BAFNAPH,3160486656.0,MICRO CAP,133.60000610351562,32.665035,3.4668884,0.11565,35.519,0.03865,0.06553,0.154,0.95,Misc,Healthcare,Drug Manufacturers - Specialty & Generic,2026-05-29,Drug Manufacturers - Specialty & Generic,0,1,0,63.57,87.9,50.02,22.88,75.735,65.31,MODERATE GROWTH,28,10
KALPATARU,67992805376.0,SMALL CAP,330.20001220703125,69.66245,1.737008,0.11565,226.029,-0.11132,-0.03964,-0.141,0.1685,Misc,Real Estate,Real Estate - Development,2026-05-29,Real Estate - Development,0,0,0,11.07,50.02,50.02,7.4,30.545,32.13,WEAK GROWTH,10,10
HUHTAMAKI,12960319488.0,SMALL CAP,171.61000061035156,11.014763,1.0019325,0.11565,11.138,0.06072,0.04733,0.041,-0.02,Misc,Consumer Cyclical,Packaging & Containers,2026-05-29,Packaging & Containers,0,0,0,28.44,22.05,50.02,31.1,25.245,30.79,WEAK GROWTH,35,10
KLL,1848367488.0,MICRO CAP,99.75,15.610329,2.7465718,0.11565,29.454,0.096020006,0.06315,0.119,0.1685,Misc,Unknown,Unknown,2026-05-29,Diversified,0,1,0,49.94,50.02,50.02,50.02,49.980000000000004,49.99,SLOW GROWTH,35,10
PLADAINFO,257648688.0,MICRO CAP,30.05,13.65909,1.0808964,0.11565,29.454,0.096020006,0.06315,0.119,0.1685,Misc,Unknown,Unknown,2026-05-29,Diversified,0,1,0,49.94,50.02,50.02,50.02,49.980000000000004,49.99,SLOW GROWTH,35,10
CMNL,1639957120.0,MICRO CAP,67.95,16.777777,1.6887442,0.11565,29.454,0.096020006,0.06315,0.119,0.1685,Misc,Unknown,Unknown,2026-05-29,Diversified,0,1,0,49.94,50.02,50.02,50.02,49.980000000000004,49.99,SLOW GROWTH,35,10
SYSTANGO,3717073920.0,MICRO CAP,253.4,11.486854,3.073005,0.11565,29.454,0.096020006,0.06315,0.119,0.1685,Misc,Unknown,Unknown,2026-05-29,Diversified,0,1,0,49.94,50.02,50.02,50.02,49.980000000000004,49.99,SLOW GROWTH,35,10
DEVX,3422616064.0,MICRO CAP,37.95000076293945,34.18919,2.2168353,0.07354,199.506,0.30189,0.03897,0.191,6.319,Misc,Real Estate,Real Estate Services,2026-05-29,Real Estate Services,0,1,0,69.06,97.61,17.67,89.03,83.33500000000001,70.77,HIGH GROWTH,33,10
BLAL,7858316800.0,MICRO CAP,188.6999969482422,26.656543,706.7416,0.00959,614.0908400000002,0.80234003,0.01089,0.119,0.1685,Misc,Financial Services,Shell Companies,2026-05-29,Shell Companies,0,1,0,49.94,50.02,6.66,98.12,49.980000000000004,46.13,SLOW GROWTH,33,10
ORCHASP,678993728.0,MICRO CAP,1.9600000381469727,26.656543,0.65094656,0.11565,14.047,0.056750003,0.15116,-0.271,-0.531,Technology,Technology,Software - Application,2026-05-29,SaaS,0,0,0,6.72,6.93,50.02,29.46,6.824999999999999,17.73,WEAK GROWTH,33,10
MHLXMIRU,1932890112.0,MICRO CAP,182.0,9.210526,2.446105,0.11565,18.767,0.25803,0.19863,0.095,0.116,Misc,Consumer Cyclical,Textile Manufacturing,2026-05-29,Textile Manufacturing,0,0,0,38.43,29.57,50.02,85.94,34.0,42.4,SLOW GROWTH,55,10
BRNL,1705024512.0,MICRO CAP,20.309999465942383,6.173252,0.1622321,0.11565,77.326,0.40245998,0.18107,-0.119,-0.847,Misc,Industrials,Infrastructure Operations,2026-05-29,Infrastructure Operations,0,0,0,12.28,2.15,50.02,93.15,7.215,24.37,WEAK GROWTH,55,10
AEPL,4164702208.0,MICRO CAP,16.59000015258789,43.657894,4.618597,0.11565,2.301,0.24391001,0.12214,-0.769,-0.7,Misc,Industrials,Electrical Equipment & Parts,2026-05-29,Electrical Equipment & Parts,0,0,0,1.18,4.27,50.02,84.92,2.7249999999999996,20.4,WEAK GROWTH,32,10
DBSTOCKBRO,1147650048.0,MICRO CAP,32.790000915527344,36.842697,1.4939178,0.11565,3.583,0.18462,0.14595,-0.287,-0.167,Misc,Financial Services,Capital Markets,2026-05-29,Capital Markets,0,0,0,6.15,16.76,50.02,77.99,11.455000000000002,25.82,WEAK GROWTH,32,10
HOACFOODS,563030272.0,MICRO CAP,146.5,21.60767,2.5293071,0.11565,29.454,0.096020006,0.06315,0.119,0.1685,Misc,Unknown,Unknown,2026-05-29,Diversified,0,1,0,49.94,50.02,50.02,50.02,49.980000000000004,49.99,SLOW GROWTH,28,10
WANBURY,10974466048.0,SMALL CAP,314.1000061035156,16.427824,9.709127,0.11565,29.454,0.054920003,-0.25901,-0.192,0.1685,Misc,Healthcare,Drug Manufacturers - Specialty & Generic,2026-05-29,Drug Manufacturers - Specialty & Generic,0,0,0,9.05,50.02,50.02,28.91,29.535000000000004,33.57,WEAK GROWTH,30,10
GTLINFRA,18957486080.0,SMALL CAP,1.4800000190734863,3.373465592,-0.29886913,0.11565,29.454,0.110190004,-0.9331492,0.036,0.1685,Misc,Technology,Communication Equipment,2026-05-29,Communication Equipment,0,0,0,27.69,50.02,50.02,61.03,38.855000000000004,43.31,SLOW GROWTH,30,10
JINDALPHOT,10499296256.0,SMALL CAP,1019.5999755859375,86.77447,1.0801842,0.11565,29.454,0.26667,0.0,-0.7896912,-0.9306128,Financials,Financial Services,Asset Management,2026-05-29,Asset Management Companies,0,0,0,0.53,0.53,50.02,86.68,0.53,19.04,WEAK GROWTH,30,10
ZUARIIND,7671633408.0,MICRO CAP,257.6000061035156,6.4870315,0.16412422,0.024500001,72.104,0.12231,0.10333,0.031,0.1685,Misc,Industrials,Conglomerates,2026-05-29,Conglomerates,0,0,0,26.97,50.02,9.44,64.28,38.495000000000005,35.26,WEAK GROWTH,30,10
NDGL,2584899840.0,MICRO CAP,2584.89990234375,53.953243,2.3828507,0.11565,29.454,0.0,0.0,0.119,0.1685,Misc,Financial Services,Capital Markets,2026-05-29,Capital Markets,0,1,0,49.94,50.02,50.02,13.04,49.980000000000004,46.29,SLOW GROWTH,10,10
WESTLIFE,71228514304.0,SMALL CAP,458.8999938964844,222.767,11.466193,0.05289,291.521,0.04538,0.01243,0.079,0.5,Hospitality,Consumer Cyclical,Restaurants,2026-05-29,Restaurants,0,0,0,35.31,80.98,13.83,25.19,58.145,45.99,SLOW GROWTH,10,10
JINDWORLD,31612041216.0,SMALL CAP,31.530000686645508,45.04286,3.8195033,0.08457,64.866,0.05929,0.03042,0.058,0.182,Misc,Consumer Cyclical,Textile Manufacturing,2026-05-29,Textile Manufacturing,0,0,0,31.37,68.12,19.78,30.32,49.745000000000005,41.81,SLOW GROWTH,10,10
URBAN,3197704960.0,MICRO CAP,369.25,21.493015,7.8019357,0.11565,29.454,0.096020006,0.06315,0.119,0.1685,Misc,Unknown,Unknown,2026-05-29,Diversified,0,1,0,49.94,50.02,50.02,50.02,49.980000000000004,49.99,SLOW GROWTH,28,10
ARIHANTCAP,7421855744.0,MICRO CAP,67.70999908447266,19.235796,1.5302386,0.076230004,55.35,0.048720002,0.17075,0.035,-0.929,Misc,Financial Services,Capital Markets,2026-05-29,Capital Markets,0,0,0,27.46,1.06,18.21,26.64,14.26,16.29,WEAK GROWTH,30,10
BORORENEW,71593525248.0,SMALL CAP,510.3500061035156,54.062504,6.0847225,0.11565,22.805,0.25838,-0.04032,0.08,0.1685,Misc,Technology,Solar,2026-05-29,Solar,0,0,0,35.55,50.02,50.02,85.98,42.785,48.55,SLOW GROWTH,30,10
THEINVEST,5407069184.0,MICRO CAP,103.5,17.96875,0.7433423,0.04665,7.607,0.0027599998,0.113579996,-0.199,0.073,Misc,Financial Services,Capital Markets,2026-05-29,Capital Markets,0,0,0,8.77,27.14,12.85,13.71,17.955,16.51,WEAK GROWTH,30,10
SIMPLEXINF,19623555072.0,SMALL CAP,248.10000610351562,23.971014,2.0508878,0.11565,196.588,0.01038,0.063200004,0.078,0.1685,Industrials,Industrials,Engineering & Construction,2026-05-29,Engineering & EPC,0,0,0,35.14,50.02,50.02,14.85,42.58,41.3,SLOW GROWTH,28,10
GENUSPAPER,3252643072.0,MICRO CAP,12.649999618530273,34.189186,0.64577055,0.11565,84.844,0.053979997,0.00976,0.115,4.5,Misc,Basic Materials,Paper & Paper Products,2026-05-29,Paper & Paper Products,0,1,0,41.52,96.79,50.02,28.55,69.155,61.27,MODERATE GROWTH,28,10
VSSL,26022950912.0,SMALL CAP,269.1499938964844,20.483255,2.1330469,0.1176,7.281,0.10645001,0.06955,0.07,0.458,Misc,Basic Materials,Steel,2026-05-29,Steel,0,0,0,33.86,79.81,73.13,59.54,56.835,60.36,MODERATE GROWTH,28,10
GCSL,9393064960.0,MICRO CAP,414.8999938964844,34.92424,2.9919953,0.09791,4.577,0.23834999,0.10654,-0.292,0.1685,Misc,Financial Services,Capital Markets,2026-05-29,Capital Markets,0,0,0,6.07,50.02,22.99,84.41,28.045,32.67,WEAK GROWTH,30,10
WOMANCART,1740787200.0,MICRO CAP,276.0,20.279207,2.0591483,0.11565,29.454,0.096020006,0.06315,0.119,0.1685,Misc,Unknown,Unknown,2026-05-29,Diversified,0,1,0,49.94,50.02,50.02,50.02,49.980000000000004,49.99,SLOW GROWTH,28,10
JALAN,45792244.0,MICRO CAP,3.15,26.656543,-0.1093712,0.11565,29.454,0.096020006,0.06315,0.119,0.1685,Misc,Unknown,Unknown,2026-05-29,Diversified,0,1,0,49.94,50.02,50.02,50.02,49.980000000000004,49.99,SLOW GROWTH,28,10
DSSL,21474717696.0,SMALL CAP,1686.0,25.537718,7.8704505,0.11565,63.929,0.10718001,0.06216,0.095,-0.347,Technology,Technology,Information Technology Services,2026-05-29,IT Services,0,0,0,38.43,11.2,50.02,59.81,24.814999999999998,33.36,WEAK GROWTH,28,10
TCPLPACK,23740211200.0,SMALL CAP,2614.300048828125,20.834396,3.5549169,0.11565,103.305,0.12640001,0.06415,-0.018,-0.336,Misc,Consumer Cyclical,Packaging & Containers,2026-05-29,Packaging & Containers,0,0,0,20.47,11.59,50.02,65.41,16.03,27.77,WEAK GROWTH,28,10
MOREPENLAB,23868864512.0,SMALL CAP,43.560001373291016,24.2,2.0009186,0.11565,13.239,0.07422,0.05566,0.057,0.02,Misc,Healthcare,Drug Manufacturers - Specialty & Generic,2026-05-29,Drug Manufacturers - Specialty & Generic,0,0,0,31.2,24.21,50.02,35.88,27.705,32.99,WEAK GROWTH,28,10
CBAZAAR,333610912.0,MICRO CAP,15.55,26.656543,6.904973,0.11565,29.454,0.096020006,0.06315,0.119,0.1685,Misc,Unknown,Unknown,2026-05-29,Diversified,0,1,0,49.94,50.02,50.02,50.02,49.980000000000004,49.99,SLOW GROWTH,28,10
MAHICKRA,884097088.0,MICRO CAP,108.85,34.776356,2.4116004,0.11565,29.454,0.096020006,0.06315,0.119,0.1685,Misc,Unknown,Unknown,2026-05-29,Diversified,0,1,0,49.94,50.02,50.02,50.02,49.980000000000004,49.99,SLOW GROWTH,28,10
SRIVASAVI,1516635904.0,MICRO CAP,107.0,28.08399,3.4796748,0.11565,29.454,0.096020006,0.06315,0.119,0.1685,Misc,Unknown,Unknown,2026-05-29,Diversified,0,1,0,49.94,50.02,50.02,50.02,49.980000000000004,49.99,SLOW GROWTH,28,10
SWASTIK,1571608320.0,MICRO CAP,67.65,26.656543,0.7992203,0.11565,29.454,0.096020006,0.06315,0.119,0.1685,Misc,Unknown,Unknown,2026-05-29,Diversified,0,1,0,49.94,50.02,50.02,50.02,49.980000000000004,49.99,SLOW GROWTH,28,10
MOXSH,1478928000.0,MICRO CAP,165.0,26.656543,5.079267,0.11565,29.454,0.096020006,0.06315,0.119,0.1685,Misc,Unknown,Unknown,2026-05-29,Diversified,0,1,0,49.94,50.02,50.02,50.02,49.980000000000004,49.99,SLOW GROWTH,28,10
VIVO,163215008.0,MICRO CAP,81.0,26.656543,1.5847551,0.11565,29.454,0.096020006,0.06315,0.119,0.1685,Misc,Unknown,Unknown,2026-05-29,Diversified,0,1,0,49.94,50.02,50.02,50.02,49.980000000000004,49.99,SLOW GROWTH,28,10
PURVFLEXI,3444318720.0,MICRO CAP,164.15,33.094757,2.3986964,0.11565,29.454,0.096020006,0.06315,0.119,0.1685,Misc,Unknown,Unknown,2026-05-29,Diversified,0,1,0,49.94,50.02,50.02,50.02,49.980000000000004,49.99,SLOW GROWTH,28,10
YUDIZ,628965888.0,MICRO CAP,60.95,26.656543,1.3433988,0.11565,29.454,0.096020006,0.06315,0.119,0.1685,Misc,Unknown,Unknown,2026-05-29,Diversified,0,1,0,49.94,50.02,50.02,50.02,49.980000000000004,49.99,SLOW GROWTH,28,10
TRANSWIND,145485744.0,MICRO CAP,21.75,25.0,0.8556591,0.11565,29.454,0.096020006,0.06315,0.119,0.1685,Misc,Unknown,Unknown,2026-05-29,Diversified,0,1,0,49.94,50.02,50.02,50.02,49.980000000000004,49.99,SLOW GROWTH,28,10
UCL,670269184.0,MICRO CAP,59.65,26.656543,1.5839087,0.11565,29.454,0.096020006,0.06315,0.119,0.1685,Misc,Unknown,Unknown,2026-05-29,Diversified,0,1,0,49.94,50.02,50.02,50.02,49.980000000000004,49.99,SLOW GROWTH,28,10
SIGNORIA,674208576.0,MICRO CAP,141.7,22.350157,3.1933832,0.11565,29.454,0.096020006,0.06315,0.119,0.1685,Misc,Unknown,Unknown,2026-05-29,Diversified,0,1,0,49.94,50.02,50.02,50.02,49.980000000000004,49.99,SLOW GROWTH,28,10
MILTON,674701504.0,MICRO CAP,39.7,21.117022,1.3946463,0.11565,29.454,0.096020006,0.06315,0.119,0.1685,Misc,Unknown,Unknown,2026-05-29,Diversified,0,1,0,49.94,50.02,50.02,50.02,49.980000000000004,49.99,SLOW GROWTH,28,10
UMA,676147456.0,MICRO CAP,33.35,25.075186,0.875374,0.11565,29.454,0.096020006,0.06315,0.119,0.1685,Misc,Unknown,Unknown,2026-05-29,Diversified,0,1,0,49.94,50.02,50.02,50.02,49.980000000000004,49.99,SLOW GROWTH,28,10
MAXPOSURE,2106948992.0,MICRO CAP,92.65,24.772728,2.950355,0.11565,29.454,0.096020006,0.06315,0.119,0.1685,Misc,Unknown,Unknown,2026-05-29,Diversified,0,1,0,49.94,50.02,50.02,50.02,49.980000000000004,49.99,SLOW GROWTH,28,10
AISL,1521773440.0,MICRO CAP,147.0,21.212122,1.9167829,0.11565,29.454,0.096020006,0.06315,0.119,0.1685,Misc,Unknown,Unknown,2026-05-29,Diversified,0,1,0,49.94,50.02,50.02,50.02,49.980000000000004,49.99,SLOW GROWTH,28,10
CADSYS,2000600064.0,MICRO CAP,200.0,26.656543,13.901439,0.11565,29.454,0.096020006,0.06315,0.119,0.1685,Misc,Unknown,Unknown,2026-05-29,Diversified,0,1,0,49.94,50.02,50.02,50.02,49.980000000000004,49.99,SLOW GROWTH,28,10
OLIL,322359904.0,MICRO CAP,89.45,20.283447,2.3158574,0.11565,29.454,0.096020006,0.06315,0.119,0.1685,Misc,Unknown,Unknown,2026-05-29,Diversified,0,1,0,49.94,50.02,50.02,50.02,49.980000000000004,49.99,SLOW GROWTH,28,10
KANDARP,323925280.0,MICRO CAP,36.1,20.2809,1.6487782,0.11565,29.454,0.096020006,0.06315,0.119,0.1685,Misc,Unknown,Unknown,2026-05-29,Diversified,0,1,0,49.94,50.02,50.02,50.02,49.980000000000004,49.99,SLOW GROWTH,28,10
DHTL,329051136.0,MICRO CAP,104.7,26.656543,4.0139546,0.11565,29.454,0.096020006,0.06315,0.119,0.1685,Misc,Unknown,Unknown,2026-05-29,Diversified,0,1,0,49.94,50.02,50.02,50.02,49.980000000000004,49.99,SLOW GROWTH,28,10
VIAZ,692181504.0,MICRO CAP,56.5,20.772058,1.7795836,0.11565,29.454,0.096020006,0.06315,0.119,0.1685,Misc,Unknown,Unknown,2026-05-29,Diversified,0,1,0,49.94,50.02,50.02,50.02,49.980000000000004,49.99,SLOW GROWTH,28,10
K2INFRA,3470058240.0,MICRO CAP,275.0,30.021835,4.1603003,0.11565,29.454,0.096020006,0.06315,0.119,0.1685,Misc,Unknown,Unknown,2026-05-29,Diversified,0,1,0,49.94,50.02,50.02,50.02,49.980000000000004,49.99,SLOW GROWTH,28,10
DNAMEDIA,346061568.0,MICRO CAP,2.940000057220459,29.4,-0.13286935,0.11565,29.454,-0.26023,0.10614,-0.178,0.1685,Misc,Communication Services,Publishing,2026-05-29,Publishing,0,0,0,9.64,50.02,50.02,5.41,29.830000000000002,31.43,WEAK GROWTH,28,10
WINNY,629299968.0,MICRO CAP,290.0,26.656543,14.964653,0.11565,29.454,0.096020006,0.06315,0.119,0.1685,Misc,Unknown,Unknown,2026-05-29,Diversified,0,1,0,49.94,50.02,50.02,50.02,49.980000000000004,49.99,SLOW GROWTH,28,10
TUNWAL,3362305536.0,MICRO CAP,60.8,26.320347,2.8626583,0.11565,29.454,0.096020006,0.06315,0.119,0.1685,Misc,Unknown,Unknown,2026-05-29,Diversified,0,1,0,49.94,50.02,50.02,50.02,49.980000000000004,49.99,SLOW GROWTH,28,10
DECCANCE,8623717376.0,MICRO CAP,615.6500244140625,27.145061,1.1564826,0.11565,101.902,0.0247,0.05884,0.133,0.1685,Misc,Basic Materials,Building Materials,2026-05-29,Building Materials,0,1,0,60.28,50.02,50.02,18.21,55.150000000000006,50.43,SLOW GROWTH,28,10
VASA,38651952.0,MICRO CAP,6.45,26.656543,-0.2043532,0.11565,29.454,0.096020006,0.06315,0.119,0.1685,Misc,Unknown,Unknown,2026-05-29,Diversified,0,1,0,49.94,50.02,50.02,50.02,49.980000000000004,49.99,SLOW GROWTH,28,10
REFEX,48053547008.0,SMALL CAP,330.5,25.580496,3.484927,0.11565,13.652,0.14708,0.07498,-0.197,0.01,Metals,Energy,Thermal Coal,2026-05-29,Coal,0,0,0,8.93,23.82,50.02,71.21,16.375,28.59,WEAK GROWTH,28,10
HALEOSLABS,4912841216.0,MICRO CAP,1625.0,24.77512,2.3794916,0.11565,31.368,0.10697,0.05708,0.12,0.211,Healthcare,Healthcare,Biotechnology,2026-05-29,Biotechnology,0,1,0,58.03,69.94,50.02,59.69,63.985,60.76,MODERATE GROWTH,28,10
TAPIFRUIT,576854976.0,MICRO CAP,135.0,26.656543,5.1497235,0.11565,29.454,0.096020006,0.06315,0.119,0.1685,Misc,Unknown,Unknown,2026-05-29,Diversified,0,1,0,49.94,50.02,50.02,50.02,49.980000000000004,49.99,SLOW GROWTH,28,10
SUNFLAG,68303175680.0,SMALL CAP,379.0,32.337883,0.79851,0.11565,6.787,0.107370004,0.05529,0.057,0.198,Misc,Basic Materials,Steel,2026-05-29,Steel,0,0,0,31.2,69.17,50.02,59.93,50.185,51.13,SLOW GROWTH,28,10
ANUHPHR,7717248000.0,MICRO CAP,77.0,18.780489,2.1826634,0.12104,0.08216,0.08352,0.053189997,0.02,-0.06,Misc,Healthcare,Drug Manufacturers - Specialty & Generic,2026-05-29,Drug Manufacturers - Specialty & Generic,0,0,0,25.23,20.31,74.27,39.48,22.77,34.74,WEAK GROWTH,60,10
PRECOT,9632400384.0,MICRO CAP,802.7000122070312,26.83718,2.0804067,0.11565,72.242,0.112679996,0.03255,0.119,0.1685,Misc,Consumer Cyclical,Textile Manufacturing,2026-05-29,Textile Manufacturing,0,1,0,49.94,50.02,50.02,61.77,49.980000000000004,51.17,SLOW GROWTH,28,10
PRAMARA,1695045504.0,MICRO CAP,154.5,30.294119,1.8299183,0.11565,29.454,0.096020006,0.06315,0.119,0.1685,Misc,Unknown,Unknown,2026-05-29,Diversified,0,1,0,49.94,50.02,50.02,50.02,49.980000000000004,49.99,SLOW GROWTH,28,10
PARAGMILK,27951214592.0,SMALL CAP,221.82000732421875,20.98581,2.1969337,0.118360005,48.262,0.06419,0.035380002,0.03,0.199,Misc,Consumer Defensive,Packaged Foods,2026-05-29,Packaged Foods,0,0,0,26.79,69.21,73.4,32.08,48.0,51.49,SLOW GROWTH,28,10
GOODYEAR,17073829888.0,SMALL CAP,740.2000122070312,30.089432,2.968566,0.11565,4.835,0.04933,0.02301,-0.039,1.599,Automobiles,Consumer Cyclical,Auto Parts,2026-05-29,Auto Components,0,0,0,18.31,92.32,50.02,26.95,55.315,51.42,SLOW GROWTH,28,10
SAMBHAAV,1335864832.0,MICRO CAP,6.989999771118164,538.1866320000008,1.6462554,0.00096000003,5.923,0.053049996,0.00548,0.149,0.1685,Misc,Communication Services,Publishing,2026-05-29,Publishing,0,1,0,62.98,50.02,5.21,28.36,56.5,43.43,SLOW GROWTH,10,10
NEWJAISA,4377918976.0,MICRO CAP,124.0,26.656543,3.1536114,0.11565,29.454,0.096020006,0.06315,0.119,0.1685,Misc,Unknown,Unknown,2026-05-29,Diversified,0,1,0,49.94,50.02,50.02,50.02,49.980000000000004,49.99,SLOW GROWTH,28,10
BAJAJHCARE,10401762304.0,SMALL CAP,309.0,45.982143,1.8501775,0.042659998,46.734,0.09831,0.025799999,-0.009,0.1685,Misc,Healthcare,Drug Manufacturers - Specialty & Generic,2026-05-29,Drug Manufacturers - Specialty & Generic,0,0,0,21.76,50.02,11.95,56.84,35.89,33.2,WEAK GROWTH,10,10
GODAVARIB,14464888832.0,SMALL CAP,282.6499938964844,415.66174,1.9943551,0.00449,67.331,0.12814,0.00177,-0.033,0.427,Misc,Basic Materials,Chemicals,2026-05-29,Chemicals,0,0,0,19.0,78.85,5.68,65.8,48.925,41.96,SLOW GROWTH,10,10
ARENTERP,123953128.0,MICRO CAP,38.33000183105469,26.656543,0.51491827,-0.00833,29.454,0.9200270213920001,-0.18150999,0.119,0.1685,Misc,Basic Materials,Other Industrial Metals & Mining,2026-05-29,Other Industrial Metals & Mining,0,1,0,49.94,50.02,4.35,99.51,49.980000000000004,45.81,SLOW GROWTH,28,10
21STCENMGM,366240000.0,MICRO CAP,34.880001068115234,26.656543,1.1076533,-0.294667488,29.454,0.9200270213920001,0.0,0.119,0.1685,Misc,Financial Services,Capital Markets,2026-05-29,Capital Markets,0,1,0,49.94,50.02,0.53,99.51,49.980000000000004,45.04,SLOW GROWTH,28,10
AHIMSA,124806968.0,MICRO CAP,22.8,26.656543,1.4872798,0.11565,29.454,0.096020006,0.06315,0.119,0.1685,Misc,Unknown,Unknown,2026-05-29,Diversified,0,1,0,49.94,50.02,50.02,50.02,49.980000000000004,49.99,SLOW GROWTH,28,10
ONDOOR,2707944448.0,MICRO CAP,479.4,34.840115,2.610386,0.11565,29.454,0.096020006,0.06315,0.119,0.1685,Misc,Unknown,Unknown,2026-05-29,Diversified,0,1,0,49.94,50.02,50.02,50.02,49.980000000000004,49.99,SLOW GROWTH,28,10
MEDIORG,1186964992.0,MICRO CAP,101.45,27.718578,3.6429904,0.11565,29.454,0.096020006,0.06315,0.119,0.1685,Misc,Unknown,Unknown,2026-05-29,Diversified,0,1,0,49.94,50.02,50.02,50.02,49.980000000000004,49.99,SLOW GROWTH,28,10
JAINAM,1478567936.0,MICRO CAP,140.0,26.656543,1.063854,0.11565,29.454,0.096020006,0.06315,0.119,0.1685,Misc,Unknown,Unknown,2026-05-29,Diversified,0,1,0,49.94,50.02,50.02,50.02,49.980000000000004,49.99,SLOW GROWTH,28,10
SYNOPTICS,884464000.0,MICRO CAP,104.3,21.86583,1.208953,0.11565,29.454,0.096020006,0.06315,0.119,0.1685,Misc,Unknown,Unknown,2026-05-29,Diversified,0,1,0,49.94,50.02,50.02,50.02,49.980000000000004,49.99,SLOW GROWTH,28,10
EMMIL,3913305856.0,MICRO CAP,345.5,31.154192,4.31902,0.11565,29.454,0.096020006,0.06315,0.119,0.1685,Misc,Unknown,Unknown,2026-05-29,Diversified,0,1,0,49.94,50.02,50.02,50.02,49.980000000000004,49.99,SLOW GROWTH,28,10
ESCONET,3955200000.0,MICRO CAP,320.0,26.656543,5.594797,0.11565,29.454,0.096020006,0.06315,0.119,0.1685,Misc,Unknown,Unknown,2026-05-29,Diversified,0,1,0,49.94,50.02,50.02,50.02,49.980000000000004,49.99,SLOW GROWTH,28,10
SANGANI,619964544.0,MICRO CAP,45.0,32.846714,1.6638321,0.11565,29.454,0.096020006,0.06315,0.119,0.1685,Misc,Unknown,Unknown,2026-05-29,Diversified,0,1,0,49.94,50.02,50.02,50.02,49.980000000000004,49.99,SLOW GROWTH,28,10
MATRIMONY,8746634240.0,MICRO CAP,423.1499938964844,26.59648,4.335553,0.15252,23.902,0.06813,0.07428,0.079,0.212,Misc,Communication Services,Internet Content & Information,2026-05-29,Internet Content & Information,0,0,0,35.31,70.04,82.33,33.61,52.675000000000004,56.7,MODERATE GROWTH,28,10
ALICON,11212789760.0,SMALL CAP,686.3499755859375,32.652233,1.8210545,0.11565,57.003,0.045900002,0.021189999,0.097,3.188,Misc,Industrials,Metal Fabrication,2026-05-29,Metal Fabrication,0,0,0,38.92,95.89,50.02,25.42,67.405,59.73,MODERATE GROWTH,28,10
LXCHEM,41700933632.0,SMALL CAP,150.42999267578125,52.5979,2.0954463,0.04077,27.344,0.046830002,0.027880002,0.036,-0.025,Chemicals,Basic Materials,Specialty Chemicals,2026-05-29,Specialty Chemicals,0,0,0,27.69,21.78,11.67,25.97,24.735,22.25,WEAK GROWTH,10,10
LCCINFOTEC,740124736.0,MICRO CAP,4.389999866485596,26.656543,118.64864,0.11565,0.786,-0.00548,-0.9331492,0.062,0.1685,Misc,Consumer Defensive,Education & Training Services,2026-05-29,Education & Training Services,0,0,0,32.3,50.02,50.02,11.95,41.16,40.01,SLOW GROWTH,28,5
ACEINTEG,203898000.0,MICRO CAP,19.989999771118164,26.656543,1.1622093,0.11565,0.64,-3.63636,-0.92593,-0.7896912,0.1685,Misc,Industrials,Staffing & Employment Services,2026-05-29,Staffing & Employment Services,0,0,0,0.53,50.02,50.02,1.06,25.275000000000002,27.8,WEAK GROWTH,28,5
SHYAMCENT,1069351872.0,MICRO CAP,5.039999961853027,26.656543,0.5913411,0.11565,0.669,-3.64360608,-0.3094,-0.7896912,0.1685,Misc,Basic Materials,Steel,2026-05-29,Steel,0,0,0,0.53,50.02,50.02,0.53,25.275000000000002,27.75,WEAK GROWTH,28,5
METROGLOBL,1590887680.0,MICRO CAP,128.97999572753906,7.2055864,0.3896806,0.05468,0.815,0.17434,0.07078,-0.168,0.1685,Misc,Industrials,Conglomerates,2026-05-29,Conglomerates,0,0,0,9.93,50.02,14.18,76.73,29.975,31.49,WEAK GROWTH,42,5
AIRAN,2180348928.0,MICRO CAP,17.440000534057617,26.02985,1.475715,0.11565,0.678,0.04694,0.07519,0.093,3.429,Technology,Technology,Information Technology Services,2026-05-29,IT Services,0,0,0,37.96,96.08,50.02,26.05,67.02,59.52,MODERATE GROWTH,38,5
DPWIRES,2912526592.0,MICRO CAP,187.88999938964844,23.813688,1.1522894,0.11565,0.865,0.02815,0.02498,-0.384,-0.316,Misc,Industrials,Metal Fabrication,2026-05-29,Metal Fabrication,0,0,0,4.58,12.04,50.02,19.31,8.309999999999999,17.75,WEAK GROWTH,38,5
STARPAPER,2153300736.0,MICRO CAP,137.0800018310547,5.478817,0.30503368,0.11565,0.64,-0.010779999,0.09493,-0.058,0.065,Misc,Basic Materials,Paper & Paper Products,2026-05-29,Paper & Paper Products,0,0,0,16.88,26.71,50.02,11.48,21.795,26.41,WEAK GROWTH,40,5
MUNJALSHOW,5624897024.0,MICRO CAP,140.63999938964844,18.241245,0.84572595,0.11565,29.454,0.0279,0.024260001,0.096,0.832,Automobiles,Consumer Cyclical,Auto Parts,2026-05-29,Auto Components,0,0,0,38.64,86.6,50.02,19.19,62.62,55.76,MODERATE GROWTH,35,0
TEXMOPIPES,1287791488.0,MICRO CAP,44.11000061035156,6.7240853,0.63028693,0.11565,28.688,0.06732,0.04893,0.001,0.065,Misc,Industrials,Building Products & Equipment,2026-05-29,Building Products & Equipment,0,0,0,22.93,26.71,50.02,33.33,24.82,30.71,WEAK GROWTH,35,0
RKEC,755703872.0,MICRO CAP,31.5,3.772455,0.3834449,0.04804,102.585,0.17068,0.03383,-0.726,-0.805,Industrials,Industrials,Engineering & Construction,2026-05-29,Engineering & EPC,0,0,0,1.63,2.62,13.16,76.03,2.125,11.72,WEAK GROWTH,32,0
MAWANASUG,3978184960.0,MICRO CAP,101.69999694824219,11.078431,0.8687036,0.07297,80.14,0.21958,0.02355,0.088,0.018,Misc,Consumer Defensive,Confectioners,2026-05-29,Confectioners,0,0,0,36.92,24.01,17.55,82.8,30.465000000000003,33.12,WEAK GROWTH,32,0
MAGADSUGAR,6587132416.0,MICRO CAP,467.45001220703125,10.369343,0.7482493,0.074099995,78.532,0.24461001,0.051030003,-0.182,-0.321,Misc,Consumer Defensive,Confectioners,2026-05-29,Confectioners,0,0,0,9.56,11.91,17.78,85.0,10.735,19.57,WEAK GROWTH,32,0
VIRINCHI,1911537152.0,MICRO CAP,17.290000915527344,26.656543,0.3860754,0.11565,64.151,0.15117,-0.05529,-0.067,-0.622,Technology,Technology,Software - Application,2026-05-29,SaaS,0,0,0,16.18,5.41,50.02,72.46,10.795,24.81,WEAK GROWTH,30,0
ABAN,992210496.0,MICRO CAP,17.0,26.656543,-0.0036914977,0.11565,29.454,0.18032,-0.9331492,-0.241,0.1685,Misc,Energy,Oil & Gas Drilling,2026-05-29,Oil & Gas Drilling,0,0,0,7.68,50.02,50.02,77.48,28.85,37.95,WEAK GROWTH,30,0
HMVL,5073257984.0,MICRO CAP,69.01000213623047,7.6338496,0.32679215,0.11565,5.327,-0.021389998,0.08396,0.075,-0.9306128,Misc,Communication Services,Publishing,2026-05-29,Publishing,0,0,0,34.7,0.53,50.02,10.5,17.615000000000002,23.38,WEAK GROWTH,30,0
LYPSAGEMS,150958080.0,MICRO CAP,5.119999885559082,26.656543,1.0108588,0.11565,29.454,0.21651,-0.67039,-0.018,14.661280000000012,Misc,Consumer Cyclical,Luxury Goods,2026-05-29,Luxury Goods,0,0,0,20.47,99.51,50.02,82.45,59.99,60.24,MODERATE GROWTH,30,0
COFFEEDAY,7347334144.0,MICRO CAP,34.779998779296875,19.430168,0.28181568,0.11565,38.774,-0.029679999,0.03385,0.07,0.1685,Hospitality,Consumer Cyclical,Restaurants,2026-05-29,Restaurants,0,0,0,33.86,50.02,50.02,9.95,41.94,40.36,SLOW GROWTH,30,0
KOTHARIPRO,4508214272.0,MICRO CAP,75.52999877929688,3.373465592,0.40002963,0.11565,21.976,-0.083629996,0.045689996,-0.269,-0.059,Misc,Industrials,Conglomerates,2026-05-29,Conglomerates,0,0,0,6.78,20.41,50.02,7.95,13.595,20.32,WEAK GROWTH,30,0
3IINFOLTD,3602603520.0,MICRO CAP,17.3700008392334,9.543956,0.9743648,0.10256,16.298,-0.08226,0.045250002,-0.06,0.1685,Technology,Technology,Information Technology Services,2026-05-29,IT Services,0,0,0,16.71,50.02,24.29,8.11,33.365,29.02,WEAK GROWTH,30,0
SPLIL,918486080.0,MICRO CAP,31.290000915527344,14.9712925,0.422775,0.11565,29.454,-0.3346,0.07843,-0.452,7.2,Misc,Consumer Cyclical,Apparel Manufacturing,2026-05-29,Apparel Manufacturing,0,0,0,3.82,98.12,50.02,4.58,50.97,46.14,SLOW GROWTH,30,0
BESTAGRO,5891087360.0,MICRO CAP,16.610000610351562,8.788361,0.7280298,0.11565,53.825,-0.03263,0.01761,-0.26,0.1685,Chemicals,Basic Materials,Agricultural Inputs,2026-05-29,Agrochemicals,0,0,0,6.99,50.02,50.02,9.79,28.505000000000003,30.94,WEAK GROWTH,30,0
SNOWMAN,6288875520.0,MICRO CAP,37.61000061035156,188.05,1.5843128,0.00816,77.682,0.045679998,0.00546,0.039,0.504,Misc,Industrials,Integrated Freight & Logistics,2026-05-29,Integrated Freight & Logistics,0,0,0,28.18,81.12,6.46,25.3,54.650000000000006,42.08,SLOW GROWTH,10,0
DREAMFOLKS,4158245376.0,MICRO CAP,78.05999755859375,10.491935,1.2462282,0.11565,3.056,-0.28273,0.042930003,-0.7896912,-0.538,Misc,Industrials,Airports & Air Services,2026-05-29,Airports & Air Services,0,0,0,0.53,6.82,50.02,5.21,3.6750000000000003,13.1,WEAK GROWTH,30,0
ZENITHEXPO,1073853696.0,MICRO CAP,199.0,19.88012,1.2708023,0.11565,3.617,-0.04375,0.07469,-0.237,-0.75,Misc,Consumer Cyclical,Textile Manufacturing,2026-05-29,Textile Manufacturing,0,0,0,7.83,3.23,50.02,9.36,5.53,14.81,WEAK GROWTH,30,0
AHLADA,511671584.0,MICRO CAP,39.599998474121094,21.878452,0.371524,0.11565,26.993,0.06421,0.01924,-0.071,-0.444,Misc,Industrials,Building Products & Equipment,2026-05-29,Building Products & Equipment,0,0,0,15.82,9.01,50.02,32.12,12.415,21.91,WEAK GROWTH,28,0
OSWALSEEDS,996108352.0,MICRO CAP,10.890000343322754,27.923079,2.0834131,0.11565,97.461,0.04718,0.025999999,-0.274,-0.814,Chemicals,Basic Materials,Agricultural Inputs,2026-05-29,Agrochemicals,0,0,0,6.6,2.51,50.02,26.13,4.555,15.81,WEAK GROWTH,28,0
BHANDARI,1072119744.0,MICRO CAP,3.2200000286102295,10.387096,0.49424407,0.11565,64.953,0.094680004,0.03032,-0.062,0.125,Misc,Consumer Cyclical,Apparel Manufacturing,2026-05-29,Apparel Manufacturing,0,0,0,16.49,30.08,50.02,43.44,23.284999999999997,30.65,WEAK GROWTH,35,0
MUFTI,5754681344.0,MICRO CAP,88.0,12.411847,1.3811288,0.11175,52.018,0.14005,0.08009,0.059,0.095,Misc,Consumer Cyclical,Apparel Retail,2026-05-29,Apparel Retail,0,0,0,31.59,28.52,26.6,69.45,30.055,33.3,WEAK GROWTH,35,0
KRYSTAL,8145648128.0,MICRO CAP,583.0,12.690466,1.2294469,0.13745,23.988,0.05731,0.050380003,-0.117,0.113,Misc,Industrials,Specialty Business Services,2026-05-29,Specialty Business Services,0,0,0,12.77,29.3,78.61,29.69,21.035,33.42,WEAK GROWTH,35,0
DHAMPURSUG,9127665664.0,MICRO CAP,141.94000244140625,13.530982,0.8079417,0.11565,44.818,0.08757,0.03265,0.095,0.779,Misc,Consumer Defensive,Confectioners,2026-05-29,Confectioners,0,0,0,38.43,85.98,50.02,40.97,62.205,57.64,MODERATE GROWTH,35,0
SHANKARA,2934653440.0,MICRO CAP,121.0199966430664,76.59493,0.6562871,0.0058399998,42.93,0.03275,0.00282,-0.7896912,-0.757,Misc,Consumer Cyclical,Home Improvement Retail,2026-05-29,Home Improvement Retail,0,0,0,0.53,3.17,6.07,21.03,1.85,4.61,WEAK GROWTH,10,0
HLVLTD,5438894080.0,MICRO CAP,8.25,275.0,1.1587079,0.00936,8.381,0.109519996,0.02148,0.055,-0.375,Misc,Consumer Cyclical,Lodging,2026-05-29,Lodging,0,0,0,30.85,10.38,6.58,60.67,20.615000000000002,21.81,WEAK GROWTH,10,0
MARALOVER,2361805312.0,MICRO CAP,56.900001525878906,72.025314,2.5629478,0.0297,337.576,0.04008,0.00333,-0.06,0.1685,Misc,Consumer Cyclical,Textile Manufacturing,2026-05-29,Textile Manufacturing,0,0,0,16.71,50.02,10.07,23.36,33.365,27.71,WEAK GROWTH,10,0
BCONCEPTS,2452439040.0,MICRO CAP,196.47999572753906,228.4651,2.9586353,0.01337,219.532,0.04915,0.00312,0.062,0.1685,Misc,Consumer Cyclical,Footwear & Accessories,2026-05-29,Footwear & Accessories,0,0,0,32.3,50.02,7.68,26.83,41.16,33.03,WEAK GROWTH,10,0
MFML,260302944.0,MICRO CAP,24.510000228881836,4.5984993,0.2671244,0.11565,65.601,0.06469,0.045450002,-0.195,0.1685,Misc,Consumer Cyclical,Textile Manufacturing,2026-05-29,Textile Manufacturing,0,0,0,8.99,50.02,50.02,32.28,29.505000000000003,33.89,WEAK GROWTH,35,0
INDOAMIN,9807305728.0,MICRO CAP,135.11000061035156,13.70284,2.7170897,0.11565,85.051,0.07159,0.061880004,0.072,0.066,Misc,Basic Materials,Chemicals,2026-05-29,Chemicals,0,0,0,34.25,26.81,50.02,34.9,30.53,34.86,WEAK GROWTH,35,0
AKASH,469790208.0,MICRO CAP,27.860000610351562,19.619719,0.55664337,0.11565,102.888,0.13567,0.037100002,-0.215,14.661280000000012,Industrials,Industrials,Engineering & Construction,2026-05-29,Engineering & EPC,0,0,0,8.4,99.51,50.02,67.88,53.955000000000005,54.56,SLOW GROWTH,35,0
FAIRCHEMOR,7824574464.0,MICRO CAP,621.2000122070312,145.8216,2.765018,0.019609999,31.852,0.04543,0.01205,-0.032,5.196,Chemicals,Basic Materials,Specialty Chemicals,2026-05-29,Specialty Chemicals,0,0,0,19.17,97.34,8.72,25.26,58.255,45.05,SLOW GROWTH,10,0
RPPL,1197707520.0,MICRO CAP,16.329999923706055,8.374359,0.70330334,0.11565,69.557,0.05683,0.04393,-0.015,0.1685,Misc,Consumer Cyclical,Packaging & Containers,2026-05-29,Packaging & Containers,0,0,0,20.96,50.02,50.02,29.53,35.49,37.8,WEAK GROWTH,35,0
DYNPRO,2858653184.0,MICRO CAP,230.00999450683594,15.972917,1.2236266,0.11565,33.912,0.09373,0.048299998,-0.051,0.031,Chemicals,Basic Materials,Specialty Chemicals,2026-05-29,Specialty Chemicals,0,0,0,17.18,24.91,50.02,43.13,21.045,29.05,WEAK GROWTH,35,0
BCLIND,9758100480.0,MICRO CAP,33.060001373291016,8.476923,1.1415352,0.14187,59.845,0.07716,0.04119,-0.195,-0.077,Misc,Consumer Defensive,Beverages - Wineries & Distilleries,2026-05-29,Beverages - Wineries & Distilleries,0,0,0,8.99,19.74,79.83,37.03,14.364999999999998,29.72,WEAK GROWTH,35,0
MANAKSIA,4161412096.0,MICRO CAP,63.5,7.997481,0.65628326,0.11565,5.797,0.02873,0.06381,-0.021,0.138,Misc,Industrials,Metal Fabrication,2026-05-29,Metal Fabrication,0,0,0,20.09,30.9,50.02,19.66,25.494999999999997,29.82,WEAK GROWTH,35,0
KMSUGAR,2512524544.0,MICRO CAP,27.309999465942383,4.5516667,0.69172513,0.14626001,63.729,0.12831001,0.081140004,-0.308,-0.164,Misc,Consumer Defensive,Confectioners,2026-05-29,Confectioners,0,0,0,5.86,16.88,80.89,65.88,11.37,30.72,WEAK GROWTH,35,0
NILAINFRA,3206258432.0,MICRO CAP,8.140000343322754,13.796612,1.6944214,0.13249,12.646,0.09951,0.07217,-0.285,0.075,Misc,Real Estate,Real Estate - Development,2026-05-29,Real Estate - Development,0,0,0,6.25,27.32,77.32,57.31,16.785,32.94,WEAK GROWTH,35,0
KUANTUM,6662578176.0,MICRO CAP,76.3499984741211,12.414634,0.5542167,0.11565,56.267,0.07814,0.05025,0.072,-0.533,Misc,Basic Materials,Paper & Paper Products,2026-05-29,Paper & Paper Products,0,0,0,34.25,6.89,50.02,37.76,20.57,28.18,WEAK GROWTH,35,0
KNAGRI,4818039808.0,MICRO CAP,192.72999572753906,13.137695,1.320186,0.11565,13.118,0.01812,0.01908,0.079,-0.263,Misc,Consumer Defensive,Farm Products,2026-05-29,Farm Products,0,0,0,35.31,13.24,50.02,16.41,24.275000000000002,28.64,WEAK GROWTH,35,0
AVG,2452612608.0,MICRO CAP,158.0800018310547,11.858965,0.9288115,0.11565,109.016,0.10552,0.03762,-0.059,-0.058,Misc,Industrials,Integrated Freight & Logistics,2026-05-29,Integrated Freight & Logistics,0,0,0,16.82,20.51,50.02,59.19,18.665,28.99,WEAK GROWTH,35,0
GENCON,2246966784.0,MICRO CAP,39.43000030517578,23.05848,0.77451926,0.11565,23.407,0.08543,0.042600002,-0.136,-0.189,Industrials,Industrials,Engineering & Construction,2026-05-29,Engineering & EPC,0,0,0,11.28,15.55,50.02,40.27,13.415,23.42,WEAK GROWTH,28,0
BSL,1358566144.0,MICRO CAP,132.0,57.14286,1.1379801,0.01987,366.348,0.04008,0.0036199999,-0.049,0.1685,Misc,Consumer Cyclical,Textile Manufacturing,2026-05-29,Textile Manufacturing,0,0,0,17.43,50.02,8.85,23.36,33.725,27.71,WEAK GROWTH,10,0
MUKKA,6981000192.0,MICRO CAP,23.270000457763672,13.373564,1.3929962,0.115880005,147.376,0.075500004,0.03592,-0.003,0.533,Misc,Consumer Defensive,Packaged Foods,2026-05-29,Packaged Foods,0,0,0,22.41,81.79,72.58,36.35,52.1,54.62,SLOW GROWTH,35,0
WORTHPERI,2063380992.0,MICRO CAP,131.0,14.11638,1.1317202,0.094160005,20.288,0.09899,0.047509998,0.073,-0.309,Misc,Consumer Cyclical,Packaging & Containers,2026-05-29,Packaging & Containers,0,0,0,34.45,12.34,21.86,57.11,23.395000000000003,26.46,WEAK GROWTH,25,0
GANGESSECU,1239356800.0,MICRO CAP,123.88999938964844,46.05576,0.22995782,0.11565,29.454,0.19284001,0.046090003,-0.135,0.417,Misc,Consumer Defensive,Packaged Foods,2026-05-29,Packaged Foods,0,0,0,11.36,78.54,50.02,79.4,44.95,49.41,SLOW GROWTH,27,0
HALDER,2848332800.0,MICRO CAP,229.0,538.1866320000008,1.8822485,0.11565,199.222,0.18708,0.00592,-0.592,-0.023,Misc,Consumer Defensive,Farm Products,2026-05-29,Farm Products,0,0,0,2.43,21.84,50.02,78.5,12.135,26.35,WEAK GROWTH,27,0
UGARSUGAR,4672124928.0,MICRO CAP,41.529998779296875,34.32231,1.9981716,0.060539998,285.835,0.15557,0.0091699995,-0.238,-0.104,Misc,Consumer Defensive,Confectioners,2026-05-29,Confectioners,0,0,0,7.79,18.68,15.12,73.33,13.235,19.62,WEAK GROWTH,25,0
CHEVIOT,6420220416.0,MICRO CAP,1099.0,12.415274,0.9094708,0.0762,1.216,0.108909994,0.09443,0.051,0.1685,Misc,Consumer Cyclical,Textile Manufacturing,2026-05-29,Textile Manufacturing,0,0,0,29.91,50.02,18.17,60.24,39.965,37.63,WEAK GROWTH,25,0
PLASTIBLEN,4574099456.0,MICRO CAP,176.0,12.464589,1.0167063,0.08371,4.968,0.07274,0.04652,0.058,0.452,Chemicals,Basic Materials,Specialty Chemicals,2026-05-29,Specialty Chemicals,0,0,0,31.37,79.69,19.7,35.37,55.53,46.35,SLOW GROWTH,25,0
KABRAEXTRU,7625477120.0,MICRO CAP,218.0399932861328,18.89428,1.6491694,0.11565,32.04,-0.06001,-0.0030500002,-0.089,0.1685,Misc,Industrials,Specialty Industrial Machinery,2026-05-29,Specialty Industrial Machinery,0,0,0,14.61,50.02,50.02,8.81,32.315,33.51,WEAK GROWTH,25,0
RAJSREESUG,1192881792.0,MICRO CAP,36.0,105.882355,0.46908593,0.0043099998,126.178,0.25081,0.00209,0.082,1.669,Misc,Consumer Defensive,Confectioners,2026-05-29,Confectioners,0,0,0,35.96,92.6,5.6,85.43,64.28,54.66,SLOW GROWTH,25,0
NECCLTD,1551000064.0,MICRO CAP,15.510000228881836,17.043957,0.69614005,0.039920002,52.844,0.080129996,0.02938,-0.112,0.7,Misc,Industrials,Trucking,2026-05-29,Trucking,0,0,0,13.18,84.86,11.59,38.35,49.019999999999996,40.47,SLOW GROWTH,25,0
RACE,1998728960.0,MICRO CAP,115.81999969482422,30.319372,2.584518,0.11565,84.464,0.02159,0.01012,-0.221,0.1,Misc,Industrials,Waste Management,2026-05-29,Waste Management,0,0,0,8.19,28.71,50.02,17.55,18.45,24.67,WEAK GROWTH,28,0
ANMOL,670448704.0,MICRO CAP,11.779999732971191,5.9195976,0.5648796,0.09981,165.862,0.00849,0.00798,-0.018,0.574,Metals,Energy,Thermal Coal,2026-05-29,Coal,0,0,0,20.47,82.57,23.54,14.34,51.519999999999996,42.21,SLOW GROWTH,25,0
NIRAJ,1749044096.0,MICRO CAP,29.299999237060547,6.4966736,0.6850436,0.083050005,28.588,0.07437,0.039,-0.185,-0.27,Industrials,Industrials,Engineering & Construction,2026-05-29,Engineering & EPC,0,0,0,9.34,13.08,19.55,35.92,11.21,15.35,WEAK GROWTH,25,0
DWARKESH,8040230912.0,MICRO CAP,43.38999938964844,26.138554,0.97197646,0.037720002,40.6,0.21669,0.021879999,-0.057,0.237,Misc,Consumer Defensive,Confectioners,2026-05-29,Confectioners,0,0,0,16.92,71.35,11.32,82.49,44.135,41.41,SLOW GROWTH,25,0
RSWM,8407179776.0,MICRO CAP,178.83999633789062,16.167574,0.6394833,0.039130002,123.995,0.027409999,0.011419999,-0.091,14.661280000000012,Misc,Consumer Cyclical,Textile Manufacturing,2026-05-29,Textile Manufacturing,0,0,0,14.41,99.51,11.52,18.88,56.96,44.06,SLOW GROWTH,25,0
MITTAL,439461760.0,MICRO CAP,0.9900000095367432,16.5,0.74943227,0.03756,29.486,0.04303,0.025050001,0.097,-0.363,Misc,Consumer Cyclical,Textile Manufacturing,2026-05-29,Textile Manufacturing,0,0,0,38.92,10.73,11.2,24.4,24.825000000000003,22.06,WEAK GROWTH,25,0
EUROTEXIND,183399072.0,MICRO CAP,15.600000381469727,7.6097565,-0.49721116,0.11565,29.454,-3.64360608,0.0,-0.7896912,0.1685,Misc,Real Estate,Real Estate - Development,2026-05-29,Real Estate - Development,0,0,0,0.53,50.02,50.02,0.53,25.275000000000002,27.75,WEAK GROWTH,25,0
LASA,421351424.0,MICRO CAP,8.40999984741211,3.373465592,0.7465601,0.11565,13.025,-1.03721,-0.66033995,-0.7896912,0.1685,Misc,Healthcare,Drug Manufacturers - Specialty & Generic,2026-05-29,Drug Manufacturers - Specialty & Generic,0,0,0,0.53,50.02,50.02,2.04,25.275000000000002,27.9,WEAK GROWTH,25,0
MANUGRAPH,489175232.0,MICRO CAP,15.609999656677246,9.576687,0.79098046,0.08901,5.169,0.01805,0.05589,-0.102,0.1685,Misc,Industrials,Specialty Industrial Machinery,2026-05-29,Specialty Industrial Machinery,0,0,0,13.83,50.02,20.56,16.37,31.925,28.1,WEAK GROWTH,25,0
BATLIBOI,3747997696.0,MICRO CAP,79.37000274658203,58.792595,1.7292694,0.02866,37.078,0.040760003,0.01289,-0.345,-0.24,Misc,Industrials,Specialty Industrial Machinery,2026-05-29,Specialty Industrial Machinery,0,0,0,5.03,13.71,9.95,23.58,9.370000000000001,10.91,WEAK GROWTH,10,0
DCMNVL,2855827456.0,MICRO CAP,152.89999389648438,79.22279,0.86887336,0.00493,98.359,0.04091,0.0035100002,-0.065,-0.165,Misc,Consumer Cyclical,Textile Manufacturing,2026-05-29,Textile Manufacturing,0,0,0,16.35,16.84,5.8,23.62,16.595,15.14,WEAK GROWTH,10,0
NATHBIOGEN,3377900288.0,MICRO CAP,177.5,8.464474,0.5832005,0.06285,20.354,0.06687,0.09353,-0.01,0.1685,Chemicals,Basic Materials,Agricultural Inputs,2026-05-29,Agrochemicals,0,0,0,21.58,50.02,15.35,32.98,35.8,31.43,WEAK GROWTH,25,0
ATLANTAA,3423000064.0,MICRO CAP,42.0,26.656543,1.6114799,-0.00802,148.258,0.89454,-0.01828,-0.074,-0.002,Misc,Industrials,Infrastructure Operations,2026-05-29,Infrastructure Operations,0,0,0,15.61,22.82,4.39,98.82,19.215,24.21,WEAK GROWTH,28,0
LINC,6045769216.0,MICRO CAP,101.5999984741211,17.547495,2.3427951,0.13284999,10.275,0.11851,0.05939,-0.089,-0.137,Misc,Industrials,Business Equipment & Supplies,2026-05-29,Business Equipment & Supplies,0,0,0,14.61,17.7,77.56,63.26,16.155,33.15,WEAK GROWTH,35,0
SUPERHOUSE,1708875008.0,MICRO CAP,155.0,25.876461,0.36141992,0.11565,39.038,0.02772,0.0090499995,0.032,0.472,Misc,Consumer Cyclical,Footwear & Accessories,2026-05-29,Footwear & Accessories,0,0,0,27.12,80.04,50.02,19.08,53.580000000000005,49.42,SLOW GROWTH,28,0
MINDTECK,7066356224.0,MICRO CAP,221.13999938964844,22.427992,2.5265634,0.11188,1.278,0.09191,0.07739,-0.001,0.493,Technology,Technology,Information Technology Services,2026-05-29,IT Services,0,0,0,22.66,80.71,26.67,42.46,51.684999999999995,45.76,SLOW GROWTH,28,0
ACCURACY,829585664.0,MICRO CAP,5.510000228881836,32.411766,0.67524517,0.11565,111.931,0.02441,0.0035299999,-0.38,-0.167,Misc,Industrials,Integrated Freight & Logistics,2026-05-29,Integrated Freight & Logistics,0,0,0,4.62,16.76,50.02,18.1,10.690000000000001,19.3,WEAK GROWTH,28,0
GOKUL,4156800256.0,MICRO CAP,41.9900016784668,21.533333,1.1673942,0.11565,97.223,0.00732,0.00491,0.068,7.983,Misc,Consumer Defensive,Packaged Foods,2026-05-29,Packaged Foods,0,0,0,33.35,98.16,50.02,14.06,65.755,57.44,MODERATE GROWTH,28,0
SALONA,1473208960.0,MICRO CAP,279.95001220703125,26.656543,1.2054757,0.11565,278.404,0.03543,2.0000001e-05,-0.017,-0.794,Misc,Consumer Cyclical,Textile Manufacturing,2026-05-29,Textile Manufacturing,0,0,0,20.74,2.74,50.02,21.86,11.739999999999998,20.41,WEAK GROWTH,28,0
KRITI,3846808064.0,MICRO CAP,73.0,347.61905,1.7602237,0.00533,40.997,0.09896,0.0019200001,0.031,0.1685,Misc,Industrials,Building Products & Equipment,2026-05-29,Building Products & Equipment,0,0,0,26.97,50.02,5.88,57.07,38.495000000000005,33.83,WEAK GROWTH,10,0
SURAJLTD,4274244352.0,MICRO CAP,232.75,57.04657,3.1468863,0.055180002,43.774,0.082399994,0.03629,-0.261,0.1685,Misc,Basic Materials,Steel,2026-05-29,Steel,0,0,0,6.93,50.02,14.34,39.09,28.475,26.71,WEAK GROWTH,10,0
INNOVISION,7324969472.0,MICRO CAP,307.6000061035156,24.967533,5.6811466,0.11565,110.069,0.0497,0.0373,0.021,0.845,Misc,Industrials,Staffing & Employment Services,2026-05-29,Staffing & Employment Services,0,0,0,25.42,86.8,50.02,26.99,56.11,51.98,SLOW GROWTH,28,0
GRPLTD,9333330944.0,MICRO CAP,1750.0,285.94772,5.231767,0.01741,116.333,0.02743,0.00602,-0.099,0.1685,Automobiles,Consumer Cyclical,Auto Parts,2026-05-29,Auto Components,0,0,0,13.94,50.02,8.46,18.92,31.98,25.97,WEAK GROWTH,10,0
VIPCLOTHNG,2401050368.0,MICRO CAP,26.639999389648438,30.62069,1.2616624,0.11565,40.011,0.059910003,0.03158,-0.189,-0.545,Misc,Consumer Cyclical,Apparel Manufacturing,2026-05-29,Apparel Manufacturing,0,0,0,9.17,6.78,50.02,30.55,7.975,18.64,WEAK GROWTH,28,0
EMMBI,1631573248.0,MICRO CAP,84.80000305175781,22.374672,0.8296807,0.11565,84.014,0.071890004,0.0155299995,0.091,-0.383,Misc,Consumer Cyclical,Packaging & Containers,2026-05-29,Packaging & Containers,0,0,0,37.54,10.22,50.02,35.02,23.88,30.22,WEAK GROWTH,28,0
VIKASECO,2299317760.0,MICRO CAP,1.2999999523162842,21.666666,0.44982696,0.11565,9.468,0.014730001,0.01994,-0.189,0.1685,Chemicals,Basic Materials,Specialty Chemicals,2026-05-29,Specialty Chemicals,0,0,0,9.17,50.02,50.02,15.55,29.595000000000002,32.28,WEAK GROWTH,28,0
BONLON,758057984.0,MICRO CAP,46.27000045776367,31.910343,0.79035926,0.11565,49.692,0.00749,0.0032,-0.073,-0.606,Misc,Basic Materials,Other Industrial Metals & Mining,2026-05-29,Other Industrial Metals & Mining,0,0,0,15.71,5.56,50.02,14.1,10.635,18.86,WEAK GROWTH,28,0
DBOL,7040984576.0,MICRO CAP,107.0,30.056181,0.7382875,0.11565,58.445,0.056199998,0.01166,-0.118,0.1685,Misc,Consumer Defensive,Farm Products,2026-05-29,Farm Products,0,0,0,12.5,50.02,50.02,29.28,31.26,34.81,WEAK GROWTH,28,0
REPL,1310256768.0,MICRO CAP,72.30000305175781,34.265408,0.8710634,0.11565,29.454,0.01005,0.03816,-0.338,0.1685,Technology,Industrials,Consulting Services,2026-05-29,IT Consulting,0,0,0,5.29,50.02,50.02,14.73,27.655,30.84,WEAK GROWTH,28,0
ABINFRA,7409956864.0,MICRO CAP,11.600000381469727,31.351353,4.7658176,0.11565,58.087,0.13009,0.082370006,-0.008,0.105,Industrials,Industrials,Engineering & Construction,2026-05-29,Engineering & EPC,0,0,0,21.9,28.83,50.02,66.31,25.365,34.39,WEAK GROWTH,28,0
MANAKALUCO,2418206464.0,MICRO CAP,36.900001525878906,32.08696,1.7481525,0.11565,193.509,0.06576,0.01159,0.021,0.0,Misc,Basic Materials,Aluminum,2026-05-29,Aluminum,0,0,0,25.42,23.15,50.02,32.67,24.285,30.27,WEAK GROWTH,28,0
SPECIALITY,5341616640.0,MICRO CAP,110.73999786376953,24.445915,1.6336465,0.11565,42.426,0.10503,0.045100003,0.072,0.0,Hospitality,Consumer Cyclical,Restaurants,2026-05-29,Restaurants,0,0,0,34.25,23.15,50.02,59.03,28.7,36.0,WEAK GROWTH,28,0
ZIMLAB,5411665408.0,MICRO CAP,101.05999755859375,84.92436,1.8969854,0.021289999,42.734,0.01985,0.01559,-0.033,0.208,Misc,Healthcare,Drug Manufacturers - Specialty & Generic,2026-05-29,Drug Manufacturers - Specialty & Generic,0,0,0,19.0,69.68,8.93,16.9,44.34,34.51,WEAK GROWTH,10,0
SRD,2673811456.0,MICRO CAP,41.79999923706055,23.885714,2.4393091,0.11565,29.454,0.02912,0.02592,-0.111,-0.267,Chemicals,Basic Materials,Specialty Chemicals,2026-05-29,Specialty Chemicals,0,0,0,13.32,13.16,50.02,19.82,13.24,21.25,WEAK GROWTH,28,0
NKIND,404826880.0,MICRO CAP,67.36000061035156,26.656543,-0.11548583,0.11565,29.454,-0.32984,-0.43978,-0.308,0.1685,Consumer,Consumer Defensive,Household & Personal Products,2026-05-29,FMCG – Personal Care,0,0,0,5.86,50.02,50.02,4.7,27.94,30.03,WEAK GROWTH,18,0
RADAAN,164109472.0,MICRO CAP,3.0299999713897705,26.656543,-1.1429648,0.11565,29.454,-0.43185002,-0.74382,-0.335,0.1685,Misc,Communication Services,Entertainment,2026-05-29,Entertainment,0,0,0,5.33,50.02,50.02,3.96,27.675,29.77,WEAK GROWTH,18,0
KEEPLEARN,337895232.0,MICRO CAP,2.1700000762939453,26.656543,4.854586,0.11565,31.672,-0.3218,-0.02543,-0.311,0.1685,Misc,Consumer Defensive,Education & Training Services,2026-05-29,Education & Training Services,0,0,0,5.72,50.02,50.02,4.82,27.87,30.0,WEAK GROWTH,18,0
SUNDRMBRAK,2921421824.0,MICRO CAP,742.5,26.656543,3.0720026,0.02549,44.875,0.07555,0.00745,-0.067,4.632,Automobiles,Consumer Cyclical,Auto Parts,2026-05-29,Auto Components,0,0,0,16.18,96.94,9.52,36.41,56.56,45.14,SLOW GROWTH,18,0
LAGNAM,1395144192.0,MICRO CAP,78.95999908447266,9.700245,1.159216,0.11565,289.472,0.08217,0.02479,0.03,0.571,Misc,Consumer Cyclical,Textile Manufacturing,2026-05-29,Textile Manufacturing,0,0,0,26.79,82.45,50.02,39.01,54.620000000000005,52.14,SLOW GROWTH,35,0
NAHARINDUS,4989380608.0,MICRO CAP,115.4800033569336,11.700102,0.493106,0.11565,50.924,0.05819,0.02925,-0.208,0.252,Misc,Consumer Cyclical,Textile Manufacturing,2026-05-29,Textile Manufacturing,0,0,0,8.54,72.03,50.02,29.96,40.285,41.2,SLOW GROWTH,35,0
ATLASCYCLE,646806656.0,MICRO CAP,99.44999694824219,26.656543,0.17046331,-0.02095,2.371,-1.66571,-0.9331492,-0.7896912,0.1685,Misc,Consumer Cyclical,Leisure,2026-05-29,Leisure,0,0,0,0.53,50.02,3.72,1.68,25.275000000000002,18.6,WEAK GROWTH,8,0
OILCOUNTUB,2843827200.0,MICRO CAP,54.70000076293945,26.656543,1.2983623,-0.28674,12.601,-0.51817,-0.87714,-0.13,0.1685,Misc,Energy,Oil & Gas Equipment & Services,2026-05-29,Oil & Gas Equipment & Services,0,0,0,11.63,50.02,1.14,3.13,30.825000000000003,22.12,WEAK GROWTH,8,0
VISHWARAJ,1226369920.0,MICRO CAP,5.630000114440918,26.656543,0.50231975,-0.13826999,145.775,-0.03396,-0.083500005,-0.166,0.1685,Misc,Consumer Defensive,Confectioners,2026-05-29,Confectioners,0,0,0,10.05,50.02,1.76,9.67,30.035000000000004,22.34,WEAK GROWTH,8,0
TRACXN,3398447616.0,MICRO CAP,31.81999969482422,26.656543,6.6443934,-0.13334,29.454,-0.2023,-0.09396,-0.031,0.1685,Technology,Technology,Software - Application,2026-05-29,SaaS,0,0,0,19.33,50.02,1.84,5.88,34.675,25.23,WEAK GROWTH,8,0
HIMATSEIDE,9733710848.0,MICRO CAP,77.41000366210938,11.800305,0.46247506,0.11565,121.696,0.09887999,0.028380001,-0.116,-0.643,Misc,Consumer Cyclical,Textile Manufacturing,2026-05-29,Textile Manufacturing,0,0,0,12.95,5.05,50.02,57.03,9.0,22.01,WEAK GROWTH,35,0
MANGALAM,456170112.0,MICRO CAP,28.81999969482422,26.656543,0.44255397,-0.294667488,109.406,-0.15142,-0.19127001,-0.075,0.1685,Misc,Healthcare,Drug Manufacturers - Specialty & Generic,2026-05-29,Drug Manufacturers - Specialty & Generic,0,0,0,15.51,50.02,0.53,6.7,32.765,23.71,WEAK GROWTH,8,0
BPL,2659383296.0,MICRO CAP,54.29999923706055,26.656543,0.9402923,-0.037920002,71.883,-0.00883,-0.19145,-0.007,-0.375,Misc,Technology,Consumer Electronics,2026-05-29,Consumer Electronics,0,0,0,21.99,10.38,3.13,11.67,16.185,13.12,WEAK GROWTH,8,0
MURUDCERA,2096682368.0,MICRO CAP,34.630001068115234,16.72947,0.5577657,0.11565,34.717,0.06548,0.05998,0.019,1.429,Misc,Industrials,Building Products & Equipment,2026-05-29,Building Products & Equipment,0,0,0,25.07,91.11,50.02,32.55,58.09,53.92,SLOW GROWTH,35,0
OMFREIGHT,2879587072.0,MICRO CAP,85.51000213623047,15.081129,1.5114183,0.11565,14.352,0.041139998,0.04231,0.023,1.654,Misc,Industrials,Integrated Freight & Logistics,2026-05-29,Integrated Freight & Logistics,0,0,0,25.81,92.52,50.02,23.74,59.165,53.79,SLOW GROWTH,35,0
LIBAS,331678272.0,MICRO CAP,12.59000015258789,3.6492753,0.40593264,0.11565,16.808,0.06122,0.02542,0.018,0.1685,Misc,Consumer Cyclical,Apparel Manufacturing,2026-05-29,Apparel Manufacturing,0,0,0,24.91,50.02,50.02,31.24,37.465,39.35,WEAK GROWTH,35,0
RAMAPHO,4329528832.0,MICRO CAP,122.3499984741211,8.21141,1.022523,0.13282,32.867,0.03701,0.059019998,0.09,0.026,Chemicals,Basic Materials,Agricultural Inputs,2026-05-29,Agrochemicals,0,0,0,37.33,24.6,77.52,22.41,30.965,39.42,WEAK GROWTH,35,0
AVADHSUGAR,8808104960.0,MICRO CAP,440.0,15.373864,0.82901704,0.11565,56.04,0.06185,0.02716,0.035,1.478,Misc,Consumer Defensive,Confectioners,2026-05-29,Confectioners,0,0,0,27.46,91.58,50.02,31.3,59.519999999999996,54.8,SLOW GROWTH,35,0
GLOTTIS,6108762624.0,MICRO CAP,66.11000061035156,15.93012,2.183794,0.11565,25.397,0.03271,0.04593,-0.268,-0.827,Misc,Industrials,Integrated Freight & Logistics,2026-05-29,Integrated Freight & Logistics,0,0,0,6.82,2.39,50.02,20.99,4.605,15.33,WEAK GROWTH,35,0
CEWATER,5814606848.0,MICRO CAP,280.95001220703125,10.190425,1.0575826,0.11565,30.084,0.00037999998,0.08512,0.014,0.1685,Misc,Utilities,Utilities - Regulated Water,2026-05-29,Utilities - Regulated Water,0,0,0,24.42,50.02,50.02,13.36,37.22,37.39,WEAK GROWTH,35,0
BANSWRAS,4219104256.0,MICRO CAP,123.25,13.543956,0.7509612,0.11565,89.715,0.0717,0.01922,0.003,0.382,Misc,Consumer Cyclical,Textile Manufacturing,2026-05-29,Textile Manufacturing,0,0,0,23.17,77.59,50.02,34.98,50.38,48.77,SLOW GROWTH,35,0
SUPERSPIN,283492160.0,MICRO CAP,5.059999942779541,26.656543,0.47021654,0.0077600004,30.436,-0.42987,-0.85068,-0.076,0.1685,Misc,Consumer Cyclical,Textile Manufacturing,2026-05-29,Textile Manufacturing,0,0,0,15.41,50.02,6.38,4.0,32.715,24.58,WEAK GROWTH,8,0
ONMOBILE,5440463360.0,MICRO CAP,51.16999816894531,26.656543,0.87294,-0.01839,12.298,-0.4007,-0.0218,-0.183,0.1685,Telecom,Communication Services,Telecom Services,2026-05-29,Telecom Services,0,0,0,9.5,50.02,3.88,4.07,29.76,22.02,WEAK GROWTH,8,0
FELDVR,1324737664.0,MICRO CAP,2.680000066757202,26.656543,0.05065492,-0.294667488,29.454,-0.97987,-0.9331492,-0.132,0.1685,Misc,Consumer Cyclical,Department Stores,2026-05-29,Department Stores,0,0,0,11.54,50.02,0.53,2.13,30.78,21.86,WEAK GROWTH,8,0
SANGINITA,741302400.0,MICRO CAP,28.6200008392334,26.656543,1.3418981,-0.18882999,26.413,-0.13744001,-0.054899998,-0.138,0.1685,Misc,Basic Materials,Chemicals,2026-05-29,Chemicals,0,0,0,11.22,50.02,1.41,6.93,30.62,22.41,WEAK GROWTH,8,0
PRAENG,1596634112.0,MICRO CAP,22.829999923706055,26.656543,0.33155668,-0.039100002,34.493,-0.47284,-0.39555,0.014,0.1685,Misc,Real Estate,Real Estate - Development,2026-05-29,Real Estate - Development,0,0,0,24.42,50.02,3.09,3.45,37.22,27.02,WEAK GROWTH,8,0
CELEBRITY,509286432.0,MICRO CAP,7.889999866485596,26.656543,4.285714,-0.294667488,605.198,-0.00183,-0.09114,-0.151,0.1685,Misc,Consumer Cyclical,Apparel Manufacturing,2026-05-29,Apparel Manufacturing,0,0,0,10.56,50.02,0.53,12.57,30.290000000000003,22.57,WEAK GROWTH,8,0
SIL,1051778176.0,MICRO CAP,16.350000381469727,26.656543,0.9147877,-0.16631001,3.137,-0.47959,-0.56805,0.1,0.1685,Misc,Consumer Cyclical,Textile Manufacturing,2026-05-29,Textile Manufacturing,0,0,0,39.21,50.02,1.61,3.41,44.615,31.89,WEAK GROWTH,8,0
JAYSREETEA,2436393728.0,MICRO CAP,84.37000274658203,26.656543,0.6150134,-0.061479997,109.179,-0.18004,-0.02694,0.094,0.1685,Misc,Consumer Defensive,Farm Products,2026-05-29,Farm Products,0,0,0,38.19,50.02,2.74,6.07,44.105000000000004,32.03,WEAK GROWTH,8,0
TREEHOUSE,285174272.0,MICRO CAP,6.739999771118164,26.656543,0.17636591,-0.053639997,3.323,-3.64360608,-0.9331492,-0.535,0.1685,Misc,Consumer Defensive,Education & Training Services,2026-05-29,Education & Training Services,0,0,0,2.9,50.02,2.82,0.53,26.46,19.14,WEAK GROWTH,8,0
CAPTRUST,468836768.0,MICRO CAP,13.84000015258789,26.656543,0.39432448,-0.294667488,65.243,-0.1011,-0.9331492,-0.522,0.1685,Financials,Financial Services,Credit Services,2026-05-29,NBFC – Lending,0,0,0,3.02,50.02,0.53,7.56,26.520000000000003,19.43,WEAK GROWTH,8,0
SADBHAV,1689972480.0,MICRO CAP,9.850000381469727,26.656543,-0.74979067,0.11565,29.454,0.57403,-0.21118,-0.042,0.1685,Industrials,Industrials,Engineering & Construction,2026-05-29,Engineering & EPC,0,0,0,18.02,50.02,50.02,96.32,34.02,43.45,SLOW GROWTH,38,0
MTEDUCARE,117731728.0,MICRO CAP,1.6299999952316284,26.656543,-2.1196358,0.11565,29.454,-0.27903,-0.48523,-0.422,0.1685,Misc,Consumer Defensive,Education & Training Services,2026-05-29,Education & Training Services,0,0,0,4.03,50.02,50.02,5.25,27.025000000000002,29.45,WEAK GROWTH,18,0
MVGJL,7639739392.0,MICRO CAP,156.39999389648438,6.7268815,0.9904438,0.14816,58.923,0.04764,0.0419,0.07,0.051,Misc,Consumer Cyclical,Luxury Goods,2026-05-29,Luxury Goods,0,0,0,33.86,26.01,81.32,26.28,29.935000000000002,39.85,WEAK GROWTH,35,0
GTECJAINX,181365936.0,MICRO CAP,17.799999237060547,26.656543,11.049038,-0.294667488,238.1,-0.41551998,-0.11201999,-0.097,0.1685,Misc,Consumer Defensive,Education & Training Services,2026-05-29,Education & Training Services,0,0,0,14.06,50.02,0.53,4.03,32.04,22.94,WEAK GROWTH,8,0
TVVISION,201471392.0,MICRO CAP,5.199999809265137,26.656543,-0.12665935,0.11565,29.454,-3.64360608,-0.9331492,-0.7896912,0.1685,Media,Communication Services,Broadcasting,2026-05-29,Broadcasting,0,0,0,0.53,50.02,50.02,0.53,25.275000000000002,27.75,WEAK GROWTH,18,0
ESSARSHPNG,4991307776.0,MICRO CAP,24.010000228881836,26.656543,-0.20854686,0.11565,29.454,-3.64360608,0.0,-0.7896912,0.1685,Misc,Industrials,Marine Shipping,2026-05-29,Marine Shipping,0,0,0,0.53,50.02,50.02,0.53,25.275000000000002,27.75,WEAK GROWTH,18,0
GVKPIL,4848175616.0,MICRO CAP,3.069999933242798,26.656543,-0.33373192,0.11565,29.454,-1.49115,0.0,-0.7896912,0.1685,Misc,Utilities,Utilities - Independent Power Producers,2026-05-29,Utilities - Independent Power Producers,0,0,0,0.53,50.02,50.02,1.76,25.275000000000002,27.87,WEAK GROWTH,18,0
SALSTEEL,8638228480.0,MICRO CAP,59.66999816894531,26.656543,15.406661,0.11565,604.599,-1.24091,-0.01695,-0.7896912,0.1685,Misc,Basic Materials,Steel,2026-05-29,Steel,0,0,0,0.53,50.02,50.02,1.88,25.275000000000002,27.88,WEAK GROWTH,18,0
VLEGOV,1542177920.0,MICRO CAP,14.220000267028809,26.656543,3.374466,0.11565,29.454,-0.16382,0.0,-0.706,0.1685,Technology,Technology,Information Technology Services,2026-05-29,IT Services,0,0,0,1.76,50.02,50.02,6.38,25.89,28.77,WEAK GROWTH,18,0
ORTEL,52763040.0,MICRO CAP,1.600000023841858,26.656543,-0.06827977,0.11565,29.454,-0.87775004,-0.47809,-0.424,0.1685,Misc,Communication Services,Entertainment,2026-05-29,Entertainment,0,0,0,4.0,50.02,50.02,2.35,27.01,29.15,WEAK GROWTH,18,0
BALKRISHNA,607982592.0,MICRO CAP,18.8700008392334,26.656543,-0.34830925,0.11565,29.454,-0.31202,-0.9331492,-0.467,0.1685,Misc,Consumer Cyclical,Packaging & Containers,2026-05-29,Packaging & Containers,0,0,0,3.56,50.02,50.02,4.86,26.790000000000003,29.24,WEAK GROWTH,18,0
PRIMO,5217649664.0,MICRO CAP,21.530000686645508,34.174606,1.2879876,0.03858,32.291,0.080740005,0.02737,-0.068,0.1685,Misc,Basic Materials,Chemicals,2026-05-29,Chemicals,0,0,0,16.1,50.02,11.48,38.58,33.06,29.3,WEAK GROWTH,18,0
SUVIDHAA,565990720.0,MICRO CAP,2.6600000858306885,26.656543,1.672956,0.11565,3.774,-2.6666698,0.0,-0.367,0.1685,Technology,Technology,Information Technology Services,2026-05-29,IT Services,0,0,0,4.86,50.02,50.02,1.21,27.44,29.33,WEAK GROWTH,18,0
SAKHTISUG,2139930880.0,MICRO CAP,17.979999542236328,13.518796,1.2173324,0.11565,315.597,0.19983,-0.43633,-0.062,0.169,Misc,Consumer Defensive,Confectioners,2026-05-29,Confectioners,0,0,0,16.49,67.53,50.02,80.45,42.01,47.46,SLOW GROWTH,37,0
SRTL,1736913792.0,MICRO CAP,43.45000076293945,9.304069,0.72480696,0.10396,15.218,0.13997,0.051909998,-0.532,1.958,Misc,Consumer Cyclical,Textile Manufacturing,2026-05-29,Textile Manufacturing,0,0,0,2.94,93.65,24.68,69.37,48.295,45.68,SLOW GROWTH,35,0
DMCC,6728793600.0,MICRO CAP,269.79998779296875,24.616787,2.8668272,0.114879996,28.623,0.1596,0.04699,-0.467,-0.085,Misc,Basic Materials,Chemicals,2026-05-29,Chemicals,0,0,0,3.56,19.39,27.42,73.91,11.475,20.91,WEAK GROWTH,35,0
JAYAGROGN,6779700224.0,MICRO CAP,225.99000549316406,15.331751,1.1509432,0.11565,30.871,0.02082,0.01847,0.013,-0.511,Chemicals,Basic Materials,Specialty Chemicals,2026-05-29,Specialty Chemicals,0,0,0,24.19,7.21,50.02,17.43,15.700000000000001,22.74,WEAK GROWTH,35,0
ASAHISONG,2897662720.0,MICRO CAP,245.8300018310547,18.637606,1.1252965,0.11565,49.417,0.04571,0.02856,-0.098,-0.198,Chemicals,Basic Materials,Specialty Chemicals,2026-05-29,Specialty Chemicals,0,0,0,14.0,15.18,50.02,25.34,14.59,22.75,WEAK GROWTH,35,0
RPPINFRA,3662912000.0,MICRO CAP,73.87000274658203,17.588097,0.65941226,0.11565,18.172,0.00524,0.026600001,0.069,-0.9306128,Industrials,Industrials,Engineering & Construction,2026-05-29,Engineering & EPC,0,0,0,33.57,0.53,50.02,13.94,17.05,23.33,WEAK GROWTH,35,0
PODDARMENT,2725178624.0,MICRO CAP,256.8500061035156,18.465134,0.74250627,0.11565,29.454,0.04329,0.04192,0.015,-0.546,Chemicals,Basic Materials,Specialty Chemicals,2026-05-29,Specialty Chemicals,0,0,0,24.58,6.72,50.02,24.64,15.649999999999999,23.42,WEAK GROWTH,35,0
BEARDSELL,1085700608.0,MICRO CAP,27.530000686645508,12.1814165,1.2631917,0.11565,36.022,0.06713,0.03201,0.028,-0.172,Misc,Industrials,Building Products & Equipment,2026-05-29,Building Products & Equipment,0,0,0,26.54,16.41,50.02,33.1,21.475,28.35,WEAK GROWTH,35,0
GANESHCP,8046621184.0,MICRO CAP,199.11000061035156,14.191732,2.1626172,0.14192,7.166,0.05214,0.048639998,-0.009,0.881,Misc,Consumer Defensive,Packaged Foods,2026-05-29,Packaged Foods,0,0,0,21.76,87.11,79.91,27.89,54.435,56.88,MODERATE GROWTH,35,0
RUDRA,1857364224.0,MICRO CAP,18.510000228881836,13.711111,1.3924621,0.10261,97.147,0.032449998,0.021710001,0.066,-0.051,Misc,Basic Materials,Steel,2026-05-29,Steel,0,0,0,32.98,20.76,24.32,20.88,26.869999999999997,25.76,WEAK GROWTH,35,0
VITAL,1314196864.0,MICRO CAP,54.869998931884766,46.897438,1.245941,0.03349,70.621,0.037639998,0.02337,-0.021,-0.34,Chemicals,Basic Materials,Specialty Chemicals,2026-05-29,Specialty Chemicals,0,0,0,20.09,11.42,10.54,22.6,15.754999999999999,15.4,WEAK GROWTH,10,0
ISFT,1387960576.0,MICRO CAP,85.08999633789062,11.108355,0.5213688,0.11565,6.493,0.02991,0.023629999,0.048,0.331,Misc,Consumer Cyclical,Internet Retail,2026-05-29,Internet Retail,0,0,0,29.51,76.18,50.02,20.21,52.845000000000006,49.02,SLOW GROWTH,35,0
TRANSPEK,5879928320.0,MICRO CAP,1052.699951171875,10.084299,0.7659247,0.11565,29.454,0.06791,0.07069,-0.119,-0.657,Misc,Basic Materials,Chemicals,2026-05-29,Chemicals,0,0,0,12.28,4.9,50.02,33.53,8.59,19.37,WEAK GROWTH,35,0
OSIAHYPER,600694784.0,MICRO CAP,3.6500000953674316,3.373465592,0.14871252,0.11565,39.501,0.02718,0.012619999,-0.061,-0.647,Misc,Consumer Cyclical,Department Stores,2026-05-29,Department Stores,0,0,0,16.59,4.99,50.02,18.76,10.79,19.43,WEAK GROWTH,35,0
TNPETRO,8098332160.0,MICRO CAP,90.01000213623047,6.966718,0.8277315,0.101009995,45.668,0.033570003,0.06647,-0.726,-0.699,Chemicals,Basic Materials,Specialty Chemicals,2026-05-29,Specialty Chemicals,0,0,0,1.63,4.35,23.93,21.31,2.9899999999999998,9.01,WEAK GROWTH,35,0
LAMBODHARA,1075326976.0,MICRO CAP,103.62000274658203,13.2846155,0.87738466,0.11565,32.269,0.04858,0.03439,-0.029,0.589,Misc,Consumer Cyclical,Textile Manufacturing,2026-05-29,Textile Manufacturing,0,0,0,19.53,82.77,50.02,26.6,51.15,48.47,SLOW GROWTH,35,0
BALAXI,1396749696.0,MICRO CAP,25.299999237060547,14.7953205,0.55533606,0.11565,23.745,0.03487,0.03424,-0.01,-0.9306128,Misc,Healthcare,Drug Manufacturers - Specialty & Generic,2026-05-29,Drug Manufacturers - Specialty & Generic,0,0,0,21.58,0.53,50.02,21.7,11.055,19.91,WEAK GROWTH,35,0
RADIANTCMS,4347280384.0,MICRO CAP,40.7400016784668,12.345455,1.6534092,0.11565,57.298,0.10052,0.08455,0.069,-0.259,Misc,Industrials,Specialty Business Services,2026-05-29,Specialty Business Services,0,0,0,33.57,13.4,50.02,57.78,23.485,32.22,WEAK GROWTH,35,0
RANASUG,1931883264.0,MICRO CAP,12.579999923706055,6.8743167,0.3641943,0.11565,43.163,0.02996,0.01579,0.1,-0.098,Misc,Consumer Defensive,Confectioners,2026-05-29,Confectioners,0,0,0,39.21,19.02,50.02,20.25,29.115000000000002,32.41,WEAK GROWTH,35,0
PPL,5009075200.0,MICRO CAP,209.38999938964844,12.5008955,1.0956287,0.11565,2.772,0.07706,0.05353,-0.059,-0.562,Misc,Industrials,Building Products & Equipment,2026-05-29,Building Products & Equipment,0,0,0,16.82,6.54,50.02,36.94,11.68,21.87,WEAK GROWTH,35,0
CTE,627575168.0,MICRO CAP,32.599998474121094,26.656543,0.9458048,0.11565,117.654,0.078590006,-0.05007,-0.093,0.1685,Technology,Technology,Information Technology Services,2026-05-29,IT Services,0,0,0,14.24,50.02,50.02,37.92,32.13,36.29,WEAK GROWTH,23,0
UFO,2911106816.0,MICRO CAP,75.0,14.792899,0.9274258,0.11565,29.853,0.08045,0.04428,-0.049,-0.583,Misc,Communication Services,Entertainment,2026-05-29,Entertainment,0,0,0,17.43,6.21,50.02,38.46,11.82,22.12,WEAK GROWTH,35,0
FOODSIN,4239094528.0,MICRO CAP,57.650001525878906,13.532864,0.889002,0.11565,88.516,0.071040004,0.03235,-0.206,-0.5,Misc,Consumer Defensive,Packaged Foods,2026-05-29,Packaged Foods,0,0,0,8.64,7.72,50.02,34.55,8.18,19.19,WEAK GROWTH,35,0
BASML,2078755072.0,MICRO CAP,26.010000228881836,11.50885,0.4468688,0.11565,95.855,0.063260004,0.016239999,-0.043,0.75,Misc,Consumer Cyclical,Textile Manufacturing,2026-05-29,Textile Manufacturing,0,0,0,17.86,85.61,50.02,31.73,51.735,49.39,SLOW GROWTH,35,0
NAHARPOLY,6491229696.0,MICRO CAP,264.0,8.955224,0.76122373,0.11565,11.21,0.07288,0.05886,-0.032,1.565,Misc,Consumer Cyclical,Packaging & Containers,2026-05-29,Packaging & Containers,0,0,0,19.17,92.13,50.02,35.45,55.65,52.5,SLOW GROWTH,35,0
AGARIND,6243381248.0,MICRO CAP,417.3999938964844,10.694338,0.9505396,0.11565,63.478,0.01835,0.02819,-0.247,-0.899,Chemicals,Basic Materials,Specialty Chemicals,2026-05-29,Specialty Chemicals,0,0,0,7.42,1.47,50.02,16.45,4.445,14.76,WEAK GROWTH,35,0
NDL,3819900160.0,MICRO CAP,2.6500000953674316,3.373465592,0.55918974,0.11565,34.572,0.0188,0.01013,-0.461,-0.6,Misc,Consumer Cyclical,Textile Manufacturing,2026-05-29,Textile Manufacturing,0,0,0,3.68,5.68,50.02,16.53,4.68,14.93,WEAK GROWTH,35,0
SANCO,33525840.0,MICRO CAP,3.259999990463257,29.636364,-0.6780366,-0.294667488,29.454,-3.64360608,0.0,-0.012,0.1685,Misc,Industrials,Electrical Equipment & Parts,2026-05-29,Electrical Equipment & Parts,0,0,0,21.35,50.02,0.53,0.53,35.685,25.14,WEAK GROWTH,8,0
GSLSU,2317013760.0,MICRO CAP,54.66999816894531,26.656543,0.7663625,-0.110769995,78.906,-0.24702999,-0.11935,-0.039,0.1685,Misc,Basic Materials,Building Materials,2026-05-29,Building Materials,0,0,0,18.31,50.02,2.15,5.56,34.165,24.9,WEAK GROWTH,8,0
SHIVAUM,4314046976.0,MICRO CAP,317.20001220703125,85.72973,3.6457677,0.06082,80.361,0.04305,0.0124699995,0.069,1.083,Misc,Basic Materials,Steel,2026-05-29,Steel,0,0,0,33.57,88.88,15.16,24.44,61.224999999999994,48.33,SLOW GROWTH,10,0
VAKRANGEE,7170729472.0,MICRO CAP,6.619999885559082,66.2,3.0269775,0.051119998,1.705,0.00953,0.04422,-0.102,-0.003,Technology,Technology,Information Technology Services,2026-05-29,IT Services,0,0,0,13.83,22.74,13.51,14.65,18.285,16.97,WEAK GROWTH,10,0
RAJTV,887718208.0,MICRO CAP,17.100000381469727,114.0,0.757408,0.00638,16.564,0.02776,0.0113,-0.019,0.1685,Media,Communication Services,Broadcasting,2026-05-29,Broadcasting,0,0,0,20.29,50.02,6.27,19.11,35.155,27.77,WEAK GROWTH,10,0
URJA,6257423360.0,MICRO CAP,11.229999542236328,538.1866320000008,3.3948002,0.00708,24.759,0.02029,0.02002,0.023,0.1685,Misc,Technology,Solar,2026-05-29,Solar,0,0,0,25.81,50.02,6.31,17.16,37.915,29.52,WEAK GROWTH,10,0
HILINFRA,3581728256.0,MICRO CAP,49.939998626708984,10.191836,1.7763392,0.11565,27.666,0.05861,0.07224,-0.092,0.185,Misc,Industrials,Infrastructure Operations,2026-05-29,Infrastructure Operations,0,0,0,14.32,68.33,50.02,30.08,41.325,41.94,SLOW GROWTH,35,0
ALANKIT,2372633600.0,MICRO CAP,8.75,11.217949,0.77004313,0.11565,7.408,0.04322,0.06468,-0.17,0.474,Technology,Technology,Information Technology Services,2026-05-29,IT Services,0,0,0,9.87,80.14,50.02,24.56,45.005,43.96,SLOW GROWTH,35,0
SSDL,2474195456.0,MICRO CAP,62.47999954223633,9.147877,1.3131015,0.11565,3.465,0.022839999,0.042740002,-0.207,-0.593,Misc,Consumer Cyclical,Apparel Retail,2026-05-29,Apparel Retail,0,0,0,8.58,5.91,50.02,17.78,7.245,16.85,WEAK GROWTH,35,0
ZENITHSTL,883561600.0,MICRO CAP,6.210000038146973,15.146341,-0.3536245,0.11565,29.454,0.04696,0.056799997,-0.393,-0.49,Misc,Basic Materials,Steel,2026-05-29,Steel,0,0,0,4.47,8.07,50.02,26.09,6.27,17.0,WEAK GROWTH,35,0
DCMSRIND,3350068736.0,MICRO CAP,38.5099983215332,8.056484,0.36577603,0.11565,33.1,0.07095,0.03632,-0.476,-0.507,Misc,Consumer Defensive,Confectioners,2026-05-29,Confectioners,0,0,0,3.41,7.32,50.02,34.51,5.365,17.21,WEAK GROWTH,35,0
NOVAAGRI,2531357184.0,MICRO CAP,28.1200008392334,14.645834,1.1332313,0.11565,23.31,0.0733,0.06421,-0.245,-0.761,Chemicals,Basic Materials,Agricultural Inputs,2026-05-29,Agrochemicals,0,0,0,7.52,3.06,50.02,35.57,5.29,17.26,WEAK GROWTH,35,0
NGIL,740221440.0,MICRO CAP,41.54999923706055,47.215908,2.2624557,0.05291,44.646,0.13226,0.03461,-0.206,0.1685,Misc,Consumer Defensive,Packaged Foods,2026-05-29,Packaged Foods,0,0,0,8.64,50.02,13.87,66.82,29.330000000000002,29.99,WEAK GROWTH,10,0
TREJHARA,3593396224.0,MICRO CAP,149.0,40.48913,1.4514778,0.0325,7.64,0.00904,0.059959996,-0.568,0.257,Technology,Technology,Software - Application,2026-05-29,SaaS,0,0,0,2.59,72.54,10.46,14.49,37.565000000000005,29.84,WEAK GROWTH,10,0
RELCHEMQ,942492800.0,MICRO CAP,124.94000244140625,17.572433,0.6745128,0.11565,180.277,0.08542,0.015039999,-0.112,3.077,Misc,Consumer Cyclical,Textile Manufacturing,2026-05-29,Textile Manufacturing,0,0,0,13.18,95.73,50.02,40.21,54.455,52.14,SLOW GROWTH,35,0
NCLIND,7826630144.0,MICRO CAP,173.02999877929688,12.970764,0.8797181,0.11565,35.688,0.083380006,0.04282,-0.111,3.439,Misc,Basic Materials,Building Materials,2026-05-29,Building Materials,0,0,0,13.32,96.12,50.02,39.37,54.72,52.24,SLOW GROWTH,35,0
VARDHACRLC,3438764800.0,MICRO CAP,42.790000915527344,12.622418,1.4948472,0.11565,29.454,0.08285,0.04434,-0.067,0.878,Misc,Consumer Cyclical,Textile Manufacturing,2026-05-29,Textile Manufacturing,0,0,0,16.18,87.07,50.02,39.21,51.625,50.06,SLOW GROWTH,35,0
DONEAR,4872920064.0,MICRO CAP,93.70999908447266,14.439137,1.9094095,0.11565,155.524,0.08225001,0.04275,-0.017,0.605,Misc,Consumer Cyclical,Textile Manufacturing,2026-05-29,Textile Manufacturing,0,0,0,20.74,82.96,50.02,39.05,51.849999999999994,50.2,SLOW GROWTH,35,0
RUCHIRA,3532153856.0,MICRO CAP,118.3499984741211,6.660101,0.7081102,0.11565,38.02,0.03508,0.084259994,-0.216,-0.877,Misc,Basic Materials,Paper & Paper Products,2026-05-29,Paper & Paper Products,0,0,0,8.32,1.76,50.02,21.78,5.04,15.71,WEAK GROWTH,35,0
NATCAPSUQ,1699278720.0,MICRO CAP,163.61000061035156,26.656543,0.746042,0.11565,45.685,-0.17715,-0.11033,-0.139,0.1685,Misc,Healthcare,Drug Manufacturers - Specialty & Generic,2026-05-29,Drug Manufacturers - Specialty & Generic,0,0,0,11.14,50.02,50.02,6.15,30.580000000000002,32.03,WEAK GROWTH,18,0
OBCL,1101575808.0,MICRO CAP,52.25,26.656543,1.2036674,0.11565,62.946,-0.01041,-0.00981,-0.162,0.1685,Misc,Industrials,Trucking,2026-05-29,Trucking,0,0,0,10.16,50.02,50.02,11.52,30.090000000000003,32.22,WEAK GROWTH,18,0
AMANTA,5031507456.0,MICRO CAP,129.5800018310547,29.857141,2.021718,0.09397,111.004,0.13249,0.05171,0.068,-0.234,Misc,Healthcare,Drug Manufacturers - Specialty & Generic,2026-05-29,Drug Manufacturers - Specialty & Generic,0,0,0,33.35,13.87,21.7,66.86,23.61,27.55,WEAK GROWTH,18,0
SPENCERS,3341245696.0,MICRO CAP,37.119998931884766,26.656543,-0.42533198,0.11565,29.454,-0.06911,-0.13852,0.059,0.1685,Misc,Consumer Cyclical,Department Stores,2026-05-29,Department Stores,0,0,0,31.59,50.02,50.02,8.5,40.805,39.42,WEAK GROWTH,18,0
USK,1308089216.0,MICRO CAP,23.6299991607666,26.656543,0.80977345,0.11565,39.287,-0.1003,-0.06509,0.059,0.1685,Industrials,Industrials,Engineering & Construction,2026-05-29,Engineering & EPC,0,0,0,31.59,50.02,50.02,7.6,40.805,39.33,WEAK GROWTH,18,0
FMNL,649172672.0,MICRO CAP,10.199999809265137,26.656543,0.5966657,0.07251,130.24,0.13829,0.07944,0.061,0.1685,Misc,Real Estate,Real Estate Services,2026-05-29,Real Estate Services,0,0,0,32.06,50.02,17.31,68.94,41.040000000000006,39.08,WEAK GROWTH,18,0
CEREBRAINT,401127232.0,MICRO CAP,3.309999942779541,26.656543,0.26326254,0.11565,29.8,-3.64360608,0.0,-0.7896912,0.1685,Misc,Industrials,Waste Management,2026-05-29,Waste Management,0,0,0,0.53,50.02,50.02,0.53,25.275000000000002,27.75,WEAK GROWTH,18,0
WSI,5324056576.0,MICRO CAP,70.1500015258789,212.57576,2.994536,0.00749,17.361,0.15266,0.02842,-0.475,0.1685,Industrials,Industrials,Engineering & Construction,2026-05-29,Engineering & EPC,0,0,0,3.45,50.02,6.35,72.66,26.735000000000003,27.25,WEAK GROWTH,17,0
DVL,8616088576.0,MICRO CAP,246.0,26.656543,0.26675543,0.11565,16.554,-0.33536,-0.04659,-0.467,-0.9306128,Misc,Financial Services,Capital Markets,2026-05-29,Capital Markets,0,0,0,3.56,0.53,50.02,4.5,2.045,11.89,WEAK GROWTH,18,0
SURYALAXMI,1100109440.0,MICRO CAP,58.5,21.507353,0.40561903,0.01149,111.042,0.02953,0.00392,-0.024,-0.707,Misc,Consumer Cyclical,Textile Manufacturing,2026-05-29,Textile Manufacturing,0,0,0,19.96,3.98,7.32,19.98,11.97,11.84,WEAK GROWTH,18,0
MUKTAARTS,1518628736.0,MICRO CAP,67.23999786376953,26.656543,-2.5696487,0.11565,29.454,0.02961,-0.091850005,-0.034,0.1685,Misc,Communication Services,Entertainment,2026-05-29,Entertainment,0,0,0,18.82,50.02,50.02,20.05,34.42,36.1,WEAK GROWTH,23,0
FLFL,296609088.0,MICRO CAP,1.4700000286102295,26.656543,-0.01576695,0.11565,29.454,-0.61004,-0.92297,-0.787,0.1685,Misc,Consumer Cyclical,Apparel Manufacturing,2026-05-29,Apparel Manufacturing,0,0,0,1.1,50.02,50.02,2.94,25.560000000000002,28.19,WEAK GROWTH,18,0
ORTINGLOBE,135062432.0,MICRO CAP,16.610000610351562,26.656543,10.361822,0.11565,71.56,-3.64360608,0.0,-0.633,0.1685,Misc,Healthcare,Drug Manufacturers - Specialty & Generic,2026-05-29,Drug Manufacturers - Specialty & Generic,0,0,0,2.12,50.02,50.02,0.53,26.07,28.31,WEAK GROWTH,18,0
VIKASLIFE,2842232832.0,MICRO CAP,1.5299999713897705,26.656543,0.41666666,0.11565,17.508,-0.17679001,-0.05593,-0.177,0.1685,Misc,Consumer Defensive,Farm Products,2026-05-29,Farm Products,0,0,0,9.69,50.02,50.02,6.19,29.855,31.52,WEAK GROWTH,18,0
INVENTURE,1029000000.0,MICRO CAP,0.9800000190734863,24.500002,0.28008002,0.01402,13.28,0.00878,0.092259996,-0.523,0.1685,Misc,Financial Services,Capital Markets,2026-05-29,Capital Markets,0,0,0,2.98,50.02,7.95,14.41,26.5,21.58,WEAK GROWTH,18,0
MUTHOOTCAP,3313520128.0,MICRO CAP,201.4600067138672,29.62647,0.49456728,0.01682,482.095,0.13509,0.03521,-0.005,-0.163,Financials,Financial Services,Credit Services,2026-05-29,NBFC – Lending,0,0,0,22.15,16.94,8.38,67.76,19.545,22.13,WEAK GROWTH,18,0
VIPULLTD,1255949056.0,MICRO CAP,8.90999984741211,26.656543,0.30623817,0.11565,19.491,-0.1749,-0.44313,-0.184,-0.71,Misc,Real Estate,Real Estate - Diversified,2026-05-29,Real Estate - Diversified,0,0,0,9.42,3.92,50.02,6.23,6.67,15.3,WEAK GROWTH,18,0
APTECHT,6112336384.0,MICRO CAP,105.37999725341797,25.955666,2.4361374,0.094110005,5.06,0.0429,0.04526,-0.032,-0.635,Misc,Consumer Defensive,Education & Training Services,2026-05-29,Education & Training Services,0,0,0,19.17,5.21,21.74,24.36,12.190000000000001,15.32,WEAK GROWTH,18,0
IL&FSENGG,4038529280.0,MICRO CAP,30.799999237060547,26.656543,-0.1269433,0.11565,29.454,-0.07569,-0.00546,-0.082,0.273,Industrials,Industrials,Engineering & Construction,2026-05-29,Engineering & EPC,0,0,0,15.0,73.38,50.02,8.3,44.19,41.77,SLOW GROWTH,18,0
HDIL,924307840.0,MICRO CAP,1.9500000476837158,26.656543,-0.020905476,0.11565,29.454,-3.24165,-0.05415,-0.135,0.1685,Misc,Real Estate,Real Estate - Diversified,2026-05-29,Real Estate - Diversified,0,0,0,11.36,50.02,50.02,1.1,30.69,31.6,WEAK GROWTH,18,0
PEARLPOLY,320873792.0,MICRO CAP,19.059999465942383,26.656543,0.9352306,0.11565,29.454,-0.33753,-0.25146,-0.145,0.1685,Misc,Consumer Cyclical,Packaging & Containers,2026-05-29,Packaging & Containers,0,0,0,10.79,50.02,50.02,4.47,30.405,31.73,WEAK GROWTH,18,0
PREMIER,100239816.0,MICRO CAP,3.130000114440918,26.656543,-0.028132556,0.11565,29.454,-3.64360608,0.0,-0.718,0.1685,Misc,Industrials,Specialty Industrial Machinery,2026-05-29,Specialty Industrial Machinery,0,0,0,1.72,50.02,50.02,0.53,25.87,28.17,WEAK GROWTH,18,0
VARDMNPOLY,3129963264.0,MICRO CAP,6.480000019073486,46.285713,-1.3553649,0.11565,29.454,-0.032509997,0.03076,-0.329,0.1685,Misc,Consumer Cyclical,Textile Manufacturing,2026-05-29,Textile Manufacturing,0,0,0,5.37,50.02,50.02,9.83,27.695,30.37,WEAK GROWTH,15,0
AAREYDRUGS,2251331840.0,MICRO CAP,79.4000015258789,65.08197,1.4964756,0.11565,38.267,-0.024260001,0.00879,-0.279,-0.219,Misc,Healthcare,Drug Manufacturers - Specialty & Generic,2026-05-29,Drug Manufacturers - Specialty & Generic,0,0,0,6.38,14.53,50.02,10.34,10.455,18.36,WEAK GROWTH,15,0
PRITI,585810560.0,MICRO CAP,43.869998931884766,37.177967,0.7908494,0.11565,29.454,-0.06547,0.04403,-0.777,-0.872,Misc,Consumer Cyclical,"Furnishings, Fixtures & Appliances",2026-05-29,"Furnishings, Fixtures & Appliances",0,0,0,1.14,1.8,50.02,8.7,1.47,11.9,WEAK GROWTH,15,0
MIRZAINT,4519202304.0,MICRO CAP,32.70000076293945,52.741936,0.7614391,0.11565,4.955,-0.0759,0.01554,0.033,0.1685,Misc,Consumer Cyclical,Footwear & Accessories,2026-05-29,Footwear & Accessories,0,0,0,27.2,50.02,50.02,8.26,38.61,37.86,WEAK GROWTH,15,0
LAXMICOT,238352608.0,MICRO CAP,13.899999618530273,3.373465592,0.36702573,-0.01943,70.182,-0.057140004,-0.0077899997,-0.119,0.1685,Misc,Consumer Cyclical,Textile Manufacturing,2026-05-29,Textile Manufacturing,0,0,0,12.28,50.02,3.84,8.97,31.150000000000002,23.47,WEAK GROWTH,15,0
VAISHALI,921062592.0,MICRO CAP,7.059999942779541,117.66667,1.3813343,0.11565,23.153,0.058119997,-0.00446,-0.117,0.02,Misc,Healthcare,Drug Manufacturers - Specialty & Generic,2026-05-29,Drug Manufacturers - Specialty & Generic,0,0,0,12.77,24.21,50.02,29.89,18.490000000000002,25.94,WEAK GROWTH,15,0
FOCUS,5505137664.0,MICRO CAP,82.0,115.49296,3.9016035,0.11565,29.454,-0.035099998,0.0215,-0.093,0.1685,Misc,Consumer Cyclical,"Furnishings, Fixtures & Appliances",2026-05-29,"Furnishings, Fixtures & Appliances",0,0,0,14.24,50.02,50.02,9.6,32.13,33.46,WEAK GROWTH,15,0
HTMEDIA,5320360960.0,MICRO CAP,23.0,538.1866320000008,0.330033,0.11565,39.322,-0.01402,0.00017000001,0.014,0.1685,Misc,Communication Services,Publishing,2026-05-29,Publishing,0,0,0,24.42,50.02,50.02,11.28,37.22,37.19,WEAK GROWTH,15,0
KAYA,3716407808.0,MICRO CAP,244.6999969482422,26.656543,-3.7682095,0.11565,29.454,-0.22469,-0.43229,0.02,0.1685,Consumer,Consumer Defensive,Household & Personal Products,2026-05-29,FMCG – Personal Care,0,0,0,25.23,50.02,50.02,5.72,37.625,36.91,WEAK GROWTH,18,0
ARSHIYA,316171104.0,MICRO CAP,1.2000000476837158,26.656543,-0.009952973,0.11565,29.454,-0.88708,0.0,0.028,0.1685,Misc,Industrials,Integrated Freight & Logistics,2026-05-29,Integrated Freight & Logistics,0,0,0,26.54,50.02,50.02,2.31,38.28,37.03,WEAK GROWTH,18,0
ORIENTPPR,3808729856.0,MICRO CAP,17.950000762939453,26.656543,0.24528226,0.11565,16.377,-0.106680006,-0.040209997,0.027,0.1685,Misc,Basic Materials,Paper & Paper Products,2026-05-29,Paper & Paper Products,0,0,0,26.38,50.02,50.02,7.44,38.2,37.49,WEAK GROWTH,18,0
SHIVAMAUTO,2396512768.0,MICRO CAP,18.049999237060547,26.656543,135.71428,0.11565,614.0908400000002,-0.03176,-0.16961001,-0.148,0.1685,Automobiles,Consumer Cyclical,Auto Parts,2026-05-29,Auto Components,0,0,0,10.67,50.02,50.02,9.87,30.345000000000002,32.23,WEAK GROWTH,18,0
ISHANCH,1704964480.0,MICRO CAP,62.38999938964844,26.656543,0.9591231,0.11565,62.878,-0.19035,-0.16657,-0.118,0.1685,Misc,Basic Materials,Chemicals,2026-05-29,Chemicals,0,0,0,12.5,50.02,50.02,5.95,31.26,32.48,WEAK GROWTH,18,0
SITINET,392659936.0,MICRO CAP,0.3400000035762787,26.656543,-0.028916482,0.11565,29.454,-0.095790006,-0.18236999,-0.122,0.1685,Misc,Communication Services,Entertainment,2026-05-29,Entertainment,0,0,0,12.1,50.02,50.02,7.72,31.060000000000002,32.52,WEAK GROWTH,18,0
MADHAV,329786432.0,MICRO CAP,36.86000061035156,26.656543,0.26606804,0.11565,8.785,-0.15126,-0.0372,-0.036,0.1685,Misc,Industrials,Building Products & Equipment,2026-05-29,Building Products & Equipment,0,0,0,18.59,50.02,50.02,6.74,34.305,34.69,WEAK GROWTH,18,0
SAKUMA,3104082944.0,MICRO CAP,1.9800000190734863,49.5,0.75457317,0.11565,6.194,-0.0028799998,0.00434,-0.239,-0.821,Misc,Consumer Defensive,Farm Products,2026-05-29,Farm Products,0,0,0,7.74,2.43,50.02,12.26,5.085,14.79,WEAK GROWTH,15,0
DPSCLTD,8325901312.0,MICRO CAP,8.550000190734863,285.0,0.9463199,0.11565,29.454,-0.098579995,0.01042,-0.023,-0.467,Misc,Utilities,Utilities - Regulated Electric,2026-05-29,Utilities - Regulated Electric,0,0,0,20.02,8.68,50.02,7.68,14.35,20.82,WEAK GROWTH,15,0
BVCL,966175936.0,MICRO CAP,43.599998474121094,538.1866320000008,0.7802573,0.11565,28.58,-0.01423,0.000120000004,-0.129,0.1685,Misc,Basic Materials,Building Materials,2026-05-29,Building Materials,0,0,0,11.75,50.02,50.02,11.16,30.885,32.74,WEAK GROWTH,15,0
NAHARSPING,9366160384.0,MICRO CAP,259.70001220703125,48.0037,0.60910684,0.11565,49.532,-0.0116799995,0.0065200003,-0.139,0.1685,Misc,Consumer Cyclical,Textile Manufacturing,2026-05-29,Textile Manufacturing,0,0,0,11.14,50.02,50.02,11.4,30.580000000000002,32.55,WEAK GROWTH,15,0
RAMANEWS,4526971392.0,MICRO CAP,30.079999923706055,26.656543,-5.3704696,0.11565,29.454,-0.0678,-0.9331492,-0.12,0.1685,Misc,Consumer Defensive,Beverages - Non-Alcoholic,2026-05-29,Beverages - Non-Alcoholic,0,0,0,12.18,50.02,50.02,8.58,31.1,32.63,WEAK GROWTH,18,0
PARSVNATH,1745076608.0,MICRO CAP,4.010000228881836,26.656543,-0.07751939,0.11565,29.454,-0.33521998,-0.9331492,0.048,0.1685,Misc,Real Estate,Real Estate - Development,2026-05-29,Real Estate - Development,0,0,0,29.51,50.02,50.02,4.54,39.765,38.29,WEAK GROWTH,18,0
ASTRON,188576560.0,MICRO CAP,3.990000009536743,26.656543,0.22874504,0.11565,94.276,-0.66063005,0.0,0.056,0.1685,Misc,Basic Materials,Paper & Paper Products,2026-05-29,Paper & Paper Products,0,0,0,31.04,50.02,50.02,2.62,40.53,38.64,WEAK GROWTH,18,0
TTL,1924416512.0,MICRO CAP,7.449999809265137,26.656543,1.3637196,0.0027,63.733,0.03953,0.0015199999,-0.087,0.1685,Misc,Consumer Cyclical,Textile Manufacturing,2026-05-29,Textile Manufacturing,0,0,0,14.81,50.02,5.37,23.15,32.415,26.08,WEAK GROWTH,18,0
GRADIENTE,1246499968.0,MICRO CAP,3.75,26.656543,0.43936732,0.11565,3.091,0.29313,0.025940001,-0.411,0.0,Misc,Communication Services,Entertainment,2026-05-29,Entertainment,0,0,0,4.23,23.15,50.02,88.48,13.69,28.44,WEAK GROWTH,43,0
MARKOLINES,3744972800.0,MICRO CAP,169.91000366210938,13.984363,2.2369235,0.1383,42.552,0.15125,0.073649995,-0.072,-0.046,Misc,Industrials,Infrastructure Operations,2026-05-29,Infrastructure Operations,0,0,0,15.79,20.92,78.93,72.5,18.355,35.88,WEAK GROWTH,42,0
RELIABLE,1424056832.0,MICRO CAP,137.99000549316406,12.125659,2.3558235,0.11565,66.061,0.21822001,0.05625,-0.298,-0.236,Technology,Technology,Information Technology Services,2026-05-29,IT Services,0,0,0,5.95,13.79,50.02,82.69,9.87,25.18,WEAK GROWTH,42,0
RVTH,2462755328.0,MICRO CAP,803.0,27.594501,1.9511033,0.10374,48.324,0.2745,0.096829996,0.017,0.526,Misc,Industrials,Farm & Heavy Construction Machinery,2026-05-29,Farm & Heavy Construction Machinery,0,0,0,24.76,81.67,24.56,87.19,53.215,50.88,SLOW GROWTH,43,0
KAMATHOTEL,5209423872.0,MICRO CAP,176.7100067138672,13.903226,2.56276,0.11565,87.461,0.26879,0.07851,0.062,-0.272,Misc,Consumer Cyclical,Lodging,2026-05-29,Lodging,0,0,0,32.3,12.98,50.02,86.84,22.64,34.54,WEAK GROWTH,50,0
SUMIT,1896307968.0,MICRO CAP,41.88999938964844,19.574764,1.2605699,0.11565,32.611,0.32586,0.09591,-0.616,-0.638,Misc,Real Estate,Real Estate - Development,2026-05-29,Real Estate - Development,0,0,0,2.19,5.09,50.02,90.29,3.6399999999999997,21.58,WEAK GROWTH,50,0
UTTAMSUGAR,9090355200.0,MICRO CAP,237.6999969482422,9.04146,1.0341213,0.11748,81.154,0.18324,0.04555,-0.171,-0.168,Misc,Consumer Defensive,Confectioners,2026-05-29,Confectioners,0,0,0,9.83,16.69,73.09,77.71,13.260000000000002,31.67,WEAK GROWTH,42,0
RCOM,2543277824.0,MICRO CAP,0.9200000166893005,26.656543,-0.0026105882,0.11565,29.454,-0.96825,0.0,-0.276,0.1685,Telecom,Communication Services,Telecom Services,2026-05-29,Telecom Services,0,0,0,6.46,50.02,50.02,2.23,28.240000000000002,30.0,WEAK GROWTH,18,0
TVSELECT,9406267392.0,MICRO CAP,499.79998779296875,26.656543,9.7029705,0.01334,55.935,0.025559999,0.0027700001,0.025,0.1685,Misc,Technology,Computer Hardware,2026-05-29,Computer Hardware,0,0,0,26.11,50.02,7.64,18.41,38.065,30.01,WEAK GROWTH,18,0
LOYALTEX,1063904768.0,MICRO CAP,220.88999938964844,26.656543,0.44092724,0.11565,137.189,-0.06728,-0.00221,-0.32,0.1685,Misc,Consumer Cyclical,Textile Manufacturing,2026-05-29,Textile Manufacturing,0,0,0,5.52,50.02,50.02,8.62,27.770000000000003,30.3,WEAK GROWTH,18,0
AMDIND,903712192.0,MICRO CAP,47.150001525878906,26.656543,0.5791672,0.11565,53.424,-0.14892,-0.02091,-0.154,0.1685,Misc,Consumer Cyclical,Packaging & Containers,2026-05-29,Packaging & Containers,0,0,0,10.42,50.02,50.02,6.85,30.220000000000002,31.84,WEAK GROWTH,18,0
ANIKINDS,1253624960.0,MICRO CAP,45.16999816894531,74.04918,0.39364862,0.07674,3.695,0.02388,-0.04542,-0.133,-0.9306128,Consumer,Consumer Defensive,Food Distribution,2026-05-29,FMCG – Food,0,0,0,11.48,0.53,18.29,17.94,6.005,9.66,WEAK GROWTH,5,0
INDOWIND,1595531520.0,MICRO CAP,9.90999984741211,110.11111,0.4443149,2.0000001e-05,3.094,-0.64241,1.0000001e-05,-0.341,0.1685,Energy,Utilities,Utilities - Renewable,2026-05-29,Power Generation – Renewable,0,0,0,5.19,50.02,5.05,2.7,27.605,20.6,WEAK GROWTH,5,0
GTPL,7461922304.0,MICRO CAP,66.3499984741211,47.392857,0.6487411,0.009649999,39.615,-0.0212,0.00424,0.063,0.1685,Misc,Communication Services,Entertainment,2026-05-29,Entertainment,0,0,0,32.45,50.02,6.82,10.54,41.235,31.28,WEAK GROWTH,5,0
WIPL,1282012672.0,MICRO CAP,151.0500030517578,58.320465,2.5596056,0.0100300005,20.837,-0.01591,0.0037599998,-0.013,0.1685,Misc,Basic Materials,Lumber & Wood Production,2026-05-29,Lumber & Wood Production,0,0,0,21.25,50.02,6.89,11.01,35.635000000000005,27.42,WEAK GROWTH,5,0
ENIL,5243745792.0,MICRO CAP,110.0,26.656543,0.6919327,-0.00962,22.502,-0.07626,-0.01356,-0.115,-0.322,Media,Communication Services,Broadcasting,2026-05-29,Broadcasting,0,0,0,13.0,11.87,4.23,8.23,12.434999999999999,10.37,WEAK GROWTH,8,0
SUTLEJTEX,5971659264.0,MICRO CAP,35.970001220703125,26.656543,0.69968295,-0.10094,114.141,-0.01421,-0.03351,0.021,0.1685,Misc,Consumer Cyclical,Textile Manufacturing,2026-05-29,Textile Manufacturing,0,0,0,25.42,50.02,2.31,11.2,37.72,27.99,WEAK GROWTH,8,0
AROGRANITE,411416992.0,MICRO CAP,26.889999389648438,26.656543,0.23527867,-0.065689996,87.15,-0.45953998,-0.16075,-0.57,0.1685,Misc,Industrials,Building Products & Equipment,2026-05-29,Building Products & Equipment,0,0,0,2.49,50.02,2.66,3.53,26.255000000000003,19.26,WEAK GROWTH,8,0
HPAL,3326784000.0,MICRO CAP,36.209999084472656,47.644737,1.7600739,0.03751,2.255,-0.076680005,0.027590001,-0.13,0.1685,Chemicals,Basic Materials,Specialty Chemicals,2026-05-29,Specialty Chemicals,0,0,0,11.63,50.02,11.14,8.19,30.825000000000003,24.62,WEAK GROWTH,5,0
DENORA,3810006784.0,MICRO CAP,717.7000122070312,42.093845,2.947845,0.07259,29.454,-0.12732,0.07445,0.07,0.1685,Misc,Industrials,Electrical Equipment & Parts,2026-05-29,Electrical Equipment & Parts,0,0,0,33.86,50.02,17.35,6.97,41.94,33.53,WEAK GROWTH,5,0
AKG,363206272.0,MICRO CAP,11.430000305175781,60.157898,0.73119247,0.01171,15.716,-0.027709998,0.00629,-0.386,-0.4,Misc,Industrials,Industrial Distribution,2026-05-29,Industrial Distribution,0,0,0,4.54,9.81,7.4,10.11,7.175000000000001,7.51,WEAK GROWTH,5,0
DIAMINESQ,2493241344.0,MICRO CAP,248.0,26.656543,1.5738738,-0.08021,5.197,-0.43846,-0.33221,-0.482,0.1685,Misc,Basic Materials,Chemicals,2026-05-29,Chemicals,0,0,0,3.37,50.02,2.51,3.84,26.695,19.57,WEAK GROWTH,8,0
ANKITMETAL,211665744.0,MICRO CAP,1.5,26.656543,-0.02050665,0.11565,29.454,-0.51785,-0.31393,-0.255,0.1685,Misc,Basic Materials,Steel,2026-05-29,Steel,0,0,0,7.23,50.02,50.02,3.17,28.625,30.36,WEAK GROWTH,18,0
DISHTV,6002494976.0,MICRO CAP,3.259999990463257,26.656543,-0.18066947,0.11565,29.454,-0.47985,-0.71690005,-0.198,0.1685,Misc,Communication Services,Entertainment,2026-05-29,Entertainment,0,0,0,8.85,50.02,50.02,3.37,29.435000000000002,30.95,WEAK GROWTH,18,0
ELGIRUBCO,2380878592.0,MICRO CAP,47.56999969482422,26.656543,1.4291723,0.11565,183.179,-0.27504,-0.14099,0.094,0.1685,Automobiles,Consumer Cyclical,Auto Parts,2026-05-29,Auto Components,0,0,0,38.19,50.02,50.02,5.29,44.105000000000004,41.41,SLOW GROWTH,18,0
COMPINFO,110893968.0,MICRO CAP,1.2699999809265137,26.656543,-0.036782805,0.11565,292.783,-0.35296002,0.0,-0.698,0.1685,Misc,Technology,Electronics & Computer Distribution,2026-05-29,Electronics & Computer Distribution,0,0,0,1.8,50.02,50.02,4.27,25.91,28.57,WEAK GROWTH,18,0
PNC,267639504.0,MICRO CAP,18.5,26.656543,0.3662931,0.11565,2.364,-0.38198003,-0.2538,-0.673,0.1685,Misc,Communication Services,Entertainment,2026-05-29,Entertainment,0,0,0,1.88,50.02,50.02,4.11,25.950000000000003,28.58,WEAK GROWTH,18,0
SECURKLOUD,698281600.0,MICRO CAP,20.899999618530273,26.656543,-18.173914,0.11565,29.454,-0.15927,-0.083809994,-0.764,0.1685,Technology,Technology,Software - Application,2026-05-29,SaaS,0,0,0,1.25,50.02,50.02,6.46,25.635,28.59,WEAK GROWTH,18,0
VIVIMEDLAB,555523200.0,MICRO CAP,6.699999809265137,26.656543,-1.1589689,0.11565,29.454,-0.97253996,-0.39539,-0.563,0.1685,Misc,Healthcare,Drug Manufacturers - Specialty & Generic,2026-05-29,Drug Manufacturers - Specialty & Generic,0,0,0,2.66,50.02,50.02,2.19,26.340000000000003,28.66,WEAK GROWTH,18,0
PENINLAND,5785340416.0,MICRO CAP,17.440000534057617,26.656543,2.7962162,0.11565,228.395,-0.1517,-0.3849,-0.728,0.1685,Misc,Real Estate,Real Estate - Development,2026-05-29,Real Estate - Development,0,0,0,1.57,50.02,50.02,6.66,25.795,28.73,WEAK GROWTH,18,0
VALIANTORG,8517961216.0,MICRO CAP,304.0,25.654007,1.1531401,0.04476,33.698,0.07454,0.04499,0.069,2.691,Misc,Basic Materials,Chemicals,2026-05-29,Chemicals,0,0,0,33.57,94.95,12.34,36.0,64.26,51.05,SLOW GROWTH,18,0
SADHNANIQ,7233853952.0,MICRO CAP,2.440000057220459,26.656543,0.31622604,0.11565,102.168,-1.95287,-0.42525002,-0.737,0.1685,Misc,Basic Materials,Chemicals,2026-05-29,Chemicals,0,0,0,1.41,50.02,50.02,1.49,25.715,28.15,WEAK GROWTH,18,0
SILLYMONKS,175634368.0,MICRO CAP,17.200000762939453,26.656543,2.4304085,0.11565,2.097,-0.121549994,-0.03576,-0.198,0.1685,Misc,Communication Services,Entertainment,2026-05-29,Entertainment,0,0,0,8.85,50.02,50.02,7.09,29.435000000000002,31.32,WEAK GROWTH,18,0
KCPSUGIND,2684497408.0,MICRO CAP,23.489999771118164,65.25,0.52638656,0.02447,27.792,-0.2684,0.03858,-0.091,0.1685,Misc,Consumer Defensive,Confectioners,2026-05-29,Confectioners,0,0,0,14.41,50.02,9.4,5.37,32.215,24.97,WEAK GROWTH,5,0
VPRPL,5036931584.0,MICRO CAP,40.25,26.656543,0.33196697,0.11565,90.698,-0.10439,-0.0026699998,-0.263,0.1685,Industrials,Industrials,Engineering & Construction,2026-05-29,Engineering & EPC,0,0,0,6.89,50.02,50.02,7.48,28.455000000000002,30.67,WEAK GROWTH,18,0
APCL,3613095936.0,MICRO CAP,123.0,26.656543,1.7645539,0.11565,223.154,-0.15092,-0.086969994,-0.239,0.1685,Misc,Basic Materials,Building Materials,2026-05-29,Building Materials,0,0,0,7.74,50.02,50.02,6.78,28.880000000000003,30.9,WEAK GROWTH,18,0
KAKATCEM,956184512.0,MICRO CAP,123.0,26.656543,0.4981552,0.11565,4.858,-0.50523996,-0.32766998,-0.245,0.1685,Misc,Basic Materials,Building Materials,2026-05-29,Building Materials,0,0,0,7.52,50.02,50.02,3.21,28.770000000000003,30.46,WEAK GROWTH,18,0
MADHUCON,391851136.0,MICRO CAP,5.309999942779541,26.656543,-0.022947675,0.11565,29.454,-1.15081,-0.68002,-0.218,0.1685,Industrials,Industrials,Engineering & Construction,2026-05-29,Engineering & EPC,0,0,0,8.26,50.02,50.02,2.0,29.14,30.6,WEAK GROWTH,18,0
BAGFILMS,1055207936.0,MICRO CAP,5.079999923706055,23.090908,0.576029,0.02234,50.258,0.14337,0.02474,0.048,-0.593,Media,Communication Services,Broadcasting,2026-05-29,Broadcasting,0,0,0,29.51,5.91,9.09,70.43,17.71,21.26,WEAK GROWTH,18,0
BYKE,1875258496.0,MICRO CAP,35.869998931884766,28.023438,0.8118691,0.0294,45.444,0.14538,0.06284,0.039,1.285,Misc,Consumer Cyclical,Lodging,2026-05-29,Lodging,0,0,0,28.18,90.33,10.03,71.05,59.254999999999995,50.59,SLOW GROWTH,18,0
FEL,217494240.0,MICRO CAP,0.4399999976158142,26.656543,0.00831648,-0.294667488,29.454,-0.97987,-0.9331492,-0.132,0.1685,Misc,Consumer Cyclical,Department Stores,2026-05-29,Department Stores,0,0,0,11.54,50.02,0.53,2.13,30.78,21.86,WEAK GROWTH,8,0
TRF,2630604800.0,MICRO CAP,239.0500030517578,26.656543,3.1427894,-0.05327,153.664,-0.34904,-0.05257,-0.285,0.1685,Misc,Industrials,Specialty Industrial Machinery,2026-05-29,Specialty Industrial Machinery,0,0,0,6.25,50.02,2.86,4.35,28.135,20.7,WEAK GROWTH,8,0
RSSOFTWARE,824015680.0,MICRO CAP,31.899999618530273,26.656543,2.0777698,-0.294667488,48.02,-1.7437601,-0.9331492,-0.315,0.1685,Technology,Technology,Information Technology Services,2026-05-29,IT Services,0,0,0,5.64,50.02,0.53,1.57,27.830000000000002,19.74,WEAK GROWTH,8,0
SHEMAROO,3013521152.0,MICRO CAP,104.88999938964844,26.656543,0.75086087,-0.294667488,113.341,-0.63537997,-0.37494,-0.317,0.1685,Misc,Communication Services,Entertainment,2026-05-29,Entertainment,0,0,0,5.6,50.02,0.53,2.82,27.810000000000002,19.86,WEAK GROWTH,8,0
EVERESTIND,6148861440.0,MICRO CAP,387.79998779296875,26.656543,1.064934,-0.18639,45.885,-0.09883001,-0.07119,-0.267,0.1685,Misc,Industrials,Building Products & Equipment,2026-05-29,Building Products & Equipment,0,0,0,6.85,50.02,1.45,7.64,28.435000000000002,20.96,WEAK GROWTH,8,0
INDOFARM,6286590976.0,MICRO CAP,130.8300018310547,20.189816,1.1574906,0.0454,26.874,0.11525,0.05612,0.031,-0.446,Misc,Industrials,Farm & Heavy Construction Machinery,2026-05-29,Farm & Heavy Construction Machinery,0,0,0,26.97,8.95,12.46,62.55,17.96,21.32,WEAK GROWTH,18,0
DCM,1629820288.0,MICRO CAP,87.26000213623047,30.617546,3.4064648,0.11565,2.73,-0.08314,0.0766,0.02,0.1685,Misc,Industrials,Metal Fabrication,2026-05-29,Metal Fabrication,0,0,0,25.23,50.02,50.02,7.99,37.625,37.14,WEAK GROWTH,23,0
DSFCL,2196552704.0,MICRO CAP,25.25,26.656543,1.0202845,0.11565,4.718,-0.01864,0.011670001,0.036,0.1685,Chemicals,Basic Materials,Specialty Chemicals,2026-05-29,Specialty Chemicals,0,0,0,27.69,50.02,50.02,10.69,38.855000000000004,38.27,WEAK GROWTH,23,0
REPRO,5413213184.0,MICRO CAP,377.3500061035156,26.656543,1.5012871,0.11565,35.444,0.016280001,-0.043909997,0.034,-0.361,Misc,Industrials,Specialty Business Services,2026-05-29,Specialty Business Services,0,0,0,27.3,10.81,50.02,15.86,19.055,24.93,WEAK GROWTH,23,0
SARLAPOLY,8284332544.0,MICRO CAP,99.20999908447266,26.656543,1.8985016,-0.02651,38.432,0.0051700003,-0.03274,0.022,0.1685,Misc,Consumer Cyclical,Textile Manufacturing,2026-05-29,Textile Manufacturing,0,0,0,25.6,50.02,3.49,13.91,37.81,28.56,WEAK GROWTH,13,0
GILLANDERS,1970538880.0,MICRO CAP,92.33000183105469,20.841988,0.76866084,0.03763,57.612,-0.0691,0.02197,-0.005,0.1685,Misc,Consumer Defensive,Farm Products,2026-05-29,Farm Products,0,0,0,22.15,50.02,11.24,8.54,36.085,28.36,WEAK GROWTH,13,0
ESTER,9860052992.0,MICRO CAP,94.54000091552734,26.656543,1.1741183,-0.03533,93.137,0.071609996,-0.01998,0.077,2.857,Chemicals,Basic Materials,Specialty Chemicals,2026-05-29,Specialty Chemicals,0,0,0,34.98,95.36,3.21,34.94,65.17,49.76,SLOW GROWTH,13,0
RAJMET,1078272000.0,MICRO CAP,3.9000000953674316,26.656543,2.29682,-0.0056800004,23.66,0.03649,-0.00122,-0.729,8.622,Metals,Basic Materials,Copper,2026-05-29,Copper,0,0,0,1.51,98.24,4.66,22.21,49.875,38.07,WEAK GROWTH,13,0
SHIVAMILLS,561717504.0,MICRO CAP,65.0,26.656543,0.60290694,-0.00097000005,29.454,0.03712,-0.00064000004,-0.111,0.1685,Misc,Consumer Cyclical,Textile Manufacturing,2026-05-29,Textile Manufacturing,0,0,0,13.32,50.02,4.94,22.48,31.67,25.4,WEAK GROWTH,13,0
TVTODAY,6949603840.0,MICRO CAP,116.47000122070312,34.35693,0.7910054,0.022720002,1.647,-0.0156,0.01774,-0.143,0.466,Media,Communication Services,Broadcasting,2026-05-29,Broadcasting,0,0,0,10.91,79.98,9.2,11.05,45.445,34.76,WEAK GROWTH,13,0
MONEYBOXX,5023470080.0,MICRO CAP,71.95999908447266,26.656543,1.6994946,0.11565,246.36,0.01505,-0.038110003,0.092,0.333,Financials,Financial Services,Credit Services,2026-05-29,NBFC – Lending,0,0,0,37.76,76.32,50.02,15.63,57.03999999999999,51.5,SLOW GROWTH,23,0
ZODIACLOTH,2100547072.0,MICRO CAP,76.5,26.656543,1.0762975,0.11565,61.685,-0.20056999,-0.19993,-0.098,0.1685,Misc,Consumer Cyclical,Apparel Manufacturing,2026-05-29,Apparel Manufacturing,0,0,0,14.0,50.02,50.02,5.91,32.010000000000005,33.0,WEAK GROWTH,18,0
FILATFASH,2000177408.0,MICRO CAP,0.23999999463558197,26.656543,0.08316008,0.11565,2.572,-0.00281,0.026619999,-0.595,-0.9306128,Misc,Consumer Cyclical,Apparel Manufacturing,2026-05-29,Apparel Manufacturing,0,0,0,2.37,0.53,50.02,12.34,1.4500000000000002,12.25,WEAK GROWTH,23,0
LEXUS,365048288.0,MICRO CAP,18.079999923706055,21.52381,2.4148524,0.11565,332.938,-0.29218,0.03115,-0.283,5.0,Misc,Industrials,Building Products & Equipment,2026-05-29,Building Products & Equipment,0,0,0,6.35,97.18,50.02,5.05,51.765,46.74,SLOW GROWTH,23,0
JKIPL,3441304832.0,MICRO CAP,89.6500015258789,26.656543,1.3872555,0.11565,35.053,-0.20323999,0.0133299995,-0.76,0.1685,Misc,Industrials,Farm & Heavy Construction Machinery,2026-05-29,Farm & Heavy Construction Machinery,0,0,0,1.31,50.02,50.02,5.84,25.665000000000003,28.55,WEAK GROWTH,23,0
ORIENTLTD,620000000.0,MICRO CAP,62.0,26.656543,0.96256846,0.11565,91.587,0.013309999,-0.015240001,-0.062,0.1685,Misc,Consumer Cyclical,Packaging & Containers,2026-05-29,Packaging & Containers,0,0,0,16.49,50.02,50.02,15.28,33.255,34.81,WEAK GROWTH,23,0
GSS,356392512.0,MICRO CAP,13.8100004196167,26.656543,0.1037519,0.11565,41.074,0.03375,-0.01895,-0.205,0.1685,Technology,Technology,Information Technology Services,2026-05-29,IT Services,0,0,0,8.7,50.02,50.02,21.39,29.36,32.7,WEAK GROWTH,23,0
NIPPOBATRY,2767500032.0,MICRO CAP,369.0,26.656543,0.91483593,0.11565,36.972,0.1069,-0.0121,0.073,-0.26,Misc,Industrials,Electrical Equipment & Parts,2026-05-29,Electrical Equipment & Parts,0,0,0,34.45,13.34,50.02,59.62,23.895000000000003,32.69,WEAK GROWTH,23,0
ELECTHERM,9927288832.0,MICRO CAP,779.0499877929688,26.656543,-6.4490356,0.11565,29.454,0.0117999995,-0.00424,-0.018,-0.927,Misc,Basic Materials,Steel,2026-05-29,Steel,0,0,0,20.47,1.1,50.02,15.2,10.785,19.07,WEAK GROWTH,23,0
CREATIVEYE,139806000.0,MICRO CAP,6.96999979019165,26.656543,0.92440313,-0.294667488,45.361,0.05065,0.0,-0.45,0.1685,Misc,Communication Services,Entertainment,2026-05-29,Entertainment,0,0,0,3.88,50.02,0.53,27.38,26.950000000000003,21.71,WEAK GROWTH,13,0
CHEMFAB,5864470528.0,MICRO CAP,408.0,26.656543,1.5490396,-0.00907,33.498,0.00758,-0.01102,-0.19,0.1685,Chemicals,Basic Materials,Specialty Chemicals,2026-05-29,Specialty Chemicals,0,0,0,9.09,50.02,4.31,14.14,29.555,22.96,WEAK GROWTH,13,0
ALPHAGEO,1420997888.0,MICRO CAP,223.25999450683594,26.656543,0.5607293,-0.053260002,29.454,0.036340002,-0.11737,-0.214,0.1685,Misc,Energy,Oil & Gas Equipment & Services,2026-05-29,Oil & Gas Equipment & Services,0,0,0,8.48,50.02,2.9,22.09,29.25,23.26,WEAK GROWTH,13,0
SUDARCOLOR,8632592384.0,MICRO CAP,374.0,19.388283,1.5161773,0.08145001,4.031,-0.00208,0.05704,-0.042,0.232,Chemicals,Basic Materials,Specialty Chemicals,2026-05-29,Specialty Chemicals,0,0,0,18.02,71.09,19.15,12.5,44.555,36.27,WEAK GROWTH,20,0
SIGACHI,8196661760.0,MICRO CAP,21.43000030517578,26.656543,1.6111572,0.11565,32.202,0.017,-0.15718001,-0.168,-0.9306128,Misc,Healthcare,Drug Manufacturers - Specialty & Generic,2026-05-29,Drug Manufacturers - Specialty & Generic,0,0,0,9.93,0.53,50.02,16.18,5.2299999999999995,15.28,WEAK GROWTH,23,0
RADIOCITY,2143199360.0,MICRO CAP,6.099999904632568,26.656543,0.47257513,-0.11309,5.308,-0.12562999,-0.3057,-0.254,0.1685,Media,Communication Services,Broadcasting,2026-05-29,Broadcasting,0,0,0,7.29,50.02,2.12,7.01,28.655,21.18,WEAK GROWTH,8,0
TGBHOTELS,270020608.0,MICRO CAP,9.220000267028809,18.816326,0.35529864,0.01868,16.052,0.03628,0.03729,-0.142,-0.581,Misc,Consumer Cyclical,Lodging,2026-05-29,Lodging,0,0,0,10.99,6.27,8.58,22.05,8.629999999999999,9.96,WEAK GROWTH,25,0
VASCONEQ,7851163136.0,MICRO CAP,33.79999923706055,15.720929,0.68572354,0.04363,26.086,0.036429998,0.05151,-0.345,-0.836,Industrials,Industrials,Engineering & Construction,2026-05-29,Engineering & EPC,0,0,0,5.03,2.27,12.14,22.15,3.6500000000000004,7.2,WEAK GROWTH,25,0
TOTAL,885370880.0,MICRO CAP,54.900001525878906,6.678832,1.0012401,0.09048,44.052,0.00124,0.01254,-0.01,-0.925,Misc,Industrials,Integrated Freight & Logistics,2026-05-29,Integrated Freight & Logistics,0,0,0,21.58,1.14,20.88,13.59,11.36,13.49,WEAK GROWTH,25,0
SHIVATEX,2103876352.0,MICRO CAP,153.1300048828125,12.339243,1.3861055,0.0727,50.435,0.03782,0.0295,-0.049,-0.9306128,Misc,Consumer Cyclical,Textile Manufacturing,2026-05-29,Textile Manufacturing,0,0,0,17.43,0.53,17.43,22.72,8.98,12.04,WEAK GROWTH,25,0
PIONEEREMB,816609216.0,MICRO CAP,26.5,26.656543,0.53623104,0.11565,58.879,0.00147,-0.00635,-0.155,0.1685,Misc,Consumer Cyclical,Textile Manufacturing,2026-05-29,Textile Manufacturing,0,0,0,10.34,50.02,50.02,13.63,30.18,32.49,WEAK GROWTH,23,0
HAVISHA,228768352.0,MICRO CAP,1.4900000095367432,26.656543,2.027211,0.11565,208.219,0.1165,-0.43105,0.065,0.1685,Misc,Consumer Cyclical,Lodging,2026-05-29,Lodging,0,0,0,32.8,50.02,50.02,62.91,41.41,45.28,SLOW GROWTH,23,0
UNIVPHOTO,4652306944.0,MICRO CAP,425.0,26.656543,0.55314916,0.11565,29.454,0.02083,0.0,-0.2,0.1685,Healthcare,Healthcare,Medical Devices,2026-05-29,Medical Devices,0,0,0,8.73,50.02,50.02,17.47,29.375,32.31,WEAK GROWTH,23,0
WEIZMANIND,1296835328.0,MICRO CAP,83.69999694824219,26.656543,2.0535343,0.11565,11.861,0.13013,-0.02394,-0.004,0.214,Misc,Consumer Cyclical,Textile Manufacturing,2026-05-29,Textile Manufacturing,0,0,0,22.29,70.19,50.02,66.35,46.239999999999995,49.01,SLOW GROWTH,23,0
SANWARIA,332943680.0,MICRO CAP,0.23999999463558197,26.656543,0.027328627,0.11565,149.496,0.046669997,0.0,0.072,0.125,Misc,Consumer Defensive,Farm Products,2026-05-29,Farm Products,0,0,0,34.25,30.08,50.02,25.81,32.165,35.1,WEAK GROWTH,23,0
LANCORHOL,1834350976.0,MICRO CAP,24.940000534057617,26.656543,0.94269735,0.11565,64.345,0.13773,-0.0156,-0.162,0.1685,Misc,Real Estate,Real Estate - Development,2026-05-29,Real Estate - Development,0,0,0,10.16,50.02,50.02,68.7,30.090000000000003,37.94,WEAK GROWTH,23,0
TRIGYN,1859150592.0,MICRO CAP,60.38999938964844,64.935486,0.24449293,0.0030500002,1.288,0.01135,0.0020299999,0.047,-0.746,Technology,Technology,Information Technology Services,2026-05-29,IT Services,0,0,0,29.24,3.37,5.41,14.96,16.305,13.99,WEAK GROWTH,10,0
OMINFRAL,8524812800.0,MICRO CAP,88.5199966430664,42.15238,1.1954892,0.0257,10.595,0.08976,0.04111,-0.069,-0.525,Industrials,Industrials,Engineering & Construction,2026-05-29,Engineering & EPC,0,0,0,16.0,6.97,9.56,41.68,11.485,14.12,WEAK GROWTH,10,0
EXXARO,2966332928.0,MICRO CAP,6.630000114440918,110.50001,1.1184211,0.01018,33.349,0.03283,0.00929,0.052,-0.9306128,Misc,Industrials,Building Products & Equipment,2026-05-29,Building Products & Equipment,0,0,0,30.12,0.53,6.97,21.07,15.325000000000001,14.23,WEAK GROWTH,10,0
DELPHIFX,2538521600.0,MICRO CAP,10.350000381469727,57.5,0.50902474,0.022079999,614.0908400000002,0.0064600003,0.00301,-0.198,0.0,Misc,Financial Services,Capital Markets,2026-05-29,Capital Markets,0,0,0,8.85,23.15,9.05,13.98,16.0,14.41,WEAK GROWTH,10,0
DGCONTENT,1601999104.0,MICRO CAP,27.610000610351562,212.38463,4.1770043,0.025209999,265.556,0.04014,0.00166,0.033,-0.86,Misc,Communication Services,Internet Content & Information,2026-05-29,Internet Content & Information,0,0,0,27.2,1.96,9.48,23.46,14.58,14.45,WEAK GROWTH,10,0
SAURASHCEM,6729291264.0,MICRO CAP,60.459999084472656,46.507694,0.7091999,0.01511,11.119,0.0321,0.00865,-0.066,-0.436,Misc,Basic Materials,Building Materials,2026-05-29,Building Materials,0,0,0,16.26,9.11,8.11,20.68,12.685,12.57,WEAK GROWTH,10,0
DIGISPICE,4126384384.0,MICRO CAP,19.799999237060547,21.290321,2.050751,0.097550005,35.372,-0.00616,0.04084,-0.082,0.1685,Financials,Financial Services,Financial Conglomerates,2026-05-29,NBFC – Investment,0,0,0,15.0,50.02,22.76,11.87,32.510000000000005,28.5,WEAK GROWTH,13,0
ATAM,825336000.0,MICRO CAP,72.0,22.360249,2.2030475,0.11565,33.533,-0.04812,0.075500004,-0.401,0.1685,Misc,Industrials,Specialty Industrial Machinery,2026-05-29,Specialty Industrial Machinery,0,0,0,4.35,50.02,50.02,9.24,27.185000000000002,29.96,WEAK GROWTH,23,0
ARCHIES,509064576.0,MICRO CAP,15.069999694824219,26.656543,0.41658604,0.11565,33.451,0.01466,-0.017760001,-0.229,0.1685,Misc,Consumer Cyclical,Specialty Retail,2026-05-29,Specialty Retail,0,0,0,7.99,50.02,50.02,15.49,29.005000000000003,31.86,WEAK GROWTH,23,0
LAL,1224702080.0,MICRO CAP,7.090000152587891,26.656543,2.5106235,0.11565,26.272,0.06452,-0.050679997,-0.026,0.1685,Misc,Consumer Cyclical,Apparel Manufacturing,2026-05-29,Apparel Manufacturing,0,0,0,19.82,50.02,50.02,32.22,34.92,37.67,WEAK GROWTH,23,0
VINEETLAB,657814592.0,MICRO CAP,34.25,26.656543,2.246049,0.11565,300.832,0.12185001,-0.18101999,-0.134,0.1685,Misc,Basic Materials,Chemicals,2026-05-29,Chemicals,0,0,0,11.44,50.02,50.02,64.12,30.73,37.93,WEAK GROWTH,23,0
ORIENTBELL,5089824768.0,MICRO CAP,346.0,41.092636,1.5929065,0.03853,9.489,0.04759,0.017970001,0.083,1.257,Misc,Industrials,Building Products & Equipment,2026-05-29,Building Products & Equipment,0,0,0,36.11,90.05,11.44,26.24,63.08,49.07,SLOW GROWTH,10,0
YUKEN,9495216128.0,MICRO CAP,699.0,55.652863,2.579136,0.11565,33.231,0.03113,0.03638,0.048,0.1685,Misc,Industrials,Specialty Industrial Machinery,2026-05-29,Specialty Industrial Machinery,0,0,0,29.51,50.02,50.02,20.49,39.765,39.89,WEAK GROWTH,20,0
ELIN,5747380224.0,MICRO CAP,115.62000274658203,13.780691,0.990771,0.04143,2.969,-0.00162,0.01754,0.027,0.1685,Misc,Industrials,Electrical Equipment & Parts,2026-05-29,Electrical Equipment & Parts,0,0,0,26.38,50.02,11.71,12.65,38.2,30.35,WEAK GROWTH,20,0
RETAIL,162615168.0,MICRO CAP,19.81999969482422,104.31579,0.54931957,0.11565,29.565,0.032,0.00916,0.02,0.1685,Misc,Consumer Defensive,Grocery Stores,2026-05-29,Grocery Stores,0,0,0,25.23,50.02,50.02,20.64,37.625,38.41,WEAK GROWTH,20,0
RAMASTEEL,9112748032.0,MICRO CAP,5.570000171661377,61.88889,1.8641232,0.11565,26.441,0.0164,0.01349,0.052,-0.718,Misc,Basic Materials,Steel,2026-05-29,Steel,0,0,0,30.12,3.84,50.02,16.02,16.98,23.49,WEAK GROWTH,20,0
RUSHIL,4621315072.0,MICRO CAP,15.75,47.727272,0.7018091,0.11565,44.026,0.066700004,0.01052,0.023,-0.5,Misc,Consumer Cyclical,"Furnishings, Fixtures & Appliances",2026-05-29,"Furnishings, Fixtures & Appliances",0,0,0,25.81,7.72,50.02,32.94,16.765,25.03,WEAK GROWTH,20,0
SYSTMTXC,9198955520.0,MICRO CAP,67.2699966430664,32.033333,2.9380677,0.045089997,6.082,-0.53219,0.0979,-0.624,0.1685,Misc,Financial Services,Capital Markets,2026-05-29,Capital Markets,0,0,0,2.15,50.02,12.38,3.09,26.085,21.04,WEAK GROWTH,13,0
KSR,588108224.0,MICRO CAP,32.0,26.656543,0.793395,-0.294667488,45.357,0.02564,-0.062,0.09,0.1685,Misc,Consumer Cyclical,Footwear & Accessories,2026-05-29,Footwear & Accessories,0,0,0,37.33,50.02,0.53,18.45,43.675,32.52,WEAK GROWTH,13,0
KALYANIFRG,2274477568.0,MICRO CAP,625.2000122070312,40.154144,2.4718595,0.11565,98.678,0.10892,0.02394,-0.013,0.1685,Automobiles,Consumer Cyclical,Auto Parts,2026-05-29,Auto Components,0,0,0,21.25,50.02,50.02,60.28,35.635000000000005,40.98,SLOW GROWTH,20,0
LOKESHMACH,5324192256.0,MICRO CAP,250.0,271.73914,2.237537,0.11565,71.143,0.10902,0.00975,-0.02,0.1685,Misc,Industrials,Specialty Industrial Machinery,2026-05-29,Specialty Industrial Machinery,0,0,0,20.21,50.02,50.02,60.48,35.115,40.63,SLOW GROWTH,20,0
KAMOPAINTS,1733830016.0,MICRO CAP,5.269999980926514,5.323232,0.98837215,0.00117,19.079,-0.03539,0.00082,-0.087,0.1685,Misc,Basic Materials,Steel,2026-05-29,Steel,0,0,0,14.81,50.02,5.25,9.56,32.415,24.7,WEAK GROWTH,20,0
SHREYANIND,2011610240.0,MICRO CAP,145.50999450683594,5.679547,0.45724645,0.01516,14.387,-0.0641,0.010199999,-0.042,0.1685,Misc,Basic Materials,Paper & Paper Products,2026-05-29,Paper & Paper Products,0,0,0,18.02,50.02,8.15,8.73,34.02,26.32,WEAK GROWTH,20,0
SOMICONVEY,1246335232.0,MICRO CAP,102.5,24.004684,1.5366855,0.06364,16.566,0.08685,0.04993,-0.288,-0.342,Misc,Industrials,Specialty Industrial Machinery,2026-05-29,Specialty Industrial Machinery,0,0,0,6.11,11.34,15.63,40.66,8.725,13.3,WEAK GROWTH,18,0
KRITIKA,1645610368.0,MICRO CAP,6.179999828338623,26.869564,1.572119,0.06346,54.516,0.013660001,0.00887,-0.387,-0.393,Misc,Basic Materials,Steel,2026-05-29,Steel,0,0,0,4.5,9.99,15.59,15.43,7.245,9.73,WEAK GROWTH,18,0
GEMAROMA,7809452032.0,MICRO CAP,149.5,27.89179,1.0693313,0.0038800002,33.749,0.06071,0.00389,-0.454,-0.9306128,Misc,Basic Materials,Chemicals,2026-05-29,Chemicals,0,0,0,3.76,0.53,5.54,31.06,2.145,5.72,WEAK GROWTH,18,0
KHADIM,1917048960.0,MICRO CAP,104.30999755859375,24.659575,1.1479036,0.01482,149.29,0.06372,0.00844,-0.109,-0.18,Misc,Consumer Cyclical,Footwear & Accessories,2026-05-29,Footwear & Accessories,0,0,0,13.49,16.1,8.07,31.88,14.795000000000002,15.16,WEAK GROWTH,18,0
SELMC,1029219904.0,MICRO CAP,31.020000457763672,26.656543,-0.34199905,0.11565,29.454,-3.64360608,0.0,-0.546,0.1685,Misc,Consumer Cyclical,Textile Manufacturing,2026-05-29,Textile Manufacturing,0,0,0,2.78,50.02,50.02,0.53,26.400000000000002,28.54,WEAK GROWTH,18,0
ODIGMA,752703488.0,MICRO CAP,24.079999923706055,26.656543,1.2219008,0.11565,29.454,-0.23209,-0.02554,-0.06,0.1685,Misc,Communication Services,Advertising Agencies,2026-05-29,Advertising Agencies,0,0,0,16.71,50.02,50.02,5.68,33.365,33.93,WEAK GROWTH,18,0
PALREDTEC,593279424.0,MICRO CAP,48.5,26.656543,1.3099612,0.11565,140.117,-0.05052,-0.1142,-0.11,0.1685,Misc,Technology,Consumer Electronics,2026-05-29,Consumer Electronics,0,0,0,13.42,50.02,50.02,9.17,31.720000000000002,33.12,WEAK GROWTH,18,0
AKSHOPTFBR,992457600.0,MICRO CAP,6.099999904632568,26.656543,-63.541664,0.11565,29.454,-0.16188,-0.18691999,-0.089,0.1685,Misc,Technology,Communication Equipment,2026-05-29,Communication Equipment,0,0,0,14.61,50.02,50.02,6.42,32.315,33.27,WEAK GROWTH,18,0
CIFL,9659090944.0,MICRO CAP,24.700000762939453,24.7,1.409737,0.04757,139.224,0.14394,0.07361,-0.07,0.1685,Financials,Financial Services,Credit Services,2026-05-29,NBFC – Lending,0,0,0,15.88,50.02,13.0,70.47,32.95,32.71,WEAK GROWTH,18,0
SHALPAINTS,4309451264.0,MICRO CAP,51.47999954223633,26.656543,1.5142511,0.11565,66.655,-0.12008,-0.11137,-0.114,0.1685,Chemicals,Basic Materials,Specialty Chemicals,2026-05-29,Specialty Chemicals,0,0,0,13.06,50.02,50.02,7.17,31.540000000000003,32.8,WEAK GROWTH,18,0
HERANBA,7192020992.0,MICRO CAP,179.74000549316406,26.656543,0.85984373,0.11565,60.274,-0.04393,-0.037320003,-0.117,0.1685,Chemicals,Basic Materials,Agricultural Inputs,2026-05-29,Agrochemicals,0,0,0,12.77,50.02,50.02,9.32,31.395000000000003,32.91,WEAK GROWTH,18,0
BCPL,1327689600.0,MICRO CAP,79.38999938964844,20.620779,1.3662726,0.06757,71.382,0.09312,0.03066,-0.255,-0.537,Misc,Industrials,Infrastructure Operations,2026-05-29,Infrastructure Operations,0,0,0,7.23,6.85,16.29,42.97,7.04,12.48,WEAK GROWTH,18,0
SATIA,5792999936.0,MICRO CAP,57.93000030517578,8.217021,0.55045086,0.03829,28.731,-0.02945,0.028180001,-0.02,-0.836,Misc,Basic Materials,Paper & Paper Products,2026-05-29,Paper & Paper Products,0,0,0,20.21,2.27,11.4,9.99,11.24,11.15,WEAK GROWTH,20,0
AVROIND,1561755136.0,MICRO CAP,11.640000343322754,43.11111,1.7711504,0.11565,26.816,0.09133001,0.0475,0.035,0.0,Misc,Consumer Cyclical,"Furnishings, Fixtures & Appliances",2026-05-29,"Furnishings, Fixtures & Appliances",0,0,0,27.46,23.15,50.02,42.19,25.305,31.94,WEAK GROWTH,20,0
AERONEU,2329120768.0,MICRO CAP,90.29000091552734,158.40352,2.1900165,0.11565,27.163,0.04117,0.01714,-0.045,14.661280000000012,Misc,Consumer Cyclical,Packaging & Containers,2026-05-29,Packaging & Containers,0,0,0,17.74,99.51,50.02,23.78,58.625,53.42,SLOW GROWTH,20,0
CUBEXTUB,1271668096.0,MICRO CAP,88.80999755859375,15.15529,1.5235628,0.093660004,52.119,-0.03549,0.025880001,0.061,-0.404,Metals,Basic Materials,Copper,2026-05-29,Copper,0,0,0,32.06,9.67,21.58,9.52,20.865000000000002,19.87,WEAK GROWTH,20,0
EIFFL,5942080000.0,MICRO CAP,239.60000610351562,106.0177,8.229153,0.11565,85.026,0.07082,0.02283,-0.406,-0.493,Misc,Consumer Defensive,Packaged Foods,2026-05-29,Packaged Foods,0,0,0,4.27,8.01,50.02,34.47,6.14,17.75,WEAK GROWTH,20,0
PAKKA,4097019392.0,MICRO CAP,91.1500015258789,68.022385,0.9079047,0.11565,66.419,0.13428001,0.018960001,-0.089,-0.35,Misc,Basic Materials,Paper & Paper Products,2026-05-29,Paper & Paper Products,0,0,0,14.61,11.16,50.02,67.53,12.885,25.78,WEAK GROWTH,20,0
GOYALALUM,974864896.0,MICRO CAP,6.829999923706055,37.944443,3.788131,0.11565,5.731,0.056929998,0.04048,-0.142,-0.5,Misc,Basic Materials,Aluminum,2026-05-29,Aluminum,0,0,0,10.99,7.72,50.02,29.57,9.355,19.51,WEAK GROWTH,20,0
RKDL,519600000.0,MICRO CAP,21.649999618530273,360.83334,1.0394661,0.11565,101.046,0.00846,0.00428,-0.507,-0.067,Misc,Consumer Defensive,Beverages - Wineries & Distilleries,2026-05-29,Beverages - Wineries & Distilleries,0,0,0,3.13,20.09,50.02,14.3,11.61,19.56,WEAK GROWTH,20,0
AFFORDABLE,2058774016.0,MICRO CAP,173.72000122070312,43.53885,1.91446,0.11565,69.146,0.12226,0.029660001,-0.421,0.1685,Misc,Industrials,Specialty Industrial Machinery,2026-05-29,Specialty Industrial Machinery,0,0,0,4.07,50.02,50.02,64.2,27.045,35.36,WEAK GROWTH,20,0
STANLEY,8769359872.0,MICRO CAP,153.50999450683594,36.55,1.8791772,0.11565,69.949,0.017339999,0.054330003,-0.054,0.1685,Misc,Consumer Cyclical,"Furnishings, Fixtures & Appliances",2026-05-29,"Furnishings, Fixtures & Appliances",0,0,0,17.0,50.02,50.02,16.29,33.510000000000005,35.09,WEAK GROWTH,20,0
SGL,321765056.0,MICRO CAP,11.350000381469727,283.75003,1.2821962,0.11565,56.3,0.01678,0.00089,-0.152,1.75,Misc,Consumer Cyclical,Textile Manufacturing,2026-05-29,Textile Manufacturing,0,0,0,10.5,92.95,50.02,16.1,51.725,47.82,SLOW GROWTH,20,0
PILITA,1896449920.0,MICRO CAP,8.069999694824219,42.473682,2.8226652,0.11565,18.778,0.04753,0.04137,-0.014,-0.571,Misc,Consumer Cyclical,"Furnishings, Fixtures & Appliances",2026-05-29,"Furnishings, Fixtures & Appliances",0,0,0,21.09,6.4,50.02,26.2,13.745000000000001,22.25,WEAK GROWTH,20,0
MAGNUM,1355228160.0,MICRO CAP,19.809999465942383,26.656543,0.18901229,-0.01643,38.832,0.106359996,-0.02438,0.087,-0.037,Misc,Basic Materials,Paper & Paper Products,2026-05-29,Paper & Paper Products,0,0,0,36.74,21.27,3.96,59.46,29.005000000000003,27.04,WEAK GROWTH,13,0
ABMINTLLTD,446597760.0,MICRO CAP,47.470001220703125,26.656543,3.4553792,-0.17186001,72.831,0.10492,-0.03946,-0.187,0.1685,Chemicals,Basic Materials,Specialty Chemicals,2026-05-29,Specialty Chemicals,0,0,0,9.26,50.02,1.57,58.95,29.64,26.96,WEAK GROWTH,13,0
SIKKO,1803984000.0,MICRO CAP,4.130000114440918,25.812502,2.0837538,0.060890004,13.589,-0.24551001,0.076859996,-0.376,0.1685,Chemicals,Basic Materials,Agricultural Inputs,2026-05-29,Agrochemicals,0,0,0,4.7,50.02,15.2,5.6,27.360000000000003,22.75,WEAK GROWTH,13,0
GVPTECH,1121175808.0,MICRO CAP,6.800000190734863,26.656543,1.3823948,0.00452,29.454,-3.64360608,0.0431,-0.46,0.1685,Technology,Technology,Information Technology Services,2026-05-29,IT Services,0,0,0,3.72,50.02,5.72,0.53,26.87,20.01,WEAK GROWTH,13,0
DCMSIL,5132538880.0,MICRO CAP,59.0,26.656543,2.3828507,-0.294667488,29.454,0.05639,0.0,-0.187,-0.744,Misc,Industrials,Industrial Distribution,2026-05-29,Industrial Distribution,0,0,0,9.26,3.45,0.53,29.34,6.355,7.49,WEAK GROWTH,13,0
AXITA,3067612672.0,MICRO CAP,8.020000457763672,160.40001,4.435841,0.11565,34.066,0.05291,0.00494,-0.608,0.1685,Misc,Consumer Cyclical,Textile Manufacturing,2026-05-29,Textile Manufacturing,0,0,0,2.23,50.02,50.02,28.24,26.125,31.12,WEAK GROWTH,20,0
TARMAT,1314620288.0,MICRO CAP,52.45000076293945,38.28467,0.71778524,0.11565,6.468,0.05238,0.03421,0.045,2.833,Industrials,Industrials,Engineering & Construction,2026-05-29,Engineering & EPC,0,0,0,29.06,95.3,50.02,27.99,62.18,56.33,MODERATE GROWTH,20,0
ADL,428545568.0,MICRO CAP,76.98999786376953,538.1866320000008,0.8587171,0.11565,37.099,0.0152199995,0.00037999998,-0.124,1.0,Misc,Consumer Cyclical,"Furnishings, Fixtures & Appliances",2026-05-29,"Furnishings, Fixtures & Appliances",0,0,0,11.99,88.17,50.02,15.71,50.08,46.63,SLOW GROWTH,20,0
URAVIDEF,1326390016.0,MICRO CAP,116.3499984741211,50.586956,2.7569783,0.11565,45.279,0.025050001,0.06519,0.018,0.292,Automobiles,Consumer Cyclical,Auto Parts,2026-05-29,Auto Components,0,0,0,24.91,74.46,50.02,18.25,49.684999999999995,46.61,SLOW GROWTH,20,0
LEMERITE,926897984.0,MICRO CAP,38.04999923706055,36.94175,3.605268,0.11565,65.949,0.022950001,0.034089997,-0.231,7.0,Misc,Consumer Cyclical,Textile Manufacturing,2026-05-29,Textile Manufacturing,0,0,0,7.95,98.0,50.02,17.82,52.975,48.87,SLOW GROWTH,20,0
MAANALU,8393681408.0,MICRO CAP,139.92999267578125,49.620567,4.034774,0.11565,44.279,0.024300002,0.01908,-0.166,-0.071,Misc,Basic Materials,Aluminum,2026-05-29,Aluminum,0,0,0,10.05,20.0,50.02,18.02,15.025,22.32,WEAK GROWTH,20,0
