SYMBOL,MARKET_CAP,MARKET_CAP_CATEGORY,CURRENT_PRICE,PE_RATIO,PRICE_TO_BOOK,ROE,DEBT_TO_EQUITY,OPERATING_MARGIN,PROFIT_MARGIN,REVENUE_GROWTH,EARNINGS_GROWTH,SECTOR,RAW_SECTOR,INDUSTRY,FETCH_DATE,SUBSECTOR,HIGH_QUALITY_FLAG,HIGH_GROWTH_FLAG,COMPOUNDER_FLAG,REVENUE_GROWTH_SCORE,EARNINGS_GROWTH_SCORE,ROE_SCORE,OPERATING_MARGIN_SCORE,GROWTH_STABILITY_SCORE,GROWTH_SCORE,GROWTH_CATEGORY,QUALITY_SCORE
NATIONALUM,799944933376.0,LARGE CAP,435.54998779296875,13.032616,3.7028377,0.2942,0.277,0.4947,0.3132,0.01,-0.167,Misc,Basic Materials,Aluminum,2026-05-27,Aluminum,1,0,0,24.09,17.02,96.52,95.1,20.555,43.2,SLOW GROWTH,100
HAL,2964545601536.0,MEGA CAP,4432.7998046875,32.505684,7.2236733,0.23979001,0.0916,0.26945,0.27549,0.018,0.055,Misc,Industrials,Aerospace & Defense,2026-05-27,Aerospace & Defense,1,0,0,25.42,26.51,94.03,86.72,25.965000000000003,45.65,SLOW GROWTH,86
GLOBAL,5141051392.0,MICRO CAP,101.0,22.799097,4.1721745,0.19736,0.131,0.29793,0.26150998,0.737,0.094,Misc,Consumer Defensive,Education & Training Services,2026-05-27,Education & Training Services,1,0,0,93.42,29.05,90.63,88.6,61.235,69.85,MODERATE GROWTH,86
OFSS,895543672832.0,LARGE CAP,10290.0,34.015675,11.437213,0.32606,0.415,0.50402,0.34401,0.203,0.306,Technology,Technology,Software - Infrastructure,2026-05-27,Software Products,1,1,1,71.36,75.58,97.54,95.16,73.47,80.45,HIGH GROWTH,86
CAPLIPOINT,154258145280.0,MID CAP,2029.4000244140625,24.136536,4.3924127,0.19939,0.127,0.30898002,0.29318002,0.19,0.194,Misc,Healthcare,Drug Manufacturers - Specialty & Generic,2026-05-27,Drug Manufacturers - Specialty & Generic,1,1,1,69.35,69.09,90.9,89.18,69.22,75.55,HIGH GROWTH,86
BEL,3058777194496.0,MEGA CAP,418.45001220703125,50.53744,12.751013,0.27556,0.273,0.2747,0.21956,0.117,0.045,Misc,Industrials,Aerospace & Defense,2026-05-27,Aerospace & Defense,1,0,0,57.97,26.14,95.55,87.0,42.055,57.25,MODERATE GROWTH,85
GANDHITUBE,10194313216.0,SMALL CAP,838.9000244140625,14.372109,3.5534265,0.11808,0.0916,0.44226003,0.37759,0.218,0.299,Misc,Industrials,Metal Fabrication,2026-05-27,Metal Fabrication,0,1,0,73.08,75.17,50.02,94.26,74.125,71.32,HIGH GROWTH,85
BAJAJHLDNG,1178598244352.0,LARGE CAP,10590.0,12.228213,1.6109872,0.12624,0.0916,0.40881002,0.9871920000000006,-0.483,0.493,Financials,Financial Services,Asset Management,2026-05-27,Asset Management Companies,0,0,0,3.44,80.89,77.74,93.32,42.165,54.4,SLOW GROWTH,85
MCX,819026329600.0,LARGE CAP,3218.0,61.576733,19.462807,0.37883,0.113,0.73859,0.54818,2.0,2.912,Misc,Financial Services,Financial Data & Stock Exchanges,2026-05-27,Financial Data & Stock Exchanges,1,1,1,98.05,95.24,98.36,97.66,96.645,97.09,ELITE GROWTH,85
BSE,1764671488000.0,LARGE CAP,4345.10009765625,82.23126,22.444164,0.36003,0.0916,0.67699,0.48729,1.051,0.64,Misc,Financial Services,Financial Data & Stock Exchanges,2026-05-27,Financial Data & Stock Exchanges,1,1,1,95.59,83.64,98.01,97.34,89.61500000000001,92.07,ELITE GROWTH,85
VLSFINANCE,7138018304.0,MICRO CAP,227.47999572753906,13.532421,0.29879132,0.11808,0.0916,0.77385,0.61292,0.116,0.159,Misc,Financial Services,Capital Markets,2026-05-27,Capital Markets,0,1,0,49.96,50.02,50.02,97.85,49.99,54.78,SLOW GROWTH,85
CCCL,6705859584.0,MICRO CAP,15.010000228881836,8.4802265,3.5926282,0.26556998,0.108,-0.08659001,0.21561001,1.295,0.159,Industrials,Industrials,Engineering & Construction,2026-05-27,Engineering & EPC,1,1,0,96.52,50.02,95.04,7.81,73.27,71.08,HIGH GROWTH,80
RVHL,2327312128.0,MICRO CAP,37.95000076293945,4.566787,0.8302886,0.11808,0.386,0.78616,0.67639,4.694480000000025,0.159,Misc,Real Estate,Real Estate - Development,2026-05-27,Real Estate - Development,0,1,0,99.51,50.02,50.02,98.01,74.765,72.14,HIGH GROWTH,78
CRIZAC,40620437504.0,SMALL CAP,232.13999938964844,21.142076,6.776623,0.40003,0.31,0.23003,0.20459,0.147,0.505,Misc,Consumer Defensive,Education & Training Services,2026-05-27,Education & Training Services,1,1,1,63.18,81.35,98.59,83.64,72.265,78.67,HIGH GROWTH,78
NAHARCAP,4409265664.0,MICRO CAP,263.29998779296875,6.6641355,0.2675204,0.11808,0.362,0.78769994,0.9871920000000006,2.005,1.018,Misc,Financial Services,Capital Markets,2026-05-27,Capital Markets,0,1,0,98.11,88.25,50.02,98.13,93.18,85.04,ELITE GROWTH,78
IEX,112096305152.0,MID CAP,126.05000305175781,22.752708,8.2672,0.39419997,0.818,0.84190005,0.65990996,0.125,0.098,Misc,Financial Services,Capital Markets,2026-05-27,Capital Markets,1,0,0,59.41,29.23,98.56,98.56,44.32,60.59,MODERATE GROWTH,78
ALEMBICLTD,22437595136.0,SMALL CAP,87.37999725341797,7.069579,0.88551533,0.13269,0.435,0.28114998,0.9871920000000006,-0.004,-0.022,Misc,Real Estate,Real Estate - Development,2026-05-27,Real Estate - Development,0,0,0,22.45,22.28,79.27,87.39,22.365000000000002,40.25,SLOW GROWTH,78
CLEAN,80069320704.0,SMALL CAP,753.4000244140625,34.87963,5.058379,0.15309,0.135,0.30067,0.24009001,-0.055,-0.214,Chemicals,Basic Materials,Specialty Chemicals,2026-05-27,Specialty Chemicals,1,0,0,16.95,15.17,83.95,88.75,16.06,36.91,WEAK GROWTH,78
CDSL,260393107456.0,MID CAP,1245.9000244140625,57.072838,13.286908,0.23913,0.11,0.38924998,0.36830002,0.055,-0.199,Misc,Financial Services,Capital Markets,2026-05-27,Capital Markets,1,0,0,31.14,15.48,93.99,92.66,23.310000000000002,44.38,SLOW GROWTH,78
JAICORPLTD,20883339264.0,SMALL CAP,118.98999786376953,12.129459,1.4285371,0.11808,0.0916,0.18885,0.25906,-0.017,0.429,Chemicals,Basic Materials,Specialty Chemicals,2026-05-27,Specialty Chemicals,0,0,0,20.85,79.29,50.02,78.84,50.07000000000001,52.94,SLOW GROWTH,77
KSOLVES,6816056832.0,MICRO CAP,287.3500061035156,19.83092,20.486954,0.43274162520000015,19.398,0.27325,0.21104999,0.291,0.658,Technology,Technology,Software - Application,2026-05-27,SaaS,0,1,1,80.09,84.11,99.51,86.88,82.1,86.06,ELITE GROWTH,75
WAAREEINDO,16516665344.0,SMALL CAP,397.0,6.697031,8.112968,0.43274162520000015,1.07,0.66416,0.36273,-0.57,0.048,Misc,Technology,Solar,2026-05-27,Solar,0,0,0,2.64,26.32,99.51,97.15,14.48,39.75,WEAK GROWTH,75
MPSLTD,31172169728.0,SMALL CAP,1836.300048828125,17.990595,6.358182,0.32234,10.167,0.28831,0.22544001,0.127,-0.001,Misc,Communication Services,Publishing,2026-05-27,Publishing,0,0,0,59.8,23.31,97.42,87.93,41.555,57.37,MODERATE GROWTH,75
SIGMA,4122304256.0,MICRO CAP,40.11000061035156,17.288794,6.613355,0.37783,2.611,0.28530002,0.23829001,0.013,-0.217,Technology,Technology,Information Technology Services,2026-05-27,IT Services,0,0,0,24.6,15.03,98.32,87.66,19.815,42.3,SLOW GROWTH,75
WEBELSOLAR,49216770048.0,SMALL CAP,113.36000061035156,16.240688,12.230014,0.43274162520000015,20.729,0.30507,0.28873,1.321,1.443,Misc,Technology,Solar,2026-05-27,Solar,0,1,1,96.68,91.14,99.51,89.03,93.91,94.54,ELITE GROWTH,75
SHEKHAWATI,563239808.0,MICRO CAP,16.34000015258789,6.407843,2.5619318,0.43274162520000015,6.28,0.68584,0.53535,-0.242,0.159,Misc,Consumer Cyclical,Textile Manufacturing,2026-05-27,Textile Manufacturing,0,0,1,7.61,50.02,99.51,97.38,28.815,49.81,SLOW GROWTH,75
SPARC,72209301504.0,SMALL CAP,222.50999450683594,4.648214,5.394051,0.43274162520000015,41.776,0.8963087664000005,0.9871920000000006,4.694480000000025,0.159,Misc,Healthcare,Drug Manufacturers - Specialty & Generic,2026-05-27,Drug Manufacturers - Specialty & Generic,0,1,1,99.51,50.02,99.51,99.51,74.765,82.19,HIGH GROWTH,75
ITC,3657351823360.0,MEGA CAP,291.8999938964844,17.690908,5.0444126,0.2934,3.292,0.36479,0.26233,-0.05,-0.727,Consumer,Consumer Defensive,Tobacco,2026-05-27,Tobacco,0,0,0,17.36,3.46,96.45,91.88,10.41,35.76,WEAK GROWTH,75
GARUDA,15921302528.0,SMALL CAP,171.1199951171875,12.993166,4.1094112,0.31127,2.649,0.32101002,0.23080999,0.827,5.791,Industrials,Industrials,Engineering & Construction,2026-05-27,Engineering & EPC,0,1,1,94.18,97.19,96.95,89.89,95.685,95.36,ELITE GROWTH,75
NIRLON,55427100672.0,SMALL CAP,615.0499877929688,16.0211,11.945734,0.43274162520000015,244.748,0.69719005,0.50632,0.103,0.319,Misc,Real Estate,Real Estate Services,2026-05-27,Real Estate Services,0,1,1,39.85,76.16,99.51,97.42,58.004999999999995,70.25,HIGH GROWTH,75
KRONOX,5223501312.0,MICRO CAP,140.77999877929688,19.968794,5.092606,0.26824,1.384,0.33914003,0.27327,-0.0,0.267,Chemicals,Basic Materials,Specialty Chemicals,2026-05-27,Specialty Chemicals,0,0,1,23.02,73.39,95.16,90.71,48.205,61.85,MODERATE GROWTH,75
MUTHOOTFIN,1335846240256.0,LARGE CAP,3327.39990234375,12.610952,3.7501335,0.30406,379.707,0.78154,0.55206,0.537,1.267,Financials,Financial Services,Credit Services,2026-05-27,NBFC – Lending,0,1,1,90.18,90.08,96.8,97.93,90.13,92.24,ELITE GROWTH,75
HINDZINC,2746034946048.0,MEGA CAP,649.9000244140625,19.838219,12.136548,0.43274162520000015,39.034,0.52458,0.35292998,0.408,0.675,Misc,Basic Materials,Other Industrial Metals & Mining,2026-05-27,Other Industrial Metals & Mining,0,1,1,86.26,84.38,99.51,95.39,85.32,89.16,ELITE GROWTH,75
SIGMAADV,71306592256.0,SMALL CAP,404.6000061035156,17.5,10.0855,0.43274162520000015,70.808,0.55506,0.34028998,0.116,0.159,Misc,Industrials,Aerospace & Defense,2026-05-27,Aerospace & Defense,0,1,1,49.96,50.02,99.51,95.9,49.99,64.48,MODERATE GROWTH,75
EMMVEE,215111614464.0,MID CAP,310.70001220703125,18.095516,5.819115,0.43274162520000015,9.745,0.28291,0.21417,0.623,0.625,Misc,Technology,Solar,2026-05-27,Solar,0,1,1,91.9,83.46,99.51,87.5,87.68,90.03,ELITE GROWTH,75
MAYURUNIQ,34523090944.0,SMALL CAP,794.5,18.007708,3.3932834,0.18365,0.687,0.28677,0.19827999,0.091,0.434,Misc,Consumer Cyclical,Textile Manufacturing,2026-05-27,Textile Manufacturing,1,0,1,37.68,79.5,89.07,87.78,58.59,67.6,MODERATE GROWTH,73
SANDESH,7631490560.0,MICRO CAP,1008.2000122070312,6.962707,1.2893095,0.11808,0.336,0.3566,0.19649,0.026,-0.03,Misc,Communication Services,Publishing,2026-05-27,Publishing,0,0,0,26.81,21.91,50.02,91.6,24.36,36.22,WEAK GROWTH,73
DRCSYSTEMS,2168423936.0,MICRO CAP,15.050000190734863,10.75,1.6426545,0.21816,0.371,0.23049,0.19753,0.607,0.279,Technology,Technology,Information Technology Services,2026-05-27,IT Services,1,1,1,91.7,73.99,92.89,83.72,82.845,84.94,HIGH GROWTH,73
ANTELOPUS,27145340928.0,SMALL CAP,772.0,30.417652,4.1413865,0.14705,0.542,0.47985,0.32132,0.653,1.589,Misc,Energy,Oil & Gas E&P,2026-05-27,Oil & Gas E&P,0,1,0,92.42,91.9,82.58,94.77,92.16,90.51,ELITE GROWTH,71
INDIAMART,120825659392.0,MID CAP,2010.0,25.484974,5.031138,0.20703,0.962,0.31066,0.30253,0.139,-0.723,Misc,Communication Services,Internet Content & Information,2026-05-27,Internet Content & Information,1,0,0,61.85,3.55,91.84,89.3,32.7,50.19,SLOW GROWTH,71
DIVISLAB,1814743220224.0,LARGE CAP,6836.0,70.78803,11.766892,0.16187,0.0916,0.28753,0.24318,0.095,0.136,Misc,Healthcare,Drug Manufacturers - Specialty & Generic,2026-05-27,Drug Manufacturers - Specialty & Generic,1,0,0,38.64,31.45,85.55,87.86,35.045,50.43,SLOW GROWTH,70
KEYFINSERV,1523866880.0,MICRO CAP,273.75,18.057388,1.0212837,0.11808,0.964,0.6646,0.3032,0.831,-0.203,Misc,Financial Services,Capital Markets,2026-05-27,Capital Markets,0,0,0,94.22,15.35,50.02,97.19,54.785,58.07,MODERATE GROWTH,70
NSIL,29286402048.0,SMALL CAP,5702.0,128.45236,0.15844679,0.11808,0.0916,0.8963087664000005,0.27194,-0.118,-0.08,Financials,Financial Services,Asset Management,2026-05-27,Asset Management Companies,0,0,0,12.63,19.93,50.02,99.51,16.28,31.35,WEAK GROWTH,70
SUNTV,203426480128.0,MID CAP,516.2000122070312,14.123119,1.64592,0.1185,0.837,0.33172,0.3321,-0.096,-0.374,Media,Communication Services,Broadcasting,2026-05-27,Broadcasting,0,0,0,14.33,10.58,75.83,90.36,12.455,32.92,WEAK GROWTH,70
GILLETTE,265732440064.0,MID CAP,8155.0,49.686222,22.859592,0.11808,0.0916,0.28896,0.20177999,0.152,0.369,Consumer,Consumer Defensive,Household & Personal Products,2026-05-27,FMCG – Personal Care,0,1,0,63.84,77.61,50.02,88.01,70.725,68.31,MODERATE GROWTH,70
EIHAHOTELS,19137042432.0,SMALL CAP,314.04998779296875,19.965034,3.6902342,0.15308,0.712,0.38169998,0.21621001,-0.053,-0.185,Misc,Consumer Cyclical,Lodging,2026-05-27,Lodging,1,0,0,17.08,16.09,83.91,92.27,16.585,37.62,WEAK GROWTH,70
GVPIL,55398797312.0,SMALL CAP,824.0499877929688,17.189196,9.5097685,0.43274162520000015,3.02,0.32781,0.199,0.188,-0.311,Industrials,Industrials,Engineering & Construction,2026-05-27,Engineering & EPC,0,0,0,69.09,12.32,99.51,90.24,40.705,57.42,MODERATE GROWTH,70
TCS,8206908129280.0,MEGA CAP,2268.300048828125,16.663975,7.2301717,0.43274162520000015,10.389,0.25288,0.18429,0.096,0.122,Technology,Technology,Information Technology Services,2026-05-27,IT Services,0,0,1,38.81,30.55,99.51,85.44,34.68,52.72,SLOW GROWTH,70
SKMEGGPROD,10282511360.0,SMALL CAP,195.02000427246094,13.257648,3.0312264,0.29677,35.857,0.25747,0.13509,0.589,4.151,Misc,Consumer Defensive,Packaged Foods,2026-05-27,Packaged Foods,0,1,1,91.14,96.41,96.56,85.71,93.775,93.53,ELITE GROWTH,70
CONCORDBIO,116814454784.0,MID CAP,1116.5999755859375,37.57066,6.4425673,0.11808,0.0916,0.28885,0.2697,0.137,-0.163,Healthcare,Healthcare,Biotechnology,2026-05-27,Biotechnology,0,0,0,61.5,17.2,50.02,87.97,39.35,46.35,SLOW GROWTH,70
APTUS,131294748672.0,MID CAP,262.20001220703125,13.917198,2.5904484,0.20113,156.2,0.78612,0.61408,0.221,0.259,Misc,Financial Services,Mortgage Finance,2026-05-27,Mortgage Finance,0,1,1,73.37,72.92,91.18,97.97,73.14500000000001,79.23,HIGH GROWTH,68
PFC,1423828844544.0,LARGE CAP,431.45001220703125,5.4961786,1.0715873,0.20466,586.017,0.8963087664000005,0.54304004,-0.154,0.108,Financials,Financial Services,Credit Services,2026-05-27,NBFC – Lending,0,0,0,10.48,29.79,91.68,99.51,20.134999999999998,42.38,SLOW GROWTH,68
ABSLAMC,298804576256.0,MID CAP,1033.300048828125,30.652628,7.382244,0.25103,1.577,0.51856,0.47345,-0.145,-0.181,Financials,Financial Services,Asset Management,2026-05-27,Asset Management Companies,0,0,0,10.84,16.28,94.57,95.31,13.56,37.94,WEAK GROWTH,68
HUDCO,414173102080.0,MID CAP,206.88999938964844,10.267494,2.2937317,0.202,606.1040000000002,0.51505,0.87931997,0.06,1.722,Financials,Financial Services,Credit Services,2026-05-27,NBFC – Lending,0,0,1,32.08,92.46,91.41,95.2,62.269999999999996,71.39,HIGH GROWTH,68
CANFINHOME,111589818368.0,MID CAP,838.0499877929688,10.280299,1.8659408,0.19655001,606.1040000000002,0.80419,0.67294997,0.243,0.478,Misc,Financial Services,Mortgage Finance,2026-05-27,Mortgage Finance,0,1,1,75.93,80.55,90.47,98.28,78.24000000000001,82.69,HIGH GROWTH,68
INDUSTOWER,1151528992768.0,LARGE CAP,436.6499938964844,16.124445,2.904552,0.19806999,53.289,0.32422,0.21989,0.048,0.008,Telecom,Communication Services,Telecom Services,2026-05-27,Telecom Services,0,0,0,29.91,24.23,90.71,90.16,27.07,46.11,SLOW GROWTH,68
LLOYDSME,1059912286208.0,LARGE CAP,1884.0999755859375,28.154512,7.202547,0.37048998,145.214,0.38556,0.2151,4.045,6.049,Misc,Basic Materials,Steel,2026-05-27,Steel,0,1,1,98.71,97.27,98.09,92.58,97.99,97.47,ELITE GROWTH,68
CRAMC,49166364672.0,SMALL CAP,246.5500030517578,24.147894,6.605315,0.30286,2.358,0.56520003,0.44826,0.029,-0.01,Financials,Financial Services,Asset Management,2026-05-27,Asset Management Companies,0,0,0,27.27,22.96,96.76,96.1,25.115000000000002,46.54,SLOW GROWTH,68
IBULLSLTD,44980273152.0,SMALL CAP,20.139999389648438,15.984127,1.4547818,0.24445999,14.753,0.40914002,0.31094,0.116,0.159,Misc,Real Estate,Real Estate - Development,2026-05-27,Real Estate - Development,0,1,1,49.96,50.02,94.26,93.36,49.99,63.18,MODERATE GROWTH,68
RECLTD,889503023104.0,LARGE CAP,337.79998779296875,5.4651346,1.065279,0.19957,606.1040000000002,0.8963087664000005,0.70553,-0.144,-0.219,Financials,Financial Services,Credit Services,2026-05-27,NBFC – Lending,0,0,0,10.89,14.84,90.94,99.51,12.865,37.14,WEAK GROWTH,68
EUROPRATIK,25708410880.0,SMALL CAP,251.5500030517578,33.31788,8.314603,0.27798998,7.636,0.25365,0.23015,0.281,0.436,Misc,Basic Materials,Building Materials,2026-05-27,Building Materials,0,1,1,79.3,79.6,95.63,85.55,79.44999999999999,83.3,HIGH GROWTH,68
MONARCH,26871965696.0,SMALL CAP,339.0,14.868422,2.7649996,0.20495,3.83,0.64997,0.49444,0.582,0.841,Misc,Financial Services,Capital Markets,2026-05-27,Capital Markets,0,1,1,90.98,86.76,91.76,97.07,88.87,90.27,ELITE GROWTH,68
MAHABANK,615709016064.0,LARGE CAP,80.05000305175781,8.777412,1.8521947,0.22659999,29.432,0.5789,0.49278998,0.382,0.364,Financials,Financial Services,Banks - Regional,2026-05-27,Private Sector Banks,0,1,1,85.2,77.35,93.52,96.49,81.275,85.25,ELITE GROWTH,68
GESHIP,222245650432.0,MID CAP,1556.699951171875,7.568553,1.3102609,0.18849,6.409,0.37112,0.544,0.236,1.875,Misc,Industrials,Marine Shipping,2026-05-27,Marine Shipping,0,1,1,75.38,92.97,89.73,92.03,84.175,86.07,ELITE GROWTH,68
SEAMECLTD,41669488640.0,SMALL CAP,1633.199951171875,16.513649,3.8633034,0.21945,27.069,0.33626,0.26393998,0.638,1.407,Misc,Industrials,Marine Shipping,2026-05-27,Marine Shipping,0,1,1,92.15,90.86,93.05,90.55,91.505,91.72,ELITE GROWTH,68
VEDL,1383666548736.0,LARGE CAP,354.3500061035156,19.762966,3.4426978,0.20403999,48.044,0.2624,0.22681999,-0.413,0.922,Misc,Basic Materials,Other Industrial Metals & Mining,2026-05-27,Other Industrial Metals & Mining,0,0,1,4.26,87.5,91.6,86.18,45.88,59.05,MODERATE GROWTH,68
NUVAMA,278661922816.0,MID CAP,1529.5999755859375,27.314285,7.2705145,0.27317,282.325,0.33095002,0.2849,0.062,0.043,Financials,Financial Services,Asset Management,2026-05-27,Asset Management Companies,0,0,0,32.55,25.97,95.43,90.32,29.259999999999998,48.6,SLOW GROWTH,68
GODFRYPHLP,360146272256.0,MID CAP,2308.89990234375,23.862131,5.7969885,0.26593,3.757,0.29102,0.23878,0.136,0.861,Consumer,Consumer Defensive,Tobacco,2026-05-27,Tobacco,0,1,1,61.36,86.86,95.08,88.13,74.11,79.71,HIGH GROWTH,68
KARURVYSYA,277226291200.0,MID CAP,286.79998779296875,11.047766,2.165656,0.19282,29.432,0.57609004,0.4005,0.195,0.412,Financials,Financial Services,Banks - Regional,2026-05-27,Private Sector Banks,0,1,1,70.01,78.68,90.08,96.41,74.345,79.7,HIGH GROWTH,68
SAMHI,36638904320.0,SMALL CAP,164.94000244140625,6.415403,1.8946426,0.33367002,81.102,0.21295999,0.39327,0.081,4.396,Misc,Consumer Cyclical,Lodging,2026-05-27,Lodging,0,0,1,36.06,96.45,97.66,81.96,66.255,74.11,HIGH GROWTH,67
UMIYA-MRO,1547645568.0,MICRO CAP,82.83000183105469,3.6682906,1.2213572,0.42873,110.392,0.20363002,0.555,0.631,0.833,Misc,Real Estate,Real Estate - Development,2026-05-27,Real Estate - Development,0,1,1,92.07,86.65,98.95,80.75,89.36,90.42,ELITE GROWTH,67
BLS,108624691200.0,MID CAP,263.8500061035156,15.856371,4.4080796,0.30143,15.468,0.21951,0.22904,0.176,0.314,Misc,Industrials,Specialty Business Services,2026-05-27,Specialty Business Services,0,1,1,67.14,75.95,96.72,82.7,71.545,77.7,HIGH GROWTH,67
ACCELYA,16856226816.0,SMALL CAP,1129.300048828125,15.647778,6.0704613,0.39095002,33.047,0.22778,0.20044,-0.002,-0.569,Technology,Technology,Information Technology Services,2026-05-27,IT Services,0,0,0,22.71,6.44,98.52,83.48,14.575000000000001,38.25,WEAK GROWTH,67
SYNCOMF,14814400512.0,SMALL CAP,15.760000228881836,21.58904,3.8401558,0.20191,0.355,0.22726999,0.14685,0.007,0.688,Misc,Healthcare,Drug Manufacturers - Specialty & Generic,2026-05-27,Drug Manufacturers - Specialty & Generic,1,0,1,23.68,84.62,91.33,83.44,54.150000000000006,64.52,MODERATE GROWTH,66
VOLTAMP,92966215680.0,SMALL CAP,9189.0,30.448324,5.6523795,0.18073,0.0916,0.12549,0.1418,-0.018,-0.505,Misc,Industrials,Electrical Equipment & Parts,2026-05-27,Electrical Equipment & Parts,1,0,0,20.58,7.34,88.68,65.4,13.959999999999999,34.05,WEAK GROWTH,66
ACE,107308498944.0,MID CAP,901.5999755859375,25.833809,5.33529,0.22885999,0.393,0.15822,0.12652999,0.071,-0.065,Misc,Industrials,Farm & Heavy Construction Machinery,2026-05-27,Farm & Heavy Construction Machinery,1,0,0,34.5,20.56,93.56,73.49,27.53,45.33,SLOW GROWTH,66
LIKHITHA,8048091136.0,MICRO CAP,203.88999938964844,15.411187,2.0194926,0.11808,0.133,0.10613,0.11071,-0.118,-0.463,Misc,Energy,Oil & Gas Equipment & Services,2026-05-27,Oil & Gas Equipment & Services,0,0,0,12.63,8.75,50.02,59.51,10.690000000000001,23.44,WEAK GROWTH,65
RITES,99388858368.0,SMALL CAP,206.8000030517578,24.215458,3.7796543,0.16396,0.236,0.19740999,0.16988,0.248,-0.022,Industrials,Industrials,Engineering & Construction,2026-05-27,Engineering & EPC,1,0,0,76.4,22.28,86.02,80.01,49.34,59.74,MODERATE GROWTH,65
CELLO,87028703232.0,SMALL CAP,394.0,28.203293,3.8027952,0.11808,0.221,0.17953,0.13387999,0.002,-0.278,Misc,Consumer Cyclical,"Furnishings, Fixtures & Appliances",2026-05-27,"Furnishings, Fixtures & Appliances",0,0,0,23.33,12.92,50.02,77.43,18.125,30.43,WEAK GROWTH,65
KIRLPNU,108330770432.0,MID CAP,1667.699951171875,42.338158,8.673739,0.21473,0.262,0.24951,0.14333001,0.203,0.797,Misc,Industrials,Specialty Industrial Machinery,2026-05-27,Specialty Industrial Machinery,1,1,1,71.36,86.26,92.54,85.16,78.81,82.19,HIGH GROWTH,65
LINCOLN,15066361856.0,SMALL CAP,752.2000122070312,17.142206,2.1043267,0.11808,0.0916,0.1195,0.13473,0.135,0.377,Misc,Healthcare,Drug Manufacturers - Specialty & Generic,2026-05-27,Drug Manufacturers - Specialty & Generic,0,1,0,61.19,77.78,50.02,63.76,69.485,65.02,MODERATE GROWTH,65
SREEL,4457339904.0,MICRO CAP,192.5,18.263758,0.91947764,0.11808,0.495,0.15831,0.100530006,0.142,0.208,Misc,Consumer Cyclical,Footwear & Accessories,2026-05-27,Footwear & Accessories,0,1,0,62.34,69.84,50.02,73.53,66.09,63.62,MODERATE GROWTH,65
GVT&D,1291421876224.0,LARGE CAP,5043.7001953125,105.07709,61.880573,0.43274162520000015,0.892,0.26439,0.19871001,0.42,0.887,Misc,Industrials,Specialty Industrial Machinery,2026-05-27,Specialty Industrial Machinery,1,1,1,86.68,87.21,99.51,86.33,86.945,89.4,ELITE GROWTH,65
ENGINERSIN,131208790016.0,MID CAP,233.4499969482422,18.964256,4.8352356,0.11808,0.731,0.28259,0.19338,0.583,2.186,Industrials,Industrials,Engineering & Construction,2026-05-27,Engineering & EPC,0,1,0,91.02,93.71,50.02,87.47,92.365,83.41,HIGH GROWTH,65
JBCHEPHARM,351254282240.0,MID CAP,2187.699951171875,49.206028,8.989009,0.18688999,0.0916,0.21908002,0.16860001,-0.024,-0.311,Misc,Healthcare,Drug Manufacturers - Specialty & Generic,2026-05-27,Drug Manufacturers - Specialty & Generic,1,0,0,20.05,12.32,89.54,82.66,16.185000000000002,37.5,WEAK GROWTH,65
PGHH,328210513920.0,MID CAP,10111.0,45.923603,35.243595,0.11808,0.221,0.31088,0.198,0.011,0.122,Consumer,Consumer Defensive,Household & Personal Products,2026-05-27,FMCG – Personal Care,0,0,0,24.27,30.55,50.02,89.34,27.41,38.12,WEAK GROWTH,65
GKWLIMITED,10250446848.0,SMALL CAP,1718.0,144.49117,0.39437374,0.11808,0.0916,0.59816,0.16609,4.694480000000025,0.159,Misc,Industrials,Specialty Business Services,2026-05-27,Specialty Business Services,0,1,0,99.51,50.02,50.02,96.6,74.765,72.0,HIGH GROWTH,65
ITDC,47323267072.0,SMALL CAP,551.75,59.455822,11.194408,0.21701999,0.155,0.20183,0.15517001,-0.222,0.119,Misc,Consumer Cyclical,Lodging,2026-05-27,Lodging,1,0,0,8.24,30.4,92.78,80.44,19.32,40.12,SLOW GROWTH,65
MAHSEAMLES,85143126016.0,SMALL CAP,635.4000244140625,12.139855,1.2969121,0.106079996,0.194,0.12869,0.13854,-0.16,-0.502,Misc,Basic Materials,Steel,2026-05-27,Steel,0,0,0,10.23,7.5,21.59,66.19,8.865,17.14,WEAK GROWTH,65
MARSONS,26159200256.0,SMALL CAP,152.0,79.581154,18.874952,0.2724,0.321,0.20427,0.18875,0.66,1.531,Misc,Industrials,Electrical Equipment & Parts,2026-05-27,Electrical Equipment & Parts,1,1,1,92.58,91.62,95.31,80.91,92.1,91.62,ELITE GROWTH,65
KAMDHENU,7202110464.0,MICRO CAP,25.549999237060547,9.190647,1.9578543,0.11808,0.156,0.11788,0.103520006,-0.035,0.644,Misc,Basic Materials,Steel,2026-05-27,Steel,0,0,0,18.76,83.81,50.02,63.41,51.285000000000004,52.24,SLOW GROWTH,65
STYL,43847757824.0,SMALL CAP,270.989990234375,17.551167,3.166178,0.23236,5.865,0.2689,0.16654,0.096,0.185,Technology,Technology,Software - Infrastructure,2026-05-27,Software Products,0,0,1,38.81,68.43,93.71,86.68,53.620000000000005,64.94,MODERATE GROWTH,63
VSTIND,43759218688.0,SMALL CAP,258.1000061035156,14.997096,3.4526122,0.21114,29.432,0.31738,0.19955999,0.309,1.195,Consumer,Consumer Defensive,Tobacco,2026-05-27,Tobacco,0,1,1,81.61,89.54,92.19,89.65,85.575,87.31,ELITE GROWTH,63
PREMIERENE,463030222848.0,MID CAP,1026.0,30.481283,13.306185,0.42333,86.005,0.26709998,0.19296,0.376,0.647,Misc,Technology,Solar,2026-05-27,Solar,0,1,1,84.77,83.91,98.87,86.49,84.34,87.46,ELITE GROWTH,63
BIRLAMONEY,8059341824.0,MICRO CAP,142.6199951171875,13.793036,2.6882043,0.21804,606.1040000000002,0.27535,0.17396,0.429,1.006,Misc,Financial Services,Capital Markets,2026-05-27,Capital Markets,0,1,1,87.02,88.17,92.85,87.04,87.595,88.59,ELITE GROWTH,63
CHOLAHLDNG,302321696768.0,MID CAP,1610.0,12.380807,1.9564264,0.18035,606.1040000000002,0.37148,0.11547,0.152,0.12,Financials,Financial Services,Credit Services,2026-05-27,NBFC – Lending,0,1,0,63.84,30.48,88.56,92.07,47.160000000000004,59.93,MODERATE GROWTH,63
NILASPACES,4923615232.0,MICRO CAP,12.5,17.123287,3.1742,0.18365999,46.031,0.32176998,0.15427,0.253,1.067,Misc,Real Estate,Real Estate - Development,2026-05-27,Real Estate - Development,0,1,1,76.83,88.7,89.11,89.93,82.765,84.75,HIGH GROWTH,63
SUPRIYA,65058271232.0,SMALL CAP,808.2999877929688,35.084633,6.009635,0.11808,0.484,0.31613,0.25191998,0.112,0.06,Healthcare,Healthcare,Biotechnology,2026-05-27,Biotechnology,0,0,0,41.29,26.84,50.02,89.57,34.065,42.81,SLOW GROWTH,63
DATAPATTNS,232299872256.0,MID CAP,4149.39990234375,85.7314,13.385766,0.1673,0.304,0.54212004,0.29345,-0.13,0.212,Misc,Industrials,Aerospace & Defense,2026-05-27,Aerospace & Defense,1,0,0,11.71,70.17,86.49,95.63,40.94,55.52,MODERATE GROWTH,63
INDOBORAX,10408391680.0,SMALL CAP,324.3500061035156,22.61855,2.882573,0.13925,0.37,0.19344999,0.23332001,0.204,0.42,Misc,Basic Materials,Chemicals,2026-05-27,Chemicals,0,1,0,71.67,79.01,80.75,79.3,75.34,76.82,HIGH GROWTH,63
MAPMYINDIA,46264877056.0,SMALL CAP,844.8499755859375,34.56833,5.1075807,0.15796,0.778,0.39196,0.28298,0.01,0.045,Technology,Technology,Software - Infrastructure,2026-05-27,Software Products,1,0,0,24.09,26.14,85.04,92.74,25.115000000000002,43.86,SLOW GROWTH,63
ALLDIGI,12697334784.0,SMALL CAP,833.25,15.45345,5.05969,0.32217,68.009,0.19093001,0.13524,0.074,0.497,Misc,Industrials,Specialty Business Services,2026-05-27,Specialty Business Services,0,0,1,35.01,80.94,97.38,79.03,57.974999999999994,67.96,MODERATE GROWTH,62
GENUSPOWER,88681947136.0,SMALL CAP,320.5,15.0610895,3.9973059,0.28997,103.821,0.16192,0.12467,0.641,0.395,Misc,Industrials,Electrical Equipment & Parts,2026-05-27,Electrical Equipment & Parts,0,1,1,92.19,78.29,96.33,74.15,85.24000000000001,86.35,ELITE GROWTH,62
COALINDIA,2746419773440.0,MEGA CAP,445.6499938964844,8.83525,2.3057222,0.28124002,11.629,0.20922,0.18465,0.162,0.129,Metals,Energy,Thermal Coal,2026-05-27,Coal,0,1,1,65.37,31.04,95.82,81.49,48.205,61.06,MODERATE GROWTH,62
INFY,4709914509312.0,MEGA CAP,1163.5999755859375,15.1906,5.0037684,0.31439,9.827,0.20928,0.16434999,0.066,0.118,Technology,Technology,Information Technology Services,2026-05-27,IT Services,0,0,0,33.33,30.32,97.07,81.57,31.825,49.85,SLOW GROWTH,62
KPEL,25240287232.0,SMALL CAP,373.3999938964844,13.912071,6.6360984,0.43274162520000015,100.154,0.19368,0.12117,0.575,0.693,Industrials,Industrials,Engineering & Construction,2026-05-27,Engineering & EPC,0,1,1,90.86,84.77,99.51,79.42,87.815,89.31,ELITE GROWTH,62
LUPIN,1031936212992.0,LARGE CAP,2257.0,19.37838,4.594056,0.26907,29.388,0.24244,0.19073999,0.319,0.89,Misc,Healthcare,Drug Manufacturers - Specialty & Generic,2026-05-27,Drug Manufacturers - Specialty & Generic,0,1,1,82.14,87.27,95.24,84.58,84.705,86.8,ELITE GROWTH,62
OSWALPUMPS,41058861056.0,SMALL CAP,360.1499938964844,10.577092,2.7827785,0.3508,14.111,0.22297001,0.18226999,0.398,0.349,Misc,Industrials,Electrical Equipment & Parts,2026-05-27,Electrical Equipment & Parts,0,1,1,85.73,76.92,97.89,83.13,81.325,84.82,HIGH GROWTH,62
BORANA,8962145280.0,MICRO CAP,336.3500061035156,13.807471,3.1867924,0.35007998,25.149,0.19908,0.16627,0.28,0.186,Misc,Consumer Cyclical,Textile Manufacturing,2026-05-27,Textile Manufacturing,0,1,1,79.17,68.53,97.85,80.12,73.85,79.28,HIGH GROWTH,62
GNFC,76460580864.0,SMALL CAP,520.3499755859375,9.464351,0.8842707,0.091350004,0.0916,0.18252,0.10395,0.074,0.871,Misc,Basic Materials,Chemicals,2026-05-27,Chemicals,0,0,0,35.01,86.96,17.88,77.66,60.985,54.03,SLOW GROWTH,62
CHALET,173881344000.0,MID CAP,794.0,26.915255,4.69867,0.19132,64.041,0.36835,0.23291,0.06,0.313,Misc,Consumer Cyclical,Lodging,2026-05-27,Lodging,0,0,1,32.08,75.89,90.0,91.96,53.985,64.99,MODERATE GROWTH,61
MANYAVAR,101309366272.0,MID CAP,416.95001220703125,27.004536,5.8819795,0.20025998,23.295,0.33791,0.26162001,0.087,0.131,Misc,Consumer Cyclical,Apparel Manufacturing,2026-05-27,Apparel Manufacturing,0,0,1,37.0,31.2,90.98,90.63,34.1,51.13,SLOW GROWTH,61
CARERATING,49875603456.0,SMALL CAP,1659.800048828125,29.175604,5.349724,0.19754,2.776,0.43565,0.36183998,0.192,0.235,Misc,Financial Services,Financial Data & Stock Exchanges,2026-05-27,Financial Data & Stock Exchanges,0,1,1,69.6,71.42,90.67,94.1,70.50999999999999,76.9,HIGH GROWTH,61
BLUEJET,82604236800.0,SMALL CAP,476.20001220703125,32.08895,6.5685477,0.19881001,3.102,0.34058997,0.24392,-0.243,-0.415,Healthcare,Healthcare,Biotechnology,2026-05-27,Biotechnology,0,0,0,7.58,9.64,90.78,90.82,8.61,33.26,WEAK GROWTH,61
SWARAJENG,45686833152.0,SMALL CAP,3750.89990234375,23.236897,9.320279,0.43234003,0.419,0.1275,0.09781,0.202,0.201,Automobiles,Consumer Cyclical,Auto Parts,2026-05-27,Auto Components,1,1,0,71.14,69.43,98.98,65.91,70.285,75.59,HIGH GROWTH,61
ALIVUS,133025021952.0,MID CAP,1083.800048828125,23.60192,3.9989965,0.18359,1.704,0.282,0.22121,0.061,0.145,Misc,Healthcare,Drug Manufacturers - Specialty & Generic,2026-05-27,Drug Manufacturers - Specialty & Generic,0,0,1,32.31,31.98,89.01,87.43,32.145,49.05,SLOW GROWTH,61
ADVANIHOTR,4955628032.0,MICRO CAP,53.61000061035156,21.023531,0.9596005,0.08,0.558,0.43158,0.21654,0.084,0.024,Misc,Consumer Cyclical,Lodging,2026-05-27,Lodging,0,0,0,36.57,24.91,15.89,93.95,30.740000000000002,34.09,WEAK GROWTH,61
IIFLCAPS,107086831616.0,MID CAP,343.8500061035156,20.155334,3.796008,0.20198,59.292,0.26115,0.24367,0.12,-0.111,Misc,Financial Services,Capital Markets,2026-05-27,Capital Markets,0,0,0,58.47,18.9,91.37,86.02,38.685,53.96,SLOW GROWTH,61
CHOLAFIN,1343007490048.0,LARGE CAP,1575.699951171875,25.451462,4.4030447,0.19334999,606.1040000000002,0.56111,0.39784,0.241,0.291,Financials,Financial Services,Credit Services,2026-05-27,NBFC – Lending,0,1,1,75.79,74.68,90.14,96.02,75.23500000000001,80.29,HIGH GROWTH,61
GATECH,684976320.0,MICRO CAP,0.5299999713897705,6.625,0.552659,0.11808,29.432,0.29372,0.39220002,0.016,-0.636,Financials,Financial Services,Asset Management,2026-05-27,Asset Management Companies,0,0,0,25.11,5.1,50.02,88.38,15.105,29.42,WEAK GROWTH,60
IKS,275898171392.0,MID CAP,1646.0,38.91253,9.835028,0.31441,26.873,0.35139,0.22591999,0.185,0.386,Misc,Healthcare,Health Information Services,2026-05-27,Health Information Services,0,1,1,68.61,78.06,97.11,91.29,73.33500000000001,79.89,HIGH GROWTH,60
LAOPALA,19755780096.0,SMALL CAP,177.97999572753906,19.408941,2.4664633,0.11808,1.046,0.30978,0.32044998,-0.074,0.033,Misc,Consumer Cyclical,"Furnishings, Fixtures & Appliances",2026-05-27,"Furnishings, Fixtures & Appliances",0,0,0,15.66,25.38,50.02,89.22,20.52,33.29,WEAK GROWTH,60
SHILCTECH,45497675776.0,SMALL CAP,3977.0,28.768806,10.836069,0.37762,29.432,0.2038,0.24260001,-0.36,-0.487,Misc,Industrials,Electrical Equipment & Parts,2026-05-27,Electrical Equipment & Parts,0,0,0,5.04,8.14,98.28,80.79,6.59,32.35,WEAK GROWTH,60
STEELCITY,1182885632.0,MICRO CAP,78.30000305175781,8.181819,0.88597715,0.106800005,7.159,0.26748,0.21699,0.19,0.226,Misc,Financial Services,Capital Markets,2026-05-27,Capital Markets,0,1,0,69.35,70.95,21.71,86.53,70.15,62.1,MODERATE GROWTH,60
SOTL,28809086976.0,SMALL CAP,420.20001220703125,15.8327055,1.6654117,0.10462,0.098,0.04681,0.04168,0.217,0.622,Chemicals,Basic Materials,Specialty Chemicals,2026-05-27,Specialty Chemicals,0,1,0,72.92,83.33,21.2,25.89,78.125,61.52,MODERATE GROWTH,60
ANUHPHR,7645086720.0,MICRO CAP,76.27999877929688,18.248804,2.162254,0.12104,0.0916,0.08352,0.053189997,0.02,-0.06,Misc,Healthcare,Drug Manufacturers - Specialty & Generic,2026-05-27,Drug Manufacturers - Specialty & Generic,0,0,0,25.85,20.71,76.57,39.44,23.28,35.55,WEAK GROWTH,60
NAM-INDIA,695946379264.0,LARGE CAP,1090.0,46.04985,14.901499,0.34476003,1.617,0.65431,0.52143,0.196,0.273,Financials,Financial Services,Asset Management,2026-05-27,Asset Management Companies,0,1,1,70.23,73.66,97.81,97.11,71.945,79.63,HIGH GROWTH,60
DENTA,6751095296.0,MICRO CAP,252.85000610351562,10.29939,1.5469942,0.11808,3.104,0.32419997,0.26182,0.042,-0.312,Industrials,Industrials,Engineering & Construction,2026-05-27,Engineering & EPC,0,0,0,29.03,12.24,50.02,90.12,20.635,33.46,WEAK GROWTH,60
MSTCLTD,30937280512.0,SMALL CAP,439.45001220703125,14.272491,3.72267,0.11808,17.456,0.54529,0.63797003,0.09,-0.795,Misc,Industrials,Conglomerates,2026-05-27,Conglomerates,0,0,0,37.49,2.54,50.02,95.7,20.015,33.58,WEAK GROWTH,60
PNBHOUSING,282687963136.0,MID CAP,1084.800048828125,12.348322,1.4706321,0.127,277.418,0.77546996,0.58886003,0.216,0.19,Misc,Financial Services,Mortgage Finance,2026-05-27,Mortgage Finance,0,1,0,72.78,68.78,77.78,97.89,70.78,74.89,HIGH GROWTH,60
GLAXO,390480887808.0,MID CAP,2305.0,38.39747,22.86525,0.43274162520000015,1.467,0.33935001,0.27108,0.021,0.057,Misc,Healthcare,Drug Manufacturers - General,2026-05-27,Drug Manufacturers - General,0,0,0,26.04,26.65,99.51,90.78,26.345,47.42,SLOW GROWTH,60
NMDC,808583430144.0,LARGE CAP,91.97000122070312,11.715924,2.4912643,0.11808,11.21,0.26767,0.24884,0.159,-0.065,Misc,Basic Materials,Steel,2026-05-27,Steel,0,0,0,64.78,20.56,50.02,86.61,42.67,48.53,SLOW GROWTH,60
CALSOFT,1190197120.0,MICRO CAP,19.25,106.94444,2.8834631,0.32296002,3.905,0.88351,0.54057,4.694480000000025,16.33808000000006,Technology,Technology,Software - Application,2026-05-27,SaaS,0,1,1,99.51,99.51,97.46,98.79,99.51,99.03,ELITE GROWTH,60
CUPID,172990595072.0,MID CAP,128.64999389648438,162.84808,45.251495,0.27297002,12.506,0.30211002,0.2894,1.124,2.142,Consumer,Consumer Defensive,Household & Personal Products,2026-05-27,FMCG – Personal Care,0,1,1,95.82,93.64,95.39,88.99,94.72999999999999,94.29,ELITE GROWTH,60
ANANDRATHI,297537634304.0,MID CAP,3583.89990234375,76.26942,29.808699,0.43274162520000015,8.25,0.40331,0.31594,0.476,0.384,Financials,Financial Services,Asset Management,2026-05-27,Asset Management Companies,0,1,1,88.44,77.94,99.51,93.13,83.19,87.45,ELITE GROWTH,60
SBGLP,4536574464.0,MICRO CAP,26.15999984741211,14.779661,5.6549935,0.11808,73.579,0.35790002,0.29498,4.694480000000025,16.33808000000006,Misc,Real Estate,Real Estate - Development,2026-05-27,Real Estate - Development,0,1,0,99.51,99.51,50.02,91.64,99.51,88.82,ELITE GROWTH,60
UYFINCORP,2834551040.0,MICRO CAP,14.899999618530273,8.869048,0.8159912,0.11808,1.149,0.52711,0.29483998,1.724,7.0,Financials,Financial Services,Credit Services,2026-05-27,NBFC – Lending,0,1,0,97.58,97.77,50.02,95.43,97.675,87.92,ELITE GROWTH,60
XCHANGING,7390521856.0,MICRO CAP,66.33999633789062,12.782272,2.013659,0.15754,17.954,0.37173,0.29297,0.011,0.106,Technology,Technology,Information Technology Services,2026-05-27,IT Services,0,0,0,24.27,29.62,84.97,92.11,26.945,45.07,SLOW GROWTH,60
SATIN,24263356416.0,SMALL CAP,220.60000610351562,7.304636,0.9261903,0.1228,383.33,0.56876,0.21191,1.166,6.402,Financials,Financial Services,Credit Services,2026-05-27,NBFC – Lending,0,1,0,96.06,97.46,76.88,96.21,96.75999999999999,92.73,ELITE GROWTH,60
SIGNATURE,113371045888.0,MID CAP,806.8499755859375,10.370822,15.596126,0.43274162520000015,161.04,0.043330003,0.42168,1.128,16.33808000000006,Misc,Real Estate,Real Estate - Development,2026-05-27,Real Estate - Development,0,1,0,95.86,99.51,99.51,24.64,97.685,90.75,ELITE GROWTH,60
LICHSGFIN,300416892928.0,MID CAP,546.1500244140625,5.361771,0.72524107,0.14409,606.1040000000002,0.81481004,0.65779,0.044,0.086,Misc,Financial Services,Mortgage Finance,2026-05-27,Mortgage Finance,0,0,0,29.4,28.64,81.92,98.4,29.02,46.54,SLOW GROWTH,60
GSFC,67617652736.0,SMALL CAP,169.69000244140625,10.052726,0.54263294,0.11808,0.0916,0.04328,0.06765,0.045,0.182,Chemicals,Basic Materials,Agricultural Inputs,2026-05-27,Agrochemicals,0,0,0,29.56,68.24,50.02,24.56,48.9,46.69,SLOW GROWTH,60
FEDFINA,60614074368.0,SMALL CAP,161.92999267578125,17.755482,2.0681508,0.12555,467.341,0.38526002,0.27889,0.186,0.385,Financials,Financial Services,Credit Services,2026-05-27,NBFC – Lending,0,1,0,68.68,78.0,77.63,92.5,73.34,76.11,HIGH GROWTH,60
CSBBANK,62189801472.0,SMALL CAP,366.95001220703125,10.058937,1.3006462,0.13483,29.432,0.36215,0.2378,0.079,0.058,Financials,Financial Services,Banks - Regional,2026-05-27,Private Sector Banks,0,0,0,35.63,26.71,79.7,91.8,31.17,46.94,SLOW GROWTH,60
HDFCAMC,1162550575104.0,LARGE CAP,2712.10009765625,40.734455,12.584918,0.32929,29.432,0.78761,0.61833,0.037,-0.028,Financials,Financial Services,Asset Management,2026-05-27,Asset Management Companies,0,0,0,28.48,21.98,97.62,98.09,25.23,46.99,SLOW GROWTH,60
JPOLYINVST,10639123456.0,SMALL CAP,1012.0999755859375,3.1412459800000003,0.6500171,0.11808,1.433,0.8963087664000005,0.89158,4.694480000000025,16.33808000000006,Financials,Financial Services,Asset Management,2026-05-27,Asset Management Companies,0,1,0,99.51,99.51,50.02,99.51,99.51,89.61,ELITE GROWTH,60
M&MFIN,420406886400.0,MID CAP,302.54998779296875,14.496884,1.5759782,0.11856,428.025,0.44451,0.29518,0.403,0.826,Financials,Financial Services,Credit Services,2026-05-27,NBFC – Lending,0,1,0,85.92,86.45,75.87,94.34,86.185,84.94,HIGH GROWTH,60
PTL,5162702848.0,MICRO CAP,39.0,11.174785,0.6130629,0.054530002,0.642,0.88612,0.71757007,0.0,0.475,Misc,Real Estate,Real Estate Services,2026-05-27,Real Estate Services,0,0,0,23.02,80.46,11.48,98.91,51.739999999999995,48.4,SLOW GROWTH,60
MASTERTR,10597828608.0,SMALL CAP,86.1500015258789,8.127358,1.3291881,0.1729,27.836,0.29295,0.24413,0.479,0.425,Misc,Financial Services,Capital Markets,2026-05-27,Capital Markets,0,1,0,88.54,79.17,87.54,88.29,83.855,85.04,ELITE GROWTH,60
ABBOTINDIA,585205809152.0,LARGE CAP,27540.0,37.63992,12.2580595,0.34460998,3.602,0.27012,0.22399001,0.065,0.076,Misc,Healthcare,Drug Manufacturers - Specialty & Generic,2026-05-27,Drug Manufacturers - Specialty & Generic,0,0,0,33.11,28.02,97.77,86.76,30.564999999999998,49.63,SLOW GROWTH,60
REPCOHOME,24649175040.0,SMALL CAP,394.0,5.184893,0.6826175,0.11808,318.337,0.66573,0.55464,0.133,0.02,Misc,Financial Services,Mortgage Finance,2026-05-27,Mortgage Finance,0,0,0,60.84,24.68,50.02,97.27,42.760000000000005,49.66,SLOW GROWTH,60
MANBA,5384157184.0,MICRO CAP,107.16999816894531,11.868217,1.3167465,0.1165,379.637,0.41157,0.32614,-0.033,0.385,Financials,Financial Services,Credit Services,2026-05-27,NBFC – Lending,0,0,0,19.07,78.0,24.01,93.44,48.535,48.12,SLOW GROWTH,60
INDOTHAI,32263874560.0,SMALL CAP,250.4499969482422,47.59962,11.341441,0.28285998,8.366,0.84295,0.65086,4.694480000000025,0.159,Misc,Financial Services,Capital Markets,2026-05-27,Capital Markets,0,1,1,99.51,50.02,95.94,98.59,74.765,81.38,HIGH GROWTH,60
VHL,10787391488.0,SMALL CAP,3380.0,4.6464314,0.28878704,0.11808,29.432,0.8963087664000005,0.9871920000000006,-0.114,-0.183,Financials,Financial Services,Credit Services,2026-05-27,NBFC – Lending,0,0,0,13.3,16.13,50.02,99.51,14.715,30.26,WEAK GROWTH,60
GATECHDVR,633280000.0,MICRO CAP,0.49000000953674316,6.1250005,0.5109489,0.11808,29.432,0.29372,0.39220002,0.016,-0.636,Financials,Financial Services,Asset Management,2026-05-27,Asset Management Companies,0,0,0,25.11,5.1,50.02,88.38,15.105,29.42,WEAK GROWTH,60
CPCAP,1701607040.0,MICRO CAP,93.5,4.047619,0.3083356,0.11808,14.352,0.8007,0.57638,-0.257,-0.06,Financials,Financial Services,Credit Services,2026-05-27,NBFC – Lending,0,0,0,7.05,20.71,50.02,98.2,13.88,29.54,WEAK GROWTH,60
AUSOMENT,1919694720.0,MICRO CAP,140.91000366210938,6.4667277,1.2097251,0.11808,0.0916,0.04235,0.01363,4.694480000000025,11.583,Misc,Financial Services,Capital Markets,2026-05-27,Capital Markets,0,1,0,99.51,98.59,50.02,24.17,99.05000000000001,81.76,HIGH GROWTH,60
CEINSYS,20481218560.0,SMALL CAP,978.2000122070312,14.419223,2.6624713,0.24595,8.43,0.22002001,0.20194,0.199,0.681,Industrials,Industrials,Engineering & Construction,2026-05-27,Engineering & EPC,0,1,1,70.71,84.54,94.34,82.82,77.625,81.49,HIGH GROWTH,60
INDIASHLTR,84400914432.0,SMALL CAP,775.8499755859375,17.202883,2.8768857,0.17036,195.303,0.55303,0.46425,0.307,0.283,Misc,Financial Services,Mortgage Finance,2026-05-27,Mortgage Finance,0,1,0,81.41,74.27,87.08,95.82,77.84,81.49,HIGH GROWTH,60
IIFL,200409923584.0,MID CAP,471.29998779296875,12.159443,1.4397918,0.12286,446.24,0.39839,0.21020001,-0.141,1.831,Financials,Financial Services,Credit Services,2026-05-27,NBFC – Lending,0,0,0,11.11,92.89,76.92,92.89,52.0,61.07,MODERATE GROWTH,60
ICICIBANK,9209000230912.0,MEGA CAP,1284.5,17.165575,2.5336006,0.16359,29.432,0.33293998,0.24929,0.669,0.084,Financials,Financial Services,Banks - Regional,2026-05-27,Private Sector Banks,0,0,0,92.68,28.47,85.94,90.43,60.575,68.63,MODERATE GROWTH,60
NAGREEKCAP,374043648.0,MICRO CAP,29.649999618530273,3.1412459800000003,1.3573521,0.11808,329.865,0.25649,0.26088,4.638,0.255,Financials,Financial Services,Asset Management,2026-05-27,Asset Management Companies,0,1,0,98.98,72.47,50.02,85.63,85.725,78.57,HIGH GROWTH,60
CANBK,1219095429120.0,LARGE CAP,134.39999389648438,5.6116905,1.0363173,0.1757,29.432,0.41737,0.32017,0.209,-0.098,Financials,Financial Services,Banks - Regional,2026-05-27,Private Sector Banks,0,0,0,72.3,19.5,87.97,93.6,45.9,59.08,MODERATE GROWTH,60
CSLFINANCE,5510332928.0,MICRO CAP,245.0399932861328,6.5676756,0.9616011,0.11808,137.222,0.73344004,0.35037,0.2,0.261,Financials,Financial Services,Credit Services,2026-05-27,NBFC – Lending,0,1,0,70.85,73.17,50.02,97.58,72.00999999999999,70.17,HIGH GROWTH,60
SUDEEPPHRM,76347621376.0,SMALL CAP,675.9500122070312,45.304962,10.165273,0.25056,16.749,0.32199,0.25772,0.157,0.076,Misc,Healthcare,Drug Manufacturers - Specialty & Generic,2026-05-27,Drug Manufacturers - Specialty & Generic,0,0,0,64.31,28.02,94.53,89.96,46.165,60.22,MODERATE GROWTH,60
NBCC,263952007168.0,MID CAP,97.76000213623047,36.61423,8.7874155,0.25225002,0.0916,0.109560005,0.05456,-0.025,0.378,Industrials,Industrials,Engineering & Construction,2026-05-27,Engineering & EPC,1,0,0,19.91,77.82,94.61,60.95,48.864999999999995,59.22,MODERATE GROWTH,60
CENTRALBK,280231378944.0,MID CAP,30.959999084472656,6.192,0.7219139,0.11914,29.432,0.34407002,0.24420999,0.448,-0.354,Financials,Financial Services,Banks - Regional,2026-05-27,Private Sector Banks,0,0,0,87.5,11.19,76.02,91.06,49.345,58.85,MODERATE GROWTH,60
FEDERALBNK,715766956032.0,LARGE CAP,290.45001220703125,16.625645,1.7879897,0.11731,29.432,0.43172002,0.29906,0.123,0.222,Financials,Financial Services,Banks - Regional,2026-05-27,Private Sector Banks,0,1,0,59.0,70.75,24.19,93.99,64.875,59.65,MODERATE GROWTH,60
COLPAL,565485371392.0,LARGE CAP,2079.10009765625,42.59578,35.69822,0.43274162520000015,2.993,0.29746,0.21959999,0.091,-0.005,Consumer,Consumer Defensive,Household & Personal Products,2026-05-27,FMCG – Personal Care,0,0,0,37.68,23.12,99.51,88.56,30.4,50.04,SLOW GROWTH,60
SHRIRAMFIN,2250364682240.0,MEGA CAP,956.4500122070312,17.968252,2.7293065,0.16382,274.993,0.70207,0.48407,0.167,0.409,Financials,Financial Services,Credit Services,2026-05-27,NBFC – Lending,0,1,0,66.22,78.6,85.98,97.46,72.41,77.63,HIGH GROWTH,60
AADHARHFC,208440655872.0,MID CAP,478.3999938964844,19.313684,2.7548876,0.15753001,248.556,0.62323004,0.48599997,0.209,0.263,Misc,Financial Services,Mortgage Finance,2026-05-27,Mortgage Finance,0,1,0,72.3,73.25,84.93,96.88,72.775,77.62,HIGH GROWTH,60
HDFCBANK,11728074047488.0,MEGA CAP,761.75,17.007145,2.0008774,0.13818,29.432,0.40539002,0.26834,-0.018,0.075,Financials,Financial Services,Banks - Regional,2026-05-27,Private Sector Banks,0,0,0,20.58,27.88,80.67,93.24,24.229999999999997,42.42,SLOW GROWTH,60
IRFC,1298486788096.0,LARGE CAP,99.36000061035156,18.537313,2.2860823,0.12812,606.1040000000002,0.8963087664000005,0.97231,0.005,0.0,Financials,Financial Services,Credit Services,2026-05-27,NBFC – Lending,0,0,0,23.53,23.58,78.21,99.51,23.555,42.08,SLOW GROWTH,60
POWERGRID,2785530871808.0,MEGA CAP,299.5,14.878292,2.7708135,0.16492,150.993,0.4947,0.34083,-0.05,0.096,Misc,Utilities,Utilities - Regulated Electric,2026-05-27,Utilities - Regulated Electric,0,0,0,17.36,29.13,86.1,95.1,23.244999999999997,43.0,SLOW GROWTH,60
EMAMILTD,175080144896.0,MID CAP,401.1000061035156,22.57175,5.9880867,0.2761,5.541,0.15615,0.20512,-0.039,-0.118,Consumer,Consumer Defensive,Household & Personal Products,2026-05-27,FMCG – Personal Care,0,0,0,18.37,18.63,95.59,73.27,18.5,39.39,WEAK GROWTH,60
AFIL,4011449344.0,MICRO CAP,9.399999618530273,9.494949,0.938592,0.10501,118.754,0.56567,0.50541,0.466,0.642,Financials,Financial Services,Credit Services,2026-05-27,NBFC – Lending,0,1,0,88.17,83.72,21.28,96.13,85.945,74.03,HIGH GROWTH,60
AAVAS,109139632128.0,MID CAP,1376.5,16.745743,2.1582272,0.13916,310.553,0.53083,0.42080003,0.192,0.183,Misc,Financial Services,Mortgage Finance,2026-05-27,Mortgage Finance,0,1,0,69.6,68.35,80.71,95.55,68.975,73.98,HIGH GROWTH,60
NLCINDIA,482064236544.0,MID CAP,347.6499938964844,13.681622,2.2394068,0.15966,82.0,0.28304002,0.20139,-0.003,-0.127,Misc,Utilities,Utilities - Regulated Electric,2026-05-27,Utilities - Regulated Electric,0,0,0,22.57,18.2,85.32,87.54,20.384999999999998,40.09,SLOW GROWTH,60
CROWN,1274522880.0,MICRO CAP,113.55999755859375,16.386724,1.6401398,0.12745,74.87,0.33921,0.22333999,0.043,-0.316,Misc,Industrials,Rental & Leasing Services,2026-05-27,Rental & Leasing Services,0,0,0,29.19,12.09,78.02,90.75,20.64,39.13,WEAK GROWTH,60
AXISBANK,4074826366976.0,MEGA CAP,1310.4000244140625,15.516874,1.8933189,0.13152,29.432,0.39193,0.35406,-0.112,0.064,Financials,Financial Services,Banks - Regional,2026-05-27,Private Sector Banks,0,0,0,13.41,27.1,78.95,92.7,20.255000000000003,39.24,WEAK GROWTH,60
JINDRILL,17771212800.0,SMALL CAP,613.2000122070312,7.502753,0.9762342,0.12358,5.119,0.27912,0.20205,0.26,-0.366,Misc,Energy,Oil & Gas Equipment & Services,2026-05-27,Oil & Gas Equipment & Services,0,0,0,77.39,10.78,77.2,87.27,44.085,55.03,MODERATE GROWTH,60
MASFIN,56649744384.0,SMALL CAP,312.20001220703125,15.266503,1.9023595,0.13217,339.79,0.55188,0.40534002,-0.046,0.251,Financials,Financial Services,Credit Services,2026-05-27,NBFC – Lending,0,0,0,17.69,72.16,79.03,95.78,44.925,56.83,MODERATE GROWTH,60
ARROWGREEN,7212034560.0,MICRO CAP,478.0,14.046431,3.4108748,0.11808,1.218,0.30806,0.23794001,0.017,0.034,Misc,Consumer Cyclical,Packaging & Containers,2026-05-27,Packaging & Containers,0,0,0,25.22,25.44,50.02,89.14,25.33,36.65,WEAK GROWTH,60
TAJGVK,20171071488.0,SMALL CAP,321.70001220703125,16.182095,2.9221814,0.11808,11.957,0.28652,0.2613,0.06,-0.102,Misc,Consumer Cyclical,Lodging,2026-05-27,Lodging,0,0,0,32.08,19.23,50.02,87.74,25.655,36.74,WEAK GROWTH,60
MAHAPEXLTD,1406089344.0,MICRO CAP,49.88999938964844,3.1412459800000003,0.15319377,0.11808,29.432,0.76543,0.9871920000000006,-0.598,0.159,Financials,Financial Services,Credit Services,2026-05-27,NBFC – Lending,0,0,0,2.5,50.02,50.02,97.81,26.26,38.17,WEAK GROWTH,60
DCBBANK,58057875456.0,SMALL CAP,180.35000610351562,7.9066205,0.88817424,0.11968,29.432,0.34235,0.24443,0.124,0.134,Financials,Financial Services,Banks - Regional,2026-05-27,Private Sector Banks,0,1,0,59.18,31.3,76.18,90.86,45.24,55.99,MODERATE GROWTH,60
DOLATALGO,13189440512.0,SMALL CAP,74.94000244140625,10.82948,1.2421681,0.12114,25.082,0.61439,0.35776,-0.034,0.178,Misc,Financial Services,Capital Markets,2026-05-27,Capital Markets,0,0,0,18.92,68.12,76.61,96.8,43.52,55.47,MODERATE GROWTH,60
PNB,1229859848192.0,LARGE CAP,107.01000213623047,6.688125,0.82605135,0.12985,29.432,0.29405,0.31221,0.152,0.019,Financials,Financial Services,Banks - Regional,2026-05-27,Private Sector Banks,0,0,0,63.84,24.56,78.6,88.44,44.2,55.5,MODERATE GROWTH,60
CAMS,195672162304.0,MID CAP,789.0499877929688,41.311516,14.808941,0.38694,4.863,0.39238,0.31394,0.11,0.106,Technology,Technology,Information Technology Services,2026-05-27,IT Services,0,1,0,40.92,29.62,98.48,92.78,35.27,53.66,SLOW GROWTH,60
BANKBARODA,1408161939456.0,LARGE CAP,272.29998779296875,7.092993,0.84874666,0.12738,29.432,0.38452998,0.31175,-0.076,0.071,Financials,Financial Services,Banks - Regional,2026-05-27,Private Sector Banks,0,0,0,15.46,27.61,77.94,92.42,21.535,39.9,WEAK GROWTH,60
GTL,1182871808.0,MICRO CAP,7.519999980926514,3.1412459800000003,-0.021719728,0.11808,29.432,0.48574,0.9871920000000006,-0.167,16.33808000000006,Telecom,Communication Services,Telecom Services,2026-05-27,Telecom Services,0,0,0,10.0,99.51,50.02,94.96,54.755,57.83,MODERATE GROWTH,60
SHAHALLOYS,1455119232.0,MICRO CAP,73.5,3.5050073,-12.829464,0.11808,29.432,0.57143,0.6291,-0.802,0.159,Misc,Basic Materials,Steel,2026-05-27,Steel,0,0,0,1.05,50.02,50.02,96.33,25.535,37.51,WEAK GROWTH,60
LAXMIINDIA,5932403712.0,MICRO CAP,113.5,11.127451,1.2909464,0.11808,256.533,0.33054,0.28614,0.37,0.565,Financials,Financial Services,Credit Services,2026-05-27,NBFC – Lending,0,1,0,84.4,82.29,50.02,90.28,83.345,77.37,HIGH GROWTH,60
SBIN,8961083310080.0,MEGA CAP,970.7999877929688,10.651745,1.513656,0.15477,29.432,0.26754,0.22293,0.038,-0.031,Financials,Financial Services,Banks - Regional,2026-05-27,Private Sector Banks,0,0,0,28.6,21.87,84.15,86.57,25.235,43.15,SLOW GROWTH,60
IREDA,365256278016.0,MID CAP,130.02000427246094,19.008772,2.6977344,0.11808,554.116,0.87421995,0.45951,0.408,0.325,Financials,Financial Services,Credit Services,2026-05-27,NBFC – Lending,0,1,0,86.26,76.34,50.02,98.75,81.30000000000001,76.79,HIGH GROWTH,60
FMGOETZE,24238919680.0,SMALL CAP,435.70001220703125,13.402031,1.7821499,0.11808,0.143,0.09389,0.092819996,0.144,0.004,Automobiles,Consumer Cyclical,Auto Parts,2026-05-27,Auto Components,0,0,0,62.67,23.98,50.02,43.23,43.325,44.65,SLOW GROWTH,60
INDIANB,1126129205248.0,LARGE CAP,836.0499877929688,9.625258,1.4067314,0.15442,29.432,0.47081003,0.34144002,0.018,0.064,Financials,Financial Services,Banks - Regional,2026-05-27,Private Sector Banks,0,0,0,25.42,27.1,84.07,94.69,26.26,44.66,SLOW GROWTH,60
KTKBANK,103413751808.0,MID CAP,273.45001220703125,7.898614,0.78164536,0.10358,29.432,0.45573002,0.40889,-0.017,0.615,Financials,Financial Services,Banks - Regional,2026-05-27,Private Sector Banks,0,0,0,20.85,83.17,20.97,94.53,52.010000000000005,50.05,SLOW GROWTH,60
TIPSMUSIC,85698306048.0,SMALL CAP,670.4000244140625,39.505013,32.966167,0.43274162520000015,1.962,0.73416,0.5772,0.324,0.935,Misc,Communication Services,Entertainment,2026-05-27,Entertainment,0,1,1,82.19,87.7,99.51,97.62,84.945,89.13,ELITE GROWTH,60
RPEL,43988639744.0,SMALL CAP,957.9000244140625,80.36074,20.423872,0.25011998,2.213,0.27582002,0.21318,0.393,0.5,Misc,Basic Materials,Chemicals,2026-05-27,Chemicals,0,1,1,85.59,81.16,94.49,87.11,83.375,85.97,ELITE GROWTH,60
WILLAMAGOR,303491168.0,MICRO CAP,27.700000762939453,3.1412459800000003,-0.16763192,0.11808,29.432,0.64018995,0.9871920000000006,0.878,2.964,Financials,Financial Services,Credit Services,2026-05-27,NBFC – Lending,0,1,0,94.59,95.28,50.02,96.95,94.935,86.15,ELITE GROWTH,60
JMFINANCIL,126186577920.0,MID CAP,131.92999267578125,10.298985,1.2271416,0.11808,104.102,0.4678,0.35617,0.314,0.5,Misc,Financial Services,Capital Markets,2026-05-27,Capital Markets,0,1,0,81.94,81.16,50.02,94.65,81.55,76.55,HIGH GROWTH,60
CUB,187073019904.0,MID CAP,251.75,14.1115465,1.8794887,0.13241,29.432,0.48056,0.37617,0.236,0.251,Financials,Financial Services,Banks - Regional,2026-05-27,Private Sector Banks,0,1,0,75.38,72.16,79.11,94.81,73.77,76.94,HIGH GROWTH,60
FIVESTAR,133067038720.0,MID CAP,450.79998779296875,12.108515,1.7995217,0.16058001,111.115,0.60508,0.48518002,0.041,-0.037,Financials,Financial Services,Credit Services,2026-05-27,NBFC – Lending,0,0,0,28.93,21.57,85.36,96.68,25.25,44.42,SLOW GROWTH,60
TMB,108739944448.0,MID CAP,686.7000122070312,8.127589,1.07538,0.13992,29.432,0.54293,0.39859,0.235,0.28,Financials,Financial Services,Banks - Regional,2026-05-27,Private Sector Banks,0,1,0,75.19,74.11,81.02,95.67,74.65,78.03,HIGH GROWTH,60
GPPL,75155447808.0,SMALL CAP,155.39999389648438,15.508981,3.1366692,0.11808,2.111,0.43796003,0.44205,0.112,0.083,Misc,Industrials,Marine Shipping,2026-05-27,Marine Shipping,0,0,0,41.29,28.39,50.02,94.18,34.84,43.81,SLOW GROWTH,60
ICICIAMC,1624924356608.0,LARGE CAP,3287.60009765625,49.156704,38.945225,0.43274162520000015,29.432,0.73064005,0.54963,0.082,0.104,Financials,Financial Services,Asset Management,2026-05-27,Asset Management Companies,0,0,0,36.24,29.44,99.51,97.5,32.84,52.64,SLOW GROWTH,60
PAISALO,45185044480.0,SMALL CAP,49.68000030517578,18.961834,2.696483,0.11808,226.216,0.63885,0.45058998,0.2,0.043,Financials,Financial Services,Credit Services,2026-05-27,NBFC – Lending,0,0,0,70.85,25.97,50.02,96.92,48.41,53.58,SLOW GROWTH,60
VCL,260928144.0,MICRO CAP,1.4199999570846558,4.30303,1.5203426,0.11808,63.082,0.26063,0.36863998,0.116,0.159,Misc,Consumer Cyclical,Textile Manufacturing,2026-05-27,Textile Manufacturing,0,1,0,49.96,50.02,50.02,85.94,49.99,53.59,SLOW GROWTH,60
DAMCAPITAL,10747099136.0,SMALL CAP,152.0399932861328,13.278603,3.4671955,0.11808,1.278,0.39832002,0.34159002,-0.346,-0.61,Misc,Financial Services,Capital Markets,2026-05-27,Capital Markets,0,0,0,5.15,5.47,50.02,92.85,5.3100000000000005,23.01,WEAK GROWTH,60
GANESHHOU,58245881856.0,SMALL CAP,698.5,13.875646,2.6288354,0.11808,3.485,0.80433,0.62872005,-0.645,-0.666,Misc,Real Estate,Real Estate - Development,2026-05-27,Real Estate - Development,0,0,0,2.11,4.76,50.02,98.32,3.4349999999999996,22.24,WEAK GROWTH,60
PFS,19705251840.0,SMALL CAP,30.68000030517578,6.1730385,0.6384086,0.11808,29.432,0.84139997,0.54587,-0.555,-0.624,Financials,Financial Services,Credit Services,2026-05-27,NBFC – Lending,0,0,0,2.81,5.29,50.02,98.52,4.05,22.69,WEAK GROWTH,60
AIIL,407628218368.0,MID CAP,480.0,11.398718,2.5035207,0.11808,20.291,0.78849,0.9871920000000006,-0.421,-0.701,Misc,Financial Services,Capital Markets,2026-05-27,Capital Markets,0,0,0,4.08,4.1,50.02,98.16,4.09,22.68,WEAK GROWTH,60
JUSTDIAL,45616046080.0,SMALL CAP,536.3499755859375,9.174649,0.8932511,0.102340005,1.655,0.25351998,0.40945,0.062,-0.365,Misc,Communication Services,Internet Content & Information,2026-05-27,Internet Content & Information,0,0,0,32.55,10.82,20.73,85.47,21.685,27.87,WEAK GROWTH,60
TRAVELFOOD,159332188160.0,MID CAP,1210.0,36.238396,13.456555,0.35699,16.722,0.4348,0.25308,0.515,0.172,Hospitality,Consumer Cyclical,Restaurants,2026-05-27,Restaurants,0,1,1,89.55,67.84,97.97,94.03,78.695,84.08,HIGH GROWTH,60
CGCL,184098537472.0,MID CAP,191.33999633789062,18.925816,2.5608287,0.16496,334.728,0.39968,0.33626,0.72,0.371,Financials,Financial Services,Credit Services,2026-05-27,NBFC – Lending,0,1,0,93.17,77.72,86.14,92.97,85.445,86.34,ELITE GROWTH,60
HINDCOPPER,536891752448.0,LARGE CAP,555.2000122070312,58.380653,16.078773,0.30602,3.319,0.48468,0.29843,0.581,1.366,Metals,Basic Materials,Copper,2026-05-27,Copper,0,1,1,90.94,90.55,96.88,94.88,90.745,92.39,ELITE GROWTH,60
IOB,652028149760.0,LARGE CAP,33.86000061035156,12.049823,1.7627155,0.15654999,29.432,0.44187,0.37493,0.019,0.397,Financials,Financial Services,Banks - Regional,2026-05-27,Private Sector Banks,0,0,0,25.65,78.37,84.62,94.22,52.010000000000005,62.75,MODERATE GROWTH,60
BANKINDIA,665372327936.0,LARGE CAP,146.13999938964844,6.1459203,0.73989505,0.12056,29.432,0.44996,0.31886,0.101,0.186,Financials,Financial Services,Banks - Regional,2026-05-27,Private Sector Banks,0,1,0,39.63,68.53,76.34,94.42,54.08,62.57,MODERATE GROWTH,60
CONSOFINVT,7580532736.0,MICRO CAP,234.5,11.988753,0.7299838,0.11808,29.432,0.8963087664000005,0.89956003,-0.214,-0.214,Misc,Financial Services,Capital Markets,2026-05-27,Capital Markets,0,0,0,8.55,15.17,50.02,99.51,11.86,28.26,WEAK GROWTH,60
SOUTHBANK,107845902336.0,MID CAP,41.20000076293945,7.4234233,0.9788316,0.13526,29.432,0.43144,0.28946,0.112,0.183,Financials,Financial Services,Banks - Regional,2026-05-27,Private Sector Banks,0,1,0,41.29,68.35,79.85,93.91,54.81999999999999,63.73,MODERATE GROWTH,60
BFINVEST,15087767552.0,SMALL CAP,400.54998779296875,9.180609,0.2129595,0.11808,29.432,0.88439006,0.9871920000000006,0.092,11.758,Financials,Financial Services,Asset Management,2026-05-27,Asset Management Companies,0,0,0,37.9,98.63,50.02,98.87,68.265,67.68,MODERATE GROWTH,60
SRGHFL,4429158912.0,MICRO CAP,282.0,13.636363,1.5839493,0.11586001,292.408,0.3464,0.27325,0.238,0.33,Misc,Financial Services,Mortgage Finance,2026-05-27,Mortgage Finance,0,1,0,75.69,76.53,23.74,91.1,76.11,67.13,MODERATE GROWTH,60
BLBLIMITED,865404288.0,MICRO CAP,16.3700008392334,3.327236,0.7371882,0.11808,0.17,0.04138,0.03545,2.788,0.159,Misc,Financial Services,Capital Markets,2026-05-27,Capital Markets,0,1,0,98.4,50.02,50.02,23.82,74.21000000000001,64.33,MODERATE GROWTH,60
NORTHARC,45277331456.0,SMALL CAP,280.25,11.28675,1.1906481,0.109960005,314.235,0.43493,0.29346,0.116,2.377,Financials,Financial Services,Credit Services,2026-05-27,NBFC – Lending,0,1,0,49.96,94.03,22.49,94.06,71.995,64.3,MODERATE GROWTH,60
KRISHNADEF,16328153088.0,SMALL CAP,1161.4000244140625,56.73669,9.909641,0.11808,0.451,0.2511,0.15493,0.234,1.598,Misc,Industrials,Specialty Industrial Machinery,2026-05-27,Specialty Industrial Machinery,0,1,0,75.07,91.96,50.02,85.32,83.51499999999999,77.0,HIGH GROWTH,58
VIMTALABS,20474736640.0,SMALL CAP,457.20001220703125,26.581394,4.904159,0.1855,0.729,0.24365,0.19031,0.14,0.182,Healthcare,Healthcare,Diagnostics & Research,2026-05-27,Diagnostics,1,1,1,61.95,68.24,89.22,84.69,65.095,71.88,HIGH GROWTH,58
KOTHARIPET,7451131392.0,MICRO CAP,126.62000274658203,10.277597,1.9984533,0.21371001,0.601,0.14228,0.12258001,-0.0,0.032,Chemicals,Basic Materials,Specialty Chemicals,2026-05-27,Specialty Chemicals,1,0,0,23.02,25.34,92.46,70.32,24.18,42.45,SLOW GROWTH,58
AJAXENGG,66905096192.0,SMALL CAP,584.7999877929688,29.92835,4.8064437,0.17663,0.132,0.14885001,0.107080005,0.003,0.045,Misc,Industrials,Farm & Heavy Construction Machinery,2026-05-27,Farm & Heavy Construction Machinery,1,0,0,23.45,26.14,88.05,71.73,24.795,42.14,SLOW GROWTH,58
KENNAMET,66233626624.0,SMALL CAP,3013.60009765625,47.865314,8.256506,0.11808,0.262,0.16982001,0.10221,0.407,1.104,Misc,Industrials,Tools & Accessories,2026-05-27,Tools & Accessories,0,1,0,86.18,89.03,50.02,75.67,87.605,78.89,HIGH GROWTH,57
DIVGIITTS,23983132672.0,SMALL CAP,784.2000122070312,65.02487,3.9493167,0.11808,0.279,0.17837,0.12125,0.955,1.891,Automobiles,Consumer Cyclical,Auto Parts,2026-05-27,Auto Components,0,1,0,95.08,93.07,50.02,77.16,94.07499999999999,83.57,HIGH GROWTH,57
BBTC,107434778624.0,MID CAP,1539.800048828125,8.642793,1.5256375,0.28709,16.57,0.16921,0.062589996,0.078,0.438,Misc,Consumer Defensive,Packaged Foods,2026-05-27,Packaged Foods,0,0,1,35.47,79.73,96.13,75.44,57.6,67.09,MODERATE GROWTH,57
ERIS,189185884160.0,MID CAP,1365.300048828125,30.205753,6.0187535,0.18068,60.545,0.27117002,0.19889,0.071,2.0,Misc,Healthcare,Drug Manufacturers - Specialty & Generic,2026-05-27,Drug Manufacturers - Specialty & Generic,0,0,1,34.5,93.38,88.64,86.8,63.94,71.17,HIGH GROWTH,56
JARO,12632878080.0,SMALL CAP,567.25,22.88221,3.4120095,0.19894,2.159,0.33854,0.18566999,0.096,0.039,Misc,Consumer Defensive,Education & Training Services,2026-05-27,Education & Training Services,0,0,0,38.81,25.81,90.82,90.67,32.31,49.85,SLOW GROWTH,56
NEWGEN,62533660672.0,SMALL CAP,443.0,20.99526,3.5045805,0.18250999,2.214,0.31538,0.19092,0.053,-0.009,Technology,Technology,Software - Infrastructure,2026-05-27,Software Products,0,0,0,30.83,23.04,88.79,89.54,26.935,45.57,SLOW GROWTH,56
OIL,790368681984.0,LARGE CAP,485.8999938964844,11.938575,1.3625222,0.12743,58.741,0.27781,0.19500999,0.052,0.604,Energy,Energy,Oil & Gas Integrated,2026-05-27,Oil Marketing,0,0,0,30.53,82.9,77.98,87.23,56.715,64.02,MODERATE GROWTH,55
THYROCARE,82230894592.0,SMALL CAP,516.6500244140625,50.40488,15.374659,0.28746,8.65,0.27265,0.19667,0.197,1.164,Healthcare,Healthcare,Diagnostics & Research,2026-05-27,Diagnostics,0,1,1,70.44,89.3,96.17,86.84,79.87,83.83,HIGH GROWTH,55
KPIGREEN,87106347008.0,SMALL CAP,441.3999938964844,18.345802,2.871884,0.17253,158.765,0.31695,0.17661,0.398,0.472,Energy,Utilities,Utilities - Renewable,2026-05-27,Power Generation – Renewable,0,1,0,85.73,80.3,87.35,89.61,83.015,84.54,HIGH GROWTH,55
BRNL,1710061568.0,MICRO CAP,20.3700008392334,6.1914897,0.16271138,0.11808,77.326,0.40245998,0.18107,-0.119,-0.847,Misc,Industrials,Infrastructure Operations,2026-05-27,Infrastructure Operations,0,0,0,12.44,2.03,50.02,93.09,7.234999999999999,24.38,WEAK GROWTH,55
ZENTEC,151962730496.0,MID CAP,1689.699951171875,78.66387,8.455221,0.11828,0.95,0.25354,0.28131,-0.452,-0.688,Misc,Industrials,Aerospace & Defense,2026-05-27,Aerospace & Defense,0,0,0,3.77,4.45,75.67,85.51,4.11,26.56,WEAK GROWTH,55
ARKADE,23209809920.0,SMALL CAP,125.01000213623047,15.784091,2.4290767,0.11808,18.386,0.25969,0.19715999,-0.124,-0.286,Misc,Real Estate,Real Estate - Development,2026-05-27,Real Estate - Development,0,0,0,12.12,12.75,50.02,85.9,12.434999999999999,27.3,WEAK GROWTH,55
INFOBEAN,14550704128.0,SMALL CAP,150.07000732421875,16.823992,3.512628,0.2324,3.547,0.15865,0.16874,0.374,1.05,Technology,Technology,Software - Application,2026-05-27,SaaS,0,1,1,84.67,88.52,93.75,73.6,86.595,86.73,ELITE GROWTH,55
RPGLIFE,36584300544.0,SMALL CAP,2212.0,18.068943,6.0429893,0.20278999,3.304,0.15314999,0.16278,0.236,-0.745,Misc,Healthcare,Drug Manufacturers - Specialty & Generic,2026-05-27,Drug Manufacturers - Specialty & Generic,0,0,0,75.38,3.22,91.45,72.55,39.3,53.06,SLOW GROWTH,55
BAJAJ-AUTO,3013062950912.0,MEGA CAP,10789.0,28.057629,7.7606425,0.28046,56.289,0.18642001,0.16507,0.488,1.031,Automobiles,Consumer Cyclical,Auto Manufacturers,2026-05-27,Passenger Vehicles,0,1,1,88.72,88.34,95.78,78.37,88.53,88.96,ELITE GROWTH,55
DLF,1473924300800.0,LARGE CAP,595.4500122070312,33.433468,3.244358,0.10031,0.673,0.19984,0.53876996,-0.42,-0.011,Misc,Real Estate,Real Estate - Development,2026-05-27,Real Estate - Development,0,0,0,4.14,22.82,20.23,80.28,13.48,21.51,WEAK GROWTH,55
PALASHSECU,1006112000.0,MICRO CAP,100.58000183105469,6.262765,0.17404516,0.02155,0.0916,-0.24718,0.21735,-0.80216,0.159,Misc,Consumer Defensive,Packaged Foods,2026-05-27,Packaged Foods,0,0,0,0.53,50.02,7.26,5.31,25.275000000000002,19.68,WEAK GROWTH,55
SUZLON,750522073088.0,LARGE CAP,54.720001220703125,23.688313,9.5781555,0.40636003,5.873,0.16420999,0.18966,0.449,-0.056,Misc,Industrials,Specialty Industrial Machinery,2026-05-27,Specialty Industrial Machinery,0,0,0,87.56,21.03,98.63,74.8,54.295,65.21,MODERATE GROWTH,55
DHANUKA,52831797248.0,SMALL CAP,1172.0,18.401634,3.4227471,0.18624,1.822,0.22464001,0.14220999,0.093,0.296,Chemicals,Basic Materials,Agricultural Inputs,2026-05-27,Agrochemicals,0,0,1,38.13,74.99,89.42,83.37,56.56,65.81,MODERATE GROWTH,55
RAYMONDREL,38513315840.0,SMALL CAP,578.7000122070312,26.636591000000003,2.8696249,0.37721002,64.676,0.19632,0.10184,4.694480000000025,0.657,Misc,Real Estate,Real Estate - Development,2026-05-27,Real Estate - Development,0,1,1,99.51,84.07,98.24,79.81,91.78999999999999,91.88,ELITE GROWTH,55
WAAREEENER,881766367232.0,LARGE CAP,3065.39990234375,27.031744,6.1039667,0.31570998,21.402,0.15048,0.13986,1.118,0.712,Misc,Technology,Solar,2026-05-27,Solar,0,1,1,95.74,85.08,97.19,72.12,90.41,89.94,ELITE GROWTH,55
MHLXMIRU,1879788672.0,MICRO CAP,177.0,8.962026,2.3789043,0.11808,18.767,0.25803,0.19863,0.095,0.116,Misc,Consumer Cyclical,Textile Manufacturing,2026-05-27,Textile Manufacturing,0,0,0,38.64,30.22,50.02,85.79,34.43,42.68,SLOW GROWTH,55
FORCEMOT,259954475008.0,MID CAP,19729.0,19.02012,6.3079977,0.33508,29.432,0.13425,0.13378,0.082,-0.37,Automobiles,Consumer Cyclical,Auto Manufacturers,2026-05-27,Passenger Vehicles,0,0,0,36.24,10.7,97.7,67.63,23.47,42.73,SLOW GROWTH,55
SHARDACROP,85204238336.0,SMALL CAP,944.4000244140625,12.518558,3.183496,0.24157,29.432,0.21327999,0.12925,0.129,0.565,Chemicals,Basic Materials,Agricultural Inputs,2026-05-27,Agrochemicals,0,1,1,60.0,82.29,94.1,82.0,71.14500000000001,76.82,HIGH GROWTH,55
SURAJEST,10712077312.0,SMALL CAP,223.4199981689453,11.697382,1.0804615,0.11808,57.442,0.29042,0.16466999,0.06,0.26,Misc,Real Estate,Real Estate - Development,2026-05-27,Real Estate - Development,0,0,0,32.08,73.06,50.02,88.09,52.57,55.61,MODERATE GROWTH,55
AJMERA,23979548672.0,SMALL CAP,121.8499984741211,18.323307,1.7118332,0.11054,46.832,0.25024998,0.13642,1.866,1.205,Misc,Real Estate,Real Estate - Development,2026-05-27,Real Estate - Development,0,1,0,97.81,89.65,22.61,85.24,93.73,78.66,HIGH GROWTH,55
ECLERX,146131435520.0,MID CAP,1568.0999755859375,21.062458,5.6633615,0.29,15.012,0.21125999,0.17153,0.233,0.26,Technology,Technology,Information Technology Services,2026-05-27,IT Services,0,1,1,74.97,73.06,96.37,81.8,74.015,79.26,HIGH GROWTH,55
SANDUMA,117263056896.0,MID CAP,241.22999572753906,17.868889,4.040568,0.22318001,30.563,0.22017,0.12905,0.143,0.509,Misc,Basic Materials,Steel,2026-05-27,Steel,0,1,1,62.5,81.49,93.48,82.86,71.995,77.38,HIGH GROWTH,55
UJJIVANSFB,107080302592.0,MID CAP,55.06999969482422,15.689459,1.5712289,0.10739,29.432,0.29524,0.16572,0.444,2.34,Financials,Financial Services,Banks - Regional,2026-05-27,Private Sector Banks,0,1,0,87.35,93.99,21.83,88.52,90.66999999999999,76.69,HIGH GROWTH,55
HEROMOTOCO,1007668035584.0,LARGE CAP,5036.0,17.576435,4.661828,0.28027,3.57,0.1311,0.12109999,0.302,0.257,Automobiles,Consumer Cyclical,Auto Manufacturers,2026-05-27,Passenger Vehicles,0,1,0,80.98,72.75,95.74,66.77,76.86500000000001,79.63,HIGH GROWTH,55
EVEREADY,23499792384.0,SMALL CAP,323.29998779296875,13.69335,3.7729461,0.31646,32.396,0.0584,0.117860004,0.094,12.653,Misc,Industrials,Electrical Equipment & Parts,2026-05-27,Electrical Equipment & Parts,0,0,0,38.4,98.71,97.27,30.11,68.55499999999999,70.45,HIGH GROWTH,55
SANGHVIMOV,32695425024.0,SMALL CAP,377.6499938964844,17.738375,2.493628,0.15026,51.403,0.28035998,0.16759,0.314,0.278,Misc,Industrials,Rental & Leasing Services,2026-05-27,Rental & Leasing Services,0,1,0,81.94,73.88,83.33,87.35,77.91,79.94,HIGH GROWTH,55
NOVARTIND,36539908096.0,SMALL CAP,1479.9000244140625,39.150795,4.466369,0.11627,0.393,0.22308001,0.26298,0.08,-0.138,Misc,Healthcare,Drug Manufacturers - Specialty & Generic,2026-05-27,Drug Manufacturers - Specialty & Generic,0,0,0,35.86,17.92,23.98,83.21,26.89,31.94,WEAK GROWTH,55
EFCIL,25560184832.0,SMALL CAP,183.3300018310547,11.647395,2.9328108,0.11808,160.926,0.31857002,0.18511,0.521,0.134,Misc,Real Estate,Real Estate Services,2026-05-27,Real Estate Services,0,1,0,89.77,31.3,50.02,89.73,60.535,61.35,MODERATE GROWTH,55
AHLWEST,7040825856.0,MICRO CAP,604.2999877929688,13.231881,-15.586391,0.11808,29.432,0.35356,0.12409,0.007,3.242,Misc,Consumer Cyclical,Lodging,2026-05-27,Lodging,0,0,0,23.68,95.74,50.02,91.37,59.709999999999994,60.94,MODERATE GROWTH,55
BHARTIHEXA,771550019584.0,LARGE CAP,1543.0999755859375,44.61116,11.484304,0.28811002,94.665,0.30727,0.19015,0.048,0.814,Telecom,Communication Services,Telecom Services,2026-05-27,Telecom Services,0,0,1,29.91,86.33,96.25,89.11,58.12,68.84,MODERATE GROWTH,55
SAKSOFT,18495772672.0,SMALL CAP,144.67999267578125,15.310053,2.644634,0.19065,5.607,0.19191,0.12977,0.068,0.216,Technology,Technology,Information Technology Services,2026-05-27,IT Services,0,0,1,33.8,70.44,89.96,79.11,52.12,62.39,MODERATE GROWTH,55
ARIHANT,9397145600.0,MICRO CAP,865.0999755859375,13.418644,2.504763,0.11808,93.207,0.26424,0.18591,0.968,0.947,Misc,Real Estate,Real Estate - Development,2026-05-27,Real Estate - Development,0,1,0,95.12,87.78,50.02,86.29,91.45,82.65,HIGH GROWTH,55
JSWSTEEL,3205771821056.0,MEGA CAP,1313.5,14.402412,3.2042058,0.27261,94.155,0.12673001,0.12031999,0.142,9.918,Misc,Basic Materials,Steel,2026-05-27,Steel,0,1,0,62.34,98.44,95.35,65.83,80.39,81.93,HIGH GROWTH,55
CANTABIL,18304186368.0,SMALL CAP,218.85000610351562,19.096859,3.8241103,0.21983999,113.826,0.19469,0.11231,0.157,0.302,Misc,Consumer Cyclical,Apparel Manufacturing,2026-05-27,Apparel Manufacturing,0,1,1,64.31,75.38,93.09,79.52,69.845,75.46,HIGH GROWTH,55
INDRAMEDCO,36206252032.0,SMALL CAP,394.95001220703125,19.717922,5.494651,0.27466,4.979,0.13477999,0.123859994,0.093,0.018,Misc,Healthcare,Medical Care Facilities,2026-05-27,Medical Care Facilities,0,0,0,38.13,24.46,95.47,67.75,31.295,47.78,SLOW GROWTH,55
HCLTECH,3146403282944.0,MEGA CAP,1162.9000244140625,18.955175,4.2031097,0.23357001,6.935,0.16486,0.128,0.053,-0.002,Technology,Technology,Information Technology Services,2026-05-27,IT Services,0,0,0,30.83,23.25,93.83,74.89,27.04,45.18,SLOW GROWTH,55
UTLSOLAR,95998869504.0,SMALL CAP,312.79998779296875,29.15191,16.57482,0.36418,40.802,0.16747999,0.11457,0.875,0.962,Misc,Technology,Solar,2026-05-27,Solar,0,1,1,94.53,87.9,98.05,75.28,91.215,90.99,ELITE GROWTH,55
SOLARINDS,1678590476288.0,LARGE CAP,18550.0,100.384224,26.74028,0.31332,23.271,0.26174,0.17052001,0.409,0.7,Chemicals,Basic Materials,Specialty Chemicals,2026-05-27,Specialty Chemicals,0,1,1,86.37,84.91,97.03,86.1,85.64,87.96,ELITE GROWTH,55
PNGSREVA,12395659264.0,SMALL CAP,391.04998779296875,13.774216,7.107415,0.21013,32.942,0.21965,0.14727001,1.389,2.668,Misc,Consumer Cyclical,Luxury Goods,2026-05-27,Luxury Goods,0,1,1,96.84,94.53,92.07,82.74,95.685,93.67,ELITE GROWTH,55
ACUTAAS,245793472512.0,MID CAP,3002.199951171875,86.02292,14.867896,0.23516001,2.081,0.4018,0.26599002,0.403,1.056,Chemicals,Basic Materials,Specialty Chemicals,2026-05-27,Specialty Chemicals,0,1,1,85.92,88.56,93.87,93.05,87.24000000000001,89.15,ELITE GROWTH,53
BIOFILCHEM,618404416.0,MICRO CAP,38.0,22.35294,2.9822636,0.11808,0.094,0.114700004,0.08595,-0.80216,-0.5,Misc,Healthcare,Drug Manufacturers - Specialty & Generic,2026-05-27,Drug Manufacturers - Specialty & Generic,0,0,0,0.53,7.67,50.02,62.55,4.1,19.13,WEAK GROWTH,53
STEL,8461802496.0,MICRO CAP,458.5,28.549192,0.4561118,0.11808,29.432,0.8963087664000005,0.41662997,4.694480000000025,16.33808000000006,Financials,Financial Services,Asset Management,2026-05-27,Asset Management Companies,0,1,0,99.51,99.51,50.02,99.51,99.51,89.61,ELITE GROWTH,53
ADANIPOWER,4812688588800.0,MEGA CAP,249.55999755859375,37.641026,7.422079,0.20908001,82.332,0.25207,0.23662001,-0.001,0.916,Misc,Utilities,Utilities - Independent Power Producers,2026-05-27,Utilities - Independent Power Producers,0,0,1,22.86,87.47,92.0,85.4,55.165,65.56,MODERATE GROWTH,53
TATACAP,1309493821440.0,LARGE CAP,310.54998779296875,26.40731,3.440235,0.12005,502.058,0.55465,0.39028,0.07,0.522,Financials,Financial Services,Asset Management,2026-05-27,Asset Management Companies,0,0,0,34.26,81.59,76.22,95.86,57.925,65.38,MODERATE GROWTH,53
BAJAJHFL,722594758656.0,LARGE CAP,86.76000213623047,28.260588,3.2222843,0.120570004,460.504,0.80669,0.61533,0.423,0.144,Misc,Financial Services,Mortgage Finance,2026-05-27,Mortgage Finance,0,1,0,86.78,31.9,76.38,98.36,59.34,66.65,MODERATE GROWTH,53
ANTHEM,426649747456.0,MID CAP,759.5499877929688,72.823586,14.0153885,0.21708,1.772,0.37258,0.27858,0.264,1.272,Healthcare,Healthcare,Biotechnology,2026-05-27,Biotechnology,0,1,1,77.94,90.12,92.82,92.19,84.03,86.6,ELITE GROWTH,53
LOTUSDEV,67839737856.0,SMALL CAP,138.80999755859375,27.541666,3.541975,0.17059,6.839,0.39298,0.30832002,0.618,-0.013,Industrials,Industrials,Engineering & Construction,2026-05-27,Engineering & EPC,0,0,0,91.82,22.71,87.11,92.82,57.265,66.79,MODERATE GROWTH,53
CRISIL,292000825344.0,MID CAP,3992.89990234375,34.766216,9.626061,0.11808,9.785,0.26393,0.2156,0.301,0.459,Misc,Financial Services,Financial Data & Stock Exchanges,2026-05-27,Financial Data & Stock Exchanges,0,1,0,80.91,80.12,50.02,86.26,80.515,74.99,HIGH GROWTH,53
KANANIIND,302738048.0,MICRO CAP,1.5299999713897705,16.999998,0.44360685,0.11808,0.485,0.00302,0.00918,0.364,-0.5,Misc,Consumer Cyclical,Luxury Goods,2026-05-27,Luxury Goods,0,0,0,84.15,7.67,50.02,13.67,45.910000000000004,43.51,SLOW GROWTH,53
SKFINDIA,83752853504.0,SMALL CAP,1694.0999755859375,31.53574,3.0464823,0.13543001,0.219,0.02898,0.07067,-0.51,0.159,Misc,Industrials,Tools & Accessories,2026-05-27,Tools & Accessories,0,0,0,3.16,50.02,79.93,20.07,26.590000000000003,36.61,WEAK GROWTH,53
IRCTC,418800009216.0,MID CAP,523.5,30.068926,9.818264,0.11808,1.836,0.31261998,0.28371,0.184,0.157,Misc,Consumer Cyclical,Travel Services,2026-05-27,Travel Services,0,1,0,68.49,32.66,50.02,89.42,50.574999999999996,54.35,SLOW GROWTH,53
PFIZER,212109361152.0,MID CAP,4636.5,29.378405,5.5115,0.17159,1.671,0.35149,0.28672,0.063,-0.396,Misc,Healthcare,Drug Manufacturers - General,2026-05-27,Drug Manufacturers - General,0,0,0,32.7,10.02,87.19,91.33,21.36,41.52,SLOW GROWTH,53
EIHOTEL,195864068096.0,MID CAP,313.20001220703125,31.19522,4.1604676,0.11808,5.176,0.38906,0.21992001,0.091,-0.08,Misc,Consumer Cyclical,Lodging,2026-05-27,Lodging,0,0,0,37.68,19.93,50.02,92.62,28.805,39.43,WEAK GROWTH,53
SHANTI,72966424.0,MICRO CAP,6.570000171661377,26.636591000000003,0.6218647,0.11808,38.071,0.8963087664000005,0.26007,-0.80216,0.159,Misc,Consumer Defensive,Farm Products,2026-05-27,Farm Products,0,0,0,0.53,50.02,50.02,99.51,25.275000000000002,37.65,WEAK GROWTH,53
AUBANK,750828388352.0,LARGE CAP,1003.2999877929688,28.657528,3.7543595,0.11808,29.432,0.35549998,0.21372999,0.371,0.626,Financials,Financial Services,Banks - Regional,2026-05-27,Private Sector Banks,0,1,0,84.48,83.52,50.02,91.53,84.0,77.96,HIGH GROWTH,53
SAHLIBHFI,2238482432.0,MICRO CAP,72.47000122070312,26.636591000000003,1.3716806,0.11808,24.527,0.67459,0.55768,0.106,0.064,Financials,Financial Services,Credit Services,2026-05-27,NBFC – Lending,0,0,0,40.45,27.1,50.02,97.31,33.775000000000006,43.38,SLOW GROWTH,53
SUNDARMFIN,475855781888.0,MID CAP,4317.60009765625,23.120916,3.1451967,0.11808,408.126,0.61603,0.46789002,0.126,0.002,Financials,Financial Services,Credit Services,2026-05-27,NBFC – Lending,0,0,0,59.63,23.88,50.02,96.84,41.755,48.92,SLOW GROWTH,53
SBFC,101384380416.0,MID CAP,91.66999816894531,22.358536,2.913118,0.13038999,192.253,0.60861,0.44346002,0.244,0.29,Financials,Financial Services,Credit Services,2026-05-27,NBFC – Lending,0,1,0,76.01,74.62,78.8,96.76,75.315,78.16,HIGH GROWTH,53
HDBFS,559892004864.0,LARGE CAP,675.8499755859375,21.900517,2.7157185,0.13945,480.236,0.42518002,0.28924,0.184,0.357,Financials,Financial Services,Credit Services,2026-05-27,NBFC – Lending,0,1,0,68.49,77.16,80.87,93.71,72.82499999999999,76.52,HIGH GROWTH,53
ANDHRSUGAR,11848503296.0,SMALL CAP,87.41999816894531,14.191559,0.7242091,0.11808,0.427,0.048,0.03624,0.236,16.33808000000006,Misc,Basic Materials,Chemicals,2026-05-27,Chemicals,0,1,0,75.38,99.51,50.02,26.36,87.445,73.85,HIGH GROWTH,53
LODHA,920500305920.0,LARGE CAP,921.5,26.90511,3.9529676,0.1571,42.238,0.27622998,0.20557,0.076,0.094,Misc,Real Estate,Real Estate - Development,2026-05-27,Real Estate - Development,0,0,0,35.18,29.05,84.81,87.15,32.115,48.16,SLOW GROWTH,53
ADANIPORTS,4206568407040.0,MEGA CAP,1825.800048828125,31.40351,4.3757834,0.15592,64.051,0.41025,0.33060002,0.265,0.036,Misc,Industrials,Marine Shipping,2026-05-27,Marine Shipping,0,0,0,78.02,25.56,84.54,93.4,51.79,62.5,MODERATE GROWTH,53
HBLENGINE,222892441600.0,MID CAP,804.0999755859375,27.331747,11.237509,0.43274162520000015,3.021,0.11838,0.24239999,0.298,0.398,Misc,Industrials,Electrical Equipment & Parts,2026-05-27,Electrical Equipment & Parts,0,1,0,80.55,78.41,99.51,63.53,79.47999999999999,81.89,HIGH GROWTH,53
OSWALGREEN,6338050048.0,MICRO CAP,24.68000030517578,31.641027,0.25704318,-0.025559999,0.184,0.51776004,-0.59168,1.036,0.159,Financials,Financial Services,Asset Management,2026-05-27,Asset Management Companies,0,1,0,95.43,50.02,3.08,95.28,72.72500000000001,61.05,MODERATE GROWTH,53
ELLEN,36431851520.0,SMALL CAP,258.5,26.636591000000003,3.736953,0.14199,18.873,0.34927,0.26658002,0.087,0.165,Misc,Basic Materials,Chemicals,2026-05-27,Chemicals,0,0,0,37.0,67.47,81.53,91.21,52.235,61.99,MODERATE GROWTH,53
ADVENZYMES,41285607424.0,SMALL CAP,368.70001220703125,24.465828,2.5277143,0.11016,1.902,0.28616,0.21614,0.26,0.62,Chemicals,Basic Materials,Specialty Chemicals,2026-05-27,Specialty Chemicals,0,1,0,77.39,83.25,22.57,87.7,80.32,69.51,MODERATE GROWTH,53
HOMEFIRST,116335403008.0,MID CAP,1113.699951171875,21.570791,2.66126,0.15714,243.084,0.66555,0.51025003,0.337,0.242,Misc,Financial Services,Mortgage Finance,2026-05-27,Mortgage Finance,0,1,0,82.99,71.89,84.85,97.23,77.44,80.9,HIGH GROWTH,53
MANCREDIT,4019047424.0,MICRO CAP,190.35000610351562,31.725,2.4373224,0.11808,174.678,0.75095004,0.20066999,0.446,0.038,Financials,Financial Services,Credit Services,2026-05-27,NBFC – Lending,0,0,0,87.41,25.69,50.02,97.7,56.55,59.36,MODERATE GROWTH,53
KOTAKBANK,3875142893568.0,MEGA CAP,389.6000061035156,20.092833,2.1392136,0.11389,29.432,0.35119998,0.26049,-0.11,0.098,Financials,Financial Services,Banks - Regional,2026-05-27,Private Sector Banks,0,0,0,13.61,29.23,23.43,91.25,21.42,28.8,WEAK GROWTH,53
HEXATRADEX,9011515392.0,MICRO CAP,163.1199951171875,26.636591000000003,0.19539237,-0.0019200001,0.187,0.76414,-0.8954719999999999,-0.031,0.159,Financials,Financial Services,Credit Services,2026-05-27,NBFC – Lending,0,0,0,19.37,50.02,3.98,97.77,34.695,34.86,WEAK GROWTH,53
SPCENET,2094946944.0,MICRO CAP,3.7100000381469727,12.793104,1.3639706,0.11808,0.597,0.04316,0.084960006,0.227,1.5,Misc,Financial Services,Capital Markets,2026-05-27,Capital Markets,0,1,0,74.25,91.49,50.02,24.48,82.87,70.46,HIGH GROWTH,53
AHCL,7494361600.0,MICRO CAP,14.100000381469727,21.692308,2.7614572,0.11808,26.981,0.33698002,0.20385,2.801,0.159,Misc,Healthcare,Drug Manufacturers - Specialty & Generic,2026-05-27,Drug Manufacturers - Specialty & Generic,0,1,0,98.44,50.02,50.02,90.59,74.23,71.02,HIGH GROWTH,53
IGIL,164501585920.0,MID CAP,380.6499938964844,32.09528,11.043898,0.11808,9.594,0.60489,0.44124,0.209,0.284,Misc,Basic Materials,Other Precious Metals & Mining,2026-05-27,Other Precious Metals & Mining,0,1,0,72.3,74.35,50.02,96.64,73.32499999999999,71.0,HIGH GROWTH,53
CINEVISTA,908645056.0,MICRO CAP,15.819999694824219,26.636591000000003,1.7985449,0.113859996,27.129,0.41814,0.25441998,-0.364,0.159,Misc,Communication Services,Entertainment,2026-05-27,Entertainment,0,0,0,5.0,50.02,23.39,93.64,27.51,33.3,WEAK GROWTH,53
NAVNETEDUL,31317151744.0,SMALL CAP,141.57000732421875,8.853659,1.6320627,0.18575001,5.145,0.06977,0.20452999,-0.009,-0.192,Misc,Communication Services,Publishing,2026-05-27,Publishing,0,0,0,21.83,15.83,89.34,34.01,18.83,34.45,WEAK GROWTH,53
MARUTI,4153572327424.0,MEGA CAP,13211.0,28.335194,3.8761632,0.14434,0.096,0.08406,0.08008,0.282,-0.064,Automobiles,Consumer Cyclical,Auto Manufacturers,2026-05-27,Passenger Vehicles,0,0,0,79.44,20.62,82.04,39.59,50.03,55.39,MODERATE GROWTH,53
BAJFINANCE,5787599503360.0,MEGA CAP,930.7999877929688,30.50803,5.0760202,0.17907,313.407,0.60647,0.43383998,0.268,0.214,Financials,Financial Services,Credit Services,2026-05-27,NBFC – Lending,0,1,0,78.21,70.29,88.32,96.72,74.25,79.31,HIGH GROWTH,53
SGFIN,38008233984.0,SMALL CAP,576.7999877929688,25.75,2.2411575,0.10316,185.189,0.8963087664000005,0.38259998,0.952,1.059,Misc,Financial Services,Capital Markets,2026-05-27,Capital Markets,0,1,0,95.04,88.6,20.93,99.51,91.82,78.41,HIGH GROWTH,53
CREST,9921638400.0,MICRO CAP,351.0,20.955223,0.7830714,0.11808,15.576,0.55908,0.27163,-0.199,-0.233,Financials,Financial Services,Financial Conglomerates,2026-05-27,NBFC – Investment,0,0,0,8.81,14.21,50.02,95.94,11.510000000000002,27.66,WEAK GROWTH,53
NESCO,86736207872.0,SMALL CAP,1231.0,21.03195,3.0984921,0.14673,9.068,0.45831,0.4001,0.308,0.05,Misc,Industrials,Conglomerates,2026-05-27,Conglomerates,0,0,0,81.47,26.4,82.51,94.57,53.935,63.71,MODERATE GROWTH,53
MASKINVEST,469931008.0,MICRO CAP,154.0,26.636591000000003,0.409385,0.11808,0.826,0.40791,0.04644,2.005,3.25,Misc,Financial Services,Capital Markets,2026-05-27,Capital Markets,0,1,0,98.11,95.78,50.02,93.28,96.945,87.19,ELITE GROWTH,53
NAVINFLUOR,375772217344.0,MID CAP,7330.0,56.287933,9.447026,0.20105,31.997,0.29853,0.20023,0.338,1.165,Misc,Basic Materials,Chemicals,2026-05-27,Chemicals,0,1,1,83.19,89.34,91.14,88.64,86.265,87.48,ELITE GROWTH,53
OBEROIRLTY,614487818240.0,LARGE CAP,1690.0,24.517626,3.6706414,0.14913,15.765,0.52986,0.41727,0.521,0.624,Misc,Real Estate,Real Estate - Development,2026-05-27,Real Estate - Development,0,1,0,89.77,83.4,83.09,95.51,86.58500000000001,86.78,ELITE GROWTH,53
BALUFORGE,60030513152.0,SMALL CAP,494.29998779296875,22.265764,4.233506,0.11808,6.528,0.26232,0.22976999,0.216,0.206,Misc,Industrials,Metal Fabrication,2026-05-27,Metal Fabrication,0,1,0,72.78,69.72,50.02,86.14,71.25,68.49,MODERATE GROWTH,53
LTF,706035908608.0,LARGE CAP,281.79998779296875,23.740522,2.6722298,0.111169994,393.442,0.43723,0.33077,0.319,0.264,Financials,Financial Services,Credit Services,2026-05-27,NBFC – Lending,0,1,0,82.14,73.29,22.73,94.14,77.715,68.36,MODERATE GROWTH,53
INTENTECH,2307841024.0,MICRO CAP,98.80999755859375,25.466494,1.6230289,0.11808,0.137,0.054050002,0.071329996,0.001,-0.26,Technology,Technology,Software - Infrastructure,2026-05-27,Software Products,0,0,0,23.17,13.45,50.02,28.64,18.310000000000002,25.68,WEAK GROWTH,53
DOLPHIN,16235858944.0,SMALL CAP,405.8500061035156,23.70619,4.594442,0.21903,57.496,0.16188,0.58871,1.219,1.713,Misc,Energy,Oil & Gas Equipment & Services,2026-05-27,Oil & Gas Equipment & Services,0,1,1,96.17,92.42,93.01,74.11,94.295,92.02,ELITE GROWTH,53
KFINTECH,146515673088.0,MID CAP,848.7999877929688,42.249874,8.759456,0.22312,3.314,0.29232,0.26409,0.277,-0.05,Technology,Technology,Software - Application,2026-05-27,SaaS,0,0,0,79.01,21.16,93.44,88.25,50.085,62.57,MODERATE GROWTH,53
ICRA,51914674176.0,SMALL CAP,5380.0,28.563843,4.761504,0.16277,29.432,0.34390998,0.30277002,0.041,0.323,Misc,Financial Services,Financial Data & Stock Exchanges,2026-05-27,Financial Data & Stock Exchanges,0,0,0,28.93,76.3,85.86,91.02,52.614999999999995,63.1,MODERATE GROWTH,53
IDBI,792559550464.0,LARGE CAP,73.70999908447266,8.53125,1.1559452,0.14152999,29.432,0.15577,0.43376,0.116,0.159,Financials,Financial Services,Banks - Regional,2026-05-27,Private Sector Banks,0,1,0,49.96,50.02,81.34,73.21,49.99,58.58,MODERATE GROWTH,52
MARATHON,33160794112.0,SMALL CAP,491.8500061035156,13.479034,1.5080022,0.11808,2.665,0.19738,0.39824,0.013,-0.493,Misc,Real Estate,Real Estate - Development,2026-05-27,Real Estate - Development,0,0,0,24.6,8.02,50.02,79.97,16.310000000000002,29.42,WEAK GROWTH,52
SUPREMEINF,8023502336.0,MICRO CAP,82.29000091552734,3.1412459800000003,1.4498652,0.11808,421.539,0.20637,0.9871920000000006,3.144,0.159,Industrials,Industrials,Engineering & Construction,2026-05-27,Engineering & EPC,0,1,0,98.52,50.02,50.02,81.34,74.27,70.13,HIGH GROWTH,52
NATCOPHARM,211278004224.0,MID CAP,1179.5999755859375,13.5711,2.442843,0.11808,3.012,0.17379999,0.3413,0.363,0.139,Misc,Healthcare,Drug Manufacturers - Specialty & Generic,2026-05-27,Drug Manufacturers - Specialty & Generic,0,1,0,84.09,31.63,50.02,76.61,57.86,58.17,MODERATE GROWTH,52
ALGOQUANT,16129290240.0,SMALL CAP,57.380001068115234,6.6643443,14.682702,0.11808,23.755,0.19264,0.84235,0.051,0.16,Misc,Financial Services,Capital Markets,2026-05-27,Capital Markets,0,0,0,30.3,67.3,50.02,79.23,48.8,52.09,SLOW GROWTH,52
PCJEWELLER,88268759040.0,SMALL CAP,9.09000015258789,12.985715,0.8771591,0.11808,22.029,0.22409001,0.21006,0.369,0.188,Misc,Consumer Cyclical,Luxury Goods,2026-05-27,Luxury Goods,0,1,0,84.32,68.66,50.02,83.33,76.49,71.88,HIGH GROWTH,52
HEADSUP,162528000.0,MICRO CAP,7.360000133514404,3.8736844,0.8629382,0.11808,29.432,0.1718,0.26614,0.116,0.159,Misc,Consumer Cyclical,Apparel Retail,2026-05-27,Apparel Retail,0,1,0,49.96,50.02,50.02,76.14,49.99,52.61,SLOW GROWTH,52
ASHOKA,34837753856.0,SMALL CAP,124.0999984741211,3.1412459800000003,0.82762027,0.11808,44.43,0.21544,0.34372002,-0.235,2.225,Industrials,Industrials,Engineering & Construction,2026-05-27,Engineering & EPC,0,0,0,7.97,93.83,50.02,82.27,50.9,53.86,SLOW GROWTH,52
GAYAPROJ,8798466048.0,MICRO CAP,18.950000762939453,3.1412459800000003,0.5844977,0.11808,51.304,0.21040002,0.9871920000000006,-0.328,0.159,Industrials,Industrials,Engineering & Construction,2026-05-27,Engineering & EPC,0,0,0,5.54,50.02,50.02,81.69,27.78,37.62,WEAK GROWTH,52
NOIDATOLL,1146961280.0,MICRO CAP,6.159999847412109,4.2191777,-3.3496466,0.11808,29.432,0.20917,0.63425,0.076,-0.045,Misc,Industrials,Infrastructure Operations,2026-05-27,Infrastructure Operations,0,0,0,35.18,21.32,50.02,81.45,28.25,37.92,WEAK GROWTH,52
SHAREINDIA,30563362816.0,SMALL CAP,139.6699981689453,9.462737,1.2169557,0.12968001,45.906,0.21562,0.2446,0.599,2.831,Misc,Financial Services,Capital Markets,2026-05-27,Capital Markets,0,1,0,91.47,94.88,78.52,82.31,93.175,89.16,ELITE GROWTH,52
INTLCONV,5042525696.0,MICRO CAP,79.05999755859375,6.4803276,1.280013,0.17397,17.291,0.18788,0.32084,0.777,-0.694,Misc,Industrials,Specialty Industrial Machinery,2026-05-27,Specialty Industrial Machinery,0,0,0,93.91,4.37,87.7,78.6,49.14,59.8,MODERATE GROWTH,52
J&KBANK,158900633600.0,MID CAP,144.3000030517578,6.736695,0.96329087,0.15367,29.432,0.23302999,0.34678,0.116,0.159,Financials,Financial Services,Banks - Regional,2026-05-27,Private Sector Banks,0,1,0,49.96,50.02,84.03,84.03,49.99,60.2,MODERATE GROWTH,52
FINCABLES,172332056576.0,MID CAP,1126.800048828125,25.30429,3.0232217,0.11808,0.377,0.08919,0.11418,0.352,0.114,Misc,Industrials,Electrical Equipment & Parts,2026-05-27,Electrical Equipment & Parts,0,1,0,83.74,30.09,50.02,41.51,56.915,54.0,SLOW GROWTH,51
AVANTIFEED,178359156736.0,MID CAP,1309.0999755859375,23.186327,5.925138,0.11808,0.441,0.11575,0.10572,0.013,0.21,Misc,Consumer Defensive,Packaged Foods,2026-05-27,Packaged Foods,0,0,0,24.6,69.99,50.02,62.91,47.295,49.4,SLOW GROWTH,51
FINPIPE,119705575424.0,MID CAP,193.60000610351562,23.842365,2.0226293,0.11808,0.359,0.1076,0.1265,-0.103,0.237,Misc,Industrials,Building Products & Equipment,2026-05-27,Building Products & Equipment,0,0,0,13.94,71.53,50.02,60.17,42.735,45.94,SLOW GROWTH,51
AMRUTANJAN,16095899648.0,SMALL CAP,556.9500122070312,27.819681,4.3498464,0.16623,0.48,0.10905,0.11525,0.105,0.067,Misc,Healthcare,Drug Manufacturers - Specialty & Generic,2026-05-27,Drug Manufacturers - Specialty & Generic,1,0,0,40.2,27.45,86.37,60.72,33.825,47.02,SLOW GROWTH,51
ASHOKAMET,396186624.0,MICRO CAP,15.850000381469727,3.1412459800000003,0.36070275,0.08558,43.157,0.36486998,0.28937,0.567,0.159,Misc,Basic Materials,Steel,2026-05-27,Steel,0,1,0,90.67,50.02,16.79,91.92,70.345,61.79,MODERATE GROWTH,50
MODINATUR,6081023488.0,MICRO CAP,457.0,15.67753,3.4820375,0.34243,93.655,0.0924,0.06992,0.281,1.479,Misc,Consumer Defensive,Packaged Foods,2026-05-27,Packaged Foods,0,1,0,79.3,91.41,97.74,42.52,85.35499999999999,83.55,HIGH GROWTH,50
HINDCOMPOS,6068581888.0,MICRO CAP,410.8999938964844,19.520191,0.52999246,0.0279,0.147,0.12944001,0.082959995,0.176,0.928,Automobiles,Consumer Cyclical,Auto Parts,2026-05-27,Auto Components,0,1,0,67.14,87.58,8.08,66.38,77.36,62.41,MODERATE GROWTH,50
PSB,172351766528.0,MID CAP,24.290000915527344,13.05914,1.2486507,0.096190006,29.432,0.41716,0.25620002,0.338,0.291,Financials,Financial Services,Banks - Regional,2026-05-27,Private Sector Banks,0,1,0,83.19,74.68,18.94,93.56,78.935,68.4,MODERATE GROWTH,50
TIMKEN,272374579200.0,MID CAP,3621.10009765625,65.65911,9.844066,0.14407,0.5,0.19469,0.118269995,0.16,-0.153,Misc,Industrials,Tools & Accessories,2026-05-27,Tools & Accessories,0,0,0,64.97,17.49,81.88,79.52,41.23,53.19,SLOW GROWTH,50
WEWORK,81225678848.0,SMALL CAP,592.0499877929688,110.87078,39.483162,0.29986998,606.1040000000002,0.26295,0.0305,0.291,0.737,Misc,Real Estate,Real Estate Services,2026-05-27,Real Estate Services,0,1,1,80.09,85.44,96.64,86.22,82.765,85.89,ELITE GROWTH,50
ITCHOTELS,326485704704.0,MID CAP,156.74000549316406,39.882954,2.9455762,0.11808,0.634,0.28756002,0.19205,-0.648,-0.498,Misc,Consumer Cyclical,Resorts & Casinos,2026-05-27,Resorts & Casinos,0,0,0,2.07,7.87,50.02,87.9,4.97,22.27,WEAK GROWTH,50
RMC,4239626240.0,MICRO CAP,400.6499938964844,10.395693,3.337415,0.41316003,58.799,0.13352,0.08891,1.301,0.836,Misc,Industrials,Electrical Equipment & Parts,2026-05-27,Electrical Equipment & Parts,0,1,0,96.56,86.68,98.71,67.4,91.62,90.62,ELITE GROWTH,50
TREL,6076049920.0,MICRO CAP,24.729999542236328,15.456249,0.4802408,0.031229999,29.432,0.38276002,0.44107,0.051,-0.696,Misc,Real Estate,Real Estate Services,2026-05-27,Real Estate Services,0,0,0,30.3,4.31,8.3,92.31,17.305,23.0,WEAK GROWTH,50
GICHSGFIN,8101353984.0,MICRO CAP,150.44000244140625,5.2326956,0.3845387,0.07606,432.907,0.58451,0.39066002,0.043,0.524,Misc,Financial Services,Mortgage Finance,2026-05-27,Mortgage Finance,0,0,0,29.19,81.65,15.19,96.52,55.42,51.48,SLOW GROWTH,50
SONATSOFTW,73682690048.0,SMALL CAP,266.20001220703125,15.892538,3.8716059,0.25724,37.962,0.072280005,0.0434,-0.031,0.218,Technology,Technology,Information Technology Services,2026-05-27,IT Services,0,0,0,19.37,70.52,94.85,35.18,44.945,53.95,SLOW GROWTH,50
PETRONET,417750024192.0,MID CAP,278.5,10.678681,1.8742346,0.18559,10.507,0.17536,0.089949995,-0.233,0.253,Misc,Energy,Oil & Gas Refining & Marketing,2026-05-27,Oil & Gas Refining & Marketing,0,0,1,8.0,72.37,89.3,76.77,40.185,53.67,SLOW GROWTH,50
TARACHAND,4402370560.0,MICRO CAP,55.849998474121094,15.91168,2.9625504,0.20475,92.775,0.15615,0.09726,0.097,0.083,Misc,Industrials,Farm & Heavy Construction Machinery,2026-05-27,Farm & Heavy Construction Machinery,0,0,0,39.09,28.39,91.72,73.27,33.74,49.29,SLOW GROWTH,50
GOKULAGRO,70024077312.0,SMALL CAP,237.3000030517578,18.953674,4.9328566,0.30102,41.405,0.0291,0.015369999,0.135,1.45,Misc,Consumer Defensive,Packaged Foods,2026-05-27,Packaged Foods,0,1,0,61.19,91.21,96.68,20.11,76.19999999999999,74.69,HIGH GROWTH,50
MUKANDLTD,20256833536.0,SMALL CAP,140.19000244140625,3.353828,1.3305808,0.43274162520000015,111.455,-0.027980002,0.12355,0.147,16.33808000000006,Misc,Basic Materials,Steel,2026-05-27,Steel,0,1,0,63.18,99.51,99.51,9.96,81.345,77.84,HIGH GROWTH,50
HYBRIDFIN,518667200.0,MICRO CAP,17.6200008392334,15.592921,1.1724781,0.06479,1.585,0.56216,0.3976,4.493,-0.579,Misc,Financial Services,Capital Markets,2026-05-27,Capital Markets,0,0,0,98.83,6.29,13.08,96.06,52.56,49.01,SLOW GROWTH,50
LICI,5239944511488.0,MEGA CAP,828.4500122070312,9.115868,4.302474,0.42356,29.432,0.05011,0.06564,0.148,0.66,Financials,Financial Services,Insurance - Life,2026-05-27,Life Insurance,0,1,0,63.28,84.15,98.91,27.1,73.715,74.09,HIGH GROWTH,50
UGROCAP,14972863488.0,SMALL CAP,97.9800033569336,7.433991,0.45462772,0.0706,375.276,0.25767002,0.20388001,0.561,-0.177,Financials,Financial Services,Credit Services,2026-05-27,NBFC – Lending,0,0,0,90.51,16.56,14.02,85.75,53.535000000000004,48.85,SLOW GROWTH,50
DEEPINDS,29952000000.0,SMALL CAP,468.0,16.642958,1.500611,0.09786,9.61,0.26648,0.20201999,0.487,0.159,Misc,Energy,Oil & Gas E&P,2026-05-27,Oil & Gas E&P,0,1,0,88.68,50.02,19.52,86.41,69.35000000000001,61.09,MODERATE GROWTH,50
AFFLE,206488551424.0,MID CAP,1468.199951171875,45.52558,5.645707,0.13786,0.405,0.17636,0.16788,0.203,0.157,Misc,Communication Services,Advertising Agencies,2026-05-27,Advertising Agencies,0,1,0,71.36,32.66,80.52,76.92,52.01,60.2,MODERATE GROWTH,50
UCOBANK,320511115264.0,MID CAP,25.559999465942383,11.565611,0.96551204,0.08631,29.432,0.41611,0.2386,-0.126,0.149,Financials,Financial Services,Banks - Regional,2026-05-27,Private Sector Banks,0,0,0,11.99,32.23,16.95,93.52,22.11,28.22,WEAK GROWTH,50
BDL,483899146240.0,MID CAP,1320.0999755859375,83.39229,11.473244,0.11808,0.0916,0.01179,0.15512,-0.319,-0.504,Misc,Industrials,Aerospace & Defense,2026-05-27,Aerospace & Defense,0,0,0,5.68,7.42,50.02,15.27,6.55,16.12,WEAK GROWTH,50
HINDPETRO,851767328768.0,LARGE CAP,400.29998779296875,4.719962,1.2995024,0.30929002,85.369,0.08081,0.041050002,0.049,0.775,Misc,Energy,Oil & Gas Refining & Marketing,2026-05-27,Oil & Gas Refining & Marketing,0,0,0,30.12,85.92,96.92,38.54,58.02,63.85,MODERATE GROWTH,50
SOMATEX,3532974592.0,MICRO CAP,103.98999786376953,65.81645,2.1438143,0.11808,0.187,0.00928,0.15264,4.694480000000025,0.159,Misc,Consumer Cyclical,Textile Manufacturing,2026-05-27,Textile Manufacturing,0,1,0,99.51,50.02,50.02,14.76,74.765,63.82,MODERATE GROWTH,50
INA,27467782144.0,SMALL CAP,124.62999725341797,15.481987,3.9976263,0.28151,109.826,0.13949999,0.092539996,1.045,0.431,Misc,Technology,Solar,2026-05-27,Solar,0,1,0,95.55,79.42,95.86,69.31,87.485,87.34,ELITE GROWTH,50
SHARDAMOTR,48739168256.0,SMALL CAP,849.0,14.448605,4.2644887,0.29089,3.744,0.11881,0.099180005,0.326,0.066,Automobiles,Consumer Cyclical,Auto Parts,2026-05-27,Auto Components,0,0,0,82.35,27.33,96.41,63.65,54.839999999999996,64.03,MODERATE GROWTH,50
MADRASFERT,11138543616.0,SMALL CAP,69.13999938964844,13.855712,12.081077,0.43274162520000015,606.1040000000002,0.046079997,0.03388,0.26,0.159,Chemicals,Basic Materials,Agricultural Inputs,2026-05-27,Agrochemicals,0,1,0,77.39,50.02,99.51,25.5,63.705,67.05,MODERATE GROWTH,50
GRWRHITECH,134840811520.0,MID CAP,5804.0,39.884552,5.076226,0.13454,0.59,0.20688999,0.15953,0.089,0.391,Chemicals,Basic Materials,Specialty Chemicals,2026-05-27,Specialty Chemicals,0,0,0,37.29,78.21,79.62,81.37,57.75,64.49,MODERATE GROWTH,50
BPCL,1307624603648.0,LARGE CAP,306.04998779296875,5.0595136,1.3058244,0.28469,54.332,0.08165,0.05677,0.067,0.28,Misc,Energy,Oil & Gas Refining & Marketing,2026-05-27,Oil & Gas Refining & Marketing,0,0,0,33.54,74.11,96.02,38.85,53.825,60.77,MODERATE GROWTH,50
GMRP&UI,85310545920.0,SMALL CAP,109.2300033569336,13.932398,5.5432634,0.41511002,549.816,0.14103,0.07748,0.154,0.159,Metals,Energy,Thermal Coal,2026-05-27,Coal,0,1,0,64.08,50.02,98.79,69.78,57.05,66.67,MODERATE GROWTH,50
DPABHUSHAN,21686523904.0,SMALL CAP,950.0,11.62933,4.273754,0.40866002,48.027,0.05266,0.05211,0.861,1.031,Misc,Consumer Cyclical,Luxury Goods,2026-05-27,Luxury Goods,0,1,0,94.38,88.34,98.67,28.07,91.36,86.49,ELITE GROWTH,50
CHENNPETRO,156535652352.0,MID CAP,1051.199951171875,5.045356,1.4091058,0.32126,17.68,0.11215,0.04875,-0.025,2.025,Misc,Energy,Oil & Gas Refining & Marketing,2026-05-27,Oil & Gas Refining & Marketing,0,0,0,19.91,93.48,97.34,61.85,56.695,65.34,MODERATE GROWTH,50
SILINV,4482049024.0,MICRO CAP,423.0,11.845422,0.15571927,0.01308,29.432,0.8963087664000005,0.58527,0.116,0.159,Financials,Financial Services,Asset Management,2026-05-27,Asset Management Companies,0,1,0,49.96,50.02,6.01,99.51,49.99,46.15,SLOW GROWTH,50
STARTECK,2544576512.0,MICRO CAP,256.760009765625,10.770135,0.96740526,0.094960004,133.476,0.8839,0.75819,0.309,2.719,Financials,Financial Services,Credit Services,2026-05-27,NBFC – Lending,0,1,0,81.61,94.61,18.74,98.83,88.11,75.31,HIGH GROWTH,50
SHANTIGOLD,16040639488.0,SMALL CAP,222.49000549316406,12.457447,2.465919,0.37335998,36.138,0.104270004,0.06909,1.216,3.624,Misc,Consumer Cyclical,Luxury Goods,2026-05-27,Luxury Goods,0,1,0,96.13,96.02,98.2,58.71,96.07499999999999,92.76,ELITE GROWTH,50
TVSHLTD,273275027456.0,MID CAP,13507.0,16.125065,4.956857,0.29418,280.453,0.13269,0.02912,0.539,0.499,Automobiles,Consumer Cyclical,Auto Parts,2026-05-27,Auto Components,0,1,0,90.24,81.02,96.49,67.12,85.63,85.95,ELITE GROWTH,50
HUBTOWN,29517148160.0,SMALL CAP,207.72000122070312,19.559322,1.1199776,0.0637,44.93,0.485,0.23075001,0.654,5.119,Misc,Real Estate,Real Estate - Development,2026-05-27,Real Estate - Development,0,1,0,92.46,96.95,12.92,94.92,94.705,78.37,HIGH GROWTH,50
CUMMINSIND,1534024744960.0,LARGE CAP,5534.0,68.541,19.430702,0.11808,0.308,0.22917,0.19322,-0.013,-0.13,Misc,Industrials,Specialty Industrial Machinery,2026-05-27,Specialty Industrial Machinery,0,0,0,21.34,18.04,50.02,83.56,19.689999999999998,32.14,WEAK GROWTH,50
NUCLEUS,20287598592.0,SMALL CAP,770.6500244140625,17.37655,2.3895311,0.13561,0.942,0.1336,0.13326,-0.018,-0.467,Technology,Technology,Software - Application,2026-05-27,SaaS,0,0,0,20.58,8.69,80.01,67.51,14.634999999999998,33.0,WEAK GROWTH,50
GEECEE,6712664576.0,MICRO CAP,321.0,15.962208,0.8039753,0.05198,29.432,0.86113,0.56249,1.034,5.059,Misc,Real Estate,Real Estate - Development,2026-05-27,Real Estate - Development,0,1,0,95.39,96.92,11.17,98.63,96.155,79.41,HIGH GROWTH,50
BAIDFIN,1606189696.0,MICRO CAP,10.369999885559082,7.625,0.68995345,0.07272,29.432,0.31529,0.26012,0.597,0.282,Financials,Financial Services,Credit Services,2026-05-27,NBFC – Lending,0,1,0,91.35,74.19,14.56,89.5,82.77,69.8,MODERATE GROWTH,50
CAPITALSFB,12938914816.0,SMALL CAP,284.79998779296875,9.157556,0.9022937,0.099259995,29.432,0.38409,0.28381002,0.689,0.167,Financials,Financial Services,Banks - Regional,2026-05-27,Private Sector Banks,0,1,0,92.93,67.59,19.88,92.39,80.26,69.4,MODERATE GROWTH,50
CORALFINAC,1285640960.0,MICRO CAP,31.899999618530273,9.166666,0.59680825,0.0691,29.432,0.75837,0.96037,-0.007,0.155,Misc,Real Estate,Real Estate Services,2026-05-27,Real Estate Services,0,0,0,22.08,32.53,13.71,97.74,27.305,31.63,WEAK GROWTH,50
SAATVIKGL,58061565952.0,SMALL CAP,456.79998779296875,15.354622,4.0200653,0.42051,69.034,0.05802,0.07856,0.749,-0.38,Misc,Technology,Solar,2026-05-27,Solar,0,0,0,93.52,10.39,98.83,29.91,51.955,59.13,MODERATE GROWTH,50
KAMATHOTEL,4956189696.0,MICRO CAP,168.1199951171875,13.22738,2.4381824,0.11808,87.461,0.26879,0.07851,0.062,-0.272,Misc,Consumer Cyclical,Lodging,2026-05-27,Lodging,0,0,0,32.55,13.1,50.02,86.65,22.825,34.65,WEAK GROWTH,50
AMJLAND,1516590080.0,MICRO CAP,36.9900016784668,7.5799184,0.71229136,0.0692,29.432,0.4718,0.23969999,-0.376,-0.504,Misc,Real Estate,Real Estate - Development,2026-05-27,Real Estate - Development,0,0,0,4.8,7.42,13.74,94.73,6.109999999999999,16.5,WEAK GROWTH,50
MENONBE,8427855360.0,MICRO CAP,150.38999938964844,22.019033,4.544328,0.22245,25.159,0.21385999,0.13019,-0.274,0.292,Automobiles,Consumer Cyclical,Auto Parts,2026-05-27,Auto Components,0,0,1,6.66,74.78,93.32,82.16,40.72,55.38,MODERATE GROWTH,48
ARSSBL,34056673280.0,SMALL CAP,542.9500122070312,23.212914,2.1594825,0.13961,63.433,0.26111,0.17296,0.274,0.885,Financials,Financial Services,Financial Conglomerates,2026-05-27,NBFC – Investment,0,1,0,78.78,87.15,80.94,85.98,82.965,82.86,HIGH GROWTH,48
LTTS,370264244224.0,MID CAP,3490.800048828125,30.150286,5.716597,0.19540001,8.911,0.15217,0.116330005,-0.042,0.067,Technology,Technology,Information Technology Services,2026-05-27,IT Services,0,0,0,18.12,27.45,90.36,72.35,22.785,41.26,SLOW GROWTH,48
KRSNAA,17727733760.0,SMALL CAP,546.5,22.324347,1.9211773,0.10888,54.501,0.32069,0.124280006,0.268,1.028,Healthcare,Healthcare,Diagnostics & Research,2026-05-27,Diagnostics,0,1,0,78.21,88.29,22.14,89.85,83.25,71.69,HIGH GROWTH,48
RMDRIP,8037850624.0,MICRO CAP,18.770000457763672,22.082354,5.4170275,0.11808,40.967,0.2922,0.19016,0.551,0.366,Misc,Industrials,Farm & Heavy Construction Machinery,2026-05-27,Farm & Heavy Construction Machinery,0,1,0,90.39,77.55,50.02,88.21,83.97,77.6,HIGH GROWTH,48
TERASOFT,4700711424.0,MICRO CAP,375.70001220703125,18.9556,3.5154862,0.1848,26.995,0.14149,0.10418,1.227,1.201,Technology,Technology,Information Technology Services,2026-05-27,IT Services,0,1,0,96.29,89.57,89.18,70.01,92.93,89.89,ELITE GROWTH,48
HESTERBIO,17456939008.0,SMALL CAP,2052.10009765625,30.401484,4.845985,0.16555001,52.964,0.28388,0.16729,0.382,9.691,Misc,Healthcare,Drug Manufacturers - Specialty & Generic,2026-05-27,Drug Manufacturers - Specialty & Generic,0,1,0,85.2,98.28,86.29,87.62,91.74000000000001,90.24,ELITE GROWTH,48
ELDEHSG,7768070144.0,MICRO CAP,790.0,34.199135,1.9899194,0.11808,26.96,0.40504003,0.16018999,0.243,1.368,Misc,Real Estate,Real Estate Services,2026-05-27,Real Estate Services,0,1,0,75.93,90.59,50.02,93.21,83.26,77.61,HIGH GROWTH,48
GUJALKALI,50902806528.0,SMALL CAP,693.1500244140625,26.636591000000003,1.3322428,0.11808,6.128,0.29207,0.1839,3.957,5.191,Misc,Basic Materials,Chemicals,2026-05-27,Chemicals,0,1,0,98.63,96.99,50.02,88.17,97.81,87.29,ELITE GROWTH,48
STAR,106570088448.0,MID CAP,1156.199951171875,19.164593,3.866062,0.20033,55.821,0.14089,0.11447,0.112,0.544,Misc,Healthcare,Drug Manufacturers - Specialty & Generic,2026-05-27,Drug Manufacturers - Specialty & Generic,0,1,0,41.29,81.84,91.02,69.7,61.565,68.27,MODERATE GROWTH,48
KOVAI,58491863040.0,SMALL CAP,5345.5,23.9483,4.4333696,0.20326,30.528,0.21335,0.15147,0.181,0.091,Misc,Healthcare,Medical Care Facilities,2026-05-27,Medical Care Facilities,0,0,0,68.06,28.89,91.53,82.04,48.475,60.44,MODERATE GROWTH,48
ARVSMART,27969683456.0,SMALL CAP,609.7999877929688,29.079638,4.1278286,0.121350005,65.077,0.37097,0.17097999,-0.047,1.307,Misc,Real Estate,Real Estate - Development,2026-05-27,Real Estate - Development,0,0,0,17.59,90.24,76.65,92.0,53.915,62.27,MODERATE GROWTH,48
SANOFI,74280665088.0,SMALL CAP,3225.300048828125,23.960331,9.914665,0.11808,2.376,0.28329,0.17465,-0.119,-0.141,Misc,Healthcare,Drug Manufacturers - General,2026-05-27,Drug Manufacturers - General,0,0,0,12.44,17.84,50.02,87.58,15.14,29.36,WEAK GROWTH,48
DBL,69745688576.0,SMALL CAP,429.3500061035156,4.987802,0.8232445,0.22893,115.513,0.14111,0.14497,-0.257,-0.722,Industrials,Industrials,Engineering & Construction,2026-05-27,Engineering & EPC,0,0,0,7.05,3.59,93.6,69.82,5.32,29.43,WEAK GROWTH,48
CHEMBONDCH,5191038976.0,MICRO CAP,193.0,14.846154,2.5091982,0.18198,29.432,0.14156,0.10719,0.116,0.159,Chemicals,Basic Materials,Specialty Chemicals,2026-05-27,Specialty Chemicals,0,1,0,49.96,50.02,88.75,70.05,49.99,59.75,MODERATE GROWTH,48
ZYDUSLIFE,1089801748480.0,LARGE CAP,1083.050048828125,21.630718,4.306499,0.18318,42.242,0.18466999,0.18565,0.162,0.087,Misc,Healthcare,Drug Manufacturers - Specialty & Generic,2026-05-27,Drug Manufacturers - Specialty & Generic,0,0,0,65.37,28.7,88.91,78.06,47.035000000000004,58.51,MODERATE GROWTH,48
INDOTECH,27145783296.0,SMALL CAP,2556.10009765625,30.246124,20.422659,0.28350002,1.391,0.13001001,0.11862001,0.158,0.141,Misc,Industrials,Electrical Equipment & Parts,2026-05-27,Electrical Equipment & Parts,0,1,0,64.55,31.75,95.98,66.5,48.15,59.55,MODERATE GROWTH,48
BHARTIARTL,11338665426944.0,MEGA CAP,1861.4000244140625,41.98962,7.300467,0.19358999,99.718,0.32227,0.12652999,0.157,-0.34,Telecom,Communication Services,Telecom Services,2026-05-27,Telecom Services,0,0,0,64.31,11.46,90.28,90.0,37.885000000000005,53.58,SLOW GROWTH,48
MPHASIS,428250726400.0,MID CAP,2244.300048828125,23.81473,4.206669,0.18285999,24.383,0.15379,0.11729,0.144,0.14,Technology,Technology,Information Technology Services,2026-05-27,IT Services,0,1,1,62.67,31.71,88.83,72.82,47.19,58.08,MODERATE GROWTH,48
GINNIFILA,3825988096.0,MICRO CAP,44.66999816894531,9.345187,1.6092077,0.18837999,17.413,0.12359,0.10045,-0.129,0.5,Misc,Consumer Cyclical,Textile Manufacturing,2026-05-27,Textile Manufacturing,0,0,0,11.85,81.16,89.69,64.94,46.504999999999995,56.99,MODERATE GROWTH,48
TANLA,69344878592.0,SMALL CAP,524.6500244140625,13.71634,2.7840278,0.21409,2.118,0.13497,0.11525,0.15,0.164,Technology,Technology,Software - Application,2026-05-27,SaaS,0,1,0,63.61,67.43,92.5,67.83,65.52000000000001,71.15,HIGH GROWTH,48
SBICARD,593611390976.0,LARGE CAP,623.7999877929688,27.407732,3.776532,0.14686,280.206,0.26117,0.1826,0.186,0.139,Financials,Financial Services,Credit Services,2026-05-27,NBFC – Lending,0,1,0,68.68,31.63,82.55,86.06,50.155,60.22,MODERATE GROWTH,48
EMCURE,322852061184.0,MID CAP,1702.9000244140625,34.859776,6.521423,0.19573,30.567,0.15354,0.100439996,0.167,0.288,Misc,Healthcare,Drug Manufacturers - Specialty & Generic,2026-05-27,Drug Manufacturers - Specialty & Generic,0,1,1,66.22,74.46,90.43,72.75,70.34,74.6,HIGH GROWTH,48
RADHIKAJWE,6704860672.0,MICRO CAP,56.7599983215332,8.274052,1.8642843,0.20758,14.612,0.05501,0.11684,0.234,-0.451,Misc,Consumer Cyclical,Luxury Goods,2026-05-27,Luxury Goods,0,0,0,75.07,8.96,91.88,28.97,42.015,50.68,SLOW GROWTH,48
PARKHOTELS,25639049216.0,SMALL CAP,120.16000366210938,31.87268,1.9616358,0.11808,23.441,0.25586998,0.11472,0.127,-0.252,Misc,Consumer Cyclical,Lodging,2026-05-27,Lodging,0,0,0,59.8,13.73,50.02,85.59,36.765,44.3,SLOW GROWTH,48
UNIPARTS,27383173120.0,SMALL CAP,607.1500244140625,21.08892,2.986341,0.18014,17.771,0.20479,0.13326,0.343,1.235,Misc,Industrials,Farm & Heavy Construction Machinery,2026-05-27,Farm & Heavy Construction Machinery,0,1,1,83.37,89.79,88.52,81.06,86.58000000000001,86.42,ELITE GROWTH,48
PRIMESECU,9525991424.0,MICRO CAP,281.0,34.47853,4.0417695,0.11808,0.723,0.08542,0.23128,0.416,-0.72,Misc,Financial Services,Capital Markets,2026-05-27,Capital Markets,0,0,0,86.49,3.63,50.02,40.2,45.059999999999995,45.57,SLOW GROWTH,48
SUYOG,9008121856.0,MICRO CAP,768.7999877929688,34.382824,1.9769849,0.11808,62.308,0.42854,0.16117,0.145,-0.242,Telecom,Communication Services,Telecom Services,2026-05-27,Telecom Services,0,0,0,62.92,13.94,50.02,93.79,38.43,46.28,SLOW GROWTH,48
ATLANTAELE,144434937856.0,MID CAP,1878.300048828125,69.08054,38.426758,0.31548,5.461,0.18765,0.10897,0.817,1.13,Misc,Industrials,Electrical Equipment & Parts,2026-05-27,Electrical Equipment & Parts,0,1,1,94.06,89.16,97.15,78.52,91.61,91.41,ELITE GROWTH,47
PACEDIGITK,43893370880.0,SMALL CAP,203.35000610351562,17.160337,2.8167162,0.11808,11.33,0.176,0.114750005,0.135,0.156,Misc,Technology,Communication Equipment,2026-05-27,Communication Equipment,0,1,0,61.19,32.58,50.02,76.84,46.885,50.51,SLOW GROWTH,47
SRM,12135181312.0,SMALL CAP,528.7999877929688,15.014195,4.0560236,0.11808,19.915,0.16825001,0.100080006,0.537,0.506,Industrials,Industrials,Engineering & Construction,2026-05-27,Engineering & EPC,0,1,0,90.18,81.43,50.02,75.36,85.805,77.6,HIGH GROWTH,47
INOXINDIA,138595876864.0,MID CAP,1527.0,53.82446,12.400117,0.25901,7.251,0.1859,0.16249001,0.247,0.149,Misc,Industrials,Specialty Industrial Machinery,2026-05-27,Specialty Industrial Machinery,0,1,1,76.32,32.23,94.88,78.21,54.27499999999999,64.79,MODERATE GROWTH,47
DHANLAXMI,898040000.0,MICRO CAP,55.0,8.396946,1.775167,0.11808,22.006,0.23196,0.13361,-0.76,-0.585,Misc,Consumer Defensive,Farm Products,2026-05-27,Farm Products,0,0,0,1.46,6.05,50.02,83.83,3.755,21.02,WEAK GROWTH,47
BAJAJCON,73923436544.0,SMALL CAP,565.9500122070312,39.855637,10.036354,0.25309,2.092,0.22031,0.16329001,0.304,1.13,Consumer,Consumer Defensive,Household & Personal Products,2026-05-27,FMCG – Personal Care,0,1,1,81.14,89.16,94.69,82.9,85.15,86.83,ELITE GROWTH,47
PRUDENT,111392251904.0,MID CAP,2690.199951171875,50.15287,14.60565,0.28643999,3.866,0.22248,0.16623,0.22,0.143,Financials,Financial Services,Asset Management,2026-05-27,Asset Management Companies,0,1,1,73.25,31.84,96.06,83.05,52.545,64.3,MODERATE GROWTH,47
SHAILY,123133886464.0,MID CAP,2677.10009765625,72.6683,19.359995,0.26877,24.755,0.22105,0.17151,0.087,0.409,Chemicals,Basic Materials,Specialty Chemicals,2026-05-27,Specialty Chemicals,0,0,1,37.0,78.6,95.2,83.01,57.8,67.8,MODERATE GROWTH,47
CIGNITITEC,34711924736.0,SMALL CAP,1260.1,11.531985,3.0759804,0.11808,1.799,0.17087,0.13656999,0.122,0.26,Misc,Unknown,Unknown,2026-05-27,Diversified,0,1,0,58.77,73.06,50.02,75.99,65.915,63.74,MODERATE GROWTH,47
BRITANNIA,1277565337600.0,LARGE CAP,5304.0,50.437428,25.020166,0.43274162520000015,26.875,0.16267,0.13229,0.079,0.211,Misc,Consumer Defensive,Packaged Foods,2026-05-27,Packaged Foods,0,0,1,35.63,70.07,99.51,74.39,52.849999999999994,64.34,MODERATE GROWTH,47
MANORAMA,87472996352.0,SMALL CAP,1465.0,40.66056,13.007654,0.3798,52.154,0.23008,0.15727,0.681,0.315,Misc,Consumer Defensive,Packaged Foods,2026-05-27,Packaged Foods,0,1,1,92.82,75.99,98.4,83.68,84.405,87.13,ELITE GROWTH,47
PERSISTENT,792278859776.0,LARGE CAP,5071.2001953125,42.625874,10.122338,0.26349002,6.092,0.16252,0.12646,0.251,0.321,Technology,Technology,Information Technology Services,2026-05-27,IT Services,0,1,1,76.63,76.22,95.0,74.35,76.425,79.93,HIGH GROWTH,47
NESTLEIND,2759610597376.0,MEGA CAP,1431.0999755859375,78.89195,53.51307,0.43274162520000015,8.613,0.23223,0.15112,0.238,0.274,Misc,Consumer Defensive,Packaged Foods,2026-05-27,Packaged Foods,0,1,1,75.69,73.74,99.51,83.95,74.715,80.6,HIGH GROWTH,47
AJANTPHARM,380916203520.0,MID CAP,3048.300048828125,36.060318,8.412963,0.25393,5.747,0.23194,0.19365999,0.215,0.186,Misc,Healthcare,Drug Manufacturers - Specialty & Generic,2026-05-27,Drug Manufacturers - Specialty & Generic,0,1,1,72.71,68.53,94.77,83.8,70.62,76.77,HIGH GROWTH,47
GANESHBE,7032647168.0,MICRO CAP,97.69000244140625,15.680578,1.2123656,0.11808,8.888,0.1512,0.11216,0.181,-0.122,Chemicals,Basic Materials,Specialty Chemicals,2026-05-27,Specialty Chemicals,0,0,0,68.06,18.37,50.02,72.32,43.215,47.49,SLOW GROWTH,47
MAZDA,4105325056.0,MICRO CAP,205.00999450683594,15.333582,1.7432823,0.11808,29.432,0.20528,0.13345,0.013,0.175,Misc,Industrials,Specialty Industrial Machinery,2026-05-27,Specialty Industrial Machinery,0,0,0,24.6,67.94,50.02,81.1,46.269999999999996,50.5,SLOW GROWTH,47
RHL,3229051392.0,MICRO CAP,186.74000549316406,11.848985,0.4434608,0.11808,20.707,0.23509,0.18447,0.178,1.808,Misc,Consumer Cyclical,Lodging,2026-05-27,Lodging,0,1,0,67.57,92.78,50.02,84.11,80.175,74.54,HIGH GROWTH,47
GKENERGY,25295370240.0,SMALL CAP,124.72000122070312,11.431714,3.2466483,0.11808,54.322,0.18410999,0.11934,0.591,0.511,Energy,Utilities,Utilities - Renewable,2026-05-27,Power Generation – Renewable,0,1,0,91.18,81.53,50.02,77.88,86.355,78.24,HIGH GROWTH,47
WIPRO,2120732246016.0,MEGA CAP,202.16000366210938,16.095541,2.4080715,0.15487,22.853,0.17138,0.14248,0.077,-0.016,Technology,Technology,Information Technology Services,2026-05-27,IT Services,0,0,0,35.34,22.57,84.22,76.06,28.955000000000002,44.72,SLOW GROWTH,47
NTPC,3834547011584.0,MEGA CAP,395.45001220703125,12.99113,1.8880943,0.13695,118.127,0.18428,0.14437,0.08,-0.016,Misc,Utilities,Utilities - Regulated Electric,2026-05-27,Utilities - Regulated Electric,0,0,0,35.86,22.57,80.28,77.94,29.215,44.3,SLOW GROWTH,47
BCG,20911886336.0,SMALL CAP,10.359999656677246,3.1412459800000003,0.22160901,0.11808,29.432,0.20024,0.1385,0.333,0.272,Misc,Communication Services,Advertising Agencies,2026-05-27,Advertising Agencies,0,1,0,82.74,73.57,50.02,80.36,78.155,72.75,HIGH GROWTH,47
MCLOUD,15981390848.0,SMALL CAP,27.1299991607666,14.906592,2.7426202,0.11808,46.793,0.2463,0.16506,0.083,-0.01,Technology,Technology,Information Technology Services,2026-05-27,IT Services,0,0,0,36.41,22.96,50.02,85.01,29.685,39.28,WEAK GROWTH,47
CASTROLIND,182799695872.0,MID CAP,184.80999755859375,19.052578,9.619509,0.11808,3.305,0.19521,0.16386,0.087,0.038,Misc,Energy,Oil & Gas Refining & Marketing,2026-05-27,Oil & Gas Refining & Marketing,0,0,0,37.0,25.69,50.02,79.6,31.345,39.91,WEAK GROWTH,47
CMSINFO,51202273280.0,SMALL CAP,311.0,17.02244,2.192194,0.12913,9.102,0.16094999,0.12198,0.022,-0.181,Misc,Industrials,Specialty Business Services,2026-05-27,Specialty Business Services,0,0,0,26.22,16.28,78.37,73.96,21.25,37.94,WEAK GROWTH,47
GHCL,42803904512.0,SMALL CAP,464.6000061035156,9.264207,1.2317693,0.13420999,2.345,0.18739,0.15419,0.012,-0.218,Misc,Basic Materials,Chemicals,2026-05-27,Chemicals,0,0,0,24.4,14.96,79.54,78.48,19.68,37.53,WEAK GROWTH,47
PIXTRANS,21090447360.0,SMALL CAP,1547.9000244140625,19.283669,3.3050847,0.16535999,3.477,0.17812,0.17820999,0.061,-0.107,Misc,Industrials,Specialty Industrial Machinery,2026-05-27,Specialty Industrial Machinery,0,0,0,32.31,19.02,86.26,77.08,25.665,42.93,SLOW GROWTH,47
AGI,38142341120.0,SMALL CAP,589.5499877929688,10.847286,1.5847478,0.15612,10.126,0.21176,0.13194,0.053,0.194,Misc,Consumer Cyclical,Packaging & Containers,2026-05-27,Packaging & Containers,0,0,0,30.83,69.09,84.58,81.88,49.96,60.08,MODERATE GROWTH,47
SARDAEN,186374471680.0,MID CAP,528.9000244140625,16.849316,2.6632628,0.11808,37.709,0.17232999,0.18537001,-0.033,-0.036,Misc,Basic Materials,Steel,2026-05-27,Steel,0,0,0,19.07,21.67,50.02,76.18,20.37,31.88,WEAK GROWTH,47
BEPL,23902857216.0,SMALL CAP,96.05000305175781,13.266576,2.21018,0.17278999,29.432,0.18176001,0.14119,-0.01,0.305,Misc,Basic Materials,Chemicals,2026-05-27,Chemicals,0,0,0,21.67,75.5,87.5,77.63,48.585,59.27,MODERATE GROWTH,47
PAGEIND,425018359808.0,MID CAP,38105.0,55.574192,28.285683,0.43274162520000015,18.422,0.18563,0.14558,0.141,0.09,Misc,Consumer Cyclical,Apparel Manufacturing,2026-05-27,Apparel Manufacturing,0,0,0,62.1,28.82,99.51,78.13,45.46,59.54,MODERATE GROWTH,47
GRSE,303849177088.0,MID CAP,2652.5,44.08343,11.5695305,0.31791002,1.424,0.16153,0.106809996,0.291,0.242,Misc,Industrials,Aerospace & Defense,2026-05-27,Aerospace & Defense,0,1,1,80.09,71.89,97.31,74.07,75.99000000000001,80.06,HIGH GROWTH,47
EIEL,35995938816.0,SMALL CAP,205.07000732421875,17.175043,3.1567202,0.11808,25.86,0.23903999,0.18259001,0.01,-0.112,Industrials,Industrials,Engineering & Construction,2026-05-27,Engineering & EPC,0,0,0,24.09,18.86,50.02,84.3,21.475,33.47,WEAK GROWTH,47
EPIGRAL,52783423488.0,SMALL CAP,1223.5,15.895803,2.512733,0.16092,25.751,0.17237,0.13136,0.173,-0.068,Misc,Basic Materials,Chemicals,2026-05-27,Chemicals,0,0,0,66.71,20.46,85.47,76.22,43.584999999999994,55.23,MODERATE GROWTH,47
GICRE,687812509696.0,LARGE CAP,392.04998779296875,7.1075053,0.69088936,0.10142,29.432,0.17906,0.18316999,0.116,0.029,Misc,Financial Services,Insurance - Reinsurance,2026-05-27,Insurance - Reinsurance,0,0,0,49.96,25.19,20.58,77.31,37.575,38.15,WEAK GROWTH,47
INDOUS,2013421440.0,MICRO CAP,100.41000366210938,13.568919,2.3252208,0.11808,31.895,0.1724,0.12594,-0.032,-0.409,Chemicals,Basic Materials,Agricultural Inputs,2026-05-27,Agrochemicals,0,0,0,19.23,9.72,50.02,76.28,14.475000000000001,27.76,WEAK GROWTH,47
3MINDIA,375295803392.0,MID CAP,33315.0,71.89253,21.323593,0.289,9.6,0.17920999,0.10165,0.178,2.018,Misc,Industrials,Conglomerates,2026-05-27,Conglomerates,0,1,1,67.57,93.44,96.29,77.35,80.505,83.35,HIGH GROWTH,47
AVONMORE,3058882560.0,MICRO CAP,10.84000015258789,13.382716,0.78619087,0.11808,5.155,0.20926,0.14257,0.559,16.33808000000006,Misc,Financial Services,Capital Markets,2026-05-27,Capital Markets,0,1,0,90.47,99.51,50.02,81.53,94.99000000000001,84.65,HIGH GROWTH,47
KNRCON,37184839680.0,SMALL CAP,132.22000122070312,7.9126277,0.7810728,0.11808,48.727,0.20412001,0.15491,-0.124,-0.586,Industrials,Industrials,Engineering & Construction,2026-05-27,Engineering & EPC,0,0,0,12.12,6.01,50.02,80.87,9.065,24.44,WEAK GROWTH,47
TRITURBINE,228343955456.0,MID CAP,718.2999877929688,65.418945,15.769138,0.26217,2.476,0.1751,0.16033001,0.263,0.074,Misc,Industrials,Specialty Industrial Machinery,2026-05-27,Specialty Industrial Machinery,0,0,0,77.8,27.76,94.96,76.73,52.78,63.61,MODERATE GROWTH,47
ADOR,20500516864.0,SMALL CAP,1178.0,25.005306,3.6978207,0.11808,0.4,0.105299994,0.05824,0.052,0.73,Misc,Industrials,Specialty Industrial Machinery,2026-05-27,Specialty Industrial Machinery,0,0,0,30.53,85.34,50.02,59.2,57.935,56.48,MODERATE GROWTH,46
VINYLINDIA,4936350720.0,MICRO CAP,269.20001220703125,29.944386,4.0509834,0.12845,0.376,0.03692,0.025290001,0.04,-0.361,Chemicals,Basic Materials,Specialty Chemicals,2026-05-27,Specialty Chemicals,0,0,0,28.82,10.93,78.25,22.57,19.875,31.82,WEAK GROWTH,46
PHOENIXLTD,638459772928.0,LARGE CAP,1785.199951171875,51.020287,5.809174,0.11056,37.211,0.53540003,0.27671,0.337,0.5,Misc,Real Estate,Real Estate - Diversified,2026-05-27,Real Estate - Diversified,0,1,0,82.99,81.16,22.65,95.59,82.07499999999999,71.54,HIGH GROWTH,45
COUNCODOS,373242976.0,MICRO CAP,4.809999942779541,68.71429,1.300703,0.11808,0.0916,0.022219999,0.03066,-0.096,-0.667,Misc,Real Estate,Real Estate - Development,2026-05-27,Real Estate - Development,0,0,0,14.33,4.72,50.02,18.08,9.525,18.48,WEAK GROWTH,45
AGIIL,45286551552.0,SMALL CAP,362.29998779296875,46.68814,9.767868,0.24336,38.289,0.16206,0.26908,0.028,0.654,Misc,Real Estate,Real Estate - Development,2026-05-27,Real Estate - Development,0,0,1,27.08,83.97,94.18,74.23,55.525,65.13,MODERATE GROWTH,45
NBIFIN,5664152064.0,MICRO CAP,1916.9000244140625,37.02009,0.17606416,0.11808,29.432,0.8963087664000005,0.65801,4.694480000000025,16.33808000000006,Misc,Financial Services,Capital Markets,2026-05-27,Capital Markets,0,1,0,99.51,99.51,50.02,99.51,99.51,89.61,ELITE GROWTH,45
STCINDIA,7446000128.0,MICRO CAP,124.0999984741211,3.1412459800000003,-0.18704267,0.11808,29.432,0.59236,0.0,0.116,9.222,Misc,Industrials,Conglomerates,2026-05-27,Conglomerates,0,1,0,49.96,98.2,50.02,96.56,74.08,71.52,HIGH GROWTH,45
TEAMGTY,2248287232.0,MICRO CAP,250.0,106.83761,4.6178284,0.11808,29.432,0.32326,0.41388,0.603,-0.703,Financials,Financial Services,Asset Management,2026-05-27,Asset Management Companies,0,0,0,91.6,3.98,50.02,90.04,47.79,52.46,SLOW GROWTH,45
SHREEJISPG,75887321088.0,SMALL CAP,465.79998779296875,47.53061,10.024965,0.11808,30.028,0.29448998,0.23993999,0.3,1.117,Misc,Industrials,Marine Shipping,2026-05-27,Marine Shipping,0,1,0,80.77,89.07,50.02,88.48,84.91999999999999,78.3,HIGH GROWTH,45
INNOVANA,6880812544.0,MICRO CAP,333.04998779296875,14.795646,4.0889616,0.14918,20.735,0.013409999,0.28829,0.226,-0.843,Technology,Technology,Software - Application,2026-05-27,SaaS,0,0,0,74.09,2.07,83.13,15.54,38.08,44.84,SLOW GROWTH,45
KSCL,46299168768.0,SMALL CAP,907.0999755859375,15.385007,2.5811684,0.11808,29.432,0.02805,0.21824,0.208,-0.071,Chemicals,Basic Materials,Agricultural Inputs,2026-05-27,Agrochemicals,0,0,0,72.12,20.38,50.02,19.68,46.25,44.35,SLOW GROWTH,45
AEGISVOPAK,230063357952.0,MID CAP,207.63999938964844,166.112,4.8200936,0.11808,42.268,0.48457,0.28858998,0.223,0.436,Misc,Energy,Oil & Gas Equipment & Services,2026-05-27,Oil & Gas Equipment & Services,0,1,0,73.7,79.6,50.02,94.85,76.65,73.14,HIGH GROWTH,45
PGHL,103704641536.0,MID CAP,6247.5,43.817505,16.733627,0.11808,1.0,0.27968,0.21764,0.207,-0.146,Misc,Healthcare,Drug Manufacturers - Specialty & Generic,2026-05-27,Drug Manufacturers - Specialty & Generic,0,0,0,71.98,17.69,50.02,87.31,44.835,50.12,SLOW GROWTH,45
NITIRAJ,1998945024.0,MICRO CAP,195.0,121.875,2.3731866,0.11808,0.0916,0.01637,0.027,-0.695,-0.92732,Misc,Technology,Scientific & Technical Instruments,2026-05-27,Scientific & Technical Instruments,0,0,0,1.99,0.53,50.02,16.32,1.26,12.52,WEAK GROWTH,45
KICL,22175754240.0,SMALL CAP,5080.0,51.401394,0.24688241,0.11808,29.432,0.64038,0.55522996,0.163,-0.471,Financials,Financial Services,Asset Management,2026-05-27,Asset Management Companies,0,0,0,65.52,8.57,50.02,96.99,37.045,45.63,SLOW GROWTH,45
ORIENTALTL,469711392.0,MICRO CAP,6.389999866485596,8.298701,0.3759708,0.11808,2.914,0.075729996,0.26973,0.765,-0.92732,Misc,Industrials,Building Products & Equipment,2026-05-27,Building Products & Equipment,0,0,0,93.71,0.53,50.02,36.55,47.12,46.64,SLOW GROWTH,45
MUTHOOTMF,29627594752.0,SMALL CAP,176.60000610351562,17.399015,1.0378468,0.062069997,340.091,0.31847998,0.15958999,0.116,0.159,Financials,Financial Services,Credit Services,2026-05-27,NBFC – Lending,0,1,0,49.96,50.02,12.53,89.69,49.99,46.47,SLOW GROWTH,45
SANOFICONR,104938872832.0,MID CAP,4550.0,40.559814,27.293232,0.11808,6.458,0.37347,0.27583,0.328,0.357,Misc,Healthcare,Drug Manufacturers - General,2026-05-27,Drug Manufacturers - General,0,1,0,82.55,77.16,50.02,92.23,79.85499999999999,75.13,HIGH GROWTH,45
SAREGAMA,80824541184.0,SMALL CAP,421.04998779296875,39.240448,4.865436,0.12567,4.281,0.35886002,0.20165001,0.232,0.241,Misc,Communication Services,Entertainment,2026-05-27,Entertainment,0,1,0,74.85,71.79,77.66,91.72,73.32,76.03,HIGH GROWTH,45
AIAENG,413129277440.0,MID CAP,4427.0,32.575424,5.607858,0.11808,13.852,0.24579,0.26959,0.001,0.135,Misc,Industrials,Specialty Industrial Machinery,2026-05-27,Specialty Industrial Machinery,0,0,0,23.17,31.37,50.02,84.97,27.270000000000003,37.59,WEAK GROWTH,45
TICL,3546399744.0,MICRO CAP,22.8799991607666,6.0210524,1.1681217,0.11808,29.432,0.07733,0.62202,0.382,0.0,Industrials,Industrials,Engineering & Construction,2026-05-27,Engineering & EPC,0,0,0,85.2,23.58,50.02,37.09,54.39,51.79,SLOW GROWTH,45
MAITHANALL,29064972288.0,SMALL CAP,998.4000244140625,6.700671,0.7048842,0.11808,10.735,0.101289995,0.21628,-0.077,-0.021,Misc,Basic Materials,Steel,2026-05-27,Steel,0,0,0,15.37,22.35,50.02,58.02,18.86,29.01,WEAK GROWTH,45
BROOKS,1831946240.0,MICRO CAP,62.189998626708984,8.461225,1.5826441,0.11808,6.772,0.020469999,0.24315001,-0.569,0.159,Misc,Healthcare,Drug Manufacturers - Specialty & Generic,2026-05-27,Drug Manufacturers - Specialty & Generic,0,0,0,2.69,50.02,50.02,17.57,26.355,30.21,WEAK GROWTH,45
NAUKRI,651850547200.0,LARGE CAP,1006.3499755859375,45.006706,1.339496,0.045679998,0.64,0.34901002,0.44138,0.159,0.221,Misc,Communication Services,Internet Content & Information,2026-05-27,Internet Content & Information,0,1,0,64.78,70.71,10.27,91.18,67.745,58.59,MODERATE GROWTH,45
GUJTHEM,42791755776.0,SMALL CAP,392.0,89.49771,16.141651,0.17413999,56.23,0.35971,0.27745,0.197,-0.091,Misc,Healthcare,Drug Manufacturers - Specialty & Generic,2026-05-27,Drug Manufacturers - Specialty & Generic,0,0,0,70.44,19.64,87.78,91.76,45.04,58.26,MODERATE GROWTH,45
VERANDA,22376267776.0,SMALL CAP,232.30999755859375,24.048655,2.466738,0.11808,42.052,0.22994,0.20098,0.178,0.159,Misc,Consumer Defensive,Education & Training Services,2026-05-27,Education & Training Services,0,1,0,67.57,50.02,50.02,83.6,58.795,59.52,MODERATE GROWTH,45
INDHOTEL,942525644800.0,LARGE CAP,662.1500244140625,45.197956,8.146531,0.16430001,18.987,0.31103,0.20903999,0.145,0.147,Misc,Consumer Cyclical,Lodging,2026-05-27,Lodging,0,1,0,62.92,32.08,86.06,89.38,47.5,59.4,MODERATE GROWTH,45
AYE,35951112192.0,SMALL CAP,147.0399932861328,15.332637,1.2821653,0.0924,199.987,0.33492002,0.19490999,0.085,0.791,Financials,Financial Services,Credit Services,2026-05-27,NBFC – Lending,0,0,0,36.7,86.1,18.08,90.51,61.4,55.65,MODERATE GROWTH,45
GIPCL,24483762176.0,SMALL CAP,157.74000549316406,16.639242,0.6934236,0.11808,79.265,0.12100001,0.30135,0.149,0.159,Misc,Utilities,Utilities - Regulated Electric,2026-05-27,Utilities - Regulated Electric,0,1,0,63.41,50.02,50.02,64.15,56.715,56.12,MODERATE GROWTH,45
UMESLTD,148356560.0,MICRO CAP,5.550000190734863,42.69231,1.1455109,0.11808,2.889,0.4637,0.48792,0.746,-0.5,Misc,Consumer Defensive,Education & Training Services,2026-05-27,Education & Training Services,0,0,0,93.48,7.67,50.02,94.61,50.575,54.87,SLOW GROWTH,45
JSWINFRA,588192088064.0,LARGE CAP,282.20001220703125,38.763737,5.398994,0.13948,59.002,0.40138,0.28412,0.179,-0.181,Misc,Industrials,Marine Shipping,2026-05-27,Marine Shipping,0,0,0,67.81,16.28,80.91,93.01,42.045,54.91,SLOW GROWTH,45
GFLLIMITED,5178329088.0,MICRO CAP,47.13999938964844,428.54544,0.2052108,0.11808,29.432,0.41429,0.47000998,0.25,1.81,Financials,Financial Services,Asset Management,2026-05-27,Asset Management Companies,0,1,0,76.49,92.85,50.02,93.48,84.66999999999999,78.62,HIGH GROWTH,45
BANG,522873632.0,MICRO CAP,38.560001373291016,10.120735,0.58113426,0.11808,35.295,0.01158,0.28488,0.179,-0.471,Misc,Consumer Cyclical,Apparel Manufacturing,2026-05-27,Apparel Manufacturing,0,0,0,67.81,8.57,50.02,15.15,38.19,38.25,WEAK GROWTH,45
STEELCAS,29332819968.0,SMALL CAP,289.8500061035156,32.458008,8.16295,0.11808,29.432,0.24870001,0.2086,-0.043,0.07,Misc,Basic Materials,Steel,2026-05-27,Steel,0,0,0,17.94,27.57,50.02,85.12,22.755000000000003,34.44,WEAK GROWTH,45
IGL,231728267264.0,MID CAP,165.52000427246094,14.952124,2.0651278,0.13926,0.848,0.06922,0.09585,0.054,-0.252,Misc,Utilities,Utilities - Regulated Gas,2026-05-27,Utilities - Regulated Gas,0,0,0,31.0,13.73,80.79,33.85,22.365000000000002,35.2,WEAK GROWTH,45
IDFCFIRSTB,605432971264.0,LARGE CAP,70.30999755859375,37.398933,1.2905416,0.11808,29.432,0.33398,0.32775003,-0.011,-0.232,Financials,Financial Services,Banks - Regional,2026-05-27,Private Sector Banks,0,0,0,21.53,14.29,50.02,90.47,17.91,31.59,WEAK GROWTH,45
JSWHL,139951308800.0,MID CAP,12610.0,98.0865,0.44696218,0.11808,29.432,0.89515996,0.76741,-0.419,-0.51,Misc,Industrials,Conglomerates,2026-05-27,Conglomerates,0,0,0,4.18,7.18,50.02,98.98,5.68,23.88,WEAK GROWTH,45
ADVENTHTL,7756987392.0,MICRO CAP,143.8000030517578,12.269625,0.8576984,0.06509,78.145,0.31002,0.16302,0.068,-0.88,Misc,Consumer Cyclical,Lodging,2026-05-27,Lodging,0,0,0,33.8,1.58,13.16,89.26,17.689999999999998,23.94,WEAK GROWTH,45
JSLL,78719647744.0,SMALL CAP,633.2999877929688,37.078453,22.246813,0.11808,30.042,0.40358,0.29354998,0.916,4.047,Misc,Healthcare,Medical Care Facilities,2026-05-27,Medical Care Facilities,0,1,0,94.81,96.33,50.02,93.17,95.57,86.22,ELITE GROWTH,45
HINDUNILVR,5153828634624.0,MEGA CAP,2193.5,48.432323,10.577763,0.21603,3.016,0.21363,0.23329,0.043,0.214,Consumer,Consumer Defensive,Household & Personal Products,2026-05-27,FMCG – Personal Care,0,0,1,29.19,70.29,92.7,82.12,49.74,61.57,MODERATE GROWTH,45
ANANTRAJ,181054078976.0,MID CAP,503.1000061035156,31.801517,3.048112,0.11132,11.696,0.23276,0.22091,0.196,0.205,Misc,Real Estate,Real Estate - Development,2026-05-27,Real Estate - Development,0,1,0,70.23,69.62,22.8,83.99,69.92500000000001,61.91,MODERATE GROWTH,45
EICHERMOT,2021948915712.0,MEGA CAP,7366.0,36.714348,8.050009,0.23774,2.048,0.21086,0.23562,0.191,0.115,Automobiles,Consumer Cyclical,Auto Manufacturers,2026-05-27,Passenger Vehicles,0,1,0,69.47,30.16,93.95,81.76,49.815,61.84,MODERATE GROWTH,45
LFIC,457830016.0,MICRO CAP,152.61000061035156,37.58867,0.75720066,0.11808,29.432,0.78699,0.21709,0.208,0.159,Financials,Financial Services,Asset Management,2026-05-27,Asset Management Companies,0,1,0,72.12,50.02,50.02,98.05,61.07000000000001,62.56,MODERATE GROWTH,45
KMEW,50721525760.0,SMALL CAP,2075.0,73.76466,18.69319,0.11808,60.049,0.38531,0.27968,0.563,0.804,Misc,Industrials,Marine Shipping,2026-05-27,Marine Shipping,0,1,0,90.63,86.29,50.02,92.54,88.46000000000001,81.18,HIGH GROWTH,45
CREDITACC,203781832704.0,MID CAP,1273.0,150.82939,2.5998957,0.105100006,302.873,0.56672,0.32564,1.259,6.162,Financials,Financial Services,Credit Services,2026-05-27,NBFC – Lending,0,1,0,96.37,97.31,21.32,96.17,96.84,81.67,HIGH GROWTH,45
VIJAYA,127396438016.0,MID CAP,1238.0999755859375,73.91642,14.714236,0.11808,42.224,0.30074,0.20727,0.214,0.225,Healthcare,Healthcare,Diagnostics & Research,2026-05-27,Diagnostics,0,1,0,72.61,70.89,50.02,88.79,71.75,69.11,MODERATE GROWTH,45
INDOSTAR,36916416512.0,SMALL CAP,228.47000122070312,5.6080017,0.8553117,0.15514,142.897,0.077870004,0.9871920000000006,-0.049,-0.681,Financials,Financial Services,Credit Services,2026-05-27,NBFC – Lending,0,0,0,17.45,4.61,84.26,37.45,11.03,28.32,WEAK GROWTH,45
360ONE,454167494656.0,MID CAP,1117.300048828125,38.19829,4.606796,0.14392,161.977,0.57660997,0.27163,0.269,0.11,Financials,Financial Services,Asset Management,2026-05-27,Asset Management Companies,0,1,0,78.33,29.87,81.84,96.45,54.1,63.88,MODERATE GROWTH,45
CHOICEIN,153526435840.0,MID CAP,689.1500244140625,61.476364,8.152245,0.16240999,49.768,0.30106002,0.20622998,0.218,0.153,Misc,Financial Services,Capital Markets,2026-05-27,Capital Markets,0,1,0,73.08,32.47,85.79,88.87,52.775,62.99,MODERATE GROWTH,45
RHETAN,24161249280.0,SMALL CAP,30.31999969482422,233.23077,22.310522,0.101660006,38.419,0.43081,0.31246,0.65,0.159,Misc,Basic Materials,Steel,2026-05-27,Steel,0,1,0,92.35,50.02,20.66,93.87,71.185,63.35,MODERATE GROWTH,45
DHANBANK,13131630592.0,SMALL CAP,33.27000045776367,12.796154,0.89243567,0.07162,29.432,0.35627,0.13948,0.337,0.298,Financials,Financial Services,Banks - Regional,2026-05-27,Private Sector Banks,0,1,0,82.99,75.13,14.25,91.57,79.06,67.35,MODERATE GROWTH,45
MGEL,4561049088.0,MICRO CAP,13.84000015258789,10.10219,2.0180812,0.20118,86.568,0.02214,0.013359999,0.982,1.386,Misc,Consumer Defensive,Farm Products,2026-05-27,Farm Products,0,1,0,95.28,90.71,91.25,18.04,92.995,85.15,ELITE GROWTH,43
THELEELA,138525720576.0,MID CAP,414.79998779296875,33.397743,2.1478205,0.08014,28.065,0.48675,0.26395,0.082,0.219,Misc,Consumer Cyclical,Lodging,2026-05-27,Lodging,0,0,0,36.24,70.58,15.93,95.0,53.41,50.07,SLOW GROWTH,43
KPITTECH,210023317504.0,MID CAP,771.5,33.097385,5.93133,0.1973,23.624,0.15857,0.09874,0.12,-0.335,Technology,Technology,Software - Infrastructure,2026-05-27,Software Products,0,0,0,58.47,11.68,90.59,73.57,35.075,50.03,SLOW GROWTH,43
KRISHANA,42132418560.0,SMALL CAP,681.4500122070312,23.409481,7.513976,0.38145,130.807,0.10695,0.074499995,0.598,1.531,Chemicals,Basic Materials,Agricultural Inputs,2026-05-27,Agrochemicals,0,1,0,91.41,91.62,98.44,59.82,91.515,89.73,ELITE GROWTH,43
THANGAMAYL,121530695680.0,MID CAP,3910.0,34.59871,10.413782,0.27927,64.492,0.07105,0.04137,1.056,3.509,Misc,Consumer Cyclical,Luxury Goods,2026-05-27,Luxury Goods,0,1,0,95.63,95.94,95.67,34.52,95.785,89.64,ELITE GROWTH,43
JAYBARMARU,12323179520.0,SMALL CAP,113.83999633789062,8.824806,1.7708917,0.22193001,76.31,0.08628,0.05475,0.254,2.869,Automobiles,Consumer Cyclical,Auto Parts,2026-05-27,Auto Components,0,1,0,76.88,95.08,93.28,40.57,85.97999999999999,82.9,HIGH GROWTH,43
VRLLOG,41206407168.0,SMALL CAP,235.5500030517578,17.409462,3.7607372,0.21269,101.023,0.13363,0.073520005,0.057,-0.029,Misc,Industrials,Trucking,2026-05-27,Trucking,0,0,0,31.49,21.94,92.27,67.55,26.715,43.91,SLOW GROWTH,43
ASAL,8009933824.0,MICRO CAP,504.8999938964844,28.950687,22.14765,0.43274162520000015,343.962,0.05222,0.03108,0.359,1.691,Automobiles,Consumer Cyclical,Auto Parts,2026-05-27,Auto Components,0,1,0,83.91,92.35,99.51,27.84,88.13,84.38,HIGH GROWTH,43
TIGERLOGS,3795527680.0,MICRO CAP,35.900001525878906,14.713115,0.71982837,0.20673001,34.408,0.04877,0.031630002,-0.1,-0.282,Misc,Industrials,Integrated Freight & Logistics,2026-05-27,Integrated Freight & Logistics,0,0,0,14.14,12.81,91.8,26.59,13.475000000000001,30.45,WEAK GROWTH,43
TINNARUBR,14356756480.0,SMALL CAP,796.9000244140625,29.254774,5.020918,0.22084999,42.978,0.16479,0.09648,0.224,0.364,Chemicals,Basic Materials,Specialty Chemicals,2026-05-27,Specialty Chemicals,0,1,1,73.88,77.35,93.17,74.85,75.615,79.05,HIGH GROWTH,43
GRADIENTE,1312979968.0,MICRO CAP,3.950000047683716,26.636591000000003,0.46280023,0.11808,3.091,0.29313,0.025940001,-0.411,0.0,Misc,Communication Services,Entertainment,2026-05-27,Entertainment,0,0,0,4.3,23.58,50.02,88.32,13.94,28.59,WEAK GROWTH,43
HYUNDAI,1536515244032.0,LARGE CAP,1891.0,28.274523,7.678377,0.29916,5.484,0.07308,0.07676,0.048,-0.222,Automobiles,Consumer Cyclical,Auto Manufacturers,2026-05-27,Passenger Vehicles,0,0,0,29.91,14.64,96.6,35.42,22.275,38.45,WEAK GROWTH,43
VEEDOL,24391022592.0,SMALL CAP,1435.199951171875,12.724532,2.49577,0.19657,1.534,0.08854,0.08765,0.019,-0.037,Chemicals,Basic Materials,Specialty Chemicals,2026-05-27,Specialty Chemicals,0,0,0,25.65,21.57,90.51,41.27,23.61,38.76,WEAK GROWTH,43
BUILDPRO,28488110080.0,SMALL CAP,1174.800048828125,22.258432,5.2015676,0.25518999,11.14,0.03367,0.01871,0.279,0.422,Misc,Consumer Cyclical,Home Improvement Retail,2026-05-27,Home Improvement Retail,0,1,0,79.11,79.07,94.81,21.52,79.09,76.48,HIGH GROWTH,43
DDEVPLSTIK,25150003200.0,SMALL CAP,243.0500030517578,12.632537,2.7475076,0.21841,5.608,0.10487001,0.06769,0.053,0.054,Chemicals,Basic Materials,Specialty Chemicals,2026-05-27,Specialty Chemicals,0,0,0,30.83,26.47,92.93,59.04,28.65,44.54,SLOW GROWTH,43
CEMPRO,163730735104.0,MID CAP,953.0999755859375,27.380062,6.8218417,0.28208,37.711,0.1073,0.05941,0.199,1.134,Industrials,Industrials,Engineering & Construction,2026-05-27,Engineering & EPC,0,1,0,70.71,89.22,95.9,60.02,79.965,81.16,HIGH GROWTH,43
MANAPPURAM,307867418624.0,MID CAP,327.75,27.965017,1.7093459,0.06968,360.191,0.45023,0.23985,1.093,0.159,Financials,Financial Services,Credit Services,2026-05-27,NBFC – Lending,0,1,0,95.7,50.02,13.86,94.46,72.86,63.22,MODERATE GROWTH,43
M&M,3750701039616.0,MEGA CAP,3123.60009765625,20.51491,3.749289,0.18754,125.066,0.16398,0.08461001,0.309,0.448,Automobiles,Consumer Cyclical,Auto Manufacturers,2026-05-27,Passenger Vehicles,0,1,1,81.61,79.89,89.61,74.74,80.75,81.92,HIGH GROWTH,43
PNGJL,73133228032.0,SMALL CAP,538.9000244140625,17.862116,4.302698,0.23306999,88.504,0.03339,0.03816,1.232,0.455,Misc,Consumer Cyclical,Luxury Goods,2026-05-27,Luxury Goods,0,1,0,96.33,80.01,93.79,21.44,88.17,82.62,HIGH GROWTH,43
DYCL,15875050496.0,SMALL CAP,327.6000061035156,18.805971,3.4705966,0.20319,9.424,0.09669,0.0701,0.073,0.026,Misc,Industrials,Electrical Equipment & Parts,2026-05-27,Electrical Equipment & Parts,0,0,0,34.87,25.03,91.49,56.5,29.95,44.91,SLOW GROWTH,43
SAMPANN,1334953472.0,MICRO CAP,27.350000381469727,19.67626,2.8686805,0.21290001,210.951,0.04652,0.04753,0.405,-0.813,Chemicals,Basic Materials,Specialty Chemicals,2026-05-27,Specialty Chemicals,0,0,0,86.12,2.38,92.35,25.69,44.25,52.01,SLOW GROWTH,43
CHAMBLFERT,190950883328.0,MID CAP,476.6000061035156,9.77641,1.832323,0.20451,10.274,0.05923,0.09394,0.137,0.302,Chemicals,Basic Materials,Agricultural Inputs,2026-05-27,Agrochemicals,0,1,0,61.5,75.38,91.64,30.3,68.44,69.27,MODERATE GROWTH,43
PARADEEP,132885839872.0,MID CAP,128.0,13.347237,2.0601633,0.18359,101.822,0.06734,0.04567,0.346,-0.235,Chemicals,Basic Materials,Agricultural Inputs,2026-05-27,Agrochemicals,0,0,0,83.44,14.14,89.01,33.23,48.79,55.28,MODERATE GROWTH,43
DLINKINDIA,16499103744.0,SMALL CAP,464.70001220703125,15.854658,3.2656133,0.21211,2.928,0.07485,0.06646,0.2,0.005,Misc,Technology,Communication Equipment,2026-05-27,Communication Equipment,0,0,0,70.85,24.03,92.23,36.2,47.44,55.27,MODERATE GROWTH,43
PREMIERPOL,5785974272.0,MICRO CAP,55.2400016784668,18.171053,3.9258049,0.24054001,16.692,0.12671,0.094069995,0.113,0.554,Chemicals,Basic Materials,Specialty Chemicals,2026-05-27,Specialty Chemicals,0,1,0,41.53,81.96,94.06,65.79,61.745,68.61,MODERATE GROWTH,43
FDC,68738416640.0,SMALL CAP,422.20001220703125,31.744362,2.8151548,0.11808,0.852,0.080690004,0.10428,0.001,-0.237,Misc,Healthcare,Drug Manufacturers - Specialty & Generic,2026-05-27,Drug Manufacturers - Specialty & Generic,0,0,0,23.17,14.04,50.02,38.38,18.605,26.87,WEAK GROWTH,43
QUESS,31925571584.0,SMALL CAP,213.7899932861328,14.386945,2.7336426,0.19714001,10.656,0.01946,0.014479999,0.116,0.159,Misc,Industrials,Staffing & Employment Services,2026-05-27,Staffing & Employment Services,0,1,0,49.96,50.02,90.55,17.04,49.99,54.81,SLOW GROWTH,43
BOSCHLTD,1058821701632.0,LARGE CAP,35900.0,38.23705,7.1328607,0.19353001,0.8,0.11963,0.13842,0.18,0.03,Automobiles,Consumer Cyclical,Auto Parts,2026-05-27,Auto Components,1,0,0,67.92,25.24,90.24,63.82,46.58,57.04,MODERATE GROWTH,43
CNL,9672991744.0,MICRO CAP,644.1500244140625,15.695663,2.9341698,0.20183,83.725,0.03956,0.02599,0.832,1.571,Misc,Technology,Electronics & Computer Distribution,2026-05-27,Electronics & Computer Distribution,0,1,0,94.26,91.84,91.29,23.23,93.05000000000001,85.72,ELITE GROWTH,43
COFORGE,608449921024.0,LARGE CAP,1415.0,32.29119,4.983043,0.18596001,7.518,0.16555999,0.094840005,0.305,1.34,Technology,Technology,Information Technology Services,2026-05-27,IT Services,0,1,1,81.3,90.36,89.38,75.01,85.83,85.46,ELITE GROWTH,43
AUTOIND,3744377856.0,MICRO CAP,82.5199966430664,9.606519,1.900069,0.21987,164.641,0.07732,0.046719998,0.484,3.653,Automobiles,Consumer Cyclical,Auto Parts,2026-05-27,Auto Components,0,1,0,88.6,96.06,93.13,37.06,92.33,86.96,ELITE GROWTH,43
HATHWAY,19347243008.0,SMALL CAP,10.930000305175781,23.76087,0.46223465,0.01858,0.212,0.00414,0.03829,0.064,-0.696,Misc,Communication Services,Entertainment,2026-05-27,Entertainment,0,0,0,32.86,4.31,6.83,13.78,18.585,15.75,WEAK GROWTH,43
ONWARDTEC,6003171328.0,MICRO CAP,267.3900146484375,13.698258,2.3650067,0.18552999,15.717,0.07981,0.081499994,0.077,-0.072,Technology,Technology,Information Technology Services,2026-05-27,IT Services,0,0,0,35.34,20.3,89.26,38.15,27.82,41.14,SLOW GROWTH,43
VIKRAMSOLR,73447956480.0,SMALL CAP,202.7100067138672,14.8941965,2.3055139,0.21336001,20.366,0.12211,0.097959995,0.217,0.063,Misc,Technology,Solar,2026-05-27,Solar,0,0,0,72.92,27.0,92.42,64.58,49.96,59.91,MODERATE GROWTH,43
ASKAUTOLTD,89798451200.0,SMALL CAP,455.5,30.20557,6.846947,0.25258,51.789,0.08927,0.07119,0.35,0.243,Automobiles,Consumer Cyclical,Auto Parts,2026-05-27,Auto Components,0,1,0,83.68,71.96,94.65,41.55,77.82,77.56,HIGH GROWTH,43
IOC,2022443843584.0,MEGA CAP,143.22000122070312,4.684985,0.8983704,0.20969999,58.446,0.09243,0.05367,0.067,0.781,Misc,Energy,Oil & Gas Refining & Marketing,2026-05-27,Oil & Gas Refining & Marketing,0,0,0,33.54,86.02,92.03,42.56,59.78,64.51,MODERATE GROWTH,43
INDBANK,1499539456.0,MICRO CAP,33.790000915527344,21.251572,1.5382866,0.073709995,29.432,0.30131,0.28584,0.144,0.038,Misc,Financial Services,Capital Markets,2026-05-27,Capital Markets,0,0,0,62.67,25.69,14.76,88.91,44.18,42.77,SLOW GROWTH,43
UTIAMC,122514784256.0,MID CAP,953.25,30.319656,2.785009,0.09776,3.129,0.38298,0.23798999,0.067,0.159,Financials,Financial Services,Asset Management,2026-05-27,Asset Management Companies,0,0,0,33.54,50.02,19.45,92.35,41.78,42.37,SLOW GROWTH,43
DEN,13397122048.0,SMALL CAP,28.100000381469727,8.074713,0.35196275,0.04425,0.524,-0.02174,0.17015,-0.03,-0.377,Misc,Communication Services,Entertainment,2026-05-27,Entertainment,0,0,0,19.45,10.43,10.0,10.39,14.94,13.5,WEAK GROWTH,43
TFCILTD,34065866752.0,SMALL CAP,73.58000183105469,27.558052,2.5966969,0.09754,81.939,0.82244,0.672,0.204,0.059,Financials,Financial Services,Credit Services,2026-05-27,NBFC – Lending,0,0,0,71.67,26.77,19.33,98.44,49.22,48.16,SLOW GROWTH,43
YESBANK,715912052736.0,LARGE CAP,22.809999465942383,20.366072,1.448162,0.07095,29.432,0.54693,0.22045,0.198,0.118,Financials,Financial Services,Banks - Regional,2026-05-27,Private Sector Banks,0,1,0,70.6,30.32,14.08,95.74,50.459999999999994,47.71,SLOW GROWTH,43
SEJALLTD,9076894720.0,MICRO CAP,774.2000122070312,28.26579,14.118463,0.30464,133.115,0.11963,0.07249,0.695,1.56,Misc,Industrials,Building Products & Equipment,2026-05-27,Building Products & Equipment,0,1,0,93.01,91.72,96.84,63.82,92.36500000000001,90.41,ELITE GROWTH,43
BAJAJFINSV,2883229319168.0,MEGA CAP,1803.699951171875,29.549475,3.6961973,0.14602,256.36,0.37205002,0.06568,0.053,0.057,Financials,Financial Services,Financial Conglomerates,2026-05-27,NBFC – Investment,0,0,0,30.83,26.65,82.39,92.15,28.74,45.81,SLOW GROWTH,43
RUBFILA,4341402112.0,MICRO CAP,80.0,15.209125,1.4369106,0.098179996,0.342,0.03964,0.04836,0.064,-0.313,Chemicals,Basic Materials,Specialty Chemicals,2026-05-27,Specialty Chemicals,0,0,0,32.86,12.18,19.6,23.27,22.52,22.01,WEAK GROWTH,43
KOTYARK,4337786880.0,MICRO CAP,422.0,23.097975,2.3996634,0.118999995,35.581,0.2502,0.05962,0.394,0.159,Chemicals,Basic Materials,Specialty Chemicals,2026-05-27,Specialty Chemicals,0,1,0,85.65,50.02,75.99,85.2,67.83500000000001,71.2,HIGH GROWTH,43
GEEKAYWIRE,2562830336.0,MICRO CAP,24.520000457763672,8.368601,1.4840819,0.19027,83.99,0.10153,0.0683,-0.146,-0.078,Misc,Industrials,Electrical Equipment & Parts,2026-05-27,Electrical Equipment & Parts,0,0,0,10.78,20.03,89.93,58.1,15.405000000000001,34.58,WEAK GROWTH,43
EXCELINDUS,12162144256.0,SMALL CAP,967.5,16.052763,0.71407795,0.04597,0.463,0.052529998,0.06745,0.145,-0.01,Chemicals,Basic Materials,Specialty Chemicals,2026-05-27,Specialty Chemicals,0,0,0,62.92,22.96,10.43,28.04,42.94,34.95,WEAK GROWTH,43
SUMIT,2022155008.0,MICRO CAP,44.66999816894531,20.87383,1.3442267,0.11808,32.611,0.32586,0.09591,-0.616,-0.638,Misc,Real Estate,Real Estate - Development,2026-05-27,Real Estate - Development,0,0,0,2.34,5.04,50.02,90.2,3.69,21.61,WEAK GROWTH,43
HMAAGRO,11853219840.0,SMALL CAP,23.670000076293945,6.9823008,1.3729699,0.18639,88.318,0.0139999995,0.0234,0.071,0.159,Misc,Consumer Defensive,Packaged Foods,2026-05-27,Packaged Foods,0,0,0,34.5,50.02,89.46,15.66,42.260000000000005,49.04,SLOW GROWTH,43
RBZJEWEL,4918799872.0,MICRO CAP,122.97000122070312,8.975913,1.81704,0.20114,56.626,0.104270004,0.08609,0.38,0.364,Misc,Consumer Cyclical,Luxury Goods,2026-05-27,Luxury Goods,0,1,0,85.03,77.35,91.21,58.71,81.19,80.95,HIGH GROWTH,43
VIJIFIN,568574976.0,MICRO CAP,3.990000009536743,28.5,2.7087576,0.08825,31.027,0.86291003,0.41875,1.619,2.12,Financials,Financial Services,Credit Services,2026-05-27,NBFC – Lending,0,1,0,97.4,93.56,17.34,98.71,95.48,80.18,HIGH GROWTH,43
ZAGGLE,29148809216.0,SMALL CAP,216.36000061035156,21.087719,2.2115011,0.104490004,3.884,0.32029998,0.07238,0.499,0.219,Technology,Technology,Software - Infrastructure,2026-05-27,Software Products,0,1,0,88.97,70.58,21.16,89.81,79.775,69.06,MODERATE GROWTH,43
HARRMALAYA,3802366976.0,MICRO CAP,206.02999877929688,15.082724,2.3030405,0.17509001,62.145,0.17869,0.05175,0.251,0.761,Misc,Consumer Defensive,Farm Products,2026-05-27,Farm Products,0,1,0,76.63,85.75,87.9,77.2,81.19,82.13,HIGH GROWTH,42
SCHAEFFLER,647612923904.0,LARGE CAP,4143.2998046875,53.372406,10.707944,0.11808,0.904,0.16369,0.12021,0.209,0.255,Automobiles,Consumer Cyclical,Auto Parts,2026-05-27,Auto Components,0,1,0,72.3,72.47,50.02,74.66,72.38499999999999,68.14,MODERATE GROWTH,42
METROGLOBL,1592614400.0,MICRO CAP,129.1199951171875,7.20938,0.39010358,0.05468,0.815,0.17434,0.07078,-0.168,0.159,Misc,Industrials,Conglomerates,2026-05-27,Conglomerates,0,0,0,9.94,50.02,11.6,76.69,29.98,30.98,WEAK GROWTH,42
TEMBO,9601230848.0,MICRO CAP,620.75,15.368903,3.8243775,0.11808,98.882,0.16212,0.077659994,0.524,0.272,Misc,Industrials,Metal Fabrication,2026-05-27,Metal Fabrication,0,1,0,89.91,73.57,50.02,74.27,81.74,74.65,HIGH GROWTH,42
HGINFRA,39105925120.0,SMALL CAP,600.0499877929688,9.974236,1.2757467,0.11808,182.684,0.18627001,0.075890005,0.124,-0.182,Industrials,Industrials,Engineering & Construction,2026-05-27,Engineering & EPC,0,0,0,59.18,16.19,50.02,78.33,37.685,44.22,SLOW GROWTH,42
TSFINV,88938815488.0,SMALL CAP,403.0,17.141642,1.5160294,0.090629995,3.85,0.17818001,0.52978003,4.694480000000025,0.506,Financials,Financial Services,Asset Management,2026-05-27,Asset Management Companies,0,1,0,99.51,81.43,17.73,77.12,90.47,74.59,HIGH GROWTH,42
MODISONLTD,8847492096.0,MICRO CAP,272.6499938964844,19.214235,3.909353,0.11808,63.523,0.24430999,0.06913,1.223,2.772,Misc,Industrials,Electrical Equipment & Parts,2026-05-27,Electrical Equipment & Parts,0,1,0,96.21,94.81,50.02,84.77,95.50999999999999,85.34,ELITE GROWTH,42
ESABINDIA,107651088384.0,MID CAP,6993.5,51.234432,25.83325,0.11808,0.876,0.18845,0.14227,0.122,0.065,Misc,Industrials,Tools & Accessories,2026-05-27,Tools & Accessories,0,0,0,58.77,27.22,50.02,78.76,42.995000000000005,47.98,SLOW GROWTH,42
WELENT,70519177216.0,SMALL CAP,520.0,19.824629,2.6524794,0.13603,60.918,0.18878001,0.09677,0.174,0.531,Industrials,Industrials,Engineering & Construction,2026-05-27,Engineering & EPC,0,1,0,66.85,81.73,80.09,78.8,74.28999999999999,75.9,HIGH GROWTH,42
RELIABLE,1405377536.0,MICRO CAP,136.17999267578125,11.966607,2.324922,0.11808,66.061,0.21822001,0.05625,-0.298,-0.236,Technology,Technology,Information Technology Services,2026-05-27,IT Services,0,0,0,6.09,14.1,50.02,82.58,10.094999999999999,25.33,WEAK GROWTH,42
SCI,141765935104.0,MID CAP,304.3500061035156,10.476765,1.6621975,0.11808,29.454,0.21465999,0.01102,0.142,1.189,Misc,Industrials,Marine Shipping,2026-05-27,Marine Shipping,0,1,0,62.34,89.46,50.02,82.19,75.9,71.35,HIGH GROWTH,42
BSOFT,91336114176.0,SMALL CAP,326.79998779296875,17.674417,2.229423,0.13656999,3.422,0.17045,0.09762,0.024,0.437,Technology,Technology,Information Technology Services,2026-05-27,IT Services,0,0,0,26.57,79.68,80.16,75.91,53.125,60.81,MODERATE GROWTH,42
UTTAMSUGAR,9198914560.0,MICRO CAP,241.1999969482422,9.171103,1.0493481,0.11748,81.154,0.18324,0.04555,-0.171,-0.168,Misc,Consumer Defensive,Confectioners,2026-05-27,Confectioners,0,0,0,9.84,16.95,24.29,77.74,13.395,22.01,WEAK GROWTH,42
MACPOWER,11547802624.0,SMALL CAP,1154.300048828125,35.62654,7.437836,0.11808,0.841,0.15888,0.10346,0.433,1.19,Misc,Industrials,Specialty Industrial Machinery,2026-05-27,Specialty Industrial Machinery,0,1,0,87.19,89.5,50.02,73.68,88.345,79.21,HIGH GROWTH,42
PASUPTAC,5681345024.0,MICRO CAP,63.7400016784668,10.347404,1.3040899,0.1749,24.599,0.15336001,0.06863,0.467,1.341,Misc,Consumer Cyclical,Textile Manufacturing,2026-05-27,Textile Manufacturing,0,1,0,88.21,90.39,87.86,72.71,89.3,87.35,ELITE GROWTH,42
CONTROLPR,9740475392.0,MICRO CAP,609.0,9.830508,2.1685562,0.10099,1.51,0.15333,0.09047,0.144,-0.832,Misc,Industrials,Business Equipment & Supplies,2026-05-27,Business Equipment & Supplies,0,0,0,62.67,2.19,20.38,72.67,32.43,34.04,WEAK GROWTH,42
HEXT,308324368384.0,MID CAP,505.8999938964844,22.384954,4.545291,0.22272,10.521,0.13288,0.10073,0.126,0.079,Technology,Technology,Information Technology Services,2026-05-27,IT Services,0,0,0,59.63,28.13,93.4,67.24,43.88,56.12,MODERATE GROWTH,41
MODIS,6661007872.0,MICRO CAP,340.0,26.792751,4.2498407,0.22252001,4.026,0.14498,0.15143,1.582,1.922,Misc,Real Estate,Real Estate - Development,2026-05-27,Real Estate - Development,0,1,0,97.23,93.17,93.36,70.83,95.2,92.39,ELITE GROWTH,41
JYOTHYLAB,75958321152.0,SMALL CAP,206.85000610351562,22.241936,5.282176,0.18316999,3.247,0.11282,0.11316,0.042,-0.116,Consumer,Consumer Defensive,Household & Personal Products,2026-05-27,FMCG – Personal Care,0,0,0,29.03,18.74,88.87,62.09,23.884999999999998,40.7,SLOW GROWTH,41
LTM,1184332906496.0,LARGE CAP,3994.89990234375,23.618895,4.928957,0.21285,9.582,0.07614,0.11861,0.061,0.234,Technology,Technology,Information Technology Services,2026-05-27,IT Services,0,0,0,32.31,71.36,92.31,36.63,51.835,58.41,MODERATE GROWTH,41
ROLEXRINGS,38728495104.0,SMALL CAP,142.2100067138672,27.45367,3.3227413,0.123459995,29.432,0.15326001,0.1182,0.077,0.159,Misc,Industrials,Metal Fabrication,2026-05-27,Metal Fabrication,0,0,0,35.34,50.02,77.04,72.63,42.68000000000001,52.55,SLOW GROWTH,40
VINATIORGA,137829826560.0,MID CAP,1328.5999755859375,31.020311,4.6945996,0.14903,29.432,0.23154,0.19466,-0.069,0.007,Chemicals,Basic Materials,Specialty Chemicals,2026-05-27,Specialty Chemicals,0,0,0,16.03,24.15,83.05,83.76,20.09,39.05,WEAK GROWTH,40
VINCOFE,22300526592.0,SMALL CAP,153.07000732421875,30.860888,4.22006,0.11808,16.989,0.17321,0.13557,0.708,0.297,Misc,Consumer Defensive,Beverages - Non-Alcoholic,2026-05-27,Beverages - Non-Alcoholic,0,1,0,93.09,75.07,50.02,76.45,84.08,76.5,HIGH GROWTH,40
INOXWIND,162920972288.0,MID CAP,94.2699966430664,34.40511,1.851699,0.11808,15.713,0.18948,0.113350004,0.325,-0.18,Misc,Industrials,Specialty Industrial Machinery,2026-05-27,Specialty Industrial Machinery,0,0,0,82.25,16.4,50.02,78.91,49.325,52.42,SLOW GROWTH,40
UNIONBANK,1289850322944.0,LARGE CAP,168.97000122070312,6.6392927,0.98433524,0.15708,29.432,-5.2175484,0.35658002,0.116,0.159,Financials,Financial Services,Banks - Regional,2026-05-27,Private Sector Banks,0,1,0,49.96,50.02,84.77,0.53,49.99,52.0,SLOW GROWTH,40
PRIVISCL,127828787200.0,MID CAP,3272.39990234375,39.008224,10.309727,0.24757999,70.891,0.19924,0.12776,0.176,0.409,Chemicals,Basic Materials,Specialty Chemicals,2026-05-27,Specialty Chemicals,0,1,1,67.14,78.6,94.46,80.16,72.87,77.92,HIGH GROWTH,40
BALAJITELE,11463691264.0,SMALL CAP,94.04000091552734,15.416394,1.7514713,0.11808,3.918,-0.80373,0.25639,-0.554,0.159,Misc,Communication Services,Entertainment,2026-05-27,Entertainment,0,0,0,2.85,50.02,50.02,2.58,26.435000000000002,28.77,WEAK GROWTH,40
IVC,2380368128.0,MICRO CAP,7.579999923706055,12.4262295,1.1604409,0.11808,29.432,-0.14768,0.34537,-0.376,0.159,Financials,Financial Services,Financial Conglomerates,2026-05-27,NBFC – Investment,0,0,0,4.8,50.02,50.02,6.72,27.41,29.86,WEAK GROWTH,40
ANGELONE,312906776576.0,MID CAP,343.1000061035156,35.081802,5.1083155,0.15526,129.314,0.31959,0.19292,0.335,0.827,Misc,Financial Services,Capital Markets,2026-05-27,Capital Markets,0,1,0,82.82,86.51,84.3,89.77,84.66499999999999,85.1,ELITE GROWTH,40
MANALIPETC,10397353984.0,SMALL CAP,60.45000076293945,9.31433,0.90669113,0.11808,13.6,0.021329999,0.11637,0.26,11.839,Chemicals,Basic Materials,Specialty Chemicals,2026-05-27,Specialty Chemicals,0,1,0,77.39,98.67,50.02,17.84,88.03,73.41,HIGH GROWTH,40
PDMJEPAPER,7913132544.0,MICRO CAP,83.33999633789062,8.530193,1.1802025,0.14946,6.351,0.14495,0.112849995,0.055,0.045,Misc,Basic Materials,Paper & Paper Products,2026-05-27,Paper & Paper Products,0,0,0,31.14,26.14,83.25,70.79,28.64,43.78,SLOW GROWTH,40
TOLINS,4557739008.0,MICRO CAP,115.36000061035156,14.401998,1.3837445,0.11808,4.609,0.14035,0.11306,0.338,-0.256,Automobiles,Consumer Cyclical,Auto Parts,2026-05-27,Auto Components,0,0,0,83.19,13.63,50.02,69.62,48.41,50.85,SLOW GROWTH,40
EXPLEOSOL,13812568064.0,SMALL CAP,890.0,11.137529,1.7792847,0.17559,1.011,0.12861,0.111899994,0.119,0.732,Technology,Technology,Information Technology Services,2026-05-27,IT Services,0,1,0,58.28,85.4,87.93,66.15,71.84,74.49,HIGH GROWTH,40
PRAXIS,1315550464.0,MICRO CAP,7.079999923706055,3.5049505,2.118492,0.11808,309.88,-0.28688,0.34951,-0.228,0.159,Misc,Consumer Cyclical,Specialty Retail,2026-05-27,Specialty Retail,0,0,0,8.18,50.02,50.02,4.96,29.1,30.87,WEAK GROWTH,40
ACMESOLAR,185521438720.0,MID CAP,306.45001220703125,37.509182,3.667381,0.10406,393.194,0.64989,0.199,0.125,0.063,Energy,Utilities,Utilities - Renewable,2026-05-27,Power Generation – Renewable,0,0,0,59.41,27.0,21.12,97.03,43.205,44.17,SLOW GROWTH,40
SJS,65206239232.0,SMALL CAP,2037.9000244140625,39.99019,7.5103374,0.21881,2.639,0.23366,0.17873,0.297,0.429,Automobiles,Consumer Cyclical,Auto Parts,2026-05-27,Auto Components,0,1,1,80.48,79.29,92.97,84.07,79.885,82.92,HIGH GROWTH,40
OMNI,53695787008.0,SMALL CAP,434.20001220703125,58.12584,7.0640683,0.17963,63.958,0.30096,0.14812,0.479,0.359,Misc,Industrials,Specialty Industrial Machinery,2026-05-27,Specialty Industrial Machinery,0,1,0,88.54,77.24,88.36,88.83,82.89,84.58,HIGH GROWTH,40
DCXINDIA,23667386368.0,SMALL CAP,212.47999572753906,178.55461,1.6321639,0.11808,0.242,-0.02604,0.01224,-0.395,0.159,Misc,Industrials,Aerospace & Defense,2026-05-27,Aerospace & Defense,0,0,0,4.57,50.02,50.02,10.04,27.295,30.11,WEAK GROWTH,40
GRANULES,195499393024.0,MID CAP,788.9500122070312,32.29431,3.7999713,0.13522,29.735,0.18384,0.11089,0.228,0.313,Misc,Healthcare,Drug Manufacturers - Specialty & Generic,2026-05-27,Drug Manufacturers - Specialty & Generic,0,1,0,74.37,75.89,79.81,77.82,75.13,76.33,HIGH GROWTH,40
GRINFRA,89469624320.0,SMALL CAP,924.6500244140625,9.912629,0.95384336,0.100880004,51.877,0.12872,0.1075,0.097,-0.487,Industrials,Industrials,Engineering & Construction,2026-05-27,Engineering & EPC,0,0,0,39.09,8.14,20.34,66.26,23.615000000000002,27.22,WEAK GROWTH,40
LGBBROSLTD,49184976896.0,SMALL CAP,1542.0,15.430801,2.2828279,0.15689,10.719,0.10306,0.103640005,0.218,-0.17,Automobiles,Consumer Cyclical,Auto Parts,2026-05-27,Auto Components,0,0,0,73.08,16.87,84.73,58.34,44.975,54.26,SLOW GROWTH,40
VENUSREM,16314839040.0,SMALL CAP,1219.0999755859375,21.342787,2.741861,0.11808,2.42,0.17175,0.10854,0.019,0.361,Misc,Healthcare,Drug Manufacturers - Specialty & Generic,2026-05-27,Drug Manufacturers - Specialty & Generic,0,0,0,25.65,77.27,50.02,76.1,51.459999999999994,53.64,SLOW GROWTH,40
MAZDOCK,989531537408.0,LARGE CAP,2453.10009765625,38.35366,10.143946,0.2877,4.481,0.13505,0.19863,0.213,1.09,Misc,Industrials,Aerospace & Defense,2026-05-27,Aerospace & Defense,0,1,0,72.51,88.95,96.21,67.86,80.73,82.54,HIGH GROWTH,40
KRBL,82434695168.0,SMALL CAP,360.1499938964844,12.721653,1.5034753,0.11731,2.924,0.13517,0.10627,0.058,0.007,Misc,Consumer Defensive,Packaged Foods,2026-05-27,Packaged Foods,0,0,0,31.71,24.15,24.19,67.98,27.93,31.19,WEAK GROWTH,40
SICALLOG,5066339328.0,MICRO CAP,63.5,9.784284,-86.8673,0.11808,29.432,0.08071999,0.16251,0.87,0.159,Misc,Industrials,Integrated Freight & Logistics,2026-05-27,Integrated Freight & Logistics,0,1,0,94.49,50.02,50.02,38.46,72.255,64.43,MODERATE GROWTH,40
ZUARI,9517727744.0,MICRO CAP,226.3000030517578,3.1412459800000003,0.3763237,0.11808,30.705,-0.10248999,0.24334,-0.80216,0.159,Chemicals,Basic Materials,Agricultural Inputs,2026-05-27,Agrochemicals,0,0,0,0.53,50.02,50.02,7.5,25.275000000000002,28.45,WEAK GROWTH,40
ORIENTCEM,29444454400.0,SMALL CAP,143.30999755859375,8.717153,1.427163,0.17082001,3.377,0.09719,0.120900005,-0.216,0.317,Misc,Basic Materials,Building Materials,2026-05-27,Building Materials,0,0,0,8.41,76.08,87.15,56.68,42.245,52.67,SLOW GROWTH,40
GPIL,184534106112.0,MID CAP,283.79998779296875,22.541698,3.3283684,0.14866,7.582,0.24258,0.14882,0.097,0.231,Misc,Basic Materials,Steel,2026-05-27,Steel,0,0,0,39.09,71.16,82.98,84.62,55.125,63.65,MODERATE GROWTH,40
TATAELXSI,269683982336.0,MID CAP,4329.0,42.8529,8.86754,0.21298,5.336,0.22268999,0.16725,0.058,0.278,Technology,Technology,Software - Application,2026-05-27,SaaS,0,0,1,31.71,73.88,92.39,83.09,52.795,63.74,MODERATE GROWTH,40
MARICO,1081347407872.0,LARGE CAP,834.5,61.315212,25.49493,0.41393003,12.394,0.13831,0.12945,0.221,0.145,Consumer,Consumer Defensive,Household & Personal Products,2026-05-27,FMCG – Personal Care,0,1,0,73.37,31.98,98.75,69.07,52.675000000000004,63.53,MODERATE GROWTH,40
KIRIINDUS,25839112192.0,SMALL CAP,396.5,3.1412459800000003,0.67937696,0.11808,37.3,-0.34857,0.9871920000000006,-0.028,16.33808000000006,Chemicals,Basic Materials,Specialty Chemicals,2026-05-27,Specialty Chemicals,0,0,0,19.62,99.51,50.02,4.37,59.565000000000005,52.14,SLOW GROWTH,40
METROBRAND,291734061056.0,MID CAP,1070.4000244140625,71.21757,16.015081,0.22094,77.476,0.19931,0.14358,0.203,0.232,Misc,Consumer Cyclical,Apparel Retail,2026-05-27,Apparel Retail,0,1,1,71.36,71.26,93.24,80.2,71.31,76.58,HIGH GROWTH,40
MGL,108596289536.0,MID CAP,1099.4000244140625,12.909817,1.749005,0.13627,3.461,0.07491,0.102010004,0.045,-0.474,Misc,Utilities,Utilities - Regulated Gas,2026-05-27,Utilities - Regulated Gas,0,0,0,29.56,8.43,80.12,36.31,18.994999999999997,32.95,WEAK GROWTH,40
STARCEMENT,87751606272.0,SMALL CAP,217.11000061035156,22.313465,2.9170082,0.12871,18.924,0.18438,0.10418,0.119,0.202,Misc,Basic Materials,Building Materials,2026-05-27,Building Materials,0,1,0,58.28,69.48,78.29,77.98,63.88,68.17,MODERATE GROWTH,40
CYBERTECH,4609818112.0,MICRO CAP,148.0800018310547,15.203286,2.171611,0.13231,3.889,0.07742,0.12831001,0.014,-0.263,Technology,Technology,Information Technology Services,2026-05-27,IT Services,0,0,0,24.85,13.35,79.07,37.13,19.1,32.9,WEAK GROWTH,40
SURANAT&P,2485764864.0,MICRO CAP,18.309999465942383,9.687831,2.0471823,0.11896,34.438,-0.24995,0.40803,4.007,-0.178,Misc,Utilities,Utilities - Independent Power Producers,2026-05-27,Utilities - Independent Power Producers,0,0,0,98.67,16.52,75.95,5.27,57.595,56.03,MODERATE GROWTH,40
DEVIT,1647511296.0,MICRO CAP,29.229999542236328,3.1412459800000003,1.2782612,0.11808,18.23,-0.16874,0.36283,-0.075,0.159,Technology,Technology,Information Technology Services,2026-05-27,IT Services,0,0,0,15.54,50.02,50.02,6.17,32.78,33.57,WEAK GROWTH,40
RAMKY,32384567296.0,SMALL CAP,468.0,14.19903,1.5753385,0.11808,27.608,0.12508,0.122200005,0.065,0.393,Industrials,Industrials,Engineering & Construction,2026-05-27,Engineering & EPC,0,0,0,33.11,78.25,50.02,65.33,55.68,55.51,MODERATE GROWTH,40
LALPATHLAB,268166316032.0,MID CAP,1606.0,50.822784,11.2233925,0.21475,7.831,0.20236,0.18270999,0.166,-0.154,Healthcare,Healthcare,Diagnostics & Research,2026-05-27,Diagnostics,0,0,0,65.99,17.45,92.58,80.55,41.72,55.78,MODERATE GROWTH,40
KKCL,27229087744.0,SMALL CAP,441.8500061035156,19.185844,3.2333722,0.14431,29.432,0.09177,0.117,0.116,0.159,Misc,Consumer Cyclical,Apparel Manufacturing,2026-05-27,Apparel Manufacturing,0,1,0,49.96,50.02,81.96,42.35,49.99,55.62,MODERATE GROWTH,40
VIDHIING,14863632384.0,SMALL CAP,297.6000061035156,30.367348,4.8144436,0.15569,17.578,0.15077,0.12883,0.12,0.114,Chemicals,Basic Materials,Specialty Chemicals,2026-05-27,Specialty Chemicals,0,1,0,58.47,30.09,84.46,72.16,44.28,55.1,MODERATE GROWTH,40
PAR,1107417216.0,MICRO CAP,90.0,8.450705,1.039285,0.124280006,29.432,0.043709997,0.121759996,-0.106,-0.485,Misc,Healthcare,Drug Manufacturers - Specialty & Generic,2026-05-27,Drug Manufacturers - Specialty & Generic,0,0,0,13.8,8.22,77.35,24.72,11.010000000000002,25.65,WEAK GROWTH,40
STUDDS,18307203072.0,SMALL CAP,465.20001220703125,22.46258,3.8114903,0.16999,1.559,0.15484,0.128,0.119,0.061,Automobiles,Consumer Cyclical,Auto Parts,2026-05-27,Auto Components,0,0,0,58.28,26.9,87.0,73.1,42.59,54.52,SLOW GROWTH,40
MOIL,62001946624.0,SMALL CAP,304.70001220703125,21.352488,2.2892048,0.10005,29.432,0.20464,0.18160999,0.026,-0.199,Misc,Basic Materials,Other Industrial Metals & Mining,2026-05-27,Other Industrial Metals & Mining,0,0,0,26.81,15.48,20.15,81.02,21.145,26.93,WEAK GROWTH,40
NIITMTS,29615026176.0,SMALL CAP,215.35000610351562,12.362227,1.918554,0.17998,20.621,0.12765999,0.12691,0.222,0.588,Misc,Consumer Defensive,Education & Training Services,2026-05-27,Education & Training Services,0,1,0,73.53,82.7,88.44,65.99,78.11500000000001,78.97,HIGH GROWTH,40
KOHINOOR,925676032.0,MICRO CAP,24.969999313354492,3.1412459800000003,-0.5517622,0.11808,29.432,-0.04938,0.9871920000000006,1.837,0.159,Misc,Consumer Defensive,Packaged Foods,2026-05-27,Packaged Foods,0,1,0,97.72,50.02,50.02,8.94,73.87,62.61,MODERATE GROWTH,40
ALPA,1502298880.0,MICRO CAP,71.4000015258789,12.934783,0.876364,0.11808,29.432,0.029719999,0.10154,0.111,-0.787,Misc,Healthcare,Drug Manufacturers - Specialty & Generic,2026-05-27,Drug Manufacturers - Specialty & Generic,0,0,0,41.06,2.69,50.02,20.42,21.875,27.36,WEAK GROWTH,40
IPL,19477604352.0,SMALL CAP,169.1300048828125,17.784437,2.0397751,0.11808,4.981,0.14277,0.109519996,0.309,0.407,Chemicals,Basic Materials,Agricultural Inputs,2026-05-27,Agrochemicals,0,1,0,81.61,78.5,50.02,70.44,80.055,73.09,HIGH GROWTH,40
PRECAM,14650614784.0,SMALL CAP,154.24000549316406,17.934883,1.7915719,0.11808,13.008,0.13286,0.10709,-0.089,-0.29,Automobiles,Consumer Cyclical,Auto Parts,2026-05-27,Auto Components,0,0,0,14.7,12.65,50.02,67.2,13.675,26.3,WEAK GROWTH,40
STARPAPER,2146703232.0,MICRO CAP,136.66000366210938,5.4642143,0.30409908,0.11808,0.64,-0.010779999,0.09493,-0.058,0.065,Misc,Basic Materials,Paper & Paper Products,2026-05-27,Paper & Paper Products,0,0,0,16.87,27.22,50.02,11.48,22.045,26.58,WEAK GROWTH,40
SAGILITY,194836889600.0,MID CAP,41.619998931884766,21.0202,2.2145364,0.11808,13.851,0.19663,0.12611,0.357,0.239,Misc,Healthcare,Health Information Services,2026-05-27,Health Information Services,0,1,0,83.83,71.67,50.02,79.89,77.75,72.42,HIGH GROWTH,40
EUROTEXIND,182340992.0,MICRO CAP,15.510000228881836,7.565854,-0.49434263,0.11808,29.432,-5.2175484,0.9871920000000006,4.563,0.159,Misc,Real Estate,Real Estate - Development,2026-05-27,Real Estate - Development,0,1,0,98.91,50.02,50.02,0.53,74.465,62.18,MODERATE GROWTH,40
RAMCOIND,25431552000.0,SMALL CAP,292.8500061035156,9.971059,0.5824731,0.11808,4.035,0.09652001,0.14926,0.131,0.26,Misc,Industrials,Building Products & Equipment,2026-05-27,Building Products & Equipment,0,1,0,60.39,73.06,50.02,56.46,66.725,62.36,MODERATE GROWTH,40
KRIDHANINF,312678720.0,MICRO CAP,3.140000104904175,4.617647,-0.096209824,0.11808,29.432,-0.26977,0.9871920000000006,0.116,0.159,Misc,Basic Materials,Steel,2026-05-27,Steel,0,1,0,49.96,50.02,50.02,5.15,49.99,45.51,SLOW GROWTH,40
GARFIBRES,64115814400.0,SMALL CAP,645.9000244140625,32.278862,4.732076,0.15306,3.161,0.20437999,0.12996,-0.014,-0.194,Misc,Consumer Cyclical,Textile Manufacturing,2026-05-27,Textile Manufacturing,0,0,0,21.18,15.78,83.87,80.94,18.48,37.8,WEAK GROWTH,40
VGL,3478701312.0,MICRO CAP,67.51000213623047,7.0103846,3.3977554,0.11808,27.428,-0.22149,0.75439,1.043,0.159,Misc,Consumer Cyclical,Textile Manufacturing,2026-05-27,Textile Manufacturing,0,1,0,95.51,50.02,50.02,5.51,72.765,61.49,MODERATE GROWTH,40
POKARNA,25367474176.0,SMALL CAP,818.2000122070312,22.239738,3.1319618,0.11808,37.631,0.21020001,0.16514999,-0.396,-0.597,Misc,Industrials,Building Products & Equipment,2026-05-27,Building Products & Equipment,0,0,0,4.53,5.74,50.02,81.65,5.135,21.76,WEAK GROWTH,40
BRIGHOTEL,23375511552.0,SMALL CAP,61.540000915527344,36.630955,2.4614031,0.11928,31.381,0.25156,0.11135,0.017,0.5,Misc,Consumer Cyclical,Lodging,2026-05-27,Lodging,0,0,0,25.22,81.16,76.1,85.36,53.19,60.99,MODERATE GROWTH,40
PNCINFRA,54753153024.0,SMALL CAP,213.42999267578125,6.583282,0.8267674,0.1299,75.883,0.14959,0.15495,-0.051,0.429,Industrials,Industrials,Engineering & Construction,2026-05-27,Engineering & EPC,0,0,0,17.24,79.29,78.64,71.93,48.265,56.71,MODERATE GROWTH,40
BHARATWIRE,15852578816.0,SMALL CAP,231.00999450683594,30.157963,2.0398774,0.11808,9.237,0.16924,0.12344,-0.174,-0.424,Misc,Basic Materials,Steel,2026-05-27,Steel,0,0,0,9.76,9.51,50.02,75.48,9.635,24.3,WEAK GROWTH,40
ARMANFIN,19093753856.0,SMALL CAP,1815.9000244140625,67.78275,2.1845677,0.11808,137.292,0.3432,0.107489996,1.611,0.159,Financials,Financial Services,Credit Services,2026-05-27,NBFC – Lending,0,1,0,97.31,50.02,50.02,90.9,73.665,70.66,HIGH GROWTH,40
DBCORP,37164273664.0,SMALL CAP,208.5,11.197637,1.5297587,0.14269,10.796,0.1368,0.14095001,0.047,0.191,Misc,Communication Services,Publishing,2026-05-27,Publishing,0,0,0,29.7,68.88,81.65,68.37,49.29,57.67,MODERATE GROWTH,40
ASTRAMICRO,133046444032.0,MID CAP,1401.300048828125,69.30267,11.433304,0.11808,23.894,0.27346,0.14825,0.007,-0.016,Misc,Technology,Communication Equipment,2026-05-27,Communication Equipment,0,0,0,23.68,22.57,50.02,86.92,23.125,34.88,WEAK GROWTH,40
IZMO,10844127232.0,SMALL CAP,724.75,29.247375,2.84546,0.11808,3.329,0.16092,0.1577,0.008,0.924,Technology,Technology,Software - Application,2026-05-27,SaaS,0,0,0,23.86,87.54,50.02,73.92,55.7,56.39,MODERATE GROWTH,40
ANUP,39882649600.0,SMALL CAP,1991.0,34.656223,6.264907,0.11808,24.782,0.17902,0.138,0.206,-0.157,Misc,Industrials,Specialty Industrial Machinery,2026-05-27,Specialty Industrial Machinery,0,0,0,71.87,17.42,50.02,77.27,44.645,48.98,SLOW GROWTH,40
INDIANCARD,1348634240.0,MICRO CAP,227.0,5.487068,0.38870928,0.11808,1.437,-0.43803,0.59928,-0.015,0.159,Misc,Consumer Cyclical,Textile Manufacturing,2026-05-27,Textile Manufacturing,0,0,0,21.05,50.02,50.02,3.98,35.535000000000004,35.28,WEAK GROWTH,40
IMPAL,13792894976.0,SMALL CAP,1105.199951171875,14.282761,0.539239,0.11808,29.432,0.07482,0.10674,0.116,0.159,Automobiles,Consumer Cyclical,Auto Parts,2026-05-27,Auto Components,0,1,0,49.96,50.02,50.02,36.16,49.99,48.61,SLOW GROWTH,40
TECHNOE,128383107072.0,MID CAP,1103.9000244140625,28.62811,3.2983549,0.11364,1.744,0.24018998,0.13932,0.421,-0.149,Industrials,Industrials,Engineering & Construction,2026-05-27,Engineering & EPC,0,0,0,86.72,17.63,23.35,84.42,52.175,49.63,SLOW GROWTH,40
LEMONTREE,92923314176.0,SMALL CAP,117.3499984741211,42.21223,7.514728,0.11808,109.554,0.42259997,0.15636,0.143,0.0,Misc,Consumer Cyclical,Lodging,2026-05-27,Lodging,0,0,0,62.5,23.58,50.02,93.67,43.04,49.5,SLOW GROWTH,40
IDEA,1537387659264.0,LARGE CAP,14.1899995803833,4.4205604,-4.2960944,0.11808,29.432,-0.05821,0.77143997,0.032,0.159,Telecom,Communication Services,Telecom Services,2026-05-27,Telecom Services,0,0,0,27.7,50.02,50.02,8.71,38.86,38.08,WEAK GROWTH,40
SOUTHWEST,7950593024.0,MICRO CAP,266.5299987792969,24.633087,4.383645,0.17653999,39.376,0.2209,0.13590999,0.036,0.202,Misc,Energy,Oil & Gas Equipment & Services,2026-05-27,Oil & Gas Equipment & Services,0,0,0,28.27,69.48,88.01,82.98,48.875,60.11,MODERATE GROWTH,40
IMFA,79361089536.0,SMALL CAP,1470.9000244140625,21.561125,3.1609826,0.11808,17.281,0.21194,0.14006,0.093,0.406,Misc,Basic Materials,Other Industrial Metals & Mining,2026-05-27,Other Industrial Metals & Mining,0,0,0,38.13,78.45,50.02,81.92,58.290000000000006,59.0,MODERATE GROWTH,40
INDIGOPNTS,47639908352.0,SMALL CAP,999.25,33.076797,4.1268644,0.13514,1.831,0.18926,0.10231,0.098,0.013,Chemicals,Basic Materials,Specialty Chemicals,2026-05-27,Specialty Chemicals,0,0,0,39.3,24.33,79.73,78.88,31.814999999999998,46.1,SLOW GROWTH,40
AURIONPRO,44742279168.0,SMALL CAP,810.3499755859375,21.037123,2.5096858,0.13245,3.478,0.16351,0.14833,0.057,0.205,Technology,Technology,Software - Application,2026-05-27,SaaS,0,0,0,31.49,69.62,79.15,74.54,50.555,58.67,MODERATE GROWTH,40
BALMLAWRIE,31379204096.0,SMALL CAP,183.5,11.341162,1.5143888,0.13276,10.544,0.11497,0.1018,0.223,0.128,Misc,Industrials,Conglomerates,2026-05-27,Conglomerates,0,1,0,73.7,30.96,79.34,62.71,52.33,58.77,MODERATE GROWTH,40
FINEORG,143136096256.0,MID CAP,4668.5,34.370167,5.7786117,0.16818,2.56,0.17879,0.17628999,0.024,0.21,Chemicals,Basic Materials,Specialty Chemicals,2026-05-27,Specialty Chemicals,0,0,0,26.57,69.99,86.57,77.24,48.28,58.83,MODERATE GROWTH,40
STYLAMIND,47599779840.0,SMALL CAP,2806.800048828125,31.844793,6.537857,0.11808,29.432,0.18767,0.12703,0.065,0.548,Misc,Consumer Cyclical,"Furnishings, Fixtures & Appliances",2026-05-27,"Furnishings, Fixtures & Appliances",0,0,0,33.11,81.9,50.02,78.56,57.505,58.11,MODERATE GROWTH,40
LATENTVIEW,65636605952.0,SMALL CAP,317.20001220703125,33.14525,3.7385821,0.12173,1.863,0.24028999,0.1744,0.261,-0.011,Technology,Industrials,Consulting Services,2026-05-27,IT Consulting,0,0,0,77.61,22.82,76.73,84.46,50.215,58.94,MODERATE GROWTH,40
POWERINDIA,1653188984832.0,LARGE CAP,37090.0,166.19618,36.071663,0.21040002,1.663,0.17013,0.11777,0.493,0.718,Misc,Industrials,Electrical Equipment & Parts,2026-05-27,Electrical Equipment & Parts,0,1,1,88.79,85.16,92.11,75.83,86.975,86.89,ELITE GROWTH,40
SCHAND,6052002816.0,MICRO CAP,171.5800018310547,12.579179,0.5737444,0.07168,12.949,0.42561,0.09507,0.162,0.197,Misc,Communication Services,Publishing,2026-05-27,Publishing,0,1,0,65.37,69.27,14.33,93.75,67.32,59.36,MODERATE GROWTH,40
MASTEK,50999386112.0,SMALL CAP,1645.0999755859375,12.710346,1.6495819,0.14814,14.648,0.14102,0.109230004,0.036,0.308,Technology,Technology,Information Technology Services,2026-05-27,IT Services,0,0,0,28.27,75.63,82.78,69.74,51.949999999999996,59.9,MODERATE GROWTH,40
TDPOWERSYS,207018295296.0,MID CAP,1325.0999755859375,86.55127,19.319426,0.24716999,1.689,0.15428,0.12863,0.692,0.365,Misc,Industrials,Specialty Industrial Machinery,2026-05-27,Specialty Industrial Machinery,0,1,1,92.97,77.47,94.42,72.94,85.22,85.83,ELITE GROWTH,40
IRIS,5240995328.0,MICRO CAP,254.80999755859375,37.30747,2.6072853,0.10232,0.824,0.12312999,0.98436,0.13,0.473,Technology,Technology,Software - Application,2026-05-27,SaaS,0,1,0,60.13,80.36,20.7,64.82,70.245,59.79,MODERATE GROWTH,40
GLFL,165467184.0,MICRO CAP,6.099999904632568,305.0,-3.158985,0.11808,29.432,0.52306,0.11075,0.116,0.106,Misc,Financial Services,Shell Companies,2026-05-27,Shell Companies,0,1,0,49.96,29.62,50.02,95.35,39.79,47.39,SLOW GROWTH,40
UNITDSPR,947512803328.0,LARGE CAP,1302.5999755859375,54.139652,11.008383,0.20034,4.611,0.16929,0.14743,0.008,0.28,Misc,Consumer Defensive,Beverages - Wineries & Distilleries,2026-05-27,Beverages - Wineries & Distilleries,0,0,1,23.86,74.11,91.06,75.52,48.985,60.05,MODERATE GROWTH,40
BALKRISIND,429608796160.0,MID CAP,2222.300048828125,34.550686,3.9216278,0.11808,35.269,0.16359,0.1233,0.069,-0.15,Automobiles,Consumer Cyclical,Auto Parts,2026-05-27,Auto Components,0,0,0,34.03,17.57,50.02,74.62,25.8,35.53,WEAK GROWTH,40
BHARATRAS,25313892352.0,SMALL CAP,1523.0,19.061327,2.1147933,0.11808,7.556,0.13333,0.10699,0.055,-0.013,Chemicals,Basic Materials,Agricultural Inputs,2026-05-27,Agrochemicals,0,0,0,31.14,22.71,50.02,67.36,26.925,35.59,WEAK GROWTH,40
KILITCH,6365102080.0,MICRO CAP,182.05999755859375,20.45618,2.2292151,0.12361,32.04,0.23618001,0.12810999,0.463,0.265,Misc,Healthcare,Drug Manufacturers - Specialty & Generic,2026-05-27,Drug Manufacturers - Specialty & Generic,0,1,0,88.09,73.33,77.24,84.15,80.71000000000001,80.36,HIGH GROWTH,40
INDSWFTLAB,11842770944.0,SMALL CAP,136.3800048828125,3.9541895,0.83342505,0.11808,1.687,-0.03088,0.41859,4.694480000000025,16.33808000000006,Misc,Healthcare,Drug Manufacturers - Specialty & Generic,2026-05-27,Drug Manufacturers - Specialty & Generic,0,1,0,99.51,99.51,50.02,9.8,99.51,80.64,HIGH GROWTH,40
RSYSTEMS,31445788672.0,SMALL CAP,265.29998779296875,15.442374,3.9615343,0.11808,33.46,0.13757,0.1019,0.299,0.696,Technology,Technology,Information Technology Services,2026-05-27,IT Services,0,1,0,80.65,84.81,50.02,68.61,82.73,74.78,HIGH GROWTH,40
ALMONDZ,2392852224.0,MICRO CAP,13.779999732971191,8.058479,0.8863446,0.10742,16.822,0.01606,0.14819,0.067,-0.222,Misc,Financial Services,Capital Markets,2026-05-27,Capital Markets,0,0,0,33.54,14.64,21.87,16.09,24.09,22.85,WEAK GROWTH,40
GATEWAY,28559642624.0,SMALL CAP,57.15999984741211,11.1640625,1.2594748,0.10375,25.362,0.14833,0.11559,-0.002,0.159,Misc,Industrials,Integrated Freight & Logistics,2026-05-27,Integrated Freight & Logistics,0,0,0,22.71,50.02,21.01,71.61,36.365,36.82,WEAK GROWTH,40
NAVA,174484439040.0,MID CAP,616.5499877929688,22.122353,2.156244,0.10309,20.684,0.24535999,0.18333,0.122,-0.446,Misc,Industrials,Conglomerates,2026-05-27,Conglomerates,0,0,0,58.77,9.04,20.89,84.89,33.905,36.4,WEAK GROWTH,40
EIMCOELECO,9310749696.0,MICRO CAP,1614.0999755859375,24.055141,1.9920962,0.08608,0.93,0.15675999,0.16777,0.04,-0.572,Misc,Industrials,Farm & Heavy Construction Machinery,2026-05-27,Farm & Heavy Construction Machinery,0,0,0,28.82,6.33,16.87,73.37,17.575,23.01,WEAK GROWTH,40
SRHHYPOLTD,9359976448.0,MICRO CAP,545.2999877929688,10.011015,0.93107516,0.11808,1.283,0.13098,0.14253001,0.02,0.115,Misc,Basic Materials,Chemicals,2026-05-27,Chemicals,0,0,0,25.85,30.16,50.02,66.73,28.005000000000003,36.28,WEAK GROWTH,40
NH,386194341888.0,MID CAP,1901.5,47.6447,9.513589,0.19845,129.033,0.16941999,0.10075,0.826,0.136,Misc,Healthcare,Medical Care Facilities,2026-05-27,Medical Care Facilities,0,1,1,94.14,31.45,90.75,75.56,62.795,69.66,MODERATE GROWTH,40
EMSLIMITED,18544513024.0,SMALL CAP,333.95001220703125,14.138442,1.7813327,0.11808,15.798,0.14032,0.14693,-0.183,-0.627,Industrials,Industrials,Engineering & Construction,2026-05-27,Engineering & EPC,0,0,0,9.51,5.23,50.02,69.58,7.37,22.12,WEAK GROWTH,40
KISSHT,45251170304.0,SMALL CAP,268.5799865722656,28.153038,1.1645947,0.17743,29.432,0.16295,0.12166,0.116,0.159,Financials,Financial Services,Credit Services,2026-05-27,NBFC – Lending,0,1,0,49.96,50.02,88.15,74.46,49.99,60.07,MODERATE GROWTH,40
RUBYMILLS,8463664128.0,MICRO CAP,253.10000610351562,17.46722,1.2929758,0.11808,60.619,0.117989995,0.15446,0.247,-0.357,Misc,Consumer Cyclical,Textile Manufacturing,2026-05-27,Textile Manufacturing,0,0,0,76.32,11.13,50.02,63.45,43.724999999999994,46.96,SLOW GROWTH,40
MALLCOM,6298656256.0,MICRO CAP,1009.4000244140625,11.768684,2.0198424,0.11808,36.932,0.12174,0.100880004,0.114,0.125,Misc,Industrials,Security & Protection Services,2026-05-27,Security & Protection Services,0,1,0,41.72,30.77,50.02,64.51,36.245,41.83,SLOW GROWTH,40
ASIANHOTNR,13024451584.0,SMALL CAP,305.5,14.624223,3.2075849,0.11808,338.495,0.05553,0.12323,0.052,0.159,Misc,Consumer Cyclical,Lodging,2026-05-27,Lodging,0,0,0,30.53,50.02,50.02,29.21,40.275000000000006,41.12,SLOW GROWTH,40
PIDILITIND,1507427090432.0,LARGE CAP,1481.0999755859375,61.84133,15.781902,0.23523001,3.776,0.20533001,0.16771999,0.141,0.37,Chemicals,Basic Materials,Specialty Chemicals,2026-05-27,Specialty Chemicals,0,1,1,62.1,77.66,93.91,81.14,69.88,75.81,HIGH GROWTH,40
BANCOINDIA,89147998208.0,SMALL CAP,623.25,18.266413,5.45476,0.11808,44.582,0.1257,0.13282,0.235,1.778,Automobiles,Consumer Cyclical,Auto Parts,2026-05-27,Auto Components,0,1,0,75.19,92.66,50.02,65.5,83.925,75.3,HIGH GROWTH,40
HAPPYFORGE,133487042560.0,MID CAP,1414.800048828125,44.24015,6.807061,0.15161,15.489,0.25678,0.19118999,0.204,0.23,Misc,Industrials,Metal Fabrication,2026-05-27,Metal Fabrication,0,1,0,71.67,71.09,83.72,85.67,71.38,75.28,HIGH GROWTH,40
SILGO,2169223168.0,MICRO CAP,82.9000015258789,33.02789,1.7267237,0.11808,29.432,0.16681999,0.11015,0.087,0.159,Misc,Consumer Cyclical,Luxury Goods,2026-05-27,Luxury Goods,0,0,0,37.0,50.02,50.02,75.17,43.510000000000005,47.98,SLOW GROWTH,40
SHRADHA,2109702272.0,MICRO CAP,35.97999954223633,11.422222,1.1349442,0.11808,92.509,0.09273,0.18049999,0.255,-0.173,Misc,Real Estate,Real Estate - Development,2026-05-27,Real Estate - Development,0,0,0,76.98,16.63,50.02,42.87,46.805,47.05,SLOW GROWTH,40
MARKSANS,113259208704.0,MID CAP,249.92999267578125,27.107374,4.2097726,0.11808,12.238,0.18082,0.12853,0.106,0.082,Misc,Healthcare,Drug Manufacturers - General,2026-05-27,Drug Manufacturers - General,0,0,0,40.45,28.29,50.02,77.55,34.370000000000005,41.82,SLOW GROWTH,40
ORBTEXP,4502389248.0,MICRO CAP,169.8300018310547,13.818552,1.4617457,0.11231,5.311,0.07247,0.14121,-0.029,-0.85,Misc,Consumer Cyclical,Textile Manufacturing,2026-05-27,Textile Manufacturing,0,0,0,19.52,1.99,23.08,35.22,10.754999999999999,15.67,WEAK GROWTH,40
NIBL,745819392.0,MICRO CAP,30.780000686645508,4.447977,-2.0894713,0.11808,29.432,-0.37137002,0.23595,0.105,0.159,Misc,Industrials,Tools & Accessories,2026-05-27,Tools & Accessories,0,1,0,40.2,50.02,50.02,4.18,45.11,42.0,SLOW GROWTH,40
SCILAL,21426753536.0,SMALL CAP,46.0,74.19355,0.7151852,0.0095999995,0.0916,-3.66781,0.9871920000000006,0.191,0.159,Misc,Real Estate,Real Estate Services,2026-05-27,Real Estate Services,0,1,0,69.47,50.02,5.29,1.13,59.745000000000005,42.99,SLOW GROWTH,40
GOCLCORP,18889596928.0,SMALL CAP,381.04998779296875,7.5039387,0.67536306,0.11808,5.952,-5.2175484,0.9871920000000006,-0.80216,1.276,Chemicals,Basic Materials,Specialty Chemicals,2026-05-27,Specialty Chemicals,0,0,0,0.53,90.16,50.02,0.53,45.345,41.8,SLOW GROWTH,40
ALKEM,644933615616.0,LARGE CAP,5394.0,27.171064,4.83219,0.11808,17.056,0.19615,0.16636999,0.107,0.016,Misc,Healthcare,Drug Manufacturers - Specialty & Generic,2026-05-27,Drug Manufacturers - Specialty & Generic,0,0,0,40.63,24.4,50.02,79.73,32.515,40.74,SLOW GROWTH,40
SBCL,44116176896.0,SMALL CAP,765.8499755859375,46.08002,10.030779,0.21614,14.779,0.19564,0.16792,0.228,0.24,Misc,Industrials,Metal Fabrication,2026-05-27,Metal Fabrication,0,1,1,74.37,71.73,92.74,79.66,73.05000000000001,77.65,HIGH GROWTH,40
OSWALAGRO,6218759680.0,MICRO CAP,46.220001220703125,7.1437407,0.65111434,0.11808,29.432,-5.2175484,0.73644996,-0.80216,-0.902,Misc,Real Estate,Real Estate - Development,2026-05-27,Real Estate - Development,0,0,0,0.53,1.31,50.02,0.53,0.92,10.7,WEAK GROWTH,40
ASHIANA,37907922944.0,SMALL CAP,377.1000061035156,31.742424,4.4545507,0.14652,39.983,0.17947,0.11271,1.716,4.099,Misc,Real Estate,Real Estate - Development,2026-05-27,Real Estate - Development,0,1,0,97.54,96.37,82.47,77.39,96.95500000000001,92.1,ELITE GROWTH,40
GMRAIRPORT,1024643039232.0,LARGE CAP,97.04000091552734,26.636591000000003,-32.917233,0.11808,29.432,0.31302,-0.02654,0.505,-0.455,Misc,Industrials,Airports & Air Services,2026-05-27,Airports & Air Services,0,0,0,89.14,8.86,50.02,89.46,49.0,53.25,SLOW GROWTH,38
JUNIPER,43599339520.0,SMALL CAP,195.9499969482422,30.809748,1.575186,0.050619997,41.613,0.35533002,0.13516,0.086,-0.084,Misc,Consumer Cyclical,Lodging,2026-05-27,Lodging,0,0,0,36.8,19.84,11.01,91.49,28.32,31.17,WEAK GROWTH,38
DIGIDRIVE,740143872.0,MICRO CAP,19.239999771118164,5.9566565,0.26140594,0.01969,0.32,-0.20661,0.09475,-0.073,0.159,Misc,Consumer Cyclical,Internet Retail,2026-05-27,Internet Retail,0,0,0,15.78,50.02,7.07,5.58,32.9,25.0,WEAK GROWTH,38
DPWIRES,2924772608.0,MICRO CAP,188.67999267578125,23.94416,1.1571343,0.11808,0.865,0.02815,0.02498,-0.384,-0.316,Misc,Industrials,Metal Fabrication,2026-05-27,Metal Fabrication,0,0,0,4.69,12.09,50.02,19.76,8.39,17.85,WEAK GROWTH,38
TTML,84550623232.0,SMALL CAP,43.25,26.636591000000003,-0.4233348,0.11808,29.432,0.44332,-0.18556999,-0.041,0.159,Telecom,Communication Services,Telecom Services,2026-05-27,Telecom Services,0,0,0,18.24,50.02,50.02,94.3,34.13,43.32,SLOW GROWTH,38
PVP,6898093568.0,MICRO CAP,26.489999771118164,26.636591000000003,3.1919508,0.11808,77.376,0.25967,-0.120349996,4.636,0.159,Misc,Industrials,Conglomerates,2026-05-27,Conglomerates,0,1,0,98.95,50.02,50.02,85.86,74.485,70.73,HIGH GROWTH,38
DICIND,4800605184.0,MICRO CAP,523.0,25.204819,1.1199406,0.11808,0.954,0.02526,0.02053,0.146,0.638,Chemicals,Basic Materials,Specialty Chemicals,2026-05-27,Specialty Chemicals,0,1,0,63.08,83.6,50.02,18.7,73.34,63.21,MODERATE GROWTH,38
ORICONENT,10093961216.0,SMALL CAP,63.88999938964844,31.78607,0.7900041,0.11808,0.892,-0.44506,0.18671,-0.649,1.8,Misc,Consumer Cyclical,Packaging & Containers,2026-05-27,Packaging & Containers,0,0,0,2.03,92.74,50.02,3.87,47.385,43.56,SLOW GROWTH,38
VENTIVE,146617417728.0,MID CAP,627.7999877929688,34.399998,2.6624935,0.07925,38.079,0.45049,0.15965,0.229,0.329,Misc,Consumer Cyclical,Lodging,2026-05-27,Lodging,0,1,0,74.52,76.47,15.62,94.49,75.495,65.42,MODERATE GROWTH,38
AHLEAST,2835838208.0,MICRO CAP,164.0,26.636591000000003,1.24314,0.11808,154.746,0.34377,-0.45623,0.134,0.159,Misc,Consumer Cyclical,Lodging,2026-05-27,Lodging,0,1,0,60.99,50.02,50.02,90.98,55.505,57.96,MODERATE GROWTH,38
BANDHANBNK,334688976896.0,MID CAP,207.75,27.335527,1.3068997,0.04877,29.432,0.26448,0.12972,1.193,0.68,Financials,Financial Services,Banks - Regional,2026-05-27,Private Sector Banks,0,1,0,96.1,84.5,10.89,86.37,90.3,74.02,HIGH GROWTH,38
IITL,3450226176.0,MICRO CAP,153.02000427246094,61.95142,0.7669176,-0.028199999,0.467,0.8963087664000005,0.0,0.116,0.159,Financials,Financial Services,Credit Services,2026-05-27,NBFC – Lending,0,1,0,49.96,50.02,2.87,99.51,49.99,45.52,SLOW GROWTH,38
EXCELSOFT,10138914816.0,SMALL CAP,88.0999984741211,21.487804,2.296663,0.09137,1.137,0.38512,0.14901,0.427,-0.386,Technology,Technology,Software - Application,2026-05-27,SaaS,0,0,0,86.94,10.29,17.92,92.46,48.614999999999995,46.86,SLOW GROWTH,38
SUPERSPIN,284052448.0,MICRO CAP,5.070000171661377,26.636591000000003,0.47114584,0.11808,37.26,0.5282,-0.8954719999999999,-0.002,9.0,Misc,Consumer Cyclical,Textile Manufacturing,2026-05-27,Textile Manufacturing,0,0,0,22.71,98.09,50.02,95.47,60.400000000000006,61.83,MODERATE GROWTH,38
ENERGYDEV,806074944.0,MICRO CAP,16.969999313354492,26.636591000000003,4.9999995,0.11808,606.1040000000002,0.35791,-0.29964,0.38,0.159,Misc,Utilities,Utilities - Regulated Electric,2026-05-27,Utilities - Regulated Electric,0,1,0,85.03,50.02,50.02,91.68,67.525,66.44,MODERATE GROWTH,38
ASMS,2281279744.0,MICRO CAP,7.489999771118164,68.090904,8.444194,0.11808,0.562,0.05246,0.06093,4.552,0.159,Technology,Technology,Information Technology Services,2026-05-27,IT Services,0,1,0,98.87,50.02,50.02,28.0,74.44500000000001,64.92,MODERATE GROWTH,38
AIRAN,2126590208.0,MICRO CAP,17.010000228881836,25.38806,1.4393299,0.11808,0.678,0.04694,0.07519,0.093,3.429,Technology,Technology,Information Technology Services,2026-05-27,IT Services,0,0,0,38.13,95.86,50.02,26.01,66.995,59.5,MODERATE GROWTH,38
GMDCLTD,223426789376.0,MID CAP,702.5999755859375,23.357712,3.1607785,0.14189,4.475,0.0681,0.36055002,-0.092,-0.143,Metals,Energy,Thermal Coal,2026-05-27,Coal,0,0,0,14.55,17.77,81.45,33.46,16.16,30.95,WEAK GROWTH,38
IL&FSTRANS,756608064.0,MICRO CAP,2.299999952316284,26.636591000000003,-0.0050916835,0.11808,385.701,0.34368,0.0,0.76,0.159,Misc,Industrials,Infrastructure Operations,2026-05-27,Infrastructure Operations,0,1,0,93.64,50.02,50.02,90.94,71.83,69.38,MODERATE GROWTH,38
SADBHIN,940441344.0,MICRO CAP,2.6700000762939453,26.636591000000003,-0.17813063,0.11808,29.432,0.56031,-0.2235,0.182,0.159,Industrials,Industrials,Engineering & Construction,2026-05-27,Engineering & EPC,0,1,0,68.24,50.02,50.02,95.98,59.129999999999995,60.99,MODERATE GROWTH,38
SHREERAMA,5999387136.0,MICRO CAP,44.95000076293945,25.395481,3.7750905,0.11808,13.028,0.12592,0.23962,0.132,0.026,Misc,Consumer Cyclical,Packaging & Containers,2026-05-27,Packaging & Containers,0,0,0,60.64,25.03,50.02,65.56,42.835,46.54,SLOW GROWTH,38
SADBHAV,1664236672.0,MICRO CAP,9.699999809265137,26.636591000000003,-0.7383725,0.11808,29.432,0.57403,-0.21118,-0.042,0.159,Industrials,Industrials,Engineering & Construction,2026-05-27,Engineering & EPC,0,0,0,18.12,50.02,50.02,96.37,34.07,43.49,SLOW GROWTH,38
KSB,140936953856.0,MID CAP,809.7999877929688,54.531982,8.395451,0.11808,0.31,0.060370002,0.09575,0.01,-0.232,Misc,Industrials,Specialty Industrial Machinery,2026-05-27,Specialty Industrial Machinery,0,0,0,24.09,14.29,50.02,30.73,19.189999999999998,26.51,WEAK GROWTH,38
TCIFINANCE,169402000.0,MICRO CAP,13.15999984741211,26.636591000000003,-0.22231232,0.11808,29.432,0.8963087664000005,0.0,0.116,0.159,Financials,Financial Services,Credit Services,2026-05-27,NBFC – Lending,0,1,0,49.96,50.02,50.02,99.51,49.99,54.95,SLOW GROWTH,38
FLEXITUFF,229103184.0,MICRO CAP,6.980000019073486,26.636591000000003,-0.98657244,0.11808,29.432,0.8963087664000005,-0.8954719999999999,0.116,0.159,Misc,Consumer Cyclical,Textile Manufacturing,2026-05-27,Textile Manufacturing,0,1,0,49.96,50.02,50.02,99.51,49.99,54.95,SLOW GROWTH,38
DHRUV,568997056.0,MICRO CAP,30.0,26.636591000000003,0.55915904,0.11808,22.271,0.8963087664000005,-0.4241,0.116,0.159,Industrials,Industrials,Engineering & Construction,2026-05-27,Engineering & EPC,0,1,0,49.96,50.02,50.02,99.51,49.99,54.95,SLOW GROWTH,38
RHFL,1063722496.0,MICRO CAP,2.180000066757202,26.636591000000003,-2.831169,0.11808,29.432,0.8963087664000005,0.0,0.116,0.159,Misc,Financial Services,Mortgage Finance,2026-05-27,Mortgage Finance,0,1,0,49.96,50.02,50.02,99.51,49.99,54.95,SLOW GROWTH,38
HINDOILEXP,22187778048.0,SMALL CAP,167.77999877929688,20.894148,1.6519145,0.11808,5.622,0.059959996,0.20712,-0.486,-0.808,Misc,Energy,Oil & Gas E&P,2026-05-27,Oil & Gas E&P,0,0,0,3.36,2.42,50.02,30.59,2.8899999999999997,15.09,WEAK GROWTH,38
TRU,711982592.0,MICRO CAP,5.989999771118164,26.636591000000003,0.6496746,0.11808,301.695,0.8963087664000005,0.0,0.116,0.159,Financials,Financial Services,Credit Services,2026-05-27,NBFC – Lending,0,1,0,49.96,50.02,50.02,99.51,49.99,54.95,SLOW GROWTH,38
INFOMEDIA,298655328.0,MICRO CAP,5.949999809265137,26.636591000000003,-0.4647348,0.11808,29.432,0.86275,0.0,0.116,0.159,Misc,Financial Services,Shell Companies,2026-05-27,Shell Companies,0,1,0,49.96,50.02,50.02,98.67,49.99,54.86,SLOW GROWTH,38
ESCORTS,319222480896.0,MID CAP,2901.300048828125,23.38815,2.6855412,0.120220006,1.309,0.104940005,0.20746,0.214,0.006,Misc,Industrials,Farm & Heavy Construction Machinery,2026-05-27,Farm & Heavy Construction Machinery,0,0,0,72.61,24.09,76.26,59.08,48.35,55.0,MODERATE GROWTH,38
21STCENMGM,359100000.0,MICRO CAP,34.20000076293945,26.636591000000003,0.7565367,0.11808,29.432,0.8963087664000005,0.0,0.116,0.159,Misc,Financial Services,Capital Markets,2026-05-27,Capital Markets,0,1,0,49.96,50.02,50.02,99.51,49.99,54.95,SLOW GROWTH,38
TNTELE,438080800.0,MICRO CAP,9.59000015258789,26.636591000000003,-0.22937647,0.11808,29.432,0.8963087664000005,0.0,0.116,0.159,Misc,Technology,Communication Equipment,2026-05-27,Communication Equipment,0,1,0,49.96,50.02,50.02,99.51,49.99,54.95,SLOW GROWTH,38
DCMFINSERV,126112800.0,MICRO CAP,5.699999809265137,26.636591000000003,-0.23461616,0.11808,29.432,0.8963087664000005,0.0,0.116,0.159,Financials,Financial Services,Credit Services,2026-05-27,NBFC – Lending,0,1,0,49.96,50.02,50.02,99.51,49.99,54.95,SLOW GROWTH,38
TARAPUR,404625248.0,MICRO CAP,20.75,26.636591000000003,150.36232,0.11808,606.1040000000002,0.34857,0.0,0.116,0.159,Misc,Industrials,Specialty Industrial Machinery,2026-05-27,Specialty Industrial Machinery,0,1,0,49.96,50.02,50.02,91.14,49.99,54.11,SLOW GROWTH,38
MANINFRA,46506418176.0,SMALL CAP,115.20999908447266,22.723866,2.053764,0.10152,2.766,0.105620004,0.31815,-0.505,-0.483,Industrials,Industrials,Engineering & Construction,2026-05-27,Engineering & EPC,0,0,0,3.28,8.28,20.62,59.35,5.779999999999999,14.1,WEAK GROWTH,38
MTNL,19429199872.0,SMALL CAP,30.84000015258789,26.636591000000003,-0.06747148,0.11808,29.432,0.8963087664000005,-0.8954719999999999,0.879,0.159,Telecom,Communication Services,Telecom Services,2026-05-27,Telecom Services,0,1,0,94.65,50.02,50.02,99.51,72.33500000000001,70.59,HIGH GROWTH,38
SUNTECK,43876397056.0,SMALL CAP,298.79998779296875,21.43472,1.3135105,0.052270003,17.311,0.27405,0.18185,0.645,0.262,Misc,Real Estate,Real Estate - Development,2026-05-27,Real Estate - Development,0,1,0,92.23,73.21,11.25,86.96,82.72,68.85,MODERATE GROWTH,38
BLUECOAST,647457408.0,MICRO CAP,32.900001525878906,26.636591000000003,-2.086769,0.11808,29.432,0.44856998,-0.8954719999999999,4.694480000000025,0.159,Misc,Consumer Cyclical,Lodging,2026-05-27,Lodging,0,1,0,99.51,50.02,50.02,94.38,74.765,71.78,HIGH GROWTH,38
ORISSAMINE,24815398912.0,SMALL CAP,4135.89990234375,26.636591000000003,-48.400837,0.11808,29.432,0.48979,-0.37257,-0.001,0.159,Misc,Basic Materials,Steel,2026-05-27,Steel,0,0,0,22.86,50.02,50.02,95.04,36.44,45.02,SLOW GROWTH,38
PROZONER,8199352832.0,MICRO CAP,53.72999954223633,26.636591000000003,1.7074488,0.11808,53.946,0.28983998,-0.14723,0.298,1.4,Misc,Real Estate,Real Estate - Diversified,2026-05-27,Real Estate - Diversified,0,1,0,80.55,90.78,50.02,88.05,85.66499999999999,78.77,HIGH GROWTH,38
FIBERWEB,854537984.0,MICRO CAP,29.68000030517578,5.1617393,0.45716402,0.055219997,6.45,0.15472999,0.11843,-0.638,0.159,Misc,Consumer Cyclical,Textile Manufacturing,2026-05-27,Textile Manufacturing,0,0,0,2.19,50.02,11.79,73.06,26.105,27.94,WEAK GROWTH,37
PONNIERODE,2617358336.0,MICRO CAP,304.3999938964844,5.4493375,0.48819134,0.08731,29.432,0.16674,0.11574,-0.052,4.886,Misc,Consumer Defensive,Confectioners,2026-05-27,Confectioners,0,0,0,17.14,96.84,17.1,75.13,56.99,50.83,SLOW GROWTH,37
GAUDIUMIVF,8500780032.0,MICRO CAP,116.79000091552734,35.17771,15.487336,0.11808,29.432,0.24716,0.22465,0.699,0.073,Misc,Healthcare,Medical Care Facilities,2026-05-27,Medical Care Facilities,0,0,0,93.05,27.68,50.02,85.08,60.364999999999995,60.77,MODERATE GROWTH,37
WEALTH,9543684096.0,MICRO CAP,895.7000122070312,39.986607,6.33281,0.11808,29.432,0.17282,0.47617,-0.607,-0.88,Misc,Financial Services,Capital Markets,2026-05-27,Capital Markets,0,0,0,2.42,1.58,50.02,76.34,2.0,19.04,WEAK GROWTH,37
SAKHTISUG,2174446080.0,MICRO CAP,18.270000457763672,13.634328,1.2369668,0.11808,315.597,0.19983,-0.43633,-0.062,0.169,Misc,Consumer Defensive,Confectioners,2026-05-27,Confectioners,0,0,0,16.48,67.67,50.02,80.24,42.075,47.48,SLOW GROWTH,37
LINDEINDIA,623214460928.0,LARGE CAP,7307.5,106.12112,16.31477,0.11808,29.432,0.20444,0.2352,0.131,6.764,Chemicals,Basic Materials,Specialty Chemicals,2026-05-27,Specialty Chemicals,0,1,0,60.39,97.66,50.02,80.98,79.025,73.42,HIGH GROWTH,37
JSFB,51587969024.0,SMALL CAP,489.79998779296875,15.8460045,1.1536051,0.076009996,29.432,0.17341,0.1176,0.176,0.129,Financials,Financial Services,Banks - Regional,2026-05-27,Private Sector Banks,0,1,0,67.14,31.04,15.15,76.49,49.09,45.04,SLOW GROWTH,37
NPST,21649231872.0,SMALL CAP,1038.300048828125,58.102966,4.9025445,0.11808,1.639,0.22089,0.2176,1.477,1.242,Technology,Technology,Software - Application,2026-05-27,SaaS,0,1,0,97.11,89.89,50.02,82.94,93.5,83.75,HIGH GROWTH,37
SURYODAY,17332682752.0,SMALL CAP,163.07000732421875,11.419469,0.83358043,0.07588,29.432,0.17959999,0.1193,0.73,0.159,Financials,Financial Services,Banks - Regional,2026-05-27,Private Sector Banks,0,1,0,93.24,50.02,15.11,77.47,71.63,60.91,MODERATE GROWTH,37
KERNEX,25054091264.0,SMALL CAP,1491.0999755859375,47.54783,14.579747,0.11808,51.362,0.20544,0.20357001,0.972,-0.159,Technology,Technology,Software - Application,2026-05-27,SaaS,0,0,0,95.18,17.36,50.02,81.18,56.27,57.51,MODERATE GROWTH,37
SAMBHV,31308838912.0,SMALL CAP,106.25,21.039602,2.9702833,0.18355,35.435,0.117089994,0.0589,0.384,1.623,Misc,Basic Materials,Steel,2026-05-27,Steel,0,1,0,85.34,92.07,88.95,63.22,88.705,86.21,ELITE GROWTH,36
BHAGYANGR,8996994048.0,MICRO CAP,281.20001220703125,24.840992,3.4907396,0.21582001,100.527,0.04659,0.0211,0.618,3.047,Metals,Basic Materials,Copper,2026-05-27,Copper,0,1,0,91.82,95.39,92.66,25.73,93.60499999999999,86.63,ELITE GROWTH,36
RAJOOENG,10157689856.0,SMALL CAP,56.849998474121094,20.748175,2.9855056,0.18706,6.767,-0.00356,0.13869001,-0.117,-0.903,Misc,Industrials,Specialty Industrial Machinery,2026-05-27,Specialty Industrial Machinery,0,0,0,12.92,1.25,89.57,12.14,7.085,24.09,WEAK GROWTH,36
LANDSMILL,1297839488.0,MICRO CAP,0.9200000166893005,26.636591000000003,0.57249534,0.11808,0.492,-0.64345,-0.09458,0.116,0.159,Misc,Industrials,Conglomerates,2026-05-27,Conglomerates,0,1,0,49.96,50.02,50.02,2.85,49.99,45.28,SLOW GROWTH,36
NDRAUTO,19981148160.0,SMALL CAP,837.5999755859375,32.178253,5.5693336,0.1877,17.248,0.090500005,0.07531,0.193,0.126,Automobiles,Consumer Cyclical,Auto Parts,2026-05-27,Auto Components,0,1,0,69.74,30.89,89.65,41.86,50.315,57.34,MODERATE GROWTH,36
KALYANKJIL,365280231424.0,MID CAP,353.70001220703125,27.103449,5.7830973,0.24305001,96.966,0.060599998,0.03778,0.669,1.17,Misc,Consumer Cyclical,Luxury Goods,2026-05-27,Luxury Goods,0,1,0,92.68,89.38,94.14,30.89,91.03,85.64,ELITE GROWTH,36
XELPMOC,1505256448.0,MICRO CAP,101.66999816894531,26.636591000000003,1.9512335,0.11808,0.36,-1.76877,-0.8954719999999999,0.345,0.159,Technology,Technology,Information Technology Services,2026-05-27,IT Services,0,1,0,83.4,50.02,50.02,1.64,66.71000000000001,56.87,MODERATE GROWTH,36
PGIL,75118460928.0,SMALL CAP,1626.5,27.058725,5.806544,0.20896,65.567,0.085030004,0.05526,0.069,0.203,Misc,Consumer Cyclical,Apparel Manufacturing,2026-05-27,Apparel Manufacturing,0,0,0,34.03,69.54,91.96,40.1,51.785000000000004,58.65,MODERATE GROWTH,36
PRICOLLTD,68022059008.0,SMALL CAP,558.0999755859375,27.11856,5.4280376,0.22087999,30.215,0.090900004,0.062069997,0.429,1.091,Automobiles,Consumer Cyclical,Auto Parts,2026-05-27,Auto Components,0,1,0,87.02,88.99,93.21,41.9,88.005,84.44,HIGH GROWTH,36
WELCORP,360430567424.0,MID CAP,1366.800048828125,22.333334,4.4070992,0.18915,25.042,0.095249996,0.095419995,0.099,-0.47,Misc,Basic Materials,Steel,2026-05-27,Steel,0,0,0,39.36,8.63,89.77,43.52,23.995,39.1,WEAK GROWTH,36
RELTD,22328057856.0,SMALL CAP,125.0,27.472527,5.2578444,0.20363002,366.24,-0.06382,0.1488,-0.34,0.159,Misc,Technology,Solar,2026-05-27,Solar,0,0,0,5.35,50.02,91.57,8.59,27.685000000000002,38.55,WEAK GROWTH,36
RSL,10923128832.0,SMALL CAP,130.7100067138672,27.402517,5.0992866,0.19338,18.946,0.089829996,0.04928,0.036,0.567,Misc,Basic Materials,Steel,2026-05-27,Steel,0,0,0,28.27,82.35,90.2,41.66,55.309999999999995,60.92,MODERATE GROWTH,36
GODREJAGRO,112636379136.0,MID CAP,585.5499877929688,23.802845,5.5436163,0.18681,72.751,0.03481,0.04634,0.083,0.482,Misc,Consumer Defensive,Packaged Foods,2026-05-27,Packaged Foods,0,0,0,36.41,80.63,89.5,21.79,58.519999999999996,61.04,MODERATE GROWTH,36
BHARATSE,11925092352.0,SMALL CAP,189.88999938964844,28.25744,5.755986,0.1991,47.94,0.03551,0.02165,0.462,0.166,Automobiles,Consumer Cyclical,Auto Parts,2026-05-27,Auto Components,0,1,0,88.03,67.53,90.86,22.12,77.78,74.83,HIGH GROWTH,36
MEDICO,3974103808.0,MICRO CAP,47.88999938964844,34.20714,5.23388,0.19015,25.444,0.111770004,0.06355,0.375,0.365,Misc,Healthcare,Drug Manufacturers - Specialty & Generic,2026-05-27,Drug Manufacturers - Specialty & Generic,0,1,0,84.73,77.47,89.89,61.66,81.1,80.91,HIGH GROWTH,36
VERA,339281248.0,MICRO CAP,68.75,16.727493,1.3603086,0.11808,29.432,0.0957850025,0.063525002,0.116,0.159,Misc,Unknown,Unknown,2026-05-27,Diversified,0,1,0,49.96,50.02,50.02,50.02,49.99,50.0,SLOW GROWTH,35
AMIABLE,134611392.0,MICRO CAP,77.0,17.225952,1.4195904,0.11808,29.432,0.0957850025,0.063525002,0.116,0.159,Misc,Unknown,Unknown,2026-05-27,Diversified,0,1,0,49.96,50.02,50.02,50.02,49.99,50.0,SLOW GROWTH,35
SMVD,134403424.0,MICRO CAP,13.4,3.1412459800000003,1.0840547,0.11808,29.432,0.0957850025,0.063525002,0.116,0.159,Misc,Unknown,Unknown,2026-05-27,Diversified,0,1,0,49.96,50.02,50.02,50.02,49.99,50.0,SLOW GROWTH,35
SONUINFRA,786524032.0,MICRO CAP,76.0,5.1212935,1.0359869,0.11808,29.432,0.0957850025,0.063525002,0.116,0.159,Misc,Unknown,Unknown,2026-05-27,Diversified,0,1,0,49.96,50.02,50.02,50.02,49.99,50.0,SLOW GROWTH,35
BFUTILITIE,21393330176.0,SMALL CAP,567.9500122070312,13.529062,10.614301,0.11808,29.432,-0.48353,0.18443,-0.80216,0.159,Misc,Industrials,Infrastructure Operations,2026-05-27,Infrastructure Operations,0,0,0,0.53,50.02,50.02,3.48,25.275000000000002,28.04,WEAK GROWTH,35
CAPACITE,19513921536.0,SMALL CAP,230.64999389648438,10.187721,1.0713854,0.10633001,25.274,0.115430005,0.07245,0.06,-0.161,Industrials,Industrials,Engineering & Construction,2026-05-27,Engineering & EPC,0,0,0,32.08,17.28,21.63,62.79,24.68,27.88,WEAK GROWTH,35
DCMSHRIRAM,168937603072.0,MID CAP,1091.0,19.937864,2.2071705,0.11617,37.802,0.0674,0.063039996,0.11,1.067,Misc,Industrials,Conglomerates,2026-05-27,Conglomerates,0,1,0,40.92,88.7,23.94,33.27,64.81,53.48,SLOW GROWTH,35
KHAICHEM,5465341440.0,MICRO CAP,56.349998474121094,7.9478135,2.0614598,0.11808,106.925,0.11059,0.07424,0.337,0.636,Chemicals,Basic Materials,Agricultural Inputs,2026-05-27,Agrochemicals,0,1,0,82.99,83.56,50.02,61.38,83.275,74.43,HIGH GROWTH,35
LINC,5745266176.0,MICRO CAP,96.55000305175781,16.675303,2.391213,0.11808,11.183,0.06982,0.061490003,0.058,-0.218,Misc,Industrials,Business Equipment & Supplies,2026-05-27,Business Equipment & Supplies,0,0,0,31.71,14.96,50.02,34.05,23.335,29.74,WEAK GROWTH,35
AKIKO,826566784.0,MICRO CAP,76.75,10.152117,1.3762866,0.11808,29.432,0.0957850025,0.063525002,0.116,0.159,Misc,Unknown,Unknown,2026-05-27,Diversified,0,1,0,49.96,50.02,50.02,50.02,49.99,50.0,SLOW GROWTH,35
BELLACASA,3355576832.0,MICRO CAP,250.64999389648438,16.73231,2.1226056,0.11808,49.781,0.074889995,0.05066,0.112,0.252,Misc,Consumer Cyclical,Textile Manufacturing,2026-05-27,Textile Manufacturing,0,1,0,41.29,72.28,50.02,36.24,56.785,53.38,SLOW GROWTH,35
MBEL,17553074176.0,SMALL CAP,307.1499938964844,18.14235,2.816133,0.11808,19.131,0.10466,0.07783,0.071,0.256,Industrials,Industrials,Engineering & Construction,2026-05-27,Engineering & EPC,0,0,0,34.5,72.61,50.02,58.92,53.555,53.38,SLOW GROWTH,35
PIGL,2297460736.0,MICRO CAP,108.52999877929688,16.198507,1.5492113,0.11808,21.323,0.11853,0.062480003,0.458,-0.129,Industrials,Industrials,Engineering & Construction,2026-05-27,Engineering & EPC,0,0,0,87.78,18.1,50.02,63.57,52.94,53.42,SLOW GROWTH,35
MANAKSIA,4135853824.0,MICRO CAP,63.11000061035156,7.948363,0.65225255,0.11808,5.797,0.02873,0.06381,-0.021,0.138,Misc,Industrials,Metal Fabrication,2026-05-27,Metal Fabrication,0,0,0,20.25,31.55,50.02,19.99,25.9,30.13,WEAK GROWTH,35
ASHOKLEY,940286607360.0,LARGE CAP,160.0800018310547,28.433392,7.453208,0.11808,327.886,0.19577,0.06152,0.236,0.066,Misc,Industrials,Farm & Heavy Construction Machinery,2026-05-27,Farm & Heavy Construction Machinery,0,0,0,75.38,27.33,50.02,79.7,51.355,53.92,SLOW GROWTH,35
VMARCIND,4412819456.0,MICRO CAP,180.7,4.405168,2.3292985,0.11808,29.432,0.0957850025,0.063525002,0.116,0.159,Misc,Unknown,Unknown,2026-05-27,Diversified,0,1,0,49.96,50.02,50.02,50.02,49.99,50.0,SLOW GROWTH,35
JKTYRE,119308615680.0,MID CAP,413.8500061035156,15.192732,2.1640573,0.11808,89.667,0.10689,0.04303,0.15,2.878,Automobiles,Consumer Cyclical,Auto Parts,2026-05-27,Auto Components,0,1,0,63.61,95.16,50.02,59.74,79.38499999999999,71.55,HIGH GROWTH,35
CGRAPHICS,4330193920.0,MICRO CAP,178.3,17.446184,3.6389241,0.11808,29.432,0.0957850025,0.063525002,0.116,0.159,Misc,Unknown,Unknown,2026-05-27,Diversified,0,1,0,49.96,50.02,50.02,50.02,49.99,50.0,SLOW GROWTH,35
TRANSPEK,6077657600.0,MICRO CAP,1088.0999755859375,10.426408,0.7916811,0.11808,9.207,0.07944,0.09026,-0.068,0.019,Misc,Basic Materials,Chemicals,2026-05-27,Chemicals,0,0,0,16.15,24.56,50.02,37.91,20.354999999999997,28.04,WEAK GROWTH,35
SILKFLEX,853694912.0,MICRO CAP,73.55,7.0181303,2.185216,0.11808,29.432,0.0957850025,0.063525002,0.116,0.159,Misc,Unknown,Unknown,2026-05-27,Diversified,0,1,0,49.96,50.02,50.02,50.02,49.99,50.0,SLOW GROWTH,35
ARISTO,606915392.0,MICRO CAP,89.15,14.932999,1.4635388,0.11808,29.432,0.0957850025,0.063525002,0.116,0.159,Misc,Unknown,Unknown,2026-05-27,Diversified,0,1,0,49.96,50.02,50.02,50.02,49.99,50.0,SLOW GROWTH,35
HILTON,1132778880.0,MICRO CAP,22.010000228881836,8.531008,0.4408348,0.11808,58.483,0.04168,0.03487,0.733,2.211,Misc,Industrials,Metal Fabrication,2026-05-27,Metal Fabrication,0,1,0,93.32,93.77,50.02,23.98,93.54499999999999,77.88,HIGH GROWTH,35
FCL,44483932160.0,SMALL CAP,38.20000076293945,35.04587,3.6007164,0.14895001,0.872,0.12524,0.14083,1.619,1.159,Chemicals,Basic Materials,Specialty Chemicals,2026-05-27,Specialty Chemicals,0,1,0,97.4,89.26,83.01,65.37,93.33000000000001,88.47,ELITE GROWTH,35
NETWEB,225860943872.0,MID CAP,3966.60009765625,109.78688,31.145275,0.32834998,39.019,0.11987001,0.09426,0.866,0.643,Misc,Technology,Computer Hardware,2026-05-27,Computer Hardware,0,1,0,94.46,83.76,97.58,63.88,89.11,88.28,ELITE GROWTH,35
ISFT,1386655744.0,MICRO CAP,85.01000213623047,11.097912,0.567562,0.11808,4.664,0.02804,0.023629999,0.065,-0.036,Misc,Consumer Cyclical,Internet Retail,2026-05-27,Internet Retail,0,0,0,33.11,21.67,50.02,19.62,27.39,31.14,WEAK GROWTH,35
MANAV,267147984.0,MICRO CAP,20.3,4.356223,3.1758447,0.11808,29.432,0.0957850025,0.063525002,0.116,0.159,Misc,Unknown,Unknown,2026-05-27,Diversified,0,1,0,49.96,50.02,50.02,50.02,49.99,50.0,SLOW GROWTH,35
TNPETRO,8193701888.0,MICRO CAP,91.06999969482422,7.0487614,0.83747923,0.101009995,45.668,0.033570003,0.06647,-0.726,-0.699,Chemicals,Basic Materials,Specialty Chemicals,2026-05-27,Specialty Chemicals,0,0,0,1.82,4.26,20.42,21.48,3.04,8.36,WEAK GROWTH,35
ALUWIND,1562902784.0,MICRO CAP,62.9,14.9761915,2.414124,0.11808,29.432,0.0957850025,0.063525002,0.116,0.159,Misc,Unknown,Unknown,2026-05-27,Diversified,0,1,0,49.96,50.02,50.02,50.02,49.99,50.0,SLOW GROWTH,35
HRHNEXT,614666560.0,MICRO CAP,46.55,16.805054,1.5881408,0.11808,29.432,0.0957850025,0.063525002,0.116,0.159,Misc,Unknown,Unknown,2026-05-27,Diversified,0,1,0,49.96,50.02,50.02,50.02,49.99,50.0,SLOW GROWTH,35
KMSUGAR,2524484608.0,MICRO CAP,27.440000534057617,4.5733333,0.6950179,0.14626001,63.729,0.12831001,0.081140004,-0.308,-0.164,Misc,Consumer Defensive,Confectioners,2026-05-27,Confectioners,0,0,0,5.99,17.14,82.43,66.11,11.565000000000001,31.19,WEAK GROWTH,35
AWHCL,13357386752.0,SMALL CAP,470.79998779296875,16.112251,1.9340976,0.11808,54.786,0.07883,0.082100004,0.081,-0.27,Misc,Industrials,Waste Management,2026-05-27,Waste Management,0,0,0,36.06,13.2,50.02,37.84,24.630000000000003,31.03,WEAK GROWTH,35
HUHTAMAKI,12770759680.0,SMALL CAP,169.10000610351562,10.853659,0.98727804,0.11808,11.138,0.06072,0.04733,0.041,-0.02,Misc,Consumer Cyclical,Packaging & Containers,2026-05-27,Packaging & Containers,0,0,0,28.93,22.41,50.02,31.0,25.67,31.07,WEAK GROWTH,35
SHREEPUSHK,11609231360.0,SMALL CAP,359.0,16.658934,2.007976,0.12202,21.571,0.07475,0.071779996,-0.006,-0.246,Chemicals,Basic Materials,Specialty Chemicals,2026-05-27,Specialty Chemicals,0,0,0,22.18,13.84,76.77,36.12,18.009999999999998,31.57,WEAK GROWTH,35
JMA,2071683584.0,MICRO CAP,90.69999694824219,6.9078445,0.8065663,0.11808,29.432,0.05862,0.04933,0.195,0.311,Automobiles,Consumer Cyclical,Auto Parts,2026-05-27,Auto Components,0,1,0,70.01,75.83,50.02,30.18,72.92,64.07,MODERATE GROWTH,35
RBS,2126105600.0,MICRO CAP,93.0,13.556851,1.3447274,0.11808,29.432,0.0957850025,0.063525002,0.116,0.159,Misc,Unknown,Unknown,2026-05-27,Diversified,0,1,0,49.96,50.02,50.02,50.02,49.99,50.0,SLOW GROWTH,35
SHREMINVIT,72079613952.0,SMALL CAP,118.0,8.368794,2.39221315,0.11808,29.432,0.0957850025,0.063525002,0.116,0.159,Misc,Unknown,Unknown,2026-05-27,Diversified,0,1,0,49.96,50.02,50.02,50.02,49.99,50.0,SLOW GROWTH,35
PLADAINFO,257648688.0,MICRO CAP,30.05,13.65909,1.0808964,0.11808,29.432,0.0957850025,0.063525002,0.116,0.159,Misc,Unknown,Unknown,2026-05-27,Diversified,0,1,0,49.96,50.02,50.02,50.02,49.99,50.0,SLOW GROWTH,35
RBMINFRA,4185891840.0,MICRO CAP,495.9,17.896067,2.9653592,0.11808,29.432,0.0957850025,0.063525002,0.116,0.159,Misc,Unknown,Unknown,2026-05-27,Diversified,0,1,0,49.96,50.02,50.02,50.02,49.99,50.0,SLOW GROWTH,35
AMEYA,908625024.0,MICRO CAP,121.15,17.135784,2.998985,0.11808,29.432,0.0957850025,0.063525002,0.116,0.159,Misc,Unknown,Unknown,2026-05-27,Diversified,0,1,0,49.96,50.02,50.02,50.02,49.99,50.0,SLOW GROWTH,35
MURUDCERA,2058538880.0,MICRO CAP,34.0,16.425121,0.5476186,0.11808,34.717,0.06548,0.05998,0.019,1.429,Misc,Industrials,Building Products & Equipment,2026-05-27,Building Products & Equipment,0,0,0,25.65,90.98,50.02,32.57,58.315,54.08,SLOW GROWTH,35
UDS,12189520896.0,SMALL CAP,180.49000549316406,13.1361,1.2016646,0.11808,4.984,0.04009,0.031689998,0.104,-0.702,Misc,Industrials,Specialty Business Services,2026-05-27,Specialty Business Services,0,0,0,39.98,4.06,50.02,23.47,22.02,27.76,WEAK GROWTH,35
SESHAPAPER,14839933952.0,SMALL CAP,235.3000030517578,17.187729,0.70309323,0.11808,3.807,0.03477,0.05154,-0.103,0.123,Misc,Basic Materials,Paper & Paper Products,2026-05-27,Paper & Paper Products,0,0,0,13.94,30.61,50.02,21.75,22.275,27.77,WEAK GROWTH,35
JAGRAN,15264093184.0,SMALL CAP,70.12999725341797,9.288741,0.7867664,0.11808,9.556,0.10684,0.0871,-0.077,-0.135,Misc,Communication Services,Publishing,2026-05-27,Publishing,0,0,0,15.37,17.96,50.02,59.7,16.665,27.64,WEAK GROWTH,35
SOTAC,1702252544.0,MICRO CAP,154.05,19.903101,3.0619547,0.11808,29.432,0.0957850025,0.063525002,0.116,0.159,Misc,Unknown,Unknown,2026-05-27,Diversified,0,1,0,49.96,50.02,50.02,50.02,49.99,50.0,SLOW GROWTH,35
MADHAVBAUG,1555990656.0,MICRO CAP,148.0,19.146183,1.7815014,0.11808,29.432,0.0957850025,0.063525002,0.116,0.159,Misc,Unknown,Unknown,2026-05-27,Diversified,0,1,0,49.96,50.02,50.02,50.02,49.99,50.0,SLOW GROWTH,35
SLONE,843042048.0,MICRO CAP,160.0,11.895911,1.9428085,0.11808,29.432,0.0957850025,0.063525002,0.116,0.159,Misc,Unknown,Unknown,2026-05-27,Diversified,0,1,0,49.96,50.02,50.02,50.02,49.99,50.0,SLOW GROWTH,35
AKASH,463045184.0,MICRO CAP,27.459999084472656,19.338028,0.54865134,0.11808,102.888,0.13567,0.037100002,-0.215,16.33808000000006,Industrials,Industrials,Engineering & Construction,2026-05-27,Engineering & EPC,0,0,0,8.49,99.51,50.02,68.06,54.0,54.61,SLOW GROWTH,35
RCDL,844229568.0,MICRO CAP,35.3,9.463807,1.0034395,0.11808,29.432,0.0957850025,0.063525002,0.116,0.159,Misc,Unknown,Unknown,2026-05-27,Diversified,0,1,0,49.96,50.02,50.02,50.02,49.99,50.0,SLOW GROWTH,35
JSWDULUX,132504092672.0,MID CAP,2909.60009765625,6.7149787,9.961212,0.11808,29.432,0.0957850025,0.063525002,0.116,0.159,Misc,Unknown,Unknown,2026-05-27,Diversified,0,1,0,49.96,50.02,50.02,50.02,49.99,50.0,SLOW GROWTH,35
JAINREC,134048595968.0,MID CAP,388.45001220703125,37.38691,9.219614,0.28672,81.887,0.03399,0.03391,0.264,-0.128,Misc,Basic Materials,Other Industrial Metals & Mining,2026-05-27,Other Industrial Metals & Mining,0,0,0,77.94,18.16,96.1,21.67,48.05,55.02,MODERATE GROWTH,35
DONEAR,4843800064.0,MICRO CAP,93.1500015258789,14.352851,1.8979992,0.11808,155.524,0.08225001,0.04275,-0.017,0.605,Misc,Consumer Cyclical,Textile Manufacturing,2026-05-27,Textile Manufacturing,0,0,0,20.85,82.94,50.02,39.05,51.894999999999996,50.24,SLOW GROWTH,35
AVADHSUGAR,9016296448.0,MICRO CAP,450.3999938964844,15.720768,0.848612,0.11808,56.04,0.06185,0.02716,0.035,1.478,Misc,Consumer Defensive,Confectioners,2026-05-27,Confectioners,0,0,0,28.06,91.37,50.02,31.24,59.715,54.93,SLOW GROWTH,35
VARDHACRLC,3468499200.0,MICRO CAP,43.15999984741211,12.731563,1.5077729,0.11808,29.432,0.08285,0.04434,-0.067,0.878,Misc,Consumer Cyclical,Textile Manufacturing,2026-05-27,Textile Manufacturing,0,0,0,16.22,87.08,50.02,39.16,51.65,50.08,SLOW GROWTH,35
20MICRONS,6692791296.0,MICRO CAP,189.6699981689453,10.37582,1.4736344,0.11808,32.043,0.10897,0.07001,0.157,0.158,Misc,Basic Materials,Other Industrial Metals & Mining,2026-05-27,Other Industrial Metals & Mining,0,1,0,64.31,32.74,50.02,60.6,48.525000000000006,50.03,SLOW GROWTH,35
SHRITECH,1742757504.0,MICRO CAP,69.85,13.3301525,1.6668656,0.11808,29.432,0.0957850025,0.063525002,0.116,0.159,Misc,Unknown,Unknown,2026-05-27,Diversified,0,1,0,49.96,50.02,50.02,50.02,49.99,50.0,SLOW GROWTH,35
DYNPRO,2905756928.0,MICRO CAP,233.8000030517578,16.247395,1.2437891,0.11808,33.912,0.09373,0.048299998,-0.051,0.031,Chemicals,Basic Materials,Specialty Chemicals,2026-05-27,Specialty Chemicals,0,0,0,17.24,25.3,50.02,43.11,21.27,29.2,WEAK GROWTH,35
AVG,2387449600.0,MICRO CAP,153.8800048828125,11.543886,0.9041341,0.11808,109.016,0.10552,0.03762,-0.059,-0.058,Misc,Industrials,Integrated Freight & Logistics,2026-05-27,Integrated Freight & Logistics,0,0,0,16.81,20.91,50.02,59.27,18.86,29.13,WEAK GROWTH,35
MAWANASUG,3915598080.0,MICRO CAP,100.0999984741211,10.904139,0.8550367,0.11808,1.911,0.053969998,0.02327,0.097,-0.92732,Misc,Consumer Defensive,Confectioners,2026-05-27,Confectioners,0,0,0,39.09,0.53,50.02,28.54,19.810000000000002,26.72,WEAK GROWTH,35
ZTECH,3910008320.0,MICRO CAP,272.85,14.474801,2.172753,0.11808,29.432,0.0957850025,0.063525002,0.116,0.159,Misc,Unknown,Unknown,2026-05-27,Diversified,0,1,0,49.96,50.02,50.02,50.02,49.99,50.0,SLOW GROWTH,35
REXPIPES,811755008.0,MICRO CAP,85.9,14.810345,2.1145656,0.11808,29.432,0.0957850025,0.063525002,0.116,0.159,Misc,Unknown,Unknown,2026-05-27,Diversified,0,1,0,49.96,50.02,50.02,50.02,49.99,50.0,SLOW GROWTH,35
SUNREST,296458272.0,MICRO CAP,61.65,14.784173,1.5891634,0.11808,29.432,0.0957850025,0.063525002,0.116,0.159,Misc,Unknown,Unknown,2026-05-27,Diversified,0,1,0,49.96,50.02,50.02,50.02,49.99,50.0,SLOW GROWTH,35
KALAMANDIR,16077355008.0,SMALL CAP,109.11000061035156,11.413179,1.2731028,0.11781,28.658,0.11299,0.08522,0.051,1.413,Misc,Consumer Cyclical,Apparel Retail,2026-05-27,Apparel Retail,0,0,0,30.3,90.9,24.37,62.16,60.6,53.51,SLOW GROWTH,35
EPL,69452644352.0,SMALL CAP,216.85000610351562,17.862438,2.424937,0.15077,33.579,0.123950005,0.08165,0.177,-0.099,Misc,Consumer Cyclical,Packaging & Containers,2026-05-27,Packaging & Containers,0,0,0,67.32,19.39,83.44,65.05,43.355,53.54,SLOW GROWTH,35
MASON,2696499968.0,MICRO CAP,153.45,14.234694,2.0660543,0.11808,29.432,0.0957850025,0.063525002,0.116,0.159,Misc,Unknown,Unknown,2026-05-27,Diversified,0,1,0,49.96,50.02,50.02,50.02,49.99,50.0,SLOW GROWTH,35
ITALIANE,495773408.0,MICRO CAP,33.55,13.260869,1.0662302,0.11808,29.432,0.0957850025,0.063525002,0.116,0.159,Misc,Unknown,Unknown,2026-05-27,Diversified,0,1,0,49.96,50.02,50.02,50.02,49.99,50.0,SLOW GROWTH,35
PRESSTONIC,1029114304.0,MICRO CAP,113.4,18.31987,3.342471,0.11808,29.432,0.0957850025,0.063525002,0.116,0.159,Misc,Unknown,Unknown,2026-05-27,Diversified,0,1,0,49.96,50.02,50.02,50.02,49.99,50.0,SLOW GROWTH,35
MAL,1018294528.0,MICRO CAP,41.25,7.624769,0.6578108,0.11808,29.432,0.0957850025,0.063525002,0.116,0.159,Misc,Unknown,Unknown,2026-05-27,Diversified,0,1,0,49.96,50.02,50.02,50.02,49.99,50.0,SLOW GROWTH,35
TIMESCAN,441991008.0,MICRO CAP,63.25,6.882481,1.5469464,0.11808,29.432,0.0957850025,0.063525002,0.116,0.159,Misc,Unknown,Unknown,2026-05-27,Diversified,0,1,0,49.96,50.02,50.02,50.02,49.99,50.0,SLOW GROWTH,35
ABSMARINE,8076950016.0,MICRO CAP,329.0,15.963124,2.5963984,0.11808,29.432,0.0957850025,0.063525002,0.116,0.159,Misc,Unknown,Unknown,2026-05-27,Diversified,0,1,0,49.96,50.02,50.02,50.02,49.99,50.0,SLOW GROWTH,35
KHAITANLTD,679330240.0,MICRO CAP,135.3000030517578,9.78308,2.180816,0.11808,38.132,0.059759997,0.06442,0.49,0.602,Misc,Industrials,Industrial Distribution,2026-05-27,Industrial Distribution,0,1,0,88.75,82.86,50.02,30.5,85.805,73.12,HIGH GROWTH,35
SENCO,56065589248.0,SMALL CAP,342.20001220703125,11.6553135,2.658587,0.11808,116.632,0.12487,0.06143,0.461,6.594,Misc,Consumer Cyclical,Luxury Goods,2026-05-27,Luxury Goods,0,1,0,87.93,97.54,50.02,65.21,92.73500000000001,81.44,HIGH GROWTH,35
IPSL,1377041664.0,MICRO CAP,160.0,17.50547,2.409929,0.11808,29.432,0.0957850025,0.063525002,0.116,0.159,Misc,Unknown,Unknown,2026-05-27,Diversified,0,1,0,49.96,50.02,50.02,50.02,49.99,50.0,SLOW GROWTH,35
EFACTOR,2774676736.0,MICRO CAP,212.0,11.099476,3.6411726,0.11808,29.432,0.0957850025,0.063525002,0.116,0.159,Misc,Unknown,Unknown,2026-05-27,Diversified,0,1,0,49.96,50.02,50.02,50.02,49.99,50.0,SLOW GROWTH,35
TITAN,3636885454848.0,MEGA CAP,4100.0,71.8416,28.397875,0.37127998,195.001,0.06282,0.057919998,0.805,0.351,Misc,Consumer Cyclical,Luxury Goods,2026-05-27,Luxury Goods,0,1,0,93.99,77.0,98.13,31.59,85.495,82.63,HIGH GROWTH,35
SARTELE,11275180032.0,SMALL CAP,239.35,14.349521,1.3061464,0.11808,29.432,0.0957850025,0.063525002,0.116,0.159,Misc,Unknown,Unknown,2026-05-27,Diversified,0,1,0,49.96,50.02,50.02,50.02,49.99,50.0,SLOW GROWTH,35
KRITINUT,4885093376.0,MICRO CAP,97.5,14.4017725,2.0742033,0.15348,3.972,0.03085,0.03672,0.276,0.283,Misc,Consumer Defensive,Packaged Foods,2026-05-27,Packaged Foods,0,1,0,78.91,74.27,83.99,20.66,76.59,72.48,HIGH GROWTH,35
VETO,2322275840.0,MICRO CAP,121.48999786376953,9.726981,0.8391816,0.11808,5.817,0.097959995,0.07086,0.245,0.816,Misc,Industrials,Electrical Equipment & Parts,2026-05-27,Electrical Equipment & Parts,0,1,0,76.14,86.37,50.02,56.81,81.255,72.56,HIGH GROWTH,35
RATNAVEER,12176106496.0,SMALL CAP,170.47000122070312,15.357657,2.1472747,0.12364,50.053,0.086169995,0.060170002,0.226,0.38,Misc,Basic Materials,Steel,2026-05-27,Steel,0,1,0,74.09,77.86,77.27,40.53,75.975,72.69,HIGH GROWTH,35
INSPIRISYS,5007572480.0,MICRO CAP,126.4000015258789,12.884811,7.3840404,0.11808,128.048,0.057010002,0.09788,0.633,0.414,Technology,Technology,Information Technology Services,2026-05-27,IT Services,0,1,0,92.11,78.82,50.02,29.75,85.465,72.8,HIGH GROWTH,35
ASIANTILES,18514882560.0,SMALL CAP,62.45000076293945,15.048193,1.0044553,0.11808,20.089,0.06561,0.045560002,0.178,16.33808000000006,Misc,Industrials,Building Products & Equipment,2026-05-27,Building Products & Equipment,0,1,0,67.57,99.51,50.02,32.64,83.53999999999999,71.75,HIGH GROWTH,35
VISHWAS,867500032.0,MICRO CAP,86.75,14.037217,1.6781445,0.11808,29.432,0.0957850025,0.063525002,0.116,0.159,Misc,Unknown,Unknown,2026-05-27,Diversified,0,1,0,49.96,50.02,50.02,50.02,49.99,50.0,SLOW GROWTH,35
PROLIFE,859756800.0,MICRO CAP,210.0,18.372704,1.8325726,0.11808,29.432,0.0957850025,0.063525002,0.116,0.159,Misc,Unknown,Unknown,2026-05-27,Diversified,0,1,0,49.96,50.02,50.02,50.02,49.99,50.0,SLOW GROWTH,35
SAROJA,164839968.0,MICRO CAP,41.0,15.953308,1.0127207,0.11808,29.432,0.0957850025,0.063525002,0.116,0.159,Misc,Unknown,Unknown,2026-05-27,Diversified,0,1,0,49.96,50.02,50.02,50.02,49.99,50.0,SLOW GROWTH,35
TATAINVEST,346046529536.0,MID CAP,683.9500122070312,80.08782,1.0879334,0.01438,29.432,0.73079,0.9871920000000006,1.539,0.689,Financials,Financial Services,Asset Management,2026-05-27,Asset Management Companies,0,1,0,97.19,84.65,6.29,97.54,90.92,74.66,HIGH GROWTH,35
MVKAGRO,885253504.0,MICRO CAP,57.15,9.461921,0.7104586,0.11808,29.432,0.0957850025,0.063525002,0.116,0.159,Misc,Unknown,Unknown,2026-05-27,Diversified,0,1,0,49.96,50.02,50.02,50.02,49.99,50.0,SLOW GROWTH,35
RACLGEAR,15081164800.0,SMALL CAP,1277.0999755859375,33.73217,4.5158644,0.11808,72.348,0.16618,0.09674,0.217,1.318,Automobiles,Consumer Cyclical,Auto Parts,2026-05-27,Auto Components,0,1,0,72.92,90.28,50.02,75.09,81.6,74.63,HIGH GROWTH,35
QUICKTOUCH,1595159424.0,MICRO CAP,135.0,19.911505,0.94500756,0.11808,29.432,0.0957850025,0.063525002,0.116,0.159,Misc,Unknown,Unknown,2026-05-27,Diversified,0,1,0,49.96,50.02,50.02,50.02,49.99,50.0,SLOW GROWTH,35
CMNL,1639957120.0,MICRO CAP,67.95,16.777777,1.6887442,0.11808,29.432,0.0957850025,0.063525002,0.116,0.159,Misc,Unknown,Unknown,2026-05-27,Diversified,0,1,0,49.96,50.02,50.02,50.02,49.99,50.0,SLOW GROWTH,35
DKEGL,585624000.0,MICRO CAP,78.0,11.095305,1.9631037,0.11808,29.432,0.0957850025,0.063525002,0.116,0.159,Misc,Unknown,Unknown,2026-05-27,Diversified,0,1,0,49.96,50.02,50.02,50.02,49.99,50.0,SLOW GROWTH,35
GANDHAR,16421249024.0,SMALL CAP,167.77000427246094,15.405877,1.2743251,0.11808,24.674,0.04427,0.02599,0.161,0.672,Misc,Energy,Oil & Gas Refining & Marketing,2026-05-27,Oil & Gas Refining & Marketing,0,1,0,65.13,84.3,50.02,24.83,74.715,64.79,MODERATE GROWTH,35
ARABIAN,899134656.0,MICRO CAP,82.55,9.285714,1.4033388,0.11808,29.432,0.0957850025,0.063525002,0.116,0.159,Misc,Unknown,Unknown,2026-05-27,Diversified,0,1,0,49.96,50.02,50.02,50.02,49.99,50.0,SLOW GROWTH,35
NFL,38431911936.0,SMALL CAP,78.33999633789062,19.732996,1.498527,0.11808,176.918,0.026989998,0.00901,0.173,1.968,Chemicals,Basic Materials,Agricultural Inputs,2026-05-27,Agrochemicals,0,1,0,66.71,93.28,50.02,19.13,79.995,67.91,MODERATE GROWTH,35
RGL,11121937408.0,SMALL CAP,103.62000274658203,11.682075,0.7683296,0.11808,48.158,0.0637,0.03243,0.356,0.196,Misc,Consumer Cyclical,Luxury Goods,2026-05-27,Luxury Goods,0,1,0,83.8,69.21,50.02,31.78,76.505,66.74,MODERATE GROWTH,35
MPTODAY,171985200.0,MICRO CAP,37.65,5.393983,0.37393853,0.11808,29.432,0.0957850025,0.063525002,0.116,0.159,Misc,Unknown,Unknown,2026-05-27,Diversified,0,1,0,49.96,50.02,50.02,50.02,49.99,50.0,SLOW GROWTH,35
VISAMAN,541430400.0,MICRO CAP,39.2,15.135136,0.8181154,0.11808,29.432,0.0957850025,0.063525002,0.116,0.159,Misc,Unknown,Unknown,2026-05-27,Diversified,0,1,0,49.96,50.02,50.02,50.02,49.99,50.0,SLOW GROWTH,35
AZAD,132650901504.0,MID CAP,2054.0,100.048706,8.679375,0.09142,31.025,0.27558002,0.22037001,0.273,0.343,Misc,Industrials,Specialty Industrial Machinery,2026-05-27,Specialty Industrial Machinery,0,1,0,78.64,76.84,18.0,87.08,77.74000000000001,66.73,MODERATE GROWTH,35
GSMFOILS,576213120.0,MICRO CAP,44.15,3.569119,0.83478296,0.11808,29.432,0.0957850025,0.063525002,0.116,0.159,Misc,Unknown,Unknown,2026-05-27,Diversified,0,1,0,49.96,50.02,50.02,50.02,49.99,50.0,SLOW GROWTH,35
MASTER,1248000000.0,MICRO CAP,312.0,19.211823,3.8278918,0.11808,29.432,0.0957850025,0.063525002,0.116,0.159,Misc,Unknown,Unknown,2026-05-27,Diversified,0,1,0,49.96,50.02,50.02,50.02,49.99,50.0,SLOW GROWTH,35
ARIHANTACA,878306752.0,MICRO CAP,145.05,13.270814,3.026036,0.11808,29.432,0.0957850025,0.063525002,0.116,0.159,Misc,Unknown,Unknown,2026-05-27,Diversified,0,1,0,49.96,50.02,50.02,50.02,49.99,50.0,SLOW GROWTH,35
VINSYS,5940157440.0,MICRO CAP,404.7,19.78973,4.2379627,0.11808,29.432,0.0957850025,0.063525002,0.116,0.159,Misc,Unknown,Unknown,2026-05-27,Diversified,0,1,0,49.96,50.02,50.02,50.02,49.99,50.0,SLOW GROWTH,35
PHANTOMFX,5570866688.0,MICRO CAP,410.25,19.780617,1.6974013,0.11808,29.432,0.0957850025,0.063525002,0.116,0.159,Misc,Unknown,Unknown,2026-05-27,Diversified,0,1,0,49.96,50.02,50.02,50.02,49.99,50.0,SLOW GROWTH,35
CEIGALL,61076226048.0,SMALL CAP,350.6000061035156,19.785555,2.8016174,0.15484,61.085,0.14947,0.07754,0.371,0.788,Industrials,Industrials,Engineering & Construction,2026-05-27,Engineering & EPC,0,1,0,84.48,86.06,84.19,71.89,85.27000000000001,83.72,HIGH GROWTH,35
GROBTEA,1045399616.0,MICRO CAP,899.4000244140625,18.184393,0.99689764,0.11808,14.11,0.12472,0.046529997,0.776,9.9,Misc,Consumer Defensive,Farm Products,2026-05-27,Farm Products,0,1,0,93.87,98.4,50.02,65.13,96.135,83.81,HIGH GROWTH,35
CLSL,828718976.0,MICRO CAP,48.35,12.209596,0.7954134,0.11808,29.432,0.0957850025,0.063525002,0.116,0.159,Misc,Unknown,Unknown,2026-05-27,Diversified,0,1,0,49.96,50.02,50.02,50.02,49.99,50.0,SLOW GROWTH,35
RAMAPHO,4300512256.0,MICRO CAP,121.52999877929688,8.156376,1.0156701,0.13282,32.867,0.03701,0.059019998,0.09,0.026,Chemicals,Basic Materials,Agricultural Inputs,2026-05-27,Agrochemicals,0,0,0,37.49,25.03,79.38,22.61,31.26,40.02,SLOW GROWTH,35
KLL,1848367488.0,MICRO CAP,99.75,15.610329,2.7465718,0.11808,29.432,0.0957850025,0.063525002,0.116,0.159,Misc,Unknown,Unknown,2026-05-27,Diversified,0,1,0,49.96,50.02,50.02,50.02,49.99,50.0,SLOW GROWTH,35
JIWANRAM,358849248.0,MICRO CAP,14.5,15.760869,0.46664307,0.11808,29.432,0.0957850025,0.063525002,0.116,0.159,Misc,Unknown,Unknown,2026-05-27,Diversified,0,1,0,49.96,50.02,50.02,50.02,49.99,50.0,SLOW GROWTH,35
DENEERS,1712673536.0,MICRO CAP,199.0,10.868379,2.1708302,0.11808,29.432,0.0957850025,0.063525002,0.116,0.159,Misc,Unknown,Unknown,2026-05-27,Diversified,0,1,0,49.96,50.02,50.02,50.02,49.99,50.0,SLOW GROWTH,35
BHANDARI,1072119744.0,MICRO CAP,3.2200000286102295,10.387096,0.49424407,0.11808,64.953,0.094680004,0.03032,-0.062,0.125,Misc,Consumer Cyclical,Apparel Manufacturing,2026-05-27,Apparel Manufacturing,0,0,0,16.48,30.77,50.02,43.42,23.625,30.88,WEAK GROWTH,35
BCLIND,9684308992.0,MICRO CAP,32.810001373291016,8.264483,1.1329029,0.14187,59.845,0.07349,0.039470002,-0.154,-0.077,Misc,Consumer Defensive,Beverages - Wineries & Distilleries,2026-05-27,Beverages - Wineries & Distilleries,0,0,0,10.48,20.09,81.41,35.61,15.285,30.54,WEAK GROWTH,35
ACCORD,99993600.0,MICRO CAP,28.8,11.659919,0.6721904,0.11808,29.432,0.0957850025,0.063525002,0.116,0.159,Misc,Unknown,Unknown,2026-05-27,Diversified,0,1,0,49.96,50.02,50.02,50.02,49.99,50.0,SLOW GROWTH,35
SOLEX,13842310144.0,SMALL CAP,1281.4000244140625,14.412327,7.426684,0.11808,132.242,0.09936,0.05369,2.481,3.046,Misc,Technology,Solar,2026-05-27,Solar,0,1,0,98.28,95.35,50.02,57.32,96.815,83.51,HIGH GROWTH,35
BEARDSELL,968967104.0,MICRO CAP,24.56999969482422,10.871681,1.1273744,0.11808,36.022,0.06713,0.03201,0.028,-0.172,Misc,Industrials,Building Products & Equipment,2026-05-27,Building Products & Equipment,0,0,0,27.08,16.69,50.02,32.99,21.884999999999998,28.62,WEAK GROWTH,35
INSECTICID,22318041088.0,SMALL CAP,767.0,15.733334,1.855283,0.11808,20.483,0.0467,0.0683,0.076,-0.396,Chemicals,Basic Materials,Agricultural Inputs,2026-05-27,Agrochemicals,0,0,0,35.18,10.02,50.02,25.81,22.6,28.4,WEAK GROWTH,35
KCP,20854286336.0,SMALL CAP,161.75999450683594,13.920826,1.2726085,0.11808,39.481,0.020350002,0.0592,0.023,-0.032,Misc,Basic Materials,Building Materials,2026-05-27,Building Materials,0,0,0,26.42,21.81,50.02,17.53,24.115000000000002,28.64,WEAK GROWTH,35
PRAKASH,26973306880.0,SMALL CAP,150.6199951171875,8.159264,0.7866506,0.11808,9.971,0.102869995,0.09715,-0.138,0.036,Misc,Basic Materials,Steel,2026-05-27,Steel,0,0,0,11.28,25.56,50.02,58.26,18.419999999999998,28.72,WEAK GROWTH,35
GLOBECIVIL,2597776384.0,MICRO CAP,43.5,16.926071,1.1916502,0.11808,66.902,0.12043,0.06159,0.116,0.159,Industrials,Industrials,Engineering & Construction,2026-05-27,Engineering & EPC,0,1,0,49.96,50.02,50.02,64.0,49.99,51.4,SLOW GROWTH,35
GNA,16442496000.0,SMALL CAP,383.0,14.070537,1.7453359,0.11808,29.432,0.12595001,0.0785,0.116,0.159,Automobiles,Consumer Cyclical,Auto Parts,2026-05-27,Auto Components,0,1,0,49.96,50.02,50.02,65.6,49.99,51.56,SLOW GROWTH,35
ROSSELLIND,2118541952.0,MICRO CAP,56.20000076293945,12.034261,0.9486033,0.11808,29.432,0.13187,0.080579996,0.116,0.159,Misc,Industrials,Conglomerates,2026-05-27,Conglomerates,0,1,0,49.96,50.02,50.02,66.93,49.99,51.69,SLOW GROWTH,35
TEXMOPIPES,1335087360.0,MICRO CAP,45.72999954223633,6.9710364,0.65343505,0.11808,28.688,0.06732,0.04893,0.001,0.065,Misc,Industrials,Building Products & Equipment,2026-05-27,Building Products & Equipment,0,0,0,23.17,27.22,50.02,33.19,25.195,30.96,WEAK GROWTH,35
SIYSIL,26389512192.0,SMALL CAP,581.6500244140625,11.429555,1.9526647,0.16834,24.131,0.13878,0.08976,0.159,0.357,Misc,Consumer Cyclical,Textile Manufacturing,2026-05-27,Textile Manufacturing,0,1,0,64.78,77.16,86.68,69.15,70.97,73.93,HIGH GROWTH,35
FILATEX,20417804288.0,SMALL CAP,45.97999954223633,11.133171,2.122317,0.11808,9.979,0.07027,0.043309998,-0.018,0.17,Misc,Consumer Cyclical,Textile Manufacturing,2026-05-27,Textile Manufacturing,0,0,0,20.58,67.71,50.02,34.21,44.144999999999996,44.33,SLOW GROWTH,35
SEDEMAC,95428583424.0,SMALL CAP,2160.89990234375,91.953186,23.02455,0.27527002,16.126,0.14807001,0.09787,0.599,2.532,Automobiles,Consumer Cyclical,Auto Parts,2026-05-27,Auto Components,0,1,0,91.47,94.42,95.51,71.5,92.945,91.31,ELITE GROWTH,35
UNIVASTU,2720599552.0,MICRO CAP,75.5999984741211,25.89041,3.1162407,0.11808,43.706,0.1724,0.09024,0.337,0.719,Industrials,Industrials,Engineering & Construction,2026-05-27,Engineering & EPC,0,1,0,82.99,85.22,50.02,76.28,84.10499999999999,76.51,HIGH GROWTH,35
SRTL,1739312128.0,MICRO CAP,43.5099983215332,9.3169155,0.7258078,0.10396,15.218,0.13997,0.051909998,-0.532,1.958,Misc,Consumer Cyclical,Textile Manufacturing,2026-05-27,Textile Manufacturing,0,0,0,3.05,93.24,21.09,69.5,48.144999999999996,44.87,SLOW GROWTH,35
OMAXAUTO,5384314368.0,MICRO CAP,251.1199951171875,14.498845,1.5487086,0.11191,15.23,0.13851,0.07123,0.594,16.33808000000006,Automobiles,Consumer Cyclical,Auto Parts,2026-05-27,Auto Components,0,1,0,91.29,99.51,22.96,69.11,95.4,78.28,HIGH GROWTH,35
MUKKA,6906000384.0,MICRO CAP,23.020000457763672,13.229885,1.3780305,0.115880005,147.376,0.075500004,0.03592,-0.003,0.533,Misc,Consumer Defensive,Packaged Foods,2026-05-27,Packaged Foods,0,0,0,22.57,81.76,23.78,36.43,52.165000000000006,44.91,SLOW GROWTH,35
TMCV,1394926682112.0,LARGE CAP,378.79998779296875,45.970875,10.952091,0.26045,44.095,0.10774,0.03566,0.194,0.334,Automobiles,Consumer Cyclical,Auto Manufacturers,2026-05-27,Passenger Vehicles,0,1,0,69.86,76.73,94.92,60.21,73.295,76.31,HIGH GROWTH,35
HECPROJECT,1430745472.0,MICRO CAP,132.00999450683594,11.439341,2.522259,0.11808,73.815,0.084759995,0.07056,1.082,0.908,Industrials,Industrials,Engineering & Construction,2026-05-27,Engineering & EPC,0,1,0,95.67,87.39,50.02,39.87,91.53,78.06,HIGH GROWTH,35
ADROITINFO,509116384.0,MICRO CAP,8.890000343322754,19.326088,0.6367739,0.11808,29.363,0.11027,0.051069997,0.865,0.556,Technology,Technology,Information Technology Services,2026-05-27,IT Services,0,1,0,94.42,82.0,50.02,61.34,88.21000000000001,77.89,HIGH GROWTH,35
RELCHEMQ,913525440.0,MICRO CAP,121.0999984741211,17.032349,0.6537818,0.11808,180.277,0.08542,0.015039999,-0.112,3.077,Misc,Consumer Cyclical,Textile Manufacturing,2026-05-27,Textile Manufacturing,0,0,0,13.41,95.47,50.02,40.2,54.44,52.13,SLOW GROWTH,35
TPLPLASTEH,5471910400.0,MICRO CAP,70.1500015258789,19.705057,3.588419,0.11808,14.357,0.10787,0.06949,0.222,0.247,Misc,Consumer Cyclical,Packaging & Containers,2026-05-27,Packaging & Containers,0,1,0,73.53,72.04,50.02,60.25,72.785,66.98,MODERATE GROWTH,35
MUNJALAU,9619999744.0,MICRO CAP,96.19999694824219,19.713114,2.2279863,0.11808,87.847,0.041389998,0.022230001,0.16,0.159,Automobiles,Consumer Cyclical,Auto Parts,2026-05-27,Auto Components,0,1,0,64.97,50.02,50.02,23.86,57.495000000000005,52.64,SLOW GROWTH,35
MRPL,263888814080.0,MID CAP,150.57000732421875,13.713116,1.9812365,0.14169,108.059,0.08354,0.021710001,-0.034,-0.682,Misc,Energy,Oil & Gas Refining & Marketing,2026-05-27,Oil & Gas Refining & Marketing,0,0,0,18.92,4.57,81.37,39.48,11.745000000000001,28.44,WEAK GROWTH,35
KSL,37541629952.0,SMALL CAP,860.0,14.55407,1.9847956,0.11808,29.432,0.13818,0.08605,-0.102,-0.102,Misc,Basic Materials,Steel,2026-05-27,Steel,0,0,0,14.06,19.23,50.02,68.98,16.645,28.55,WEAK GROWTH,35
KUANTUM,6775148544.0,MICRO CAP,77.63999938964844,12.62439,0.5635807,0.11808,56.267,0.07814,0.05025,0.072,-0.533,Misc,Basic Materials,Paper & Paper Products,2026-05-27,Paper & Paper Products,0,0,0,34.69,6.83,50.02,37.64,20.759999999999998,28.3,WEAK GROWTH,35
ACCENTMIC,6382436864.0,MICRO CAP,286.9,19.306864,2.479603,0.11808,29.432,0.0957850025,0.063525002,0.116,0.159,Misc,Unknown,Unknown,2026-05-27,Diversified,0,1,0,49.96,50.02,50.02,50.02,49.99,50.0,SLOW GROWTH,35
OMFURN,765336000.0,MICRO CAP,65.0,12.745098,1.1610045,0.11808,29.432,0.0957850025,0.063525002,0.116,0.159,Misc,Unknown,Unknown,2026-05-27,Diversified,0,1,0,49.96,50.02,50.02,50.02,49.99,50.0,SLOW GROWTH,35
SJLOGISTIC,6966110208.0,MICRO CAP,457.0,12.927865,2.7339404,0.11808,29.432,0.0957850025,0.063525002,0.116,0.159,Misc,Unknown,Unknown,2026-05-27,Diversified,0,1,0,49.96,50.02,50.02,50.02,49.99,50.0,SLOW GROWTH,35
MARCO,953649024.0,MICRO CAP,51.0,18.345324,2.615653,0.11808,29.432,0.0957850025,0.063525002,0.116,0.159,Misc,Unknown,Unknown,2026-05-27,Diversified,0,1,0,49.96,50.02,50.02,50.02,49.99,50.0,SLOW GROWTH,35
GPTINFRA,14976732160.0,SMALL CAP,118.5199966430664,15.392208,2.742122,0.17464,49.76,0.124460004,0.075440004,0.089,0.306,Industrials,Industrials,Engineering & Construction,2026-05-27,Engineering & EPC,0,0,0,37.29,75.58,87.82,65.09,56.435,63.58,MODERATE GROWTH,35
INDNIPPON,18378776576.0,SMALL CAP,812.4500122070312,18.694202,2.341024,0.11808,29.432,0.14819999,0.09809,0.116,0.159,Automobiles,Consumer Cyclical,Auto Parts,2026-05-27,Auto Components,0,1,0,49.96,50.02,50.02,71.57,49.99,52.15,SLOW GROWTH,35
OMFREIGHT,2909221120.0,MICRO CAP,86.38999938964844,15.236331,1.5269725,0.11808,14.352,0.041139998,0.04231,0.023,1.654,Misc,Industrials,Integrated Freight & Logistics,2026-05-27,Integrated Freight & Logistics,0,0,0,26.42,92.19,50.02,23.74,59.305,53.89,SLOW GROWTH,35
SIGIND,1498343296.0,MICRO CAP,50.900001525878906,9.154676,0.7108542,0.11808,173.841,0.056599997,0.01265,0.283,0.156,Misc,Industrials,Conglomerates,2026-05-27,Conglomerates,0,1,0,79.54,32.58,50.02,29.44,56.06,52.19,SLOW GROWTH,35
MITTAL,457217792.0,MICRO CAP,1.0299999713897705,17.166666,0.7797123,0.11808,14.045,0.05651,0.03019,0.159,1.0,Misc,Consumer Cyclical,Textile Manufacturing,2026-05-27,Textile Manufacturing,0,1,0,64.78,88.11,50.02,29.4,76.445,66.46,MODERATE GROWTH,35
NCLIND,7757423616.0,MICRO CAP,171.5,12.865717,0.8719393,0.11808,35.688,0.083380006,0.04282,-0.111,3.439,Misc,Basic Materials,Building Materials,2026-05-27,Building Materials,0,0,0,13.53,95.9,50.02,39.36,54.715,52.24,SLOW GROWTH,35
LAGNAM,1375531648.0,MICRO CAP,77.8499984741211,9.670807,1.14292,0.11808,289.472,0.08217,0.02479,0.03,0.571,Misc,Consumer Cyclical,Textile Manufacturing,2026-05-27,Textile Manufacturing,0,0,0,27.39,82.43,50.02,39.01,54.910000000000004,52.34,SLOW GROWTH,35
ZENSARTECH,111169404928.0,MID CAP,490.3500061035156,14.550445,2.355538,0.11808,1.68,0.14679,0.072670005,0.067,0.192,Technology,Technology,Information Technology Services,2026-05-27,IT Services,0,0,0,33.54,68.98,50.02,71.07,51.260000000000005,52.99,SLOW GROWTH,35
NAHARPOLY,6430988800.0,MICRO CAP,261.54998779296875,8.875127,0.75415933,0.11808,11.21,0.07288,0.05886,-0.032,1.565,Misc,Consumer Cyclical,Packaging & Containers,2026-05-27,Packaging & Containers,0,0,0,19.23,91.8,50.02,35.38,55.515,52.4,SLOW GROWTH,35
JKIL,38203510784.0,SMALL CAP,504.8999938964844,9.872898,1.1272001,0.11808,24.572,0.11234,0.06829,-0.122,-0.161,Industrials,Industrials,Engineering & Construction,2026-05-27,Engineering & EPC,0,0,0,12.28,17.28,50.02,61.93,14.780000000000001,26.54,WEAK GROWTH,35
PENIND,23479293952.0,SMALL CAP,173.99000549316406,17.592518,2.1967049,0.11808,92.847,0.06476,0.03703,0.123,0.107,Misc,Industrials,Specialty Industrial Machinery,2026-05-27,Specialty Industrial Machinery,0,1,0,59.0,29.75,50.02,32.29,44.375,44.3,SLOW GROWTH,35
AARVI,2014255232.0,MICRO CAP,136.0,11.643835,1.5226153,0.11808,24.178,0.029260002,0.0257,0.272,0.692,Misc,Industrials,Staffing & Employment Services,2026-05-27,Staffing & Employment Services,0,1,0,78.56,84.73,50.02,20.19,81.64500000000001,69.17,MODERATE GROWTH,35
ALANKIT,2440422912.0,MICRO CAP,9.0,11.392405,0.79204434,0.11808,7.408,0.04322,0.06468,-0.17,0.474,Technology,Technology,Information Technology Services,2026-05-27,IT Services,0,0,0,9.88,80.4,50.02,24.52,45.14,44.05,SLOW GROWTH,35
CORDSCABLE,3179199744.0,MICRO CAP,245.9199981689453,18.931486,1.6918812,0.11808,57.801,0.05114,0.01831,0.147,0.047,Misc,Industrials,Electrical Equipment & Parts,2026-05-27,Electrical Equipment & Parts,0,0,0,63.18,26.26,50.02,27.41,44.72,44.05,SLOW GROWTH,35
MAHESHWARI,1630213888.0,MICRO CAP,55.08000183105469,8.18425,0.78405696,0.11808,145.284,0.04843,0.01878,0.159,0.418,Misc,Industrials,Integrated Freight & Logistics,2026-05-27,Integrated Freight & Logistics,0,1,0,64.78,78.95,50.02,26.4,71.86500000000001,62.95,MODERATE GROWTH,35
MARKOLINES,3821895424.0,MICRO CAP,173.39999389648438,14.271605,2.2828705,0.11808,33.27,0.10647,0.074,0.161,0.194,Misc,Industrials,Infrastructure Operations,2026-05-27,Infrastructure Operations,0,1,0,65.13,69.09,50.02,59.66,67.11,62.95,MODERATE GROWTH,35
VERTOZ,4092744704.0,MICRO CAP,48.02000045776367,9.415687,1.6738123,0.11808,8.016,0.111379996,0.09083,0.139,-0.2,Technology,Technology,Software - Infrastructure,2026-05-27,Software Products,0,0,0,61.85,15.42,50.02,61.54,38.635,43.2,SLOW GROWTH,35
MEIL,8841639936.0,MICRO CAP,320.0,18.327606,1.4767573,0.11474,7.695,0.1043,0.07355,0.189,-0.312,Misc,Industrials,Electrical Equipment & Parts,2026-05-27,Electrical Equipment & Parts,0,0,0,69.21,12.24,23.55,58.81,40.724999999999994,39.1,WEAK GROWTH,35
RNBDENIMS,3332812288.0,MICRO CAP,11.670000076293945,12.030928,1.622862,0.11808,40.53,0.06229,0.060760003,0.187,-0.171,Misc,Consumer Cyclical,Textile Manufacturing,2026-05-27,Textile Manufacturing,0,0,0,68.9,16.79,50.02,31.39,42.845,43.13,SLOW GROWTH,35
GULFPETRO,1848183936.0,MICRO CAP,36.25,7.1782174,0.5438778,0.11808,4.622,0.04379,0.03892,0.245,-0.214,Misc,Energy,Oil & Gas Refining & Marketing,2026-05-27,Oil & Gas Refining & Marketing,0,0,0,76.14,15.17,50.02,24.76,45.655,44.44,SLOW GROWTH,35
PILANIINVS,51031998464.0,SMALL CAP,4609.0,511.39656400000433,0.30035773,0.11808,13.114,0.8963087664000005,0.00409,-0.029,0.159,Financials,Financial Services,Asset Management,2026-05-27,Asset Management Companies,0,0,0,19.52,50.02,50.02,99.51,34.77,44.29,SLOW GROWTH,35
LIBAS,329043808.0,MICRO CAP,12.489999771118164,3.6202898,0.40270838,0.11808,16.808,0.06122,0.02542,0.018,0.159,Misc,Consumer Cyclical,Apparel Manufacturing,2026-05-27,Apparel Manufacturing,0,0,0,25.42,50.02,50.02,31.14,37.72,39.52,WEAK GROWTH,35
MSUMI,259695886336.0,MID CAP,39.15999984741211,41.659573,12.123838,0.32393003,10.786,0.065120004,0.0547,0.331,0.015,Automobiles,Consumer Cyclical,Auto Parts,2026-05-27,Auto Components,0,0,0,82.62,24.37,97.5,32.45,53.495000000000005,60.19,MODERATE GROWTH,35
PTC,56593829888.0,SMALL CAP,191.19000244140625,9.344575,0.96809965,0.103769995,25.059,0.04679,0.03611,0.289,-0.7,Misc,Utilities,Utilities - Independent Power Producers,2026-05-27,Utilities - Independent Power Producers,0,0,0,79.87,4.18,21.05,25.85,42.025000000000006,36.21,WEAK GROWTH,35
ROSSARI,29626204160.0,SMALL CAP,534.8499755859375,19.868126,2.2215528,0.11848,32.695,0.078439996,0.06227,0.182,0.335,Chemicals,Basic Materials,Specialty Chemicals,2026-05-27,Specialty Chemicals,0,1,0,68.24,76.77,75.79,37.76,72.505,69.69,MODERATE GROWTH,35
ASPINWALL,1876389120.0,MICRO CAP,240.0,19.67213,1.0055683,0.11808,43.708,0.07646,0.025020001,0.266,0.581,Misc,Consumer Defensive,Farm Products,2026-05-27,Farm Products,0,1,0,78.07,82.66,50.02,36.67,80.365,69.93,MODERATE GROWTH,35
HIMATSEIDE,10124768256.0,SMALL CAP,80.5199966430664,12.27439,0.4810553,0.11808,121.696,0.09887999,0.028380001,-0.116,-0.643,Misc,Consumer Cyclical,Textile Manufacturing,2026-05-27,Textile Manufacturing,0,0,0,13.12,5.0,50.02,57.17,9.059999999999999,22.06,WEAK GROWTH,35
UFO,2923915520.0,MICRO CAP,75.33000183105469,14.857988,0.9315065,0.11808,29.853,0.08045,0.04428,-0.049,-0.583,Misc,Communication Services,Entertainment,2026-05-27,Entertainment,0,0,0,17.45,6.11,50.02,38.34,11.78,22.08,WEAK GROWTH,35
ARIHANTSUP,11244997632.0,SMALL CAP,260.0,24.413147,5.22487,0.11808,197.85,0.22343999,0.08693,-0.164,-0.76,Misc,Real Estate,Real Estate - Development,2026-05-27,Real Estate - Development,0,0,0,10.11,2.93,50.02,83.25,6.52,22.89,WEAK GROWTH,35
JAYAGROGN,6600000000.0,MICRO CAP,220.0,14.925373,1.1204368,0.11808,30.871,0.02082,0.01847,0.013,-0.511,Chemicals,Basic Materials,Specialty Chemicals,2026-05-27,Specialty Chemicals,0,0,0,24.6,7.15,50.02,17.73,15.875,22.89,WEAK GROWTH,35
ASAHISONG,3014238720.0,MICRO CAP,255.72000122070312,19.387415,1.1705683,0.11808,49.417,0.04571,0.02856,-0.098,-0.198,Chemicals,Basic Materials,Specialty Chemicals,2026-05-27,Specialty Chemicals,0,0,0,14.23,15.56,50.02,25.3,14.895,22.96,WEAK GROWTH,35
CENTEXT,1624800000.0,MICRO CAP,20.309999465942383,15.270676,1.8208714,0.11808,63.677,0.05688,0.023440002,0.183,0.161,Misc,Basic Materials,Aluminum,2026-05-27,Aluminum,0,1,0,68.35,67.36,50.02,29.64,67.85499999999999,60.47,MODERATE GROWTH,35
AARTECH,1440786560.0,MICRO CAP,45.349998474121094,82.454544,4.2574162,0.11808,15.972,0.29993,0.05098,-0.245,-0.69,Misc,Industrials,Electrical Equipment & Parts,2026-05-27,Electrical Equipment & Parts,0,0,0,7.5,4.41,50.02,88.72,5.955,23.04,WEAK GROWTH,35
SYSTANGO,3717073920.0,MICRO CAP,253.4,11.486854,3.073005,0.11808,29.432,0.0957850025,0.063525002,0.116,0.159,Misc,Unknown,Unknown,2026-05-27,Diversified,0,1,0,49.96,50.02,50.02,50.02,49.99,50.0,SLOW GROWTH,35
MUFTI,5854080000.0,MICRO CAP,89.5199966430664,12.626233,1.4049846,0.11808,58.118,0.0994,0.07888,-0.06,-0.619,Misc,Consumer Cyclical,Apparel Retail,2026-05-27,Apparel Retail,0,0,0,16.69,5.39,50.02,57.36,11.040000000000001,23.47,WEAK GROWTH,35
RPPINFRA,3718944000.0,MICRO CAP,75.0,17.857143,0.6694994,0.11808,18.172,0.00524,0.026600001,0.069,-0.92732,Industrials,Industrials,Engineering & Construction,2026-05-27,Engineering & EPC,0,0,0,34.03,0.53,50.02,13.86,17.28,23.49,WEAK GROWTH,35
BALAJEE,2443046912.0,MICRO CAP,29.950000762939453,18.955696,0.79960483,0.11808,63.12,0.02458,0.02256,0.198,-0.92732,Misc,Consumer Cyclical,Packaging & Containers,2026-05-27,Packaging & Containers,0,0,0,70.6,0.53,50.02,18.51,35.565,36.75,WEAK GROWTH,35
CEWATER,5834267648.0,MICRO CAP,281.8999938964844,10.224882,1.0611587,0.11808,30.084,0.00037999998,0.08512,0.014,0.159,Misc,Utilities,Utilities - Regulated Water,2026-05-27,Utilities - Regulated Water,0,0,0,24.85,50.02,50.02,13.24,37.435,37.53,WEAK GROWTH,35
ONGC,3486624251904.0,MEGA CAP,277.1499938964844,8.418895,0.94723314,0.11808,43.805,0.095249996,0.057979997,0.008,0.162,Energy,Energy,Oil & Gas Integrated,2026-05-27,Oil Marketing,0,0,0,23.86,67.4,50.02,43.52,45.63,46.3,SLOW GROWTH,35
JIOFIN,1600799637504.0,LARGE CAP,242.42999267578125,100.59335,1.1465881,0.012130001,16.286,0.43075,0.57768,0.394,-0.14,Financials,Financial Services,Asset Management,2026-05-27,Asset Management Companies,0,0,0,85.65,17.88,5.94,93.83,51.765,46.81,SLOW GROWTH,35
MITCON,1400772352.0,MICRO CAP,79.2300033569336,31.947582,0.86540985,0.11808,62.951,0.15868,0.04265,0.19,2.75,Industrials,Industrials,Engineering & Construction,2026-05-27,Engineering & EPC,0,1,0,69.35,94.69,50.02,73.64,82.02,74.78,HIGH GROWTH,35
SARVESHWAR,4630915584.0,MICRO CAP,3.759999990463257,12.965518,0.96311474,0.11808,57.24,0.050619997,0.02516,0.158,0.143,Misc,Consumer Defensive,Packaged Foods,2026-05-27,Packaged Foods,0,1,0,64.55,31.84,50.02,27.25,48.195,46.47,SLOW GROWTH,35
IGCL,3974892544.0,MICRO CAP,62.869998931884766,11.472628,1.1142422,0.11808,47.136,0.09719,0.05565,0.188,-0.105,Chemicals,Basic Materials,Agricultural Inputs,2026-05-27,Agrochemicals,0,0,0,69.09,19.09,50.02,56.68,44.09,46.54,SLOW GROWTH,35
MANOMAY,3176397056.0,MICRO CAP,175.99000549316406,17.687439,1.8571007,0.12309,203.436,0.07545,0.027579999,0.144,0.505,Misc,Consumer Cyclical,Textile Manufacturing,2026-05-27,Textile Manufacturing,0,1,0,62.67,81.35,77.0,36.39,72.00999999999999,69.45,MODERATE GROWTH,35
REDTAPE,79300247552.0,SMALL CAP,143.4499969482422,33.516354,9.21619,0.11808,108.421,0.1881,0.09421,0.184,0.429,Misc,Consumer Cyclical,Footwear & Accessories,2026-05-27,Footwear & Accessories,0,1,0,68.49,79.29,50.02,78.64,73.89,69.59,MODERATE GROWTH,35
JKLAKSHMI,75908112384.0,SMALL CAP,611.5,18.439384,2.0499952,0.11098,66.59,0.10644,0.06093,0.002,-0.27,Misc,Basic Materials,Building Materials,2026-05-27,Building Materials,0,0,0,23.33,13.2,22.69,59.59,18.265,23.28,WEAK GROWTH,35
BHARATGEAR,1812050432.0,MICRO CAP,118.01000213623047,13.770129,1.4871899,0.11808,64.485,0.033099998,0.01756,0.333,0.159,Automobiles,Consumer Cyclical,Auto Parts,2026-05-27,Auto Components,0,1,0,82.74,50.02,50.02,21.4,66.38,58.61,MODERATE GROWTH,35
BMWVENTLTD,5463045120.0,MICRO CAP,63.0,15.035799,1.272573,0.11808,107.33,0.03568,0.017029999,0.161,0.288,Misc,Basic Materials,Steel,2026-05-27,Steel,0,1,0,65.13,74.46,50.02,22.18,69.79499999999999,61.08,MODERATE GROWTH,35
EIDPARRY,133542395904.0,MID CAP,750.5499877929688,11.244195,1.5435475,0.11808,18.388,0.06122,0.03174,0.183,0.191,Chemicals,Basic Materials,Agricultural Inputs,2026-05-27,Agrochemicals,0,1,0,68.35,68.88,50.02,31.14,68.615,61.15,MODERATE GROWTH,35
VISAKAIND,6255704576.0,MICRO CAP,72.4000015258789,10.44733,0.79686534,0.10865,36.591,0.07123,0.05088,0.127,1.742,Misc,Industrials,Building Products & Equipment,2026-05-27,Building Products & Equipment,0,1,0,59.8,92.5,22.1,34.63,76.15,61.19,MODERATE GROWTH,35
PPL,4881330688.0,MICRO CAP,204.0500030517578,12.189367,1.0676874,0.11808,2.772,0.07706,0.05353,-0.059,-0.562,Misc,Industrials,Building Products & Equipment,2026-05-27,Building Products & Equipment,0,0,0,16.81,6.52,50.02,36.9,11.665,21.86,WEAK GROWTH,35
SURYAROSNI,51465261056.0,SMALL CAP,236.5,18.025915,2.0516512,0.112110004,3.031,0.06305,0.03763,0.016,-0.246,Misc,Basic Materials,Steel,2026-05-27,Steel,0,0,0,25.11,13.84,23.04,31.67,19.475,21.41,WEAK GROWTH,35
AGROPHOS,694388480.0,MICRO CAP,34.25,13.810484,0.9893126,0.11808,37.092,0.06407,0.06156,0.571,-0.631,Chemicals,Basic Materials,Agricultural Inputs,2026-05-27,Agrochemicals,0,0,0,90.75,5.19,50.02,31.94,47.97,46.78,SLOW GROWTH,35
RITCO,7576286720.0,MICRO CAP,266.1099853515625,18.44144,2.3740954,0.11808,107.999,0.050419997,0.0295,0.255,-0.113,Misc,Industrials,Integrated Freight & Logistics,2026-05-27,Integrated Freight & Logistics,0,0,0,76.98,18.8,50.02,27.18,47.89,46.24,SLOW GROWTH,35
REGAAL,9368378368.0,MICRO CAP,91.19999694824219,18.650307,1.7887964,0.11808,108.692,0.09571,0.043730002,0.257,-0.296,Misc,Consumer Defensive,Packaged Foods,2026-05-27,Packaged Foods,0,0,0,77.16,12.61,50.02,43.77,44.885,45.8,SLOW GROWTH,35
SECMARK,1373394304.0,MICRO CAP,125.30000305175781,51.77686,6.271899,0.1169,54.908,0.39946,0.068390004,0.144,0.075,Technology,Industrials,Consulting Services,2026-05-27,IT Consulting,0,0,0,62.67,27.88,24.05,92.93,45.275,45.8,SLOW GROWTH,35
HINDALCO,2565314707456.0,MEGA CAP,1147.199951171875,19.069149,1.8883795,0.10288,72.598,0.09979,0.048699997,0.204,-0.509,Misc,Basic Materials,Aluminum,2026-05-27,Aluminum,0,0,0,71.67,7.22,20.85,57.59,39.445,37.54,WEAK GROWTH,35
MANGLMCEM,23647676416.0,SMALL CAP,860.0,18.348625,2.420122,0.14099,90.914,0.06915,0.07333,-0.025,2.857,Misc,Basic Materials,Building Materials,2026-05-27,Building Materials,0,0,0,19.91,94.98,81.22,33.81,57.445,59.84,MODERATE GROWTH,35
TATACOMM,551475019776.0,LARGE CAP,1935.0,52.912224,19.374218,0.31131,335.485,0.084359996,0.04038,0.094,-0.747,Telecom,Communication Services,Telecom Services,2026-05-27,Telecom Services,0,0,0,38.4,3.16,96.99,39.71,20.78,37.92,WEAK GROWTH,35
TCI,70059417600.0,SMALL CAP,912.9000244140625,15.371275,2.9270687,0.11808,10.416,0.07591,0.09364,0.089,0.148,Misc,Industrials,Integrated Freight & Logistics,2026-05-27,Integrated Freight & Logistics,0,0,0,37.29,32.14,50.02,36.59,34.715,37.96,WEAK GROWTH,35
PATINTLOG,943582720.0,MICRO CAP,13.5600004196167,9.826087,0.79007167,0.11808,5.065,0.03853,0.018660001,0.125,0.561,Misc,Industrials,Integrated Freight & Logistics,2026-05-27,Integrated Freight & Logistics,0,1,0,59.41,82.14,50.02,22.92,70.775,61.84,MODERATE GROWTH,35
CYBERMEDIA,368477760.0,MICRO CAP,17.690000534057617,7.340249,-3.7726595,0.11808,216.303,0.056199998,0.03777,0.304,0.159,Misc,Communication Services,Publishing,2026-05-27,Publishing,0,1,0,81.14,50.02,50.02,29.3,65.58,58.84,MODERATE GROWTH,35
SUMEETINDS,14905543680.0,SMALL CAP,28.31999969482422,3.1412459800000003,0.3737479,0.11808,48.264,0.040710002,0.092,0.06,-0.904,Misc,Consumer Cyclical,Textile Manufacturing,2026-05-27,Textile Manufacturing,0,0,0,32.08,1.21,50.02,23.55,16.645,24.01,WEAK GROWTH,35
MANAKSTEEL,4666679296.0,MICRO CAP,71.19999694824219,17.582714,1.4308391,0.12974,46.44,0.10005999,0.03516,0.623,3.097,Misc,Basic Materials,Steel,2026-05-27,Steel,0,1,0,91.9,95.51,78.56,57.71,93.70500000000001,87.08,ELITE GROWTH,35
PODDARMENT,2683268864.0,MICRO CAP,252.89999389648438,18.181164,0.7310875,0.11808,29.432,0.04329,0.04192,0.015,-0.546,Chemicals,Basic Materials,Specialty Chemicals,2026-05-27,Specialty Chemicals,0,0,0,25.01,6.66,50.02,24.6,15.835,23.55,WEAK GROWTH,35
EBGNG,49646317568.0,SMALL CAP,435.45001220703125,288.3775,6.468552,0.26766002,58.541,0.09224,0.06981,0.43,1.434,Misc,Technology,Computer Hardware,2026-05-27,Computer Hardware,0,1,0,87.08,91.06,95.12,42.48,89.07,85.62,ELITE GROWTH,35
ADVANCE,6710143488.0,MICRO CAP,104.37999725341797,16.05846,2.3932133,0.17179,31.588,0.10065,0.054980002,0.379,2.281,Chemicals,Basic Materials,Agricultural Inputs,2026-05-27,Agrochemicals,0,1,0,84.91,93.91,87.23,57.79,89.41,85.81,ELITE GROWTH,35
PATELRMART,6245898752.0,MICRO CAP,187.0,17.219152,1.4325331,0.15668,44.929,0.047620002,0.03686,0.534,0.038,Misc,Consumer Cyclical,Department Stores,2026-05-27,Department Stores,0,0,0,90.1,25.69,84.65,26.2,57.894999999999996,60.08,MODERATE GROWTH,35
PUNJABCHEM,12605526016.0,SMALL CAP,1028.0,19.693487,2.9748468,0.16229999,36.418,0.09024,0.06211,0.031,0.558,Misc,Basic Materials,Chemicals,2026-05-27,Chemicals,0,0,0,27.57,82.06,85.71,41.78,54.815,59.69,MODERATE GROWTH,35
RPPL,1188172800.0,MICRO CAP,16.200000762939453,8.307693,0.6977045,0.11808,69.557,0.05683,0.04393,-0.015,0.159,Misc,Consumer Cyclical,Packaging & Containers,2026-05-27,Packaging & Containers,0,0,0,21.05,50.02,50.02,29.6,35.535000000000004,37.84,WEAK GROWTH,35
WENDT,13959999488.0,SMALL CAP,6980.0,95.61644,5.6304445,0.05849,0.0916,0.09988,0.06157,-0.117,-0.605,Misc,Industrials,Tools & Accessories,2026-05-27,Tools & Accessories,0,0,0,12.92,5.6,12.16,57.67,9.26,14.68,WEAK GROWTH,35
AGARIND,6378000896.0,MICRO CAP,426.3999938964844,10.927729,0.9710352,0.11808,63.478,0.01835,0.02819,-0.247,-0.899,Chemicals,Basic Materials,Specialty Chemicals,2026-05-27,Specialty Chemicals,0,0,0,7.4,1.41,50.02,16.79,4.405,14.77,WEAK GROWTH,35
NDL,3805485568.0,MICRO CAP,2.640000104904175,3.1412459800000003,0.5570796,0.11808,34.572,0.0188,0.01013,-0.461,-0.6,Misc,Consumer Cyclical,Textile Manufacturing,2026-05-27,Textile Manufacturing,0,0,0,3.67,5.66,50.02,16.87,4.665,14.96,WEAK GROWTH,35
SHIVATEX,2442271488.0,MICRO CAP,177.75999450683594,14.323932,1.6090518,0.11808,72.496,0.07201,0.04603,0.015,-0.074,Misc,Consumer Cyclical,Textile Manufacturing,2026-05-27,Textile Manufacturing,0,0,0,25.01,20.25,50.02,34.95,22.630000000000003,29.34,WEAK GROWTH,35
KNAGRI,4824539648.0,MICRO CAP,192.99000549316406,13.146458,1.3219671,0.11808,13.118,0.01812,0.01908,0.079,-0.263,Misc,Consumer Defensive,Farm Products,2026-05-27,Farm Products,0,0,0,35.63,13.35,50.02,16.75,24.490000000000002,28.82,WEAK GROWTH,35
COSMOFIRST,19911202816.0,SMALL CAP,767.0499877929688,12.857023,1.229844,0.10119,103.944,0.08182,0.04287,0.368,0.365,Misc,Consumer Cyclical,Packaging & Containers,2026-05-27,Packaging & Containers,0,1,0,84.26,77.47,20.54,38.93,80.86500000000001,64.61,MODERATE GROWTH,35
MONTECARLO,11464830976.0,SMALL CAP,553.0,10.227483,1.3751943,0.12880999,63.989,0.030569999,0.08783,0.361,0.159,Misc,Consumer Cyclical,Apparel Manufacturing,2026-05-27,Apparel Manufacturing,0,1,0,84.03,50.02,78.33,20.62,67.025,64.65,MODERATE GROWTH,35
AMBIKCO,9697577984.0,MICRO CAP,1693.9000244140625,15.421523,1.0361658,0.11808,29.432,0.11472,0.08958,0.115,0.062,Misc,Consumer Cyclical,Textile Manufacturing,2026-05-27,Textile Manufacturing,0,0,0,41.94,26.94,50.02,62.59,34.44,40.37,SLOW GROWTH,35
DOLLAR,15146039296.0,SMALL CAP,267.04998779296875,14.553133,1.6910781,0.11806,30.541,0.07715,0.056989998,0.134,0.113,Misc,Consumer Cyclical,Apparel Manufacturing,2026-05-27,Apparel Manufacturing,0,1,0,60.99,29.99,24.4,36.94,45.49,40.42,SLOW GROWTH,35
AARTIDRUGS,36079030272.0,SMALL CAP,395.29998779296875,18.489243,2.3281975,0.13359,37.221,0.10901,0.07598,0.064,-0.12,Misc,Healthcare,Drug Manufacturers - Specialty & Generic,2026-05-27,Drug Manufacturers - Specialty & Generic,0,0,0,32.86,18.51,79.42,60.64,25.685000000000002,39.93,WEAK GROWTH,35
ASALCBR,17371521024.0,SMALL CAP,865.1500244140625,18.828074,2.3742745,0.14562,9.922,0.14140001,0.08677,-0.016,0.049,Misc,Consumer Defensive,Beverages - Wineries & Distilleries,2026-05-27,Beverages - Wineries & Distilleries,0,0,0,20.97,26.36,82.27,69.89,23.665,40.01,SLOW GROWTH,35
ASHAPURMIN,62908710912.0,SMALL CAP,658.5499877929688,16.676373,4.411124,0.11808,86.445,0.11391,0.09864,0.11,-0.209,Misc,Basic Materials,Other Industrial Metals & Mining,2026-05-27,Other Industrial Metals & Mining,0,0,0,40.92,15.27,50.02,62.4,28.095,35.91,WEAK GROWTH,35
DBEIL,3614674688.0,MICRO CAP,77.5999984741211,10.237467,0.8451226,0.11808,35.454,0.0795,0.067,0.274,-0.703,Industrials,Industrials,Engineering & Construction,2026-05-27,Engineering & EPC,0,0,0,78.78,3.98,50.02,38.03,41.38,42.77,SLOW GROWTH,35
AVTNPL,10460388352.0,SMALL CAP,68.69000244140625,18.268618,2.0056646,0.11808,19.139,0.105399996,0.088649996,0.122,-0.197,Chemicals,Basic Materials,Specialty Chemicals,2026-05-27,Specialty Chemicals,0,0,0,58.77,15.64,50.02,59.23,37.205,41.97,SLOW GROWTH,35
ARE&M,164768579584.0,MID CAP,900.25,18.406256,2.129081,0.11808,5.015,0.07145,0.0557,0.164,-0.188,Misc,Industrials,Electrical Equipment & Parts,2026-05-27,Electrical Equipment & Parts,0,0,0,65.62,15.95,50.02,34.75,40.785000000000004,42.03,SLOW GROWTH,35
HILINFRA,3603961856.0,MICRO CAP,50.25,10.255102,1.7873657,0.11808,27.666,0.05861,0.07224,-0.092,0.185,Misc,Industrials,Infrastructure Operations,2026-05-27,Infrastructure Operations,0,0,0,14.55,68.43,50.02,30.14,41.49,42.06,SLOW GROWTH,35
PPAP,3000084736.0,MICRO CAP,211.58999633789062,6.9396524,1.1295583,0.13734001,60.801,0.04282,0.07596,0.186,16.33808000000006,Automobiles,Consumer Cyclical,Auto Parts,2026-05-27,Auto Components,0,1,0,68.68,99.51,80.36,24.37,84.095,77.38,HIGH GROWTH,35
GLOTTIS,5959993344.0,MICRO CAP,64.5,15.542169,2.1306114,0.11808,25.397,0.03271,0.04593,-0.268,-0.827,Misc,Industrials,Integrated Freight & Logistics,2026-05-27,Integrated Freight & Logistics,0,0,0,6.83,2.23,50.02,21.16,4.53,15.29,WEAK GROWTH,35
SIGNPOST,16123192320.0,SMALL CAP,301.6499938964844,32.19317,6.404322,0.11808,82.071,0.19243999,0.09528,0.269,2.139,Misc,Communication Services,Advertising Agencies,2026-05-27,Advertising Agencies,0,1,0,78.33,93.6,50.02,79.19,85.965,78.1,HIGH GROWTH,35
MAHSCOOTER,151862804480.0,MID CAP,13288.0,49.01512,0.55090886,0.010620001,29.432,0.83871,0.9871920000000006,-0.036,-0.923,Financials,Financial Services,Asset Management,2026-05-27,Asset Management Companies,0,0,0,18.65,1.13,5.54,98.48,9.889999999999999,17.88,WEAK GROWTH,35
IVP,1827748608.0,MICRO CAP,177.0,13.388804,1.2701921,0.11808,69.423,0.04918,0.023559999,0.121,1.435,Chemicals,Basic Materials,Specialty Chemicals,2026-05-27,Specialty Chemicals,0,1,0,58.57,91.1,50.02,26.79,74.835,65.07,MODERATE GROWTH,35
UNIHEALTH,1863394176.0,MICRO CAP,121.0,12.3343525,1.4881685,0.11808,29.432,0.0957850025,0.063525002,0.116,0.159,Misc,Unknown,Unknown,2026-05-27,Diversified,0,1,0,49.96,50.02,50.02,50.02,49.99,50.0,SLOW GROWTH,35
VAIBHAVGBL,38036045824.0,SMALL CAP,227.75999450683594,18.367743,2.6272318,0.17754,25.234,0.059369996,0.07209,0.1,1.678,Misc,Consumer Cyclical,Luxury Goods,2026-05-27,Luxury Goods,0,0,0,39.48,92.31,88.23,30.38,65.895,66.81,MODERATE GROWTH,35
PANACHE,5350358016.0,MICRO CAP,351.3500061035156,39.389015,7.7452993,0.18996,26.17,0.17421,0.06672,0.658,2.524,Misc,Technology,Communication Equipment,2026-05-27,Communication Equipment,0,1,1,92.54,94.38,89.85,76.65,93.46000000000001,91.06,ELITE GROWTH,35
CEATLTD,132997922816.0,MID CAP,3296.800048828125,19.076496,2.2665944,0.14787,64.742,0.096870005,0.04452,0.233,1.832,Automobiles,Consumer Cyclical,Auto Parts,2026-05-27,Auto Components,0,1,0,74.97,92.93,82.74,56.54,83.95,80.97,HIGH GROWTH,35
REDINGTON,175109652480.0,MID CAP,223.99000549316406,11.751837,1.7254157,0.13089,27.26,0.01698,0.012510001,0.251,-0.411,Technology,Technology,Information Technology Services,2026-05-27,IT Services,0,0,0,76.63,9.68,78.88,16.48,43.155,47.63,SLOW GROWTH,35
SATIA,5906999808.0,MICRO CAP,59.06999969482422,8.378723,0.5612832,0.11808,27.735,0.00836,0.04832,0.012,0.414,Misc,Basic Materials,Paper & Paper Products,2026-05-27,Paper & Paper Products,0,0,0,24.4,78.82,50.02,14.33,51.61,47.56,SLOW GROWTH,35
TNPL,10315840512.0,SMALL CAP,149.0500030517578,4.1645713,0.4986201,0.11254,69.638,0.04908,0.053340003,-0.045,9.848,Misc,Basic Materials,Paper & Paper Products,2026-05-27,Paper & Paper Products,0,0,0,17.81,98.36,23.12,26.67,58.085,47.95,SLOW GROWTH,35
AURIGROW,213196800.0,MICRO CAP,0.3199999928474426,4.0,0.29384756,0.11808,14.284,0.06238,0.04164,0.116,0.159,Misc,Industrials,Electrical Equipment & Parts,2026-05-27,Electrical Equipment & Parts,0,1,0,49.96,50.02,50.02,31.43,49.99,48.14,SLOW GROWTH,35
TRENT,1505133854720.0,LARGE CAP,4234.0,87.60604,21.549814,0.27126,36.034,0.10954001,0.08566,0.192,0.258,Misc,Consumer Cyclical,Apparel Retail,2026-05-27,Apparel Retail,0,1,0,69.6,72.84,95.28,60.91,71.22,75.0,HIGH GROWTH,35
GODREJIND,381936664576.0,MID CAP,1134.0,30.78176,3.6720657,0.10832,222.411,0.19414,0.04775,0.516,1.426,Misc,Industrials,Conglomerates,2026-05-27,Conglomerates,0,1,0,89.61,90.94,22.06,79.46,90.275,75.55,HIGH GROWTH,35
SSWL,33206482944.0,SMALL CAP,211.10000610351562,17.518673,1.9384046,0.11808,52.775,0.07028,0.03845,0.229,-0.026,Automobiles,Consumer Cyclical,Auto Parts,2026-05-27,Auto Components,0,0,0,74.52,22.08,50.02,34.24,48.3,47.24,SLOW GROWTH,35
DCMSRIND,3383996160.0,MICRO CAP,38.900001525878906,3.1412459800000003,0.36948037,0.11808,33.1,0.07095,0.03632,-0.476,-0.507,Misc,Consumer Defensive,Confectioners,2026-05-27,Confectioners,0,0,0,3.51,7.26,50.02,34.44,5.385,17.22,WEAK GROWTH,35
HCC,58256969728.0,SMALL CAP,22.239999771118164,29.653334,2.2824302,0.10915,47.912,0.16687,0.0417,-0.278,-0.46,Industrials,Industrials,Engineering & Construction,2026-05-27,Engineering & EPC,0,0,0,6.5,8.81,22.18,75.2,7.655,17.31,WEAK GROWTH,35
NEULANDLAB,217453789184.0,MID CAP,16949.0,59.810146,11.601038,0.11808,16.072,0.36360002,0.022880001,1.364,6.649,Misc,Healthcare,Drug Manufacturers - Specialty & Generic,2026-05-27,Drug Manufacturers - Specialty & Generic,0,1,0,96.8,97.62,50.02,91.84,97.21000000000001,87.24,ELITE GROWTH,35
MVGJL,7670025216.0,MICRO CAP,157.02000427246094,6.7564545,0.9943702,0.14816,58.923,0.06066,0.04167,0.085,0.051,Misc,Consumer Cyclical,Luxury Goods,2026-05-27,Luxury Goods,0,0,0,36.7,26.43,82.82,30.93,31.565,41.75,SLOW GROWTH,35
NOVAAGRI,2588069632.0,MICRO CAP,28.75,14.896374,1.1586201,0.11808,23.31,0.0733,0.06421,-0.245,-0.761,Chemicals,Basic Materials,Agricultural Inputs,2026-05-27,Agrochemicals,0,0,0,7.5,2.89,50.02,35.53,5.195,17.19,WEAK GROWTH,35
PGINVIT,87323525120.0,SMALL CAP,95.96,9.576846,1.1309636,0.11808,29.432,0.0957850025,0.063525002,0.116,0.159,Misc,Unknown,Unknown,2026-05-27,Diversified,0,1,0,49.96,50.02,50.02,50.02,49.99,50.0,SLOW GROWTH,35
JSL,597281275904.0,LARGE CAP,724.9000244140625,18.72159,13.269996,0.17407,37.523,0.10383,0.07434,0.112,0.425,Misc,Basic Materials,Steel,2026-05-27,Steel,0,1,0,41.29,79.17,87.74,58.49,60.230000000000004,65.56,MODERATE GROWTH,35
NHPC,809227976704.0,LARGE CAP,80.55999755859375,29.083033,1.9561944,0.09021,113.111,0.19674,0.32421002,0.192,0.706,Energy,Utilities,Utilities - Renewable,2026-05-27,Power Generation – Renewable,0,1,0,69.6,85.01,17.61,79.93,77.305,65.63,MODERATE GROWTH,35
SPAL,18885586944.0,SMALL CAP,751.25,18.725075,2.0982938,0.11281,44.596,0.08851,0.06322,-0.086,-0.391,Misc,Consumer Cyclical,Apparel Manufacturing,2026-05-27,Apparel Manufacturing,0,0,0,14.92,10.23,23.17,41.19,12.575,17.56,WEAK GROWTH,35
CARTRADE,84305412096.0,SMALL CAP,1759.0,39.483727,3.3897326,0.09849,5.363,0.29896998,0.28617,0.198,0.573,Misc,Consumer Cyclical,Auto & Truck Dealerships,2026-05-27,Auto & Truck Dealerships,0,1,0,70.6,82.51,19.68,88.68,76.555,66.39,MODERATE GROWTH,35
KANPRPLA,4802491392.0,MICRO CAP,200.0,11.534025,1.794076,0.17197001,41.789,0.1223,0.054,0.006,3.662,Misc,Consumer Cyclical,Packaging & Containers,2026-05-27,Packaging & Containers,0,0,0,23.58,96.1,87.27,64.7,59.839999999999996,65.81,MODERATE GROWTH,35
NAHARINDUS,4841185280.0,MICRO CAP,112.05000305175781,11.352584,0.47845972,0.11808,50.924,0.05819,0.02925,-0.208,0.252,Misc,Consumer Cyclical,Textile Manufacturing,2026-05-27,Textile Manufacturing,0,0,0,8.59,72.28,50.02,30.03,40.435,41.31,SLOW GROWTH,35
KELLTONTEC,9028564992.0,MICRO CAP,16.989999771118164,9.820809,1.3267219,0.11808,21.666,0.113620006,0.076799996,0.104,0.106,Technology,Technology,Software - Application,2026-05-27,SaaS,0,1,0,39.98,29.62,50.02,62.32,34.8,40.6,SLOW GROWTH,35
ROML,684982848.0,MICRO CAP,45.70000076293945,14.694534,31.824512,0.11808,606.1040000000002,0.02012,0.03083,0.293,-0.605,Misc,Consumer Defensive,Packaged Foods,2026-05-27,Packaged Foods,0,0,0,80.28,5.6,50.02,17.42,42.94,41.8,SLOW GROWTH,35
DATAMATICS,46555148288.0,SMALL CAP,787.6500244140625,23.91166,3.2005672,0.1348,14.384,0.16943,0.097729996,0.044,-0.015,Technology,Technology,Information Technology Services,2026-05-27,IT Services,0,0,0,29.4,22.65,79.66,75.6,26.025,41.71,SLOW GROWTH,35
SSDL,2439347712.0,MICRO CAP,61.599998474121094,9.019033,1.2946072,0.11808,3.465,0.022839999,0.042740002,-0.207,-0.593,Misc,Consumer Cyclical,Apparel Retail,2026-05-27,Apparel Retail,0,0,0,8.63,5.84,50.02,18.16,7.235,16.88,WEAK GROWTH,35
PANAMAPET,20809797632.0,SMALL CAP,344.0,11.24183,1.5525427,0.11808,2.327,0.07748,0.06323,0.065,-0.056,Misc,Energy,Oil & Gas Refining & Marketing,2026-05-27,Oil & Gas Refining & Marketing,0,0,0,33.11,21.03,50.02,37.17,27.07,32.67,WEAK GROWTH,35
TIMETECHNO,88908668928.0,SMALL CAP,180.11000061035156,18.47282,2.685964,0.11808,21.955,0.12113,0.07563,0.128,0.239,Misc,Consumer Cyclical,Packaging & Containers,2026-05-27,Packaging & Containers,0,1,0,59.92,71.67,50.02,64.23,65.795,62.48,MODERATE GROWTH,35
BALAXI,1390676992.0,MICRO CAP,25.190000534057617,14.730994,0.5529216,0.11808,23.745,0.03487,0.03424,-0.01,-0.92732,Misc,Healthcare,Drug Manufacturers - Specialty & Generic,2026-05-27,Drug Manufacturers - Specialty & Generic,0,0,0,21.67,0.53,50.02,21.83,11.100000000000001,19.96,WEAK GROWTH,35
TOUCHWOOD,782890048.0,MICRO CAP,70.6500015258789,16.354166,1.8741046,0.11808,9.449,0.093760006,0.06656,-0.333,-0.454,Misc,Communication Services,Advertising Agencies,2026-05-27,Advertising Agencies,0,0,0,5.47,8.9,50.02,43.19,7.1850000000000005,19.35,WEAK GROWTH,35
OSIAHYPER,574362944.0,MICRO CAP,3.490000009536743,3.1412459800000003,0.14219362,0.11808,39.501,0.02718,0.012619999,-0.061,-0.647,Misc,Consumer Cyclical,Department Stores,2026-05-27,Department Stores,0,0,0,16.58,4.94,50.02,19.17,10.76,19.45,WEAK GROWTH,35
APLAPOLLO,532187840512.0,LARGE CAP,1916.699951171875,44.275814,10.049495,0.25314,9.396,0.07206,0.05213,0.136,0.208,Misc,Basic Materials,Steel,2026-05-27,Steel,0,1,0,61.36,69.84,94.73,35.03,65.6,68.37,MODERATE GROWTH,35
GULPOLY,11153840128.0,SMALL CAP,179.3699951171875,14.630505,0.7784007,0.16091,43.497,0.09824,0.0463,0.068,4.398,Misc,Basic Materials,Chemicals,2026-05-27,Chemicals,0,0,0,33.8,96.49,85.44,56.89,65.145,68.38,MODERATE GROWTH,35
ARIS,9852230656.0,MICRO CAP,120.5,17.616959,1.3179625,0.12219,9.356,0.083900005,0.04937,0.553,0.159,Industrials,Industrials,Engineering & Construction,2026-05-27,Engineering & EPC,0,1,0,90.43,50.02,76.81,39.52,70.22500000000001,68.47,MODERATE GROWTH,35
UFLEX,29502003200.0,SMALL CAP,408.54998779296875,10.185739,0.38142565,0.11808,120.69,0.06702,0.01939,-0.043,-0.736,Misc,Consumer Cyclical,Packaging & Containers,2026-05-27,Packaging & Containers,0,0,0,17.94,3.4,50.02,32.96,10.67,20.77,WEAK GROWTH,35
DMCC,6759968256.0,MICRO CAP,271.04998779296875,24.730839,2.8801095,0.114879996,28.623,0.1596,0.04699,-0.467,-0.085,Misc,Basic Materials,Chemicals,2026-05-27,Chemicals,0,0,0,3.61,19.8,23.58,73.76,11.705,20.29,WEAK GROWTH,35
LORDSCHLO,4011254016.0,MICRO CAP,139.99000549316406,13.999001,1.7509036,0.11808,72.87,0.069910005,0.07172,0.45,2.51,Misc,Basic Materials,Chemicals,2026-05-27,Chemicals,0,1,0,87.64,94.34,50.02,34.09,90.99000000000001,77.11,HIGH GROWTH,35
SPIC,14670249984.0,SMALL CAP,72.04000091552734,6.93359,1.1272101,0.11808,34.524,0.09625,0.06443,-0.054,0.407,Chemicals,Basic Materials,Agricultural Inputs,2026-05-27,Agrochemicals,0,0,0,17.01,78.5,50.02,56.35,47.755,49.07,SLOW GROWTH,35
EPACKPEB,18877972480.0,SMALL CAP,187.60000610351562,18.854273,2.5620017,0.17021999,15.606,0.08501001,0.06073,0.424,0.329,Industrials,Industrials,Engineering & Construction,2026-05-27,Engineering & EPC,0,1,0,86.86,76.47,87.04,40.06,81.66499999999999,78.58,HIGH GROWTH,35
TVSMOTOR,1639340441600.0,LARGE CAP,3449.60009765625,54.26459,20.198023,0.31619,306.09,0.12477,0.05381,0.313,0.191,Automobiles,Consumer Cyclical,Auto Manufacturers,2026-05-27,Passenger Vehicles,0,1,0,81.84,68.88,97.23,65.17,75.36,78.71,HIGH GROWTH,35
RPTECH,34742304768.0,SMALL CAP,527.2000122070312,12.802331,1.8729905,0.14938,48.65,0.028180001,0.01754,0.51,0.606,Misc,Technology,Electronics & Computer Distribution,2026-05-27,Electronics & Computer Distribution,0,1,0,89.38,82.98,83.21,19.8,86.18,78.95,HIGH GROWTH,35
JAYNECOIND,102178152448.0,MID CAP,105.2300033569336,22.060797,3.5960088,0.17754,74.729,0.15237,0.06494,0.178,0.877,Misc,Basic Materials,Steel,2026-05-27,Steel,0,1,0,67.57,87.04,88.23,72.39,77.305,79.0,HIGH GROWTH,35
FOODSIN,4029529344.0,MICRO CAP,54.79999923706055,12.863849,0.845053,0.11808,88.516,0.071040004,0.03235,-0.206,-0.5,Misc,Consumer Defensive,Packaged Foods,2026-05-27,Packaged Foods,0,0,0,8.67,7.67,50.02,34.48,8.17,19.17,WEAK GROWTH,35
ARIES,4624993280.0,MICRO CAP,355.6499938964844,10.610084,1.4465843,0.11808,20.67,0.12064999,0.06337,0.196,0.488,Chemicals,Basic Materials,Agricultural Inputs,2026-05-27,Agrochemicals,0,1,0,70.23,80.77,50.02,64.12,75.5,69.27,MODERATE GROWTH,35
EMAMIPAP,4809674240.0,MICRO CAP,79.5,16.631798,1.083062,0.11808,101.476,0.0917,0.01792,0.102,10.498,Misc,Basic Materials,Paper & Paper Products,2026-05-27,Paper & Paper Products,0,1,0,39.75,98.48,50.02,42.29,69.11500000000001,62.61,MODERATE GROWTH,35
RANASUG,1948775680.0,MICRO CAP,12.6899995803833,6.934426,0.36737883,0.11808,43.163,0.02996,0.01579,0.1,-0.098,Misc,Consumer Defensive,Confectioners,2026-05-27,Confectioners,0,0,0,39.48,19.5,50.02,20.46,29.49,32.69,WEAK GROWTH,35
SPORTKING,23343968256.0,SMALL CAP,183.4199981689453,19.533545,2.2112117,0.11286,42.272,0.09743,0.04797,0.013,-0.077,Misc,Consumer Cyclical,Textile Manufacturing,2026-05-27,Textile Manufacturing,0,0,0,24.6,20.09,23.27,56.77,22.345,25.97,WEAK GROWTH,35
SMLMAH,55925673984.0,SMALL CAP,3864.5,35.061695,10.766454,0.35421002,55.669,0.08579001,0.05629,0.164,0.023,Automobiles,Consumer Cyclical,Auto Manufacturers,2026-05-27,Passenger Vehicles,0,0,0,65.62,24.85,97.93,40.45,45.235,55.3,MODERATE GROWTH,35
TRANSRAILL,66080821248.0,SMALL CAP,492.20001220703125,16.461538,3.1899107,0.11808,39.105,0.118039995,0.06285,0.326,0.094,Industrials,Industrials,Engineering & Construction,2026-05-27,Engineering & EPC,0,0,0,82.35,29.05,50.02,63.49,55.699999999999996,55.34,MODERATE GROWTH,35
INCREDIBLE,1737741056.0,MICRO CAP,37.15999984741211,13.463768,1.1121421,0.11808,11.937,0.0195,0.01507,0.168,-0.4,Misc,Basic Materials,Steel,2026-05-27,Steel,0,0,0,66.36,9.94,50.02,17.1,38.15,38.42,WEAK GROWTH,35
QUESTLAB,2253240064.0,MICRO CAP,137.5,16.606281,2.506654,0.11808,29.432,0.0957850025,0.063525002,0.116,0.159,Misc,Unknown,Unknown,2026-05-27,Diversified,0,1,0,49.96,50.02,50.02,50.02,49.99,50.0,SLOW GROWTH,35
FIDEL,1512561664.0,MICRO CAP,110.0,10.945273,3.091972,0.11808,29.432,0.0957850025,0.063525002,0.116,0.159,Misc,Unknown,Unknown,2026-05-27,Diversified,0,1,0,49.96,50.02,50.02,50.02,49.99,50.0,SLOW GROWTH,35
VISHNUINFR,5400592384.0,MICRO CAP,219.45,17.598236,3.0164533,0.11808,29.432,0.0957850025,0.063525002,0.116,0.159,Misc,Unknown,Unknown,2026-05-27,Diversified,0,1,0,49.96,50.02,50.02,50.02,49.99,50.0,SLOW GROWTH,35
DELAPLEX,2451501056.0,MICRO CAP,269.1,18.80503,2.9770665,0.11808,29.432,0.0957850025,0.063525002,0.116,0.159,Misc,Unknown,Unknown,2026-05-27,Diversified,0,1,0,49.96,50.02,50.02,50.02,49.99,50.0,SLOW GROWTH,35
NIRMAN,3330022912.0,MICRO CAP,415.75,11.721172,2.6734617,0.11808,29.432,0.0957850025,0.063525002,0.116,0.159,Misc,Unknown,Unknown,2026-05-27,Diversified,0,1,0,49.96,50.02,50.02,50.02,49.99,50.0,SLOW GROWTH,35
QMSMEDI,2100734080.0,MICRO CAP,116.35,18.151327,2.0159404,0.11808,29.432,0.0957850025,0.063525002,0.116,0.159,Misc,Unknown,Unknown,2026-05-27,Diversified,0,1,0,49.96,50.02,50.02,50.02,49.99,50.0,SLOW GROWTH,35
YCCL,482598016.0,MICRO CAP,25.0,17.730497,1.1683881,0.11808,29.432,0.0957850025,0.063525002,0.116,0.159,Misc,Unknown,Unknown,2026-05-27,Diversified,0,1,0,49.96,50.02,50.02,50.02,49.99,50.0,SLOW GROWTH,35
MADHUSUDAN,2090445056.0,MICRO CAP,162.05,14.826166,2.3168867,0.11808,29.432,0.0957850025,0.063525002,0.116,0.159,Misc,Unknown,Unknown,2026-05-27,Diversified,0,1,0,49.96,50.02,50.02,50.02,49.99,50.0,SLOW GROWTH,35
DESTINY,491646624.0,MICRO CAP,31.95,12.24138,1.1819326,0.11808,29.432,0.0957850025,0.063525002,0.116,0.159,Misc,Unknown,Unknown,2026-05-27,Diversified,0,1,0,49.96,50.02,50.02,50.02,49.99,50.0,SLOW GROWTH,35
VEEKAYEM,1227733760.0,MICRO CAP,208.95,16.783133,2.0828557,0.11808,29.432,0.0957850025,0.063525002,0.116,0.159,Misc,Unknown,Unknown,2026-05-27,Diversified,0,1,0,49.96,50.02,50.02,50.02,49.99,50.0,SLOW GROWTH,35
UWCSL,462857632.0,MICRO CAP,88.95,13.920188,1.7663528,0.11808,29.432,0.0957850025,0.063525002,0.116,0.159,Misc,Unknown,Unknown,2026-05-27,Diversified,0,1,0,49.96,50.02,50.02,50.02,49.99,50.0,SLOW GROWTH,35
DURLAX,1402321792.0,MICRO CAP,77.6,17.596373,2.1233513,0.11808,29.432,0.0957850025,0.063525002,0.116,0.159,Misc,Unknown,Unknown,2026-05-27,Diversified,0,1,0,49.96,50.02,50.02,50.02,49.99,50.0,SLOW GROWTH,35
ALPEXSOLAR,20531959808.0,SMALL CAP,838.95,11.329507,4.355467,0.11808,29.432,0.0957850025,0.063525002,0.116,0.159,Misc,Unknown,Unknown,2026-05-27,Diversified,0,1,0,49.96,50.02,50.02,50.02,49.99,50.0,SLOW GROWTH,35
PRLIND,2988134912.0,MICRO CAP,130.7,16.256218,3.0863323,0.11808,29.432,0.0957850025,0.063525002,0.116,0.159,Misc,Unknown,Unknown,2026-05-27,Diversified,0,1,0,49.96,50.02,50.02,50.02,49.99,50.0,SLOW GROWTH,35
BAHETI,2944662528.0,MICRO CAP,284.0,16.340622,3.149292,0.11808,29.432,0.0957850025,0.063525002,0.116,0.159,Misc,Unknown,Unknown,2026-05-27,Diversified,0,1,0,49.96,50.02,50.02,50.02,49.99,50.0,SLOW GROWTH,35
ROXHITECH,2941321984.0,MICRO CAP,128.8,15.707317,2.9248798,0.11808,29.432,0.0957850025,0.063525002,0.116,0.159,Misc,Unknown,Unknown,2026-05-27,Diversified,0,1,0,49.96,50.02,50.02,50.02,49.99,50.0,SLOW GROWTH,35
RUCHIRA,3788820736.0,MICRO CAP,126.94999694824219,7.1440625,0.75956565,0.11808,38.02,0.03508,0.084259994,-0.216,-0.877,Misc,Basic Materials,Paper & Paper Products,2026-05-27,Paper & Paper Products,0,0,0,8.41,1.68,50.02,21.98,5.045,15.73,WEAK GROWTH,35
PRIZOR,1947937152.0,MICRO CAP,182.2,16.444042,3.9984198,0.11808,29.432,0.0957850025,0.063525002,0.116,0.159,Misc,Unknown,Unknown,2026-05-27,Diversified,0,1,0,49.96,50.02,50.02,50.02,49.99,50.0,SLOW GROWTH,35
MAFATIND,9773026304.0,MICRO CAP,135.39999389648438,10.866774,1.232186,0.11808,29.432,0.0957850025,0.063525002,0.116,0.159,Misc,Unknown,Unknown,2026-05-27,Diversified,0,1,0,49.96,50.02,50.02,50.02,49.99,50.0,SLOW GROWTH,35
SHEETAL,675331200.0,MICRO CAP,58.95,7.2598524,1.4890124,0.11808,29.432,0.0957850025,0.063525002,0.116,0.159,Misc,Unknown,Unknown,2026-05-27,Diversified,0,1,0,49.96,50.02,50.02,50.02,49.99,50.0,SLOW GROWTH,35
ACC,266188439552.0,MID CAP,1417.5,12.481289,1.2950044,0.109280005,2.085,0.04856,0.082320005,0.178,-0.683,Misc,Basic Materials,Building Materials,2026-05-27,Building Materials,0,0,0,67.57,4.53,22.22,26.47,36.05,32.33,WEAK GROWTH,35
RADIANTCMS,4481732096.0,MICRO CAP,42.0,12.727273,1.7045455,0.11808,57.298,0.10052,0.08455,0.069,-0.259,Misc,Industrials,Specialty Business Services,2026-05-27,Specialty Business Services,0,0,0,34.03,13.51,50.02,57.75,23.77,32.42,WEAK GROWTH,35
CHAVDA,3843870208.0,MICRO CAP,155.9,19.4875,3.1973584,0.11808,29.432,0.0957850025,0.063525002,0.116,0.159,Misc,Unknown,Unknown,2026-05-27,Diversified,0,1,0,49.96,50.02,50.02,50.02,49.99,50.0,SLOW GROWTH,35
VELS,748664000.0,MICRO CAP,58.0,3.1412459800000003,1.334407,0.11808,29.432,0.0957850025,0.063525002,0.116,0.159,Misc,Unknown,Unknown,2026-05-27,Diversified,0,1,0,49.96,50.02,50.02,50.02,49.99,50.0,SLOW GROWTH,35
VESUVIUS,96406380544.0,SMALL CAP,475.0,36.936237,5.7995434,0.11808,0.826,0.13256,0.12282,0.037,-0.059,Misc,Industrials,Specialty Industrial Machinery,2026-05-27,Specialty Industrial Machinery,0,0,0,28.48,20.81,50.02,67.08,24.645,33.96,WEAK GROWTH,35
GRAPHISAD,975965120.0,MICRO CAP,53.4,11.633986,0.9343669,0.11808,29.432,0.0957850025,0.063525002,0.116,0.159,Misc,Unknown,Unknown,2026-05-27,Diversified,0,1,0,49.96,50.02,50.02,50.02,49.99,50.0,SLOW GROWTH,35
ECOSMOBLTY,9302400000.0,MICRO CAP,155.0399932861328,15.53507,3.9655216,0.11808,3.246,0.07749,0.07694,0.225,0.089,Misc,Industrials,Rental & Leasing Services,2026-05-27,Rental & Leasing Services,0,0,0,73.96,28.78,50.02,37.21,51.37,49.68,SLOW GROWTH,35
BHAGERIA,6918475776.0,MICRO CAP,158.52000427246094,15.011363,1.2048614,0.11808,12.876,0.047930002,0.06362,0.418,-0.079,Chemicals,Basic Materials,Specialty Chemicals,2026-05-27,Specialty Chemicals,0,0,0,86.59,19.99,50.02,26.28,53.29,49.94,SLOW GROWTH,35
COMMITTED,608504768.0,MICRO CAP,53.1,5.867403,0.71541166,0.11808,29.432,0.0957850025,0.063525002,0.116,0.159,Misc,Unknown,Unknown,2026-05-27,Diversified,0,1,0,49.96,50.02,50.02,50.02,49.99,50.0,SLOW GROWTH,35
AVPINFRA,3575772416.0,MICRO CAP,143.15,8.212851,2.005801,0.11808,29.432,0.0957850025,0.063525002,0.116,0.159,Misc,Unknown,Unknown,2026-05-27,Diversified,0,1,0,49.96,50.02,50.02,50.02,49.99,50.0,SLOW GROWTH,35
SIDDHIKA,941679552.0,MICRO CAP,152.4,9.060642,2.0037339,0.11808,29.432,0.0957850025,0.063525002,0.116,0.159,Misc,Unknown,Unknown,2026-05-27,Diversified,0,1,0,49.96,50.02,50.02,50.02,49.99,50.0,SLOW GROWTH,35
GULFOILLUB,45985394688.0,SMALL CAP,928.8499755859375,13.227713,2.7782679,0.11808,29.566,0.112799995,0.08882,0.091,-0.224,Chemicals,Basic Materials,Specialty Chemicals,2026-05-27,Specialty Chemicals,0,0,0,37.68,14.47,50.02,62.05,26.075,34.46,WEAK GROWTH,35
DIXON,715060150272.0,LARGE CAP,11783.0,43.697388,13.125401,0.37133,18.457,0.028870001,0.02944,0.021,-0.361,Misc,Technology,Consumer Electronics,2026-05-27,Consumer Electronics,0,0,0,26.04,10.93,98.16,20.03,18.485,34.57,WEAK GROWTH,35
IRBINVIT,85072601088.0,SMALL CAP,66.38,10.503164,2.39221315,0.11808,29.432,0.0957850025,0.063525002,0.116,0.159,Misc,Unknown,Unknown,2026-05-27,Diversified,0,1,0,49.96,50.02,50.02,50.02,49.99,50.0,SLOW GROWTH,35
FABTECH,7061897216.0,MICRO CAP,158.8699951171875,15.886999,1.4517293,0.12939,16.589,0.13198,0.093380004,0.175,0.234,Misc,Healthcare,Health Information Services,2026-05-27,Health Information Services,0,1,0,66.99,71.36,78.45,66.97,69.175,70.81,HIGH GROWTH,35
EKC,13608547328.0,SMALL CAP,121.27999877929688,11.901865,1.0557195,0.11808,15.317,0.125,0.07446,-0.005,0.975,Misc,Industrials,Specialty Industrial Machinery,2026-05-27,Specialty Industrial Machinery,0,0,0,22.32,88.01,50.02,65.25,55.165000000000006,55.14,MODERATE GROWTH,35
DUCON,1143738112.0,MICRO CAP,3.5199999809265137,9.025641,0.47222966,0.10106,139.323,0.03376,0.011670001,4.694480000000025,0.75,Misc,Industrials,Specialty Industrial Machinery,2026-05-27,Specialty Industrial Machinery,0,1,0,99.51,85.65,20.46,21.59,92.58000000000001,71.06,HIGH GROWTH,35
BALPHARMA,1515030272.0,MICRO CAP,95.16000366210938,18.695482,1.915536,0.11808,197.725,0.07202,0.02625,0.199,2.394,Misc,Healthcare,Drug Manufacturers - Specialty & Generic,2026-05-27,Drug Manufacturers - Specialty & Generic,0,1,0,70.71,94.06,50.02,34.99,82.38499999999999,71.17,HIGH GROWTH,35
AUTOAXLES,27021715456.0,SMALL CAP,1788.0999755859375,16.436253,2.4594855,0.158,1.28,0.1012,0.07548,0.187,0.173,Automobiles,Consumer Cyclical,Auto Parts,2026-05-27,Auto Components,0,1,0,68.9,67.9,85.08,57.99,68.4,70.7,HIGH GROWTH,35
RAIN,59055570944.0,SMALL CAP,175.5800018310547,19.595982,0.7960357,0.11808,127.738,0.09608,0.01704,0.2,0.159,Chemicals,Basic Materials,Specialty Chemicals,2026-05-27,Specialty Chemicals,0,1,0,70.85,50.02,50.02,56.31,60.435,57.94,MODERATE GROWTH,35
GANESHCP,7993275904.0,MICRO CAP,197.7899932861328,14.097648,2.14828,0.14192,7.166,0.0616,0.04834,-0.006,0.881,Misc,Consumer Defensive,Packaged Foods,2026-05-27,Packaged Foods,0,0,0,22.18,87.11,81.49,31.2,54.644999999999996,57.67,MODERATE GROWTH,35
DHAMPURSUG,9257565184.0,MICRO CAP,143.9600067138672,13.723547,0.8194398,0.11808,44.818,0.08757,0.03265,0.095,0.779,Misc,Consumer Defensive,Confectioners,2026-05-27,Confectioners,0,0,0,38.64,85.98,50.02,40.92,62.31,57.71,MODERATE GROWTH,35
INDOAMIN,10221053952.0,SMALL CAP,140.80999755859375,14.295431,2.8317177,0.11808,85.051,0.07159,0.061880004,0.072,0.066,Misc,Basic Materials,Chemicals,2026-05-27,Chemicals,0,0,0,34.69,27.33,50.02,34.79,31.009999999999998,35.19,WEAK GROWTH,35
LAMBODHARA,1077091072.0,MICRO CAP,103.79000091552734,13.30641,0.87882406,0.11808,32.269,0.04858,0.03439,-0.029,0.589,Misc,Consumer Cyclical,Textile Manufacturing,2026-05-27,Textile Manufacturing,0,0,0,19.52,82.74,50.02,26.51,51.129999999999995,48.45,SLOW GROWTH,35
VMSTMT,2419521280.0,MICRO CAP,48.75,10.7853985,0.7566938,0.11808,128.794,0.07394,0.027460001,0.116,0.159,Misc,Basic Materials,Steel,2026-05-27,Steel,0,1,0,49.96,50.02,50.02,35.79,49.99,48.58,SLOW GROWTH,35
HARIOMPIPE,12431817728.0,SMALL CAP,401.45001220703125,19.775864,2.0571988,0.12392,62.241,0.10842,0.04506,0.293,0.746,Misc,Basic Materials,Steel,2026-05-27,Steel,0,1,0,80.28,85.53,77.31,60.37,82.905,79.53,HIGH GROWTH,35
BANSWRAS,4292360960.0,MICRO CAP,125.38999938964844,16.78581,0.7640002,0.11808,89.715,0.0717,0.01922,0.003,0.382,Misc,Consumer Cyclical,Textile Manufacturing,2026-05-27,Textile Manufacturing,0,0,0,23.45,77.9,50.02,34.87,50.675000000000004,48.96,SLOW GROWTH,35
VSTTILLERS,40049270784.0,SMALL CAP,4628.5,38.283707,3.7864873,0.09992,0.175,0.12349,0.08443,0.09,-0.792,Misc,Industrials,Farm & Heavy Construction Machinery,2026-05-27,Farm & Heavy Construction Machinery,0,0,0,37.49,2.66,20.07,64.9,20.075000000000003,24.56,WEAK GROWTH,35
JETFREIGHT,1029235968.0,MICRO CAP,22.18000030517578,15.088435,1.4684852,0.100710005,104.6,0.050040003,0.015319999,0.114,8.429,Misc,Industrials,Integrated Freight & Logistics,2026-05-27,Integrated Freight & Logistics,0,1,0,41.72,97.97,20.3,27.06,69.845,55.66,MODERATE GROWTH,35
CLSEL,13888365568.0,SMALL CAP,279.29998779296875,13.745078,1.8254424,0.11808,8.804,0.11557,0.07329,0.09,0.242,Misc,Consumer Defensive,Packaged Foods,2026-05-27,Packaged Foods,0,0,0,37.49,71.89,50.02,62.87,54.69,54.57,SLOW GROWTH,35
REMSONSIND,3260983040.0,MICRO CAP,92.98999786376953,18.635271,2.1764264,0.14031,62.789,0.039809998,0.03809,0.228,0.145,Automobiles,Consumer Cyclical,Auto Parts,2026-05-27,Auto Components,0,1,0,74.37,31.98,81.1,23.33,53.175000000000004,55.78,MODERATE GROWTH,35
MUNJALSHOW,5622897152.0,MICRO CAP,140.58999633789062,18.23476,0.8454253,0.11808,29.432,0.0279,0.024260001,0.096,0.832,Automobiles,Consumer Cyclical,Auto Parts,2026-05-27,Auto Components,0,0,0,38.81,86.61,50.02,19.56,62.71,55.86,MODERATE GROWTH,35
NITINSPIN,28025669632.0,SMALL CAP,498.5,15.78031,1.9064555,0.12764,76.458,0.10893,0.05524,0.022,0.237,Misc,Consumer Cyclical,Textile Manufacturing,2026-05-27,Textile Manufacturing,0,0,0,26.22,71.53,78.09,60.56,48.875,55.89,MODERATE GROWTH,35
PARTYCRUS,1454986752.0,MICRO CAP,122.0,17.280453,3.1367304,0.11808,29.432,0.0957850025,0.063525002,0.116,0.159,Misc,Unknown,Unknown,2026-05-27,Diversified,0,1,0,49.96,50.02,50.02,50.02,49.99,50.0,SLOW GROWTH,35
TRANSTEEL,1496629376.0,MICRO CAP,68.95,10.99681,1.2277421,0.11808,29.432,0.0957850025,0.063525002,0.116,0.159,Misc,Unknown,Unknown,2026-05-27,Diversified,0,1,0,49.96,50.02,50.02,50.02,49.99,50.0,SLOW GROWTH,35
SCML,1488871936.0,MICRO CAP,123.2,17.524893,1.6630445,0.11808,29.432,0.0957850025,0.063525002,0.116,0.159,Misc,Unknown,Unknown,2026-05-27,Diversified,0,1,0,49.96,50.02,50.02,50.02,49.99,50.0,SLOW GROWTH,35
KEL,1487899264.0,MICRO CAP,144.85,18.93464,3.3198113,0.11808,29.432,0.0957850025,0.063525002,0.116,0.159,Misc,Unknown,Unknown,2026-05-27,Diversified,0,1,0,49.96,50.02,50.02,50.02,49.99,50.0,SLOW GROWTH,35
MEGAFLEX,433077600.0,MICRO CAP,35.7,8.380281,0.7637997,0.11808,29.432,0.0957850025,0.063525002,0.116,0.159,Misc,Unknown,Unknown,2026-05-27,Diversified,0,1,0,49.96,50.02,50.02,50.02,49.99,50.0,SLOW GROWTH,35
CMRSL,424560000.0,MICRO CAP,145.0,12.195122,2.0880735,0.11808,29.432,0.0957850025,0.063525002,0.116,0.159,Misc,Unknown,Unknown,2026-05-27,Diversified,0,1,0,49.96,50.02,50.02,50.02,49.99,50.0,SLOW GROWTH,35
BASML,2076357248.0,MICRO CAP,25.979999542236328,11.495575,0.44635338,0.11808,95.855,0.063260004,0.016239999,-0.043,0.75,Misc,Consumer Cyclical,Textile Manufacturing,2026-05-27,Textile Manufacturing,0,0,0,17.94,85.65,50.02,31.71,51.795,49.43,SLOW GROWTH,35
SWARAJ,6319240704.0,MICRO CAP,287.0,14.013672,3.8759167,0.11808,29.432,0.0957850025,0.063525002,0.116,0.159,Misc,Unknown,Unknown,2026-05-27,Diversified,0,1,0,49.96,50.02,50.02,50.02,49.99,50.0,SLOW GROWTH,35
NILAINFRA,3202319360.0,MICRO CAP,8.130000114440918,13.779662,1.6923398,0.13249,12.646,0.09951,0.07217,-0.285,0.075,Misc,Real Estate,Real Estate - Development,2026-05-27,Real Estate - Development,0,0,0,6.31,27.88,79.19,57.4,17.095,33.54,WEAK GROWTH,35
KRYSTAL,8144251392.0,MICRO CAP,582.9000244140625,12.682769,1.229236,0.13745,23.988,0.05731,0.049629997,-0.117,0.113,Misc,Industrials,Specialty Business Services,2026-05-27,Specialty Business Services,0,0,0,12.92,29.99,80.4,29.79,21.455,34.08,WEAK GROWTH,35
MFML,260196736.0,MICRO CAP,24.5,4.596623,0.26701543,0.11808,65.601,0.06469,0.045450002,-0.195,0.159,Misc,Consumer Cyclical,Textile Manufacturing,2026-05-27,Textile Manufacturing,0,0,0,9.02,50.02,50.02,32.25,29.520000000000003,33.89,WEAK GROWTH,35
CCAVENUE,48803897344.0,SMALL CAP,14.020000457763672,17.97436,0.97253054,0.11808,1.811,0.03235,0.03665,1.225,0.13,Technology,Technology,Software - Infrastructure,2026-05-27,Software Products,0,1,0,96.25,31.14,50.02,21.05,63.695,56.7,MODERATE GROWTH,35
SUBEXLTD,6153345536.0,MICRO CAP,11.09000015258789,22.18,1.965615,0.11808,8.247,0.171,0.00361,0.14,0.159,Technology,Technology,Software - Application,2026-05-27,SaaS,0,1,0,61.95,50.02,50.02,76.02,55.985,56.8,MODERATE GROWTH,35
CESC,248928862208.0,MID CAP,187.7899932861328,16.147034,1.956044,0.12547,164.311,0.123050004,0.08304,0.056,0.178,Misc,Utilities,Utilities - Regulated Electric,2026-05-27,Utilities - Regulated Electric,0,0,0,31.34,68.12,77.57,64.74,49.730000000000004,56.8,MODERATE GROWTH,35
MUFIN,25180469248.0,SMALL CAP,127.06999969482422,103.308945,6.970761,0.06698,243.19,0.57075,0.33807,0.056,2.0,Financials,Financial Services,Credit Services,2026-05-27,NBFC – Lending,0,0,0,31.34,93.38,13.43,96.29,62.36,55.97,MODERATE GROWTH,35
TBZ,9149434880.0,MICRO CAP,137.11000061035156,6.3447475,1.3132639,0.11808,118.113,0.11772,0.04966,0.144,1.696,Misc,Consumer Cyclical,Luxury Goods,2026-05-27,Luxury Goods,0,1,0,62.67,92.39,50.02,63.33,77.53,70.61,HIGH GROWTH,35
RUPA,12599046144.0,SMALL CAP,158.38999938964844,18.855953,1.2446467,0.11808,24.808,0.070089996,0.054229997,-0.009,-0.318,Misc,Consumer Cyclical,Apparel Manufacturing,2026-05-27,Apparel Manufacturing,0,0,0,21.83,12.03,50.02,34.17,16.93,25.27,WEAK GROWTH,35
RUDRA,1870408832.0,MICRO CAP,18.639999389648438,13.910447,1.4022417,0.10261,97.147,0.032449998,0.021710001,0.066,-0.051,Misc,Basic Materials,Steel,2026-05-27,Steel,0,0,0,33.33,21.12,20.81,21.09,27.225,25.33,WEAK GROWTH,35
INDORAMA,11671757824.0,SMALL CAP,44.70000076293945,8.514286,2.6204712,0.11808,245.505,0.03688,0.02795,0.014,-0.358,Misc,Consumer Cyclical,Textile Manufacturing,2026-05-27,Textile Manufacturing,0,0,0,24.85,11.05,50.02,22.53,17.950000000000003,24.82,WEAK GROWTH,35
JAKHARIA,414510656.0,MICRO CAP,34.0,12.639405,1.700425,0.11808,29.432,0.0957850025,0.063525002,0.116,0.159,Misc,Unknown,Unknown,2026-05-27,Diversified,0,1,0,49.96,50.02,50.02,50.02,49.99,50.0,SLOW GROWTH,35
MANORG,5138663936.0,MICRO CAP,600.0,20.625645,1.6731175,0.11808,114.035,0.08248,0.16003999,0.326,0.19,Chemicals,Basic Materials,Specialty Chemicals,2026-05-27,Specialty Chemicals,0,1,0,82.35,68.78,50.02,39.13,75.565,66.81,MODERATE GROWTH,33
INTELLECT,99086196736.0,SMALL CAP,712.5,29.320988,3.113121,0.11411,4.961,0.14716,0.1137,0.167,-0.113,Technology,Technology,Software - Application,2026-05-27,SaaS,0,0,0,66.22,18.8,23.47,71.22,42.51,41.57,SLOW GROWTH,33
PIIND,431990145024.0,MID CAP,2847.60009765625,32.68595,3.990018,0.123509996,3.048,0.14706999,0.19673,-0.124,-0.394,Chemicals,Basic Materials,Agricultural Inputs,2026-05-27,Agrochemicals,0,0,0,12.12,10.09,77.08,71.14,11.105,30.3,WEAK GROWTH,33
KESORAMIND,4103866880.0,MICRO CAP,13.210000038146973,26.636591000000003,1.1894472,0.11808,57.599,-0.32644,0.9871920000000006,-0.011,0.159,Misc,Basic Materials,Building Materials,2026-05-27,Building Materials,0,0,0,21.53,50.02,50.02,4.69,35.775000000000006,35.52,WEAK GROWTH,33
ROTO,10792495104.0,SMALL CAP,57.130001068115234,34.415665,4.703219,0.11808,12.527,0.12906,0.10983,0.0,0.172,Misc,Industrials,Specialty Industrial Machinery,2026-05-27,Specialty Industrial Machinery,0,0,0,23.02,67.84,50.02,66.3,45.43,48.44,SLOW GROWTH,33
ORCHASP,703243520.0,MICRO CAP,2.0299999713897705,26.636591000000003,0.67419463,0.11808,14.047,0.056750003,0.15116,-0.271,-0.531,Technology,Technology,Software - Application,2026-05-27,SaaS,0,0,0,6.76,6.87,50.02,29.54,6.8149999999999995,17.73,WEAK GROWTH,33
CARYSIL,31571292160.0,SMALL CAP,1110.0,32.14596,5.1933956,0.17277001,45.99,0.14534001,0.10627,0.145,0.485,Misc,Consumer Cyclical,"Furnishings, Fixtures & Appliances",2026-05-27,"Furnishings, Fixtures & Appliances",0,1,0,62.92,80.67,87.47,70.95,71.795,74.85,HIGH GROWTH,33
ABCAPITAL,956859547648.0,LARGE CAP,365.1000061035156,25.657064,2.7786868,0.11181,491.748,0.13699001,0.116450004,0.077,0.301,Financials,Financial Services,Financial Conglomerates,2026-05-27,NBFC – Investment,0,0,0,35.34,75.28,22.88,68.49,55.31,50.14,SLOW GROWTH,33
PANSARI,5118019072.0,MICRO CAP,293.3500061035156,30.025587,3.6097953,0.11808,47.606,0.13154,0.16825001,4.694480000000025,15.2,Misc,Real Estate,Real Estate - Development,2026-05-27,Real Estate - Development,0,1,0,99.51,98.91,50.02,66.81,99.21000000000001,86.13,ELITE GROWTH,33
GALAPREC,12030976000.0,SMALL CAP,940.0999755859375,34.72848,4.383895,0.12921,13.04,0.14731,0.11289,0.256,0.11,Misc,Industrials,Specialty Industrial Machinery,2026-05-27,Specialty Industrial Machinery,0,1,0,77.1,29.87,78.41,71.3,53.485,60.25,MODERATE GROWTH,33
WAKEFIT,42136752128.0,SMALL CAP,127.69999694824219,101.349205,3.7383997,0.22896999,24.021,0.03595,0.12705,0.135,0.159,Misc,Consumer Cyclical,"Furnishings, Fixtures & Appliances",2026-05-27,"Furnishings, Fixtures & Appliances",0,1,0,61.19,50.02,93.64,22.22,55.605000000000004,59.87,MODERATE GROWTH,33
ORKLAINDIA,84474413056.0,SMALL CAP,616.6500244140625,29.632391,3.2268279,0.10967,2.284,0.13648,0.113850005,0.05,1.077,Misc,Consumer Defensive,Packaged Foods,2026-05-27,Packaged Foods,0,0,0,30.18,88.87,22.34,68.25,59.525000000000006,52.96,SLOW GROWTH,33
BAJAJINDEF,8764800000.0,MICRO CAP,273.8999938964844,32.607143,3.3937576,0.11808,1.565,0.05292,0.13983,0.132,-0.301,Misc,Industrials,Farm & Heavy Construction Machinery,2026-05-27,Farm & Heavy Construction Machinery,0,0,0,60.64,12.57,50.02,28.19,36.605000000000004,38.45,WEAK GROWTH,33
RAJSREESUG,1173000448.0,MICRO CAP,35.400001525878906,26.636591000000003,0.46126783,0.0043099998,126.178,0.25081,0.00209,0.082,1.669,Misc,Consumer Defensive,Confectioners,2026-05-27,Confectioners,0,0,0,36.24,92.23,4.57,85.28,64.235,54.41,SLOW GROWTH,33
ICICIGI,927587696640.0,LARGE CAP,1858.800048828125,33.64344,5.7621846,0.17851,29.432,0.101339996,0.10264,0.122,0.067,Financials,Financial Services,Insurance - Diversified,2026-05-27,General Insurance,0,0,0,58.77,27.45,88.29,58.06,43.11,53.64,SLOW GROWTH,33
RISHABH,21298905088.0,SMALL CAP,551.4500122070312,26.13507,3.0762239,0.120670006,10.752,0.11491,0.105179995,0.093,2.055,Misc,Technology,Scientific & Technical Instruments,2026-05-27,Scientific & Technical Instruments,0,0,0,38.13,93.52,76.45,62.63,65.825,67.63,MODERATE GROWTH,33
TIIL,59176001536.0,SMALL CAP,2610.0,21.497404,3.1416447,0.11808,43.315,0.091809995,0.10009,0.028,0.301,Misc,Industrials,Tools & Accessories,2026-05-27,Tools & Accessories,0,0,0,27.08,75.28,50.02,42.41,51.18,50.07,SLOW GROWTH,33
JAGSNPHARM,13721900032.0,SMALL CAP,204.3800048828125,32.338608,5.187442,0.16695,2.956,0.13769001,0.14998999,0.096,0.238,Misc,Healthcare,Drug Manufacturers - Specialty & Generic,2026-05-27,Drug Manufacturers - Specialty & Generic,0,0,0,38.81,71.61,86.45,68.76,55.21,62.81,MODERATE GROWTH,33
MAHLIFE,73069879296.0,SMALL CAP,342.5,23.442848,2.0146585,0.10797,18.26,-0.07391,0.25301,4.694480000000025,-0.195,Misc,Real Estate,Real Estate - Development,2026-05-27,Real Estate - Development,0,0,0,99.51,15.72,21.98,8.2,57.615,45.55,SLOW GROWTH,33
BLAL,7910372864.0,MICRO CAP,189.9499969482422,26.636591000000003,711.4232,0.00959,606.1040000000002,0.80234003,0.01089,0.116,0.159,Misc,Financial Services,Shell Companies,2026-05-27,Shell Companies,0,1,0,49.96,50.02,5.23,98.24,49.99,45.86,SLOW GROWTH,33
BALKRISHNA,608949120.0,MICRO CAP,18.899999618530273,26.636591000000003,-0.34886298,0.11808,29.432,-0.16916001,0.58131003,1.618,0.159,Misc,Consumer Cyclical,Packaging & Containers,2026-05-27,Packaging & Containers,0,1,0,97.34,50.02,50.02,6.13,73.68,62.19,MODERATE GROWTH,33
NRBBEARING,37402431488.0,SMALL CAP,385.8999938964844,26.198235,3.887691,0.15174,15.653,0.13627,0.106920004,0.13,0.159,Automobiles,Consumer Cyclical,Auto Parts,2026-05-27,Auto Components,0,1,0,60.13,50.02,83.76,68.22,55.075,62.13,MODERATE GROWTH,33
BAYERCROP,208391979008.0,MID CAP,4636.89990234375,30.211754,6.671165,0.11808,3.266,0.092480004,0.11928,0.047,1.798,Chemicals,Basic Materials,Agricultural Inputs,2026-05-27,Agrochemicals,0,0,0,29.7,92.7,50.02,42.72,61.2,57.12,MODERATE GROWTH,33
MOTILALOFS,541599367168.0,LARGE CAP,899.5999755859375,27.410116,4.1857824,0.1555,164.419,-0.09198,0.23452999,1.523,0.159,Misc,Financial Services,Capital Markets,2026-05-27,Capital Markets,0,1,0,97.15,50.02,84.36,7.69,73.58500000000001,69.15,MODERATE GROWTH,33
SHANTIGEAR,34586861568.0,SMALL CAP,450.70001220703125,45.205616,8.021857,0.18186001,29.432,0.14197,0.14779,-0.118,-0.276,Misc,Industrials,Specialty Industrial Machinery,2026-05-27,Specialty Industrial Machinery,0,0,0,12.63,12.96,88.72,70.25,12.795000000000002,33.73,WEAK GROWTH,33
BLISSGVS,40464281600.0,SMALL CAP,382.5,31.875,3.567864,0.11808,4.493,0.12114,0.12567,0.037,-0.057,Misc,Healthcare,Drug Manufacturers - Specialty & Generic,2026-05-27,Drug Manufacturers - Specialty & Generic,0,0,0,28.48,20.97,50.02,64.27,24.725,33.74,WEAK GROWTH,33
ATUL,205267927040.0,MID CAP,6972.0,30.288023,3.2990057,0.11529,2.907,0.120620005,0.108059995,0.15,0.661,Chemicals,Basic Materials,Specialty Chemicals,2026-05-27,Specialty Chemicals,0,1,0,63.61,84.21,23.62,64.08,73.91,62.87,MODERATE GROWTH,33
PLATIND,12696593408.0,SMALL CAP,224.1199951171875,26.636591000000003,2.7733505,0.12031,2.293,0.12615,0.111540005,0.403,1.371,Chemicals,Basic Materials,Specialty Chemicals,2026-05-27,Specialty Chemicals,0,1,0,85.92,90.63,76.3,65.68,88.275,83.62,HIGH GROWTH,33
ADFFOODS,29751058432.0,SMALL CAP,270.79998779296875,33.064713,5.198794,0.16894,9.628,0.14527,0.13161999,0.237,0.577,Misc,Consumer Defensive,Packaged Foods,2026-05-27,Packaged Foods,0,1,0,75.56,82.58,86.76,70.87,79.07,79.79,HIGH GROWTH,33
SKFINDUS,105569820672.0,MID CAP,2135.39990234375,48.42177,2.39221315,0.11808,0.309,0.093430005,0.0,0.116,0.159,Misc,Industrials,Tools & Accessories,2026-05-27,Tools & Accessories,0,1,0,49.96,50.02,50.02,42.99,49.99,49.3,SLOW GROWTH,33
GALLANTT,167473102848.0,MID CAP,694.0999755859375,34.583954,5.050865,0.11808,29.432,0.13781,0.11146,0.116,0.159,Misc,Basic Materials,Steel,2026-05-27,Steel,0,1,0,49.96,50.02,50.02,68.88,49.99,51.88,SLOW GROWTH,33
MOTISONS,11740627968.0,SMALL CAP,11.720000267028809,26.636591000000003,2.437097,0.13962,7.795,0.095740005,0.12849,0.206,-0.216,Misc,Consumer Cyclical,Luxury Goods,2026-05-27,Luxury Goods,0,0,0,71.87,15.07,80.98,43.81,43.47,51.01,SLOW GROWTH,33
DRREDDY,1104770105344.0,LARGE CAP,1326.9000244140625,26.363997,2.933867,0.11835,20.328,0.05203,0.12755999,-0.116,-0.862,Misc,Healthcare,Drug Manufacturers - Specialty & Generic,2026-05-27,Drug Manufacturers - Specialty & Generic,0,0,0,13.12,1.76,75.71,27.76,7.4399999999999995,23.13,WEAK GROWTH,33
TALBROAUTO,21694359552.0,SMALL CAP,351.45001220703125,20.83284,2.9212036,0.15137,11.266,0.13767,0.11966,0.142,0.188,Automobiles,Consumer Cyclical,Auto Parts,2026-05-27,Auto Components,0,1,0,62.34,68.66,83.6,68.72,65.5,69.44,MODERATE GROWTH,33
GRAUWEIL,32704569344.0,SMALL CAP,72.12999725341797,23.267742,3.2811718,0.11808,1.192,0.11196,0.11925,0.058,-0.253,Chemicals,Basic Materials,Specialty Chemicals,2026-05-27,Specialty Chemicals,0,0,0,31.71,13.67,50.02,61.73,22.69,32.06,WEAK GROWTH,33
LPDC,939002112.0,MICRO CAP,7.0,26.636591000000003,2.866503,0.11808,29.432,0.050630003,0.11003,2.411,0.929,Misc,Real Estate,Real Estate Services,2026-05-27,Real Estate Services,0,1,0,98.24,87.62,50.02,27.29,92.93,77.78,HIGH GROWTH,33
CIPLA,1150954242048.0,LARGE CAP,1424.800048828125,29.652447,3.4961758,0.11736,1.778,0.09498999,0.13999,-0.038,-0.546,Misc,Healthcare,Drug Manufacturers - Specialty & Generic,2026-05-27,Drug Manufacturers - Specialty & Generic,0,0,0,18.51,6.66,24.25,43.46,12.585,18.01,WEAK GROWTH,33
63MOONS,28939624448.0,SMALL CAP,628.0499877929688,26.636591000000003,0.81518775,-0.0152,0.149,-0.63594,-0.10602,4.694480000000025,1.043,Technology,Technology,Software - Application,2026-05-27,SaaS,0,1,0,99.51,88.48,3.4,2.89,93.995,66.77,MODERATE GROWTH,33
WONDERLA,30414387200.0,SMALL CAP,479.54998779296875,37.34813,1.7609926,0.046430003,0.348,0.09048,0.15755,0.404,0.488,Misc,Consumer Cyclical,Leisure,2026-05-27,Leisure,0,1,0,86.04,80.77,10.5,41.82,83.405,64.67,MODERATE GROWTH,33
INDGN,124964904960.0,MID CAP,520.0,31.30644,3.9771771,0.13941,4.601,0.12139,0.114259996,0.328,-0.323,Misc,Healthcare,Health Information Services,2026-05-27,Health Information Services,0,0,0,82.55,11.89,80.83,64.35,47.22,55.66,MODERATE GROWTH,33
KARMAENG,529902240.0,MICRO CAP,45.79999923706055,24.232803,1.2670134,0.11808,4.177,-2.03982,0.22162001,0.268,0.159,Energy,Utilities,Utilities - Renewable,2026-05-27,Power Generation – Renewable,0,1,0,78.21,50.02,50.02,1.56,64.115,55.04,MODERATE GROWTH,33
FLAIR,31924258816.0,SMALL CAP,302.8999938964844,23.645588,2.960552,0.11808,5.464,0.13677,0.110039994,0.201,0.119,Misc,Industrials,Business Equipment & Supplies,2026-05-27,Business Equipment & Supplies,0,1,0,71.01,30.4,50.02,68.33,50.705,52.33,SLOW GROWTH,33
KAUSHALYA,310982784.0,MICRO CAP,898.0,26.636591000000003,0.4026079,0.11808,29.432,-5.2175484,0.9871920000000006,-0.80216,0.159,Industrials,Industrials,Engineering & Construction,2026-05-27,Engineering & EPC,0,0,0,0.53,50.02,50.02,0.53,25.275000000000002,27.75,WEAK GROWTH,33
DIFFNKG,12437297152.0,SMALL CAP,335.0,24.723248,3.0816782,0.13011,7.057,0.13303,0.12376001,0.382,0.229,Misc,Industrials,Specialty Industrial Machinery,2026-05-27,Specialty Industrial Machinery,0,1,0,85.2,71.01,78.72,67.28,78.105,77.15,HIGH GROWTH,33
AEGISLOG,250754416640.0,MID CAP,714.4000244140625,32.546696,4.2185574,0.11808,28.45,0.14162,0.103369996,0.011,0.424,Misc,Energy,Oil & Gas Refining & Marketing,2026-05-27,Oil & Gas Refining & Marketing,0,0,0,24.27,79.11,50.02,70.09,51.69,53.2,SLOW GROWTH,33
MAMATA,10409099264.0,SMALL CAP,423.0,24.722383,5.895306,0.11808,4.109,0.10744,0.15597999,-0.085,-0.101,Misc,Industrials,Specialty Industrial Machinery,2026-05-27,Specialty Industrial Machinery,0,0,0,14.96,19.31,50.02,60.09,17.134999999999998,28.01,WEAK GROWTH,33
RESPONIND,50538315776.0,SMALL CAP,189.55999755859375,28.082962,3.4305155,0.11808,13.937,0.090909995,0.13376,-0.154,-0.523,Chemicals,Basic Materials,Specialty Chemicals,2026-05-27,Specialty Chemicals,0,0,0,10.48,6.97,50.02,41.94,8.725,20.31,WEAK GROWTH,33
TARIL,97043603456.0,SMALL CAP,323.29998779296875,36.738636,7.212171,0.19334999,29.595,0.14242,0.10539,0.157,-0.041,Misc,Industrials,Electrical Equipment & Parts,2026-05-27,Electrical Equipment & Parts,0,0,0,64.31,21.48,90.14,70.36,42.895,55.09,MODERATE GROWTH,33
HSCL,312361680896.0,MID CAP,619.0999755859375,41.163563,6.6360106,0.17698,16.137,0.20308,0.16121,0.135,0.278,Chemicals,Basic Materials,Specialty Chemicals,2026-05-27,Specialty Chemicals,0,1,0,61.19,73.88,88.09,80.63,67.535,72.96,HIGH GROWTH,32
ENRIN,1325266894848.0,LARGE CAP,3721.39990234375,101.40054,27.542055,0.11808,4.483,0.19364001,0.14994,0.274,0.522,Energy,Utilities,Utilities - Renewable,2026-05-27,Power Generation – Renewable,0,1,0,78.78,81.59,50.02,79.38,80.185,74.07,HIGH GROWTH,32
AEROENTER,11031442432.0,SMALL CAP,97.55000305175781,17.174297,1.3372723,0.09559,4.218,0.16246,0.08845,0.16,0.293,Misc,Basic Materials,Steel,2026-05-27,Steel,0,1,0,64.97,74.85,18.86,74.31,69.91,60.14,MODERATE GROWTH,32
RKEC,770578048.0,MICRO CAP,32.119998931884766,3.8467064,0.39099208,0.04804,102.585,0.17068,0.03383,-0.726,-0.805,Industrials,Industrials,Engineering & Construction,2026-05-27,Engineering & EPC,0,0,0,1.82,2.46,10.82,75.95,2.14,11.26,WEAK GROWTH,32
GRINDWELL,210733383680.0,MID CAP,1903.300048828125,50.75467,9.238692,0.17296,2.381,0.16420999,0.13525,0.187,0.283,Misc,Industrials,Building Products & Equipment,2026-05-27,Building Products & Equipment,0,1,0,68.9,74.27,87.58,74.8,71.58500000000001,75.11,HIGH GROWTH,32
SURAKSHA,15090400256.0,SMALL CAP,289.75,46.285942,6.5328164,0.11808,51.3,0.17318001,0.11321,0.292,0.22,Healthcare,Healthcare,Diagnostics & Research,2026-05-27,Diagnostics,0,1,0,80.18,70.66,50.02,76.42,75.42,70.44,HIGH GROWTH,32
GKSL,11041996800.0,SMALL CAP,140.0500030517578,64.53917,30.692526,0.11808,29.432,0.23938,0.19166,0.972,0.0,Misc,Healthcare,Medical Care Facilities,2026-05-27,Medical Care Facilities,0,0,0,95.18,23.58,50.02,84.34,59.38,60.0,MODERATE GROWTH,32
SENORES,51591532544.0,SMALL CAP,1120.25,42.530373,6.813717,0.13793,35.46,0.21799,0.18396,0.534,1.089,Misc,Healthcare,Drug Manufacturers - General,2026-05-27,Drug Manufacturers - General,0,1,0,90.1,88.91,80.57,82.51,89.505,87.02,ELITE GROWTH,32
VBL,1815785504768.0,LARGE CAP,536.8499755859375,57.111702,9.273462,0.11808,12.705,0.18491,0.14024,0.181,0.2,Misc,Consumer Defensive,Beverages - Non-Alcoholic,2026-05-27,Beverages - Non-Alcoholic,0,1,0,68.06,69.39,50.02,78.09,68.725,65.92,MODERATE GROWTH,32
AEROFLEX,54679076864.0,SMALL CAP,413.20001220703125,96.76815,11.979242,0.14062999,1.988,0.17672001,0.12564999,0.372,0.564,Misc,Industrials,Metal Fabrication,2026-05-27,Metal Fabrication,0,1,0,84.54,82.21,81.14,77.0,83.375,82.29,HIGH GROWTH,32
SONACOMS,378193248256.0,MID CAP,608.0,59.14397,6.614591,0.106850006,7.213,0.17621,0.14388,0.454,0.171,Automobiles,Consumer Cyclical,Auto Parts,2026-05-27,Auto Components,0,1,0,87.7,67.77,21.75,76.88,77.735,66.45,MODERATE GROWTH,32
MAGADSUGAR,6613906432.0,MICRO CAP,469.3500061035156,10.409182,0.8199657,0.074099995,78.532,0.24461001,0.051030003,-0.182,-0.321,Misc,Consumer Defensive,Confectioners,2026-05-27,Confectioners,0,0,0,9.57,11.99,14.84,84.81,10.780000000000001,18.99,WEAK GROWTH,32
SIRCA,23951646720.0,SMALL CAP,420.70001220703125,36.204823,5.306107,0.15767999,6.802,0.16955,0.13202,0.328,0.23,Chemicals,Basic Materials,Specialty Chemicals,2026-05-27,Specialty Chemicals,0,1,0,82.55,71.09,85.01,75.63,76.82,78.34,HIGH GROWTH,32
METROPOLIS,112788586496.0,MID CAP,544.0,59.19478,7.4391127,0.13373,15.212,0.16348,0.11545,0.23,0.73,Healthcare,Healthcare,Diagnostics & Research,2026-05-27,Diagnostics,0,1,0,74.66,85.34,79.46,74.5,80.0,79.34,HIGH GROWTH,32
MAXESTATES,74223386624.0,SMALL CAP,454.0,458.58585,2.9267287,0.11808,69.537,0.23211001,0.17722,-0.006,-0.92732,Misc,Real Estate,Real Estate - Development,2026-05-27,Real Estate - Development,0,0,0,22.18,0.53,50.02,83.91,11.355,26.34,WEAK GROWTH,32
EMUDHRA,38745055232.0,SMALL CAP,472.25,36.299,4.2527804,0.13259,3.153,0.16983,0.15364,0.317,0.216,Technology,Technology,Software - Application,2026-05-27,SaaS,0,1,0,82.08,70.44,79.23,75.71,76.25999999999999,76.8,HIGH GROWTH,32
ELECON,119851999232.0,MID CAP,534.0999755859375,35.184452,5.1473064,0.15851,11.824,0.17548001,0.14419,-0.065,-0.92732,Misc,Industrials,Specialty Industrial Machinery,2026-05-27,Specialty Industrial Machinery,0,0,0,16.36,0.53,85.12,76.81,8.445,30.62,WEAK GROWTH,32
BRIGADE,160851050496.0,MID CAP,657.5499877929688,511.39656400000433,2.3584414,0.10786,84.316,0.19521,0.11311,-0.002,-0.424,Misc,Real Estate,Real Estate - Development,2026-05-27,Real Estate - Development,0,0,0,22.71,9.51,21.94,79.6,16.11,23.62,WEAK GROWTH,32
MIDWESTLTD,44080033792.0,SMALL CAP,1219.0,37.880672,6.1366987,0.11808,34.016,0.17011,0.17646,0.1,0.135,Misc,Basic Materials,Building Materials,2026-05-27,Building Materials,0,0,0,39.48,31.37,50.02,75.79,35.425,42.38,SLOW GROWTH,32
USHAMART,154817986560.0,MID CAP,508.6000061035156,35.491974,4.6939607,0.16228001,6.922,0.18410999,0.12625,0.093,0.458,Misc,Basic Materials,Steel,2026-05-27,Steel,0,0,0,38.13,80.07,85.67,77.88,59.099999999999994,66.29,MODERATE GROWTH,32
ZUARIIND,7504858112.0,MICRO CAP,252.0,6.346009,0.16055629,0.024500001,73.829,0.16914,0.09347,0.089,0.159,Misc,Industrials,Conglomerates,2026-05-27,Conglomerates,0,0,0,37.29,50.02,7.61,75.4,43.655,39.62,WEAK GROWTH,32
FORTIS,722834685952.0,LARGE CAP,957.4500122070312,69.28003,7.304652,0.11006,34.15,0.17354,0.11413,0.178,0.443,Misc,Healthcare,Medical Care Facilities,2026-05-27,Medical Care Facilities,0,1,0,67.57,79.85,22.53,76.55,73.71,63.76,MODERATE GROWTH,32
PICCADIL,56958332928.0,SMALL CAP,577.8499755859375,40.69366,6.2046337,0.17366,58.89,0.18259001,0.13251,0.409,0.023,Misc,Consumer Defensive,Beverages - Wineries & Distilleries,2026-05-27,Beverages - Wineries & Distilleries,0,0,0,86.37,24.85,87.66,77.7,55.61,64.23,MODERATE GROWTH,32
GLAND,383058673664.0,MID CAP,2325.0,37.31343,4.0053754,0.10532,2.738,0.23201999,0.15975,0.223,0.964,Misc,Healthcare,Drug Manufacturers - Specialty & Generic,2026-05-27,Drug Manufacturers - Specialty & Generic,0,1,0,73.7,87.93,21.44,83.87,80.815,69.25,MODERATE GROWTH,32
KPRMILL,320481230848.0,MID CAP,935.6500244140625,36.894714,5.9796643,0.11808,6.46,0.16375999,0.12719,-0.04,0.03,Misc,Consumer Cyclical,Textile Manufacturing,2026-05-27,Textile Manufacturing,0,0,0,18.27,25.24,50.02,74.7,21.755,32.7,WEAK GROWTH,32
MEDANTA,326192922624.0,MID CAP,1213.9000244140625,58.81299,8.231449,0.15032,29.869,0.15292,0.12617,0.245,0.42,Misc,Healthcare,Medical Care Facilities,2026-05-27,Medical Care Facilities,0,1,0,76.14,79.01,83.39,72.51,77.575,78.23,HIGH GROWTH,32
JYOTICNC,148530020352.0,MID CAP,653.0999755859375,41.919125,8.111935,0.11808,39.56,0.24542,0.17124,0.281,0.102,Misc,Industrials,Specialty Industrial Machinery,2026-05-27,Specialty Industrial Machinery,0,1,0,79.3,29.4,50.02,84.93,54.349999999999994,56.54,MODERATE GROWTH,32
COCHINSHIP,401461280768.0,MID CAP,1526.0,56.164886,7.041766,0.12517,28.466,0.18714,0.14272,-0.156,-0.038,Misc,Industrials,Aerospace & Defense,2026-05-27,Aerospace & Defense,0,0,0,10.35,21.52,77.51,78.45,15.934999999999999,34.5,WEAK GROWTH,32
INGERRAND,138772922368.0,MID CAP,4396.0,53.701443,21.345505,0.11808,1.509,0.24291,0.18294,0.182,-0.074,Misc,Industrials,Specialty Industrial Machinery,2026-05-27,Specialty Industrial Machinery,0,0,0,68.24,20.25,50.02,84.65,44.245,49.44,SLOW GROWTH,32
ATGL,857851822080.0,LARGE CAP,780.0,130.21703,17.641071,0.14456001,46.363,0.15255,0.11124,0.161,0.085,Misc,Utilities,Utilities - Regulated Gas,2026-05-27,Utilities - Regulated Gas,0,0,0,65.13,28.54,82.16,72.43,46.834999999999994,56.46,MODERATE GROWTH,32
JLHL,86153756672.0,SMALL CAP,1314.0,44.45196,5.5844316,0.13391,37.837,0.16993,0.12936,0.171,0.12,Misc,Healthcare,Medical Care Facilities,2026-05-27,Medical Care Facilities,0,1,0,66.54,30.48,79.5,75.75,48.510000000000005,57.43,MODERATE GROWTH,32
FISCHER,24642508800.0,SMALL CAP,37.650001525878906,63.813564,6.7606397,0.11808,10.264,0.2057,0.15172,4.694480000000025,0.159,Healthcare,Healthcare,Medical Devices,2026-05-27,Medical Devices,0,1,0,99.51,50.02,50.02,81.3,74.765,70.47,HIGH GROWTH,32
MANKIND,998579503104.0,LARGE CAP,2418.39990234375,52.24454,6.5315733,0.12452,38.111,0.20558001,0.13397999,0.118,0.317,Misc,Healthcare,Drug Manufacturers - Specialty & Generic,2026-05-27,Drug Manufacturers - Specialty & Generic,0,1,0,58.1,76.08,77.39,81.26,67.09,70.57,HIGH GROWTH,32
NINSYS,12627964928.0,SMALL CAP,679.7999877929688,41.2,16.264324,0.11808,2.589,0.24069001,0.18938999,0.23,0.152,Technology,Technology,Information Technology Services,2026-05-27,IT Services,0,1,0,74.66,32.39,50.02,84.5,53.525,55.92,MODERATE GROWTH,32
DBSTOCKBRO,1116499968.0,MICRO CAP,31.899999618530273,35.842697,1.4533691,0.11808,3.583,0.18462,0.14595,-0.287,-0.167,Misc,Financial Services,Capital Markets,2026-05-27,Capital Markets,0,0,0,6.21,17.02,50.02,78.02,11.615,25.94,WEAK GROWTH,32
ASIANPAINT,2571371544576.0,MEGA CAP,2682.300048828125,66.674126,13.126652,0.11808,17.609,0.16554001,0.11098,0.037,-0.046,Chemicals,Basic Materials,Specialty Chemicals,2026-05-27,Specialty Chemicals,0,0,0,28.48,21.26,50.02,74.97,24.87,34.91,WEAK GROWTH,32
RUBICON,158250909696.0,MID CAP,960.5499877929688,76.721245,22.893677,0.11808,87.66,0.20309,0.12902,0.517,0.793,Misc,Healthcare,Drug Manufacturers - General,2026-05-27,Drug Manufacturers - General,0,1,0,89.67,86.16,50.02,80.67,87.91499999999999,79.61,HIGH GROWTH,32
LAURUSLABS,750149500928.0,LARGE CAP,1389.199951171875,88.71009,14.151971,0.17743,46.369,0.21529,0.13046,0.053,0.194,Misc,Healthcare,Drug Manufacturers - Specialty & Generic,2026-05-27,Drug Manufacturers - Specialty & Generic,0,0,0,30.83,69.09,88.15,82.23,49.96,60.82,MODERATE GROWTH,32
SAILIFE,237696647168.0,MID CAP,1120.5999755859375,68.2045,9.539456,0.1513,11.614,0.21796,0.15913999,0.039,0.176,Healthcare,Healthcare,Diagnostics & Research,2026-05-27,Diagnostics,0,0,0,28.7,68.02,83.56,82.47,48.36,58.81,MODERATE GROWTH,32
SUNPHARMA,4418135130112.0,MEGA CAP,1841.4000244140625,38.474716,5.675241,0.1472,5.517,0.18834,0.19635999,0.128,0.256,Misc,Healthcare,Drug Manufacturers - Specialty & Generic,2026-05-27,Drug Manufacturers - Specialty & Generic,0,1,0,59.92,72.61,82.62,78.72,66.265,70.78,HIGH GROWTH,32
TORNTPHARM,1517318701056.0,LARGE CAP,4483.2001953125,69.92981,17.971115,0.16985,85.442,0.20205,0.15472001,0.418,-0.218,Misc,Healthcare,Drug Manufacturers - Specialty & Generic,2026-05-27,Drug Manufacturers - Specialty & Generic,0,0,0,86.59,14.96,86.96,80.52,50.775000000000006,60.99,MODERATE GROWTH,32
RAINBOW,136802099200.0,MID CAP,1348.5999755859375,49.14723,9.022244,0.11808,53.24,0.24104999,0.15968001,0.119,0.056,Misc,Healthcare,Medical Care Facilities,2026-05-27,Medical Care Facilities,0,0,0,58.28,26.57,50.02,84.54,42.425,48.16,SLOW GROWTH,32
ONEPOINT,16479570944.0,SMALL CAP,62.779998779296875,46.161762,3.9293983,0.11808,12.498,0.15447,0.12901,0.177,0.1,Misc,Industrials,Specialty Business Services,2026-05-27,Specialty Business Services,0,0,0,67.32,29.34,50.02,73.02,48.33,51.14,SLOW GROWTH,32
KSHITIJPOL,402282176.0,MICRO CAP,4.519999980926514,18.08,1.5076718,0.07117,29.786,0.19212,0.07934,0.973,0.159,Misc,Industrials,Business Equipment & Supplies,2026-05-27,Business Equipment & Supplies,0,1,0,95.24,50.02,14.17,79.15,72.63,61.59,MODERATE GROWTH,32
SRF,812152455168.0,LARGE CAP,2740.0,44.286407,5.7851677,0.13763,36.195,0.20196,0.11625,0.07,0.106,Misc,Industrials,Conglomerates,2026-05-27,Conglomerates,0,0,0,34.26,29.62,80.48,80.48,31.939999999999998,46.5,SLOW GROWTH,32
POLYMED,138225221632.0,MID CAP,1362.0999755859375,42.80641,4.7309923,0.11808,8.169,0.16697,0.19514999,0.164,-0.176,Misc,Healthcare,Medical Instruments & Supplies,2026-05-27,Medical Instruments & Supplies,0,0,0,65.62,16.6,50.02,75.24,41.11,46.31,SLOW GROWTH,32
PARKHOSPS,123501993984.0,MID CAP,285.92999267578125,41.620087,5.629762,0.16936001,17.307,0.23862,0.1537,0.301,0.309,Misc,Healthcare,Medical Care Facilities,2026-05-27,Medical Care Facilities,0,1,0,80.91,75.71,86.84,84.26,78.31,80.61,HIGH GROWTH,32
SHREECEM,920059052032.0,LARGE CAP,25500.0,52.7448,9.985179,0.11808,38.149,0.18603,0.1453,0.052,0.034,Misc,Basic Materials,Building Materials,2026-05-27,Building Materials,0,0,0,30.53,25.44,50.02,78.25,27.985,37.42,WEAK GROWTH,32
PARAS,69506572288.0,SMALL CAP,862.5,79.12844,10.351905,0.13137999,3.731,0.22305,0.18486,0.579,0.746,Misc,Industrials,Aerospace & Defense,2026-05-27,Aerospace & Defense,0,1,0,90.9,85.53,78.91,83.17,88.215,85.85,ELITE GROWTH,32
GODREJCP,1056193052672.0,LARGE CAP,1032.199951171875,56.839207,8.338113,0.15099,34.899,0.19620001,0.12264,0.084,0.097,Consumer,Consumer Defensive,Household & Personal Products,2026-05-27,FMCG – Personal Care,0,0,0,36.57,29.17,83.48,79.77,32.870000000000005,47.68,SLOW GROWTH,32
APOLLO,150604021760.0,MID CAP,421.5,134.66454,11.078693,0.1121,41.527,0.20691,0.12487,0.813,1.348,Misc,Industrials,Aerospace & Defense,2026-05-27,Aerospace & Defense,0,1,0,94.03,90.43,23.0,81.41,92.23,77.3,HIGH GROWTH,32
KRN,69366767616.0,SMALL CAP,1116.0,90.07264,12.112267,0.14258,32.633,0.15363,0.12743,0.365,0.569,Misc,Technology,Electronic Components,2026-05-27,Electronic Components,0,1,0,84.19,82.39,81.57,72.78,83.28999999999999,81.9,HIGH GROWTH,32
MAXHEALTH,957379903488.0,LARGE CAP,983.7000122070312,66.87288,9.577171,0.14333001,32.367,0.22559,0.17226,0.122,0.073,Misc,Healthcare,Medical Care Facilities,2026-05-27,Medical Care Facilities,0,0,0,58.77,27.68,81.73,83.4,43.225,54.94,SLOW GROWTH,32
RATEGAIN,86536159232.0,SMALL CAP,732.75,44.38219,4.7626014,0.105399996,47.296,0.15659,0.10313,1.745,0.271,Technology,Technology,Software - Application,2026-05-27,SaaS,0,1,0,97.62,73.49,21.52,73.33,85.555,71.53,HIGH GROWTH,32
KAJARIACER,172475957248.0,MID CAP,1082.9000244140625,42.5,5.88587,0.16499001,7.302,0.16102,0.10049,0.124,2.659,Misc,Industrials,Building Products & Equipment,2026-05-27,Building Products & Equipment,0,1,0,59.18,94.49,86.18,73.99,76.835,78.42,HIGH GROWTH,32
AEPL,4199847168.0,MICRO CAP,16.729999542236328,44.026314,4.6575723,0.11808,2.301,0.24391001,0.12214,-0.769,-0.7,Misc,Industrials,Electrical Equipment & Parts,2026-05-27,Electrical Equipment & Parts,0,0,0,1.33,4.18,50.02,84.73,2.755,20.41,WEAK GROWTH,32
NTPCGREEN,883079380992.0,LARGE CAP,104.80000305175781,169.03226,4.7343698,0.02764,165.281,0.51645,0.17218,0.515,-0.171,Energy,Utilities,Utilities - Renewable,2026-05-27,Power Generation – Renewable,0,0,0,89.55,16.79,8.0,95.24,53.17,48.34,SLOW GROWTH,30
ZENITHEXPO,1059823488.0,MICRO CAP,196.39999389648438,19.620378,1.2541988,0.11808,3.617,-0.04375,0.07469,-0.237,-0.75,Misc,Consumer Cyclical,Textile Manufacturing,2026-05-27,Textile Manufacturing,0,0,0,7.87,3.07,50.02,9.18,5.47,14.75,WEAK GROWTH,30
ARIHANTCAP,7520506880.0,MICRO CAP,68.61000061035156,19.491478,1.5505785,0.076230004,55.35,0.048720002,0.17075,0.035,-0.92732,Misc,Financial Services,Capital Markets,2026-05-27,Capital Markets,0,0,0,28.06,0.53,15.27,26.55,14.295,15.72,WEAK GROWTH,30
UNICHEMLAB,25043326976.0,SMALL CAP,355.70001220703125,8.513643,1.0278,0.097849995,18.405,0.067729995,0.11163,0.019,-0.793,Misc,Healthcare,Drug Manufacturers - Specialty & Generic,2026-05-27,Drug Manufacturers - Specialty & Generic,0,0,0,25.65,2.62,19.48,33.39,14.135,17.13,WEAK GROWTH,30
COFFEEDAY,6242487808.0,MICRO CAP,29.549999237060547,16.508379,0.23943798,0.11808,38.774,-0.029679999,0.03385,0.07,0.159,Hospitality,Consumer Cyclical,Restaurants,2026-05-27,Restaurants,0,0,0,34.26,50.02,50.02,9.88,42.14,40.49,SLOW GROWTH,30
IRB,261851054080.0,MID CAP,21.68000030517578,30.97143,1.3026499,0.04171,95.6,0.23645,0.13434,-0.172,0.434,Misc,Industrials,Infrastructure Operations,2026-05-27,Infrastructure Operations,0,0,0,9.8,79.5,9.57,84.19,44.65,41.59,SLOW GROWTH,30
PNC,264746096.0,MICRO CAP,18.299999237060547,26.636591000000003,0.36233318,0.11808,2.01,0.20963,-0.2538,2.224,0.159,Misc,Communication Services,Entertainment,2026-05-27,Entertainment,0,1,0,98.16,50.02,50.02,81.61,74.09,70.03,HIGH GROWTH,30
GMBREW,21806245888.0,SMALL CAP,954.4500122070312,13.907185,2.0223498,0.15552,3.201,-0.11848,0.09037,0.116,-0.106,Misc,Consumer Defensive,Beverages - Wineries & Distilleries,2026-05-27,Beverages - Wineries & Distilleries,0,0,0,49.96,19.06,84.42,7.07,34.51,41.75,SLOW GROWTH,30
SUMMITSEC,17281716224.0,SMALL CAP,1578.699951171875,16.453362,0.15396762,0.011360001,29.432,-2.26089,0.72619003,0.116,0.159,Misc,Financial Services,Capital Markets,2026-05-27,Capital Markets,0,1,0,49.96,50.02,5.66,1.48,49.99,36.27,WEAK GROWTH,30
THEINVEST,5216385024.0,MICRO CAP,99.8499984741211,17.335068,0.7171278,0.04665,7.607,0.0027599998,0.113579996,-0.199,0.073,Misc,Financial Services,Capital Markets,2026-05-27,Capital Markets,0,0,0,8.81,27.68,10.54,13.63,18.245,16.24,WEAK GROWTH,30
PAUSHAKLTD,11218894848.0,SMALL CAP,455.0,28.544542,2.335525,0.082229994,15.666,0.15996,0.17992,0.053,0.301,Chemicals,Basic Materials,Specialty Chemicals,2026-05-27,Specialty Chemicals,0,0,0,30.83,75.28,16.32,73.84,53.055,47.79,SLOW GROWTH,30
SAKAR,17287747584.0,SMALL CAP,787.5999755859375,57.573097,5.7786837,0.09996,17.045,0.28724,0.12001,0.404,0.872,Misc,Healthcare,Drug Manufacturers - Specialty & Generic,2026-05-27,Drug Manufacturers - Specialty & Generic,0,1,0,86.04,87.0,20.11,87.82,86.52000000000001,73.37,HIGH GROWTH,30
LYPSAGEMS,150368400.0,MICRO CAP,5.099999904632568,26.636591000000003,1.0069101,0.11808,29.432,0.21651,-0.67039,-0.018,16.33808000000006,Misc,Consumer Cyclical,Luxury Goods,2026-05-27,Luxury Goods,0,0,0,20.58,99.51,50.02,82.35,60.045,60.27,MODERATE GROWTH,30
HMVL,4766701056.0,MICRO CAP,64.83999633789062,7.172566,0.30704537,0.11808,5.327,-0.021389998,0.08396,0.075,-0.92732,Misc,Communication Services,Publishing,2026-05-27,Publishing,0,0,0,35.08,0.53,50.02,10.5,17.805,23.52,WEAK GROWTH,30
TPHQ,580996352.0,MICRO CAP,0.5299999713897705,8.833333,0.668348,0.11808,29.432,0.14173001,0.0,-0.80216,10.612,Industrials,Industrials,Engineering & Construction,2026-05-27,Engineering & EPC,0,0,0,0.53,98.52,50.02,70.17,49.525,51.69,SLOW GROWTH,30
BOMDYEING,26816489472.0,SMALL CAP,129.83999633789062,99.87692,1.1719997,0.01169,0.139,-0.025999999,0.01843,0.103,0.827,Misc,Consumer Cyclical,Textile Manufacturing,2026-05-27,Textile Manufacturing,0,1,0,39.85,86.51,5.82,10.09,63.18000000000001,46.4,SLOW GROWTH,30
VRAJ,4042679808.0,MICRO CAP,122.56999969482422,15.32125,0.9786262,0.11808,6.498,-0.0018000001,0.046350002,0.221,-0.879,Misc,Basic Materials,Steel,2026-05-27,Steel,0,0,0,73.37,1.64,50.02,12.57,37.505,37.51,WEAK GROWTH,30
KOTHARIPRO,4416891904.0,MICRO CAP,74.0,3.1412459800000003,0.39192632,0.11808,21.976,-0.083629996,0.045689996,-0.269,-0.059,Misc,Industrials,Conglomerates,2026-05-27,Conglomerates,0,0,0,6.79,20.81,50.02,7.85,13.799999999999999,20.45,WEAK GROWTH,30
SPLIL,909973376.0,MICRO CAP,31.0,14.832537,0.41885665,0.11808,29.432,-0.3346,0.07843,-0.452,7.2,Misc,Consumer Cyclical,Apparel Manufacturing,2026-05-27,Apparel Manufacturing,0,0,0,3.77,97.89,50.02,4.53,50.83,46.04,SLOW GROWTH,30
ABB,1497344507904.0,LARGE CAP,7066.0,96.16222,19.108555,0.11808,1.082,0.11496,0.22257,0.008,2.76,Misc,Industrials,Specialty Industrial Machinery,2026-05-27,Specialty Industrial Machinery,0,0,0,23.86,94.73,50.02,62.67,59.295,57.78,MODERATE GROWTH,30
BESTAGRO,6412453376.0,MICRO CAP,18.079999923706055,9.617022,0.7924611,0.11808,53.825,-0.03263,0.01761,-0.26,0.159,Chemicals,Basic Materials,Agricultural Inputs,2026-05-27,Agrochemicals,0,0,0,6.97,50.02,50.02,9.61,28.495,30.91,WEAK GROWTH,30
BORORENEW,71284899840.0,SMALL CAP,508.1499938964844,53.60232,6.058492,0.11808,22.805,0.25838,-0.04032,0.08,0.159,Misc,Technology,Solar,2026-05-27,Solar,0,0,0,35.86,50.02,50.02,85.83,42.94,48.64,SLOW GROWTH,30
INOXGREEN,70040281088.0,SMALL CAP,174.4499969482422,104.46108,3.2563653,0.11808,4.695,0.14733,0.27431,0.338,3.998,Energy,Utilities,Utilities - Renewable,2026-05-27,Power Generation – Renewable,0,1,0,83.19,96.25,50.02,71.34,89.72,79.94,HIGH GROWTH,30
GAYAHWS,551199360.0,MICRO CAP,2.299999952316284,46.0,-0.08437271,0.11808,29.432,0.09246001,0.9871920000000006,4.694480000000025,-0.92732,Misc,Industrials,Infrastructure Operations,2026-05-27,Infrastructure Operations,0,0,0,99.51,0.53,50.02,42.64,50.02,49.28,SLOW GROWTH,30
JSWENERGY,1096366882816.0,LARGE CAP,598.3499755859375,47.003143,3.4103148,0.08817001,229.16,0.33268002,0.11847,0.41,-0.117,Misc,Utilities,Utilities - Independent Power Producers,2026-05-27,Utilities - Independent Power Producers,0,0,0,86.45,18.68,17.3,90.39,52.565,49.29,SLOW GROWTH,30
JAYKAY,27125766144.0,SMALL CAP,208.1999969482422,90.91703,2.598732,0.11808,29.432,0.11731,0.28791,0.126,-0.767,Misc,Industrials,Specialty Business Services,2026-05-27,Specialty Business Services,0,0,0,59.63,2.85,50.02,63.3,31.240000000000002,38.2,WEAK GROWTH,30
PFOCUS,188565700608.0,MID CAP,243.0,26.636591000000003,4.691754,0.11808,246.44,0.1883,-0.022149999,0.313,0.159,Misc,Communication Services,Entertainment,2026-05-27,Entertainment,0,1,0,81.84,50.02,50.02,78.68,65.93,64.02,MODERATE GROWTH,30
SJVN,296227930112.0,MID CAP,75.37999725341797,46.245396,2.0399988,0.04514,226.528,0.27751,0.14179,1.967,0.159,Energy,Utilities,Utilities - Renewable,2026-05-27,Power Generation – Renewable,0,1,0,98.01,50.02,10.15,87.19,74.015,62.56,MODERATE GROWTH,30
ELECTHERM,10022859776.0,SMALL CAP,786.5499877929688,6.4140096,-6.505306,0.11808,29.432,0.0117999995,-0.00424,-0.018,-0.927,Misc,Basic Materials,Steel,2026-05-27,Steel,0,0,0,20.58,1.05,50.02,15.31,10.815,19.11,WEAK GROWTH,30
MODIRUBBER,3255269120.0,MICRO CAP,130.0,19.316494,0.4711357,0.02411,2.81,-0.6717,0.52049,0.201,-0.281,Misc,Real Estate,Real Estate Services,2026-05-27,Real Estate Services,0,0,0,71.01,12.87,7.54,2.73,41.940000000000005,31.14,WEAK GROWTH,30
VIRINCHI,2012144384.0,MICRO CAP,18.200000762939453,26.636591000000003,0.40639517,0.11808,64.151,0.15117,-0.05529,-0.067,-0.622,Technology,Technology,Software - Application,2026-05-27,SaaS,0,0,0,16.22,5.35,50.02,72.28,10.785,24.78,WEAK GROWTH,30
ABAN,992210496.0,MICRO CAP,17.0,26.636591000000003,-0.0036914977,0.11808,29.432,0.18032,-0.8954719999999999,-0.241,0.159,Misc,Energy,Oil & Gas Drilling,2026-05-27,Oil & Gas Drilling,0,0,0,7.65,50.02,50.02,77.51,28.835,37.94,WEAK GROWTH,30
LOVABLE,1073443968.0,MICRO CAP,72.52999877929688,14.029013,0.6280415,0.11808,1.621,-0.00389,0.09189,0.263,0.159,Misc,Consumer Cyclical,Apparel Manufacturing,2026-05-27,Apparel Manufacturing,0,1,0,77.8,50.02,50.02,12.07,63.91,55.95,MODERATE GROWTH,30
WANBURY,10488808448.0,SMALL CAP,300.20001220703125,15.692631,16.597557,0.11808,29.432,0.054920003,-0.25901,-0.192,0.159,Misc,Healthcare,Drug Manufacturers - Specialty & Generic,2026-05-27,Drug Manufacturers - Specialty & Generic,0,0,0,9.06,50.02,50.02,28.89,29.540000000000003,33.57,WEAK GROWTH,30
CENTUM,48182378496.0,SMALL CAP,3268.60009765625,47.94778,11.557664,0.28000998,37.984,0.13962,-0.054380003,-0.077,-0.836,Misc,Technology,Electronic Components,2026-05-27,Electronic Components,0,0,0,15.37,2.13,95.7,69.35,8.75,32.2,WEAK GROWTH,30
GREENPOWER,13548516352.0,SMALL CAP,11.550000190734863,19.576273,1.1747355,0.06458,45.393,-0.30267,0.23687,-0.069,0.159,Misc,Utilities,Utilities - Independent Power Producers,2026-05-27,Utilities - Independent Power Producers,0,0,0,16.03,50.02,12.96,4.8,33.025000000000006,26.19,WEAK GROWTH,30
IFCI,184695242752.0,MID CAP,68.55999755859375,99.34783,2.125186,0.11808,29.432,0.8963087664000005,0.0,0.116,0.159,Financials,Financial Services,Credit Services,2026-05-27,NBFC – Lending,0,1,0,49.96,50.02,50.02,99.51,49.99,54.95,SLOW GROWTH,30
3IINFOLTD,3583937024.0,MICRO CAP,17.280000686645508,9.494506,0.96931624,0.10256,16.298,-0.08226,0.045250002,-0.06,0.159,Technology,Technology,Information Technology Services,2026-05-27,IT Services,0,0,0,16.69,50.02,20.77,7.93,33.355000000000004,28.3,WEAK GROWTH,30
ZENITHSTL,926245760.0,MICRO CAP,6.510000228881836,15.87805,-0.3707078,0.11808,29.432,-0.43611,0.08627,-0.737,0.159,Misc,Basic Materials,Steel,2026-05-27,Steel,0,0,0,1.58,50.02,50.02,4.02,25.8,28.47,WEAK GROWTH,30
SDBL,17723586560.0,SMALL CAP,85.25,19.918222,2.0809433,0.11808,29.432,-0.4439,0.06899,-0.793,0.159,Misc,Consumer Defensive,Beverages - Brewers,2026-05-27,Beverages - Brewers,0,0,0,1.09,50.02,50.02,3.9,25.555000000000003,28.28,WEAK GROWTH,30
JINDALPHOT,10442659840.0,SMALL CAP,1014.0999755859375,86.086586,1.0743574,0.11808,29.432,0.26667,0.0,-0.80216,-0.92732,Financials,Financial Services,Asset Management,2026-05-27,Asset Management Companies,0,0,0,0.53,0.53,50.02,86.45,0.53,19.02,WEAK GROWTH,30
BLACKBUCK,94971674624.0,SMALL CAP,521.5999755859375,59.611427,6.698171,0.12059,4.164,0.14942999,0.24594,0.525,-0.858,Technology,Technology,Software - Application,2026-05-27,SaaS,0,0,0,89.96,1.87,76.42,71.85,45.915,54.61,SLOW GROWTH,30
DREAMFOLKS,4216309760.0,MICRO CAP,79.1500015258789,10.638441,1.2636302,0.11808,3.056,-0.28273,0.042930003,-0.80216,-0.538,Misc,Industrials,Airports & Air Services,2026-05-27,Airports & Air Services,0,0,0,0.53,6.76,50.02,5.04,3.645,13.06,WEAK GROWTH,30
INDIANHUME,17016211456.0,SMALL CAP,323.0,12.061239,1.1444365,0.09864,28.091,0.094239995,0.10808,-0.104,-0.92732,Industrials,Industrials,Engineering & Construction,2026-05-27,Engineering & EPC,0,0,0,13.86,0.53,19.76,43.38,7.194999999999999,13.33,WEAK GROWTH,30
EDELWEISS,106446946304.0,MID CAP,112.45999908447266,15.135936,1.5220951,0.11472999,319.7,-0.0753,0.081920005,-0.219,-0.182,Financials,Financial Services,Financial Conglomerates,2026-05-27,NBFC – Investment,0,0,0,8.32,16.19,23.51,8.16,12.255,14.1,WEAK GROWTH,30
WAAREERTL,103375380480.0,MID CAP,990.7000122070312,21.597996,15.687548,0.11808,15.598,0.18571,-0.34030998,1.312,0.667,Energy,Utilities,Utilities - Renewable,2026-05-27,Power Generation – Renewable,0,1,0,96.62,84.26,50.02,78.17,90.44,81.13,HIGH GROWTH,30
CONCOR,359521714176.0,MID CAP,472.04998779296875,28.836283,2.8114278,0.097559996,7.39,0.15439999,0.13149999,0.028,-0.117,Misc,Industrials,Railroads,2026-05-27,Railroads,0,0,0,27.08,18.68,19.41,72.98,22.88,27.2,WEAK GROWTH,30
GCSL,9340995584.0,MICRO CAP,412.6000061035156,34.643158,2.9754093,0.09791,4.577,0.23834999,0.10654,-0.292,0.159,Misc,Financial Services,Capital Markets,2026-05-27,Capital Markets,0,0,0,6.13,50.02,19.56,84.22,28.075000000000003,31.99,WEAK GROWTH,30
5PAISA,15667047424.0,SMALL CAP,334.20001220703125,24.07781,1.6642183,0.070539996,58.31,0.19001,0.15376,0.064,0.079,Misc,Financial Services,Capital Markets,2026-05-27,Capital Markets,0,0,0,32.86,28.13,13.98,78.95,30.494999999999997,32.04,WEAK GROWTH,30
POONAWALLA,345531482112.0,MID CAP,394.6000061035156,57.859238,3.0843308,0.0585,470.362,0.35472,0.18559,0.674,2.877,Financials,Financial Services,Credit Services,2026-05-27,NBFC – Lending,0,1,0,92.74,95.12,12.22,91.45,93.93,77.34,HIGH GROWTH,30
SINCLAIR,3813744128.0,MICRO CAP,74.4000015258789,27.865168,3.2996275,0.07633,28.381,0.19985001,0.15284,0.166,0.159,Misc,Consumer Cyclical,Lodging,2026-05-27,Lodging,0,1,0,65.99,50.02,15.31,80.32,58.004999999999995,51.7,SLOW GROWTH,30
ORIENTHOT,17518792704.0,SMALL CAP,98.08999633789062,25.813158,2.5331852,0.094119996,17.135,0.21787001,0.1376,0.046,0.661,Misc,Consumer Cyclical,Lodging,2026-05-27,Lodging,0,0,0,29.64,84.21,18.55,82.43,56.925,51.8,SLOW GROWTH,30
TAINWALCHM,1871836160.0,MICRO CAP,199.89999389648438,17.59683,1.0880036,0.06621,29.432,-1.18055,0.34715,-0.749,0.296,Chemicals,Basic Materials,Specialty Chemicals,2026-05-27,Specialty Chemicals,0,0,0,1.52,74.99,13.33,1.99,38.254999999999995,29.64,WEAK GROWTH,30
LAXMICOT,247440880.0,MICRO CAP,14.430000305175781,3.2209823,0.38102028,0.11808,65.868,-0.02036,0.049310002,-0.418,0.159,Misc,Consumer Cyclical,Textile Manufacturing,2026-05-27,Textile Manufacturing,0,0,0,4.22,50.02,50.02,10.62,27.12,30.05,WEAK GROWTH,30
ADANIGREEN,2440950448128.0,MEGA CAP,1481.9000244140625,154.04367,13.089487,0.07576,339.503,0.57025003,0.12778,0.131,2.803,Energy,Utilities,Utilities - Renewable,2026-05-27,Power Generation – Renewable,0,1,0,60.39,94.85,15.07,96.25,77.62,66.97,MODERATE GROWTH,30
ZEEMEDIA,5197312512.0,MICRO CAP,8.3100004196167,26.636591000000003,2.6322458,0.11808,54.648,0.21875,-0.010989999,0.507,0.159,Media,Communication Services,Broadcasting,2026-05-27,Broadcasting,0,1,0,89.18,50.02,50.02,82.62,69.60000000000001,66.99,MODERATE GROWTH,30
PKTEA,2625305344.0,MICRO CAP,848.0,26.636591000000003,1.2031577,0.11808,20.57,0.23947,-0.00399,0.501,0.159,Misc,Consumer Defensive,Farm Products,2026-05-27,Farm Products,0,1,0,89.07,50.02,50.02,84.38,69.545,67.12,MODERATE GROWTH,30
GTLINFRA,17420392448.0,SMALL CAP,1.3600000143051147,3.1412459800000003,-0.2746365,0.11808,29.432,0.110190004,-0.8954719999999999,0.036,0.159,Misc,Technology,Communication Equipment,2026-05-27,Communication Equipment,0,0,0,28.27,50.02,50.02,61.27,39.145,43.53,SLOW GROWTH,30
COMSYN,6184806400.0,MICRO CAP,153.32000732421875,22.61357,3.7680023,0.11808,67.103,0.096020006,0.073,0.127,0.625,Misc,Consumer Cyclical,Packaging & Containers,2026-05-27,Packaging & Containers,0,1,0,59.8,83.46,50.02,56.27,71.63,65.77,MODERATE GROWTH,28
HISARMETAL,798876032.0,MICRO CAP,147.94,26.703972,1.2497255,0.11808,106.756,0.041840002,0.01203,0.195,0.645,Misc,Basic Materials,Steel,2026-05-27,Steel,0,1,0,70.01,83.87,50.02,24.01,76.94,66.26,MODERATE GROWTH,28
BAGFILMS,1044822080.0,MICRO CAP,5.03000020980835,22.863638,0.57035947,0.11808,60.33,0.05316,0.0421,0.283,-0.514,Media,Communication Services,Broadcasting,2026-05-27,Broadcasting,0,0,0,79.54,7.11,50.02,28.35,43.325,43.17,SLOW GROWTH,28
JUBLCPL,28265461760.0,SMALL CAP,1865.4000244140625,23.355452,6.77561,0.11808,9.982,0.07672,0.0687,0.135,0.022,Chemicals,Basic Materials,Specialty Chemicals,2026-05-27,Specialty Chemicals,0,0,0,61.19,24.8,50.02,36.74,42.995,43.77,SLOW GROWTH,28
RAJRATAN,21278126080.0,SMALL CAP,419.1000061035156,30.369566,3.2704117,0.11594,49.797,0.067140006,0.06062,0.25,0.018,Misc,Basic Materials,Steel,2026-05-27,Steel,0,0,0,76.49,24.46,23.82,33.03,50.474999999999994,43.4,SLOW GROWTH,28
ADSL,6944352768.0,MICRO CAP,122.76000213623047,21.536842,1.2053611,0.11808,17.707,0.0856,0.03521,0.122,-0.257,Technology,Technology,Information Technology Services,2026-05-27,IT Services,0,0,0,58.77,13.57,50.02,40.37,36.17,39.36,WEAK GROWTH,28
HARSHA,36708982784.0,SMALL CAP,403.20001220703125,23.648096,2.7943726,0.11808,24.121,0.110640004,0.06919,0.207,0.259,Misc,Industrials,Tools & Accessories,2026-05-27,Tools & Accessories,0,1,0,71.98,72.92,50.02,61.42,72.45,66.86,MODERATE GROWTH,28
VIPCLOTHNG,2334354432.0,MICRO CAP,25.899999618530273,29.770115,1.2266161,0.11808,40.011,0.059910003,0.03158,-0.189,-0.545,Misc,Consumer Cyclical,Apparel Manufacturing,2026-05-27,Apparel Manufacturing,0,0,0,9.18,6.72,50.02,30.53,7.949999999999999,18.62,WEAK GROWTH,28
RRKABEL,220216410112.0,MID CAP,1947.0,44.75862,8.553542,0.20826,13.092,0.079450004,0.050630003,0.336,0.322,Misc,Industrials,Electrical Equipment & Parts,2026-05-27,Electrical Equipment & Parts,0,1,0,82.86,76.26,91.92,37.95,79.56,77.87,HIGH GROWTH,28
THOMASCOTT,3771021056.0,MICRO CAP,257.04998779296875,21.564596,2.9926422,0.11808,21.124,0.11101,0.08331,0.459,0.159,Misc,Consumer Cyclical,Textile Manufacturing,2026-05-27,Textile Manufacturing,0,1,0,87.84,50.02,50.02,61.5,68.93,64.41,MODERATE GROWTH,28
KPIL,218486390784.0,MID CAP,1279.4000244140625,20.987534,3.137507,0.14513999,45.814,0.06598,0.03832,0.101,0.894,Industrials,Industrials,Engineering & Construction,2026-05-27,Engineering & EPC,0,1,0,39.63,87.31,82.23,32.8,63.47,64.16,MODERATE GROWTH,28
FSL,184739807232.0,MID CAP,267.6000061035156,28.020943,4.217694,0.159,66.635,0.12167,0.07057,0.195,0.279,Technology,Technology,Information Technology Services,2026-05-27,IT Services,0,1,0,70.01,73.99,85.2,64.43,72.0,73.88,HIGH GROWTH,28
SHERA,4395872256.0,MICRO CAP,192.9,24.699102,2.8303132,0.11808,29.432,0.0957850025,0.063525002,0.116,0.159,Misc,Unknown,Unknown,2026-05-27,Diversified,0,1,0,49.96,50.02,50.02,50.02,49.99,50.0,SLOW GROWTH,28
GREENCHEF,1754696832.0,MICRO CAP,75.4,29.453127,1.5128108,0.11808,29.432,0.0957850025,0.063525002,0.116,0.159,Misc,Unknown,Unknown,2026-05-27,Diversified,0,1,0,49.96,50.02,50.02,50.02,49.99,50.0,SLOW GROWTH,28
RML,25475911680.0,SMALL CAP,921.7999877929688,23.690567,3.3950992,0.15123,100.193,0.05461,0.02782,-0.428,0.047,Automobiles,Consumer Cyclical,Auto Parts,2026-05-27,Auto Components,0,0,0,3.87,26.26,83.52,28.82,15.065000000000001,30.13,WEAK GROWTH,28
GLOBALPET,1141610496.0,MICRO CAP,96.85,27.83046,2.2620046,0.11808,29.432,0.0957850025,0.063525002,0.116,0.159,Misc,Unknown,Unknown,2026-05-27,Diversified,0,1,0,49.96,50.02,50.02,50.02,49.99,50.0,SLOW GROWTH,28
HOLMARC,1094947456.0,MICRO CAP,108.95,29.287634,3.993329,0.11808,29.432,0.0957850025,0.063525002,0.116,0.159,Misc,Unknown,Unknown,2026-05-27,Diversified,0,1,0,49.96,50.02,50.02,50.02,49.99,50.0,SLOW GROWTH,28
DYNAMIC,6451039744.0,MICRO CAP,274.3,32.384884,2.9888313,0.11808,29.432,0.0957850025,0.063525002,0.116,0.159,Misc,Unknown,Unknown,2026-05-27,Diversified,0,1,0,49.96,50.02,50.02,50.02,49.99,50.0,SLOW GROWTH,28
GSTL,700534400.0,MICRO CAP,43.95,26.636591000000003,1.5669566,0.11808,29.432,0.0957850025,0.063525002,0.116,0.159,Misc,Unknown,Unknown,2026-05-27,Diversified,0,1,0,49.96,50.02,50.02,50.02,49.99,50.0,SLOW GROWTH,28
APOLLOHOSP,1179177975808.0,LARGE CAP,8201.0,60.550797,12.435744,0.21503,85.146,0.11908,0.07696,0.181,0.356,Misc,Healthcare,Medical Care Facilities,2026-05-27,Medical Care Facilities,0,1,0,68.06,77.08,92.62,63.73,72.57,75.7,HIGH GROWTH,28
SHRINGARMS,20511102976.0,SMALL CAP,212.6999969482422,21.20638,2.6598804,0.11808,30.311,0.05962,0.05167,0.684,0.739,Misc,Consumer Cyclical,Luxury Goods,2026-05-27,Luxury Goods,0,1,0,92.85,85.47,50.02,30.46,89.16,75.46,HIGH GROWTH,28
EMMBI,1616180992.0,MICRO CAP,84.0,22.16359,0.82185346,0.11808,84.014,0.071890004,0.0155299995,0.091,-0.383,Misc,Consumer Cyclical,Packaging & Containers,2026-05-27,Packaging & Containers,0,0,0,37.68,10.35,50.02,34.91,24.015,30.31,WEAK GROWTH,28
GGBL,11951601664.0,SMALL CAP,481.9,24.674858,5.021099,0.11808,29.432,0.0957850025,0.063525002,0.116,0.159,Misc,Unknown,Unknown,2026-05-27,Diversified,0,1,0,49.96,50.02,50.02,50.02,49.99,50.0,SLOW GROWTH,28
VILAS,12012336128.0,SMALL CAP,490.7,26.381721,3.8302124,0.11808,29.432,0.0957850025,0.063525002,0.116,0.159,Misc,Unknown,Unknown,2026-05-27,Diversified,0,1,0,49.96,50.02,50.02,50.02,49.99,50.0,SLOW GROWTH,28
DEEM,817052672.0,MICRO CAP,98.0,28.16092,0.96527,0.11808,29.432,0.0957850025,0.063525002,0.116,0.159,Misc,Unknown,Unknown,2026-05-27,Diversified,0,1,0,49.96,50.02,50.02,50.02,49.99,50.0,SLOW GROWTH,28
TRIDHYA,702133184.0,MICRO CAP,30.15,26.636591000000003,1.6353872,0.11808,29.432,0.0957850025,0.063525002,0.116,0.159,Misc,Unknown,Unknown,2026-05-27,Diversified,0,1,0,49.96,50.02,50.02,50.02,49.99,50.0,SLOW GROWTH,28
BMETRICS,1526926080.0,MICRO CAP,124.0,33.87978,7.139567,0.11808,29.432,0.0957850025,0.063525002,0.116,0.159,Misc,Unknown,Unknown,2026-05-27,Diversified,0,1,0,49.96,50.02,50.02,50.02,49.99,50.0,SLOW GROWTH,28
DTL,1538958336.0,MICRO CAP,186.3,26.636591000000003,8.411594,0.11808,29.432,0.0957850025,0.063525002,0.116,0.159,Misc,Unknown,Unknown,2026-05-27,Diversified,0,1,0,49.96,50.02,50.02,50.02,49.99,50.0,SLOW GROWTH,28
KROSS,12341298176.0,SMALL CAP,191.30999755859375,22.349298,2.5199225,0.11948,10.969,0.1412,0.081499994,0.223,0.31,Automobiles,Consumer Cyclical,Auto Parts,2026-05-27,Auto Components,0,1,0,73.7,75.79,76.14,69.86,74.745,74.54,HIGH GROWTH,28
RILINFRA,1219557760.0,MICRO CAP,65.55,26.011906,0.9443884,0.11808,29.432,0.0957850025,0.063525002,0.116,0.159,Misc,Unknown,Unknown,2026-05-27,Diversified,0,1,0,49.96,50.02,50.02,50.02,49.99,50.0,SLOW GROWTH,28
MANAKALUCO,2378230784.0,MICRO CAP,36.290000915527344,31.556522,1.7192534,0.11808,193.509,0.06576,0.01159,0.021,0.0,Misc,Basic Materials,Aluminum,2026-05-27,Aluminum,0,0,0,26.04,23.58,50.02,32.68,24.81,30.64,WEAK GROWTH,28
BAWEJA,1543261312.0,MICRO CAP,83.75,22.820164,1.476031,0.11808,29.432,0.0957850025,0.063525002,0.116,0.159,Misc,Unknown,Unknown,2026-05-27,Diversified,0,1,0,49.96,50.02,50.02,50.02,49.99,50.0,SLOW GROWTH,28
AIMTRON,11131658240.0,SMALL CAP,545.3,25.117458,5.5917883,0.11808,29.432,0.0957850025,0.063525002,0.116,0.159,Misc,Unknown,Unknown,2026-05-27,Diversified,0,1,0,49.96,50.02,50.02,50.02,49.99,50.0,SLOW GROWTH,28
APS,10267761664.0,SMALL CAP,520.15,25.610538,8.014638,0.11808,29.432,0.0957850025,0.063525002,0.116,0.159,Misc,Unknown,Unknown,2026-05-27,Diversified,0,1,0,49.96,50.02,50.02,50.02,49.99,50.0,SLOW GROWTH,28
INDIGRID,133416214528.0,MID CAP,140.06,30.647701,2.5366755,0.11808,29.432,0.0957850025,0.063525002,0.116,0.159,Misc,Unknown,Unknown,2026-05-27,Diversified,0,1,0,49.96,50.02,50.02,50.02,49.99,50.0,SLOW GROWTH,28
VIAZ,692181504.0,MICRO CAP,56.5,20.772058,1.7795836,0.11808,29.432,0.0957850025,0.063525002,0.116,0.159,Misc,Unknown,Unknown,2026-05-27,Diversified,0,1,0,49.96,50.02,50.02,50.02,49.99,50.0,SLOW GROWTH,28
BBL,31656646656.0,SMALL CAP,2800.699951171875,26.381876,1.441859,0.11808,8.707,0.050830003,0.061669998,0.106,-0.392,Misc,Industrials,Electrical Equipment & Parts,2026-05-27,Electrical Equipment & Parts,0,0,0,40.45,10.19,50.02,27.37,25.32,30.47,WEAK GROWTH,28
WTICAB,6644692480.0,MICRO CAP,279.05,24.47807,3.5688705,0.11808,29.432,0.0957850025,0.063525002,0.116,0.159,Misc,Unknown,Unknown,2026-05-27,Diversified,0,1,0,49.96,50.02,50.02,50.02,49.99,50.0,SLOW GROWTH,28
SATIPOLY,1218940800.0,MICRO CAP,246.4,26.636591000000003,7.1648736,0.11808,29.432,0.0957850025,0.063525002,0.116,0.159,Misc,Unknown,Unknown,2026-05-27,Diversified,0,1,0,49.96,50.02,50.02,50.02,49.99,50.0,SLOW GROWTH,28
NIMBSPROJ,4232735232.0,MICRO CAP,219.10000610351562,26.636591000000003,0.8589126,0.11808,29.432,0.0957850025,0.063525002,0.116,0.159,Misc,Unknown,Unknown,2026-05-27,Diversified,0,1,0,49.96,50.02,50.02,50.02,49.99,50.0,SLOW GROWTH,28
WINDLAS,16674072576.0,SMALL CAP,808.0,24.551807,3.1756012,0.122320004,6.067,0.07248,0.07351,0.177,-0.026,Misc,Healthcare,Drug Manufacturers - Specialty & Generic,2026-05-27,Drug Manufacturers - Specialty & Generic,0,0,0,67.32,22.08,76.84,35.26,44.699999999999996,50.18,SLOW GROWTH,28
SPMLINFRA,17869985792.0,SMALL CAP,212.39999389648438,29.016392,1.8944327,0.11808,43.718,0.10564,0.07796,0.233,1.365,Industrials,Industrials,Engineering & Construction,2026-05-27,Engineering & EPC,0,1,0,74.97,90.51,50.02,59.39,82.74000000000001,73.86,HIGH GROWTH,28
ORIENTCER,5048774144.0,MICRO CAP,42.20000076293945,25.731709,1.7180313,0.11808,16.058,0.08331,0.050440002,0.26,1.643,Chemicals,Basic Materials,Specialty Chemicals,2026-05-27,Specialty Chemicals,0,1,0,77.39,92.15,50.02,39.32,84.77000000000001,73.28,HIGH GROWTH,28
WABAG,96053362688.0,SMALL CAP,1541.4000244140625,22.245634,4.127361,0.15674,8.874,0.11022,0.09394,0.223,0.206,Industrials,Industrials,Engineering & Construction,2026-05-27,Engineering & EPC,0,1,0,73.7,69.72,84.69,61.3,71.71000000000001,73.26,HIGH GROWTH,28
ORIANA,42219130880.0,SMALL CAP,2077.8,26.621397,6.637639,0.11808,29.432,0.0957850025,0.063525002,0.116,0.159,Misc,Unknown,Unknown,2026-05-27,Diversified,0,1,0,49.96,50.02,50.02,50.02,49.99,50.0,SLOW GROWTH,28
HITECH,19135846400.0,SMALL CAP,94.4000015258789,25.308311,1.4578476,0.11808,20.944,0.03292,0.02207,0.405,-0.222,Misc,Basic Materials,Steel,2026-05-27,Steel,0,0,0,86.12,14.64,50.02,21.28,50.38,47.4,SLOW GROWTH,28
RBLBANK,215955259392.0,MID CAP,348.79998779296875,24.772726,1.2891254,0.11808,29.432,0.13972001,0.09082,0.408,3.679,Financials,Financial Services,Banks - Regional,2026-05-27,Private Sector Banks,0,1,0,86.26,96.13,50.02,69.39,91.195,80.78,HIGH GROWTH,28
GALAXYSURF,64577286144.0,SMALL CAP,1821.4000244140625,24.14689,2.548022,0.1047,8.579,0.06723,0.05095,0.148,-0.18,Chemicals,Basic Materials,Specialty Chemicals,2026-05-27,Specialty Chemicals,0,0,0,63.28,16.4,21.24,33.15,39.84,35.45,WEAK GROWTH,28
HERITGFOOD,30515965952.0,SMALL CAP,328.8500061035156,20.249386,2.7448542,0.14436,32.621,0.02675,0.03317,0.104,-0.367,Misc,Consumer Defensive,Packaged Foods,2026-05-27,Packaged Foods,0,0,0,39.98,10.74,82.08,18.98,25.36,36.07,WEAK GROWTH,28
INDIAGLYCO,66691629056.0,SMALL CAP,995.0,21.6634,2.5732205,0.112849995,57.645,0.1283,0.069520004,0.131,0.319,Misc,Basic Materials,Chemicals,2026-05-27,Chemicals,0,1,0,60.39,76.16,23.23,66.07,68.275,59.05,MODERATE GROWTH,28
HAVELLS,756032667648.0,LARGE CAP,1205.300048828125,44.806694,7.9957285,0.18969999,2.801,0.09375,0.075040005,0.025,0.396,Misc,Industrials,Electrical Equipment & Parts,2026-05-27,Electrical Equipment & Parts,0,0,0,26.67,78.33,89.81,43.15,52.5,59.03,MODERATE GROWTH,28
RAJRILTD,11639067648.0,SMALL CAP,20.670000076293945,49.214287,8.825789,0.24372,142.191,0.03828,0.02881,0.432,0.008,Misc,Consumer Cyclical,Textile Manufacturing,2026-05-27,Textile Manufacturing,0,0,0,87.13,24.23,94.22,22.84,55.68,60.1,MODERATE GROWTH,28
PRAMARA,1695045504.0,MICRO CAP,154.5,30.294119,1.8299183,0.11808,29.432,0.0957850025,0.063525002,0.116,0.159,Misc,Unknown,Unknown,2026-05-27,Diversified,0,1,0,49.96,50.02,50.02,50.02,49.99,50.0,SLOW GROWTH,28
SHREEOSFM,2464544000.0,MICRO CAP,160.0,23.59882,3.024289,0.11808,29.432,0.0957850025,0.063525002,0.116,0.159,Misc,Unknown,Unknown,2026-05-27,Diversified,0,1,0,49.96,50.02,50.02,50.02,49.99,50.0,SLOW GROWTH,28
IONEXCHANG,47174557696.0,SMALL CAP,383.75,25.032616,3.5194798,0.11808,32.485,0.05539,0.06302,0.064,-0.582,Misc,Industrials,Pollution & Treatment Controls,2026-05-27,Pollution & Treatment Controls,0,0,0,32.86,6.17,50.02,29.13,19.515,26.58,WEAK GROWTH,28
ACEINTEG,205020000.0,MICRO CAP,20.100000381469727,26.636591000000003,1.1686046,0.11808,0.64,-3.63636,-0.8954719999999999,-0.80216,0.159,Misc,Industrials,Staffing & Employment Services,2026-05-27,Staffing & Employment Services,0,0,0,0.53,50.02,50.02,1.17,25.275000000000002,27.81,WEAK GROWTH,28
VIKRAN,19627028480.0,SMALL CAP,76.0999984741211,26.701756,1.3621393,0.10755,24.318,0.14974,0.07242,0.821,0.085,Industrials,Industrials,Engineering & Construction,2026-05-27,Engineering & EPC,0,0,0,94.1,28.54,21.91,72.0,61.31999999999999,54.51,SLOW GROWTH,28
LTFOODS,140932595712.0,MID CAP,405.8500061035156,22.522198,7.9072986,0.14936,28.488,0.1086,0.05678,0.238,0.707,Misc,Consumer Defensive,Packaged Foods,2026-05-27,Packaged Foods,0,1,0,75.69,85.04,83.17,60.41,80.36500000000001,78.93,HIGH GROWTH,28
MBAPL,46670106624.0,SMALL CAP,532.5999755859375,31.055393,10.175579,0.11808,68.15,0.09819999,0.059169997,1.158,0.775,Chemicals,Basic Materials,Agricultural Inputs,2026-05-27,Agrochemicals,0,1,0,96.02,85.92,50.02,56.85,90.97,79.37,HIGH GROWTH,28
WINSOL,4370110464.0,MICRO CAP,378.85,32.187763,7.7393723,0.11808,29.432,0.0957850025,0.063525002,0.116,0.159,Misc,Unknown,Unknown,2026-05-27,Diversified,0,1,0,49.96,50.02,50.02,50.02,49.99,50.0,SLOW GROWTH,28
INNOVISION,7346401280.0,MICRO CAP,308.5,25.020275,5.6977687,0.11808,110.069,0.0497,0.0373,0.021,0.845,Misc,Industrials,Staffing & Employment Services,2026-05-27,Staffing & Employment Services,0,0,0,26.04,86.8,50.02,26.9,56.42,52.19,SLOW GROWTH,28
MINDSPACE,228427464704.0,MID CAP,345.06,32.76923,1.4868085,0.11808,29.432,0.0957850025,0.063525002,0.116,0.159,Misc,Unknown,Unknown,2026-05-27,Diversified,0,1,0,49.96,50.02,50.02,50.02,49.99,50.0,SLOW GROWTH,28
AGUL,344943616.0,MICRO CAP,62.9,34.371586,1.7939138,0.11808,29.432,0.0957850025,0.063525002,0.116,0.159,Misc,Unknown,Unknown,2026-05-27,Diversified,0,1,0,49.96,50.02,50.02,50.02,49.99,50.0,SLOW GROWTH,28
KIRLOSBROS,129071276032.0,MID CAP,1625.4000244140625,34.56092,5.8476458,0.11808,9.871,0.10446,0.09062,-0.024,0.06,Misc,Industrials,Specialty Industrial Machinery,2026-05-27,Specialty Industrial Machinery,0,0,0,20.05,26.84,50.02,58.88,23.445,32.3,WEAK GROWTH,28
ANNAPURNA,5299866624.0,MICRO CAP,301.3,24.737272,2.089459,0.11808,29.432,0.0957850025,0.063525002,0.116,0.159,Misc,Unknown,Unknown,2026-05-27,Diversified,0,1,0,49.96,50.02,50.02,50.02,49.99,50.0,SLOW GROWTH,28
SSFL,2386427904.0,MICRO CAP,278.45,20.4442,3.6014073,0.11808,29.432,0.0957850025,0.063525002,0.116,0.159,Misc,Unknown,Unknown,2026-05-27,Diversified,0,1,0,49.96,50.02,50.02,50.02,49.99,50.0,SLOW GROWTH,28
SHIGAN,2296996096.0,MICRO CAP,113.0,31.38889,2.4073286,0.11808,29.432,0.0957850025,0.063525002,0.116,0.159,Misc,Unknown,Unknown,2026-05-27,Diversified,0,1,0,49.96,50.02,50.02,50.02,49.99,50.0,SLOW GROWTH,28
MHHL,1040358080.0,MICRO CAP,57.05,26.636591000000003,1.0278909,0.11808,29.432,0.0957850025,0.063525002,0.116,0.159,Misc,Unknown,Unknown,2026-05-27,Diversified,0,1,0,49.96,50.02,50.02,50.02,49.99,50.0,SLOW GROWTH,28
MAXPOSURE,2106948992.0,MICRO CAP,92.65,24.772728,2.950355,0.11808,29.432,0.0957850025,0.063525002,0.116,0.159,Misc,Unknown,Unknown,2026-05-27,Diversified,0,1,0,49.96,50.02,50.02,50.02,49.99,50.0,SLOW GROWTH,28
CONTI,471264128.0,MICRO CAP,37.1,25.763887,1.6514578,0.11808,29.432,0.0957850025,0.063525002,0.116,0.159,Misc,Unknown,Unknown,2026-05-27,Diversified,0,1,0,49.96,50.02,50.02,50.02,49.99,50.0,SLOW GROWTH,28
IEML,5031919616.0,MICRO CAP,358.5,30.304312,4.7482815,0.11808,29.432,0.0957850025,0.063525002,0.116,0.159,Misc,Unknown,Unknown,2026-05-27,Diversified,0,1,0,49.96,50.02,50.02,50.02,49.99,50.0,SLOW GROWTH,28
YASHOPTICS,2436935168.0,MICRO CAP,98.4,26.451612,2.6059325,0.11808,29.432,0.0957850025,0.063525002,0.116,0.159,Misc,Unknown,Unknown,2026-05-27,Diversified,0,1,0,49.96,50.02,50.02,50.02,49.99,50.0,SLOW GROWTH,28
SYLVANPLY,2341448192.0,MICRO CAP,120.85,32.31283,1.8133938,0.11808,29.432,0.0957850025,0.063525002,0.116,0.159,Misc,Unknown,Unknown,2026-05-27,Diversified,0,1,0,49.96,50.02,50.02,50.02,49.99,50.0,SLOW GROWTH,28
SPRL,461691008.0,MICRO CAP,258.0,22.08904,2.8635485,0.11808,29.432,0.0957850025,0.063525002,0.116,0.159,Misc,Unknown,Unknown,2026-05-27,Diversified,0,1,0,49.96,50.02,50.02,50.02,49.99,50.0,SLOW GROWTH,28
ASCOM,1573214336.0,MICRO CAP,134.3,30.873564,3.005214,0.11808,29.432,0.0957850025,0.063525002,0.116,0.159,Misc,Unknown,Unknown,2026-05-27,Diversified,0,1,0,49.96,50.02,50.02,50.02,49.99,50.0,SLOW GROWTH,28
INSPIRE,449106880.0,MICRO CAP,33.0,26.636591000000003,1.6704632,0.11808,29.432,0.0957850025,0.063525002,0.116,0.159,Misc,Unknown,Unknown,2026-05-27,Diversified,0,1,0,49.96,50.02,50.02,50.02,49.99,50.0,SLOW GROWTH,28
NIDAN,458700000.0,MICRO CAP,33.0,23.239437,0.65981525,0.11808,29.432,0.0957850025,0.063525002,0.116,0.159,Misc,Unknown,Unknown,2026-05-27,Diversified,0,1,0,49.96,50.02,50.02,50.02,49.99,50.0,SLOW GROWTH,28
MOXSH,1478928000.0,MICRO CAP,165.0,26.636591000000003,5.079267,0.11808,29.432,0.0957850025,0.063525002,0.116,0.159,Misc,Unknown,Unknown,2026-05-27,Diversified,0,1,0,49.96,50.02,50.02,50.02,49.99,50.0,SLOW GROWTH,28
BABAFP,866115712.0,MICRO CAP,53.05,26.928934,1.3412044,0.11808,29.432,0.0957850025,0.063525002,0.116,0.159,Misc,Unknown,Unknown,2026-05-27,Diversified,0,1,0,49.96,50.02,50.02,50.02,49.99,50.0,SLOW GROWTH,28
ONDOOR,2707944448.0,MICRO CAP,479.4,34.78955,2.610386,0.11808,29.432,0.0957850025,0.063525002,0.116,0.159,Misc,Unknown,Unknown,2026-05-27,Diversified,0,1,0,49.96,50.02,50.02,50.02,49.99,50.0,SLOW GROWTH,28
ELPROINTL,28133535744.0,SMALL CAP,166.0,32.170544,1.3847065,0.11808,29.432,0.0957850025,0.063525002,0.116,0.159,Misc,Unknown,Unknown,2026-05-27,Diversified,0,1,0,49.96,50.02,50.02,50.02,49.99,50.0,SLOW GROWTH,28
NAMAN,1237807744.0,MICRO CAP,117.35,21.975655,0.10547935,0.11808,29.432,0.0957850025,0.063525002,0.116,0.159,Misc,Unknown,Unknown,2026-05-27,Diversified,0,1,0,49.96,50.02,50.02,50.02,49.99,50.0,SLOW GROWTH,28
CARRARO,33920471040.0,SMALL CAP,596.6500244140625,30.073086,6.8797927,0.11808,37.201,0.076469995,0.053790003,0.27,0.915,Automobiles,Consumer Cyclical,Auto Parts,2026-05-27,Auto Components,0,1,0,78.45,87.43,50.02,36.7,82.94,71.73,HIGH GROWTH,28
CAMPUS,77162283008.0,SMALL CAP,252.5,51.425663,8.5405035,0.18053,26.059,0.14001,0.08352,0.138,0.252,Misc,Consumer Cyclical,Footwear & Accessories,2026-05-27,Footwear & Accessories,0,1,0,61.69,72.28,88.6,69.54,66.985,71.56,HIGH GROWTH,28
DCG,2534591488.0,MICRO CAP,139.65,31.311657,2.9783738,0.11808,29.432,0.0957850025,0.063525002,0.116,0.159,Misc,Unknown,Unknown,2026-05-27,Diversified,0,1,0,49.96,50.02,50.02,50.02,49.99,50.0,SLOW GROWTH,28
SKYGOLD,73642532864.0,SMALL CAP,475.5,31.221275,7.0159645,0.11808,78.497,0.06781,0.04212,0.771,1.076,Misc,Consumer Cyclical,Luxury Goods,2026-05-27,Luxury Goods,0,1,0,93.79,88.83,50.02,33.42,91.31,77.26,HIGH GROWTH,28
AVL,69540839424.0,SMALL CAP,538.5,59.306168,10.106792,0.18383,83.205,0.07834,0.0436,0.305,0.369,Misc,Consumer Cyclical,Specialty Retail,2026-05-27,Specialty Retail,0,1,0,81.3,77.61,89.14,37.68,79.455,77.21,HIGH GROWTH,28
MINDTECK,6702397440.0,MICRO CAP,209.75,21.27282,2.3964307,0.11188,1.278,0.09191,0.07739,-0.001,0.493,Technology,Technology,Information Technology Services,2026-05-27,IT Services,0,0,0,22.86,80.89,22.92,42.44,51.875,45.14,SLOW GROWTH,28
SAMMAANCAP,198956924928.0,MID CAP,173.61000061035156,26.636591000000003,0.747314,-0.2580168,273.033,0.8963087664000005,0.0,0.116,0.159,Misc,Financial Services,Mortgage Finance,2026-05-27,Mortgage Finance,0,1,0,49.96,50.02,0.53,99.51,49.99,45.05,SLOW GROWTH,28
SKIPPER,58202030080.0,SMALL CAP,515.5,27.318493,3.876931,0.15878999,63.557,0.091129996,0.03838,0.294,0.623,Industrials,Industrials,Engineering & Construction,2026-05-27,Engineering & EPC,0,1,0,80.38,83.37,85.16,42.0,81.875,78.54,HIGH GROWTH,28
POCL,39768403968.0,SMALL CAP,1303.4000244140625,34.88758,5.590992,0.11808,5.327,0.063990004,0.04356,0.532,1.456,Chemicals,Basic Materials,Specialty Chemicals,2026-05-27,Specialty Chemicals,0,1,0,90.04,91.25,50.02,31.9,90.64500000000001,76.65,HIGH GROWTH,28
RICOAUTO,16704991232.0,SMALL CAP,123.4800033569336,32.15625,2.1697419,0.11808,91.352,0.054970004,0.022149999,0.141,4.714,Automobiles,Consumer Cyclical,Auto Parts,2026-05-27,Auto Components,0,1,0,62.1,96.72,50.02,28.93,79.41,68.48,MODERATE GROWTH,28
ACCURACY,862708800.0,MICRO CAP,5.730000019073486,33.705883,0.7022059,0.11808,111.931,0.02441,0.0035299999,-0.38,-0.167,Misc,Industrials,Integrated Freight & Logistics,2026-05-27,Integrated Freight & Logistics,0,0,0,4.72,17.02,50.02,18.47,10.87,19.46,WEAK GROWTH,28
TCPLPACK,23882780672.0,SMALL CAP,2630.0,20.957846,3.5762656,0.11808,103.305,0.12640001,0.06415,-0.018,-0.336,Misc,Consumer Cyclical,Packaging & Containers,2026-05-27,Packaging & Containers,0,0,0,20.58,11.64,50.02,65.72,16.11,27.85,WEAK GROWTH,28
CRAYONS,3029319936.0,MICRO CAP,124.0,28.246014,2.5318522,0.11808,29.432,0.0957850025,0.063525002,0.116,0.159,Misc,Unknown,Unknown,2026-05-27,Diversified,0,1,0,49.96,50.02,50.02,50.02,49.99,50.0,SLOW GROWTH,28
ZEAL,2522197760.0,MICRO CAP,189.5,25.233023,2.9418156,0.11808,29.432,0.0957850025,0.063525002,0.116,0.159,Misc,Unknown,Unknown,2026-05-27,Diversified,0,1,0,49.96,50.02,50.02,50.02,49.99,50.0,SLOW GROWTH,28
INFOLLION,2627879424.0,MICRO CAP,271.0,20.702826,3.9077146,0.11808,29.432,0.0957850025,0.063525002,0.116,0.159,Misc,Unknown,Unknown,2026-05-27,Diversified,0,1,0,49.96,50.02,50.02,50.02,49.99,50.0,SLOW GROWTH,28
MEDIORG,1186964992.0,MICRO CAP,101.45,27.718578,3.6429904,0.11808,29.432,0.0957850025,0.063525002,0.116,0.159,Misc,Unknown,Unknown,2026-05-27,Diversified,0,1,0,49.96,50.02,50.02,50.02,49.99,50.0,SLOW GROWTH,28
AGARWALFT,615334272.0,MICRO CAP,84.95,20.035378,0.030849626,0.11808,29.432,0.0957850025,0.063525002,0.116,0.159,Misc,Unknown,Unknown,2026-05-27,Diversified,0,1,0,49.96,50.02,50.02,50.02,49.99,50.0,SLOW GROWTH,28
AMBICAAGAR,410539840.0,MICRO CAP,23.899999618530273,32.739723,0.36870766,0.11808,74.724,0.05156,0.00465,0.499,1.955,Consumer,Consumer Defensive,Household & Personal Products,2026-05-27,FMCG – Personal Care,0,1,0,88.97,93.21,50.02,27.57,91.09,76.52,HIGH GROWTH,28
BANARISUG,45352333312.0,SMALL CAP,3616.699951171875,32.09424,2.4899228,0.11808,1.035,0.11302,0.06649,0.528,0.679,Misc,Consumer Defensive,Confectioners,2026-05-27,Confectioners,0,1,0,90.0,84.46,50.02,62.2,87.22999999999999,77.28,HIGH GROWTH,28
PARAGMILK,27017490432.0,SMALL CAP,214.41000366210938,20.303976,2.123544,0.118360005,48.262,0.06419,0.035380002,0.03,0.199,Misc,Consumer Defensive,Packaged Foods,2026-05-27,Packaged Foods,0,0,0,27.39,69.35,75.75,32.02,48.37,52.21,SLOW GROWTH,28
TAKE,4489107456.0,MICRO CAP,30.700000762939453,26.636591000000003,17.522831,0.16519,29.432,-0.0152199995,0.17823,0.116,0.159,Healthcare,Healthcare,Biotechnology,2026-05-27,Biotechnology,0,1,0,49.96,50.02,86.22,11.09,49.99,53.35,SLOW GROWTH,28
JOCIL,1388923008.0,MICRO CAP,156.38999938964844,20.713907,0.6624309,0.11808,2.606,0.00769,0.00641,0.194,0.159,Chemicals,Basic Materials,Specialty Chemicals,2026-05-27,Specialty Chemicals,0,1,0,69.86,50.02,50.02,14.21,59.94,53.38,SLOW GROWTH,28
HIRECT,37637603328.0,SMALL CAP,1095.0,79.98539,18.05441,0.21110001,118.871,0.01632,0.045050003,0.512,-0.549,Misc,Industrials,Electrical Equipment & Parts,2026-05-27,Electrical Equipment & Parts,0,0,0,89.46,6.6,92.15,16.26,48.029999999999994,53.68,SLOW GROWTH,28
DHTL,329051136.0,MICRO CAP,104.7,26.636591000000003,4.0139546,0.11808,29.432,0.0957850025,0.063525002,0.116,0.159,Misc,Unknown,Unknown,2026-05-27,Diversified,0,1,0,49.96,50.02,50.02,50.02,49.99,50.0,SLOW GROWTH,28
OLIL,322359904.0,MICRO CAP,89.45,20.283447,2.3158574,0.11808,29.432,0.0957850025,0.063525002,0.116,0.159,Misc,Unknown,Unknown,2026-05-27,Diversified,0,1,0,49.96,50.02,50.02,50.02,49.99,50.0,SLOW GROWTH,28
KONTOR,1051750016.0,MICRO CAP,150.25,22.526237,3.3354793,0.11808,29.432,0.0957850025,0.063525002,0.116,0.159,Misc,Unknown,Unknown,2026-05-27,Diversified,0,1,0,49.96,50.02,50.02,50.02,49.99,50.0,SLOW GROWTH,28
SHYAMCENT,1052378048.0,MICRO CAP,4.960000038146973,26.636591000000003,0.5819547,0.11808,0.669,-5.2175484,-0.3094,-0.80216,0.159,Misc,Basic Materials,Steel,2026-05-27,Steel,0,0,0,0.53,50.02,50.02,0.53,25.275000000000002,27.75,WEAK GROWTH,28
TRANSWORLD,3502665472.0,MICRO CAP,159.52000427246094,26.636591000000003,0.4554071,0.11808,44.768,-0.1718,0.106429994,0.197,0.159,Misc,Industrials,Marine Shipping,2026-05-27,Marine Shipping,0,1,0,70.44,50.02,50.02,6.05,60.230000000000004,52.77,SLOW GROWTH,28
DHARMAJ,9691374592.0,MICRO CAP,286.75,20.108696,2.1806746,0.11808,31.256,0.0128999995,0.04329,0.086,-0.371,Chemicals,Basic Materials,Agricultural Inputs,2026-05-27,Agrochemicals,0,0,0,36.8,10.64,50.02,15.42,23.72,28.15,WEAK GROWTH,28
HOACFOODS,563030272.0,MICRO CAP,146.5,21.639587,2.5293071,0.11808,29.432,0.0957850025,0.063525002,0.116,0.159,Misc,Unknown,Unknown,2026-05-27,Diversified,0,1,0,49.96,50.02,50.02,50.02,49.99,50.0,SLOW GROWTH,28
TAPIFRUIT,576854976.0,MICRO CAP,135.0,26.636591000000003,5.1497235,0.11808,29.432,0.0957850025,0.063525002,0.116,0.159,Misc,Unknown,Unknown,2026-05-27,Diversified,0,1,0,49.96,50.02,50.02,50.02,49.99,50.0,SLOW GROWTH,28
MKPL,1916314112.0,MICRO CAP,5.079999923706055,23.090908,2.572152,0.11808,2.694,0.02507,0.02268,1.269,0.0,Misc,Consumer Defensive,Packaged Foods,2026-05-27,Packaged Foods,0,0,0,96.41,23.58,50.02,18.66,59.995,53.87,SLOW GROWTH,28
DODLA,67536982016.0,SMALL CAP,1119.5,25.316599,4.0335217,0.17337,3.405,0.02957,0.064720005,0.181,0.026,Consumer,Consumer Defensive,Food Distribution,2026-05-27,FMCG – Food,0,0,0,68.06,25.03,87.62,20.3,46.545,52.14,SLOW GROWTH,28
HATSUN,204950683648.0,MID CAP,920.0999755859375,57.542213,11.200107,0.19418,94.535,0.03471,0.03577,0.166,0.026,Misc,Consumer Defensive,Packaged Foods,2026-05-27,Packaged Foods,0,0,0,65.99,25.03,90.32,21.71,45.51,52.09,SLOW GROWTH,28
VADILALIND,32492584960.0,SMALL CAP,4520.5,26.55525,4.13839,0.11808,25.978,0.01609,0.08926,0.167,0.159,Misc,Consumer Defensive,Packaged Foods,2026-05-27,Packaged Foods,0,1,0,66.22,50.02,50.02,16.13,58.120000000000005,52.3,SLOW GROWTH,28
YATRA,15300897792.0,SMALL CAP,97.51000213623047,28.428572,1.880182,0.11808,6.87,0.04506,0.05179,0.092,-0.172,Misc,Consumer Cyclical,Travel Services,2026-05-27,Travel Services,0,0,0,37.9,16.69,50.02,24.95,27.295,31.61,WEAK GROWTH,28
WOMANCART,1740787200.0,MICRO CAP,276.0,20.279207,2.0591483,0.11808,29.432,0.0957850025,0.063525002,0.116,0.159,Misc,Unknown,Unknown,2026-05-27,Diversified,0,1,0,49.96,50.02,50.02,50.02,49.99,50.0,SLOW GROWTH,28
ALLETEC,6951844864.0,MICRO CAP,344.25,23.19744,4.4795637,0.11808,29.432,0.0957850025,0.063525002,0.116,0.159,Misc,Unknown,Unknown,2026-05-27,Diversified,0,1,0,49.96,50.02,50.02,50.02,49.99,50.0,SLOW GROWTH,28
MEGATHERM,6956939776.0,MICRO CAP,369.25,28.960785,4.5270643,0.11808,29.432,0.0957850025,0.063525002,0.116,0.159,Misc,Unknown,Unknown,2026-05-27,Diversified,0,1,0,49.96,50.02,50.02,50.02,49.99,50.0,SLOW GROWTH,28
SANGANI,619964544.0,MICRO CAP,45.0,32.846714,1.6638321,0.11808,29.432,0.0957850025,0.063525002,0.116,0.159,Misc,Unknown,Unknown,2026-05-27,Diversified,0,1,0,49.96,50.02,50.02,50.02,49.99,50.0,SLOW GROWTH,28
MICROPRO,608439488.0,MICRO CAP,42.55,26.636591000000003,1.403503,0.11808,29.432,0.0957850025,0.063525002,0.116,0.159,Misc,Unknown,Unknown,2026-05-27,Diversified,0,1,0,49.96,50.02,50.02,50.02,49.99,50.0,SLOW GROWTH,28
KANDARP,323925280.0,MICRO CAP,36.1,20.39548,1.6487782,0.11808,29.432,0.0957850025,0.063525002,0.116,0.159,Misc,Unknown,Unknown,2026-05-27,Diversified,0,1,0,49.96,50.02,50.02,50.02,49.99,50.0,SLOW GROWTH,28
SHUBHLAXMI,295814400.0,MICRO CAP,33.6,30.825686,1.414558,0.11808,29.432,0.0957850025,0.063525002,0.116,0.159,Misc,Unknown,Unknown,2026-05-27,Diversified,0,1,0,49.96,50.02,50.02,50.02,49.99,50.0,SLOW GROWTH,28
SUNDRMFAST,181109653504.0,MID CAP,861.9000244140625,30.639889,4.4703665,0.14583999,14.532,0.116009995,0.094,0.106,0.297,Automobiles,Consumer Cyclical,Auto Parts,2026-05-27,Auto Components,0,1,0,40.45,75.07,82.35,62.98,57.76,63.2,MODERATE GROWTH,28
CIEINDIA,173747961856.0,MID CAP,458.0,20.078913,2.3293307,0.11808,5.71,0.11777,0.05728,0.149,0.208,Automobiles,Consumer Cyclical,Auto Parts,2026-05-27,Auto Components,0,1,0,63.41,69.84,50.02,63.37,66.625,62.98,MODERATE GROWTH,28
BONLON,799344064.0,MICRO CAP,48.790000915527344,33.648277,0.83340454,0.11808,49.692,0.00749,0.0032,-0.073,-0.606,Misc,Basic Materials,Other Industrial Metals & Mining,2026-05-27,Other Industrial Metals & Mining,0,0,0,15.78,5.54,50.02,14.14,10.66,18.88,WEAK GROWTH,28
SWASTIK,1571608320.0,MICRO CAP,67.65,26.636591000000003,0.7992203,0.11808,29.432,0.0957850025,0.063525002,0.116,0.159,Misc,Unknown,Unknown,2026-05-27,Diversified,0,1,0,49.96,50.02,50.02,50.02,49.99,50.0,SLOW GROWTH,28
VIVO,163215008.0,MICRO CAP,81.0,26.636591000000003,1.5847551,0.11808,29.432,0.0957850025,0.063525002,0.116,0.159,Misc,Unknown,Unknown,2026-05-27,Diversified,0,1,0,49.96,50.02,50.02,50.02,49.99,50.0,SLOW GROWTH,28
TORNTPOWER,728191008768.0,LARGE CAP,1445.0999755859375,30.09371,3.8716366,0.13022,70.885,0.1137,0.08342,-0.008,-0.7,Misc,Utilities,Utilities - Independent Power Producers,2026-05-27,Utilities - Independent Power Producers,0,0,0,21.96,4.18,78.76,62.36,13.07,31.14,WEAK GROWTH,28
ARVIND,128056107008.0,MID CAP,488.54998779296875,30.940468,23.292013,0.10657,40.071,0.08956,0.04449,0.15,-0.856,Misc,Consumer Cyclical,Textile Manufacturing,2026-05-27,Textile Manufacturing,0,0,0,63.61,1.91,21.67,41.59,32.76,31.42,WEAK GROWTH,28
DNAMEDIA,344884480.0,MICRO CAP,2.930000066757202,29.300001,-0.13241741,0.11808,29.432,-0.26023,0.10614,-0.178,0.159,Misc,Communication Services,Publishing,2026-05-27,Publishing,0,0,0,9.63,50.02,50.02,5.19,29.825000000000003,31.4,WEAK GROWTH,28
VIKASECO,2281630720.0,MICRO CAP,1.2899999618530273,21.5,0.44636676,0.11808,9.468,0.014730001,0.01994,-0.189,0.159,Chemicals,Basic Materials,Specialty Chemicals,2026-05-27,Specialty Chemicals,0,0,0,9.18,50.02,50.02,15.74,29.6,32.3,WEAK GROWTH,28
PATANJALI,502491611136.0,LARGE CAP,461.8999938964844,30.508585,4.148256,0.11808,23.903,0.03551,0.04236,0.152,0.597,Misc,Consumer Defensive,Packaged Foods,2026-05-27,Packaged Foods,0,1,0,63.84,82.82,50.02,22.12,73.33,63.55,MODERATE GROWTH,28
POLYCAB,1443704078336.0,LARGE CAP,9589.5,54.21166,12.022281,0.24580999,2.558,0.12951,0.09251001,0.269,0.08,Misc,Industrials,Electrical Equipment & Parts,2026-05-27,Electrical Equipment & Parts,0,0,0,78.33,28.19,94.3,66.42,53.26,62.78,MODERATE GROWTH,28
PITTIENG,35501641728.0,SMALL CAP,961.75,30.291338,3.5971155,0.124960005,82.134,0.118719995,0.06159,0.069,-0.25,Misc,Industrials,Metal Fabrication,2026-05-27,Metal Fabrication,0,0,0,34.03,13.78,77.47,63.61,23.905,38.59,WEAK GROWTH,28
LGEINDIA,1031258963968.0,LARGE CAP,1519.300048828125,61.04058,14.998174,0.24716,5.99,0.10476,0.06849,0.081,-0.082,Misc,Technology,Consumer Electronics,2026-05-27,Consumer Electronics,0,0,0,36.06,19.88,94.38,58.96,27.97,44.35,SLOW GROWTH,28
ABCOTS,4879877120.0,MICRO CAP,222.17999267578125,32.530014,3.3042831,0.11808,93.028,0.06993,0.047140002,0.304,-0.473,Misc,Consumer Cyclical,Textile Manufacturing,2026-05-27,Textile Manufacturing,0,0,0,81.14,8.51,50.02,34.13,44.825,44.79,SLOW GROWTH,28
KIRLFER,73685876736.0,SMALL CAP,446.6499938964844,20.64956,1.983674,0.100109994,12.218,0.04536,0.051939998,0.299,0.44,Misc,Industrials,Metal Fabrication,2026-05-27,Metal Fabrication,0,1,0,80.65,79.79,20.19,25.07,80.22,62.7,MODERATE GROWTH,28
TATASTEEL,2680948523008.0,MEGA CAP,214.99000549316406,29.24626,2.8202202,0.11156999,89.016,0.103690006,0.0465,0.125,1.254,Misc,Basic Materials,Steel,2026-05-27,Steel,0,1,0,59.41,89.96,22.84,58.41,74.685,62.69,MODERATE GROWTH,28
TEXRAIL,43831521280.0,SMALL CAP,107.7300033569336,22.258265,1.5005851,0.11808,31.207,0.073920004,0.038900003,-0.215,-0.443,Misc,Industrials,Railroads,2026-05-27,Railroads,0,0,0,8.49,9.14,50.02,35.73,8.815000000000001,19.75,WEAK GROWTH,28
SALONA,1460052992.0,MICRO CAP,277.45001220703125,26.636591000000003,1.1947105,0.11808,278.404,0.03543,2.0000001e-05,-0.017,-0.794,Misc,Consumer Cyclical,Textile Manufacturing,2026-05-27,Textile Manufacturing,0,0,0,20.85,2.58,50.02,22.06,11.715,20.41,WEAK GROWTH,28
APLLTD,147383025664.0,MID CAP,749.7999877929688,21.840954,2.5976994,0.12356,25.224,0.07541,0.09187,0.044,0.292,Misc,Healthcare,Drug Manufacturers - Specialty & Generic,2026-05-27,Drug Manufacturers - Specialty & Generic,0,0,0,29.4,74.78,77.16,36.35,52.09,55.53,MODERATE GROWTH,28
TRIDENT,125606150144.0,MID CAP,24.649999618530273,33.31081,2.6960516,0.11808,38.323,0.105670005,0.058909997,-0.124,-0.186,Misc,Consumer Cyclical,Textile Manufacturing,2026-05-27,Textile Manufacturing,0,0,0,12.12,16.03,50.02,59.43,14.075,25.8,WEAK GROWTH,28
POLYSIL,368585440.0,MICRO CAP,32.5,26.636591000000003,1.0825034,0.11808,29.432,0.0957850025,0.063525002,0.116,0.159,Misc,Unknown,Unknown,2026-05-27,Diversified,0,1,0,49.96,50.02,50.02,50.02,49.99,50.0,SLOW GROWTH,28
BIRDYS,374990400.0,MICRO CAP,72.0,26.636591000000003,1.7911785,0.11808,29.432,0.0957850025,0.063525002,0.116,0.159,Misc,Unknown,Unknown,2026-05-27,Diversified,0,1,0,49.96,50.02,50.02,50.02,49.99,50.0,SLOW GROWTH,28
DPEL,2519098368.0,MICRO CAP,106.0,20.113852,2.3447177,0.11808,29.432,0.0957850025,0.063525002,0.116,0.159,Misc,Unknown,Unknown,2026-05-27,Diversified,0,1,0,49.96,50.02,50.02,50.02,49.99,50.0,SLOW GROWTH,28
BLUEPEBBLE,1077323904.0,MICRO CAP,264.05,21.277195,3.8865173,0.11808,29.432,0.0957850025,0.063525002,0.116,0.159,Misc,Unknown,Unknown,2026-05-27,Diversified,0,1,0,49.96,50.02,50.02,50.02,49.99,50.0,SLOW GROWTH,28
JGCHEM,15909541888.0,SMALL CAP,406.0,24.137932,3.0353327,0.13518,1.192,0.070489995,0.06771,0.276,0.176,Misc,Basic Materials,Other Industrial Metals & Mining,2026-05-27,Other Industrial Metals & Mining,0,1,0,78.91,68.02,79.77,34.28,73.465,70.81,HIGH GROWTH,28
ASIANENE,17405083648.0,SMALL CAP,358.25,31.563875,3.2449594,0.116000004,32.051,0.126,0.06467,0.57,0.414,Misc,Energy,Oil & Gas Equipment & Services,2026-05-27,Oil & Gas Equipment & Services,0,1,0,90.71,78.82,23.86,65.64,84.76499999999999,70.67,HIGH GROWTH,28
INTERARCH,29919309824.0,SMALL CAP,1783.9000244140625,22.354635,3.7373564,0.11808,1.401,0.0889,0.0734,0.437,0.316,Industrials,Industrials,Engineering & Construction,2026-05-27,Engineering & EPC,0,1,0,87.27,76.02,50.02,41.37,81.645,71.29,HIGH GROWTH,28
GOKUL,4064734720.0,MICRO CAP,41.060001373291016,21.05641,1.1415385,0.11808,97.223,0.00732,0.00491,0.068,7.983,Misc,Consumer Defensive,Packaged Foods,2026-05-27,Packaged Foods,0,0,0,33.8,97.93,50.02,14.1,65.86500000000001,57.52,MODERATE GROWTH,28
WINNY,629299968.0,MICRO CAP,290.0,26.636591000000003,14.964653,0.11808,29.432,0.0957850025,0.063525002,0.116,0.159,Misc,Unknown,Unknown,2026-05-27,Diversified,0,1,0,49.96,50.02,50.02,50.02,49.99,50.0,SLOW GROWTH,28
K2INFRA,3470058240.0,MICRO CAP,275.0,30.021835,4.1603003,0.11808,29.432,0.0957850025,0.063525002,0.116,0.159,Misc,Unknown,Unknown,2026-05-27,Diversified,0,1,0,49.96,50.02,50.02,50.02,49.99,50.0,SLOW GROWTH,28
TUNWAL,3362305536.0,MICRO CAP,60.8,26.320347,2.8626583,0.11808,29.432,0.0957850025,0.063525002,0.116,0.159,Misc,Unknown,Unknown,2026-05-27,Diversified,0,1,0,49.96,50.02,50.02,50.02,49.99,50.0,SLOW GROWTH,28
PURVFLEXI,3444318720.0,MICRO CAP,164.15,33.094757,2.3986964,0.11808,29.432,0.0957850025,0.063525002,0.116,0.159,Misc,Unknown,Unknown,2026-05-27,Diversified,0,1,0,49.96,50.02,50.02,50.02,49.99,50.0,SLOW GROWTH,28
MOREPENLAB,22986659840.0,SMALL CAP,41.95000076293945,23.305557,1.9269637,0.11808,13.239,0.07422,0.05566,0.057,0.02,Misc,Healthcare,Drug Manufacturers - Specialty & Generic,2026-05-27,Drug Manufacturers - Specialty & Generic,0,0,0,31.49,24.68,50.02,35.92,28.085,33.26,WEAK GROWTH,28
EFFWA,5069229568.0,MICRO CAP,219.0,25.201382,4.8292136,0.11808,29.432,0.0957850025,0.063525002,0.116,0.159,Misc,Unknown,Unknown,2026-05-27,Diversified,0,1,0,49.96,50.02,50.02,50.02,49.99,50.0,SLOW GROWTH,28
UMA,676147456.0,MICRO CAP,33.35,25.075186,0.875374,0.11808,29.432,0.0957850025,0.063525002,0.116,0.159,Misc,Unknown,Unknown,2026-05-27,Diversified,0,1,0,49.96,50.02,50.02,50.02,49.99,50.0,SLOW GROWTH,28
CELLPOINT,637178944.0,MICRO CAP,34.1,28.65546,0.8577321,0.11808,29.432,0.0957850025,0.063525002,0.116,0.159,Misc,Unknown,Unknown,2026-05-27,Diversified,0,1,0,49.96,50.02,50.02,50.02,49.99,50.0,SLOW GROWTH,28
URBAN,3197704960.0,MICRO CAP,369.25,27.27105,7.8019357,0.11808,29.432,0.0957850025,0.063525002,0.116,0.159,Misc,Unknown,Unknown,2026-05-27,Diversified,0,1,0,49.96,50.02,50.02,50.02,49.99,50.0,SLOW GROWTH,28
DIGIKORE,6324567552.0,MICRO CAP,499.35,25.030075,15.449708,0.11808,29.432,0.0957850025,0.063525002,0.116,0.159,Misc,Unknown,Unknown,2026-05-27,Diversified,0,1,0,49.96,50.02,50.02,50.02,49.99,50.0,SLOW GROWTH,28
PROPEQUITY,3070732544.0,MICRO CAP,292.95,22.05949,3.167815,0.11808,29.432,0.0957850025,0.063525002,0.116,0.159,Misc,Unknown,Unknown,2026-05-27,Diversified,0,1,0,49.96,50.02,50.02,50.02,49.99,50.0,SLOW GROWTH,28
ATLANTAA,3446635008.0,MICRO CAP,42.290000915527344,26.636591000000003,1.6226068,-0.00802,148.258,0.89454,-0.01828,-0.074,-0.002,Misc,Industrials,Infrastructure Operations,2026-05-27,Infrastructure Operations,0,0,0,15.66,23.25,3.63,98.95,19.455,24.24,WEAK GROWTH,28
SEMAC,957013568.0,MICRO CAP,307.0,27.558348,1.1359937,0.11808,61.573,0.01915,0.01407,0.28,0.159,Industrials,Industrials,Engineering & Construction,2026-05-27,Engineering & EPC,0,1,0,79.17,50.02,50.02,16.91,64.595,56.91,MODERATE GROWTH,28
RACE,2038938240.0,MICRO CAP,118.1500015258789,30.92932,2.6365118,0.11808,84.464,0.02159,0.01012,-0.221,0.1,Misc,Industrials,Waste Management,2026-05-27,Waste Management,0,0,0,8.28,29.34,50.02,17.88,18.81,24.96,WEAK GROWTH,28
MMFL,22064691200.0,SMALL CAP,457.0,25.488008,2.382057,0.11808,140.389,0.10441,0.05658,0.106,-0.338,Misc,Industrials,Metal Fabrication,2026-05-27,Metal Fabrication,0,0,0,40.45,11.6,50.02,58.84,26.025000000000002,34.11,WEAK GROWTH,28
MATRIMONY,8640182272.0,MICRO CAP,418.0,26.22334,4.282787,0.15252,23.902,0.06813,0.07428,0.079,0.212,Misc,Communication Services,Internet Content & Information,2026-05-27,Internet Content & Information,0,0,0,35.63,70.17,83.83,33.5,52.900000000000006,57.15,MODERATE GROWTH,28
SADHAV,3103036160.0,MICRO CAP,216.2,27.263556,2.9908972,0.11808,29.432,0.0957850025,0.063525002,0.116,0.159,Misc,Unknown,Unknown,2026-05-27,Diversified,0,1,0,49.96,50.02,50.02,50.02,49.99,50.0,SLOW GROWTH,28
GOYALSALT,3125383680.0,MICRO CAP,174.6,23.594595,4.6721973,0.11808,29.432,0.0957850025,0.063525002,0.116,0.159,Misc,Unknown,Unknown,2026-05-27,Diversified,0,1,0,49.96,50.02,50.02,50.02,49.99,50.0,SLOW GROWTH,28
SAHANA,13883089920.0,SMALL CAP,1571.0,33.633057,6.148752,0.11808,29.432,0.0957850025,0.063525002,0.116,0.159,Misc,Unknown,Unknown,2026-05-27,Diversified,0,1,0,49.96,50.02,50.02,50.02,49.99,50.0,SLOW GROWTH,28
DSSL,23116527616.0,SMALL CAP,1814.9000244140625,27.51099,8.472172,0.11808,63.929,0.10718001,0.06216,0.095,-0.347,Technology,Technology,Information Technology Services,2026-05-27,IT Services,0,0,0,38.64,11.28,50.02,59.94,24.96,33.47,WEAK GROWTH,28
FELIX,3839397888.0,MICRO CAP,280.8,26.742855,2.5195606,0.11808,29.432,0.0957850025,0.063525002,0.116,0.159,Misc,Unknown,Unknown,2026-05-27,Diversified,0,1,0,49.96,50.02,50.02,50.02,49.99,50.0,SLOW GROWTH,28
FROG,4959154176.0,MICRO CAP,319.35,28.666965,3.1006963,0.11808,29.432,0.0957850025,0.063525002,0.116,0.159,Misc,Unknown,Unknown,2026-05-27,Diversified,0,1,0,49.96,50.02,50.02,50.02,49.99,50.0,SLOW GROWTH,28
LLOYDS,2553412096.0,MICRO CAP,107.0,26.636591000000003,0.7565259,0.11808,29.432,0.0957850025,0.063525002,0.116,0.159,Misc,Unknown,Unknown,2026-05-27,Diversified,0,1,0,49.96,50.02,50.02,50.02,49.99,50.0,SLOW GROWTH,28
VSCL,667259584.0,MICRO CAP,52.2,26.636591000000003,-10.079166,0.11808,29.432,0.0957850025,0.063525002,0.116,0.159,Misc,Unknown,Unknown,2026-05-27,Diversified,0,1,0,49.96,50.02,50.02,50.02,49.99,50.0,SLOW GROWTH,28
UCL,670269184.0,MICRO CAP,59.65,26.636591000000003,1.5839087,0.11808,29.432,0.0957850025,0.063525002,0.116,0.159,Misc,Unknown,Unknown,2026-05-27,Diversified,0,1,0,49.96,50.02,50.02,50.02,49.99,50.0,SLOW GROWTH,28
SIGNORIA,674208576.0,MICRO CAP,141.7,22.350157,3.1933832,0.11808,29.432,0.0957850025,0.063525002,0.116,0.159,Misc,Unknown,Unknown,2026-05-27,Diversified,0,1,0,49.96,50.02,50.02,50.02,49.99,50.0,SLOW GROWTH,28
MILTON,674701504.0,MICRO CAP,39.7,20.152285,1.3946463,0.11808,29.432,0.0957850025,0.063525002,0.116,0.159,Misc,Unknown,Unknown,2026-05-27,Diversified,0,1,0,49.96,50.02,50.02,50.02,49.99,50.0,SLOW GROWTH,28
VERITAAS,386751008.0,MICRO CAP,137.0,25.276752,3.0778906,0.11808,29.432,0.0957850025,0.063525002,0.116,0.159,Misc,Unknown,Unknown,2026-05-27,Diversified,0,1,0,49.96,50.02,50.02,50.02,49.99,50.0,SLOW GROWTH,28
PYRAMID,6269217280.0,MICRO CAP,169.99000549316406,21.43632,2.3944278,0.10957,66.496,0.0817,0.04232,0.138,0.572,Misc,Consumer Cyclical,Packaging & Containers,2026-05-27,Packaging & Containers,0,1,0,61.69,82.47,22.26,38.89,72.08,58.8,MODERATE GROWTH,28
NARMADA,1391886464.0,MICRO CAP,36.689998626708984,33.054054,2.4087446,0.11808,18.194,0.062140003,0.05207,0.543,-0.289,Chemicals,Basic Materials,Agricultural Inputs,2026-05-27,Agrochemicals,0,0,0,90.36,12.69,50.02,31.28,51.525,49.2,SLOW GROWTH,28
DBOL,6912667648.0,MICRO CAP,105.05000305175781,29.508429,0.7248327,0.11808,58.445,0.056199998,0.01166,-0.118,0.159,Misc,Consumer Defensive,Farm Products,2026-05-27,Farm Products,0,0,0,12.63,50.02,50.02,29.3,31.325000000000003,34.86,WEAK GROWTH,28
MWL,11369417728.0,SMALL CAP,382.79998779296875,22.677725,4.100696,0.11808,78.694,0.06759,0.0341,0.298,0.749,Misc,Basic Materials,Steel,2026-05-27,Steel,0,1,0,80.55,85.59,50.02,33.35,83.07,71.49,HIGH GROWTH,28
ROHLTD,8940620800.0,MICRO CAP,326.0,23.900293,3.7228637,0.12753999,232.509,0.147,0.07919,0.562,-0.394,Misc,Consumer Cyclical,Lodging,2026-05-27,Lodging,0,0,0,90.57,10.09,78.06,71.11,50.33,57.95,MODERATE GROWTH,28
SOLARWORLD,18829633536.0,SMALL CAP,217.25,23.310087,2.1721308,0.11808,27.204,0.11071,0.08416,1.837,-0.036,Misc,Technology,Solar,2026-05-27,Solar,0,0,0,97.72,21.67,50.02,61.46,59.695,57.94,MODERATE GROWTH,28
VSSL,26482206720.0,SMALL CAP,273.8999938964844,20.860624,2.1706913,0.1176,7.281,0.10645001,0.06955,0.07,0.458,Misc,Basic Materials,Steel,2026-05-27,Steel,0,0,0,34.26,80.07,24.33,59.63,57.16499999999999,50.84,SLOW GROWTH,28
PRECWIRE,82062491648.0,SMALL CAP,448.8999938964844,52.25844,10.525946,0.23027,37.995,0.055069998,0.02842,0.686,0.819,Misc,Industrials,Electrical Equipment & Parts,2026-05-27,Electrical Equipment & Parts,0,1,0,92.89,86.41,93.67,29.05,89.65,84.39,HIGH GROWTH,28
SALZERELEC,11273627648.0,SMALL CAP,637.5499877929688,20.916994,1.9767889,0.11808,82.807,0.07119,0.032,0.242,-0.201,Misc,Industrials,Electrical Equipment & Parts,2026-05-27,Electrical Equipment & Parts,0,0,0,75.85,15.38,50.02,34.6,45.614999999999995,45.39,SLOW GROWTH,28
COROMANDEL,550651756544.0,LARGE CAP,1868.4000244140625,28.180994,4.3829937,0.15587,11.469,0.05381,0.062140003,0.204,-0.758,Chemicals,Basic Materials,Agricultural Inputs,2026-05-27,Agrochemicals,0,0,0,71.67,2.97,84.5,28.5,37.32,45.87,SLOW GROWTH,28
SHRIPISTON,146025168896.0,MID CAP,3315.0,26.395414,6.1004896,0.11808,29.432,0.05479,0.08016,-0.053,-0.506,Automobiles,Consumer Cyclical,Auto Parts,2026-05-27,Auto Components,0,0,0,17.08,7.3,50.02,28.86,12.19,21.42,WEAK GROWTH,28
SRD,2653341952.0,MICRO CAP,41.47999954223633,23.702856,2.420635,0.11808,29.432,0.02912,0.02592,-0.111,-0.267,Chemicals,Basic Materials,Specialty Chemicals,2026-05-27,Specialty Chemicals,0,0,0,13.53,13.28,50.02,20.15,13.405,21.4,WEAK GROWTH,28
AHLADA,505986368.0,MICRO CAP,39.15999984741211,21.635359,0.36739597,0.11808,26.993,0.06421,0.01924,-0.071,-0.444,Misc,Industrials,Building Products & Equipment,2026-05-27,Building Products & Equipment,0,0,0,15.85,9.1,50.02,32.08,12.475,21.94,WEAK GROWTH,28
BBTCL,4184088064.0,MICRO CAP,203.99000549316406,20.137217,3.7549932,0.11808,199.068,0.07997,0.016280001,0.261,0.159,Misc,Consumer Cyclical,Packaging & Containers,2026-05-27,Packaging & Containers,0,1,0,77.61,50.02,50.02,38.23,63.815,58.5,MODERATE GROWTH,28
BLSE,19975626752.0,SMALL CAP,220.35000610351562,34.81043,3.9627733,0.12732,1.076,0.0577,0.05144,0.352,0.117,Misc,Industrials,Specialty Business Services,2026-05-27,Specialty Business Services,0,1,0,83.74,30.26,77.9,29.83,57.0,58.46,MODERATE GROWTH,28
AWL,250734018560.0,MID CAP,193.8000030517578,24.074533,2.3989305,0.10519,10.621,0.01844,0.013940001,0.18,0.537,Misc,Consumer Defensive,Packaged Foods,2026-05-27,Packaged Foods,0,1,0,67.92,81.8,21.36,16.83,74.86,58.36,MODERATE GROWTH,28
ATL,7413227008.0,MICRO CAP,25.399999618530273,20.819672,2.0665526,0.11808,208.703,0.12164,0.04212,0.166,0.083,Misc,Industrials,Integrated Freight & Logistics,2026-05-27,Integrated Freight & Logistics,0,0,0,65.99,28.39,50.02,64.39,47.19,49.48,SLOW GROWTH,28
RUCHINFRA,1477516160.0,MICRO CAP,6.260000228881836,20.193548,0.8584751,0.11808,43.622,-0.00509,0.17377001,0.026,0.159,Misc,Industrials,Specialty Business Services,2026-05-27,Specialty Business Services,0,0,0,26.81,50.02,50.02,11.95,38.415,38.09,WEAK GROWTH,28
IDEAFORGE,37451124736.0,SMALL CAP,863.1500244140625,26.636591000000003,6.3005033,-0.028199999,13.974,0.35402,-0.07531,4.694480000000025,0.159,Misc,Technology,Computer Hardware,2026-05-27,Computer Hardware,0,1,0,99.51,50.02,2.87,91.41,74.765,62.05,MODERATE GROWTH,28
NURECA,2718088960.0,MICRO CAP,271.8500061035156,24.64642,1.5797977,0.11808,2.713,0.06937,0.074260004,0.498,0.159,Healthcare,Healthcare,Medical Devices,2026-05-27,Medical Devices,0,1,0,88.91,50.02,50.02,33.89,69.465,62.02,MODERATE GROWTH,28
TECHM,1286949044224.0,LARGE CAP,1453.0,26.847746,4.6813283,0.16608,7.269,0.13825,0.084680006,0.126,0.159,Technology,Technology,Information Technology Services,2026-05-27,IT Services,0,1,0,59.63,50.02,86.33,69.04,54.825,62.55,MODERATE GROWTH,28
AHLUCONT,55475748864.0,SMALL CAP,828.1500244140625,20.786898,2.882798,0.11808,3.881,0.06595,0.05992,0.114,0.092,Industrials,Industrials,Engineering & Construction,2026-05-27,Engineering & EPC,0,0,0,41.72,28.97,50.02,32.74,35.345,38.02,WEAK GROWTH,28
IFBAGRO,9741326336.0,MICRO CAP,1039.949951171875,20.387178,1.4885901,0.11808,13.624,0.02078,0.03768,0.159,-0.354,Misc,Consumer Defensive,Beverages - Wineries & Distilleries,2026-05-27,Beverages - Wineries & Distilleries,0,0,0,64.78,11.19,50.02,17.69,37.985,38.36,WEAK GROWTH,28
VISHNU,40628137984.0,SMALL CAP,603.5499877929688,29.369831,4.0655146,0.11808,41.813,0.123780005,0.08879,0.108,-0.044,Chemicals,Basic Materials,Specialty Chemicals,2026-05-27,Specialty Chemicals,0,0,0,40.73,21.38,50.02,65.01,31.055,38.24,WEAK GROWTH,28
ABINFRA,7876273152.0,MICRO CAP,12.329999923706055,33.324326,5.0657353,0.11808,58.087,0.13009,0.082370006,-0.008,0.105,Industrials,Industrials,Engineering & Construction,2026-05-27,Engineering & EPC,0,0,0,21.96,29.48,50.02,66.54,25.72,34.66,WEAK GROWTH,28
SUPERHOUSE,1708875008.0,MICRO CAP,155.0,25.876461,0.36141992,0.11808,39.038,0.02772,0.0090499995,0.032,0.472,Misc,Consumer Cyclical,Footwear & Accessories,2026-05-27,Footwear & Accessories,0,0,0,27.7,80.3,50.02,19.45,54.0,49.75,SLOW GROWTH,28
CONFIPET,20967733248.0,SMALL CAP,63.11000061035156,24.846457,1.5030843,0.11808,55.384,0.03101,0.01911,0.999,-0.315,Misc,Energy,Oil & Gas Refining & Marketing,2026-05-27,Oil & Gas Refining & Marketing,0,0,0,95.31,12.14,50.02,20.7,53.725,49.68,SLOW GROWTH,28
AUROIMPEX,983384448.0,MICRO CAP,80.6,21.26649,2.014849,0.11808,29.432,0.0957850025,0.063525002,0.116,0.159,Misc,Unknown,Unknown,2026-05-27,Diversified,0,1,0,49.96,50.02,50.02,50.02,49.99,50.0,SLOW GROWTH,28
DOLLEX,989311360.0,MICRO CAP,37.1,23.48101,0.88451266,0.11808,29.432,0.0957850025,0.063525002,0.116,0.159,Misc,Unknown,Unknown,2026-05-27,Diversified,0,1,0,49.96,50.02,50.02,50.02,49.99,50.0,SLOW GROWTH,28
CADSYS,2000600064.0,MICRO CAP,200.0,26.636591000000003,13.901439,0.11808,29.432,0.0957850025,0.063525002,0.116,0.159,Misc,Unknown,Unknown,2026-05-27,Diversified,0,1,0,49.96,50.02,50.02,50.02,49.99,50.0,SLOW GROWTH,28
YUDIZ,628965888.0,MICRO CAP,60.95,26.636591000000003,1.3433988,0.11808,29.432,0.0957850025,0.063525002,0.116,0.159,Misc,Unknown,Unknown,2026-05-27,Diversified,0,1,0,49.96,50.02,50.02,50.02,49.99,50.0,SLOW GROWTH,28
TTKHLTCARE,12520181760.0,SMALL CAP,886.0499877929688,20.85314,1.1536434,0.11808,2.472,0.02349,0.072399996,0.022,-0.371,Misc,Healthcare,Drug Manufacturers - General,2026-05-27,Drug Manufacturers - General,0,0,0,26.22,10.64,50.02,18.27,18.43,24.73,WEAK GROWTH,28
HALEOSLABS,4913143808.0,MICRO CAP,1625.0999755859375,24.72763,2.379638,0.11808,31.368,0.10697,0.05708,0.12,0.211,Healthcare,Healthcare,Biotechnology,2026-05-27,Biotechnology,0,1,0,58.47,70.07,50.02,59.86,64.27,60.98,MODERATE GROWTH,28
GENUSPAPER,3229501952.0,MICRO CAP,12.5600004196167,33.945946,0.64117616,0.11808,84.844,0.053979997,0.00976,0.115,4.5,Misc,Basic Materials,Paper & Paper Products,2026-05-27,Paper & Paper Products,0,1,0,41.94,96.52,50.02,28.58,69.22999999999999,61.32,MODERATE GROWTH,28
GPTHEALTH,11569730560.0,SMALL CAP,141.0,27.378641,4.5668015,0.16324,33.842,0.12991999,0.08935001,0.246,0.137,Misc,Healthcare,Medical Care Facilities,2026-05-27,Medical Care Facilities,0,1,0,76.26,31.51,85.9,66.46,53.885000000000005,61.55,MODERATE GROWTH,28
AMNPLST,10796024832.0,SMALL CAP,196.22000122070312,31.75081,4.0115304,0.11808,11.324,0.078049995,0.05842,-0.253,-0.22,Misc,Basic Materials,Chemicals,2026-05-27,Chemicals,0,0,0,7.22,14.76,50.02,37.56,10.99,21.45,WEAK GROWTH,28
TCIEXP,19810754560.0,SMALL CAP,515.6500244140625,23.577961,2.4528482,0.11808,1.735,0.084189996,0.06967,0.059,0.149,Misc,Industrials,Integrated Freight & Logistics,2026-05-27,Integrated Freight & Logistics,0,0,0,31.9,32.23,50.02,39.63,32.065,36.41,WEAK GROWTH,28
GOODLUCK,45137895424.0,SMALL CAP,1358.0,26.575344,3.299945,0.11808,70.111,0.08085,0.04084,0.101,0.059,Misc,Basic Materials,Steel,2026-05-27,Steel,0,0,0,39.63,26.77,50.02,38.58,33.2,37.1,WEAK GROWTH,28
LT,5587964264448.0,MEGA CAP,4062.0,34.81018,5.1128426,0.16951999,97.64,0.10707,0.05515,0.117,-0.345,Industrials,Industrials,Engineering & Construction,2026-05-27,Engineering & EPC,0,0,0,57.97,11.32,86.92,59.9,34.644999999999996,47.63,SLOW GROWTH,28
JAIPURKURT,567734208.0,MICRO CAP,32.88999938964844,32.564358,0.939419,0.11808,44.319,0.04774,0.018760001,1.002,-0.684,Misc,Consumer Cyclical,Apparel Manufacturing,2026-05-27,Apparel Manufacturing,0,0,0,95.35,4.49,50.02,26.24,49.919999999999995,47.57,SLOW GROWTH,28
SUBROS,48059179008.0,SMALL CAP,736.7000122070312,28.992523,4.15199,0.1486,6.009,0.05836,0.044109996,0.156,0.069,Automobiles,Consumer Cyclical,Auto Parts,2026-05-27,Auto Components,0,0,0,64.15,27.53,82.94,30.07,45.84,51.68,SLOW GROWTH,28
SCPL,4447774208.0,MICRO CAP,417.95001220703125,28.844032,3.1765394,0.13274999,31.759,0.0998,0.05213,0.602,0.725,Misc,Consumer Defensive,Packaged Foods,2026-05-27,Packaged Foods,0,1,0,91.55,85.28,79.3,57.63,88.41499999999999,83.51,HIGH GROWTH,28
SAGARDEEP,457138304.0,MICRO CAP,26.799999237060547,22.905983,1.4088207,0.11808,39.666,0.00854,0.0152199995,0.432,0.056,Metals,Basic Materials,Copper,2026-05-27,Copper,0,0,0,87.13,26.57,50.02,14.45,56.849999999999994,51.24,SLOW GROWTH,28
PRECOT,10130400256.0,SMALL CAP,844.2000122070312,28.253014,2.187965,0.11808,72.242,0.112679996,0.03255,0.116,0.159,Misc,Consumer Cyclical,Textile Manufacturing,2026-05-27,Textile Manufacturing,0,1,0,49.96,50.02,50.02,62.01,49.99,51.2,SLOW GROWTH,28
HPL,24482410496.0,SMALL CAP,380.75,25.198545,2.565165,0.11808,77.475,0.11892,0.05454,0.208,0.075,Misc,Industrials,Electrical Equipment & Parts,2026-05-27,Electrical Equipment & Parts,0,0,0,72.12,27.88,50.02,63.69,50.0,51.37,SLOW GROWTH,28
ARCHIDPLY,1640243328.0,MICRO CAP,82.0,20.39801,1.5249006,0.11808,178.165,0.04693,0.0072399997,0.114,0.159,Misc,Basic Materials,Lumber & Wood Production,2026-05-27,Lumber & Wood Production,0,1,0,41.72,50.02,50.02,25.97,45.870000000000005,44.71,SLOW GROWTH,28
SANDHAR,42554507264.0,SMALL CAP,705.2999877929688,21.392174,3.4527323,0.1607,86.084,0.060399998,0.04032,0.289,0.498,Automobiles,Consumer Cyclical,Auto Parts,2026-05-27,Auto Components,0,1,0,79.87,80.98,85.4,30.77,80.42500000000001,76.45,HIGH GROWTH,28
RAILTEL,104513585152.0,MID CAP,325.6499938964844,32.82762,4.617773,0.16254,2.817,0.10985,0.08096,0.276,0.253,Telecom,Communication Services,Telecom Services,2026-05-27,Telecom Services,0,1,0,78.91,72.37,85.83,61.15,75.64,76.23,HIGH GROWTH,28
SRIVASAVI,1516635904.0,MICRO CAP,107.0,28.08399,3.4796748,0.11808,29.432,0.0957850025,0.063525002,0.116,0.159,Misc,Unknown,Unknown,2026-05-27,Diversified,0,1,0,49.96,50.02,50.02,50.02,49.99,50.0,SLOW GROWTH,28
DEEPAKFERT,183722557440.0,MID CAP,1453.9000244140625,20.994946,2.8171172,0.11808,62.046,0.08648,0.0784,0.097,-0.436,Misc,Basic Materials,Chemicals,2026-05-27,Chemicals,0,0,0,39.09,9.23,50.02,40.61,24.160000000000004,30.98,WEAK GROWTH,28
REPL,1311887744.0,MICRO CAP,72.38999938964844,34.30806,0.8721477,0.11808,29.432,0.01005,0.03816,-0.338,0.159,Technology,Industrials,Consulting Services,2026-05-27,IT Consulting,0,0,0,5.39,50.02,50.02,14.88,27.705000000000002,30.89,WEAK GROWTH,28
SYNOPTICS,884464000.0,MICRO CAP,104.3,21.86583,1.208953,0.11808,29.432,0.0957850025,0.063525002,0.116,0.159,Misc,Unknown,Unknown,2026-05-27,Diversified,0,1,0,49.96,50.02,50.02,50.02,49.99,50.0,SLOW GROWTH,28
SHAKTIPUMP,63056363520.0,SMALL CAP,511.0,24.32175,3.876263,0.17969999,29.625,0.08675,0.09548,0.286,-0.662,Misc,Industrials,Specialty Industrial Machinery,2026-05-27,Specialty Industrial Machinery,0,0,0,79.73,4.8,88.4,40.65,42.265,51.33,SLOW GROWTH,28
GOODYEAR,17299881984.0,SMALL CAP,750.0,30.500204,3.0078688,0.11808,4.835,0.04933,0.02301,-0.039,1.599,Automobiles,Consumer Cyclical,Auto Parts,2026-05-27,Auto Components,0,0,0,18.37,92.0,50.02,26.86,55.185,51.32,SLOW GROWTH,28
SUNFLAG,71348879360.0,SMALL CAP,395.8999938964844,33.77986,0.8341164,0.11808,6.787,0.107370004,0.05529,0.057,0.198,Misc,Basic Materials,Steel,2026-05-27,Steel,0,0,0,31.49,69.31,50.02,60.05,50.4,51.29,SLOW GROWTH,28
WEWIN,579075392.0,MICRO CAP,56.9900016784668,20.20922,1.8766465,0.15142,10.825,0.0233,0.048070002,0.517,-0.707,Technology,Technology,Information Technology Services,2026-05-27,IT Services,0,0,0,89.67,3.85,83.64,18.24,46.76,51.28,SLOW GROWTH,28
REFEX,46243360768.0,SMALL CAP,318.04998779296875,24.597834,3.353649,0.11808,13.652,0.14708,0.07498,-0.197,0.01,Metals,Energy,Thermal Coal,2026-05-27,Coal,0,0,0,8.98,24.29,50.02,71.18,16.634999999999998,28.77,WEAK GROWTH,28
VASA,38651952.0,MICRO CAP,6.45,26.636591000000003,-0.2043532,0.11808,29.432,0.0957850025,0.063525002,0.116,0.159,Misc,Unknown,Unknown,2026-05-27,Diversified,0,1,0,49.96,50.02,50.02,50.02,49.99,50.0,SLOW GROWTH,28
DRONE,8466799104.0,MICRO CAP,347.0,26.636591000000003,13.857827,0.11808,29.432,0.0957850025,0.063525002,0.116,0.159,Misc,Unknown,Unknown,2026-05-27,Diversified,0,1,0,49.96,50.02,50.02,50.02,49.99,50.0,SLOW GROWTH,28
TRANSWIND,145485744.0,MICRO CAP,21.75,25.0,0.8556591,0.11808,29.432,0.0957850025,0.063525002,0.116,0.159,Misc,Unknown,Unknown,2026-05-27,Diversified,0,1,0,49.96,50.02,50.02,50.02,49.99,50.0,SLOW GROWTH,28
AHIMSA,124806968.0,MICRO CAP,22.8,26.636591000000003,1.4872798,0.11808,29.432,0.0957850025,0.063525002,0.116,0.159,Misc,Unknown,Unknown,2026-05-27,Diversified,0,1,0,49.96,50.02,50.02,50.02,49.99,50.0,SLOW GROWTH,28
JALAN,45792244.0,MICRO CAP,3.15,26.636591000000003,-0.1093712,0.11808,29.432,0.0957850025,0.063525002,0.116,0.159,Misc,Unknown,Unknown,2026-05-27,Diversified,0,1,0,49.96,50.02,50.02,50.02,49.99,50.0,SLOW GROWTH,28
MAITREYA,817524416.0,MICRO CAP,120.65,28.18925,3.0542758,0.11808,29.432,0.0957850025,0.063525002,0.116,0.159,Misc,Unknown,Unknown,2026-05-27,Diversified,0,1,0,49.96,50.02,50.02,50.02,49.99,50.0,SLOW GROWTH,28
MAHICKRA,884097088.0,MICRO CAP,108.85,34.776356,2.4116004,0.11808,29.432,0.0957850025,0.063525002,0.116,0.159,Misc,Unknown,Unknown,2026-05-27,Diversified,0,1,0,49.96,50.02,50.02,50.02,49.99,50.0,SLOW GROWTH,28
SIMPLEXINF,20500721664.0,SMALL CAP,259.19000244140625,25.042511,2.142562,0.11808,196.588,0.01038,0.063200004,0.078,0.159,Industrials,Industrials,Engineering & Construction,2026-05-27,Engineering & EPC,0,0,0,35.47,50.02,50.02,14.99,42.745000000000005,41.42,SLOW GROWTH,28
KEC,133193170944.0,MID CAP,500.3500061035156,21.983744,2.1630208,0.10524999,87.306,0.06221,0.02576,-0.07,-0.281,Industrials,Industrials,Engineering & Construction,2026-05-27,Engineering & EPC,0,0,0,15.91,12.87,21.4,31.32,14.39,17.48,WEAK GROWTH,28
OSWALSEEDS,1001596480.0,MICRO CAP,10.949999809265137,28.076923,2.0948918,0.11808,97.461,0.04718,0.025999999,-0.274,-0.814,Chemicals,Basic Materials,Agricultural Inputs,2026-05-27,Agrochemicals,0,0,0,6.66,2.34,50.02,26.04,4.5,15.76,WEAK GROWTH,28
NOCIL,28260618240.0,SMALL CAP,169.1999969482422,50.963856,1.5901808,0.03147,0.453,0.02234,0.04269,-0.028,-0.192,Chemicals,Basic Materials,Specialty Chemicals,2026-05-27,Specialty Chemicals,0,0,0,19.62,15.83,8.36,18.12,17.725,15.89,WEAK GROWTH,28
BAFNAPH,3051667456.0,MICRO CAP,129.0,31.54034,3.3475192,0.11808,35.519,0.03865,0.06553,0.154,0.95,Misc,Healthcare,Drug Manufacturers - Specialty & Generic,2026-05-27,Drug Manufacturers - Specialty & Generic,0,1,0,64.08,87.86,50.02,22.96,75.97,65.48,MODERATE GROWTH,28
TMPV,1441121173504.0,LARGE CAP,391.3500061035156,26.636591000000003,1.3016365,-0.01118,65.31,0.084300004,0.24551001,-0.118,-0.329,Automobiles,Consumer Cyclical,Auto Manufacturers,2026-05-27,Passenger Vehicles,0,0,0,12.63,11.71,3.48,39.67,12.170000000000002,13.18,WEAK GROWTH,28
CCL,140391055360.0,MID CAP,1054.0,36.157806,5.9870033,0.18002,56.487,0.12503,0.08691,0.464,0.124,Misc,Consumer Defensive,Packaged Foods,2026-05-27,Packaged Foods,0,1,0,88.13,30.65,88.48,65.29,59.39,65.8,MODERATE GROWTH,28
GABRIEL,161972895744.0,MID CAP,1127.5999755859375,26.636591000000003,12.672938,0.11808,8.126,0.06906,0.05519,0.159,-0.089,Automobiles,Consumer Cyclical,Auto Parts,2026-05-27,Auto Components,0,0,0,64.78,19.68,50.02,33.78,42.230000000000004,42.94,SLOW GROWTH,28
NRL,4481886720.0,MICRO CAP,64.88999938964844,33.107143,3.3543553,0.12082,22.74,0.036429998,0.06584,0.54,0.333,Misc,Industrials,Waste Management,2026-05-27,Waste Management,0,1,0,90.28,76.67,76.49,22.35,83.475,75.97,HIGH GROWTH,28
HIKAL,27455377408.0,SMALL CAP,222.6699981689453,26.636591000000003,2.1750214,0.11808,29.432,0.13161,0.0615,0.373,0.683,Misc,Healthcare,Drug Manufacturers - Specialty & Generic,2026-05-27,Drug Manufacturers - Specialty & Generic,0,1,0,84.6,84.58,50.02,66.85,84.59,75.9,HIGH GROWTH,28
APOLSINHOT,3016463872.0,MICRO CAP,1160.0,30.358545,1.9767427,0.11808,53.838,0.03678,0.01688,0.145,-0.593,Misc,Industrials,Specialty Business Services,2026-05-27,Specialty Business Services,0,0,0,62.92,5.84,50.02,22.49,34.38,36.32,WEAK GROWTH,28
SPECIALITY,5547100672.0,MICRO CAP,115.0,26.497694,1.6964904,0.11808,42.426,0.10503,0.045100003,0.072,0.0,Hospitality,Consumer Cyclical,Restaurants,2026-05-27,Restaurants,0,0,0,34.69,23.58,50.02,59.12,29.134999999999998,36.31,WEAK GROWTH,28
PAVNAIND,2441775104.0,MICRO CAP,17.5,26.636591000000003,1.2242043,0.11808,36.865,0.046230003,0.01253,0.36,2.86,Automobiles,Consumer Cyclical,Auto Parts,2026-05-27,Auto Components,0,1,0,83.97,95.04,50.02,25.58,89.505,75.22,HIGH GROWTH,28
MANAKCOAT,11372926976.0,SMALL CAP,107.45999908447266,24.874998,3.0880198,0.14136,33.071,0.051170003,0.046,0.094,-0.044,Misc,Industrials,Metal Fabrication,2026-05-27,Metal Fabrication,0,0,0,38.4,21.38,81.26,27.45,29.89,39.92,WEAK GROWTH,28
WHEELS,40177643520.0,SMALL CAP,1644.4000244140625,25.945093,3.8570428,0.11808,29.432,0.04892,0.03187,0.025,-0.098,Automobiles,Consumer Cyclical,Auto Parts,2026-05-27,Auto Components,0,0,0,26.67,19.5,50.02,26.63,23.085,28.83,WEAK GROWTH,28
GENESYS,10487294976.0,SMALL CAP,250.9499969482422,26.059189,1.5249757,0.11808,21.419,-0.014040001,0.12324,-0.149,-0.92732,Technology,Technology,Software - Application,2026-05-27,SaaS,0,0,0,10.7,0.53,50.02,11.25,5.614999999999999,15.06,WEAK GROWTH,28
BIL,10191911936.0,SMALL CAP,760.0,26.453186,2.0527227,0.11808,104.25,0.062459998,0.028859999,0.392,0.159,Misc,Consumer Cyclical,Footwear & Accessories,2026-05-27,Footwear & Accessories,0,1,0,85.53,50.02,50.02,31.51,67.775,60.6,MODERATE GROWTH,28
WSTCSTPAPR,32548900864.0,SMALL CAP,492.79998779296875,22.793709,0.9190755,0.11808,11.26,0.01271,0.034849998,0.033,-0.581,Misc,Basic Materials,Paper & Paper Products,2026-05-27,Paper & Paper Products,0,0,0,27.8,6.23,50.02,15.38,17.015,23.45,WEAK GROWTH,28
GSPCROP,21517248512.0,SMALL CAP,462.54998779296875,26.029823,3.406187,0.11808,64.835,0.02417,0.0704,-0.017,0.159,Chemicals,Basic Materials,Agricultural Inputs,2026-05-27,Agrochemicals,0,0,0,20.85,50.02,50.02,18.35,35.435,36.64,WEAK GROWTH,28
MRF,539473379328.0,LARGE CAP,127200.0,22.229212,2.5720422,0.12295,15.288,0.10729,0.07789,0.134,0.371,Automobiles,Consumer Cyclical,Auto Parts,2026-05-27,Auto Components,0,1,0,60.99,77.72,76.96,59.98,69.355,69.94,MODERATE GROWTH,28
ATULAUTO,13445494784.0,SMALL CAP,484.5,31.812214,5.8744364,0.11808,29.432,0.09268,0.08078,0.253,0.561,Automobiles,Consumer Cyclical,Auto Manufacturers,2026-05-27,Passenger Vehicles,0,1,0,76.83,82.14,50.02,42.83,79.485,69.93,MODERATE GROWTH,28
ISGEC,75978047488.0,SMALL CAP,1033.300048828125,22.875805,2.723834,0.11808,31.763,0.09538,0.03639,0.162,2.476,Misc,Industrials,Specialty Industrial Machinery,2026-05-27,Specialty Industrial Machinery,0,1,0,65.37,94.18,50.02,43.62,79.775,70.21,HIGH GROWTH,28
UNOMINDA,645019271168.0,LARGE CAP,1117.0,53.85728,10.325479,0.19202,37.74,0.077020004,0.060900003,0.178,0.223,Automobiles,Consumer Cyclical,Auto Parts,2026-05-27,Auto Components,0,1,0,67.57,70.79,90.04,36.86,69.18,70.12,HIGH GROWTH,28
RAJESHEXPO,35980378112.0,SMALL CAP,121.86000061035156,21.41652,0.21722351,0.11808,5.254,0.00043000001,0.00023,1.433,1.017,Misc,Consumer Cyclical,Luxury Goods,2026-05-27,Luxury Goods,0,1,0,96.95,88.21,50.02,13.32,92.58,76.14,HIGH GROWTH,28
DECCANCE,8750485504.0,MICRO CAP,624.7000122070312,27.519823,1.1734828,0.11808,101.902,0.0247,0.05884,0.133,0.159,Misc,Basic Materials,Building Materials,2026-05-27,Building Materials,0,1,0,60.84,50.02,50.02,18.59,55.43000000000001,50.66,SLOW GROWTH,28
JYOTISTRUC,15362403328.0,SMALL CAP,12.869999885559082,27.382978,3.232044,0.108059995,439.045,0.08498,0.07254,0.462,0.153,Misc,Industrials,Specialty Industrial Machinery,2026-05-27,Specialty Industrial Machinery,0,1,0,88.03,32.47,22.02,40.02,60.25,50.58,SLOW GROWTH,28
NELCAST,12062308352.0,SMALL CAP,138.25999450683594,24.82226,2.010499,0.11808,29.432,0.08154,0.05761,0.273,0.044,Misc,Industrials,Metal Fabrication,2026-05-27,Metal Fabrication,0,0,0,78.64,26.04,50.02,38.77,52.34,50.52,SLOW GROWTH,28
POWERMECH,78727733248.0,SMALL CAP,2490.10009765625,21.6117,3.4456515,0.17255,25.632,0.09738,0.06005,0.139,0.216,Industrials,Industrials,Engineering & Construction,2026-05-27,Engineering & EPC,0,1,0,61.85,70.44,87.39,56.74,66.145,69.45,MODERATE GROWTH,28
JNKINDIA,21710118912.0,SMALL CAP,388.0,33.593075,3.972886,0.12089,15.97,0.12755999,0.07934,0.769,1.464,Misc,Industrials,Specialty Industrial Machinery,2026-05-27,Specialty Industrial Machinery,0,1,0,93.75,91.29,76.53,65.95,92.52000000000001,86.66,ELITE GROWTH,28
GENCON,2260073472.0,MICRO CAP,39.65999984741211,23.192982,0.7790371,0.11808,23.407,0.08543,0.042600002,-0.136,-0.189,Industrials,Industrials,Engineering & Construction,2026-05-27,Engineering & EPC,0,0,0,11.36,15.89,50.02,40.26,13.625,23.57,WEAK GROWTH,28
ALICON,10899123200.0,SMALL CAP,667.1500244140625,31.70865,1.7701123,0.11808,57.003,0.045900002,0.021189999,0.097,3.188,Misc,Industrials,Metal Fabrication,2026-05-27,Metal Fabrication,0,0,0,39.09,95.63,50.02,25.38,67.36,59.69,MODERATE GROWTH,28
MOLDTKPAC,23060867072.0,SMALL CAP,694.0,31.617311,3.3431284,0.10976,31.851,0.13595,0.08219,0.174,0.268,Misc,Consumer Cyclical,Packaging & Containers,2026-05-27,Packaging & Containers,0,1,0,66.85,73.45,22.37,68.18,70.15,60.4,MODERATE GROWTH,28
ANLON,3165232384.0,MICRO CAP,506.0,34.120026,4.92702,0.11808,29.432,0.0957850025,0.063525002,0.116,0.159,Misc,Unknown,Unknown,2026-05-27,Diversified,0,1,0,49.96,50.02,50.02,50.02,49.99,50.0,SLOW GROWTH,28
DCI,4739599872.0,MICRO CAP,289.0,24.16388,5.1980286,0.11808,72.74,0.051209997,0.02874,0.461,0.558,Misc,Technology,Electronics & Computer Distribution,2026-05-27,Electronics & Computer Distribution,0,1,0,87.93,82.06,50.02,27.49,84.995,72.25,HIGH GROWTH,28
GODREJPROP,541481140224.0,LARGE CAP,1797.699951171875,29.264202,2.8262124,0.09969,82.119,0.14072,0.36056,0.63,0.701,Misc,Real Estate,Real Estate - Development,2026-05-27,Real Estate - Development,0,1,0,92.03,84.97,19.99,69.66,88.5,72.91,HIGH GROWTH,28
DOMS,134248677376.0,MID CAP,2212.10009765625,58.382164,11.00487,0.20091999,10.849,0.12871,0.09894,0.187,0.168,Misc,Industrials,Business Equipment & Supplies,2026-05-27,Business Equipment & Supplies,0,1,0,68.9,67.63,91.1,66.22,68.265,72.63,HIGH GROWTH,28
VENUSPIPES,29914062848.0,SMALL CAP,1444.0,29.63267,4.861593,0.11808,42.716,0.14406,0.08906999,0.283,0.413,Misc,Basic Materials,Steel,2026-05-27,Steel,0,1,0,79.54,78.72,50.02,70.56,79.13,72.45,HIGH GROWTH,28
STYRENIX,40226914304.0,SMALL CAP,2286.10009765625,21.975393,3.227077,0.14432,40.115,0.11622,0.05293,-0.108,0.309,Misc,Basic Materials,Chemicals,2026-05-27,Chemicals,0,0,0,13.74,75.71,82.0,63.1,44.724999999999994,54.02,SLOW GROWTH,28
MEDIASSIST,27325931520.0,SMALL CAP,365.79998779296875,30.106997,3.179266,0.12717,6.382,0.112849995,0.09714,0.281,1.404,Misc,Healthcare,Healthcare Plans,2026-05-27,Healthcare Plans,0,1,0,79.3,90.82,77.82,62.12,85.06,81.32,HIGH GROWTH,28
SAHAJSOLAR,8698722304.0,MICRO CAP,395.9,29.413074,7.6723313,0.11808,29.432,0.0957850025,0.063525002,0.116,0.159,Misc,Unknown,Unknown,2026-05-27,Diversified,0,1,0,49.96,50.02,50.02,50.02,49.99,50.0,SLOW GROWTH,28
SHREEKARNI,5516160000.0,MICRO CAP,780.0,33.868866,5.253799,0.11808,29.432,0.0957850025,0.063525002,0.116,0.159,Misc,Unknown,Unknown,2026-05-27,Diversified,0,1,0,49.96,50.02,50.02,50.02,49.99,50.0,SLOW GROWTH,28
GRAVITA,120319295488.0,MID CAP,1651.9000244140625,31.755095,4.9055796,0.16680999,29.934,0.094069995,0.08881,0.131,-0.032,Misc,Industrials,Metal Fabrication,2026-05-27,Metal Fabrication,0,0,0,60.39,21.81,86.41,43.34,41.1,50.39,SLOW GROWTH,28
AISL,1521773440.0,MICRO CAP,147.0,21.212122,1.9167829,0.11808,29.432,0.0957850025,0.063525002,0.116,0.159,Misc,Unknown,Unknown,2026-05-27,Diversified,0,1,0,49.96,50.02,50.02,50.02,49.99,50.0,SLOW GROWTH,28
JAINAM,1478567936.0,MICRO CAP,140.0,26.636591000000003,1.063854,0.11808,29.432,0.0957850025,0.063525002,0.116,0.159,Misc,Unknown,Unknown,2026-05-27,Diversified,0,1,0,49.96,50.02,50.02,50.02,49.99,50.0,SLOW GROWTH,28
QFIL,316793984.0,MICRO CAP,111.0,22.2,1.0238059,0.11808,29.432,0.0957850025,0.063525002,0.116,0.159,Misc,Unknown,Unknown,2026-05-27,Diversified,0,1,0,49.96,50.02,50.02,50.02,49.99,50.0,SLOW GROWTH,28
HAPPSTMNDS,56919220224.0,SMALL CAP,378.79998779296875,30.846905,3.4835067,0.116969995,28.275,0.14472,0.08222,0.107,-0.198,Technology,Technology,Information Technology Services,2026-05-27,IT Services,0,0,0,40.63,15.56,24.09,70.71,28.095000000000002,31.56,WEAK GROWTH,28
HOMESFY,2135744384.0,MICRO CAP,662.0,26.636591000000003,5.199783,0.11808,29.432,0.0957850025,0.063525002,0.116,0.159,Misc,Unknown,Unknown,2026-05-27,Diversified,0,1,0,49.96,50.02,50.02,50.02,49.99,50.0,SLOW GROWTH,28
CBAZAAR,333610912.0,MICRO CAP,15.55,26.636591000000003,6.904973,0.11808,29.432,0.0957850025,0.063525002,0.116,0.159,Misc,Unknown,Unknown,2026-05-27,Diversified,0,1,0,49.96,50.02,50.02,50.02,49.99,50.0,SLOW GROWTH,28
BANSALWIRE,51366006784.0,SMALL CAP,328.1000061035156,31.916344,3.5895977,0.11923,38.769,0.05409,0.03869,0.209,0.209,Misc,Basic Materials,Steel,2026-05-27,Steel,0,1,0,72.3,69.93,76.06,28.7,71.11500000000001,67.86,MODERATE GROWTH,28
SAIL,849236000768.0,LARGE CAP,205.60000610351562,25.16524,1.4625853,0.11808,57.763,0.028450001,0.025510002,0.118,1.676,Misc,Basic Materials,Steel,2026-05-27,Steel,0,1,0,58.1,92.27,50.02,19.84,75.185,64.62,MODERATE GROWTH,28
FIEMIND,60119367680.0,SMALL CAP,2284.199951171875,24.688717,5.5650163,0.11808,5.696,0.11608,0.09076,0.162,0.348,Automobiles,Consumer Cyclical,Auto Parts,2026-05-27,Auto Components,0,1,0,65.37,76.88,50.02,63.06,71.125,66.1,MODERATE GROWTH,28
BUTTERFLY,12057075712.0,SMALL CAP,674.3499755859375,26.41402,3.2379887,0.13085,2.054,0.059609998,0.04839,0.167,0.267,Misc,Consumer Cyclical,"Furnishings, Fixtures & Appliances",2026-05-27,"Furnishings, Fixtures & Appliances",0,1,0,66.22,73.39,78.84,30.42,69.805,67.67,MODERATE GROWTH,28
KCEIL,4047527936.0,MICRO CAP,369.3,23.718689,4.3804193,0.11808,29.432,0.0957850025,0.063525002,0.116,0.159,Misc,Unknown,Unknown,2026-05-27,Diversified,0,1,0,49.96,50.02,50.02,50.02,49.99,50.0,SLOW GROWTH,28
EMMIL,3913305856.0,MICRO CAP,345.5,31.154192,4.31902,0.11808,29.432,0.0957850025,0.063525002,0.116,0.159,Misc,Unknown,Unknown,2026-05-27,Diversified,0,1,0,49.96,50.02,50.02,50.02,49.99,50.0,SLOW GROWTH,28
ESCONET,3955200000.0,MICRO CAP,320.0,26.636591000000003,5.594797,0.11808,29.432,0.0957850025,0.063525002,0.116,0.159,Misc,Unknown,Unknown,2026-05-27,Diversified,0,1,0,49.96,50.02,50.02,50.02,49.99,50.0,SLOW GROWTH,28
NEWJAISA,4377918976.0,MICRO CAP,124.0,26.636591000000003,3.1536114,0.11808,29.432,0.0957850025,0.063525002,0.116,0.159,Misc,Unknown,Unknown,2026-05-27,Diversified,0,1,0,49.96,50.02,50.02,50.02,49.99,50.0,SLOW GROWTH,28
CGPOWER,1447306985472.0,LARGE CAP,918.9500122070312,118.727394,18.163221,0.19561,1.444,0.121190004,0.09714,0.25,0.305,Misc,Industrials,Electrical Equipment & Parts,2026-05-27,Electrical Equipment & Parts,0,1,0,76.49,75.5,90.39,64.31,75.995,77.71,HIGH GROWTH,28
COASTCORP,4166653440.0,MICRO CAP,62.209999084472656,26.814655,1.5297415,0.11808,153.742,0.03936,0.01928,0.649,2.63,Misc,Consumer Defensive,Packaged Foods,2026-05-27,Packaged Foods,0,1,0,92.31,94.46,50.02,23.08,93.38499999999999,77.68,HIGH GROWTH,28
APCOTEXIND,25385883648.0,SMALL CAP,489.6499938964844,25.046036,4.0887303,0.17274,15.522,0.117189996,0.07035,0.157,1.074,Chemicals,Basic Materials,Specialty Chemicals,2026-05-27,Specialty Chemicals,0,1,0,64.31,88.79,87.43,63.26,76.55000000000001,77.4,HIGH GROWTH,28
LUMAXIND,54544015360.0,SMALL CAP,5835.0,33.57887,6.6871505,0.11808,121.301,0.06858,0.041539997,0.187,0.39,Automobiles,Consumer Cyclical,Auto Parts,2026-05-27,Auto Components,0,1,0,68.9,78.17,50.02,33.66,73.535,64.84,MODERATE GROWTH,28
LCCINFOTEC,704720128.0,MICRO CAP,4.179999828338623,26.636591000000003,112.97297,0.11808,0.786,-0.00548,-0.8954719999999999,0.062,0.159,Misc,Consumer Defensive,Education & Training Services,2026-05-27,Education & Training Services,0,0,0,32.55,50.02,50.02,11.91,41.285,40.09,SLOW GROWTH,28
TRIVENI,82621579264.0,SMALL CAP,377.25,26.927195,2.6828573,0.11808,24.554,0.07752,0.04639,0.165,0.979,Misc,Consumer Defensive,Confectioners,2026-05-27,Confectioners,0,1,0,65.78,88.05,50.02,37.25,76.91499999999999,67.57,MODERATE GROWTH,28
GUJGASLTD,254188060672.0,MID CAP,369.25,21.887966,2.9112856,0.11808,118.64,0.10338,0.07541,0.211,0.326,Misc,Utilities,Utilities - Regulated Gas,2026-05-27,Utilities - Regulated Gas,0,1,0,72.43,76.38,50.02,58.38,74.405,67.93,MODERATE GROWTH,28
JAMNAAUTO,49277702144.0,SMALL CAP,123.26000213623047,25.414434,4.730217,0.11808,14.586,0.14442,0.080520004,0.187,0.327,Automobiles,Consumer Cyclical,Auto Parts,2026-05-27,Auto Components,0,1,0,68.9,76.42,50.02,70.68,72.66,67.93,MODERATE GROWTH,28
FRACTAL,175619375104.0,MID CAP,1021.25,59.27162,5.342719,0.115839995,13.131,0.16202,0.088549994,0.17,1.064,Technology,Technology,Software - Infrastructure,2026-05-27,Software Products,0,1,0,66.42,88.64,23.7,74.19,77.53,66.43,MODERATE GROWTH,27
SAIPARENT,21426927616.0,SMALL CAP,485.0,108.98877,8.635271,0.16758,37.291,0.16059999,0.08862001,0.116,0.159,Misc,Healthcare,Drug Manufacturers - General,2026-05-27,Drug Manufacturers - General,0,1,0,49.96,50.02,86.53,73.88,49.99,59.69,MODERATE GROWTH,27
TI,110917910528.0,MID CAP,448.75,78.590195,4.380656,0.11808,2.445,0.15533,0.06027,0.95,0.159,Misc,Consumer Defensive,Beverages - Wineries & Distilleries,2026-05-27,Beverages - Wineries & Distilleries,0,1,0,94.98,50.02,50.02,73.14,72.5,68.07,MODERATE GROWTH,27
GICL,4473705472.0,MICRO CAP,39.959999084472656,133.2,6.772881,0.11808,29.432,0.21343,0.05809,0.235,0.355,Misc,Industrials,Integrated Freight & Logistics,2026-05-27,Integrated Freight & Logistics,0,1,0,75.19,77.04,50.02,82.08,76.11500000000001,71.49,HIGH GROWTH,27
SCHNEIDER,333645774848.0,MID CAP,1395.4000244140625,136.93819,50.646053,0.11808,80.084,0.15953,0.084910005,0.201,-0.121,Misc,Industrials,Electrical Equipment & Parts,2026-05-27,Electrical Equipment & Parts,0,0,0,71.01,18.45,50.02,73.72,44.730000000000004,48.69,SLOW GROWTH,27
DBREALTY,65625796608.0,SMALL CAP,120.98999786376953,62.36598,1.5803498,0.11808,24.791,0.17354,0.03418,1.414,13.375,Misc,Real Estate,Real Estate - Development,2026-05-27,Real Estate - Development,0,1,0,96.88,98.75,50.02,76.55,97.815,86.13,ELITE GROWTH,27
ANURAS,154719862784.0,MID CAP,1359.0,88.5342,4.801306,0.11808,37.505,0.1815,0.077199996,0.313,0.677,Chemicals,Basic Materials,Specialty Chemicals,2026-05-27,Specialty Chemicals,0,1,0,81.84,84.42,50.02,77.59,83.13,75.95,HIGH GROWTH,27
DJML,3520715520.0,MICRO CAP,106.76000213623047,44.298756,4.8450193,0.13528,42.847,0.16533001,0.07908,0.907,1.203,Misc,Industrials,Specialty Business Services,2026-05-27,Specialty Business Services,0,1,0,94.73,89.61,79.89,74.93,92.17,87.99,ELITE GROWTH,27
SMSPHARMA,35428560896.0,SMALL CAP,378.29998779296875,37.64179,4.6229987,0.11808,44.465,0.1598,0.099870004,0.214,0.205,Misc,Healthcare,Drug Manufacturers - General,2026-05-27,Drug Manufacturers - General,0,1,0,72.61,69.62,50.02,73.8,71.11500000000001,67.16,MODERATE GROWTH,27
AXISCADES,83258662912.0,SMALL CAP,1957.5999755859375,82.18304,12.000687,0.11808,37.084,0.15082,0.08861,0.252,0.887,Industrials,Industrials,Engineering & Construction,2026-05-27,Engineering & EPC,0,1,0,76.75,87.21,50.02,72.2,81.97999999999999,74.61,HIGH GROWTH,27
KIRLOSENG,258456453120.0,MID CAP,1777.800048828125,45.53791,7.658244,0.16819,150.325,0.15423,0.07458,0.207,0.212,Misc,Industrials,Specialty Industrial Machinery,2026-05-27,Specialty Industrial Machinery,0,1,0,71.98,70.17,86.61,72.9,71.075,74.36,HIGH GROWTH,27
ULTRACEMCO,3428252909568.0,MEGA CAP,11654.0,41.952553,4.758893,0.10593,29.432,0.17024,0.092259996,0.03,0.159,Misc,Basic Materials,Building Materials,2026-05-27,Building Materials,0,0,0,27.39,50.02,21.55,75.87,38.705,38.99,WEAK GROWTH,27
IRISDOREME,6204160000.0,MICRO CAP,36.349998474121094,42.7647,5.1024704,0.14455,24.205,0.15763,0.08483,0.504,0.176,Misc,Consumer Cyclical,Apparel Manufacturing,2026-05-27,Apparel Manufacturing,0,1,0,89.11,68.02,82.12,73.45,78.565,78.76,HIGH GROWTH,27
AWFIS,24928284672.0,SMALL CAP,348.45001220703125,42.70221,4.5118475,0.14007,271.732,0.16283001,0.04467,0.263,1.068,Misc,Industrials,Rental & Leasing Services,2026-05-27,Rental & Leasing Services,0,1,0,77.8,88.75,81.06,74.42,83.275,81.95,HIGH GROWTH,27
HALDER,2823456768.0,MICRO CAP,227.0,511.39656400000433,1.8658097,0.11808,199.222,0.18708,0.00592,-0.592,-0.023,Misc,Consumer Defensive,Farm Products,2026-05-27,Farm Products,0,0,0,2.58,22.2,50.02,78.41,12.39,26.52,WEAK GROWTH,27
MTARTECH,242262540288.0,MID CAP,7876.0,260.70837,32.562138,0.11808,25.061,0.19854,0.084259994,0.593,1.173,Misc,Industrials,Specialty Industrial Machinery,2026-05-27,Specialty Industrial Machinery,0,1,0,91.25,89.42,50.02,80.09,90.33500000000001,81.25,HIGH GROWTH,27
IPCALAB,399609528320.0,MID CAP,1575.0999755859375,43.97264,4.8524337,0.11808,14.425,0.17796,0.09571,0.066,0.236,Misc,Healthcare,Drug Manufacturers - Specialty & Generic,2026-05-27,Drug Manufacturers - Specialty & Generic,0,0,0,33.33,71.46,50.02,77.04,52.394999999999996,54.38,SLOW GROWTH,27
SBILIFE,1872720691200.0,LARGE CAP,1866.800048828125,76.854675,9.84485,0.13697,29.432,0.21172,0.022,-0.80216,-0.011,Financials,Financial Services,Insurance - Life,2026-05-27,Life Insurance,0,0,0,0.53,22.82,80.32,81.84,11.675,32.42,WEAK GROWTH,27
GANGESSECU,1204744064.0,MICRO CAP,120.43000030517578,44.769516,0.22353555,0.11808,29.432,0.19284001,0.046090003,-0.135,0.417,Misc,Consumer Defensive,Packaged Foods,2026-05-27,Packaged Foods,0,0,0,11.44,78.91,50.02,79.27,45.175,49.55,SLOW GROWTH,27
GLENMARK,666106724352.0,LARGE CAP,2360.39990234375,62.345478,6.9512253,0.11808,12.776,0.18338,0.06451,0.151,0.158,Misc,Healthcare,Drug Manufacturers - Specialty & Generic,2026-05-27,Drug Manufacturers - Specialty & Generic,0,1,0,63.73,32.74,50.02,77.78,48.235,51.55,SLOW GROWTH,27
INDIGO,1745981931520.0,LARGE CAP,4515.7001953125,54.478226,18.626513,0.11808,606.1040000000002,0.15758,0.03793,0.062,-0.776,Misc,Industrials,Airlines,2026-05-27,Airlines,0,0,0,32.55,2.77,50.02,73.41,17.66,29.71,WEAK GROWTH,27
AARON,2617262336.0,MICRO CAP,124.94999694824219,37.41018,5.245812,0.14835,57.079,0.15099,0.07388,0.133,-0.144,Misc,Industrials,Specialty Industrial Machinery,2026-05-27,Specialty Industrial Machinery,0,0,0,60.84,17.73,82.9,72.24,39.285000000000004,51.3,SLOW GROWTH,27
DABUR,782729412608.0,LARGE CAP,441.29998779296875,41.43662,6.8482304,0.16239999,10.907,0.11179,0.14364,0.073,0.152,Consumer,Consumer Defensive,Household & Personal Products,2026-05-27,FMCG – Personal Care,0,0,0,34.87,32.39,85.75,61.69,33.629999999999995,46.86,SLOW GROWTH,25
PATELENG,26731784192.0,SMALL CAP,27.989999771118164,9.855634,0.65479815,0.0655,27.377,0.1333,0.052750003,-0.118,-0.023,Industrials,Industrials,Engineering & Construction,2026-05-27,Engineering & EPC,0,0,0,12.63,22.2,13.2,67.32,17.415,21.56,WEAK GROWTH,25
SMARTLINK,1615949952.0,MICRO CAP,162.0,12.29135,0.80626297,0.06474,1.194,0.0939,0.04696,0.347,0.793,Misc,Technology,Communication Equipment,2026-05-27,Communication Equipment,0,1,0,83.52,86.16,13.04,43.28,84.84,66.32,MODERATE GROWTH,25
THOMASCOOK,43524186112.0,SMALL CAP,92.11000061035156,19.639658,1.823816,0.09263,21.373,0.02104,0.02606,-0.103,-0.403,Misc,Consumer Cyclical,Travel Services,2026-05-27,Travel Services,0,0,0,13.94,9.86,18.16,17.81,11.899999999999999,13.74,WEAK GROWTH,25
SIEMENS,1343250890752.0,LARGE CAP,3771.89990234375,79.50885,10.144616,0.11808,2.213,0.099709995,0.12118,0.129,-0.364,Misc,Industrials,Specialty Industrial Machinery,2026-05-27,Specialty Industrial Machinery,0,0,0,60.0,10.86,50.02,57.48,35.43,40.55,SLOW GROWTH,25
BIRLACORPN,78145019904.0,SMALL CAP,1014.7999877929688,14.012704,1.0610878,0.07755,46.04,0.13252,0.05775,0.008,0.149,Misc,Basic Materials,Building Materials,2026-05-27,Building Materials,0,0,0,23.86,32.23,15.46,67.04,28.044999999999998,29.43,WEAK GROWTH,25
EQUITASBNK,82558558208.0,SMALL CAP,72.31999969482422,80.35556,1.3501606,0.016900001,94.248,0.32362998,0.02309,0.179,4.027,Financials,Financial Services,Banks - Regional,2026-05-27,Private Sector Banks,0,1,0,67.81,96.29,6.72,90.08,82.05000000000001,67.79,MODERATE GROWTH,25
SETL,29466179584.0,SMALL CAP,141.0,35.516373,3.7679377,0.10995,10.365,0.13577,0.100930005,0.388,0.303,Misc,Industrials,Specialty Industrial Machinery,2026-05-27,Specialty Industrial Machinery,0,1,0,85.47,75.44,22.45,68.1,80.455,67.62,MODERATE GROWTH,25
SAHYADRI,3151439616.0,MICRO CAP,287.8999938964844,10.860052,0.80575866,0.07394,4.085,0.09244,0.042340003,0.325,1.47,Misc,Industrials,Building Products & Equipment,2026-05-27,Building Products & Equipment,0,1,0,82.25,91.33,14.8,42.6,86.78999999999999,67.97,MODERATE GROWTH,25
CHEMBOND,2333143552.0,MICRO CAP,173.49000549316406,18.09072,1.3982673,0.07979,2.49,0.078,0.05155,0.116,0.159,Chemicals,Basic Materials,Specialty Chemicals,2026-05-27,Specialty Chemicals,0,1,0,49.96,50.02,15.81,37.52,49.99,41.91,SLOW GROWTH,25
NIRAJ,1719196928.0,MICRO CAP,28.799999237060547,6.385809,0.67335343,0.083050005,28.588,0.07437,0.039,-0.185,-0.27,Industrials,Industrials,Engineering & Construction,2026-05-27,Engineering & EPC,0,0,0,9.33,13.2,16.4,35.96,11.265,14.76,WEAK GROWTH,25
ANMOL,653374464.0,MICRO CAP,11.479999542236328,5.768844,0.5504939,0.09981,165.862,0.00849,0.00798,-0.018,0.574,Metals,Energy,Thermal Coal,2026-05-27,Coal,0,0,0,20.58,82.55,20.03,14.41,51.565,41.54,SLOW GROWTH,25
TRIGYN,1892399232.0,MICRO CAP,61.470001220703125,66.09677,0.24886538,0.11808,0.885,-0.00215,0.00405,0.248,-0.438,Technology,Technology,Information Technology Services,2026-05-27,IT Services,0,0,0,76.4,9.18,50.02,12.34,42.790000000000006,41.19,SLOW GROWTH,25
SMARTWORKS,51669315584.0,SMALL CAP,452.20001220703125,26.636591000000003,9.769483,0.03269,606.1040000000002,0.20066999,0.0058600004,0.45,0.159,Misc,Real Estate,Real Estate Services,2026-05-27,Real Estate Services,0,1,0,87.64,50.02,8.55,80.4,68.83,57.93,MODERATE GROWTH,25
PREMEXPLN,39251668992.0,SMALL CAP,729.7999877929688,91.45363,14.194854,0.11808,10.097,0.10602,0.115150005,-0.509,-0.339,Chemicals,Basic Materials,Specialty Chemicals,2026-05-27,Specialty Chemicals,0,0,0,3.2,11.54,50.02,59.47,7.369999999999999,21.11,WEAK GROWTH,25
ZFCVINDIA,279563206656.0,MID CAP,14739.0,54.1119,7.575049,0.14979,29.432,0.12702,0.12555,0.327,0.461,Automobiles,Consumer Cyclical,Auto Parts,2026-05-27,Auto Components,0,1,0,82.45,80.16,83.29,65.87,81.305,80.16,HIGH GROWTH,25
TBOTEK,129646436352.0,MID CAP,1214.0999755859375,53.721237,9.362277,0.11808,51.855,0.10301,0.10528,0.858,0.075,Misc,Consumer Cyclical,Travel Services,2026-05-27,Travel Services,0,0,0,94.34,27.88,50.02,58.3,61.11,58.61,MODERATE GROWTH,25
NEXTMEDIA,277605568.0,MICRO CAP,4.150000095367432,3.1412459800000003,-1.1108137,0.11808,29.432,0.0,0.0,0.116,0.159,Media,Communication Services,Broadcasting,2026-05-27,Broadcasting,0,1,0,49.96,50.02,50.02,12.92,49.99,46.29,SLOW GROWTH,25
SUNCLAY,29036998656.0,SMALL CAP,1317.0999755859375,11.771382,3.321104,0.11808,186.6,-0.01702,-0.014450001,-0.051,0.159,Misc,Industrials,Metal Fabrication,2026-05-27,Metal Fabrication,0,0,0,17.24,50.02,50.02,10.86,33.63,34.63,WEAK GROWTH,25
ROLLT,467743104.0,MICRO CAP,1.8700000047683716,3.1412459800000003,-6.8248177,0.11808,29.432,0.0,0.0,0.116,0.159,Misc,Real Estate,Real Estate Services,2026-05-27,Real Estate Services,0,1,0,49.96,50.02,50.02,12.92,49.99,46.29,SLOW GROWTH,25
FOSECOIND,38220152832.0,SMALL CAP,5045.7998046875,41.532635,3.414178,0.11808,29.432,0.14436,0.120459996,0.012,-0.011,Misc,Basic Materials,Chemicals,2026-05-27,Chemicals,0,0,0,24.4,22.82,50.02,70.64,23.61,33.6,WEAK GROWTH,25
UNIECOM,9852281856.0,MICRO CAP,87.66999816894531,49.252808,5.326569,0.1555,4.907,0.11587,0.10012,0.166,-0.017,Technology,Technology,Software - Application,2026-05-27,SaaS,0,0,0,65.99,22.49,84.36,62.94,44.239999999999995,54.13,SLOW GROWTH,25
UNIENTER,7476178432.0,MICRO CAP,107.5,37.7193,0.2628503,0.11808,29.432,-5.2175484,0.25188,-0.80216,0.159,Misc,Basic Materials,Chemicals,2026-05-27,Chemicals,0,0,0,0.53,50.02,50.02,0.53,25.275000000000002,27.75,WEAK GROWTH,25
DALMIASUG,27737901056.0,SMALL CAP,342.70001220703125,11.772587,0.863309,0.07285,55.74,0.13453001,0.06542,-0.027,-0.498,Misc,Consumer Defensive,Confectioners,2026-05-27,Confectioners,0,0,0,19.74,7.87,14.6,67.71,13.805,19.35,WEAK GROWTH,25
QUICKHEAL,10424241152.0,SMALL CAP,192.16000366210938,186.56311,2.3808403,-0.0249,0.0916,-0.6852,-0.041869998,-0.252,0.159,Technology,Technology,Software - Application,2026-05-27,SaaS,0,0,0,7.3,50.02,3.12,2.69,28.66,20.96,WEAK GROWTH,25
CLEANMAX,126984069120.0,MID CAP,1084.5999755859375,121.319916,4.1258993,0.019609999,229.641,0.30664,0.04921,0.251,0.159,Energy,Utilities,Utilities - Renewable,2026-05-27,Power Generation – Renewable,0,1,0,76.63,50.02,7.01,89.07,63.325,54.64,SLOW GROWTH,25
AKI,505709184.0,MICRO CAP,4.900000095367432,12.894737,0.6352911,0.029089998,21.381,0.04587,0.02017,0.523,2.5,Misc,Consumer Cyclical,Footwear & Accessories,2026-05-27,Footwear & Accessories,0,1,0,89.85,94.26,8.16,25.34,92.055,68.6,MODERATE GROWTH,25
GRAPHITE,147332743168.0,MID CAP,754.0999755859375,44.332745,2.5238883,0.11808,4.572,0.02804,0.121800005,0.228,0.159,Misc,Industrials,Electrical Equipment & Parts,2026-05-27,Electrical Equipment & Parts,0,1,0,74.37,50.02,50.02,19.62,62.19500000000001,55.5,MODERATE GROWTH,25
NIACL,264883027968.0,MID CAP,160.72999572753906,18.733099,0.6860038,0.03421,29.432,0.05451,0.028380001,0.137,0.608,Financials,Financial Services,Insurance - Diversified,2026-05-27,General Insurance,0,1,0,61.5,83.03,8.63,28.74,72.265,55.19,MODERATE GROWTH,25
PLASTIBLEN,4592811520.0,MICRO CAP,176.72000122070312,12.506723,1.0208656,0.08371,4.968,0.07274,0.04652,0.058,0.452,Chemicals,Basic Materials,Specialty Chemicals,2026-05-27,Specialty Chemicals,0,0,0,31.71,79.95,16.56,35.3,55.83,45.92,SLOW GROWTH,25
DEVX,3452377856.0,MICRO CAP,38.279998779296875,225.17647,2.2361119,0.07354,199.506,0.30189,0.03897,0.191,6.319,Misc,Real Estate,Real Estate Services,2026-05-27,Real Estate Services,0,1,0,69.47,97.38,14.72,88.95,83.425,70.24,HIGH GROWTH,25
PTCIL,251035238400.0,MID CAP,16744.0,375.17365,17.720375,0.11808,12.655,0.09851,0.13265,1.324,0.288,Misc,Industrials,Metal Fabrication,2026-05-27,Metal Fabrication,0,1,0,96.72,74.46,50.02,57.09,85.59,75.63,HIGH GROWTH,25
NAZARA,107583037440.0,MID CAP,290.3999938964844,10.67647,3.0861113,0.01974,6.051,0.080699995,0.052399997,-0.236,16.33808000000006,Misc,Communication Services,Electronic Gaming & Multimedia,2026-05-27,Electronic Gaming & Multimedia,0,0,0,7.93,99.51,7.11,38.42,53.72,42.87,SLOW GROWTH,25
LAXMIDENTL,13101877248.0,SMALL CAP,238.3800048828125,56.488155,5.579795,0.12772,5.329,0.12332,0.10429,0.219,1.379,Misc,Healthcare,Medical Instruments & Supplies,2026-05-27,Medical Instruments & Supplies,0,1,0,73.19,90.67,78.13,64.86,81.93,79.46,HIGH GROWTH,25
NCC,95451512832.0,SMALL CAP,152.02999877929688,14.129182,1.2689787,0.093219995,43.056,0.07795,0.03243,0.017,-0.188,Industrials,Industrials,Engineering & Construction,2026-05-27,Engineering & EPC,0,0,0,25.22,15.95,18.27,37.49,20.585,21.81,WEAK GROWTH,25
OCCLLTD,5963585536.0,MICRO CAP,119.38999938964844,16.068642,2.39221315,0.11808,29.432,0.0,0.0,0.116,0.159,Misc,Basic Materials,Chemicals,2026-05-27,Chemicals,0,1,0,49.96,50.02,50.02,12.92,49.99,46.29,SLOW GROWTH,25
DIGJAMLMTD,939600000.0,MICRO CAP,46.97999954223633,58.725,20.381779,0.11808,606.1040000000002,0.12011,0.14748,0.304,-0.658,Misc,Consumer Cyclical,Textile Manufacturing,2026-05-27,Textile Manufacturing,0,0,0,81.14,4.84,50.02,63.96,42.99,46.49,SLOW GROWTH,25
MODTHREAD,1574271488.0,MICRO CAP,45.27000045776367,13.635543,2.39221315,0.11808,29.432,0.0,0.0,0.116,0.159,Misc,Consumer Cyclical,Textile Manufacturing,2026-05-27,Textile Manufacturing,0,1,0,49.96,50.02,50.02,12.92,49.99,46.29,SLOW GROWTH,25
CHEVIOT,6482728448.0,MICRO CAP,1109.699951171875,9.265258,0.9183255,0.0762,1.216,0.108909994,0.09443,0.051,0.159,Misc,Consumer Cyclical,Textile Manufacturing,2026-05-27,Textile Manufacturing,0,0,0,30.3,50.02,15.23,60.48,40.160000000000004,37.21,WEAK GROWTH,25
KALYANI,138090000.0,MICRO CAP,138.09,5.9215264,2.39221315,0.11808,29.432,0.0,0.0,0.116,0.159,Misc,Consumer Cyclical,Auto & Truck Dealerships,2026-05-27,Auto & Truck Dealerships,0,1,0,49.96,50.02,50.02,12.92,49.99,46.29,SLOW GROWTH,25
NIRAJISPAT,129390000.0,MICRO CAP,215.64999389648438,8.437011,2.39221315,0.11808,29.432,0.0,0.0,0.116,0.159,Misc,Consumer Cyclical,Apparel Manufacturing,2026-05-27,Apparel Manufacturing,0,1,0,49.96,50.02,50.02,12.92,49.99,46.29,SLOW GROWTH,25
PRUDMOULI,497003328.0,MICRO CAP,15.40999984741211,9.118342,2.39221315,0.11808,29.432,0.0,0.0,0.116,0.159,Misc,Consumer Defensive,Confectioners,2026-05-27,Confectioners,0,1,0,49.96,50.02,50.02,12.92,49.99,46.29,SLOW GROWTH,25
CPEDU,3384796416.0,MICRO CAP,186.0500030517578,15.90171,2.39221315,0.11808,29.432,0.0,0.0,0.116,0.159,Misc,Consumer Defensive,Education & Training Services,2026-05-27,Education & Training Services,0,1,0,49.96,50.02,50.02,12.92,49.99,46.29,SLOW GROWTH,25
VINDHYATEL,25337145344.0,SMALL CAP,2138.0,11.175579,0.5963349,0.05311,34.118,0.06814,0.060949996,-0.178,-0.059,Industrials,Industrials,Engineering & Construction,2026-05-27,Engineering & EPC,0,0,0,9.63,20.81,11.4,33.54,15.219999999999999,16.29,WEAK GROWTH,25
JINDALSAW,154387202048.0,MID CAP,242.1300048828125,15.908673,1.2259685,0.07964,38.19,0.06073,0.054390002,-0.082,-0.522,Misc,Basic Materials,Steel,2026-05-27,Steel,0,0,0,15.03,7.03,15.78,31.04,11.03,13.98,WEAK GROWTH,25
TOTAL,882145472.0,MICRO CAP,54.70000076293945,6.654501,0.9975926,0.09048,44.052,0.00124,0.01254,-0.01,-0.925,Misc,Industrials,Integrated Freight & Logistics,2026-05-27,Integrated Freight & Logistics,0,0,0,21.67,1.09,17.69,13.47,11.38,12.85,WEAK GROWTH,25
UNIMECH,49977061376.0,SMALL CAP,982.7000122070312,74.78691,7.079308,0.11808,16.073,-0.1583,0.29236,-0.374,-0.861,Misc,Industrials,Aerospace & Defense,2026-05-27,Aerospace & Defense,0,0,0,4.88,1.8,50.02,6.33,3.34,12.98,WEAK GROWTH,25
GAIL,1113621135360.0,LARGE CAP,169.3699951171875,14.689506,1.2633706,0.08688,27.809,0.02754,0.05355,-0.024,-0.403,Misc,Utilities,Utilities - Regulated Gas,2026-05-27,Utilities - Regulated Gas,0,0,0,20.05,9.86,17.02,19.37,14.955,15.81,WEAK GROWTH,25
FINOPB,11102167040.0,SMALL CAP,133.41000366210938,16.015606,1.3839499,0.067600004,29.432,0.01733,0.0356,-0.311,-0.705,Financials,Financial Services,Banks - Regional,2026-05-27,Private Sector Banks,0,0,0,5.86,3.9,13.55,16.6,4.88,7.79,WEAK GROWTH,25
TGBHOTELS,269142016.0,MICRO CAP,9.1899995803833,13.716417,0.35414255,0.01868,16.052,0.03628,0.03729,-0.142,-0.581,Misc,Consumer Cyclical,Lodging,2026-05-27,Lodging,0,0,0,11.03,6.23,6.87,22.3,8.629999999999999,9.64,WEAK GROWTH,25
VASCONEQ,7920847872.0,MICRO CAP,34.099998474121094,15.860464,0.69180983,0.04363,26.086,0.036429998,0.05151,-0.345,-0.836,Industrials,Industrials,Engineering & Construction,2026-05-27,Engineering & EPC,0,0,0,5.21,2.13,9.88,22.35,3.67,6.78,WEAK GROWTH,25
PRITIKAUTO,2337837824.0,MICRO CAP,14.039999961853027,15.428571,0.93581283,0.08741,70.81,0.096420005,0.04343,0.382,0.388,Misc,Industrials,Specialty Industrial Machinery,2026-05-27,Specialty Industrial Machinery,0,1,0,85.2,78.11,17.14,56.42,81.655,66.23,MODERATE GROWTH,25
MMTC,98730000384.0,SMALL CAP,65.81999969482422,37.397728,5.127366,0.11808,1.796,-5.2175484,0.9871920000000006,0.36,14.5,Misc,Industrials,Conglomerates,2026-05-27,Conglomerates,0,1,0,83.97,98.87,50.02,0.53,91.42,74.05,HIGH GROWTH,25
NRAIL,7824531456.0,MICRO CAP,459.75,17.903038,0.9599023,0.054970004,100.63,0.06523,0.02015,0.301,0.159,Misc,Basic Materials,Paper & Paper Products,2026-05-27,Paper & Paper Products,0,1,0,80.91,50.02,11.68,32.49,65.465,51.41,SLOW GROWTH,25
HONAUT,320185925632.0,MID CAP,36190.0,60.923874,7.6391053,0.12352,2.476,0.14407,0.11213,0.059,0.142,Misc,Industrials,Electrical Equipment & Parts,2026-05-27,Electrical Equipment & Parts,0,0,0,31.9,31.78,77.12,70.6,31.84,44.77,SLOW GROWTH,25
AQYLON,15678011392.0,SMALL CAP,61.790000915527344,268.65216,-272.20264,0.11808,29.432,-0.025120001,0.43607,1.802,0.159,Media,Communication Services,Broadcasting,2026-05-27,Broadcasting,0,1,0,97.66,50.02,50.02,10.23,73.84,62.72,MODERATE GROWTH,25
SMCGLOBAL,13058184192.0,SMALL CAP,62.36000061035156,12.804929,1.0397319,0.081750005,163.316,0.05549,0.062329996,0.189,4.611,Misc,Financial Services,Capital Markets,2026-05-27,Capital Markets,0,1,0,69.21,96.6,16.2,29.17,82.905,64.19,MODERATE GROWTH,25
UGARSUGAR,4687874560.0,MICRO CAP,41.66999816894531,34.438015,2.0049076,0.060539998,285.835,0.15557,0.0091699995,-0.238,-0.104,Misc,Consumer Defensive,Confectioners,2026-05-27,Confectioners,0,0,0,7.79,19.13,12.42,73.17,13.459999999999999,19.22,WEAK GROWTH,25
MOTOGENFIN,1055429504.0,MICRO CAP,27.049999237060547,79.55882,1.3834901,0.11808,29.432,0.13176,0.12891,0.116,0.159,Misc,Real Estate,Real Estate Services,2026-05-27,Real Estate Services,0,1,0,49.96,50.02,50.02,66.89,49.99,51.69,SLOW GROWTH,25
ALKYLAMINE,87062519808.0,SMALL CAP,1702.300048828125,48.457157,5.678517,0.11808,29.432,0.13975,0.11769,-0.046,-0.035,Chemicals,Basic Materials,Specialty Chemicals,2026-05-27,Specialty Chemicals,0,0,0,17.69,21.75,50.02,69.43,19.72,30.75,WEAK GROWTH,25
WELINV,7021420032.0,MICRO CAP,1915.0,223.71494,0.9565401,0.11808,29.432,-1.25279,0.61432,-0.35,0.159,Misc,Financial Services,Capital Markets,2026-05-27,Capital Markets,0,0,0,5.12,50.02,50.02,1.91,27.57,29.49,WEAK GROWTH,25
MOKSH,1007500032.0,MICRO CAP,12.029999732971191,9.624,0.7781371,0.082150005,19.056,0.00794,0.01451,0.562,1.969,Misc,Consumer Cyclical,Luxury Goods,2026-05-27,Luxury Goods,0,1,0,90.57,93.32,16.28,14.29,91.945,69.05,MODERATE GROWTH,25
RCF,73181429760.0,SMALL CAP,132.64999389648438,17.116129,1.4865409,0.08665,80.607,0.04369,0.02313,0.496,1.589,Chemicals,Basic Materials,Agricultural Inputs,2026-05-27,Agrochemicals,0,1,0,88.83,91.9,16.99,24.68,90.36500000000001,69.12,MODERATE GROWTH,25
CENTENKA,10997400576.0,SMALL CAP,503.29998779296875,10.908106,0.7658387,0.06922,1.482,0.08438,0.05913,0.089,4.835,Misc,Consumer Cyclical,Textile Manufacturing,2026-05-27,Textile Manufacturing,0,0,0,37.29,96.8,13.78,39.75,67.045,53.66,SLOW GROWTH,25
GLOBE,1067492480.0,MICRO CAP,2.369999885559082,14.8125,0.70326406,0.06266,114.163,0.04911,0.01413,0.409,0.388,Misc,Consumer Cyclical,Textile Manufacturing,2026-05-27,Textile Manufacturing,0,1,0,86.37,78.11,12.57,26.71,82.24000000000001,62.75,MODERATE GROWTH,25
NATHBIOGEN,3235172096.0,MICRO CAP,170.0,8.102956,0.5585582,0.06285,20.354,0.06687,0.09353,-0.01,0.159,Chemicals,Basic Materials,Agricultural Inputs,2026-05-27,Agrochemicals,0,0,0,21.67,50.02,12.61,32.92,35.845,30.91,WEAK GROWTH,25
SICAGEN,2172485632.0,MICRO CAP,54.900001525878906,12.013129,0.4219085,0.03692,32.125,0.0272,0.01856,0.104,0.13,Misc,Basic Materials,Steel,2026-05-27,Steel,0,1,0,39.98,31.14,9.02,19.21,35.56,28.62,WEAK GROWTH,25
ELIN,5811008000.0,MICRO CAP,116.9000015258789,13.949881,1.0290493,0.04143,2.969,0.0018000001,0.017439999,0.03,0.159,Misc,Industrials,Electrical Equipment & Parts,2026-05-27,Electrical Equipment & Parts,0,0,0,27.39,50.02,9.49,13.55,38.705,30.35,WEAK GROWTH,25
HINDCON,1186086784.0,MICRO CAP,23.170000076293945,18.837399,1.5253457,0.05466,18.593,0.06053,0.048070002,0.379,0.548,Chemicals,Basic Materials,Specialty Chemicals,2026-05-27,Specialty Chemicals,0,1,0,84.91,81.9,11.56,30.85,83.405,63.78,MODERATE GROWTH,25
WORTHPERI,2049205248.0,MICRO CAP,130.10000610351562,14.004307,1.123945,0.094160005,20.288,0.09899,0.047509998,0.073,-0.309,Misc,Consumer Cyclical,Packaging & Containers,2026-05-27,Packaging & Containers,0,0,0,34.87,12.42,18.63,57.24,23.645,26.0,WEAK GROWTH,25
KABRAEXTRU,7989544448.0,MICRO CAP,228.4499969482422,19.81353,1.7279066,0.11808,32.04,-0.06001,-0.0030500002,-0.089,0.159,Misc,Industrials,Specialty Industrial Machinery,2026-05-27,Specialty Industrial Machinery,0,0,0,14.7,50.02,50.02,8.63,32.36,33.52,WEAK GROWTH,25
DAMODARIND,703892992.0,MICRO CAP,30.209999084472656,7.8062015,0.47930318,0.03682,113.3,0.01975,0.01249,0.309,-0.801,Misc,Consumer Cyclical,Textile Manufacturing,2026-05-27,Textile Manufacturing,0,0,0,81.61,2.5,8.98,17.14,42.055,32.95,WEAK GROWTH,25
TEGA,119941365760.0,MID CAP,1596.5,52.89927,7.2028623,0.11808,20.696,0.055040002,0.118669994,-0.014,-0.653,Misc,Industrials,Specialty Industrial Machinery,2026-05-27,Specialty Industrial Machinery,0,0,0,21.18,4.88,50.02,29.01,13.03,22.03,WEAK GROWTH,25
SWELECTES,9974264832.0,MICRO CAP,642.0,17.618002,1.0433172,0.06288,83.572,0.11247,0.08396,-0.075,0.133,Misc,Technology,Solar,2026-05-27,Solar,0,0,0,15.54,31.24,12.69,61.97,23.39,25.11,WEAK GROWTH,25
MIDHANI,78148878336.0,SMALL CAP,417.1499938964844,71.30769,5.433409,0.11808,23.466,0.13696,0.10293,0.158,0.088,Misc,Basic Materials,Steel,2026-05-27,Steel,0,0,0,64.55,28.74,50.02,68.43,46.644999999999996,49.5,SLOW GROWTH,25
RKSWAMY,4928092672.0,MICRO CAP,97.62999725341797,26.602179,1.8640217,0.08605,16.248,0.16816,0.06487,0.204,0.295,Misc,Communication Services,Advertising Agencies,2026-05-27,Advertising Agencies,0,1,0,71.67,74.91,16.83,75.32,73.28999999999999,62.2,MODERATE GROWTH,25
ROUTE,32418234368.0,SMALL CAP,514.5499877929688,13.562203,1.1706103,0.09722,1.488,0.099580005,0.05422,-0.038,0.932,Telecom,Communication Services,Telecom Services,2026-05-27,Telecom Services,0,0,0,18.51,87.66,19.17,57.44,53.085,46.74,SLOW GROWTH,25
RATNAMANI,180031307776.0,MID CAP,2568.5,37.37631,4.376981,0.13578,7.488,0.109639995,0.10738,-0.368,-0.485,Misc,Basic Materials,Steel,2026-05-27,Steel,0,0,0,4.92,8.22,80.05,61.03,6.57,26.71,WEAK GROWTH,25
SHRIRAMPPS,15862326272.0,SMALL CAP,92.94999694824219,22.61557,1.148268,0.07159,42.189,0.16570999,0.07429,0.625,0.644,Misc,Real Estate,Real Estate - Development,2026-05-27,Real Estate - Development,0,1,0,91.96,83.81,14.21,75.05,87.88499999999999,71.87,HIGH GROWTH,25
LASA,410830144.0,MICRO CAP,8.199999809265137,3.1412459800000003,0.72791827,0.11808,13.025,-1.03721,-0.66033995,-0.80216,0.159,Misc,Healthcare,Drug Manufacturers - Specialty & Generic,2026-05-27,Drug Manufacturers - Specialty & Generic,0,0,0,0.53,50.02,50.02,2.11,25.275000000000002,27.91,WEAK GROWTH,25
MANUGRAPH,485728160.0,MICRO CAP,15.5,9.39394,0.7854066,0.08901,5.169,0.01805,0.05589,-0.102,0.159,Misc,Industrials,Specialty Industrial Machinery,2026-05-27,Specialty Industrial Machinery,0,0,0,14.06,50.02,17.38,16.71,32.04,27.58,WEAK GROWTH,25
VENKEYS,21326819328.0,SMALL CAP,1513.9000244140625,15.3151245,1.4702113,0.090670004,10.432,0.1094,0.03689,0.305,6.626,Misc,Consumer Defensive,Farm Products,2026-05-27,Farm Products,0,1,0,81.3,97.58,17.77,60.84,89.44,72.25,HIGH GROWTH,25
GHCLTEXTIL,9676148736.0,MICRO CAP,101.2300033569336,16.9849,0.6448387,0.047870003,8.933,0.07215,0.05337,0.282,0.94,Misc,Consumer Cyclical,Textile Manufacturing,2026-05-27,Textile Manufacturing,0,1,0,79.44,87.74,10.74,35.06,83.59,64.17,MODERATE GROWTH,25
NILKAMAL,19460990976.0,SMALL CAP,1299.800048828125,16.793282,1.2297335,0.075679995,26.488,0.06068,0.03059,0.08,0.22,Misc,Consumer Cyclical,"Furnishings, Fixtures & Appliances",2026-05-27,"Furnishings, Fixtures & Appliances",0,0,0,35.86,70.66,15.03,30.96,53.26,43.38,SLOW GROWTH,25
ELGIEQUIP,183234101248.0,MID CAP,581.25,45.48122,9.147205,0.11808,26.275,0.12218001,0.10553,0.184,0.182,Misc,Industrials,Specialty Industrial Machinery,2026-05-27,Specialty Industrial Machinery,0,1,0,68.49,68.24,50.02,64.62,68.365,64.32,MODERATE GROWTH,25
RSWM,8634681344.0,MICRO CAP,183.32000732421875,16.605074,0.6567879,0.039130002,123.995,0.027409999,0.011419999,-0.091,16.33808000000006,Misc,Consumer Cyclical,Textile Manufacturing,2026-05-27,Textile Manufacturing,0,0,0,14.6,99.51,9.33,19.29,57.055,43.73,SLOW GROWTH,25
NECCLTD,1548999936.0,MICRO CAP,15.489999771118164,17.021976,0.69524235,0.039920002,52.844,0.080129996,0.02938,-0.112,0.7,Misc,Industrials,Trucking,2026-05-27,Trucking,0,0,0,13.41,84.91,9.37,38.27,49.16,40.11,SLOW GROWTH,25
LLOYDSENGG,110757986304.0,MID CAP,77.70999908447266,52.15436,6.4059024,0.16820998,6.45,0.10967,0.14593,1.134,1.125,Misc,Industrials,Specialty Industrial Machinery,2026-05-27,Specialty Industrial Machinery,0,1,0,95.9,89.11,86.65,61.07,92.505,88.19,ELITE GROWTH,25
TRUALT,42301751296.0,SMALL CAP,493.29998779296875,28.663568,2.4867544,0.08254,104.636,0.20291,0.05289,-0.319,-0.558,Misc,Energy,Oil & Gas Refining & Marketing,2026-05-27,Oil & Gas Refining & Marketing,0,0,0,5.68,6.56,16.36,80.59,6.119999999999999,15.62,WEAK GROWTH,25
DWARKESH,8032818688.0,MICRO CAP,43.349998474121094,26.114458,0.97108036,0.037720002,40.6,0.21669,0.021879999,-0.057,0.237,Misc,Consumer Defensive,Confectioners,2026-05-27,Confectioners,0,0,0,16.91,71.53,9.2,82.39,44.22,41.03,SLOW GROWTH,25
FMNL,654264192.0,MICRO CAP,10.279999732971191,26.636591000000003,0.6013454,0.07251,130.24,0.19083999,0.07152,0.13,0.159,Misc,Real Estate,Real Estate Services,2026-05-27,Real Estate Services,0,1,0,60.13,50.02,14.45,78.99,55.075,49.34,SLOW GROWTH,25
KAVDEFENCE,3988643072.0,MICRO CAP,66.33999633789062,135.38774,1.5374274,0.11808,6.754,-1.57367,0.32772,-0.80216,0.159,Misc,Technology,Communication Equipment,2026-05-27,Communication Equipment,0,0,0,0.53,50.02,50.02,1.8,25.275000000000002,27.88,WEAK GROWTH,25
SUMICHEM,246927392768.0,MID CAP,494.70001220703125,45.55249,7.7257047,0.11808,1.82,0.14569001,0.16429001,-0.115,-0.126,Chemicals,Basic Materials,Agricultural Inputs,2026-05-27,Agrochemicals,0,0,0,13.22,18.25,50.02,71.03,15.735,28.12,WEAK GROWTH,25
AAATECH,1223035392.0,MICRO CAP,95.3499984741211,38.918365,3.97242,0.11808,29.432,0.11416,0.12382,-0.31,-0.186,Technology,Technology,Information Technology Services,2026-05-27,IT Services,0,0,0,5.94,16.03,50.02,62.44,10.985000000000001,23.94,WEAK GROWTH,25
AARTIPHARM,59924774912.0,SMALL CAP,661.0,34.35551,2.9286404,0.08492,35.506,0.18625,0.09551,0.048,-0.308,Misc,Healthcare,Drug Manufacturers - Specialty & Generic,2026-05-27,Drug Manufacturers - Specialty & Generic,0,0,0,29.91,12.48,16.67,78.29,21.195,26.0,WEAK GROWTH,25
APOLLOTYRE,249237028864.0,MID CAP,394.0,18.181818,1.4917688,0.08719,21.987,0.09162,0.0482,0.142,2.426,Automobiles,Consumer Cyclical,Auto Parts,2026-05-27,Auto Components,0,1,0,62.34,94.1,17.06,42.25,78.22,62.39,MODERATE GROWTH,25
AFSL,10219518976.0,SMALL CAP,201.1999969482422,9.682386,0.81541675,0.083579995,55.763,0.00182,0.00403,4.694480000000025,0.159,Misc,Financial Services,Capital Markets,2026-05-27,Capital Markets,0,1,0,99.51,50.02,16.52,13.59,74.765,57.0,MODERATE GROWTH,25
BIGBLOC,7748440576.0,MICRO CAP,54.72999954223633,26.636591000000003,6.198188,0.11808,140.107,0.05155,-0.00595,0.281,-0.133,Misc,Industrials,Building Products & Equipment,2026-05-27,Building Products & Equipment,0,0,0,79.3,18.0,50.02,27.53,48.65,46.81,SLOW GROWTH,23
CAMLINFINE,24695298048.0,SMALL CAP,128.55999755859375,26.636591000000003,2.699706,0.11808,78.095,0.0116,-0.034479998,0.055,0.159,Chemicals,Basic Materials,Specialty Chemicals,2026-05-27,Specialty Chemicals,0,0,0,31.14,50.02,50.02,15.19,40.58,39.93,WEAK GROWTH,23
NORBTEAEXP,1258761216.0,MICRO CAP,80.9800033569336,26.636591000000003,6.477882,0.11808,42.932,0.10983,-0.07002,0.497,0.159,Misc,Consumer Defensive,Farm Products,2026-05-27,Farm Products,0,1,0,88.87,50.02,50.02,61.11,69.44500000000001,64.73,MODERATE GROWTH,23
DANGEE,518895744.0,MICRO CAP,3.369999885559082,26.636591000000003,3.108856,0.11808,121.846,0.07442,-0.017549999,0.153,1.355,Hospitality,Consumer Cyclical,Restaurants,2026-05-27,Restaurants,0,1,0,63.98,90.47,50.02,36.0,77.225,67.66,MODERATE GROWTH,23
PROTEAN,25832241152.0,SMALL CAP,636.0,28.558598,2.5354908,0.09689999,8.121,0.077810004,0.10082,0.384,0.491,Technology,Technology,Information Technology Services,2026-05-27,IT Services,0,1,0,85.34,80.83,19.13,37.41,83.08500000000001,65.73,MODERATE GROWTH,23
BANKA,946164800.0,MICRO CAP,87.01000213623047,26.636591000000003,3.0817456,0.11808,105.547,0.04493,-0.052589998,0.087,0.159,Misc,Industrials,Pollution & Treatment Controls,2026-05-27,Pollution & Treatment Controls,0,0,0,37.0,50.02,50.02,24.91,43.510000000000005,42.95,SLOW GROWTH,23
ZEELEARN,2083384960.0,MICRO CAP,6.369999885559082,20.548386,1.0740178,0.11808,219.814,-0.02179,0.023710001,0.066,0.159,Misc,Consumer Defensive,Education & Training Services,2026-05-27,Education & Training Services,0,0,0,33.33,50.02,50.02,10.35,41.675,40.21,SLOW GROWTH,23
UMAEXPORTS,870603200.0,MICRO CAP,25.75,26.636591000000003,0.44208285,0.11808,95.923,0.00912,-0.00281,0.133,-0.406,Misc,Consumer Defensive,Farm Products,2026-05-27,Farm Products,0,0,0,60.84,9.76,50.02,14.68,35.300000000000004,36.18,WEAK GROWTH,23
PIRAMALFIN,440031608832.0,MID CAP,1947.0,29.464285,1.5650069,0.06717,283.736,-0.49855998,0.28951,-0.247,16.33808000000006,Financials,Financial Services,Credit Services,2026-05-27,NBFC – Lending,0,0,0,7.4,99.51,13.47,3.4,53.455000000000005,40.45,SLOW GROWTH,23
SANWARIA,332943680.0,MICRO CAP,0.23999999463558197,26.636591000000003,0.027328627,0.11808,149.496,0.046669997,0.0,0.072,0.125,Misc,Consumer Defensive,Farm Products,2026-05-27,Farm Products,0,0,0,34.69,30.77,50.02,25.77,32.73,35.49,WEAK GROWTH,23
MUKTAARTS,1531276672.0,MICRO CAP,67.80000305175781,26.636591000000003,-2.59105,0.11808,29.432,0.02961,-0.091850005,-0.034,0.159,Misc,Communication Services,Entertainment,2026-05-27,Entertainment,0,0,0,18.92,50.02,50.02,20.34,34.47,36.17,WEAK GROWTH,23
SETCO,3689313280.0,MICRO CAP,27.510000228881836,26.636591000000003,-0.4722828,0.11808,29.432,0.11428001,-0.1783,0.108,0.159,Automobiles,Consumer Cyclical,Auto Parts,2026-05-27,Auto Components,0,1,0,40.73,50.02,50.02,62.48,45.375,48.01,SLOW GROWTH,23
CCHHL,2177350144.0,MICRO CAP,13.319999694824219,26.117647,0.56366634,0.11808,7.499,-0.07033,0.08352,0.427,0.159,Misc,Consumer Cyclical,Lodging,2026-05-27,Lodging,0,1,0,86.94,50.02,50.02,8.28,68.48,58.77,MODERATE GROWTH,23
WEIZMANIND,1316822400.0,MICRO CAP,84.98999786376953,26.636591000000003,2.0851836,0.11808,11.861,0.13013,-0.02394,-0.004,0.214,Misc,Consumer Cyclical,Textile Manufacturing,2026-05-27,Textile Manufacturing,0,0,0,22.45,70.29,50.02,66.58,46.370000000000005,49.12,SLOW GROWTH,23
AMBUJACEM,1138543296512.0,LARGE CAP,458.20001220703125,24.02727,1.9084113,0.08311,1.205,0.03767,0.1163,0.094,0.772,Misc,Basic Materials,Building Materials,2026-05-27,Building Materials,0,0,0,38.4,85.86,16.48,22.73,62.129999999999995,49.06,SLOW GROWTH,23
TIL,15614145536.0,SMALL CAP,196.60000610351562,26.636591000000003,15.686588,0.11808,379.131,0.02636,-0.03494,-0.075,0.159,Misc,Industrials,Farm & Heavy Construction Machinery,2026-05-27,Farm & Heavy Construction Machinery,0,0,0,15.54,50.02,50.02,18.86,32.78,34.84,WEAK GROWTH,23
JITFINFRA,7186756608.0,MICRO CAP,279.6000061035156,26.636591000000003,-1.3314033,0.11808,29.432,0.14483,-0.01714,0.141,0.159,Industrials,Industrials,Engineering & Construction,2026-05-27,Engineering & EPC,0,1,0,62.1,50.02,50.02,70.75,56.06,56.32,MODERATE GROWTH,23
NAVKARURB,1043544064.0,MICRO CAP,0.9300000071525574,26.636591000000003,1.514658,0.01852,3.591,0.08874,0.12576,3.145,0.159,Misc,Basic Materials,Building Materials,2026-05-27,Building Materials,0,1,0,98.56,50.02,6.79,41.31,74.29,57.49,MODERATE GROWTH,23
RENUKA,49849229312.0,SMALL CAP,23.420000076293945,26.636591000000003,-1.875851,0.11808,29.432,0.06003,-0.08647,-0.061,0.159,Misc,Consumer Defensive,Confectioners,2026-05-27,Confectioners,0,0,0,16.58,50.02,50.02,30.65,33.3,36.38,WEAK GROWTH,23
FCSSOFT,2598520832.0,MICRO CAP,1.5199999809265137,26.636591000000003,0.6031746,0.11808,29.432,0.03505,-0.068969995,0.606,0.159,Technology,Technology,Information Technology Services,2026-05-27,IT Services,0,1,0,91.64,50.02,50.02,21.94,70.83,61.78,MODERATE GROWTH,23
GANGAFORGE,315437184.0,MICRO CAP,2.3399999141693115,26.636591000000003,1.0798337,0.11808,78.9,0.055859998,-0.08891,0.116,0.159,Misc,Industrials,Metal Fabrication,2026-05-27,Metal Fabrication,0,1,0,49.96,50.02,50.02,29.25,49.99,47.92,SLOW GROWTH,23
HGS,19261722624.0,SMALL CAP,414.04998779296875,26.636591000000003,0.2417271,0.11808,23.446,-0.28488,0.01006,0.011,0.159,Misc,Industrials,Specialty Business Services,2026-05-27,Specialty Business Services,0,0,0,24.27,50.02,50.02,5.0,37.145,36.51,WEAK GROWTH,23
DCM,1712749440.0,MICRO CAP,91.69999694824219,32.175438,3.579794,0.11808,2.73,-0.08314,0.0766,0.02,0.159,Misc,Industrials,Metal Fabrication,2026-05-27,Metal Fabrication,0,0,0,25.85,50.02,50.02,7.89,37.935,37.35,WEAK GROWTH,23
CTE,610249472.0,MICRO CAP,31.700000762939453,26.636591000000003,0.9196937,0.11808,117.654,0.078590006,-0.05007,-0.093,0.159,Technology,Technology,Information Technology Services,2026-05-27,IT Services,0,0,0,14.47,50.02,50.02,37.8,32.245000000000005,36.36,WEAK GROWTH,23
SUPREMEENG,242451504.0,MICRO CAP,0.9700000286102295,26.636591000000003,-0.27270174,0.11808,29.432,0.042329997,-0.37842,0.449,0.159,Misc,Basic Materials,Steel,2026-05-27,Steel,0,1,0,87.56,50.02,50.02,24.13,68.79,60.57,MODERATE GROWTH,23
KANORICHEM,4404288000.0,MICRO CAP,100.80000305175781,26.636591000000003,0.768404,0.05978,50.841,0.08145001,0.12031,-0.278,0.159,Misc,Basic Materials,Chemicals,2026-05-27,Chemicals,0,0,0,6.5,50.02,12.3,38.7,28.26,26.11,WEAK GROWTH,23
BAJAJHIND,43548307456.0,SMALL CAP,18.469999313354492,26.636591000000003,0.615277,0.11808,87.126,0.01359,-0.0082,-0.065,0.159,Misc,Consumer Defensive,Confectioners,2026-05-27,Confectioners,0,0,0,16.36,50.02,50.02,15.58,33.19,34.8,WEAK GROWTH,23
KIOCL,246017638400.0,MID CAP,404.79998779296875,26.636591000000003,14.833271,0.11808,11.138,0.0064499998,-0.115200005,-0.116,0.159,Misc,Basic Materials,Steel,2026-05-27,Steel,0,0,0,13.12,50.02,50.02,13.98,31.57,33.5,WEAK GROWTH,23
GEOJITFSL,20766685184.0,SMALL CAP,74.4000015258789,22.208956,1.7334172,0.06585,9.473,0.1257,0.12202,0.081,-0.435,Misc,Financial Services,Capital Markets,2026-05-27,Capital Markets,0,0,0,36.06,9.29,13.28,65.5,22.675,25.08,WEAK GROWTH,23
REPRO,5406757888.0,MICRO CAP,376.8999938964844,26.636591000000003,1.4994967,0.11808,35.444,0.016280001,-0.043909997,0.034,-0.361,Misc,Industrials,Specialty Business Services,2026-05-27,Specialty Business Services,0,0,0,27.92,10.93,50.02,16.2,19.425,25.22,WEAK GROWTH,23
SHRENIK,232560000.0,MICRO CAP,0.3799999952316284,26.636591000000003,-0.13212796,0.11808,29.432,-0.09415,0.00455,1.454,0.159,Misc,Basic Materials,Paper & Paper Products,2026-05-27,Paper & Paper Products,0,1,0,97.03,50.02,50.02,7.65,73.525,62.24,MODERATE GROWTH,23
LEXUS,383623744.0,MICRO CAP,19.0,22.61905,2.5377321,0.11808,332.938,-0.29218,0.03115,-0.283,5.0,Misc,Industrials,Building Products & Equipment,2026-05-27,Building Products & Equipment,0,0,0,6.4,96.88,50.02,4.92,51.64,46.64,SLOW GROWTH,23
HAVISHA,234909776.0,MICRO CAP,1.5299999713897705,26.636591000000003,2.0816326,0.11808,208.219,0.1165,-0.43105,0.065,0.159,Misc,Consumer Cyclical,Lodging,2026-05-27,Lodging,0,0,0,33.11,50.02,50.02,63.14,41.565,45.41,SLOW GROWTH,23
LAL,1248885248.0,MICRO CAP,7.230000019073486,26.636591000000003,2.5601983,0.11808,26.272,0.06452,-0.050679997,-0.026,0.159,Misc,Consumer Cyclical,Apparel Manufacturing,2026-05-27,Apparel Manufacturing,0,0,0,19.84,50.02,50.02,32.19,34.93,37.67,WEAK GROWTH,23
PVSL,7205257728.0,MICRO CAP,101.19999694824219,26.636591000000003,1.1454443,0.11808,176.217,0.0091699995,-0.00354,0.308,0.159,Misc,Consumer Cyclical,Auto & Truck Dealerships,2026-05-27,Auto & Truck Dealerships,0,1,0,81.47,50.02,50.02,14.72,65.745,57.5,MODERATE GROWTH,23
ORIENTLTD,625099968.0,MICRO CAP,62.5099983215332,26.636591000000003,0.97048634,0.11808,91.587,0.013309999,-0.015240001,-0.062,0.159,Misc,Consumer Cyclical,Packaging & Containers,2026-05-27,Packaging & Containers,0,0,0,16.48,50.02,50.02,15.46,33.25,34.83,WEAK GROWTH,23
ZEEL,86936616960.0,SMALL CAP,90.51000213623047,32.095745,0.75657016,0.11808,2.26,-0.15602,0.068280004,-0.073,0.159,Media,Communication Services,Broadcasting,2026-05-27,Broadcasting,0,0,0,15.78,50.02,50.02,6.44,32.9,33.68,WEAK GROWTH,23
NIPPOBATRY,2723624960.0,MICRO CAP,363.1499938964844,26.636591000000003,0.9003324,0.11808,36.972,0.1069,-0.0121,0.073,-0.26,Misc,Industrials,Electrical Equipment & Parts,2026-05-27,Electrical Equipment & Parts,0,0,0,34.87,13.45,50.02,59.78,24.159999999999997,32.89,WEAK GROWTH,23
GSS,366973344.0,MICRO CAP,14.220000267028809,26.636591000000003,0.10683215,0.11808,41.074,0.03375,-0.01895,-0.205,0.159,Technology,Technology,Information Technology Services,2026-05-27,IT Services,0,0,0,8.71,50.02,50.02,21.55,29.365000000000002,32.71,WEAK GROWTH,23
EASEMYTRIP,27167293440.0,SMALL CAP,7.46999979019165,26.636591000000003,3.1373372,0.11808,4.102,0.10265,-0.01942,0.007,-0.778,Misc,Consumer Cyclical,Travel Services,2026-05-27,Travel Services,0,0,0,23.68,2.73,50.02,58.18,13.205,25.07,WEAK GROWTH,23
PIONEEREMB,824004928.0,MICRO CAP,26.739999771118164,26.636591000000003,0.54108745,0.11808,58.879,0.00147,-0.00635,-0.155,0.159,Misc,Consumer Cyclical,Textile Manufacturing,2026-05-27,Textile Manufacturing,0,0,0,10.39,50.02,50.02,13.51,30.205000000000002,32.5,WEAK GROWTH,23
UNIVPHOTO,4697187840.0,MICRO CAP,429.1000061035156,26.636591000000003,0.55848545,0.11808,29.432,0.02083,0.0,-0.2,0.159,Healthcare,Healthcare,Medical Devices,2026-05-27,Medical Devices,0,0,0,8.75,50.02,50.02,17.77,29.385,32.35,WEAK GROWTH,23
LANCORHOL,1791691648.0,MICRO CAP,24.360000610351562,26.636591000000003,0.92077416,0.11808,64.345,0.13773,-0.0156,-0.162,0.159,Misc,Real Estate,Real Estate - Development,2026-05-27,Real Estate - Development,0,0,0,10.17,50.02,50.02,68.84,30.095000000000002,37.95,WEAK GROWTH,23
VINEETLAB,664536768.0,MICRO CAP,34.599998474121094,26.636591000000003,2.2690012,0.11808,300.832,0.12185001,-0.18101999,-0.134,0.159,Misc,Basic Materials,Chemicals,2026-05-27,Chemicals,0,0,0,11.52,50.02,50.02,64.55,30.770000000000003,38.0,WEAK GROWTH,23
GEMAROMA,7982879744.0,MICRO CAP,152.82000732421875,28.511194,1.0930783,0.11808,31.583,-0.02152,0.06113,-0.185,0.159,Misc,Basic Materials,Chemicals,2026-05-27,Chemicals,0,0,0,9.33,50.02,50.02,10.46,29.675,31.82,WEAK GROWTH,23
BAJAJELEC,38437330944.0,SMALL CAP,333.1000061035156,26.636591000000003,2.4973948,0.11808,84.783,-0.02102,0.00795,-0.185,0.159,Misc,Consumer Cyclical,"Furnishings, Fixtures & Appliances",2026-05-27,"Furnishings, Fixtures & Appliances",0,0,0,9.33,50.02,50.02,10.58,29.675,31.83,WEAK GROWTH,23
LLOYDSENT,113438072832.0,MID CAP,74.30999755859375,24.126623,2.358748,0.09865,14.694,0.05312,0.16139,0.471,4.825,Misc,Basic Materials,Steel,2026-05-27,Steel,0,1,0,88.27,96.76,19.8,28.31,92.515,71.55,HIGH GROWTH,23
ARCHIES,510415776.0,MICRO CAP,15.109999656677246,26.636591000000003,0.41769177,0.11808,33.451,0.01466,-0.017760001,-0.229,0.159,Misc,Consumer Cyclical,Specialty Retail,2026-05-27,Specialty Retail,0,0,0,8.12,50.02,50.02,15.7,29.07,31.92,WEAK GROWTH,23
PANACEABIO,25544622080.0,SMALL CAP,417.04998779296875,26.636591000000003,3.0946002,0.11808,2.786,0.019919999,-0.01285,0.01,-0.122,Healthcare,Healthcare,Biotechnology,2026-05-27,Biotechnology,0,0,0,24.09,18.37,50.02,17.36,21.23,26.6,WEAK GROWTH,23
THEMISMED,10420613120.0,SMALL CAP,112.19000244140625,26.636591000000003,2.737009,0.11808,25.148,0.07994,-0.05159,-0.039,16.33808000000006,Misc,Healthcare,Drug Manufacturers - Specialty & Generic,2026-05-27,Drug Manufacturers - Specialty & Generic,0,0,0,18.37,99.51,50.02,38.19,58.940000000000005,55.08,MODERATE GROWTH,23
ANSALAPI,620175232.0,MICRO CAP,3.940000057220459,26.636591000000003,-0.077156566,0.11808,29.432,0.03498,-0.20724002,0.71,5.721,Misc,Real Estate,Real Estate - Development,2026-05-27,Real Estate - Development,0,1,0,93.13,97.15,50.02,21.91,95.14,78.79,HIGH GROWTH,23
MSPL,24128534528.0,SMALL CAP,42.56999969482422,26.636591000000003,2.6439352,0.11808,30.822,0.02928,-0.03051,-0.109,-0.46,Misc,Basic Materials,Steel,2026-05-27,Steel,0,0,0,13.69,8.81,50.02,20.23,11.25,19.9,WEAK GROWTH,23
DELTAMAGNT,682969472.0,MICRO CAP,62.939998626708984,26.636591000000003,6.882449,0.11808,308.765,0.0088599995,-0.15836,0.028,0.159,Misc,Consumer Cyclical,Textile Manufacturing,2026-05-27,Textile Manufacturing,0,0,0,27.08,50.02,50.02,14.6,38.55,38.45,WEAK GROWTH,23
CURAA,843974976.0,MICRO CAP,85.25,26.636591000000003,10.711144,0.11808,55.07,0.14262,-0.68138003,0.116,0.159,Technology,Technology,Software - Application,2026-05-27,SaaS,0,1,0,49.96,50.02,50.02,70.4,49.99,52.04,SLOW GROWTH,23
RVTH,2481156864.0,MICRO CAP,809.0,27.753002,1.9656819,0.11808,41.692,-0.029790001,0.06297,-0.238,0.159,Misc,Industrials,Farm & Heavy Construction Machinery,2026-05-27,Farm & Heavy Construction Machinery,0,0,0,7.79,50.02,50.02,9.84,28.905,31.22,WEAK GROWTH,23
PWL,320285573120.0,MID CAP,112.0,26.636591000000003,51.376144,0.11808,67.044,0.12047,-0.066939995,0.337,-0.027,Misc,Consumer Defensive,Education & Training Services,2026-05-27,Education & Training Services,0,0,0,82.99,22.02,50.02,64.04,52.504999999999995,53.16,SLOW GROWTH,23
DSFCL,2214820864.0,MICRO CAP,25.459999084472656,26.636591000000003,1.02877,0.11808,4.718,-0.01864,0.011670001,0.036,0.159,Chemicals,Basic Materials,Specialty Chemicals,2026-05-27,Specialty Chemicals,0,0,0,28.27,50.02,50.02,10.74,39.145,38.48,WEAK GROWTH,23
AUROPHARMA,834700705792.0,LARGE CAP,1450.699951171875,24.03811,2.2239287,0.09932999,21.31,0.14936,0.10414,0.056,0.019,Misc,Healthcare,Drug Manufacturers - Specialty & Generic,2026-05-27,Drug Manufacturers - Specialty & Generic,0,0,0,31.34,24.56,19.91,71.81,27.95,30.73,WEAK GROWTH,23
ESAFSFB,15024517120.0,SMALL CAP,29.1200008392334,26.636591000000003,0.85466075,0.11808,29.432,0.019919999,-0.28413,1.423,0.159,Financials,Financial Services,Banks - Regional,2026-05-27,Private Sector Banks,0,1,0,96.92,50.02,50.02,17.36,73.47,63.17,MODERATE GROWTH,23
KOTARISUG,2105369984.0,MICRO CAP,25.399999618530273,31.75,0.6787632,0.11808,23.787,-0.15675999,0.07606,0.164,0.159,Misc,Consumer Defensive,Confectioners,2026-05-27,Confectioners,0,1,0,65.62,50.02,50.02,6.4,57.82000000000001,51.12,SLOW GROWTH,23
JKIPL,3358775040.0,MICRO CAP,87.5,26.636591000000003,1.3539861,0.11808,35.053,-0.20323999,0.0133299995,-0.76,0.159,Misc,Industrials,Farm & Heavy Construction Machinery,2026-05-27,Farm & Heavy Construction Machinery,0,0,0,1.46,50.02,50.02,5.66,25.740000000000002,28.59,WEAK GROWTH,23
ONESOURCE,203622400000.0,MID CAP,1776.0999755859375,26.636591000000003,3.4282086,0.11808,21.928,-0.18019,0.01416,-0.26,0.159,Healthcare,Healthcare,Biotechnology,2026-05-27,Biotechnology,0,0,0,6.97,50.02,50.02,5.82,28.495,30.53,WEAK GROWTH,23
ITI,289577730048.0,MID CAP,300.75,26.636591000000003,19.208662,0.11808,87.135,0.02784,-0.056750003,-0.503,0.159,Misc,Technology,Communication Equipment,2026-05-27,Communication Equipment,0,0,0,3.32,50.02,50.02,19.52,26.67,30.62,WEAK GROWTH,23
KITEX,32360896512.0,SMALL CAP,162.2100067138672,26.636591000000003,3.015056,0.11808,97.59,-0.02585,0.05352,-0.341,0.159,Misc,Consumer Cyclical,Apparel Manufacturing,2026-05-27,Apparel Manufacturing,0,0,0,5.31,50.02,50.02,10.19,27.665000000000003,30.39,WEAK GROWTH,23
MIRCELECTR,15259598848.0,SMALL CAP,41.310001373291016,26.636591000000003,7.8209014,0.11808,32.644,-0.11807,0.02544,-0.284,0.159,Misc,Consumer Cyclical,"Furnishings, Fixtures & Appliances",2026-05-27,"Furnishings, Fixtures & Appliances",0,0,0,6.36,50.02,50.02,7.13,28.19,30.45,WEAK GROWTH,23
MONEYBOXX,5121203200.0,MICRO CAP,73.36000061035156,26.636591000000003,1.7325587,0.11808,246.36,0.01505,-0.038110003,0.092,0.333,Financials,Financial Services,Credit Services,2026-05-27,NBFC – Lending,0,0,0,37.9,76.67,50.02,15.89,57.285,51.69,SLOW GROWTH,23
ATAM,830494336.0,MICRO CAP,72.44999694824219,22.499998,2.2168167,0.11808,33.533,-0.04812,0.075500004,-0.401,0.159,Misc,Industrials,Specialty Industrial Machinery,2026-05-27,Specialty Industrial Machinery,0,0,0,4.41,50.02,50.02,8.98,27.215000000000003,29.95,WEAK GROWTH,23
ANTGRAPHIC,124007680.0,MICRO CAP,0.800000011920929,26.636591000000003,0.62305295,0.11808,65.28,-0.00944,0.051220004,0.259,-0.75,Misc,Consumer Cyclical,Packaging & Containers,2026-05-27,Packaging & Containers,0,0,0,77.24,3.07,50.02,11.64,40.154999999999994,39.28,WEAK GROWTH,23
TVSELECT,9518246912.0,MICRO CAP,505.75,26.636591000000003,9.818482,0.11808,55.935,0.04261,-0.00475,0.043,0.159,Misc,Technology,Computer Hardware,2026-05-27,Computer Hardware,0,0,0,29.19,50.02,50.02,24.29,39.605000000000004,40.16,SLOW GROWTH,23
RTNINDIA,48952463360.0,SMALL CAP,35.45000076293945,26.636591000000003,4.7405725,0.11808,107.296,0.01517,0.0,0.044,0.159,Misc,Consumer Cyclical,Internet Retail,2026-05-27,Internet Retail,0,0,0,29.4,50.02,50.02,15.97,39.71,39.4,WEAK GROWTH,23
JHS,804133056.0,MICRO CAP,9.199999809265137,26.636591000000003,0.52373904,0.11808,6.097,0.01496,-0.0555,0.04,0.159,Consumer,Consumer Defensive,Household & Personal Products,2026-05-27,FMCG – Personal Care,0,0,0,28.82,50.02,50.02,15.85,39.42,39.18,WEAK GROWTH,23
SIGACHI,7955695616.0,MICRO CAP,20.799999237060547,26.636591000000003,1.5637922,0.11808,32.202,0.017,-0.15718001,-0.168,-0.92732,Misc,Healthcare,Drug Manufacturers - Specialty & Generic,2026-05-27,Drug Manufacturers - Specialty & Generic,0,0,0,9.94,0.53,50.02,16.52,5.234999999999999,15.32,WEAK GROWTH,23
STALLION,21062596608.0,SMALL CAP,181.44000244140625,33.977528,4.5896993,0.08934,5.066,0.14319,0.10099,-0.274,-0.244,Chemicals,Basic Materials,Specialty Chemicals,2026-05-27,Specialty Chemicals,0,0,0,6.66,13.9,17.45,70.48,10.280000000000001,17.73,WEAK GROWTH,23
UNIDT,4850213888.0,MICRO CAP,238.88999938964844,26.902027,1.7959492,0.069759995,1.153,0.14533,0.10474,0.392,0.279,Misc,Energy,Oil & Gas Equipment & Services,2026-05-27,Oil & Gas Equipment & Services,0,1,0,85.53,73.99,13.9,70.91,79.75999999999999,65.7,MODERATE GROWTH,23
DELTACORP,22128603136.0,SMALL CAP,82.61000061035156,25.905956,0.98973614,0.0347,2.175,0.09247,0.12389,-0.117,-0.901,Misc,Consumer Cyclical,Resorts & Casinos,2026-05-27,Resorts & Casinos,0,0,0,12.92,1.37,8.71,42.68,7.145,11.01,WEAK GROWTH,23
FILATFASH,2000177408.0,MICRO CAP,0.23999999463558197,26.636591000000003,0.08316008,0.11808,2.572,-0.00281,0.026619999,-0.595,-0.92732,Misc,Consumer Cyclical,Apparel Manufacturing,2026-05-27,Apparel Manufacturing,0,0,0,2.54,0.53,50.02,12.26,1.5350000000000001,12.3,WEAK GROWTH,23
FINKURVE,8481513984.0,MICRO CAP,60.52000045776367,37.825,2.4326715,0.09413,244.293,0.24681,0.18761,-0.121,0.867,Financials,Financial Services,Credit Services,2026-05-27,NBFC – Lending,0,0,0,12.34,86.92,18.59,85.04,49.63,46.96,SLOW GROWTH,22
SHILPAMED,96852123648.0,SMALL CAP,495.20001220703125,39.7751,3.9793959,0.09822,25.465,0.20387,0.15712,0.315,6.446,Misc,Healthcare,Drug Manufacturers - Specialty & Generic,2026-05-27,Drug Manufacturers - Specialty & Generic,0,1,0,82.0,97.5,19.64,80.83,89.75,74.84,HIGH GROWTH,22
VHLTD,9477990400.0,MICRO CAP,140.0,42.813457,3.841405,0.071669996,98.937,0.21816,0.122329995,0.402,-0.451,Misc,Consumer Cyclical,Lodging,2026-05-27,Lodging,0,0,0,85.83,8.96,14.29,82.55,47.394999999999996,44.29,SLOW GROWTH,22
AETHER,145847074816.0,MID CAP,1099.0,66.324684,5.937363,0.09375,18.646,0.21061,0.18917,0.261,0.078,Chemicals,Basic Materials,Specialty Chemicals,2026-05-27,Specialty Chemicals,0,0,0,77.61,28.07,18.39,81.73,52.84,48.84,SLOW GROWTH,22
YATHARTH,78379458560.0,SMALL CAP,813.4500122070312,44.695053,4.641549,0.09889,14.614,0.16354,0.14224,0.472,0.129,Misc,Healthcare,Medical Care Facilities,2026-05-27,Medical Care Facilities,0,1,0,88.32,31.04,19.84,74.58,59.67999999999999,53.2,SLOW GROWTH,22
BALAMINES,59682643968.0,SMALL CAP,1842.0,35.753105,2.9468749,0.08113,6.194,0.2034,0.11733,0.119,0.617,Chemicals,Basic Materials,Specialty Chemicals,2026-05-27,Specialty Chemicals,0,1,0,58.28,83.21,16.05,80.71,70.745,60.8,MODERATE GROWTH,22
ENTERO,52139126784.0,SMALL CAP,1198.0999755859375,45.313915,2.952505,0.11808,24.634,0.033970002,0.01872,0.256,0.086,Misc,Healthcare,Medical Distribution,2026-05-27,Medical Distribution,0,0,0,77.1,28.64,50.02,21.63,52.87,49.18,SLOW GROWTH,20
SUPRAJIT,65060274176.0,SMALL CAP,474.29998779296875,35.634857,4.7751846,0.13446,69.079,0.103870004,0.04636,0.224,1.62,Automobiles,Consumer Cyclical,Auto Parts,2026-05-27,Auto Components,0,1,0,73.88,92.03,79.58,58.57,82.955,79.84,HIGH GROWTH,20
SUDARCOLOR,8814938112.0,MICRO CAP,381.8999938964844,19.818369,1.5482035,0.08145001,4.031,-0.00208,0.05704,-0.042,0.232,Chemicals,Basic Materials,Specialty Chemicals,2026-05-27,Specialty Chemicals,0,0,0,18.12,71.26,16.13,12.46,44.690000000000005,35.76,WEAK GROWTH,20
MINDACORP,142487502848.0,MID CAP,605.4000244140625,40.225914,5.8343377,0.14739001,55.348,0.084910005,0.0581,0.29,1.391,Automobiles,Consumer Cyclical,Auto Parts,2026-05-27,Auto Components,0,1,0,79.99,90.75,82.66,39.98,85.37,80.29,HIGH GROWTH,20
BASF,148906934272.0,MID CAP,3440.10009765625,35.7005,3.7626288,0.10965,3.35,0.02169,0.028110001,0.048,1.55,Chemicals,Basic Materials,Specialty Chemicals,2026-05-27,Specialty Chemicals,0,0,0,29.91,91.68,22.3,17.92,60.795,48.81,SLOW GROWTH,20
SBC,18804744192.0,SMALL CAP,39.4900016784668,103.92106,26.503357,0.11808,281.519,0.13818,0.07017,0.5,2.274,Misc,Industrials,Conglomerates,2026-05-27,Conglomerates,0,1,0,89.03,93.87,50.02,68.98,91.45,80.92,HIGH GROWTH,20
NYKAA,752100376576.0,LARGE CAP,262.6499938964844,380.65216,53.028465,0.14338,82.405,0.05238,0.0199,0.284,2.902,Misc,Consumer Cyclical,Internet Retail,2026-05-27,Internet Retail,0,1,0,79.62,95.2,81.76,27.9,87.41,80.33,HIGH GROWTH,20
ICICIPRULI,754327748608.0,LARGE CAP,520.5999755859375,46.985558,5.528593,0.12579,19.037,0.08467,0.02525,-0.789,0.614,Financials,Financial Services,Insurance - Life,2026-05-27,Life Insurance,0,0,0,1.17,83.13,77.7,39.83,42.15,49.03,SLOW GROWTH,20
AFFORDABLE,2026539008.0,MICRO CAP,171.0,42.964825,1.8844844,0.11808,69.146,0.12226,0.029660001,-0.421,0.159,Misc,Industrials,Specialty Industrial Machinery,2026-05-27,Specialty Industrial Machinery,0,0,0,4.08,50.02,50.02,64.66,27.05,35.4,WEAK GROWTH,20
GIRIRAJ,8616164352.0,MICRO CAP,360.2,39.977802,6.264566,0.11808,29.432,0.0957850025,0.063525002,0.116,0.159,Misc,Unknown,Unknown,2026-05-27,Diversified,0,1,0,49.96,50.02,50.02,50.02,49.99,50.0,SLOW GROWTH,20
V2RETAIL,84894916608.0,SMALL CAP,232.82000732421875,54.270397,20.94647,0.11808,339.244,0.13772,0.05432,0.572,0.971,Misc,Consumer Cyclical,Apparel Retail,2026-05-27,Apparel Retail,0,1,0,90.8,87.97,50.02,68.8,89.38499999999999,79.45,HIGH GROWTH,20
VR,1598400000.0,MICRO CAP,180.0,71.14625,4.2704625,0.11808,29.432,0.0957850025,0.063525002,0.116,0.159,Misc,Unknown,Unknown,2026-05-27,Diversified,0,1,0,49.96,50.02,50.02,50.02,49.99,50.0,SLOW GROWTH,20
MAGSON,730049984.0,MICRO CAP,93.0,175.47171,1.2580659,0.11808,29.432,0.0957850025,0.063525002,0.116,0.159,Misc,Unknown,Unknown,2026-05-27,Diversified,0,1,0,49.96,50.02,50.02,50.02,49.99,50.0,SLOW GROWTH,20
KORE,7865014784.0,MICRO CAP,706.65,99.809326,11.796966,0.11808,29.432,0.0957850025,0.063525002,0.116,0.159,Misc,Unknown,Unknown,2026-05-27,Diversified,0,1,0,49.96,50.02,50.02,50.02,49.99,50.0,SLOW GROWTH,20
TGL,5665011200.0,MICRO CAP,472.1,43.51152,10.015062,0.11808,29.432,0.0957850025,0.063525002,0.116,0.159,Misc,Unknown,Unknown,2026-05-27,Diversified,0,1,0,49.96,50.02,50.02,50.02,49.99,50.0,SLOW GROWTH,20
LEMERITE,4878090240.0,MICRO CAP,200.25,38.959145,3.7947698,0.11808,65.949,0.022950001,0.034089997,-0.231,7.0,Misc,Consumer Cyclical,Textile Manufacturing,2026-05-27,Textile Manufacturing,0,0,0,8.08,97.77,50.02,18.2,52.925,48.87,SLOW GROWTH,20
BAJEL,21044115456.0,SMALL CAP,181.88999938964844,191.46317,1.8198464,0.11808,15.984,0.03903,0.00424,-0.096,0.159,Misc,Utilities,Utilities - Regulated Electric,2026-05-27,Utilities - Regulated Electric,0,0,0,14.33,50.02,50.02,23.04,32.175000000000004,34.83,WEAK GROWTH,20
STANLEY,9294345216.0,MICRO CAP,162.6999969482422,38.7381,1.9916757,0.11808,69.949,0.017339999,0.054330003,-0.054,0.159,Misc,Consumer Cyclical,"Furnishings, Fixtures & Appliances",2026-05-27,"Furnishings, Fixtures & Appliances",0,0,0,17.01,50.02,50.02,16.63,33.515,35.13,WEAK GROWTH,20
KARNIKA,19302922240.0,SMALL CAP,311.35,486.4844,10.493057,0.11808,29.432,0.0957850025,0.063525002,0.116,0.159,Misc,Unknown,Unknown,2026-05-27,Diversified,0,1,0,49.96,50.02,50.02,50.02,49.99,50.0,SLOW GROWTH,20
MAKS,436198304.0,MICRO CAP,62.9,89.85715,2.682646,0.11808,29.432,0.0957850025,0.063525002,0.116,0.159,Misc,Unknown,Unknown,2026-05-27,Diversified,0,1,0,49.96,50.02,50.02,50.02,49.99,50.0,SLOW GROWTH,20
KDL,19526975488.0,SMALL CAP,1624.0,61.608498,14.940477,0.11808,29.432,0.0957850025,0.063525002,0.116,0.159,Misc,Unknown,Unknown,2026-05-27,Diversified,0,1,0,49.96,50.02,50.02,50.02,49.99,50.0,SLOW GROWTH,20
REMUS,22522759168.0,SMALL CAP,1911.3,53.403187,5.0878186,0.11808,29.432,0.0957850025,0.063525002,0.116,0.159,Misc,Unknown,Unknown,2026-05-27,Diversified,0,1,0,49.96,50.02,50.02,50.02,49.99,50.0,SLOW GROWTH,20
MANDEEP,611486464.0,MICRO CAP,59.15,41.07639,1.7885221,0.11808,29.432,0.0957850025,0.063525002,0.116,0.159,Misc,Unknown,Unknown,2026-05-27,Diversified,0,1,0,49.96,50.02,50.02,50.02,49.99,50.0,SLOW GROWTH,20
MINDPOOL,344296864.0,MICRO CAP,81.25,145.08928,1.8313572,0.11808,29.432,0.0957850025,0.063525002,0.116,0.159,Misc,Unknown,Unknown,2026-05-27,Diversified,0,1,0,49.96,50.02,50.02,50.02,49.99,50.0,SLOW GROWTH,20
DUGLOBAL,5058795008.0,MICRO CAP,72.5,125.0,5.268895,0.11808,29.432,0.0957850025,0.063525002,0.116,0.159,Misc,Unknown,Unknown,2026-05-27,Diversified,0,1,0,49.96,50.02,50.02,50.02,49.99,50.0,SLOW GROWTH,20
QUADPRO,270442496.0,MICRO CAP,5.35,53.5,1.2156328,0.11808,29.432,0.0957850025,0.063525002,0.116,0.159,Misc,Unknown,Unknown,2026-05-27,Diversified,0,1,0,49.96,50.02,50.02,50.02,49.99,50.0,SLOW GROWTH,20
LRRPL,242275280.0,MICRO CAP,33.0,66.0,1.3483146,0.11808,29.432,0.0957850025,0.063525002,0.116,0.159,Misc,Unknown,Unknown,2026-05-27,Diversified,0,1,0,49.96,50.02,50.02,50.02,49.99,50.0,SLOW GROWTH,20
AGNI,1011902656.0,MICRO CAP,51.8,235.45454,3.1755762,0.11808,29.432,0.0957850025,0.063525002,0.116,0.159,Misc,Unknown,Unknown,2026-05-27,Diversified,0,1,0,49.96,50.02,50.02,50.02,49.99,50.0,SLOW GROWTH,20
KONSTELEC,2696104960.0,MICRO CAP,178.55,104.41521,2.6903837,0.11808,29.432,0.0957850025,0.063525002,0.116,0.159,Misc,Unknown,Unknown,2026-05-27,Diversified,0,1,0,49.96,50.02,50.02,50.02,49.99,50.0,SLOW GROWTH,20
PARAGON,2660976128.0,MICRO CAP,136.0,47.38676,2.9032533,0.11808,29.432,0.0957850025,0.063525002,0.116,0.159,Misc,Unknown,Unknown,2026-05-27,Diversified,0,1,0,49.96,50.02,50.02,50.02,49.99,50.0,SLOW GROWTH,20
SONAMAC,2660064000.0,MICRO CAP,193.6,68.8968,3.7728498,0.11808,29.432,0.0957850025,0.063525002,0.116,0.159,Misc,Unknown,Unknown,2026-05-27,Diversified,0,1,0,49.96,50.02,50.02,50.02,49.99,50.0,SLOW GROWTH,20
USASEEDS,2814338816.0,MICRO CAP,279.05,45.89638,3.4496613,0.11808,29.432,0.0957850025,0.063525002,0.116,0.159,Misc,Unknown,Unknown,2026-05-27,Diversified,0,1,0,49.96,50.02,50.02,50.02,49.99,50.0,SLOW GROWTH,20
VERTEXPLUS,924134528.0,MICRO CAP,168.65,105.40624,4.1943345,0.11808,29.432,0.0957850025,0.063525002,0.116,0.159,Misc,Unknown,Unknown,2026-05-27,Diversified,0,1,0,49.96,50.02,50.02,50.02,49.99,50.0,SLOW GROWTH,20
MARINETRAN,343601984.0,MICRO CAP,27.0,69.230774,1.3281518,0.11808,29.432,0.0957850025,0.063525002,0.116,0.159,Misc,Unknown,Unknown,2026-05-27,Diversified,0,1,0,49.96,50.02,50.02,50.02,49.99,50.0,SLOW GROWTH,20
SUPREMEIND,454355550208.0,MID CAP,3575.300048828125,48.139225,7.362341,0.16128999,1.473,0.14222999,0.085039996,0.165,0.475,Misc,Industrials,Building Products & Equipment,2026-05-27,Building Products & Equipment,0,1,0,65.78,80.46,85.51,70.29,73.12,75.32,HIGH GROWTH,20
PLAZACABLE,2053722624.0,MICRO CAP,46.939998626708984,39.116665,1.7768189,0.11808,27.229,0.045089997,0.01869,0.339,7.0,Misc,Industrials,Electrical Equipment & Parts,2026-05-27,Electrical Equipment & Parts,0,1,0,83.31,97.77,50.02,24.99,90.53999999999999,75.88,HIGH GROWTH,20
SGL,312976768.0,MICRO CAP,11.039999961853027,276.0,1.2471757,0.11808,56.3,0.01678,0.00089,-0.152,1.75,Misc,Consumer Cyclical,Textile Manufacturing,2026-05-27,Textile Manufacturing,0,0,0,10.58,92.54,50.02,16.44,51.56,47.74,SLOW GROWTH,20
KRISHCA,4841628160.0,MICRO CAP,341.2,42.07152,4.433875,0.11808,29.432,0.0957850025,0.063525002,0.116,0.159,Misc,Unknown,Unknown,2026-05-27,Diversified,0,1,0,49.96,50.02,50.02,50.02,49.99,50.0,SLOW GROWTH,20
SAAKSHI,4794486784.0,MICRO CAP,271.55,102.08646,4.5744753,0.11808,29.432,0.0957850025,0.063525002,0.116,0.159,Misc,Unknown,Unknown,2026-05-27,Diversified,0,1,0,49.96,50.02,50.02,50.02,49.99,50.0,SLOW GROWTH,20
SAIFL,4778807296.0,MICRO CAP,80.25,44.583336,4.115174,0.11808,29.432,0.0957850025,0.063525002,0.116,0.159,Misc,Unknown,Unknown,2026-05-27,Diversified,0,1,0,49.96,50.02,50.02,50.02,49.99,50.0,SLOW GROWTH,20
AMBEY,1917163136.0,MICRO CAP,76.85,44.421963,2.0965762,0.11808,29.432,0.0957850025,0.063525002,0.116,0.159,Misc,Unknown,Unknown,2026-05-27,Diversified,0,1,0,49.96,50.02,50.02,50.02,49.99,50.0,SLOW GROWTH,20
BATAINDIA,88812527616.0,SMALL CAP,691.0,49.96385,5.831027,0.11808,90.391,0.11437,0.05118,0.028,0.125,Misc,Consumer Cyclical,Footwear & Accessories,2026-05-27,Footwear & Accessories,0,0,0,27.08,30.77,50.02,62.51,28.924999999999997,36.5,WEAK GROWTH,20
VIVIANA,8472270848.0,MICRO CAP,843.65,42.2036,11.583031,0.11808,29.432,0.0957850025,0.063525002,0.116,0.159,Misc,Unknown,Unknown,2026-05-27,Diversified,0,1,0,49.96,50.02,50.02,50.02,49.99,50.0,SLOW GROWTH,20
KOKUYOCMLN,8779591680.0,MICRO CAP,87.52999877929688,35.437244,2.7037961,0.11808,11.417,0.020550001,0.01353,0.131,-0.339,Misc,Industrials,Business Equipment & Supplies,2026-05-27,Business Equipment & Supplies,0,0,0,60.39,11.54,50.02,17.65,35.965,36.94,WEAK GROWTH,20
BECTORFOOD,55184625664.0,SMALL CAP,179.75999450683594,39.50769,4.538362,0.11808,15.033,0.08598,0.06974,0.084,0.099,Misc,Consumer Defensive,Packaged Foods,2026-05-27,Packaged Foods,0,0,0,36.57,29.29,50.02,40.49,32.93,37.1,WEAK GROWTH,20
AVSL,1081417728.0,MICRO CAP,202.85,42.79536,2.779605,0.11808,29.432,0.0957850025,0.063525002,0.116,0.159,Misc,Unknown,Unknown,2026-05-27,Diversified,0,1,0,49.96,50.02,50.02,50.02,49.99,50.0,SLOW GROWTH,20
SEL,834982272.0,MICRO CAP,360.1,50.434174,6.804225,0.11808,29.432,0.0957850025,0.063525002,0.116,0.159,Misc,Unknown,Unknown,2026-05-27,Diversified,0,1,0,49.96,50.02,50.02,50.02,49.99,50.0,SLOW GROWTH,20
SUPREMEPWR,7647287808.0,MICRO CAP,306.0,36.29893,7.135362,0.11808,29.432,0.0957850025,0.063525002,0.116,0.159,Misc,Unknown,Unknown,2026-05-27,Diversified,0,1,0,49.96,50.02,50.02,50.02,49.99,50.0,SLOW GROWTH,20
TECHLABS,12252274688.0,SMALL CAP,709.0,106.61654,18.101974,0.11808,29.432,0.0957850025,0.063525002,0.116,0.159,Misc,Unknown,Unknown,2026-05-27,Diversified,0,1,0,49.96,50.02,50.02,50.02,49.99,50.0,SLOW GROWTH,20
HIGREEN,4182076672.0,MICRO CAP,167.35,39.56265,4.58079,0.11808,29.432,0.0957850025,0.063525002,0.116,0.159,Misc,Unknown,Unknown,2026-05-27,Diversified,0,1,0,49.96,50.02,50.02,50.02,49.99,50.0,SLOW GROWTH,20
TRUST,4177748992.0,MICRO CAP,175.35,52.187504,3.6869218,0.11808,29.432,0.0957850025,0.063525002,0.116,0.159,Misc,Unknown,Unknown,2026-05-27,Diversified,0,1,0,49.96,50.02,50.02,50.02,49.99,50.0,SLOW GROWTH,20
PRAJIND,71080525824.0,SMALL CAP,386.70001220703125,136.64311,5.458164,0.11808,16.118,0.02465,0.01635,-0.014,0.159,Industrials,Industrials,Engineering & Construction,2026-05-27,Engineering & EPC,0,0,0,21.18,50.02,50.02,18.55,35.6,36.78,WEAK GROWTH,20
RITEZONE,164980576.0,MICRO CAP,39.0,36.448597,1.0800332,0.11808,29.432,0.0957850025,0.063525002,0.116,0.159,Misc,Unknown,Unknown,2026-05-27,Diversified,0,1,0,49.96,50.02,50.02,50.02,49.99,50.0,SLOW GROWTH,20
GUFICBIO,32932773888.0,SMALL CAP,328.3999938964844,66.07646,5.210796,0.11808,58.497,0.10927,0.055770002,0.114,-0.358,Misc,Healthcare,Drug Manufacturers - Specialty & Generic,2026-05-27,Drug Manufacturers - Specialty & Generic,0,0,0,41.72,11.05,50.02,60.76,26.384999999999998,34.55,WEAK GROWTH,20
ENFUSE,1627958400.0,MICRO CAP,184.0,50.0,6.003067,0.11808,29.432,0.0957850025,0.063525002,0.116,0.159,Misc,Unknown,Unknown,2026-05-27,Diversified,0,1,0,49.96,50.02,50.02,50.02,49.99,50.0,SLOW GROWTH,20
RADIOWALLA,867637952.0,MICRO CAP,123.1,125.61224,4.8348455,0.11808,29.432,0.0957850025,0.063525002,0.116,0.159,Misc,Unknown,Unknown,2026-05-27,Diversified,0,1,0,49.96,50.02,50.02,50.02,49.99,50.0,SLOW GROWTH,20
TBI,5717174272.0,MICRO CAP,314.85,41.9241,5.1240115,0.11808,29.432,0.0957850025,0.063525002,0.116,0.159,Misc,Unknown,Unknown,2026-05-27,Diversified,0,1,0,49.96,50.02,50.02,50.02,49.99,50.0,SLOW GROWTH,20
VILINBIO,251100000.0,MICRO CAP,18.0,112.5,1.0692647,0.11808,29.432,0.0957850025,0.063525002,0.116,0.159,Misc,Unknown,Unknown,2026-05-27,Diversified,0,1,0,49.96,50.02,50.02,50.02,49.99,50.0,SLOW GROWTH,20
INDIFRA,245673008.0,MICRO CAP,33.7,511.39656400000433,1.3271375,0.11808,29.432,0.0957850025,0.063525002,0.116,0.159,Misc,Unknown,Unknown,2026-05-27,Diversified,0,1,0,49.96,50.02,50.02,50.02,49.99,50.0,SLOW GROWTH,20
REFRACTORY,4428669952.0,MICRO CAP,203.15,73.33935,8.783725,0.11808,29.432,0.0957850025,0.063525002,0.116,0.159,Misc,Unknown,Unknown,2026-05-27,Diversified,0,1,0,49.96,50.02,50.02,50.02,49.99,50.0,SLOW GROWTH,20
COHANCE,164814159872.0,MID CAP,430.3999938964844,91.57447,4.339016,0.11808,11.486,0.0889,0.056199998,0.773,-0.703,Misc,Healthcare,Drug Manufacturers - Specialty & Generic,2026-05-27,Drug Manufacturers - Specialty & Generic,0,0,0,93.83,3.98,50.02,41.37,48.905,48.37,SLOW GROWTH,20
BELRISE,193958068224.0,MID CAP,217.9600067138672,37.450172,3.5773373,0.11808,28.531,0.08291,0.05164,0.082,-0.275,Automobiles,Consumer Cyclical,Auto Parts,2026-05-27,Auto Components,0,0,0,36.24,13.02,50.02,39.2,24.630000000000003,31.17,WEAK GROWTH,20
IBLFL,1290939904.0,MICRO CAP,52.2,54.94737,2.1552436,0.11808,29.432,0.0957850025,0.063525002,0.116,0.159,Misc,Unknown,Unknown,2026-05-27,Diversified,0,1,0,49.96,50.02,50.02,50.02,49.99,50.0,SLOW GROWTH,20
PRATHAM,5369736192.0,MICRO CAP,302.35,52.766144,6.133233,0.11808,29.432,0.0957850025,0.063525002,0.116,0.159,Misc,Unknown,Unknown,2026-05-27,Diversified,0,1,0,49.96,50.02,50.02,50.02,49.99,50.0,SLOW GROWTH,20
KODYTECH,45253836800.0,SMALL CAP,3550.0,285.8293,26.09143,0.11808,29.432,0.0957850025,0.063525002,0.116,0.159,Misc,Unknown,Unknown,2026-05-27,Diversified,0,1,0,49.96,50.02,50.02,50.02,49.99,50.0,SLOW GROWTH,20
BASILIC,13191023616.0,SMALL CAP,567.6,35.254658,4.345163,0.11808,29.432,0.0957850025,0.063525002,0.116,0.159,Misc,Unknown,Unknown,2026-05-27,Diversified,0,1,0,49.96,50.02,50.02,50.02,49.99,50.0,SLOW GROWTH,20
JFLLIFE,1764621184.0,MICRO CAP,51.05,42.541664,3.98237,0.11808,29.432,0.0957850025,0.063525002,0.116,0.159,Misc,Unknown,Unknown,2026-05-27,Diversified,0,1,0,49.96,50.02,50.02,50.02,49.99,50.0,SLOW GROWTH,20
LUMAXTECH,110844878848.0,MID CAP,1626.300048828125,44.43443,10.503304,0.11808,87.422,0.101,0.05432,0.403,0.839,Automobiles,Consumer Cyclical,Auto Parts,2026-05-27,Auto Components,0,1,0,85.92,86.72,50.02,57.87,86.32,76.22,HIGH GROWTH,20
URAVIDEF,1333799936.0,MICRO CAP,117.0,50.869568,2.7723806,0.11808,45.279,0.025050001,0.06519,0.018,0.292,Automobiles,Consumer Cyclical,Auto Parts,2026-05-27,Auto Components,0,0,0,25.42,74.78,50.02,18.63,50.1,46.94,SLOW GROWTH,20
AXITA,3117336832.0,MICRO CAP,8.149999618530273,162.99998,4.5077434,0.11808,34.066,0.05291,0.00494,-0.608,0.159,Misc,Consumer Cyclical,Textile Manufacturing,2026-05-27,Textile Manufacturing,0,0,0,2.38,50.02,50.02,28.15,26.200000000000003,31.16,WEAK GROWTH,20
SANSERA,183168958464.0,MID CAP,2938.60009765625,56.68596,6.338326,0.111269996,19.023,0.13758999,0.092650004,0.278,1.038,Automobiles,Consumer Cyclical,Auto Parts,2026-05-27,Auto Components,0,1,0,79.07,88.4,22.76,68.65,83.735,70.03,HIGH GROWTH,20
BERGEPAINT,614133727232.0,LARGE CAP,526.7000122070312,54.63693,8.883005,0.17226,9.165,0.13271,0.09401,0.061,0.277,Chemicals,Basic Materials,Specialty Chemicals,2026-05-27,Specialty Chemicals,0,0,0,32.31,73.8,87.31,67.16,53.055,61.32,MODERATE GROWTH,20
ENDURANCE,386499313664.0,MID CAP,2747.699951171875,40.538506,5.6508665,0.15156999,19.393,0.087110005,0.0652,0.379,0.127,Automobiles,Consumer Cyclical,Auto Parts,2026-05-27,Auto Components,0,1,0,84.91,30.93,83.68,40.8,57.92,61.36,MODERATE GROWTH,20
SABAR,512196032.0,MICRO CAP,26.65,95.178566,1.2906818,0.11808,29.432,0.0957850025,0.063525002,0.116,0.159,Misc,Unknown,Unknown,2026-05-27,Diversified,0,1,0,49.96,50.02,50.02,50.02,49.99,50.0,SLOW GROWTH,20
SHAH,4723660288.0,MICRO CAP,5.300000190734863,53.0,1.4065819,0.11808,20.738,0.00118,0.04112,0.255,-0.853,Misc,Basic Materials,Steel,2026-05-27,Steel,0,0,0,76.98,1.95,50.02,13.43,39.465,38.97,WEAK GROWTH,20
JKCEMENT,412457893888.0,MID CAP,5338.0,41.5021,6.362442,0.15032,87.203,0.13781999,0.07132,0.097,-0.076,Misc,Basic Materials,Building Materials,2026-05-27,Building Materials,0,0,0,39.09,20.15,83.39,68.92,29.62,44.3,SLOW GROWTH,20
APARINDS,522549624832.0,LARGE CAP,13009.0,53.769527,10.76887,0.11808,14.499,0.073699996,0.04526,0.162,0.192,Misc,Industrials,Electrical Equipment & Parts,2026-05-27,Electrical Equipment & Parts,0,1,0,65.37,68.98,50.02,35.65,67.17500000000001,60.59,MODERATE GROWTH,20
PILITA,1910550016.0,MICRO CAP,8.130000114440918,42.789474,2.8436518,0.11808,18.778,0.04753,0.04137,-0.014,-0.571,Misc,Consumer Cyclical,"Furnishings, Fixtures & Appliances",2026-05-27,"Furnishings, Fixtures & Appliances",0,0,0,21.18,6.38,50.02,26.12,13.78,22.26,WEAK GROWTH,20
BEACON,2120820736.0,MICRO CAP,117.4,37.507988,4.2972183,0.11808,29.432,0.0957850025,0.063525002,0.116,0.159,Misc,Unknown,Unknown,2026-05-27,Diversified,0,1,0,49.96,50.02,50.02,50.02,49.99,50.0,SLOW GROWTH,20
BIKAJI,159405670400.0,MID CAP,635.75,61.783283,10.642127,0.1596,17.531,0.088,0.086260006,0.175,0.258,Misc,Consumer Defensive,Packaged Foods,2026-05-27,Packaged Foods,0,1,0,66.99,72.84,85.28,41.04,69.91499999999999,70.1,HIGH GROWTH,20
KECL,8002895872.0,MICRO CAP,120.5,75.3125,6.406167,0.11808,83.428,0.121709995,0.01918,0.264,5.889,Misc,Industrials,Specialty Industrial Machinery,2026-05-27,Specialty Industrial Machinery,0,1,0,77.94,97.23,50.02,64.47,87.58500000000001,77.76,HIGH GROWTH,20
AVROIND,1439659008.0,MICRO CAP,10.729999542236328,39.740738,1.632684,0.11808,26.816,0.09133001,0.0475,0.035,0.0,Misc,Consumer Cyclical,"Furnishings, Fixtures & Appliances",2026-05-27,"Furnishings, Fixtures & Appliances",0,0,0,28.06,23.58,50.02,42.17,25.82,32.3,WEAK GROWTH,20
RPOWER,114602205184.0,MID CAP,27.709999084472656,26.636591000000003,0.69432956,-0.0208,92.348,0.19662,-0.04421,-0.046,0.159,Misc,Utilities,Utilities - Independent Power Producers,2026-05-27,Utilities - Independent Power Producers,0,0,0,17.69,50.02,3.28,79.85,33.855000000000004,32.34,WEAK GROWTH,20
SHANTHALA,449440096.0,MICRO CAP,67.1,35.31579,1.9178004,0.11808,29.432,0.0957850025,0.063525002,0.116,0.159,Misc,Unknown,Unknown,2026-05-27,Diversified,0,1,0,49.96,50.02,50.02,50.02,49.99,50.0,SLOW GROWTH,20
ISHAN,486529408.0,MICRO CAP,2.25,225.0,2.1551723,0.11808,29.432,0.0957850025,0.063525002,0.116,0.159,Misc,Unknown,Unknown,2026-05-27,Diversified,0,1,0,49.96,50.02,50.02,50.02,49.99,50.0,SLOW GROWTH,20
CELLECOR,62865342464.0,SMALL CAP,288.8,199.1724,31.374252,0.11808,29.432,0.0957850025,0.063525002,0.116,0.159,Misc,Unknown,Unknown,2026-05-27,Diversified,0,1,0,49.96,50.02,50.02,50.02,49.99,50.0,SLOW GROWTH,20
SHAIVAL,353007008.0,MICRO CAP,30.5,179.41176,2.130037,0.11808,29.432,0.0957850025,0.063525002,0.116,0.159,Misc,Unknown,Unknown,2026-05-27,Diversified,0,1,0,49.96,50.02,50.02,50.02,49.99,50.0,SLOW GROWTH,20
SHIVALIK,4085526784.0,MICRO CAP,258.70001220703125,35.19728,0.69608694,0.11808,17.115,0.06413,0.035350002,-0.038,-0.496,Chemicals,Basic Materials,Agricultural Inputs,2026-05-27,Agrochemicals,0,0,0,18.51,7.93,50.02,31.98,13.22,22.46,WEAK GROWTH,20
LOKESHMACH,5537160192.0,MICRO CAP,260.0,276.59573,2.3270383,0.11808,71.143,0.10902,0.00975,-0.02,0.159,Misc,Industrials,Specialty Industrial Machinery,2026-05-27,Specialty Industrial Machinery,0,0,0,20.32,50.02,50.02,60.68,35.17,40.69,SLOW GROWTH,20
KALYANIFRG,2304673024.0,MICRO CAP,633.5,40.661102,2.5046751,0.11808,98.678,0.10892,0.02394,-0.013,0.159,Automobiles,Consumer Cyclical,Auto Parts,2026-05-27,Auto Components,0,0,0,21.34,50.02,50.02,60.52,35.68,41.03,SLOW GROWTH,20
NAGREEKEXP,859354368.0,MICRO CAP,27.5,35.714287,0.55087036,0.11808,110.687,0.02944,0.0053100004,0.218,-0.286,Misc,Consumer Cyclical,Textile Manufacturing,2026-05-27,Textile Manufacturing,0,0,0,73.08,12.75,50.02,20.27,42.915,42.07,SLOW GROWTH,20
JBMA,151344513024.0,MID CAP,639.9500122070312,69.034515,10.655711,0.11808,190.282,0.104270004,0.03583,0.123,-0.171,Automobiles,Consumer Cyclical,Auto Parts,2026-05-27,Auto Components,0,0,0,59.0,16.79,50.02,58.71,37.894999999999996,42.4,SLOW GROWTH,20
THEJO,17700534272.0,SMALL CAP,1632.0,36.404194,5.4848843,0.11808,11.289,0.08686,0.080520004,0.197,-0.324,Misc,Industrials,Specialty Industrial Machinery,2026-05-27,Specialty Industrial Machinery,0,0,0,70.44,11.83,50.02,40.73,41.135,42.87,SLOW GROWTH,20
BLKASHYAP,12532312064.0,SMALL CAP,55.58000183105469,115.79167,2.3974464,0.11808,58.747,0.08552,0.00825,0.339,9.4,Industrials,Industrials,Engineering & Construction,2026-05-27,Engineering & EPC,0,1,0,83.31,98.24,50.02,40.3,90.775,77.58,HIGH GROWTH,20
YUKEN,8982420480.0,MICRO CAP,661.25,52.647293,2.439848,0.11808,33.231,0.03113,0.03638,0.048,0.159,Misc,Industrials,Specialty Industrial Machinery,2026-05-27,Specialty Industrial Machinery,0,0,0,29.91,50.02,50.02,20.73,39.965,40.05,SLOW GROWTH,20
ARVINDFASN,62296592384.0,SMALL CAP,466.1000061035156,50.334774,6.5909667,0.15903,115.111,0.08845,0.0231,0.154,0.159,Misc,Consumer Cyclical,Apparel Manufacturing,2026-05-27,Apparel Manufacturing,0,1,0,64.08,50.02,85.24,41.16,57.05,61.1,MODERATE GROWTH,20
BANARBEADS,746563712.0,MICRO CAP,112.5,39.61268,1.4495555,0.11808,27.474,0.13924,0.07202,0.347,0.16,Misc,Consumer Cyclical,Footwear & Accessories,2026-05-27,Footwear & Accessories,0,1,0,83.52,67.3,50.02,69.27,75.41,69.72,MODERATE GROWTH,20
SALASAR,12462885888.0,SMALL CAP,7.130000114440918,71.3,1.5157313,0.11808,42.992,0.06046,0.01071,-0.118,-0.429,Misc,Basic Materials,Steel,2026-05-27,Steel,0,0,0,12.63,9.41,50.02,30.81,11.02,20.8,WEAK GROWTH,20
RKDL,513600000.0,MICRO CAP,21.399999618530273,428.0,1.0274631,0.11808,101.046,0.00846,0.00428,-0.507,-0.067,Misc,Consumer Defensive,Beverages - Wineries & Distilleries,2026-05-27,Beverages - Wineries & Distilleries,0,0,0,3.24,20.5,50.02,14.37,11.870000000000001,19.75,WEAK GROWTH,20
JASH,27115251712.0,SMALL CAP,431.04998779296875,48.65124,6.2135124,0.11808,25.205,0.07403,0.07456,-0.112,-0.624,Misc,Industrials,Specialty Industrial Machinery,2026-05-27,Specialty Industrial Machinery,0,0,0,13.41,5.29,50.02,35.85,9.35,20.13,WEAK GROWTH,20
TATAPOWER,1366167388160.0,LARGE CAP,427.54998779296875,36.542736,3.6085954,0.11336,167.811,0.088520005,0.06002,-0.128,-0.046,Misc,Utilities,Utilities - Independent Power Producers,2026-05-27,Utilities - Independent Power Producers,0,0,0,11.95,21.26,23.31,41.23,16.605,20.41,WEAK GROWTH,20
ARTNIRMAN,1063125568.0,MICRO CAP,42.6,83.52941,2.8881354,0.11808,52.666,0.0062,0.06121,-0.444,-0.727,Misc,Real Estate,Real Estate - Development,2026-05-27,Real Estate - Development,0,0,0,3.83,3.46,50.02,13.9,3.645,13.95,WEAK GROWTH,20
GREAVESCOT,42886361088.0,SMALL CAP,184.10000610351562,40.37281,3.0449886,0.11808,12.328,0.03943,0.03334,0.166,0.225,Misc,Industrials,Specialty Industrial Machinery,2026-05-27,Specialty Industrial Machinery,0,1,0,65.99,70.89,50.02,23.14,68.44,60.23,MODERATE GROWTH,20
TTKPRESTIG,72953790464.0,SMALL CAP,532.7000122070312,45.37479,3.8357959,0.11808,29.432,0.13922,0.052810002,0.226,0.159,Misc,Consumer Cyclical,"Furnishings, Fixtures & Appliances",2026-05-27,"Furnishings, Fixtures & Appliances",0,1,0,74.09,50.02,50.02,69.23,62.05500000000001,60.37,MODERATE GROWTH,20
EASTSILK,284400000.0,MICRO CAP,56.880001068115234,511.39656400000433,0.4532849,0.11808,102.786,-0.051459998,0.13909,0.615,0.159,Misc,Consumer Cyclical,Textile Manufacturing,2026-05-27,Textile Manufacturing,0,1,0,91.76,50.02,50.02,8.82,70.89,60.51,MODERATE GROWTH,20
RAYMOND,35272257536.0,SMALL CAP,530.0,104.33071,1.0849917,0.01472,33.836,0.06429,0.9871920000000006,0.116,-0.92732,Misc,Industrials,Specialty Industrial Machinery,2026-05-27,Specialty Industrial Machinery,0,0,0,49.96,0.53,6.33,32.14,25.245,22.15,WEAK GROWTH,20
ADANIENT,4077188284416.0,MEGA CAP,2974.0,40.385662,4.7432823,0.13664,119.56,0.05017,0.09295999,0.203,0.159,Metals,Energy,Thermal Coal,2026-05-27,Coal,0,1,0,71.36,50.02,80.2,27.14,60.69,61.24,MODERATE GROWTH,20
SUKHJITS,6389398016.0,MICRO CAP,204.5,41.905735,1.2303268,0.11808,74.457,0.030199999,0.010930001,-0.08,-0.71,Chemicals,Basic Materials,Specialty Chemicals,2026-05-27,Specialty Chemicals,0,0,0,15.21,3.77,50.02,20.54,9.49,18.7,WEAK GROWTH,20
ROSSTECH,40470163456.0,SMALL CAP,1069.5,184.71503,28.52989,0.15179,264.369,0.08776,0.04513,0.646,0.106,Misc,Industrials,Aerospace & Defense,2026-05-27,Aerospace & Defense,0,1,0,92.27,29.62,83.8,40.96,60.945,63.52,MODERATE GROWTH,20
JUBLFOOD,280336072704.0,MID CAP,426.25,75.044014,12.3773155,0.16893,2.655,0.080299996,0.04504,0.203,0.159,Hospitality,Consumer Cyclical,Restaurants,2026-05-27,Restaurants,0,1,0,71.36,50.02,86.72,38.31,60.69,63.66,MODERATE GROWTH,20
GLOSTERLTD,7451812864.0,MICRO CAP,680.9500122070312,97.83765,0.6891704,0.11808,69.656,0.05669,0.00574,1.153,0.159,Misc,Consumer Cyclical,Textile Manufacturing,2026-05-27,Textile Manufacturing,0,1,0,95.98,50.02,50.02,29.48,73.0,64.05,MODERATE GROWTH,20
AIROLAM,1241415552.0,MICRO CAP,82.75,45.972225,1.6791803,0.11808,117.642,0.05868,0.03221,0.292,0.274,Misc,Consumer Cyclical,"Furnishings, Fixtures & Appliances",2026-05-27,"Furnishings, Fixtures & Appliances",0,1,0,80.18,73.74,50.02,30.22,76.96000000000001,66.9,MODERATE GROWTH,20
GRETEX,1940707328.0,MICRO CAP,131.0,136.45834,4.8928065,0.11808,29.432,0.0957850025,0.063525002,0.116,0.159,Misc,Unknown,Unknown,2026-05-27,Diversified,0,1,0,49.96,50.02,50.02,50.02,49.99,50.0,SLOW GROWTH,20
FONEBOX,2023784960.0,MICRO CAP,197.25,44.525963,5.4977984,0.11808,29.432,0.0957850025,0.063525002,0.116,0.159,Misc,Unknown,Unknown,2026-05-27,Diversified,0,1,0,49.96,50.02,50.02,50.02,49.99,50.0,SLOW GROWTH,20
DUCOL,2015562496.0,MICRO CAP,123.7,46.156715,1.9962882,0.11808,29.432,0.0957850025,0.063525002,0.116,0.159,Misc,Unknown,Unknown,2026-05-27,Diversified,0,1,0,49.96,50.02,50.02,50.02,49.99,50.0,SLOW GROWTH,20
JETKNIT,529965792.0,MICRO CAP,120.25,69.50867,2.277419,0.11808,29.432,0.0957850025,0.063525002,0.116,0.159,Misc,Unknown,Unknown,2026-05-27,Diversified,0,1,0,49.96,50.02,50.02,50.02,49.99,50.0,SLOW GROWTH,20
CPS,630611456.0,MICRO CAP,285.2,356.5,4.2324586,0.11808,29.432,0.0957850025,0.063525002,0.116,0.159,Misc,Unknown,Unknown,2026-05-27,Diversified,0,1,0,49.96,50.02,50.02,50.02,49.99,50.0,SLOW GROWTH,20
BBOX,174908571648.0,MID CAP,984.8499755859375,77.42531,18.507,0.11808,114.749,0.07324,0.03453,0.105,-0.119,Technology,Technology,Software - Application,2026-05-27,SaaS,0,0,0,40.2,18.57,50.02,35.45,29.385,34.12,WEAK GROWTH,20
LIBERTSHOE,4202064128.0,MICRO CAP,246.60000610351562,36.58754,1.8411504,0.11808,72.559,0.02735,0.01607,0.13,-0.748,Misc,Consumer Cyclical,Footwear & Accessories,2026-05-27,Footwear & Accessories,0,0,0,60.13,3.12,50.02,19.25,31.625,34.07,WEAK GROWTH,20
EUREKAFORB,86742376448.0,SMALL CAP,448.29998779296875,53.688618,1.931262,0.0361,0.629,0.09583,0.06003,0.116,0.028,Misc,Consumer Cyclical,"Furnishings, Fixtures & Appliances",2026-05-27,"Furnishings, Fixtures & Appliances",0,0,0,49.96,25.15,8.9,56.23,37.555,33.69,WEAK GROWTH,20
IFBIND,47723040768.0,SMALL CAP,1177.800048828125,39.76367,5.1705523,0.11808,18.143,0.03192,0.021949999,0.113,-0.229,Misc,Consumer Cyclical,"Furnishings, Fixtures & Appliances",2026-05-27,"Furnishings, Fixtures & Appliances",0,0,0,41.53,14.41,50.02,20.89,27.97,31.67,WEAK GROWTH,20
HONASA,131967270912.0,MID CAP,405.45001220703125,66.0342,10.342585,0.15449001,9.586,0.10106,0.08076999,0.232,1.755,Consumer,Consumer Defensive,Household & Personal Products,2026-05-27,FMCG – Personal Care,0,1,0,74.85,92.62,84.11,57.91,83.735,81.23,HIGH GROWTH,20
CRAFTSMAN,205873692672.0,MID CAP,8630.0,53.52934,6.307571,0.12547,111.264,0.10799,0.04759,0.273,1.628,Automobiles,Consumer Cyclical,Auto Parts,2026-05-27,Auto Components,0,1,0,78.64,92.11,77.57,60.29,85.375,81.31,HIGH GROWTH,20
GRCL,2122773120.0,MICRO CAP,369.95,74.888664,12.677771,0.11808,29.432,0.0957850025,0.063525002,0.116,0.159,Misc,Unknown,Unknown,2026-05-27,Diversified,0,1,0,49.96,50.02,50.02,50.02,49.99,50.0,SLOW GROWTH,20
ROCKINGDCE,4162988544.0,MICRO CAP,642.35,77.95509,8.759477,0.11808,29.432,0.0957850025,0.063525002,0.116,0.159,Misc,Unknown,Unknown,2026-05-27,Diversified,0,1,0,49.96,50.02,50.02,50.02,49.99,50.0,SLOW GROWTH,20
INFINIUM,3474256640.0,MICRO CAP,222.95,37.03488,3.0294178,0.11808,29.432,0.0957850025,0.063525002,0.116,0.159,Misc,Unknown,Unknown,2026-05-27,Diversified,0,1,0,49.96,50.02,50.02,50.02,49.99,50.0,SLOW GROWTH,20
GRMOVER,33946753024.0,SMALL CAP,163.5800018310547,51.44025,6.332701,0.11808,44.143,0.042719997,0.049850002,0.3,0.272,Misc,Consumer Defensive,Packaged Foods,2026-05-27,Packaged Foods,0,1,0,80.77,73.57,50.02,24.33,77.16999999999999,66.46,MODERATE GROWTH,20
VGUARD,137724231680.0,MID CAP,315.29998779296875,44.9786,6.3083973,0.13793,6.964,0.08125,0.051680002,0.141,0.231,Misc,Industrials,Electrical Equipment & Parts,2026-05-27,Electrical Equipment & Parts,0,1,0,62.1,71.16,80.57,38.66,66.63,66.62,MODERATE GROWTH,20
ABLBL,123140022272.0,MID CAP,101.37999725341797,71.90071,9.54524,0.12724,213.719,0.065349996,0.02037,0.119,0.452,Misc,Consumer Cyclical,Apparel Retail,2026-05-27,Apparel Retail,0,1,0,58.28,79.95,77.86,32.53,69.11500000000001,67.21,MODERATE GROWTH,20
INM,3882447104.0,MICRO CAP,277.5,35.622593,5.5242567,0.11808,29.432,0.0957850025,0.063525002,0.116,0.159,Misc,Unknown,Unknown,2026-05-27,Diversified,0,1,0,49.96,50.02,50.02,50.02,49.99,50.0,SLOW GROWTH,20
SURANI,5081875456.0,MICRO CAP,326.85,447.73972,4.097508,0.11808,29.432,0.0957850025,0.063525002,0.116,0.159,Misc,Unknown,Unknown,2026-05-27,Diversified,0,1,0,49.96,50.02,50.02,50.02,49.99,50.0,SLOW GROWTH,20
NEPHROCARE,3871006720.0,MICRO CAP,234.8,116.237625,6.977297,0.11808,29.432,0.0957850025,0.063525002,0.116,0.159,Misc,Unknown,Unknown,2026-05-27,Diversified,0,1,0,49.96,50.02,50.02,50.02,49.99,50.0,SLOW GROWTH,20
ESFL,3868680448.0,MICRO CAP,155.75,511.39656400000433,2.6417558,0.11808,29.432,0.0957850025,0.063525002,0.116,0.159,Misc,Unknown,Unknown,2026-05-27,Diversified,0,1,0,49.96,50.02,50.02,50.02,49.99,50.0,SLOW GROWTH,20
PARIN,2573261056.0,MICRO CAP,231.45,41.110123,3.41548,0.11808,29.432,0.0957850025,0.063525002,0.116,0.159,Misc,Unknown,Unknown,2026-05-27,Diversified,0,1,0,49.96,50.02,50.02,50.02,49.99,50.0,SLOW GROWTH,20
EIFFL,5902152192.0,MICRO CAP,237.99000549316406,105.77334,8.173857,0.11808,85.026,0.07082,0.02283,-0.406,-0.493,Misc,Consumer Defensive,Packaged Foods,2026-05-27,Packaged Foods,0,0,0,4.33,8.02,50.02,34.4,6.175,17.77,WEAK GROWTH,20
NGLFINE,17379399680.0,SMALL CAP,2813.10009765625,49.145702,5.789296,0.15736,32.957,0.10963,0.09607001,0.572,15.398,Misc,Healthcare,Drug Manufacturers - General,2026-05-27,Drug Manufacturers - General,0,1,0,90.8,98.95,84.89,60.99,94.875,89.49,ELITE GROWTH,20
ASTERDM,386384232448.0,MID CAP,747.4500122070312,117.52358,8.417704,0.10067,45.921,0.13984,0.08359,0.182,0.715,Misc,Healthcare,Medical Care Facilities,2026-05-27,Medical Care Facilities,0,1,0,68.24,85.12,20.27,69.47,76.68,64.68,MODERATE GROWTH,20
EQUIPPP,1728907008.0,MICRO CAP,16.770000457763672,239.57144,19.964287,0.11808,71.587,0.04645,0.04622,4.694480000000025,0.159,Technology,Technology,Information Technology Services,2026-05-27,IT Services,0,1,0,99.51,50.02,50.02,25.61,74.765,64.9,MODERATE GROWTH,20
KAPSTON,10499103744.0,SMALL CAP,345.0,39.42857,10.307738,0.11808,172.342,0.04796,0.03336,0.165,0.641,Misc,Industrials,Specialty Business Services,2026-05-27,Specialty Business Services,0,1,0,65.78,83.68,50.02,26.32,74.73,64.95,MODERATE GROWTH,20
GREENPLY,32124809216.0,SMALL CAP,257.20001220703125,35.821728,3.5609956,0.10536,57.505,0.098450005,0.03269,0.196,0.861,Misc,Basic Materials,Lumber & Wood Production,2026-05-27,Lumber & Wood Production,0,1,0,70.23,86.86,21.48,57.05,78.545,64.98,MODERATE GROWTH,20
ARVEE,1743363968.0,MICRO CAP,158.1999969482422,84.14893,5.6387224,0.11808,3.29,0.13514,0.076409996,0.098,10.857,Chemicals,Basic Materials,Specialty Chemicals,2026-05-27,Specialty Chemicals,0,0,0,39.3,98.56,50.02,67.94,68.93,65.05,MODERATE GROWTH,20
CENTURYPLY,171073208320.0,MID CAP,770.0,64.9789,6.5626307,0.107130006,67.105,0.0857,0.04867,0.245,0.487,Misc,Basic Materials,Lumber & Wood Production,2026-05-27,Lumber & Wood Production,0,1,0,76.14,80.71,21.79,40.41,78.425,63.3,MODERATE GROWTH,20
PRSMJOHNSN,61646082048.0,SMALL CAP,122.47000122070312,84.46207,3.9638155,0.11808,93.47,0.0035299999,0.02535,-0.008,0.26,Misc,Basic Materials,Building Materials,2026-05-27,Building Materials,0,0,0,21.96,73.06,50.02,13.74,47.510000000000005,44.64,SLOW GROWTH,20
RUSTOMJEE,50248683520.0,SMALL CAP,398.04998779296875,64.201614,1.7910898,0.11808,43.367,0.02852,0.056199998,-0.426,-0.771,Misc,Real Estate,Real Estate - Development,2026-05-27,Real Estate - Development,0,0,0,3.92,2.81,50.02,19.91,3.365,14.35,WEAK GROWTH,20
DMART,2666697588736.0,MEGA CAP,4089.0,89.769485,10.876504,0.12944001,9.913,0.05242,0.04316,0.189,0.196,Misc,Consumer Defensive,Discount Stores,2026-05-27,Discount Stores,0,1,0,69.21,69.21,78.48,27.96,69.21,66.94,MODERATE GROWTH,20
ORIENTELEC,41218437120.0,SMALL CAP,193.16000366210938,43.020046,5.415954,0.13179,12.281,0.06091,0.02881,0.1,0.295,Misc,Consumer Cyclical,"Furnishings, Fixtures & Appliances",2026-05-27,"Furnishings, Fixtures & Appliances",0,0,0,39.48,74.91,78.99,31.08,57.19499999999999,58.94,MODERATE GROWTH,20
PSPPROJECT,33517135872.0,SMALL CAP,845.5,81.53327,2.682526,0.11808,26.131,0.02997,0.0863,0.657,2.211,Industrials,Industrials,Engineering & Construction,2026-05-27,Engineering & EPC,0,1,0,92.5,93.77,50.02,20.5,93.13499999999999,77.25,HIGH GROWTH,20
TIINDIA,609953447936.0,LARGE CAP,3151.199951171875,96.014626,8.106939,0.11808,27.724,0.07277,0.028169999,0.207,-0.142,Misc,Industrials,Conglomerates,2026-05-27,Conglomerates,0,0,0,71.98,17.81,50.02,35.34,44.895,44.96,SLOW GROWTH,20
ICEMAKE,13933506560.0,SMALL CAP,883.0,100.68414,11.542786,0.11808,139.699,0.0367,0.02326,0.387,-0.489,Misc,Industrials,Specialty Industrial Machinery,2026-05-27,Specialty Industrial Machinery,0,0,0,85.44,8.08,50.02,22.45,46.76,44.98,SLOW GROWTH,20
VIYASH,109050339328.0,MID CAP,249.85000610351562,62.306732,7.71523,0.11565,15.724,0.13914,0.05183,1.29,2.284,Misc,Healthcare,Drug Manufacturers - Specialty & Generic,2026-05-27,Drug Manufacturers - Specialty & Generic,0,1,0,96.49,93.95,23.66,69.19,95.22,78.3,HIGH GROWTH,20
RUSHIL,4633051648.0,MICRO CAP,15.789999961853027,47.848484,0.7035915,0.11808,44.026,0.066700004,0.01052,0.023,-0.5,Misc,Consumer Cyclical,"Furnishings, Fixtures & Appliances",2026-05-27,"Furnishings, Fixtures & Appliances",0,0,0,26.42,7.67,50.02,32.88,17.045,25.22,WEAK GROWTH,20
TARMAT,1310860544.0,MICRO CAP,52.29999923706055,38.175182,0.71573246,0.11808,6.468,0.05238,0.03421,0.045,2.833,Industrials,Industrials,Engineering & Construction,2026-05-27,Engineering & EPC,0,0,0,29.56,94.92,50.02,27.9,62.24,56.36,MODERATE GROWTH,20
KAMOPAINTS,1763440000.0,MICRO CAP,5.360000133514404,5.4141417,1.0052514,0.00117,19.079,-0.03539,0.00082,-0.087,0.159,Misc,Basic Materials,Steel,2026-05-27,Steel,0,0,0,14.86,50.02,4.3,9.33,32.44,24.5,WEAK GROWTH,20
KRISHIVAL,10210314240.0,SMALL CAP,398.3999938964844,43.35147,5.9682713,0.12996,18.086,0.07139,0.07338,-0.184,-0.021,Misc,Consumer Defensive,Packaged Foods,2026-05-27,Packaged Foods,0,0,0,9.43,22.35,78.68,34.71,15.89,30.33,WEAK GROWTH,20
OWAIS,24718059520.0,SMALL CAP,1359.45,52.04632,18.049469,0.11808,29.432,0.0957850025,0.063525002,0.116,0.159,Misc,Unknown,Unknown,2026-05-27,Diversified,0,1,0,49.96,50.02,50.02,50.02,49.99,50.0,SLOW GROWTH,20
DENTALKART,9018726400.0,MICRO CAP,563.1,59.650425,5.5722127,0.11808,29.432,0.0957850025,0.063525002,0.116,0.159,Misc,Unknown,Unknown,2026-05-27,Diversified,0,1,0,49.96,50.02,50.02,50.02,49.99,50.0,SLOW GROWTH,20
ZENITHDRUG,1345323264.0,MICRO CAP,78.45,35.497734,1.8785468,0.11808,29.432,0.0957850025,0.063525002,0.116,0.159,Misc,Unknown,Unknown,2026-05-27,Diversified,0,1,0,49.96,50.02,50.02,50.02,49.99,50.0,SLOW GROWTH,20
MCON,1365776000.0,MICRO CAP,186.35,54.9705,3.9744492,0.11808,29.432,0.0957850025,0.063525002,0.116,0.159,Misc,Unknown,Unknown,2026-05-27,Diversified,0,1,0,49.96,50.02,50.02,50.02,49.99,50.0,SLOW GROWTH,20
RULKA,2212238848.0,MICRO CAP,519.5,95.321106,6.2081738,0.11808,29.432,0.0957850025,0.063525002,0.116,0.159,Misc,Unknown,Unknown,2026-05-27,Diversified,0,1,0,49.96,50.02,50.02,50.02,49.99,50.0,SLOW GROWTH,20
SYRMA,202188816384.0,MID CAP,1049.6500244140625,62.036053,6.958836,0.14142999,13.045,0.104270004,0.06594,0.584,0.437,Misc,Technology,Electronic Components,2026-05-27,Electronic Components,0,1,0,91.06,79.68,81.3,58.71,85.37,81.89,HIGH GROWTH,20
SOFTTECH,6069777408.0,MICRO CAP,438.5,237.02702,3.5651276,0.11808,26.731,0.13382,0.0219,0.508,6.214,Technology,Technology,Software - Application,2026-05-27,SaaS,0,1,0,89.26,97.34,50.02,67.59,93.30000000000001,82.07,HIGH GROWTH,20
DIACABS,105204506624.0,MID CAP,199.63999938964844,66.54667,-14.617074,0.11808,29.432,0.12921,0.06797,0.542,6.833,Misc,Industrials,Specialty Industrial Machinery,2026-05-27,Specialty Industrial Machinery,0,1,0,90.32,97.7,50.02,66.34,94.00999999999999,82.44,HIGH GROWTH,20
TITAGARH,112466051072.0,MID CAP,835.0999755859375,61.99703,4.4468703,0.11808,25.09,0.09556,0.0548,-0.078,-0.232,Misc,Industrials,Railroads,2026-05-27,Railroads,0,0,0,15.27,14.29,50.02,43.69,14.78,24.72,WEAK GROWTH,20
PARACABLES,20558934016.0,SMALL CAP,67.36000061035156,35.452633,2.769509,0.11808,15.807,0.04542,0.03665,0.131,0.081,Misc,Technology,Communication Equipment,2026-05-27,Communication Equipment,0,0,0,60.39,28.23,50.02,25.15,44.31,43.54,SLOW GROWTH,20
ASAHIINDIA,231308181504.0,MID CAP,907.3499755859375,74.92568,6.2456975,0.11808,77.144,0.14148,0.063260004,0.117,-0.101,Automobiles,Consumer Cyclical,Auto Parts,2026-05-27,Auto Components,0,0,0,57.97,19.31,50.02,69.97,38.64,44.05,SLOW GROWTH,20
CERA,74572906496.0,SMALL CAP,5784.0,36.48981,5.066875,0.14376001,3.172,0.13666001,0.0996,0.109,-0.097,Misc,Industrials,Building Products & Equipment,2026-05-27,Building Products & Equipment,0,0,0,40.82,19.6,81.8,68.29,30.21,44.34,SLOW GROWTH,20
VARROC,89846005760.0,SMALL CAP,588.0,50.909092,5.333043,0.11808,53.145,0.056750003,0.020450002,0.102,0.159,Automobiles,Consumer Cyclical,Auto Parts,2026-05-27,Auto Components,0,1,0,39.75,50.02,50.02,29.54,44.885000000000005,44.38,SLOW GROWTH,20
S&SPOWER,4729282048.0,MICRO CAP,383.20001220703125,58.593273,6.0107923,0.12779,44.204,0.06595,0.0379,0.158,0.159,Misc,Industrials,Electrical Equipment & Parts,2026-05-27,Electrical Equipment & Parts,0,1,0,64.55,50.02,78.17,32.74,57.285,59.01,MODERATE GROWTH,20
JWL,125027205120.0,MID CAP,292.54998779296875,50.43965,4.436811,0.11808,26.721,0.11151,0.07721,-0.135,-0.419,Misc,Industrials,Railroads,2026-05-27,Railroads,0,0,0,11.44,9.59,50.02,61.62,10.515,23.53,WEAK GROWTH,20
RAMASTEEL,8801900544.0,MICRO CAP,5.380000114440918,59.777775,1.8005356,0.11808,26.441,0.0164,0.01349,0.052,-0.718,Misc,Basic Materials,Steel,2026-05-27,Steel,0,0,0,30.53,3.67,50.02,16.36,17.1,23.61,WEAK GROWTH,20
MARINE,33383882752.0,SMALL CAP,251.63999938964844,65.36104,8.044757,0.11808,12.715,0.07772,0.06266,0.085,1.237,Misc,Industrials,Electrical Equipment & Parts,2026-05-27,Electrical Equipment & Parts,0,0,0,36.7,89.85,50.02,37.37,63.275,58.03,MODERATE GROWTH,20
TATATECH,291930963968.0,MID CAP,718.9500122070312,53.295036,8.1773205,0.1457,23.908,0.13065,0.09928001,0.223,0.082,Technology,Technology,Information Technology Services,2026-05-27,IT Services,0,0,0,73.7,28.29,82.31,66.65,50.995000000000005,58.82,MODERATE GROWTH,20
POWERICA,72672419840.0,SMALL CAP,574.25,43.636017,5.150224,0.11808,47.768,0.06606,0.09039,0.083,2.504,Misc,Industrials,Specialty Industrial Machinery,2026-05-27,Specialty Industrial Machinery,0,0,0,36.41,94.3,50.02,32.84,65.35499999999999,59.04,MODERATE GROWTH,20
GODIGIT,281768951808.0,MID CAP,304.8500061035156,51.933563,6.0005116,0.117089994,7.469,0.054050002,0.051960003,0.226,0.289,Misc,Financial Services,Insurance - Property & Casualty,2026-05-27,Insurance - Property & Casualty,0,1,0,74.09,74.56,24.13,28.64,74.325,59.72,MODERATE GROWTH,20
MEDPLUS,103994302464.0,MID CAP,866.0,47.40011,5.26271,0.118240006,72.133,0.05,0.03187,0.235,0.241,Misc,Healthcare,Pharmaceutical Retailers,2026-05-27,Pharmaceutical Retailers,0,1,0,75.19,71.79,75.63,27.0,73.49000000000001,69.27,MODERATE GROWTH,20
RADICO,470634758144.0,MID CAP,3514.0,77.93302,14.183138,0.11808,20.939,0.14869,0.08838,0.195,0.621,Misc,Consumer Defensive,Beverages - Wineries & Distilleries,2026-05-27,Beverages - Wineries & Distilleries,0,1,0,70.01,83.29,50.02,71.69,76.65,70.83,HIGH GROWTH,20
HNDFDS,64706940928.0,SMALL CAP,534.0499877929688,43.313057,6.129769,0.14496,93.406,0.0689,0.03506,0.196,0.309,Misc,Industrials,Conglomerates,2026-05-27,Conglomerates,0,1,0,70.23,75.71,82.19,33.74,72.97,70.89,HIGH GROWTH,20
SHIVAUM,4330367488.0,MICRO CAP,318.3999938964844,85.8221,3.6595597,0.11808,63.231,0.01492,0.010570001,0.203,16.33808000000006,Misc,Basic Materials,Steel,2026-05-27,Steel,0,1,0,71.36,99.51,50.02,15.81,85.435,71.39,HIGH GROWTH,20
MOTHERSON,1424664821760.0,LARGE CAP,135.27999877929688,37.06301,3.862715,0.10114,43.908,0.07129,0.030869998,0.149,0.43,Automobiles,Consumer Cyclical,Auto Parts,2026-05-27,Auto Components,0,1,0,63.41,79.38,20.5,34.67,71.395,57.54,MODERATE GROWTH,20
BSHSL,10178916352.0,SMALL CAP,97.0,36.19403,7.5917664,0.11808,24.979,0.08523,0.07942,-0.159,-0.129,Chemicals,Basic Materials,Agricultural Inputs,2026-05-27,Agrochemicals,0,0,0,10.29,18.1,50.02,40.14,14.195,23.95,WEAK GROWTH,20
THERMAX,508710125568.0,LARGE CAP,4515.89990234375,70.69348,10.07094,0.13691,42.166,0.093439996,0.06737,0.111,0.187,Misc,Industrials,Conglomerates,2026-05-27,Conglomerates,0,1,0,41.06,68.61,80.24,43.03,54.835,58.74,MODERATE GROWTH,20
PROSTARM,8440261632.0,MICRO CAP,143.36000061035156,36.20202,2.9146504,0.16903,32.43,0.11311,0.08428001,0.3,-0.123,Misc,Industrials,Electrical Equipment & Parts,2026-05-27,Electrical Equipment & Parts,0,0,0,80.77,18.31,86.8,62.28,49.54,58.27,MODERATE GROWTH,20
WALPAR,1045388800.0,MICRO CAP,115.1,68.10651,6.084474,0.11808,29.432,0.0957850025,0.063525002,0.116,0.159,Misc,Unknown,Unknown,2026-05-27,Diversified,0,1,0,49.96,50.02,50.02,50.02,49.99,50.0,SLOW GROWTH,20
PRITIKA,2085473792.0,MICRO CAP,79.1,36.2844,4.1728215,0.11808,29.432,0.0957850025,0.063525002,0.116,0.159,Misc,Unknown,Unknown,2026-05-27,Diversified,0,1,0,49.96,50.02,50.02,50.02,49.99,50.0,SLOW GROWTH,20
SPECTRUM,22766213120.0,SMALL CAP,1448.800048828125,57.53773,10.566699,0.11808,76.093,0.13701999,0.07956,0.762,2.744,Misc,Industrials,Electrical Equipment & Parts,2026-05-27,Electrical Equipment & Parts,0,1,0,93.67,94.65,50.02,68.53,94.16,82.77,HIGH GROWTH,20
AVALON,100088037376.0,MID CAP,1498.5999755859375,89.202385,13.871559,0.16943,29.503,0.101169996,0.0692,0.4,0.69,Misc,Technology,Electronic Components,2026-05-27,Electronic Components,0,1,0,85.79,84.69,86.88,57.95,85.24000000000001,82.84,HIGH GROWTH,20
EMKAYTOOLS,9432895488.0,MICRO CAP,883.95,35.17509,3.2504497,0.11808,29.432,0.0957850025,0.063525002,0.116,0.159,Misc,Unknown,Unknown,2026-05-27,Diversified,0,1,0,49.96,50.02,50.02,50.02,49.99,50.0,SLOW GROWTH,20
BHARATFORG,918934192128.0,LARGE CAP,1922.0999755859375,85.08632,9.601187,0.11603,76.475,0.11553001,0.06422,0.175,-0.179,Automobiles,Consumer Cyclical,Auto Parts,2026-05-27,Auto Components,0,0,0,66.99,16.48,23.9,62.83,41.735,40.28,SLOW GROWTH,20
ESSENTIA,1808935936.0,MICRO CAP,1.600000023841858,53.333336,0.76335883,0.11808,23.209,0.01011,0.00644,0.124,0.0,Consumer,Consumer Defensive,Food Distribution,2026-05-27,FMCG – Food,0,0,0,59.18,23.58,50.02,14.92,41.379999999999995,40.46,SLOW GROWTH,20
PRAKASHSTL,796251776.0,MICRO CAP,4.550000190734863,75.833336,11.432161,0.11808,22.772,0.019199999,0.012150001,0.271,-0.5,Misc,Basic Materials,Steel,2026-05-27,Steel,0,0,0,78.52,7.67,50.02,16.95,43.095,41.87,SLOW GROWTH,20
SERVICE,622068864.0,MICRO CAP,54.1,37.31034,1.4588895,0.11808,29.432,0.0957850025,0.063525002,0.116,0.159,Misc,Unknown,Unknown,2026-05-27,Diversified,0,1,0,49.96,50.02,50.02,50.02,49.99,50.0,SLOW GROWTH,20
STARHEALTH,311500832768.0,MID CAP,529.4000244140625,55.78504,4.0944176,0.11808,29.432,0.03249,0.031229999,0.138,16.33808000000006,Financials,Financial Services,Insurance - Life,2026-05-27,Life Insurance,0,1,0,61.69,99.51,50.02,21.12,80.6,68.54,MODERATE GROWTH,20
GOYALALUM,982001600.0,MICRO CAP,6.880000114440918,38.22222,3.8158627,0.11808,5.731,0.056929998,0.04048,-0.142,-0.5,Misc,Basic Materials,Aluminum,2026-05-27,Aluminum,0,0,0,11.03,7.67,50.02,29.68,9.35,19.52,WEAK GROWTH,20
POLYPLEX,28472963072.0,SMALL CAP,907.0,94.479164,0.7045984,0.11808,14.462,0.00634,0.00435,-0.023,-0.745,Chemicals,Basic Materials,Specialty Chemicals,2026-05-27,Specialty Chemicals,0,0,0,20.17,3.22,50.02,13.94,11.695,19.58,WEAK GROWTH,20
ICIL,61684027392.0,SMALL CAP,311.45001220703125,51.56457,2.672932,0.11808,53.871,0.04855,0.02911,-0.077,-0.677,Misc,Consumer Cyclical,Textile Manufacturing,2026-05-27,Textile Manufacturing,0,0,0,15.37,4.69,50.02,26.43,10.03,19.67,WEAK GROWTH,20
MAHASTEEL,14793425920.0,SMALL CAP,900.1500244140625,135.97432,10.644097,0.11808,40.365,0.01632,0.0127799995,0.122,0.758,Misc,Basic Materials,Steel,2026-05-27,Steel,0,1,0,58.77,85.71,50.02,16.26,72.24,62.2,MODERATE GROWTH,20
SPLPETRO,126297972736.0,MID CAP,671.6500244140625,38.35808,5.6868405,0.14316,5.61,0.14164,0.060900003,0.048,0.579,Chemicals,Basic Materials,Specialty Chemicals,2026-05-27,Specialty Chemicals,0,0,0,29.91,82.62,81.69,70.13,56.265,62.74,MODERATE GROWTH,20
SVLL,6437046784.0,MICRO CAP,560.0499877929688,146.99475,14.821235,0.11808,570.803,0.058130004,0.01422,0.514,0.159,Misc,Industrials,Trucking,2026-05-27,Trucking,0,1,0,89.5,50.02,50.02,29.99,69.76,61.84,MODERATE GROWTH,20
HDFCLIFE,1324758335488.0,LARGE CAP,614.0499877929688,69.38418,7.4505258,0.11281,17.46,0.0269,0.01915,-0.177,0.041,Financials,Financial Services,Insurance - Life,2026-05-27,Life Insurance,0,0,0,9.7,25.89,23.17,19.06,17.795,19.0,WEAK GROWTH,20
CUBEXTUB,1291571456.0,MICRO CAP,90.19999694824219,15.39249,1.5474086,0.093660004,52.119,-0.03549,0.025880001,0.061,-0.404,Metals,Basic Materials,Copper,2026-05-27,Copper,0,0,0,32.31,9.8,18.35,9.29,21.055,19.34,WEAK GROWTH,20
BLUEDART,115294027776.0,MID CAP,4859.0,46.60911,7.066896,0.14832,29.432,0.13491,0.040289998,0.08,1.891,Misc,Industrials,Integrated Freight & Logistics,2026-05-27,Integrated Freight & Logistics,0,0,0,35.86,93.07,82.86,67.79,64.465,68.48,MODERATE GROWTH,20
FALCONTECH,438699936.0,MICRO CAP,70.75,42.1131,1.6529602,0.11808,29.432,0.0957850025,0.063525002,0.116,0.159,Misc,Unknown,Unknown,2026-05-27,Diversified,0,1,0,49.96,50.02,50.02,50.02,49.99,50.0,SLOW GROWTH,20
NXST,329983098880.0,MID CAP,148.24,55.5206,1.7000976,0.11808,29.432,0.0957850025,0.063525002,0.116,0.159,Misc,Unknown,Unknown,2026-05-27,Diversified,0,1,0,49.96,50.02,50.02,50.02,49.99,50.0,SLOW GROWTH,20
EMBASSY,350644862976.0,MID CAP,369.92,104.20282,1.5405375,0.11808,29.432,0.0957850025,0.063525002,0.116,0.159,Misc,Unknown,Unknown,2026-05-27,Diversified,0,1,0,49.96,50.02,50.02,50.02,49.99,50.0,SLOW GROWTH,20
ATMASTCO,7568815104.0,MICRO CAP,306.0,39.18054,5.479943,0.11808,29.432,0.0957850025,0.063525002,0.116,0.159,Misc,Unknown,Unknown,2026-05-27,Diversified,0,1,0,49.96,50.02,50.02,50.02,49.99,50.0,SLOW GROWTH,20
PENTAGON,947944448.0,MICRO CAP,122.95,39.66129,2.8994906,0.11808,29.432,0.0957850025,0.063525002,0.116,0.159,Misc,Unknown,Unknown,2026-05-27,Diversified,0,1,0,49.96,50.02,50.02,50.02,49.99,50.0,SLOW GROWTH,20
ENSER,17850488832.0,SMALL CAP,204.8,202.77228,50.270008,0.11808,29.432,0.0957850025,0.063525002,0.116,0.159,Misc,Unknown,Unknown,2026-05-27,Diversified,0,1,0,49.96,50.02,50.02,50.02,49.99,50.0,SLOW GROWTH,20
BEWLTD,18747146240.0,SMALL CAP,1434.0,151.42555,13.351334,0.11808,29.432,0.0957850025,0.063525002,0.116,0.159,Misc,Unknown,Unknown,2026-05-27,Diversified,0,1,0,49.96,50.02,50.02,50.02,49.99,50.0,SLOW GROWTH,20
ALLTIME,14982938624.0,SMALL CAP,228.72000122070312,41.966972,2.1847985,0.11808,22.351,0.1008,0.05831,0.071,-0.328,Consumer,Consumer Defensive,Household & Personal Products,2026-05-27,FMCG – Personal Care,0,0,0,34.5,11.77,50.02,57.83,23.134999999999998,31.98,WEAK GROWTH,20
PULZ,2282207232.0,MICRO CAP,104.65,197.45285,6.4766674,0.11808,29.432,0.0957850025,0.063525002,0.116,0.159,Misc,Unknown,Unknown,2026-05-27,Diversified,0,1,0,49.96,50.02,50.02,50.02,49.99,50.0,SLOW GROWTH,20
CANARYS,3094309632.0,MICRO CAP,54.1,38.920864,3.260804,0.11808,29.432,0.0957850025,0.063525002,0.116,0.159,Misc,Unknown,Unknown,2026-05-27,Diversified,0,1,0,49.96,50.02,50.02,50.02,49.99,50.0,SLOW GROWTH,20
TIRUPATI,7577269760.0,MICRO CAP,748.0,83.48214,8.073831,0.11808,29.432,0.0957850025,0.063525002,0.116,0.159,Misc,Unknown,Unknown,2026-05-27,Diversified,0,1,0,49.96,50.02,50.02,50.02,49.99,50.0,SLOW GROWTH,20
SPECTSTM,2535621888.0,MICRO CAP,109.8,44.816326,1.5529312,0.11808,29.432,0.0957850025,0.063525002,0.116,0.159,Misc,Unknown,Unknown,2026-05-27,Diversified,0,1,0,49.96,50.02,50.02,50.02,49.99,50.0,SLOW GROWTH,20
KCK,13610764288.0,SMALL CAP,214.0,511.39656400000433,11.703582,0.11808,29.432,0.0957850025,0.063525002,0.116,0.159,Misc,Unknown,Unknown,2026-05-27,Diversified,0,1,0,49.96,50.02,50.02,50.02,49.99,50.0,SLOW GROWTH,20
SKP,3651170048.0,MICRO CAP,219.95,68.949844,7.1806335,0.11808,29.432,0.0957850025,0.063525002,0.116,0.159,Misc,Unknown,Unknown,2026-05-27,Diversified,0,1,0,49.96,50.02,50.02,50.02,49.99,50.0,SLOW GROWTH,20
PROV,3756893184.0,MICRO CAP,1090.0,41.07008,2.8903112,0.11808,29.432,0.0957850025,0.063525002,0.116,0.159,Misc,Unknown,Unknown,2026-05-27,Diversified,0,1,0,49.96,50.02,50.02,50.02,49.99,50.0,SLOW GROWTH,20
WEL,12561909760.0,SMALL CAP,93.73999786376953,92.81188,14.250531,0.11808,91.622,0.02021,0.01897,-0.311,-0.895,Misc,Consumer Cyclical,"Furnishings, Fixtures & Appliances",2026-05-27,"Furnishings, Fixtures & Appliances",0,0,0,5.86,1.52,50.02,17.45,3.6900000000000004,14.33,WEAK GROWTH,20
MDL,1949641472.0,MICRO CAP,109.9,47.99127,3.02222,0.11808,29.432,0.0957850025,0.063525002,0.116,0.159,Misc,Unknown,Unknown,2026-05-27,Diversified,0,1,0,49.96,50.02,50.02,50.02,49.99,50.0,SLOW GROWTH,20
PATTECH,759816448.0,MICRO CAP,97.95,75.93023,2.363259,0.11808,29.432,0.0957850025,0.063525002,0.116,0.159,Misc,Unknown,Unknown,2026-05-27,Diversified,0,1,0,49.96,50.02,50.02,50.02,49.99,50.0,SLOW GROWTH,20
KCPSUGIND,2834207488.0,MICRO CAP,24.799999237060547,68.888885,0.55574226,0.11808,13.03,0.02173,0.01599,-0.232,0.159,Misc,Consumer Defensive,Confectioners,2026-05-27,Confectioners,0,0,0,8.04,50.02,50.02,17.96,29.03,32.12,WEAK GROWTH,20
VIDYAWIRES,23387645952.0,SMALL CAP,109.95999908447266,40.575645,9.410355,0.11808,99.197,0.050580002,0.03131,0.293,0.091,Misc,Industrials,Electrical Equipment & Parts,2026-05-27,Electrical Equipment & Parts,0,0,0,80.28,28.89,50.02,27.22,54.585,50.94,SLOW GROWTH,20
TVSSRICHAK,27986518016.0,SMALL CAP,3655.0,62.73601,2.4223938,0.11808,68.917,0.04567,0.01285,0.142,0.159,Automobiles,Consumer Cyclical,Auto Parts,2026-05-27,Auto Components,0,1,0,62.34,50.02,50.02,25.22,56.18000000000001,51.85,SLOW GROWTH,20
APEX,13951562752.0,SMALL CAP,446.45001220703125,42.23747,2.7392597,0.11808,7.972,0.039809998,0.03447,0.145,0.159,Misc,Consumer Defensive,Farm Products,2026-05-27,Farm Products,0,1,0,62.92,50.02,50.02,23.33,56.47,51.87,SLOW GROWTH,20
TASTYBITE,19560617984.0,SMALL CAP,7623.0,55.263157,6.136505,0.11808,20.737,0.13742,0.06058,0.002,0.342,Misc,Consumer Defensive,Packaged Foods,2026-05-27,Packaged Foods,0,0,0,23.33,76.81,50.02,68.57,50.07,51.91,SLOW GROWTH,20
ASTRAL,425971712000.0,MID CAP,1585.5999755859375,79.71845,10.495379,0.13798,6.168,0.14791,0.08169,0.242,0.189,Misc,Industrials,Building Products & Equipment,2026-05-27,Building Products & Equipment,0,1,0,75.85,68.72,80.63,71.46,72.285,73.87,HIGH GROWTH,20
MCL,1674710784.0,MICRO CAP,61.70000076293945,36.294117,3.3774908,0.11808,112.554,0.0381,0.01721,0.607,-0.152,Metals,Basic Materials,Copper,2026-05-27,Copper,0,0,0,91.7,17.53,50.02,22.8,54.615,50.51,SLOW GROWTH,20
GPECO,4225256448.0,MICRO CAP,360.8,40.676437,5.3007374,0.11808,29.432,0.0957850025,0.063525002,0.116,0.159,Misc,Unknown,Unknown,2026-05-27,Diversified,0,1,0,49.96,50.02,50.02,50.02,49.99,50.0,SLOW GROWTH,20
SAFARI,74718216192.0,SMALL CAP,1525.0,43.79667,7.150426,0.16223,10.456,0.092819996,0.081949994,0.124,-0.003,Misc,Consumer Cyclical,Footwear & Accessories,2026-05-27,Footwear & Accessories,0,0,0,59.18,23.17,85.63,42.91,41.175,50.24,SLOW GROWTH,20
MOBIKWIK,15706687488.0,SMALL CAP,199.5,26.636591000000003,2.8981507,-0.11015,51.207,0.15317,-0.0538,0.105,0.159,Technology,Technology,Software - Infrastructure,2026-05-27,Software Products,0,1,0,40.2,50.02,1.8,72.59,45.11,39.2,WEAK GROWTH,20
SPCL,7894292992.0,MICRO CAP,327.35,67.77433,6.6882563,0.11808,29.432,0.0957850025,0.063525002,0.116,0.159,Misc,Unknown,Unknown,2026-05-27,Diversified,0,1,0,49.96,50.02,50.02,50.02,49.99,50.0,SLOW GROWTH,20
AATMAJ,604550016.0,MICRO CAP,26.75,68.589745,1.1778433,0.11808,29.432,0.0957850025,0.063525002,0.116,0.159,Misc,Unknown,Unknown,2026-05-27,Diversified,0,1,0,49.96,50.02,50.02,50.02,49.99,50.0,SLOW GROWTH,20
WIPL,1241867648.0,MICRO CAP,146.32000732421875,56.713184,2.4794538,0.11808,44.281,0.0461,0.0178,0.018,-0.019,Misc,Basic Materials,Lumber & Wood Production,2026-05-27,Lumber & Wood Production,0,0,0,25.42,22.45,50.02,25.54,23.935000000000002,29.31,WEAK GROWTH,20
PCCL,7700225024.0,MICRO CAP,311.75,81.1849,4.0426636,0.11808,29.432,0.0957850025,0.063525002,0.116,0.159,Misc,Unknown,Unknown,2026-05-27,Diversified,0,1,0,49.96,50.02,50.02,50.02,49.99,50.0,SLOW GROWTH,20
VINYAS,14406366208.0,SMALL CAP,1144.75,66.2471,6.7046385,0.11808,29.432,0.0957850025,0.063525002,0.116,0.159,Misc,Unknown,Unknown,2026-05-27,Diversified,0,1,0,49.96,50.02,50.02,50.02,49.99,50.0,SLOW GROWTH,20
MICEL,10749114368.0,SMALL CAP,44.599998474121094,26.636591000000003,4.703153,-0.05751,20.387,0.24484,-0.06631,0.133,0.159,Misc,Technology,Electronic Components,2026-05-27,Electronic Components,0,1,0,60.84,50.02,2.34,84.85,55.43000000000001,47.75,SLOW GROWTH,20
KKVAPOW,598370048.0,MICRO CAP,959.6,36.075188,2.301508,0.11808,29.432,0.0957850025,0.063525002,0.116,0.159,Misc,Unknown,Unknown,2026-05-27,Diversified,0,1,0,49.96,50.02,50.02,50.02,49.99,50.0,SLOW GROWTH,20
TAC,10495319040.0,SMALL CAP,500.75,73.31625,15.532431,0.11808,29.432,0.0957850025,0.063525002,0.116,0.159,Misc,Unknown,Unknown,2026-05-27,Diversified,0,1,0,49.96,50.02,50.02,50.02,49.99,50.0,SLOW GROWTH,20
PRECISION,1095147520.0,MICRO CAP,47.7,136.28572,1.3408669,0.11808,29.432,0.0957850025,0.063525002,0.116,0.159,Misc,Unknown,Unknown,2026-05-27,Diversified,0,1,0,49.96,50.02,50.02,50.02,49.99,50.0,SLOW GROWTH,20
RAMRAT,45414322176.0,SMALL CAP,486.5,52.765724,8.938414,0.11808,122.585,0.049829997,0.01968,0.438,0.796,Misc,Industrials,Electrical Equipment & Parts,2026-05-27,Electrical Equipment & Parts,0,1,0,87.31,86.22,50.02,26.94,86.765,73.43,HIGH GROWTH,20
JAIBALAJI,66594357248.0,SMALL CAP,73.0,36.138615,3.000041,0.11808,20.642,0.01721,0.0327,-0.106,-0.902,Misc,Basic Materials,Steel,2026-05-27,Steel,0,0,0,13.8,1.31,50.02,16.56,7.555000000000001,16.95,WEAK GROWTH,20
ETHOSLTD,64122130432.0,SMALL CAP,2396.39990234375,66.14408,4.437605,0.11808,19.497,0.07809,0.06327,0.267,-0.049,Misc,Consumer Cyclical,Luxury Goods,2026-05-27,Luxury Goods,0,0,0,78.13,21.2,50.02,37.6,49.665,48.53,SLOW GROWTH,20
VMART,52974993408.0,SMALL CAP,665.9500122070312,56.628403,6.2360125,0.14081,100.682,0.026919998,0.03272,0.245,-0.358,Misc,Consumer Cyclical,Department Stores,2026-05-27,Department Stores,0,0,0,76.14,11.05,81.18,19.09,43.595,48.66,SLOW GROWTH,20
ASPIRE,1646813056.0,MICRO CAP,108.5,42.885376,3.2665963,0.11808,29.432,0.0957850025,0.063525002,0.116,0.159,Misc,Unknown,Unknown,2026-05-27,Diversified,0,1,0,49.96,50.02,50.02,50.02,49.99,50.0,SLOW GROWTH,20
EFORCE,1717560064.0,MICRO CAP,73.4,133.45454,2.3679712,0.11808,29.432,0.0957850025,0.063525002,0.116,0.159,Misc,Unknown,Unknown,2026-05-27,Diversified,0,1,0,49.96,50.02,50.02,50.02,49.99,50.0,SLOW GROWTH,20
MONOPHARMA,721760832.0,MICRO CAP,40.85,88.804344,2.682382,0.11808,29.432,0.0957850025,0.063525002,0.116,0.159,Misc,Unknown,Unknown,2026-05-27,Diversified,0,1,0,49.96,50.02,50.02,50.02,49.99,50.0,SLOW GROWTH,20
TCL,4487142400.0,MICRO CAP,194.0,37.964775,4.477164,0.11808,29.432,0.0957850025,0.063525002,0.116,0.159,Misc,Unknown,Unknown,2026-05-27,Diversified,0,1,0,49.96,50.02,50.02,50.02,49.99,50.0,SLOW GROWTH,20
UEL,18727718912.0,SMALL CAP,140.38999938964844,511.39656400000433,53.665905,0.11808,27.068,-0.11807,0.115200005,-0.274,0.159,Misc,Technology,Solar,2026-05-27,Solar,0,0,0,6.66,50.02,50.02,7.13,28.340000000000003,30.56,WEAK GROWTH,20
PASHUPATI,15588278272.0,SMALL CAP,98.76000213623047,106.19355,9.732926,0.11808,56.803,0.01781,0.022739999,-0.035,1.754,Misc,Consumer Cyclical,Textile Manufacturing,2026-05-27,Textile Manufacturing,0,0,0,18.76,92.58,50.02,16.67,55.67,50.64,SLOW GROWTH,20
KSHINTL,55413993472.0,SMALL CAP,817.8499755859375,44.56948,13.253978,0.11808,139.569,0.05178,0.036229998,0.585,-0.119,Misc,Industrials,Electrical Equipment & Parts,2026-05-27,Electrical Equipment & Parts,0,0,0,91.1,18.57,50.02,27.65,54.834999999999994,51.15,SLOW GROWTH,20
STYLEBAAZA,25892220928.0,SMALL CAP,347.0,55.16693,5.7592406,0.10977,221.076,0.00091,0.02546,0.348,0.159,Misc,Consumer Cyclical,Apparel Retail,2026-05-27,Apparel Retail,0,1,0,83.62,50.02,22.41,13.35,66.82000000000001,52.59,SLOW GROWTH,20
OLECTRA,100630978560.0,MID CAP,1226.0,70.21764,8.961726,0.11808,32.542,0.121070005,0.020079998,0.288,0.002,Misc,Industrials,Farm & Heavy Construction Machinery,2026-05-27,Farm & Heavy Construction Machinery,0,0,0,79.77,23.88,50.02,64.19,51.824999999999996,52.7,SLOW GROWTH,20
BLUESTARCO,341468807168.0,MID CAP,1660.9000244140625,64.87891,9.945569,0.16222,23.588,0.068280004,0.04255,0.013,0.171,Misc,Industrials,Building Products & Equipment,2026-05-27,Building Products & Equipment,0,0,0,24.6,67.77,85.59,33.58,46.185,52.81,SLOW GROWTH,20
RHIM,86080118784.0,SMALL CAP,416.8500061035156,50.162453,2.1492653,0.11808,10.315,0.085530005,0.042779997,0.08,0.3,Misc,Industrials,Metal Fabrication,2026-05-27,Metal Fabrication,0,0,0,35.86,75.2,50.02,40.34,55.53,52.91,SLOW GROWTH,20
AERONEU,2284493824.0,MICRO CAP,88.55999755859375,155.36842,2.1480546,0.11808,27.163,0.04117,0.01714,-0.045,16.33808000000006,Misc,Consumer Cyclical,Packaging & Containers,2026-05-27,Packaging & Containers,0,0,0,17.81,99.51,50.02,23.78,58.660000000000004,53.44,SLOW GROWTH,20
XTGLOBAL,4312077312.0,MICRO CAP,32.150001525878906,48.71212,2.2905388,0.11808,25.53,0.07716,0.02715,0.886,-0.214,Technology,Technology,Software - Application,2026-05-27,SaaS,0,0,0,94.69,15.17,50.02,37.0,54.93,52.16,SLOW GROWTH,20
TEAMLEASE,23369111552.0,SMALL CAP,1394.0,417.3653,2.4359684,0.14261,10.971,0.01052,0.011849999,0.023,0.256,Misc,Industrials,Staffing & Employment Services,2026-05-27,Staffing & Employment Services,0,0,0,26.42,72.61,81.61,15.03,49.515,52.49,SLOW GROWTH,20
DRSDILIP,1762301184.0,MICRO CAP,117.0,58.5,3.5007927,0.11808,29.432,0.0957850025,0.063525002,0.116,0.159,Misc,Unknown,Unknown,2026-05-27,Diversified,0,1,0,49.96,50.02,50.02,50.02,49.99,50.0,SLOW GROWTH,20
BIRET,218665304064.0,MID CAP,263.49,36.094517,1.1524885,0.11808,29.432,0.0957850025,0.063525002,0.116,0.159,Misc,Unknown,Unknown,2026-05-27,Diversified,0,1,0,49.96,50.02,50.02,50.02,49.99,50.0,SLOW GROWTH,20
KEI,517208768512.0,LARGE CAP,5410.10009765625,56.337605,7.7600203,0.14753,3.796,0.10158,0.07818,0.187,0.255,Misc,Industrials,Electrical Equipment & Parts,2026-05-27,Electrical Equipment & Parts,0,1,0,68.9,72.47,82.7,58.14,70.685,71.83,HIGH GROWTH,20
PGEL,134660734976.0,MID CAP,471.70001220703125,48.083588,4.9840455,0.11808,20.346,0.067210004,0.05052,0.459,0.476,Misc,Technology,Electronic Components,2026-05-27,Electronic Components,0,1,0,87.84,80.52,50.02,33.11,84.18,72.24,HIGH GROWTH,20
VMM,565456601088.0,LARGE CAP,120.93000030517578,67.55866,8.09167,0.12149999,26.817,0.079380006,0.065019995,0.222,0.44,Misc,Consumer Cyclical,Department Stores,2026-05-27,Department Stores,0,1,0,73.53,79.79,76.69,37.88,76.66,72.79,HIGH GROWTH,20
HARDWYN,12562523136.0,SMALL CAP,25.719999313354492,107.166664,3.100663,0.11808,1.527,0.052010003,0.06179,0.058,-0.5,Misc,Industrials,Building Products & Equipment,2026-05-27,Building Products & Equipment,0,0,0,31.71,7.67,50.02,27.72,19.69,26.56,WEAK GROWTH,20
MEDICAMEQ,3628730880.0,MICRO CAP,267.54998779296875,45.891937,1.6606976,0.11808,14.033,0.06498,0.04512,0.051,-0.474,Misc,Healthcare,Drug Manufacturers - Specialty & Generic,2026-05-27,Drug Manufacturers - Specialty & Generic,0,0,0,30.3,8.43,50.02,32.37,19.365000000000002,26.8,WEAK GROWTH,20
KINGFA,75794227200.0,SMALL CAP,5593.10009765625,43.798748,5.8547306,0.11808,1.438,0.13354,0.089049995,0.111,0.166,Chemicals,Basic Materials,Specialty Chemicals,2026-05-27,Specialty Chemicals,0,1,0,41.06,67.53,50.02,67.43,54.295,54.75,SLOW GROWTH,20
RELAXO,75465736192.0,SMALL CAP,303.1499938964844,44.91111,3.5592265,0.11808,10.214,0.04528,0.06342,0.002,-0.197,Misc,Consumer Cyclical,Footwear & Accessories,2026-05-27,Footwear & Accessories,0,0,0,23.33,15.64,50.02,25.03,19.485,26.15,WEAK GROWTH,20
VASWANI,1788855424.0,MICRO CAP,54.209999084472656,200.77777,1.1401349,0.11808,174.83,0.00986,0.00191,0.214,0.159,Misc,Basic Materials,Steel,2026-05-27,Steel,0,1,0,72.61,50.02,50.02,14.84,61.315,54.41,SLOW GROWTH,20
KHFM,1608386688.0,MICRO CAP,74.35,50.578228,2.6378343,0.11808,29.432,0.0957850025,0.063525002,0.116,0.159,Misc,Unknown,Unknown,2026-05-27,Diversified,0,1,0,49.96,50.02,50.02,50.02,49.99,50.0,SLOW GROWTH,20
SHALBY,18388860928.0,SMALL CAP,171.3800048828125,219.71796,1.8566105,0.11808,53.318,0.04646,0.0072000003,-0.013,0.159,Misc,Healthcare,Medical Care Facilities,2026-05-27,Medical Care Facilities,0,0,0,21.34,50.02,50.02,25.65,35.68,37.54,WEAK GROWTH,20
ASTRAZEN,212500004864.0,MID CAP,8500.0,105.38061,26.593332,0.11808,12.679,0.10479999,0.092259996,0.217,-0.23,Misc,Healthcare,Drug Manufacturers - Specialty & Generic,2026-05-27,Drug Manufacturers - Specialty & Generic,0,0,0,72.92,14.37,50.02,59.0,43.645,46.46,SLOW GROWTH,20
ADL,425261504.0,MICRO CAP,76.4000015258789,511.39656400000433,0.8521365,0.11808,37.099,0.0152199995,0.00037999998,-0.124,1.0,Misc,Consumer Cyclical,"Furnishings, Fixtures & Appliances",2026-05-27,"Furnishings, Fixtures & Appliances",0,0,0,12.12,88.11,50.02,16.01,50.115,46.69,SLOW GROWTH,20
GOPAL,36771282944.0,SMALL CAP,295.0,49.915398,8.4796915,0.11808,14.964,0.05,0.00296,0.018,1.884,Misc,Consumer Defensive,Packaged Foods,2026-05-27,Packaged Foods,0,0,0,25.42,93.01,50.02,27.0,59.215,54.15,SLOW GROWTH,20
SONAMLTD,2244994560.0,MICRO CAP,56.08000183105469,35.49367,3.3687754,0.11808,30.114,0.08349,0.04403,0.508,0.038,Misc,Consumer Cyclical,"Furnishings, Fixtures & Appliances",2026-05-27,"Furnishings, Fixtures & Appliances",0,0,0,89.26,25.69,50.02,39.4,57.475,54.18,SLOW GROWTH,20
SANSTAR,20502478848.0,SMALL CAP,112.5,108.17308,3.5828025,0.11808,3.402,0.07677,0.02463,-0.051,-0.042,Misc,Basic Materials,Chemicals,2026-05-27,Chemicals,0,0,0,17.24,21.44,50.02,36.78,19.34,27.22,WEAK GROWTH,20
LANDMARK,15717274624.0,SMALL CAP,379.04998779296875,66.26749,2.7597778,0.11808,166.568,0.02664,0.00503,0.126,0.248,Misc,Consumer Cyclical,Auto & Truck Dealerships,2026-05-27,Auto & Truck Dealerships,0,1,0,59.63,72.08,50.02,18.9,65.855,57.99,MODERATE GROWTH,20
MAANALU,8625223680.0,MICRO CAP,143.7899932861328,50.809185,4.146074,0.11808,44.279,0.024300002,0.01908,-0.166,-0.071,Misc,Basic Materials,Aluminum,2026-05-27,Aluminum,0,0,0,10.05,20.38,50.02,18.39,15.215,22.49,WEAK GROWTH,20
OPTIEMUS,36628467712.0,SMALL CAP,413.0,55.735493,5.092353,0.11808,32.446,0.05278,0.03808,-0.088,-0.223,Misc,Technology,Electronics & Computer Distribution,2026-05-27,Electronics & Computer Distribution,0,0,0,14.8,14.55,50.02,28.11,14.675,23.09,WEAK GROWTH,20
SCODATUBES,7426906624.0,MICRO CAP,123.97000122070312,40.513073,1.9132354,0.11808,54.523,0.13582,0.07585,0.173,-0.159,Misc,Basic Materials,Steel,2026-05-27,Steel,0,0,0,66.71,17.36,50.02,68.14,42.035,46.24,SLOW GROWTH,20
COOLCAPS,46952464384.0,SMALL CAP,343.0,329.8077,134.29915,0.11808,29.432,0.0957850025,0.063525002,0.116,0.159,Misc,Unknown,Unknown,2026-05-27,Diversified,0,1,0,49.96,50.02,50.02,50.02,49.99,50.0,SLOW GROWTH,20
MOS,46866432000.0,SMALL CAP,187.95,253.98648,20.955513,0.11808,29.432,0.0957850025,0.063525002,0.116,0.159,Misc,Unknown,Unknown,2026-05-27,Diversified,0,1,0,49.96,50.02,50.02,50.02,49.99,50.0,SLOW GROWTH,20
AILIMITED,566027584.0,MICRO CAP,94.0,70.67669,5.346377,0.11808,29.432,0.0957850025,0.063525002,0.116,0.159,Misc,Unknown,Unknown,2026-05-27,Diversified,0,1,0,49.96,50.02,50.02,50.02,49.99,50.0,SLOW GROWTH,20
INNOVACAP,49473810432.0,SMALL CAP,864.5499877929688,35.1015,4.8494487,0.13746999,31.508,0.11993,0.08645,0.423,0.286,Misc,Healthcare,Drug Manufacturers - Specialty & Generic,2026-05-27,Drug Manufacturers - Specialty & Generic,0,1,0,86.78,74.39,80.44,63.92,80.58500000000001,78.89,HIGH GROWTH,20
ADVAIT,23344549888.0,SMALL CAP,2134.5,51.458534,10.074146,0.11808,31.997,0.11015,0.06746,1.144,0.654,Misc,Industrials,Specialty Industrial Machinery,2026-05-27,Specialty Industrial Machinery,0,1,0,95.94,83.97,50.02,61.23,89.955,79.1,HIGH GROWTH,20
LATTEYS,1398298368.0,MICRO CAP,24.31999969482422,78.451614,6.639366,0.11808,36.75,0.05213,0.025999999,0.95,3.0,Misc,Industrials,Specialty Industrial Machinery,2026-05-27,Specialty Industrial Machinery,0,1,0,94.98,95.31,50.02,27.8,95.14500000000001,79.39,HIGH GROWTH,20
RETAIL,164174048.0,MICRO CAP,20.010000228881836,105.31579,0.5545855,0.11808,29.565,0.032,0.00916,0.02,0.159,Misc,Consumer Defensive,Grocery Stores,2026-05-27,Grocery Stores,0,0,0,25.85,50.02,50.02,20.93,37.935,38.65,WEAK GROWTH,20
SERVOTECH,21010360320.0,SMALL CAP,93.02999877929688,74.423996,7.232934,0.118719995,71.469,0.07117,0.04996,0.486,0.35,Misc,Industrials,Electrical Equipment & Parts,2026-05-27,Electrical Equipment & Parts,0,1,0,88.64,76.96,75.91,34.56,82.8,76.6,HIGH GROWTH,20
SHREYANIND,2057093120.0,MICRO CAP,148.8000030517578,5.8102303,0.4675849,0.01516,14.387,-0.0641,0.010199999,-0.042,0.159,Misc,Basic Materials,Paper & Paper Products,2026-05-27,Paper & Paper Products,0,0,0,18.12,50.02,6.44,8.55,34.07,25.99,WEAK GROWTH,20
RAMCOSYS,17290508288.0,SMALL CAP,460.04998779296875,77.0603,5.301886,0.12493,12.101,0.06944,0.05969,0.194,3.597,Technology,Technology,Software - Application,2026-05-27,SaaS,0,1,0,69.86,95.98,77.43,33.97,82.92,76.93,HIGH GROWTH,20
CPPLUS,312209506304.0,MID CAP,2649.199951171875,123.39078,18.725702,0.11808,8.041,0.11205,0.067210004,0.373,1.235,Misc,Industrials,Building Products & Equipment,2026-05-27,Building Products & Equipment,0,1,0,84.6,89.79,50.02,61.77,87.195,77.22,HIGH GROWTH,20
HPIL,1530488064.0,MICRO CAP,133.97000122070312,139.5521,2.994613,0.11808,73.098,0.0277,0.00889,0.113,0.462,Chemicals,Basic Materials,Specialty Chemicals,2026-05-27,Specialty Chemicals,0,1,0,41.53,80.2,50.02,19.41,60.865,54.55,SLOW GROWTH,20
DAVANGERE,5891561984.0,MICRO CAP,4.119999885559082,82.399994,0.119687416,0.11808,46.8,0.12372,0.040120002,0.13,0.159,Misc,Consumer Defensive,Confectioners,2026-05-27,Confectioners,0,1,0,60.13,50.02,50.02,64.97,55.075,55.05,MODERATE GROWTH,20
BTML,1193754368.0,MICRO CAP,6.570000171661377,131.4,1.260069,0.11808,32.08,0.08911,0.055689998,1.312,-0.071,Misc,Communication Services,Entertainment,2026-05-27,Entertainment,0,0,0,96.62,20.38,50.02,41.47,58.5,55.1,MODERATE GROWTH,20
IFGLEXPOR,12624570368.0,SMALL CAP,175.14999389648438,43.7875,1.1099211,0.11808,19.053,0.00659,0.01551,0.237,0.159,Misc,Basic Materials,Building Materials,2026-05-27,Building Materials,0,1,0,75.56,50.02,50.02,14.06,62.790000000000006,55.36,MODERATE GROWTH,20
INDIQUBE,34759131136.0,SMALL CAP,163.9600067138672,26.636591000000003,6.0122476,-0.2580168,606.1040000000002,0.22388001,-0.06962,0.386,0.159,Misc,Real Estate,Real Estate Services,2026-05-27,Real Estate Services,0,1,0,85.4,50.02,0.53,83.29,67.71000000000001,55.83,MODERATE GROWTH,20
JUBLINGREA,109612998656.0,MID CAP,695.0,39.714287,3.6085713,0.11808,26.51,0.07756,0.062319998,-0.005,-0.323,Chemicals,Basic Materials,Specialty Chemicals,2026-05-27,Specialty Chemicals,0,0,0,22.32,11.89,50.02,37.33,17.105,25.71,WEAK GROWTH,20
PAKKA,4063308288.0,MICRO CAP,90.4000015258789,67.462685,0.90043426,0.11808,66.419,0.13428001,0.018960001,-0.089,-0.35,Misc,Basic Materials,Paper & Paper Products,2026-05-27,Paper & Paper Products,0,0,0,14.7,11.25,50.02,67.67,12.975,25.85,WEAK GROWTH,20
HITECHGEAR,11005925376.0,SMALL CAP,585.0,48.79066,2.2734869,0.11808,29.432,0.10385,0.05585,0.363,1.263,Automobiles,Consumer Cyclical,Auto Parts,2026-05-27,Auto Components,0,1,0,84.09,90.04,50.02,58.53,87.065,76.8,HIGH GROWTH,20
NATCAPSUQ,1608711424.0,MICRO CAP,154.88999938964844,26.636591000000003,0.7062799,0.11808,45.685,-0.17715,-0.11033,-0.139,0.159,Misc,Healthcare,Drug Manufacturers - Specialty & Generic,2026-05-27,Drug Manufacturers - Specialty & Generic,0,0,0,11.19,50.02,50.02,5.94,30.605,32.02,WEAK GROWTH,18
RAMANEWS,4471287296.0,MICRO CAP,29.709999084472656,26.636591000000003,-5.30441,0.11808,29.432,-0.0678,-0.8954719999999999,-0.12,0.159,Misc,Consumer Defensive,Beverages - Non-Alcoholic,2026-05-27,Beverages - Non-Alcoholic,0,0,0,12.38,50.02,50.02,8.36,31.200000000000003,32.68,WEAK GROWTH,18
CENTRUM,10776064000.0,SMALL CAP,22.709999084472656,26.636591000000003,2.1279984,0.11808,307.801,-1.09132,-0.22763,-0.094,0.159,Financials,Financial Services,Financial Conglomerates,2026-05-27,NBFC – Investment,0,0,0,14.41,50.02,50.02,2.07,32.215,32.76,WEAK GROWTH,18
CIFL,9588700160.0,MICRO CAP,24.520000457763672,24.52,1.3994635,0.04757,139.224,0.14394,0.07361,-0.07,0.159,Financials,Financial Services,Credit Services,2026-05-27,NBFC – Lending,0,0,0,15.91,50.02,10.66,70.52,32.965,32.26,WEAK GROWTH,18
BODALCHEM,9565451264.0,MICRO CAP,75.94999694824219,31.64583,0.82492477,0.042280003,70.251,0.09177,0.02329,0.304,1.217,Chemicals,Basic Materials,Specialty Chemicals,2026-05-27,Specialty Chemicals,0,1,0,81.14,89.69,9.64,42.35,85.41499999999999,65.95,MODERATE GROWTH,18
GAEL,73547841536.0,SMALL CAP,160.35000610351562,24.18552,2.2323232,0.09664,13.384,0.1099,0.05312,0.158,3.214,Misc,Consumer Defensive,Packaged Foods,2026-05-27,Packaged Foods,0,1,0,64.55,95.67,19.06,61.19,80.11,66.01,MODERATE GROWTH,18
ZODIACLOTH,2143107328.0,MICRO CAP,78.05000305175781,26.636591000000003,1.0981048,0.11808,61.685,-0.20056999,-0.19993,-0.098,0.159,Misc,Consumer Cyclical,Apparel Manufacturing,2026-05-27,Apparel Manufacturing,0,0,0,14.23,50.02,50.02,5.7,32.125,33.06,WEAK GROWTH,18
SEPC,15700291584.0,SMALL CAP,8.069999694824219,29.888887,0.8898445,0.031229999,18.404,0.08443,0.049310002,1.453,0.232,Industrials,Industrials,Engineering & Construction,2026-05-27,Engineering & EPC,0,1,0,96.99,71.26,8.3,39.79,84.125,64.53,MODERATE GROWTH,18
IOLCP,38795530240.0,SMALL CAP,132.1699981689453,28.181236,2.2174685,0.07896,7.529,0.11652,0.05935,0.174,0.697,Misc,Healthcare,Drug Manufacturers - Specialty & Generic,2026-05-27,Drug Manufacturers - Specialty & Generic,0,1,0,66.85,84.85,15.54,63.18,75.85,62.52,MODERATE GROWTH,18
SMLT,1039188992.0,MICRO CAP,75.91000366210938,27.404333,0.8446834,0.037720002,5.31,0.03849,0.023729999,0.303,1.224,Misc,Industrials,Metal Fabrication,2026-05-27,Metal Fabrication,0,1,0,81.02,89.73,9.2,22.88,85.375,63.89,MODERATE GROWTH,18
ELGIRUBCO,2534532096.0,MICRO CAP,50.63999938964844,26.636591000000003,1.521406,0.11808,183.179,-0.27504,-0.14099,0.094,0.159,Automobiles,Consumer Cyclical,Auto Parts,2026-05-27,Auto Components,0,0,0,38.4,50.02,50.02,5.12,44.21,41.46,SLOW GROWTH,18
BCPL,1389734272.0,MICRO CAP,83.0999984741211,21.584415,1.4301203,0.06757,71.382,0.09312,0.03066,-0.255,-0.537,Misc,Industrials,Infrastructure Operations,2026-05-27,Infrastructure Operations,0,0,0,7.13,6.79,13.51,42.95,6.96,11.87,WEAK GROWTH,18
DVL,8621342720.0,MICRO CAP,246.14999389648438,26.636591000000003,0.2669181,0.11808,16.554,-0.33536,-0.04659,-0.467,-0.92732,Misc,Financial Services,Capital Markets,2026-05-27,Capital Markets,0,0,0,3.61,0.53,50.02,4.45,2.07,11.9,WEAK GROWTH,18
SURYALAXMI,1100109440.0,MICRO CAP,58.5,21.507353,0.40561903,0.01149,94.622,0.03496,0.00387,-0.018,-0.707,Misc,Consumer Cyclical,Textile Manufacturing,2026-05-27,Textile Manufacturing,0,0,0,20.58,3.85,5.78,21.87,12.215,11.89,WEAK GROWTH,18
IKIO,12108340224.0,SMALL CAP,156.67999267578125,32.172485,2.010935,0.07095,11.438,0.10614,0.063540004,0.473,0.159,Misc,Technology,Electronic Components,2026-05-27,Electronic Components,0,1,0,88.36,50.02,14.08,59.55,69.19,57.2,MODERATE GROWTH,18
MMP,7163536384.0,MICRO CAP,282.0,30.000002,2.2331858,0.09257,53.253,0.07463,0.03757,0.118,0.656,Misc,Basic Materials,Aluminum,2026-05-27,Aluminum,0,1,0,58.1,84.03,18.12,36.08,71.065,56.98,MODERATE GROWTH,18
NSLNISP,134514810880.0,MID CAP,45.900001525878906,26.636591000000003,1.0371242,0.11808,40.766,-0.05135,-0.06401,0.419,0.159,Misc,Basic Materials,Steel,2026-05-27,Steel,0,1,0,86.65,50.02,50.02,8.86,68.33500000000001,58.72,MODERATE GROWTH,18
NECLIFE,2399123200.0,MICRO CAP,12.350000381469727,26.636591000000003,0.38626343,0.11808,64.007,-0.05414,-0.21256,0.116,0.829,Misc,Healthcare,Drug Manufacturers - Specialty & Generic,2026-05-27,Drug Manufacturers - Specialty & Generic,0,1,0,49.96,86.57,50.02,8.79,68.265,58.67,MODERATE GROWTH,18
KIRLOSIND,32801030144.0,SMALL CAP,3117.0,20.641018,0.47596806,0.04326,13.481,0.10556,0.0229,0.029,-0.062,Misc,Industrials,Metal Fabrication,2026-05-27,Metal Fabrication,0,0,0,27.27,20.66,9.84,59.31,23.965,24.67,WEAK GROWTH,18
ATALREAL,3745383424.0,MICRO CAP,30.229999542236328,30.535353,2.021668,0.079569995,14.083,0.072230004,0.05407,0.378,8.929,Industrials,Industrials,Engineering & Construction,2026-05-27,Engineering & EPC,0,1,0,84.81,98.05,15.7,35.14,91.43,70.65,HIGH GROWTH,18
SITINET,392659936.0,MICRO CAP,0.3400000035762787,26.636591000000003,-0.028916482,0.11808,29.432,-0.095790006,-0.18236999,-0.122,0.159,Misc,Communication Services,Entertainment,2026-05-27,Entertainment,0,0,0,12.28,50.02,50.02,7.61,31.150000000000002,32.57,WEAK GROWTH,18
ISHANCH,1732565376.0,MICRO CAP,63.400001525878906,26.636591000000003,0.97464985,0.11808,62.878,-0.19035,-0.16657,-0.118,0.159,Misc,Basic Materials,Chemicals,2026-05-27,Chemicals,0,0,0,12.63,50.02,50.02,5.74,31.325000000000003,32.51,WEAK GROWTH,18
IRCON,131032653824.0,MID CAP,139.32000732421875,22.044304,2.034849,0.09084,85.833,0.098780006,0.06267,-0.035,-0.088,Industrials,Industrials,Engineering & Construction,2026-05-27,Engineering & EPC,0,0,0,18.76,19.72,17.81,57.13,19.240000000000002,22.74,WEAK GROWTH,18
SOMANYCERA,21135949824.0,SMALL CAP,515.3499755859375,26.067272,2.5067735,0.08397,40.692,0.07953,0.0291,0.064,0.768,Misc,Industrials,Building Products & Equipment,2026-05-27,Building Products & Equipment,0,0,0,32.86,85.83,16.6,38.07,59.345,48.67,SLOW GROWTH,18
KAKATCEM,960149248.0,MICRO CAP,123.51000213623047,26.636591000000003,0.5002207,0.11808,4.858,-0.50523996,-0.32766998,-0.245,0.159,Misc,Basic Materials,Building Materials,2026-05-27,Building Materials,0,0,0,7.5,50.02,50.02,3.36,28.76,30.47,WEAK GROWTH,18
GOCOLORS,18424373248.0,SMALL CAP,350.29998779296875,26.61854,2.7248402,0.08529,77.141,0.07556,0.07062,-0.042,-0.598,Misc,Consumer Cyclical,Apparel Retail,2026-05-27,Apparel Retail,0,0,0,18.12,5.7,16.75,36.51,11.91,15.34,WEAK GROWTH,18
SAMBHAAV,1360709248.0,MICRO CAP,7.119999885559082,26.636591000000003,1.6768724,0.00096000003,5.923,0.053049996,0.00548,0.149,0.159,Misc,Communication Services,Publishing,2026-05-27,Publishing,0,1,0,63.41,50.02,4.26,28.27,56.715,43.38,SLOW GROWTH,18
SOMICONVEY,1240255488.0,MICRO CAP,102.0,22.516556,1.5291895,0.06364,16.566,0.08685,0.04993,-0.288,-0.342,Misc,Industrials,Specialty Industrial Machinery,2026-05-27,Specialty Industrial Machinery,0,0,0,6.17,11.38,12.89,40.69,8.775,12.79,WEAK GROWTH,18
AJOONI,730312832.0,MICRO CAP,4.239999771118164,21.199999,0.7671431,0.05514,11.321,0.03778,0.03232,0.726,1.5,Misc,Consumer Defensive,Packaged Foods,2026-05-27,Packaged Foods,0,1,0,93.21,91.49,11.71,22.76,92.35,69.26,MODERATE GROWTH,18
USK,1246089344.0,MICRO CAP,22.510000228881836,26.636591000000003,0.77139235,0.11808,39.287,-0.1003,-0.06509,0.059,0.159,Industrials,Industrials,Engineering & Construction,2026-05-27,Engineering & EPC,0,0,0,31.9,50.02,50.02,7.54,40.96,39.43,WEAK GROWTH,18
VISASTEEL,6986232832.0,MICRO CAP,47.92,26.636591000000003,2.39221315,0.11808,29.432,-0.025899999,-0.8954719999999999,0.277,0.159,Misc,Basic Materials,Steel,2026-05-27,Steel,0,1,0,79.01,50.02,50.02,10.15,64.515,56.18,MODERATE GROWTH,18
ASTRON,189049184.0,MICRO CAP,4.0,26.636591000000003,0.22931834,0.11808,94.276,-0.66063005,0.0,0.056,0.159,Misc,Basic Materials,Paper & Paper Products,2026-05-27,Paper & Paper Products,0,0,0,31.34,50.02,50.02,2.77,40.68,38.76,WEAK GROWTH,18
BLUECHIP,124434768.0,MICRO CAP,2.25,26.636591000000003,-18.0,0.11808,29.432,-5.2175484,0.0,0.116,0.159,Misc,Financial Services,Capital Markets,2026-05-27,Capital Markets,0,1,0,49.96,50.02,50.02,0.53,49.99,45.05,SLOW GROWTH,18
MAXIND,9215662080.0,MICRO CAP,175.4600067138672,26.636591000000003,1.9626619,0.11808,43.616,-0.59386003,-0.80635,0.274,0.159,Misc,Healthcare,Medical Care Facilities,2026-05-27,Medical Care Facilities,0,1,0,78.78,50.02,50.02,3.16,64.4,55.4,MODERATE GROWTH,18
BOHRAIND,193071600.0,MICRO CAP,18.75,26.636591000000003,0.5301702,0.11808,1.562,-5.2175484,0.0,0.116,0.159,Chemicals,Basic Materials,Agricultural Inputs,2026-05-27,Agrochemicals,0,1,0,49.96,50.02,50.02,0.53,49.99,45.05,SLOW GROWTH,18
SVPGLOB,488289984.0,MICRO CAP,3.859999895095825,26.636591000000003,-0.039922636,0.11808,29.432,-5.2175484,0.0,0.116,0.159,Misc,Consumer Cyclical,Textile Manufacturing,2026-05-27,Textile Manufacturing,0,1,0,49.96,50.02,50.02,0.53,49.99,45.05,SLOW GROWTH,18
VIVIDHA,169766304.0,MICRO CAP,0.5799999833106995,26.636591000000003,72.49999,0.11808,606.1040000000002,-5.2175484,0.0,0.116,0.159,Misc,Consumer Cyclical,Textile Manufacturing,2026-05-27,Textile Manufacturing,0,1,0,49.96,50.02,50.02,0.53,49.99,45.05,SLOW GROWTH,18
UNIVCABLES,40808706048.0,SMALL CAP,1176.199951171875,25.913197,2.181125,0.08906,62.258,0.07949,0.053460002,0.261,0.113,Misc,Industrials,Electrical Equipment & Parts,2026-05-27,Electrical Equipment & Parts,0,1,0,77.61,29.99,17.42,37.99,53.8,44.94,SLOW GROWTH,18
GLOBALVECT,2440059904.0,MICRO CAP,174.2899932861328,26.636591000000003,54.16097,0.11808,606.1040000000002,-0.04686,-0.02661,0.031,0.159,Misc,Industrials,Airports & Air Services,2026-05-27,Airports & Air Services,0,0,0,27.57,50.02,50.02,9.02,38.795,38.06,WEAK GROWTH,18
UNIINFO,129279824.0,MICRO CAP,12.09000015258789,26.636591000000003,0.4007292,0.11808,15.548,-0.02934,-0.0063,0.381,0.159,Telecom,Communication Services,Telecom Services,2026-05-27,Telecom Services,0,1,0,85.08,50.02,50.02,9.92,67.55,58.28,MODERATE GROWTH,18
PARSVNATH,1779891072.0,MICRO CAP,4.090000152587891,26.636591000000003,-0.079065904,0.11808,29.432,-0.33521998,-0.8954719999999999,0.048,0.159,Misc,Real Estate,Real Estate - Development,2026-05-27,Real Estate - Development,0,0,0,29.91,50.02,50.02,4.49,39.965,38.43,WEAK GROWTH,18
ARENTERP,126895928.0,MICRO CAP,39.2400016784668,26.636591000000003,0.527143,0.11808,29.432,-1.03387,-0.04583,0.116,0.159,Misc,Basic Materials,Other Industrial Metals & Mining,2026-05-27,Other Industrial Metals & Mining,0,1,0,49.96,50.02,50.02,2.15,49.99,45.21,SLOW GROWTH,18
SEYAIND,443153536.0,MICRO CAP,14.850000381469727,26.636591000000003,0.047968525,0.11808,94.318,-1.29727,0.0,0.116,0.159,Chemicals,Basic Materials,Specialty Chemicals,2026-05-27,Specialty Chemicals,0,1,0,49.96,50.02,50.02,1.87,49.99,45.18,SLOW GROWTH,18
SHYAMTEL,212447584.0,MICRO CAP,18.559999465942383,26.636591000000003,-0.6378445,0.11808,29.432,-2.44433,0.0,0.116,0.159,Misc,Technology,Communication Equipment,2026-05-27,Communication Equipment,0,1,0,49.96,50.02,50.02,1.44,49.99,45.14,SLOW GROWTH,18
HMT,68633223168.0,SMALL CAP,57.0,26.636591000000003,-1.0298661,0.11808,29.432,-0.45895,-0.8954719999999999,-0.286,0.159,Misc,Industrials,Farm & Heavy Construction Machinery,2026-05-27,Farm & Heavy Construction Machinery,0,0,0,6.25,50.02,50.02,3.75,28.135,30.07,WEAK GROWTH,18
NKIND,385895680.0,MICRO CAP,64.20999908447266,26.636591000000003,-0.110085286,0.11808,29.432,-0.32984,-0.43978,-0.308,0.159,Consumer,Consumer Defensive,Household & Personal Products,2026-05-27,FMCG – Personal Care,0,0,0,5.99,50.02,50.02,4.65,28.005000000000003,30.07,WEAK GROWTH,18
KEEPLEARN,334780992.0,MICRO CAP,2.1500000953674316,26.636591000000003,4.8098435,0.11808,31.672,-0.3218,-0.02543,-0.311,0.159,Misc,Consumer Defensive,Education & Training Services,2026-05-27,Education & Training Services,0,0,0,5.86,50.02,50.02,4.72,27.94,30.03,WEAK GROWTH,18
ODIGMA,783961920.0,MICRO CAP,25.079999923706055,26.636591000000003,1.2726442,0.11808,29.432,-0.23209,-0.02554,-0.06,0.159,Misc,Communication Services,Advertising Agencies,2026-05-27,Advertising Agencies,0,0,0,16.69,50.02,50.02,5.43,33.355000000000004,33.9,WEAK GROWTH,18
IRMENERGY,10964985856.0,SMALL CAP,267.04998779296875,20.60571,1.1291754,0.054619998,7.333,0.06392,0.044889998,0.044,1.906,Misc,Utilities,Utilities - Regulated Gas,2026-05-27,Utilities - Regulated Gas,0,0,0,29.4,93.13,11.52,31.86,61.265,48.38,SLOW GROWTH,18
SHIVAMILLS,585914624.0,MICRO CAP,67.80000305175781,26.636591000000003,0.62887836,0.11808,6.938,-0.03507,-0.01569,-0.048,0.159,Misc,Consumer Cyclical,Textile Manufacturing,2026-05-27,Textile Manufacturing,0,0,0,17.53,50.02,50.02,9.41,33.775000000000006,34.59,WEAK GROWTH,18
PALREDTEC,544349184.0,MICRO CAP,44.5,26.636591000000003,1.2019231,0.11808,140.117,-0.05052,-0.1142,-0.11,0.159,Misc,Technology,Consumer Electronics,2026-05-27,Consumer Electronics,0,0,0,13.61,50.02,50.02,8.9,31.815,33.16,WEAK GROWTH,18
AARTISURF,3284841216.0,MICRO CAP,388.04998779296875,26.651785,1.3393412,0.05169,42.536,0.03539,0.014359999,0.27,-0.571,Chemicals,Basic Materials,Specialty Chemicals,2026-05-27,Specialty Chemicals,0,0,0,78.45,6.38,11.13,22.02,42.415,34.12,WEAK GROWTH,18
DCAL,31347210240.0,SMALL CAP,199.94000244140625,32.144695,0.46834886,0.015579999,46.07,0.0871,0.033239998,0.189,-0.495,Healthcare,Healthcare,Biotechnology,2026-05-27,Biotechnology,0,0,0,69.21,7.97,6.56,40.77,38.589999999999996,32.4,WEAK GROWTH,18
TIRUMALCHM,25877860352.0,SMALL CAP,214.66000366210938,26.636591000000003,1.5230919,0.11808,136.102,-0.09075,-0.08394,-0.069,0.159,Chemicals,Basic Materials,Specialty Chemicals,2026-05-27,Specialty Chemicals,0,0,0,16.03,50.02,50.02,7.73,33.025000000000006,33.89,WEAK GROWTH,18
AMDIND,873428672.0,MICRO CAP,45.56999969482422,26.636591000000003,0.5597592,0.11808,53.424,-0.14892,-0.02091,-0.154,0.159,Misc,Consumer Cyclical,Packaging & Containers,2026-05-27,Packaging & Containers,0,0,0,10.48,50.02,50.02,6.68,30.25,31.85,WEAK GROWTH,18
PEARLPOLY,311782944.0,MICRO CAP,18.520000457763672,26.636591000000003,0.9087341,0.11808,29.432,-0.33753,-0.25146,-0.145,0.159,Misc,Consumer Cyclical,Packaging & Containers,2026-05-27,Packaging & Containers,0,0,0,10.84,50.02,50.02,4.41,30.43,31.75,WEAK GROWTH,18
SPENCERS,3352947200.0,MICRO CAP,37.25,26.636591000000003,-0.42682156,0.11808,29.432,-0.0325,-0.142,-0.027,0.159,Misc,Consumer Cyclical,Department Stores,2026-05-27,Department Stores,0,0,0,19.74,50.02,50.02,9.68,34.88,35.39,WEAK GROWTH,18
MADHAV,321644672.0,MICRO CAP,35.95000076293945,26.636591000000003,0.25949934,0.11808,8.785,-0.15126,-0.0372,-0.036,0.159,Misc,Industrials,Building Products & Equipment,2026-05-27,Building Products & Equipment,0,0,0,18.65,50.02,50.02,6.52,34.335,34.69,WEAK GROWTH,18
DCW,14282550272.0,SMALL CAP,48.38999938964844,29.687117,1.3344548,0.04571,26.985,0.062649995,0.02247,0.132,0.564,Misc,Basic Materials,Chemicals,2026-05-27,Chemicals,0,1,0,60.64,82.21,10.31,31.55,71.425,55.21,MODERATE GROWTH,18
TTL,1939915264.0,MICRO CAP,7.510000228881836,26.636591000000003,1.3747026,0.0027,63.733,0.03953,0.0015199999,-0.087,0.159,Misc,Consumer Cyclical,Textile Manufacturing,2026-05-27,Textile Manufacturing,0,0,0,14.86,50.02,4.41,23.19,32.44,25.91,WEAK GROWTH,18
DALBHARAT,336391241728.0,MID CAP,1791.9000244140625,29.428478,1.8936596,0.06501,40.865,0.1265,0.07694,0.038,-0.108,Misc,Basic Materials,Building Materials,2026-05-27,Building Materials,0,0,0,28.6,18.96,13.12,65.76,23.78,25.85,WEAK GROWTH,18
INVENTURE,1029000000.0,MICRO CAP,0.9800000190734863,24.500002,0.28008002,0.01402,13.28,0.00878,0.092259996,-0.523,0.159,Misc,Financial Services,Capital Markets,2026-05-27,Capital Markets,0,0,0,3.08,50.02,6.25,14.53,26.55,21.29,WEAK GROWTH,18
UPL,555182653440.0,LARGE CAP,656.7999877929688,29.400179,1.5978436,0.05614,57.128,0.14899999,0.03708,0.177,0.332,Chemicals,Basic Materials,Agricultural Inputs,2026-05-27,Agrochemicals,0,1,0,67.32,76.59,11.99,71.77,71.955,59.94,MODERATE GROWTH,18
AEQUS,126052876288.0,MID CAP,192.49000549316406,26.636591000000003,14.4588,0.11808,108.0,-0.01844,-0.04537,0.508,0.159,Misc,Industrials,Aerospace & Defense,2026-05-27,Aerospace & Defense,0,1,0,89.26,50.02,50.02,10.78,69.64,59.83,MODERATE GROWTH,18
ALPHAGEO,1432581760.0,MICRO CAP,225.0800018310547,26.636591000000003,0.55153424,0.11808,29.432,-0.59847,-0.10934,0.509,0.159,Misc,Energy,Oil & Gas Equipment & Services,2026-05-27,Oil & Gas Equipment & Services,0,1,0,89.34,50.02,50.02,3.12,69.68,59.09,MODERATE GROWTH,18
MUTHOOTCAP,3289670912.0,MICRO CAP,200.00999450683594,29.456553,0.49100763,0.01682,482.095,0.13509,0.03521,-0.005,-0.163,Financials,Financial Services,Credit Services,2026-05-27,NBFC – Lending,0,0,0,22.32,17.2,6.68,67.9,19.759999999999998,21.96,WEAK GROWTH,18
JKPAPER,69581078528.0,SMALL CAP,383.75,26.158827,1.2611117,0.047810003,44.544,0.08992,0.03757,0.224,0.591,Misc,Basic Materials,Paper & Paper Products,2026-05-27,Paper & Paper Products,0,1,0,73.88,82.78,10.7,41.7,78.33,61.14,MODERATE GROWTH,18
UNITECH,13343134720.0,SMALL CAP,5.099999904632568,26.636591000000003,-0.16647081,0.11808,29.432,-1.7002499,0.0,0.912,0.159,Misc,Real Estate,Real Estate - Diversified,2026-05-27,Real Estate - Diversified,0,1,0,94.77,50.02,50.02,1.72,72.395,60.85,MODERATE GROWTH,18
JTLIND,27382067200.0,SMALL CAP,69.66000366210938,26.58779,1.679728,0.07521,16.038,0.07555,0.046090003,0.474,1.516,Misc,Basic Materials,Steel,2026-05-27,Steel,0,1,0,88.4,91.57,14.96,36.47,89.985,69.63,MODERATE GROWTH,18
MANINDS,40246382592.0,SMALL CAP,536.5499877929688,20.331566,2.088816,0.09231,30.097,0.10746,0.04745,-0.043,-0.206,Misc,Basic Materials,Steel,2026-05-27,Steel,0,0,0,17.94,15.31,18.04,60.13,16.625,21.26,WEAK GROWTH,18
INDOFARM,6316863488.0,MICRO CAP,131.4600067138672,20.287039,1.1630644,0.0454,26.874,0.11525,0.05612,0.031,-0.446,Misc,Industrials,Farm & Heavy Construction Machinery,2026-05-27,Farm & Heavy Construction Machinery,0,0,0,27.57,9.04,10.19,62.75,18.305,21.13,WEAK GROWTH,18
SWANDEF,100043407360.0,MID CAP,1899.0,26.636591000000003,40.83871,0.11808,606.1040000000002,-5.2175484,-0.8954719999999999,1.893,0.159,Misc,Industrials,Aerospace & Defense,2026-05-27,Aerospace & Defense,0,1,0,97.85,50.02,50.02,0.53,73.935,61.81,MODERATE GROWTH,18
GTECJAINX,189313440.0,MICRO CAP,18.579999923706055,26.636591000000003,11.53321,0.11808,62.029,-0.14332,-0.11575,1.037,0.159,Misc,Consumer Defensive,Education & Training Services,2026-05-27,Education & Training Services,0,1,0,95.47,50.02,50.02,6.76,72.745,61.6,MODERATE GROWTH,18
WINSOME,173040560.0,MICRO CAP,2.369999885559082,26.636591000000003,-0.038328428,0.11808,29.432,-5.2175484,0.0,0.878,0.159,Misc,Consumer Cyclical,Textile Manufacturing,2026-05-27,Textile Manufacturing,0,1,0,94.59,50.02,50.02,0.53,72.305,60.67,MODERATE GROWTH,18
MBLINFRA,3928680192.0,MICRO CAP,25.440000534057617,26.636591000000003,0.37065098,0.11808,98.238,-0.29961002,-0.29639998,0.665,0.159,Industrials,Industrials,Engineering & Construction,2026-05-27,Engineering & EPC,0,1,0,92.62,50.02,50.02,4.88,71.32000000000001,60.42,MODERATE GROWTH,18
ALOKINDS,64200560640.0,SMALL CAP,12.930000305175781,26.636591000000003,-0.29651883,0.11808,29.432,-0.058730002,-0.20031,0.031,0.159,Misc,Consumer Cyclical,Textile Manufacturing,2026-05-27,Textile Manufacturing,0,0,0,27.57,50.02,50.02,8.67,38.795,38.03,WEAK GROWTH,18
AKUMS,82016780288.0,SMALL CAP,535.7000122070312,32.15486,2.4738164,0.08019,4.726,0.09639,0.05854,0.094,-0.426,Misc,Healthcare,Drug Manufacturers - Specialty & Generic,2026-05-27,Drug Manufacturers - Specialty & Generic,0,0,0,38.4,9.45,15.97,56.38,23.924999999999997,25.58,WEAK GROWTH,18
SHK,18684039168.0,SMALL CAP,134.97999572753906,26.995998,1.4118952,0.05249,75.521,0.03293,0.02925,0.138,-0.92732,Chemicals,Basic Materials,Specialty Chemicals,2026-05-27,Specialty Chemicals,0,0,0,61.69,0.53,11.32,21.32,31.11,26.17,WEAK GROWTH,18
SUNDRMBRAK,2998342912.0,MICRO CAP,762.0499877929688,26.636591000000003,3.1528883,0.02549,44.875,0.095690005,0.00735,-0.047,4.632,Automobiles,Consumer Cyclical,Auto Parts,2026-05-27,Auto Components,0,0,0,17.59,96.68,7.69,43.73,57.135000000000005,45.91,SLOW GROWTH,18
CINELINE,2717670656.0,MICRO CAP,79.30999755859375,23.604166,1.7502702,0.077259995,77.936,0.09002,0.048649997,0.131,0.159,Misc,Communication Services,Entertainment,2026-05-27,Entertainment,0,1,0,60.39,50.02,15.42,41.74,55.205,45.9,SLOW GROWTH,18
MOHITIND,338932352.0,MICRO CAP,23.940000534057617,26.636591000000003,0.20671076,0.11808,40.091,-0.01249,-0.009190001,0.227,0.159,Misc,Consumer Cyclical,Textile Manufacturing,2026-05-27,Textile Manufacturing,0,1,0,74.25,50.02,50.02,11.36,62.135000000000005,54.63,SLOW GROWTH,18
BALRAMCHIN,107417436160.0,MID CAP,531.9000244140625,28.612158,2.5962553,0.095410004,76.606,0.14968,0.060349997,0.067,-0.307,Misc,Consumer Defensive,Confectioners,2026-05-27,Confectioners,0,0,0,33.54,12.53,18.78,71.96,23.035,27.08,WEAK GROWTH,18
TVVISION,206895632.0,MICRO CAP,5.340000152587891,26.636591000000003,-0.13006942,0.11808,29.432,-5.2175484,-0.8954719999999999,-0.80216,0.159,Media,Communication Services,Broadcasting,2026-05-27,Broadcasting,0,0,0,0.53,50.02,50.02,0.53,25.275000000000002,27.75,WEAK GROWTH,18
NUVOCO,117861531648.0,MID CAP,330.0,32.83582,1.1522669,0.03742,48.061,0.10877,0.031689998,0.087,-0.149,Misc,Basic Materials,Building Materials,2026-05-27,Building Materials,0,0,0,37.0,17.63,9.06,60.45,27.314999999999998,26.98,WEAK GROWTH,18
TIJARIA,129117528.0,MICRO CAP,4.449999809265137,26.636591000000003,-0.39356148,0.11808,29.432,-5.16619,0.0,-0.397,0.159,Misc,Industrials,Building Products & Equipment,2026-05-27,Building Products & Equipment,0,0,0,4.47,50.02,50.02,1.05,27.245,29.18,WEAK GROWTH,18
ORTEL,52433272.0,MICRO CAP,1.590000033378601,26.636591000000003,-0.067853026,0.11808,29.432,-0.87775004,-0.47809,-0.424,0.159,Misc,Communication Services,Entertainment,2026-05-27,Entertainment,0,0,0,3.98,50.02,50.02,2.5,27.0,29.15,WEAK GROWTH,18
VALIANTORG,8209745920.0,MICRO CAP,293.0,24.684078,1.1114146,0.04476,33.698,0.07454,0.04499,0.069,2.691,Misc,Basic Materials,Chemicals,2026-05-27,Chemicals,0,0,0,34.03,94.57,10.07,36.04,64.3,50.63,SLOW GROWTH,18
DHUNINV,5182601216.0,MICRO CAP,850.0,26.636591000000003,0.19119191,0.11808,15.416,-0.47463,-0.077989995,-0.519,0.159,Misc,Financial Services,Capital Markets,2026-05-27,Capital Markets,0,0,0,3.12,50.02,50.02,3.59,26.57,28.96,WEAK GROWTH,18
NIBE,21522903040.0,SMALL CAP,1440.5,26.636591000000003,8.8773985,0.11808,29.432,-0.30374,-0.04873,-0.603,0.159,Misc,Industrials,Conglomerates,2026-05-27,Conglomerates,0,0,0,2.46,50.02,50.02,4.76,26.240000000000002,28.85,WEAK GROWTH,18
HEG,111367331840.0,MID CAP,577.0999755859375,29.16119,2.3859134,0.07338,16.73,-0.01126,0.12599,0.112,0.159,Misc,Industrials,Electrical Equipment & Parts,2026-05-27,Electrical Equipment & Parts,0,1,0,41.29,50.02,14.68,11.44,45.655,36.04,WEAK GROWTH,18
PENINLAND,5672552960.0,MICRO CAP,17.100000381469727,26.636591000000003,2.7417028,0.11808,228.395,-0.1517,-0.3849,-0.728,0.159,Misc,Real Estate,Real Estate - Development,2026-05-27,Real Estate - Development,0,0,0,1.76,50.02,50.02,6.48,25.89,28.78,WEAK GROWTH,18
OLAELEC,160363380736.0,MID CAP,38.20000076293945,26.636591000000003,3.8710985,0.11808,71.879,-0.9383,-0.84763,-0.55,0.159,Automobiles,Consumer Cyclical,Auto Manufacturers,2026-05-27,Passenger Vehicles,0,0,0,2.93,50.02,50.02,2.38,26.475,28.77,WEAK GROWTH,18
BYKE,1944267136.0,MICRO CAP,37.189998626708984,33.80909,0.8417455,0.0294,45.444,0.14538,0.06284,0.039,1.285,Misc,Consumer Cyclical,Lodging,2026-05-27,Lodging,0,0,0,28.7,90.2,8.2,70.99,59.45,50.35,SLOW GROWTH,18
SUVIDHAA,572374080.0,MICRO CAP,2.690000057220459,26.636591000000003,1.691824,0.11808,3.774,-2.6666698,0.0,-0.367,0.159,Technology,Technology,Information Technology Services,2026-05-27,IT Services,0,0,0,4.96,50.02,50.02,1.33,27.490000000000002,29.38,WEAK GROWTH,18
DISHTV,6057732608.0,MICRO CAP,3.2899999618530273,26.636591000000003,-0.18233207,0.11808,29.432,-0.47985,-0.71690005,-0.198,0.159,Misc,Communication Services,Entertainment,2026-05-27,Entertainment,0,0,0,8.9,50.02,50.02,3.51,29.46,30.98,WEAK GROWTH,18
APCL,3659508224.0,MICRO CAP,124.58000183105469,26.636591000000003,1.7872206,0.11808,223.154,-0.15092,-0.086969994,-0.239,0.159,Misc,Basic Materials,Building Materials,2026-05-27,Building Materials,0,0,0,7.71,50.02,50.02,6.6,28.865000000000002,30.87,WEAK GROWTH,18
HCL-INSYS,3799082496.0,MICRO CAP,11.539999961853027,26.636591000000003,-1.2817949,0.11808,29.432,-3.20265,-0.8954719999999999,0.135,0.159,Misc,Technology,Electronics & Computer Distribution,2026-05-27,Electronics & Computer Distribution,0,1,0,61.19,50.02,50.02,1.25,55.605000000000004,49.05,SLOW GROWTH,18
VPRPL,5095748096.0,MICRO CAP,40.720001220703125,26.636591000000003,0.33584335,0.11808,90.698,-0.10439,-0.0026699998,-0.263,0.159,Industrials,Industrials,Engineering & Construction,2026-05-27,Engineering & EPC,0,0,0,6.87,50.02,50.02,7.38,28.445,30.65,WEAK GROWTH,18
MADHUCON,382995776.0,MICRO CAP,5.190000057220459,26.636591000000003,-0.022429083,0.11808,29.432,-1.15081,-0.68002,-0.218,0.159,Industrials,Industrials,Engineering & Construction,2026-05-27,Engineering & EPC,0,0,0,8.36,50.02,50.02,2.03,29.19,30.64,WEAK GROWTH,18
UCAL,2128878464.0,MICRO CAP,96.2699966430664,26.636591000000003,0.6159663,0.11808,87.154,-0.00654,-0.05073,-0.024,0.159,Automobiles,Consumer Cyclical,Auto Parts,2026-05-27,Auto Components,0,0,0,20.05,50.02,50.02,11.83,35.035000000000004,35.71,WEAK GROWTH,18
HDIL,933787904.0,MICRO CAP,1.9700000286102295,26.636591000000003,-0.02111989,0.11808,29.432,-3.24165,-0.05415,-0.135,0.159,Misc,Real Estate,Real Estate - Diversified,2026-05-27,Real Estate - Diversified,0,0,0,11.44,50.02,50.02,1.21,30.73,31.64,WEAK GROWTH,18
VIKASLIFE,2823656192.0,MICRO CAP,1.5199999809265137,26.636591000000003,0.41394335,0.11808,17.508,-0.17679001,-0.05593,-0.177,0.159,Misc,Consumer Defensive,Farm Products,2026-05-27,Farm Products,0,0,0,9.7,50.02,50.02,5.97,29.86,31.5,WEAK GROWTH,18
SILLYMONKS,173694208.0,MICRO CAP,17.010000228881836,26.636591000000003,2.4035609,0.11808,2.097,-0.121549994,-0.03576,-0.198,0.159,Misc,Communication Services,Entertainment,2026-05-27,Entertainment,0,0,0,8.9,50.02,50.02,6.99,29.46,31.33,WEAK GROWTH,18
EVERESTIND,6186122240.0,MICRO CAP,390.1499938964844,26.636591000000003,1.0713874,0.11808,53.597,-0.1029,-0.03039,-0.237,0.159,Misc,Industrials,Building Products & Equipment,2026-05-27,Building Products & Equipment,0,0,0,7.87,50.02,50.02,7.46,28.945,31.01,WEAK GROWTH,18
MEGASTAR,3192164352.0,MICRO CAP,282.6499938964844,30.656181,3.2527764,0.0946,127.734,0.05172,0.01745,0.203,0.719,Misc,Consumer Defensive,Packaged Foods,2026-05-27,Packaged Foods,0,1,0,71.36,85.22,18.7,27.61,78.28999999999999,61.3,MODERATE GROWTH,18
QUADFUTURE,12131999744.0,SMALL CAP,303.29998779296875,26.636591000000003,4.5091653,0.11808,9.292,-0.46101,-0.27392998,0.232,0.159,Misc,Industrials,Railroads,2026-05-27,Railroads,0,1,0,74.85,50.02,50.02,3.67,62.435,54.08,SLOW GROWTH,18
AMANTA,5094410752.0,MICRO CAP,131.1999969482422,30.30023,2.0469933,0.09397,111.004,0.13249,0.05171,0.068,-0.234,Misc,Healthcare,Drug Manufacturers - Specialty & Generic,2026-05-27,Drug Manufacturers - Specialty & Generic,0,0,0,33.8,14.17,18.47,67.01,23.985,27.18,WEAK GROWTH,18
SALSTEEL,8227091968.0,MICRO CAP,56.83000183105469,26.636591000000003,14.673381,0.11808,604.599,-1.24091,-0.01695,-0.80216,0.159,Misc,Basic Materials,Steel,2026-05-27,Steel,0,0,0,0.53,50.02,50.02,1.95,25.275000000000002,27.89,WEAK GROWTH,18
CEREBRAINT,412034048.0,MICRO CAP,3.4000000953674316,26.636591000000003,0.27042076,0.11808,29.8,-5.2175484,0.0,-0.80216,0.159,Misc,Industrials,Waste Management,2026-05-27,Waste Management,0,0,0,0.53,50.02,50.02,0.53,25.275000000000002,27.75,WEAK GROWTH,18
RAMCOCEM,209945788416.0,MID CAP,888.5,30.016891,2.7795506,0.08996,47.827,0.07414,0.07703,0.094,4.521,Misc,Basic Materials,Building Materials,2026-05-27,Building Materials,0,0,0,38.4,96.56,17.57,35.88,67.48,54.34,SLOW GROWTH,18
MALUPAPER,570542592.0,MICRO CAP,32.650001525878906,26.636591000000003,-3.1919055,0.11808,29.432,-0.058179997,-0.061329998,0.226,0.159,Misc,Basic Materials,Paper & Paper Products,2026-05-27,Paper & Paper Products,0,1,0,74.09,50.02,50.02,8.75,62.05500000000001,54.32,SLOW GROWTH,18
SECURKLOUD,707636608.0,MICRO CAP,21.18000030517578,26.636591000000003,-18.417393,0.11808,29.432,-0.15927,-0.083809994,-0.764,0.159,Technology,Technology,Software - Application,2026-05-27,SaaS,0,0,0,1.41,50.02,50.02,6.29,25.715,28.63,WEAK GROWTH,18
COMPINFO,111767152.0,MICRO CAP,1.2799999713897705,26.636591000000003,-0.037072435,0.11808,292.783,-0.35296002,0.0,-0.698,0.159,Misc,Technology,Electronics & Computer Distribution,2026-05-27,Electronics & Computer Distribution,0,0,0,1.95,50.02,50.02,4.3,25.985000000000003,28.62,WEAK GROWTH,18
SELMC,1005662656.0,MICRO CAP,30.309999465942383,26.636591000000003,-0.33417124,0.11808,29.432,-5.2175484,0.0,-0.546,0.159,Misc,Consumer Cyclical,Textile Manufacturing,2026-05-27,Textile Manufacturing,0,0,0,2.97,50.02,50.02,0.53,26.495,28.6,WEAK GROWTH,18
IMPEXFERRO,166190736.0,MICRO CAP,1.8600000143051147,26.636591000000003,-0.050386023,0.11808,29.432,0.0,0.0,0.116,0.159,Misc,Basic Materials,Other Industrial Metals & Mining,2026-05-27,Other Industrial Metals & Mining,0,1,0,49.96,50.02,50.02,12.92,49.99,46.29,SLOW GROWTH,18
GVKPIL,4658670592.0,MICRO CAP,2.950000047683716,26.636591000000003,-0.32068703,0.11808,29.432,-1.49115,0.0,-0.80216,0.159,Misc,Utilities,Utilities - Independent Power Producers,2026-05-27,Utilities - Independent Power Producers,0,0,0,0.53,50.02,50.02,1.84,25.275000000000002,27.88,WEAK GROWTH,18
ESSARSHPNG,4960124928.0,MICRO CAP,23.860000610351562,26.636591000000003,-0.207244,0.11808,29.432,-5.2175484,0.0,-0.80216,0.159,Misc,Industrials,Marine Shipping,2026-05-27,Marine Shipping,0,0,0,0.53,50.02,50.02,0.53,25.275000000000002,27.75,WEAK GROWTH,18
EMAMIREAL,4555567104.0,MICRO CAP,87.55000305175781,26.636591000000003,-2.6507812,0.11808,29.432,-5.2175484,0.0,-0.80216,0.159,Misc,Real Estate,Real Estate - Development,2026-05-27,Real Estate - Development,0,0,0,0.53,50.02,50.02,0.53,25.275000000000002,27.75,WEAK GROWTH,18
CREATIVEYE,134590864.0,MICRO CAP,6.710000038146973,26.636591000000003,0.67342436,0.11808,29.432,-0.93447,0.0,0.116,0.159,Misc,Communication Services,Entertainment,2026-05-27,Entertainment,0,1,0,49.96,50.02,50.02,2.42,49.99,45.24,SLOW GROWTH,18
BGRENERGY,23827748864.0,SMALL CAP,330.20001220703125,26.636591000000003,-1.2313637,0.11808,29.432,-2.44718,-0.8954719999999999,0.177,0.159,Industrials,Industrials,Engineering & Construction,2026-05-27,Engineering & EPC,0,1,0,67.32,50.02,50.02,1.41,58.67,51.21,SLOW GROWTH,18
VIVIMEDLAB,534794720.0,MICRO CAP,6.449999809265137,26.636591000000003,-1.1157238,0.11808,29.432,-0.97253996,-0.39539,-0.563,0.159,Misc,Healthcare,Drug Manufacturers - Specialty & Generic,2026-05-27,Drug Manufacturers - Specialty & Generic,0,0,0,2.77,50.02,50.02,2.26,26.395000000000003,28.71,WEAK GROWTH,18
MCLEODRUSS,8030556672.0,MICRO CAP,76.87999725341797,26.636591000000003,12.615687,0.11808,606.1040000000002,-0.01646,-0.18936001,0.202,0.159,Misc,Consumer Defensive,Packaged Foods,2026-05-27,Packaged Foods,0,1,0,71.14,50.02,50.02,10.91,60.58,53.5,SLOW GROWTH,18
KANSAINER,176271327232.0,MID CAP,217.97999572753906,29.983494,2.6224103,0.08796,4.526,0.07964,0.07321,0.075,0.04,Chemicals,Basic Materials,Specialty Chemicals,2026-05-27,Specialty Chemicals,0,0,0,35.08,25.85,17.22,38.11,30.465,28.58,WEAK GROWTH,18
ANKITMETAL,221543488.0,MICRO CAP,1.5700000524520874,26.636591000000003,-0.021463627,0.11808,29.432,-0.51785,-0.31393,-0.255,0.159,Misc,Basic Materials,Steel,2026-05-27,Steel,0,0,0,7.13,50.02,50.02,3.32,28.575000000000003,30.34,WEAK GROWTH,18
ASHIMASYN,3239055360.0,MICRO CAP,16.899999618530273,26.636591000000003,1.1308886,0.11808,58.263,-2.62821,-0.8954719999999999,-0.641,0.159,Misc,Real Estate,Real Estate - Development,2026-05-27,Real Estate - Development,0,0,0,2.15,50.02,50.02,1.37,26.085,28.4,WEAK GROWTH,18
MAHEPC,3383438592.0,MICRO CAP,121.05000305175781,26.662996,1.8278596,0.07096,24.485,0.05888,0.04066,0.116,-0.237,Misc,Industrials,Farm & Heavy Construction Machinery,2026-05-27,Farm & Heavy Construction Machinery,0,0,0,49.96,14.04,14.14,30.26,32.0,28.25,WEAK GROWTH,18
FLFL,286520320.0,MICRO CAP,1.4199999570846558,26.636591000000003,-0.0152306575,0.11808,29.432,-0.61004,-0.8954719999999999,-0.787,0.159,Misc,Consumer Cyclical,Apparel Manufacturing,2026-05-27,Apparel Manufacturing,0,0,0,1.21,50.02,50.02,3.05,25.615000000000002,28.24,WEAK GROWTH,18
SADHNANIQ,7233853952.0,MICRO CAP,2.440000057220459,26.636591000000003,0.31622604,0.11808,102.168,-1.95287,-0.42525002,-0.737,0.159,Misc,Basic Materials,Chemicals,2026-05-27,Chemicals,0,0,0,1.58,50.02,50.02,1.6,25.8,28.22,WEAK GROWTH,18
PREMIER,97357520.0,MICRO CAP,3.0399999618530273,26.636591000000003,-0.027323632,0.11808,29.432,-5.2175484,0.0,-0.718,0.159,Misc,Industrials,Specialty Industrial Machinery,2026-05-27,Specialty Industrial Machinery,0,0,0,1.87,50.02,50.02,0.53,25.945,28.22,WEAK GROWTH,18
DTIL,1439517440.0,MICRO CAP,137.0,26.636591000000003,0.19612081,0.11808,42.832,-0.04459,-0.0277,0.153,0.159,Misc,Consumer Defensive,Packaged Foods,2026-05-27,Packaged Foods,0,1,0,63.98,50.02,50.02,9.1,57.0,50.81,SLOW GROWTH,18
RCOM,2487988992.0,MICRO CAP,0.8999999761581421,26.636591000000003,-0.0025538362,0.11808,29.432,-0.96825,0.0,-0.276,0.159,Telecom,Communication Services,Telecom Services,2026-05-27,Telecom Services,0,0,0,6.56,50.02,50.02,2.3,28.290000000000003,30.04,WEAK GROWTH,18
ARSHIYA,313536352.0,MICRO CAP,1.190000057220459,26.636591000000003,-0.009870031,0.11808,29.432,-0.88708,0.0,0.028,0.159,Misc,Industrials,Integrated Freight & Logistics,2026-05-27,Integrated Freight & Logistics,0,0,0,27.08,50.02,50.02,2.46,38.55,37.24,WEAK GROWTH,18
KAYA,3763489536.0,MICRO CAP,247.8000030517578,26.636591000000003,-3.8159473,0.11808,29.432,-0.22469,-0.43229,0.02,0.159,Consumer,Consumer Defensive,Household & Personal Products,2026-05-27,FMCG – Personal Care,0,0,0,25.85,50.02,50.02,5.47,37.935,37.11,WEAK GROWTH,18
PARASPETRO,678468608.0,MICRO CAP,2.0299999713897705,26.636591000000003,3.123077,0.11808,29.432,0.0,0.0,0.116,0.0,Misc,Consumer Cyclical,Textile Manufacturing,2026-05-27,Textile Manufacturing,0,0,0,49.96,23.58,50.02,12.92,36.769999999999996,37.03,WEAK GROWTH,18
RELIANCE,18337853603840.0,MEGA CAP,1355.0999755859375,22.706099,2.028608,0.09139,36.653,0.099750005,0.0764,0.125,-0.126,Misc,Energy,Oil & Gas Refining & Marketing,2026-05-27,Oil & Gas Refining & Marketing,0,0,0,59.41,18.25,17.96,57.56,38.83,36.53,WEAK GROWTH,18
GLOBALE,138063568.0,MICRO CAP,13.0,26.636591000000003,1.3492475,0.11808,107.309,-0.06717,-0.25725,-0.776,0.159,Misc,Consumer Cyclical,Textile Manufacturing,2026-05-27,Textile Manufacturing,0,0,0,1.29,50.02,50.02,8.43,25.655,28.81,WEAK GROWTH,18
VLEGOV,1562783616.0,MICRO CAP,14.40999984741211,26.636591000000003,3.4195538,0.11808,29.432,-0.16382,0.0,-0.706,0.159,Technology,Technology,Information Technology Services,2026-05-27,IT Services,0,0,0,1.91,50.02,50.02,6.21,25.965,28.8,WEAK GROWTH,18
LOYALTEX,1069251008.0,MICRO CAP,222.0,26.636591000000003,0.44314295,0.11808,137.189,-0.06728,-0.00221,-0.32,0.159,Misc,Consumer Cyclical,Textile Manufacturing,2026-05-27,Textile Manufacturing,0,0,0,5.62,50.02,50.02,8.4,27.82,30.32,WEAK GROWTH,18
VSTL,2248756224.0,MICRO CAP,118.58999633789062,21.063942,1.1641879,0.04567,97.86,0.02846,0.00765,0.162,-0.419,Misc,Basic Materials,Steel,2026-05-27,Steel,0,0,0,65.37,9.59,10.23,19.88,37.480000000000004,30.27,WEAK GROWTH,18
SWANCORP,100713693184.0,MID CAP,321.29998779296875,26.636591000000003,0.87219954,0.11808,28.231,-0.0049799997,-0.00282,-0.397,0.159,Misc,Industrials,Conglomerates,2026-05-27,Conglomerates,0,0,0,4.47,50.02,50.02,11.99,27.245,30.27,WEAK GROWTH,18
WCIL,10149642240.0,SMALL CAP,99.55000305175781,26.12861,1.1943755,0.0458,26.012,0.02671,0.02122,0.157,-0.386,Misc,Industrials,Integrated Freight & Logistics,2026-05-27,Integrated Freight & Logistics,0,0,0,64.31,10.29,10.35,18.94,37.3,30.07,WEAK GROWTH,18
FIRSTCRY,108744941568.0,MID CAP,224.1300048828125,26.636591000000003,2.2576454,0.11808,31.483,-0.00269,-0.022449998,0.116,0.159,Misc,Consumer Cyclical,Internet Retail,2026-05-27,Internet Retail,0,1,0,49.96,50.02,50.02,12.3,49.99,46.23,SLOW GROWTH,18
LYKALABS,2073945984.0,MICRO CAP,58.11000061035156,26.636591000000003,2.0524142,0.11808,29.432,-0.0068,-0.0050199996,0.116,0.159,Healthcare,Healthcare,Biotechnology,2026-05-27,Biotechnology,0,1,0,49.96,50.02,50.02,11.79,49.99,46.18,SLOW GROWTH,18
TECILCHEM,229271984.0,MICRO CAP,12.09000015258789,26.636591000000003,2.39221315,0.11808,29.432,0.0,0.0,0.116,0.159,Misc,Financial Services,Shell Companies,2026-05-27,Shell Companies,0,1,0,49.96,50.02,50.02,12.92,49.99,46.29,SLOW GROWTH,18
ICDSLTD,576431488.0,MICRO CAP,44.25,24.583334,2.39221315,0.11808,29.432,0.0,0.0,0.116,0.159,Misc,Real Estate,Real Estate Services,2026-05-27,Real Estate Services,0,1,0,49.96,50.02,50.02,12.92,49.99,46.29,SLOW GROWTH,18
AGRITECH,642707968.0,MICRO CAP,108.19999694824219,26.636591000000003,2.39221315,0.11808,29.432,0.0,0.0,0.116,0.159,Misc,Consumer Defensive,Farm Products,2026-05-27,Farm Products,0,1,0,49.96,50.02,50.02,12.92,49.99,46.29,SLOW GROWTH,18
GUJAPOLLO,5010310656.0,MICRO CAP,386.29998779296875,26.636591000000003,0.9306213,0.11808,9.248,-0.32992,-0.07649,1.595,-0.742,Misc,Industrials,Specialty Industrial Machinery,2026-05-27,Specialty Industrial Machinery,0,0,0,97.27,3.32,50.02,4.61,50.294999999999995,45.67,SLOW GROWTH,18
MTEDUCARE,118454008.0,MICRO CAP,1.6399999856948853,26.636591000000003,-2.13264,0.11808,29.432,-0.27903,-0.48523,-0.422,0.159,Misc,Consumer Defensive,Education & Training Services,2026-05-27,Education & Training Services,0,0,0,4.02,50.02,50.02,5.08,27.020000000000003,29.43,WEAK GROWTH,18
KREBSBIO,1469138304.0,MICRO CAP,68.13999938964844,26.636591000000003,-0.9049498,0.11808,29.432,-0.35735,-0.71352994,0.116,0.159,Misc,Healthcare,Drug Manufacturers - Specialty & Generic,2026-05-27,Drug Manufacturers - Specialty & Generic,0,1,0,49.96,50.02,50.02,4.26,49.99,45.42,SLOW GROWTH,18
KWIL,62099697664.0,SMALL CAP,26.43000030517578,26.636591000000003,43.976704,0.11808,29.432,-0.45808998,0.0,0.116,0.159,Misc,Consumer Defensive,Packaged Foods,2026-05-27,Packaged Foods,0,1,0,49.96,50.02,50.02,3.79,49.99,45.38,SLOW GROWTH,18
NAGAFERT,2284608256.0,MICRO CAP,3.819999933242798,26.636591000000003,-0.25584355,0.11808,29.432,-0.58204,-0.02089,0.116,0.159,Chemicals,Basic Materials,Agricultural Inputs,2026-05-27,Agrochemicals,0,1,0,49.96,50.02,50.02,3.2,49.99,45.32,SLOW GROWTH,18
ORIENTPPR,3795998464.0,MICRO CAP,17.889999389648438,26.636591000000003,0.24446236,0.11808,16.377,-0.106680006,-0.040209997,0.027,0.159,Misc,Basic Materials,Paper & Paper Products,2026-05-27,Paper & Paper Products,0,0,0,26.9,50.02,50.02,7.34,38.46,37.66,WEAK GROWTH,18
RADAAN,171150464.0,MICRO CAP,3.1600000858306885,26.636591000000003,-1.192003,0.11808,29.432,-0.43185002,-0.74382,-0.335,0.159,Misc,Communication Services,Entertainment,2026-05-27,Entertainment,0,0,0,5.43,50.02,50.02,4.1,27.725,29.82,WEAK GROWTH,18
OMAXE,14405842944.0,SMALL CAP,78.44000244140625,26.636591000000003,-2.5754342,0.11808,29.432,-0.60823,-0.55597997,-0.356,0.159,Misc,Real Estate,Real Estate - Development,2026-05-27,Real Estate - Development,0,0,0,5.08,50.02,50.02,3.08,27.55,29.6,WEAK GROWTH,18
CAPTRUST,493227104.0,MICRO CAP,14.5600004196167,26.636591000000003,0.41483846,0.11808,134.274,-0.1279,-0.8954719999999999,-0.426,0.159,Financials,Financial Services,Credit Services,2026-05-27,NBFC – Lending,0,0,0,3.92,50.02,50.02,6.83,26.970000000000002,29.57,WEAK GROWTH,18
JINDALPOLY,31136516096.0,SMALL CAP,711.0999755859375,26.636591000000003,0.762842,0.11808,84.483,-0.33227003,-0.06955,-0.729,0.159,Misc,Consumer Cyclical,Packaging & Containers,2026-05-27,Packaging & Containers,0,0,0,1.7,50.02,50.02,4.57,25.860000000000003,28.56,WEAK GROWTH,18
ORTINGLOBE,132623000.0,MICRO CAP,16.309999465942383,26.636591000000003,10.174672,0.11808,71.56,-4.0243897,0.0,-0.633,0.159,Misc,Healthcare,Drug Manufacturers - Specialty & Generic,2026-05-27,Drug Manufacturers - Specialty & Generic,0,0,0,2.26,50.02,50.02,1.09,26.14,28.41,WEAK GROWTH,18
HEIDELBERG,36222484480.0,SMALL CAP,159.8300018310547,25.988617,2.7657511,0.096829996,1.037,0.103769995,0.056739997,0.067,-0.103,Misc,Basic Materials,Building Materials,2026-05-27,Building Materials,0,0,0,33.54,19.17,19.09,58.45,26.355,28.11,WEAK GROWTH,18
AKSHOPTFBR,974560768.0,MICRO CAP,5.989999771118164,26.636591000000003,-62.395832,0.11808,29.432,-0.16188,-0.18691999,-0.089,0.159,Misc,Technology,Communication Equipment,2026-05-27,Communication Equipment,0,0,0,14.7,50.02,50.02,6.25,32.36,33.28,WEAK GROWTH,18
SHIVAMAUTO,2407134464.0,MICRO CAP,18.1299991607666,26.636591000000003,136.31578,0.11808,606.1040000000002,-0.03176,-0.16961001,-0.148,0.159,Automobiles,Consumer Cyclical,Auto Parts,2026-05-27,Auto Components,0,0,0,10.74,50.02,50.02,9.72,30.380000000000003,32.24,WEAK GROWTH,18
OBCL,1116966144.0,MICRO CAP,52.97999954223633,26.636591000000003,1.2204843,0.11808,62.946,-0.01041,-0.00981,-0.162,0.159,Misc,Industrials,Trucking,2026-05-27,Trucking,0,0,0,10.17,50.02,50.02,11.52,30.095000000000002,32.22,WEAK GROWTH,18
KHADIM,1909330048.0,MICRO CAP,103.88999938964844,24.560284,1.1432816,0.01482,149.29,0.06372,0.00844,-0.109,-0.18,Misc,Consumer Cyclical,Footwear & Accessories,2026-05-27,Footwear & Accessories,0,0,0,13.69,16.4,6.36,31.82,15.044999999999998,14.99,WEAK GROWTH,18
CHEMCON,7134561792.0,MICRO CAP,194.77000427246094,33.69723,1.4761453,0.04797,10.998,0.0749,0.09239,0.374,0.611,Chemicals,Basic Materials,Specialty Chemicals,2026-05-27,Specialty Chemicals,0,1,0,84.67,83.09,10.78,36.27,83.88,64.5,MODERATE GROWTH,18
ABMINTLLTD,432768000.0,MICRO CAP,46.0,26.636591000000003,3.3483768,0.11808,109.454,-0.21989,-0.09676,-0.081,0.159,Chemicals,Basic Materials,Specialty Chemicals,2026-05-27,Specialty Chemicals,0,0,0,15.13,50.02,50.02,5.54,32.575,33.36,WEAK GROWTH,18
VIPULLTD,1253129856.0,MICRO CAP,8.890000343322754,26.636591000000003,0.3055508,0.11808,19.491,-0.1749,-0.44313,-0.184,-0.71,Misc,Real Estate,Real Estate - Diversified,2026-05-27,Real Estate - Diversified,0,0,0,9.43,3.77,50.02,6.01,6.6,15.23,WEAK GROWTH,18
TIPSFILMS,1599467776.0,MICRO CAP,370.0,26.636591000000003,4.449415,0.11808,453.425,-0.70579004,-0.20844999,3.616,0.159,Misc,Communication Services,Entertainment,2026-05-27,Entertainment,0,1,0,98.59,50.02,50.02,2.66,74.305,62.28,MODERATE GROWTH,18
ONELIFECAP,1084934400.0,MICRO CAP,29.040000915527344,26.636591000000003,1.4333663,0.11808,128.135,-0.49084,-0.13473,1.919,0.159,Misc,Financial Services,Capital Markets,2026-05-27,Capital Markets,0,1,0,97.93,50.02,50.02,3.44,73.97500000000001,62.13,MODERATE GROWTH,18
MEP,170604832.0,MICRO CAP,0.9300000071525574,26.636591000000003,-0.01272491,0.11808,29.432,-5.2175484,0.0,2.245,0.159,Misc,Industrials,Infrastructure Operations,2026-05-27,Infrastructure Operations,0,1,0,98.2,50.02,50.02,0.53,74.11,61.93,MODERATE GROWTH,18
SHYAMMETL,271537864704.0,MID CAP,975.75,25.68439,2.477812,0.08971,8.133,0.09129,0.057690002,0.266,0.414,Misc,Basic Materials,Steel,2026-05-27,Steel,0,1,0,78.07,78.82,17.49,42.13,78.445,62.62,MODERATE GROWTH,18
KRITIKA,1658924416.0,MICRO CAP,6.230000019073486,27.086956,1.5848385,0.06346,54.516,0.013660001,0.00887,-0.387,-0.393,Misc,Basic Materials,Steel,2026-05-27,Steel,0,0,0,4.61,10.15,12.85,15.62,7.380000000000001,9.3,WEAK GROWTH,18
APTECHT,6304326144.0,MICRO CAP,108.69000244140625,23.577007,2.512657,0.094110005,5.06,0.0429,0.04526,-0.032,-0.635,Misc,Consumer Defensive,Education & Training Services,2026-05-27,Education & Training Services,0,0,0,19.23,5.15,18.51,24.4,12.190000000000001,14.68,WEAK GROWTH,18
ELECTCAST,50406772736.0,SMALL CAP,81.54000091552734,31.24138,0.84968483,0.027590001,26.35,0.01166,0.02728,-0.124,-0.905,Misc,Industrials,Building Products & Equipment,2026-05-27,Building Products & Equipment,0,0,0,12.12,1.17,7.97,15.23,6.645,7.77,WEAK GROWTH,18
TARC,38864183296.0,SMALL CAP,131.6999969482422,26.636591000000003,3.6206186,0.11808,181.338,-0.43462002,-0.65393996,3.106,0.159,Misc,Real Estate,Real Estate - Development,2026-05-27,Real Estate - Development,0,1,0,98.48,50.02,50.02,4.06,74.25,62.38,MODERATE GROWTH,18
SANGAMIND,25345347584.0,SMALL CAP,514.0,31.284235,2.4002876,0.07931,118.739,0.08743,0.02554,0.204,2.46,Misc,Consumer Cyclical,Textile Manufacturing,2026-05-27,Textile Manufacturing,0,1,0,71.67,94.14,15.66,40.88,82.905,65.25,MODERATE GROWTH,18
CYIENT,101763629056.0,MID CAP,921.4500122070312,23.933767,1.7917492,0.077659994,6.995,0.09528,0.058870003,0.009,-0.679,Misc,Industrials,Conglomerates,2026-05-27,Conglomerates,0,0,0,23.98,4.65,15.5,43.58,14.315000000000001,17.48,WEAK GROWTH,18
HERANBA,7776617984.0,MICRO CAP,194.35000610351562,26.636591000000003,0.9297353,0.11808,60.274,-0.04393,-0.037320003,-0.117,0.159,Chemicals,Basic Materials,Agricultural Inputs,2026-05-27,Agrochemicals,0,0,0,12.92,50.02,50.02,9.14,31.470000000000002,32.95,WEAK GROWTH,18
SHALPAINTS,4419950080.0,MICRO CAP,52.79999923706055,26.636591000000003,1.5530782,0.11808,66.655,-0.12008,-0.11137,-0.114,0.159,Chemicals,Basic Materials,Specialty Chemicals,2026-05-27,Specialty Chemicals,0,0,0,13.3,50.02,50.02,7.03,31.660000000000004,32.87,WEAK GROWTH,18
AAKASH,909224960.0,MICRO CAP,8.979999542236328,25.657143,1.3909541,0.056339998,34.733,0.09151,0.030769998,0.29,5.315,Misc,Energy,Oil & Gas Equipment & Services,2026-05-27,Oil & Gas Equipment & Services,0,1,0,79.99,97.07,12.03,42.21,88.53,68.6,MODERATE GROWTH,18
VTL,172310708224.0,MID CAP,595.6500244140625,22.769497,1.6697176,0.07329,17.52,0.06865,0.07551,-0.004,-0.223,Misc,Consumer Cyclical,Textile Manufacturing,2026-05-27,Textile Manufacturing,0,0,0,22.45,14.55,14.64,33.7,18.5,19.25,WEAK GROWTH,18
IL&FSENGG,4178829056.0,MICRO CAP,31.8700008392334,26.636591000000003,-0.13135335,0.11808,29.432,-0.07569,-0.00546,-0.082,0.273,Industrials,Industrials,Engineering & Construction,2026-05-27,Engineering & EPC,0,0,0,15.03,73.66,50.02,8.12,44.345,41.86,SLOW GROWTH,18
GRASIM,2150011240448.0,MEGA CAP,3170.300048828125,43.363426,2.1586154,0.06287,134.138,0.17288,0.02831,0.105,0.608,Misc,Basic Materials,Building Materials,2026-05-27,Building Materials,0,1,0,40.2,83.03,12.65,76.38,61.615,53.3,SLOW GROWTH,17
DREDGECORP,31581200384.0,SMALL CAP,1127.9000244140625,215.24811,2.3012357,0.0038800002,88.388,0.22895999,0.00393,0.034,5.438,Industrials,Industrials,Engineering & Construction,2026-05-27,Engineering & EPC,0,0,0,27.92,97.11,4.53,83.52,62.515,53.02,SLOW GROWTH,17
WSI,5229187584.0,MICRO CAP,68.9000015258789,208.78787,2.9411764,0.00749,17.361,0.15266,0.02842,-0.475,0.159,Industrials,Industrials,Engineering & Construction,2026-05-27,Engineering & EPC,0,0,0,3.55,50.02,5.04,72.47,26.785,27.0,WEAK GROWTH,17
PURVA,52694659072.0,SMALL CAP,222.1999969482422,82.60223,3.259355,0.03232,315.044,0.19357,0.01704,1.692,0.159,Misc,Real Estate,Real Estate - Development,2026-05-27,Real Estate - Development,0,1,0,97.5,50.02,8.47,79.34,73.76,61.26,MODERATE GROWTH,17
BOROSCI,13324268544.0,SMALL CAP,149.8000030517578,80.537636,2.9979787,0.08174,1.955,0.191,0.07406,0.106,2.144,Misc,Consumer Cyclical,Packaging & Containers,2026-05-27,Packaging & Containers,0,1,0,40.45,93.67,16.17,79.07,67.06,58.08,MODERATE GROWTH,17
KOPRAN,9555721216.0,MICRO CAP,197.89999389648438,37.129456,1.902482,0.04908,28.795,0.15408,0.03776,0.358,0.948,Misc,Healthcare,Drug Manufacturers - General,2026-05-27,Drug Manufacturers - General,0,1,0,83.87,87.82,10.93,72.86,85.845,69.56,MODERATE GROWTH,17
AGARWALEYE,152072617984.0,MID CAP,479.75,115.04796,7.8479004,0.083100006,50.3,0.15031,0.06403,0.226,0.208,Misc,Healthcare,Medical Instruments & Supplies,2026-05-27,Medical Instruments & Supplies,0,1,0,74.09,69.84,16.44,72.08,71.965,60.87,MODERATE GROWTH,17
INDUSINDBK,728775852032.0,LARGE CAP,935.4000244140625,82.269135,1.1080418,0.01362,29.432,0.17665,0.05158,2.727,0.159,Financials,Financial Services,Banks - Regional,2026-05-27,Private Sector Banks,0,1,0,98.36,50.02,6.09,76.96,74.19,60.85,MODERATE GROWTH,17
SYNGENE,185494454272.0,MID CAP,461.6000061035156,58.727734,3.917076,0.06621,9.473,0.20549999,0.084709994,0.018,-0.195,Healthcare,Healthcare,Diagnostics & Research,2026-05-27,Diagnostics,0,0,0,25.42,15.72,13.33,81.22,20.57,25.19,WEAK GROWTH,17
ADANIENSOL,1844689633280.0,LARGE CAP,1535.300048828125,82.64801,7.2573633,0.096599996,194.5,0.21996,0.08274,0.168,0.035,Misc,Utilities,Utilities - Independent Power Producers,2026-05-27,Utilities - Independent Power Producers,0,0,0,66.36,25.5,19.02,82.78,45.93,44.23,SLOW GROWTH,17
NIVABUPA,155433353216.0,MID CAP,84.12000274658203,118.47888,4.393148,0.07958,6.567,0.16107,0.03661,-0.129,0.765,Financials,Financial Services,Insurance - Life,2026-05-27,Life Insurance,0,0,0,11.85,85.79,15.74,74.03,48.82,44.72,SLOW GROWTH,17
STEELXIND,14222030848.0,SMALL CAP,11.149999618530273,65.588234,1.5695382,0.03663,54.377,0.15019,0.025309999,-0.013,1.5,Misc,Basic Materials,Steel,2026-05-27,Steel,0,0,0,21.34,91.49,8.94,72.04,56.415,48.48,SLOW GROWTH,17
PRESTIGE,605219061760.0,LARGE CAP,1405.0999755859375,50.615993,3.7168908,0.07998,105.493,0.19827,0.094239995,1.665,9.017,Misc,Real Estate,Real Estate - Diversified,2026-05-27,Real Estate - Diversified,0,1,0,97.46,98.13,15.85,80.05,97.79499999999999,79.63,HIGH GROWTH,17
ABDL,150651879424.0,MID CAP,538.5999755859375,65.92411,9.091063,0.13551,68.251,-0.00159,0.0582,0.116,-0.48,Misc,Consumer Defensive,Beverages - Wineries & Distilleries,2026-05-27,Beverages - Wineries & Distilleries,0,0,0,49.96,8.32,79.97,12.61,29.14,37.65,WEAK GROWTH,15
AAREYDRUGS,2211635712.0,MICRO CAP,78.0,63.934425,1.4700893,0.11808,38.267,-0.024260001,0.00879,-0.279,-0.219,Misc,Healthcare,Drug Manufacturers - Specialty & Generic,2026-05-27,Drug Manufacturers - Specialty & Generic,0,0,0,6.44,14.84,50.02,10.27,10.64,18.48,WEAK GROWTH,15
NIITLTD,9307735040.0,MICRO CAP,68.18000030517578,170.45,0.879776,0.00569,0.65,-0.0028400002,0.011569999,0.255,0.159,Misc,Consumer Defensive,Education & Training Services,2026-05-27,Education & Training Services,0,1,0,76.98,50.02,4.84,12.22,63.5,46.64,SLOW GROWTH,15
VARDMNPOLY,3091321600.0,MICRO CAP,6.400000095367432,45.714287,-1.3386321,0.11808,29.432,-0.032509997,0.03076,-0.329,0.159,Misc,Consumer Cyclical,Textile Manufacturing,2026-05-27,Textile Manufacturing,0,0,0,5.51,50.02,50.02,9.64,27.765,30.4,WEAK GROWTH,15
SAKUMA,3025697024.0,MICRO CAP,1.9299999475479126,48.25,0.7355183,0.11808,6.194,-0.0028799998,0.00434,-0.239,-0.821,Misc,Consumer Defensive,Farm Products,2026-05-27,Farm Products,0,0,0,7.71,2.26,50.02,12.18,4.984999999999999,14.71,WEAK GROWTH,15
HGM,790838272.0,MICRO CAP,62.790000915527344,184.67647,3.3633294,0.11808,100.637,-0.17940001,0.00806,1.458,0.159,Technology,Technology,Information Technology Services,2026-05-27,IT Services,0,1,0,97.07,50.02,50.02,5.9,73.545,62.08,MODERATE GROWTH,15
REGENCERAM,1084105088.0,MICRO CAP,41.0,511.39656400000433,-1.6345732,0.11808,29.432,-0.45193002,0.00327,1.909,0.159,Misc,Industrials,Building Products & Equipment,2026-05-27,Building Products & Equipment,0,1,0,97.89,50.02,50.02,3.83,73.955,62.16,MODERATE GROWTH,15
DPSCLTD,8228521984.0,MICRO CAP,8.449999809265137,281.66666,0.9352518,0.11808,29.432,-0.098579995,0.01042,-0.023,-0.467,Misc,Utilities,Utilities - Regulated Electric,2026-05-27,Utilities - Regulated Electric,0,0,0,20.17,8.69,50.02,7.58,14.43,20.86,WEAK GROWTH,15
FACT,598023929856.0,LARGE CAP,924.2000122070312,511.39656400000433,43.48767,0.11808,278.992,-0.03282,0.07694,0.651,0.159,Chemicals,Basic Materials,Agricultural Inputs,2026-05-27,Agrochemicals,0,1,0,92.39,50.02,50.02,9.53,71.205,60.8,MODERATE GROWTH,15
PRITI,580869824.0,MICRO CAP,43.5,36.864407,0.7841794,0.11808,29.432,-0.06547,0.04403,-0.777,-0.872,Misc,Consumer Cyclical,"Furnishings, Fixtures & Appliances",2026-05-27,"Furnishings, Fixtures & Appliances",0,0,0,1.25,1.72,50.02,8.51,1.4849999999999999,11.89,WEAK GROWTH,15
BVCL,927395968.0,MICRO CAP,41.849998474121094,511.39656400000433,0.74893963,0.11808,28.58,-0.01423,0.000120000004,-0.129,0.159,Misc,Basic Materials,Building Materials,2026-05-27,Building Materials,0,0,0,11.85,50.02,50.02,11.17,30.935000000000002,32.78,WEAK GROWTH,15
RIIL,11514505216.0,SMALL CAP,762.5499877929688,92.76764,2.4324772,0.02648,29.432,-0.18861,0.27278998,-0.325,0.005,Industrials,Industrials,Engineering & Construction,2026-05-27,Engineering & EPC,0,0,0,5.58,24.03,7.93,5.78,14.805,12.53,WEAK GROWTH,15
MIRZAINT,4374090240.0,MICRO CAP,31.649999618530273,51.048386,0.73698914,0.11808,4.955,-0.0759,0.01554,0.033,0.159,Misc,Consumer Cyclical,Footwear & Accessories,2026-05-27,Footwear & Accessories,0,0,0,27.8,50.02,50.02,8.08,38.910000000000004,38.05,WEAK GROWTH,15
A2ZINFRA,2582950144.0,MICRO CAP,14.550000190734863,103.92857,5.4028964,0.11808,353.886,-0.01511,0.00619,0.289,0.159,Industrials,Industrials,Engineering & Construction,2026-05-27,Engineering & EPC,0,1,0,79.87,50.02,50.02,11.13,64.94500000000001,56.58,MODERATE GROWTH,15
INDOWIND,1568161152.0,MICRO CAP,9.739999771118164,108.22221,0.43669295,0.11808,6.286,-0.20483999,0.05732,-0.252,16.212,Energy,Utilities,Utilities - Renewable,2026-05-27,Power Generation – Renewable,0,0,0,7.3,98.98,50.02,5.62,53.14,47.76,SLOW GROWTH,15
BEML,151169531904.0,MID CAP,1815.0,60.742973,5.3995037,0.11808,23.787,-0.01629,0.05919,0.237,0.159,Misc,Industrials,Conglomerates,2026-05-27,Conglomerates,0,1,0,75.56,50.02,50.02,10.97,62.790000000000006,55.05,MODERATE GROWTH,15
FUSION,28620556288.0,SMALL CAP,176.97999572753906,173.5098,1.2086982,0.11808,257.668,0.063540004,-0.46566,0.116,0.159,Financials,Financial Services,Credit Services,2026-05-27,NBFC – Lending,0,1,0,49.96,50.02,50.02,31.75,49.99,48.17,SLOW GROWTH,15
GODAVARIB,14385566720.0,SMALL CAP,281.1000061035156,40.91703,1.9834186,0.11808,67.931,0.06421,-0.013350001,0.028,0.229,Misc,Basic Materials,Chemicals,2026-05-27,Chemicals,0,0,0,27.08,71.01,50.02,32.08,49.045,47.54,SLOW GROWTH,15
VAISHALI,914539520.0,MICRO CAP,7.010000228881836,116.83334,1.3715516,0.11808,23.153,0.058119997,-0.00446,-0.117,0.02,Misc,Healthcare,Drug Manufacturers - Specialty & Generic,2026-05-27,Drug Manufacturers - Specialty & Generic,0,0,0,12.92,24.68,50.02,29.95,18.8,26.16,WEAK GROWTH,15
PRINCEPIPE,29691332608.0,SMALL CAP,268.5,40.497738,1.8714453,0.11808,14.911,-0.00988,0.01672,-0.008,0.159,Misc,Industrials,Building Products & Equipment,2026-05-27,Building Products & Equipment,0,0,0,21.96,50.02,50.02,11.56,35.99,36.35,WEAK GROWTH,15
NGIL,696574208.0,MICRO CAP,39.099998474121094,44.431816,2.1290498,0.11808,41.959,0.07328,-0.03632,-0.252,16.33808000000006,Misc,Consumer Defensive,Packaged Foods,2026-05-27,Packaged Foods,0,0,0,7.3,99.51,50.02,35.49,53.405,50.94,SLOW GROWTH,15
HTMEDIA,5174629888.0,MICRO CAP,22.3700008392334,511.39656400000433,0.32099298,0.11808,39.322,-0.01402,0.00017000001,0.014,0.159,Misc,Communication Services,Publishing,2026-05-27,Publishing,0,0,0,24.85,50.02,50.02,11.28,37.435,37.34,WEAK GROWTH,15
COMPUSOFT,1072937536.0,MICRO CAP,13.5600004196167,39.882355,0.73412377,0.11808,32.821,-0.036930002,0.07374,0.104,0.159,Misc,Consumer Defensive,Education & Training Services,2026-05-27,Education & Training Services,0,1,0,39.98,50.02,50.02,9.25,45.0,42.43,SLOW GROWTH,15
FLUOROCHEM,396635373568.0,MID CAP,3610.699951171875,61.167202,5.2024302,0.07547,28.94,0.14182,0.11472999,0.122,-0.43,Chemicals,Basic Materials,Specialty Chemicals,2026-05-27,Specialty Chemicals,0,0,0,58.77,9.37,14.99,70.21,34.07,33.87,WEAK GROWTH,15
FOCUS,5360123904.0,MICRO CAP,79.83999633789062,112.4507,3.7988293,0.11808,29.432,-0.035099998,0.0215,-0.093,0.159,Misc,Consumer Cyclical,"Furnishings, Fixtures & Appliances",2026-05-27,"Furnishings, Fixtures & Appliances",0,0,0,14.47,50.02,50.02,9.37,32.245000000000005,33.51,WEAK GROWTH,15
LOTUSEYE,2279277824.0,MICRO CAP,109.5999984741211,342.5,3.4895566,0.11808,7.917,-0.02404,0.01264,0.106,0.159,Misc,Healthcare,Medical Care Facilities,2026-05-27,Medical Care Facilities,0,1,0,40.45,50.02,50.02,10.31,45.235,42.7,SLOW GROWTH,15
KAYNES,218164281344.0,MID CAP,3254.5,59.792393,4.693979,0.09568,19.168,0.11209,0.10035,0.262,-0.263,Misc,Technology,Electronic Components,2026-05-27,Electronic Components,0,0,0,77.7,13.35,18.9,61.81,45.525,41.83,SLOW GROWTH,15
ALKALI,910926976.0,MICRO CAP,89.45999908447266,102.82758,2.16432,0.11808,43.986,-0.03779,0.010039999,0.115,0.159,Chemicals,Basic Materials,Specialty Chemicals,2026-05-27,Specialty Chemicals,0,1,0,41.94,50.02,50.02,9.22,45.980000000000004,43.11,SLOW GROWTH,15
JAYSREETEA,2456030464.0,MICRO CAP,85.05000305175781,5.97681,0.61997026,-0.061479997,109.179,-0.18004,-0.02694,0.094,0.159,Misc,Consumer Defensive,Farm Products,2026-05-27,Farm Products,0,0,0,38.4,50.02,2.3,5.86,44.21,31.99,WEAK GROWTH,15
TEXINFRA,12385864704.0,SMALL CAP,97.19999694824219,113.02325,0.85661405,0.009330001,2.626,-0.62433,0.62602,0.311,-0.523,Misc,Real Estate,Real Estate Services,2026-05-27,Real Estate Services,0,0,0,81.76,6.97,5.15,3.01,44.365,32.39,WEAK GROWTH,15
ORIENTTECH,13034073088.0,SMALL CAP,284.54998779296875,61.32543,3.6627276,0.11808,6.129,-0.00209,0.024300002,-0.033,0.159,Technology,Technology,Information Technology Services,2026-05-27,IT Services,0,0,0,19.07,50.02,50.02,12.42,34.545,35.43,WEAK GROWTH,15
NAHARSPING,9633042432.0,MICRO CAP,267.1000061035156,49.280445,0.626463,0.11808,49.532,-0.0116799995,0.0065200003,-0.139,0.159,Misc,Consumer Cyclical,Textile Manufacturing,2026-05-27,Textile Manufacturing,0,0,0,11.19,50.02,50.02,11.4,30.605,32.57,WEAK GROWTH,15
BEDMUTHA,3453203456.0,MICRO CAP,107.02999877929688,26.636591000000003,2.4260488,-0.00035999998,151.954,0.02569,-4.0000003e-05,0.446,0.159,Misc,Basic Materials,Steel,2026-05-27,Steel,0,1,0,87.41,50.02,4.1,18.82,68.715,50.8,SLOW GROWTH,13
SOLARA,26664175616.0,SMALL CAP,553.5,26.636591000000003,1.8878028,-0.0063,54.682,0.09263,-0.0053899996,0.436,0.159,Misc,Healthcare,Drug Manufacturers - Specialty & Generic,2026-05-27,Drug Manufacturers - Specialty & Generic,0,1,0,87.23,50.02,3.83,42.8,68.625,53.08,SLOW GROWTH,13
SYMPHONY,48722358272.0,SMALL CAP,709.5,26.636591000000003,8.904926,-0.216,31.743,0.13018,-0.12467,-0.307,0.159,Misc,Consumer Cyclical,"Furnishings, Fixtures & Appliances",2026-05-27,"Furnishings, Fixtures & Appliances",0,0,0,6.05,50.02,1.13,66.61,28.035,26.51,WEAK GROWTH,13
ESTER,9872569344.0,MICRO CAP,94.66000366210938,26.636591000000003,1.1756086,-0.03533,93.137,0.071609996,-0.01998,0.077,2.857,Chemicals,Basic Materials,Specialty Chemicals,2026-05-27,Specialty Chemicals,0,0,0,35.34,94.98,2.73,34.83,65.16,49.64,SLOW GROWTH,13
UFBL,18673522688.0,SMALL CAP,477.8999938964844,26.636591000000003,5.69299,-0.17889,275.522,0.016180001,-0.04417,0.231,0.159,Hospitality,Consumer Cyclical,Restaurants,2026-05-27,Restaurants,0,1,0,74.76,50.02,1.25,16.17,62.39,45.54,SLOW GROWTH,13
INDIACEM,187332624384.0,MID CAP,403.0,26.636591000000003,1.2335514,-0.00662,12.888,0.06287,-0.015,0.026,2.764,Misc,Basic Materials,Building Materials,2026-05-27,Building Materials,0,0,0,26.81,94.77,3.79,31.63,60.79,46.47,SLOW GROWTH,13
JSWCEMENT,177850384384.0,MID CAP,132.60000610351562,26.636591000000003,2.7136545,-0.17950001,68.39,0.14854,-0.11613,0.109,7.088,Misc,Basic Materials,Building Materials,2026-05-27,Building Materials,0,1,0,40.82,97.85,1.21,71.65,69.335,55.94,MODERATE GROWTH,13
HINDWAREAP,19245355008.0,SMALL CAP,230.0800018310547,26.636591000000003,2.6175199,-0.0513,114.725,0.04923,-0.01559,-0.035,0.159,Misc,Consumer Cyclical,"Furnishings, Fixtures & Appliances",2026-05-27,"Furnishings, Fixtures & Appliances",0,0,0,18.76,50.02,2.46,26.83,34.39,27.25,WEAK GROWTH,13
GVPTECH,1084902400.0,MICRO CAP,6.579999923706055,26.636591000000003,1.3376702,0.00452,29.432,-5.2175484,0.0431,-0.46,0.159,Technology,Technology,Information Technology Services,2026-05-27,IT Services,0,0,0,3.71,50.02,4.61,0.53,26.865000000000002,19.78,WEAK GROWTH,13
DIGITIDE,12480573440.0,SMALL CAP,83.69999694824219,26.636591000000003,1.4916595,0.00607,57.944,0.02686,-0.0053100004,0.092,0.159,Misc,Industrials,Specialty Business Services,2026-05-27,Specialty Business Services,0,0,0,37.9,50.02,4.92,19.02,43.96,33.66,WEAK GROWTH,13
DCMSIL,5263027200.0,MICRO CAP,60.5,26.636591000000003,2.39221315,-0.2580168,29.432,0.05639,0.0,-0.187,-0.744,Misc,Industrials,Industrial Distribution,2026-05-27,Industrial Distribution,0,0,0,9.25,3.28,0.53,29.36,6.265,7.43,WEAK GROWTH,13
GREENPANEL,24335405056.0,SMALL CAP,198.4499969482422,26.636591000000003,1.8279371,-0.02125,27.299,0.01337,-0.018919999,0.065,-0.92732,Misc,Basic Materials,Lumber & Wood Production,2026-05-27,Lumber & Wood Production,0,0,0,33.11,0.53,3.2,15.5,16.82,13.96,WEAK GROWTH,13
MAGNUM,1316917888.0,MICRO CAP,19.25,26.636591000000003,0.1836692,-0.01646,39.029,0.0769,-0.02481,-0.012,-0.92732,Misc,Basic Materials,Paper & Paper Products,2026-05-27,Paper & Paper Products,0,0,0,21.46,0.53,3.36,36.82,10.995000000000001,12.05,WEAK GROWTH,13
AKSHAR,370110176.0,MICRO CAP,0.4699999988079071,26.636591000000003,0.45279384,-0.08741,6.226,0.01988,-0.06102,0.125,0.159,Misc,Consumer Cyclical,Textile Manufacturing,2026-05-27,Textile Manufacturing,0,1,0,59.41,50.02,2.03,17.3,54.715,40.44,SLOW GROWTH,13
RAJMET,1075507200.0,MICRO CAP,3.890000104904175,26.636591000000003,2.2909307,-0.0056800004,23.66,0.03649,-0.00122,-0.729,8.622,Metals,Basic Materials,Copper,2026-05-27,Copper,0,0,0,1.7,98.01,3.87,22.41,49.855000000000004,37.91,WEAK GROWTH,13
TVTODAY,6806398976.0,MICRO CAP,114.06999969482422,33.648968,0.77470577,0.022720002,1.647,-0.0156,0.01774,-0.143,0.466,Media,Communication Services,Broadcasting,2026-05-27,Broadcasting,0,0,0,10.95,80.24,7.46,11.05,45.595,34.51,WEAK GROWTH,13
SIKKO,1821456000.0,MICRO CAP,4.170000076293945,26.062502,2.1039355,0.060890004,13.589,-0.24551001,0.076859996,-0.376,0.159,Chemicals,Basic Materials,Agricultural Inputs,2026-05-27,Agrochemicals,0,0,0,4.8,50.02,12.46,5.39,27.41,22.22,WEAK GROWTH,13
CROMPTON,189085843456.0,MID CAP,289.29998779296875,26.636591000000003,6.281483,-0.06337,5.797,0.099,-0.02991,0.108,0.159,Misc,Consumer Cyclical,"Furnishings, Fixtures & Appliances",2026-05-27,"Furnishings, Fixtures & Appliances",0,1,0,40.73,50.02,2.26,57.28,45.375,37.94,WEAK GROWTH,13
SPANDANA,23338780672.0,SMALL CAP,263.29998779296875,26.636591000000003,0.89913493,-0.2580168,185.142,0.047399998,0.0,2.56,0.159,Financials,Financial Services,Credit Services,2026-05-27,NBFC – Lending,0,1,0,98.32,50.02,0.53,26.08,74.17,54.63,SLOW GROWTH,13
CHEMPLASTS,35495596032.0,SMALL CAP,224.5,26.636591000000003,2.0230875,-0.14641,111.239,0.11607,-0.06582,0.097,0.159,Misc,Basic Materials,Chemicals,2026-05-27,Chemicals,0,0,0,39.09,50.02,1.37,63.02,44.55500000000001,37.76,WEAK GROWTH,13
DEVYANI,145178656768.0,MID CAP,117.75,26.636591000000003,9.587201,-0.025880001,203.327,0.04217,-0.0068300003,0.197,0.159,Hospitality,Consumer Cyclical,Restaurants,2026-05-27,Restaurants,0,1,0,70.44,50.02,3.05,24.09,60.230000000000004,45.18,SLOW GROWTH,13
JISLDVREQS,17237491712.0,SMALL CAP,23.5,26.636591000000003,0.283789,-0.0068,71.789,0.09127,-0.0038400001,0.043,0.159,Misc,Industrials,Conglomerates,2026-05-27,Conglomerates,0,0,0,29.19,50.02,3.69,42.07,39.605000000000004,32.67,WEAK GROWTH,13
E2E,78907424768.0,SMALL CAP,3950.0,26.636591000000003,4.699673,-0.0095,9.441,0.07064,-0.063379996,1.857,-0.596,Technology,Technology,Software - Infrastructure,2026-05-27,Software Products,0,0,0,97.77,5.78,3.55,34.32,51.775,40.38,SLOW GROWTH,13
BLUSPRING,10096232448.0,SMALL CAP,67.55999755859375,26.636591000000003,1.488499,-0.030439999,18.377,0.016549999,-0.00452,0.079,0.159,Misc,Industrials,Specialty Business Services,2026-05-27,Specialty Business Services,0,0,0,35.63,50.02,2.77,16.4,42.825,32.17,WEAK GROWTH,13
AKSHARCHEM,1637707904.0,MICRO CAP,203.8699951171875,26.636591000000003,0.6260844,-0.0016699999,41.473,0.01012,-0.00118,0.166,2.48,Chemicals,Basic Materials,Specialty Chemicals,2026-05-27,Specialty Chemicals,0,1,0,65.99,94.22,4.02,14.96,80.10499999999999,58.37,MODERATE GROWTH,13
CHEMFAB,5806975488.0,MICRO CAP,404.0,26.636591000000003,1.5338529,-0.00907,33.498,0.00758,-0.01102,-0.19,0.159,Chemicals,Basic Materials,Specialty Chemicals,2026-05-27,Specialty Chemicals,0,0,0,9.1,50.02,3.59,14.17,29.560000000000002,22.83,WEAK GROWTH,13
JISLJALEQS,22107998208.0,SMALL CAP,30.139999389648438,26.636591000000003,0.36397448,-0.0068,71.789,0.09127,-0.0038400001,0.043,0.159,Misc,Industrials,Conglomerates,2026-05-27,Conglomerates,0,0,0,29.19,50.02,3.69,42.07,39.605000000000004,32.67,WEAK GROWTH,13
KSR,622108224.0,MICRO CAP,33.849998474121094,26.636591000000003,0.8392631,-0.2580168,45.357,0.02564,-0.062,0.09,0.159,Misc,Consumer Cyclical,Footwear & Accessories,2026-05-27,Footwear & Accessories,0,0,0,37.49,50.02,0.53,18.78,43.755,32.61,WEAK GROWTH,13
SAPPHIRE,58650046464.0,SMALL CAP,182.27999877929688,26.636591000000003,4.179296,-0.022950001,102.058,0.02962,-0.01023,0.114,0.159,Hospitality,Consumer Cyclical,Restaurants,2026-05-27,Restaurants,0,1,0,41.72,50.02,3.16,20.38,45.870000000000005,34.78,WEAK GROWTH,13
SWSOLAR,44428599296.0,SMALL CAP,190.13999938964844,26.636591000000003,6.836863,-0.2580168,182.951,0.07344,-0.04099,-0.228,1.43,Misc,Technology,Solar,2026-05-27,Solar,0,0,0,8.18,91.02,0.53,35.57,49.599999999999994,38.38,WEAK GROWTH,13
SAGCEM,24105086976.0,SMALL CAP,184.4199981689453,26.636591000000003,1.2474211,-0.0004,91.801,0.01942,-0.00418,0.196,0.159,Misc,Basic Materials,Building Materials,2026-05-27,Building Materials,0,1,0,70.23,50.02,4.06,16.99,60.125,44.6,SLOW GROWTH,13
RPSGVENT,30770360320.0,SMALL CAP,930.0,26.636591000000003,1.1614939,0.00037,188.138,0.08118,-0.01219,0.152,0.159,Technology,Technology,Information Technology Services,2026-05-27,IT Services,0,1,0,63.84,50.02,4.14,38.62,56.93000000000001,44.54,SLOW GROWTH,13
NETWORK18,50041401344.0,SMALL CAP,32.400001525878906,32.727276,1.0053058,0.031689998,65.925,-0.00214,0.07177,0.097,0.159,Misc,Communication Services,Entertainment,2026-05-27,Entertainment,0,0,0,39.09,50.02,8.43,12.38,44.55500000000001,34.11,WEAK GROWTH,13
PRABHA,23598217216.0,SMALL CAP,161.0,26.636591000000003,3.5387728,0.0014,37.627,-0.03276,0.093210004,0.417,0.159,Misc,Energy,Oil & Gas E&P,2026-05-27,Oil & Gas E&P,0,1,0,86.53,50.02,4.33,9.57,68.275,49.62,SLOW GROWTH,13
INDTERRAIN,1621355776.0,MICRO CAP,32.0,26.636591000000003,0.8327044,-0.02678,55.334,0.08148,-0.01286,0.204,0.159,Misc,Consumer Cyclical,Apparel Retail,2026-05-27,Apparel Retail,0,1,0,71.67,50.02,2.97,38.73,60.845,47.06,SLOW GROWTH,13
ALBERTDAVD,4086328064.0,MICRO CAP,716.0,26.636591000000003,1.0435827,-0.0038100001,7.555,0.00039,-0.00448,0.146,0.159,Misc,Healthcare,Drug Manufacturers - Specialty & Generic,2026-05-27,Drug Manufacturers - Specialty & Generic,0,1,0,63.08,50.02,3.94,13.28,56.55,41.7,SLOW GROWTH,13
STERTOOLS,8504231936.0,MICRO CAP,233.99000549316406,29.212234,1.6070521,0.05717,27.877,-0.00972,0.03543,0.111,-0.818,Misc,Industrials,Tools & Accessories,2026-05-27,Tools & Accessories,0,0,0,41.06,2.3,12.07,11.6,21.68,18.75,WEAK GROWTH,13
VALIANTLAB,4361293824.0,MICRO CAP,80.30000305175781,26.636591000000003,1.2658428,-0.01199,14.865,0.020510001,-0.0137600005,0.592,1.042,Misc,Healthcare,Drug Manufacturers - Specialty & Generic,2026-05-27,Drug Manufacturers - Specialty & Generic,0,1,0,91.21,88.44,3.44,17.61,89.82499999999999,65.33,MODERATE GROWTH,13
RALLIS,48899203072.0,SMALL CAP,251.4499969482422,26.580338,2.3898685,0.09323,2.986,-0.06579,0.06351,0.061,0.159,Chemicals,Basic Materials,Agricultural Inputs,2026-05-27,Agrochemicals,0,0,0,32.31,50.02,18.31,8.47,41.165000000000006,33.32,WEAK GROWTH,13
SYSTMTXC,9070414848.0,MICRO CAP,66.33000183105469,31.585716,2.8970127,0.045089997,6.082,-0.53219,0.0979,-0.624,0.159,Misc,Financial Services,Capital Markets,2026-05-27,Capital Markets,0,0,0,2.3,50.02,10.11,3.24,26.16,20.66,WEAK GROWTH,13
BOSCH-HCIL,214175989760.0,MID CAP,1401.800048828125,26.636591000000003,7.6310863,-0.00501,16.319,0.057719998,-0.00106,0.035,-0.272,Misc,Consumer Cyclical,"Furnishings, Fixtures & Appliances",2026-05-27,"Furnishings, Fixtures & Appliances",0,0,0,28.06,13.1,3.9,29.87,20.58,18.17,WEAK GROWTH,13
LAKPRE,131868408.0,MICRO CAP,5.800000190734863,26.636591000000003,0.2458148,-0.2580168,29.432,0.08817001,-0.15453,0.209,-0.099,Misc,Industrials,Tools & Accessories,2026-05-27,Tools & Accessories,0,0,0,72.3,19.39,0.53,41.08,45.845,36.31,WEAK GROWTH,13
MOLDTECH,3471592704.0,MICRO CAP,120.5199966430664,34.434284,2.685443,0.08211,4.004,-0.00763,0.055549998,0.857,0.159,Industrials,Industrials,Engineering & Construction,2026-05-27,Engineering & EPC,0,1,0,94.3,50.02,16.24,11.75,72.16,54.93,SLOW GROWTH,13
SARLAPOLY,8184129024.0,MICRO CAP,98.01000213623047,26.636591000000003,1.8755382,-0.02651,38.432,0.0051700003,-0.03274,0.022,0.159,Misc,Consumer Cyclical,Textile Manufacturing,2026-05-27,Textile Manufacturing,0,0,0,26.22,50.02,3.01,13.82,38.120000000000005,28.67,WEAK GROWTH,13
GILLANDERS,1973526784.0,MICRO CAP,92.47000122070312,20.87359,0.76982635,0.03763,57.612,-0.0691,0.02197,-0.005,0.159,Misc,Consumer Defensive,Farm Products,2026-05-27,Farm Products,0,0,0,22.32,50.02,9.14,8.32,36.17,27.98,WEAK GROWTH,13
INDOCO,17649420288.0,SMALL CAP,191.47999572753906,26.636591000000003,1.7165396,-0.101210006,116.912,0.03621,-0.05156,0.219,0.159,Misc,Healthcare,Drug Manufacturers - Specialty & Generic,2026-05-27,Drug Manufacturers - Specialty & Generic,0,1,0,73.19,50.02,1.87,22.26,61.605000000000004,45.72,SLOW GROWTH,13
WALCHANNAG,18436954112.0,SMALL CAP,271.489990234375,26.636591000000003,5.2716503,-0.04013,61.011,0.014839999,-0.053340003,0.753,0.159,Industrials,Industrials,Engineering & Construction,2026-05-27,Engineering & EPC,0,1,0,93.56,50.02,2.54,15.78,71.79,52.34,SLOW GROWTH,13
PPLPHARMA,233393405952.0,MID CAP,176.17999267578125,26.636591000000003,2.8868241,-0.04002,69.519,0.08799,-0.03675,-0.001,0.159,Misc,Healthcare,Drug Manufacturers - Specialty & Generic,2026-05-27,Drug Manufacturers - Specialty & Generic,0,0,0,22.86,50.02,2.58,41.0,36.44,30.12,WEAK GROWTH,13
GOACARBON,3710751488.0,MICRO CAP,405.5,26.636591000000003,2.2005036,-0.24976,99.272,0.043109998,-0.06805,0.521,0.159,Chemicals,Basic Materials,Specialty Chemicals,2026-05-27,Specialty Chemicals,0,1,0,89.77,50.02,1.09,24.44,69.895,51.59,SLOW GROWTH,13
DIGISPICE,4126384384.0,MICRO CAP,19.799999237060547,21.290321,2.050751,0.097550005,35.372,-0.00616,0.04084,-0.082,0.159,Financials,Financial Services,Financial Conglomerates,2026-05-27,NBFC – Investment,0,0,0,15.03,50.02,19.37,11.87,32.525,27.83,WEAK GROWTH,13
SHOPERSTOP,38984159232.0,SMALL CAP,354.0,26.636591000000003,13.348416,-0.1179,606.1040000000002,0.03299,-0.00716,0.137,0.159,Misc,Consumer Cyclical,Department Stores,2026-05-27,Department Stores,0,1,0,61.5,50.02,1.64,21.36,55.760000000000005,41.5,SLOW GROWTH,13
ZIMLAB,5569099776.0,MICRO CAP,104.0,87.39495,1.9521718,0.021289999,42.734,0.01985,0.01559,-0.033,-0.257,Misc,Healthcare,Drug Manufacturers - Specialty & Generic,2026-05-27,Drug Manufacturers - Specialty & Generic,0,0,0,19.07,13.57,7.22,17.24,16.32,14.59,WEAK GROWTH,10
BIOCON,703923355648.0,LARGE CAP,434.70001220703125,153.60425,2.0356557,0.011469999,42.145,0.112229995,0.022780001,0.023,-0.725,Healthcare,Healthcare,Biotechnology,2026-05-27,Biotechnology,0,0,0,26.42,3.51,5.74,61.89,14.965,17.81,WEAK GROWTH,10
KRITI,3638659072.0,MICRO CAP,69.05000305175781,328.80954,1.6649789,0.00533,40.997,0.09896,0.0019200001,0.031,0.159,Misc,Industrials,Building Products & Equipment,2026-05-27,Building Products & Equipment,0,0,0,27.57,50.02,4.76,57.2,38.795,33.83,WEAK GROWTH,10
CAPILLARY,40971780096.0,SMALL CAP,515.5499877929688,75.26277,1.9966307,0.06582,5.238,0.09712,0.07132,0.258,3.06,Technology,Technology,Software - Infrastructure,2026-05-27,Software Products,0,1,0,77.2,95.43,13.24,56.58,86.315,68.73,MODERATE GROWTH,10
RVNL,525946322944.0,LARGE CAP,252.25,59.916862,5.525134,0.08981,49.078,0.0507,0.041279998,0.055,-0.591,Industrials,Industrials,Engineering & Construction,2026-05-27,Engineering & EPC,0,0,0,31.14,5.9,17.53,27.33,18.52,19.2,WEAK GROWTH,10
SHANKARA,3006916352.0,MICRO CAP,124.0,78.48101,0.67244756,0.0058399998,42.93,0.03275,0.00282,-0.792,-0.757,Misc,Consumer Cyclical,Home Improvement Retail,2026-05-27,Home Improvement Retail,0,0,0,1.13,3.01,4.88,21.2,2.07,4.54,WEAK GROWTH,10
KDDL,33515538432.0,SMALL CAP,2725.0,40.23922,3.1023939,0.08123,26.688,0.091129996,0.04091,0.37,0.257,Misc,Consumer Cyclical,Luxury Goods,2026-05-27,Luxury Goods,0,1,0,84.4,72.75,16.09,42.0,78.575,62.42,MODERATE GROWTH,10
SFL,68503236608.0,SMALL CAP,627.2999877929688,42.96575,2.1061997,0.05061,27.85,0.07716,0.04177,0.236,3.222,Misc,Consumer Cyclical,"Furnishings, Fixtures & Appliances",2026-05-27,"Furnishings, Fixtures & Appliances",0,1,0,75.38,95.7,10.97,37.0,85.53999999999999,65.77,MODERATE GROWTH,10
EPACK,22291326976.0,SMALL CAP,231.64999389648438,511.39656400000433,2.3211653,0.00341,76.95,0.01979,0.00171,-0.081,-0.92732,Misc,Consumer Cyclical,"Furnishings, Fixtures & Appliances",2026-05-27,"Furnishings, Fixtures & Appliances",0,0,0,15.13,0.53,4.45,17.18,7.83,8.09,WEAK GROWTH,10
HITECHCORP,3781573888.0,MICRO CAP,220.1699981689453,51.804707,1.357934,0.0547,48.253,0.068330005,0.02372,0.112,13.983,Misc,Consumer Cyclical,Packaging & Containers,2026-05-27,Packaging & Containers,0,1,0,41.29,98.83,11.64,33.62,70.06,54.73,SLOW GROWTH,10
LENSKART,890937147392.0,LARGE CAP,515.25,177.06184,13.587099,0.066539995,34.983,0.09974,0.055999998,0.456,-0.108,Misc,Healthcare,Medical Instruments & Supplies,2026-05-27,Medical Instruments & Supplies,0,0,0,87.74,18.96,13.39,57.52,53.349999999999994,45.78,SLOW GROWTH,10
AYMSYNTEX,12733325312.0,SMALL CAP,217.24000549316406,192.24779,2.1619363,0.01123,31.914,0.05192,0.0047999998,0.014,3.157,Misc,Consumer Cyclical,Textile Manufacturing,2026-05-27,Textile Manufacturing,0,0,0,24.85,95.55,5.62,27.68,60.2,46.03,SLOW GROWTH,10
SURAJLTD,4278835200.0,MICRO CAP,233.0,57.248154,3.1502664,0.055180002,43.774,0.082399994,0.03629,-0.261,0.159,Misc,Basic Materials,Steel,2026-05-27,Steel,0,0,0,6.91,50.02,11.75,39.09,28.465000000000003,26.18,WEAK GROWTH,10
WINDMACHIN,27075665920.0,SMALL CAP,296.54998779296875,511.39656400000433,3.4257886,0.11808,5.437,-0.01609,-0.028199999,0.252,0.159,Misc,Industrials,Specialty Industrial Machinery,2026-05-27,Specialty Industrial Machinery,0,1,0,76.75,50.02,50.02,11.01,63.385000000000005,55.47,MODERATE GROWTH,10
SIS,55940968448.0,SMALL CAP,395.8999938964844,41.068462,2.218412,0.05565,70.299,0.030439999,0.0086199995,0.31,0.159,Misc,Industrials,Security & Protection Services,2026-05-27,Security & Protection Services,0,1,0,81.73,50.02,11.91,20.58,65.875,50.55,SLOW GROWTH,10
SASKEN,32058640384.0,SMALL CAP,2111.0,59.431305,3.989779,0.06988,3.212,0.109280005,0.04682,1.36,1.444,Technology,Technology,Information Technology Services,2026-05-27,IT Services,0,1,0,96.76,91.18,13.94,60.8,93.97,74.65,HIGH GROWTH,10
PRIMO,5343667712.0,MICRO CAP,22.049999237060547,35.0,1.3190955,0.03858,32.291,0.080740005,0.02737,-0.068,0.159,Misc,Basic Materials,Chemicals,2026-05-27,Chemicals,0,0,0,16.15,50.02,9.29,38.5,33.085,28.87,WEAK GROWTH,10
RELIGARE,79432138752.0,SMALL CAP,238.39999389648438,92.04633,2.7230153,0.02001,12.72,0.055359997,0.01012,0.221,-0.169,Financials,Financial Services,Insurance - Life,2026-05-27,Life Insurance,0,0,0,73.37,16.91,7.18,29.09,45.14,35.94,WEAK GROWTH,10
BHAGCHEM,32540454912.0,SMALL CAP,250.9499969482422,226.08107,4.7226977,0.02633,33.6,0.07073,0.03391,0.289,0.159,Chemicals,Basic Materials,Agricultural Inputs,2026-05-27,Agrochemicals,0,1,0,79.87,50.02,7.89,34.36,64.94500000000001,50.48,SLOW GROWTH,10
IGARASHI,12099008512.0,SMALL CAP,384.3999938964844,99.585495,2.606667,0.02606,31.007,0.01985,0.01403,0.193,-0.474,Automobiles,Consumer Cyclical,Auto Parts,2026-05-27,Auto Components,0,0,0,69.74,8.43,7.81,17.24,39.084999999999994,30.65,WEAK GROWTH,10
AMAGI,88915304448.0,SMALL CAP,411.0,123.79518,-113.03631,0.06325,1.763,0.04474,0.04565,0.285,0.159,Technology,Technology,Software - Application,2026-05-27,SaaS,0,1,0,79.68,50.02,12.77,24.87,64.85000000000001,50.44,SLOW GROWTH,10
MAHLOG,34628644864.0,SMALL CAP,349.0,511.39656400000433,4.391373,0.01279,46.725,0.02527,0.00033,0.201,0.289,Misc,Industrials,Integrated Freight & Logistics,2026-05-27,Integrated Freight & Logistics,0,1,0,71.01,74.56,5.97,18.74,72.785,54.02,SLOW GROWTH,10
ORCHPHARMA,36413779968.0,SMALL CAP,717.9500122070312,176.83498,2.8267863,0.11808,29.432,-0.12264,-0.29572,-0.015,0.159,Misc,Healthcare,Drug Manufacturers - Specialty & Generic,2026-05-27,Drug Manufacturers - Specialty & Generic,0,0,0,21.05,50.02,50.02,6.95,35.535000000000004,35.57,WEAK GROWTH,10
PVRINOX,95214682112.0,SMALL CAP,969.5999755859375,53.866665,1.3381268,0.024400001,91.874,0.07839,0.05027,0.238,0.159,Misc,Communication Services,Entertainment,2026-05-27,Entertainment,0,1,0,75.69,50.02,7.58,37.72,62.855000000000004,49.29,SLOW GROWTH,10
EXIDEIND,331669995520.0,MID CAP,390.20001220703125,38.864544,2.3875227,0.06172,11.308,0.07394,0.047470003,0.092,0.15,Automobiles,Consumer Cyclical,Auto Parts,2026-05-27,Auto Components,0,0,0,37.9,32.33,12.5,35.79,35.114999999999995,30.66,WEAK GROWTH,10
JUBLPHARMA,156050964480.0,MID CAP,985.25,39.221733,2.3691127,0.05962,50.943,0.09716,0.048130002,0.187,-0.224,Misc,Healthcare,Drug Manufacturers - Specialty & Generic,2026-05-27,Drug Manufacturers - Specialty & Generic,0,0,0,68.9,14.47,12.26,56.62,41.685,37.29,WEAK GROWTH,10
RAJTV,1090180224.0,MICRO CAP,21.0,140.0,0.93015015,0.00638,16.564,0.02776,0.0113,-0.019,0.159,Media,Communication Services,Broadcasting,2026-05-27,Broadcasting,0,0,0,20.38,50.02,4.96,19.48,35.2,27.58,WEAK GROWTH,10
LMW,164518199296.0,MID CAP,15400.0,126.00229,5.81477,0.046329997,29.432,0.04242,0.040760003,0.161,0.332,Misc,Industrials,Specialty Industrial Machinery,2026-05-27,Specialty Industrial Machinery,0,1,0,65.13,76.59,10.46,24.21,70.86,54.11,SLOW GROWTH,10
HFCL,261981143040.0,MID CAP,171.1999969482422,475.55554,5.1639366,0.07266,38.321,0.14757,0.062989995,1.278,0.159,Misc,Technology,Communication Equipment,2026-05-27,Communication Equipment,0,1,0,96.45,50.02,14.53,71.38,73.235,61.31,MODERATE GROWTH,10
MARALOVER,2353503744.0,MICRO CAP,56.70000076293945,71.77215,2.553939,0.0297,337.576,0.04008,0.00333,-0.06,0.159,Misc,Consumer Cyclical,Textile Manufacturing,2026-05-27,Textile Manufacturing,0,0,0,16.69,50.02,8.24,23.41,33.355000000000004,27.34,WEAK GROWTH,10
BSL,1447181696.0,MICRO CAP,140.61000061035156,60.870132,1.2122074,0.01987,366.348,0.04008,0.0036199999,-0.049,0.159,Misc,Consumer Cyclical,Textile Manufacturing,2026-05-27,Textile Manufacturing,0,0,0,17.45,50.02,7.15,23.41,33.735,27.39,WEAK GROWTH,10
DEEPAKNTR,234336878592.0,MID CAP,1718.0999755859375,42.516705,4.017763,0.09751,27.903,0.14781,0.0698,-0.027,0.085,Misc,Basic Materials,Chemicals,2026-05-27,Chemicals,0,0,0,19.74,28.54,19.29,71.42,24.14,27.9,WEAK GROWTH,10
TARSONS,11570238464.0,SMALL CAP,217.4600067138672,56.63021,1.8593953,0.022650002,61.913,0.09252,0.03206,0.132,-0.589,Misc,Healthcare,Medical Instruments & Supplies,2026-05-27,Medical Instruments & Supplies,0,0,0,60.64,5.97,7.38,42.76,33.305,29.07,WEAK GROWTH,10
OAL,11098948608.0,SMALL CAP,329.79998779296875,336.53058,1.6764177,0.0049900003,60.585,0.04152,0.00321,0.115,1.809,Chemicals,Basic Materials,Specialty Chemicals,2026-05-27,Specialty Chemicals,0,1,0,41.94,92.82,4.72,23.9,67.38,50.5,SLOW GROWTH,10
JINDWORLD,31371417600.0,SMALL CAP,31.290000915527344,47.409092,3.79043,0.08457,64.866,0.05929,0.03042,0.058,0.182,Misc,Consumer Cyclical,Textile Manufacturing,2026-05-27,Textile Manufacturing,0,0,0,31.71,68.24,16.63,30.34,49.974999999999994,41.34,SLOW GROWTH,10
AMBER,263619969024.0,MID CAP,7485.0,148.36472,6.025231,0.05583,46.566,0.06243,0.01444,0.105,0.11,Misc,Consumer Cyclical,"Furnishings, Fixtures & Appliances",2026-05-27,"Furnishings, Fixtures & Appliances",0,1,0,40.2,29.87,11.95,31.47,35.035000000000004,30.06,WEAK GROWTH,10
JINDALSTEL,1251205054464.0,LARGE CAP,1229.699951171875,37.106216,2.5186641,0.067719996,43.613,0.12809,0.06327,0.23,0.159,Misc,Basic Materials,Steel,2026-05-27,Steel,0,1,0,74.66,50.02,13.59,66.03,62.34,52.96,SLOW GROWTH,10
NACLIND,37933363200.0,SMALL CAP,161.94000244140625,511.39656400000433,5.0982246,0.00823,45.68,0.01222,0.0028799998,0.792,0.159,Chemicals,Basic Materials,Agricultural Inputs,2026-05-27,Agrochemicals,0,1,0,93.95,50.02,5.12,15.35,71.985,52.95,SLOW GROWTH,10
WOCKPHARMA,281923911680.0,MID CAP,1735.0,132.54393,6.160522,0.04005,42.284,0.14819,0.06315,0.26,0.159,Misc,Healthcare,Drug Manufacturers - Specialty & Generic,2026-05-27,Drug Manufacturers - Specialty & Generic,0,1,0,77.39,50.02,9.41,71.53,63.705,53.63,SLOW GROWTH,10
WESTLIFE,72982454272.0,SMALL CAP,470.20001220703125,228.25244,11.748539,0.05289,291.521,0.04538,0.01243,0.079,0.5,Hospitality,Consumer Cyclical,Restaurants,2026-05-27,Restaurants,0,0,0,35.63,81.16,11.36,25.11,58.394999999999996,45.66,SLOW GROWTH,10
IGPL,13583608832.0,SMALL CAP,441.1000061035156,511.39656400000433,1.0195544,0.00166,27.136,0.088190004,0.00115,0.092,0.479,Misc,Basic Materials,Chemicals,2026-05-27,Chemicals,0,0,0,37.9,80.59,4.37,41.12,59.245000000000005,46.46,SLOW GROWTH,10
SUNDARAM,663428864.0,MICRO CAP,1.399999976158142,70.0,0.8484849,0.03568,23.312,0.053039998,0.022839999,0.171,0.159,Misc,Basic Materials,Paper & Paper Products,2026-05-27,Paper & Paper Products,0,1,0,66.54,50.02,8.79,28.23,58.28,45.38,SLOW GROWTH,10
URJA,6062401536.0,MICRO CAP,10.880000114440918,511.39656400000433,3.2889962,0.00708,24.759,0.02029,0.02002,0.023,0.159,Misc,Technology,Solar,2026-05-27,Solar,0,0,0,26.42,50.02,5.0,17.49,38.22,29.5,WEAK GROWTH,10
SGIL,8160535552.0,MICRO CAP,525.2999877929688,174.51826,7.296441,0.04257,225.406,0.02181,0.01271,0.221,-0.897,Misc,Industrials,Metal Fabrication,2026-05-27,Metal Fabrication,0,0,0,73.37,1.46,9.68,18.0,37.415,29.93,WEAK GROWTH,10
TREJHARA,3564938752.0,MICRO CAP,147.82000732421875,55.15672,1.4399829,0.0325,7.64,0.00904,0.059959996,-0.568,0.257,Technology,Technology,Software - Application,2026-05-27,SaaS,0,0,0,2.73,72.75,8.51,14.64,37.74,29.58,WEAK GROWTH,10
TIRUPATIFL,5393567744.0,MICRO CAP,45.599998474121094,91.2,4.6568627,0.052360002,31.143,0.04162,0.03875,0.524,0.091,Misc,Industrials,Metal Fabrication,2026-05-27,Metal Fabrication,0,0,0,89.91,28.89,11.28,23.94,59.4,46.23,SLOW GROWTH,10
NDGL,2574100224.0,MICRO CAP,2574.1,53.885284,2.39221315,0.11808,29.432,0.0,0.0,0.116,0.159,Misc,Financial Services,Capital Markets,2026-05-27,Capital Markets,0,1,0,49.96,50.02,50.02,12.92,49.99,46.29,SLOW GROWTH,10
ARFIN,16082626560.0,SMALL CAP,95.31999969482422,103.608696,9.54632,0.094469994,75.884,0.07755,0.025,0.26,13.938,Misc,Basic Materials,Aluminum,2026-05-27,Aluminum,0,1,0,77.39,98.79,18.66,37.29,88.09,69.12,MODERATE GROWTH,10
GREENLAM,59143237632.0,SMALL CAP,231.8000030517578,105.36363,5.2750154,0.04862,98.417,0.0939,0.01842,0.27,16.33808000000006,Misc,Consumer Cyclical,"Furnishings, Fixtures & Appliances",2026-05-27,"Furnishings, Fixtures & Appliances",0,1,0,78.45,99.51,10.86,43.28,88.98,68.79,MODERATE GROWTH,10
TOKYOPLAST,811514624.0,MICRO CAP,85.41000366210938,129.40909,1.1961683,0.0101499995,77.168,0.042540003,0.00795,0.333,-0.897,Misc,Consumer Cyclical,Packaging & Containers,2026-05-27,Packaging & Containers,0,0,0,82.74,1.46,5.43,24.25,42.099999999999994,32.98,WEAK GROWTH,10
ALLCARGO,13719650304.0,SMALL CAP,9.15999984741211,229.0,2.4551058,0.00373,120.732,0.01556,0.00389,-0.80216,0.159,Misc,Industrials,Integrated Freight & Logistics,2026-05-27,Integrated Freight & Logistics,0,0,0,0.53,50.02,4.49,16.05,25.275000000000002,20.2,WEAK GROWTH,10
DGCONTENT,1567765760.0,MICRO CAP,27.020000457763672,207.84616,4.0877457,0.025209999,265.556,0.04014,0.00166,0.033,-0.86,Misc,Communication Services,Internet Content & Information,2026-05-27,Internet Content & Information,0,0,0,27.8,1.84,7.65,23.51,14.82,14.26,WEAK GROWTH,10
DELPHIFX,2550784768.0,MICRO CAP,10.399999618530273,57.777775,0.5114838,0.022079999,606.1040000000002,0.0064600003,0.00301,-0.198,0.0,Misc,Financial Services,Capital Markets,2026-05-27,Capital Markets,0,0,0,8.9,23.58,7.34,14.02,16.24,14.24,WEAK GROWTH,10
PCBL,113887748096.0,MID CAP,289.45001220703125,56.423004,2.8509939,0.05125,124.132,0.07217,0.02416,-0.01,-0.613,Chemicals,Basic Materials,Specialty Chemicals,2026-05-27,Specialty Chemicals,0,0,0,21.67,5.43,11.09,35.1,13.55,15.21,WEAK GROWTH,10
OMINFRAL,8550815232.0,MICRO CAP,88.79000091552734,42.280956,1.1991357,0.0257,10.595,0.08976,0.04111,-0.069,-0.525,Industrials,Industrials,Engineering & Construction,2026-05-27,Engineering & EPC,0,0,0,16.03,6.91,7.73,41.62,11.47,13.74,WEAK GROWTH,10
AVANTEL,48096317440.0,SMALL CAP,181.00999450683594,329.10907,14.2202835,0.05211,10.164,0.12567,0.06728,0.296,-0.31,Misc,Technology,Communication Equipment,2026-05-27,Communication Equipment,0,0,0,80.44,12.38,11.21,65.44,46.41,41.27,SLOW GROWTH,10
EXXARO,2984229376.0,MICRO CAP,6.670000076293945,111.16667,1.1251687,0.01018,33.349,0.03283,0.00929,0.052,-0.92732,Misc,Industrials,Building Products & Equipment,2026-05-27,Building Products & Equipment,0,0,0,30.53,0.53,5.47,21.24,15.530000000000001,14.09,WEAK GROWTH,10
GRPLTD,9039997952.0,MICRO CAP,1695.0,282.97162,5.0673404,0.01741,116.333,0.02743,0.00602,-0.099,0.159,Automobiles,Consumer Cyclical,Auto Parts,2026-05-27,Auto Components,0,0,0,14.17,50.02,6.76,19.33,32.095,25.75,WEAK GROWTH,10
PINELABS,161619902464.0,MID CAP,140.75,137.9902,3.7741668,0.023929998,7.474,0.05452,0.04151,-0.343,0.159,Technology,Technology,Software - Infrastructure,2026-05-27,Software Products,0,0,0,5.27,50.02,7.5,28.78,27.645000000000003,23.73,WEAK GROWTH,10
BOROLTD,26787629056.0,SMALL CAP,224.0,35.955055,3.0049367,0.088120006,16.696,0.03229,0.06243,0.052,-0.054,Misc,Consumer Cyclical,"Furnishings, Fixtures & Appliances",2026-05-27,"Furnishings, Fixtures & Appliances",0,0,0,30.53,21.09,17.26,21.01,25.810000000000002,23.62,WEAK GROWTH,10
BLUESTONE,71411572736.0,SMALL CAP,468.70001220703125,446.38098,3.9623966,0.00971,110.033,0.1027,0.0060900003,0.477,0.159,Misc,Consumer Cyclical,Luxury Goods,2026-05-27,Luxury Goods,0,1,0,88.48,50.02,5.39,58.22,69.25,55.38,MODERATE GROWTH,10
UBL,353800519680.0,MID CAP,1338.0999755859375,85.83066,8.143256,0.09292,29.076,0.02807,0.04472,-0.031,0.043,Misc,Consumer Defensive,Beverages - Brewers,2026-05-27,Beverages - Brewers,0,0,0,19.37,25.97,18.24,19.72,22.67,21.49,WEAK GROWTH,10
HLVLTD,5425708544.0,MICRO CAP,8.229999542236328,274.3333,1.1558988,0.00936,8.381,0.109519996,0.02148,0.055,-0.375,Misc,Consumer Cyclical,Lodging,2026-05-27,Lodging,0,0,0,31.14,10.5,5.19,60.87,20.82,21.7,WEAK GROWTH,10
MHRIL,44560486400.0,SMALL CAP,220.9499969482422,64.22965,5.7298822,0.08522,488.662,0.108,0.02323,0.053,-0.431,Misc,Consumer Cyclical,Resorts & Casinos,2026-05-27,Resorts & Casinos,0,0,0,30.83,9.33,16.71,60.33,20.08,23.43,WEAK GROWTH,10
SULA,13477778432.0,SMALL CAP,159.60000610351562,52.500004,2.288205,0.043709997,56.679,0.13083,0.04614,0.073,-0.342,Misc,Consumer Defensive,Beverages - Wineries & Distilleries,2026-05-27,Beverages - Wineries & Distilleries,0,0,0,34.87,11.38,9.96,66.69,23.125,24.85,WEAK GROWTH,10
HCG,98539454464.0,SMALL CAP,660.0,511.39656400000433,10.055304,0.01898,123.057,0.09546,0.00541,0.115,-0.712,Misc,Healthcare,Medical Care Facilities,2026-05-27,Medical Care Facilities,0,0,0,41.94,3.71,6.95,43.65,22.825,21.73,WEAK GROWTH,10
RKFORGE,102337232896.0,MID CAP,563.9500122070312,143.49873,3.1027522,0.02269,74.422,0.098409995,0.01694,0.285,0.244,Misc,Industrials,Metal Fabrication,2026-05-27,Metal Fabrication,0,1,0,79.68,72.0,7.42,57.01,75.84,60.27,MODERATE GROWTH,10
BIRLACABLE,5540399616.0,MICRO CAP,184.67999267578125,73.28571,1.9730136,0.06329,47.195,0.08304,0.02181,0.379,6.347,Misc,Technology,Communication Equipment,2026-05-27,Communication Equipment,0,1,0,84.91,97.42,12.81,39.28,91.16499999999999,70.31,HIGH GROWTH,10
TATVA,26807296000.0,SMALL CAP,1146.0,63.84401,3.4307988,0.05531,15.398,0.13696,0.082550004,0.244,9.075,Chemicals,Basic Materials,Specialty Chemicals,2026-05-27,Specialty Chemicals,0,1,0,76.01,98.16,11.83,68.43,87.08500000000001,70.17,HIGH GROWTH,10
YASHO,26614413312.0,SMALL CAP,2204.0,105.35373,6.213579,0.05849,125.684,0.123100005,0.03043,0.347,1.32,Chemicals,Basic Materials,Specialty Chemicals,2026-05-27,Specialty Chemicals,0,1,0,83.52,90.32,12.16,64.78,86.91999999999999,69.75,MODERATE GROWTH,10
SINTERCOM,2133406336.0,MICRO CAP,77.5,227.94118,2.1401744,0.0139999995,51.503,0.08486,0.01422,0.141,9.817,Automobiles,Consumer Cyclical,Auto Parts,2026-05-27,Auto Components,0,1,0,62.1,98.32,6.21,39.95,80.21,61.38,MODERATE GROWTH,10
WHIRLPOOL,107882291200.0,MID CAP,850.0,36.685368,1.3209958,0.072459996,8.621,0.03138,0.03656,0.088,-0.328,Misc,Consumer Cyclical,"Furnishings, Fixtures & Appliances",2026-05-27,"Furnishings, Fixtures & Appliances",0,0,0,37.17,11.77,14.37,20.81,24.47,22.08,WEAK GROWTH,10
SUDARSCHEM,77621141504.0,SMALL CAP,987.2000122070312,351.31674,2.1874197,0.0103400005,64.172,0.042140003,0.00226,1.123,0.159,Chemicals,Basic Materials,Specialty Chemicals,2026-05-27,Specialty Chemicals,0,1,0,95.78,50.02,5.51,24.05,72.9,54.54,SLOW GROWTH,10
GANECOS,25828749312.0,SMALL CAP,965.0999755859375,64.72837,2.023088,0.0315,38.851,0.083009996,0.02579,0.231,-0.075,Misc,Consumer Cyclical,Textile Manufacturing,2026-05-27,Textile Manufacturing,0,0,0,74.76,20.19,8.4,39.24,47.475,38.84,WEAK GROWTH,10
SANATHAN,34812452864.0,SMALL CAP,412.45001220703125,44.929195,1.8563443,0.04204,80.77,0.053189997,0.020299999,0.597,-0.504,Misc,Consumer Cyclical,Textile Manufacturing,2026-05-27,Textile Manufacturing,0,0,0,91.35,7.42,9.61,28.39,49.385,39.33,WEAK GROWTH,10
NDLVENTURE,4360474624.0,MICRO CAP,129.5,479.6296,7.791348,0.01526,29.432,-0.83224,0.18601,0.116,0.251,Misc,Communication Services,Entertainment,2026-05-27,Entertainment,0,1,0,49.96,72.16,6.48,2.54,61.06,44.29,SLOW GROWTH,10
JTEKTINDIA,35753684992.0,SMALL CAP,128.88999938964844,45.224564,3.0151117,0.07445,28.653,0.05333,0.02885,0.202,0.021,Automobiles,Consumer Cyclical,Auto Parts,2026-05-27,Auto Components,0,0,0,71.14,24.76,14.88,28.47,47.95,39.39,WEAK GROWTH,10
EMIL,44438482944.0,SMALL CAP,115.5,47.530865,2.7400186,0.06787,122.806,0.04601,0.01491,0.113,0.256,Misc,Consumer Cyclical,Specialty Retail,2026-05-27,Specialty Retail,0,1,0,41.53,72.61,13.63,25.46,57.07,45.22,SLOW GROWTH,10
PDSL,42285617152.0,SMALL CAP,298.29998779296875,37.66414,2.3908756,0.09936,67.994,0.02438,0.00852,-0.003,0.224,Misc,Industrials,Specialty Business Services,2026-05-27,Specialty Business Services,0,0,0,22.57,70.83,19.95,18.43,46.7,38.52,WEAK GROWTH,10
CARBORUNIV,197351276544.0,MID CAP,1036.0,100.29042,5.024565,0.043670002,10.292,0.056950003,0.0374,0.149,0.159,Misc,Industrials,Conglomerates,2026-05-27,Conglomerates,0,1,0,63.41,50.02,9.92,29.71,56.715,44.66,SLOW GROWTH,10
FAIRCHEMOR,7766003200.0,MICRO CAP,616.5499877929688,144.05373,2.7443204,0.019609999,31.852,0.04543,0.01205,-0.032,5.196,Chemicals,Basic Materials,Specialty Chemicals,2026-05-27,Specialty Chemicals,0,0,0,19.23,97.03,7.01,25.19,58.13,44.61,SLOW GROWTH,10
GLOBUSSPR,25928628224.0,SMALL CAP,892.0,477.00534,2.5037892,0.08753,48.422,0.06506,0.03387,-0.034,3.405,Misc,Consumer Defensive,Beverages - Wineries & Distilleries,2026-05-27,Beverages - Wineries & Distilleries,0,0,0,18.92,95.82,17.18,32.41,57.37,46.84,SLOW GROWTH,10
GMMPFAUDLR,35603873792.0,SMALL CAP,791.9500122070312,61.774574,3.026661,0.04581,84.461,0.05327,0.0162,0.193,0.159,Misc,Industrials,Specialty Industrial Machinery,2026-05-27,Specialty Industrial Machinery,0,1,0,69.74,50.02,10.39,28.43,59.879999999999995,46.84,SLOW GROWTH,10
HLEGLAS,23058972672.0,SMALL CAP,332.0,46.047157,4.267517,0.09648,56.224,0.08483,0.036530003,0.171,-0.475,Misc,Industrials,Specialty Industrial Machinery,2026-05-27,Specialty Industrial Machinery,0,0,0,66.54,8.36,18.98,39.91,37.45,34.0,WEAK GROWTH,10
TVSSCS,53294551040.0,SMALL CAP,120.80000305175781,46.64093,2.6912622,0.06004,133.606,0.03943,0.01035,0.229,0.159,Misc,Industrials,Integrated Freight & Logistics,2026-05-27,Integrated Freight & Logistics,0,1,0,74.52,50.02,12.38,23.14,62.269999999999996,48.38,SLOW GROWTH,10
DIAMONDYD,26205937664.0,SMALL CAP,1096.0,240.8791,3.7704823,0.01398,6.454,0.00884,0.00563,0.049,0.159,Misc,Consumer Defensive,Packaged Foods,2026-05-27,Packaged Foods,0,0,0,30.12,50.02,6.17,14.56,40.07,30.74,WEAK GROWTH,10
ZYDUSWELL,153447251968.0,MID CAP,482.29998779296875,77.665054,2.6886005,0.0343,54.974,0.14144,0.049790002,0.626,-0.058,Misc,Consumer Defensive,Packaged Foods,2026-05-27,Packaged Foods,0,0,0,92.0,20.91,8.67,69.93,56.455,48.25,SLOW GROWTH,10
IXIGO,71937351680.0,SMALL CAP,163.99000549316406,95.343025,9.506116,0.053260002,2.15,0.06555,0.05874,0.084,0.674,Misc,Consumer Cyclical,Travel Services,2026-05-27,Travel Services,0,0,0,36.57,84.34,11.44,32.6,60.455,47.87,SLOW GROWTH,10
STLTECH,249282805760.0,MID CAP,510.6499938964844,436.453,12.132336,0.026300002,85.626,0.09368,0.0117999995,4.694480000000025,0.159,Misc,Technology,Communication Equipment,2026-05-27,Communication Equipment,0,1,0,99.51,50.02,7.85,43.07,74.765,58.21,MODERATE GROWTH,10
MOSCHIP,40502013952.0,SMALL CAP,208.75,115.3315,9.900873,0.09558,21.561,0.0388,0.060159996,0.137,-0.098,Misc,Technology,Semiconductor Equipment & Materials,2026-05-27,Semiconductor Equipment & Materials,0,0,0,61.5,19.5,18.82,23.0,40.5,34.41,WEAK GROWTH,10
LXCHEM,42136154112.0,SMALL CAP,152.0,52.961674,2.117316,0.04077,27.344,0.046830002,0.027880002,0.036,-0.025,Chemicals,Basic Materials,Specialty Chemicals,2026-05-27,Specialty Chemicals,0,0,0,28.27,22.14,9.45,25.93,25.205,22.13,WEAK GROWTH,10
RAYMONDLSL,43514142720.0,SMALL CAP,714.4500122070312,94.25462,0.4512773,0.0047999998,22.681,0.011419999,0.0067000003,0.171,0.159,Misc,Consumer Cyclical,Apparel Manufacturing,2026-05-27,Apparel Manufacturing,0,1,0,66.54,50.02,4.65,15.11,58.28,43.24,SLOW GROWTH,10
MFSL,579222700032.0,LARGE CAP,1686.5,511.39656400000433,21.160868,0.01629,12.673,0.04599,0.00176,-0.402,0.159,Financials,Financial Services,Insurance - Life,2026-05-27,Life Insurance,0,0,0,4.37,50.02,6.64,25.42,27.195,22.91,WEAK GROWTH,10
NELCO,15950061568.0,SMALL CAP,699.0,492.25354,12.406816,0.02586,56.54,0.0077,0.010829999,0.173,0.159,Misc,Technology,Communication Equipment,2026-05-27,Communication Equipment,0,1,0,66.71,50.02,7.77,14.25,58.364999999999995,43.83,SLOW GROWTH,10
DEEDEV,39251537920.0,SMALL CAP,566.7000122070312,47.74221,4.7062244,0.09127,79.221,0.13762,0.06774,0.263,-0.121,Misc,Industrials,Metal Fabrication,2026-05-27,Metal Fabrication,0,0,0,77.8,18.45,17.84,68.68,48.125,44.12,SLOW GROWTH,10
WELSPUNLIV,133349933056.0,MID CAP,139.50999450683594,65.19158,2.8860753,0.04301,46.501,0.059959996,0.02175,-0.08,-0.221,Misc,Consumer Cyclical,Textile Manufacturing,2026-05-27,Textile Manufacturing,0,0,0,15.21,14.72,9.8,30.59,14.965,15.49,WEAK GROWTH,10
DELHIVERY,345645416448.0,MID CAP,461.6499938964844,231.98492,3.556927,0.01596,15.098,0.01086,0.014529999,0.3,-0.006,Misc,Industrials,Integrated Freight & Logistics,2026-05-27,Integrated Freight & Logistics,0,0,0,80.77,23.08,6.6,15.07,51.925,39.17,WEAK GROWTH,10
FAZE3Q,12426712064.0,SMALL CAP,512.0,39.59783,2.7527328,0.07697,60.909,0.10416,0.03599,0.332,0.125,Misc,Consumer Cyclical,Textile Manufacturing,2026-05-27,Textile Manufacturing,0,1,0,82.66,30.77,15.38,58.61,56.714999999999996,48.64,SLOW GROWTH,10
ORIENTBELL,5205302272.0,MICRO CAP,353.8500061035156,42.02494,1.6290462,0.03853,9.489,0.04759,0.017970001,0.083,1.257,Misc,Industrials,Building Products & Equipment,2026-05-27,Building Products & Equipment,0,0,0,36.41,90.0,9.25,26.16,63.205,48.71,SLOW GROWTH,10
GOKEX,51174305792.0,SMALL CAP,698.4000244140625,53.353706,2.3677146,0.047220003,58.934,0.08213,0.02463,0.071,-0.308,Misc,Consumer Cyclical,Apparel Manufacturing,2026-05-27,Apparel Manufacturing,0,0,0,34.5,12.48,10.62,38.97,23.490000000000002,22.46,WEAK GROWTH,10
XPROINDIA,27108302848.0,SMALL CAP,1155.0,136.0424,3.9537191,0.02777,40.676,0.08164,0.03869,-0.151,0.897,Chemicals,Basic Materials,Specialty Chemicals,2026-05-27,Specialty Chemicals,0,0,0,10.64,87.35,8.04,38.81,48.995,39.79,WEAK GROWTH,10
APOLLOPIPE,22515259392.0,SMALL CAP,512.6500244140625,470.3211,3.2541976,0.0055299997,13.871,0.008590001,0.00678,0.102,-0.92732,Misc,Industrials,Building Products & Equipment,2026-05-27,Building Products & Equipment,0,0,0,39.75,0.53,4.8,14.49,20.14,16.51,WEAK GROWTH,10
CYIENTDLM,34206056448.0,SMALL CAP,431.0,46.594593,3.3768167,0.07472,17.021,0.08719,0.05809,-0.138,-0.275,Misc,Technology,Electronic Components,2026-05-27,Electronic Components,0,0,0,11.28,13.02,14.92,40.84,12.149999999999999,15.57,WEAK GROWTH,10
VAKRANGEE,7105738240.0,MICRO CAP,6.559999942779541,65.6,2.9995427,0.051119998,1.705,0.00953,0.04422,-0.102,-0.003,Technology,Technology,Information Technology Services,2026-05-27,IT Services,0,0,0,14.06,23.17,11.05,14.8,18.615000000000002,16.72,WEAK GROWTH,10
VOLTAS,414168416256.0,MID CAP,1251.699951171875,110.5742,6.5427494,0.057189997,15.51,0.04093,0.02639,0.025,-0.518,Misc,Consumer Cyclical,"Furnishings, Fixtures & Appliances",2026-05-27,"Furnishings, Fixtures & Appliances",0,0,0,26.67,7.07,12.1,23.66,16.87,16.6,WEAK GROWTH,10
NAVKARCORP,14954080256.0,SMALL CAP,99.3499984741211,49.675,0.76284593,0.01551,9.055,0.13358,0.043649998,0.945,0.159,Misc,Industrials,Integrated Freight & Logistics,2026-05-27,Integrated Freight & Logistics,0,1,0,94.88,50.02,6.52,67.47,72.45,58.77,MODERATE GROWTH,10
SUNDROP,25343592448.0,SMALL CAP,672.2999877929688,125.89887,1.7529633,0.0138,29.432,0.06032,0.012990001,0.005,0.139,Misc,Consumer Defensive,Packaged Foods,2026-05-27,Packaged Foods,0,0,0,23.53,31.63,6.13,30.69,27.58,23.6,WEAK GROWTH,10
TATACONSUM,1184410763264.0,LARGE CAP,1196.9000244140625,76.92159,5.8265142,0.0694,12.159,0.11146,0.076009996,0.179,0.215,Misc,Consumer Defensive,Packaged Foods,2026-05-27,Packaged Foods,0,1,0,67.81,70.36,13.82,61.58,69.08500000000001,57.28,MODERATE GROWTH,10
ETERNAL,2330927300608.0,MEGA CAP,253.52999877929688,511.39656400000433,7.4944577,0.01194,14.826,0.00104,0.0067299996,1.965,3.75,Misc,Consumer Cyclical,Internet Retail,2026-05-27,Internet Retail,0,1,0,97.97,96.17,5.9,13.39,97.07,70.47,HIGH GROWTH,10
LUXIND,43047608320.0,SMALL CAP,1431.5,41.540916,2.4234986,0.06,33.964,0.06452,0.03506,0.068,-0.087,Misc,Consumer Cyclical,Apparel Manufacturing,2026-05-27,Apparel Manufacturing,0,0,0,33.8,19.76,12.34,32.19,26.78,24.43,WEAK GROWTH,10
CANHLIFE,132458397696.0,MID CAP,139.8000030517578,105.11278,8.173527,0.081099994,15.572,0.031489998,0.01081,-0.553,0.159,Financials,Financial Services,Insurance - Life,2026-05-27,Life Insurance,0,0,0,2.89,50.02,16.01,20.85,26.455000000000002,23.81,WEAK GROWTH,10
NEPHROPLUS,60987088896.0,SMALL CAP,607.7999877929688,75.31599,1.5534863,0.09037,7.139,0.105129994,0.07693,0.212,0.003,Misc,Healthcare,Medical Care Facilities,2026-05-27,Medical Care Facilities,0,0,0,72.47,23.94,17.65,59.16,48.205,43.19,SLOW GROWTH,10
JPPOWER,155367915520.0,MID CAP,22.670000076293945,46.265305,2.3099654,0.03603,26.634,0.0032499998,0.081,0.034,0.159,Misc,Utilities,Utilities - Independent Power Producers,2026-05-27,Utilities - Independent Power Producers,0,0,0,27.92,50.02,8.86,13.71,38.97,30.42,WEAK GROWTH,10
VITAL,1282581376.0,MICRO CAP,53.54999923706055,45.76923,1.2159677,0.03349,70.621,0.037639998,0.02337,-0.021,-0.34,Chemicals,Basic Materials,Specialty Chemicals,2026-05-27,Specialty Chemicals,0,0,0,20.25,11.46,8.59,22.69,15.855,15.09,WEAK GROWTH,10
SHREDIGCEM,10661374976.0,SMALL CAP,72.0999984741211,42.66272,2.9148977,0.06845,140.51,0.0738,0.03334,-0.037,-0.565,Misc,Basic Materials,Building Materials,2026-05-27,Building Materials,0,0,0,18.59,6.48,13.67,35.69,12.535,15.08,WEAK GROWTH,10
DCMNVL,2805397760.0,MICRO CAP,150.1999969482422,77.82384,0.8535303,0.00493,98.359,0.04091,0.0035100002,-0.065,-0.165,Misc,Consumer Cyclical,Textile Manufacturing,2026-05-27,Textile Manufacturing,0,0,0,16.36,17.1,4.69,23.62,16.73,15.01,WEAK GROWTH,10
ACI,66173698048.0,SMALL CAP,536.0,61.96532,3.2904835,0.05552,24.128,0.06943,0.098850004,-0.129,-0.741,Misc,Basic Materials,Chemicals,2026-05-27,Chemicals,0,0,0,11.85,3.36,11.87,33.93,7.6049999999999995,11.09,WEAK GROWTH,10
BHEL,1462118383616.0,LARGE CAP,419.8999938964844,91.28261,5.5860796,0.06292,31.312,0.13527,0.04737,0.369,1.564,Misc,Industrials,Specialty Industrial Machinery,2026-05-27,Specialty Industrial Machinery,0,1,0,84.32,91.76,12.73,68.02,88.03999999999999,70.98,HIGH GROWTH,10
AARTIIND,180152614912.0,MID CAP,496.20001220703125,42.99827,3.0120008,0.07249,83.392,0.09837,0.05057,0.132,0.434,Chemicals,Basic Materials,Specialty Chemicals,2026-05-27,Specialty Chemicals,0,1,0,60.64,79.5,14.41,56.97,70.07,57.63,MODERATE GROWTH,10
SHADOWFAX,115646496768.0,MID CAP,197.77000427246094,90.720184,6.9320016,0.092889994,14.161,0.037019998,0.02658,0.736,0.159,Misc,Industrials,Integrated Freight & Logistics,2026-05-27,Integrated Freight & Logistics,0,1,0,93.36,50.02,18.2,22.65,71.69,56.09,MODERATE GROWTH,10
SAURASHCEM,6774924800.0,MICRO CAP,60.869998931884766,46.82308,0.7140092,0.01511,11.119,0.0321,0.00865,-0.066,-0.436,Misc,Basic Materials,Building Materials,2026-05-27,Building Materials,0,0,0,16.28,9.23,6.4,20.97,12.755,12.31,WEAK GROWTH,10
KIMS,304985899008.0,MID CAP,762.2000122070312,125.56837,13.597845,0.09724,166.226,0.11307,0.06182,0.348,-0.583,Misc,Healthcare,Medical Care Facilities,2026-05-27,Medical Care Facilities,0,0,0,83.62,6.11,19.21,62.24,44.865,41.47,SLOW GROWTH,10
RANEHOLDIN,20201672704.0,SMALL CAP,1414.9000244140625,55.226383,1.8006405,0.09861,71.619,0.044109996,0.01664,0.171,4.625,Automobiles,Consumer Cyclical,Auto Parts,2026-05-27,Auto Components,0,1,0,66.54,96.64,19.72,24.8,81.59,63.54,MODERATE GROWTH,10
RTNPOWER,52465938432.0,SMALL CAP,9.770000457763672,97.700005,1.1314418,0.0113699995,80.012,0.08394,0.01753,-0.159,-0.647,Misc,Utilities,Utilities - Independent Power Producers,2026-05-27,Utilities - Independent Power Producers,0,0,0,10.29,4.94,5.7,39.55,7.615,10.43,WEAK GROWTH,10
BATLIBOI,3698016768.0,MICRO CAP,78.45999908447266,87.17778,1.7094427,0.02866,37.078,0.040760003,0.01289,-0.345,-0.24,Misc,Industrials,Specialty Industrial Machinery,2026-05-27,Specialty Industrial Machinery,0,0,0,5.21,13.98,8.12,23.58,9.595,10.7,WEAK GROWTH,10
STOVEKRAFT,19748515840.0,SMALL CAP,596.5,47.116905,3.9895663,0.08613,23.223,0.03125,0.02626,0.306,3.159,Misc,Consumer Cyclical,"Furnishings, Fixtures & Appliances",2026-05-27,"Furnishings, Fixtures & Appliances",0,1,0,81.37,95.59,16.91,20.77,88.48,67.4,MODERATE GROWTH,10
NEOGEN,48709259264.0,SMALL CAP,1778.9000244140625,164.40851,5.7460423,0.03581,170.915,0.14727001,0.033350002,0.216,3.759,Chemicals,Basic Materials,Specialty Chemicals,2026-05-27,Specialty Chemicals,0,1,0,72.78,96.21,8.82,71.26,84.495,68.04,MODERATE GROWTH,10
SGMART,76072501248.0,SMALL CAP,603.75,67.60918,4.970895,0.0792,16.781,0.02871,0.01759,0.175,0.147,Misc,Industrials,Industrial Distribution,2026-05-27,Industrial Distribution,0,1,0,66.99,32.08,15.58,19.95,49.535,39.79,WEAK GROWTH,10
SOBHA,151671226368.0,MID CAP,1418.0999755859375,106.304344,3.2120774,0.04168,22.403,0.062230002,0.03726,0.602,1.243,Misc,Real Estate,Real Estate - Development,2026-05-27,Real Estate - Development,0,1,0,91.55,89.93,9.53,31.35,90.74000000000001,68.56,MODERATE GROWTH,10
POLICYBZR,825831194624.0,LARGE CAP,1782.9000244140625,123.04348,11.268844,0.097440004,4.922,0.088970006,0.09861,0.367,0.528,Misc,Financial Services,Insurance Brokers,2026-05-27,Insurance Brokers,0,1,0,84.22,81.69,19.25,41.43,82.955,66.06,MODERATE GROWTH,10
BCONCEPTS,2440206848.0,MICRO CAP,195.5,46.995193,2.9438782,0.01337,219.532,0.04915,0.00312,0.062,0.159,Misc,Consumer Cyclical,Footwear & Accessories,2026-05-27,Footwear & Accessories,0,0,0,32.55,50.02,6.05,26.75,41.285,32.78,WEAK GROWTH,10
SNOWMAN,6354088448.0,MICRO CAP,38.0,190.0,1.6007414,0.00816,77.682,0.045679998,0.00546,0.039,0.504,Misc,Industrials,Integrated Freight & Logistics,2026-05-27,Integrated Freight & Logistics,0,0,0,28.7,81.3,5.08,25.26,55.0,42.04,SLOW GROWTH,10
BAJAJHCARE,10327703552.0,SMALL CAP,306.79998779296875,45.654762,1.8370047,0.042659998,46.734,0.09831,0.025799999,-0.009,0.159,Misc,Healthcare,Drug Manufacturers - Specialty & Generic,2026-05-27,Drug Manufacturers - Specialty & Generic,0,0,0,21.83,50.02,9.72,56.93,35.925,32.78,WEAK GROWTH,10
EMKAY,6093699072.0,MICRO CAP,224.61000061035156,40.690216,1.9015408,0.044460002,26.355,0.06491,0.03999,0.947,-0.375,Misc,Financial Services,Capital Markets,2026-05-27,Capital Markets,0,0,0,94.92,10.5,10.04,32.33,52.71,42.14,SLOW GROWTH,10
KALPATARU,68775272448.0,SMALL CAP,334.0,70.020966,1.7569977,0.11808,226.029,-0.11132,-0.03964,-0.141,0.159,Misc,Real Estate,Real Estate - Development,2026-05-27,Real Estate - Development,0,0,0,11.11,50.02,50.02,7.3,30.565,32.13,WEAK GROWTH,10
DYNAMATECH,71724433408.0,SMALL CAP,10561.0,222.94702,9.035771,0.0429,80.387,0.06755,0.019989999,0.138,-0.219,Automobiles,Consumer Cyclical,Auto Parts,2026-05-27,Auto Components,0,0,0,61.69,14.84,9.76,33.31,38.265,32.07,WEAK GROWTH,10
IMAGICAA,25316640768.0,SMALL CAP,44.7400016784668,511.39656400000433,1.416002,0.00051,27.313,0.0672,0.0017,-0.027,-0.92732,Misc,Communication Services,Entertainment,2026-05-27,Entertainment,0,0,0,19.74,0.53,4.18,33.07,10.135,11.24,WEAK GROWTH,10
ENIL,5243745792.0,MICRO CAP,110.0,26.636591000000003,0.6923203,-0.00962,22.502,-0.07626,-0.01356,-0.115,-0.322,Media,Communication Services,Broadcasting,2026-05-27,Broadcasting,0,0,0,13.22,11.95,3.51,8.04,12.585,10.32,WEAK GROWTH,8
ATLASCYCLE,652009728.0,MICRO CAP,100.25,26.636591000000003,0.17183457,-0.02095,2.371,-1.66571,-0.8954719999999999,-0.80216,0.159,Misc,Consumer Cyclical,Leisure,2026-05-27,Leisure,0,0,0,0.53,50.02,3.24,1.76,25.275000000000002,18.52,WEAK GROWTH,8
EMBDL,83040600064.0,SMALL CAP,59.7400016784668,26.636591000000003,0.8412663,-0.090459995,53.414,-0.79927003,-0.50389,-0.73,0.159,Misc,Real Estate,Real Estate - Diversified,2026-05-27,Real Estate - Diversified,0,0,0,1.64,50.02,1.95,2.62,25.830000000000002,18.73,WEAK GROWTH,8
TRF,2667469312.0,MICRO CAP,242.39999389648438,26.636591000000003,3.1868317,-0.05327,153.664,-0.34904,-0.05257,-0.285,0.159,Misc,Industrials,Specialty Industrial Machinery,2026-05-27,Specialty Industrial Machinery,0,0,0,6.31,50.02,2.42,4.33,28.165000000000003,20.63,WEAK GROWTH,8
SINDHUTRAD,41400791040.0,SMALL CAP,26.850000381469727,26.636591000000003,3.7731872,-0.00677,20.434,-0.0040599997,-0.15796,-0.767,0.159,Misc,Industrials,Conglomerates,2026-05-27,Conglomerates,0,0,0,1.37,50.02,3.75,12.03,25.695,19.94,WEAK GROWTH,8
AROGRANITE,397800000.0,MICRO CAP,26.0,26.636591000000003,0.22749147,-0.065689996,87.15,-0.45953998,-0.16075,-0.57,0.159,Misc,Industrials,Building Products & Equipment,2026-05-27,Building Products & Equipment,0,0,0,2.64,50.02,2.23,3.71,26.330000000000002,19.25,WEAK GROWTH,8
TREEHOUSE,283058752.0,MICRO CAP,6.690000057220459,26.636591000000003,0.17505758,-0.053639997,3.323,-5.2175484,-0.8954719999999999,-0.535,0.159,Misc,Consumer Defensive,Education & Training Services,2026-05-27,Education & Training Services,0,0,0,3.01,50.02,2.38,0.53,26.515,19.09,WEAK GROWTH,8
BPL,2758804224.0,MICRO CAP,56.33000183105469,26.636591000000003,0.97544503,-0.037920002,71.883,-0.00883,-0.19145,-0.007,-0.375,Misc,Technology,Consumer Electronics,2026-05-27,Consumer Electronics,0,0,0,22.08,10.5,2.66,11.68,16.29,13.1,WEAK GROWTH,8
UTKARSHBNK,24094750720.0,SMALL CAP,13.539999961853027,26.636591000000003,0.62370443,-0.2580168,29.432,-0.9395,0.0,-0.485,0.159,Financials,Financial Services,Banks - Regional,2026-05-27,Private Sector Banks,0,0,0,3.4,50.02,0.53,2.34,26.71,19.04,WEAK GROWTH,8
VIPIND,42089959424.0,SMALL CAP,296.29998779296875,26.636591000000003,9.07087,-0.2580168,254.843,-0.25888002,-0.18191,-0.117,0.159,Misc,Consumer Cyclical,Footwear & Accessories,2026-05-27,Footwear & Accessories,0,0,0,12.92,50.02,0.53,5.23,31.470000000000002,22.66,WEAK GROWTH,8
CELEBRITY,501540640.0,MICRO CAP,7.769999980926514,26.636591000000003,4.2205324,-0.2580168,605.198,-0.00183,-0.09114,-0.151,0.159,Misc,Consumer Cyclical,Apparel Manufacturing,2026-05-27,Apparel Manufacturing,0,0,0,10.64,50.02,0.53,12.53,30.330000000000002,22.59,WEAK GROWTH,8
GSLSU,2305146880.0,MICRO CAP,54.38999938964844,26.636591000000003,0.76243746,-0.110769995,78.906,-0.24702999,-0.11935,-0.039,0.159,Misc,Basic Materials,Building Materials,2026-05-27,Building Materials,0,0,0,18.37,50.02,1.76,5.35,34.195,24.82,WEAK GROWTH,8
STLNETWORK,14120053760.0,SMALL CAP,28.93000030517578,26.636591000000003,1.6552236,-0.11605,116.754,-0.025999999,-0.10335,0.124,0.159,Telecom,Communication Services,Telecom Services,2026-05-27,Telecom Services,0,1,0,59.18,50.02,1.68,10.09,54.6,39.56,WEAK GROWTH,8
RBA,40305897472.0,SMALL CAP,69.1500015258789,26.636591000000003,4.9920588,-0.25794,285.657,-0.00799,-0.06628,0.117,0.159,Hospitality,Consumer Cyclical,Restaurants,2026-05-27,Restaurants,0,1,0,57.97,50.02,1.05,11.71,53.995000000000005,39.18,WEAK GROWTH,8
SANGINITA,726797504.0,MICRO CAP,28.059999465942383,26.636591000000003,1.3156414,-0.18882999,26.413,-0.13744001,-0.054899998,-0.138,0.159,Misc,Basic Materials,Chemicals,2026-05-27,Chemicals,0,0,0,11.28,50.02,1.17,6.79,30.650000000000002,22.37,WEAK GROWTH,8
VISHWARAJ,1226369920.0,MICRO CAP,5.630000114440918,26.636591000000003,0.50231975,-0.13826999,145.775,-0.03396,-0.083500005,-0.166,0.159,Misc,Consumer Defensive,Confectioners,2026-05-27,Confectioners,0,0,0,10.05,50.02,1.44,9.49,30.035000000000004,22.26,WEAK GROWTH,8
SANCO,35274120.0,MICRO CAP,3.430000066757202,31.181818,-0.71339434,-0.2580168,29.432,-5.2175484,0.0,-0.012,0.159,Misc,Industrials,Electrical Equipment & Parts,2026-05-27,Electrical Equipment & Parts,0,0,0,21.46,50.02,0.53,0.53,35.74,25.18,WEAK GROWTH,8
MANGALAM,462976256.0,MICRO CAP,29.25,26.636591000000003,0.44915697,-0.2580168,109.406,-0.15122,-0.19063999,-0.074,0.159,Misc,Healthcare,Drug Manufacturers - Specialty & Generic,2026-05-27,Drug Manufacturers - Specialty & Generic,0,0,0,15.66,50.02,0.53,6.56,32.84,23.75,WEAK GROWTH,8
TATACHEM,198378717184.0,MID CAP,778.7000122070312,26.636591000000003,0.8881321,-0.07678,36.081,-0.02007,-0.13001001,-0.02,0.159,Misc,Basic Materials,Chemicals,2026-05-27,Chemicals,0,0,0,20.32,50.02,2.15,10.7,35.17,26.12,WEAK GROWTH,8
PRAENG,1541384960.0,MICRO CAP,22.040000915527344,26.636591000000003,0.32008365,-0.039100002,34.493,-0.47284,-0.39555,0.014,0.159,Misc,Real Estate,Real Estate - Development,2026-05-27,Real Estate - Development,0,0,0,24.85,50.02,2.62,3.63,37.435,27.09,WEAK GROWTH,8
SUVEN,70951387136.0,SMALL CAP,269.0400085449219,26.636591000000003,10.268311,-0.2580168,2.823,-5.2175484,0.0,0.036,0.159,Misc,Healthcare,Drug Manufacturers - Specialty & Generic,2026-05-27,Drug Manufacturers - Specialty & Generic,0,0,0,28.27,50.02,0.53,0.53,39.145,27.56,WEAK GROWTH,8
RADIOCITY,2115091840.0,MICRO CAP,6.019999980926514,26.636591000000003,0.4230796,-0.11309,5.308,-0.12562999,-0.3057,-0.254,0.159,Media,Communication Services,Broadcasting,2026-05-27,Broadcasting,0,0,0,7.18,50.02,1.72,6.91,28.6,21.06,WEAK GROWTH,8
ABFRL,79065194496.0,SMALL CAP,65.0,26.636591000000003,1.261499,-0.12693,98.822,-0.01337,-0.09142999,0.229,0.159,Misc,Consumer Cyclical,Apparel Manufacturing,2026-05-27,Apparel Manufacturing,0,1,0,74.52,50.02,1.56,11.32,62.269999999999996,45.03,SLOW GROWTH,8
OILCOUNTUB,2898416128.0,MICRO CAP,55.75,26.636591000000003,1.323285,-0.2580168,12.601,-0.51817,-0.87714,-0.13,0.159,Misc,Energy,Oil & Gas Equipment & Services,2026-05-27,Oil & Gas Equipment & Services,0,0,0,11.71,50.02,0.53,3.28,30.865000000000002,22.04,WEAK GROWTH,8
ONMOBILE,5539342336.0,MICRO CAP,52.099998474121094,26.636591000000003,0.88880545,-0.01839,12.298,-0.4007,-0.0218,-0.183,0.159,Telecom,Communication Services,Telecom Services,2026-05-27,Telecom Services,0,0,0,9.51,50.02,3.32,4.14,29.765,21.91,WEAK GROWTH,8
FEL,217494240.0,MICRO CAP,0.4399999976158142,26.636591000000003,0.00831648,-0.2580168,29.432,-0.97987,-0.8954719999999999,-0.132,0.159,Misc,Consumer Cyclical,Department Stores,2026-05-27,Department Stores,0,0,0,11.62,50.02,0.53,2.21,30.82,21.9,WEAK GROWTH,8
FELDVR,1329680768.0,MICRO CAP,2.690000057220459,26.636591000000003,0.05084393,-0.2580168,29.432,-0.97987,-0.8954719999999999,-0.132,0.159,Misc,Consumer Cyclical,Department Stores,2026-05-27,Department Stores,0,0,0,11.62,50.02,0.53,2.21,30.82,21.9,WEAK GROWTH,8
ZOTA,34648993792.0,SMALL CAP,1142.300048828125,26.636591000000003,11.086309,-0.16046,38.847,-0.1122,-0.13726,0.677,0.159,Healthcare,Healthcare,Biotechnology,2026-05-27,Biotechnology,0,1,0,92.78,50.02,1.33,7.22,71.4,50.97,SLOW GROWTH,8
TFL,681787264.0,MICRO CAP,12.369999885559082,26.636591000000003,2.3208256,-0.13848,107.02,-0.15072,-0.3449,0.942,0.159,Misc,Financial Services,Mortgage Finance,2026-05-27,Mortgage Finance,0,1,0,94.85,50.02,1.41,6.64,72.435,51.65,SLOW GROWTH,8
HEMIPROP,40872632320.0,SMALL CAP,143.35000610351562,26.636591000000003,9.4958935,-0.02696,20.144,-5.2175484,0.0,0.07,0.159,Misc,Real Estate,Real Estate - Diversified,2026-05-27,Real Estate - Diversified,0,0,0,34.26,50.02,2.93,0.53,42.14,30.14,WEAK GROWTH,8
CLEDUCATE,2529547776.0,MICRO CAP,46.650001525878906,26.636591000000003,0.9882847,-0.08287,108.961,-0.01798,-0.04538,0.316,0.159,Misc,Consumer Defensive,Education & Training Services,2026-05-27,Education & Training Services,0,1,0,82.04,50.02,2.07,10.82,66.03,47.72,SLOW GROWTH,8
SUTLEJTEX,5913552384.0,MICRO CAP,35.619998931884766,26.636591000000003,0.6928748,-0.10094,114.141,-0.01421,-0.03351,0.021,0.159,Misc,Consumer Cyclical,Textile Manufacturing,2026-05-27,Textile Manufacturing,0,0,0,26.04,50.02,1.91,11.21,38.03,28.12,WEAK GROWTH,8
TRACXN,3406991616.0,MICRO CAP,31.829999923706055,26.636591000000003,6.284476,-0.13334,29.432,-0.111719996,-0.08753,0.048,0.159,Technology,Technology,Software - Application,2026-05-27,SaaS,0,0,0,29.91,50.02,1.48,7.26,39.965,29.0,WEAK GROWTH,8
ACL,5207726080.0,MICRO CAP,56.5,26.636591000000003,6.4549294,-0.2580168,606.1040000000002,-0.11805,-0.14846,0.731,0.159,Misc,Basic Materials,Building Materials,2026-05-27,Building Materials,0,1,0,93.28,50.02,0.53,7.18,71.65,50.98,SLOW GROWTH,8
ATHERENERG,365614268416.0,MID CAP,954.6500244140625,26.636591000000003,14.195961,-0.2580168,25.819,-0.10333,-0.14085001,0.737,0.159,Automobiles,Consumer Cyclical,Auto Manufacturers,2026-05-27,Passenger Vehicles,0,1,0,93.42,50.02,0.53,7.42,71.72,51.05,SLOW GROWTH,8
DIAMINESQ,2505305344.0,MICRO CAP,249.1999969482422,26.636591000000003,1.5814892,-0.08021,5.197,-0.43846,-0.33221,-0.482,0.159,Misc,Basic Materials,Chemicals,2026-05-27,Chemicals,0,0,0,3.48,50.02,2.11,3.94,26.75,19.54,WEAK GROWTH,8
KHANDSE,281890304.0,MICRO CAP,18.479999542236328,26.636591000000003,1.0108856,-0.04487,10.393,-0.16925,-0.16580999,0.116,0.159,Misc,Financial Services,Capital Markets,2026-05-27,Capital Markets,0,1,0,49.96,50.02,2.5,6.09,49.99,36.1,WEAK GROWTH,8
RSSOFTWARE,814974720.0,MICRO CAP,31.549999237060547,26.636591000000003,2.054973,-0.2580168,48.02,-1.7437601,-0.8954719999999999,-0.315,0.159,Technology,Technology,Information Technology Services,2026-05-27,IT Services,0,0,0,5.78,50.02,0.53,1.68,27.900000000000002,19.8,WEAK GROWTH,8
SHEMAROO,2950601728.0,MICRO CAP,102.69999694824219,26.636591000000003,0.7351836,-0.2580168,113.341,-0.63537997,-0.37494,-0.317,0.159,Misc,Communication Services,Entertainment,2026-05-27,Entertainment,0,0,0,5.74,50.02,0.53,2.93,27.880000000000003,19.92,WEAK GROWTH,8
NDTV,10116992000.0,SMALL CAP,89.66999816894531,26.636591000000003,-6.523352,-0.2580168,199.396,-0.63531,-0.59705,0.165,0.159,Media,Communication Services,Broadcasting,2026-05-27,Broadcasting,0,1,0,65.78,50.02,0.53,2.97,57.900000000000006,40.93,SLOW GROWTH,8
BIRLANU,10107067392.0,SMALL CAP,1340.300048828125,26.636591000000003,0.9101849,-0.10299,100.118,-0.04631,-0.03205,0.087,0.159,Misc,Industrials,Building Products & Equipment,2026-05-27,Building Products & Equipment,0,0,0,37.0,50.02,1.84,9.06,43.510000000000005,31.73,WEAK GROWTH,8
TEJASNET,88409120768.0,SMALL CAP,498.1000061035156,26.636591000000003,3.0182393,-0.2580168,142.52,-0.65839,-0.82381,-0.80216,0.159,Misc,Technology,Communication Equipment,2026-05-27,Communication Equipment,0,0,0,0.53,50.02,0.53,2.81,25.275000000000002,18.08,WEAK GROWTH,8
SIL,1053707968.0,MICRO CAP,16.3799991607666,26.636591000000003,0.9164662,-0.16631001,3.137,-0.47959,-0.56805,0.1,0.159,Misc,Consumer Cyclical,Textile Manufacturing,2026-05-27,Textile Manufacturing,0,0,0,39.48,50.02,1.29,3.55,44.75,31.94,WEAK GROWTH,8
ASTEC,17070422016.0,SMALL CAP,766.0999755859375,26.636591000000003,4.3719683,-0.2580168,114.84,-0.01646,-0.18056,0.327,0.159,Chemicals,Basic Materials,Agricultural Inputs,2026-05-27,Agrochemicals,0,1,0,82.45,50.02,0.53,10.91,66.235,47.56,SLOW GROWTH,8
SWIGGY,691516604416.0,LARGE CAP,265.3500061035156,26.636591000000003,6.289107,-0.2580168,13.929,-0.15808,-0.18019,0.447,0.159,Misc,Consumer Cyclical,Internet Retail,2026-05-27,Internet Retail,0,1,0,87.47,50.02,0.53,6.36,68.745,48.86,SLOW GROWTH,8
ABREL,140301172736.0,MID CAP,1268.800048828125,26.636591000000003,3.7922628,-0.08911,152.371,-2.16209,-0.2535,0.116,0.159,Misc,Real Estate,Real Estate Services,2026-05-27,Real Estate Services,0,1,0,49.96,50.02,1.99,1.52,49.99,35.54,WEAK GROWTH,8
HBSL,406846912.0,MICRO CAP,57.0,26.636591000000003,0.44069895,-0.12841,13.836,-3.01161,0.0,0.116,0.159,Misc,Financial Services,Capital Markets,2026-05-27,Capital Markets,0,1,0,49.96,50.02,1.52,1.29,49.99,35.43,WEAK GROWTH,8
URBANCO,181602828288.0,MID CAP,124.19999694824219,26.636591000000003,8.133062,-0.11921,6.335,-0.3008,-0.15095,0.424,0.159,Technology,Technology,Software - Application,2026-05-27,SaaS,0,1,0,86.86,50.02,1.6,4.84,68.44,48.71,SLOW GROWTH,8
MEESHO,855757225984.0,LARGE CAP,186.3300018310547,26.636591000000003,19.628147,-0.2580168,1.428,-0.07745,-0.107530005,0.471,0.159,Misc,Consumer Cyclical,Internet Retail,2026-05-27,Internet Retail,0,1,0,88.27,50.02,0.53,7.97,69.145,49.3,SLOW GROWTH,8
EXICOM,20629702656.0,SMALL CAP,148.3300018310547,26.636591000000003,2.5657303,-0.2580168,109.474,-0.08951,-0.23801,0.461,0.159,Misc,Industrials,Electrical Equipment & Parts,2026-05-27,Electrical Equipment & Parts,0,1,0,87.93,50.02,0.53,7.77,68.97500000000001,49.17,SLOW GROWTH,8
ANIKINDS,1202836096.0,MICRO CAP,43.34000015258789,71.04918,0.3777005,0.07674,3.695,0.02388,-0.04542,-0.133,-0.92732,Consumer,Consumer Defensive,Food Distribution,2026-05-27,FMCG – Food,0,0,0,11.56,0.53,15.35,18.31,6.045,9.13,WEAK GROWTH,5
MOL,12903903232.0,SMALL CAP,50.7400016784668,44.902657,0.8243571,0.01878,46.995,-0.02025,0.01322,-0.143,-0.59,Chemicals,Basic Materials,Agricultural Inputs,2026-05-27,Agrochemicals,0,0,0,10.95,5.94,6.91,10.66,8.445,8.36,WEAK GROWTH,5
VINNY,497813920.0,MICRO CAP,1.0700000524520874,53.500004,0.54067713,0.01117,19.671,-0.0019400001,0.0074,0.15,-0.607,Misc,Consumer Cyclical,Textile Manufacturing,2026-05-27,Textile Manufacturing,0,0,0,63.61,5.51,5.58,12.5,34.56,26.56,WEAK GROWTH,5
LGHL,11866927104.0,SMALL CAP,236.89999389648438,104.823006,15.863131,0.06468,153.423,-0.0736,0.04203,-0.045,0.159,Misc,Consumer Cyclical,Luxury Goods,2026-05-27,Luxury Goods,0,0,0,17.81,50.02,13.0,8.24,33.915,27.16,WEAK GROWTH,5
AFCONS,119051894784.0,MID CAP,323.70001220703125,47.602943,2.1786978,0.04681,66.542,-0.02167,0.02105,-0.189,0.159,Industrials,Industrials,Engineering & Construction,2026-05-27,Engineering & EPC,0,0,0,9.18,50.02,10.58,10.43,29.6,23.88,WEAK GROWTH,5
HPAL,3346077696.0,MICRO CAP,36.41999816894531,47.92105,1.7702813,0.03751,2.255,-0.076680005,0.027590001,-0.13,0.159,Chemicals,Basic Materials,Specialty Chemicals,2026-05-27,Specialty Chemicals,0,0,0,11.71,50.02,9.1,8.0,30.865000000000002,24.23,WEAK GROWTH,5
AKG,360028608.0,MICRO CAP,11.329999923706055,59.63158,0.7247953,0.01171,15.716,-0.027709998,0.00629,-0.386,-0.4,Misc,Industrials,Industrial Distribution,2026-05-27,Industrial Distribution,0,0,0,4.65,9.94,5.86,10.0,7.295,7.28,WEAK GROWTH,5
PAYTM,727756832768.0,LARGE CAP,1137.300048828125,132.18605,4.547728,0.03558,1.073,0.0,0.06554,0.184,0.159,Technology,Technology,Software - Infrastructure,2026-05-27,Software Products,0,1,0,68.49,50.02,8.75,12.92,59.254999999999995,44.52,SLOW GROWTH,5
ANDHRAPAP,12621022208.0,SMALL CAP,63.470001220703125,67.52128,0.6482285,0.0095999995,11.971,-0.00379,0.0109399995,0.294,0.0,Misc,Basic Materials,Paper & Paper Products,2026-05-27,Paper & Paper Products,0,0,0,80.38,23.58,5.29,12.1,51.98,38.65,WEAK GROWTH,5
BTTL,1978855040.0,MICRO CAP,33.900001525878906,169.5,1.2295974,-0.06722,29.432,0.04113,-0.41695,4.145,0.159,Misc,Consumer Cyclical,Textile Manufacturing,2026-05-27,Textile Manufacturing,0,1,0,98.75,50.02,2.19,23.7,74.385,54.88,SLOW GROWTH,5
GTPL,7401192448.0,MICRO CAP,65.80999755859375,47.00714,0.6434612,0.009649999,39.615,-0.0212,0.00424,0.063,0.159,Misc,Communication Services,Entertainment,2026-05-27,Entertainment,0,0,0,32.7,50.02,5.35,10.54,41.36,31.08,WEAK GROWTH,5
SURANASOL,1327101952.0,MICRO CAP,26.969999313354492,511.39656400000433,2.3332467,0.02183,29.432,-0.03484,0.059499998,4.402,0.159,Misc,Technology,Solar,2026-05-27,Solar,0,1,0,98.79,50.02,7.3,9.45,74.405,54.49,SLOW GROWTH,5
NITCO,22885107712.0,SMALL CAP,95.1500015258789,79.95798,5.9283495,0.093760006,86.275,-0.03127,0.05218,0.511,0.159,Misc,Industrials,Building Products & Equipment,2026-05-27,Building Products & Equipment,0,1,0,89.42,50.02,18.43,9.76,69.72,53.47,SLOW GROWTH,5
SUPREME,1886192512.0,MICRO CAP,48.61000061035156,511.39656400000433,0.33896533,0.00062,1.06,-0.36181998,0.05055,4.694480000000025,0.159,Misc,Real Estate,Real Estate - Development,2026-05-27,Real Estate - Development,0,1,0,99.51,50.02,4.22,4.22,74.765,53.6,SLOW GROWTH,5
AURUM,13844643840.0,SMALL CAP,181.5800018310547,511.39656400000433,2.2105086,-0.02928,44.065,0.01946,-0.027420001,0.759,0.159,Misc,Real Estate,Real Estate Services,2026-05-27,Real Estate Services,0,1,0,93.6,50.02,2.81,17.04,71.81,52.53,SLOW GROWTH,5
KOLTEPATIL,33840324608.0,SMALL CAP,381.6000061035156,65.11945,2.7976952,-0.0373,98.241,0.01507,-0.048189998,-0.635,0.159,Misc,Real Estate,Real Estate - Development,2026-05-27,Real Estate - Development,0,0,0,2.23,50.02,2.69,15.93,26.125,20.42,WEAK GROWTH,5
DENORA,3897333760.0,MICRO CAP,734.1500244140625,43.08392,3.015411,0.07259,29.432,-0.12732,0.07445,0.07,0.159,Misc,Industrials,Electrical Equipment & Parts,2026-05-27,Electrical Equipment & Parts,0,0,0,34.26,50.02,14.49,6.87,42.14,33.08,WEAK GROWTH,5
