SYMBOL,MARKET_CAP,MARKET_CAP_CATEGORY,CURRENT_PRICE,PE_RATIO,PRICE_TO_BOOK,ROE,DEBT_TO_EQUITY,OPERATING_MARGIN,PROFIT_MARGIN,REVENUE_GROWTH,EARNINGS_GROWTH,SECTOR,RAW_SECTOR,INDUSTRY,FETCH_DATE
20MICRONS,6269000192.0,MICRO CAP,177.66000366210938,9.718819,1.380323,,35.637,0.10623,0.07001,0.001,0.162,Basic Materials,Basic Materials,Other Industrial Metals & Mining,2026-05-21
21STCENMGM,337155008.0,MICRO CAP,32.11000061035156,,0.71030396,,,1.66225,0.0,,,Financial Services,Financial Services,Capital Markets,2026-05-21
5PAISA,15048241152.0,SMALL CAP,321.0,23.1268,1.5984862,,46.389,0.23244,0.15349,-0.11,-0.237,Financial Services,Financial Services,Capital Markets,2026-05-21
3MINDIA,348372303872.0,MID CAP,30925.0,91.95385,21.632349,,6.416,0.17493999,0.07739,0.127,,Industrials,Industrials,Conglomerates,2026-05-21
3IINFOLTD,3671046656.0,MICRO CAP,17.700000762939453,9.725275,0.9697567,,10.763,-0.0287,0.07819,-0.051,-0.954,Technology,Technology,Information Technology Services,2026-05-21
360ONE,457163374592.0,MID CAP,1125.199951171875,38.48153,4.6393685,0.14392,161.977,0.57660997,0.27163,0.269,0.11,Financial Services,Financial Services,Asset Management,2026-05-21
3BBLACKBIO,,UNKNOWN,1252.0,,3.5193253,,0.086,0.42386,0.44556,0.983,0.663,,,,2026-05-21
3PLAND,,UNKNOWN,32.20000076293945,,,,,,,,,Unknown,Unknown,Unknown,2026-05-21
AAKASH,912262528.0,MICRO CAP,9.010000228881836,901.00006,1.395601,0.056339998,34.733,0.09151,0.030769998,0.29,5.315,Energy,Energy,Oil & Gas Equipment & Services,2026-05-21
AAATECH,1195714304.0,MICRO CAP,93.22000122070312,37.89431,3.8836813,,,0.11416,0.12382,-0.31,-0.186,Technology,Technology,Information Technology Services,2026-05-21
63MOONS,31943944192.0,SMALL CAP,693.25,,0.8998152,-0.0152,0.149,-0.3843,-0.05687,6.321,1.043,Technology,Technology,Software - Application,2026-05-21
AARNAV,,UNKNOWN,24.079999923706055,,0.53437483,,52.66,0.04935,0.01685,0.043,-0.569,,,,2026-05-21
AAREYDRUGS,2381761536.0,MICRO CAP,84.0,68.852455,1.5831732,,38.267,-0.024260001,0.00879,-0.279,-0.219,Healthcare,Healthcare,Drug Manufacturers - Specialty & Generic,2026-05-21
A2ZINFRA,2671711488.0,MICRO CAP,15.050000190734863,107.5,5.588563,,353.886,-0.01511,0.00619,0.289,,Industrials,Industrials,Engineering & Construction,2026-05-21
AARON,2555470336.0,MICRO CAP,122.0,36.526947,5.7414465,,72.439,0.16535,0.08141,0.265,0.128,Industrials,Industrials,Specialty Industrial Machinery,2026-05-21
AADHARHFC,207830663168.0,MID CAP,477.0,19.257166,2.7468257,0.15753001,248.556,0.62323004,0.48599997,0.209,0.263,Financial Services,Financial Services,Mortgage Finance,2026-05-21
AARVI,1869406592.0,MICRO CAP,126.22000122070312,11.774254,1.4131213,,24.178,0.029260002,0.0257,0.272,0.692,Industrials,Industrials,Staffing & Employment Services,2026-05-21
AARTIIND,174924480512.0,MID CAP,481.79998779296875,41.75043,2.9245906,0.07249,83.392,0.09837,0.05057,0.132,0.434,Basic Materials,Basic Materials,Specialty Chemicals,2026-05-21
AARTIPHARM,64067833856.0,SMALL CAP,706.7000122070312,30.008493,3.13112,,32.974,0.17047001,0.118710004,-0.196,-0.352,Healthcare,Healthcare,Drug Manufacturers - Specialty & Generic,2026-05-21
AARTECH,1347381632.0,MICRO CAP,42.40999984741211,77.10909,3.9814117,,15.972,0.29993,0.05098,-0.245,-0.69,Industrials,Industrials,Electrical Equipment & Parts,2026-05-21
AAVAS,107808677888.0,MID CAP,1359.800048828125,16.54862,2.1320431,0.13916,310.553,0.53083,0.42080003,0.192,0.183,Financial Services,Financial Services,Mortgage Finance,2026-05-21
AARTIDRUGS,34760179712.0,SMALL CAP,380.8500061035156,17.233032,2.2430916,0.13359,37.221,0.1089,0.07591,0.065,-0.12,Healthcare,Healthcare,Drug Manufacturers - Specialty & Generic,2026-05-21
AATMAJ,604550016.0,MICRO CAP,26.75,68.589745,1.1778433,,,,,,,Unknown,Unknown,Unknown,2026-05-21
AARTISURF,3300078336.0,MICRO CAP,389.8500061035156,26.775412,1.3927641,0.05169,42.536,0.03539,0.014359999,0.27,-0.571,Basic Materials,Basic Materials,Specialty Chemicals,2026-05-21
ABANSENT,,UNKNOWN,27.260000228881836,,0.8716506,0.018760001,74.518,-0.00043000001,0.00029,2.298,,,,,2026-05-21
ABAN,1044155584.0,MICRO CAP,17.89,,-0.0038847586,,,0.18032,-1.85485,-0.241,,Energy,Energy,Oil & Gas Drilling,2026-05-21
ABDL,147589070848.0,MID CAP,527.6500244140625,64.82187,8.897077,0.13551,68.251,0.13949001,0.0582,0.094,-0.48,Consumer Defensive,Consumer Defensive,Beverages - Wineries & Distilleries,2026-05-21
ABCOTS,4804981248.0,MICRO CAP,218.77000427246094,32.030746,3.2535694,,93.028,0.06993,0.047140002,0.304,-0.473,Consumer Cyclical,Consumer Cyclical,Textile Manufacturing,2026-05-21
ABB,1403363131392.0,LARGE CAP,6622.5,90.32324,17.9092,,1.082,0.11496,0.22257,0.008,2.76,Industrials,Industrials,Specialty Industrial Machinery,2026-05-21
ABBOTINDIA,588393152512.0,LARGE CAP,27665.0,37.92943,12.324825,0.34460998,3.602,0.27012,0.22399001,0.065,0.076,Healthcare,Healthcare,Drug Manufacturers - Specialty & Generic,2026-05-21
ABCAPITAL,925278666752.0,LARGE CAP,353.04998779296875,24.81026,2.6869771,0.11181,491.748,0.13699001,0.116450004,0.077,0.301,Financial Services,Financial Services,Financial Conglomerates,2026-05-21
ABFRL,78639456256.0,SMALL CAP,64.6500015258789,,1.2547064,,84.682,0.08882,-0.03649,-0.456,,Consumer Cyclical,Consumer Cyclical,Apparel Manufacturing,2026-05-21
ABINFRA,8342589440.0,MICRO CAP,13.0600004196167,35.2973,5.3656535,,58.087,0.13009,0.082370006,-0.008,0.105,Industrials,Industrials,Engineering & Construction,2026-05-21
ABGSEC,,UNKNOWN,110.44999694824219,,,,,,,,,Unknown,Unknown,Unknown,2026-05-21
ABMINTLLTD,432768000.0,MICRO CAP,46.0,,3.3483768,,109.454,-0.21989,-0.09676,-0.081,,Basic Materials,Basic Materials,Specialty Chemicals,2026-05-21
ABLBL,124549005312.0,MID CAP,102.54000091552734,72.723404,9.654458,,266.809,0.08882,0.01897,0.096,-0.051,Consumer Cyclical,Consumer Cyclical,Apparel Retail,2026-05-21
ABMKNO,,UNKNOWN,233.0,,1.962535,,,0.13041,0.111219995,0.088,-0.455,,,,2026-05-21
ABSLAMC,296555053056.0,MID CAP,1025.800048828125,30.43917,7.3286614,0.25103,1.577,0.51856,0.47345,-0.145,-0.181,Financial Services,Financial Services,Asset Management,2026-05-21
ABREL,140301172736.0,MID CAP,1268.800048828125,,3.7922628,-0.08911,152.371,-2.16209,-0.2535,,,Real Estate,Real Estate,Real Estate Services,2026-05-21
ABSMARINE,8076950016.0,MICRO CAP,329.0,15.970874,3.087752,,,,,,,Unknown,Unknown,Unknown,2026-05-21
ACCENTMIC,6382436864.0,MICRO CAP,286.9,19.306864,2.479603,,,,,,,Unknown,Unknown,Unknown,2026-05-21
ACC,255278006272.0,MID CAP,1359.4000244140625,11.9739275,1.2419251,0.109280005,2.085,0.04856,0.082320005,0.178,-0.683,Basic Materials,Basic Materials,Building Materials,2026-05-21
ACCELYA,16750248960.0,SMALL CAP,1122.199951171875,15.555863,6.032295,0.39095002,33.047,0.22778,0.20044,-0.002,-0.569,Technology,Technology,Information Technology Services,2026-05-21
ACI,64599605248.0,SMALL CAP,523.25,60.42148,3.2122116,0.05552,24.128,0.06943,0.098850004,-0.129,-0.741,Basic Materials,Basic Materials,Chemicals,2026-05-21
ACCORD,99993600.0,MICRO CAP,28.8,11.707316,0.6721904,,,,,,,Unknown,Unknown,Unknown,2026-05-21
ACE,103071391744.0,MID CAP,866.0,24.820866,5.779267,,8.005,0.14137,0.13161,-0.023,0.043,Industrials,Industrials,Farm & Heavy Construction Machinery,2026-05-21
ACEINTEG,200940000.0,MICRO CAP,19.700000762939453,,1.1453488,,0.64,-3.63636,-0.92593,-0.923,,Industrials,Industrials,Staffing & Employment Services,2026-05-21
ACCURACY,835608000.0,MICRO CAP,5.550000190734863,32.64706,0.6801471,,111.931,0.02441,0.0035299999,-0.38,-0.167,Industrials,Industrials,Integrated Freight & Logistics,2026-05-21
ACL,5161639936.0,MICRO CAP,56.0,,6.397806,-0.59621,1395.925,-0.06515,-0.14846,0.817,,Basic Materials,Basic Materials,Building Materials,2026-05-21
ADANIENT,3731162136576.0,MEGA CAP,2721.60009765625,36.99334,4.3407254,0.13664,119.56,0.05017,0.09295999,0.203,,Energy,Energy,Thermal Coal,2026-05-21
ACMESOLAR,171022368768.0,MID CAP,282.5,34.577724,3.3807638,0.10406,393.194,0.64989,0.199,0.125,0.063,Utilities,Utilities,Utilities - Renewable,2026-05-21
ACSTECH,,UNKNOWN,33.84000015258789,,1.8687873,,40.355,0.09329,0.04223,0.861,3.636,,,,2026-05-21
ADANIPORTS,4124777906176.0,MEGA CAP,1790.300048828125,30.697874,4.290703,0.15592,64.051,0.41025,0.33060002,0.265,0.036,Industrials,Industrials,Marine Shipping,2026-05-21
ACUTAAS,243132661760.0,MID CAP,2969.699951171875,85.18932,14.706945,0.23516001,2.081,0.4018,0.26599002,0.403,1.056,Basic Materials,Basic Materials,Specialty Chemicals,2026-05-21
ADANIENSOL,1640711979008.0,LARGE CAP,1365.800048828125,73.39065,6.454876,0.096599996,194.5,0.21996,0.08274,0.168,0.035,Utilities,Utilities,Utilities - Independent Power Producers,2026-05-21
ADANIGREEN,2271456002048.0,MEGA CAP,1379.0,142.45868,12.18058,0.07576,339.503,0.57025003,0.12778,0.131,2.803,Utilities,Utilities,Utilities - Renewable,2026-05-21
ADANIPOWER,4284094873600.0,MEGA CAP,222.14999389648438,33.506786,6.606888,0.20908001,82.332,0.25207,0.23662001,-0.001,0.916,Utilities,Utilities,Utilities - Independent Power Producers,2026-05-21
ADFFOODS,28976523264.0,SMALL CAP,263.75,32.243275,5.063449,0.16894,9.628,0.14527,0.13161999,0.237,0.577,Consumer Defensive,Consumer Defensive,Packaged Foods,2026-05-21
ADL,428601248.0,MICRO CAP,77.0,2566.6667,0.85882866,,37.099,0.0152199995,0.00037999998,-0.124,1.0,Consumer Cyclical,Consumer Cyclical,"Furnishings, Fixtures & Appliances",2026-05-21
ADSL,7157049856.0,MICRO CAP,126.5199966430664,22.196491,1.2422799,,17.707,0.0856,0.03521,0.122,-0.257,Technology,Technology,Information Technology Services,2026-05-21
ADROITINFO,514270496.0,MICRO CAP,8.979999542236328,19.521738,0.64322037,,29.363,0.11027,0.051069997,0.865,0.556,Technology,Technology,Information Technology Services,2026-05-21
ADOR,19019538432.0,SMALL CAP,1092.9000244140625,23.203823,3.4306862,,0.4,0.105299994,0.05824,0.052,0.73,Industrials,Industrials,Specialty Industrial Machinery,2026-05-21
ADVANCE,6667715072.0,MICRO CAP,103.72000122070312,15.9569235,2.5422192,0.17179,31.588,0.10065,0.054980002,0.379,2.281,Basic Materials,Basic Materials,Agricultural Inputs,2026-05-21
ADVAIT,22967232512.0,SMALL CAP,2100.0,50.432278,9.911318,,31.997,0.11015,0.06746,1.144,0.654,Industrials,Industrials,Specialty Industrial Machinery,2026-05-21
ADVANIHOTR,4924198912.0,MICRO CAP,53.27000045776367,20.890196,6.3424215,,0.576,0.38746,0.22561,0.027,-0.093,Consumer Cyclical,Consumer Cyclical,Lodging,2026-05-21
ADVENTHTL,7506692608.0,MICRO CAP,139.16000366210938,12.174978,0.0003194144,0.06509,78.145,0.32474,0.16149999,0.087,-0.88,Consumer Cyclical,Consumer Cyclical,Lodging,2026-05-21
ADVENZYMES,42842075136.0,SMALL CAP,382.6000061035156,25.421926,2.8852825,0.11016,1.902,0.28616,0.21614,0.26,0.62,Basic Materials,Basic Materials,Specialty Chemicals,2026-05-21
AEGISLOG,255422709760.0,MID CAP,727.7000122070312,33.16773,4.2970943,,28.45,0.14162,0.103369996,0.011,0.424,Energy,Energy,Oil & Gas Refining & Marketing,2026-05-21
AEQUS,139392253952.0,MID CAP,212.86000061035156,,15.988883,,108.0,-0.01844,-0.04537,0.508,,Industrials,Industrials,Aerospace & Defense,2026-05-21
AEGISVOPAK,226473459712.0,MID CAP,204.39999389648438,162.22221,4.744881,,42.268,0.48457,0.28858998,0.223,0.436,Energy,Energy,Oil & Gas Equipment & Services,2026-05-21
AEPL,4142108672.0,MICRO CAP,16.5,43.421055,4.593541,,2.301,0.24391001,0.12214,-0.769,-0.7,Industrials,Industrials,Electrical Equipment & Parts,2026-05-21
AEROFLEX,51000279040.0,SMALL CAP,385.3999938964844,90.469475,11.173282,0.14062999,1.988,0.17672001,0.12564999,0.372,0.564,Industrials,Industrials,Metal Fabrication,2026-05-21
AEROENTER,11081198592.0,SMALL CAP,97.98999786376953,14.058824,1.343304,0.09559,4.218,0.16246,0.08845,0.16,0.293,Basic Materials,Basic Materials,Steel,2026-05-21
AFCONS,111291637760.0,MID CAP,302.6000061035156,44.434658,2.0768135,,66.143,0.10649,0.0359,-0.073,-0.353,Industrials,Industrials,Engineering & Construction,2026-05-21
AERONEU,2306162432.0,MICRO CAP,89.4000015258789,156.84212,2.1684291,,27.163,0.04117,0.01714,-0.045,112.985,Consumer Cyclical,Consumer Cyclical,Packaging & Containers,2026-05-21
AETHER,143577759744.0,MID CAP,1081.9000244140625,65.5697,5.8449802,0.09375,18.646,0.2386,0.18582001,0.307,0.078,Basic Materials,Basic Materials,Specialty Chemicals,2026-05-21
AFFLE,199976910848.0,MID CAP,1421.9000244140625,43.967224,6.12426,,1.18,0.18098,0.16945,0.192,0.189,Communication Services,Communication Services,Advertising Agencies,2026-05-21
AFFORDABLE,2014687872.0,MICRO CAP,170.0,42.713566,1.8734641,,69.146,0.12226,0.029660001,-0.421,,Industrials,Industrials,Specialty Industrial Machinery,2026-05-21
AFIL,3947437056.0,MICRO CAP,9.25,9.343434,0.92361456,0.10501,118.754,0.56567,0.50541,0.466,0.642,Financial Services,Financial Services,Credit Services,2026-05-21
AFSL,10220027904.0,SMALL CAP,201.2100067138672,7.327386,0.7863452,0.083579995,55.763,0.00182,0.00403,7.189,,Financial Services,Financial Services,Capital Markets,2026-05-21
AGARIND,6158869504.0,MICRO CAP,411.75,10.554986,0.937673,,63.478,0.01835,0.02819,-0.247,-0.899,Basic Materials,Basic Materials,Specialty Chemicals,2026-05-21
AGARWALEYE,150364782592.0,MID CAP,474.3999938964844,118.6,7.760383,,48.682,0.14217,0.063779995,0.23,0.472,Healthcare,Healthcare,Medical Instruments & Supplies,2026-05-21
AGI,37608587264.0,SMALL CAP,581.2999877929688,10.69746,1.5625713,0.15612,10.126,0.21176,0.13194,0.053,0.194,Consumer Cyclical,Consumer Cyclical,Packaging & Containers,2026-05-21
AGIIL,48036495360.0,SMALL CAP,384.29998779296875,55.938866,13.9431095,,42.327,0.39731,0.23962,-0.043,0.372,Real Estate,Real Estate,Real Estate - Development,2026-05-21
AGARWALFT,615334272.0,MICRO CAP,84.95,20.035378,0.030849626,,,,,,,Unknown,Unknown,Unknown,2026-05-21
AGNI,1011902656.0,MICRO CAP,51.8,235.45454,3.1755762,,,,,,,Unknown,Unknown,Unknown,2026-05-21
AGRITECH,637362048.0,MICRO CAP,107.30000305175781,,,,,0.0,0.0,,,Consumer Defensive,Consumer Defensive,Farm Products,2026-05-21
AGROPHOS,614913920.0,MICRO CAP,30.329999923706055,12.229838,0.8760832,,37.092,0.06407,0.06156,0.571,-0.631,Basic Materials,Basic Materials,Agricultural Inputs,2026-05-21
AHCL,7127616000.0,MICRO CAP,13.40999984741211,20.63077,2.626322,,26.981,0.33698002,0.20385,2.801,,Healthcare,Healthcare,Drug Manufacturers - Specialty & Generic,2026-05-21
AGUL,344943616.0,MICRO CAP,62.9,34.371586,1.7939138,,,,,,,Unknown,Unknown,Unknown,2026-05-21
AHIMSA,124806968.0,MICRO CAP,22.8,,1.4872798,,,,,,,Unknown,Unknown,Unknown,2026-05-21
AHLEAST,2907944448.0,MICRO CAP,168.1699981689453,,1.2747492,,154.746,0.34377,-0.45623,0.134,,Consumer Cyclical,Consumer Cyclical,Lodging,2026-05-21
AHLADA,511930016.0,MICRO CAP,39.619998931884766,21.889503,0.37171164,,26.993,0.06421,0.01924,-0.071,-0.444,Industrials,Industrials,Building Products & Equipment,2026-05-21
AHLWEST,8338188800.0,MICRO CAP,715.6500244140625,15.670025,-18.458385,,,0.35356,0.12409,0.007,3.242,Consumer Cyclical,Consumer Cyclical,Lodging,2026-05-21
AIAENG,372133625856.0,MID CAP,3987.699951171875,32.052887,5.051379,,13.852,0.24579,0.26959,0.001,0.135,Industrials,Industrials,Specialty Industrial Machinery,2026-05-21
AIIL,442064306176.0,MID CAP,520.5499877929688,12.159541,2.715016,,20.291,0.78849,1.10109,-0.421,-0.701,Financial Services,Financial Services,Capital Markets,2026-05-21
AHLUCONT,53070893056.0,SMALL CAP,792.25,19.860868,2.7578297,,3.881,0.06595,0.05992,0.114,0.092,Industrials,Industrials,Engineering & Construction,2026-05-21
AILIMITED,566027584.0,MICRO CAP,94.0,51.086956,5.346377,,,,,,,Unknown,Unknown,Unknown,2026-05-21
AIMTRON,11131658240.0,SMALL CAP,545.3,32.190083,5.5917883,,,,,,,Unknown,Unknown,Unknown,2026-05-21
AIROLAM,1274870016.0,MICRO CAP,84.9800033569336,47.211113,1.7244319,,117.642,0.05868,0.03221,0.292,0.274,Consumer Cyclical,Consumer Cyclical,"Furnishings, Fixtures & Appliances",2026-05-21
AIRAN,2046577536.0,MICRO CAP,16.3700008392334,24.432837,1.3851752,,0.678,0.04694,0.07519,0.093,3.429,Technology,Technology,Information Technology Services,2026-05-21
AJAXENGG,65452126208.0,SMALL CAP,572.0999755859375,29.293392,4.7020626,0.17663,0.132,0.20073,0.10464,0.068,0.045,Industrials,Industrials,Farm & Heavy Construction Machinery,2026-05-21
AISL,1521773440.0,MICRO CAP,147.0,21.212122,1.9167829,,,,,,,Unknown,Unknown,Unknown,2026-05-21
AJMERA,23560374272.0,SMALL CAP,119.72000122070312,18.003008,1.8671532,,47.19,0.29755,0.14737001,-0.058,-0.282,Real Estate,Real Estate,Real Estate - Development,2026-05-21
AJANTPHARM,393809592320.0,MID CAP,3152.10009765625,37.30296,8.697728,0.25393,5.747,0.23194,0.19365999,0.215,0.186,Healthcare,Healthcare,Drug Manufacturers - Specialty & Generic,2026-05-21
AKASH,463719680.0,MICRO CAP,27.5,19.366198,0.5494506,,102.888,0.13567,0.037100002,-0.215,17.0,Industrials,Industrials,Engineering & Construction,2026-05-21
AJOONI,716533376.0,MICRO CAP,4.159999847412109,20.8,0.7526687,0.05514,11.321,0.03778,0.03232,0.726,1.5,Consumer Defensive,Consumer Defensive,Packaged Foods,2026-05-21
AKCAPIT,,UNKNOWN,1622.9000244140625,,1.0559328,,308.999,0.69446,0.18732001,0.171,0.517,,,,2026-05-21
AKI,508805312.0,MICRO CAP,4.929999828338623,12.973684,0.6391806,0.029089998,21.381,0.041729998,0.02017,0.674,2.5,Consumer Cyclical,Consumer Cyclical,Footwear & Accessories,2026-05-21
AKSHAR,385859552.0,MICRO CAP,0.49000000953674316,,0.5671296,,5.75,-0.15353,-0.07176,0.323,,Consumer Cyclical,Consumer Cyclical,Textile Manufacturing,2026-05-21
AKG,363841792.0,MICRO CAP,11.449999809265137,60.263157,0.7324718,0.01171,15.716,-0.027709998,0.00629,-0.386,-0.4,Industrials,Industrials,Industrial Distribution,2026-05-21
AKSHARCHEM,1606619776.0,MICRO CAP,200.0,,0.6144204,,28.443,-0.01571,-0.01087,-0.114,,Basic Materials,Basic Materials,Specialty Chemicals,2026-05-21
AKIKO,826566784.0,MICRO CAP,76.75,10.152117,1.658778,,,,,,,Unknown,Unknown,Unknown,2026-05-21
AKSHOPTFBR,1003846464.0,MICRO CAP,6.170000076293945,,-64.270836,,,-0.16188,-0.18691999,-0.089,,Technology,Technology,Communication Equipment,2026-05-21
ALBERTDAVD,4073772288.0,MICRO CAP,713.7999877929688,42.33689,1.0403761,-0.0038100001,7.555,0.00039,-0.00448,0.146,,Healthcare,Healthcare,Drug Manufacturers - Specialty & Generic,2026-05-21
ALEMBICLTD,22558283776.0,SMALL CAP,87.8499984741211,7.073269,0.89027834,0.13269,0.435,0.30589,1.01412,0.032,-0.022,Real Estate,Real Estate,Real Estate - Development,2026-05-21
AKUMS,79528869888.0,SMALL CAP,519.4500122070312,31.142086,2.3987753,0.08019,4.726,0.09639,0.05686,0.094,-0.426,Healthcare,Healthcare,Drug Manufacturers - Specialty & Generic,2026-05-21
ALGOQUANT,16368222208.0,SMALL CAP,58.22999954223633,6.7552204,14.900205,,23.755,0.19264,0.84235,0.051,0.16,Financial Services,Financial Services,Capital Markets,2026-05-21
ALICON,10802735104.0,SMALL CAP,661.25,31.473108,1.7544581,,57.003,0.045900002,0.021189999,0.097,3.188,Industrials,Industrials,Metal Fabrication,2026-05-21
ALANKIT,2356363776.0,MICRO CAP,8.6899995803833,11.141026,0.7647628,,7.408,0.04322,0.06468,-0.17,0.474,Technology,Technology,Information Technology Services,2026-05-21
ALIVUS,131515318272.0,MID CAP,1071.5,23.32898,3.9536119,0.18359,1.704,0.30497,0.21609,0.096,0.145,Healthcare,Healthcare,Drug Manufacturers - Specialty & Generic,2026-05-21
ALKALI,719903168.0,MICRO CAP,70.69999694824219,81.264366,1.7104563,,43.986,-0.03779,0.010039999,0.115,,Basic Materials,Basic Materials,Specialty Chemicals,2026-05-21
ALKEM,663585751040.0,LARGE CAP,5550.0,27.969563,4.971942,,17.056,0.19615,0.16636999,0.107,0.016,Healthcare,Healthcare,Drug Manufacturers - Specialty & Generic,2026-05-21
ALKYLAMINE,89808953344.0,SMALL CAP,1756.0,49.914722,5.857649,,,0.13975,0.11769,-0.046,-0.035,Basic Materials,Basic Materials,Specialty Chemicals,2026-05-21
ALLCARGO,12925828096.0,SMALL CAP,8.630000114440918,18.361702,1.2399426,,58.456,0.01938,0.00153,-0.874,,Industrials,Industrials,Integrated Freight & Logistics,2026-05-21
ALLETEC,6951844864.0,MICRO CAP,344.25,23.19744,4.4795637,,,,,,,Unknown,Unknown,Unknown,2026-05-21
ALLDIGI,12525142016.0,SMALL CAP,821.9500122070312,15.235403,4.9910736,0.32217,68.009,0.19093001,0.13524,0.074,0.497,Industrials,Industrials,Specialty Business Services,2026-05-21
ALMONDZ,2604701184.0,MICRO CAP,15.0,8.77193,0.9648164,,18.84,0.17559999,0.17528,0.567,4.214,Financial Services,Financial Services,Capital Markets,2026-05-21
ALLTIME,16065127424.0,SMALL CAP,245.24000549316406,44.915752,2.3426023,,22.351,0.1008,0.05831,0.071,-0.328,Consumer Defensive,Consumer Defensive,Household & Personal Products,2026-05-21
ALUWIND,1562902784.0,MICRO CAP,62.9,14.328019,2.414124,,,,,,,Unknown,Unknown,Unknown,2026-05-21
ALOKINDS,61717938176.0,SMALL CAP,12.430000305175781,,-0.28505254,,,-0.058730002,-0.20031,0.031,,Consumer Cyclical,Consumer Cyclical,Textile Manufacturing,2026-05-21
ALPEXSOLAR,20531959808.0,SMALL CAP,838.95,11.318807,4.355467,,,,,,,Unknown,Unknown,Unknown,2026-05-21
ALPHAGEO,1430799616.0,MICRO CAP,224.8000030517578,,0.5508481,,,-0.59847,-0.10934,0.509,,Energy,Energy,Oil & Gas Equipment & Services,2026-05-21
ALPA,1441281152.0,MICRO CAP,68.5,12.40942,0.84076935,,,0.029719999,0.10154,0.111,-0.787,Healthcare,Healthcare,Drug Manufacturers - Specialty & Generic,2026-05-21
ALPHA,,UNKNOWN,50.130001068115234,24.858627,,,,,,,,Unknown,Unknown,Unknown,2026-05-21
AMAGI,87087243264.0,SMALL CAP,402.54998779296875,2515.9375,-110.71232,,3.921,0.06266,0.01891,0.224,2.775,Technology,Technology,Software - Application,2026-05-21
AMANTA,4873083904.0,MICRO CAP,125.5,35.55241,2.0551198,0.09397,111.004,0.15082,0.05111,0.092,-0.234,Healthcare,Healthcare,Drug Manufacturers - Specialty & Generic,2026-05-21
AMBER,264606121984.0,MID CAP,7513.0,150.1099,6.0477705,0.05583,46.566,0.06695,0.01444,0.11,0.11,Consumer Cyclical,Consumer Cyclical,"Furnishings, Fixtures & Appliances",2026-05-21
AMBIKCO,8772417536.0,MICRO CAP,1532.300048828125,13.941406,0.93731445,,,0.11472,0.08958,0.115,0.062,Consumer Cyclical,Consumer Cyclical,Textile Manufacturing,2026-05-21
AMBICAAGAR,411570496.0,MICRO CAP,23.959999084472656,32.821915,0.3696333,,74.724,0.05156,0.00465,0.499,1.955,Consumer Defensive,Consumer Defensive,Household & Personal Products,2026-05-21
AMBALALSA,,UNKNOWN,32.75,24.080883,1.7763194,,31.591,0.10954001,0.05158,0.131,0.379,Healthcare,Healthcare,Drug Manufacturers - Specialty & Generic,2026-05-21
AMDIND,876878720.0,MICRO CAP,45.75,,0.56197023,,53.424,-0.14892,-0.02091,-0.154,,Consumer Cyclical,Consumer Cyclical,Packaging & Containers,2026-05-21
AMBEY,1917163136.0,MICRO CAP,76.85,44.421963,2.0965762,,,,,,,Unknown,Unknown,Unknown,2026-05-21
AMBUJACEM,1081268174848.0,LARGE CAP,435.1499938964844,22.830536,1.8124076,0.08311,1.205,0.03767,0.1163,0.094,0.772,Basic Materials,Basic Materials,Building Materials,2026-05-21
AMEYA,908625024.0,MICRO CAP,121.15,17.111582,2.998985,,,,,,,Unknown,Unknown,Unknown,2026-05-21
AMIRCHAND,,UNKNOWN,128.99000549316406,21.937075,2.4223475,,167.782,0.12843001,0.043899998,0.15,0.871,Consumer Defensive,Consumer Defensive,Farm Products,2026-05-21
AMRUTANJAN,15923944448.0,SMALL CAP,551.0,27.536232,4.303376,0.16623,0.48,0.10905,0.11525,0.105,0.067,Healthcare,Healthcare,Drug Manufacturers - Specialty & Generic,2026-05-21
AMIABLE,134611392.0,MICRO CAP,77.0,17.225952,1.4195904,,,,,,,Unknown,Unknown,Unknown,2026-05-21
AMJLAND,1623600000.0,MICRO CAP,39.599998474121094,8.114754,0.6369632,,,0.14009,0.27837,-0.206,-0.418,Real Estate,Real Estate,Real Estate - Development,2026-05-21
AMNPLST,10808128512.0,SMALL CAP,196.44000244140625,31.837925,4.016028,,11.324,0.078049995,0.05842,-0.253,-0.22,Basic Materials,Basic Materials,Chemicals,2026-05-21
ANDHRAPAP,12626987008.0,SMALL CAP,63.5,67.55319,0.6485349,0.0095999995,11.971,0.02841,0.01043,0.337,0.0,Basic Materials,Basic Materials,Paper & Paper Products,2026-05-21
ANANDRATHI,296383643648.0,MID CAP,3570.0,75.95744,29.693087,0.46738997,8.25,0.40331,0.31594,0.476,0.384,Financial Services,Financial Services,Asset Management,2026-05-21
ANANTRAJ,177203396608.0,MID CAP,492.3999938964844,31.105495,2.9832842,0.11132,11.696,0.23276,0.22091,0.196,0.175,Real Estate,Real Estate,Real Estate - Development,2026-05-21
ANDHRSUGAR,12305258496.0,SMALL CAP,90.79000091552734,14.738637,0.752127,,0.427,0.048,0.03624,0.236,26.5,Basic Materials,Basic Materials,Chemicals,2026-05-21
ANKITMETAL,231421216.0,MICRO CAP,1.6399999856948853,,-0.022420604,,,-0.51785,-0.31393,-0.255,,Basic Materials,Basic Materials,Steel,2026-05-21
ANGELONE,311721164800.0,MID CAP,341.79998779296875,34.700504,5.08283,0.15526,129.314,0.32589,0.19406,0.3,0.824,Financial Services,Financial Services,Capital Markets,2026-05-21
ANLON,3165232384.0,MICRO CAP,506.0,34.074074,4.92702,,,,,,,Unknown,Unknown,Unknown,2026-05-21
ANIKINDS,1209774464.0,MICRO CAP,43.59000015258789,71.459015,0.3798792,0.07674,3.695,0.02388,-0.04542,-0.133,-0.985,Consumer Defensive,Consumer Defensive,Food Distribution,2026-05-21
ANSALAPI,670544832.0,MICRO CAP,4.260000228881836,,-0.08342309,,,0.03498,-0.20724002,0.71,5.721,Real Estate,Real Estate,Real Estate - Development,2026-05-21
ANNAPURNA,5299866624.0,MICRO CAP,301.3,24.69672,2.089459,,,,,,,Unknown,Unknown,Unknown,2026-05-21
ANMOL,650528768.0,MICRO CAP,11.430000305175781,6.2802196,0.5480963,0.09981,165.862,0.01637,0.00792,-0.01,0.574,Energy,Energy,Thermal Coal,2026-05-21
ANTELOPUS,25056696320.0,SMALL CAP,712.5999755859375,28.088291,3.8227358,0.14705,0.542,0.47985,0.32132,0.653,1.589,Energy,Energy,Oil & Gas E&P,2026-05-21
ANTHEM,440299388928.0,MID CAP,783.8499755859375,91.25145,15.982913,,3.997,0.28989,0.24203,-0.15,-0.258,Healthcare,Healthcare,Biotechnology,2026-05-21
ANTGRAPHIC,133308256.0,MICRO CAP,0.8600000143051147,,0.6697819,,65.28,-0.00944,0.051220004,0.259,-0.75,Consumer Cyclical,Consumer Cyclical,Packaging & Containers,2026-05-21
ANUHPHR,7695198720.0,MICRO CAP,76.77999877929688,18.41247,2.3524005,,0.07,0.06998,0.05448,0.236,0.301,Healthcare,Healthcare,Drug Manufacturers - Specialty & Generic,2026-05-21
ANUP,39518076928.0,SMALL CAP,1972.800048828125,34.375328,6.2076387,,24.782,0.17902,0.138,0.206,-0.157,Industrials,Industrials,Specialty Industrial Machinery,2026-05-21
AONETMMQ50,,UNKNOWN,10.3100004196167,,,,,0.0,0.0,,,,,,2026-05-21
AONETOTAL,,UNKNOWN,11.510000228881836,22.987276,,,,,,,,Unknown,Unknown,Unknown,2026-05-21
ANURAS,155972190208.0,MID CAP,1370.0,89.19271,4.8401685,,37.505,0.1815,0.077199996,0.313,0.677,Basic Materials,Basic Materials,Specialty Chemicals,2026-05-21
APARINDS,515158638592.0,LARGE CAP,12825.0,52.97179,10.616554,,14.499,0.073699996,0.04526,0.162,0.192,Industrials,Industrials,Electrical Equipment & Parts,2026-05-21
APCOTEXIND,25844713472.0,SMALL CAP,498.5,25.51177,4.162631,0.17274,15.522,0.13958,0.069520004,0.187,1.074,Basic Materials,Basic Materials,Specialty Chemicals,2026-05-21
APEX,14001562624.0,SMALL CAP,448.04998779296875,42.428974,2.7490766,,7.972,0.039809998,0.03447,0.145,,Consumer Defensive,Consumer Defensive,Farm Products,2026-05-21
APLAPOLLO,512279740416.0,LARGE CAP,1845.0,42.63924,9.673563,0.25314,9.396,0.07206,0.05213,0.136,0.208,Basic Materials,Basic Materials,Steel,2026-05-21
APCL,3407178752.0,MICRO CAP,115.98999786376953,,1.6639887,,223.154,-0.15092,-0.086969994,-0.239,,Basic Materials,Basic Materials,Building Materials,2026-05-21
APOLLO,129004937216.0,MID CAP,361.20001220703125,114.98407,11.188756,,33.483,0.17558001,0.115550004,0.7,0.133,Industrials,Industrials,Aerospace & Defense,2026-05-21
APLLTD,146734366720.0,MID CAP,746.5,21.757504,2.5862665,0.12356,25.224,0.08799,0.09119,0.059,0.292,Healthcare,Healthcare,Drug Manufacturers - Specialty & Generic,2026-05-21
APOLLOHOSP,1191831011328.0,LARGE CAP,8289.0,61.44096,13.1061125,0.21503,85.146,0.1249,0.07638,0.189,0.356,Healthcare,Healthcare,Medical Care Facilities,2026-05-21
APOLLOPIPE,23758176256.0,SMALL CAP,540.9500122070312,505.56073,3.43384,0.0055299997,13.871,0.008590001,0.00678,0.102,-0.957,Industrials,Industrials,Building Products & Equipment,2026-05-21
APS,10267761664.0,SMALL CAP,520.15,25.610538,8.014638,,,,,,,Unknown,Unknown,Unknown,2026-05-21
APTECHT,5555509760.0,MICRO CAP,95.77999877929688,20.82174,2.3422675,,5.75,0.08454,0.052210003,0.244,1.387,Consumer Defensive,Consumer Defensive,Education & Training Services,2026-05-21
APOLLOTYRE,236743557120.0,MID CAP,374.25,17.286375,1.5276258,0.08719,21.987,0.09162,0.0482,0.142,2.426,Consumer Cyclical,Consumer Cyclical,Auto Parts,2026-05-21
APOLSINHOT,2969656832.0,MICRO CAP,1142.0,29.80167,1.9460691,,53.838,0.03678,0.01688,0.145,-0.593,Industrials,Industrials,Specialty Business Services,2026-05-21
APTUS,132847034368.0,MID CAP,265.29998779296875,14.08174,2.8426926,,157.024,0.78065,0.60890996,0.26,0.239,Financial Services,Financial Services,Mortgage Finance,2026-05-21
AQYLON,15312638976.0,SMALL CAP,60.349998474121094,262.3913,-265.85904,,,-0.025120001,0.43607,1.802,,Communication Services,Communication Services,Broadcasting,2026-05-21
ARCHIDPLY,1607238400.0,MICRO CAP,80.3499984741211,19.987562,1.4942166,,178.165,0.04693,0.0072399997,0.114,,Basic Materials,Basic Materials,Lumber & Wood Production,2026-05-21
ARABIAN,899134656.0,MICRO CAP,82.55,9.285714,1.4033388,,,,,,,Unknown,Unknown,Unknown,2026-05-21
ARCHIES,493863584.0,MICRO CAP,14.619999885559082,,0.40414652,,33.451,0.01466,-0.017760001,-0.229,,Consumer Cyclical,Consumer Cyclical,Specialty Retail,2026-05-21
ARENTERP,119587440.0,MICRO CAP,36.97999954223633,,0.49678257,,,-1.03387,-0.04583,,,Basic Materials,Basic Materials,Other Industrial Metals & Mining,2026-05-21
ARE&M,151124049920.0,MID CAP,825.7000122070312,20.352478,1.9527712,,4.005,0.0636,0.0557,0.042,-0.53,Industrials,Industrials,Electrical Equipment & Parts,2026-05-21
ARFIN,15571397632.0,SMALL CAP,92.29000091552734,100.315216,9.242865,0.094469994,75.884,0.07755,0.025,0.26,13.938,Basic Materials,Basic Materials,Aluminum,2026-05-21
ARIHANT,9249804288.0,MICRO CAP,905.9000244140625,14.062404,2.622893,,93.207,0.26424,0.18591,0.968,0.947,Real Estate,Real Estate,Real Estate - Development,2026-05-21
ARIHANTCAP,7755105792.0,MICRO CAP,70.75,20.099432,1.7718064,,51.095,0.16222,0.21153,-0.089,-0.58,Financial Services,Financial Services,Capital Markets,2026-05-21
ARIES,4608087552.0,MICRO CAP,354.3500061035156,10.5807705,1.4412967,,20.67,0.12064999,0.06337,0.196,0.488,Basic Materials,Basic Materials,Agricultural Inputs,2026-05-21
ARIHANTACA,878306752.0,MICRO CAP,145.05,13.270814,3.026036,,,,,,,Unknown,Unknown,Unknown,2026-05-21
ARIHANTSUP,10319448064.0,SMALL CAP,238.60000610351562,24.028196,4.794823,,197.85,0.22343999,0.08693,-0.164,-0.76,Real Estate,Real Estate,Real Estate - Development,2026-05-21
ARIS,9617574912.0,MICRO CAP,117.62999725341797,17.197367,1.2865721,0.12219,9.356,0.083900005,0.04937,0.553,,Industrials,Industrials,Engineering & Construction,2026-05-21
ARMANFIN,18063308800.0,SMALL CAP,1717.9000244140625,63.862453,2.0666716,,137.292,0.3432,0.107489996,1.611,,Financial Services,Financial Services,Credit Services,2026-05-21
ARKADE,21379166208.0,SMALL CAP,115.1500015258789,14.539142,2.2374864,,18.386,0.25969,0.19715999,-0.124,-0.286,Real Estate,Real Estate,Real Estate - Development,2026-05-21
AROGRANITE,395658016.0,MICRO CAP,25.860000610351562,,0.22626652,-0.065689996,87.15,-0.20072001,-0.13848,-0.478,,Industrials,Industrials,Building Products & Equipment,2026-05-21
ARISTO,606915392.0,MICRO CAP,89.15,14.932999,1.4635388,,,,,,,Unknown,Unknown,Unknown,2026-05-21
ARROWGREEN,7310106112.0,MICRO CAP,484.5,14.241622,3.457257,,1.218,0.30806,0.23794001,0.017,0.034,Consumer Cyclical,Consumer Cyclical,Packaging & Containers,2026-05-21
ARSHIYA,313536352.0,MICRO CAP,1.190000057220459,,-0.009870031,,,-0.88708,0.0,0.028,,Industrials,Industrials,Integrated Freight & Logistics,2026-05-21
ARSSBL,33489010688.0,SMALL CAP,533.9000244140625,22.796757,2.1234877,0.13961,63.433,0.26111,0.17296,0.274,0.885,Financial Services,Financial Services,Financial Conglomerates,2026-05-21
ARTEMISMED,,UNKNOWN,281.1000061035156,122.7511,4.7517624,0.11626001,27.805,0.13846,0.093260005,0.141,0.287,,,,2026-05-21
ARVEE,1806177920.0,MICRO CAP,163.89999389648438,87.18085,5.8418875,,3.29,0.13514,0.076409996,0.098,10.857,Basic Materials,Basic Materials,Specialty Chemicals,2026-05-21
ARTNIRMAN,1063874304.0,MICRO CAP,42.630001068115234,83.58824,2.8901696,,52.666,0.0062,0.06121,-0.444,-0.727,Real Estate,Real Estate,Real Estate - Development,2026-05-21
ARVIND,127348400128.0,MID CAP,485.8500061035156,30.769474,3.314256,0.10657,40.071,0.096820004,0.04423,0.159,0.059,Consumer Cyclical,Consumer Cyclical,Textile Manufacturing,2026-05-21
ARVINDFASN,58654494720.0,SMALL CAP,438.8500061035156,47.34088,6.2056336,0.15903,115.111,0.08845,0.0231,0.154,,Consumer Cyclical,Consumer Cyclical,Apparel Manufacturing,2026-05-21
ARVSMART,28384780288.0,SMALL CAP,618.8499755859375,38.89692,4.7484765,,21.182,0.23976,0.12815,-0.208,-0.396,Real Estate,Real Estate,Real Estate - Development,2026-05-21
ASAHISONG,2859825408.0,MICRO CAP,242.6199951171875,18.380302,1.1106025,,49.417,0.04571,0.02856,-0.098,-0.198,Basic Materials,Basic Materials,Specialty Chemicals,2026-05-21
ASAHIINDIA,217478381568.0,MID CAP,853.0999755859375,70.50413,5.8722706,,77.144,0.14148,0.063260004,0.117,-0.101,Consumer Cyclical,Consumer Cyclical,Auto Parts,2026-05-21
ASAL,7656951296.0,MICRO CAP,482.6499938964844,27.674885,21.171644,1.23292,343.962,0.05222,0.03108,0.359,1.691,Consumer Cyclical,Consumer Cyclical,Auto Parts,2026-05-21
ASALCBR,16224997376.0,SMALL CAP,808.0499877929688,17.900974,2.217572,0.14562,9.922,0.14445,0.085109994,0.002,0.049,Consumer Defensive,Consumer Defensive,Beverages - Wineries & Distilleries,2026-05-21
ASHAPURMIN,61628661760.0,SMALL CAP,645.1500244140625,16.324646,4.321368,,86.445,0.11391,0.09864,0.11,-0.209,Basic Materials,Basic Materials,Other Industrial Metals & Mining,2026-05-21
ASCOM,1573214336.0,MICRO CAP,134.3,30.802752,3.005214,,,,,,,Unknown,Unknown,Unknown,2026-05-21
ASHIANA,38199443456.0,SMALL CAP,380.0,32.06751,4.4888077,0.14652,39.983,0.17947,0.11271,1.716,4.099,Real Estate,Real Estate,Real Estate - Development,2026-05-21
ASHIKA,,UNKNOWN,383.95001220703125,,2.3548427,0.07375,22.575,-0.49939,0.2831,,,,,,2026-05-21
ASHIMASYN,3208389632.0,MICRO CAP,16.739999771118164,,1.120182,,58.263,-2.62821,-1.69347,-0.641,,Real Estate,Real Estate,Real Estate - Development,2026-05-21
ASHOKA,36227334144.0,SMALL CAP,129.0500030517578,1.275828,0.8606317,,44.43,0.21544,0.34372002,-0.235,2.225,Industrials,Industrials,Engineering & Construction,2026-05-21
ASHOKLEY,913795579904.0,LARGE CAP,155.57000732421875,27.583336,7.2432256,,327.886,0.19577,0.06152,0.236,0.066,Industrials,Industrials,Farm & Heavy Construction Machinery,2026-05-21
ASHOKAMET,398686208.0,MICRO CAP,15.949999809265137,2.6363635,0.36297846,0.08558,43.157,0.36486998,0.28937,0.567,,Basic Materials,Basic Materials,Steel,2026-05-21
ASIANHOTNR,12713229312.0,SMALL CAP,298.20001220703125,14.274774,3.130939,,338.495,0.05553,0.12323,0.052,,Consumer Cyclical,Consumer Cyclical,Lodging,2026-05-21
ASIANENE,17864198144.0,SMALL CAP,367.70001220703125,38.951275,3.631282,,23.826,0.10065,0.06243,1.568,1.13,Energy,Energy,Oil & Gas Equipment & Services,2026-05-21
ASIANPAINT,2511744008192.0,MEGA CAP,2620.10009765625,65.469765,12.822258,,17.609,0.16554001,0.11098,0.037,-0.046,Basic Materials,Basic Materials,Specialty Chemicals,2026-05-21
ASMS,2250822144.0,MICRO CAP,7.389999866485596,67.181816,8.331454,,0.562,0.05246,0.06093,4.552,,Technology,Technology,Information Technology Services,2026-05-21
ASKAUTOLTD,88201592832.0,SMALL CAP,447.3999938964844,29.688122,7.605998,,52.765,0.103269994,0.073060006,0.185,0.213,Consumer Cyclical,Consumer Cyclical,Auto Parts,2026-05-21
ASIANTILES,18778744832.0,SMALL CAP,63.34000015258789,15.2626505,1.0187702,,20.089,0.06561,0.045560002,0.178,42.5,Industrials,Industrials,Building Products & Equipment,2026-05-21
ASPINWALL,1776705920.0,MICRO CAP,227.25,18.874584,0.9521475,,43.708,0.07646,0.025020001,0.266,0.581,Consumer Defensive,Consumer Defensive,Farm Products,2026-05-21
ASPIRE,1646813056.0,MICRO CAP,108.5,42.885376,3.2665963,,,,,,,Unknown,Unknown,Unknown,2026-05-21
ASTAR,,UNKNOWN,645.0,,0.6418038,,31.942,0.01451,0.012150001,-0.041,-0.297,,,,2026-05-21
ASTEC,16600267776.0,SMALL CAP,745.0,,4.251555,-0.25842,114.84,-0.01646,-0.18056,0.327,,Basic Materials,Basic Materials,Agricultural Inputs,2026-05-21
ASTERDM,393879814144.0,MID CAP,761.9500122070312,118.6838,8.680817,0.10067,45.921,0.13984,0.08359,0.182,0.715,Healthcare,Healthcare,Medical Care Facilities,2026-05-21
ASTRON,198029024.0,MICRO CAP,4.190000057220459,,0.24021097,,94.276,-0.66063005,0.0,0.056,,Basic Materials,Basic Materials,Paper & Paper Products,2026-05-21
ASTRAMICRO,111427461120.0,MID CAP,1173.5999755859375,69.64985,9.575483,,23.894,0.27346,0.14825,0.007,-0.016,Technology,Technology,Communication Equipment,2026-05-21
ASTRAL,396259000320.0,MID CAP,1475.0,74.04618,9.763298,0.13798,6.168,0.14791,0.08169,0.242,0.189,Industrials,Industrials,Building Products & Equipment,2026-05-21
ASTRAZEN,216225005568.0,MID CAP,8649.0,108.01798,27.059498,,4.354,0.06702,0.092259996,0.389,0.057,Healthcare,Healthcare,Drug Manufacturers - Specialty & Generic,2026-05-21
ATALREAL,3540954880.0,MICRO CAP,28.579999923706055,62.130432,1.9113221,0.079569995,14.083,0.072230004,0.053979997,0.378,8.929,Industrials,Industrials,Engineering & Construction,2026-05-21
ATAM,819719168.0,MICRO CAP,71.51000213623047,22.208075,2.1880548,,33.533,-0.04812,0.075500004,-0.401,,Industrials,Industrials,Specialty Industrial Machinery,2026-05-21
ATGL,705803124736.0,LARGE CAP,641.75,107.316055,14.514305,0.14456001,46.363,0.15255,0.11124,0.161,0.085,Utilities,Utilities,Utilities - Regulated Gas,2026-05-21
ATHERENERG,343841701888.0,MID CAP,897.7999877929688,,13.350582,-0.33740002,25.819,-0.10333,-0.14085001,0.737,,Consumer Cyclical,Consumer Cyclical,Auto Manufacturers,2026-05-21
ATL,7214762496.0,MICRO CAP,24.719999313354492,20.262295,2.0112276,,208.703,0.12164,0.04212,0.166,0.083,Industrials,Industrials,Integrated Freight & Logistics,2026-05-21
ATLANTAELE,126917877760.0,MID CAP,1650.5,60.791897,33.766365,,46.263,0.17448,0.09518,0.797,4.176,Industrials,Industrials,Electrical Equipment & Parts,2026-05-21
ATLANTAA,3398550016.0,MICRO CAP,41.70000076293945,,1.7676982,-0.00802,148.258,0.89454,-0.01828,-0.074,-0.002,Industrials,Industrials,Infrastructure Operations,2026-05-21
ATLASCYCLE,647131904.0,MICRO CAP,99.5,,0.17054902,-0.02095,2.371,-1.66571,-1.12347,-0.827,,Consumer Cyclical,Consumer Cyclical,Leisure,2026-05-21
ATUL,208977575936.0,MID CAP,7098.0,30.855505,3.3586264,0.11529,2.907,0.120620005,0.108059995,0.15,0.661,Basic Materials,Basic Materials,Specialty Chemicals,2026-05-21
ATMASTCO,7568815104.0,MICRO CAP,306.0,39.28113,5.479943,,,,,,,Unknown,Unknown,Unknown,2026-05-21
ATULAUTO,13555112960.0,SMALL CAP,488.45001220703125,37.031845,5.9223294,,,0.09268,0.08078,0.253,0.561,Consumer Cyclical,Consumer Cyclical,Auto Manufacturers,2026-05-21
AUBANK,722989416448.0,LARGE CAP,966.0999755859375,27.626535,3.6151567,,,0.35549998,0.21372999,0.371,0.626,Financial Services,Financial Services,Banks - Regional,2026-05-21
AUROIMPEX,983384448.0,MICRO CAP,80.6,21.26649,2.014849,,,,,,,Unknown,Unknown,Unknown,2026-05-21
AURIGROW,213196800.0,MICRO CAP,0.3199999928474426,4.0,0.29384756,,14.284,0.06238,0.04164,,,Industrials,Industrials,Electrical Equipment & Parts,2026-05-21
AURIONPRO,45247488000.0,SMALL CAP,819.5,21.241575,2.538024,0.13245,3.478,0.16351,0.14833,0.057,0.205,Technology,Technology,Software - Application,2026-05-21
AURUM,13788985344.0,SMALL CAP,180.85000610351562,695.57697,2.2016218,-0.02928,44.065,0.01946,-0.027420001,0.759,,Real Estate,Real Estate,Real Estate Services,2026-05-21
AUTOAXLES,26811658240.0,SMALL CAP,1774.199951171875,17.128788,2.6639838,0.158,1.28,0.1086,0.07438,0.197,0.173,Consumer Cyclical,Consumer Cyclical,Auto Parts,2026-05-21
AUROPHARMA,883665469440.0,LARGE CAP,1535.800048828125,25.55833,2.5452647,,22.248,0.15135999,0.10509,0.084,0.076,Healthcare,Healthcare,Drug Manufacturers - Specialty & Generic,2026-05-21
AUSOMENT,1751988864.0,MICRO CAP,128.60000610351562,5.9017897,1.1040428,,0.078,0.04235,0.01363,33.828,11.583,Financial Services,Financial Services,Capital Markets,2026-05-21
AUTOIND,3980783872.0,MICRO CAP,87.7300033569336,25.955622,2.0200324,0.21987,164.641,0.08645,0.04638,0.499,3.653,Consumer Cyclical,Consumer Cyclical,Auto Parts,2026-05-21
AVAILFC,,UNKNOWN,159.69000244140625,,0.12905902,,,0.52229,202.59247,0.065,0.33,,,,2026-05-21
AVADHSUGAR,9590824960.0,MICRO CAP,479.1000061035156,16.745893,0.90268654,,56.04,0.06185,0.02716,0.035,1.478,Consumer Defensive,Consumer Defensive,Confectioners,2026-05-21
AVALON,98404990976.0,SMALL CAP,1473.4000244140625,87.494064,15.0966215,,25.091,0.09584,0.06553,0.487,0.358,Technology,Technology,Electronic Components,2026-05-21
AVANTIFEED,174271791104.0,MID CAP,1279.0999755859375,22.626925,5.7893543,,0.441,0.11575,0.10572,0.013,0.21,Consumer Defensive,Consumer Defensive,Packaged Foods,2026-05-21
AVANTEL,43215212544.0,SMALL CAP,162.63999938964844,301.18518,12.7771225,0.05211,10.164,0.12567,0.06728,0.296,-0.31,Technology,Technology,Communication Equipment,2026-05-21
AVG,2523981312.0,MICRO CAP,162.67999267578125,12.20405,0.9558391,,109.016,0.10552,0.03762,-0.059,-0.058,Industrials,Industrials,Integrated Freight & Logistics,2026-05-21
AVL,68585213952.0,SMALL CAP,531.0999755859375,58.749996,9.967906,0.18383,83.205,0.07834,0.0436,0.305,0.369,Consumer Cyclical,Consumer Cyclical,Specialty Retail,2026-05-21
AVONMORE,3132250624.0,MICRO CAP,11.100000381469727,13.703704,0.80504787,,5.155,0.20926,0.14257,0.559,31.0,Financial Services,Financial Services,Capital Markets,2026-05-21
AVSL,1081417728.0,MICRO CAP,202.85,42.79536,2.779605,,,,,,,Unknown,Unknown,Unknown,2026-05-21
AVPINFRA,3575772416.0,MICRO CAP,143.15,8.212851,2.2436247,,,,,,,Unknown,Unknown,Unknown,2026-05-21
AVROIND,1387332352.0,MICRO CAP,10.34000015258789,38.296295,1.5733415,,26.816,0.09133001,0.0475,0.035,0.0,Consumer Cyclical,Consumer Cyclical,"Furnishings, Fixtures & Appliances",2026-05-21
AWFIS,23204157440.0,SMALL CAP,324.3500061035156,39.748775,4.63695,,290.895,0.10435,0.041350003,0.202,0.399,Industrials,Industrials,Rental & Leasing Services,2026-05-21
AWHCL,13269435392.0,SMALL CAP,467.70001220703125,15.989744,1.9213626,,54.786,0.07883,0.082100004,0.081,-0.27,Industrials,Industrials,Waste Management,2026-05-21
AVTNPL,10142113792.0,SMALL CAP,66.5999984741211,17.712765,1.944639,,19.139,0.105399996,0.088649996,0.122,-0.197,Basic Materials,Basic Materials,Specialty Chemicals,2026-05-21
AWL,254602395648.0,MID CAP,196.7899932861328,24.445961,2.4359417,0.10519,10.621,0.01844,0.013940001,0.18,0.537,Consumer Defensive,Consumer Defensive,Packaged Foods,2026-05-21
AXISCADES,87384170496.0,SMALL CAP,2054.60009765625,86.509476,12.595327,,37.084,0.15082,0.08861,0.252,0.887,Industrials,Industrials,Engineering & Construction,2026-05-21
AXISBANK,3915303354368.0,MEGA CAP,1259.0999755859375,14.902355,1.8191985,0.13152,,0.39193,0.35406,-0.112,0.064,Financial Services,Financial Services,Banks - Regional,2026-05-21
AZAD,130778030080.0,MID CAP,2025.0,98.01549,8.87644,0.09142,31.025,0.34302,0.20486,0.403,0.343,Industrials,Industrials,Specialty Industrial Machinery,2026-05-21
AXITA,2968163840.0,MICRO CAP,7.760000228881836,155.2,4.2920356,,34.066,0.05291,0.00494,-0.608,,Consumer Cyclical,Consumer Cyclical,Textile Manufacturing,2026-05-21
BABAFP,866115712.0,MICRO CAP,53.05,26.928934,1.3412044,,,,,,,Unknown,Unknown,Unknown,2026-05-21
AYE,34821529600.0,SMALL CAP,142.4199981689453,14.835416,1.2418796,0.0924,199.987,0.33492002,0.19490999,0.085,0.791,Financial Services,Financial Services,Credit Services,2026-05-21
AYMSYNTEX,13121936384.0,SMALL CAP,223.8699951171875,,2.2813148,,41.435,0.02898,-0.00033,-0.143,-0.643,Consumer Cyclical,Consumer Cyclical,Textile Manufacturing,2026-05-21
BAFNAPH,3219627520.0,MICRO CAP,136.10000610351562,33.195126,3.5317628,,35.519,0.03865,0.06553,0.154,0.95,Healthcare,Healthcare,Drug Manufacturers - Specialty & Generic,2026-05-21
BAGFILMS,1038590464.0,MICRO CAP,5.0,22.727272,0.5669577,,60.33,0.05316,0.0421,0.283,-0.514,Communication Services,Communication Services,Broadcasting,2026-05-21
BAJAJFINSV,2811616296960.0,MEGA CAP,1758.9000244140625,28.801376,3.6043918,0.14602,256.36,0.37205002,0.06568,0.053,0.057,Financial Services,Financial Services,Financial Conglomerates,2026-05-21
BAJAJ-AUTO,2978433204224.0,MEGA CAP,10665.0,27.775608,7.6714478,0.28046,56.289,0.18642001,0.16507,0.488,1.031,Consumer Cyclical,Consumer Cyclical,Auto Manufacturers,2026-05-21
BAHETI,2944662528.0,MICRO CAP,284.0,16.32184,3.149292,,,,,,,Unknown,Unknown,Unknown,2026-05-21
BAIDFIN,1587603200.0,MICRO CAP,10.25,7.5367646,1.0423023,0.07272,,0.29862,0.22277,0.597,0.282,Financial Services,Financial Services,Credit Services,2026-05-21
BAJAJCON,72205803520.0,SMALL CAP,552.7999877929688,38.957012,9.803157,0.25309,2.092,0.22031,0.16329001,0.304,1.13,Consumer Defensive,Consumer Defensive,Household & Personal Products,2026-05-21
BAJAJELEC,39273230336.0,SMALL CAP,340.3500061035156,110.50325,2.4645007,,84.783,-0.02102,0.00795,-0.185,,Consumer Cyclical,Consumer Cyclical,"Furnishings, Fixtures & Appliances",2026-05-21
BAJAJHCARE,10179588096.0,SMALL CAP,302.3999938964844,45.0,1.8106592,0.042659998,46.734,0.09831,0.025799999,-0.009,,Healthcare,Healthcare,Drug Manufacturers - Specialty & Generic,2026-05-21
BAJAJHFL,691112378368.0,LARGE CAP,82.9800033569336,27.029318,3.0818944,0.120570004,460.504,0.80669,0.61533,0.423,0.144,Financial Services,Financial Services,Mortgage Finance,2026-05-21
BAJAJINDEF,8825600000.0,MICRO CAP,275.79998779296875,32.716488,3.4172995,,1.565,0.05292,0.13983,0.132,-0.301,Industrials,Industrials,Farm & Heavy Construction Machinery,2026-05-21
BAJAJHLDNG,1168693133312.0,LARGE CAP,10501.0,12.130068,1.5974482,0.12624,0.012,0.40881002,8.57461,-0.483,0.493,Financial Services,Financial Services,Asset Management,2026-05-21
BAJAJHIND,44043444224.0,SMALL CAP,18.68000030517578,,0.6222726,,87.126,0.01359,-0.0082,-0.065,,Consumer Defensive,Consumer Defensive,Confectioners,2026-05-21
BAJEL,21049901056.0,SMALL CAP,181.94000244140625,191.5158,1.8203466,,15.984,0.03903,0.00424,-0.096,,Utilities,Utilities,Utilities - Regulated Electric,2026-05-21
BAJAJST,,UNKNOWN,423.6499938964844,,2.128178,,12.003,0.04414,0.09385,-0.093,,,,,2026-05-21
BAJFINANCE,5657334906880.0,MEGA CAP,909.7000122070312,29.782324,4.961772,0.17907,313.407,0.60647,0.43383998,0.268,0.214,Financial Services,Financial Services,Credit Services,2026-05-21
BALAJEE,2487910912.0,MICRO CAP,30.5,19.303797,0.81428874,,63.12,0.02458,0.02256,0.198,-0.972,Consumer Cyclical,Consumer Cyclical,Packaging & Containers,2026-05-21
BALAJITELE,11234514944.0,SMALL CAP,92.16000366210938,15.108197,1.7164569,,3.918,-0.80373,0.25639,-0.554,,Communication Services,Communication Services,Entertainment,2026-05-21
BALAXI,1392885248.0,MICRO CAP,25.229999542236328,14.754385,0.55379957,,23.745,0.03487,0.03424,-0.01,-0.938,Healthcare,Healthcare,Drug Manufacturers - Specialty & Generic,2026-05-21
BALAMINES,60298260480.0,SMALL CAP,1861.0,36.121895,2.9772716,0.08113,6.194,0.21871,0.11501,0.141,0.617,Basic Materials,Basic Materials,Specialty Chemicals,2026-05-21
BALKRISHNA,596061312.0,MICRO CAP,18.5,,-0.34147963,,,-0.16916001,0.58131003,1.618,,Consumer Cyclical,Consumer Cyclical,Packaging & Containers,2026-05-21
BALMLAWRIE,31257790464.0,SMALL CAP,182.7899932861328,11.694818,1.5085292,0.13276,10.544,0.13763,0.1001,0.255,0.128,Industrials,Industrials,Conglomerates,2026-05-21
BALKRISIND,426844356608.0,MID CAP,2208.0,34.381813,3.8963928,,35.269,0.16359,0.1233,0.069,-0.15,Consumer Cyclical,Consumer Cyclical,Auto Parts,2026-05-21
BALRAMCHIN,108518055936.0,MID CAP,537.3499755859375,28.920881,2.622857,0.095410004,76.606,0.15612,0.06,0.075,-0.307,Consumer Defensive,Consumer Defensive,Confectioners,2026-05-21
BALPHARMA,1346268928.0,MICRO CAP,84.55999755859375,16.612967,1.7021618,,197.725,0.07202,0.02625,0.199,2.394,Healthcare,Healthcare,Drug Manufacturers - Specialty & Generic,2026-05-21
BALUFORGE,59289698304.0,SMALL CAP,488.20001220703125,21.971199,4.1812625,,6.528,0.26232,0.22976999,0.216,0.206,Industrials,Industrials,Metal Fabrication,2026-05-21
BANARBEADS,741918464.0,MICRO CAP,111.80000305175781,39.3662,1.440536,,27.474,0.13924,0.07202,0.347,0.16,Consumer Cyclical,Consumer Cyclical,Footwear & Accessories,2026-05-21
BANARISUG,45530394624.0,SMALL CAP,3630.89990234375,32.171715,2.4996986,,1.035,0.11302,0.06649,0.528,0.679,Consumer Defensive,Consumer Defensive,Confectioners,2026-05-21
BANDHANBNK,310572056576.0,MID CAP,192.77999877929688,25.399208,1.2127273,0.04877,,0.26448,0.12972,1.193,0.68,Financial Services,Financial Services,Banks - Regional,2026-05-21
BANCOINDIA,85629280256.0,SMALL CAP,598.6500244140625,17.566021,5.239458,,44.582,0.1257,0.13282,0.235,1.778,Consumer Cyclical,Consumer Cyclical,Auto Parts,2026-05-21
BANKINDIA,637054746624.0,LARGE CAP,139.92999267578125,6.1806536,0.70840585,0.12056,,0.44996,0.31886,0.101,0.186,Financial Services,Financial Services,Banks - Regional,2026-05-21
BANKA,907996288.0,MICRO CAP,83.5,,2.9574273,,105.547,0.04493,-0.052589998,0.087,,Industrials,Industrials,Pollution & Treatment Controls,2026-05-21
BANG,514737600.0,MICRO CAP,37.959999084472656,9.963255,0.5720917,,35.295,0.01158,0.28488,0.179,-0.471,Consumer Cyclical,Consumer Cyclical,Apparel Manufacturing,2026-05-21
BANKBARODA,1369635291136.0,LARGE CAP,264.8500061035156,6.9025283,0.8255254,0.12738,,0.38452998,0.31175,-0.076,0.071,Financial Services,Financial Services,Banks - Regional,2026-05-21
BANSALWIRE,50191839232.0,SMALL CAP,320.6000061035156,31.217136,3.5075436,0.11923,38.769,0.05409,0.03869,0.209,0.209,Basic Materials,Basic Materials,Steel,2026-05-21
BANSWRAS,4242382080.0,MICRO CAP,123.93000030517578,16.590363,0.7551044,,89.715,0.0717,0.01922,0.003,0.382,Consumer Cyclical,Consumer Cyclical,Textile Manufacturing,2026-05-21
BASILIC,13191023616.0,SMALL CAP,567.6,35.254658,4.345163,,,,,,,Unknown,Unknown,Unknown,2026-05-21
BASF,157377937408.0,MID CAP,3635.800048828125,37.86503,4.1548963,0.10965,3.35,0.02169,0.028110001,0.048,1.55,Basic Materials,Basic Materials,Specialty Chemicals,2026-05-21
BASML,1903727104.0,MICRO CAP,23.81999969482422,10.539823,0.40924317,,95.855,0.063260004,0.016239999,-0.043,0.75,Consumer Cyclical,Consumer Cyclical,Textile Manufacturing,2026-05-21
BATAINDIA,88664719360.0,SMALL CAP,689.8499755859375,49.701008,5.8213224,,90.391,0.11437,0.05118,0.028,0.125,Consumer Cyclical,Consumer Cyclical,Footwear & Accessories,2026-05-21
BAWEJA,1543261312.0,MICRO CAP,83.75,22.820164,1.476031,,,,,,,Unknown,Unknown,Unknown,2026-05-21
BATLIBOI,,UNKNOWN,79.8499984741211,88.72222,1.5518715,,40.116,0.04395,0.01407,0.716,,Industrials,Industrials,Specialty Industrial Machinery,2026-05-21
BAYERCROP,195044179968.0,MID CAP,4339.89990234375,29.064423,6.2438674,,3.266,0.092480004,0.11928,0.047,1.798,Basic Materials,Basic Materials,Agricultural Inputs,2026-05-21
BBL,30721880064.0,SMALL CAP,2718.0,25.583586,1.3992833,,8.707,0.050830003,0.061669998,0.106,-0.392,Industrials,Industrials,Electrical Equipment & Parts,2026-05-21
BBOX,168159002624.0,MID CAP,947.4000244140625,76.03532,17.803251,,114.749,0.07324,0.03453,0.105,-0.119,Technology,Technology,Software - Application,2026-05-21
BBTC,106450993152.0,MID CAP,1525.699951171875,8.567497,1.5116671,0.28709,16.57,0.16921,0.062589996,0.078,0.438,Consumer Defensive,Consumer Defensive,Packaged Foods,2026-05-21
BBTCL,3979180544.0,MICRO CAP,194.0,19.151037,3.5710998,,199.068,0.07997,0.016280001,0.261,,Consumer Cyclical,Consumer Cyclical,Packaging & Containers,2026-05-21
BCLIND,10165424128.0,SMALL CAP,34.439998626708984,8.675062,1.1891854,,74.479,0.076079994,0.03995,-0.013,0.677,Consumer Defensive,Consumer Defensive,Beverages - Wineries & Distilleries,2026-05-21
BCG,21214664704.0,SMALL CAP,10.510000228881836,2.421659,0.22481765,,,0.20024,0.1385,0.333,0.272,Communication Services,Communication Services,Advertising Agencies,2026-05-21
BCPL,1265812224.0,MICRO CAP,75.69000244140625,17.08578,1.3125358,0.06757,71.382,0.14271,0.03018,-0.212,-0.537,Industrials,Industrials,Infrastructure Operations,2026-05-21
BCONCEPTS,2634300160.0,MICRO CAP,211.0500030517578,50.733177,3.4045813,,238.883,0.05854,0.00077,0.32,-0.677,Consumer Cyclical,Consumer Cyclical,Footwear & Accessories,2026-05-21
BDL,481076641792.0,MID CAP,1312.4000244140625,83.16857,11.4063225,,0.029,0.01179,0.15512,-0.319,-0.504,Industrials,Industrials,Aerospace & Defense,2026-05-21
BEACON,2120820736.0,MICRO CAP,117.4,37.507988,4.2972183,,,,,,,Unknown,Unknown,Unknown,2026-05-21
BEEKAY,,UNKNOWN,395.0,,0.7001796,,,0.14142999,0.05345,,,,,,2026-05-21
BEARDSELL,960290944.0,MICRO CAP,24.350000381469727,10.774337,1.11728,,36.022,0.06713,0.03201,0.028,-0.172,Industrials,Industrials,Building Products & Equipment,2026-05-21
BEDMUTHA,3573547776.0,MICRO CAP,110.76000213623047,,2.5105968,-0.00035999998,151.954,0.02569,-4.0000003e-05,0.446,,Basic Materials,Basic Materials,Steel,2026-05-21
BECTORFOOD,55347331072.0,SMALL CAP,180.2899932861328,39.624172,4.551743,,15.033,0.08598,0.06974,0.084,0.099,Consumer Defensive,Consumer Defensive,Packaged Foods,2026-05-21
BEL,3068645081088.0,MEGA CAP,419.79998779296875,50.517445,12.79215,0.27556,0.273,0.2747,0.21956,0.117,0.045,Industrials,Industrials,Aerospace & Defense,2026-05-21
BELLACASA,3138029824.0,MICRO CAP,234.39999389648438,15.647531,1.9849939,,49.781,0.074889995,0.05066,0.112,0.252,Consumer Cyclical,Consumer Cyclical,Textile Manufacturing,2026-05-21
BELRISE,189437476864.0,MID CAP,212.8800048828125,39.790657,3.4939601,,28.531,0.08291,0.05164,0.082,-0.275,Consumer Cyclical,Consumer Cyclical,Auto Parts,2026-05-21
BEML,154542735360.0,MID CAP,1855.5,61.870625,5.5199885,,23.787,-0.01629,0.05919,0.237,,Industrials,Industrials,Conglomerates,2026-05-21
BEPL,23584315392.0,SMALL CAP,94.7699966430664,13.089779,2.180726,0.17278999,,0.18176001,0.14119,-0.01,0.305,Basic Materials,Basic Materials,Chemicals,2026-05-21
BEWLTD,18747146240.0,SMALL CAP,1434.0,151.42555,13.351334,,,,,,,Unknown,Unknown,Unknown,2026-05-21
BENGALASM,,UNKNOWN,6237.0,,0.69659173,,5.306,0.09652001,0.35662997,0.093,0.148,,,,2026-05-21
BERGEPAINT,582418432000.0,LARGE CAP,499.5,51.708076,8.424266,0.17226,9.165,0.13271,0.09401,0.061,0.277,Basic Materials,Basic Materials,Specialty Chemicals,2026-05-21
BFINVEST,14916380672.0,SMALL CAP,396.0,9.074244,0.21054041,,,0.88439006,2.48617,0.092,11.758,Financial Services,Financial Services,Asset Management,2026-05-21
BESTAGRO,5997488128.0,MICRO CAP,16.90999984741211,8.99468,0.74117905,,53.825,-0.03263,0.01761,-0.26,,Basic Materials,Basic Materials,Agricultural Inputs,2026-05-21
BFSI,,UNKNOWN,26.239999771118164,,,,,0.0,0.0,,,,,,2026-05-21
BFUTILITIE,20470472704.0,SMALL CAP,543.4500122070312,12.945451,10.156425,,,-0.48353,0.18443,-0.984,,Industrials,Industrials,Infrastructure Operations,2026-05-21
BGRENERGY,21327347712.0,SMALL CAP,295.54998779296875,,-1.1021488,,,-2.44718,-2.24033,0.177,,Industrials,Industrials,Engineering & Construction,2026-05-21
BHAGCHEM,32430237696.0,SMALL CAP,250.10000610351562,250.1,4.7067018,0.02633,33.6,0.07467,0.03376,0.295,,Basic Materials,Basic Materials,Agricultural Inputs,2026-05-21
BHAGYANGR,9041786880.0,MICRO CAP,282.6000061035156,24.920635,4.0002832,,162.99,0.04631,0.01729,0.464,2.208,Basic Materials,Basic Materials,Copper,2026-05-21
BHANDARI,1075449344.0,MICRO CAP,3.2300000190734863,10.419354,0.49577898,,64.953,0.094680004,0.03032,-0.062,0.125,Consumer Cyclical,Consumer Cyclical,Apparel Manufacturing,2026-05-21
BHARATCOAL,,UNKNOWN,36.93000030517578,136.77777,2.9055862,0.02096,38.792,-0.12335,0.0094,-0.151,-0.571,Basic Materials,Basic Materials,Coking Coal,2026-05-21
BHAGERIA,6650936320.0,MICRO CAP,152.38999938964844,14.417219,1.1582692,,12.876,0.047930002,0.06362,0.418,-0.079,Basic Materials,Basic Materials,Specialty Chemicals,2026-05-21
BHARATFORG,911810625536.0,LARGE CAP,1907.199951171875,84.87762,9.526759,0.11603,76.475,0.11553001,0.06422,0.175,-0.179,Consumer Cyclical,Consumer Cyclical,Auto Parts,2026-05-21
BHARATGEAR,1743873920.0,MICRO CAP,113.56999969482422,13.252043,1.4312359,,64.485,0.033099998,0.01756,0.333,,Consumer Cyclical,Consumer Cyclical,Auto Parts,2026-05-21
BHARATRAS,23208003584.0,SMALL CAP,1396.300048828125,17.49092,1.9388614,,7.556,0.13333,0.10699,0.055,-0.013,Basic Materials,Basic Materials,Agricultural Inputs,2026-05-21
BHARTIARTL,11604863221760.0,MEGA CAP,1904.800048828125,42.926994,7.4718595,0.19358999,99.718,0.32227,0.12652999,0.157,-0.34,Communication Services,Communication Services,Telecom Services,2026-05-21
BHARATWIRE,15083316224.0,SMALL CAP,219.8000030517578,19.660107,1.9408903,,9.237,0.16924,0.12344,-0.174,-0.424,Basic Materials,Basic Materials,Steel,2026-05-21
BHARATSE,12021804032.0,SMALL CAP,191.42999267578125,28.52906,5.802667,,63.95,0.03281,0.022809999,0.603,0.306,Consumer Cyclical,Consumer Cyclical,Auto Parts,2026-05-21
BHARTIHEXA,793849954304.0,LARGE CAP,1587.699951171875,45.847527,11.816233,0.28811002,94.665,0.30727,0.19015,0.048,0.814,Communication Services,Communication Services,Telecom Services,2026-05-21
BIGBLOC,7755518976.0,MICRO CAP,54.779998779296875,,6.2038503,,140.107,0.05155,-0.00595,0.281,-0.133,Industrials,Industrials,Building Products & Equipment,2026-05-21
BHEL,1422771093504.0,LARGE CAP,408.6000061035156,88.63341,5.4357514,0.06292,31.312,0.13527,0.04737,0.369,1.564,Industrials,Industrials,Specialty Industrial Machinery,2026-05-21
BI,,UNKNOWN,64.30000305175781,,0.333967,,120.659,0.00596,-0.02883,-0.085,,,,,2026-05-21
BIL,9536143360.0,MICRO CAP,711.0999755859375,24.759748,1.9206461,,104.25,0.062459998,0.028859999,0.392,,Consumer Cyclical,Consumer Cyclical,Footwear & Accessories,2026-05-21
BIKAJI,165423333376.0,MID CAP,659.75,67.2528,11.043875,,19.446,0.094069995,0.08538,0.105,1.175,Consumer Defensive,Consumer Defensive,Packaged Foods,2026-05-21
BIOCON,697931792384.0,LARGE CAP,431.0,153.38078,2.018329,0.011469999,42.145,0.112229995,0.022780001,0.023,-0.725,Healthcare,Healthcare,Biotechnology,2026-05-21
BIMETAL,,UNKNOWN,560.0499877929688,20.291666,0.9330014,,0.368,0.0047999998,0.03958,0.182,-0.346,Consumer Cyclical,Consumer Cyclical,Auto Parts,2026-05-21
BIRDYS,374990400.0,MICRO CAP,72.0,,1.7911785,,,,,,,Unknown,Unknown,Unknown,2026-05-21
BIOFILCHEM,514903008.0,MICRO CAP,31.639999389648438,18.611763,2.4831266,,0.094,0.114700004,0.08595,-0.934,-0.5,Healthcare,Healthcare,Drug Manufacturers - Specialty & Generic,2026-05-21
BIRET,218665304064.0,MID CAP,263.49,36.094517,1.1524885,,,,,,,Unknown,Unknown,Unknown,2026-05-21
BIRLAMONEY,7716331520.0,MICRO CAP,136.5500030517578,13.180503,2.5737927,0.21804,734.586,0.27535,0.17396,0.429,1.006,Financial Services,Financial Services,Capital Markets,2026-05-21
BIRLACABLE,4590000128.0,MICRO CAP,153.0,60.474308,1.6844099,,41.628,0.03447,0.010629999,0.296,1.792,Technology,Technology,Communication Equipment,2026-05-21
BIRLACORPN,77675290624.0,SMALL CAP,1008.7000122070312,13.928473,1.086761,0.07755,46.04,0.14427,0.05706,0.021,0.149,Basic Materials,Basic Materials,Building Materials,2026-05-21
BIRLANU,10518800384.0,SMALL CAP,1394.9000244140625,,0.8923026,-0.10299,100.118,-0.036310002,-0.03159,0.098,,Industrials,Industrials,Building Products & Equipment,2026-05-21
BLACKROSE,,UNKNOWN,99.5,,2.9888854,0.1396,0.848,0.115200005,0.06942,0.255,0.622,,,,2026-05-21
BIRLAPREC,,UNKNOWN,38.66999816894531,,1.5158167,,27.266,-0.01779,0.05406,0.013,0.571,,,,2026-05-21
BLACKBUCK,93758504960.0,SMALL CAP,515.4500122070312,58.841324,7.159127,,3.633,0.1817,0.63718,0.504,,Technology,Technology,Software - Application,2026-05-21
BLAL,7912455168.0,MICRO CAP,190.0,,-361.9048,0.00959,,0.80234003,0.01089,,,Financial Services,Financial Services,Shell Companies,2026-05-21
BLISSGVS,31213035520.0,SMALL CAP,295.04998779296875,24.567026,2.7521522,,4.493,0.12114,0.12567,0.037,-0.057,Healthcare,Healthcare,Drug Manufacturers - Specialty & Generic,2026-05-21
BLBLIMITED,819411456.0,MICRO CAP,15.5,3.1504064,0.69800955,,0.17,0.04138,0.03545,2.788,,Financial Services,Financial Services,Capital Markets,2026-05-21
BLIL,,UNKNOWN,74.33000183105469,,1.2152573,,11.199,0.116210006,0.92758006,0.038,0.027,,,,2026-05-21
BLKASHYAP,12893083648.0,SMALL CAP,57.18000030517578,119.125,2.4664624,,58.747,0.08552,0.00825,0.339,9.4,Industrials,Industrials,Engineering & Construction,2026-05-21
BLSE,18733664256.0,SMALL CAP,206.64999389648438,33.492706,3.7163923,0.12732,1.076,0.12534,0.05031,0.456,,Industrials,Industrials,Specialty Business Services,2026-05-21
BLS,110230282240.0,MID CAP,267.75,16.090746,5.170816,0.30143,15.468,0.24759,0.22198999,0.22,0.314,Industrials,Industrials,Specialty Business Services,2026-05-21
BLUECHIP,115586064.0,MICRO CAP,2.0899999141693115,,-16.72,,,-9.42342,0.0,,,Financial Services,Financial Services,Capital Markets,2026-05-21
BLUECOAST,629745792.0,MICRO CAP,32.0,,-1.4806589,,,0.44856998,-1.02694,20.456,,Consumer Cyclical,Consumer Cyclical,Lodging,2026-05-21
BLUEJET,77530374144.0,SMALL CAP,446.95001220703125,26.399881,6.165083,,1.643,0.21260001,0.27876,-0.396,-0.594,Healthcare,Healthcare,Biotechnology,2026-05-21
BLUEDART,115673677824.0,MID CAP,4875.0,46.852474,7.0901666,,,0.13491,0.04208,0.08,1.891,Industrials,Industrials,Integrated Freight & Logistics,2026-05-21
BLUESTARCO,342106144768.0,MID CAP,1664.0,64.822754,9.964132,0.16222,23.588,0.068280004,0.04255,0.013,0.171,Industrials,Industrials,Building Products & Equipment,2026-05-21
BLUEPEBBLE,1077323904.0,MICRO CAP,264.05,21.277195,3.8178477,,,,,,,Unknown,Unknown,Unknown,2026-05-21
BLUESTONE,70535503872.0,SMALL CAP,462.95001220703125,436.74533,3.913786,0.00971,110.033,0.1027,0.0060900003,0.477,,Consumer Cyclical,Consumer Cyclical,Luxury Goods,2026-05-21
BLUSPRING,10682969088.0,SMALL CAP,71.5,,1.5538411,-0.030439999,18.377,0.02399,-0.00452,0.087,,Industrials,Industrials,Specialty Business Services,2026-05-21
BMWVENTLTD,5315629568.0,MICRO CAP,61.29999923706055,14.630072,1.2382337,,107.33,0.03568,0.017029999,0.161,0.288,Basic Materials,Basic Materials,Steel,2026-05-21
BMETRICS,1526926080.0,MICRO CAP,124.0,33.87978,7.7427416,,,,,,,Unknown,Unknown,Unknown,2026-05-21
BNAGROCHEM,,UNKNOWN,316.0,,6.9675655,,19.567,-0.03948,0.0587,1.254,,,,,2026-05-21
BOMDYEING,25284001792.0,SMALL CAP,122.41999816894531,94.89922,1.1045645,0.01169,0.139,0.072129995,0.01688,0.219,0.827,Consumer Cyclical,Consumer Cyclical,Textile Manufacturing,2026-05-21
BNALTD,,UNKNOWN,368.8999938964844,,0.698796,,46.111,-0.05686,0.020130001,0.101,,,,,2026-05-21
BOHRAIND,197705328.0,MICRO CAP,19.2,,0.5428943,,1.562,-19479.0,0.0,,,Basic Materials,Basic Materials,Agricultural Inputs,2026-05-21
BONLON,753470656.0,MICRO CAP,45.9900016784668,31.717241,0.78557646,,49.692,0.00749,0.0032,-0.073,-0.606,Basic Materials,Basic Materials,Other Industrial Metals & Mining,2026-05-21
BODALCHEM,8697696256.0,MICRO CAP,69.05999755859375,28.774998,0.78487974,,77.215,0.011419999,0.01617,0.104,-0.953,Basic Materials,Basic Materials,Specialty Chemicals,2026-05-21
BORANA,8690363392.0,MICRO CAP,326.1499938964844,36.811512,3.090151,0.35007998,25.149,0.21213,0.16283001,0.301,0.186,Consumer Cyclical,Consumer Cyclical,Textile Manufacturing,2026-05-21
BOROLTD,27402309632.0,SMALL CAP,229.13999938964844,36.371426,3.2025604,0.088120006,16.696,0.05765,0.06092,0.08,-0.054,Consumer Cyclical,Consumer Cyclical,"Furnishings, Fixtures & Appliances",2026-05-21
BOROSCI,12837727232.0,SMALL CAP,144.3300018310547,79.74033,3.2258282,,2.192,0.10223,0.03543,0.196,1.042,Consumer Cyclical,Consumer Cyclical,Packaging & Containers,2026-05-21
BORORENEW,72161673216.0,SMALL CAP,514.4000244140625,54.26161,6.1330094,,22.805,0.25838,-0.04032,0.08,,Technology,Technology,Solar,2026-05-21
BOSCH-HCIL,210234081280.0,MID CAP,1376.0,303.75275,7.8365707,,37.841,-0.03255,0.00463,0.102,,Consumer Cyclical,Consumer Cyclical,"Furnishings, Fixtures & Appliances",2026-05-21
BPL,2668688896.0,MICRO CAP,54.4900016784668,,0.9435825,-0.037920002,71.883,-0.00883,-0.19145,-0.007,-0.375,Technology,Technology,Consumer Electronics,2026-05-21
BPCL,1274084851712.0,LARGE CAP,298.20001220703125,4.930556,1.3564534,0.28469,54.332,0.066199996,0.04912,0.222,0.28,Energy,Energy,Oil & Gas Refining & Marketing,2026-05-21
BRIGADE,163688677376.0,MID CAP,669.1500244140625,2478.3333,2.5226386,,75.557,0.21002,0.13083,0.076,-0.234,Real Estate,Real Estate,Real Estate - Development,2026-05-21
BOSCHLTD,1038028636160.0,LARGE CAP,35195.0,37.47458,6.992786,0.19353001,0.8,0.14367,0.13276,0.213,0.03,Consumer Cyclical,Consumer Cyclical,Auto Parts,2026-05-21
BRITANNIA,1279492358144.0,LARGE CAP,5312.0,50.55196,25.057903,0.53314,26.875,0.16267,0.13229,0.079,0.211,Consumer Defensive,Consumer Defensive,Packaged Foods,2026-05-21
BRNL,1704184960.0,MICRO CAP,20.299999237060547,6.1702127,0.16215222,,77.326,0.40245998,0.18107,-0.119,-0.847,Industrials,Industrials,Infrastructure Operations,2026-05-21
BRIGHOTEL,23143806976.0,SMALL CAP,60.93000030517578,36.267857,2.437005,0.11928,31.381,0.25156,0.11135,0.017,0.5,Consumer Cyclical,Consumer Cyclical,Lodging,2026-05-21
BROOKS,1485529088.0,MICRO CAP,50.43000030517578,6.8612247,1.2833694,,6.772,0.020469999,0.24315001,-0.569,,Healthcare,Healthcare,Drug Manufacturers - Specialty & Generic,2026-05-21
BSE,1715854770176.0,LARGE CAP,4224.89990234375,79.49012,21.823282,0.36003,0.0,0.67699,0.48729,1.051,0.64,Financial Services,Financial Services,Financial Data & Stock Exchanges,2026-05-21
BSOFT,89491505152.0,SMALL CAP,320.20001220703125,17.30811,2.414563,0.13656999,3.422,0.17045,0.09762,0.024,0.437,Technology,Technology,Information Technology Services,2026-05-21
BSL,1289505792.0,MICRO CAP,125.29000091552734,35.292957,1.0723487,0.01987,366.348,0.04176,0.00361,-0.048,,Consumer Cyclical,Consumer Cyclical,Textile Manufacturing,2026-05-21
BSHSL,10283853824.0,SMALL CAP,98.0,36.56716,7.670032,,24.979,0.08523,0.07942,-0.159,-0.129,Basic Materials,Basic Materials,Agricultural Inputs,2026-05-21
BTTL,,UNKNOWN,36.08000183105469,180.40001,1.249394,,,0.029240001,0.0555,2.068,,Consumer Cyclical,Consumer Cyclical,Textile Manufacturing,2026-05-21
BTML,1199205248.0,MICRO CAP,6.599999904632568,132.0,1.2658228,,32.08,0.08911,0.055689998,1.312,-0.071,Communication Services,Communication Services,Entertainment,2026-05-21
BUILDPRO,26475415552.0,SMALL CAP,1091.800048828125,,5.525248,,18.635,0.0312,0.0,0.291,0.388,Consumer Cyclical,Consumer Cyclical,Home Improvement Retail,2026-05-21
BUTTERFLY,12037408768.0,SMALL CAP,673.25,26.339985,3.232707,0.13085,2.054,0.059609998,0.04797,0.167,0.267,Consumer Cyclical,Consumer Cyclical,"Furnishings, Fixtures & Appliances",2026-05-21
BVCL,941800000.0,MICRO CAP,42.5,4250.0,0.76057196,,28.58,-0.01423,0.000120000004,-0.129,,Basic Materials,Basic Materials,Building Materials,2026-05-21
CADSYS,2000600064.0,MICRO CAP,200.0,,13.901439,,,,,,,Unknown,Unknown,Unknown,2026-05-21
CAMLINFINE,23485120512.0,SMALL CAP,122.26000213623047,,2.5674088,,78.095,0.0116,-0.034479998,0.055,,Basic Materials,Basic Materials,Specialty Chemicals,2026-05-21
BYKE,1860620288.0,MICRO CAP,35.59000015258789,32.354546,0.8117231,,45.915,0.15720999,0.05487,0.05,0.5,Consumer Cyclical,Consumer Cyclical,Lodging,2026-05-21
CAMPUS,72853422080.0,SMALL CAP,238.39999389648438,51.60173,9.134099,,48.005,0.14927,0.08177,0.143,0.362,Consumer Cyclical,Consumer Cyclical,Footwear & Accessories,2026-05-21
CALSOFT,1311999104.0,MICRO CAP,21.219999313354492,117.88888,3.1785498,0.32296002,3.905,0.88351,0.54057,6.05,33.642,Technology,Technology,Software - Application,2026-05-21
CAMS,192522764288.0,MID CAP,776.3499755859375,40.604076,14.570586,0.38694,4.863,0.39238,0.31394,0.11,0.106,Technology,Technology,Information Technology Services,2026-05-21
CANARYS,3094309632.0,MICRO CAP,54.1,38.920864,3.260804,,,,,,,Unknown,Unknown,Unknown,2026-05-21
CANBK,1161768992768.0,LARGE CAP,128.0800018310547,5.3455763,0.9875858,0.1757,,0.41737,0.32017,0.209,-0.098,Financial Services,Financial Services,Banks - Regional,2026-05-21
CAPACITE,18464831488.0,SMALL CAP,218.25,9.162469,0.9786205,,23.09,0.12592,0.07642,0.144,-0.034,Industrials,Industrials,Engineering & Construction,2026-05-21
CANHLIFE,131728826368.0,MID CAP,139.02999877929688,104.53383,8.128508,0.081099994,15.572,0.031489998,0.01081,-0.553,,Financial Services,Financial Services,Insurance - Life,2026-05-21
CANTABIL,18421278720.0,SMALL CAP,220.25,20.700188,3.8471615,0.21983999,113.826,0.20548001,0.11107001,0.173,0.302,Consumer Cyclical,Consumer Cyclical,Apparel Manufacturing,2026-05-21
CAPILLARY,41174433792.0,SMALL CAP,518.0999755859375,75.30523,2.0065062,0.06582,5.238,0.09712,0.07132,0.258,3.06,Technology,Technology,Software - Infrastructure,2026-05-21
CANFINHOME,112801521664.0,MID CAP,847.1500244140625,10.394479,1.8862022,0.19655001,637.09,0.80419,0.67294997,0.243,0.478,Financial Services,Financial Services,Mortgage Finance,2026-05-21
CAPITALSFB,12716300288.0,SMALL CAP,279.8999938964844,9.002894,0.88676965,0.099259995,,0.38409,0.28381002,0.689,0.167,Financial Services,Financial Services,Banks - Regional,2026-05-21
CAPTRUST,474256832.0,MICRO CAP,14.0,,0.39888313,,134.274,-0.1279,-1.2008001,-0.426,,Financial Services,Financial Services,Credit Services,2026-05-21
CAPLIPOINT,153155960832.0,MID CAP,2014.9000244140625,23.961233,4.36101,0.19939,0.127,0.30898002,0.29318002,0.19,0.193,Healthcare,Healthcare,Drug Manufacturers - Specialty & Generic,2026-05-21
CARTRADE,85728878592.0,SMALL CAP,1788.699951171875,40.186474,3.446967,0.09849,5.363,0.29896998,0.28617,0.198,0.573,Consumer Cyclical,Consumer Cyclical,Auto & Truck Dealerships,2026-05-21
CARERATING,51726630912.0,SMALL CAP,1721.4000244140625,30.322353,5.548268,0.19754,2.776,0.43565,0.36183998,0.192,0.235,Financial Services,Financial Services,Financial Data & Stock Exchanges,2026-05-21
CARBORUNIV,203447058432.0,MID CAP,1068.0,103.9922,5.1797643,0.043670002,10.292,0.07204,0.03689,0.168,,Industrials,Industrials,Conglomerates,2026-05-21
CARRARO,33258147840.0,SMALL CAP,585.0,29.545456,6.74546,,37.201,0.076469995,0.053790003,0.27,0.915,Consumer Cyclical,Consumer Cyclical,Auto Parts,2026-05-21
CARYSIL,29917353984.0,SMALL CAP,1051.8499755859375,33.402668,5.286661,,42.1,0.14674,0.10026,0.096,0.696,Consumer Cyclical,Consumer Cyclical,"Furnishings, Fixtures & Appliances",2026-05-21
CASTROLIND,180940144640.0,MID CAP,182.92999267578125,18.897726,9.521653,,3.305,0.19521,0.16386,0.087,0.038,Energy,Energy,Oil & Gas Refining & Marketing,2026-05-21
CBAZAAR,333610912.0,MICRO CAP,15.55,,6.904973,,,,,,,Unknown,Unknown,Unknown,2026-05-21
CCAVENUE,48420982784.0,SMALL CAP,13.90999984741211,17.833334,0.9649001,,1.811,0.03235,0.03665,1.225,0.13,Technology,Technology,Software - Infrastructure,2026-05-21
CCHHL,2223120384.0,MICRO CAP,13.600000381469727,26.666668,0.5755152,,7.499,-0.07033,0.08352,0.427,,Consumer Cyclical,Consumer Cyclical,Lodging,2026-05-21
CCL,146771263488.0,MID CAP,1101.9000244140625,37.80103,6.2590885,0.18002,56.487,0.12503,0.08691,0.464,0.124,Consumer Defensive,Consumer Defensive,Packaged Foods,2026-05-21
CCCL,7148151296.0,MICRO CAP,16.0,9.039548,3.8295836,0.26556998,0.108,-0.08659001,0.21561001,1.295,,Industrials,Industrials,Engineering & Construction,2026-05-21
CDSL,252743712768.0,MID CAP,1209.300048828125,55.47248,12.896587,0.23913,0.11,0.38924998,0.36830002,0.055,-0.199,Financial Services,Financial Services,Capital Markets,2026-05-21
CEATLTD,128580526080.0,MID CAP,3187.300048828125,18.464258,2.1913116,0.14787,64.742,0.096870005,0.04452,0.233,1.832,Consumer Cyclical,Consumer Cyclical,Auto Parts,2026-05-21
CEIGALL,57252425728.0,SMALL CAP,328.6499938964844,18.52593,2.6262167,0.15484,61.085,0.14947,0.07754,0.371,0.788,Industrials,Industrials,Engineering & Construction,2026-05-21
CEINSYS,19168428032.0,SMALL CAP,915.5,15.376218,2.4918141,0.24595,8.43,0.23495,0.19687,0.222,0.681,Industrials,Industrials,Engineering & Construction,2026-05-21
CELEBRITY,495731264.0,MICRO CAP,7.679999828338623,,4.1716456,-1.0420899,605.198,-0.00183,-0.09114,-0.151,,Consumer Cyclical,Consumer Cyclical,Apparel Manufacturing,2026-05-21
CELLECOR,62865342464.0,SMALL CAP,288.8,199.1724,31.374252,,,,,,,Unknown,Unknown,Unknown,2026-05-21
CEMPRO,149721464832.0,MID CAP,871.5499877929688,31.889864,6.2381454,0.28208,37.711,0.1073,0.05941,0.199,1.134,Industrials,Industrials,Engineering & Construction,2026-05-21
CELLPOINT,637178944.0,MICRO CAP,34.1,28.65546,0.8577321,,,,,,,Unknown,Unknown,Unknown,2026-05-21
CELLO,85537734656.0,SMALL CAP,387.25,27.680487,3.7376456,,0.221,0.17953,0.13387999,0.002,-0.278,Consumer Cyclical,Consumer Cyclical,"Furnishings, Fixtures & Appliances",2026-05-21
CENTENKA,10025049088.0,SMALL CAP,458.79998779296875,14.700417,0.69812596,,2.535,0.06627,0.040939998,-0.166,0.697,Consumer Cyclical,Consumer Cyclical,Textile Manufacturing,2026-05-21
CENTEXT,1600000000.0,MICRO CAP,20.0,15.037594,1.7930787,,63.677,0.05688,0.023440002,0.183,0.161,Basic Materials,Basic Materials,Aluminum,2026-05-21
CENTRALBK,307566608384.0,MID CAP,33.97999954223633,6.796,0.7923331,0.11914,,0.34407002,0.24420999,0.448,-0.354,Financial Services,Financial Services,Banks - Regional,2026-05-21
CENTUM,47421743104.0,SMALL CAP,3217.0,,11.375208,0.28000998,37.984,0.14709,-0.053489998,-0.057,-0.945,Technology,Technology,Electronic Components,2026-05-21
CENTRUM,12196749312.0,SMALL CAP,23.600000381469727,,2.2113943,,307.801,-1.09132,-0.22763,-0.094,,Financial Services,Financial Services,Financial Conglomerates,2026-05-21
CENTURYPLY,168173846528.0,MID CAP,756.9500122070312,70.80917,6.8186936,,66.141,0.09031,0.04646,0.184,0.091,Basic Materials,Basic Materials,Lumber & Wood Production,2026-05-21
CESC,239411281920.0,MID CAP,180.60000610351562,15.529665,1.8812562,0.12547,164.311,0.123050004,0.08304,0.056,0.178,Utilities,Utilities,Utilities - Regulated Electric,2026-05-21
CEREBRAINT,382949280.0,MICRO CAP,3.1600000858306885,,0.25133222,,29.8,-25.227428,0.0,-0.924,,Industrials,Industrials,Waste Management,2026-05-21
CERA,75423842304.0,SMALL CAP,5850.0,37.00658,5.124719,0.14376001,3.172,0.20216,0.09709,0.2,-0.097,Industrials,Industrials,Building Products & Equipment,2026-05-21
CEWATER,5799084544.0,MICRO CAP,280.20001220703125,10.159536,1.0547594,,30.084,0.00037999998,0.08512,0.014,,Utilities,Utilities,Utilities - Regulated Water,2026-05-21
CGRAPHICS,4330193920.0,MICRO CAP,178.3,17.446184,3.6389241,,,,,,,Unknown,Unknown,Unknown,2026-05-21
CGCL,179653394432.0,MID CAP,186.72000122070312,18.468843,2.4989963,0.16496,334.728,0.39968,0.33626,0.72,0.371,Financial Services,Financial Services,Credit Services,2026-05-21
CGPOWER,1362574311424.0,LARGE CAP,865.1500244140625,112.64974,17.099854,0.19561,1.444,0.121190004,0.09714,0.25,0.305,Industrials,Industrials,Electrical Equipment & Parts,2026-05-21
CHAMBLFERT,179572359168.0,MID CAP,448.20001220703125,9.190076,1.7231371,0.20451,10.274,0.06886,0.09380999,0.149,0.302,Basic Materials,Basic Materials,Agricultural Inputs,2026-05-21
CHALET,,UNKNOWN,804.1500244140625,27.314878,4.7587347,0.19132,64.041,0.38256,0.22938,0.085,0.313,Consumer Cyclical,Consumer Cyclical,Lodging,2026-05-21
CHEMBONDCH,5002763264.0,MICRO CAP,186.0,15.617128,2.418191,0.18198,,0.13993,0.105909996,,,Basic Materials,Basic Materials,Specialty Chemicals,2026-05-21
CHAVDA,3843870208.0,MICRO CAP,155.9,19.4875,3.1973584,,,,,,,Unknown,Unknown,Unknown,2026-05-21
CHEMBOND,2270743552.0,MICRO CAP,168.85000610351562,17.792414,1.3608705,0.07979,2.49,0.05612,0.051,,,Basic Materials,Basic Materials,Specialty Chemicals,2026-05-21
CHEMFAB,6050610176.0,MICRO CAP,420.95001220703125,,1.5982064,-0.00907,33.498,0.00758,-0.01102,-0.19,,Basic Materials,Basic Materials,Specialty Chemicals,2026-05-21
CHEMICAL,,UNKNOWN,29.270000457763672,,,,,0.0,0.0,,,,,,2026-05-21
CHEMPLASTS,36295630848.0,SMALL CAP,229.55999755859375,,1.8691832,,96.728,-0.13163,-0.07008,-0.21,,Basic Materials,Basic Materials,Chemicals,2026-05-21
CHEMCON,6489128448.0,MICRO CAP,177.14999389648438,30.648787,1.2647066,,0.051,0.06677,0.09648,0.054,-0.421,Basic Materials,Basic Materials,Specialty Chemicals,2026-05-21
CHENNPETRO,153304285184.0,MID CAP,1029.5,4.9421535,1.3800175,0.32126,17.68,0.11215,0.04875,-0.025,2.025,Energy,Energy,Oil & Gas Refining & Marketing,2026-05-21
CHOICEIN,150864248832.0,MID CAP,677.2000122070312,60.24911,8.010883,0.16240999,49.768,0.30106002,0.20622998,0.218,0.153,Financial Services,Financial Services,Capital Markets,2026-05-21
CHEVIOT,7243924992.0,MICRO CAP,1240.0,10.34713,1.0373609,,1.473,0.097959995,0.12958999,0.285,4.039,Consumer Cyclical,Consumer Cyclical,Textile Manufacturing,2026-05-21
CHOLAFIN,1289737207808.0,LARGE CAP,1513.199951171875,24.477514,4.2283983,0.19334999,693.261,0.56111,0.39784,0.241,0.291,Financial Services,Financial Services,Credit Services,2026-05-21
CHOLAHLDNG,303448358912.0,MID CAP,1616.0,12.429813,1.9637173,0.18035,621.271,0.36185002,0.096920006,0.182,0.12,Financial Services,Financial Services,Credit Services,2026-05-21
CIEINDIA,176024141824.0,MID CAP,464.0,20.333042,2.3598459,,5.71,0.11777,0.05728,0.149,0.208,Consumer Cyclical,Consumer Cyclical,Auto Parts,2026-05-21
CIFL,10011040768.0,SMALL CAP,25.600000381469727,24.615385,1.4858669,,100.828,0.11066,0.065120004,-0.038,,Financial Services,Financial Services,Credit Services,2026-05-21
CINELINE,2772497152.0,MICRO CAP,80.91000366210938,,1.7855804,0.077259995,77.936,0.10831001,0.047,0.154,,Communication Services,Communication Services,Entertainment,2026-05-21
CLEAN,81466859520.0,SMALL CAP,766.5499877929688,35.504864,5.146669,0.15309,0.135,0.30842,0.23219,-0.044,-0.214,Basic Materials,Basic Materials,Specialty Chemicals,2026-05-21
CIGNITITEC,,UNKNOWN,1260.1,11.531985,3.0759804,,1.799,0.17087,0.13656999,0.122,0.26,Technology,Technology,Information Technology Services,2026-05-21
CIPLA,1133263454208.0,LARGE CAP,1402.9000244140625,29.26977,3.4424374,0.11736,1.778,0.09498999,0.13999,-0.038,-0.546,Healthcare,Healthcare,Drug Manufacturers - Specialty & Generic,2026-05-21
CINEVISTA,910368192.0,MICRO CAP,15.850000381469727,,1.8019556,,27.129,0.41814,-0.73116994,-0.364,,Communication Services,Communication Services,Entertainment,2026-05-21
CLEANMAX,140986744832.0,MID CAP,1204.199951171875,135.0,4.580867,,303.243,0.36019,0.03372,0.13,9.72,Utilities,Utilities,Utilities - Renewable,2026-05-21
CLSL,828718976.0,MICRO CAP,48.35,12.209596,0.7954134,,,,,,,Unknown,Unknown,Unknown,2026-05-21
CLEDUCATE,2385854208.0,MICRO CAP,44.0,,0.93214417,-0.08287,108.961,-0.01798,-0.04538,0.316,,Consumer Defensive,Consumer Defensive,Education & Training Services,2026-05-21
CMNL,1639957120.0,MICRO CAP,67.95,16.736452,1.6887442,,,,,,,Unknown,Unknown,Unknown,2026-05-21
CMPDI,,UNKNOWN,240.6699981689453,28.017462,7.527524,0.28355,0.064,0.27634,0.2647,0.117,-0.322,Basic Materials,Basic Materials,Other Industrial Metals & Mining,2026-05-21
CMRSL,424560000.0,MICRO CAP,145.0,14.826177,2.0880735,,,,,,,Unknown,Unknown,Unknown,2026-05-21
CLSEL,13122590720.0,SMALL CAP,263.8999938964844,12.987205,1.7247915,,8.804,0.11557,0.07329,0.09,0.242,Consumer Defensive,Consumer Defensive,Packaged Foods,2026-05-21
CMSINFO,50313232384.0,SMALL CAP,305.6000061035156,16.726875,2.1541302,0.12913,9.102,0.16094999,0.12198,0.022,-0.181,Industrials,Industrials,Specialty Business Services,2026-05-21
CNL,9879471104.0,MICRO CAP,657.9000244140625,17.128353,2.9968026,0.20183,83.725,0.03909,0.02587,0.831,1.571,Technology,Technology,Electronics & Computer Distribution,2026-05-21
COALINDIA,2851494428672.0,MEGA CAP,462.70001220703125,9.16964,2.3939364,0.28124002,11.629,0.20922,0.18465,0.162,0.129,Energy,Energy,Thermal Coal,2026-05-21
COCHINSHIP,406091497472.0,MID CAP,1543.5999755859375,56.56284,7.1229815,0.12517,28.466,0.26492,0.13196,-0.066,-0.038,Industrials,Industrials,Aerospace & Defense,2026-05-21
COCKERILL,,UNKNOWN,5437.5,261.41827,12.669805,,2.531,0.03112,0.0425,3.631,,Industrials,Industrials,Metal Fabrication,2026-05-21
COASTCORP,3918837760.0,MICRO CAP,58.5099983215332,25.219828,1.4387586,,153.742,0.03936,0.01928,0.649,2.63,Consumer Defensive,Consumer Defensive,Packaged Foods,2026-05-21
COFFEEDAY,5175666688.0,MICRO CAP,24.5,13.687151,0.1985188,,38.774,-0.029679999,0.03385,0.07,,Consumer Cyclical,Consumer Cyclical,Restaurants,2026-05-21
COHANCE,161980465152.0,MID CAP,423.0,90.77254,4.264414,,11.486,0.0889,0.056199998,0.773,-0.703,Healthcare,Healthcare,Drug Manufacturers - Specialty & Generic,2026-05-21
COLPAL,592466345984.0,LARGE CAP,2178.300048828125,44.701416,37.446495,,3.791,0.27304,0.22483,0.017,0.003,Consumer Defensive,Consumer Defensive,Household & Personal Products,2026-05-21
COFORGE,596452900864.0,LARGE CAP,1387.0999755859375,31.60401,4.884791,0.18596001,7.518,0.16555999,0.094840005,0.305,1.34,Technology,Technology,Information Technology Services,2026-05-21
COMFINTE,,UNKNOWN,7.03000020980835,,1.1046512,,10.439,0.01819,-0.02329,0.054,,,,,2026-05-21
COMPINFO,122245320.0,MICRO CAP,1.399999976158142,,-0.040547974,,292.783,-0.35296002,0.0,-0.698,,Technology,Technology,Electronics & Computer Distribution,2026-05-21
COMPUSOFT,1060277440.0,MICRO CAP,13.399999618530273,39.411762,0.7254615,,32.821,-0.036930002,0.07374,0.104,,Consumer Defensive,Consumer Defensive,Education & Training Services,2026-05-21
COMMITTED,608504768.0,MICRO CAP,53.1,5.867403,0.71541166,,,,,,,Unknown,Unknown,Unknown,2026-05-21
COMSYN,6373593600.0,MICRO CAP,158.0,23.269514,3.883018,,67.103,0.096020006,0.073,0.127,0.625,Consumer Cyclical,Consumer Cyclical,Packaging & Containers,2026-05-21
CONCOR,382027563008.0,MID CAP,501.6000061035156,29.874924,2.9874213,,7.016,0.15624,0.14035,0.045,-0.089,Industrials,Industrials,Railroads,2026-05-21
CONFIPET,20047425536.0,SMALL CAP,60.34000015258789,23.755905,1.4371115,,55.384,0.03101,0.01911,0.999,-0.315,Energy,Energy,Oil & Gas Refining & Marketing,2026-05-21
CONCORDBIO,116803993600.0,MID CAP,1116.5,37.605255,6.4419904,,0.088,0.28885,0.2697,0.137,-0.163,Healthcare,Healthcare,Biotechnology,2026-05-21
CONSUMER,,UNKNOWN,10.949999809265137,39.328644,,,,,,,,Unknown,Unknown,Unknown,2026-05-21
CONSOFINVT,7557904384.0,MICRO CAP,233.8000030517578,11.946857,0.7278048,,,0.98898005,0.89956003,-0.214,-0.214,Financial Services,Financial Services,Capital Markets,2026-05-21
CONTI,471264128.0,MICRO CAP,37.1,25.763887,1.6514578,,,,,,,Unknown,Unknown,Unknown,2026-05-21
CONS,,UNKNOWN,11.65999984741211,36.64246,,,,,,,,Unknown,Unknown,Unknown,2026-05-21
CONTROLPR,10015576064.0,SMALL CAP,626.2000122070312,10.109784,2.2298028,,1.652,0.11034001,0.21332,0.15,-0.364,Industrials,Industrials,Business Equipment & Supplies,2026-05-21
CORALFINAC,1321912960.0,MICRO CAP,32.79999923706055,9.162011,0.61364615,,,0.85666,0.70418,0.247,0.603,Real Estate,Real Estate,Real Estate Services,2026-05-21
CORONA,,UNKNOWN,1722.0,56.812935,14.104581,0.2736,22.072,0.14651,0.13193,0.202,0.436,Healthcare,Healthcare,Drug Manufacturers - General,2026-05-21
COOLCAPS,46952464384.0,SMALL CAP,343.0,329.8077,134.29915,,,,,,,Unknown,Unknown,Unknown,2026-05-21
CORDSCABLE,2620202240.0,MICRO CAP,202.67999267578125,15.602771,1.3943985,,57.801,0.05114,0.01831,0.147,0.047,Industrials,Industrials,Electrical Equipment & Parts,2026-05-21
COROMANDEL,555544084480.0,LARGE CAP,1885.0,28.45283,4.4219346,0.15587,11.469,0.05381,0.062140003,0.204,-0.758,Basic Materials,Basic Materials,Agricultural Inputs,2026-05-21
COUNCODOS,387986496.0,MICRO CAP,5.0,71.42857,1.3520823,,0.046,0.022219999,0.03066,-0.096,-0.667,Real Estate,Real Estate,Real Estate - Development,2026-05-21
COSMOFIRST,21440139264.0,SMALL CAP,825.9500122070312,14.754377,1.3853526,,110.979,0.03627,0.043449998,0.283,0.005,Consumer Cyclical,Consumer Cyclical,Packaging & Containers,2026-05-21
CPCAP,1738005120.0,MICRO CAP,95.5,4.134199,0.31493104,,14.352,0.8007,0.57638,-0.257,-0.06,Financial Services,Financial Services,Credit Services,2026-05-21
CPEDU,3438465536.0,MICRO CAP,189.0,16.167665,,,,0.0,0.0,,,Consumer Defensive,Consumer Defensive,Education & Training Services,2026-05-21
CRAFTSMAN,205611286528.0,MID CAP,8619.0,53.464424,6.2995315,0.12547,111.011,0.13192001,0.04723,0.308,0.744,Consumer Cyclical,Consumer Cyclical,Auto Parts,2026-05-21
CPPLUS,287319490560.0,MID CAP,2438.0,112.87037,17.23285,,8.041,0.11205,0.067210004,0.373,1.235,Industrials,Industrials,Building Products & Equipment,2026-05-21
CPS,630611456.0,MICRO CAP,285.2,365.64105,4.2324586,,,,,,,Unknown,Unknown,Unknown,2026-05-21
CRAMC,47580999680.0,SMALL CAP,238.60000610351562,23.369246,6.3923273,0.30286,2.358,0.56520003,0.44826,0.029,-0.01,Financial Services,Financial Services,Asset Management,2026-05-21
CREDITACC,207367634944.0,MID CAP,1295.4000244140625,154.03091,2.6456442,0.105100006,301.484,0.56672,0.18677999,1.259,6.162,Financial Services,Financial Services,Credit Services,2026-05-21
CRAYONS,3029319936.0,MICRO CAP,124.0,28.246014,2.5318522,,,,,,,Unknown,Unknown,Unknown,2026-05-21
CREATIVEYE,138401920.0,MICRO CAP,6.900000095367432,,0.692493,,,-0.93447,0.0,,,Communication Services,Communication Services,Entertainment,2026-05-21
CROMPTON,190752522240.0,MID CAP,291.8500061035156,,5.5065002,,4.826,0.0799,0.058590002,0.073,-0.105,Consumer Cyclical,Consumer Cyclical,"Furnishings, Fixtures & Appliances",2026-05-21
CRIZAC,36392857600.0,SMALL CAP,207.97999572753906,18.958979,6.071345,,0.014,0.21211,0.19371,0.28,0.154,Consumer Defensive,Consumer Defensive,Education & Training Services,2026-05-21
CRISIL,305259315200.0,MID CAP,4174.2001953125,36.420906,10.063139,,9.785,0.26393,0.2156,0.301,0.459,Financial Services,Financial Services,Financial Data & Stock Exchanges,2026-05-21
CREST,9866517504.0,MICRO CAP,349.04998779296875,20.851254,0.778721,,15.576,0.55908,0.27163,-0.199,-0.233,Financial Services,Financial Services,Financial Conglomerates,2026-05-21
CROWN,1380471296.0,MICRO CAP,123.0,15.0366745,1.824655,0.12745,74.87,0.36983,0.20867,0.094,-0.403,Industrials,Industrials,Rental & Leasing Services,2026-05-21
CSLFINANCE,5037421056.0,MICRO CAP,224.00999450683594,6.0072403,0.87907386,,137.222,0.73344004,0.35037,0.2,0.261,Financial Services,Financial Services,Credit Services,2026-05-21
CSBBANK,61783052288.0,SMALL CAP,364.54998779296875,9.990408,1.2921394,0.13483,,0.36215,0.2378,0.079,0.058,Financial Services,Financial Services,Banks - Regional,2026-05-21
CTE,598699008.0,MICRO CAP,31.100000381469727,,0.90228623,,117.654,0.078590006,-0.05007,-0.093,,Technology,Technology,Information Technology Services,2026-05-21
CUB,187295940608.0,MID CAP,252.0500030517578,14.136288,1.8817285,0.13241,,0.48056,0.37617,0.236,0.251,Financial Services,Financial Services,Banks - Regional,2026-05-21
CUMMINSIND,1502146854912.0,LARGE CAP,5419.0,66.9095,19.02692,,0.308,0.22917,0.19322,-0.013,-0.13,Industrials,Industrials,Specialty Industrial Machinery,2026-05-21
CUPID,162824962048.0,MID CAP,121.08999633789062,153.27847,42.59233,0.27297002,12.506,0.36597002,0.27653,1.338,2.142,Consumer Defensive,Consumer Defensive,Household & Personal Products,2026-05-21
CURAA,857736000.0,MICRO CAP,86.63999938964844,,10.88579,,55.07,0.14262,-0.68138003,,,Technology,Technology,Software - Application,2026-05-21
CUBEXTUB,1331378304.0,MICRO CAP,92.9800033569336,15.866895,1.6855502,0.093660004,52.119,0.02391,0.02516,0.126,-0.404,Basic Materials,Basic Materials,Copper,2026-05-21
CYBERMEDIA,363062016.0,MICRO CAP,17.43000030517578,7.232365,-3.7172105,,216.303,0.056199998,0.03777,0.304,,Communication Services,Communication Services,Publishing,2026-05-21
CYBERTECH,4509266432.0,MICRO CAP,144.85000610351562,13.70388,2.124243,0.13231,3.889,0.14446001,0.11569,0.093,-0.263,Technology,Technology,Information Technology Services,2026-05-21
CYIENTDLM,32948129792.0,SMALL CAP,415.1499938964844,44.88108,3.2526343,0.07472,17.021,0.08719,0.05809,-0.138,-0.275,Technology,Technology,Electronic Components,2026-05-21
CYIENT,99781255168.0,SMALL CAP,903.5,23.431015,1.7568456,0.077659994,6.995,0.09528,0.058870003,0.009,-0.679,Industrials,Industrials,Conglomerates,2026-05-21
DALMIASUG,28247816192.0,SMALL CAP,349.0,11.980776,0.87633616,0.07285,55.74,0.13453001,0.06542,-0.027,-0.498,Consumer Defensive,Consumer Defensive,Confectioners,2026-05-21
DALBHARAT,323081273344.0,MID CAP,1721.0,28.324556,1.8187332,0.06501,40.865,0.1265,0.07694,0.038,-0.108,Basic Materials,Basic Materials,Building Materials,2026-05-21
DABUR,792130027520.0,LARGE CAP,446.6000061035156,41.973682,6.9304776,0.16239999,10.907,0.11179,0.14364,0.073,0.152,Consumer Defensive,Consumer Defensive,Household & Personal Products,2026-05-21
DAMCAPITAL,10848180224.0,SMALL CAP,153.47000122070312,13.403494,3.4998062,,1.278,0.39832002,0.34159002,-0.346,-0.61,Financial Services,Financial Services,Capital Markets,2026-05-21
DAICHI,,UNKNOWN,254.0,,1.0269556,,6.679,-0.07405,0.02803,-0.071,,,,,2026-05-21
DAMODARIND,733251008.0,MICRO CAP,31.469999313354492,8.1317835,0.49929398,0.03682,113.3,0.04603,0.01222,0.346,-0.801,Consumer Cyclical,Consumer Cyclical,Textile Manufacturing,2026-05-21
DATAMATICS,47421054976.0,SMALL CAP,802.2999877929688,24.349012,3.2600965,,12.851,0.14554,0.09916,0.199,-0.51,Technology,Technology,Information Technology Services,2026-05-21
DANGEE,498879040.0,MICRO CAP,3.240000009536743,,2.98893,,121.846,0.07442,-0.017549999,0.153,1.355,Consumer Cyclical,Consumer Cyclical,Restaurants,2026-05-21
DATAPATTNS,218673381376.0,MID CAP,3906.0,80.85282,12.60057,0.1673,0.304,0.54951,0.28483,-0.115,0.212,Industrials,Industrials,Aerospace & Defense,2026-05-21
DAVANGERE,6077460992.0,MICRO CAP,4.25,85.0,0.12346396,,46.8,0.12372,0.040120002,0.13,,Consumer Defensive,Consumer Defensive,Confectioners,2026-05-21
DBCORP,36905820160.0,SMALL CAP,207.0500030517578,11.119763,1.5191201,0.14269,10.796,0.1368,0.14095001,0.047,0.191,Communication Services,Communication Services,Publishing,2026-05-21
DBL,70858440704.0,SMALL CAP,436.20001220703125,5.0685573,0.8363789,0.22893,115.513,0.16328,0.1371,-0.238,-0.722,Industrials,Industrials,Engineering & Construction,2026-05-21
DBEIL,3576012544.0,MICRO CAP,76.7699966430664,10.127968,0.83608323,,35.454,0.0795,0.067,0.274,-0.703,Industrials,Industrials,Engineering & Construction,2026-05-21
DBREALTY,62376779776.0,SMALL CAP,115.0,59.278347,1.5021095,,24.791,0.17354,0.03418,1.414,13.375,Real Estate,Real Estate,Real Estate - Development,2026-05-21
DBSTOCKBRO,1039150016.0,MICRO CAP,29.690000534057617,33.35955,1.3526813,,3.583,0.18462,0.14595,-0.287,-0.167,Financial Services,Financial Services,Capital Markets,2026-05-21
DBOL,6955439616.0,MICRO CAP,105.69999694824219,29.691011,0.7293176,,58.445,0.056199998,0.01166,-0.118,,Consumer Defensive,Consumer Defensive,Farm Products,2026-05-21
DCAL,34029770752.0,SMALL CAP,217.0500030517578,28.634565,0.50842816,0.015579999,46.07,0.10438,0.03262,0.211,-0.495,Healthcare,Healthcare,Biotechnology,2026-05-21
DCBBANK,58122256384.0,SMALL CAP,180.5500030517578,7.9119196,0.8891592,0.11968,,0.34235,0.24443,0.124,0.134,Financial Services,Financial Services,Banks - Regional,2026-05-21
DCM,1552120832.0,MICRO CAP,83.0999984741211,29.157896,3.2440662,,2.73,-0.08314,0.0766,0.02,,Industrials,Industrials,Metal Fabrication,2026-05-21
DCG,2534591488.0,MICRO CAP,139.65,31.311657,2.9783738,,,,,,,Unknown,Unknown,Unknown,2026-05-21
DCI,4890480128.0,MICRO CAP,298.20001220703125,24.933111,5.3635025,,72.74,0.051209997,0.02874,0.461,0.558,Technology,Technology,Electronics & Computer Distribution,2026-05-21
DCMNVL,2809133312.0,MICRO CAP,150.39999389648438,38.075947,0.85466677,0.00493,98.359,0.0424,0.0035100002,-0.064,-0.165,Consumer Cyclical,Consumer Cyclical,Textile Manufacturing,2026-05-21
DCMSHRIRAM,171864195072.0,MID CAP,1109.9000244140625,20.294388,2.2454066,0.11617,37.802,0.07656,0.059019998,0.189,1.067,Industrials,Industrials,Conglomerates,2026-05-21
DCMFINSERV,108855264.0,MICRO CAP,4.920000076293945,,-0.21921226,,,-0.8706,-2.12451,-0.864,,Financial Services,Financial Services,Credit Services,2026-05-21
DCMSRIND,3700647680.0,MICRO CAP,42.540000915527344,3.1722596,0.40405387,,33.1,0.07095,0.03632,-0.476,-0.507,Consumer Defensive,Consumer Defensive,Confectioners,2026-05-21
DCMSIL,5393515520.0,MICRO CAP,62.0,,,,,0.05639,0.0,-0.187,-0.744,Industrials,Industrials,Industrial Distribution,2026-05-21
DCXINDIA,22306244608.0,SMALL CAP,200.25999450683594,169.71187,1.5382961,,0.242,-0.02604,0.01224,-0.395,,Industrials,Industrials,Aerospace & Defense,2026-05-21
DDEVPLSTIK,24477405184.0,SMALL CAP,236.5500030517578,12.301092,2.6740296,,5.001,0.09672,0.06814,0.109,0.031,Basic Materials,Basic Materials,Specialty Chemicals,2026-05-21
DCW,13872285696.0,SMALL CAP,47.0,28.834356,1.3051205,0.04571,26.985,0.062649995,0.02247,0.132,0.564,Basic Materials,Basic Materials,Chemicals,2026-05-21
DEEM,817052672.0,MICRO CAP,98.0,28.16092,0.96527,,,,,,,Unknown,Unknown,Unknown,2026-05-21
DECCANCE,8468233728.0,MICRO CAP,604.5499877929688,26.597008,1.1356314,,101.902,0.0247,0.05884,0.133,,Basic Materials,Basic Materials,Building Materials,2026-05-21
DEEDEV,31573696512.0,SMALL CAP,455.8500061035156,38.371212,3.785658,,69.855,0.118319996,0.0758,0.77,,Industrials,Industrials,Metal Fabrication,2026-05-21
DEEPAKNTR,248289886208.0,MID CAP,1820.4000244140625,45.160007,4.4985914,0.09751,27.903,0.15055999,0.06928,-0.024,0.085,Basic Materials,Basic Materials,Chemicals,2026-05-21
DEEPAKFERT,171477745664.0,MID CAP,1357.0,19.590012,2.629361,,62.046,0.08648,0.0784,0.097,-0.436,Basic Materials,Basic Materials,Chemicals,2026-05-21
DEEPINDS,30121598976.0,SMALL CAP,470.6499938964844,,1.509108,0.09786,9.61,0.26648,0.18739,0.487,,Energy,Energy,Oil & Gas E&P,2026-05-21
DELAPLEX,2451501056.0,MICRO CAP,269.1,18.80503,2.9770665,,,,,,,Unknown,Unknown,Unknown,2026-05-21
DEFENCE,,UNKNOWN,75.37999725341797,,,,,0.0,0.0,,,,,,2026-05-21
DELHIVERY,340404404224.0,MID CAP,454.6499938964844,226.19403,3.5029933,0.01596,15.098,0.01086,0.014529999,0.3,-0.006,Industrials,Industrials,Integrated Freight & Logistics,2026-05-21
DELPHIFX,2599838464.0,MICRO CAP,10.600000381469727,58.88889,0.52132004,0.022079999,2547.188,0.0064600003,0.00301,-0.198,0.0,Financial Services,Financial Services,Capital Markets,2026-05-21
DEN,13163507712.0,SMALL CAP,27.610000610351562,7.933908,0.3458253,0.04425,0.524,-0.02174,0.17015,-0.03,-0.377,Communication Services,Communication Services,Entertainment,2026-05-21
DELTAMAGNT,673312000.0,MICRO CAP,62.04999923706055,,6.785128,,308.765,0.0088599995,-0.15836,0.028,,Consumer Cyclical,Consumer Cyclical,Textile Manufacturing,2026-05-21
DELTACORP,19448215552.0,SMALL CAP,72.62999725341797,22.768024,0.8698516,0.0347,2.175,0.09247,0.12389,-0.117,-0.901,Consumer Cyclical,Consumer Cyclical,Resorts & Casinos,2026-05-21
DENEERS,1712673536.0,MICRO CAP,199.0,10.85652,2.1708302,,,,,,,Unknown,Unknown,Unknown,2026-05-21
DENORA,3843451136.0,MICRO CAP,724.0,42.363956,3.0223336,0.07259,,-0.12732,0.07445,0.07,,Industrials,Industrials,Electrical Equipment & Parts,2026-05-21
DENTA,7235700224.0,MICRO CAP,271.0,11.043195,1.6580399,,3.104,0.32419997,0.26182,0.042,-0.312,Industrials,Industrials,Engineering & Construction,2026-05-21
DENTALKART,9018726400.0,MICRO CAP,563.1,59.5873,5.5722127,,,,,,,Unknown,Unknown,Unknown,2026-05-21
DEVIT,1694856832.0,MICRO CAP,30.06999969482422,2.5268908,1.3149954,,18.23,-0.16874,0.36283,-0.075,,Technology,Technology,Information Technology Services,2026-05-21
DESTINY,491646624.0,MICRO CAP,31.95,12.24138,1.1819326,,,,,,,Unknown,Unknown,Unknown,2026-05-21
DEVX,3580444416.0,MICRO CAP,39.70000076293945,220.55556,1.4766049,,177.212,0.15212,0.0072500003,0.19,,Real Estate,Real Estate,Real Estate Services,2026-05-21
DGCONTENT,1624627712.0,MICRO CAP,28.0,26.666668,4.236006,0.025209999,265.556,0.04698,0.00164,0.041,-0.86,Communication Services,Communication Services,Internet Content & Information,2026-05-21
DEVYANI,142244265984.0,MID CAP,115.37000274658203,,9.033041,-0.025880001,203.327,0.04217,-0.0068300003,0.197,,Consumer Cyclical,Consumer Cyclical,Restaurants,2026-05-21
DHAMPURSUG,9320585216.0,MICRO CAP,144.94000244140625,13.816969,0.8250181,,44.818,0.08757,0.03265,0.095,0.779,Consumer Defensive,Consumer Defensive,Confectioners,2026-05-21
DHANBANK,13052690432.0,SMALL CAP,33.06999969482422,12.719231,0.88707083,0.07162,,0.35627,0.13948,0.337,0.298,Financial Services,Financial Services,Banks - Regional,2026-05-21
DHANLAXMI,898040000.0,MICRO CAP,55.0,8.396946,1.775167,,22.006,0.23196,0.13361,-0.76,-0.585,Consumer Defensive,Consumer Defensive,Farm Products,2026-05-21
DHANUKA,52435103744.0,SMALL CAP,1163.199951171875,7.4378157,3.3970473,,2.063,0.10344,0.13392,-0.079,-0.276,Basic Materials,Basic Materials,Agricultural Inputs,2026-05-21
DHARMAJ,9023878144.0,MICRO CAP,267.0,18.723701,2.03048,,31.256,0.0128999995,0.04329,0.086,-0.371,Basic Materials,Basic Materials,Agricultural Inputs,2026-05-21
DHTL,329051136.0,MICRO CAP,104.7,,4.0139546,,,,,,,Unknown,Unknown,Unknown,2026-05-21
DHRUV,587963584.0,MICRO CAP,31.0,,0.57779765,,22.271,5.39394,-0.4241,,,Industrials,Industrials,Engineering & Construction,2026-05-21
DHUNINV,5252718592.0,MICRO CAP,861.5,,0.19377862,,15.416,-0.47463,-0.077989995,-0.519,,Financial Services,Financial Services,Capital Markets,2026-05-21
DIACABS,103286333440.0,MID CAP,196.0,98.49246,-14.350564,,,0.12921,0.06797,0.542,6.833,Industrials,Industrials,Specialty Industrial Machinery,2026-05-21
DIAMONDYD,23545892864.0,SMALL CAP,984.75,239.59853,3.3877578,0.01398,6.454,0.00884,0.00563,0.049,,Consumer Defensive,Consumer Defensive,Packaged Foods,2026-05-21
DIAMINESQ,2541497600.0,MICRO CAP,252.8000030517578,,1.6043358,-0.08021,5.197,-0.30907,-0.30136,-0.431,,Basic Materials,Basic Materials,Chemicals,2026-05-21
DIGIDRIVE,844779584.0,MICRO CAP,21.959999084472656,6.7987614,0.29836145,,0.391,-0.07587,0.26571,-0.185,3.774,Consumer Cyclical,Consumer Cyclical,Internet Retail,2026-05-21
DIGIKORE,6324567552.0,MICRO CAP,499.35,25.030075,15.449708,,,,,,,Unknown,Unknown,Unknown,2026-05-21
DIGISPICE,3897141248.0,MICRO CAP,18.700000762939453,69.25926,1.9368204,0.097550005,35.372,0.059310004,0.03878,-0.067,,Financial Services,Financial Services,Financial Conglomerates,2026-05-21
DICIND,4704225792.0,MICRO CAP,512.5,27.059134,1.0974562,,0.954,0.02526,0.02053,0.146,0.638,Basic Materials,Basic Materials,Specialty Chemicals,2026-05-21
DIFFNKG,12273941504.0,SMALL CAP,330.6000061035156,26.113745,3.0412025,0.13011,7.057,0.15051,0.11936,0.41,0.229,Industrials,Industrials,Specialty Industrial Machinery,2026-05-21
DIGJAMLMTD,940400000.0,MICRO CAP,47.02000045776367,58.775,20.399132,,1263.899,0.12011,0.14748,0.304,-0.658,Consumer Cyclical,Consumer Cyclical,Textile Manufacturing,2026-05-21
DIGITIDE,12856333312.0,SMALL CAP,86.22000122070312,,1.5365697,0.00607,57.944,0.033150002,-0.00528,0.099,,Industrials,Industrials,Specialty Business Services,2026-05-21
DISAQ,,UNKNOWN,11688.0,,6.134509,0.18755,,0.1912,0.12209,-0.131,0.036,,,,2026-05-21
DISHTV,6481221632.0,MICRO CAP,3.5199999809265137,,-0.19507869,,,-0.47985,-0.71690005,-0.198,,Communication Services,Communication Services,Entertainment,2026-05-21
DIXON,683382145024.0,LARGE CAP,11261.0,41.795643,12.543931,0.37133,18.457,0.028870001,0.02944,0.021,-0.361,Technology,Technology,Consumer Electronics,2026-05-21
DIVGIITTS,20521144320.0,SMALL CAP,671.0,55.777225,3.379229,,0.262,0.111990005,0.12125,0.726,1.251,Consumer Cyclical,Consumer Cyclical,Auto Parts,2026-05-21
DIVISLAB,1814743220224.0,LARGE CAP,6836.0,73.457985,11.766892,,0.584,0.29647,0.24035,0.123,-0.01,Healthcare,Healthcare,Drug Manufacturers - Specialty & Generic,2026-05-21
DJML,3164224768.0,MICRO CAP,95.94999694824219,39.813274,4.354436,,37.044,0.11136,0.07261,0.352,0.0,Industrials,Industrials,Specialty Business Services,2026-05-21
DKEGL,585624000.0,MICRO CAP,78.0,11.095305,1.9631037,,,,,,,Unknown,Unknown,Unknown,2026-05-21
DLF,1451027726336.0,LARGE CAP,586.3499755859375,32.840336,3.1939588,0.10031,0.673,0.19984,0.53876996,-0.42,-0.011,Real Estate,Real Estate,Real Estate - Development,2026-05-21
DLINKINDIA,16465373184.0,SMALL CAP,463.75,15.833048,3.2589371,0.21211,2.928,0.07485,0.06646,0.2,0.005,Technology,Technology,Communication Equipment,2026-05-21
DMART,2711370858496.0,MEGA CAP,4157.5,91.193245,11.05871,0.12944001,9.913,0.05242,0.04316,0.189,0.196,Consumer Defensive,Consumer Defensive,Discount Stores,2026-05-21
DOLATALGO,14009600000.0,SMALL CAP,79.5999984741211,11.50289,1.3194098,,18.689,0.59512,0.33442003,-0.08,0.042,Financial Services,Financial Services,Capital Markets,2026-05-21
DNAMEDIA,355478208.0,MICRO CAP,3.0199999809265137,30.199999,-0.13648483,,,-0.26023,0.10614,-0.178,,Communication Services,Communication Services,Publishing,2026-05-21
DMCC,7067976704.0,MICRO CAP,283.3999938964844,27.067812,3.0113375,0.114879996,28.623,0.1596,0.04691,-0.467,-0.085,Basic Materials,Basic Materials,Chemicals,2026-05-21
DODLA,62469443584.0,SMALL CAP,1035.5,23.390558,3.7308726,0.17337,3.405,0.04745,0.06379,0.203,0.026,Consumer Defensive,Consumer Defensive,Food Distribution,2026-05-21
DOLLAR,15775588352.0,SMALL CAP,278.1499938964844,15.149781,1.7613682,,37.489,0.07557,0.05756,0.02,-0.08,Consumer Cyclical,Consumer Cyclical,Apparel Manufacturing,2026-05-21
DOLLEX,989311360.0,MICRO CAP,37.1,23.48101,0.88451266,,,,,,,Unknown,Unknown,Unknown,2026-05-21
DOLPHIN,16483887104.0,SMALL CAP,412.04998779296875,24.082407,4.664629,0.21903,57.496,0.16188,0.58871,1.219,1.713,Energy,Energy,Oil & Gas Equipment & Services,2026-05-21
DOMS,135668776960.0,MID CAP,2235.5,59.15586,12.34285,,13.64,0.13665,0.09945,0.182,0.065,Industrials,Industrials,Business Equipment & Supplies,2026-05-21
DPABHUSHAN,20855586816.0,SMALL CAP,913.5999755859375,11.186482,4.1100016,,44.551,0.08420999,0.05406,0.128,0.936,Consumer Cyclical,Consumer Cyclical,Luxury Goods,2026-05-21
DONEAR,4711199744.0,MICRO CAP,90.5999984741211,13.959939,1.846041,,155.524,0.08225001,0.04275,-0.017,0.605,Consumer Cyclical,Consumer Cyclical,Textile Manufacturing,2026-05-21
DPEL,2519098368.0,MICRO CAP,106.0,19.88743,2.3447177,,,,,,,Unknown,Unknown,Unknown,2026-05-21
DPSCLTD,8247998464.0,MICRO CAP,8.470000267028809,282.33334,0.9374654,,,-0.098579995,0.01042,-0.023,-0.467,Utilities,Utilities,Utilities - Regulated Electric,2026-05-21
DPWIRES,2645440512.0,MICRO CAP,170.66000366210938,21.602531,1.0466214,,0.865,0.02815,0.02498,-0.384,-0.316,Industrials,Industrials,Metal Fabrication,2026-05-21
DRAGARWQ,,UNKNOWN,5010.0,,7.497565,,106.453,0.19541,0.15498,0.222,0.616,,,,2026-05-21
DREAMFOLKS,4142264832.0,MICRO CAP,77.76000213623047,10.451613,1.2414387,,3.056,-0.28273,0.042930003,-0.843,-0.538,Industrials,Industrials,Airports & Air Services,2026-05-21
DRCSYSTEMS,2195799296.0,MICRO CAP,15.239999771118164,11.545454,2.7927434,0.21816,0.371,0.25898,0.19753,0.668,0.279,Technology,Technology,Information Technology Services,2026-05-21
DREDGECORP,31617599488.0,SMALL CAP,1129.199951171875,,2.788265,0.0038800002,88.388,0.23199,0.00392,0.038,5.438,Industrials,Industrials,Engineering & Construction,2026-05-21
DRSDILIP,1762301184.0,MICRO CAP,117.0,58.5,3.5007927,,,,,,,Unknown,Unknown,Unknown,2026-05-21
DRREDDY,1100024250368.0,LARGE CAP,1321.0999755859375,26.235106,2.9212637,0.11835,20.328,0.05203,0.12755999,-0.116,-0.862,Healthcare,Healthcare,Drug Manufacturers - Specialty & Generic,2026-05-21
DRONE,8466799104.0,MICRO CAP,347.0,,13.857827,,,,,,,Unknown,Unknown,Unknown,2026-05-21
DSFCL,2370536960.0,MICRO CAP,27.25,,1.1010991,,4.718,-0.01864,0.011670001,0.036,,Basic Materials,Basic Materials,Specialty Chemicals,2026-05-21
DSSL,21482358784.0,SMALL CAP,1686.5999755859375,25.519747,7.8732514,,63.929,0.10718001,0.06216,0.095,-0.347,Technology,Technology,Information Technology Services,2026-05-21
DUCOL,2015562496.0,MICRO CAP,123.7,46.156715,2.3409853,,,,,,,Unknown,Unknown,Unknown,2026-05-21
DTIL,1441093504.0,MICRO CAP,137.14999389648438,,0.19633554,,42.832,-0.04459,-0.0277,0.153,,Consumer Defensive,Consumer Defensive,Packaged Foods,2026-05-21
DURLAX,1402321792.0,MICRO CAP,77.6,17.596373,2.1233513,,,,,,,Unknown,Unknown,Unknown,2026-05-21
DTL,1538958336.0,MICRO CAP,186.3,,8.411594,,,,,,,Unknown,Unknown,Unknown,2026-05-21
DUCON,1059257472.0,MICRO CAP,3.259999990463257,8.358974,0.43734908,0.10106,139.323,0.03376,0.011670001,5.902,0.75,Industrials,Industrials,Specialty Industrial Machinery,2026-05-21
DUGLOBAL,5058795008.0,MICRO CAP,72.5,125.0,5.268895,,,,,,,Unknown,Unknown,Unknown,2026-05-21
DWARKESH,8084703232.0,MICRO CAP,43.630001068115234,40.7757,0.9773527,0.037720002,40.6,0.21669,0.021879999,-0.057,0.237,Consumer Defensive,Consumer Defensive,Confectioners,2026-05-21
DVL,8603830272.0,MICRO CAP,245.64999389648438,,0.2663759,,16.554,-0.33536,-0.04659,-0.467,-0.936,Financial Services,Financial Services,Capital Markets,2026-05-21
DYNAMIC,6451039744.0,MICRO CAP,274.3,38.04438,2.9888313,,,,,,,Unknown,Unknown,Unknown,2026-05-21
DYNAMATECH,72152293376.0,SMALL CAP,10624.0,199.51173,9.439612,,77.708,0.07166,0.022909999,0.347,0.635,Consumer Cyclical,Consumer Cyclical,Auto Parts,2026-05-21
DYCL,14610280448.0,SMALL CAP,301.5,17.297762,3.1940928,0.20319,9.424,0.09669,0.0701,0.073,0.026,Industrials,Industrials,Electrical Equipment & Parts,2026-05-21
EASEMYTRIP,29167564800.0,SMALL CAP,8.020000457763672,,3.3683329,,4.102,0.10265,-0.01942,0.007,-0.778,Consumer Cyclical,Consumer Cyclical,Travel Services,2026-05-21
E2E,68359802880.0,SMALL CAP,3422.0,,4.0714636,-0.0095,9.441,0.07064,-0.063379996,1.857,-0.596,Technology,Technology,Software - Infrastructure,2026-05-21
DYNPRO,2834293760.0,MICRO CAP,228.0500030517578,15.847811,1.2131997,,33.912,0.09373,0.048299998,-0.051,0.031,Basic Materials,Basic Materials,Specialty Chemicals,2026-05-21
EASTSILK,282549984.0,MICRO CAP,56.5099983215332,941.8333,0.45033628,,102.786,-0.051459998,0.13909,0.615,,Consumer Cyclical,Consumer Cyclical,Textile Manufacturing,2026-05-21
EBGNG,50849136640.0,SMALL CAP,446.0,291.50327,6.625271,0.26766002,58.541,0.09224,0.06981,0.43,1.434,Technology,Technology,Computer Hardware,2026-05-21
ECLERX,142944337920.0,MID CAP,1533.9000244140625,20.619707,5.4914136,,15.04,0.21484,0.17119,0.254,0.393,Technology,Technology,Information Technology Services,2026-05-21
EFACTOR,2774676736.0,MICRO CAP,212.0,11.093668,3.6411726,,,,,,,Unknown,Unknown,Unknown,2026-05-21
ECAPINSURE,,UNKNOWN,24.729999542236328,35.701107,,,,,,,,Unknown,Unknown,Unknown,2026-05-21
EDELWEISS,104885166080.0,MID CAP,110.80999755859375,14.893817,1.499763,0.11472999,319.7,-0.0753,0.081920005,-0.219,-0.182,Financial Services,Financial Services,Financial Conglomerates,2026-05-21
ECOSMOBLTY,7829400576.0,MICRO CAP,130.49000549316406,13.062063,3.3375964,,3.246,0.07749,0.07694,0.225,0.089,Industrials,Industrials,Rental & Leasing Services,2026-05-21
EFCIL,26212677632.0,SMALL CAP,188.00999450683594,11.95232,3.0076787,,160.926,0.31857002,0.18511,0.521,0.134,Real Estate,Real Estate,Real Estate Services,2026-05-21
EFFWA,5069229568.0,MICRO CAP,219.0,25.201382,4.8292136,,,,,,,Unknown,Unknown,Unknown,2026-05-21
EFORCE,1717560064.0,MICRO CAP,73.4,133.45454,2.3679712,,,,,,,Unknown,Unknown,Unknown,2026-05-21
EICHERMOT,1904289251328.0,LARGE CAP,6942.0,35.561703,8.620861,,2.018,0.22009,0.23883,0.229,0.213,Consumer Cyclical,Consumer Cyclical,Auto Manufacturers,2026-05-21
EIDPARRY,140837355520.0,MID CAP,791.5499877929688,11.863759,1.6278663,,18.388,0.06122,0.03174,0.183,0.191,Basic Materials,Basic Materials,Agricultural Inputs,2026-05-21
EIHOTEL,202305306624.0,MID CAP,323.5,31.43829,4.2972903,,5.176,0.38906,0.21992001,0.091,-0.08,Consumer Cyclical,Consumer Cyclical,Lodging,2026-05-21
EIHAHOTELS,19856093184.0,SMALL CAP,325.8500061035156,20.72837,3.8288898,,0.787,0.41186002,0.24168,-0.027,0.017,Consumer Cyclical,Consumer Cyclical,Lodging,2026-05-21
EIFFL,5776911872.0,MICRO CAP,232.94000244140625,102.616745,8.000412,,85.026,0.07082,0.02283,-0.406,-0.493,Consumer Defensive,Consumer Defensive,Packaged Foods,2026-05-21
EIEL,33229584384.0,SMALL CAP,189.30999755859375,15.855109,2.9141204,,25.86,0.23903999,0.18259001,0.01,-0.112,Industrials,Industrials,Engineering & Construction,2026-05-21
EIMCOELECO,9484955648.0,MICRO CAP,1644.300048828125,24.497913,2.0293686,0.08608,0.93,0.15675999,0.16777,0.04,-0.572,Industrials,Industrials,Farm & Heavy Construction Machinery,2026-05-21
EKC,13037410304.0,SMALL CAP,116.19000244140625,11.402356,1.011412,,15.317,0.125,0.07446,-0.005,0.975,Industrials,Industrials,Specialty Industrial Machinery,2026-05-21
ELANTAS,,UNKNOWN,9200.0,49.997284,7.234103,,,0.16935,0.16763,0.078,-0.054,Basic Materials,Basic Materials,Specialty Chemicals,2026-05-21
ELCIDIN,,UNKNOWN,118305.0,,0.21872935,0.010620001,,0.98037004,0.72249,,,,,,2026-05-21
ELDEHSG,8555201536.0,MICRO CAP,870.0499877929688,37.680813,2.1915562,,26.96,0.40504003,0.16018999,0.243,1.368,Real Estate,Real Estate,Real Estate Services,2026-05-21
ELECON,113232207872.0,MID CAP,504.6000061035156,33.153744,4.863005,0.15851,11.824,0.17548001,0.14419,-0.065,-0.959,Industrials,Industrials,Specialty Industrial Machinery,2026-05-21
ELECTHERM,9136598016.0,MICRO CAP,717.0,5.8468566,-5.93008,,,-0.04621,0.042069998,-0.164,,Basic Materials,Basic Materials,Steel,2026-05-21
ELECTCAST,48187486208.0,SMALL CAP,77.94999694824219,29.8659,0.81525713,,37.702,-0.00714,0.051220004,-0.172,,Industrials,Industrials,Building Products & Equipment,2026-05-21
ELGIRUBCO,2415913472.0,MICRO CAP,48.27000045776367,,1.4502028,,183.179,-0.27504,-0.14099,0.094,,Consumer Cyclical,Consumer Cyclical,Auto Parts,2026-05-21
ELIN,5939754496.0,MICRO CAP,119.48999786376953,14.258949,1.0518485,,2.771,0.01943,0.031719998,0.102,1.586,Industrials,Industrials,Electrical Equipment & Parts,2026-05-21
ELGIEQUIP,177559764992.0,MID CAP,563.25,44.10728,8.863937,,26.275,0.12218001,0.10553,0.184,0.182,Industrials,Industrials,Specialty Industrial Machinery,2026-05-21
ELITECON,,UNKNOWN,33.2400016784668,,13.419459,,70.969,0.07554,0.061160002,17.5,-0.941,,,,2026-05-21
ELLEN,39884775424.0,SMALL CAP,283.0,,4.3186984,,12.866,0.24154,0.29637,0.196,0.259,Basic Materials,Basic Materials,Chemicals,2026-05-21
ELM250,,UNKNOWN,16.280000686645508,,,,,0.0,0.0,,,,,,2026-05-21
ELPROINTL,28001343488.0,SMALL CAP,165.22000122070312,32.019382,1.3782,,,,,,,Unknown,Unknown,Unknown,2026-05-21
EMAMIPAP,4815118848.0,MICRO CAP,79.58999633789062,16.650625,1.084288,,101.476,0.0917,0.01792,0.102,10.498,Basic Materials,Basic Materials,Paper & Paper Products,2026-05-21
EMAMIREAL,4570136576.0,MICRO CAP,87.83000183105469,,-2.6592588,,,-5.48718,0.0,-0.915,,Real Estate,Real Estate,Real Estate - Development,2026-05-21
EMBASSY,350644862976.0,MID CAP,369.92,103.91012,1.5405375,,,,,,,Unknown,Unknown,Unknown,2026-05-21
EMAMILTD,188873555968.0,MID CAP,432.70001220703125,23.80088,6.4417686,,2.457,0.29422,0.20806,0.098,0.146,Consumer Defensive,Consumer Defensive,Household & Personal Products,2026-05-21
EMBDL,91478097920.0,SMALL CAP,65.80999755859375,,0.8753192,,45.923,-0.81169,-0.18847,-0.237,,Real Estate,Real Estate,Real Estate - Diversified,2026-05-21
EMIL,43838275584.0,SMALL CAP,113.94000244140625,46.88889,2.8166716,,126.148,0.040510003,0.01306,0.029,-0.061,Consumer Cyclical,Consumer Cyclical,Specialty Retail,2026-05-21
EMCURE,328369111040.0,MID CAP,1732.0,35.542786,6.6328645,0.19573,30.567,0.15354,0.100439996,0.167,0.288,Healthcare,Healthcare,Drug Manufacturers - Specialty & Generic,2026-05-21
EMKAY,6141990400.0,MICRO CAP,226.38999938964844,33.195015,1.9166101,0.044460002,26.355,0.06447,0.03965,0.961,-0.375,Financial Services,Financial Services,Capital Markets,2026-05-21
EMKAYTOOLS,9432895488.0,MICRO CAP,883.95,35.17509,3.2504497,,,,,,,Unknown,Unknown,Unknown,2026-05-21
EMMIL,3913305856.0,MICRO CAP,345.5,31.154192,4.31902,,,,,,,Unknown,Unknown,Unknown,2026-05-21
EMMBI,1606560896.0,MICRO CAP,83.5,22.031662,0.81696147,,84.014,0.071890004,0.0155299995,0.091,-0.383,Consumer Cyclical,Consumer Cyclical,Packaging & Containers,2026-05-21
EMMVEE,177274929152.0,MID CAP,256.20001220703125,14.912638,4.7955723,0.51116,9.745,0.28291,0.21417,0.623,0.625,Technology,Technology,Solar,2026-05-21
EMPOWER,,UNKNOWN,2.509999990463257,,1.154023,,8.927,0.022090001,0.03125,0.976,,,,,2026-05-21
EMSLIMITED,17753200640.0,SMALL CAP,319.70001220703125,13.540873,1.7053214,,15.798,0.14032,0.14693,-0.183,-0.627,Industrials,Industrials,Engineering & Construction,2026-05-21
ENDURANCE,363107057664.0,MID CAP,2581.39990234375,38.163807,5.801433,0.15156999,19.393,0.087110005,0.0652,0.379,0.127,Consumer Cyclical,Consumer Cyclical,Auto Parts,2026-05-21
EMULTIMQ,,UNKNOWN,42.599998474121094,32.03288,,,,,,,,Unknown,Unknown,Unknown,2026-05-21
EMUDHRA,38658912256.0,SMALL CAP,471.20001220703125,36.190475,4.2433248,0.13259,3.153,0.18315001,0.15114,0.338,0.216,Technology,Technology,Software - Application,2026-05-21
ENFUSE,1627958400.0,MICRO CAP,184.0,50.13624,6.003067,,,,,,,Unknown,Unknown,Unknown,2026-05-21
ENERGYDEV,810824960.0,MICRO CAP,17.06999969482422,,5.029464,,1500.784,0.35791,-0.29964,0.38,,Utilities,Utilities,Utilities - Regulated Electric,2026-05-21
ENGINERSIN,134777757696.0,MID CAP,239.8000030517578,17.36423,4.9667573,,0.731,0.28259,0.19338,0.583,2.186,Industrials,Industrials,Engineering & Construction,2026-05-21
ENIL,5253279744.0,MICRO CAP,110.19999694824219,,0.693579,,23.226,-0.04047,-0.00659,0.038,,Communication Services,Communication Services,Broadcasting,2026-05-21
ENSER,17850488832.0,SMALL CAP,204.8,202.77228,50.270008,,,,,,,Unknown,Unknown,Unknown,2026-05-21
ENRIN,1287909801984.0,LARGE CAP,3616.5,98.622856,26.765692,,4.483,0.19364001,0.14994,0.274,0.522,Utilities,Utilities,Utilities - Renewable,2026-05-21
ENTERO,56290095104.0,SMALL CAP,1293.699951171875,50.046417,3.1880944,,24.634,0.033970002,0.01872,0.256,0.086,Healthcare,Healthcare,Medical Distribution,2026-05-21
EPACK,23046721536.0,SMALL CAP,239.5,55.957943,2.3998237,,75.66,0.042280003,0.02104,0.135,0.038,Consumer Cyclical,Consumer Cyclical,"Furnishings, Fixtures & Appliances",2026-05-21
EPACKPEB,19360989184.0,SMALL CAP,192.39999389648438,23.434835,2.6275537,0.17021999,15.606,0.096429996,0.060060002,0.427,0.33,Industrials,Industrials,Engineering & Construction,2026-05-21
EPIGRAL,54987943936.0,SMALL CAP,1274.5999755859375,16.574772,2.6176784,0.16092,25.751,0.17237,0.13136,0.173,-0.068,Basic Materials,Basic Materials,Chemicals,2026-05-21
EQUIPPP,1500035584.0,MICRO CAP,14.550000190734863,207.85715,17.32143,,71.587,0.04645,0.04622,22.439,,Technology,Technology,Information Technology Services,2026-05-21
EPL,69298905088.0,SMALL CAP,216.3699951171875,17.85231,2.6384656,,32.296,0.12927,0.087629996,0.133,-0.127,Consumer Cyclical,Consumer Cyclical,Packaging & Containers,2026-05-21
EQUITASBNK,78585880576.0,SMALL CAP,68.83999633789062,76.488884,1.2851915,0.016900001,94.248,0.32362998,0.02309,0.179,4.027,Financial Services,Financial Services,Banks - Regional,2026-05-21
ESAFSFB,14366747648.0,SMALL CAP,27.860000610351562,,0.81768024,,,0.019919999,-0.28413,1.423,,Financial Services,Financial Services,Banks - Regional,2026-05-21
ERIS,194756296704.0,MID CAP,1405.5,31.095133,6.1959696,,68.185,0.26379,0.14062001,0.109,0.191,Healthcare,Healthcare,Drug Manufacturers - Specialty & Generic,2026-05-21
ESCORTS,319101435904.0,MID CAP,2900.199951171875,23.347286,2.6845229,0.120220006,1.309,0.104940005,0.20746,0.214,0.006,Industrials,Industrials,Farm & Heavy Construction Machinery,2026-05-21
ESABINDIA,104711020544.0,MID CAP,6802.5,49.685925,25.127716,,0.876,0.18845,0.14227,0.122,0.065,Industrials,Industrials,Tools & Accessories,2026-05-21
ESG,,UNKNOWN,40.470001220703125,,,,,0.0,0.0,,,,,,2026-05-21
ESCONET,3955200000.0,MICRO CAP,320.0,,5.594797,,,,,,,Unknown,Unknown,Unknown,2026-05-21
ESFL,3868680448.0,MICRO CAP,155.75,1038.3333,2.4524856,,,,,,,Unknown,Unknown,Unknown,2026-05-21
ESSARSHPNG,5003780608.0,MICRO CAP,24.06999969482422,,-0.20906802,,,-155.66667,0.0,-0.99,,Industrials,Industrials,Marine Shipping,2026-05-21
ESTER,10064471040.0,SMALL CAP,96.5,,1.1984601,-0.03533,93.137,0.071609996,-0.01998,0.077,2.857,Basic Materials,Basic Materials,Specialty Chemicals,2026-05-21
ESSENTIA,1808935936.0,MICRO CAP,1.600000023841858,53.333336,0.76335883,,23.209,0.01011,0.00644,0.124,0.0,Consumer Defensive,Consumer Defensive,Food Distribution,2026-05-21
ETHOSLTD,62853820416.0,SMALL CAP,2349.0,64.72858,4.349831,,19.497,0.07809,0.06327,0.267,-0.049,Consumer Cyclical,Consumer Cyclical,Luxury Goods,2026-05-21
ETERNAL,2254526218240.0,MEGA CAP,245.22000122070312,628.7693,7.248811,0.01194,14.826,0.00104,0.0067299996,1.965,3.75,Consumer Cyclical,Consumer Cyclical,Internet Retail,2026-05-21
EUREKAFORB,90641235968.0,SMALL CAP,468.45001220703125,56.101795,2.0180676,,2.009,0.07972,0.06107,0.08,-0.713,Consumer Cyclical,Consumer Cyclical,"Furnishings, Fixtures & Appliances",2026-05-21
EUROPRATIK,27823949824.0,SMALL CAP,272.25,36.107426,8.99881,0.27798998,7.636,0.25365,0.23015,0.281,0.436,Basic Materials,Basic Materials,Building Materials,2026-05-21
EUROTEXIND,190100176.0,MICRO CAP,16.170000076293945,7.887805,-0.5153785,,,-47.2191,2.96457,4.563,,Real Estate,Real Estate,Real Estate - Development,2026-05-21
EVEREADY,23430739968.0,SMALL CAP,322.3500061035156,58.18592,3.7618597,0.31646,32.396,0.0584,0.117860004,0.094,12.653,Industrials,Industrials,Electrical Equipment & Parts,2026-05-21
EVERESTIND,6238446592.0,MICRO CAP,393.45001220703125,,1.0804496,,53.597,-0.1029,-0.03039,-0.237,,Industrials,Industrials,Building Products & Equipment,2026-05-21
EXCELSOFT,10447339520.0,SMALL CAP,90.77999877929688,22.141464,2.3665276,,11.581,0.19303,0.18086,0.294,0.101,Technology,Technology,Software - Application,2026-05-21
EVINDIA,,UNKNOWN,30.139999389648438,32.33726,,,,,,,,Unknown,Unknown,Unknown,2026-05-21
EXCELINDUS,12408529920.0,SMALL CAP,987.0999755859375,16.375248,0.68663764,,0.621,0.02807,0.07143,0.189,0.361,Basic Materials,Basic Materials,Specialty Chemicals,2026-05-21
EXIDEIND,292272504832.0,MID CAP,343.8500061035156,34.17992,2.1039202,0.06172,11.308,0.07394,0.047470003,0.092,0.15,Consumer Cyclical,Consumer Cyclical,Auto Parts,2026-05-21
EXICOM,19180492800.0,SMALL CAP,137.91000366210938,,2.385491,,78.314,-0.22309,-0.27278998,0.407,,Industrials,Industrials,Electrical Equipment & Parts,2026-05-21
EXPLEOSOL,14923004928.0,SMALL CAP,961.5499877929688,14.022896,2.1206608,0.17559,1.011,0.16529,0.1082,0.168,0.732,Technology,Technology,Information Technology Services,2026-05-21
FABTECH,6813417472.0,MICRO CAP,153.27999877929688,15.343344,1.4006488,0.12939,16.589,0.13198,0.093380004,0.175,0.234,Healthcare,Healthcare,Health Information Services,2026-05-21
EXXARO,2957384704.0,MICRO CAP,6.610000133514404,110.16667,1.1150472,0.01018,33.349,0.03283,0.00929,0.052,-0.948,Industrials,Industrials,Building Products & Equipment,2026-05-21
FACT,566932144128.0,LARGE CAP,876.1500244140625,2037.5581,41.226707,,278.992,-0.03282,0.07694,0.651,,Basic Materials,Basic Materials,Agricultural Inputs,2026-05-21
FAIRCHEMOR,7538017792.0,MICRO CAP,598.4500122070312,140.48122,2.6637557,0.019609999,31.852,0.04543,0.01205,-0.032,5.196,Basic Materials,Basic Materials,Specialty Chemicals,2026-05-21
FALCONTECH,438699936.0,MICRO CAP,70.75,42.1131,1.6529602,,,,,,,Unknown,Unknown,Unknown,2026-05-21
FCL,38009307136.0,SMALL CAP,32.63999938964844,37.090908,3.076633,0.14895001,0.872,0.15084,0.13505,1.698,1.159,Basic Materials,Basic Materials,Specialty Chemicals,2026-05-21
FCSSOFT,2581425152.0,MICRO CAP,1.5099999904632568,,0.5992063,,,0.03505,-0.068969995,0.606,,Technology,Technology,Information Technology Services,2026-05-21
FAZE3Q,12017746944.0,SMALL CAP,495.1499938964844,38.324303,2.8212228,,54.853,0.047059998,0.03666,0.274,-0.277,Consumer Cyclical,Consumer Cyclical,Textile Manufacturing,2026-05-21
FEDDERSHOL,,UNKNOWN,33.56999969482422,,1.0211407,,9.448,0.01392,0.23191,-0.102,5.741,,,,2026-05-21
FDC,58448818176.0,SMALL CAP,359.0,26.9722,2.3937483,,0.852,0.080690004,0.10428,0.001,-0.237,Healthcare,Healthcare,Drug Manufacturers - Specialty & Generic,2026-05-21
FEDERALBNK,707805249536.0,LARGE CAP,287.25,16.433067,1.9447547,0.11731,,0.43172002,0.29906,0.123,0.222,Financial Services,Financial Services,Banks - Regional,2026-05-21
FEDFINA,56706150400.0,SMALL CAP,151.49000549316406,16.592552,1.9348124,0.12555,467.341,0.38526002,0.27889,0.186,0.385,Financial Services,Financial Services,Credit Services,2026-05-21
FELIX,3839397888.0,MICRO CAP,280.8,26.717411,2.5195606,,,,,,,Unknown,Unknown,Unknown,2026-05-21
FELDVR,1285193216.0,MICRO CAP,2.5999999046325684,,0.049142834,-2.38273,,-0.97987,-1.31188,-0.132,,Consumer Cyclical,Consumer Cyclical,Department Stores,2026-05-21
FEL,217494240.0,MICRO CAP,0.4399999976158142,,0.00831648,-2.38273,,-0.97987,-1.31188,-0.132,,Consumer Cyclical,Consumer Cyclical,Department Stores,2026-05-21
FERMENTA,,UNKNOWN,306.04998779296875,,2.2817414,,29.025,0.14264,0.15995,-0.122,-0.659,,,,2026-05-21
FIEMIND,57058390016.0,SMALL CAP,2167.89990234375,23.436756,5.2816734,,5.696,0.11608,0.09076,0.162,0.348,Consumer Cyclical,Consumer Cyclical,Auto Parts,2026-05-21
FIDEL,1512561664.0,MICRO CAP,110.0,10.956176,3.091972,,,,,,,Unknown,Unknown,Unknown,2026-05-21
FIBERWEB,826609984.0,MICRO CAP,28.709999084472656,4.9930434,0.4472659,0.055219997,6.45,0.27212998,0.116280004,-0.579,,Consumer Cyclical,Consumer Cyclical,Textile Manufacturing,2026-05-21
FILATFASH,2000177408.0,MICRO CAP,0.23999999463558197,,0.08316008,,2.572,-0.00281,0.026619999,-0.595,-0.985,Consumer Cyclical,Consumer Cyclical,Apparel Manufacturing,2026-05-21
FINEORG,141103349760.0,MID CAP,4602.2001953125,33.814842,5.6965466,,0.661,0.14527,0.16900998,0.081,-0.106,Basic Materials,Basic Materials,Specialty Chemicals,2026-05-21
FILATEX,18912446464.0,SMALL CAP,42.59000015258789,10.312348,1.9658434,,9.979,0.07027,0.043309998,-0.018,0.17,Consumer Cyclical,Consumer Cyclical,Textile Manufacturing,2026-05-21
FINCABLES,162543943680.0,MID CAP,1062.800048828125,23.883146,2.8515086,,0.377,0.08919,0.11418,0.352,0.114,Industrials,Industrials,Electrical Equipment & Parts,2026-05-21
FINKURVE,9915187200.0,MICRO CAP,70.75,44.21875,3.034527,,116.173,0.29387,0.15151,0.073,0.114,Financial Services,Financial Services,Credit Services,2026-05-21
FIRSTCRY,111374655488.0,MID CAP,229.5500030517578,,2.3122406,,31.483,-0.00269,-0.022449998,0.116,,Consumer Cyclical,Consumer Cyclical,Internet Retail,2026-05-21
FINOPB,10119357440.0,SMALL CAP,121.5999984741211,14.615385,1.2614369,0.067600004,,0.01733,0.0356,-0.311,-0.705,Financial Services,Financial Services,Banks - Regional,2026-05-21
FINPIPE,105255575552.0,MID CAP,170.22999572753906,20.9385,1.7784718,,0.359,0.1076,0.1265,-0.103,0.237,Industrials,Industrials,Building Products & Equipment,2026-05-21
FISCHER,23084761088.0,SMALL CAP,35.27000045776367,59.779663,6.333274,,10.264,0.2057,0.15172,7.605,,Healthcare,Healthcare,Medical Devices,2026-05-21
FIVESTAR,132769832960.0,MID CAP,449.79998779296875,12.071927,1.7955298,0.16058001,111.115,0.60508,0.48518002,0.041,-0.037,Financial Services,Financial Services,Credit Services,2026-05-21
FLAIR,35333799936.0,SMALL CAP,335.25,26.211884,3.2767417,,5.464,0.13677,0.110039994,0.201,0.119,Industrials,Industrials,Business Equipment & Supplies,2026-05-21
FLEXITUFF,233041920.0,MICRO CAP,7.099999904632568,,-1.0035336,,,74.47299,-1.00013,,,Consumer Cyclical,Consumer Cyclical,Textile Manufacturing,2026-05-21
FLFL,304680064.0,MICRO CAP,1.5099999904632568,,-0.01619598,,,-0.61004,-0.92297,-0.787,,Consumer Cyclical,Consumer Cyclical,Apparel Manufacturing,2026-05-21
FOCUS,5765624320.0,MICRO CAP,85.87999725341797,120.95775,4.086216,,,-0.035099998,0.0215,-0.093,,Consumer Cyclical,Consumer Cyclical,"Furnishings, Fixtures & Appliances",2026-05-21
FONEBOX,2023784960.0,MICRO CAP,197.25,44.525963,5.4977984,,,,,,,Unknown,Unknown,Unknown,2026-05-21
FMGOETZE,25251422208.0,SMALL CAP,453.8999938964844,13.961859,1.8565936,,0.143,0.09389,0.092819996,0.144,0.004,Consumer Cyclical,Consumer Cyclical,Auto Parts,2026-05-21
FLUOROCHEM,415243993088.0,MID CAP,3780.10009765625,63.38196,5.4465084,,22.475,0.14701,0.13520001,-0.01,-0.19,Basic Materials,Basic Materials,Specialty Chemicals,2026-05-21
FMNL,719817984.0,MICRO CAP,11.3100004196167,,0.661597,,130.24,0.19083999,-0.23777,0.13,,Real Estate,Real Estate,Real Estate Services,2026-05-21
FOODSIN,4108208128.0,MICRO CAP,55.869998931884766,13.115023,0.86155313,,88.516,0.071040004,0.03235,-0.206,-0.5,Consumer Defensive,Consumer Defensive,Packaged Foods,2026-05-21
FORCEMOT,257556398080.0,MID CAP,19547.0,18.82923,6.1405544,0.33508,,0.13425,0.13378,0.082,-0.37,Consumer Cyclical,Consumer Cyclical,Auto Manufacturers,2026-05-21
FORTIS,731252457472.0,LARGE CAP,968.5999755859375,75.84964,7.7627106,,32.958,0.1702,0.1094,0.175,-0.216,Healthcare,Healthcare,Medical Care Facilities,2026-05-21
FROG,4959154176.0,MICRO CAP,319.35,28.692722,3.1006963,,,,,,,Unknown,Unknown,Unknown,2026-05-21
FRONTSP,,UNKNOWN,1683.0,,12.875832,,4.209,0.23532,0.18215,0.398,0.919,,,,2026-05-21
FOSECOIND,39219253248.0,SMALL CAP,5177.7001953125,42.642895,3.5034266,,,0.14436,0.120459996,0.012,-0.011,Basic Materials,Basic Materials,Chemicals,2026-05-21
FRACTAL,159093538816.0,MID CAP,925.1500244140625,53.756542,4.8399673,0.115839995,13.131,0.16202,0.088549994,0.17,1.064,Technology,Technology,Software - Infrastructure,2026-05-21
FSL,175123120128.0,MID CAP,253.6699981689453,26.506792,4.0118613,0.159,66.635,0.12167,0.07057,0.195,0.279,Technology,Technology,Information Technology Services,2026-05-21
FUSION,29011910656.0,SMALL CAP,179.39999389648438,177.62376,1.2252257,,257.668,0.063540004,-0.46566,,,Financial Services,Financial Services,Credit Services,2026-05-21
GABRIEL,159703334912.0,MID CAP,1111.800048828125,,12.495365,,8.126,0.06906,0.05519,0.159,-0.089,Consumer Cyclical,Consumer Cyclical,Auto Parts,2026-05-21
GAEL,74978893824.0,SMALL CAP,163.47000122070312,24.656109,2.4208095,0.09664,13.384,0.1099,0.05214,0.158,3.214,Consumer Defensive,Consumer Defensive,Packaged Foods,2026-05-21
GALAPREC,10703230976.0,SMALL CAP,836.3499755859375,32.47961,3.9000857,0.12921,13.04,0.14731,0.1109,0.256,0.11,Industrials,Industrials,Specialty Industrial Machinery,2026-05-21
GALAXYSURF,64577286144.0,SMALL CAP,1821.4000244140625,24.153294,2.548022,0.1047,8.579,0.06723,0.05095,0.148,-0.18,Basic Materials,Basic Materials,Specialty Chemicals,2026-05-21
GAIL,1025252065280.0,LARGE CAP,155.92999267578125,11.957822,1.1631185,,25.373,0.04933,0.060289998,-0.045,-0.57,Utilities,Utilities,Utilities - Regulated Gas,2026-05-21
GANDHITUBE,11375486976.0,SMALL CAP,936.0999755859375,16.031855,3.9651475,,0.04,0.44226003,0.37759,0.218,0.299,Industrials,Industrials,Metal Fabrication,2026-05-21
GALLANTT,160632782848.0,MID CAP,665.75,33.12189,4.8445663,,,0.13781,0.11146,,,Basic Materials,Basic Materials,Steel,2026-05-21
GANDHAR,15818310656.0,SMALL CAP,161.61000061035156,14.85386,1.2275357,,24.674,0.04427,0.02599,0.161,0.672,Energy,Energy,Oil & Gas Refining & Marketing,2026-05-21
GANECOS,27565654016.0,SMALL CAP,1030.0,69.03485,1.4569423,,43.209,0.04008,0.02764,-0.102,-0.849,Consumer Cyclical,Consumer Cyclical,Textile Manufacturing,2026-05-21
GANESHBE,7083039232.0,MICRO CAP,98.38999938964844,15.792937,1.2210529,,8.888,0.1512,0.11216,0.181,-0.122,Basic Materials,Basic Materials,Specialty Chemicals,2026-05-21
GANESHCP,8385686016.0,MICRO CAP,207.5,14.779202,2.0614154,,52.589,0.08027001,0.043,-0.029,0.405,Consumer Defensive,Consumer Defensive,Packaged Foods,2026-05-21
GANESHHOU,59325743104.0,SMALL CAP,711.4500122070312,14.124479,2.6775734,,3.485,0.80433,0.62872005,-0.645,-0.666,Real Estate,Real Estate,Real Estate - Development,2026-05-21
GARFIBRES,61247029248.0,SMALL CAP,617.0,30.834583,4.720482,,10.153,0.15878999,0.13835,0.104,0.179,Consumer Cyclical,Consumer Cyclical,Textile Manufacturing,2026-05-21
GANGAFORGE,332961504.0,MICRO CAP,2.4700000286102295,,1.1398246,,78.9,0.055859998,-0.08891,,,Industrials,Industrials,Metal Fabrication,2026-05-21
GANGESSECU,1230453504.0,MICRO CAP,123.0,73.652695,0.22830585,,,0.19284001,0.046090003,-0.135,0.417,Consumer Defensive,Consumer Defensive,Packaged Foods,2026-05-21
GARUDA,16021787648.0,SMALL CAP,172.1999969482422,15.026177,4.1353474,,0.023,0.32152,0.22895001,1.25,1.476,Industrials,Industrials,Engineering & Construction,2026-05-21
GATECHDVR,659128192.0,MICRO CAP,0.5099999904632568,6.375,0.53180397,,,0.29372,0.39220002,0.016,-0.636,Financial Services,Financial Services,Asset Management,2026-05-21
GATECH,684976320.0,MICRO CAP,0.5299999713897705,6.625,0.552659,,,0.29372,0.39220002,0.016,-0.636,Financial Services,Financial Services,Asset Management,2026-05-21
GATEWAY,27810177024.0,SMALL CAP,55.65999984741211,10.871094,1.2264234,0.10375,25.362,0.14833,0.11559,-0.002,,Industrials,Industrials,Integrated Freight & Logistics,2026-05-21
GAYAPROJ,7586646016.0,MICRO CAP,16.34000015258789,0.13212582,-0.21273273,,51.304,0.21040002,2.07356,-0.328,,Industrials,Industrials,Engineering & Construction,2026-05-21
GAYAHWS,553595904.0,MICRO CAP,2.309999942779541,46.199997,-0.08473954,,,-0.52957,1134.8969,-0.748,,Industrials,Industrials,Infrastructure Operations,2026-05-21
GAUDIUMIVF,8552458240.0,MICRO CAP,117.5,35.391567,15.581488,,,0.24716,0.22465,0.699,0.073,Healthcare,Healthcare,Medical Care Facilities,2026-05-21
GCSL,8909715456.0,MICRO CAP,393.54998779296875,33.04366,2.8380327,0.09791,4.577,0.23834999,0.10654,-0.292,,Financial Services,Financial Services,Capital Markets,2026-05-21
GEECEE,7172722688.0,MICRO CAP,343.0,31.996267,0.86107343,0.05198,,0.8572,0.55482,1.043,5.059,Real Estate,Real Estate,Real Estate - Development,2026-05-21
GEEKAYWIRE,2578508288.0,MICRO CAP,24.670000076293945,8.391156,1.4931607,0.19027,83.99,0.09739,0.0657,-0.11,-0.078,Industrials,Industrials,Electrical Equipment & Parts,2026-05-21
GENCON,2197958400.0,MICRO CAP,38.56999969482422,22.555555,0.75762635,,23.407,0.08543,0.042600002,-0.136,-0.189,Industrials,Industrials,Engineering & Construction,2026-05-21
GENUSPAPER,3304068352.0,MICRO CAP,12.850000381469727,34.72973,0.6559804,,84.844,0.053979997,0.00976,0.115,4.5,Basic Materials,Basic Materials,Paper & Paper Products,2026-05-21
GEMAROMA,8449356800.0,MICRO CAP,161.75,30.177238,1.156952,,31.583,-0.02152,0.06113,-0.185,,Basic Materials,Basic Materials,Chemicals,2026-05-21
GENESYS,9728799744.0,MICRO CAP,232.8000030517578,24.149378,1.4146817,,21.419,-0.014040001,0.12324,-0.149,-0.952,Technology,Technology,Software - Application,2026-05-21
GENUSPOWER,86565208064.0,SMALL CAP,312.8500061035156,14.694692,3.9018946,0.28997,103.821,0.17497998,0.12285,0.667,0.395,Industrials,Industrials,Electrical Equipment & Parts,2026-05-21
GEOJITFSL,21065347072.0,SMALL CAP,75.47000122070312,22.528358,1.7583467,0.06585,9.473,0.1257,0.12202,0.081,-0.435,Financial Services,Financial Services,Capital Markets,2026-05-21
GESHIP,242175950848.0,MID CAP,1696.300048828125,8.247278,1.5908611,0.18849,6.409,0.48821998,0.46615002,0.519,1.875,Industrials,Industrials,Marine Shipping,2026-05-21
GFLLIMITED,5055297024.0,MICRO CAP,46.02000045776367,418.36365,0.2003352,,,0.41429,0.47000998,0.25,1.81,Financial Services,Financial Services,Asset Management,2026-05-21
GGBL,11951601664.0,SMALL CAP,481.9,24.71282,5.021099,,,,,,,Unknown,Unknown,Unknown,2026-05-21
GHCL,41735188480.0,SMALL CAP,453.0,9.034703,1.2010149,0.13420999,2.345,0.18739,0.15419,0.012,-0.218,Basic Materials,Basic Materials,Chemicals,2026-05-21
GHCLTEXTIL,8986975232.0,MICRO CAP,94.0199966430664,15.775167,0.5989107,0.047870003,8.933,0.07215,0.05337,0.282,0.94,Consumer Cyclical,Consumer Cyclical,Textile Manufacturing,2026-05-21
GICHSGFIN,8126664192.0,MICRO CAP,150.91000366210938,5.9601107,0.3857401,0.07606,432.907,0.57668,0.39066002,0.07,0.524,Financial Services,Financial Services,Mortgage Finance,2026-05-21
GICRE,686321303552.0,LARGE CAP,391.20001220703125,7.1295795,0.6893915,0.10142,,0.17906,0.18316999,0.116,0.029,Financial Services,Financial Services,Insurance - Reinsurance,2026-05-21
GICL,4548715008.0,MICRO CAP,40.630001068115234,140.10345,6.8864408,,,0.21343,0.05809,0.235,0.355,Industrials,Industrials,Integrated Freight & Logistics,2026-05-21
GILLETTE,249961185280.0,MID CAP,7671.0,46.865837,21.502874,,0.004,0.28896,0.20177999,0.152,0.369,Consumer Defensive,Consumer Defensive,Household & Personal Products,2026-05-21
GIPCL,23058878464.0,SMALL CAP,148.55999755859375,15.687433,0.6530684,,79.265,0.12100001,0.30135,0.149,,Utilities,Utilities,Utilities - Regulated Electric,2026-05-21
GIRIRAJ,8616164352.0,MICRO CAP,360.2,39.93348,6.264566,,,,,,,Unknown,Unknown,Unknown,2026-05-21
GILLANDERS,1920811136.0,MICRO CAP,90.0,20.316029,0.7531633,0.03763,57.612,-0.0691,0.02197,-0.005,,Consumer Defensive,Consumer Defensive,Farm Products,2026-05-21
GINNIFILA,3716356352.0,MICRO CAP,43.38999938964844,9.077405,1.5630966,0.18837999,17.413,0.12359,0.10045,-0.129,0.5,Consumer Cyclical,Consumer Cyclical,Textile Manufacturing,2026-05-21
GKENERGY,25271031808.0,SMALL CAP,124.5999984741211,11.431193,3.2435246,,54.322,0.18410999,0.11934,0.591,0.511,Utilities,Utilities,Utilities - Renewable,2026-05-21
GKWLIMITED,9964054528.0,MICRO CAP,1670.0,139.16667,0.38335514,,0.016,0.59816,0.16609,6.451,,Industrials,Industrials,Specialty Business Services,2026-05-21
GLAND,370619547648.0,MID CAP,2249.5,36.159782,3.875308,0.10532,2.738,0.23201999,0.15975,0.223,0.957,Healthcare,Healthcare,Drug Manufacturers - Specialty & Generic,2026-05-21
GLFL,175232464.0,MICRO CAP,6.460000038146973,323.0,-3.345417,,,0.26103002,0.0,-0.027,-0.5,Financial Services,Financial Services,Shell Companies,2026-05-21
GLAXO,397850050560.0,MID CAP,2348.5,39.089546,23.296762,,2.091,0.33710998,0.26863,0.097,0.286,Healthcare,Healthcare,Drug Manufacturers - General,2026-05-21
GKSL,10991537152.0,SMALL CAP,139.41000366210938,64.541664,30.552267,,,0.23938,0.19166,0.972,0.0,Healthcare,Healthcare,Medical Care Facilities,2026-05-21
GLENMARK,675391209472.0,LARGE CAP,2393.300048828125,63.264603,7.0481143,,12.776,0.18338,0.06451,0.151,0.158,Healthcare,Healthcare,Drug Manufacturers - Specialty & Generic,2026-05-21
GLOBAL,5163957248.0,MICRO CAP,101.44999694824219,22.900677,4.190763,0.19736,0.131,0.29793,0.26150998,0.737,0.094,Consumer Defensive,Consumer Defensive,Education & Training Services,2026-05-21
GLOBALE,135939520.0,MICRO CAP,12.800000190734863,,1.3284899,,107.309,-0.06717,-0.25725,-0.776,,Consumer Cyclical,Consumer Cyclical,Textile Manufacturing,2026-05-21
GLOBALPET,1141610496.0,MICRO CAP,96.85,23.913578,2.2620046,,,,,,,Unknown,Unknown,Unknown,2026-05-21
GLOBECIVIL,2618081024.0,MICRO CAP,43.84000015258789,17.058367,1.2009642,,66.902,0.12043,0.06159,,,Industrials,Industrials,Engineering & Construction,2026-05-21
GLOBUSSPR,25492606976.0,SMALL CAP,877.0,454.40414,2.4616852,,45.349,0.07339,0.02781,0.191,74.071,Consumer Defensive,Consumer Defensive,Beverages - Wineries & Distilleries,2026-05-21
GLOBE,1103526016.0,MICRO CAP,2.450000047683716,15.312501,0.727003,,107.624,0.05606,0.014830001,0.052,-0.561,Consumer Cyclical,Consumer Cyclical,Textile Manufacturing,2026-05-21
GLOBALVECT,2376920064.0,MICRO CAP,169.77999877929688,,52.75948,,14097.473,-0.04686,-0.02661,0.031,,Industrials,Industrials,Airports & Air Services,2026-05-21
GLOTTIS,6393363968.0,MICRO CAP,69.19000244140625,16.672289,2.8159213,,25.397,0.03271,0.04593,-0.268,-0.827,Industrials,Industrials,Integrated Freight & Logistics,2026-05-21
GLOSTERLTD,6894253568.0,MICRO CAP,630.0,90.909096,0.63760537,,69.656,0.05669,0.00574,1.153,,Consumer Cyclical,Consumer Cyclical,Textile Manufacturing,2026-05-21
GMBREW,21315037184.0,SMALL CAP,932.9500122070312,13.589949,1.9767942,0.15552,3.201,-0.11848,0.09037,,-0.106,Consumer Defensive,Consumer Defensive,Beverages - Wineries & Distilleries,2026-05-21
GMRAIRPORT,1011021971456.0,LARGE CAP,95.75,,-32.47965,,,0.31302,-0.02654,0.505,-0.455,Industrials,Industrials,Airports & Air Services,2026-05-21
GMRP&UI,88825126912.0,SMALL CAP,113.7300033569336,9.6545,5.7716317,,731.235,0.10872,0.10697,0.16,,Energy,Energy,Thermal Coal,2026-05-21
GNA,15708379136.0,SMALL CAP,365.8999938964844,13.437386,1.667411,,,0.12595001,0.0785,,,Consumer Cyclical,Consumer Cyclical,Auto Parts,2026-05-21
GMMPFAUDLR,38636240896.0,SMALL CAP,859.4000244140625,220.92545,3.2844403,,89.639,0.07688,0.00521,0.102,,Industrials,Industrials,Specialty Industrial Machinery,2026-05-21
GMDCLTD,209561993216.0,MID CAP,659.0,21.908245,2.9646358,0.14189,4.475,0.21707001,0.31088,0.08,-0.143,Energy,Energy,Thermal Coal,2026-05-21
GNFC,75248320512.0,SMALL CAP,512.0999755859375,9.317685,0.8702509,,0.15,0.054109998,0.08185001,0.051,-0.08,Basic Materials,Basic Materials,Chemicals,2026-05-21
GNRL,,UNKNOWN,95.69999694824219,,6.764207,,4.968,0.30914,0.30659,0.673,,,,,2026-05-21
GOACARBON,3638458368.0,MICRO CAP,397.6000061035156,,2.157633,-0.24976,99.272,0.043109998,-0.06805,0.521,,Basic Materials,Basic Materials,Specialty Chemicals,2026-05-21
GOCOLORS,14858365952.0,SMALL CAP,282.5,21.482891,2.1974518,0.08529,77.141,0.07556,0.07062,-0.042,-0.598,Consumer Cyclical,Consumer Cyclical,Apparel Retail,2026-05-21
GOCLCORP,15132002304.0,SMALL CAP,305.25,6.010041,0.5410171,,5.952,-5.80998,2.67166,-0.987,1.276,Basic Materials,Basic Materials,Specialty Chemicals,2026-05-21
GODFRYPHLP,365215678464.0,MID CAP,2341.39990234375,23.95539,5.878587,0.26593,3.757,0.16038999,0.16364,1.245,0.861,Consumer Defensive,Consumer Defensive,Tobacco,2026-05-21
GODREJAGRO,113684742144.0,MID CAP,591.0,24.043938,5.5952134,0.18681,72.751,0.03481,0.04634,0.083,0.482,Consumer Defensive,Consumer Defensive,Packaged Foods,2026-05-21
GODREJCP,1042174640128.0,LARGE CAP,1018.5,55.93081,8.227445,0.15099,34.899,0.19620001,0.12264,0.084,0.097,Consumer Defensive,Consumer Defensive,Household & Personal Products,2026-05-21
GODAVARIB,16729425920.0,SMALL CAP,326.8999938964844,47.722626,2.3065796,,67.931,0.06421,-0.013350001,0.028,0.229,Basic Materials,Basic Materials,Chemicals,2026-05-21
GODIGIT,287961645056.0,MID CAP,311.54998779296875,52.98469,6.132391,0.117089994,7.469,0.054050002,0.051960003,0.226,0.289,Financial Services,Financial Services,Insurance - Property & Casualty,2026-05-21
GODREJIND,379511701504.0,MID CAP,1126.800048828125,30.561434,3.6487513,0.10832,222.411,0.19414,0.04775,0.516,1.426,Industrials,Industrials,Conglomerates,2026-05-21
GODREJPROP,521571336192.0,LARGE CAP,1731.5999755859375,28.211143,2.7222948,0.09969,82.119,0.14072,0.36056,0.63,0.701,Real Estate,Real Estate,Real Estate - Development,2026-05-21
GOKULAGRO,67793223680.0,SMALL CAP,229.74000549316406,18.364508,4.775704,0.30102,41.405,0.03119,0.01534,0.138,1.45,Consumer Defensive,Consumer Defensive,Packaged Foods,2026-05-21
GOKEX,50148474880.0,SMALL CAP,684.4000244140625,43.871796,2.3329937,,46.068,0.0292,0.029749999,-0.009,-0.72,Consumer Cyclical,Consumer Cyclical,Apparel Manufacturing,2026-05-21
GOKUL,4028106496.0,MICRO CAP,40.689998626708984,20.866665,1.1312518,,97.223,0.00732,0.00491,0.068,7.983,Consumer Defensive,Consumer Defensive,Packaged Foods,2026-05-21
GOODYEAR,17015010304.0,SMALL CAP,737.6500244140625,29.997967,2.9583392,,4.835,0.04933,0.02301,-0.039,1.599,Consumer Cyclical,Consumer Cyclical,Auto Parts,2026-05-21
GOPAL,36740120576.0,SMALL CAP,294.75,49.78885,8.472506,,14.964,0.05,0.00296,0.018,1.884,Consumer Defensive,Consumer Defensive,Packaged Foods,2026-05-21
GOODLUCK,47996403712.0,SMALL CAP,1444.0,28.252789,3.5089254,,70.111,0.08085,0.04084,0.101,0.059,Basic Materials,Basic Materials,Steel,2026-05-21
GOYALALUM,979146944.0,MICRO CAP,6.860000133514404,38.11111,3.80477,,5.731,0.056929998,0.04048,-0.142,-0.5,Basic Materials,Basic Materials,Aluminum,2026-05-21
GOYALSALT,3125383680.0,MICRO CAP,174.6,23.626524,4.6721973,,,,,,,Unknown,Unknown,Unknown,2026-05-21
GPPL,74323615744.0,SMALL CAP,153.67999267578125,15.337324,3.1019518,,2.111,0.43796003,0.44205,0.112,0.083,Industrials,Industrials,Marine Shipping,2026-05-21
GPTHEALTH,11565627392.0,SMALL CAP,140.9499969482422,28.532387,4.565182,0.16324,33.842,0.14099,0.088240005,0.262,0.137,Healthcare,Healthcare,Medical Care Facilities,2026-05-21
GPECO,4225256448.0,MICRO CAP,360.8,40.722347,5.3007374,,,,,,,Unknown,Unknown,Unknown,2026-05-21
GPIL,196043112448.0,MID CAP,301.5,23.966614,3.5359519,0.14866,7.582,0.25428,0.14626001,0.114,0.231,Basic Materials,Basic Materials,Steel,2026-05-21
GRADIENTE,1884707968.0,MICRO CAP,5.670000076293945,,,,3.091,0.29313,0.025940001,-0.411,0.0,Communication Services,Communication Services,Entertainment,2026-05-21
GPTINFRA,15353298944.0,SMALL CAP,121.5,17.088608,2.8110685,,33.327,0.11863,0.07139,0.021,-0.064,Industrials,Industrials,Engineering & Construction,2026-05-21
GRANDOAK,,UNKNOWN,28.520000457763672,,1.7710985,0.00011,311.972,-0.15674,0.32664,10.903,,,,,2026-05-21
GRANULES,189874388992.0,MID CAP,766.25,31.365124,3.6909034,0.13522,29.735,0.18384,0.11089,0.228,0.313,Healthcare,Healthcare,Drug Manufacturers - Specialty & Generic,2026-05-21
GRAUWEIL,29517086720.0,SMALL CAP,65.0999984741211,21.0,2.9613793,,1.192,0.11196,0.11925,0.058,-0.253,Basic Materials,Basic Materials,Specialty Chemicals,2026-05-21
GRAPHISAD,975965120.0,MICRO CAP,53.4,11.633986,0.9343669,,,,,,,Unknown,Unknown,Unknown,2026-05-21
GRASIM,2109795598336.0,MEGA CAP,3110.10009765625,42.563965,2.1182387,,126.634,0.15687001,0.026719999,0.274,0.141,Basic Materials,Basic Materials,Building Materials,2026-05-21
GRAPHITE,147235045376.0,MID CAP,753.5999755859375,44.64455,2.522215,,4.572,0.02804,0.121800005,0.228,,Industrials,Industrials,Electrical Equipment & Parts,2026-05-21
GRAVITA,117995798528.0,MID CAP,1620.0,31.147858,4.8108473,0.16680999,29.934,0.094069995,0.08724,0.131,-0.032,Industrials,Industrials,Metal Fabrication,2026-05-21
GRCL,2122773120.0,MICRO CAP,369.95,74.28715,12.677771,,,,,,,Unknown,Unknown,Unknown,2026-05-21
GRAVISSHO,,UNKNOWN,30.0,,1.1019284,-0.00343,4.916,0.18976,-0.010249999,0.095,,,,,2026-05-21
GREENLAM,59490238464.0,SMALL CAP,233.16000366210938,342.88235,5.3059645,,103.274,0.04601,0.00658,0.173,,Consumer Cyclical,Consumer Cyclical,"Furnishings, Fixtures & Appliances",2026-05-21
GREENCHEF,1754696832.0,MICRO CAP,75.4,29.453127,1.5128108,,,,,,,Unknown,Unknown,Unknown,2026-05-21
GREAVESCOT,39867310080.0,SMALL CAP,171.13999938964844,37.613186,2.830632,,12.328,0.03943,0.03334,0.166,0.225,Industrials,Industrials,Specialty Industrial Machinery,2026-05-21
GREENPLY,31887493120.0,SMALL CAP,255.3000030517578,35.606693,3.5346894,0.10536,57.505,0.098450005,0.03269,0.196,0.861,Basic Materials,Basic Materials,Lumber & Wood Production,2026-05-21
GREENPOWER,12915079168.0,SMALL CAP,11.010000228881836,17.758064,1.0812138,0.06458,45.393,-0.07829,0.21989,0.124,,Utilities,Utilities,Utilities - Independent Power Producers,2026-05-21
GREENPANEL,22142828544.0,SMALL CAP,180.57000732421875,,1.6254536,-0.02125,27.299,0.01337,-0.018919999,0.065,-0.953,Basic Materials,Basic Materials,Lumber & Wood Production,2026-05-21
GRETEX,1940707328.0,MICRO CAP,131.0,135.05154,4.8928065,,,,,,,Unknown,Unknown,Unknown,2026-05-21
GRINDWELL,212571324416.0,MID CAP,1919.9000244140625,51.047592,9.319269,,3.481,0.14868,0.13231,0.071,0.097,Industrials,Industrials,Building Products & Equipment,2026-05-21
GROBTEA,1045399616.0,MICRO CAP,899.4000244140625,18.594172,0.99689764,,14.11,0.12472,0.046529997,0.776,9.9,Consumer Defensive,Consumer Defensive,Farm Products,2026-05-21
GRINFRA,91714461696.0,SMALL CAP,947.8499755859375,10.162432,1.0265683,0.100880004,51.877,0.12872,0.1075,0.097,-0.487,Industrials,Industrials,Engineering & Construction,2026-05-21
GRMOVER,34309918720.0,SMALL CAP,165.3300018310547,52.154575,6.4004493,,44.143,0.042719997,0.049850002,0.3,0.272,Consumer Defensive,Consumer Defensive,Packaged Foods,2026-05-21
GRSE,310012084224.0,MID CAP,2706.300048828125,45.029953,11.804193,0.31791002,1.424,0.16153,0.106809996,0.291,0.242,Industrials,Industrials,Aerospace & Defense,2026-05-21
GRPLTD,8799997952.0,MICRO CAP,1650.0,36.691128,4.9328094,0.01741,116.333,0.03075,0.00599,-0.096,,Consumer Cyclical,Consumer Cyclical,Auto Parts,2026-05-21
GRWRHITECH,129553121280.0,MID CAP,5576.39990234375,38.35477,4.8771653,0.13454,0.59,0.20688999,0.15953,0.089,0.391,Basic Materials,Basic Materials,Specialty Chemicals,2026-05-21
GSLSU,2339476224.0,MICRO CAP,55.20000076293945,,0.773792,,71.035,-0.02485,-0.075840004,0.287,,Basic Materials,Basic Materials,Building Materials,2026-05-21
GSFC,71191994368.0,SMALL CAP,178.66000366210938,10.279633,0.57131714,,0.011,0.04328,0.06765,0.045,0.182,Basic Materials,Basic Materials,Agricultural Inputs,2026-05-21
GSMFOILS,576213120.0,MICRO CAP,44.15,3.569119,0.83478296,,,,,,,Unknown,Unknown,Unknown,2026-05-21
GSPCROP,20449644544.0,SMALL CAP,439.6000061035156,24.738323,3.237185,,64.835,0.02417,0.0704,-0.017,,Basic Materials,Basic Materials,Agricultural Inputs,2026-05-21
GSS,366973344.0,MICRO CAP,14.220000267028809,,0.10683215,,41.074,0.03375,-0.01895,-0.205,,Technology,Technology,Information Technology Services,2026-05-21
GTECJAINX,196649584.0,MICRO CAP,19.299999237060547,,11.980137,,62.029,-0.14332,-0.11575,1.037,,Consumer Defensive,Consumer Defensive,Education & Training Services,2026-05-21
GSTL,700534400.0,MICRO CAP,43.95,,1.5669566,,,,,,,Unknown,Unknown,Unknown,2026-05-21
GTL,1189163648.0,MICRO CAP,7.559999942779541,,-0.021835258,,,0.49379003,2.56969,-0.153,54.087,Communication Services,Communication Services,Telecom Services,2026-05-21
GUFICBIO,28881360896.0,SMALL CAP,288.0,57.831326,4.5697603,,58.497,0.10927,0.055770002,0.114,-0.358,Healthcare,Healthcare,Drug Manufacturers - Specialty & Generic,2026-05-21
GTPL,7595753984.0,MICRO CAP,67.54000091552734,48.24286,0.6603764,0.009649999,39.615,-0.0212,0.00424,0.063,,Communication Services,Communication Services,Entertainment,2026-05-21
GUJALKALI,52654276608.0,SMALL CAP,717.0,,1.3780829,,6.128,0.29207,0.1839,3.957,5.191,Basic Materials,Basic Materials,Chemicals,2026-05-21
GTLINFRA,16908027904.0,SMALL CAP,1.3200000524520874,2.2,-0.26655897,,,0.110190004,-1.3534501,0.036,,Technology,Technology,Communication Equipment,2026-05-21
GUJAPOLLO,4918872576.0,MICRO CAP,379.25,,0.91363746,,9.248,-0.32992,-0.07649,1.595,-0.742,Industrials,Industrials,Specialty Industrial Machinery,2026-05-21
GUJRAFFIA,,UNKNOWN,38.029998779296875,18.37198,0.9536108,,10.054,0.0086,0.0105,2.92,0.357,,,,2026-05-21
GUJGASLTD,254601101312.0,MID CAP,369.8500061035156,21.910547,2.9160163,,118.64,0.10338,0.07541,0.211,0.326,Utilities,Utilities,Utilities - Regulated Gas,2026-05-21
GULPOLY,12552967168.0,SMALL CAP,201.8699951171875,16.452322,1.9625895,,70.759,0.11688,0.03361,0.028,5.074,Basic Materials,Basic Materials,Chemicals,2026-05-21
GUJTHEM,39080226816.0,SMALL CAP,358.0,81.922195,14.741611,,27.036,0.40162,0.29994,0.097,-0.042,Healthcare,Healthcare,Drug Manufacturers - Specialty & Generic,2026-05-21
GVKPIL,5037681152.0,MICRO CAP,3.190000057220459,,-0.3467768,,,-1.49115,0.0,-0.984,,Utilities,Utilities,Utilities - Independent Power Producers,2026-05-21
GULFOILLUB,44554616832.0,SMALL CAP,899.9500122070312,12.812501,2.6918256,,29.566,0.112799995,0.08882,0.091,-0.224,Basic Materials,Basic Materials,Specialty Chemicals,2026-05-21
GULFPETRO,1692681600.0,MICRO CAP,33.20000076293945,6.5742574,0.49811706,,4.622,0.04379,0.03892,0.245,-0.214,Energy,Energy,Oil & Gas Refining & Marketing,2026-05-21
GVPIL,46894522368.0,SMALL CAP,697.5499877929688,14.541379,8.051224,0.71698,3.02,0.32781,0.199,0.188,-0.311,Industrials,Industrials,Engineering & Construction,2026-05-21
GVT&D,1244206858240.0,LARGE CAP,4859.2998046875,100.73175,59.618187,0.55261004,0.892,0.26439,0.19871001,0.42,0.887,Industrials,Industrials,Specialty Industrial Machinery,2026-05-21
GVPTECH,1104687872.0,MICRO CAP,6.699999809265137,,1.3620654,0.00452,,-12.311629,0.0431,-0.46,,Technology,Technology,Information Technology Services,2026-05-21
HALDER,2817237504.0,MICRO CAP,226.5,3235.7144,1.8616999,,199.222,0.18708,0.00592,-0.592,-0.023,Consumer Defensive,Consumer Defensive,Farm Products,2026-05-21
HAL,2916393680896.0,MEGA CAP,4360.7998046875,31.998825,7.8569713,0.23979001,0.027,0.26945,0.27549,0.018,0.055,Industrials,Industrials,Aerospace & Defense,2026-05-21
HALDYNGL,,UNKNOWN,105.5999984741211,,2.5510328,,60.125,0.08984999,0.04941,0.214,0.311,,,,2026-05-21
HALEOSLABS,5085773312.0,MICRO CAP,1682.199951171875,25.63157,2.4632497,,31.368,0.10697,0.05708,0.12,0.211,Healthcare,Healthcare,Biotechnology,2026-05-21
HAPPSTMNDS,55897440256.0,SMALL CAP,372.0,30.219334,3.4209728,0.116969995,28.275,0.14472,0.08222,0.107,-0.198,Technology,Technology,Information Technology Services,2026-05-21
HAPPYFORGE,136034500608.0,MID CAP,1441.800048828125,47.694347,6.936967,,9.832,0.25037,0.19382,0.104,0.222,Industrials,Industrials,Metal Fabrication,2026-05-21
HARDWYN,12694401024.0,SMALL CAP,25.989999771118164,108.29167,3.1332128,,1.527,0.052010003,0.06179,0.058,-0.5,Industrials,Industrials,Building Products & Equipment,2026-05-21
HARIOMPIPE,9623085056.0,MICRO CAP,310.75,15.307882,1.5924138,,69.094,0.07604,0.0403,0.21,0.03,Basic Materials,Basic Materials,Steel,2026-05-21
HARRMALAYA,4124229120.0,MICRO CAP,223.47000122070312,16.347477,2.497988,,68.843,0.04927,0.04768,-0.008,-0.318,Consumer Defensive,Consumer Defensive,Farm Products,2026-05-21
HATHWAY,18143569920.0,SMALL CAP,10.25,22.282608,0.43347713,0.01858,0.212,0.00414,0.03829,0.064,-0.696,Communication Services,Communication Services,Entertainment,2026-05-21
HATSUN,207768453120.0,MID CAP,932.75,58.44298,11.354092,,109.967,0.04615,0.03701,0.176,0.478,Consumer Defensive,Consumer Defensive,Packaged Foods,2026-05-21
HARSHA,37013979136.0,SMALL CAP,406.54998779296875,23.830599,2.8175895,,24.121,0.110640004,0.06919,0.207,0.259,Industrials,Industrials,Tools & Accessories,2026-05-21
HAVELLS,757851684864.0,LARGE CAP,1208.199951171875,44.86446,8.014966,0.18969999,2.801,0.09375,0.075040005,0.025,0.396,Industrials,Industrials,Electrical Equipment & Parts,2026-05-21
HBESD,,UNKNOWN,76.98999786376953,,0.946672,,,,,,,Unknown,Unknown,Unknown,2026-05-21
HAWKINCOOK,,UNKNOWN,7180.0,30.19344,10.199211,,16.196,0.12880999,0.10532,0.162,0.581,Consumer Cyclical,Consumer Cyclical,"Furnishings, Fixtures & Appliances",2026-05-21
HAVISHA,244121936.0,MICRO CAP,1.590000033378601,,2.1632652,,208.219,0.1165,-0.43105,0.065,,Consumer Cyclical,Consumer Cyclical,Lodging,2026-05-21
HBLENGINE,218429620224.0,MID CAP,788.0,27.427776,11.012507,,4.396,0.33192003,0.2508,0.94,2.442,Industrials,Industrials,Electrical Equipment & Parts,2026-05-21
HBSL,442535232.0,MICRO CAP,62.0,,0.47935674,,13.379,0.05722,0.0,,,Financial Services,Financial Services,Capital Markets,2026-05-21
HCC,54092013568.0,SMALL CAP,20.649999618530273,27.533333,2.1192527,0.10915,47.912,0.1876,0.040560003,-0.259,-0.46,Industrials,Industrials,Engineering & Construction,2026-05-21
HCG,92806250496.0,SMALL CAP,621.5999755859375,634.2857,9.470267,0.01898,123.057,0.11323,0.00535,0.137,-0.712,Healthcare,Healthcare,Medical Care Facilities,2026-05-21
HCL-INSYS,3894553344.0,MICRO CAP,11.829999923706055,,-1.2730012,,,-3.5426502,-1.1266,-0.26,,Technology,Technology,Electronics & Computer Distribution,2026-05-21
HCLTECH,3171836493824.0,MEGA CAP,1172.300048828125,19.089725,4.2370844,0.23357001,6.935,0.16486,0.128,0.053,-0.002,Technology,Technology,Information Technology Services,2026-05-21
HDBFS,551352008704.0,LARGE CAP,665.5499877929688,21.531866,2.6743307,0.13945,480.236,0.42518002,0.28924,0.184,0.357,Financial Services,Financial Services,Credit Services,2026-05-21
HDFCAMC,1183129534464.0,LARGE CAP,2761.300048828125,41.460964,12.81322,0.32929,,0.78761,0.61833,0.037,-0.028,Financial Services,Financial Services,Asset Management,2026-05-21
HDFCBANK,11704980209664.0,MEGA CAP,760.2999877929688,16.966078,2.0701609,0.13818,,0.40539002,0.26834,-0.018,0.075,Financial Services,Financial Services,Banks - Regional,2026-05-21
HDFCLIFE,1321981050880.0,LARGE CAP,612.7999877929688,69.242935,7.435359,0.11281,17.46,0.0269,0.01915,-0.177,0.041,Financial Services,Financial Services,Insurance - Life,2026-05-21
HDIL,948008000.0,MICRO CAP,2.0,,-0.021441514,,,-3.24165,-0.05415,-0.135,,Real Estate,Real Estate,Real Estate - Diversified,2026-05-21
HEADSUP,158553120.0,MICRO CAP,7.179999828338623,3.7789474,0.8418337,,,0.1718,0.26614,,,Consumer Cyclical,Consumer Cyclical,Apparel Retail,2026-05-21
HECPROJECT,1343498240.0,MICRO CAP,123.95999908447266,10.741768,2.368451,,73.815,0.084759995,0.07056,1.082,0.908,Industrials,Industrials,Engineering & Construction,2026-05-21
HEG,116297916416.0,MID CAP,602.6500244140625,30.513926,2.4424398,0.07338,16.73,-0.01126,0.12599,0.112,,Industrials,Industrials,Electrical Equipment & Parts,2026-05-21
HEIDELBERG,35859869696.0,SMALL CAP,158.22999572753906,25.770359,2.7380643,,5.868,0.04401,0.06064,0.058,2.0,Basic Materials,Basic Materials,Building Materials,2026-05-21
HEMIPROP,42609041408.0,SMALL CAP,149.44000244140625,,9.452246,,20.011,-9.381209,0.0,0.071,,Real Estate,Real Estate,Real Estate - Diversified,2026-05-21
HERANBA,7568947712.0,MICRO CAP,189.16000366210938,,0.9049073,,60.274,-0.04393,-0.037320003,-0.117,,Basic Materials,Basic Materials,Agricultural Inputs,2026-05-21
HERITGFOOD,30437087232.0,SMALL CAP,328.0,20.20949,2.9192662,0.14436,32.621,0.02675,0.03317,0.104,-0.367,Consumer Defensive,Consumer Defensive,Packaged Foods,2026-05-21
HEROMOTOCO,995862577152.0,LARGE CAP,4977.0,17.362638,4.6072116,0.28027,3.57,0.1311,0.12109999,0.302,0.257,Consumer Cyclical,Consumer Cyclical,Auto Manufacturers,2026-05-21
HEXATRADEX,9087754240.0,MICRO CAP,164.5,,0.1895716,-0.0019200001,0.187,0.76414,-1.90245,-0.031,,Financial Services,Financial Services,Credit Services,2026-05-21
HESTERBIO,,UNKNOWN,1885.0,38.970436,4.299687,0.16555001,52.964,0.26153,0.16254999,0.34,9.687,Healthcare,Healthcare,Drug Manufacturers - Specialty & Generic,2026-05-21
HEXT,310945054720.0,MID CAP,510.20001220703125,22.585215,4.583925,0.22272,10.521,0.13288,0.10073,0.126,0.079,Technology,Technology,Information Technology Services,2026-05-21
HFCL,221413851136.0,MID CAP,144.69000244140625,401.91666,4.364311,0.07266,38.321,0.14757,0.062989995,1.278,,Technology,Technology,Communication Equipment,2026-05-21
HGM,744362816.0,MICRO CAP,59.099998474121094,173.82352,3.1656756,,100.637,-0.17940001,0.00806,1.458,,Technology,Technology,Information Technology Services,2026-05-21
HGINFRA,38170722304.0,SMALL CAP,585.7000122070312,9.730853,1.2452377,,182.684,0.18627001,0.075890005,0.124,-0.182,Industrials,Industrials,Engineering & Construction,2026-05-21
HGS,18805825536.0,SMALL CAP,404.25,,0.23600575,,23.446,-0.28488,0.01006,0.011,,Industrials,Industrials,Specialty Business Services,2026-05-21
HIGREEN,4182076672.0,MICRO CAP,167.35,39.656403,4.58079,,,,,,,Unknown,Unknown,Unknown,2026-05-21
HIKAL,25327208448.0,SMALL CAP,205.41000366210938,,2.0064273,,,0.13161,0.0615,0.373,0.683,Healthcare,Healthcare,Drug Manufacturers - Specialty & Generic,2026-05-21
HILTON,1113736192.0,MICRO CAP,21.639999389648438,8.387597,0.43342412,,58.483,0.04168,0.03487,0.733,2.211,Industrials,Industrials,Metal Fabrication,2026-05-21
HILINFRA,3441873152.0,MICRO CAP,47.9900016784668,9.793878,1.7069788,,27.666,0.05861,0.07224,-0.092,0.185,Industrials,Industrials,Infrastructure Operations,2026-05-21
HIMATSEIDE,9789036544.0,MICRO CAP,77.8499984741211,11.867378,0.46510375,,121.696,0.09887999,0.028380001,-0.116,-0.643,Consumer Cyclical,Consumer Cyclical,Textile Manufacturing,2026-05-21
HINDALCO,2454625189888.0,MEGA CAP,1097.699951171875,15.184672,1.8068986,,57.571,0.0868,0.06143,0.139,-0.451,Basic Materials,Basic Materials,Aluminum,2026-05-21
HINDCOMPOS,6023536640.0,MICRO CAP,407.8500061035156,19.375298,0.5260585,0.0279,0.147,0.12944001,0.082959995,0.176,0.928,Consumer Cyclical,Consumer Cyclical,Auto Parts,2026-05-21
HINDCON,1193765376.0,MICRO CAP,23.31999969482422,23.32,1.6067245,0.05466,18.593,0.06053,0.048070002,0.379,0.548,Basic Materials,Basic Materials,Specialty Chemicals,2026-05-21
HINDOILEXP,22924374016.0,SMALL CAP,173.35000610351562,21.587797,1.7067552,,5.622,0.059959996,0.20712,-0.486,-0.808,Energy,Energy,Oil & Gas E&P,2026-05-21
HINDCOPPER,540759818240.0,LARGE CAP,559.2000122070312,58.987347,18.236368,0.30602,3.319,0.49885,0.29163,0.625,1.366,Basic Materials,Basic Materials,Copper,2026-05-21
HINDUNILVR,5143960485888.0,MEGA CAP,2188.800048828125,48.33959,10.557508,0.21603,3.016,0.21363,0.23329,0.043,0.214,Consumer Defensive,Consumer Defensive,Household & Personal Products,2026-05-21
HINDPETRO,830169939968.0,LARGE CAP,390.1499938964844,4.5997405,1.2665522,0.30929002,85.369,0.08081,0.041050002,0.049,0.775,Energy,Energy,Oil & Gas Refining & Marketing,2026-05-21
HINDWAREAP,19098974208.0,SMALL CAP,228.3300018310547,,2.5270042,,119.294,0.03532,-0.020079998,0.068,,Consumer Cyclical,Consumer Cyclical,"Furnishings, Fixtures & Appliances",2026-05-21
HINDZINC,2671669149696.0,MEGA CAP,632.2999877929688,19.324572,11.807877,0.76941,39.034,0.52458,0.35292998,0.408,0.675,Basic Materials,Basic Materials,Other Industrial Metals & Mining,2026-05-21
HIRECT,33688231936.0,SMALL CAP,980.0999755859375,66.67347,16.159933,0.21110001,118.871,0.02012,0.044970002,0.518,-0.549,Industrials,Industrials,Electrical Equipment & Parts,2026-05-21
HISARMETAL,814859968.0,MICRO CAP,150.89999389648438,27.238266,1.2747301,,106.756,0.041840002,0.01203,0.195,0.645,Basic Materials,Basic Materials,Steel,2026-05-21
HITECH,17504028672.0,SMALL CAP,86.3499984741211,23.150133,1.333529,,20.944,0.03292,0.02207,0.405,-0.222,Basic Materials,Basic Materials,Steel,2026-05-21
HITECHGEAR,11005925376.0,SMALL CAP,585.0,48.79066,2.2734869,,,0.10385,0.05585,0.363,1.263,Consumer Cyclical,Consumer Cyclical,Auto Parts,2026-05-21
HITECHCORP,2903552256.0,MICRO CAP,169.0500030517578,39.77647,1.0426432,,47.479,0.01919,0.011729999,0.18,,Consumer Cyclical,Consumer Cyclical,Packaging & Containers,2026-05-21
HLEGLAS,22496389120.0,SMALL CAP,323.8999938964844,33.152504,4.1633997,0.09648,21.836,0.08743,0.03629,0.175,-0.475,Industrials,Industrials,Specialty Industrial Machinery,2026-05-21
HLVLTD,5148819968.0,MICRO CAP,7.809999942779541,111.57143,1.13865,0.00936,8.381,0.109519996,0.02148,0.055,-0.375,Consumer Cyclical,Consumer Cyclical,Lodging,2026-05-21
HMAAGRO,12103605248.0,SMALL CAP,24.170000076293945,7.129793,1.4019722,,70.83,0.027409999,0.02484,0.415,2.22,Consumer Defensive,Consumer Defensive,Packaged Foods,2026-05-21
HMT,68765671424.0,SMALL CAP,57.11000061035156,,-1.0318536,,,-0.45895,-1.1698201,-0.286,,Industrials,Industrials,Farm & Heavy Construction Machinery,2026-05-21
HNDFDS,62757793792.0,SMALL CAP,525.25,45.873363,6.028764,,86.577,0.06798,0.03375,0.135,0.238,Industrials,Industrials,Conglomerates,2026-05-21
HMVL,4609379328.0,MICRO CAP,62.70000076293945,6.9358406,0.29691157,,5.327,-0.021389998,0.08396,0.075,-0.951,Communication Services,Communication Services,Publishing,2026-05-21
HOACFOODS,563030272.0,MICRO CAP,146.5,21.735907,2.5293071,,,,,,,Unknown,Unknown,Unknown,2026-05-21
HOMESFY,2135744384.0,MICRO CAP,662.0,,5.199783,,,,,,,Unknown,Unknown,Unknown,2026-05-21
HONASA,115872112640.0,MID CAP,356.0,74.47698,9.081169,,11.184,0.09053001,0.06865,0.162,0.949,Consumer Defensive,Consumer Defensive,Household & Personal Products,2026-05-21
HOLMARC,1094947456.0,MICRO CAP,108.95,29.287634,3.993329,,,,,,,Unknown,Unknown,Unknown,2026-05-21
HOMEFIRST,113337450496.0,MID CAP,1085.0,21.035284,2.5926793,,240.452,0.66566,0.50243,0.346,0.253,Financial Services,Financial Services,Mortgage Finance,2026-05-21
HPIL,1530830720.0,MICRO CAP,134.0,139.58334,2.9952836,,73.098,0.0277,0.00889,0.113,0.462,Basic Materials,Basic Materials,Specialty Chemicals,2026-05-21
HPAL,3306571776.0,MICRO CAP,35.9900016784668,24.154364,1.7493804,0.03751,2.255,-0.076680005,0.027590001,-0.13,,Basic Materials,Basic Materials,Specialty Chemicals,2026-05-21
HONAUT,304658808832.0,MID CAP,34435.0,57.917755,7.268654,,2.215,0.115430005,0.10945,0.071,-0.082,Industrials,Industrials,Electrical Equipment & Parts,2026-05-21
HRHNEXT,614666560.0,MICRO CAP,46.55,16.805054,1.5881408,,,,,,,Unknown,Unknown,Unknown,2026-05-21
HPL,22935984128.0,SMALL CAP,356.70001220703125,23.606884,2.403137,,77.475,0.11892,0.05454,0.208,0.075,Industrials,Industrials,Electrical Equipment & Parts,2026-05-21
HTMEDIA,4927116800.0,MICRO CAP,21.299999237060547,2130.0,0.30563924,,39.322,-0.01402,0.00017000001,0.014,,Communication Services,Communication Services,Publishing,2026-05-21
HUDCO,414193090560.0,MID CAP,206.89999389648438,10.26799,2.2938423,,705.764,0.66308,0.61524,0.161,-0.03,Financial Services,Financial Services,Credit Services,2026-05-21
HUBTOWN,29556936704.0,SMALL CAP,208.0,23.188406,1.1214873,0.0637,44.93,0.59371,0.17828,1.096,5.119,Real Estate,Real Estate,Real Estate - Development,2026-05-21
HSCL,298890461184.0,MID CAP,592.4000244140625,39.493336,6.349819,0.17698,16.137,0.20308,0.16121,0.135,0.278,Basic Materials,Basic Materials,Specialty Chemicals,2026-05-21
HUHTAMAKI,12631798784.0,SMALL CAP,167.25999450683594,10.7355585,0.97653526,,11.138,0.06072,0.04733,0.041,-0.02,Consumer Cyclical,Consumer Cyclical,Packaging & Containers,2026-05-21
HYBRIDFIN,550458368.0,MICRO CAP,18.700000762939453,16.548674,1.2570584,,1.604,0.35443002,0.66796,-0.052,0.364,Financial Services,Financial Services,Capital Markets,2026-05-21
HYUNDAI,1503282331648.0,LARGE CAP,1850.0999755859375,27.675392,7.5123034,0.29916,5.484,0.07308,0.07676,0.048,-0.222,Consumer Cyclical,Consumer Cyclical,Auto Manufacturers,2026-05-21
IBULLSLTD,40178507776.0,SMALL CAP,17.989999771118164,14.277778,1.29948,0.24445999,14.753,0.40914002,0.31094,,,Real Estate,Real Estate,Real Estate - Development,2026-05-21
IBLFL,1290939904.0,MICRO CAP,52.2,54.94737,2.1552436,,,,,,,Unknown,Unknown,Unknown,2026-05-21
ICICIAMC,1597146923008.0,LARGE CAP,3231.39990234375,48.352535,38.279472,0.85802,,0.73064005,0.54963,0.082,0.104,Financial Services,Financial Services,Asset Management,2026-05-21
ICEMAKE,12383148032.0,SMALL CAP,784.75,90.09759,10.258438,,139.699,0.0367,0.02326,0.387,-0.489,Industrials,Industrials,Specialty Industrial Machinery,2026-05-21
ICDSLTD,561450752.0,MICRO CAP,43.099998474121094,23.944445,,,,0.0,0.0,,,Real Estate,Real Estate,Real Estate Services,2026-05-21
ICICIPRULI,745706487808.0,LARGE CAP,514.6500244140625,46.364864,5.465407,0.12579,19.037,0.08467,0.02525,-0.789,0.614,Financial Services,Financial Services,Insurance - Life,2026-05-21
ICICIBANK,8938025123840.0,MEGA CAP,1246.5999755859375,16.684063,2.4592397,0.16359,,0.33293998,0.24929,0.669,0.084,Financial Services,Financial Services,Banks - Regional,2026-05-21
ICIL,61842464768.0,SMALL CAP,312.25,51.86877,2.6797976,,53.871,0.04855,0.02911,-0.077,-0.677,Consumer Cyclical,Consumer Cyclical,Textile Manufacturing,2026-05-21
ICICIGI,895146721280.0,LARGE CAP,1794.0999755859375,32.425446,5.561618,0.17851,,0.101339996,0.10264,0.122,0.067,Financial Services,Financial Services,Insurance - Diversified,2026-05-21
ICRA,52300656640.0,SMALL CAP,5420.0,28.251238,4.796906,,,0.34390998,0.32949,0.041,0.323,Financial Services,Financial Services,Financial Data & Stock Exchanges,2026-05-21
IDBI,786753257472.0,LARGE CAP,73.16999816894531,8.468749,1.1454289,0.14152999,,0.15577,0.43376,,,Financial Services,Financial Services,Banks - Regional,2026-05-21
IDEA,1487549759488.0,LARGE CAP,13.729999542236328,4.2772584,-4.156827,,,-0.05821,0.77143997,0.032,,Communication Services,Communication Services,Telecom Services,2026-05-21
IDEAFORGE,32187119616.0,SMALL CAP,741.8499755859375,,5.415082,-0.028199999,13.974,0.35402,-0.07531,5.944,,Technology,Technology,Computer Hardware,2026-05-21
IEX,112638779392.0,MID CAP,126.66000366210938,22.862816,8.307208,0.39419997,0.818,0.84190005,0.65990996,0.125,0.098,Financial Services,Financial Services,Capital Markets,2026-05-21
IEML,5031919616.0,MICRO CAP,358.5,30.304312,4.7482815,,,,,,,Unknown,Unknown,Unknown,2026-05-21
IDFCFIRSTB,588808781824.0,LARGE CAP,68.4000015258789,36.38298,1.2554836,,,0.33398,0.32775003,-0.011,-0.232,Financial Services,Financial Services,Banks - Regional,2026-05-21
IFBIND,42544734208.0,SMALL CAP,1050.0,35.50896,4.609509,,18.143,0.03192,0.021949999,0.113,-0.229,Consumer Cyclical,Consumer Cyclical,"Furnishings, Fixtures & Appliances",2026-05-21
IFBAGRO,8736704512.0,MICRO CAP,932.7000122070312,18.291822,1.335072,,13.624,0.02078,0.03768,0.159,-0.354,Consumer Defensive,Consumer Defensive,Beverages - Wineries & Distilleries,2026-05-21
IFCI,165861982208.0,MID CAP,61.560001373291016,89.21739,1.9084822,,,1.1794,0.0,,,Financial Services,Financial Services,Credit Services,2026-05-21
IFGLEXPOR,12109208576.0,SMALL CAP,168.0,42.105263,1.0646118,,19.053,0.00659,0.01551,0.237,,Basic Materials,Basic Materials,Building Materials,2026-05-21
IGIL,163226714112.0,MID CAP,377.70001220703125,31.90034,11.591579,0.43001997,10.116,0.56104,0.43251,-0.3,0.231,Basic Materials,Basic Materials,Other Precious Metals & Mining,2026-05-21
IGARASHI,12147794944.0,SMALL CAP,385.95001220703125,89.13396,2.617178,,30.826,0.02881,0.01641,0.025,-0.323,Consumer Cyclical,Consumer Cyclical,Auto Parts,2026-05-21
IGL,217308233728.0,MID CAP,155.22000122070312,14.021681,1.9366188,,0.903,0.083330005,0.10422,0.082,0.206,Utilities,Utilities,Utilities - Regulated Gas,2026-05-21
IGCL,3897127168.0,MICRO CAP,61.63999938964844,11.268739,1.0924429,,47.136,0.09719,0.05565,0.188,-0.105,Basic Materials,Basic Materials,Agricultural Inputs,2026-05-21
IIFL,197560909824.0,MID CAP,464.6000061035156,11.992772,1.4193238,0.12286,446.24,0.39839,0.21020001,-0.141,1.831,Financial Services,Financial Services,Credit Services,2026-05-21
IGPL,13272580096.0,SMALL CAP,431.0,,0.99620926,0.00166,27.136,0.09666,0.00114,0.102,0.479,Basic Materials,Basic Materials,Chemicals,2026-05-21
IIFLCAPS,107304828928.0,MID CAP,344.54998779296875,20.196365,3.8037357,0.20198,59.292,0.26115,0.24367,0.12,-0.111,Financial Services,Financial Services,Capital Markets,2026-05-21
IKIO,12058107904.0,SMALL CAP,156.02999877929688,32.039017,2.0058877,0.07095,11.438,0.10614,0.063540004,0.473,,Technology,Technology,Electronic Components,2026-05-21
IITL,3706591744.0,MICRO CAP,164.38999938964844,67.09796,0.82390267,,0.692,0.69211,0.27151,,,Financial Services,Financial Services,Credit Services,2026-05-21
IL&FSENGG,3350143488.0,MICRO CAP,25.549999237060547,,-0.10530523,,,-0.07569,-0.00546,-0.082,0.273,Industrials,Industrials,Engineering & Construction,2026-05-21
IKS,270936702976.0,MID CAP,1616.4000244140625,38.32148,12.059176,,34.186,0.30622,0.21679,0.24,0.412,Healthcare,Healthcare,Health Information Services,2026-05-21
IMAGICAA,23992526848.0,SMALL CAP,42.400001525878906,157.03703,1.3419421,0.00051,27.313,0.08422,0.00166,-0.009,-0.962,Communication Services,Communication Services,Entertainment,2026-05-21
IMFA,76819857408.0,SMALL CAP,1423.800048828125,20.855429,3.0597641,,17.281,0.21194,0.14006,0.093,0.406,Basic Materials,Basic Materials,Other Industrial Metals & Mining,2026-05-21
IL&FSTRANS,782924928.0,MICRO CAP,2.380000114440918,,-0.0052687856,,385.701,0.34368,0.0,0.76,,Industrials,Industrials,Infrastructure Operations,2026-05-21
IMPEXFERRO,160829744.0,MICRO CAP,1.7999999523162842,,-0.048760664,,,0.0,0.0,,,Basic Materials,Basic Materials,Other Industrial Metals & Mining,2026-05-21
INA,30132353024.0,SMALL CAP,136.72000122070312,16.98385,4.3854246,,37.384,0.10946,0.099379994,0.77,1.702,Technology,Technology,Solar,2026-05-21
IMPAL,12803232768.0,SMALL CAP,1025.9000244140625,14.712462,0.5005477,,,0.07482,0.10674,,,Consumer Cyclical,Consumer Cyclical,Auto Parts,2026-05-21
INCREDIBLE,1658710400.0,MICRO CAP,35.470001220703125,12.85145,1.061563,,11.937,0.0195,0.01507,0.168,-0.4,Basic Materials,Basic Materials,Steel,2026-05-21
INDBANK,1503089536.0,MICRO CAP,33.869998931884766,21.301886,1.5419284,0.073709995,,0.30131,0.28584,0.144,0.038,Financial Services,Financial Services,Capital Markets,2026-05-21
INDIACEM,186007814144.0,MID CAP,400.1499938964844,,1.2248278,-0.00662,12.888,0.06287,-0.015,0.026,2.764,Basic Materials,Basic Materials,Building Materials,2026-05-21
INDGN,122681892864.0,MID CAP,510.5,28.003292,3.9045172,0.13941,4.601,0.12139,0.114259996,0.328,-0.323,Healthcare,Healthcare,Health Information Services,2026-05-21
INDHOTEL,943023849472.0,LARGE CAP,662.5,45.25273,8.150837,0.16430001,18.987,0.31103,0.20903999,0.145,0.147,Consumer Cyclical,Consumer Cyclical,Lodging,2026-05-21
INDIAMART,121288523776.0,MID CAP,2017.699951171875,25.631351,5.0504117,0.20703,0.962,0.31066,0.30253,0.139,-0.723,Communication Services,Communication Services,Internet Content & Information,2026-05-21
INDIANB,1115218771968.0,LARGE CAP,827.9500122070312,9.533103,1.3931024,0.15442,,0.47081003,0.34144002,0.018,0.064,Financial Services,Financial Services,Banks - Regional,2026-05-21
INDIAGLYCO,68119298048.0,SMALL CAP,1016.2999877929688,22.098282,2.6283054,0.112849995,57.645,0.05333,0.029779999,1.735,0.319,Basic Materials,Basic Materials,Chemicals,2026-05-21
INDIANCARD,1263616768.0,MICRO CAP,212.69000244140625,5.142408,0.36420518,,1.437,-0.43803,0.59928,-0.015,,Consumer Cyclical,Consumer Cyclical,Textile Manufacturing,2026-05-21
INDIANHUME,16426174464.0,SMALL CAP,311.79998779296875,2.6606364,1.1722598,0.09864,28.091,0.094239995,0.10808,-0.104,-0.954,Industrials,Industrials,Engineering & Construction,2026-05-21
INDIFRA,245673008.0,MICRO CAP,33.7,3370.0002,1.3271375,,,,,,,Unknown,Unknown,Unknown,2026-05-21
INDIASHLTR,84890443776.0,SMALL CAP,780.3499755859375,17.283499,2.8935719,0.17036,195.303,0.55303,0.46425,0.307,0.283,Financial Services,Financial Services,Mortgage Finance,2026-05-21
INDIGO,1720231264256.0,LARGE CAP,4449.0,53.50048,18.351799,,866.462,0.15758,0.03793,0.062,-0.776,Industrials,Industrials,Airlines,2026-05-21
INDIGRID,133416214528.0,MID CAP,140.06,35.91282,2.5366755,,,,,,,Unknown,Unknown,Unknown,2026-05-21
INDIGOPNTS,46610112512.0,SMALL CAP,977.6500244140625,32.372517,4.365542,,2.232,0.14862001,0.105550006,0.047,0.008,Basic Materials,Basic Materials,Specialty Chemicals,2026-05-21
INDIQUBE,34958409728.0,SMALL CAP,164.89999389648438,,6.046716,,866.823,0.22883,-0.08543,0.456,,Real Estate,Real Estate,Real Estate Services,2026-05-21
INDNIPPON,18142382080.0,SMALL CAP,802.0,18.45375,2.3109128,,,0.14819999,0.09809,,,Consumer Cyclical,Consumer Cyclical,Auto Parts,2026-05-21
INDOCO,19079956480.0,SMALL CAP,207.0,,1.8556701,-0.101210006,116.912,0.03621,-0.05156,0.219,,Healthcare,Healthcare,Drug Manufacturers - Specialty & Generic,2026-05-21
INDOAMIN,9280319488.0,MICRO CAP,127.8499984741211,12.979694,2.5710895,,85.051,0.07159,0.061880004,0.072,0.066,Basic Materials,Basic Materials,Chemicals,2026-05-21
INDOBORAX,8985199616.0,MICRO CAP,280.0,19.512194,2.4884243,,0.009,0.19066,0.22453,0.094,0.021,Basic Materials,Basic Materials,Chemicals,2026-05-21
INDOSTAR,33254989824.0,SMALL CAP,205.80999755859375,5.050552,0.7704806,,142.897,0.039690003,0.99669,0.582,-0.707,Financial Services,Financial Services,Credit Services,2026-05-21
INDOFARM,6184721920.0,MICRO CAP,128.7100067138672,19.862656,1.1387343,,33.236,0.09896,0.06763,0.101,0.149,Industrials,Industrials,Farm & Heavy Construction Machinery,2026-05-21
INDORAMA,9251238912.0,MICRO CAP,35.43000030517578,6.7485714,2.0770311,,245.505,0.03688,0.02795,0.014,-0.358,Consumer Cyclical,Consumer Cyclical,Textile Manufacturing,2026-05-21
INDOTECH,25487998976.0,SMALL CAP,2400.0,28.338646,19.175455,,3.617,0.1619,0.11987001,0.107,0.292,Industrials,Industrials,Electrical Equipment & Parts,2026-05-21
INDPRUD,,UNKNOWN,6800.0,,1.3594244,,,0.85616,9.344911,-0.096,0.082,,,,2026-05-21
INDOTHAI,34906976256.0,SMALL CAP,271.3999938964844,51.401512,12.270549,0.28285998,8.366,0.84295,0.65086,18.797,,Financial Services,Financial Services,Capital Markets,2026-05-21
INDTERRAIN,1697356800.0,MICRO CAP,33.5,,0.8717375,-0.02678,55.334,0.08148,-0.01286,0.204,,Consumer Cyclical,Consumer Cyclical,Apparel Retail,2026-05-21
INDOUS,2043900416.0,MICRO CAP,101.93000030517578,13.774324,2.3604198,,31.895,0.1724,0.12594,-0.032,-0.409,Basic Materials,Basic Materials,Agricultural Inputs,2026-05-21
INDOWIND,1563331072.0,MICRO CAP,9.710000038146973,107.888885,0.4353479,,6.286,-0.20483999,0.05732,-0.252,16.212,Utilities,Utilities,Utilities - Renewable,2026-05-21
INDRAMEDCO,32873938944.0,SMALL CAP,358.6000061035156,17.89421,4.98894,,4.76,0.13643,0.12603,0.144,0.249,Healthcare,Healthcare,Medical Care Facilities,2026-05-21
INDSWFTLAB,11835823104.0,SMALL CAP,136.3000030517578,3.95187,0.8329361,,1.687,-0.03088,0.41859,16.411,1073.144,Healthcare,Healthcare,Drug Manufacturers - Specialty & Generic,2026-05-21
INDUSINDBK,700883861504.0,LARGE CAP,899.5999755859375,78.98156,1.0656343,0.01362,,0.17665,0.05158,2.727,,Financial Services,Financial Services,Banks - Regional,2026-05-21
INFOBEAN,,UNKNOWN,153.61000061035156,17.24018,3.5954874,0.2324,3.547,0.15865,0.16874,0.374,1.05,Technology,Technology,Software - Application,2026-05-21
INFINIUM,3474256640.0,MICRO CAP,222.95,36.973465,3.0294178,,,,,,,Unknown,Unknown,Unknown,2026-05-21
INFY,4815939174400.0,MEGA CAP,1190.0,15.456553,5.2117867,0.31439,9.827,0.20928,0.16434999,0.066,0.118,Technology,Technology,Information Technology Services,2026-05-21
INFOLLION,2627879424.0,MICRO CAP,271.0,20.702826,3.9077146,,,,,,,Unknown,Unknown,Unknown,2026-05-21
INDUSTOWER,1153638727680.0,LARGE CAP,437.45001220703125,16.153988,2.9098737,0.19806999,53.289,0.32422,0.21989,0.048,0.008,Communication Services,Communication Services,Telecom Services,2026-05-21
INGERRAND,140420775936.0,MID CAP,4448.2001953125,54.20668,21.59897,,1.509,0.24291,0.18294,0.182,-0.074,Industrials,Industrials,Specialty Industrial Machinery,2026-05-21
INFOMEDIA,297651424.0,MICRO CAP,5.929999828338623,,-0.46317267,,,0.86275,0.0,,,Financial Services,Financial Services,Shell Companies,2026-05-21
INM,3882447104.0,MICRO CAP,277.5,35.576923,5.5242567,,,,,,,Unknown,Unknown,Unknown,2026-05-21
INNOVANA,7535734784.0,MICRO CAP,364.75,16.189524,2.8750126,,18.74,0.2624,0.36895,0.206,-0.246,Technology,Technology,Software - Application,2026-05-21
INNOVISION,7429747712.0,MICRO CAP,312.0,25.365852,5.762411,,110.069,0.0497,0.0373,0.021,0.845,Industrials,Industrials,Staffing & Employment Services,2026-05-21
INNOVACAP,49900138496.0,SMALL CAP,872.0,35.375256,4.8912373,,32.951,0.12875,0.08845,0.423,0.235,Healthcare,Healthcare,Drug Manufacturers - Specialty & Generic,2026-05-21
INOXINDIA,134502440960.0,MID CAP,1481.9000244140625,52.438076,13.728034,0.25901,7.251,0.1859,0.16249001,0.247,0.149,Industrials,Industrials,Specialty Industrial Machinery,2026-05-21
INOXWIND,166014517248.0,MID CAP,96.05999755859375,35.186813,1.8868592,,15.713,0.18948,0.113350004,0.325,-0.18,Industrials,Industrials,Specialty Industrial Machinery,2026-05-21
INOXGREEN,73091629056.0,SMALL CAP,182.0500030517578,108.3631,3.3982306,,4.695,0.14733,0.27431,0.338,3.998,Utilities,Utilities,Utilities - Renewable,2026-05-21
INSECTICID,21472747520.0,SMALL CAP,737.9500122070312,15.146757,1.7850145,,20.483,0.0467,0.0683,0.076,-0.396,Basic Materials,Basic Materials,Agricultural Inputs,2026-05-21
INSPIRE,449106880.0,MICRO CAP,33.0,,1.6704632,,,,,,,Unknown,Unknown,Unknown,2026-05-21
INSPIRISYS,5231408128.0,MICRO CAP,132.0500030517578,13.460754,7.7141023,,128.048,0.057010002,0.09788,0.633,0.414,Technology,Technology,Information Technology Services,2026-05-21
INTERARCH,29248434176.0,SMALL CAP,1743.9000244140625,21.820572,3.6535544,,1.401,0.0889,0.0734,0.437,0.316,Industrials,Industrials,Engineering & Construction,2026-05-21
INTENTECH,2368567808.0,MICRO CAP,101.41000366210938,26.136599,1.665736,,0.137,0.054050002,0.071329996,0.001,-0.26,Technology,Technology,Software - Infrastructure,2026-05-21
INTELLECT,97405444096.0,SMALL CAP,701.0,28.859612,3.062874,0.11411,4.961,0.14716,0.1137,0.167,-0.113,Technology,Technology,Software - Application,2026-05-21
INTERNET,,UNKNOWN,12.239999771118164,,,,,0.0,0.0,,,,,,2026-05-21
INTLCONV,4986398720.0,MICRO CAP,78.18000030517578,6.408197,1.2657654,,30.243,0.14062999,0.45353,0.355,0.481,Industrials,Industrials,Specialty Industrial Machinery,2026-05-21
INVENTURE,1029000000.0,MICRO CAP,0.9800000190734863,24.500002,0.28008002,0.01402,13.28,0.00878,0.092259996,-0.523,,Financial Services,Financial Services,Capital Markets,2026-05-21
INVPRECQ,,UNKNOWN,618.7000122070312,,6.449226,0.12133,69.767,0.13944,0.06201,0.21,0.989,,,,2026-05-21
IOC,1982763106304.0,LARGE CAP,140.41000366210938,4.591563,0.8807442,0.20969999,58.446,0.09243,0.05367,0.067,0.781,Energy,Energy,Oil & Gas Refining & Marketing,2026-05-21
IONEXCHANG,48108830720.0,SMALL CAP,391.3500061035156,25.478518,3.5891814,,32.485,0.05539,0.06302,0.064,-0.582,Industrials,Industrials,Pollution & Treatment Controls,2026-05-21
IOB,650872750080.0,LARGE CAP,33.79999923706055,12.02847,1.7595918,0.15654999,,0.44187,0.37493,0.019,0.397,Financial Services,Financial Services,Banks - Regional,2026-05-21
IOLCP,34665598976.0,SMALL CAP,118.16000366210938,29.974619,1.9814106,,9.078,0.06392,0.05203,0.109,0.0,Healthcare,Healthcare,Drug Manufacturers - Specialty & Generic,2026-05-21
IPCALAB,415060099072.0,MID CAP,1636.0,45.57103,5.040049,,14.425,0.17796,0.09571,0.066,0.236,Healthcare,Healthcare,Drug Manufacturers - Specialty & Generic,2026-05-21
IPL,19053801472.0,SMALL CAP,165.4499969482422,17.397476,1.9953929,,4.981,0.14277,0.109519996,0.309,0.407,Basic Materials,Basic Materials,Agricultural Inputs,2026-05-21
IPSL,1377041664.0,MICRO CAP,160.0,17.50547,2.409929,,,,,,,Unknown,Unknown,Unknown,2026-05-21
IRB,287577178112.0,MID CAP,23.809999465942383,34.014286,1.4306315,,102.312,0.23608999,0.11568,-0.163,-0.965,Industrials,Industrials,Infrastructure Operations,2026-05-21
IRBINVIT,85072601088.0,SMALL CAP,66.38,10.503164,,,,,,,,Unknown,Unknown,Unknown,2026-05-21
IRCON,134493749248.0,MID CAP,143.0,21.932516,2.0885973,,79.151,0.054840002,0.066139996,-0.189,0.163,Industrials,Industrials,Engineering & Construction,2026-05-21
IRCTC,422960005120.0,MID CAP,528.7000122070312,29.63565,9.91579,,1.836,0.31261998,0.28371,0.184,0.157,Consumer Cyclical,Consumer Cyclical,Travel Services,2026-05-21
IREDA,361435725824.0,MID CAP,128.66000366210938,18.809942,2.6695163,,554.116,0.87421995,0.45951,0.408,0.325,Financial Services,Financial Services,Credit Services,2026-05-21
IRFC,1282543190016.0,LARGE CAP,98.13999938964844,18.3097,2.2580125,0.12812,773.347,0.96275,0.97231,0.005,-0.0,Financial Services,Financial Services,Credit Services,2026-05-21
IRIS,5043334144.0,MICRO CAP,245.1999969482422,50.45267,2.6644065,0.10232,0.824,0.17468001,0.91521,0.201,0.473,Technology,Technology,Software - Application,2026-05-21
IRISDOREME,6120527872.0,MICRO CAP,35.86000061035156,47.18421,5.0728536,0.14455,24.205,0.15763,0.08483,0.504,0.176,Consumer Cyclical,Consumer Cyclical,Apparel Manufacturing,2026-05-21
ISHAN,486529408.0,MICRO CAP,2.25,225.0,2.1551723,,,,,,,Unknown,Unknown,Unknown,2026-05-21
IRMENERGY,11387900928.0,SMALL CAP,277.3500061035156,21.400463,1.1727273,0.054619998,7.333,0.06392,0.044889998,0.044,1.906,Utilities,Utilities,Utilities - Regulated Gas,2026-05-21
ISGEC,79470698496.0,SMALL CAP,1080.800048828125,23.927387,2.8490465,,31.763,0.09538,0.03639,0.162,2.476,Industrials,Industrials,Specialty Industrial Machinery,2026-05-21
ISHANCH,1625987968.0,MICRO CAP,59.5,,0.914695,,62.878,-0.19035,-0.16657,-0.118,,Basic Materials,Basic Materials,Chemicals,2026-05-21
IT,,UNKNOWN,32.09000015258789,19.541485,,,,,,,,Unknown,Unknown,Unknown,2026-05-21
ISFT,1362025088.0,MICRO CAP,83.5,10.900784,0.5574806,,4.664,0.02804,0.023629999,0.065,-0.036,Consumer Cyclical,Consumer Cyclical,Internet Retail,2026-05-21
ITALIANE,495773408.0,MICRO CAP,33.55,13.260869,1.0662302,,,,,,,Unknown,Unknown,Unknown,2026-05-21
ITC,3850932322304.0,MEGA CAP,307.3500061035156,18.890596,5.4199657,,0.507,0.32182,0.43890998,0.067,0.0,Consumer Defensive,Consumer Defensive,Tobacco,2026-05-21
ITCHOTELS,323007152128.0,MID CAP,155.07000732421875,39.659847,2.9141924,,0.634,0.31633,0.19205,-0.633,-0.498,Consumer Cyclical,Consumer Cyclical,Resorts & Casinos,2026-05-21
ITDC,47383306240.0,SMALL CAP,552.4500122070312,59.788963,13.9974165,,0.18,0.16799,0.14019,0.237,0.349,Consumer Cyclical,Consumer Cyclical,Lodging,2026-05-21
IWP,,UNKNOWN,34.16999816894531,,0.59891677,,22.094,0.05835,0.02463,-0.031,-0.158,,,,2026-05-21
IVC,2352105216.0,MICRO CAP,7.489999771118164,12.2786875,1.1466626,,,-0.14768,0.34537,-0.376,,Financial Services,Financial Services,Financial Conglomerates,2026-05-21
ITI,278119809024.0,MID CAP,288.8500061035156,,18.448618,,87.135,0.02784,-0.056750003,-0.503,,Technology,Technology,Communication Equipment,2026-05-21
IVP,1652718464.0,MICRO CAP,160.0500030517578,12.106657,1.148555,,69.423,0.04918,0.023559999,0.121,1.435,Basic Materials,Basic Materials,Specialty Chemicals,2026-05-21
IXIGO,72751611904.0,SMALL CAP,166.02999877929688,117.75178,9.62437,,3.628,0.07081,0.04745,0.314,0.436,Consumer Cyclical,Consumer Cyclical,Travel Services,2026-05-21
IZMO,10986271744.0,SMALL CAP,734.25,29.654684,2.8827581,,3.329,0.16092,0.1577,0.008,0.924,Technology,Technology,Software - Application,2026-05-21
JAGRAN,15048615936.0,SMALL CAP,69.13999938964844,9.157616,0.7756599,,9.556,0.10684,0.0871,-0.077,-0.135,Communication Services,Communication Services,Publishing,2026-05-21
J&KBANK,153614958592.0,MID CAP,139.5,6.509566,1.0811607,0.15367,,0.23302999,0.34678,,,Financial Services,Financial Services,Banks - Regional,2026-05-21
JAGSNPHARM,14099221504.0,SMALL CAP,210.0,33.227848,5.330085,0.16695,2.956,0.13769001,0.14998999,0.096,0.238,Healthcare,Healthcare,Drug Manufacturers - Specialty & Generic,2026-05-21
JAIBALAJI,67141705728.0,SMALL CAP,73.5999984741211,36.435642,3.024699,,20.642,0.01721,0.0327,-0.106,-0.902,Basic Materials,Basic Materials,Steel,2026-05-21
JAICORPLTD,20277846016.0,SMALL CAP,115.54000091552734,11.777778,1.3871181,,0.063,0.18885,0.25906,-0.017,0.429,Basic Materials,Basic Materials,Specialty Chemicals,2026-05-21
JAINAM,1478567936.0,MICRO CAP,140.0,,1.063854,,,,,,,Unknown,Unknown,Unknown,2026-05-21
JAINREC,134221135872.0,MID CAP,388.95001220703125,37.39904,9.231482,,94.847,0.07029,0.03806,0.558,1.232,Basic Materials,Basic Materials,Other Industrial Metals & Mining,2026-05-21
JAKHARIA,414510656.0,MICRO CAP,34.0,12.639405,1.700425,,,,,,,Unknown,Unknown,Unknown,2026-05-21
JALAN,45792244.0,MICRO CAP,3.15,,-0.1093712,,,,,,,Unknown,Unknown,Unknown,2026-05-21
JAIPURKURT,521818336.0,MICRO CAP,30.229999542236328,12.543568,0.86344284,,44.319,0.04774,0.018760001,1.002,-0.684,Consumer Cyclical,Consumer Cyclical,Apparel Manufacturing,2026-05-21
JAMNAAUTO,45367787520.0,SMALL CAP,113.4800033569336,23.39794,4.354901,,14.586,0.14442,0.080520004,0.187,0.327,Consumer Cyclical,Consumer Cyclical,Auto Parts,2026-05-21
JASH,24448073728.0,SMALL CAP,388.6499938964844,43.96493,5.6023235,,25.205,0.07403,0.07456,-0.112,-0.624,Industrials,Industrials,Specialty Industrial Machinery,2026-05-21
JAYBARMARU,12555917312.0,SMALL CAP,115.98999786376953,15.569128,2.0876153,0.22193001,76.31,0.08743,0.05469,0.256,2.869,Consumer Cyclical,Consumer Cyclical,Auto Parts,2026-05-21
JAYAGROGN,6449999872.0,MICRO CAP,215.0,14.596063,1.0949723,,30.871,0.02082,0.01847,0.013,-0.511,Basic Materials,Basic Materials,Specialty Chemicals,2026-05-21
JARO,12026009600.0,SMALL CAP,540.0,21.782976,3.2481005,0.19894,2.159,0.33854,0.18566999,0.096,0.039,Consumer Defensive,Consumer Defensive,Education & Training Services,2026-05-21
JAYKAY,22362472448.0,SMALL CAP,171.63999938964844,75.2807,2.1423936,,,0.11731,0.28791,0.126,-0.767,Industrials,Industrials,Specialty Business Services,2026-05-21
JAYSREETEA,2494726144.0,MICRO CAP,86.38999938964844,6.0709767,0.58155113,,91.73,0.020669999,0.044320002,0.257,,Consumer Defensive,Consumer Defensive,Farm Products,2026-05-21
JAYNECOIND,105333899264.0,MID CAP,108.4800033569336,22.74214,3.7070704,0.17754,74.729,0.15237,0.06494,0.178,0.877,Basic Materials,Basic Materials,Steel,2026-05-21
JBCHEPHARM,347673788416.0,MID CAP,2165.39990234375,48.638813,8.89738,,1.075,0.23524,0.17977,0.105,0.216,Healthcare,Healthcare,Drug Manufacturers - Specialty & Generic,2026-05-21
JBMA,153118212096.0,MID CAP,647.4500122070312,69.84358,10.780592,,190.282,0.104270004,0.03583,0.123,-0.171,Consumer Cyclical,Consumer Cyclical,Auto Parts,2026-05-21
JETKNIT,529965792.0,MICRO CAP,120.25,69.50867,2.277419,,,,,,,Unknown,Unknown,Unknown,2026-05-21
JETFREIGHT,956846080.0,MICRO CAP,20.6200008392334,24.258823,1.3652014,0.100710005,104.6,0.050040003,0.015319999,0.114,8.332,Industrials,Industrials,Integrated Freight & Logistics,2026-05-21
JFLLIFE,1764621184.0,MICRO CAP,51.05,42.541664,3.98237,,,,,,,Unknown,Unknown,Unknown,2026-05-21
JGCHEM,15351140352.0,SMALL CAP,391.75,24.302109,2.9287968,0.13518,1.192,0.08757,0.06663,0.3,0.176,Basic Materials,Basic Materials,Other Industrial Metals & Mining,2026-05-21
JHS,742949056.0,MICRO CAP,8.5,,0.48388934,,6.097,0.01496,-0.0555,0.04,,Consumer Defensive,Consumer Defensive,Household & Personal Products,2026-05-21
JINDALPHOT,10328357888.0,SMALL CAP,1003.0,85.3617,1.0625979,,,0.26667,0.0,-0.964,-0.995,Financial Services,Financial Services,Asset Management,2026-05-21
JINDALPOLY,30543210496.0,SMALL CAP,697.5499877929688,,0.7483061,,84.483,-0.33227003,-0.06955,-0.729,,Consumer Cyclical,Consumer Cyclical,Packaging & Containers,2026-05-21
JINDALSAW,140748488704.0,MID CAP,220.74000549316406,14.484253,1.1176652,0.07964,38.19,0.06073,0.054390002,-0.082,-0.522,Basic Materials,Basic Materials,Steel,2026-05-21
JINDALSTEL,1229837828096.0,LARGE CAP,1208.699951171875,36.461536,2.475652,0.067719996,43.613,0.12809,0.06327,0.23,,Basic Materials,Basic Materials,Steel,2026-05-21
JINDWORLD,26338355200.0,SMALL CAP,26.270000457763672,39.80303,3.1823137,,71.079,0.04512,0.029189998,-0.148,-0.239,Consumer Cyclical,Consumer Cyclical,Textile Manufacturing,2026-05-21
JIOFIN,1566925520896.0,LARGE CAP,237.3000030517578,98.057846,1.1223254,0.012130001,16.286,0.43075,0.57768,0.394,-0.14,Financial Services,Financial Services,Asset Management,2026-05-21
JINDRILL,18610216960.0,SMALL CAP,642.1500244140625,7.8588915,1.0371712,,6.544,0.14033,0.24198,0.009,,Energy,Energy,Oil & Gas Equipment & Services,2026-05-21
JISLJALEQS,21403830272.0,SMALL CAP,29.18000030517578,121.583336,0.3523814,-0.0068,71.789,0.09127,-0.0038400001,0.043,,Industrials,Industrials,Conglomerates,2026-05-21
JISLDVREQS,16386619392.0,SMALL CAP,22.34000015258789,93.083336,0.2697807,-0.0068,71.789,0.09127,-0.0038400001,0.043,,Industrials,Industrials,Conglomerates,2026-05-21
JITFINFRA,7397526528.0,MICRO CAP,287.79998779296875,,-1.37045,,,0.14483,-0.01714,0.141,,Industrials,Industrials,Engineering & Construction,2026-05-21
JIWANRAM,358849248.0,MICRO CAP,14.5,15.760869,0.46664307,,,,,,,Unknown,Unknown,Unknown,2026-05-21
JKIL,36137844736.0,SMALL CAP,477.6000061035156,9.248645,1.1407661,,24.572,0.11234,0.06829,-0.122,-0.161,Industrials,Industrials,Engineering & Construction,2026-05-21
JKCEMENT,426404839424.0,MID CAP,5518.5,41.803654,6.577583,,99.562,0.110530004,0.07602,0.182,-0.079,Basic Materials,Basic Materials,Building Materials,2026-05-21
JKIPL,3266648576.0,MICRO CAP,85.0999984741211,,1.3168482,,35.053,-0.20323999,0.0133299995,-0.76,,Industrials,Industrials,Farm & Heavy Construction Machinery,2026-05-21
JLHL,86796304384.0,SMALL CAP,1323.800048828125,44.828987,5.980331,0.13391,37.837,0.18906,0.1258,0.199,0.12,Healthcare,Healthcare,Medical Care Facilities,2026-05-21
JKTYRE,105297739776.0,MID CAP,365.25,14.811436,1.9099237,,89.667,0.10689,0.04303,0.15,2.878,Consumer Cyclical,Consumer Cyclical,Auto Parts,2026-05-21
JKLAKSHMI,77621297152.0,SMALL CAP,625.25,18.83283,2.096262,,72.145,0.0756,0.0686,0.061,-0.093,Basic Materials,Basic Materials,Building Materials,2026-05-21
JKPAPER,69989048320.0,SMALL CAP,386.0,26.312202,1.1935204,,37.239,0.045479998,0.03822,0.08,-0.583,Basic Materials,Basic Materials,Paper & Paper Products,2026-05-21
JMA,1947199872.0,MICRO CAP,85.25,6.4927645,0.7581012,,,0.05862,0.04933,0.195,0.311,Consumer Cyclical,Consumer Cyclical,Auto Parts,2026-05-21
JNKINDIA,22966286336.0,SMALL CAP,410.45001220703125,49.99391,4.2027607,,4.714,0.11675999,0.06815,1.167,5.373,Industrials,Industrials,Specialty Industrial Machinery,2026-05-21
JMFINANCIL,124723183616.0,MID CAP,130.39999389648438,10.179546,1.2129103,,104.102,0.4678,0.35617,0.314,0.5,Financial Services,Financial Services,Capital Markets,2026-05-21
JOCIL,1185633536.0,MICRO CAP,133.5,19.347826,0.5654743,,2.606,0.00769,0.00641,0.194,,Basic Materials,Basic Materials,Specialty Chemicals,2026-05-21
JPOLYINVST,10660147200.0,SMALL CAP,1014.0999755859375,1.1991675,0.65130156,,1.433,0.9999,0.89158,122.309,19.995,Financial Services,Financial Services,Asset Management,2026-05-21
JSL,609146109952.0,LARGE CAP,739.2999877929688,19.088562,13.533601,0.17407,37.523,0.10383,0.07434,0.112,0.425,Basic Materials,Basic Materials,Steel,2026-05-21
JSFB,47590903808.0,SMALL CAP,451.8500061035156,14.618247,1.0642232,0.076009996,,0.17341,0.1176,0.176,0.129,Financial Services,Financial Services,Banks - Regional,2026-05-21
JPPOWER,129735983104.0,MID CAP,18.93000030517578,38.632652,1.9288771,0.03603,26.634,0.0032499998,0.081,0.034,,Utilities,Utilities,Utilities - Independent Power Producers,2026-05-21
JSLL,83101253632.0,SMALL CAP,668.5499877929688,39.07364,23.485088,,30.042,0.40358,0.29354998,0.916,4.047,Healthcare,Healthcare,Medical Care Facilities,2026-05-21
JSWCEMENT,172485378048.0,MID CAP,128.6999969482422,,2.5863805,,75.362,0.12573,-0.17023,0.132,,Basic Materials,Basic Materials,Building Materials,2026-05-21
JSWDULUX,132039573504.0,MID CAP,2899.39990234375,6.6903567,9.9262905,,,,,,,Unknown,Unknown,Unknown,2026-05-21
JSWENERGY,968416034816.0,LARGE CAP,551.4500122070312,43.318935,3.143007,0.08817001,229.16,0.32027,0.11847,0.41,-0.115,Utilities,Utilities,Utilities - Independent Power Producers,2026-05-21
JSWHL,139518459904.0,MID CAP,12571.0,97.72233,0.44557983,,,0.89515996,0.76741,-0.419,-0.51,Industrials,Industrials,Conglomerates,2026-05-21
JSWINFRA,553488285696.0,LARGE CAP,265.54998779296875,36.476646,5.080449,0.13948,59.002,0.40138,0.28412,0.179,-0.181,Industrials,Industrials,Marine Shipping,2026-05-21
JTEKTINDIA,35762008064.0,SMALL CAP,128.9199981689453,46.207886,3.14347,0.07445,28.653,0.05333,0.02885,0.202,0.021,Consumer Cyclical,Consumer Cyclical,Auto Parts,2026-05-21
JTLIND,26572318720.0,SMALL CAP,67.5999984741211,25.801527,2.0628624,0.07521,16.038,0.07555,0.046090003,0.474,1.516,Basic Materials,Basic Materials,Steel,2026-05-21
JSWSTEEL,3127183671296.0,MEGA CAP,1281.9000244140625,14.043183,3.125656,0.27261,94.155,0.12673001,0.12031999,0.142,9.918,Basic Materials,Basic Materials,Steel,2026-05-21
JUBLCPL,26516862976.0,SMALL CAP,1750.0,21.880468,6.3564477,,9.982,0.07672,0.0687,0.135,0.022,Basic Materials,Basic Materials,Specialty Chemicals,2026-05-21
JUBLFOOD,288458407936.0,MID CAP,438.6000061035156,77.3545,12.735931,0.16893,2.655,0.080299996,0.044699997,0.203,,Consumer Cyclical,Consumer Cyclical,Restaurants,2026-05-21
JUSTDIAL,44310544384.0,SMALL CAP,521.0,8.913601,0.86768687,0.102340005,1.655,0.25351998,0.40945,0.062,-0.365,Communication Services,Communication Services,Internet Content & Information,2026-05-21
JWL,118638026752.0,MID CAP,277.6000061035156,47.944733,4.2100797,,26.721,0.11151,0.07721,-0.135,-0.419,Industrials,Industrials,Railroads,2026-05-21
JUNIPER,45045608448.0,SMALL CAP,202.4499969482422,30.86128,1.6274377,,50.239,0.33665,0.14279,0.169,1.014,Consumer Cyclical,Consumer Cyclical,Lodging,2026-05-21
JUBLINGREA,120266752000.0,MID CAP,762.5499877929688,45.471077,3.9593036,,26.51,0.07756,0.062319998,-0.005,-0.323,Basic Materials,Basic Materials,Specialty Chemicals,2026-05-21
JUBLPHARMA,159076155392.0,MID CAP,1004.3499755859375,36.81635,2.4150403,,43.867,0.07953,0.054640003,0.165,-0.447,Healthcare,Healthcare,Drug Manufacturers - Specialty & Generic,2026-05-21
JYOTHYLAB,76454060032.0,SMALL CAP,208.1999969482422,22.363049,5.3166494,0.18316999,3.247,0.11282,0.11316,0.042,-0.116,Consumer Defensive,Consumer Defensive,Household & Personal Products,2026-05-21
JYOTICNC,151850401792.0,MID CAP,667.7000122070312,42.773865,8.293277,,39.56,0.24542,0.17124,0.281,0.102,Industrials,Industrials,Specialty Industrial Machinery,2026-05-21
JYOTISTRUC,14777509888.0,SMALL CAP,12.380000114440918,26.340425,3.1089904,0.108059995,439.045,0.08498,0.07254,0.462,0.153,Industrials,Industrials,Specialty Industrial Machinery,2026-05-21
K2INFRA,3470058240.0,MICRO CAP,275.0,30.021835,4.1603003,,,,,,,Unknown,Unknown,Unknown,2026-05-21
KAKATCEM,940636800.0,MICRO CAP,121.0,,0.49005514,,4.858,-0.50523996,-0.32766998,-0.245,,Basic Materials,Basic Materials,Building Materials,2026-05-21
KABRAEXTRU,7926593024.0,MICRO CAP,226.64999389648438,19.657415,1.714292,,32.04,-0.06001,-0.0030500002,-0.089,,Industrials,Industrials,Specialty Industrial Machinery,2026-05-21
KALAMANDIR,15451117568.0,SMALL CAP,104.86000061035156,10.968618,1.2284298,0.11781,28.658,0.11299,0.08522,0.051,1.413,Consumer Cyclical,Consumer Cyclical,Apparel Retail,2026-05-21
KALPATARU,67230920704.0,SMALL CAP,326.5,68.44864,1.7175442,,226.029,-0.11132,-0.03964,-0.141,,Real Estate,Real Estate,Real Estate - Development,2026-05-21
KAJARIACER,169386082304.0,MID CAP,1063.5,41.705883,5.7804255,0.16499001,7.302,0.16102,0.10049,0.124,2.659,Industrials,Industrials,Building Products & Equipment,2026-05-21
KALYANI,138090000.0,MICRO CAP,138.09,5.9215264,,,,0.0,0.0,,,Consumer Cyclical,Consumer Cyclical,Auto & Truck Dealerships,2026-05-21
KALYANIFRG,2259197952.0,MICRO CAP,621.0,39.910023,2.4552538,,98.678,0.10892,0.02394,-0.013,,Consumer Cyclical,Consumer Cyclical,Auto Parts,2026-05-21
KAMATHOTEL,4930542080.0,MICRO CAP,167.25,15.838068,2.4255652,,87.461,0.26879,0.07851,0.062,-0.272,Consumer Cyclical,Consumer Cyclical,Lodging,2026-05-21
KAMAHOLD,,UNKNOWN,2580.0,,1.084819,,32.298,0.16184,0.05801,0.064,0.591,,,,2026-05-21
KALYANKJIL,362285268992.0,MID CAP,350.79998779296875,26.881226,5.735681,0.24305001,96.966,0.060599998,0.03778,0.669,1.17,Consumer Cyclical,Consumer Cyclical,Luxury Goods,2026-05-21
KAMDHENU,6894858240.0,MICRO CAP,24.459999084472656,8.798561,1.8743294,,0.156,0.11788,0.103520006,-0.035,0.644,Basic Materials,Basic Materials,Steel,2026-05-21
KAMOPAINTS,1753569920.0,MICRO CAP,5.329999923706055,5.383838,0.9996249,,19.23,0.040009998,0.018819999,-0.146,-0.5,Basic Materials,Basic Materials,Steel,2026-05-21
KANANIIND,324503520.0,MICRO CAP,1.6399999856948853,18.222221,0.47550017,,0.485,0.00302,0.00918,0.364,-0.5,Consumer Cyclical,Consumer Cyclical,Luxury Goods,2026-05-21
KANCHI,,UNKNOWN,383.0,,0.7810636,,6.456,-0.00601,0.03635,-0.046,-0.268,,,,2026-05-21
KANORICHEM,4002309120.0,MICRO CAP,91.5999984741211,,0.7534134,,61.61,0.04138,0.03154,-0.235,,Basic Materials,Basic Materials,Chemicals,2026-05-21
KANDARP,323925280.0,MICRO CAP,36.1,20.2809,1.6487782,,,,,,,Unknown,Unknown,Unknown,2026-05-21
KANPRPLA,4941283328.0,MICRO CAP,205.77999877929688,11.853686,1.8459249,0.17197001,41.789,0.1223,0.054,0.006,3.662,Consumer Cyclical,Consumer Cyclical,Packaging & Containers,2026-05-21
KAPSTON,9958932480.0,MICRO CAP,327.25,37.357304,9.777412,,172.342,0.04796,0.03336,0.165,0.641,Industrials,Industrials,Specialty Business Services,2026-05-21
KANSAINER,177079992320.0,MID CAP,218.97999572753906,30.079668,2.634441,0.08796,4.526,0.07964,0.07321,0.075,0.04,Basic Materials,Basic Materials,Specialty Chemicals,2026-05-21
KARMAENG,531174944.0,MICRO CAP,45.90999984741211,24.291006,1.2700565,,4.177,-2.03982,0.22162001,0.268,,Utilities,Utilities,Utilities - Renewable,2026-05-21
KAUSHALYA,307519744.0,MICRO CAP,888.0,,0.39812452,,,-24.95868,3.2303,-0.93,,Industrials,Industrials,Engineering & Construction,2026-05-21
KARNIKA,19302922240.0,SMALL CAP,311.35,486.4844,10.493057,,,,,,,Unknown,Unknown,Unknown,2026-05-21
KARURVYSYA,279352868864.0,MID CAP,289.0,11.132512,2.1822686,,,0.54798,0.38388002,0.175,0.391,Financial Services,Financial Services,Banks - Regional,2026-05-21
KAVDEFENCE,3817289472.0,MICRO CAP,63.4900016784668,129.57143,1.4713789,,6.754,-1.57367,0.32772,-0.928,,Technology,Technology,Communication Equipment,2026-05-21
KCEIL,4047527936.0,MICRO CAP,369.3,23.718689,4.3804193,,,,,,,Unknown,Unknown,Unknown,2026-05-21
KAYA,3793105408.0,MICRO CAP,249.75,,-3.8459759,,,-0.38329,-0.34075,0.033,,Consumer Defensive,Consumer Defensive,Household & Personal Products,2026-05-21
KAYNES,210287722496.0,MID CAP,3137.0,57.75037,4.524508,0.09568,19.168,0.11209,0.10035,0.262,-0.263,Technology,Technology,Electronic Components,2026-05-21
KCK,13610764288.0,SMALL CAP,214.0,611.4286,11.703582,,,,,,,Unknown,Unknown,Unknown,2026-05-21
KCP,20562925568.0,SMALL CAP,159.5,13.738157,1.2548286,,39.481,0.020350002,0.0592,0.023,-0.032,Basic Materials,Basic Materials,Building Materials,2026-05-21
KCPSUGIND,2794208768.0,MICRO CAP,24.450000762939453,67.916664,0.5478992,,13.03,0.02173,0.01599,-0.232,,Consumer Defensive,Consumer Defensive,Confectioners,2026-05-21
KDL,19526975488.0,SMALL CAP,1624.0,61.608498,14.940477,,,,,,,Unknown,Unknown,Unknown,2026-05-21
KDDL,35046797312.0,SMALL CAP,2849.5,42.08389,3.3495512,0.08123,26.688,0.10615,0.0399,0.393,0.257,Consumer Cyclical,Consumer Cyclical,Luxury Goods,2026-05-21
KEI,497247354880.0,MID CAP,5201.2998046875,54.03948,7.460526,0.14753,3.796,0.10158,0.07818,0.187,0.255,Industrials,Industrials,Electrical Equipment & Parts,2026-05-21
KEC,128361644032.0,MID CAP,482.20001220703125,21.204926,2.2742603,0.10524999,87.306,0.066599995,0.025710002,-0.066,-0.281,Industrials,Industrials,Engineering & Construction,2026-05-21
KEEPLEARN,334780992.0,MICRO CAP,2.1500000953674316,,4.8098435,,31.672,-0.3218,-0.02543,-0.311,,Consumer Defensive,Consumer Defensive,Education & Training Services,2026-05-21
KECL,7511431680.0,MICRO CAP,113.0999984741211,70.24844,6.012759,,83.428,0.121709995,0.01918,0.264,5.889,Industrials,Industrials,Specialty Industrial Machinery,2026-05-21
KEL,1487899264.0,MICRO CAP,144.85,18.93464,3.3198113,,,,,,,Unknown,Unknown,Unknown,2026-05-21
KENNAMET,62328090624.0,SMALL CAP,2835.89990234375,44.90736,7.7696524,,0.262,0.16982001,0.10221,0.407,1.104,Industrials,Industrials,Tools & Accessories,2026-05-21
KELLTONTEC,8220830208.0,MICRO CAP,15.470000267028809,8.942197,1.2080275,,21.666,0.113620006,0.076799996,0.104,0.106,Technology,Technology,Software - Application,2026-05-21
KERNEX,23217588224.0,SMALL CAP,1381.800048828125,44.02039,13.511029,,51.362,0.20544,0.20357001,0.972,-0.159,Technology,Technology,Software - Application,2026-05-21
KFINTECH,142614577152.0,MID CAP,826.2000122070312,41.227543,8.526228,0.22312,3.314,0.29232,0.26409,0.277,-0.05,Technology,Technology,Software - Application,2026-05-21
KEYFINSERV,1530268416.0,MICRO CAP,274.8999938964844,18.133245,1.025574,,0.964,0.6646,0.3032,0.831,-0.203,Financial Services,Financial Services,Capital Markets,2026-05-21
KESORAMIND,3849122816.0,MICRO CAP,12.390000343322754,,1.1156132,,57.599,-0.32644,22.74127,-0.011,,Basic Materials,Basic Materials,Building Materials,2026-05-21
KHADIM,1955459840.0,MICRO CAP,106.4000015258789,25.153664,1.1792741,,154.065,0.05007,0.00866,-0.462,,Consumer Cyclical,Consumer Cyclical,Footwear & Accessories,2026-05-21
KHAICHEM,5431395328.0,MICRO CAP,56.0,7.8984485,2.0486557,,106.925,0.11059,0.07424,0.337,0.636,Basic Materials,Basic Materials,Agricultural Inputs,2026-05-21
KICL,22001141760.0,SMALL CAP,5040.0,51.012146,0.24493845,,,0.64038,0.55522996,0.163,-0.471,Financial Services,Financial Services,Asset Management,2026-05-21
KHANDSE,267399216.0,MICRO CAP,17.530000686645508,,0.93339014,,10.031,-0.29595,-0.90413004,-0.455,,Financial Services,Financial Services,Capital Markets,2026-05-21
KHFM,1608386688.0,MICRO CAP,74.35,50.578228,2.6378343,,,,,,,Unknown,Unknown,Unknown,2026-05-21
KILITCH,6515437056.0,MICRO CAP,186.36000061035156,23.740128,2.281866,0.12361,32.04,0.24035999,0.12227,0.472,0.265,Healthcare,Healthcare,Drug Manufacturers - Specialty & Generic,2026-05-21
KHAITANLTD,665271616.0,MICRO CAP,132.5,9.580622,2.1356845,,38.132,0.059759997,0.06442,0.49,0.602,Industrials,Industrials,Industrial Distribution,2026-05-21
KIMS,305225990144.0,MID CAP,762.7999877929688,126.08264,13.443778,0.09724,166.226,0.12100001,0.06141,0.36,-0.583,Healthcare,Healthcare,Medical Care Facilities,2026-05-21
KINGFA,70810025984.0,SMALL CAP,5225.2998046875,40.931377,5.4697256,,1.438,0.13354,0.089049995,0.111,0.166,Basic Materials,Basic Materials,Specialty Chemicals,2026-05-21
KIOCL,232768667648.0,MID CAP,383.0,,14.034445,,11.138,0.0064499998,-0.115200005,-0.116,,Basic Materials,Basic Materials,Steel,2026-05-21
KIRIINDUS,25861920768.0,SMALL CAP,396.8500061035156,0.49154645,0.67997664,,37.3,-0.34857,6.25453,-0.028,29.226,Basic Materials,Basic Materials,Specialty Chemicals,2026-05-21
KIRANVYPAR,,UNKNOWN,180.0,,0.22953181,,15.535,0.41247,0.01165,0.128,,,,,2026-05-21
KIRLOSENG,243889373184.0,MID CAP,1677.5999755859375,42.927326,7.226611,0.16819,150.325,0.15937,0.0739,0.215,0.212,Industrials,Industrials,Specialty Industrial Machinery,2026-05-21
KIRLOSIND,33632368640.0,SMALL CAP,3196.0,20.706186,0.48803142,,14.61,0.07599,0.023610001,0.006,-0.144,Industrials,Industrials,Metal Fabrication,2026-05-21
KIRLFER,71821672448.0,SMALL CAP,435.3500061035156,20.12714,1.9319952,0.100109994,12.218,0.04536,0.05148,0.299,0.44,Industrials,Industrials,Metal Fabrication,2026-05-21
KIRLOSBROS,129960648704.0,MID CAP,1636.5999755859375,34.78427,5.8879395,,9.871,0.10446,0.09062,-0.024,0.06,Industrials,Industrials,Specialty Industrial Machinery,2026-05-21
KIRLPNU,105420652544.0,MID CAP,1622.9000244140625,41.274162,8.440734,0.21473,0.262,0.24951,0.14333001,0.203,0.797,Industrials,Industrials,Specialty Industrial Machinery,2026-05-21
KISSHT,41758519296.0,SMALL CAP,247.85000610351562,26.007347,1.074707,0.17743,,0.16295,0.12166,,,Financial Services,Financial Services,Credit Services,2026-05-21
KKCL,27019563008.0,SMALL CAP,438.45001220703125,19.029947,3.2084916,0.14431,,0.09177,0.117,,,Consumer Cyclical,Consumer Cyclical,Apparel Manufacturing,2026-05-21
KLBRENG-B,,UNKNOWN,483.54998779296875,,4.2465463,,18.541,0.21106,0.16195999,0.448,0.338,,,,2026-05-21
KITEX,31421249536.0,SMALL CAP,157.5,,2.9275093,,97.59,-0.02585,0.05352,-0.341,,Consumer Cyclical,Consumer Cyclical,Apparel Manufacturing,2026-05-21
KLL,1848367488.0,MICRO CAP,99.75,15.610329,2.7465718,,,,,,,Unknown,Unknown,Unknown,2026-05-21
KMEW,51014852608.0,SMALL CAP,2087.0,74.164894,18.801294,,60.049,0.38531,0.27968,0.563,0.804,Industrials,Industrials,Marine Shipping,2026-05-21
KKVAPOW,598370048.0,MICRO CAP,959.6,36.075188,2.301508,,,,,,,Unknown,Unknown,Unknown,2026-05-21
KNAGRI,4901286400.0,MICRO CAP,196.05999755859375,13.346495,1.3429962,,13.118,0.01812,0.01908,0.079,-0.263,Consumer Defensive,Consumer Defensive,Farm Products,2026-05-21
KMSUGAR,2564964608.0,MICRO CAP,27.8799991607666,4.6466665,0.70616245,0.14626001,63.729,0.1458,0.0788,-0.294,-0.164,Consumer Defensive,Consumer Defensive,Confectioners,2026-05-21
KNRCON,37603880960.0,SMALL CAP,133.7100067138672,8.001796,0.7898748,,48.727,0.20412001,0.15491,-0.124,-0.586,Industrials,Industrials,Engineering & Construction,2026-05-21
KOKUYOCMLN,8656219136.0,MICRO CAP,86.30000305175781,32.938934,2.6658018,,11.417,0.020550001,0.01353,0.131,-0.339,Industrials,Industrials,Business Equipment & Supplies,2026-05-21
KOHINOOR,928641728.0,MICRO CAP,25.049999237060547,0.2519867,-0.55353,,,-0.04938,2.64271,1.837,,Consumer Defensive,Consumer Defensive,Packaged Foods,2026-05-21
KOLTEPATIL,34806939648.0,SMALL CAP,392.5,66.97952,2.8476903,,86.31,0.01549,0.035150003,-0.241,-0.847,Real Estate,Real Estate,Real Estate - Development,2026-05-21
KODYTECH,45253836800.0,SMALL CAP,3550.0,284.68323,26.09143,,,,,,,Unknown,Unknown,Unknown,2026-05-21
KONTOR,1051750016.0,MICRO CAP,150.25,22.526237,3.3354793,,,,,,,Unknown,Unknown,Unknown,2026-05-21
KONSTELEC,2696104960.0,MICRO CAP,178.55,104.41521,2.6903837,,,,,,,Unknown,Unknown,Unknown,2026-05-21
KOPRAN,8205172224.0,MICRO CAP,169.92999267578125,49.54227,1.6335967,0.04908,28.795,0.15439999,0.03774,0.358,0.948,Healthcare,Healthcare,Drug Manufacturers - General,2026-05-21
KORE,7865014784.0,MICRO CAP,706.65,99.809326,11.796966,,,,,,,Unknown,Unknown,Unknown,2026-05-21
KOTARISUG,2097910016.0,MICRO CAP,25.309999465942383,39.546875,1.1154202,,23.787,-0.15675999,0.07606,0.164,,Consumer Defensive,Consumer Defensive,Confectioners,2026-05-21
KOTAKBANK,3801539149824.0,MEGA CAP,382.20001220703125,19.711193,2.0985818,0.11389,,0.35119998,0.26049,-0.11,0.098,Financial Services,Financial Services,Banks - Regional,2026-05-21
KOTIC,,UNKNOWN,166.99000549316406,,6.6155615,,4.325,0.08316,-0.2374,1.019,,,,,2026-05-21
KOTHARIPET,7470550528.0,MICRO CAP,127.0,10.304383,2.0036616,0.21371001,0.601,0.14228,0.12258001,-0.0,0.032,Basic Materials,Basic Materials,Specialty Chemicals,2026-05-21
KOTHARIPRO,4383467008.0,MICRO CAP,73.44000244140625,2.9987752,0.3889604,,21.976,-0.083629996,0.045689996,-0.269,-0.059,Industrials,Industrials,Conglomerates,2026-05-21
KOTYARK,4635881472.0,MICRO CAP,451.0,24.725878,2.5645692,0.118999995,35.581,0.2502,0.05962,0.394,,Basic Materials,Basic Materials,Specialty Chemicals,2026-05-21
KPEL,24043841536.0,SMALL CAP,355.70001220703125,13.257548,4.582582,0.43485,100.154,0.19368,0.12117,0.575,0.693,Industrials,Industrials,Engineering & Construction,2026-05-21
KOVAI,59071803392.0,SMALL CAP,5398.5,25.076645,4.963367,,33.513,0.21708,0.15422,0.146,0.125,Healthcare,Healthcare,Medical Care Facilities,2026-05-21
KPL,,UNKNOWN,2114.300048828125,,7.564499,,38.288,0.20785,0.12246,0.462,0.879,,,,2026-05-21
KPIL,213294907392.0,MID CAP,1249.0,20.498934,3.062956,0.14513999,45.814,0.07037,0.03817,0.106,0.894,Industrials,Industrials,Engineering & Construction,2026-05-21
KPIGREEN,86090039296.0,SMALL CAP,436.25,18.15439,2.8383768,0.17253,158.765,0.31695,0.17661,0.398,0.472,Utilities,Utilities,Utilities - Renewable,2026-05-21
KRBL,76300443648.0,SMALL CAP,333.3500061035156,11.774992,1.3915966,0.11731,2.924,0.13984,0.105059996,0.063,0.007,Consumer Defensive,Consumer Defensive,Packaged Foods,2026-05-21
KPITTECH,205545160704.0,MID CAP,755.0499877929688,32.447357,5.8048615,0.1973,23.624,0.15857,0.09874,0.12,-0.335,Technology,Technology,Software - Infrastructure,2026-05-21
KPRMILL,331596070912.0,MID CAP,968.0999755859375,38.249702,6.1870494,,6.46,0.16375999,0.12719,-0.04,0.03,Consumer Cyclical,Consumer Cyclical,Textile Manufacturing,2026-05-21
KREBSBIO,1190144384.0,MICRO CAP,55.20000076293945,,-0.7400456,,,-0.18332,-0.99300003,-0.366,,Healthcare,Healthcare,Drug Manufacturers - Specialty & Generic,2026-05-21
KRIDHANINF,307699744.0,MICRO CAP,3.0899999141693115,4.5441175,-0.09467781,,,-0.26977,1.15159,,,Basic Materials,Basic Materials,Steel,2026-05-21
KRISHCA,4841628160.0,MICRO CAP,341.2,42.019707,4.433875,,,,,,,Unknown,Unknown,Unknown,2026-05-21
KRISHIVAL,9647773696.0,MICRO CAP,376.45001220703125,41.007626,5.639447,0.12996,18.086,0.07139,0.07338,-0.184,-0.021,Consumer Defensive,Consumer Defensive,Packaged Foods,2026-05-21
KRISHANA,43025829888.0,SMALL CAP,695.9000244140625,23.873072,7.6733084,0.38145,130.807,0.10695,0.074499995,0.598,1.531,Basic Materials,Basic Materials,Agricultural Inputs,2026-05-21
KRITI,3767763968.0,MICRO CAP,71.5,340.4762,1.7240548,0.00533,40.997,0.09896,0.0019200001,0.031,,Industrials,Industrials,Building Products & Equipment,2026-05-21
KRISHNADEF,16751329280.0,SMALL CAP,1191.5,57.980537,10.16647,,0.451,0.2511,0.15493,0.234,1.598,Industrials,Industrials,Specialty Industrial Machinery,2026-05-21
KRITIKA,1581703168.0,MICRO CAP,5.940000057220459,20.48276,1.7419355,0.06346,54.516,0.0186,0.00887,-0.383,-0.393,Basic Materials,Basic Materials,Steel,2026-05-21
KRITINUT,4393577984.0,MICRO CAP,87.69000244140625,12.952733,1.9166377,0.15348,3.972,0.03085,0.03672,0.276,0.283,Consumer Defensive,Consumer Defensive,Packaged Foods,2026-05-21
KRN,65513058304.0,SMALL CAP,1054.0,85.41329,12.394313,0.14258,32.633,0.16257,0.1254,0.379,0.569,Technology,Technology,Electronic Components,2026-05-21
KRONOX,4961176064.0,MICRO CAP,133.7100067138672,18.992899,4.8368545,,2.578,0.29692,0.25659,0.053,0.011,Basic Materials,Basic Materials,Specialty Chemicals,2026-05-21
KRYSTAL,8166605824.0,MICRO CAP,584.5,12.725887,1.2326101,0.13745,23.988,0.07273,0.049629997,-0.102,0.113,Industrials,Industrials,Specialty Business Services,2026-05-21
KSB,143643262976.0,MID CAP,825.3499755859375,55.69163,8.556663,,0.31,0.060370002,0.09575,0.01,-0.232,Industrials,Industrials,Specialty Industrial Machinery,2026-05-21
KROSS,12498701312.0,SMALL CAP,193.75,22.634344,2.7648158,0.11948,10.969,0.1412,0.081499994,0.223,0.31,Consumer Cyclical,Consumer Cyclical,Auto Parts,2026-05-21
KRSNAA,18391105536.0,SMALL CAP,566.9500122070312,23.159723,1.9930676,,30.959,0.13126999,0.10491,0.038,-0.207,Healthcare,Healthcare,Diagnostics & Research,2026-05-21
KSHINTL,46487183360.0,SMALL CAP,686.0999755859375,49.502163,11.118854,,139.569,0.05178,0.036229998,0.585,-0.119,Industrials,Industrials,Electrical Equipment & Parts,2026-05-21
KSCL,47059681280.0,SMALL CAP,922.0,15.643027,2.6235666,,,0.02805,0.21824,0.208,-0.071,Basic Materials,Basic Materials,Agricultural Inputs,2026-05-21
KSL,35533590528.0,SMALL CAP,814.0,13.780261,1.8786321,,,0.13818,0.08605,-0.102,-0.102,Basic Materials,Basic Materials,Steel,2026-05-21
KSOLVES,6625107456.0,MICRO CAP,279.29998779296875,19.275362,19.913017,1.36942,19.398,0.27325,0.21104999,0.291,0.658,Technology,Technology,Software - Application,2026-05-21
KSHITIJPOL,339981824.0,MICRO CAP,3.819999933242798,15.28,1.2741828,0.07117,29.786,0.19212,0.07934,0.973,,Industrials,Industrials,Business Equipment & Supplies,2026-05-21
KSR,671546112.0,MICRO CAP,36.540000915527344,,0.90595794,,43.606,-0.06524,0.0,-0.096,,Consumer Cyclical,Consumer Cyclical,Footwear & Accessories,2026-05-21
KWIL,60290510848.0,SMALL CAP,25.65999984741211,,42.695507,,,-0.45808998,0.0,,,Consumer Defensive,Consumer Defensive,Packaged Foods,2026-05-21
LAGNAM,1437019776.0,MICRO CAP,81.33000183105469,9.846247,1.1940101,,289.472,0.08217,0.02479,0.03,0.571,Consumer Cyclical,Consumer Cyclical,Textile Manufacturing,2026-05-21
KTKBANK,102411567104.0,MID CAP,270.79998779296875,7.824328,0.8135968,0.10358,,0.45573002,0.40889,-0.017,0.615,Financial Services,Financial Services,Banks - Regional,2026-05-21
KUANTUM,6939203584.0,MICRO CAP,79.5199966430664,12.93008,0.5772274,,56.267,0.07814,0.05025,0.072,-0.533,Basic Materials,Basic Materials,Paper & Paper Products,2026-05-21
LAL,1221247360.0,MICRO CAP,7.070000171661377,,2.5035412,,26.272,0.06452,-0.050679997,-0.026,,Consumer Cyclical,Consumer Cyclical,Apparel Manufacturing,2026-05-21
LAHOTIOV,,UNKNOWN,42.5099983215332,,0.59235,,11.969,0.03894,0.04111,-0.175,-0.057,,,,2026-05-21
LAKPRE,142326944.0,MICRO CAP,6.260000228881836,,0.26531047,-0.86243,,0.08817001,-0.15453,0.209,-0.099,Industrials,Industrials,Tools & Accessories,2026-05-21
LAMBODHARA,1077609984.0,MICRO CAP,103.83999633789062,13.3128195,0.8792474,,32.269,0.04858,0.03439,-0.029,0.589,Consumer Cyclical,Consumer Cyclical,Textile Manufacturing,2026-05-21
LANDMARK,14885903360.0,SMALL CAP,359.0,62.872154,2.6137984,,166.568,0.02664,0.00503,0.126,0.248,Consumer Cyclical,Consumer Cyclical,Auto & Truck Dealerships,2026-05-21
LALPATHLAB,280055119872.0,MID CAP,1677.199951171875,52.908516,11.720966,0.21475,7.831,0.20236,0.18270999,0.166,-0.154,Healthcare,Healthcare,Diagnostics & Research,2026-05-21
LANDSMILL,1340160256.0,MICRO CAP,0.949999988079071,,0.59116364,,0.492,-0.64345,-0.09458,,,Industrials,Industrials,Conglomerates,2026-05-21
LANCORHOL,1780658944.0,MICRO CAP,24.209999084472656,,0.9151043,,64.345,0.13773,-0.0156,-0.162,,Real Estate,Real Estate,Real Estate - Development,2026-05-21
LASA,400809920.0,MICRO CAP,8.0,2.162162,0.7101642,,13.025,-1.03721,-0.66033995,-0.933,,Healthcare,Healthcare,Drug Manufacturers - Specialty & Generic,2026-05-21
LATENTVIEW,67167850496.0,SMALL CAP,324.6000061035156,33.8125,3.8258,0.12173,1.863,0.24028999,0.1744,0.261,-0.011,Industrials,Industrials,Consulting Services,2026-05-21
LATTEYS,1397148416.0,MICRO CAP,24.299999237060547,78.38709,6.6339064,,36.75,0.05213,0.025999999,0.95,3.0,Industrials,Industrials,Specialty Industrial Machinery,2026-05-21
LAOPALA,18687961088.0,SMALL CAP,168.36000061035156,18.359869,2.3331485,,1.046,0.30978,0.32044998,-0.074,0.033,Consumer Cyclical,Consumer Cyclical,"Furnishings, Fixtures & Appliances",2026-05-21
LAXMICOT,251556320.0,MICRO CAP,14.670000076293945,3.2745535,0.3873574,,65.868,-0.02036,0.049310002,-0.418,,Consumer Cyclical,Consumer Cyclical,Textile Manufacturing,2026-05-21
LAURUSLABS,732869885952.0,LARGE CAP,1357.199951171875,86.722046,13.825982,0.17743,46.369,0.21529,0.13046,0.053,0.194,Healthcare,Healthcare,Drug Manufacturers - Specialty & Generic,2026-05-21
LAXMIDENTL,11230415872.0,SMALL CAP,204.3300018310547,48.419434,4.7827816,,3.883,0.04232,0.08761,0.071,-0.591,Healthcare,Healthcare,Medical Instruments & Supplies,2026-05-21
LAXMIINDIA,6272144896.0,MICRO CAP,120.0,14.319809,1.3648772,,256.533,0.33054,0.28614,0.37,0.565,Financial Services,Financial Services,Credit Services,2026-05-21
LEMONTREE,89225388032.0,SMALL CAP,112.68000030517578,40.532375,7.2156763,,109.554,0.42259997,0.15636,0.143,0.0,Consumer Cyclical,Consumer Cyclical,Lodging,2026-05-21
LCCINFOTEC,741810752.0,MICRO CAP,4.400000095367432,,118.91892,,0.786,-0.00548,-1.37034,0.062,,Consumer Defensive,Consumer Defensive,Education & Training Services,2026-05-21
LEMERITE,10060680192.0,SMALL CAP,413.0,80.50682,7.8264165,,65.949,0.022950001,0.034089997,-0.231,7.0,Consumer Cyclical,Consumer Cyclical,Textile Manufacturing,2026-05-21
LENSKART,870014582784.0,LARGE CAP,503.1499938964844,172.31163,13.2680235,0.066539995,34.983,0.11695,0.054920003,0.323,-0.108,Healthcare,Healthcare,Medical Instruments & Supplies,2026-05-21
LEXUS,384633280.0,MICRO CAP,19.049999237060547,22.678572,2.5444102,,332.938,-0.29218,0.03115,-0.283,5.0,Industrials,Industrials,Building Products & Equipment,2026-05-21
LFIC,420000000.0,MICRO CAP,140.0,34.482758,0.69463396,,,0.78699,0.21709,0.208,,Financial Services,Financial Services,Asset Management,2026-05-21
LGEINDIA,1046124036096.0,LARGE CAP,1541.199951171875,59.852425,15.214364,,6.876,0.020739999,0.07279,-0.064,-0.616,Technology,Technology,Consumer Electronics,2026-05-21
LIBAS,328516928.0,MICRO CAP,12.470000267028809,3.614493,0.40206355,,16.808,0.06122,0.02542,0.018,,Consumer Cyclical,Consumer Cyclical,Apparel Manufacturing,2026-05-21
LGBBROSLTD,49759121408.0,SMALL CAP,1560.0,15.604681,2.3094757,0.15689,10.719,0.10306,0.103640005,0.218,-0.17,Consumer Cyclical,Consumer Cyclical,Auto Parts,2026-05-21
LIBERTSHOE,4121975808.0,MICRO CAP,241.89999389648438,35.837036,1.8060595,,72.559,0.02735,0.01607,0.13,-0.748,Consumer Cyclical,Consumer Cyclical,Footwear & Accessories,2026-05-21
LGHL,11461178368.0,SMALL CAP,228.8000030517578,102.14286,15.3207445,,153.423,-0.0736,0.10235,-0.045,,Consumer Cyclical,Consumer Cyclical,Luxury Goods,2026-05-21
LICHSGFIN,298711678976.0,MID CAP,543.0499877929688,5.3308134,0.7211245,0.14409,642.522,0.81481004,0.65779,0.044,0.086,Financial Services,Financial Services,Mortgage Finance,2026-05-21
LICNFNHGP,,UNKNOWN,270.0,21.13051,,,,,,,,Unknown,Unknown,Unknown,2026-05-21
LICI,5127991721984.0,MEGA CAP,810.75,9.673667,4.210551,,,0.06466,0.05973,0.161,,Financial Services,Financial Services,Insurance - Life,2026-05-21
LIKHITHA,7855069696.0,MICRO CAP,199.0,15.030211,1.9710581,,0.133,0.10613,0.11071,-0.118,-0.463,Energy,Energy,Oil & Gas Equipment & Services,2026-05-21
LINCOLN,14317249536.0,SMALL CAP,714.7999877929688,16.29731,1.9996978,,0.009,0.1195,0.13473,0.135,0.377,Healthcare,Healthcare,Drug Manufacturers - Specialty & Generic,2026-05-21
LINC,5938659328.0,MICRO CAP,99.80000305175781,17.236616,2.4717042,,11.183,0.06982,0.061490003,0.058,-0.218,Industrials,Industrials,Business Equipment & Supplies,2026-05-21
LLOYDS,2553412096.0,MICRO CAP,107.0,,0.7565259,,,,,,,Unknown,Unknown,Unknown,2026-05-21
LINDEINDIA,623470313472.0,LARGE CAP,7310.5,106.04148,16.321468,,,0.20444,0.2352,0.131,6.764,Basic Materials,Basic Materials,Specialty Chemicals,2026-05-21
LLOYDSENGG,97061109760.0,SMALL CAP,68.0999984741211,45.704697,5.613717,0.16820998,6.45,0.10967,0.14593,1.134,1.125,Industrials,Industrials,Specialty Industrial Machinery,2026-05-21
LLOYDSENT,105332080640.0,MID CAP,69.0,22.402597,2.1901982,0.09865,14.694,0.05312,0.16139,0.471,4.825,Basic Materials,Basic Materials,Steel,2026-05-21
LLOYDSME,943238086656.0,LARGE CAP,1676.699951171875,25.077774,6.409697,0.37048998,145.214,0.38556,0.2151,4.045,6.049,Basic Materials,Basic Materials,Steel,2026-05-21
LMW,152425037824.0,MID CAP,14268.0,116.606735,5.3873467,,,0.01498,0.037320003,-0.011,-0.24,Industrials,Industrials,Specialty Industrial Machinery,2026-05-21
LODHA,885388410880.0,LARGE CAP,886.3499755859375,25.893951,3.8021843,0.1571,42.238,0.27622998,0.20557,0.076,0.094,Real Estate,Real Estate,Real Estate - Development,2026-05-21
LORDSCHLO,4068848128.0,MICRO CAP,142.0,14.214214,1.7760434,,72.87,0.069910005,0.07172,0.45,2.51,Basic Materials,Basic Materials,Chemicals,2026-05-21
LOTUSDEV,69388992512.0,SMALL CAP,141.97999572753906,28.170635,3.622863,0.17059,6.839,0.42038,0.28958,0.625,-0.005,Industrials,Industrials,Engineering & Construction,2026-05-21
LOKESHMACH,5366786048.0,MICRO CAP,252.0,270.96774,2.2554371,,71.143,0.10902,0.00975,-0.02,,Industrials,Industrials,Specialty Industrial Machinery,2026-05-21
LRRPL,242275280.0,MICRO CAP,33.0,66.0,1.3483146,,,,,,,Unknown,Unknown,Unknown,2026-05-21
LT,5434302267392.0,MEGA CAP,3950.300048828125,33.78346,4.9722457,0.16951999,97.64,0.10707,0.05515,0.117,-0.345,Industrials,Industrials,Engineering & Construction,2026-05-21
LTF,683737415680.0,LARGE CAP,272.8999938964844,22.97138,2.5878336,0.111169994,393.442,0.43723,0.33077,0.319,0.264,Financial Services,Financial Services,Credit Services,2026-05-21
LTFOODS,140654788608.0,MID CAP,405.04998779296875,22.490282,7.8917117,0.14936,28.488,0.1086,0.05678,0.238,0.707,Consumer Defensive,Consumer Defensive,Packaged Foods,2026-05-21
LTM,1222457819136.0,LARGE CAP,4123.5,24.395079,5.0876255,0.21285,9.582,0.07614,0.11861,0.061,0.234,Technology,Technology,Information Technology Services,2026-05-21
LTTS,380255895552.0,MID CAP,3585.0,30.998703,6.1379943,0.19540001,8.911,0.15217,0.116330005,-0.042,0.067,Technology,Technology,Information Technology Services,2026-05-21
LUMAXTECH,110899396608.0,MID CAP,1627.0999755859375,44.419872,10.50847,,87.422,0.101,0.05432,0.403,0.839,Consumer Cyclical,Consumer Cyclical,Auto Parts,2026-05-21
LUMAXIND,50748837888.0,SMALL CAP,5429.0,31.238853,6.2218575,,121.301,0.06858,0.041539997,0.187,0.39,Consumer Cyclical,Consumer Cyclical,Auto Parts,2026-05-21
LUPIN,1038657257472.0,LARGE CAP,2271.699951171875,19.528067,4.6239777,0.26907,29.388,0.24244,0.19073999,0.319,0.89,Healthcare,Healthcare,Drug Manufacturers - Specialty & Generic,2026-05-21
LUXIND,41492905984.0,SMALL CAP,1379.800048828125,38.40245,2.3359716,,32.661,0.042069998,0.03759,0.217,-0.598,Consumer Cyclical,Consumer Cyclical,Apparel Manufacturing,2026-05-21
LYKALABS,2165669120.0,MICRO CAP,60.68000030517578,,2.1431851,,,-0.0068,-0.0050199996,,,Healthcare,Healthcare,Biotechnology,2026-05-21
LXCHEM,44281774080.0,SMALL CAP,159.74000549316406,55.65854,2.225132,,17.29,0.04099,0.028210001,-0.086,-0.124,Basic Materials,Basic Materials,Specialty Chemicals,2026-05-21
LYPSAGEMS,148304528.0,MICRO CAP,5.03000020980835,,0.99308985,,,0.21651,-0.67039,-0.018,74.691,Consumer Cyclical,Consumer Cyclical,Luxury Goods,2026-05-21
M&M,3732449263616.0,MEGA CAP,3108.39990234375,20.443274,3.731044,0.18754,125.066,0.16398,0.08461001,0.309,0.448,Consumer Cyclical,Consumer Cyclical,Auto Manufacturers,2026-05-21
MAANALU,8478260224.0,MICRO CAP,141.33999633789062,49.943462,4.0754304,,44.279,0.024300002,0.01908,-0.166,-0.071,Basic Materials,Basic Materials,Aluminum,2026-05-21
MACPOWER,11647844352.0,SMALL CAP,1164.300048828125,35.957382,7.502272,,0.841,0.15888,0.10346,0.433,1.19,Industrials,Industrials,Specialty Industrial Machinery,2026-05-21
M&MFIN,425339813888.0,MID CAP,306.1000061035156,14.674017,1.5944701,0.11856,428.025,0.44451,0.29518,0.403,0.826,Financial Services,Financial Services,Credit Services,2026-05-21
MADHAV,330591648.0,MICRO CAP,36.95000076293945,,0.2667177,,8.785,-0.15126,-0.0372,-0.036,,Industrials,Industrials,Building Products & Equipment,2026-05-21
MADHAVBAUG,1555990656.0,MICRO CAP,148.0,19.146183,2.3151407,,,,,,,Unknown,Unknown,Unknown,2026-05-21
MADHAVIPL,,UNKNOWN,8.479999542236328,,0.9940217,,81.073,0.16309,0.05034,-0.635,,,,,2026-05-21
MADHUCON,432438368.0,MICRO CAP,5.860000133514404,,-0.025324553,,,-1.15081,-0.68002,-0.218,,Industrials,Industrials,Engineering & Construction,2026-05-21
LOTUSEYE,2226455040.0,MICRO CAP,107.05999755859375,334.5625,3.4086854,,7.917,-0.02404,0.01264,0.106,,Healthcare,Healthcare,Medical Care Facilities,2026-05-21
MADHUSUDAN,2090445056.0,MICRO CAP,162.05,14.826166,2.3168867,,,,,,,Unknown,Unknown,Unknown,2026-05-21
MADRASFERT,10817952768.0,SMALL CAP,67.1500015258789,149.22223,11.733356,2.6954901,689.616,0.06407,0.03388,0.285,,Basic Materials,Basic Materials,Agricultural Inputs,2026-05-21
LOYALTEX,1084182016.0,MICRO CAP,225.1,,0.449331,,137.189,-0.06728,-0.00221,-0.32,,Consumer Cyclical,Consumer Cyclical,Textile Manufacturing,2026-05-21
LOVABLE,1061159936.0,MICRO CAP,71.69999694824219,13.868471,0.62085444,,1.621,-0.00389,0.09189,0.263,,Consumer Cyclical,Consumer Cyclical,Apparel Manufacturing,2026-05-21
MAFATIND,9371711488.0,MICRO CAP,129.83999633789062,10.428916,1.1815882,,,,,,,Unknown,Unknown,Unknown,2026-05-21
LPDC,956440768.0,MICRO CAP,7.130000114440918,,2.919738,,,0.050630003,0.11003,2.411,0.929,Real Estate,Real Estate,Real Estate Services,2026-05-21
MAFANG,,UNKNOWN,192.61000061035156,34.30402,,,,,,,,Unknown,Unknown,Unknown,2026-05-21
MAGNUM,1429112448.0,MICRO CAP,20.889999389648438,,0.19931684,-0.01646,39.029,0.0769,-0.02481,-0.012,-0.969,Basic Materials,Basic Materials,Paper & Paper Products,2026-05-21
MAGSON,730049984.0,MICRO CAP,93.0,178.84616,1.2580659,,,,,,,Unknown,Unknown,Unknown,2026-05-21
MAGADSUGAR,6763982336.0,MICRO CAP,480.0,7.8226857,0.83857155,0.074099995,78.532,0.24461001,0.051030003,-0.182,-0.321,Consumer Defensive,Consumer Defensive,Confectioners,2026-05-21
MAHABANK,612863115264.0,LARGE CAP,79.66000366210938,8.736842,1.8436335,0.22659999,,0.5789,0.49278998,0.382,0.364,Financial Services,Financial Services,Banks - Regional,2026-05-21
MAHAPEXLTD,1348876288.0,MICRO CAP,47.86000061035156,2.78742,0.1469604,,,0.76543,80.0121,-0.598,,Financial Services,Financial Services,Credit Services,2026-05-21
MAHICKRA,884097088.0,MICRO CAP,108.85,35.0,2.4116004,,,,,,,Unknown,Unknown,Unknown,2026-05-21
MAHLIFE,70883115008.0,SMALL CAP,332.25,22.75685,1.9543658,0.10797,18.26,-0.07391,0.25301,71.47,-0.195,Real Estate,Real Estate,Real Estate - Development,2026-05-21
MAHEPC,3339276288.0,MICRO CAP,119.47000122070312,26.314978,1.8040016,0.07096,24.485,0.05888,0.04066,0.116,-0.237,Industrials,Industrials,Farm & Heavy Construction Machinery,2026-05-21
MAHASTEEL,12950306816.0,SMALL CAP,788.0,119.03323,9.3179455,,40.365,0.01632,0.0127799995,0.122,0.758,Basic Materials,Basic Materials,Steel,2026-05-21
MAHESHWARI,1614527232.0,MICRO CAP,54.54999923706055,8.105497,0.77651244,,145.284,0.04843,0.01878,0.159,0.418,Industrials,Industrials,Integrated Freight & Logistics,2026-05-21
MAHKTECH,,UNKNOWN,24.06999969482422,20.208889,,,,,,,,Unknown,Unknown,Unknown,2026-05-21
MAHLOG,35496841216.0,SMALL CAP,357.75,1431.0,4.5014725,0.01279,46.725,0.02527,0.00033,0.201,0.289,Industrials,Industrials,Integrated Freight & Logistics,2026-05-21
MAJESAUT,,UNKNOWN,315.6499938964844,3.7421458,0.46323067,,2.343,-0.88513,1.84944,-0.803,,Real Estate,Real Estate,Real Estate Services,2026-05-21
MAITREYA,817524416.0,MICRO CAP,120.65,27.234764,3.0542758,,,,,,,Unknown,Unknown,Unknown,2026-05-21
MAHSEAMLES,86295519232.0,SMALL CAP,644.0,10.267857,1.3144654,,0.151,0.11333,0.17288,-0.226,0.305,Basic Materials,Basic Materials,Steel,2026-05-21
MAHSCOOTER,133919956992.0,MID CAP,11718.0,43.137974,0.48581803,0.010620001,,0.83871,0.99144,-0.036,-0.923,Financial Services,Financial Services,Asset Management,2026-05-21
MAITHANALL,27800074240.0,SMALL CAP,954.9500122070312,6.2730737,0.67420787,,10.735,0.101289995,0.21628,-0.077,-0.021,Basic Materials,Basic Materials,Steel,2026-05-21
MAKEINDIA,,UNKNOWN,160.47000122070312,,,,,0.0,0.0,,,,,,2026-05-21
MAKS,436198304.0,MICRO CAP,62.9,89.85715,2.682646,,,,,,,Unknown,Unknown,Unknown,2026-05-21
MALLCOM,6426576384.0,MICRO CAP,1029.9000244140625,12.016101,2.0608635,,36.932,0.12174,0.100880004,0.114,0.125,Industrials,Industrials,Security & Protection Services,2026-05-21
MAL,1018294528.0,MICRO CAP,41.25,7.624769,0.6578108,,,,,,,Unknown,Unknown,Unknown,2026-05-21
MALUPAPER,565300160.0,MICRO CAP,32.349998474121094,,-3.162577,,,-0.058179997,-0.061329998,0.226,,Basic Materials,Basic Materials,Paper & Paper Products,2026-05-21
MAMATA,10044904448.0,SMALL CAP,408.20001220703125,23.815638,5.68904,,4.109,0.10744,0.15597999,-0.085,-0.101,Industrials,Industrials,Specialty Industrial Machinery,2026-05-21
MANAKALUCO,2213084928.0,MICRO CAP,33.77000045776367,35.177086,1.5998673,,193.509,0.06576,0.01159,0.021,0.0,Basic Materials,Basic Materials,Aluminum,2026-05-21
MANAKCOAT,10611979264.0,SMALL CAP,100.2699966430664,23.210646,2.8814046,0.14136,33.071,0.051170003,0.046,0.094,-0.044,Industrials,Industrials,Metal Fabrication,2026-05-21
MANAKSIA,3845538048.0,MICRO CAP,58.68000030517578,7.390428,0.6064677,,5.797,0.02873,0.06381,-0.021,0.138,Industrials,Industrials,Metal Fabrication,2026-05-21
MANAKSTEEL,4305586688.0,MICRO CAP,65.69999694824219,17.020725,1.409478,,66.71,0.03914,0.02525,0.981,3.2,Basic Materials,Basic Materials,Steel,2026-05-21
MANAPPURAM,300493635584.0,MID CAP,319.8999938964844,27.318531,1.668405,0.06968,360.191,0.45023,0.23985,1.093,,Financial Services,Financial Services,Credit Services,2026-05-21
MANBA,5372100096.0,MICRO CAP,106.93000030517578,12.729762,1.3079163,0.1165,379.637,0.50343,0.29492,0.611,0.391,Financial Services,Financial Services,Credit Services,2026-05-21
MANAV,267147984.0,MICRO CAP,20.3,4.356223,3.1758447,,,,,,,Unknown,Unknown,Unknown,2026-05-21
MANALIPETC,9676676096.0,MICRO CAP,56.2599983215332,8.668721,0.8438451,,13.6,0.021329999,0.11637,0.26,11.839,Basic Materials,Basic Materials,Specialty Chemicals,2026-05-21
MANDEEP,611486464.0,MICRO CAP,59.15,41.07639,1.7885221,,,,,,,Unknown,Unknown,Unknown,2026-05-21
MANCREDIT,3569107968.0,MICRO CAP,169.0399932861328,28.173332,2.16446,,174.678,0.75095004,0.20066999,0.446,0.038,Financial Services,Financial Services,Credit Services,2026-05-21
MANGALAM,490675680.0,MICRO CAP,31.0,,0.4760296,-0.35233003,109.406,-0.15122,-0.19063999,-0.074,,Healthcare,Healthcare,Drug Manufacturers - Specialty & Generic,2026-05-21
MANGLMCEM,23180222464.0,SMALL CAP,843.0,28.781153,2.3722823,0.14099,90.914,0.09905,0.07154,0.008,2.857,Basic Materials,Basic Materials,Building Materials,2026-05-21
MANINFRA,48036311040.0,SMALL CAP,119.0,23.4714,2.1213255,0.10152,2.766,0.3036,0.25325,-0.364,-0.483,Industrials,Industrials,Engineering & Construction,2026-05-21
MANKIND,1044205993984.0,LARGE CAP,2528.89990234375,54.678917,6.83001,0.12452,38.111,0.20558001,0.13397999,0.118,0.317,Healthcare,Healthcare,Drug Manufacturers - Specialty & Generic,2026-05-21
MANINDS,44690698240.0,SMALL CAP,595.7999877929688,22.593855,2.3194792,,28.531,0.12782,0.051799998,0.134,0.455,Basic Materials,Basic Materials,Steel,2026-05-21
MANOMAY,3219894272.0,MICRO CAP,178.39999389648438,17.929647,2.0350196,,234.249,0.06893,0.02621,-0.05,-0.234,Consumer Cyclical,Consumer Cyclical,Textile Manufacturing,2026-05-21
MANORAMA,81812619264.0,SMALL CAP,1370.199951171875,38.018867,12.16593,0.3798,52.154,0.23008,0.15727,0.681,0.315,Consumer Defensive,Consumer Defensive,Packaged Foods,2026-05-21
MANUGRAPH,510797952.0,MICRO CAP,16.299999237060547,9.878788,0.8259437,0.08901,5.169,0.021979999,0.055760004,-0.098,,Industrials,Industrials,Specialty Industrial Machinery,2026-05-21
MARALOVER,2359729664.0,MICRO CAP,56.849998474121094,71.96202,2.5606954,,447.299,0.04614,-0.010299999,-0.012,,Consumer Cyclical,Consumer Cyclical,Textile Manufacturing,2026-05-21
MANORG,5069292032.0,MICRO CAP,591.9000244140625,20.33322,1.6505305,,114.035,0.08248,0.16003999,0.326,0.19,Basic Materials,Basic Materials,Specialty Chemicals,2026-05-21
MANYAVAR,103385055232.0,MID CAP,425.5,27.55829,6.0025954,0.20025998,23.295,0.37887,0.24561001,0.159,0.131,Consumer Cyclical,Consumer Cyclical,Apparel Manufacturing,2026-05-21
MARATHON,33143939072.0,SMALL CAP,491.6000061035156,13.468493,1.5072358,,2.665,0.19738,0.39824,0.013,-0.493,Real Estate,Real Estate,Real Estate - Development,2026-05-21
MAPMYINDIA,50046132224.0,SMALL CAP,913.9000244140625,37.393616,6.1175036,,1.148,0.20357001,0.27922,-0.182,-0.422,Technology,Technology,Software - Infrastructure,2026-05-21
MARCO,953649024.0,MICRO CAP,51.0,18.345324,2.615653,,,,,,,Unknown,Unknown,Unknown,2026-05-21
MARC,,UNKNOWN,90.9000015258789,,,,,,,,,Unknown,Unknown,Unknown,2026-05-21
MARINE,30791604224.0,SMALL CAP,232.10000610351562,60.44271,7.420077,,12.715,0.07772,0.06266,0.085,1.237,Industrials,Industrials,Electrical Equipment & Parts,2026-05-21
MARICO,1080569954304.0,LARGE CAP,833.9000244140625,61.406483,25.4766,0.41393003,12.394,0.13831,0.12945,0.221,0.145,Consumer Defensive,Consumer Defensive,Household & Personal Products,2026-05-21
MARINETRAN,343601984.0,MICRO CAP,27.0,69.230774,1.3206809,,,,,,,Unknown,Unknown,Unknown,2026-05-21
MARKSANS,98196054016.0,SMALL CAP,216.69000244140625,27.222363,3.6498847,,12.238,0.18082,0.12853,0.106,0.082,Healthcare,Healthcare,Drug Manufacturers - General,2026-05-21
MARKOLINES,3593110784.0,MICRO CAP,163.02000427246094,13.417285,2.1462142,,33.27,0.10647,0.074,0.161,0.194,Industrials,Industrials,Infrastructure Operations,2026-05-21
MARSONS,26551586816.0,SMALL CAP,154.27999877929688,80.77487,19.158077,,2.448,0.1586,0.15677,0.04,0.027,Industrials,Industrials,Electrical Equipment & Parts,2026-05-21
MARUTI,4104525447168.0,MEGA CAP,13055.0,27.96641,3.8303924,0.14434,0.096,0.08406,0.08008,0.282,-0.064,Consumer Cyclical,Consumer Cyclical,Auto Manufacturers,2026-05-21
MASON,2696499968.0,MICRO CAP,153.45,14.234694,2.0660543,,,,,,,Unknown,Unknown,Unknown,2026-05-21
MASTEK,50255368192.0,SMALL CAP,1621.0999755859375,12.513315,1.6255164,0.14814,14.648,0.14102,0.109230004,0.036,0.308,Technology,Technology,Information Technology Services,2026-05-21
MASFIN,55914856448.0,SMALL CAP,308.1499938964844,15.053738,1.877681,0.13217,339.79,0.36255002,0.33883,1.063,0.251,Financial Services,Financial Services,Credit Services,2026-05-21
MASKINVEST,454643008.0,MICRO CAP,148.99000549316406,,0.39606673,,0.826,0.40791,0.04644,2.005,3.25,Financial Services,Financial Services,Capital Markets,2026-05-21
MASTER,1248000000.0,MICRO CAP,312.0,19.235512,3.8278918,,,,,,,Unknown,Unknown,Unknown,2026-05-21
MASTERTR,11594258432.0,SMALL CAP,94.25,8.891509,1.454161,0.1729,27.836,0.29295,0.24413,0.479,0.425,Financial Services,Financial Services,Capital Markets,2026-05-21
MAWANASUG,4029037056.0,MICRO CAP,103.0,11.220043,0.879808,,1.911,0.053969998,0.02327,0.097,-0.946,Consumer Defensive,Consumer Defensive,Confectioners,2026-05-21
MATRIMONY,8681522176.0,MICRO CAP,420.0,27.667984,4.303279,0.15252,23.902,0.10689,0.07064,0.125,0.212,Communication Services,Communication Services,Internet Content & Information,2026-05-21
MAXESTATES,67209764864.0,SMALL CAP,411.1000061035156,134.7869,2.6501722,,69.537,0.23211001,0.17722,-0.006,-0.998,Real Estate,Real Estate,Real Estate - Development,2026-05-21
MAXPOSURE,2106948992.0,MICRO CAP,92.65,24.772728,2.950355,,,,,,,Unknown,Unknown,Unknown,2026-05-21
MAXHEALTH,1073390616576.0,LARGE CAP,1102.9000244140625,75.9573,10.737687,,32.579,0.20656,0.17434,0.107,0.266,Healthcare,Healthcare,Medical Care Facilities,2026-05-21
MAXIND,8298612736.0,MICRO CAP,158.0,,1.7673576,,43.616,-0.59386003,-0.80635,0.274,,Healthcare,Healthcare,Medical Care Facilities,2026-05-21
MAYURUNIQ,30384230400.0,SMALL CAP,699.25,17.476881,2.9864738,0.18365,0.687,0.29529,0.1876,0.104,0.434,Consumer Cyclical,Consumer Cyclical,Textile Manufacturing,2026-05-21
MBAPL,47866216448.0,SMALL CAP,546.25,45.749584,10.436369,,68.15,0.09819999,0.059169997,1.158,0.775,Basic Materials,Basic Materials,Agricultural Inputs,2026-05-21
MAZDA,4003998720.0,MICRO CAP,199.9499969482422,14.955123,1.7002552,,,0.20528,0.13345,0.013,0.175,Industrials,Industrials,Specialty Industrial Machinery,2026-05-21
MAZDOCK,999252885504.0,LARGE CAP,2477.199951171875,38.639835,10.243602,0.2877,4.481,0.13505,0.19863,0.213,1.09,Industrials,Industrials,Aerospace & Defense,2026-05-21
MBEL,16941589504.0,SMALL CAP,296.45001220703125,17.489676,2.7180293,,19.131,0.10466,0.07783,0.071,0.256,Industrials,Industrials,Engineering & Construction,2026-05-21
MBLINFRA,3903971584.0,MICRO CAP,25.280000686645508,,0.36831984,,98.238,-0.29961002,-0.29639998,0.665,,Industrials,Industrials,Engineering & Construction,2026-05-21
MCL,1680953600.0,MICRO CAP,61.93000030517578,36.42941,3.3900812,,112.554,0.0381,0.01721,0.607,-0.152,Basic Materials,Basic Materials,Copper,2026-05-21
MCLEODRUSS,7708833792.0,MICRO CAP,73.80000305175781,,12.110273,,3010.147,-0.01646,-0.18936001,0.202,,Consumer Defensive,Consumer Defensive,Packaged Foods,2026-05-21
MCCHRLS-B,,UNKNOWN,680.0,,13.69201,,1620.902,0.57711,-1.71376,10.822,,,,,2026-05-21
MCLOUD,15103680512.0,SMALL CAP,25.639999389648438,14.087912,2.5919933,,46.793,0.2463,0.16506,0.083,-0.01,Technology,Technology,Information Technology Services,2026-05-21
MCON,1365776000.0,MICRO CAP,186.35,54.9705,3.9744492,,,,,,,Unknown,Unknown,Unknown,2026-05-21
MDL,1949641472.0,MICRO CAP,109.9,47.99127,3.02222,,,,,,,Unknown,Unknown,Unknown,2026-05-21
MCX,858705100800.0,LARGE CAP,3373.89990234375,64.49818,20.405706,0.37883,0.113,0.73859,0.54818,2.0,2.912,Financial Services,Financial Services,Financial Data & Stock Exchanges,2026-05-21
MEDICO,3799837440.0,MICRO CAP,45.790000915527344,32.707146,5.674102,,18.737,0.060349997,0.06077,0.486,0.094,Healthcare,Healthcare,Drug Manufacturers - Specialty & Generic,2026-05-21
MEDIASSIST,28061745152.0,SMALL CAP,375.6499938964844,30.917696,4.559966,0.12717,6.382,0.112849995,0.09714,0.281,1.404,Healthcare,Healthcare,Healthcare Plans,2026-05-21
MEDICAMEQ,3741302528.0,MICRO CAP,275.8500061035156,47.153847,1.7122163,,14.033,0.06498,0.04512,0.051,-0.474,Healthcare,Healthcare,Drug Manufacturers - Specialty & Generic,2026-05-21
MEDANTA,333321043968.0,MID CAP,1240.5,59.8986,9.000153,0.15032,29.869,0.15292,0.12617,0.245,0.42,Healthcare,Healthcare,Medical Care Facilities,2026-05-21
MEDIORG,1186964992.0,MICRO CAP,101.45,27.718578,3.6429904,,,,,,,Unknown,Unknown,Unknown,2026-05-21
MEESHO,898607087616.0,LARGE CAP,195.66000366210938,,20.610977,-0.46563,1.428,-0.07745,-0.107530005,0.471,,Consumer Cyclical,Consumer Cyclical,Internet Retail,2026-05-21
MEGASTAR,3472248320.0,MICRO CAP,307.45001220703125,33.382195,3.5381784,,177.675,0.05071,0.01648,0.523,5.775,Consumer Defensive,Consumer Defensive,Packaged Foods,2026-05-21
MEDPLUS,116157276160.0,MID CAP,967.9500122070312,56.27616,6.288943,,64.689,0.04755,0.031659998,0.157,0.259,Healthcare,Healthcare,Pharmaceutical Retailers,2026-05-21
MENNPIS,,UNKNOWN,60.41999816894531,,3.7921295,,5.402,-0.01831,0.088570006,-0.427,,,,,2026-05-21
MEGAFLEX,433077600.0,MICRO CAP,35.7,8.380281,0.7637997,,,,,,,Unknown,Unknown,Unknown,2026-05-21
MEGATHERM,6956939776.0,MICRO CAP,369.25,28.938087,4.5270643,,,,,,,Unknown,Unknown,Unknown,2026-05-21
MEIL,8963212288.0,MICRO CAP,324.3999938964844,20.199253,1.4970627,0.11474,7.695,0.1043,0.07355,0.189,-0.312,Industrials,Industrials,Electrical Equipment & Parts,2026-05-21
MENONBE,8302325760.0,MICRO CAP,148.14999389648438,26.645683,4.4766417,0.22245,25.159,0.22125,0.1274,-0.267,0.292,Consumer Cyclical,Consumer Cyclical,Auto Parts,2026-05-21
MERCANTILE,,UNKNOWN,25.670000076293945,,0.8587582,,,0.00931,0.12807,0.368,0.471,,,,2026-05-21
MEP,177942672.0,MICRO CAP,0.9700000286102295,,-0.0132722175,,,-16.28958,0.0,2.245,,Industrials,Industrials,Infrastructure Operations,2026-05-21
METROGLOBL,1621970304.0,MICRO CAP,131.5,7.342267,0.39729416,0.05468,0.815,0.17434,0.07078,-0.168,,Industrials,Industrials,Conglomerates,2026-05-21
METROBRAND,298057105408.0,MID CAP,1093.5999755859375,72.809586,16.362194,,77.874,0.22803,0.14243001,0.154,0.358,Consumer Cyclical,Consumer Cyclical,Apparel Retail,2026-05-21
METROPOLIS,110207303680.0,MID CAP,531.5499877929688,57.966194,7.268861,0.13373,15.212,0.17924999,0.113690004,0.254,0.73,Healthcare,Healthcare,Diagnostics & Research,2026-05-21
MFML,265506880.0,MICRO CAP,25.0,4.6904316,0.27246472,,65.601,0.06469,0.045450002,-0.195,,Consumer Cyclical,Consumer Cyclical,Textile Manufacturing,2026-05-21
MGEL,4327065088.0,MICRO CAP,13.130000114440918,9.583941,1.9145525,0.20118,86.568,0.02214,0.013359999,0.982,1.386,Consumer Defensive,Consumer Defensive,Farm Products,2026-05-21
MFSL,559646244864.0,LARGE CAP,1629.5999755859375,667.8279,20.445677,0.01629,12.673,0.04599,0.00176,-0.402,,Financial Services,Financial Services,Insurance - Life,2026-05-21
MGL,105553928192.0,MID CAP,1068.5999755859375,12.543725,1.700006,,3.545,0.120629996,0.116809994,0.115,-0.091,Utilities,Utilities,Utilities - Regulated Gas,2026-05-21
MHLXMIRU,1837201408.0,MICRO CAP,172.99000549316406,8.758987,2.3250096,,18.767,0.25803,0.19863,0.095,0.116,Consumer Cyclical,Consumer Cyclical,Textile Manufacturing,2026-05-21
MICEL,10517743616.0,SMALL CAP,43.63999938964844,,4.601919,-0.05751,20.387,0.24484,-0.06631,0.133,,Technology,Technology,Electronic Components,2026-05-21
MHHL,1040358080.0,MICRO CAP,57.05,,1.0278909,,,,,,,Unknown,Unknown,Unknown,2026-05-21
MHRIL,44372926464.0,SMALL CAP,220.02000427246094,63.9593,5.705765,0.08522,488.662,0.108,0.02323,0.053,-0.431,Consumer Cyclical,Consumer Cyclical,Resorts & Casinos,2026-05-21
MICROPRO,608439488.0,MICRO CAP,42.55,,1.403503,,,,,,,Unknown,Unknown,Unknown,2026-05-21
MIDWESTLTD,48347009024.0,SMALL CAP,1337.0,41.43167,6.7307353,,34.016,0.17011,0.17646,0.1,0.135,Basic Materials,Basic Materials,Building Materials,2026-05-21
MINDACORP,122623033344.0,MID CAP,521.0,43.20066,5.020961,,62.969,0.08063,0.04958,0.246,0.321,Consumer Cyclical,Consumer Cyclical,Auto Parts,2026-05-21
MIDHANI,75385618432.0,SMALL CAP,402.3999938964844,68.66894,5.241289,,23.466,0.13696,0.10293,0.158,0.088,Basic Materials,Basic Materials,Steel,2026-05-21
MILTON,674701504.0,MICRO CAP,39.7,21.117022,1.3946463,,,,,,,Unknown,Unknown,Unknown,2026-05-21
MINDSPACE,228427464704.0,MID CAP,345.06,32.76923,1.5476319,,,,,,,Unknown,Unknown,Unknown,2026-05-21
MINDPOOL,344296864.0,MICRO CAP,81.25,145.08928,1.8313572,,,,,,,Unknown,Unknown,Unknown,2026-05-21
MIRCELECTR,14258544640.0,SMALL CAP,38.599998474121094,,7.3078375,,31.055,-0.046550002,0.02544,0.271,,Consumer Cyclical,Consumer Cyclical,"Furnishings, Fixtures & Appliances",2026-05-21
MINDTECK,6512589312.0,MICRO CAP,203.80999755859375,23.133938,2.3285651,0.11188,1.278,0.11805,0.07552,0.029,0.493,Technology,Technology,Information Technology Services,2026-05-21
MITCON,1373722112.0,MICRO CAP,77.69999694824219,31.330645,0.84869796,,62.951,0.15868,0.04265,0.19,2.75,Industrials,Industrials,Engineering & Construction,2026-05-21
MKPL,1920086528.0,MICRO CAP,5.090000152587891,23.136364,2.5772152,,2.694,0.02507,0.02268,1.269,0.0,Consumer Defensive,Consumer Defensive,Packaged Foods,2026-05-21
MIRZAINT,4105978368.0,MICRO CAP,29.709999084472656,47.919353,0.6918151,,4.955,-0.0759,0.01554,0.033,,Consumer Cyclical,Consumer Cyclical,Footwear & Accessories,2026-05-21
MITTAL,457217792.0,MICRO CAP,1.0299999713897705,17.166666,0.7797123,,14.045,0.05651,0.03019,0.159,1.0,Consumer Cyclical,Consumer Cyclical,Textile Manufacturing,2026-05-21
MMFL,22788915200.0,SMALL CAP,472.0,26.280624,2.4602425,,140.389,0.10441,0.05658,0.106,-0.338,Industrials,Industrials,Metal Fabrication,2026-05-21
MMP,7202148352.0,MICRO CAP,283.5199890136719,30.226011,2.2452228,,53.99,0.07273,0.02994,0.208,0.054,Basic Materials,Basic Materials,Aluminum,2026-05-21
MMTC,96075005952.0,SMALL CAP,64.05000305175781,36.392048,4.989484,,1.796,-70.47059,86.98679,0.36,14.5,Industrials,Industrials,Conglomerates,2026-05-21
MMWL,,UNKNOWN,13.9399995803833,278.8,23.58714,0.0717,115.612,0.01745,0.00466,0.106,,Communication Services,Communication Services,Entertainment,2026-05-21
MNC,,UNKNOWN,32.720001220703125,36.059784,,,,,,,,Unknown,Unknown,Unknown,2026-05-21
MOCAPITAL,,UNKNOWN,56.560001373291016,,,,,0.0,0.0,,,,,,2026-05-21
MOBIKWIK,15489392640.0,SMALL CAP,196.74000549316406,,2.858056,-0.11015,51.207,0.15317,-0.0538,0.105,,Technology,Technology,Software - Infrastructure,2026-05-21
MODEFENCE,,UNKNOWN,99.93000030517578,49.966858,,,,,,,,Unknown,Unknown,Unknown,2026-05-21
MODINATUR,6287272448.0,MICRO CAP,472.5,16.225962,3.6001372,0.34243,93.655,0.0924,0.06992,0.281,1.479,Consumer Defensive,Consumer Defensive,Packaged Foods,2026-05-21
MODIRUBBER,3312862464.0,MICRO CAP,132.3000030517578,19.658247,0.4794712,0.02411,2.81,-0.6717,0.52049,0.201,-0.281,Real Estate,Real Estate,Real Estate Services,2026-05-21
MODISONLTD,5658631168.0,MICRO CAP,174.3800048828125,12.280282,2.5003228,,37.68,0.1149,0.06913,0.186,2.453,Industrials,Industrials,Electrical Equipment & Parts,2026-05-21
MODIS,6775616512.0,MICRO CAP,345.8500061035156,27.232285,6.416274,,,0.26721,0.15882,0.7,0.807,Real Estate,Real Estate,Real Estate - Development,2026-05-21
MODTHREAD,1578444544.0,MICRO CAP,45.38999938964844,13.671687,,,,0.0,0.0,,,Consumer Cyclical,Consumer Cyclical,Textile Manufacturing,2026-05-21
MOHITIND,338082880.0,MICRO CAP,23.8799991607666,,0.20619267,,40.091,-0.01249,-0.009190001,0.227,,Consumer Cyclical,Consumer Cyclical,Textile Manufacturing,2026-05-21
MOIPO,,UNKNOWN,43.439998626708984,,,,,0.0,0.0,,,,,,2026-05-21
MOKSH,1043512128.0,MICRO CAP,12.460000038146973,9.968,0.8059508,0.082150005,19.056,0.00794,0.01451,0.562,1.969,Consumer Cyclical,Consumer Cyclical,Luxury Goods,2026-05-21
MOIL,61310091264.0,SMALL CAP,301.29998779296875,21.09944,2.2700045,0.10005,,0.20464,0.18160999,0.026,-0.199,Basic Materials,Basic Materials,Other Industrial Metals & Mining,2026-05-21
MOLDTECH,3499245824.0,MICRO CAP,121.4800033569336,30.599497,2.7068338,0.08211,4.004,0.05266,0.05313,0.975,,Industrials,Industrials,Engineering & Construction,2026-05-21
MOL,12453767168.0,SMALL CAP,48.970001220703125,30.798742,0.7956004,0.01878,46.995,0.05402,0.0126600005,-0.076,-0.59,Basic Materials,Basic Materials,Agricultural Inputs,2026-05-21
MOLDTKPAC,22713624576.0,SMALL CAP,683.5499877929688,31.212328,3.2927887,0.10976,31.851,0.13595,0.08219,0.174,0.268,Consumer Cyclical,Consumer Cyclical,Packaging & Containers,2026-05-21
MONEYBOXX,4955755008.0,MICRO CAP,70.98999786376953,,1.6765859,,246.36,0.01505,-0.038110003,0.092,0.333,Financial Services,Financial Services,Credit Services,2026-05-21
MONARCH,25286598656.0,SMALL CAP,319.0,15.918163,2.8756614,0.20495,3.83,0.64997,0.49444,0.582,0.841,Financial Services,Financial Services,Capital Markets,2026-05-21
MONOPHARMA,721760832.0,MICRO CAP,40.85,88.804344,2.682382,,,,,,,Unknown,Unknown,Unknown,2026-05-21
MONTECARLO,11651420160.0,SMALL CAP,562.0,12.057498,1.3975754,,89.066,0.24431999,0.080469996,0.109,0.106,Consumer Cyclical,Consumer Cyclical,Apparel Manufacturing,2026-05-21
MOREALTY,,UNKNOWN,77.47000122070312,34.43683,,,,,,,,Unknown,Unknown,Unknown,2026-05-21
MOREPENLAB,23655161856.0,SMALL CAP,43.16999816894531,23.983334,1.983004,,13.239,0.07422,0.05566,0.057,0.02,Healthcare,Healthcare,Drug Manufacturers - Specialty & Generic,2026-05-21
MOSCHIP,39367069696.0,SMALL CAP,202.99000549316406,112.14918,10.646143,,13.098,0.072680004,0.06367,0.184,-0.625,Technology,Technology,Semiconductor Equipment & Materials,2026-05-21
MOS,46866432000.0,SMALL CAP,187.95,253.98648,20.955513,,,,,,,Unknown,Unknown,Unknown,2026-05-21
MOTISONS,12041155584.0,SMALL CAP,12.020000457763672,,2.6446645,,12.395,0.19917999,0.14134,0.201,,Consumer Cyclical,Consumer Cyclical,Luxury Goods,2026-05-21
MOSERVICE,,UNKNOWN,29.989999771118164,,,,,0.0,0.0,,,,,,2026-05-21
MOTILALOFS,514868609024.0,LARGE CAP,855.2000122070312,26.041412,3.979192,0.1555,164.419,-0.09198,0.23452999,1.523,,Financial Services,Financial Services,Capital Markets,2026-05-21
MOTHERSON,1430141140992.0,LARGE CAP,135.8000030517578,42.043343,3.8775628,0.10114,43.908,0.077259995,0.03053,0.196,0.43,Consumer Cyclical,Consumer Cyclical,Auto Parts,2026-05-21
MOTOGENFIN,937205824.0,MICRO CAP,24.020000457763672,70.64706,1.2285188,,,0.13176,0.12891,,,Real Estate,Real Estate,Real Estate Services,2026-05-21
MOXSH,1478928000.0,MICRO CAP,165.0,,5.079267,,,,,,,Unknown,Unknown,Unknown,2026-05-21
MOTOUR,,UNKNOWN,72.58000183105469,42.11352,,,,,,,,Unknown,Unknown,Unknown,2026-05-21
MPHASIS,426132635648.0,MID CAP,2233.199951171875,23.696943,4.1858635,0.18285999,24.383,0.15379,0.11729,0.144,0.14,Technology,Technology,Information Technology Services,2026-05-21
MPSLTD,30883586048.0,SMALL CAP,1819.300048828125,17.824043,6.2993193,0.32234,10.167,0.31035998,0.22096,0.163,-0.001,Communication Services,Communication Services,Publishing,2026-05-21
MPTODAY,171985200.0,MICRO CAP,37.65,5.393983,0.37393853,,,,,,,Unknown,Unknown,Unknown,2026-05-21
MRPL,265080569856.0,MID CAP,151.25,13.775046,1.990184,0.14169,108.059,0.08354,0.021710001,-0.034,-0.682,Energy,Energy,Oil & Gas Refining & Marketing,2026-05-21
MRF,540639690752.0,LARGE CAP,127475.0,22.283386,2.5776029,0.12295,15.288,0.10729,0.07789,0.134,0.371,Consumer Cyclical,Consumer Cyclical,Auto Parts,2026-05-21
MSPL,24275902464.0,SMALL CAP,42.83000183105469,,2.6600833,,30.822,0.02928,-0.03051,-0.109,-0.46,Basic Materials,Basic Materials,Steel,2026-05-21
MSCIINDIA,,UNKNOWN,29.229999542236328,22.839184,,,,,,,,Unknown,Unknown,Unknown,2026-05-21
MSTCLTD,29986881536.0,SMALL CAP,425.95001220703125,13.847529,3.6083088,,17.456,0.54529,0.63797003,0.09,-0.795,Industrials,Industrials,Conglomerates,2026-05-21
MSUMI,265664397312.0,MID CAP,40.060001373291016,42.617023,14.379039,0.32393003,10.786,0.065120004,0.0547,0.331,0.015,Consumer Cyclical,Consumer Cyclical,Auto Parts,2026-05-21
MTARTECH,236233670656.0,MID CAP,7680.0,251.2267,31.751806,,25.061,0.19854,0.084259994,0.593,1.173,Industrials,Industrials,Specialty Industrial Machinery,2026-05-21
MTNL,18332999680.0,SMALL CAP,29.100000381469727,,-0.06366473,,,-0.75521004,0.0,0.161,,Communication Services,Communication Services,Telecom Services,2026-05-21
MTEDUCARE,116287168.0,MICRO CAP,1.6100000143051147,,-2.0936282,,,-0.27903,-0.48523,-0.422,,Consumer Defensive,Consumer Defensive,Education & Training Services,2026-05-21
MUFTI,5125016064.0,MICRO CAP,78.4000015258789,11.057828,1.2304602,,58.118,0.0994,0.07888,-0.06,-0.619,Consumer Cyclical,Consumer Cyclical,Apparel Retail,2026-05-21
MUFIN,24128229376.0,SMALL CAP,121.76000213623047,99.803276,6.6794667,,272.397,0.40937,0.22596,-0.065,0.206,Financial Services,Financial Services,Credit Services,2026-05-21
MUKANDLTD,20644081664.0,SMALL CAP,142.8699951171875,34.26139,2.1679487,0.48880002,111.455,0.26602,0.11098,0.606,51.046,Basic Materials,Basic Materials,Steel,2026-05-21
MUKKA,6837000192.0,MICRO CAP,22.790000915527344,15.193334,1.5071754,0.115880005,147.376,0.11099,0.03522,0.037,0.533,Consumer Defensive,Consumer Defensive,Packaged Foods,2026-05-21
MUNJALAU,8876000256.0,MICRO CAP,88.76000213623047,18.188524,2.0556765,,87.847,0.041389998,0.022230001,0.16,,Consumer Cyclical,Consumer Cyclical,Auto Parts,2026-05-21
MURUDCERA,2042797184.0,MICRO CAP,33.7400016784668,16.299519,0.543431,,34.717,0.06548,0.05998,0.019,1.429,Industrials,Industrials,Building Products & Equipment,2026-05-21
MUKTAARTS,1175785600.0,MICRO CAP,52.060001373291016,,-1.9895289,,,0.02961,-0.091850005,-0.034,,Communication Services,Communication Services,Entertainment,2026-05-21
MUNJALSHOW,5376128000.0,MICRO CAP,134.4199981689453,17.4345,0.80832255,,,0.0279,0.024260001,0.096,0.832,Consumer Cyclical,Consumer Cyclical,Auto Parts,2026-05-21
MUTHOOTCAP,3313684480.0,MICRO CAP,201.47000122070312,29.627941,0.4945918,0.01682,482.095,0.13509,0.03521,-0.005,-0.163,Financial Services,Financial Services,Credit Services,2026-05-21
MUTHOOTMF,30449651712.0,SMALL CAP,181.5,17.881775,1.0666431,0.062069997,340.091,0.23798001,0.07152,,,Financial Services,Financial Services,Credit Services,2026-05-21
MUTHOOTFIN,1324846022656.0,LARGE CAP,3300.0,12.511848,3.7192526,0.30406,379.707,0.78154,0.55206,0.537,1.267,Financial Services,Financial Services,Credit Services,2026-05-21
MVGJL,8424717824.0,MICRO CAP,172.47000122070312,7.4180646,1.0922114,,53.159,0.07569,0.042140003,0.376,0.366,Consumer Cyclical,Consumer Cyclical,Luxury Goods,2026-05-21
MVKAGRO,885253504.0,MICRO CAP,57.15,9.4462805,0.7104586,,,,,,,Unknown,Unknown,Unknown,2026-05-21
MWL,11051621376.0,SMALL CAP,372.1000061035156,26.112282,3.986074,,78.694,0.06759,0.0341,0.298,0.749,Basic Materials,Basic Materials,Steel,2026-05-21
NAGREEKCAP,355246848.0,MICRO CAP,28.15999984741211,2.0569758,1.2891412,,329.865,0.25649,0.26088,4.638,0.255,Financial Services,Financial Services,Asset Management,2026-05-21
NACLIND,38694653952.0,SMALL CAP,165.19000244140625,786.6191,7.2967005,0.00823,45.68,0.01222,0.0028799998,0.792,,Basic Materials,Basic Materials,Agricultural Inputs,2026-05-21
NAHARCAP,4236780288.0,MICRO CAP,253.0,6.405063,0.2570553,,0.362,0.78769994,1.35098,2.005,1.018,Financial Services,Financial Services,Capital Markets,2026-05-21
NAGAFERT,2242743808.0,MICRO CAP,3.75,,-0.25115532,,,-0.58204,-0.02089,,,Basic Materials,Basic Materials,Agricultural Inputs,2026-05-21
NAGREEKEXP,817480384.0,MICRO CAP,26.15999984741211,33.974026,0.52402794,,110.687,0.02944,0.0053100004,0.218,-0.286,Consumer Cyclical,Consumer Cyclical,Textile Manufacturing,2026-05-21
NAHARINDUS,4817422336.0,MICRO CAP,111.5,11.29686,0.47611117,,50.924,0.05819,0.02925,-0.208,0.252,Consumer Cyclical,Consumer Cyclical,Textile Manufacturing,2026-05-21
NAHARSPING,9490945024.0,MICRO CAP,263.1600036621094,48.553505,0.617222,,49.532,-0.0116799995,0.0065200003,-0.139,,Consumer Cyclical,Consumer Cyclical,Textile Manufacturing,2026-05-21
NAHARPOLY,6417465856.0,MICRO CAP,261.0,8.85346,0.7525735,,11.21,0.07288,0.05886,-0.032,1.565,Consumer Cyclical,Consumer Cyclical,Packaging & Containers,2026-05-21
NATCAPSUQ,1603622144.0,MICRO CAP,154.39999389648438,,0.7040455,,45.685,-0.17715,-0.11033,-0.139,,Healthcare,Healthcare,Drug Manufacturers - Specialty & Generic,2026-05-21
NARMADA,1341051648.0,MICRO CAP,35.349998474121094,31.846846,2.320772,,18.194,0.062140003,0.05207,0.543,-0.289,Basic Materials,Basic Materials,Agricultural Inputs,2026-05-21
NAM-INDIA,697331220480.0,LARGE CAP,1092.5,46.292374,14.935677,0.34476003,1.617,0.65431,0.52143,0.196,0.273,Financial Services,Financial Services,Asset Management,2026-05-21
NATCOPHARM,207624159232.0,MID CAP,1159.199951171875,13.3317995,2.4005964,,3.012,0.17379999,0.3413,0.363,0.139,Healthcare,Healthcare,Drug Manufacturers - Specialty & Generic,2026-05-21
NAMAN,1237807744.0,MICRO CAP,117.35,21.975655,0.10547935,,,,,,,Unknown,Unknown,Unknown,2026-05-21
NATHBIOGEN,3212335616.0,MICRO CAP,168.8000030517578,8.045758,0.0027946837,0.06285,20.354,0.06687,0.09353,-0.01,,Basic Materials,Basic Materials,Agricultural Inputs,2026-05-21
NATIONALUM,746223501312.0,LARGE CAP,406.29998779296875,12.15012,3.4541683,0.2942,0.277,0.4947,0.3132,0.01,-0.167,Basic Materials,Basic Materials,Aluminum,2026-05-21
NAVINFLUOR,366027898880.0,MID CAP,7137.0,54.819878,9.20205,0.20105,31.997,0.29853,0.20023,0.338,1.165,Basic Materials,Basic Materials,Chemicals,2026-05-21
NAUKRI,600744067072.0,LARGE CAP,927.4500122070312,44.73951,1.2344768,,0.544,0.32202,0.42567003,0.134,0.123,Communication Services,Communication Services,Internet Content & Information,2026-05-21
NATIONSTD,,UNKNOWN,1161.0,,,0.034849998,,-0.30661,0.47306,-1.0,-0.678,,,,2026-05-21
NAVKARURB,920114112.0,MICRO CAP,0.8199999928474426,,0.5811481,,3.823,0.49957,0.01909,-0.385,6.5,Basic Materials,Basic Materials,Building Materials,2026-05-21
NAVKARCORP,14336952320.0,SMALL CAP,95.25,47.625,0.73136467,0.01551,9.055,0.13358,0.043649998,0.945,,Industrials,Industrials,Integrated Freight & Logistics,2026-05-21
NAVA,174498578432.0,MID CAP,616.5999755859375,22.140036,2.1564188,0.10309,20.684,0.2782,0.17565,0.173,-0.446,Industrials,Industrials,Conglomerates,2026-05-21
NAVNETEDUL,32850157568.0,SMALL CAP,148.5,9.91984,1.7119538,,5.146,-0.116000004,0.20955,-0.115,10.938,Communication Services,Communication Services,Publishing,2026-05-21
NBCC,254069997568.0,MID CAP,94.0999984741211,38.884296,9.4878,,0.011,0.06555,0.049689997,0.095,0.392,Industrials,Industrials,Engineering & Construction,2026-05-21
NAZARA,106453123072.0,MID CAP,287.3500061035156,10.560456,3.1359131,0.01974,6.051,0.080699995,0.052399997,-0.236,647.6,Communication Services,Communication Services,Electronic Gaming & Multimedia,2026-05-21
NDGL,2560000000.0,MICRO CAP,2560.0,53.43352,,,,0.0,0.0,,,Financial Services,Financial Services,Capital Markets,2026-05-21
NCC,94327676928.0,SMALL CAP,150.24000549316406,13.949861,1.2540379,0.093219995,43.056,0.08064,0.03224,0.02,-0.188,Industrials,Industrials,Engineering & Construction,2026-05-21
NBIFIN,5561618432.0,MICRO CAP,1882.199951171875,36.40619,0.17287703,,,0.91564006,0.65801,14.279,18.254,Financial Services,Financial Services,Capital Markets,2026-05-21
NCLIND,7699074048.0,MICRO CAP,170.2100067138672,12.759371,0.8653807,,35.688,0.083380006,0.04282,-0.111,3.439,Basic Materials,Basic Materials,Building Materials,2026-05-21
NDL,3834315008.0,MICRO CAP,2.6600000858306885,1.1465518,0.56129986,,34.572,0.0188,0.01013,-0.461,-0.6,Consumer Cyclical,Consumer Cyclical,Textile Manufacturing,2026-05-21
NDLVENTURE,4309967360.0,MICRO CAP,128.0,457.14285,7.701101,0.01526,,-0.83224,0.18601,,0.251,Communication Services,Communication Services,Entertainment,2026-05-21
NDRAUTO,19558912000.0,SMALL CAP,819.9000244140625,31.486176,5.451644,0.1877,17.248,0.090500005,0.07531,0.193,0.126,Consumer Cyclical,Consumer Cyclical,Auto Parts,2026-05-21
NECLIFE,2385524736.0,MICRO CAP,12.279999732971191,,0.38407406,,64.007,-0.05414,-0.21256,,0.829,Healthcare,Healthcare,Drug Manufacturers - Specialty & Generic,2026-05-21
NEAGI,,UNKNOWN,3340.0,,0.66850245,,,-0.10678001,1.1589,0.223,0.067,,,,2026-05-21
NECCLTD,1542000000.0,MICRO CAP,15.420000076293945,16.945055,0.6921005,0.039920002,52.844,0.080129996,0.02938,-0.112,0.7,Industrials,Industrials,Trucking,2026-05-21
NDTV,8738274304.0,MICRO CAP,77.44999694824219,,-5.634366,-3.41214,199.396,-0.60717,-0.59705,0.185,,Communication Services,Communication Services,Broadcasting,2026-05-21
NELCAST,12013452288.0,SMALL CAP,137.6999969482422,25.642458,2.0023558,,,0.08154,0.05761,0.273,0.044,Industrials,Industrials,Metal Fabrication,2026-05-21
NELCO,15311145984.0,SMALL CAP,671.0,456.4626,11.909833,0.02586,56.54,0.0077,0.010829999,0.173,,Technology,Technology,Communication Equipment,2026-05-21
NEOGEN,46368129024.0,SMALL CAP,1693.4000244140625,226.99731,5.4698677,0.03581,170.915,0.15064,0.03312,0.22,3.759,Basic Materials,Basic Materials,Specialty Chemicals,2026-05-21
NEPHROCARE,3871006720.0,MICRO CAP,234.8,116.815926,6.977297,,,,,,,Unknown,Unknown,Unknown,2026-05-21
NETWEB,217439404032.0,MID CAP,3818.699951171875,105.75187,29.983982,0.32834998,39.019,0.11987001,0.09426,0.866,0.643,Technology,Technology,Computer Hardware,2026-05-21
NESTLEIND,2719501778944.0,MEGA CAP,1410.300048828125,77.57426,52.7353,0.76338995,8.613,0.23223,0.15112,0.238,0.274,Consumer Defensive,Consumer Defensive,Packaged Foods,2026-05-21
NESCO,88004493312.0,SMALL CAP,1249.0,21.571674,3.143799,,3.913,0.50873,0.42201,0.153,-0.048,Industrials,Industrials,Conglomerates,2026-05-21
NEPHROPLUS,59426791424.0,SMALL CAP,592.25,83.18118,1.513742,0.09037,7.139,0.14248,0.07509,0.241,0.003,Healthcare,Healthcare,Medical Care Facilities,2026-05-21
NEULANDLAB,212155039744.0,MID CAP,16536.0,58.17005,13.094875,,16.072,0.36360002,0.022880001,1.364,6.649,Healthcare,Healthcare,Drug Manufacturers - Specialty & Generic,2026-05-21
NETWORK18,49593499648.0,SMALL CAP,32.11000061035156,32.434345,0.9963077,0.031689998,65.925,-0.00214,0.07177,0.097,,Communication Services,Communication Services,Entertainment,2026-05-21
NEWGEN,63161823232.0,SMALL CAP,447.45001220703125,21.236357,3.5397847,0.18250999,2.214,0.31538,0.19092,0.053,-0.009,Technology,Technology,Software - Infrastructure,2026-05-21
NEXTMEDIA,280281280.0,MICRO CAP,4.190000057220459,0.43874344,-1.1215203,,,-0.26146,2.10485,,,Communication Services,Communication Services,Broadcasting,2026-05-21
NGIL,695683456.0,MICRO CAP,39.04999923706055,44.375,2.1263273,,41.959,0.07328,-0.03632,-0.252,1068.519,Consumer Defensive,Consumer Defensive,Packaged Foods,2026-05-21
NGLFINE,15181875200.0,SMALL CAP,2457.39990234375,42.841698,5.0572734,,29.381,0.13437,0.079169996,0.431,11.271,Healthcare,Healthcare,Drug Manufacturers - General,2026-05-21
NEWJAISA,4377918976.0,MICRO CAP,124.0,,3.1536114,,,,,,,Unknown,Unknown,Unknown,2026-05-21
NH,390743785472.0,MID CAP,1924.0,50.29804,9.625661,,57.614,0.11387999,0.114930004,0.574,-0.343,Healthcare,Healthcare,Medical Care Facilities,2026-05-21
NFL,37058293760.0,SMALL CAP,75.54000091552734,19.027708,1.4449673,,176.918,0.026989998,0.00901,0.173,1.968,Basic Materials,Basic Materials,Agricultural Inputs,2026-05-21
NHPC,800388349952.0,LARGE CAP,79.68000030517578,28.765343,1.9348259,0.09021,113.111,0.19674,0.32421002,0.192,0.706,Utilities,Utilities,Utilities - Renewable,2026-05-21
NIBE,20093024256.0,SMALL CAP,1344.800048828125,,8.287626,,,-0.30374,-0.04873,-0.603,,Industrials,Industrials,Conglomerates,2026-05-21
NIBL,739034816.0,MICRO CAP,30.5,4.4075146,-2.0704637,,,-0.37137002,0.23595,0.105,,Industrials,Industrials,Tools & Accessories,2026-05-21
NIACL,273897603072.0,MID CAP,166.1999969482422,19.415886,0.70935,0.03421,,0.05451,0.028380001,0.137,0.608,Financial Services,Financial Services,Insurance - Diversified,2026-05-21
NIITMTS,31072741376.0,SMALL CAP,225.9499969482422,12.794451,2.0129893,0.17998,20.621,0.12765999,0.12691,0.222,0.588,Consumer Defensive,Consumer Defensive,Education & Training Services,2026-05-21
NIDAN,458700000.0,MICRO CAP,33.0,23.239437,0.65981525,,,,,,,Unknown,Unknown,Unknown,2026-05-21
NILAINFRA,3225952512.0,MICRO CAP,8.1899995803833,13.881356,1.8745707,0.13249,12.646,0.09951,0.07217,-0.285,0.075,Real Estate,Real Estate,Real Estate - Development,2026-05-21
NIITLTD,9031774208.0,MICRO CAP,66.22000122070312,39.652695,0.8544847,0.00569,0.65,-0.0028400002,0.011569999,0.255,,Consumer Defensive,Consumer Defensive,Education & Training Services,2026-05-21
NILASPACES,5148131840.0,MICRO CAP,13.069999694824219,17.904108,2.8973618,0.18365999,46.031,0.32176998,0.15427,0.253,1.089,Real Estate,Real Estate,Real Estate - Development,2026-05-21
NIMBSPROJ,4193904384.0,MICRO CAP,217.08999633789062,,0.851033,,,,,,,Unknown,Unknown,Unknown,2026-05-21
NILE,,UNKNOWN,1796.0,,2.0375564,,6.227,0.0709,0.051209997,0.253,0.443,,,,2026-05-21
NILKAMAL,18865092608.0,SMALL CAP,1260.0,17.381708,1.1920788,0.075679995,26.488,0.06068,0.030480001,0.08,0.22,Consumer Cyclical,Consumer Cyclical,"Furnishings, Fixtures & Appliances",2026-05-21
NIRAJ,1805156864.0,MICRO CAP,30.239999771118164,6.7050996,0.7070211,,1.296,0.06311,0.04127,0.168,0.9,Industrials,Industrials,Engineering & Construction,2026-05-21
NINSYS,11359223808.0,SMALL CAP,611.5,37.105583,14.630237,,2.589,0.24069001,0.18938999,0.23,0.152,Technology,Technology,Information Technology Services,2026-05-21
NIPPOBATRY,2670374912.0,MICRO CAP,356.04998779296875,,0.60944086,,36.972,0.1069,-0.0121,0.073,-0.26,Industrials,Industrials,Electrical Equipment & Parts,2026-05-21
NIRLON,54976507904.0,SMALL CAP,610.0499877929688,16.713697,11.848622,,247.177,0.69381,0.50123,0.053,0.189,Real Estate,Real Estate,Real Estate Services,2026-05-21
NIRAJISPAT,130200000.0,MICRO CAP,217.0,8.489828,,,,0.0,0.0,,,Consumer Cyclical,Consumer Cyclical,Apparel Manufacturing,2026-05-21
NIRMAN,3330022912.0,MICRO CAP,415.75,11.721172,2.6734617,,,,,,,Unknown,Unknown,Unknown,2026-05-21
NITCO,23510450176.0,SMALL CAP,97.75,82.14285,8.122144,0.093760006,86.275,-0.03127,0.05218,0.511,,Industrials,Industrials,Building Products & Equipment,2026-05-21
NITINSPIN,29048875008.0,SMALL CAP,516.7000122070312,16.361622,1.9760593,0.12764,76.458,0.10893,0.05524,0.022,0.237,Consumer Cyclical,Consumer Cyclical,Textile Manufacturing,2026-05-21
NITIRAJ,2029698048.0,MICRO CAP,198.0,124.5283,2.4096973,,0.028,0.01637,0.027,-0.695,-0.94,Technology,Technology,Scientific & Technical Instruments,2026-05-21
NITTAGELA,,UNKNOWN,1337.3499755859375,12.348568,2.3747456,0.20804001,0.82,0.25649,0.16530001,0.246,0.736,Basic Materials,Basic Materials,Specialty Chemicals,2026-05-21
NIVABUPA,153918193664.0,MID CAP,83.30000305175781,117.32395,4.3503237,0.07958,7.296,0.12601,0.03661,0.658,1.678,Financial Services,Financial Services,Insurance - Life,2026-05-21
NLCINDIA,488373452800.0,MID CAP,352.20001220703125,13.871604,2.2433836,0.15966,82.0,0.28304002,0.19073,-0.003,-0.127,Utilities,Utilities,Utilities - Regulated Electric,2026-05-21
NKIND,403925376.0,MICRO CAP,67.20999908447266,,-0.11522866,,,-0.32984,-0.43978,-0.308,,Consumer Defensive,Consumer Defensive,Household & Personal Products,2026-05-21
NMDC,777284616192.0,LARGE CAP,88.41000366210938,11.262421,2.3948317,,11.21,0.26767,0.24884,0.159,-0.065,Basic Materials,Basic Materials,Steel,2026-05-21
NOCIL,27856416768.0,SMALL CAP,166.77999877929688,50.23494,1.567437,0.03147,0.453,0.06182,0.04152,0.013,-0.192,Basic Materials,Basic Materials,Specialty Chemicals,2026-05-21
NORTHARC,45592379392.0,SMALL CAP,282.20001220703125,11.365285,1.2439171,0.109960005,314.235,0.43493,0.29346,,2.377,Financial Services,Financial Services,Credit Services,2026-05-21
NOVAAGRI,2584468736.0,MICRO CAP,28.709999084472656,14.953125,1.1570082,,23.31,0.0733,0.06421,-0.245,-0.761,Basic Materials,Basic Materials,Agricultural Inputs,2026-05-21
NOIDATOLL,1258678272.0,MICRO CAP,6.760000228881836,4.567568,-3.675911,,,0.30127,0.46213,0.218,-0.045,Industrials,Industrials,Infrastructure Operations,2026-05-21
NOVARTIND,32275808256.0,SMALL CAP,1307.199951171875,34.664543,4.163959,0.11627,0.393,0.22308001,0.26298,0.08,-0.138,Healthcare,Healthcare,Drug Manufacturers - Specialty & Generic,2026-05-21
NORBTEAEXP,1251455488.0,MICRO CAP,80.51000213623047,,6.4402847,,42.932,0.10983,-0.07002,0.497,,Consumer Defensive,Consumer Defensive,Farm Products,2026-05-21
NPBET,,UNKNOWN,267.43,17.958202,,,,,,,,Unknown,Unknown,Unknown,2026-05-21
NPST,21984925696.0,SMALL CAP,1054.4000244140625,58.87214,4.978564,,1.639,0.22089,0.2176,1.477,1.242,Technology,Technology,Software - Application,2026-05-21
NRBBEARING,34950291456.0,SMALL CAP,360.6000061035156,24.447458,3.63281,0.15174,15.653,0.13627,0.106920004,0.13,,Consumer Cyclical,Consumer Cyclical,Auto Parts,2026-05-21
NRL,3626121984.0,MICRO CAP,52.5,26.785713,2.8375309,,11.462,0.08282,0.06894,0.716,0.261,Industrials,Industrials,Waste Management,2026-05-21
NRAIL,7879843328.0,MICRO CAP,463.0,34.707645,0.9666879,0.054970004,100.63,0.06523,0.02015,0.301,,Basic Materials,Basic Materials,Paper & Paper Products,2026-05-21
NSLNISP,130441256960.0,MID CAP,44.5099983215332,,1.0057166,,40.766,-0.05135,-0.06401,0.419,,Basic Materials,Basic Materials,Steel,2026-05-21
NTPC,3784608841728.0,MEGA CAP,390.29998779296875,21.575455,1.9690144,,118.127,0.18428,0.12892,0.08,-0.016,Utilities,Utilities,Utilities - Regulated Electric,2026-05-21
NSIL,28523681792.0,SMALL CAP,5553.5,125.13519,0.15432028,,0.003,0.96641,0.27194,-0.118,-0.08,Financial Services,Financial Services,Asset Management,2026-05-21
NTPCGREEN,891589885952.0,LARGE CAP,105.80999755859375,153.34782,4.7555056,,115.845,0.40985,0.21757999,0.293,-0.75,Utilities,Utilities,Utilities - Renewable,2026-05-21
NUCLEUS,21037869056.0,SMALL CAP,799.1500244140625,14.33453,2.4779003,,0.93,0.1313,0.16695999,0.07,-0.408,Technology,Technology,Software - Application,2026-05-21
NURECA,2749584128.0,MICRO CAP,275.0,24.90942,1.5981033,,2.713,0.06937,0.074260004,0.498,,Healthcare,Healthcare,Medical Devices,2026-05-21
NUVOCO,115325722624.0,MID CAP,322.8999938964844,32.03373,1.1274756,0.03742,48.061,0.10877,0.031689998,0.087,-0.149,Basic Materials,Basic Materials,Building Materials,2026-05-21
NUVAMA,273269424128.0,MID CAP,1500.0,26.737968,7.12982,0.27317,282.325,0.33095002,0.2849,0.062,0.043,Financial Services,Financial Services,Asset Management,2026-05-21
NXST,329983098880.0,MID CAP,148.24,55.729324,1.7000976,,,,,,,Unknown,Unknown,Unknown,2026-05-21
OBCL,1138049024.0,MICRO CAP,53.97999954223633,,1.2435209,,62.946,-0.01041,-0.00981,-0.162,,Industrials,Industrials,Trucking,2026-05-21
NYKAA,784458055680.0,LARGE CAP,273.95001220703125,559.08167,56.63635,,97.748,0.051820002,0.01498,0.267,1.444,Consumer Cyclical,Consumer Cyclical,Internet Retail,2026-05-21
OAL,10091025408.0,SMALL CAP,299.8500061035156,1427.8572,1.5203447,,60.196,0.02148,0.00075,0.13,,Basic Materials,Basic Materials,Specialty Chemicals,2026-05-21
OBEROIRLTY,607724765184.0,LARGE CAP,1671.4000244140625,24.233725,3.6302426,0.14913,15.765,0.52986,0.41727,0.521,0.624,Real Estate,Real Estate,Real Estate - Development,2026-05-21
ODIGMA,856481536.0,MICRO CAP,27.399999618530273,,1.3903688,,,-0.23209,-0.02554,-0.06,,Communication Services,Communication Services,Advertising Agencies,2026-05-21
OCCLLTD,4848691200.0,MICRO CAP,97.06999969482422,13.082211,,,,0.0,0.0,,,Basic Materials,Basic Materials,Chemicals,2026-05-21
OIL,820135657472.0,LARGE CAP,504.20001220703125,12.391252,1.4138378,0.12743,58.741,0.27781,0.19500999,0.052,0.604,Energy,Energy,Oil & Gas Integrated,2026-05-21
OILCOUNTUB,3041387264.0,MICRO CAP,58.5,,1.3885592,,11.362,-3.78532,-0.78296995,-0.864,,Energy,Energy,Oil & Gas Equipment & Services,2026-05-21
OFSS,848746577920.0,LARGE CAP,9748.5,32.303333,10.839556,0.32606,0.415,0.50402,0.34401,0.203,0.306,Technology,Technology,Software - Infrastructure,2026-05-21
OLAELEC,148902854656.0,MID CAP,35.470001220703125,,3.594447,,71.879,-0.9383,-0.84763,-0.55,,Consumer Cyclical,Consumer Cyclical,Auto Manufacturers,2026-05-21
OLIL,322359904.0,MICRO CAP,89.45,20.283447,2.3158574,,,,,,,Unknown,Unknown,Unknown,2026-05-21
OLECTRA,100392943616.0,MID CAP,1223.0999755859375,70.05155,8.940528,,32.542,0.121070005,0.020079998,0.288,0.002,Industrials,Industrials,Farm & Heavy Construction Machinery,2026-05-21
OMAXE,13924668416.0,SMALL CAP,75.81999969482422,,-2.489411,,,-0.48946,-0.52015,-0.305,,Real Estate,Real Estate,Real Estate - Development,2026-05-21
OMFREIGHT,3034157056.0,MICRO CAP,90.0999984741211,15.918728,1.592548,,14.352,0.041139998,0.04231,0.023,1.654,Industrials,Industrials,Integrated Freight & Logistics,2026-05-21
OMFURN,765336000.0,MICRO CAP,65.0,14.541388,1.2318538,,,,,,,Unknown,Unknown,Unknown,2026-05-21
OMAXAUTO,4391158272.0,MICRO CAP,204.8000030517578,11.824481,1.2630436,0.11191,15.23,0.13851,0.07123,0.594,34.879,Consumer Cyclical,Consumer Cyclical,Auto Parts,2026-05-21
OMNI,52193239040.0,SMALL CAP,422.04998779296875,118.88732,19.29989,,182.683,0.31775,0.15006,0.816,1.757,Industrials,Industrials,Specialty Industrial Machinery,2026-05-21
OMINFRAL,8273460736.0,MICRO CAP,85.91000366210938,28.636667,1.1602405,0.0257,10.595,0.08976,0.04111,-0.069,-0.525,Industrials,Industrials,Engineering & Construction,2026-05-21
ONDOOR,2707944448.0,MICRO CAP,479.4,34.81481,2.610386,,,,,,,Unknown,Unknown,Unknown,2026-05-21
OMPOWER,,UNKNOWN,195.25,30.271318,4.3451653,0.38189,34.809,0.13841,0.08858,0.67,0.302,Industrials,Industrials,Engineering & Construction,2026-05-21
ONELIFECAP,893277568.0,MICRO CAP,23.90999984741211,,1.1801579,,128.135,-0.49084,-0.13473,1.919,,Financial Services,Financial Services,Capital Markets,2026-05-21
ONESOURCE,212713816064.0,MID CAP,1855.4000244140625,,3.5812726,,21.928,-0.18019,0.01416,-0.26,,Healthcare,Healthcare,Biotechnology,2026-05-21
ONEPOINT,15699954688.0,SMALL CAP,59.810001373291016,43.977943,3.7435064,,12.498,0.15447,0.12901,0.177,0.1,Industrials,Industrials,Specialty Business Services,2026-05-21
ONGC,3731939655680.0,MEGA CAP,296.6499938964844,9.806611,1.0138795,,43.805,0.095249996,0.057979997,0.008,0.162,Energy,Energy,Oil & Gas Integrated,2026-05-21
ONMOBILE,5385176576.0,MICRO CAP,50.650001525878906,31.07362,0.8309136,-0.01839,12.298,-0.2726,-0.019709999,-0.1,,Communication Services,Communication Services,Telecom Services,2026-05-21
OPTIEMUS,38375636992.0,SMALL CAP,432.70001220703125,58.472973,5.335257,,32.446,0.05278,0.03808,-0.088,-0.223,Technology,Technology,Electronics & Computer Distribution,2026-05-21
ONWARDTEC,5864289280.0,MICRO CAP,260.5,13.338453,2.304066,0.18552999,15.717,0.07981,0.081499994,0.077,-0.072,Technology,Technology,Information Technology Services,2026-05-21
ORCHASP,696315008.0,MICRO CAP,2.009999990463257,,0.66755235,,14.047,0.056750003,0.15116,-0.271,-0.531,Technology,Technology,Software - Application,2026-05-21
ORBTEXP,4311243264.0,MICRO CAP,162.6199951171875,13.231895,1.4420373,,3.749,0.14231,0.16444,0.044,-0.004,Consumer Cyclical,Consumer Cyclical,Textile Manufacturing,2026-05-21
ORCHPHARMA,36593831936.0,SMALL CAP,721.5,192.4,2.8875709,,,-0.12264,-0.29572,-0.015,,Healthcare,Healthcare,Drug Manufacturers - Specialty & Generic,2026-05-21
ORIANA,42219130880.0,SMALL CAP,2077.8,26.106297,6.637639,,,,,,,Unknown,Unknown,Unknown,2026-05-21
ORICONENT,9803260928.0,MICRO CAP,62.04999923706055,30.870647,0.7672523,,0.892,-0.44506,0.18671,-0.649,1.8,Consumer Cyclical,Consumer Cyclical,Packaging & Containers,2026-05-21
ORIENTALTL,477062112.0,MICRO CAP,6.489999771118164,8.320513,0.38185453,,2.914,0.075729996,0.26973,0.765,-0.972,Industrials,Industrials,Building Products & Equipment,2026-05-21
ORIENTBELL,5094237696.0,MICRO CAP,346.29998779296875,56.957237,1.5942876,0.03853,9.489,0.0473,0.01789,0.089,1.257,Industrials,Industrials,Building Products & Equipment,2026-05-21
ORIENTCEM,28022671360.0,SMALL CAP,136.38999938964844,8.296228,1.3582497,0.17082001,3.377,0.09719,0.120900005,-0.216,0.317,Basic Materials,Basic Materials,Building Materials,2026-05-21
ORIENTELEC,39455834112.0,SMALL CAP,184.89999389648438,41.088886,5.1843543,0.13179,12.281,0.06434,0.02873,0.104,0.295,Consumer Cyclical,Consumer Cyclical,"Furnishings, Fixtures & Appliances",2026-05-21
ORIENTCER,4792746496.0,MICRO CAP,40.060001373291016,24.42683,1.6309084,,16.058,0.08331,0.050440002,0.26,1.643,Basic Materials,Basic Materials,Specialty Chemicals,2026-05-21
ORIENTHOT,17477715968.0,SMALL CAP,97.86000061035156,25.752632,2.5272455,0.094119996,17.135,0.21787001,0.1376,0.046,0.661,Consumer Cyclical,Consumer Cyclical,Lodging,2026-05-21
ORIENTPPR,3628372224.0,MICRO CAP,17.100000381469727,,0.23366721,,16.377,-0.106680006,-0.040209997,0.027,,Basic Materials,Basic Materials,Paper & Paper Products,2026-05-21
ORIENTLTD,636800000.0,MICRO CAP,63.68000030517578,,0.988651,,91.587,0.013309999,-0.015240001,-0.062,,Consumer Cyclical,Consumer Cyclical,Packaging & Containers,2026-05-21
ORIENTTECH,12541659136.0,SMALL CAP,273.79998779296875,59.00862,3.5243535,,6.129,-0.00209,0.024300002,-0.033,,Technology,Technology,Information Technology Services,2026-05-21
ORKLAINDIA,88378605568.0,SMALL CAP,645.1500244140625,35.762196,3.3759637,,2.462,0.13549,0.09981,0.034,-0.146,Consumer Defensive,Consumer Defensive,Packaged Foods,2026-05-21
ORISSAMINE,24515999744.0,SMALL CAP,4086.0,,-47.81688,,,0.48979,-0.37257,-0.001,,Basic Materials,Basic Materials,Steel,2026-05-21
ORTEL,55401192.0,MICRO CAP,1.6799999475479126,,-0.07169376,,,-0.87775004,-0.47809,-0.424,,Communication Services,Communication Services,Entertainment,2026-05-21
ORTINGLOBE,126849720.0,MICRO CAP,15.600000381469727,,9.731753,,71.56,-4.0243897,0.0,-0.633,,Healthcare,Healthcare,Drug Manufacturers - Specialty & Generic,2026-05-21
OSIAHYPER,638546752.0,MICRO CAP,3.880000114440918,2.8321168,0.15808344,,39.501,0.02718,0.012619999,-0.061,-0.647,Consumer Cyclical,Consumer Cyclical,Department Stores,2026-05-21
OSWALPUMPS,42062106624.0,SMALL CAP,368.95001220703125,42.951107,2.8507738,0.3508,14.111,0.2334,0.18039,0.417,0.349,Industrials,Industrials,Electrical Equipment & Parts,2026-05-21
OSWALSEEDS,1106787072.0,MICRO CAP,12.100000381469727,31.025642,2.3149033,,97.461,0.04718,0.025999999,-0.274,-0.814,Basic Materials,Basic Materials,Agricultural Inputs,2026-05-21
OSWALAGRO,5937556992.0,MICRO CAP,44.130001068115234,6.820711,0.6216719,,,-358.80487,0.73644996,-1.0,-0.902,Real Estate,Real Estate,Real Estate - Development,2026-05-21
OSWALGREEN,6546065408.0,MICRO CAP,25.489999771118164,32.67949,0.26547936,,0.203,0.48172,0.22865999,-0.125,15.5,Financial Services,Financial Services,Asset Management,2026-05-21
PACEDIGITK,39287099392.0,SMALL CAP,182.00999450683594,15.359492,2.5211236,,11.33,0.176,0.114750005,0.135,0.156,Technology,Technology,Communication Equipment,2026-05-21
PAGEIND,421839503360.0,MID CAP,37820.0,56.448605,29.935972,,19.029,0.21024,0.14711,0.056,-0.074,Consumer Cyclical,Consumer Cyclical,Apparel Manufacturing,2026-05-21
OWAIS,24718059520.0,SMALL CAP,1359.45,52.026405,18.049469,,,,,,,Unknown,Unknown,Unknown,2026-05-21
PAISALO,44430139392.0,SMALL CAP,48.849998474121094,18.645039,2.6514328,,226.216,0.63885,0.45058998,0.2,0.043,Financial Services,Financial Services,Credit Services,2026-05-21
PAKKA,4159946752.0,MICRO CAP,92.55000305175781,69.06716,0.9218495,,66.419,0.13428001,0.018960001,-0.089,-0.35,Basic Materials,Basic Materials,Paper & Paper Products,2026-05-21
PALASHSECU,984305280.0,MICRO CAP,98.4000015258789,7.7480316,0.17027286,0.02155,0.021,0.98917997,0.21735,0.766,,Consumer Defensive,Consumer Defensive,Packaged Foods,2026-05-21
PANACEABIO,26098941952.0,SMALL CAP,426.1000061035156,,3.1617534,,2.786,0.019919999,-0.01285,0.01,-0.122,Healthcare,Healthcare,Biotechnology,2026-05-21
PANACHE,5302389760.0,MICRO CAP,348.20001220703125,38.948547,7.6758595,,40.16,0.08477,0.043720003,2.578,1.022,Technology,Technology,Communication Equipment,2026-05-21
PALREDTEC,530771040.0,MICRO CAP,43.38999938964844,,1.1719426,,140.117,-0.05052,-0.1142,-0.11,,Technology,Technology,Consumer Electronics,2026-05-21
PANAMAPET,19978010624.0,SMALL CAP,330.25,10.796012,1.4904861,,2.327,0.07748,0.06323,0.065,-0.056,Energy,Energy,Oil & Gas Refining & Marketing,2026-05-21
PANSARI,4571061760.0,MICRO CAP,262.0,26.844261,3.2240202,,47.606,0.13154,0.16825001,7.862,15.2,Real Estate,Real Estate,Real Estate - Development,2026-05-21
PARACABLES,17592293376.0,SMALL CAP,57.63999938964844,30.336842,2.369871,,13.638,0.02408,0.03665,0.177,-0.662,Technology,Technology,Communication Equipment,2026-05-21
PAR,1058198720.0,MICRO CAP,86.0,7.60389,0.9930945,0.124280006,,0.043709997,0.121759996,-0.106,-0.485,Healthcare,Healthcare,Drug Manufacturers - Specialty & Generic,2026-05-21
PARAGON,2660976128.0,MICRO CAP,136.0,45.03311,2.9032533,,,,,,,Unknown,Unknown,Unknown,2026-05-21
PARAS,64244219904.0,SMALL CAP,797.2000122070312,73.20477,9.568161,0.13137999,3.731,0.22305,0.18486,0.579,0.74,Industrials,Industrials,Aerospace & Defense,2026-05-21
PARADEEP,129013456896.0,MID CAP,124.2699966430664,12.958289,2.0001287,0.18359,101.822,0.06734,0.04567,0.346,-0.235,Basic Materials,Basic Materials,Agricultural Inputs,2026-05-21
PARAGMILK,26721370112.0,SMALL CAP,212.05999755859375,20.043478,2.1002693,0.118360005,48.262,0.06293,0.03489,0.05,0.199,Consumer Defensive,Consumer Defensive,Packaged Foods,2026-05-21
PARIN,2573261056.0,MICRO CAP,231.45,41.183273,3.41548,,,,,,,Unknown,Unknown,Unknown,2026-05-21
PARASPETRO,708548480.0,MICRO CAP,2.119999885559082,,3.2615385,,,0.0,0.0,,0.0,Consumer Cyclical,Consumer Cyclical,Textile Manufacturing,2026-05-21
PARKHOSPS,111148769280.0,MID CAP,257.3299865722656,37.402615,5.066648,0.16936001,17.307,0.23862,0.1537,0.301,0.309,Healthcare,Healthcare,Medical Care Facilities,2026-05-21
PARKHOTELS,25493954560.0,SMALL CAP,119.4800033569336,31.692308,1.9505347,,23.441,0.25586998,0.11472,0.127,-0.252,Consumer Cyclical,Consumer Cyclical,Lodging,2026-05-21
PARSVNATH,1919148928.0,MICRO CAP,4.409999847412109,,-0.08525198,,,-0.33521998,-1.8809199,0.048,,Real Estate,Real Estate,Real Estate - Development,2026-05-21
PATANJALI,507495874560.0,LARGE CAP,466.5,30.751484,4.189568,,23.903,0.03551,0.04236,0.152,0.597,Consumer Defensive,Consumer Defensive,Packaged Foods,2026-05-21
PASHUPATI,14472349696.0,SMALL CAP,91.69000244140625,97.54256,9.036168,,56.803,0.01781,0.022739999,-0.035,1.754,Consumer Cyclical,Consumer Cyclical,Textile Manufacturing,2026-05-21
PARTYCRUS,1454986752.0,MICRO CAP,122.0,17.280453,3.1367304,,,,,,,Unknown,Unknown,Unknown,2026-05-21
PASUPTAC,4810514432.0,MICRO CAP,53.970001220703125,8.761364,1.2573386,,28.845,0.13371,0.0588,0.548,1.526,Consumer Cyclical,Consumer Cyclical,Textile Manufacturing,2026-05-21
PATELENG,24878991360.0,SMALL CAP,26.049999237060547,9.140351,0.5757797,0.0655,27.377,0.15388,0.051090002,-0.097,-0.023,Industrials,Industrials,Engineering & Construction,2026-05-21
PATTECH,759816448.0,MICRO CAP,97.95,75.93023,2.363259,,,,,,,Unknown,Unknown,Unknown,2026-05-21
PATINTLOG,850337792.0,MICRO CAP,12.220000267028809,10.016394,0.71199673,,5.065,0.03853,0.018660001,0.125,0.561,Industrials,Industrials,Integrated Freight & Logistics,2026-05-21
PATELRMART,6670753280.0,MICRO CAP,199.72000122070312,18.424355,1.529976,,33.682,0.05558,0.03881,0.355,0.442,Consumer Cyclical,Consumer Cyclical,Department Stores,2026-05-21
PAUSHAKLTD,11270674432.0,SMALL CAP,457.1000061035156,28.658308,2.3463044,0.082229994,15.666,0.15996,0.17992,0.053,3.092,Basic Materials,Basic Materials,Specialty Chemicals,2026-05-21
PAYTM,738127708160.0,LARGE CAP,1153.0,135.0117,4.612535,0.03558,1.073,0.0,0.06554,0.184,,Technology,Technology,Software - Infrastructure,2026-05-21
PAVNAIND,2507354112.0,MICRO CAP,17.969999313354492,,1.2570828,,36.865,0.046230003,0.01253,0.36,2.86,Consumer Cyclical,Consumer Cyclical,Auto Parts,2026-05-21
PCBL,114418917376.0,MID CAP,290.79998779296875,43.01775,2.8642907,0.05125,124.132,0.07217,0.02416,-0.01,-0.613,Basic Materials,Basic Materials,Specialty Chemicals,2026-05-21
PCCL,7700225024.0,MICRO CAP,311.75,81.396866,3.943008,,,,,,,Unknown,Unknown,Unknown,2026-05-21
PCJEWELLER,81082966016.0,SMALL CAP,8.350000381469727,11.928572,0.80575126,,22.029,0.22409001,0.21006,0.369,0.188,Consumer Cyclical,Consumer Cyclical,Luxury Goods,2026-05-21
PDSL,41761124352.0,SMALL CAP,294.6000061035156,38.66142,2.3612204,0.09936,67.994,0.03221,0.00846,0.005,0.224,Industrials,Industrials,Specialty Business Services,2026-05-21
PDMJEPAPER,8068851200.0,MICRO CAP,84.9800033569336,8.698055,1.2792606,,1.877,0.11951,0.116280004,0.052,0.058,Basic Materials,Basic Materials,Paper & Paper Products,2026-05-21
PEARLPOLY,319863712.0,MICRO CAP,19.0,,0.9322866,,,-0.33753,-0.25146,-0.145,,Consumer Cyclical,Consumer Cyclical,Packaging & Containers,2026-05-21
PENINLAND,5440342528.0,MICRO CAP,16.399999618530273,,2.6294692,,228.395,-0.1517,-0.3849,-0.728,,Real Estate,Real Estate,Real Estate - Development,2026-05-21
PENIND,20349890560.0,SMALL CAP,150.8000030517578,15.247725,1.9039202,,92.847,0.06476,0.03703,0.123,0.107,Industrials,Industrials,Specialty Industrial Machinery,2026-05-21
PERSISTENT,785060986880.0,LARGE CAP,5025.0,42.237537,10.03012,0.26349002,6.092,0.16252,0.12646,0.251,0.321,Technology,Technology,Information Technology Services,2026-05-21
PENTAGON,947944448.0,MICRO CAP,122.95,39.66129,2.8994906,,,,,,,Unknown,Unknown,Unknown,2026-05-21
PETRONET,406425042944.0,MID CAP,270.95001220703125,10.385205,1.9245932,0.18559,10.507,0.17536,0.089949995,-0.233,0.253,Energy,Energy,Oil & Gas Refining & Marketing,2026-05-21
PFIZER,212360970240.0,MID CAP,4645.7001953125,29.385326,5.5180383,0.17159,1.671,0.35149,0.28672,0.063,-0.396,Healthcare,Healthcare,Drug Manufacturers - General,2026-05-21
PFC,1434884112384.0,LARGE CAP,434.79998779296875,5.5395594,1.0799077,0.20466,586.017,0.93324995,0.54304004,-0.154,0.108,Financial Services,Financial Services,Credit Services,2026-05-21
PFS,19923630080.0,SMALL CAP,31.020000457763672,6.241449,0.6454835,,,0.84139997,0.54587,-0.555,-0.624,Financial Services,Financial Services,Credit Services,2026-05-21
PFOCUS,202533535744.0,MID CAP,261.0,,5.039291,,246.44,0.1883,-0.022149999,0.313,,Communication Services,Communication Services,Entertainment,2026-05-21
PGEL,133747204096.0,MID CAP,468.5,47.854954,4.9502335,,20.346,0.067210004,0.05052,0.459,0.476,Technology,Technology,Electronic Components,2026-05-21
PGHH,312629362688.0,MID CAP,9631.0,43.713688,33.570473,,0.221,0.31088,0.198,0.011,0.122,Consumer Defensive,Consumer Defensive,Household & Personal Products,2026-05-21
PGHL,89744556032.0,SMALL CAP,5406.5,37.935024,14.48105,,1.0,0.27968,0.21764,0.207,-0.146,Healthcare,Healthcare,Drug Manufacturers - Specialty & Generic,2026-05-21
PGIL,75113848832.0,SMALL CAP,1626.4000244140625,27.034575,5.806187,0.20896,65.567,0.085030004,0.05526,0.069,0.203,Consumer Cyclical,Consumer Cyclical,Apparel Manufacturing,2026-05-21
PHOENIXLTD,639961858048.0,LARGE CAP,1789.4000244140625,51.00912,5.930586,0.11056,37.211,0.53540003,0.27671,0.337,0.5,Real Estate,Real Estate,Real Estate - Diversified,2026-05-21
PGINVIT,87323525120.0,SMALL CAP,95.96,6.4445934,1.1309636,,,,,,,Unknown,Unknown,Unknown,2026-05-21
PHANTOMFX,5570866688.0,MICRO CAP,410.25,19.780617,1.6974013,,,,,,,Unknown,Unknown,Unknown,2026-05-21
PICCADIL,56568991744.0,SMALL CAP,573.9000244140625,40.35865,7.928329,0.17366,58.89,0.18259001,0.13251,0.409,0.023,Consumer Defensive,Consumer Defensive,Beverages - Wineries & Distilleries,2026-05-21
PIDILITIND,1497758171136.0,LARGE CAP,1471.5999755859375,61.26561,15.680675,0.23523001,3.776,0.20533001,0.16771999,0.141,0.37,Basic Materials,Basic Materials,Specialty Chemicals,2026-05-21
PIGL,2159227904.0,MICRO CAP,102.0,15.223881,1.4559989,,21.323,0.11853,0.062480003,0.458,-0.129,Industrials,Industrials,Engineering & Construction,2026-05-21
PILANIINVS,50367664128.0,SMALL CAP,4549.0,5111.236,0.29644766,,13.114,0.92633003,0.00409,-0.029,,Financial Services,Financial Services,Asset Management,2026-05-21
PIIND,418867806208.0,MID CAP,2762.0,31.671255,3.8688154,0.123509996,3.048,0.14706999,0.19673,-0.124,-0.394,Basic Materials,Basic Materials,Agricultural Inputs,2026-05-21
PINELABS,170197516288.0,MID CAP,148.22000122070312,705.8096,3.9744725,,23.128,0.08708999,0.00929,0.237,,Technology,Technology,Software - Infrastructure,2026-05-21
PILITA,1868249984.0,MICRO CAP,7.949999809265137,41.842106,2.7806926,,18.778,0.04753,0.04137,-0.014,-0.571,Consumer Cyclical,Consumer Cyclical,"Furnishings, Fixtures & Appliances",2026-05-21
PIRAMALFIN,433183621120.0,MID CAP,1916.699951171875,29.032112,1.5406516,0.06717,283.736,-0.49855998,0.28951,-0.247,2441.299,Financial Services,Financial Services,Credit Services,2026-05-21
PIONRINV,,UNKNOWN,111.0999984741211,,0.8315557,,40.637,0.52126,0.36407003,0.38,2.876,,,,2026-05-21
PIONEEREMB,807364608.0,MICRO CAP,26.200000762939453,,0.5301605,,58.879,0.00147,-0.00635,-0.155,,Consumer Cyclical,Consumer Cyclical,Textile Manufacturing,2026-05-21
PITTIENG,34564038656.0,SMALL CAP,936.3499755859375,26.737577,3.7059245,0.124960005,82.134,0.11766,0.06032,0.079,-0.25,Industrials,Industrials,Metal Fabrication,2026-05-21
PIXTRANS,21910683648.0,SMALL CAP,1608.0999755859375,20.031141,3.433624,,4.661,0.24797001,0.19001,0.084,0.585,Industrials,Industrials,Specialty Industrial Machinery,2026-05-21
PLASTIBLEN,4275483136.0,MICRO CAP,164.50999450683594,11.650849,0.95033157,0.08371,4.968,0.07274,0.04652,0.058,0.452,Basic Materials,Basic Materials,Specialty Chemicals,2026-05-21
PKTEA,2476703232.0,MICRO CAP,800.0,,1.1350545,,20.57,0.23947,-0.00399,0.501,,Consumer Defensive,Consumer Defensive,Farm Products,2026-05-21
PLATIND,12602553344.0,SMALL CAP,222.4600067138672,,2.7528093,0.12031,2.293,0.12615,0.111540005,0.403,1.371,Basic Materials,Basic Materials,Specialty Chemicals,2026-05-21
PLADAINFO,257648688.0,MICRO CAP,30.05,13.65909,1.0808964,,,,,,,Unknown,Unknown,Unknown,2026-05-21
PLAZACABLE,2134664064.0,MICRO CAP,48.790000915527344,40.658333,1.8468469,,27.229,0.045089997,0.01869,0.339,7.0,Industrials,Industrials,Electrical Equipment & Parts,2026-05-21
PNB,1173889220608.0,LARGE CAP,102.13999938964844,6.38375,0.78845793,0.12985,,0.29405,0.31221,0.152,0.019,Financial Services,Financial Services,Banks - Regional,2026-05-21
PML,,UNKNOWN,550.0,,0.18644972,,1.321,-0.0094800005,0.13024001,-0.376,,,,,2026-05-21
PNCINFRA,56515579904.0,SMALL CAP,220.3000030517578,6.797285,0.85337985,0.1299,75.883,0.17085,0.15097,-0.039,0.429,Industrials,Industrials,Engineering & Construction,2026-05-21
PNGJL,70303703040.0,SMALL CAP,518.0499877929688,17.16534,4.1362267,0.23306999,88.504,0.041810002,0.03785,1.251,0.455,Consumer Cyclical,Consumer Cyclical,Luxury Goods,2026-05-21
PNGSREVA,12945626112.0,SMALL CAP,408.3999938964844,14.390416,7.4227552,0.21013,32.942,0.21965,0.14727001,1.389,2.668,Consumer Cyclical,Consumer Cyclical,Luxury Goods,2026-05-21
PNBHOUSING,277424013312.0,MID CAP,1064.5999755859375,12.121142,1.4432474,0.127,277.418,0.77546996,0.58886003,0.216,0.19,Financial Services,Financial Services,Mortgage Finance,2026-05-21
PNC,272413600.0,MICRO CAP,18.829999923706055,,0.372827,,2.01,0.20963,-0.2538,2.224,,Communication Services,Communication Services,Entertainment,2026-05-21
PODDARMENT,2647725568.0,MICRO CAP,249.5500030517578,17.45105,0.7214033,,,0.04329,0.04192,0.015,-0.546,Basic Materials,Basic Materials,Specialty Chemicals,2026-05-21
POCL,44253560832.0,SMALL CAP,1450.4000244140625,38.874294,6.221555,,5.327,0.063990004,0.04356,0.532,1.456,Basic Materials,Basic Materials,Specialty Chemicals,2026-05-21
POKARNA,25618604032.0,SMALL CAP,826.2999877929688,22.478237,3.1629677,,37.631,0.21020001,0.16514999,-0.396,-0.597,Industrials,Industrials,Building Products & Equipment,2026-05-21
POLYMED,155811627008.0,MID CAP,1535.4000244140625,44.90787,5.3329167,,8.169,0.16697,0.19514999,0.164,-0.176,Healthcare,Healthcare,Medical Instruments & Supplies,2026-05-21
POLICYBZR,843062050816.0,LARGE CAP,1820.0999755859375,125.87137,11.503966,0.097440004,4.922,0.088970006,0.09861,0.367,0.528,Financial Services,Financial Services,Insurance Brokers,2026-05-21
PONNIERODE,2625096960.0,MICRO CAP,305.29998779296875,5.4674067,0.48963472,0.08731,,0.16674,0.11574,-0.052,4.886,Consumer Defensive,Consumer Defensive,Confectioners,2026-05-21
POLYCAB,1385666969600.0,LARGE CAP,9204.0,52.11188,11.538982,0.24580999,2.558,0.12951,0.09251001,0.269,0.08,Industrials,Industrials,Electrical Equipment & Parts,2026-05-21
POLYSIL,368585440.0,MICRO CAP,32.5,,1.0825034,,,,,,,Unknown,Unknown,Unknown,2026-05-21
POLYPLEX,30921574400.0,SMALL CAP,985.0,102.604164,0.76519233,,14.462,0.00634,0.00435,-0.023,-0.745,Basic Materials,Basic Materials,Specialty Chemicals,2026-05-21
POWERGRID,2831103819776.0,MEGA CAP,304.3999938964844,15.121709,2.8573842,0.16492,150.993,0.4947,0.34083,-0.05,0.096,Utilities,Utilities,Utilities - Regulated Electric,2026-05-21
POONAWALLA,348618817536.0,MID CAP,398.20001220703125,58.216373,3.1277986,0.0585,470.362,0.35472,0.18559,0.674,2.877,Financial Services,Financial Services,Credit Services,2026-05-21
POWERICA,72767332352.0,SMALL CAP,575.0,43.626705,5.1569505,,47.768,0.06606,0.09039,0.083,2.504,Industrials,Industrials,Specialty Industrial Machinery,2026-05-21
POWERINDIA,1622879764480.0,LARGE CAP,36410.0,189.79358,35.41033,,1.843,0.16273001,0.11545999,0.3,0.81,Industrials,Industrials,Electrical Equipment & Parts,2026-05-21
PPLPHARMA,231883194368.0,MID CAP,175.0800018310547,,2.8681445,-0.04002,69.519,0.08799,-0.03675,-0.001,,Healthcare,Healthcare,Drug Manufacturers - Specialty & Generic,2026-05-21
PPL,4517234176.0,MICRO CAP,188.8300018310547,11.273433,0.98804903,,2.772,0.07706,0.05353,-0.059,-0.562,Industrials,Industrials,Building Products & Equipment,2026-05-21
PPAP,3048434432.0,MICRO CAP,215.0,7.053806,1.1477624,0.13734001,60.801,0.04282,0.07596,0.186,17.712,Consumer Cyclical,Consumer Cyclical,Auto Parts,2026-05-21
POWERMECH,78421049344.0,SMALL CAP,2480.39990234375,21.546211,3.432229,,41.065,0.09887,0.05835,0.061,0.146,Industrials,Industrials,Engineering & Construction,2026-05-21
PRADPME,,UNKNOWN,391.29998779296875,,4.627374,0.20128,45.897,0.16485001,0.08903,0.054,0.456,,,,2026-05-21
PRABHA,24795717632.0,SMALL CAP,169.1699981689453,,5.679323,,33.72,-0.08312,-0.07345,0.732,,Energy,Energy,Oil & Gas E&P,2026-05-21
PRAJIND,71052943360.0,SMALL CAP,386.54998779296875,137.07446,5.4560466,,16.118,0.02465,0.01635,-0.014,,Industrials,Industrials,Engineering & Construction,2026-05-21
PRAENG,1514809216.0,MICRO CAP,21.65999984741211,,0.31456494,,34.324,-0.06573,-0.52352,-0.3,,Real Estate,Real Estate,Real Estate - Development,2026-05-21
PRAKASHSTL,768251648.0,MICRO CAP,4.389999866485596,73.166664,11.03015,,22.772,0.019199999,0.012150001,0.271,-0.5,Basic Materials,Basic Materials,Steel,2026-05-21
PRAKASH,26826461184.0,SMALL CAP,149.8000030517578,8.114843,0.782368,,9.971,0.102869995,0.09715,-0.138,0.036,Basic Materials,Basic Materials,Steel,2026-05-21
PRAMARA,1695045504.0,MICRO CAP,154.5,30.294119,1.8299183,,,,,,,Unknown,Unknown,Unknown,2026-05-21
PRAVEG,,UNKNOWN,256.54998779296875,,1.5059992,,23.257,0.15529001,-0.01096,0.667,-0.069,,,,2026-05-21
PRATHAM,5369736192.0,MICRO CAP,302.35,52.858395,6.133233,,,,,,,Unknown,Unknown,Unknown,2026-05-21
PRECISION,1095147520.0,MICRO CAP,47.7,136.28572,1.3408669,,,,,,,Unknown,Unknown,Unknown,2026-05-21
PRAXIS,1334131584.0,MICRO CAP,7.179999828338623,3.5544553,2.1484141,,309.88,-0.28688,0.34951,-0.228,,Consumer Cyclical,Consumer Cyclical,Specialty Retail,2026-05-21
PRECAM,15733452800.0,SMALL CAP,165.63999938964844,19.260464,1.9239882,,13.008,0.13286,0.10709,-0.089,-0.29,Consumer Cyclical,Consumer Cyclical,Auto Parts,2026-05-21
PRECOT,8879399936.0,MICRO CAP,739.9500122070312,21.989597,1.8478193,0.07716,72.242,0.11477,0.04034,,,Consumer Cyclical,Consumer Cyclical,Textile Manufacturing,2026-05-21
PREMCO,,UNKNOWN,395.6499938964844,,1.2995694,0.05768,17.8,-0.04421,0.06391,-0.244,,,,,2026-05-21
PREMEXPLN,30869409792.0,SMALL CAP,573.9500122070312,71.65418,11.16352,,10.097,0.10602,0.115150005,-0.509,-0.339,Basic Materials,Basic Materials,Specialty Chemicals,2026-05-21
PRECWIRE,72912961536.0,SMALL CAP,398.8500061035156,55.861347,10.847158,,19.307,0.043109998,0.027579999,0.365,0.943,Industrials,Industrials,Electrical Equipment & Parts,2026-05-21
PREMIERENE,449355939840.0,MID CAP,995.7000122070312,29.598694,12.913224,0.42333,86.005,0.27957,0.18811001,0.4,0.647,Technology,Technology,Solar,2026-05-21
PREMIER,96076496.0,MICRO CAP,3.0,,-0.02696411,,,-5.81716,0.0,-0.718,,Industrials,Industrials,Specialty Industrial Machinery,2026-05-21
PRESSTONIC,1029114304.0,MICRO CAP,113.4,18.31987,3.342471,,,,,,,Unknown,Unknown,Unknown,2026-05-21
PREMIERPOL,6142199808.0,MICRO CAP,58.0,21.09091,4.6311083,0.24054001,16.692,0.12671,0.094069995,0.113,0.554,Basic Materials,Basic Materials,Specialty Chemicals,2026-05-21
PRESTIGE,603883765760.0,LARGE CAP,1402.0,62.449886,3.8154643,0.06322,89.294,0.16178,0.095699996,1.341,11.61,Real Estate,Real Estate,Real Estate - Diversified,2026-05-21
PRICOLLTD,,UNKNOWN,546.4500122070312,26.578308,5.314731,0.22087999,30.215,0.094239995,0.061890002,0.434,1.091,Consumer Cyclical,Consumer Cyclical,Auto Parts,2026-05-21
PRIMO,5450298880.0,MICRO CAP,22.489999771118164,35.698414,1.3806015,0.03858,32.291,0.080740005,0.02737,-0.068,,Basic Materials,Basic Materials,Chemicals,2026-05-21
PRITI,600232128.0,MICRO CAP,44.95000076293945,38.093224,0.8103187,,,-0.06547,0.04403,-0.777,-0.872,Consumer Cyclical,Consumer Cyclical,"Furnishings, Fixtures & Appliances",2026-05-21
PRIMESECU,9532771328.0,MICRO CAP,281.20001220703125,34.50307,4.0446467,,0.723,0.08542,0.23128,0.416,-0.72,Financial Services,Financial Services,Capital Markets,2026-05-21
PRINCEPIPE,29879324672.0,SMALL CAP,270.20001220703125,68.92857,1.8832943,,14.911,-0.00988,0.01672,-0.008,,Industrials,Industrials,Building Products & Equipment,2026-05-21
PRIVISCL,127731130368.0,MID CAP,3269.89990234375,39.03426,10.30185,0.24757999,70.891,0.19924,0.12776,0.176,0.409,Basic Materials,Basic Materials,Specialty Chemicals,2026-05-21
PRITIKA,2085473792.0,MICRO CAP,79.1,36.2844,4.1728215,,,,,,,Unknown,Unknown,Unknown,2026-05-21
PRITIKAUTO,2299539968.0,MICRO CAP,13.8100004196167,15.175824,0.9204826,,65.121,0.118090004,0.03433,0.406,0.632,Industrials,Industrials,Specialty Industrial Machinery,2026-05-21
PRIZOR,1947937152.0,MICRO CAP,182.2,16.488688,3.9984198,,,,,,,Unknown,Unknown,Unknown,2026-05-21
PRLIND,2988134912.0,MICRO CAP,130.7,16.256218,3.0863323,,,,,,,Unknown,Unknown,Unknown,2026-05-21
PROLIFE,859756800.0,MICRO CAP,210.0,18.372704,1.8325726,,,,,,,Unknown,Unknown,Unknown,2026-05-21
PROPEQUITY,3070732544.0,MICRO CAP,292.95,22.04289,3.167815,,,,,,,Unknown,Unknown,Unknown,2026-05-21
PROSTARM,9335154688.0,MICRO CAP,158.55999755859375,40.0404,3.2236814,,6.147,0.12133,0.0875,1.102,0.543,Industrials,Industrials,Electrical Equipment & Parts,2026-05-21
PRUDENT,110762868736.0,MID CAP,2675.0,49.80451,14.523126,0.28643999,3.866,0.22248,0.16623,0.22,0.143,Financial Services,Financial Services,Asset Management,2026-05-21
PROZONER,8087952384.0,MICRO CAP,53.0,,1.6842506,,53.946,0.28983998,-0.14723,0.298,1.4,Real Estate,Real Estate,Real Estate - Diversified,2026-05-21
PRUDMOULI,508936544.0,MICRO CAP,15.779999732971191,9.068965,,,,0.0,0.0,,,Consumer Defensive,Consumer Defensive,Confectioners,2026-05-21
PROTEAN,26571466752.0,SMALL CAP,654.2000122070312,29.415468,2.6080475,,6.583,0.08966,0.099309996,0.131,-0.016,Technology,Technology,Information Technology Services,2026-05-21
PROV,3756893184.0,MICRO CAP,1090.0,41.085564,2.8903112,,,,,,,Unknown,Unknown,Unknown,2026-05-21
PRSMJOHNSN,59632652288.0,SMALL CAP,118.47000122070312,81.703445,3.7973588,,93.47,0.0035299999,0.02535,-0.008,0.26,Basic Materials,Basic Materials,Building Materials,2026-05-21
PSB,168733016064.0,MID CAP,23.780000686645508,12.784946,1.2224337,0.096190006,,0.41716,0.25620002,0.338,0.291,Financial Services,Financial Services,Banks - Regional,2026-05-21
PSPPROJECT,31237732352.0,SMALL CAP,788.0,76.061775,2.5000954,,26.131,0.02997,0.0863,0.657,2.211,Industrials,Industrials,Engineering & Construction,2026-05-21
PULZ,2282207232.0,MICRO CAP,104.65,197.45285,6.4766674,,,,,,,Unknown,Unknown,Unknown,2026-05-21
PTL,5156084224.0,MICRO CAP,38.95000076293945,12.365079,0.57407737,0.054530002,0.642,0.90853,0.62422,0.245,0.475,Real Estate,Real Estate,Real Estate Services,2026-05-21
PUNJABCHEM,12636181504.0,SMALL CAP,1030.5,19.737598,3.159996,0.16229999,36.418,0.09024,0.06211,0.031,0.558,Basic Materials,Basic Materials,Chemicals,2026-05-21
PTCIL,240480485376.0,MID CAP,16040.0,362.64978,16.975323,,12.655,0.09851,0.13265,1.324,0.288,Industrials,Industrials,Metal Fabrication,2026-05-21
PTC,58606690304.0,SMALL CAP,197.99000549316406,6.949456,1.0025318,0.103769995,25.059,0.05461,0.03534,0.313,-0.7,Utilities,Utilities,Utilities - Independent Power Producers,2026-05-21
PURVA,52699402240.0,SMALL CAP,222.22000122070312,,3.2596483,0.03232,315.044,0.21400999,0.01656,1.762,,Real Estate,Real Estate,Real Estate - Development,2026-05-21
PURVFLEXI,3444318720.0,MICRO CAP,164.15,33.094757,2.3986964,,,,,,,Unknown,Unknown,Unknown,2026-05-21
PVP,6760079360.0,MICRO CAP,26.0,,3.1280878,,77.376,0.25967,-0.120349996,4.636,,Industrials,Industrials,Conglomerates,2026-05-21
PVRINOX,97895538688.0,SMALL CAP,996.9000244140625,55.29118,1.3758031,0.024400001,91.874,0.07839,0.05027,0.238,,Communication Services,Communication Services,Entertainment,2026-05-21
PWL,316453584896.0,MID CAP,110.66000366210938,,50.761467,,67.044,0.12047,-0.066939995,0.337,-0.027,Consumer Defensive,Consumer Defensive,Education & Training Services,2026-05-21
PYRAMID,6374324736.0,MICRO CAP,172.83999633789062,24.976877,2.4345717,0.10957,66.496,0.085200004,0.042140003,0.142,0.474,Consumer Cyclical,Consumer Cyclical,Packaging & Containers,2026-05-21
QMSMEDI,2100734080.0,MICRO CAP,116.35,18.151327,2.0159404,,,,,,,Unknown,Unknown,Unknown,2026-05-21
QFIL,,UNKNOWN,111.0,,,,,,,,,Unknown,Unknown,Unknown,2026-05-21
QUADPRO,270442496.0,MICRO CAP,5.35,53.5,1.2156328,,,,,,,Unknown,Unknown,Unknown,2026-05-21
QUADFUTURE,11404000256.0,SMALL CAP,285.1000061035156,,4.238586,,9.292,-0.46101,-0.27392998,0.232,,Industrials,Industrials,Railroads,2026-05-21
PVSL,7600408064.0,MICRO CAP,106.75,,1.2082626,,176.217,0.0091699995,-0.00354,0.308,,Consumer Cyclical,Consumer Cyclical,Auto & Truck Dealerships,2026-05-21
QUICKHEAL,11514619904.0,SMALL CAP,212.25999450683594,208.09804,2.6298769,,,-0.04389,0.02076,0.013,58.0,Technology,Technology,Software - Application,2026-05-21
QUESS,30233647104.0,SMALL CAP,202.4600067138672,13.876628,2.5887709,0.19714001,10.656,0.01946,0.014479999,,,Industrials,Industrials,Staffing & Employment Services,2026-05-21
QUESTLAB,2253240064.0,MICRO CAP,137.5,16.606281,2.506654,,,,,,,Unknown,Unknown,Unknown,2026-05-21
QUINT,,UNKNOWN,39.54999923706055,,1.0829682,,13.977,-0.14929,0.75695,2.679,,,,,2026-05-21
RADAAN,166817536.0,MICRO CAP,3.0799999237060547,,-1.1618257,,,-0.43185002,-0.74382,-0.335,,Communication Services,Communication Services,Entertainment,2026-05-21
RACE,2105378432.0,MICRO CAP,122.0,31.937174,2.7224243,,84.464,0.02159,0.01012,-0.221,0.1,Industrials,Industrials,Waste Management,2026-05-21
RACLGEAR,16109721600.0,SMALL CAP,1364.199951171875,36.04227,4.8238525,,72.348,0.16618,0.09674,0.217,1.318,Consumer Cyclical,Consumer Cyclical,Auto Parts,2026-05-21
QUICKTOUCH,1595159424.0,MICRO CAP,135.0,19.911505,0.94500756,,,,,,,Unknown,Unknown,Unknown,2026-05-21
RADIANTCMS,4333408256.0,MICRO CAP,40.61000061035156,12.306061,1.6481332,,57.298,0.10052,0.08455,0.069,-0.259,Industrials,Industrials,Specialty Business Services,2026-05-21
RADHIKAJWE,6700135936.0,MICRO CAP,56.720001220703125,8.268222,1.8629706,,11.904,0.19323999,0.13441,0.037,0.349,Consumer Cyclical,Consumer Cyclical,Luxury Goods,2026-05-21
RADICO,480960905216.0,MID CAP,3591.10009765625,79.29124,14.494328,,20.939,0.14869,0.08838,0.195,0.621,Consumer Defensive,Consumer Defensive,Beverages - Wineries & Distilleries,2026-05-21
RADIOCITY,2181847296.0,MICRO CAP,6.210000038146973,,0.43643263,,27.219,0.017239999,-0.23044,-0.289,0.066,Communication Services,Communication Services,Broadcasting,2026-05-21
RADIOWALLA,867637952.0,MICRO CAP,123.1,125.61224,4.8348455,,,,,,,Unknown,Unknown,Unknown,2026-05-21
RAILTEL,103390306304.0,MID CAP,322.1499938964844,32.540405,4.5681424,0.16254,2.817,0.10985,0.08096,0.276,0.253,Communication Services,Communication Services,Telecom Services,2026-05-21
RAIN,52554010624.0,SMALL CAP,156.25,17.438616,0.70839834,,127.738,0.09608,0.01704,0.2,,Basic Materials,Basic Materials,Specialty Chemicals,2026-05-21
RAINBOW,136041299968.0,MID CAP,1341.0999755859375,53.154976,8.972069,,53.24,0.24104999,0.15968001,0.119,0.056,Healthcare,Healthcare,Medical Care Facilities,2026-05-21
RAJESHEXPO,31861504000.0,SMALL CAP,107.91000366210938,18.998241,0.19235672,,5.254,0.00043000001,0.00023,1.433,1.017,Consumer Cyclical,Consumer Cyclical,Luxury Goods,2026-05-21
RAJPALAYAM,,UNKNOWN,774.9500122070312,8.901333,0.30872843,,,,,,,Unknown,Unknown,Unknown,2026-05-21
RAJOOENG,9846795264.0,MICRO CAP,55.11000061035156,20.113138,2.8941288,0.18706,6.767,-0.00356,0.13869001,-0.117,-0.903,Industrials,Industrials,Specialty Industrial Machinery,2026-05-21
RAJRILTD,11036561408.0,SMALL CAP,19.600000381469727,46.666668,8.368916,0.24372,142.191,0.03828,0.02881,0.432,0.008,Consumer Cyclical,Consumer Cyclical,Textile Manufacturing,2026-05-21
RAJMET,1078272000.0,MICRO CAP,3.9000000953674316,,2.29682,,28.176,0.01779,-0.00301,-0.734,5.585,Basic Materials,Basic Materials,Copper,2026-05-21
RAJRATAN,21222277120.0,SMALL CAP,418.0,30.246021,3.261828,0.11594,49.797,0.067140006,0.06062,0.25,0.018,Basic Materials,Basic Materials,Steel,2026-05-21
RAJSREESUG,1244241920.0,MICRO CAP,37.54999923706055,,0.5114689,,138.15,-0.17,-0.03516,0.207,,Consumer Defensive,Consumer Defensive,Confectioners,2026-05-21
RAJTV,1078240128.0,MICRO CAP,20.770000457763672,,0.9199628,0.00638,16.564,0.02776,0.0113,-0.019,,Communication Services,Communication Services,Broadcasting,2026-05-21
RALLIS,48850587648.0,SMALL CAP,251.1999969482422,26.52587,2.3874924,0.09323,2.986,-0.06579,0.06351,0.061,,Basic Materials,Basic Materials,Agricultural Inputs,2026-05-21
RAMAPHO,4306527744.0,MICRO CAP,121.69999694824219,8.189772,1.0683217,0.13282,32.867,0.03987,0.058930002,0.094,0.026,Basic Materials,Basic Materials,Agricultural Inputs,2026-05-21
RAMANEWS,4457742848.0,MICRO CAP,29.6200008392334,,-12.65812,,,0.15009,-0.99457,-0.289,,Consumer Defensive,Consumer Defensive,Beverages - Non-Alcoholic,2026-05-21
RAMCOIND,23942219776.0,SMALL CAP,275.70001220703125,9.38713,0.54836214,,4.035,0.09652001,0.14926,0.131,0.26,Industrials,Industrials,Building Products & Equipment,2026-05-21
RAMASTEEL,8589215232.0,MICRO CAP,5.25,58.333332,1.7570281,,26.441,0.0164,0.01349,0.052,-0.718,Basic Materials,Basic Materials,Steel,2026-05-21
RAMCOSYS,14779620352.0,SMALL CAP,393.5,65.9129,4.534925,,14.863,0.103590004,0.03295,0.14,,Technology,Technology,Software - Application,2026-05-21
RAMCOCEM,212450476032.0,MID CAP,899.0999755859375,36.89372,2.812711,,62.153,0.04506,0.06527,0.062,1.14,Basic Materials,Basic Materials,Building Materials,2026-05-21
RAMKY,30959091712.0,SMALL CAP,447.3999938964844,13.851394,1.5059967,,27.608,0.12508,0.122200005,0.065,0.393,Industrials,Industrials,Engineering & Construction,2026-05-21
RAMRAT,40770207744.0,SMALL CAP,436.75,47.26732,8.024363,,122.585,0.049829997,0.01968,0.438,0.796,Industrials,Industrials,Electrical Equipment & Parts,2026-05-21
RANEHOLDIN,20203100160.0,SMALL CAP,1415.0,54.738876,1.8007677,0.09861,71.619,0.046409998,0.01657,0.174,4.625,Consumer Cyclical,Consumer Cyclical,Auto Parts,2026-05-21
RANASUG,1959525504.0,MICRO CAP,12.760000228881836,6.9726777,0.36940536,,43.163,0.02996,0.01579,0.1,-0.098,Consumer Defensive,Consumer Defensive,Confectioners,2026-05-21
RATNAMANI,176982294528.0,MID CAP,2525.0,36.684586,4.572469,0.13578,7.488,0.13637,0.104540005,-0.348,-0.485,Basic Materials,Basic Materials,Steel,2026-05-21
RATEGAIN,79698288640.0,SMALL CAP,674.8499755859375,44.339684,4.386273,,0.823,0.110080004,0.13093,0.938,-0.528,Technology,Technology,Software - Application,2026-05-21
RAYMONDLSL,44610445312.0,SMALL CAP,732.4500122070312,96.884926,0.46264687,,25.695,0.07822,0.00804,0.054,-0.331,Consumer Cyclical,Consumer Cyclical,Apparel Manufacturing,2026-05-21
RATNAVEER,13210363904.0,SMALL CAP,184.9499969482422,16.66216,2.3296678,0.12364,50.053,0.086169995,0.060170002,0.226,0.38,Basic Materials,Basic Materials,Steel,2026-05-21
RAYMOND,36004323328.0,SMALL CAP,541.0,106.286835,1.1075104,0.01472,33.836,0.06429,2.31044,,-0.991,Industrials,Industrials,Specialty Industrial Machinery,2026-05-21
RBA,39647244288.0,SMALL CAP,68.0199966430664,,4.910482,,229.249,-0.01245,-0.0729,0.118,,Consumer Cyclical,Consumer Cyclical,Restaurants,2026-05-21
RAYMONDREL,37002596352.0,SMALL CAP,556.0,,2.7570612,0.37721002,64.676,0.19632,0.10184,8.882,0.657,Real Estate,Real Estate,Real Estate - Development,2026-05-21
RBLBANK,203923619840.0,MID CAP,329.6000061035156,23.392477,1.2181646,,,0.13972001,0.09082,0.408,3.679,Financial Services,Financial Services,Banks - Regional,2026-05-21
RBMINFRA,4185891840.0,MICRO CAP,495.9,17.88961,2.9653592,,,,,,,Unknown,Unknown,Unknown,2026-05-21
RBZJEWEL,5037600256.0,MICRO CAP,125.94000244140625,9.747678,1.8609256,0.20114,56.626,0.10551,0.08603,0.381,0.364,Consumer Cyclical,Consumer Cyclical,Luxury Goods,2026-05-21
RCDL,844229568.0,MICRO CAP,35.3,9.463807,1.0034395,,,,,,,Unknown,Unknown,Unknown,2026-05-21
RBS,2126105600.0,MICRO CAP,93.0,13.556851,1.3447274,,,,,,,Unknown,Unknown,Unknown,2026-05-21
RCF,69501673472.0,SMALL CAP,125.9800033569336,22.179579,1.4117937,,56.443,0.03999,0.01883,-0.062,0.014,Basic Materials,Basic Materials,Agricultural Inputs,2026-05-21
RECLTD,883841630208.0,LARGE CAP,335.6499938964844,5.4312296,1.0584989,0.19957,607.463,0.90234,0.70553,-0.144,-0.219,Financial Services,Financial Services,Credit Services,2026-05-21
RCOM,2543277824.0,MICRO CAP,0.9200000166893005,,-0.0026105882,,,-0.96825,0.0,-0.276,,Communication Services,Communication Services,Telecom Services,2026-05-21
REDINGTON,172811239424.0,MID CAP,221.0500030517578,11.597587,1.7027686,0.13089,27.26,0.01698,0.012510001,0.251,-0.413,Technology,Technology,Information Technology Services,2026-05-21
REFEX,40616517632.0,SMALL CAP,279.3500061035156,21.621517,2.9455805,,13.652,0.14708,0.07498,-0.197,0.01,Energy,Energy,Thermal Coal,2026-05-21
REDTAPE,71019192320.0,SMALL CAP,128.47000122070312,33.45573,8.253775,,108.421,0.1881,0.09421,0.184,0.429,Consumer Cyclical,Consumer Cyclical,Footwear & Accessories,2026-05-21
REFRACTORY,4428669952.0,MICRO CAP,203.15,73.07554,8.783725,,,,,,,Unknown,Unknown,Unknown,2026-05-21
REGAAL,8269238272.0,MICRO CAP,80.5,16.495901,1.5789267,,108.692,0.09571,0.043730002,0.257,-0.296,Consumer Defensive,Consumer Defensive,Packaged Foods,2026-05-21
REGENCERAM,1147300352.0,MICRO CAP,43.38999938964844,1084.75,-1.7298568,,,-0.45193002,0.00327,1.909,,Industrials,Industrials,Building Products & Equipment,2026-05-21
RELAXO,73474220032.0,SMALL CAP,295.1499938964844,43.85587,3.4653,,10.214,0.04528,0.06342,0.002,-0.197,Consumer Cyclical,Consumer Cyclical,Footwear & Accessories,2026-05-21
RELCHEMQ,907415232.0,MICRO CAP,120.29000091552734,16.942253,0.6494089,,180.277,0.08542,0.015039999,-0.112,3.077,Consumer Cyclical,Consumer Cyclical,Textile Manufacturing,2026-05-21
RELIANCE,18318907932672.0,MEGA CAP,1353.699951171875,22.67884,2.0265121,0.09139,36.653,0.099750005,0.0764,0.125,-0.126,Energy,Energy,Oil & Gas Refining & Marketing,2026-05-21
RELIABLE,1336646400.0,MICRO CAP,129.52000427246094,11.371379,2.21122,,66.061,0.21822001,0.05625,-0.298,-0.236,Technology,Technology,Information Technology Services,2026-05-21
RELIGARE,76733317120.0,SMALL CAP,230.3000030517578,89.26357,2.6304967,0.02001,12.72,0.055359997,0.01012,0.221,-0.169,Financial Services,Financial Services,Insurance - Life,2026-05-21
RELTD,23042555904.0,SMALL CAP,129.0,28.351646,5.4356985,0.20363002,366.24,-0.06382,0.1488,-0.34,,Technology,Technology,Solar,2026-05-21
REMSONSIND,3412477184.0,MICRO CAP,97.30999755859375,19.501003,2.5135608,,71.804,0.08315,0.039100002,0.2,0.289,Consumer Cyclical,Consumer Cyclical,Auto Parts,2026-05-21
RENUKA,51254034432.0,SMALL CAP,24.079999923706055,,-1.9227084,,,0.02627,-0.08647,-0.061,,Consumer Defensive,Consumer Defensive,Confectioners,2026-05-21
REMUS,22522759168.0,SMALL CAP,1911.3,53.343567,5.9440217,,,,,,,Unknown,Unknown,Unknown,2026-05-21
REPCOHOME,24524052480.0,SMALL CAP,392.0,5.3217483,0.6791524,,318.337,0.66573,0.55464,0.133,0.02,Financial Services,Financial Services,Mortgage Finance,2026-05-21
REXPIPES,811755008.0,MICRO CAP,85.9,14.810345,2.1145656,,,,,,,Unknown,Unknown,Unknown,2026-05-21
REPL,1299383168.0,MICRO CAP,71.69999694824219,33.981045,0.86383456,,,0.01005,0.03816,-0.338,,Industrials,Industrials,Consulting Services,2026-05-21
REPRO,5280519168.0,MICRO CAP,368.1000061035156,,1.464486,,35.444,0.016280001,-0.043909997,0.034,-0.361,Industrials,Industrials,Specialty Business Services,2026-05-21
RGL,10959003648.0,SMALL CAP,102.11000061035156,11.511838,0.7571331,,48.158,0.0637,0.03243,0.356,0.196,Consumer Cyclical,Consumer Cyclical,Luxury Goods,2026-05-21
RETAIL,164748368.0,MICRO CAP,20.08,105.68421,0.5565256,,29.565,0.032,0.00916,0.02,,Consumer Defensive,Consumer Defensive,Grocery Stores,2026-05-21
RESPONIND,44360994816.0,SMALL CAP,166.38999938964844,24.65037,3.011202,,13.937,0.090909995,0.13376,-0.154,-0.523,Basic Materials,Basic Materials,Specialty Chemicals,2026-05-21
RHETAN,22639218688.0,SMALL CAP,28.40999984741211,218.53847,20.905077,0.101660006,38.419,0.43081,0.31246,0.65,,Basic Materials,Basic Materials,Steel,2026-05-21
RHFL,1073481408.0,MICRO CAP,2.200000047683716,,-2.857143,,,4.31952,0.0,,,Financial Services,Financial Services,Mortgage Finance,2026-05-21
RHL,3343349504.0,MICRO CAP,193.35000610351562,12.268401,0.45915788,,20.707,0.23509,0.18447,0.178,1.808,Consumer Cyclical,Consumer Cyclical,Lodging,2026-05-21
RHIM,81062133760.0,SMALL CAP,392.54998779296875,47.238262,2.0239751,,10.315,0.085530005,0.042779997,0.08,0.3,Industrials,Industrials,Metal Fabrication,2026-05-21
RISHABH,20278458368.0,SMALL CAP,526.0,29.205996,2.9342527,,14.997,0.11785,0.09026,0.013,1.51,Technology,Technology,Scientific & Technical Instruments,2026-05-21
RILINFRA,1219557760.0,MICRO CAP,65.55,26.011906,0.9443884,,,,,,,Unknown,Unknown,Unknown,2026-05-21
RICOAUTO,15780994048.0,SMALL CAP,116.6500015258789,30.377605,2.0497277,,91.352,0.054970004,0.022149999,0.141,4.714,Consumer Cyclical,Consumer Cyclical,Auto Parts,2026-05-21
RITCO,7479202816.0,MICRO CAP,262.70001220703125,18.217754,2.3436735,,107.999,0.050419997,0.0295,0.255,-0.113,Industrials,Industrials,Integrated Freight & Logistics,2026-05-21
RIIL,11400500224.0,SMALL CAP,755.0,91.849144,2.4083934,0.02648,,-0.18861,0.27278998,-0.325,0.005,Industrials,Industrials,Engineering & Construction,2026-05-21
RITEZONE,164980576.0,MICRO CAP,39.0,36.448597,1.0800332,,,,,,,Unknown,Unknown,Unknown,2026-05-21
RITES,98740043776.0,SMALL CAP,205.4499969482422,24.057377,3.7549803,,0.285,0.20579,0.18255,0.057,0.019,Industrials,Industrials,Engineering & Construction,2026-05-21
RKDL,522000000.0,MICRO CAP,21.75,362.5,1.0442674,,101.046,0.00846,0.00428,-0.507,-0.067,Consumer Defensive,Consumer Defensive,Beverages - Wineries & Distilleries,2026-05-21
RMC,4284599040.0,MICRO CAP,404.8999938964844,10.495074,3.3728175,0.41316003,58.799,0.13352,0.08891,1.301,0.836,Industrials,Industrials,Electrical Equipment & Parts,2026-05-21
RKSWAMY,5081543680.0,MICRO CAP,100.66999816894531,27.430517,2.0004768,0.08605,16.248,0.19493,0.06285,0.244,0.295,Communication Services,Communication Services,Advertising Agencies,2026-05-21
RKFORGE,102001516544.0,MID CAP,562.0999755859375,143.39285,3.0925736,0.02269,74.422,0.098409995,0.01694,0.285,0.244,Industrials,Industrials,Metal Fabrication,2026-05-21
RKEC,749706240.0,MICRO CAP,31.25,3.7425148,0.3804017,0.04804,102.585,0.17068,0.03383,-0.726,-0.805,Industrials,Industrials,Engineering & Construction,2026-05-21
RMDRIP,8217706496.0,MICRO CAP,19.190000534057617,22.576471,5.53824,,40.967,0.2922,0.19016,0.551,0.366,Industrials,Industrials,Farm & Heavy Construction Machinery,2026-05-21
RML,24758726656.0,SMALL CAP,895.8499755859375,23.029562,3.2995222,0.15123,100.193,0.05461,0.02782,-0.428,0.047,Consumer Cyclical,Consumer Cyclical,Auto Parts,2026-05-21
RNBDENIMS,3275694848.0,MICRO CAP,11.470000267028809,11.824742,1.5950494,,40.53,0.06229,0.060760003,0.187,-0.171,Consumer Cyclical,Consumer Cyclical,Textile Manufacturing,2026-05-21
ROCKINGDCE,4162988544.0,MICRO CAP,642.35,77.95509,8.759477,,,,,,,Unknown,Unknown,Unknown,2026-05-21
ROHLTD,9249154048.0,MICRO CAP,337.25,24.743214,3.8513367,,263.871,0.20868,0.104490004,0.266,-0.493,Consumer Cyclical,Consumer Cyclical,Lodging,2026-05-21
ROLEXRINGS,39286775808.0,SMALL CAP,144.25999450683594,20.036112,3.3706393,0.123459995,,0.16114001,0.1182,0.087,,Industrials,Industrials,Metal Fabrication,2026-05-21
ROLLT,497758688.0,MICRO CAP,1.9900000095367432,2.9701493,-7.262774,,,0.0,0.0,,,Real Estate,Real Estate,Real Estate Services,2026-05-21
ROML,699971584.0,MICRO CAP,46.70000076293945,12.865013,140.66266,,1222.773,0.02012,0.03083,0.293,-0.605,Consumer Defensive,Consumer Defensive,Packaged Foods,2026-05-21
ROSSTECH,34884939776.0,SMALL CAP,921.9000244140625,159.49828,24.592525,0.15179,264.369,0.08776,0.04513,0.646,0.106,Industrials,Industrials,Aerospace & Defense,2026-05-21
ROSSARI,28944887808.0,SMALL CAP,522.5499877929688,19.418432,2.1704636,0.11848,32.695,0.078439996,0.06227,0.182,0.335,Basic Materials,Basic Materials,Specialty Chemicals,2026-05-21
ROSSELLIND,2111002624.0,MICRO CAP,56.0,11.991434,0.94522744,,,0.13187,0.080579996,,,Industrials,Industrials,Conglomerates,2026-05-21
ROTO,10820831232.0,SMALL CAP,57.279998779296875,34.506023,4.7155676,,12.527,0.12906,0.10983,0.0,0.172,Industrials,Industrials,Specialty Industrial Machinery,2026-05-21
ROUTE,32512739328.0,SMALL CAP,516.0499877929688,13.612503,1.2851323,0.09722,1.488,0.099580005,0.05422,-0.038,0.932,Communication Services,Communication Services,Telecom Services,2026-05-21
RPEL,41701724160.0,SMALL CAP,908.0999755859375,76.119026,19.362059,0.25011998,2.213,0.27582002,0.21318,0.393,0.5,Basic Materials,Basic Materials,Chemicals,2026-05-21
ROXHITECH,2941321984.0,MICRO CAP,128.8,16.491678,2.9248798,,,,,,,Unknown,Unknown,Unknown,2026-05-21
RPGLIFE,37669261312.0,SMALL CAP,2277.60009765625,18.579004,6.222203,0.20278999,3.304,0.15314999,0.16278,0.236,-0.745,Healthcare,Healthcare,Drug Manufacturers - Specialty & Generic,2026-05-21
RPOWER,114105917440.0,MID CAP,27.59000015258789,39.985508,0.69132274,,92.224,0.21062,0.03667,0.011,-0.381,Utilities,Utilities,Utilities - Independent Power Producers,2026-05-21
RPPINFRA,3469030912.0,MICRO CAP,69.95999908447266,16.696898,0.62450904,,18.172,0.00524,0.026600001,0.069,-0.971,Industrials,Industrials,Engineering & Construction,2026-05-21
RPPL,1210176000.0,MICRO CAP,16.5,8.461538,0.71062493,,69.557,0.05683,0.04393,-0.015,,Consumer Cyclical,Consumer Cyclical,Packaging & Containers,2026-05-21
RPSGVENT,31698432000.0,SMALL CAP,958.0499877929688,,1.196526,,135.449,0.075279996,-0.00856,0.156,,Technology,Technology,Information Technology Services,2026-05-21
RPTECH,36468875264.0,SMALL CAP,553.4000244140625,15.07902,1.9660716,0.14938,48.65,0.028180001,0.01754,0.51,0.606,Technology,Technology,Electronics & Computer Distribution,2026-05-21
RSDFIN,,UNKNOWN,101.91999816894531,,0.56975466,,0.946,0.55877,0.21993,-0.484,,,,,2026-05-21
RRKABEL,223620890624.0,MID CAP,1977.0999755859375,45.377552,9.555917,0.20826,13.092,0.079450004,0.050630003,0.336,0.322,Industrials,Industrials,Electrical Equipment & Parts,2026-05-21
RRIL,,UNKNOWN,21.0,,,,26.175,0.06491,0.06179,0.04,-0.222,,,,2026-05-21
RSL,11012545536.0,SMALL CAP,131.77999877929688,27.626835,5.1410294,,49.64,0.08444,0.04498,0.074,0.288,Basic Materials,Basic Materials,Steel,2026-05-21
RSSOFTWARE,864054080.0,MICRO CAP,33.45000076293945,,2.1787274,-0.39824,37.254,-1.4880099,-0.73227,-0.578,,Technology,Technology,Information Technology Services,2026-05-21
RSYSTEMS,32340686848.0,SMALL CAP,272.8500061035156,15.88184,4.074273,,33.46,0.13757,0.1019,0.299,0.696,Technology,Technology,Information Technology Services,2026-05-21
RSWM,7862213120.0,MICRO CAP,166.9199981689453,15.105882,0.5980309,0.039130002,123.995,0.04156,0.011419999,-0.078,21.928,Consumer Cyclical,Consumer Cyclical,Textile Manufacturing,2026-05-21
RTNPOWER,49404973056.0,SMALL CAP,9.199999809265137,92.0,1.0654314,,84.871,0.09076,0.043169998,-0.007,11.315,Utilities,Utilities,Utilities - Independent Power Producers,2026-05-21
RTNINDIA,47792517120.0,SMALL CAP,34.61000061035156,,4.628243,,107.296,0.01517,0.0,0.044,,Consumer Cyclical,Consumer Cyclical,Internet Retail,2026-05-21
RUBFILA,4245348864.0,MICRO CAP,78.2300033569336,14.900953,1.4051191,0.098179996,0.342,0.03964,0.04836,0.064,-0.313,Basic Materials,Basic Materials,Specialty Chemicals,2026-05-21
RUBICON,159437111296.0,MID CAP,967.75,77.296326,23.06528,,87.66,0.20309,0.12902,0.517,0.793,Healthcare,Healthcare,Drug Manufacturers - General,2026-05-21
RUBYMILLS,7776806400.0,MICRO CAP,232.55999755859375,16.027567,1.188046,,60.619,0.117989995,0.15446,0.247,-0.357,Consumer Cyclical,Consumer Cyclical,Textile Manufacturing,2026-05-21
RUDRA,1987811072.0,MICRO CAP,19.809999465942383,14.783582,1.5080694,,175.134,0.085159995,0.02217,0.069,3.625,Basic Materials,Basic Materials,Steel,2026-05-21
RUCHIRA,3744650240.0,MICRO CAP,125.47000122070312,7.0607767,0.75071055,,38.02,0.03508,0.084259994,-0.216,-0.877,Basic Materials,Basic Materials,Paper & Paper Products,2026-05-21
RUCHINFRA,1498758400.0,MICRO CAP,6.349999904632568,20.48387,0.87081736,,43.622,-0.00509,0.17377001,0.026,,Industrials,Industrials,Specialty Business Services,2026-05-21
RULKA,2212238848.0,MICRO CAP,519.5,95.14652,6.2081738,,,,,,,Unknown,Unknown,Unknown,2026-05-21
RUPA,11685080064.0,SMALL CAP,146.89999389648438,17.488096,1.1543568,,24.808,0.070089996,0.054229997,-0.009,-0.318,Consumer Cyclical,Consumer Cyclical,Apparel Manufacturing,2026-05-21
RVHL,2452416512.0,MICRO CAP,39.9900016784668,4.8122745,0.8749207,,0.386,0.78616,0.67639,141.838,,Real Estate,Real Estate,Real Estate - Development,2026-05-21
RUSHIL,4562631680.0,MICRO CAP,15.550000190734863,47.121212,0.69289726,,44.026,0.066700004,0.01052,0.023,-0.5,Consumer Cyclical,Consumer Cyclical,"Furnishings, Fixtures & Appliances",2026-05-21
RUSTOMJEE,49484951552.0,SMALL CAP,392.0,63.225807,1.7638668,,43.367,0.02852,0.056199998,-0.426,-0.771,Real Estate,Real Estate,Real Estate - Development,2026-05-21
RVTH,2039517056.0,MICRO CAP,665.0,22.8287,1.6157954,,41.692,-0.029790001,0.06297,-0.238,,Industrials,Industrials,Farm & Heavy Construction Machinery,2026-05-21
RVNL,567334010880.0,LARGE CAP,272.1000061035156,49.47273,5.959917,,52.108,0.04522,0.056929998,0.026,0.04,Industrials,Industrials,Engineering & Construction,2026-05-21
S&SPOWER,4370142720.0,MICRO CAP,354.1000061035156,54.226646,5.5543356,,45.956,0.05158,0.03155,1.011,,Industrials,Industrials,Electrical Equipment & Parts,2026-05-21
SAAKSHI,4794486784.0,MICRO CAP,271.55,101.70411,4.5744753,,,,,,,Unknown,Unknown,Unknown,2026-05-21
SADHNANIQ,7204207104.0,MICRO CAP,2.430000066757202,,0.31493002,,102.168,-1.95287,-0.42525002,-0.737,,Basic Materials,Basic Materials,Chemicals,2026-05-21
SAATVIKGL,54871232512.0,SMALL CAP,431.70001220703125,13.993517,4.036504,,47.22,0.11938,0.101560004,1.426,1.324,Technology,Technology,Solar,2026-05-21
SADBHIN,972141568.0,MICRO CAP,2.759999990463257,,-0.18413503,,,0.56031,-0.2235,0.182,,Industrials,Industrials,Engineering & Construction,2026-05-21
SADHAV,3103036160.0,MICRO CAP,216.2,27.263556,2.9908972,,,,,,,Unknown,Unknown,Unknown,2026-05-21
SABAR,512196032.0,MICRO CAP,26.65,95.178566,1.2906818,,,,,,,Unknown,Unknown,Unknown,2026-05-21
SADBHAV,1559578624.0,MICRO CAP,9.09000015258789,,-0.6919388,,,0.57403,-0.21118,-0.042,,Industrials,Industrials,Engineering & Construction,2026-05-21
SAFARI,76712337408.0,SMALL CAP,1565.699951171875,45.713867,7.3412604,,10.828,0.07403,0.08417,0.157,0.053,Consumer Cyclical,Consumer Cyclical,Footwear & Accessories,2026-05-21
SAGARDEEP,409207008.0,MICRO CAP,23.989999771118164,20.504274,1.261105,,39.666,0.00854,0.0152199995,0.432,0.056,Basic Materials,Basic Materials,Copper,2026-05-21
SAGCEM,23621468160.0,SMALL CAP,180.72000122070312,,1.2223943,-0.0004,91.801,0.03316,-0.00414,0.213,,Basic Materials,Basic Materials,Building Materials,2026-05-21
SAHAJSOLAR,8698722304.0,MICRO CAP,395.9,36.387867,7.6723313,,,,,,,Unknown,Unknown,Unknown,2026-05-21
SAHANA,13883089920.0,SMALL CAP,1571.0,33.640255,6.148752,,,,,,,Unknown,Unknown,Unknown,2026-05-21
SAGILITY,195773169664.0,MID CAP,41.81999969482422,21.121212,2.2251782,,13.851,0.19663,0.12611,0.357,0.239,Healthcare,Healthcare,Health Information Services,2026-05-21
SAHLIBHFI,2248675584.0,MICRO CAP,72.80000305175781,,1.3779267,,24.527,0.67459,0.55768,0.106,0.064,Financial Services,Financial Services,Credit Services,2026-05-21
SAHYADRI,3360514048.0,MICRO CAP,307.0,11.589279,0.8592147,0.07394,4.085,0.09244,0.042340003,0.325,1.47,Industrials,Industrials,Building Products & Equipment,2026-05-21
SAIL,819909230592.0,LARGE CAP,198.5,24.325981,1.4120778,,57.763,0.028450001,0.025510002,0.118,1.676,Basic Materials,Basic Materials,Steel,2026-05-21
SAIFL,4778807296.0,MICRO CAP,80.25,44.583336,4.115174,,,,,,,Unknown,Unknown,Unknown,2026-05-21
SAILIFE,238205730816.0,MID CAP,1123.0,68.35058,10.381903,0.1513,11.614,0.21796,0.15564999,0.039,0.176,Healthcare,Healthcare,Diagnostics & Research,2026-05-21
SAKAR,17390913536.0,SMALL CAP,792.2999877929688,69.43909,5.813168,0.09996,17.045,0.28724,0.12001,0.404,0.872,Healthcare,Healthcare,Drug Manufacturers - Specialty & Generic,2026-05-21
SAIPARENT,21402630144.0,SMALL CAP,484.45001220703125,109.60407,13.767869,0.16758,37.291,0.16059999,0.08862001,,,Healthcare,Healthcare,Drug Manufacturers - General,2026-05-21
SAKSOFT,17649477632.0,SMALL CAP,138.05999755859375,14.625,2.5236259,,7.303,0.16746001,0.12759,0.106,0.042,Technology,Technology,Information Technology Services,2026-05-21
SALASAR,12235652096.0,SMALL CAP,7.0,70.0,1.4880953,,42.992,0.06046,0.01071,-0.118,-0.429,Basic Materials,Basic Materials,Steel,2026-05-21
SAKHTISUG,2130409600.0,MICRO CAP,17.899999618530273,13.458646,1.211916,,475.742,-0.16025,-0.43633,-0.096,,Consumer Defensive,Consumer Defensive,Confectioners,2026-05-21
SALSTEEL,8468852224.0,MICRO CAP,58.5,,15.10457,,604.599,-1.24091,-0.01695,-0.989,,Basic Materials,Basic Materials,Steel,2026-05-21
SAKUMA,2743507712.0,MICRO CAP,1.75,43.75,0.6669207,,6.194,-0.0028799998,0.00434,-0.239,-0.821,Consumer Defensive,Consumer Defensive,Farm Products,2026-05-21
SAMBHAAV,1326309248.0,MICRO CAP,6.940000057220459,,1.3001125,,10.641,0.02707,-0.01584,0.01,-0.333,Communication Services,Communication Services,Publishing,2026-05-21
SALONA,1493732224.0,MICRO CAP,283.8500061035156,,1.2222692,,278.404,0.03543,2.0000001e-05,-0.017,-0.794,Consumer Cyclical,Consumer Cyclical,Textile Manufacturing,2026-05-21
SALZERELEC,12410628096.0,SMALL CAP,701.8499755859375,22.669573,2.1761575,,82.807,0.07119,0.032,0.242,-0.201,Industrials,Industrials,Electrical Equipment & Parts,2026-05-21
SAMHI,32309495808.0,SMALL CAP,145.4499969482422,15.119542,1.6707636,,94.106,0.27326,0.1585,0.142,1.108,Consumer Cyclical,Consumer Cyclical,Lodging,2026-05-21
SAMMAANCAP,178042437632.0,MID CAP,155.36000061035156,8.457267,0.56490844,,203.545,0.57756,0.39868,-0.112,-0.077,Financial Services,Financial Services,Mortgage Finance,2026-05-21
SAMBHV,32472791040.0,SMALL CAP,110.19999694824219,21.821781,3.3165796,0.18355,35.435,0.117089994,0.058730002,0.384,1.623,Basic Materials,Basic Materials,Steel,2026-05-21
SAMPANN,1318358144.0,MICRO CAP,27.010000228881836,19.431656,2.8330185,0.21290001,210.951,0.04652,0.04753,0.405,-0.813,Basic Materials,Basic Materials,Specialty Chemicals,2026-05-21
SANATHAN,35534106624.0,SMALL CAP,421.0,35.82979,1.9244835,0.04204,80.77,0.058029998,0.02019,0.605,-0.504,Consumer Cyclical,Consumer Cyclical,Textile Manufacturing,2026-05-21
SANCO,40004760.0,MICRO CAP,3.890000104904175,32.416668,-0.8090682,-0.91438,,-14.90244,0.0,-0.012,,Industrials,Industrials,Electrical Equipment & Parts,2026-05-21
SANDHAR,32822421504.0,SMALL CAP,545.0,18.446932,2.6631029,,77.629,0.049569998,0.03892,0.217,0.119,Consumer Cyclical,Consumer Cyclical,Auto Parts,2026-05-21
SANDESH,7592129024.0,MICRO CAP,1003.0,6.928231,1.2826595,,0.336,0.3566,0.19649,0.026,-0.03,Communication Services,Communication Services,Publishing,2026-05-21
SANGANI,619964544.0,MICRO CAP,45.0,32.846714,1.6638321,,,,,,,Unknown,Unknown,Unknown,2026-05-21
SANGAMIND,23964667904.0,SMALL CAP,486.0,29.562042,2.2695327,0.07931,118.739,0.08743,0.02554,0.204,2.46,Consumer Cyclical,Consumer Cyclical,Textile Manufacturing,2026-05-21
SANDUMA,111293693952.0,MID CAP,228.9499969482422,16.959259,3.8348799,0.22318001,30.563,0.23010999,0.12718001,0.158,0.509,Basic Materials,Basic Materials,Steel,2026-05-21
SANGHVIMOV,31401115648.0,SMALL CAP,362.70001220703125,18.552431,2.591566,,40.655,0.22055,0.17165,0.134,-0.123,Industrials,Industrials,Rental & Leasing Services,2026-05-21
SANGINITA,672145216.0,MICRO CAP,25.950000762939453,,1.2167106,-0.18882999,26.413,-0.13744001,-0.054899998,-0.138,,Basic Materials,Basic Materials,Chemicals,2026-05-21
SANOFICONR,109136429056.0,MID CAP,4732.0,42.197254,28.384962,,6.458,0.37347,0.27583,0.328,0.357,Healthcare,Healthcare,Drug Manufacturers - General,2026-05-21
SANOFI,73444655104.0,SMALL CAP,3189.0,23.688904,9.803078,,2.376,0.28329,0.17465,-0.119,-0.141,Healthcare,Healthcare,Drug Manufacturers - General,2026-05-21
SANSERA,174722973696.0,MID CAP,2801.199951171875,66.455666,6.0460634,,15.176,0.122930005,0.079840004,0.247,0.207,Consumer Cyclical,Consumer Cyclical,Auto Parts,2026-05-21
SANSTAR,21696180224.0,SMALL CAP,119.05000305175781,114.47116,3.7914014,,3.402,0.07677,0.02463,-0.051,-0.042,Basic Materials,Basic Materials,Chemicals,2026-05-21
SAPPHIRE,58135228416.0,SMALL CAP,180.67999267578125,,4.142611,-0.022950001,102.058,0.02962,-0.01023,0.114,,Consumer Cyclical,Consumer Cyclical,Restaurants,2026-05-21
SANWARIA,346816352.0,MICRO CAP,0.25,,0.028467322,,149.496,0.046669997,0.0,0.072,0.125,Consumer Defensive,Consumer Defensive,Farm Products,2026-05-21
SAPPL,,UNKNOWN,311.0,,1.060923,,104.739,0.10411,0.03587,0.464,2.715,,,,2026-05-21
SARLAPOLY,7928609792.0,MICRO CAP,94.94999694824219,,1.8169814,-0.02651,38.432,0.0051700003,-0.03274,0.022,,Consumer Cyclical,Consumer Cyclical,Textile Manufacturing,2026-05-21
SARDAEN,198989709312.0,MID CAP,564.7000122070312,18.848465,2.8435328,,37.709,0.17232999,0.18537001,-0.033,-0.036,Basic Materials,Basic Materials,Steel,2026-05-21
SAREGAMA,77705199616.0,SMALL CAP,404.79998779296875,37.726,4.6776595,0.12567,4.281,0.35886002,0.20165001,0.232,0.241,Communication Services,Communication Services,Entertainment,2026-05-21
SAROJA,164839968.0,MICRO CAP,41.0,15.953308,1.0127207,,,,,,,Unknown,Unknown,Unknown,2026-05-21
SARTELE,11275180032.0,SMALL CAP,239.35,14.349521,1.3061464,,,,,,,Unknown,Unknown,Unknown,2026-05-21
SATIA,6466999808.0,MICRO CAP,64.66999816894531,9.173049,0.6144943,,27.735,0.00836,0.04832,0.012,0.414,Basic Materials,Basic Materials,Paper & Paper Products,2026-05-21
SASKEN,26533801984.0,SMALL CAP,1747.199951171875,49.397797,3.302199,,3.242,0.061350003,0.040949997,0.731,-0.145,Technology,Technology,Information Technology Services,2026-05-21
SARVESHWAR,4544701952.0,MICRO CAP,3.690000057220459,12.724138,0.9451844,,57.24,0.050619997,0.02516,0.158,0.143,Consumer Defensive,Consumer Defensive,Packaged Foods,2026-05-21
SAYAJIHOTL,,UNKNOWN,285.0,,3.435142,,111.64,0.19565001,-0.110419996,0.033,-0.591,Consumer Cyclical,Consumer Cyclical,Lodging,2026-05-21
SAURASHCEM,6672527872.0,MICRO CAP,59.95000076293945,23.326849,0.70321757,0.01511,11.119,0.0321,0.00865,-0.066,-0.436,Basic Materials,Basic Materials,Building Materials,2026-05-21
SATIPOLY,1218940800.0,MICRO CAP,246.4,,7.1648736,,,,,,,Unknown,Unknown,Unknown,2026-05-21
SATIN,24330448896.0,SMALL CAP,221.2100067138672,7.3248343,0.9287514,0.1228,383.33,0.56876,0.21191,1.166,6.402,Financial Services,Financial Services,Credit Services,2026-05-21
SBFC,101107884032.0,MID CAP,91.41999816894531,22.297562,2.9051733,0.13038999,192.253,0.60861,0.44346002,0.244,0.29,Financial Services,Financial Services,Credit Services,2026-05-21
SBGLP,4456802816.0,MICRO CAP,25.700000762939453,14.519774,5.555556,,73.579,0.35790002,0.29498,12.233,61.0,Real Estate,Real Estate,Real Estate - Development,2026-05-21
SBCL,39620169728.0,SMALL CAP,687.7999877929688,43.476612,9.008513,0.21614,14.779,0.21215001,0.16439,0.254,0.24,Industrials,Industrials,Metal Fabrication,2026-05-21
SBC,17447602176.0,SMALL CAP,36.63999938964844,96.42105,24.590603,,281.519,0.13818,0.07017,0.5,2.274,Industrials,Industrials,Conglomerates,2026-05-21
SBICARD,592517136384.0,LARGE CAP,622.6500244140625,27.345192,3.76957,0.14686,280.206,0.26117,0.1826,0.186,0.139,Financial Services,Financial Services,Credit Services,2026-05-21
SBIN,8782009597952.0,MEGA CAP,951.5,10.433162,1.483408,0.15477,,0.26754,0.22293,0.038,-0.031,Financial Services,Financial Services,Banks - Regional,2026-05-21
SBILIFE,1873623384064.0,LARGE CAP,1867.699951171875,75.89191,9.849596,0.13697,,0.21172,0.022,-0.822,-0.011,Financial Services,Financial Services,Insurance - Life,2026-05-21
SCHAEFFLER,647253458944.0,LARGE CAP,4141.0,53.16472,10.702001,0.20212999,0.904,0.1428,0.118769996,0.275,0.355,Consumer Cyclical,Consumer Cyclical,Auto Parts,2026-05-21
SCANSTL,,UNKNOWN,38.70000076293945,,,0.05051,15.977,0.03978,0.02621,0.174,0.602,,,,2026-05-21
SCHNEIDER,316143337472.0,MID CAP,1322.199951171875,128.7439,47.989254,,80.084,0.15953,0.084910005,0.201,-0.121,Industrials,Industrials,Electrical Equipment & Parts,2026-05-21
SCHAND,6180393472.0,MICRO CAP,175.22000122070312,12.827233,0.6776764,,15.164,-0.43005002,0.06653,-0.012,,Communication Services,Communication Services,Publishing,2026-05-21
SCI,153573933056.0,MID CAP,329.70001220703125,11.349399,1.8006456,,29.454,0.21465999,0.01102,0.142,1.189,Industrials,Industrials,Marine Shipping,2026-05-21
SCILAL,21524572160.0,SMALL CAP,46.209999084472656,74.53226,0.7184502,0.0095999995,0.003,-3.66781,1.23691,0.191,,Real Estate,Real Estate,Real Estate Services,2026-05-21
SCML,1488871936.0,MICRO CAP,123.2,17.524893,1.6630445,,,,,,,Unknown,Unknown,Unknown,2026-05-21
SCODATUBES,8605314048.0,MICRO CAP,143.63999938964844,47.09508,2.2168036,,54.523,0.13582,0.07585,0.173,-0.159,Basic Materials,Basic Materials,Steel,2026-05-21
SDBL,17840011264.0,SMALL CAP,85.80999755859375,20.00233,2.0946128,,,-0.4439,0.06899,-0.793,,Consumer Defensive,Consumer Defensive,Beverages - Brewers,2026-05-21
SEAMECLTD,40352968704.0,SMALL CAP,1581.5999755859375,21.07676,3.7412446,0.21945,27.069,0.34285,0.25139,0.655,1.407,Industrials,Industrials,Marine Shipping,2026-05-21
SECMARK,1348184320.0,MICRO CAP,123.0,63.73057,6.156772,0.1169,54.908,0.39946,0.068390004,0.144,0.075,Industrials,Industrials,Consulting Services,2026-05-21
SCPL,4718077952.0,MICRO CAP,443.3500061035156,29.775017,3.3695867,,63.458,0.112849995,0.049569998,0.256,0.873,Consumer Defensive,Consumer Defensive,Packaged Foods,2026-05-21
SECURKLOUD,713316416.0,MICRO CAP,21.350000381469727,,-18.565218,,,-0.15927,-0.083809994,-0.764,,Technology,Technology,Software - Application,2026-05-21
SEDEMAC,89113493504.0,SMALL CAP,2017.9000244140625,190.36792,21.500875,0.27527002,16.126,0.14993,0.09738,0.6,2.532,Consumer Cyclical,Consumer Cyclical,Auto Parts,2026-05-21
SEIL,,UNKNOWN,200.10000610351562,,43.041515,,8.699,-0.17316,0.08652,-0.717,,,,,2026-05-21
SELECTIPO,,UNKNOWN,43.31999969482422,,,,,0.0,0.0,,,,,,2026-05-21
SEL,834982272.0,MICRO CAP,360.1,50.363636,6.804225,,,,,,,Unknown,Unknown,Unknown,2026-05-21
SELMC,987414080.0,MICRO CAP,29.760000228881836,,-0.32810742,,,-11.2789,0.0,-0.546,,Consumer Cyclical,Consumer Cyclical,Textile Manufacturing,2026-05-21
SEJALLTD,9241619456.0,MICRO CAP,788.25,28.736784,14.374681,0.30464,133.115,0.11963,0.07249,0.695,1.56,Industrials,Industrials,Building Products & Equipment,2026-05-21
SEMAC,1000655872.0,MICRO CAP,321.0,28.866907,1.1877979,,61.573,0.01915,0.01407,0.28,,Industrials,Industrials,Engineering & Construction,2026-05-21
SENCO,57114157056.0,SMALL CAP,348.6000061035156,11.869254,2.7083092,,116.632,0.12487,0.06143,0.461,6.594,Consumer Cyclical,Consumer Cyclical,Luxury Goods,2026-05-21
SEPC,14552439808.0,SMALL CAP,7.480000019073486,27.703703,0.82478774,,19.359,0.07998,0.05546,1.563,1.667,Industrials,Industrials,Engineering & Construction,2026-05-21
SERVICE,622068864.0,MICRO CAP,54.1,37.31034,1.4588895,,,,,,,Unknown,Unknown,Unknown,2026-05-21
SENORES,50976718848.0,SMALL CAP,1106.9000244140625,41.912155,6.732518,0.13793,35.46,0.28964,0.17122999,0.689,1.089,Healthcare,Healthcare,Drug Manufacturers - General,2026-05-21
SERVOTECH,21523027968.0,SMALL CAP,95.30000305175781,76.240005,9.0486145,,56.375,0.11184,0.04832,-0.022,0.75,Industrials,Industrials,Electrical Equipment & Parts,2026-05-21
SESHAPAPER,14732718080.0,SMALL CAP,233.60000610351562,17.051096,0.69801354,,3.807,0.03477,0.05154,-0.103,0.123,Basic Materials,Basic Materials,Paper & Paper Products,2026-05-21
SETCO,3413050624.0,MICRO CAP,25.450000762939453,,-0.4369174,,,0.11428001,-0.1783,0.108,,Consumer Cyclical,Consumer Cyclical,Auto Parts,2026-05-21
SETL,28024219648.0,SMALL CAP,134.10000610351562,33.441395,3.5835493,0.10995,10.365,0.13577,0.100930005,0.388,0.303,Industrials,Industrials,Specialty Industrial Machinery,2026-05-21
SEYAIND,466728704.0,MICRO CAP,15.640000343322754,,0.050520387,,94.318,-1.29727,0.0,,,Basic Materials,Basic Materials,Specialty Chemicals,2026-05-21
SFL,64435412992.0,SMALL CAP,590.0499877929688,40.44208,2.1031528,0.05061,27.85,0.093,0.04119,0.258,3.212,Consumer Cyclical,Consumer Cyclical,"Furnishings, Fixtures & Appliances",2026-05-21
SGIL,7803230208.0,MICRO CAP,502.29998779296875,95.49429,6.9769697,,179.329,0.030620001,0.023440002,-0.055,,Industrials,Industrials,Metal Fabrication,2026-05-21
SGFIN,37194432512.0,SMALL CAP,564.4500122070312,25.164957,2.1931717,0.10316,185.189,0.93823,0.38259998,0.952,1.059,Financial Services,Financial Services,Capital Markets,2026-05-21
SGL,320064096.0,MICRO CAP,11.289999961853027,282.25,1.2754179,,56.3,0.01678,0.00089,-0.152,1.75,Consumer Cyclical,Consumer Cyclical,Textile Manufacturing,2026-05-21
SGMART,78164099072.0,SMALL CAP,620.3499755859375,69.78065,5.1075687,0.0792,16.781,0.02871,0.01759,0.175,0.147,Industrials,Industrials,Industrial Distribution,2026-05-21
SHADOWFAX,120692899840.0,MID CAP,206.39999389648438,94.24657,7.2344894,0.092889994,14.161,0.037019998,0.02658,0.736,,Industrials,Industrials,Integrated Freight & Logistics,2026-05-21
SHAH,4576540160.0,MICRO CAP,5.170000076293945,51.7,1.3720807,,20.738,0.00118,0.04112,0.255,-0.853,Basic Materials,Basic Materials,Steel,2026-05-21
SHAHALLOYS,1385827840.0,MICRO CAP,70.0,3.338102,-12.218537,,,0.57143,0.6291,-0.802,,Basic Materials,Basic Materials,Steel,2026-05-21
SHALPAINTS,4224065792.0,MICRO CAP,50.459999084472656,,1.4842485,,66.655,-0.12008,-0.11137,-0.114,,Basic Materials,Basic Materials,Specialty Chemicals,2026-05-21
SHAIVAL,353007008.0,MICRO CAP,30.5,179.41176,2.130037,,,,,,,Unknown,Unknown,Unknown,2026-05-21
SHAILY,124177973248.0,MID CAP,2699.800048828125,73.14549,19.524155,0.26877,24.755,0.23295,0.17018,0.104,0.409,Basic Materials,Basic Materials,Specialty Chemicals,2026-05-21
SHANKARA,2975392256.0,MICRO CAP,122.69999694824219,77.658226,0.6746429,0.0058399998,42.93,0.03275,0.00282,-0.792,-0.757,Consumer Cyclical,Consumer Cyclical,Home Improvement Retail,2026-05-21
SHAKTIPUMP,62939131904.0,SMALL CAP,510.04998779296875,24.311249,3.8690565,0.17969999,29.625,0.09696,0.094610006,0.301,-0.662,Industrials,Industrials,Specialty Industrial Machinery,2026-05-21
SHALBY,18304094208.0,SMALL CAP,170.58999633789062,218.70514,1.8480521,,53.318,0.04646,0.0072000003,-0.013,,Healthcare,Healthcare,Medical Care Facilities,2026-05-21
SHANTHALA,449440096.0,MICRO CAP,67.1,35.31579,1.9178004,,,,,,,Unknown,Unknown,Unknown,2026-05-21
SHANTI,73743840.0,MICRO CAP,6.639999866485596,,0.6284903,,38.071,1.6897,0.26007,-0.942,,Consumer Defensive,Consumer Defensive,Farm Products,2026-05-21
SHANTIGEAR,33923053568.0,SMALL CAP,442.04998779296875,44.160835,7.8678985,0.18186001,,0.14197,0.14779,-0.118,-0.276,Industrials,Industrials,Specialty Industrial Machinery,2026-05-21
SHARDACROP,82281095168.0,SMALL CAP,912.0,12.081071,3.074278,,0.148,0.12589,0.11246,0.387,3.664,Basic Materials,Basic Materials,Agricultural Inputs,2026-05-21
SHANTIGOLD,16264136704.0,SMALL CAP,225.58999633789062,12.631019,2.500277,,34.024,0.09611,0.07758,1.101,0.92,Consumer Cyclical,Consumer Cyclical,Luxury Goods,2026-05-21
SHAREINDIA,31666245632.0,SMALL CAP,144.7100067138672,11.287832,1.2608696,,22.746,0.367,0.24080999,0.059,0.151,Financial Services,Financial Services,Capital Markets,2026-05-21
SHARDAMOTR,52238168064.0,SMALL CAP,909.9500122070312,15.496424,4.5706377,,4.414,0.10153,0.10707,0.278,0.106,Consumer Cyclical,Consumer Cyclical,Auto Parts,2026-05-21
SHARDUL,,UNKNOWN,28.860000610351562,,,,25.117,1.22084,0.0,,,Financial Services,Financial Services,Capital Markets,2026-05-21
SHEETAL,675331200.0,MICRO CAP,58.95,7.2598524,1.4890124,,,,,,,Unknown,Unknown,Unknown,2026-05-21
SHBAJRG,,UNKNOWN,160.00999450683594,,0.40519938,,22.837,-0.06894,0.11898,-0.562,-0.093,,,,2026-05-21
SHERA,4395872256.0,MICRO CAP,192.9,24.699102,2.8303132,,,,,,,Unknown,Unknown,Unknown,2026-05-21
SHEMAROO,2763280384.0,MICRO CAP,96.18000030517578,,0.6885098,-0.59304,112.907,-0.62145,-0.37103,-0.324,,Communication Services,Communication Services,Entertainment,2026-05-21
SHILCTECH,47659872256.0,SMALL CAP,4166.0,30.118565,11.351034,0.37762,,0.2038,0.24260001,-0.36,-0.487,Industrials,Industrials,Electrical Equipment & Parts,2026-05-21
SHEKHAWATI,465344992.0,MICRO CAP,13.5,5.294118,2.116651,0.50071,6.28,0.6307,0.53535,-0.242,,Consumer Cyclical,Consumer Cyclical,Textile Manufacturing,2026-05-21
SHIGAN,2296996096.0,MICRO CAP,113.0,31.38889,2.4073286,,,,,,,Unknown,Unknown,Unknown,2026-05-21
SHILPAMED,93018718208.0,SMALL CAP,475.6000061035156,42.125774,3.8218915,,24.328,0.20486,0.10467,0.283,0.452,Healthcare,Healthcare,Drug Manufacturers - Specialty & Generic,2026-05-21
SHIVAMAUTO,2429705472.0,MICRO CAP,18.299999237060547,,137.59398,,19197.627,-0.03176,-0.16961001,-0.148,,Consumer Cyclical,Consumer Cyclical,Auto Parts,2026-05-21
SHINDL,,UNKNOWN,154.5,,,,81.975,0.05801,0.032679997,0.478,0.1,,,,2026-05-21
SHIVAUM,4531653632.0,MICRO CAP,333.20001220703125,90.054054,3.8296652,,63.231,0.01492,0.010570001,0.203,21.0,Basic Materials,Basic Materials,Steel,2026-05-21
SHIVATEX,2404351488.0,MICRO CAP,175.0,14.112904,1.5840688,,72.496,0.07201,0.04603,0.015,-0.074,Consumer Cyclical,Consumer Cyclical,Textile Manufacturing,2026-05-21
SHIVALIK,4077630464.0,MICRO CAP,258.20001220703125,35.033924,0.6947416,,17.115,0.06413,0.035350002,-0.038,-0.496,Basic Materials,Basic Materials,Agricultural Inputs,2026-05-21
SHIVAMILLS,561717504.0,MICRO CAP,65.0,,0.60290694,,6.938,-0.03507,-0.01569,-0.048,,Consumer Cyclical,Consumer Cyclical,Textile Manufacturing,2026-05-21
SHK,17554526208.0,SMALL CAP,126.81999969482422,10.310569,1.3265413,0.05249,75.521,0.04364,0.02913,0.151,-0.982,Basic Materials,Basic Materials,Specialty Chemicals,2026-05-21
SHOPERSTOP,37090013184.0,SMALL CAP,336.79998779296875,,12.870189,-0.1179,1139.713,0.03299,-0.00716,0.137,,Consumer Cyclical,Consumer Cyclical,Department Stores,2026-05-21
SHRADHA,2117911168.0,MICRO CAP,36.119998931884766,11.466666,1.1393603,,92.509,0.09273,0.18049999,0.255,-0.173,Real Estate,Real Estate,Real Estate - Development,2026-05-21
SHREDIGCEM,10522378240.0,SMALL CAP,71.16000366210938,42.10651,2.884943,0.06845,140.51,0.0738,0.03334,-0.037,-0.565,Basic Materials,Basic Materials,Building Materials,2026-05-21
SHREECEM,892998516736.0,LARGE CAP,24750.0,51.18713,9.691498,,38.149,0.18603,0.1453,0.052,0.034,Basic Materials,Basic Materials,Building Materials,2026-05-21
SHREEKARNI,5516160000.0,MICRO CAP,780.0,33.854164,5.253799,,,,,,,Unknown,Unknown,Unknown,2026-05-21
SHREERAMA,5789842432.0,MICRO CAP,43.380001068115234,24.508476,3.6432352,,13.028,0.12592,0.23962,0.132,0.026,Consumer Cyclical,Consumer Cyclical,Packaging & Containers,2026-05-21
SHREEPUSHK,11368314880.0,SMALL CAP,351.54998779296875,15.4121,1.9663062,0.12202,21.542,0.08316,0.07079,0.004,-0.246,Basic Materials,Basic Materials,Specialty Chemicals,2026-05-21
SHREEOSFM,2464544000.0,MICRO CAP,160.0,23.59882,3.024289,,,,,,,Unknown,Unknown,Unknown,2026-05-21
SHREEJISPG,70812418048.0,SMALL CAP,434.6499938964844,44.35204,9.354554,,30.028,0.29448998,0.23993999,0.3,1.117,Industrials,Industrials,Marine Shipping,2026-05-21
SHREMINVIT,72079613952.0,SMALL CAP,118.0,8.368794,,,,,,,,Unknown,Unknown,Unknown,2026-05-21
SHREYANIND,2046033408.0,MICRO CAP,148.0,5.7789927,0.465071,,13.049,-0.04919,0.05583,-0.062,,Basic Materials,Basic Materials,Paper & Paper Products,2026-05-21
SHRIKRISH,,UNKNOWN,44.9900016784668,,1.4548571,,,,,,,Unknown,Unknown,Unknown,2026-05-21
SHRENIK,232560000.0,MICRO CAP,0.3799999952316284,,-0.13212796,,,-0.08698,0.00454,1.471,,Basic Materials,Basic Materials,Paper & Paper Products,2026-05-21
SHRIRAMFIN,2158486749184.0,MEGA CAP,917.4000244140625,17.21847,2.6178741,0.16382,274.993,0.70207,0.48407,0.167,0.409,Financial Services,Financial Services,Credit Services,2026-05-21
SHRIRAMPPS,14078988288.0,SMALL CAP,82.5,20.072992,1.0191728,,50.86,-0.109560005,0.06774,0.476,,Real Estate,Real Estate,Real Estate - Development,2026-05-21
SHRIPISTON,144479010816.0,MID CAP,3279.89990234375,26.163847,6.0358963,,,0.05479,0.08016,-0.053,-0.506,Consumer Cyclical,Consumer Cyclical,Auto Parts,2026-05-21
SHRINGARMS,20365492224.0,SMALL CAP,211.19000244140625,21.03486,2.6409974,,30.311,0.05962,0.05167,0.684,0.739,Consumer Cyclical,Consumer Cyclical,Luxury Goods,2026-05-21
SHRITECH,1742757504.0,MICRO CAP,69.85,13.3301525,1.6668656,,,,,,,Unknown,Unknown,Unknown,2026-05-21
SHUBHLAXMI,295814400.0,MICRO CAP,33.6,29.21739,1.414558,,,,,,,Unknown,Unknown,Unknown,2026-05-21
SHYAMCENT,1050256256.0,MICRO CAP,4.949999809265137,,0.5807814,,0.669,-13.12666,-0.3094,-0.974,,Basic Materials,Basic Materials,Steel,2026-05-21
SICAGEN,2097299200.0,MICRO CAP,53.0,11.936936,0.40730694,0.03692,32.125,0.03797,0.018380001,0.117,0.13,Basic Materials,Basic Materials,Steel,2026-05-21
SHYAMTEL,230075264.0,MICRO CAP,20.100000381469727,,-0.69076914,,,-2.44433,0.0,,,Technology,Technology,Communication Equipment,2026-05-21
SHYAMMETL,258834087936.0,MID CAP,930.0999755859375,24.469877,2.3618886,0.08971,8.133,0.09129,0.057690002,0.266,0.414,Basic Materials,Basic Materials,Steel,2026-05-21
SICALLOG,5174846976.0,MICRO CAP,64.86000061035156,9.993837,-88.72777,,,0.08071999,0.16251,0.87,,Industrials,Industrials,Integrated Freight & Logistics,2026-05-21
SIEMENS,1331285327872.0,LARGE CAP,3738.300048828125,79.01712,10.054248,0.11808,,0.0915,0.12118,0.14,-0.548,Industrials,Industrials,Specialty Industrial Machinery,2026-05-21
SIDDHIKA,941679552.0,MICRO CAP,152.4,10.276466,2.0037339,,,,,,,Unknown,Unknown,Unknown,2026-05-21
SIGACHI,7898322944.0,MICRO CAP,20.649999618530273,,1.5525149,,32.202,0.017,-0.15718001,-0.168,-0.99,Healthcare,Healthcare,Drug Manufacturers - Specialty & Generic,2026-05-21
SIGMA,4048306176.0,MICRO CAP,39.38999938964844,15.947368,6.4946413,0.37783,2.611,0.28530002,0.23829001,0.013,-0.217,Technology,Technology,Information Technology Services,2026-05-21
SIGIND,1510118016.0,MICRO CAP,51.29999923706055,9.226619,0.71644044,,173.841,0.056599997,0.01265,0.283,0.156,Industrials,Industrials,Conglomerates,2026-05-21
SIGNATURE,116757356544.0,MID CAP,830.9500122070312,10.679219,16.061972,,161.04,0.11374,0.0016500001,1.297,17.897,Real Estate,Real Estate,Real Estate - Development,2026-05-21
SIGMAADV,58679013376.0,SMALL CAP,332.95001220703125,14.38229,8.299474,,1.385,0.01726,1.38631,,,Industrials,Industrials,Aerospace & Defense,2026-05-21
SIGNORIA,674208576.0,MICRO CAP,141.7,22.350157,3.1933832,,,,,,,Unknown,Unknown,Unknown,2026-05-21
SIGNPOST,15289371648.0,SMALL CAP,286.04998779296875,30.52828,6.073119,,82.071,0.19243999,0.09528,0.269,2.139,Communication Services,Communication Services,Advertising Agencies,2026-05-21
SIKA,,UNKNOWN,921.2999877929688,,,0.2608,,0.24538,0.17253,-0.102,-0.006,,,,2026-05-21
SIKKO,1935023872.0,MICRO CAP,4.429999828338623,27.6875,2.235116,,14.246,0.1548,0.085389994,0.428,0.299,Basic Materials,Basic Materials,Agricultural Inputs,2026-05-21
SILKFLEX,853694912.0,MICRO CAP,73.55,11.367852,2.185216,,,,,,,Unknown,Unknown,Unknown,2026-05-21
SIL,1017040576.0,MICRO CAP,15.8100004196167,,0.88457453,-0.16631001,3.137,-0.47959,-0.56805,0.1,,Consumer Cyclical,Consumer Cyclical,Textile Manufacturing,2026-05-21
SILLYMONKS,156845568.0,MICRO CAP,15.359999656677246,,2.170411,,2.097,-0.121549994,-0.03576,-0.198,,Communication Services,Communication Services,Entertainment,2026-05-21
SILGO,1982915968.0,MICRO CAP,75.77999877929688,30.191235,1.5784212,,,0.16681999,0.11015,0.087,,Consumer Cyclical,Consumer Cyclical,Luxury Goods,2026-05-21
SILINV,4661648896.0,MICRO CAP,439.95001220703125,10.545302,0.16195908,0.01308,,1.7380099,0.58527,,,Financial Services,Financial Services,Asset Management,2026-05-21
SIMPLEXINF,17045836800.0,SMALL CAP,215.50999450683594,20.822222,1.7814866,,196.588,0.01038,0.063200004,0.078,,Industrials,Industrials,Engineering & Construction,2026-05-21
SINDHUTRAD,41385369600.0,SMALL CAP,26.84000015258789,,3.771782,-0.00677,20.434,-0.0040599997,-0.15796,-0.767,,Industrials,Industrials,Conglomerates,2026-05-21
SINGERIND,,UNKNOWN,70.0199966430664,,2.669157,,0.581,0.040799998,0.021289999,0.525,2.625,,,,2026-05-21
SINCLAIR,3928053760.0,MICRO CAP,76.62999725341797,28.700373,3.3599334,,30.207,0.29522,0.24098,0.234,4.091,Consumer Cyclical,Consumer Cyclical,Lodging,2026-05-21
SINTERCOM,2138911872.0,MICRO CAP,77.69999694824219,228.5294,2.1456974,0.0139999995,51.503,0.0865,0.01421,0.143,9.817,Consumer Cyclical,Consumer Cyclical,Auto Parts,2026-05-21
SIRCA,23846320128.0,SMALL CAP,418.8500061035156,35.952793,5.2827735,,10.211,0.17989,0.13374,0.271,0.287,Basic Materials,Basic Materials,Specialty Chemicals,2026-05-21
SIS,55514996736.0,SMALL CAP,392.0,40.6639,2.1965585,0.05565,70.299,0.030439999,0.0086199995,0.31,,Industrials,Industrials,Security & Protection Services,2026-05-21
SITINET,381111136.0,MICRO CAP,0.33000001311302185,,-0.028065998,,,-0.095790006,-0.18236999,-0.122,,Communication Services,Communication Services,Entertainment,2026-05-21
SJS,62944063488.0,SMALL CAP,1967.199951171875,38.474476,7.249784,0.21881,2.639,0.23366,0.17873,0.297,0.429,Consumer Cyclical,Consumer Cyclical,Auto Parts,2026-05-21
SJLOGISTIC,6966110208.0,MICRO CAP,457.0,12.931522,2.7339404,,,,,,,Unknown,Unknown,Unknown,2026-05-21
SIYSIL,26387243008.0,SMALL CAP,581.5999755859375,12.858722,1.9524968,,30.58,0.077010006,0.08356,0.093,-0.08,Consumer Cyclical,Consumer Cyclical,Textile Manufacturing,2026-05-21
SJVN,290529738752.0,MID CAP,73.93000030517578,45.355827,2.0007577,0.04514,226.528,0.30176002,0.13595,2.07,,Utilities,Utilities,Utilities - Renewable,2026-05-21
SKFINDIA,84242292736.0,SMALL CAP,1704.0,31.684643,3.0642853,0.13543001,0.219,0.02898,0.07067,-0.51,,Industrials,Industrials,Tools & Accessories,2026-05-21
SKMEGGPROD,10430142464.0,SMALL CAP,197.82000732421875,13.447995,3.0747473,,50.68,0.19086,0.1108,0.508,2.99,Consumer Defensive,Consumer Defensive,Packaged Foods,2026-05-21
SKIPPER,52161662976.0,SMALL CAP,462.0,24.457386,3.4745724,0.15878999,63.557,0.091129996,0.03838,0.294,0.623,Industrials,Industrials,Engineering & Construction,2026-05-21
SKFINDUS,105040838656.0,MID CAP,2124.699951171875,48.310596,,,,0.1291,0.0,,,Industrials,Industrials,Tools & Accessories,2026-05-21
SKP,3651170048.0,MICRO CAP,219.95,68.734375,7.1806335,,,,,,,Unknown,Unknown,Unknown,2026-05-21
SKYGOLD,72891392000.0,SMALL CAP,470.6499938964844,30.963816,6.944403,,78.497,0.06781,0.04212,0.771,1.076,Consumer Cyclical,Consumer Cyclical,Luxury Goods,2026-05-21
SMARTLINK,1655849984.0,MICRO CAP,166.0,16.386969,0.8261707,0.06474,1.194,0.0939,0.04696,0.347,0.793,Technology,Technology,Communication Equipment,2026-05-21
SLONE,843042048.0,MICRO CAP,160.0,11.895911,1.9428085,,,,,,,Unknown,Unknown,Unknown,2026-05-21
SMARTWORKS,50846625792.0,SMALL CAP,445.0,,9.613931,0.03269,900.425,0.20066999,0.0058600004,0.45,,Real Estate,Real Estate,Real Estate Services,2026-05-21
SMLT,1020160128.0,MICRO CAP,74.5199966430664,26.902527,0.8292162,0.03143,,0.02833,0.021240002,0.085,0.033,Industrials,Industrials,Metal Fabrication,2026-05-21
SMCGLOBAL,13131473920.0,SMALL CAP,62.709999084472656,12.876797,1.0455674,0.081750005,163.316,0.05549,0.062329996,0.189,4.611,Financial Services,Financial Services,Capital Markets,2026-05-21
SMLMAH,54714400768.0,SMALL CAP,3780.800048828125,34.230877,10.533266,0.35421002,55.669,0.08579001,0.05629,0.164,0.023,Consumer Cyclical,Consumer Cyclical,Auto Manufacturers,2026-05-21
SNOWMAN,6345727488.0,MICRO CAP,37.95000076293945,189.75,1.5986352,0.00816,77.682,0.045679998,0.00546,0.039,0.763,Industrials,Industrials,Integrated Freight & Logistics,2026-05-21
SMVD,134403424.0,MICRO CAP,13.4,0.4505716,1.0840547,,,,,,,Unknown,Unknown,Unknown,2026-05-21
SMSPHARMA,39984734208.0,SMALL CAP,426.95001220703125,42.652348,5.217524,,44.465,0.1598,0.099870004,0.214,0.205,Healthcare,Healthcare,Drug Manufacturers - General,2026-05-21
SOBHA,147949240320.0,MID CAP,1383.300048828125,104.00752,3.1332536,0.04168,22.403,0.062230002,0.03726,0.602,1.243,Real Estate,Real Estate,Real Estate - Development,2026-05-21
SOFTTECH,5689118720.0,MICRO CAP,411.0,225.82417,3.3415449,,26.731,0.13382,0.0219,0.508,6.214,Technology,Technology,Software - Application,2026-05-21
SOLARA,27260286976.0,SMALL CAP,565.9000244140625,,1.9300951,-0.0063,54.682,0.09263,-0.0053899996,0.436,,Healthcare,Healthcare,Drug Manufacturers - Specialty & Generic,2026-05-21
SOLARINDS,1657415925760.0,LARGE CAP,18316.0,98.61096,26.402964,0.31332,23.271,0.26174,0.17052001,0.409,0.7,Basic Materials,Basic Materials,Specialty Chemicals,2026-05-21
SOLEX,14230119424.0,SMALL CAP,1317.300048828125,24.789238,7.634752,,132.242,0.09964,0.05369,2.476,3.046,Technology,Technology,Solar,2026-05-21
SOLARWORLD,17741025280.0,SMALL CAP,204.69000244140625,21.915417,2.0465522,,27.204,0.11071,0.08416,1.837,-0.036,Technology,Technology,Solar,2026-05-21
SOMATEX,3431731712.0,MICRO CAP,101.01000213623047,63.930378,2.0823798,,0.187,0.00928,0.15264,46.475,,Consumer Cyclical,Consumer Cyclical,Textile Manufacturing,2026-05-21
SOMICONVEY,1219827840.0,MICRO CAP,100.31999969482422,22.145695,1.5040028,,19.262,0.09201,0.04956,0.357,0.603,Industrials,Industrials,Specialty Industrial Machinery,2026-05-21
SOMANYCERA,21343066112.0,SMALL CAP,520.4000244140625,32.95757,2.531338,0.08397,40.692,0.08309,0.02898,0.068,0.768,Industrials,Industrials,Building Products & Equipment,2026-05-21
SONACOMS,365192839168.0,MID CAP,587.0999755859375,56.999996,6.3872147,0.106850006,7.213,0.17621,0.14388,0.454,0.171,Consumer Cyclical,Consumer Cyclical,Auto Parts,2026-05-21
SONAMAC,2660064000.0,MICRO CAP,193.6,68.8968,3.7728498,,,,,,,Unknown,Unknown,Unknown,2026-05-21
SONAMLTD,2214169856.0,MICRO CAP,55.310001373291016,35.00633,3.3225207,,30.114,0.08349,0.04403,0.508,0.038,Consumer Cyclical,Consumer Cyclical,"Furnishings, Fixtures & Appliances",2026-05-21
SONUINFRA,786524032.0,MICRO CAP,76.0,5.1212935,1.0359869,,,,,,,Unknown,Unknown,Unknown,2026-05-21
SONAL,,UNKNOWN,92.0,,0.32148162,,77.79,0.78482,2.20221,-0.296,-0.469,,,,2026-05-21
SONATSOFTW,74374676480.0,SMALL CAP,268.70001220703125,16.06097,3.9079657,0.25724,37.962,0.109,0.04298,0.009,0.218,Technology,Technology,Information Technology Services,2026-05-21
SOTAC,1702252544.0,MICRO CAP,154.05,19.903101,3.0619547,,,,,,,Unknown,Unknown,Unknown,2026-05-21
SOTL,29093613568.0,SMALL CAP,424.3500061035156,15.989073,1.6818596,,,0.031630002,0.0395,0.136,2.038,Basic Materials,Basic Materials,Specialty Chemicals,2026-05-21
SOUTHBANK,106719215616.0,MID CAP,40.77000045776367,7.345946,0.96861565,0.13526,,0.43144,0.28946,0.112,0.183,Financial Services,Financial Services,Banks - Regional,2026-05-21
SOUTHWEST,7695844352.0,MICRO CAP,257.989990234375,23.865864,4.243187,0.17653999,39.376,0.2209,0.13590999,0.036,0.202,Energy,Energy,Oil & Gas Equipment & Services,2026-05-21
SPARC,58868215808.0,SMALL CAP,181.39999389648438,3.7894297,4.397469,2.7689402,41.776,0.95557,0.82175004,67.234,,Healthcare,Healthcare,Drug Manufacturers - Specialty & Generic,2026-05-21
SPANDANA,22641188864.0,SMALL CAP,255.42999267578125,,0.87226,-0.29358,185.142,0.047399998,0.0,2.56,,Financial Services,Financial Services,Credit Services,2026-05-21
SPAL,19350654976.0,SMALL CAP,769.75,17.197275,2.1499655,,45.394,0.115200005,0.0699,0.066,0.086,Consumer Cyclical,Consumer Cyclical,Apparel Manufacturing,2026-05-21
SPCENET,2140120960.0,MICRO CAP,3.7899999618530273,13.068966,1.3933823,,0.597,0.04316,0.084960006,0.227,1.5,Financial Services,Financial Services,Capital Markets,2026-05-21
SPECIALITY,5317981184.0,MICRO CAP,110.25,25.403225,1.626418,,42.426,0.10503,0.045100003,0.072,0.0,Consumer Cyclical,Consumer Cyclical,Restaurants,2026-05-21
SPCL,7894292992.0,MICRO CAP,327.35,67.77433,6.6882563,,,,,,,Unknown,Unknown,Unknown,2026-05-21
SPECTSTM,2535621888.0,MICRO CAP,109.8,44.816326,1.5529312,,,,,,,Unknown,Unknown,Unknown,2026-05-21
SPECTRUM,22470791168.0,SMALL CAP,1430.0,56.881466,10.429582,,76.093,0.13701999,0.07956,0.762,2.744,Industrials,Industrials,Electrical Equipment & Parts,2026-05-21
SPLPETRO,130500689920.0,MID CAP,694.0,39.544163,5.876077,0.14316,5.61,0.14164,0.060900003,0.048,0.579,Basic Materials,Basic Materials,Specialty Chemicals,2026-05-21
SPENCERS,3315142400.0,MICRO CAP,36.83000183105469,,-0.4220091,,,-0.0325,-0.142,-0.027,,Consumer Cyclical,Consumer Cyclical,Department Stores,2026-05-21
SPIC,14299624448.0,SMALL CAP,70.22000122070312,7.100101,1.0987326,,34.524,0.09625,0.06443,-0.054,0.407,Basic Materials,Basic Materials,Agricultural Inputs,2026-05-21
SPLIL,851265408.0,MICRO CAP,29.0,13.875599,0.39183363,,,-0.3346,0.07843,-0.452,7.2,Consumer Cyclical,Consumer Cyclical,Apparel Manufacturing,2026-05-21
SPORTKING,20793466880.0,SMALL CAP,163.27999877929688,17.567741,1.9696203,0.11286,42.272,0.08603,0.04769,0.0,-0.084,Consumer Cyclical,Consumer Cyclical,Textile Manufacturing,2026-05-21
SPMLINFRA,17334564864.0,SMALL CAP,206.57000732421875,28.29726,1.842434,,43.718,0.10564,0.07796,0.233,1.365,Industrials,Industrials,Engineering & Construction,2026-05-21
SRD,2712191488.0,MICRO CAP,42.400001525878906,24.228573,2.4743233,,,0.02912,0.02592,-0.111,-0.267,Basic Materials,Basic Materials,Specialty Chemicals,2026-05-21
SPRL,461691008.0,MICRO CAP,258.0,22.08904,3.1235623,,,,,,,Unknown,Unknown,Unknown,2026-05-21
SREEL,4401073152.0,MICRO CAP,190.07000732421875,18.033207,0.90787077,,0.495,0.15831,0.100530006,0.142,0.208,Consumer Cyclical,Consumer Cyclical,Footwear & Accessories,2026-05-21
SRHHYPOLTD,9186612224.0,MICRO CAP,535.2000122070312,9.827396,0.9138299,,1.283,0.13098,0.14253001,0.02,0.115,Basic Materials,Basic Materials,Chemicals,2026-05-21
SRGHFL,4523396608.0,MICRO CAP,288.0,15.110179,1.6176504,0.11586001,292.408,0.3464,0.27325,0.238,0.33,Financial Services,Financial Services,Mortgage Finance,2026-05-21
SRIVASAVI,1516635904.0,MICRO CAP,107.0,28.08399,3.4796748,,,,,,,Unknown,Unknown,Unknown,2026-05-21
SRF,775694516224.0,LARGE CAP,2617.0,42.250565,5.5254683,0.13763,36.195,0.20196,0.11625,0.07,0.106,Industrials,Industrials,Conglomerates,2026-05-21
SRM,11632608256.0,SMALL CAP,506.8999938964844,14.396479,3.8880453,,19.915,0.16825001,0.100080006,0.537,0.506,Industrials,Industrials,Engineering & Construction,2026-05-21
SRTL,1766095488.0,MICRO CAP,44.18000030517578,22.09,0.7369844,0.10396,15.218,0.16051,0.05169,-0.527,1.958,Consumer Cyclical,Consumer Cyclical,Textile Manufacturing,2026-05-21
SSDL,2448851712.0,MICRO CAP,61.84000015258789,9.0541725,1.2996511,,3.465,0.022839999,0.042740002,-0.207,-0.593,Consumer Cyclical,Consumer Cyclical,Apparel Retail,2026-05-21
SSFL,2386427904.0,MICRO CAP,278.45,22.861248,3.6014073,,,,,,,Unknown,Unknown,Unknown,2026-05-21
STALLION,19829766144.0,SMALL CAP,170.89999389648438,31.988764,4.3210564,0.08934,5.066,0.1532,0.10099,-0.266,-0.244,Basic Materials,Basic Materials,Specialty Chemicals,2026-05-21
STAR,104800370688.0,MID CAP,1137.0,18.846344,3.8018618,,55.821,0.14613,0.10823,0.119,0.544,Healthcare,Healthcare,Drug Manufacturers - Specialty & Generic,2026-05-21
SSWL,32937496576.0,SMALL CAP,209.38999938964844,17.376762,1.9227026,,52.775,0.07028,0.03845,0.229,-0.026,Consumer Cyclical,Consumer Cyclical,Auto Parts,2026-05-21
STARCEMENT,87007920128.0,SMALL CAP,215.27000427246094,23.604168,2.8922865,,21.388,0.12649,0.10086001,0.224,7.409,Basic Materials,Basic Materials,Building Materials,2026-05-21
STANLEY,9269781504.0,MICRO CAP,162.27000427246094,38.635715,1.986412,,69.949,0.017339999,0.054330003,-0.054,,Consumer Cyclical,Consumer Cyclical,"Furnishings, Fixtures & Appliances",2026-05-21
STARHEALTH,309500248064.0,MID CAP,526.0,55.602535,4.0681214,,,0.03249,0.031229999,0.138,188.0,Financial Services,Financial Services,Insurance - Life,2026-05-21
STARPAPER,2185345536.0,MICRO CAP,139.1199951171875,5.562575,0.3095731,,0.64,-0.010779999,0.09493,-0.058,0.065,Basic Materials,Basic Materials,Paper & Paper Products,2026-05-21
STARTECK,2470645248.0,MICRO CAP,249.3000030517578,12.477478,0.93931204,0.094960004,133.476,0.8839,0.75819,0.309,2.719,Financial Services,Financial Services,Credit Services,2026-05-21
STEELCAS,29767979008.0,SMALL CAP,294.1499938964844,32.86592,8.284049,,,0.24870001,0.2086,-0.043,0.07,Basic Materials,Basic Materials,Steel,2026-05-21
STEELXIND,12908247040.0,SMALL CAP,10.119999885559082,63.25,1.4245495,,50.244,0.06442,0.018229999,-0.266,-0.846,Basic Materials,Basic Materials,Steel,2026-05-21
STCINDIA,6984000000.0,MICRO CAP,116.4000015258789,1.0885626,-0.17543729,,,0.59236,0.0,,9.222,Industrials,Industrials,Conglomerates,2026-05-21
STEL,8333537280.0,MICRO CAP,451.54998779296875,28.116438,0.44919798,,,0.99123,0.41662997,55.585,135.4,Financial Services,Financial Services,Asset Management,2026-05-21
STERTOOLS,8677958656.0,MICRO CAP,238.77000427246094,23.664024,1.6398813,0.05717,27.877,0.0035299999,0.03494,0.126,-0.818,Industrials,Industrials,Tools & Accessories,2026-05-21
STEELCITY,1211437952.0,MICRO CAP,80.19000244140625,8.379311,0.9073628,0.106800005,7.159,0.26748,0.21699,0.19,0.226,Financial Services,Financial Services,Capital Markets,2026-05-21
STOVEKRAFT,18141157376.0,SMALL CAP,547.9500122070312,48.448277,3.6648498,0.08613,23.223,0.03125,0.02626,0.306,3.159,Consumer Cyclical,Consumer Cyclical,"Furnishings, Fixtures & Appliances",2026-05-21
STLTECH,204444598272.0,MID CAP,418.79998779296875,361.0345,9.950107,0.026300002,85.626,0.09368,0.0117999995,12.856,,Technology,Technology,Communication Equipment,2026-05-21
STLNETWORK,12395999232.0,SMALL CAP,25.399999618530273,,1.4532554,-0.11605,116.754,-0.025999999,-0.10235,0.124,,Communication Services,Communication Services,Telecom Services,2026-05-21
STUDDS,17386332160.0,SMALL CAP,441.79998779296875,21.322393,3.6197684,,1.813,0.15553,0.13119,0.094,-0.368,Consumer Cyclical,Consumer Cyclical,Auto Parts,2026-05-21
STYRENIX,38852640768.0,SMALL CAP,2208.0,23.469387,3.1168303,0.14432,40.115,0.11622,0.05293,-0.108,0.309,Basic Materials,Basic Materials,Chemicals,2026-05-21
STYLAMIND,46504243200.0,SMALL CAP,2742.199951171875,31.062529,6.3873844,,,0.18767,0.12703,0.065,0.548,Consumer Cyclical,Consumer Cyclical,"Furnishings, Fixtures & Appliances",2026-05-21
STYL,42202198016.0,SMALL CAP,260.82000732421875,19.051865,3.0473545,0.23236,5.865,0.27971,0.16487,0.102,0.185,Technology,Technology,Software - Infrastructure,2026-05-21
STYLEBAAZA,26414542848.0,SMALL CAP,354.0,40.04525,5.783558,0.10977,221.076,0.00503,0.0253,0.354,,Consumer Cyclical,Consumer Cyclical,Apparel Retail,2026-05-21
SUDARCOLOR,8034774016.0,MICRO CAP,348.1000061035156,18.02693,1.444896,0.08145001,4.031,-0.00208,0.05515,-0.042,0.232,Basic Materials,Basic Materials,Specialty Chemicals,2026-05-21
SUDARSCHEM,71173685248.0,SMALL CAP,905.2000122070312,,2.0057256,,64.493,-0.022349998,-0.0072399997,2.156,,Basic Materials,Basic Materials,Specialty Chemicals,2026-05-21
SUBEXLTD,5715009536.0,MICRO CAP,10.300000190734863,515.0,1.8255937,,8.247,0.171,0.00361,0.14,,Technology,Technology,Software - Application,2026-05-21
SUBROS,46822961152.0,SMALL CAP,717.75,28.224537,4.045189,,6.954,0.05258,0.044970002,0.154,0.055,Consumer Cyclical,Consumer Cyclical,Auto Parts,2026-05-21
SULA,13532668928.0,SMALL CAP,160.25,52.713818,2.297524,0.043709997,56.679,0.13083,0.04614,0.073,-0.342,Consumer Defensive,Consumer Defensive,Beverages - Wineries & Distilleries,2026-05-21
SUDEEPPHRM,75562631168.0,SMALL CAP,669.0,44.92948,10.060755,,19.321,0.32558,0.27241,0.492,0.619,Healthcare,Healthcare,Drug Manufacturers - Specialty & Generic,2026-05-21
SUKHJITS,5951982080.0,MICRO CAP,190.5,39.117043,1.146099,,74.457,0.030199999,0.010930001,-0.08,-0.71,Basic Materials,Basic Materials,Specialty Chemicals,2026-05-21
SUMEETINDS,15326604288.0,SMALL CAP,29.1200008392334,0.61022633,0.38430575,,48.264,0.040710002,0.092,0.06,-0.904,Consumer Cyclical,Consumer Cyclical,Textile Manufacturing,2026-05-21
SUMICHEM,235496947712.0,MID CAP,471.79998779296875,44.342102,7.368076,,1.82,0.14569001,0.16429001,-0.115,-0.126,Basic Materials,Basic Materials,Agricultural Inputs,2026-05-21
SUMIT,2036641280.0,MICRO CAP,44.9900016784668,21.023365,1.3538564,,32.611,0.32586,0.09591,-0.616,-0.638,Real Estate,Real Estate,Real Estate - Development,2026-05-21
SUNCLAY,29819637760.0,SMALL CAP,1352.5999755859375,,3.410618,,186.6,-0.01702,-0.014450001,-0.051,,Industrials,Industrials,Metal Fabrication,2026-05-21
SUNDARMFIN,495220195328.0,MID CAP,4493.2998046875,24.048918,3.2731867,,377.039,0.61693,0.46789002,0.186,0.188,Financial Services,Financial Services,Credit Services,2026-05-21
SUMMITSEC,17489704960.0,SMALL CAP,1597.699951171875,16.644442,0.15582065,0.011360001,,-2.26089,0.72619003,,,Financial Services,Financial Services,Capital Markets,2026-05-21
SUNDRMBRAK,2459109376.0,MICRO CAP,625.0,,2.585861,,40.966,-0.0051700003,-0.01018,-0.047,,Consumer Cyclical,Consumer Cyclical,Auto Parts,2026-05-21
SUNDARAM,668167616.0,MICRO CAP,1.409999966621399,70.5,0.8545455,,30.884,0.0401,0.00871,0.221,,Basic Materials,Basic Materials,Paper & Paper Products,2026-05-21
SUNDROP,25464223744.0,SMALL CAP,675.5,126.026115,1.761307,0.0138,,0.06032,0.012990001,0.005,0.139,Consumer Defensive,Consumer Defensive,Packaged Foods,2026-05-21
SUNDRMFAST,175331115008.0,MID CAP,834.4000244140625,29.67283,4.327734,0.14583999,14.532,0.116009995,0.094,0.106,0.297,Consumer Cyclical,Consumer Cyclical,Auto Parts,2026-05-21
SUNPHARMA,4501632188416.0,MEGA CAP,1876.199951171875,41.235165,5.782495,,6.675,0.26173002,0.19214001,0.135,0.157,Healthcare,Healthcare,Drug Manufacturers - Specialty & Generic,2026-05-21
SUNTECK,42385952768.0,SMALL CAP,288.6499938964844,20.721464,1.2688916,0.052270003,17.311,0.27405,0.18185,0.645,0.262,Real Estate,Real Estate,Real Estate - Development,2026-05-21
SUNFLAG,64482521088.0,SMALL CAP,357.79998779296875,30.502983,0.75384396,,6.787,0.107370004,0.05529,0.057,0.198,Basic Materials,Basic Materials,Steel,2026-05-21
SUNREST,296458272.0,MICRO CAP,61.65,14.784173,1.5891634,,,,,,,Unknown,Unknown,Unknown,2026-05-21
SUPERHOUSE,1688589056.0,MICRO CAP,153.16000366210938,25.569284,0.35712954,,39.038,0.02772,0.0090499995,0.032,0.472,Consumer Cyclical,Consumer Cyclical,Footwear & Accessories,2026-05-21
SUNTV,203859968000.0,MID CAP,517.2999877929688,12.916354,1.6494273,,1.183,0.35543,0.35666,0.042,-0.107,Communication Services,Communication Services,Broadcasting,2026-05-21
SUPERSPIN,290215296.0,MICRO CAP,5.179999828338623,,0.48136792,,37.26,0.5282,-2.24247,-0.002,9.0,Consumer Cyclical,Consumer Cyclical,Textile Manufacturing,2026-05-21
SUPREME,1895505024.0,MICRO CAP,48.849998474121094,,0.34063888,0.00062,1.06,-0.0036300002,0.05055,17.454,,Real Estate,Real Estate,Real Estate - Development,2026-05-21
SUPREMEIND,439398006784.0,MID CAP,3458.89990234375,45.948174,7.119971,0.16128999,1.473,0.14222999,0.085039996,0.165,0.475,Industrials,Industrials,Building Products & Equipment,2026-05-21
SUPRAJIT,58558365696.0,SMALL CAP,426.8999938964844,42.267326,4.2979684,,67.961,0.056799997,0.037920002,0.177,-0.626,Consumer Cyclical,Consumer Cyclical,Auto Parts,2026-05-21
SUPREMEENG,247450496.0,MICRO CAP,0.9900000095367432,,-0.27832443,,,0.042329997,-0.37842,0.449,,Basic Materials,Basic Materials,Steel,2026-05-21
SUPREMEINF,8029351936.0,MICRO CAP,82.3499984741211,0.12939772,1.4509224,,421.539,0.20637,74.50303,3.144,,Industrials,Industrials,Engineering & Construction,2026-05-21
SUPRIYA,59239362560.0,SMALL CAP,736.0499877929688,31.918907,5.4721246,,0.484,0.31613,0.25191998,0.112,0.06,Healthcare,Healthcare,Biotechnology,2026-05-21
SUPREMEPWR,7647287808.0,MICRO CAP,306.0,36.385258,7.135362,,,,,,,Unknown,Unknown,Unknown,2026-05-21
SURAJLTD,4366432256.0,MICRO CAP,237.77000427246094,58.276962,3.214759,0.055180002,43.774,0.082399994,0.03629,-0.261,,Basic Materials,Basic Materials,Steel,2026-05-21
SURAJEST,10441662464.0,SMALL CAP,217.77999877929688,11.402094,1.0531864,,57.442,0.29042,0.16466999,0.06,0.26,Real Estate,Real Estate,Real Estate - Development,2026-05-21
SURANASOL,1329070336.0,MICRO CAP,27.010000228881836,675.25,2.3367074,0.02183,,-0.03484,0.059499998,4.402,,Technology,Technology,Solar,2026-05-21
SURANI,5081875456.0,MICRO CAP,326.85,447.73972,4.097508,,,,,,,Unknown,Unknown,Unknown,2026-05-21
SURAKSHA,16681466880.0,SMALL CAP,320.29998779296875,51.247997,7.221608,,51.3,0.17318001,0.11321,0.292,0.22,Healthcare,Healthcare,Diagnostics & Research,2026-05-21
SURYALA,,UNKNOWN,362.0,,,,17.933,0.04208,0.06582,0.037,3.03,,,,2026-05-21
SURANAT&P,2477619456.0,MICRO CAP,18.25,9.656085,2.040474,,3.738,-0.08111,0.62668,5.22,5.75,Utilities,Utilities,Utilities - Independent Power Producers,2026-05-21
SURYALAXMI,1132830720.0,MICRO CAP,60.2400016784668,22.147058,0.41768363,,96.321,0.0366,0.00638,-0.051,-0.432,Consumer Cyclical,Consumer Cyclical,Textile Manufacturing,2026-05-21
SURYAROSNI,51399974912.0,SMALL CAP,236.1999969482422,16.18917,2.0490487,,4.928,0.057979997,0.04222,0.032,-0.114,Basic Materials,Basic Materials,Steel,2026-05-21
SURYODAY,17035070464.0,SMALL CAP,160.27000427246094,11.215536,0.8192674,0.07588,,0.17959999,0.1193,0.73,,Financial Services,Financial Services,Banks - Regional,2026-05-21
SUTLEJTEX,6307015168.0,MICRO CAP,37.9900016784668,,0.7389757,-0.10094,114.141,-0.01421,-0.03351,0.021,,Consumer Cyclical,Consumer Cyclical,Textile Manufacturing,2026-05-21
SUVEN,71534206976.0,SMALL CAP,271.25,,10.352658,-0.78799003,2.823,-5.47581,0.0,4.656,,Healthcare,Healthcare,Drug Manufacturers - Specialty & Generic,2026-05-21
SUZLON,731045756928.0,LARGE CAP,53.29999923706055,22.584747,9.329599,,5.051,0.15637,0.21564,0.424,0.143,Industrials,Industrials,Specialty Industrial Machinery,2026-05-21
SUYOG,9502584832.0,MICRO CAP,811.0,36.367714,2.085503,,62.308,0.42854,0.16117,0.145,-0.242,Communication Services,Communication Services,Telecom Services,2026-05-21
SUVIDHAA,612801984.0,MICRO CAP,2.880000114440918,,1.8113208,,3.774,-2.6666698,0.0,-0.367,,Technology,Technology,Information Technology Services,2026-05-21
SVLL,6447965696.0,MICRO CAP,561.0,146.4752,14.846376,,570.803,0.058130004,0.01422,0.514,,Industrials,Industrials,Trucking,2026-05-21
SVPGLOB,499675008.0,MICRO CAP,3.950000047683716,,-0.040853478,,,-33.28839,0.0,,,Consumer Cyclical,Consumer Cyclical,Textile Manufacturing,2026-05-21
SWANDEF,100412178432.0,MID CAP,1906.0,,40.989246,,1067.325,-6.05859,-2.10713,1.893,,Industrials,Industrials,Aerospace & Defense,2026-05-21
SWANCORP,100321878016.0,MID CAP,320.04998779296875,,0.8688063,,28.231,-0.0049799997,-0.00282,-0.397,,Industrials,Industrials,Conglomerates,2026-05-21
SWARAJENG,44938969088.0,SMALL CAP,3689.5,22.82824,9.167712,0.43234003,0.419,0.1275,0.09781,0.202,0.201,Consumer Cyclical,Consumer Cyclical,Auto Parts,2026-05-21
SWASTIK,1571608320.0,MICRO CAP,67.65,,0.7992203,,,,,,,Unknown,Unknown,Unknown,2026-05-21
SWARAJ,6319240704.0,MICRO CAP,287.0,14.020518,3.8759167,,,,,,,Unknown,Unknown,Unknown,2026-05-21
SWELECTES,9943192576.0,MICRO CAP,640.0,17.58725,1.040067,,72.499,0.15695,0.07991,0.517,,Technology,Technology,Solar,2026-05-21
SWIGGY,662980263936.0,LARGE CAP,254.39999389648438,,6.0295787,-0.29117,13.929,-0.15808,-0.18019,0.447,,Consumer Cyclical,Consumer Cyclical,Internet Retail,2026-05-21
SWSOLAR,46078255104.0,SMALL CAP,197.1999969482422,,7.090719,-0.35946,182.951,0.07344,-0.04099,-0.228,1.43,Technology,Technology,Solar,2026-05-21
SYMPHONY,49206489088.0,SMALL CAP,716.5499877929688,,6.299839,-0.216,31.743,0.16239001,-0.11829001,-0.28,,Consumer Cyclical,Consumer Cyclical,"Furnishings, Fixtures & Appliances",2026-05-21
SYLVANPLY,2341448192.0,MICRO CAP,120.85,32.31283,1.8133938,,,,,,,Unknown,Unknown,Unknown,2026-05-21
SYNOPTICS,884464000.0,MICRO CAP,104.3,21.86583,1.208953,,,,,,,Unknown,Unknown,Unknown,2026-05-21
SYNGENE,189251764224.0,MID CAP,470.95001220703125,59.76523,3.996419,0.06621,9.473,0.20549999,0.084709994,0.018,-0.195,Healthcare,Healthcare,Diagnostics & Research,2026-05-21
SYSTMTXC,9166136320.0,MICRO CAP,67.02999877929688,31.919048,2.8341298,0.045089997,6.082,-0.53219,0.0979,-0.624,,Financial Services,Financial Services,Capital Markets,2026-05-21
SYNCOMF,13347999744.0,SMALL CAP,14.199999809265137,19.452055,3.460039,,0.184,0.1724,0.13719,-0.097,0.643,Healthcare,Healthcare,Drug Manufacturers - Specialty & Generic,2026-05-21
SYSTANGO,3717073920.0,MICRO CAP,253.4,11.497277,3.073005,,,,,,,Unknown,Unknown,Unknown,2026-05-21
SYRMA,197151670272.0,MID CAP,1023.5,60.312317,6.78547,0.14142999,13.045,0.104270004,0.06594,0.584,0.437,Technology,Technology,Electronic Components,2026-05-21
TAC,10495319040.0,SMALL CAP,500.75,73.42375,15.532431,,,,,,,Unknown,Unknown,Unknown,2026-05-21
TAALTECH,,UNKNOWN,2809.10009765625,,3.9323256,,1.112,0.22243999,0.27932,0.056,0.019,,,,2026-05-21
TAJGVK,19484489728.0,SMALL CAP,310.25,15.615579,2.8227162,,11.957,0.28652,0.2613,0.06,-0.102,Consumer Cyclical,Consumer Cyclical,Lodging,2026-05-21
TAKE,4114771200.0,MICRO CAP,28.139999389648438,,16.061644,,,-0.24039,0.0,-0.829,-0.979,Healthcare,Healthcare,Biotechnology,2026-05-21
TAINWALCHM,1882136448.0,MICRO CAP,201.0,17.709251,1.0939907,,,0.15751,0.48729,1.196,20.294,Basic Materials,Basic Materials,Specialty Chemicals,2026-05-21
TALBROAUTO,21722136576.0,SMALL CAP,351.8999938964844,21.938902,3.1901584,,12.625,0.114259996,0.117860004,0.06,0.142,Consumer Cyclical,Consumer Cyclical,Auto Parts,2026-05-21
TAMBOLIIN,,UNKNOWN,168.0,,,0.08307999,1.984,0.2084,0.12191,0.149,0.632,,,,2026-05-21
TANLA,68941742080.0,SMALL CAP,521.5999755859375,13.6366005,2.7678428,0.21409,2.118,0.13497,0.11525,0.15,0.164,Technology,Technology,Software - Application,2026-05-21
TARACHAND,4594703360.0,MICRO CAP,58.290000915527344,16.606838,3.0919797,0.20475,92.775,0.15615,0.09726,0.097,0.083,Industrials,Industrials,Farm & Heavy Construction Machinery,2026-05-21
TAPIFRUIT,576854976.0,MICRO CAP,135.0,,5.1497235,,,,,,,Unknown,Unknown,Unknown,2026-05-21
TARAPUR,448500288.0,MICRO CAP,23.0,,166.66667,,3604.419,0.34857,0.0,,,Industrials,Industrials,Specialty Industrial Machinery,2026-05-21
TARC,38914351104.0,SMALL CAP,131.8699951171875,,3.625292,,181.338,-0.43462002,-0.65393996,3.106,,Real Estate,Real Estate,Real Estate - Development,2026-05-21
TARIL,92541116416.0,SMALL CAP,308.29998779296875,34.99432,6.877551,0.19334999,29.595,0.14242,0.10539,0.157,-0.041,Industrials,Industrials,Electrical Equipment & Parts,2026-05-21
TASTYBITE,19143643136.0,SMALL CAP,7460.5,53.80815,6.005693,,20.737,0.13742,0.06058,0.002,0.342,Consumer Defensive,Consumer Defensive,Packaged Foods,2026-05-21
TARMAT,1304594560.0,MICRO CAP,52.04999923706055,37.9927,0.71231115,,6.468,0.05238,0.03421,0.045,2.833,Industrials,Industrials,Engineering & Construction,2026-05-21
TARSONS,11308994560.0,SMALL CAP,212.5500030517578,55.496086,1.8174123,,63.182,0.060060002,0.04911,0.128,-0.04,Healthcare,Healthcare,Medical Instruments & Supplies,2026-05-21
TATACHEM,187908227072.0,MID CAP,737.5999755859375,,0.8412562,-0.07678,36.081,-0.02007,-0.13001001,-0.02,,Basic Materials,Basic Materials,Chemicals,2026-05-21
TATACAP,1261634453504.0,LARGE CAP,299.20001220703125,25.46383,3.3145013,0.12005,502.058,0.55465,0.39028,0.07,0.522,Financial Services,Financial Services,Asset Management,2026-05-21
TATACOMM,530926501888.0,LARGE CAP,1862.9000244140625,50.926735,18.652315,0.31131,335.485,0.084359996,0.04038,0.094,-0.747,Communication Services,Communication Services,Telecom Services,2026-05-21
TATAPOWER,1313124777984.0,LARGE CAP,410.95001220703125,35.12393,3.4684887,0.11336,167.811,0.088520005,0.06002,-0.128,-0.046,Utilities,Utilities,Utilities - Independent Power Producers,2026-05-21
TATAINVEST,338937905152.0,MID CAP,669.9000244140625,78.44263,1.0655847,0.01438,,0.73079,1.07488,1.539,0.689,Financial Services,Financial Services,Asset Management,2026-05-21
TATACONSUM,1185697103872.0,LARGE CAP,1198.300048828125,76.85696,5.8328424,0.0694,12.159,0.11146,0.076009996,0.179,0.215,Consumer Defensive,Consumer Defensive,Packaged Foods,2026-05-21
TATAELXSI,261697486848.0,MID CAP,4200.7998046875,41.57561,8.604935,0.21298,5.336,0.22268999,0.16725,0.058,0.278,Technology,Technology,Software - Application,2026-05-21
TATASTEEL,2600255619072.0,MEGA CAP,208.49000549316406,28.365988,2.7353354,0.11156999,89.016,0.103690006,0.0465,0.125,1.254,Basic Materials,Basic Materials,Steel,2026-05-21
TATVA,27990933504.0,SMALL CAP,1196.5999755859375,85.288666,3.5822809,0.05531,15.398,0.13472,0.082550004,0.24,9.075,Basic Materials,Basic Materials,Specialty Chemicals,2026-05-21
TATATECH,271222325248.0,MID CAP,667.9500122070312,49.514458,7.5972476,0.1457,23.908,0.13065,0.09928001,0.223,0.082,Technology,Technology,Information Technology Services,2026-05-21
TATSILV,,UNKNOWN,25.440000534057617,,,,,0.0,0.0,,,,,,2026-05-21
TBOTEK,128172818432.0,MID CAP,1200.300048828125,53.01679,9.255861,,51.855,0.10301,0.10528,0.858,0.075,Consumer Cyclical,Consumer Cyclical,Travel Services,2026-05-21
TBZ,8875839488.0,MICRO CAP,133.00999450683594,6.15787,1.2739933,,118.113,0.11772,0.04966,0.144,1.696,Consumer Cyclical,Consumer Cyclical,Luxury Goods,2026-05-21
TBI,5717174272.0,MICRO CAP,314.85,41.9241,5.1240115,,,,,,,Unknown,Unknown,Unknown,2026-05-21
TCC,,UNKNOWN,360.0,,1.7498664,,5.002,0.42456,0.39821,1.077,-0.041,,,,2026-05-21
TCI,68961976320.0,SMALL CAP,898.5999755859375,15.413379,2.881218,,10.416,0.07591,0.09364,0.089,0.148,Industrials,Industrials,Integrated Freight & Logistics,2026-05-21
TCIEXP,19935614976.0,SMALL CAP,518.9000244140625,23.68325,2.4683077,,1.735,0.084189996,0.06967,0.059,0.149,Industrials,Industrials,Integrated Freight & Logistics,2026-05-21
TCL,4487142400.0,MICRO CAP,194.0,37.964775,4.477164,,,,,,,Unknown,Unknown,Unknown,2026-05-21
TCIFINANCE,174937184.0,MICRO CAP,13.59000015258789,,-0.22957633,,,1.3572099,0.0,,,Financial Services,Financial Services,Credit Services,2026-05-21
TDPOWERSYS,199941160960.0,MID CAP,1279.800048828125,83.81139,18.65897,0.24716999,1.689,0.16572,0.12717,0.715,0.365,Industrials,Industrials,Specialty Industrial Machinery,2026-05-21
TCPLPACK,23081844736.0,SMALL CAP,2541.800048828125,20.284096,3.4563315,,103.305,0.12640001,0.06415,-0.018,-0.336,Consumer Cyclical,Consumer Cyclical,Packaging & Containers,2026-05-21
TEAMGTY,2293253120.0,MICRO CAP,255.0,108.05085,4.710185,,,0.32326,0.41388,0.603,-0.703,Financial Services,Financial Services,Asset Management,2026-05-21
TCS,8391430242304.0,MEGA CAP,2319.300048828125,17.063715,7.3927336,0.48395002,10.389,0.25288,0.18429,0.096,0.122,Technology,Technology,Information Technology Services,2026-05-21
TEAMLEASE,23057299456.0,SMALL CAP,1375.4000244140625,17.637856,2.4034655,,13.1,0.0094800005,0.011080001,0.031,0.468,Industrials,Industrials,Staffing & Employment Services,2026-05-21
TECHLABS,12252274688.0,SMALL CAP,709.0,106.45646,18.101974,,,,,,,Unknown,Unknown,Unknown,2026-05-21
TECH,,UNKNOWN,31.670000076293945,19.586592,,,,,,,,Unknown,Unknown,Unknown,2026-05-21
TECHNVISN,,UNKNOWN,5400.0,,,,87.086,0.052589998,0.01501,-0.091,1.724,,,,2026-05-21
TECILCHEM,232116544.0,MICRO CAP,12.239999771118164,,,,,0.0,0.0,,,Financial Services,Financial Services,Shell Companies,2026-05-21
TECHNOE,149665923072.0,MID CAP,1286.9000244140625,31.846079,3.8451426,,1.573,0.1338,0.16158001,0.371,0.242,Industrials,Industrials,Engineering & Construction,2026-05-21
TECHM,1261351731200.0,LARGE CAP,1424.0999755859375,26.25069,4.5882173,0.16608,7.269,0.13825,0.084680006,0.126,0.159,Technology,Technology,Information Technology Services,2026-05-21
TEGA,119114964992.0,MID CAP,1585.5,52.587067,7.153234,,20.696,0.055040002,0.118669994,-0.014,-0.653,Industrials,Industrials,Specialty Industrial Machinery,2026-05-21
TEJASNET,83565797376.0,SMALL CAP,471.04998779296875,,2.8540266,-0.26822,142.52,-0.65839,-0.82381,-0.826,,Technology,Technology,Communication Equipment,2026-05-21
TEMBO,9249353728.0,MICRO CAP,598.0,14.81665,3.6842172,,98.882,0.16212,0.077659994,0.524,0.272,Industrials,Industrials,Metal Fabrication,2026-05-21
TENNIND,,UNKNOWN,596.5999755859375,41.691124,26.23917,,2.447,0.1511,0.11146,0.142,-0.052,Consumer Cyclical,Consumer Cyclical,Auto Parts,2026-05-21
TEXMOPIPES,1312607232.0,MICRO CAP,44.959999084472656,6.8536587,0.6424325,,28.688,0.06732,0.04893,0.001,0.065,Industrials,Industrials,Building Products & Equipment,2026-05-21
TERASOFT,4309089792.0,MICRO CAP,344.3999938964844,20.647482,3.2226067,0.1848,26.995,0.13951,0.10248999,1.258,1.201,Technology,Technology,Information Technology Services,2026-05-21
TEXRAIL,44230246400.0,SMALL CAP,108.70999908447266,22.414433,1.5142356,,31.207,0.073920004,0.038900003,-0.215,-0.443,Industrials,Industrials,Railroads,2026-05-21
TFCILTD,34954780672.0,SMALL CAP,75.5,28.707224,2.783718,0.09754,81.939,0.82244,0.672,0.204,0.059,Financial Services,Financial Services,Credit Services,2026-05-21
TEXINFRA,12426640384.0,SMALL CAP,97.5199966430664,113.39534,0.8594342,0.009330001,2.626,0.14886,0.26589,1.501,-0.523,Real Estate,Real Estate,Real Estate Services,2026-05-21
TFL,660843136.0,MICRO CAP,11.989999771118164,,2.249531,-0.13848,107.02,-0.1193,-0.3449,0.942,,Financial Services,Financial Services,Mortgage Finance,2026-05-21
TGL,5665011200.0,MICRO CAP,472.1,43.51152,10.015062,,,,,,,Unknown,Unknown,Unknown,2026-05-21
TGBHOTELS,275877888.0,MICRO CAP,9.420000076293945,14.059701,0.3630058,0.01868,16.052,0.06448,0.036199998,-0.116,-0.581,Consumer Cyclical,Consumer Cyclical,Lodging,2026-05-21
THANGAMAYL,118142754816.0,MID CAP,3801.0,33.62229,10.123474,0.27927,64.492,0.07136,0.041300002,1.056,3.508,Consumer Cyclical,Consumer Cyclical,Luxury Goods,2026-05-21
THAKDEV,,UNKNOWN,148.0,,,0.07186,11.58,0.30273,0.30424,1.04,39.071,,,,2026-05-21
THACKER,,UNKNOWN,1100.0,,,,0.085,0.62573004,3.95647,-0.036,0.021,,,,2026-05-21
THEINVEST,5200712704.0,MICRO CAP,99.55000305175781,17.52641,0.7149732,0.04665,7.607,0.0027599998,0.113579996,-0.199,0.073,Financial Services,Financial Services,Capital Markets,2026-05-21
THEJO,17803569152.0,SMALL CAP,1641.5,36.60794,5.5168123,,11.289,0.08686,0.080520004,0.197,-0.324,Industrials,Industrials,Specialty Industrial Machinery,2026-05-21
THELEELA,136204730368.0,MID CAP,407.8500061035156,32.864628,2.1118336,0.08014,28.065,0.48675,0.26395,0.082,0.219,Consumer Cyclical,Consumer Cyclical,Lodging,2026-05-21
THOMASCOTT,3791559936.0,MICRO CAP,258.45001220703125,21.682049,3.0089414,,21.124,0.11101,0.08331,0.459,,Consumer Cyclical,Consumer Cyclical,Textile Manufacturing,2026-05-21
THERMAX,517958598656.0,LARGE CAP,4598.0,71.82131,10.254031,0.13691,42.166,0.10742,0.06573,0.129,0.187,Industrials,Industrials,Conglomerates,2026-05-21
THEMISMED,9144391680.0,MICRO CAP,98.44999694824219,,2.4018052,,25.148,0.07994,-0.05159,-0.039,17.167,Healthcare,Healthcare,Drug Manufacturers - Specialty & Generic,2026-05-21
TICL,3560349952.0,MICRO CAP,22.969999313354492,6.044737,1.1727166,,,0.07733,0.62202,0.382,0.0,Industrials,Industrials,Engineering & Construction,2026-05-21
TI,106580066304.0,MID CAP,431.20001220703125,75.51664,4.2093344,,2.445,0.15533,0.06027,0.95,,Consumer Defensive,Consumer Defensive,Beverages - Wineries & Distilleries,2026-05-21
THOMASCOOK,44355829760.0,SMALL CAP,93.87000274658203,20.014925,1.8586646,0.09263,21.373,0.02104,0.02606,-0.103,-0.403,Consumer Cyclical,Consumer Cyclical,Travel Services,2026-05-21
THYROCARE,75577933824.0,SMALL CAP,474.8500061035156,46.46282,14.130758,0.28746,8.65,0.27265,0.19667,0.197,1.164,Healthcare,Healthcare,Diagnostics & Research,2026-05-21
TIGERLOGS,3750065920.0,MICRO CAP,35.470001220703125,14.536885,0.7112065,0.20673001,34.408,0.04877,0.031630002,-0.1,-0.282,Industrials,Industrials,Integrated Freight & Logistics,2026-05-21
TIJARIA,136951632.0,MICRO CAP,4.71999979019165,,-0.4174405,,,-5.16619,0.0,-0.397,,Industrials,Industrials,Building Products & Equipment,2026-05-21
TIINDIA,590868250624.0,LARGE CAP,3052.60009765625,92.55913,7.8532767,,27.724,0.07277,0.028169999,0.207,-0.142,Industrials,Industrials,Conglomerates,2026-05-21
TIIL,59405000704.0,SMALL CAP,2620.10009765625,21.591267,3.1538022,,43.315,0.091809995,0.10009,0.028,0.301,Industrials,Industrials,Tools & Accessories,2026-05-21
TIL,14888239104.0,SMALL CAP,187.4600067138672,,14.957314,,379.131,0.02636,-0.03494,-0.075,,Industrials,Industrials,Farm & Heavy Construction Machinery,2026-05-21
TIMESCAN,441991008.0,MICRO CAP,63.25,6.882481,1.5469464,,,,,,,Unknown,Unknown,Unknown,2026-05-21
TIMEX,,UNKNOWN,360.29998779296875,69.28846,31.794916,,35.163,0.05757,0.082049996,0.257,0.187,Consumer Cyclical,Consumer Cyclical,Luxury Goods,2026-05-21
TIMETECHNO,86080143360.0,SMALL CAP,174.3800048828125,17.885128,2.600513,,21.955,0.12113,0.07563,0.128,0.239,Consumer Cyclical,Consumer Cyclical,Packaging & Containers,2026-05-21
TIMKEN,282446364672.0,MID CAP,3755.0,68.01304,10.208076,0.14407,0.5,0.19529,0.118269995,0.161,-0.153,Industrials,Industrials,Tools & Accessories,2026-05-21
TINNARUBR,13475785728.0,SMALL CAP,748.0,27.469704,4.71282,,38.443,0.14104,0.09268,0.134,0.52,Basic Materials,Basic Materials,Specialty Chemicals,2026-05-21
TIPSFILMS,1653936256.0,MICRO CAP,382.6000061035156,,4.600936,,453.425,-0.70579004,-0.20844999,3.616,,Communication Services,Communication Services,Entertainment,2026-05-21
TIPSMUSIC,86011486208.0,SMALL CAP,672.8499755859375,39.719597,33.086643,0.92331004,1.962,0.73416,0.5772,0.324,0.935,Communication Services,Communication Services,Entertainment,2026-05-21
TIRUMALCHM,25496911872.0,SMALL CAP,211.5,,1.5006706,,136.102,-0.09075,-0.08394,-0.069,,Basic Materials,Basic Materials,Specialty Chemicals,2026-05-21
TIRUPATI,7577269760.0,MICRO CAP,748.0,83.48214,8.073831,,,,,,,Unknown,Unknown,Unknown,2026-05-21
TIRUPATIFL,4672059904.0,MICRO CAP,39.5,77.45098,4.0339055,0.052360002,31.143,0.066750005,0.03794,0.565,0.091,Industrials,Industrials,Metal Fabrication,2026-05-21
TITAGARH,102123110400.0,MID CAP,758.2999877929688,56.337296,4.037914,,25.09,0.09556,0.0548,-0.078,-0.232,Industrials,Industrials,Railroads,2026-05-21
TMB,109104152576.0,MID CAP,689.0,8.158674,1.1160786,0.13992,,0.54293,0.39859,0.235,0.28,Financial Services,Financial Services,Banks - Regional,2026-05-21
TMCV,1423221063680.0,LARGE CAP,386.5,46.905342,11.174718,0.26045,44.095,0.10774,0.03566,0.194,0.334,Consumer Cyclical,Consumer Cyclical,Auto Manufacturers,2026-05-21
TNPETRO,8112727552.0,MICRO CAP,90.16999816894531,6.979102,0.82920283,0.101009995,45.668,0.06073,0.06501,-0.718,-0.699,Basic Materials,Basic Materials,Specialty Chemicals,2026-05-21
TITAN,3637417869312.0,MEGA CAP,4100.60009765625,71.83952,28.40203,0.37127998,195.001,0.06282,0.057919998,0.805,0.351,Consumer Cyclical,Consumer Cyclical,Luxury Goods,2026-05-21
TMPV,1331016368128.0,LARGE CAP,361.45001220703125,,1.2021885,-0.01118,65.31,0.084300004,0.24551001,-0.118,-0.329,Consumer Cyclical,Consumer Cyclical,Auto Manufacturers,2026-05-21
TOKYOPLAST,817120384.0,MICRO CAP,86.0,130.30302,1.2044312,0.0101499995,77.168,0.042540003,0.00795,0.333,-0.897,Consumer Cyclical,Consumer Cyclical,Packaging & Containers,2026-05-21
TNTELE,438080800.0,MICRO CAP,9.59000015258789,,-0.22937647,,,2.94939,0.0,,,Technology,Technology,Communication Equipment,2026-05-21
TNPL,10410658816.0,SMALL CAP,150.4199981689453,4.201676,0.4495154,0.11254,69.638,0.04908,0.053340003,-0.045,9.848,Basic Materials,Basic Materials,Paper & Paper Products,2026-05-21
TOLINS,4036222464.0,MICRO CAP,102.16000366210938,12.77,1.2254103,,4.609,0.14035,0.11306,0.338,-0.256,Consumer Cyclical,Consumer Cyclical,Auto Parts,2026-05-21
TORNTPHARM,1510583435264.0,LARGE CAP,4463.2998046875,66.29976,17.891344,,33.4,0.26703,0.17833,0.176,0.261,Healthcare,Healthcare,Drug Manufacturers - Specialty & Generic,2026-05-21
TOTAL,878758848.0,MICRO CAP,54.4900016784668,6.628954,0.9937628,,43.322,0.02256,0.02125,-0.109,-0.235,Industrials,Industrials,Integrated Freight & Logistics,2026-05-21
TORNTPOWER,762456440832.0,LARGE CAP,1513.0999755859375,31.555786,4.0538187,0.13022,70.885,0.1137,0.08342,-0.008,-0.7,Utilities,Utilities,Utilities - Independent Power Producers,2026-05-21
TPLPLASTEH,4973471232.0,MICRO CAP,63.7599983215332,17.910112,3.2615478,,14.357,0.10787,0.06949,0.222,0.247,Consumer Cyclical,Consumer Cyclical,Packaging & Containers,2026-05-21
TRACXN,3512181504.0,MICRO CAP,32.88999938964844,,6.4795113,,,-0.08309,-0.15168001,-0.017,,Technology,Technology,Software - Application,2026-05-21
TOUCHWOOD,790646912.0,MICRO CAP,71.3499984741211,16.516203,1.8926733,,9.449,0.093760006,0.06656,-0.333,-0.454,Communication Services,Communication Services,Advertising Agencies,2026-05-21
TPHQ,570034176.0,MICRO CAP,0.5199999809265137,8.666667,0.6557377,,,0.14173001,0.0,-0.811,10.612,Industrials,Industrials,Engineering & Construction,2026-05-21
TRANSPEK,6877511168.0,MICRO CAP,1231.300048828125,11.799713,0.8958708,,9.207,0.07944,0.09026,-0.068,0.019,Basic Materials,Basic Materials,Chemicals,2026-05-21
TRAVELFOOD,138829692928.0,MID CAP,1054.300048828125,32.823788,11.7249975,,23.659,0.31173,0.27231002,0.11,0.356,Consumer Cyclical,Consumer Cyclical,Restaurants,2026-05-21
TRANSRAILL,67624763392.0,SMALL CAP,503.70001220703125,15.5992565,3.2644413,,39.105,0.118039995,0.06285,0.326,0.094,Industrials,Industrials,Engineering & Construction,2026-05-21
TRANSWORLD,3430864384.0,MICRO CAP,156.25,,0.4460717,,38.162,-0.15084,0.106429994,0.132,,Industrials,Industrials,Marine Shipping,2026-05-21
TREJHARA,3819611648.0,MICRO CAP,158.3800048828125,59.097015,1.5428528,,4.025,0.03197,0.04522,4.264,0.109,Technology,Technology,Software - Application,2026-05-21
TRANSTEEL,1496629376.0,MICRO CAP,68.95,10.99681,1.2277421,,,,,,,Unknown,Unknown,Unknown,2026-05-21
TRANSWIND,145485744.0,MICRO CAP,21.75,25.0,0.8556591,,,,,,,Unknown,Unknown,Unknown,2026-05-21
TREEHOUSE,297444384.0,MICRO CAP,7.03000020980835,,0.18395437,-0.053639997,3.323,-8.4048605,-2.3570101,0.078,,Consumer Defensive,Consumer Defensive,Education & Training Services,2026-05-21
TREL,6041652736.0,MICRO CAP,24.59000015258789,9.719368,0.4775221,0.031229999,,0.46975,0.35656,0.224,-0.696,Real Estate,Real Estate,Real Estate Services,2026-05-21
TRENT,1465141559296.0,LARGE CAP,4121.5,85.19016,20.977222,0.27126,36.034,0.10954001,0.08566,0.192,0.258,Consumer Cyclical,Consumer Cyclical,Apparel Retail,2026-05-21
TRF,2583835904.0,MICRO CAP,234.8000030517578,43.321033,3.0613177,-0.05327,153.664,-0.12594,-0.04428,-0.135,,Industrials,Industrials,Specialty Industrial Machinery,2026-05-21
TRIDENT,125147545600.0,MID CAP,24.559999465942383,33.18919,2.686208,,34.742,0.042919997,0.058909997,-0.056,-0.4,Consumer Cyclical,Consumer Cyclical,Textile Manufacturing,2026-05-21
TRIGYN,1764638336.0,MICRO CAP,57.31999969482422,61.634407,0.23206383,,0.885,-0.00215,0.00405,0.248,-0.438,Technology,Technology,Information Technology Services,2026-05-21
TRIVENI,84165599232.0,SMALL CAP,384.29998779296875,27.469622,2.732994,,24.554,0.07752,0.04639,0.165,0.979,Consumer Defensive,Consumer Defensive,Confectioners,2026-05-21
TRU,722680192.0,MICRO CAP,6.079999923706055,,0.659436,,301.695,1.56215,0.0,,,Financial Services,Financial Services,Credit Services,2026-05-21
TRIDHYA,702133184.0,MICRO CAP,30.15,,1.6353872,,,,,,,Unknown,Unknown,Unknown,2026-05-21
TRITURBINE,220396584960.0,MID CAP,693.7000122070312,62.855846,16.948198,,2.946,0.19984,0.16752,0.24,-0.01,Industrials,Industrials,Specialty Industrial Machinery,2026-05-21
TRUALT,40994025472.0,SMALL CAP,478.04998779296875,27.745213,2.4098783,,110.289,0.1573,0.088240005,,,Energy,Energy,Oil & Gas Refining & Marketing,2026-05-21
TTKHLTCARE,12914417664.0,SMALL CAP,913.9500122070312,21.484486,1.1899694,,2.472,0.02349,0.072399996,0.022,-0.371,Healthcare,Healthcare,Drug Manufacturers - General,2026-05-21
TTL,1924416512.0,MICRO CAP,7.449999809265137,,1.7865707,,58.218,0.06559,-0.0229,-0.283,,Consumer Cyclical,Consumer Cyclical,Textile Manufacturing,2026-05-21
TRUST,4177748992.0,MICRO CAP,175.35,52.187504,3.6869218,,,,,,,Unknown,Unknown,Unknown,2026-05-21
TTKPRESTIG,74022002688.0,SMALL CAP,540.5,88.46154,3.8919609,,9.993,0.06505,0.02873,0.102,-0.438,Consumer Cyclical,Consumer Cyclical,"Furnishings, Fixtures & Appliances",2026-05-21
TSFINV,91366424576.0,SMALL CAP,414.0,19.64879,1.5574098,,4.579,0.17115,0.63479,6.932,-0.025,Financial Services,Financial Services,Asset Management,2026-05-21
TTML,83143073792.0,SMALL CAP,42.529998779296875,,-0.41628736,,,0.44332,-0.18556999,-0.041,,Communication Services,Communication Services,Telecom Services,2026-05-21
TUNWAL,3362305536.0,MICRO CAP,60.8,26.320347,2.8626583,,,,,,,Unknown,Unknown,Unknown,2026-05-21
TVSELECT,8655347712.0,MICRO CAP,459.8999938964844,,9.4058695,,68.722,0.02148,-0.00475,0.136,,Technology,Technology,Computer Hardware,2026-05-21
TVSMOTOR,1602938077184.0,LARGE CAP,3373.0,53.08467,47.97121,0.31619,306.09,0.12477,0.05381,0.313,0.191,Consumer Cyclical,Consumer Cyclical,Auto Manufacturers,2026-05-21
TVSHLTD,270543699968.0,MID CAP,13372.0,15.946384,4.9073143,,315.772,0.00457,0.0332,0.349,0.277,Consumer Cyclical,Consumer Cyclical,Auto Parts,2026-05-21
TVSSRICHAK,27703205888.0,SMALL CAP,3618.0,61.79334,2.3978717,,68.917,0.04567,0.01285,0.142,,Consumer Cyclical,Consumer Cyclical,Auto Parts,2026-05-21
TVSSCS,51190120448.0,SMALL CAP,116.02999877929688,55.783657,2.584993,,112.34,0.02157,0.00878,0.111,,Industrials,Industrials,Integrated Freight & Logistics,2026-05-21
TVTODAY,6515812864.0,MICRO CAP,109.19999694824219,37.65517,0.74163115,0.022720002,1.647,0.04506,0.01689,-0.089,0.466,Communication Services,Communication Services,Broadcasting,2026-05-21
UBL,353298153472.0,MID CAP,1336.199951171875,85.43478,8.131694,0.09292,29.076,0.02807,0.04472,-0.031,0.043,Consumer Defensive,Consumer Defensive,Beverages - Brewers,2026-05-21
TVVISION,206508176.0,MICRO CAP,5.329999923706055,,-0.12982585,,,-11.83703,-1.26355,-0.948,,Communication Services,Communication Services,Broadcasting,2026-05-21
UCAL,2013445504.0,MICRO CAP,91.05000305175781,,0.58256716,,87.154,-0.00654,-0.05073,-0.024,,Consumer Cyclical,Consumer Cyclical,Auto Parts,2026-05-21
UCOBANK,311482646528.0,MID CAP,24.84000015258789,11.239819,0.93831456,0.08631,,0.41611,0.2386,-0.126,0.149,Financial Services,Financial Services,Banks - Regional,2026-05-21
UCL,670269184.0,MICRO CAP,59.65,,1.5839087,,,,,,,Unknown,Unknown,Unknown,2026-05-21
UDS,11649910784.0,SMALL CAP,172.5,12.545455,1.1484687,,4.984,0.04009,0.031689998,0.104,-0.702,Industrials,Industrials,Specialty Business Services,2026-05-21
UEL,19372032000.0,SMALL CAP,145.22000122070312,1613.5555,55.512234,,27.068,-0.11807,0.115200005,-0.274,,Technology,Technology,Solar,2026-05-21
UFBL,18251388928.0,SMALL CAP,466.95001220703125,,5.5642943,-0.17889,275.522,0.02448,-0.04369,0.241,,Consumer Cyclical,Consumer Cyclical,Restaurants,2026-05-21
UFLEX,30058031104.0,SMALL CAP,416.25,10.369955,0.38861445,,120.69,0.06702,0.01939,-0.043,-0.736,Consumer Cyclical,Consumer Cyclical,Packaging & Containers,2026-05-21
UGARSUGAR,4730625024.0,MICRO CAP,42.04999923706055,24.881655,2.0231907,0.060539998,285.835,0.15557,0.0091699995,-0.238,-0.104,Consumer Defensive,Consumer Defensive,Confectioners,2026-05-21
UFO,2890146816.0,MICRO CAP,74.45999908447266,14.68639,0.9207483,,29.853,0.08045,0.04428,-0.049,-0.583,Communication Services,Communication Services,Entertainment,2026-05-21
ULTRAMAR,,UNKNOWN,406.25,14.184707,1.1161481,,8.379,0.141,0.108509995,0.096,0.187,Basic Materials,Basic Materials,Specialty Chemicals,2026-05-21
UJJIVANSFB,104708087808.0,MID CAP,53.849998474121094,15.34188,1.64538,0.10739,,0.29524,0.16572,0.444,2.34,Financial Services,Financial Services,Banks - Regional,2026-05-21
UGROCAP,15030933504.0,SMALL CAP,98.36000061035156,7.4628224,0.45639092,0.0706,375.276,0.25767002,0.20388001,0.561,-0.177,Financial Services,Financial Services,Credit Services,2026-05-21
ULTRACEMCO,3373537427456.0,MEGA CAP,11468.0,41.364883,4.68294,0.10593,29.432,0.17024,0.092259996,0.03,,Basic Materials,Basic Materials,Building Materials,2026-05-21
UMA,676147456.0,MICRO CAP,33.35,25.075186,0.875374,,,,,,,Unknown,Unknown,Unknown,2026-05-21
UMAEXPORTS,845245824.0,MICRO CAP,25.0,,0.42920664,,95.923,0.00912,-0.00281,0.133,-0.406,Consumer Defensive,Consumer Defensive,Farm Products,2026-05-21
UMESLTD,129377616.0,MICRO CAP,4.840000152587891,37.23077,0.99896806,,2.889,0.4637,0.48792,0.746,-0.5,Consumer Defensive,Consumer Defensive,Education & Training Services,2026-05-21
UMIYA-MRO,1579783168.0,MICRO CAP,84.55000305175781,3.7444642,1.2467192,0.42873,110.392,0.20363002,0.555,0.631,0.833,Real Estate,Real Estate,Real Estate - Development,2026-05-21
UNIECOM,9664609280.0,MICRO CAP,86.0,48.314606,5.225105,0.1555,4.907,0.11587,0.10012,0.166,-0.017,Technology,Technology,Software - Application,2026-05-21
UNICHEMLAB,26402156544.0,SMALL CAP,375.0,8.975587,1.0835676,,20.616,0.02596,0.13319999,-0.022,3.575,Healthcare,Healthcare,Drug Manufacturers - Specialty & Generic,2026-05-21
UNIDT,4831737856.0,MICRO CAP,237.97999572753906,26.79955,1.7891079,,11.201,0.15541,0.106979996,0.491,1.053,Energy,Energy,Oil & Gas Equipment & Services,2026-05-21
UNIHEALTH,1863394176.0,MICRO CAP,121.0,12.321793,1.4881685,,,,,,,Unknown,Unknown,Unknown,2026-05-21
UNIINFO,127248120.0,MICRO CAP,11.899999618530273,,0.39443153,,15.548,-0.02934,-0.0063,0.381,,Communication Services,Communication Services,Telecom Services,2026-05-21
UNIENTER,7577019904.0,MICRO CAP,108.94999694824219,38.094406,0.26639575,,,-8.5719595,0.25188,-0.974,,Basic Materials,Basic Materials,Chemicals,2026-05-21
UNIMECH,47246045184.0,SMALL CAP,929.0,70.70015,6.6924567,,16.073,-0.1583,0.29236,-0.374,-0.861,Industrials,Industrials,Aerospace & Defense,2026-05-21
UNIONBANK,1228323553280.0,LARGE CAP,160.91000366210938,6.3201103,0.9373817,0.15708,,-8.87682,0.35658002,,,Financial Services,Financial Services,Banks - Regional,2026-05-21
UNIPARTS,24363649024.0,SMALL CAP,540.2000122070312,18.76346,2.6570392,,13.13,0.15889,0.119890004,0.349,0.738,Industrials,Industrials,Farm & Heavy Construction Machinery,2026-05-21
UNITDSPR,930055192576.0,LARGE CAP,1278.5999755859375,53.23064,10.805557,0.20034,4.611,0.16929,0.14743,0.008,0.28,Consumer Defensive,Consumer Defensive,Beverages - Wineries & Distilleries,2026-05-21
UNIVASTU,2565136896.0,MICRO CAP,71.27999877929688,24.327644,2.9381697,,43.706,0.1724,0.09024,0.337,0.719,Industrials,Industrials,Engineering & Construction,2026-05-21
UNITECH,12165799936.0,SMALL CAP,4.650000095367432,,-0.15178221,,,-1.7002499,0.0,0.912,,Real Estate,Real Estate,Real Estate - Diversified,2026-05-21
UNOMINDA,617936519168.0,LARGE CAP,1070.0999755859375,51.670692,9.891938,0.19202,37.74,0.077020004,0.060900003,0.178,0.222,Consumer Cyclical,Consumer Cyclical,Auto Parts,2026-05-21
UNIVCABLES,35470819328.0,SMALL CAP,1022.3499755859375,22.523684,1.8958281,,54.171,0.06506,0.05513,0.264,0.719,Industrials,Industrials,Electrical Equipment & Parts,2026-05-21
UNIVPHOTO,4544482816.0,MICRO CAP,415.1499938964844,,0.5403291,,,0.02083,0.0,-0.2,,Healthcare,Healthcare,Medical Devices,2026-05-21
UPL,533670133760.0,LARGE CAP,631.3499755859375,28.273623,1.5359296,0.05614,57.128,0.14899999,0.03708,0.177,0.332,Basic Materials,Basic Materials,Agricultural Inputs,2026-05-21
URAVIDEF,1356600064.0,MICRO CAP,119.0,51.739132,2.8197715,,45.279,0.025050001,0.06519,0.018,0.292,Consumer Cyclical,Consumer Cyclical,Auto Parts,2026-05-21
URBANCO,175198486528.0,MID CAP,119.81999969482422,,7.8462443,-0.11921,6.335,-0.19743,-0.13876,0.547,,Technology,Technology,Software - Application,2026-05-21
URBAN,3197704960.0,MICRO CAP,369.25,27.250921,7.8019357,,,,,,,Unknown,Unknown,Unknown,2026-05-21
USASEEDS,2814338816.0,MICRO CAP,279.05,45.89638,3.4496613,,,,,,,Unknown,Unknown,Unknown,2026-05-21
USHAMART,141713555456.0,MID CAP,465.54998779296875,32.78521,4.296644,0.16228001,6.922,0.18410999,0.12625,0.093,0.458,Basic Materials,Basic Materials,Steel,2026-05-21
USK,1185750016.0,MICRO CAP,21.420000076293945,,0.7340393,,39.287,-0.1003,-0.06509,0.059,,Industrials,Industrials,Engineering & Construction,2026-05-21
URJA,6023397376.0,MICRO CAP,10.8100004196167,540.50006,3.2678356,,23.646,0.01565,0.01894,-0.276,-0.222,Technology,Technology,Solar,2026-05-21
UTIAMC,121563193344.0,MID CAP,945.8499755859375,30.14181,2.7633889,0.09776,3.129,0.38298,0.23798999,0.067,,Financial Services,Financial Services,Asset Management,2026-05-21
UTKARSHBNK,23703255040.0,SMALL CAP,13.319999694824219,,0.6135704,,,28.0326,-1.66377,,,Financial Services,Financial Services,Banks - Regional,2026-05-21
UTTAMSUGAR,9275834368.0,MICRO CAP,242.5500030517578,8.303663,1.1665488,0.11748,81.154,0.1863,0.04538,-0.167,-0.168,Consumer Defensive,Consumer Defensive,Confectioners,2026-05-21
V2RETAIL,84041654272.0,SMALL CAP,230.47999572753906,53.6,20.735943,,339.244,0.13772,0.05432,0.572,0.971,Consumer Cyclical,Consumer Cyclical,Apparel Retail,2026-05-21
VADILALIND,30239201280.0,SMALL CAP,4207.0,24.742693,3.8513896,,25.978,0.01609,0.08926,0.167,,Consumer Defensive,Consumer Defensive,Packaged Foods,2026-05-21
UTLSOLAR,83983663104.0,SMALL CAP,273.6499938964844,26.775928,14.500318,0.36418,40.802,0.17009,0.11432999,0.853,0.962,Technology,Technology,Solar,2026-05-21
UWCSL,462857632.0,MICRO CAP,88.95,13.920188,1.7663528,,,,,,,Unknown,Unknown,Unknown,2026-05-21
UYFINCORP,2809820416.0,MICRO CAP,14.770000457763672,8.791667,0.80887187,,1.149,0.52711,0.29483998,1.724,7.0,Financial Services,Financial Services,Credit Services,2026-05-21
VAIBHAVGBL,38121218048.0,SMALL CAP,228.27000427246094,18.423729,2.633115,,15.726,0.10363,0.05797,0.091,0.404,Consumer Cyclical,Consumer Cyclical,Luxury Goods,2026-05-21
VAISHALI,913234880.0,MICRO CAP,7.0,116.66667,1.3695949,,23.153,0.058119997,-0.00446,-0.117,0.02,Healthcare,Healthcare,Drug Manufacturers - Specialty & Generic,2026-05-21
VALIANTLAB,4119602944.0,MICRO CAP,75.8499984741211,,1.1956933,-0.01199,14.865,0.022330001,-0.01363,0.595,1.042,Healthcare,Healthcare,Drug Manufacturers - Specialty & Generic,2026-05-21
VARDMNPOLY,3033359360.0,MICRO CAP,6.28000020980835,44.857143,-1.3135327,,,-0.032509997,0.03076,-0.329,,Consumer Cyclical,Consumer Cyclical,Textile Manufacturing,2026-05-21
VAKRANGEE,6834940416.0,MICRO CAP,6.309999942779541,63.1,2.8852308,0.051119998,1.705,0.04517,0.043109998,-0.068,-0.5,Technology,Technology,Information Technology Services,2026-05-21
VARDHACRLC,3509484544.0,MICRO CAP,43.66999816894531,34.385826,1.5255895,,,0.08285,0.04434,-0.067,0.878,Consumer Cyclical,Consumer Cyclical,Textile Manufacturing,2026-05-21
VARROC,86247579648.0,SMALL CAP,564.4500122070312,48.87013,5.1194496,,53.145,0.056750003,0.020450002,0.102,,Consumer Cyclical,Consumer Cyclical,Auto Parts,2026-05-21
VALIANTORG,8128488960.0,MICRO CAP,290.1000061035156,33.850643,1.1004143,0.04476,33.698,0.09127,0.04457,0.088,2.691,Basic Materials,Basic Materials,Chemicals,2026-05-21
VASA,38651952.0,MICRO CAP,6.45,,-0.2043532,,,,,,,Unknown,Unknown,Unknown,2026-05-21
VASCONEQ,8206556672.0,MICRO CAP,35.33000183105469,16.432558,0.71676373,0.04363,26.086,0.0582,0.04967,-0.33,-0.836,Industrials,Industrials,Engineering & Construction,2026-05-21
VASWANI,1770376192.0,MICRO CAP,53.650001525878906,198.7037,1.1283572,,174.83,0.00986,0.00191,0.214,,Basic Materials,Basic Materials,Steel,2026-05-21
VEEKAYEM,1227733760.0,MICRO CAP,208.95,16.796623,2.0828557,,,,,,,Unknown,Unknown,Unknown,2026-05-21
VBL,1760147013632.0,LARGE CAP,520.4000244140625,55.30287,8.989308,,12.705,0.18491,0.14024,0.181,0.2,Consumer Defensive,Consumer Defensive,Beverages - Non-Alcoholic,2026-05-21
VCL,266440736.0,MICRO CAP,1.4500000476837158,4.3939395,1.5524626,,63.082,0.26063,0.36863998,,,Consumer Cyclical,Consumer Cyclical,Textile Manufacturing,2026-05-21
VEEDOL,24508286976.0,SMALL CAP,1442.0999755859375,12.642237,2.5077689,,2.144,0.079780005,0.0926,0.115,0.167,Basic Materials,Basic Materials,Specialty Chemicals,2026-05-21
VEDL,1302641901568.0,LARGE CAP,333.6000061035156,18.605688,3.2411005,0.20403999,48.044,0.2624,0.22681999,-0.413,0.922,Basic Materials,Basic Materials,Other Industrial Metals & Mining,2026-05-21
VELS,748664000.0,MICRO CAP,58.0,1.5696887,1.334407,,,,,,,Unknown,Unknown,Unknown,2026-05-21
VELJAN,,UNKNOWN,1040.300048828125,,,,3.483,0.18444,0.15705,-0.077,-0.229,,,,2026-05-21
VENTIVE,146524012544.0,MID CAP,627.4000244140625,34.43469,2.944365,0.07925,38.079,0.45049,0.15965,0.229,0.329,Consumer Cyclical,Consumer Cyclical,Lodging,2026-05-21
VENKEYS,21463463936.0,SMALL CAP,1523.5999755859375,42.007168,1.4796313,,13.056,0.063140005,0.01475,0.089,1.383,Consumer Defensive,Consumer Defensive,Farm Products,2026-05-21
VERA,339281248.0,MICRO CAP,68.75,16.727493,1.3603086,,,,,,,Unknown,Unknown,Unknown,2026-05-21
VENUSPIPES,28242274304.0,SMALL CAP,1363.300048828125,27.959394,4.5898957,,42.716,0.14406,0.08906999,0.283,0.413,Basic Materials,Basic Materials,Steel,2026-05-21
VENUSREM,14001641472.0,SMALL CAP,1046.25,18.348825,2.3531065,,2.42,0.17175,0.10854,0.019,0.361,Healthcare,Healthcare,Drug Manufacturers - Specialty & Generic,2026-05-21
VERANDA,23705815040.0,SMALL CAP,246.5,25.544043,2.6174119,,42.052,0.22994,0.20098,0.178,,Consumer Defensive,Consumer Defensive,Education & Training Services,2026-05-21
VERITAAS,386751008.0,MICRO CAP,137.0,25.276752,3.0778906,,,,,,,Unknown,Unknown,Unknown,2026-05-21
VERTEXPLUS,924134528.0,MICRO CAP,168.65,105.40624,4.1943345,,,,,,,Unknown,Unknown,Unknown,2026-05-21
VERTOZ,3877112832.0,MICRO CAP,45.4900016784668,8.919608,1.5856253,,8.016,0.111379996,0.09083,0.139,-0.2,Technology,Technology,Software - Infrastructure,2026-05-21
VGL,3262796032.0,MICRO CAP,63.31999969482422,6.5821204,3.1868742,,27.428,-0.22149,0.75439,1.043,,Consumer Cyclical,Consumer Cyclical,Textile Manufacturing,2026-05-21
VESUVIUS,97482072064.0,SMALL CAP,480.29998779296875,37.40654,5.864254,0.17066,0.826,0.14807001,0.12549,0.083,0.339,Industrials,Industrials,Specialty Industrial Machinery,2026-05-21
VETO,2163812864.0,MICRO CAP,113.19999694824219,9.063251,0.7819191,,5.817,0.097959995,0.07086,0.245,0.816,Industrials,Industrials,Electrical Equipment & Parts,2026-05-21
VGUARD,133225160704.0,MID CAP,305.0,43.447292,6.1023192,0.13793,6.964,0.08125,0.051680002,0.141,0.231,Industrials,Industrials,Electrical Equipment & Parts,2026-05-21
VHL,11136545792.0,SMALL CAP,3489.39990234375,4.798207,0.29813418,,,0.91814005,14.548559,-0.114,-0.183,Financial Services,Financial Services,Credit Services,2026-05-21
VHLTD,9409613824.0,MICRO CAP,138.99000549316406,42.50459,3.813692,,20.112,0.22431,0.17118,0.024,0.417,Consumer Cyclical,Consumer Cyclical,Lodging,2026-05-21
VIDYAWIRES,19323095040.0,SMALL CAP,90.8499984741211,33.523983,7.7749248,,99.197,0.050580002,0.03131,0.293,0.091,Industrials,Industrials,Electrical Equipment & Parts,2026-05-21
VIAZ,692181504.0,MICRO CAP,56.5,20.772058,1.7795836,,,,,,,Unknown,Unknown,Unknown,2026-05-21
VIJAYA,130010013696.0,MID CAP,1263.5,75.34287,15.016104,,42.224,0.30074,0.20727,0.214,0.225,Healthcare,Healthcare,Diagnostics & Research,2026-05-21
VIJIFIN,551475008.0,MICRO CAP,3.869999885559082,27.642857,2.627291,0.08825,31.027,0.86291003,0.41875,1.619,2.12,Financial Services,Financial Services,Credit Services,2026-05-21
VIKASECO,2246256640.0,MICRO CAP,1.2699999809265137,21.166666,0.43944633,,9.468,0.014730001,0.01994,-0.189,,Basic Materials,Basic Materials,Specialty Chemicals,2026-05-21
VIDHIING,14511518720.0,SMALL CAP,290.54998779296875,30.455975,4.7003913,0.15569,17.578,0.15077,0.12883,0.12,0.114,Basic Materials,Basic Materials,Specialty Chemicals,2026-05-21
VIKASLIFE,2693619456.0,MICRO CAP,1.4500000476837158,,0.3948802,,17.508,-0.17679001,-0.05593,-0.177,,Consumer Defensive,Consumer Defensive,Farm Products,2026-05-21
VIKRAMSOLR,72038490112.0,SMALL CAP,198.82000732421875,14.619118,2.261271,,8.898,0.15225,0.09919,0.078,2.913,Technology,Technology,Solar,2026-05-21
VILAS,12012336128.0,SMALL CAP,490.7,26.395912,3.8302124,,,,,,,Unknown,Unknown,Unknown,2026-05-21
VINATIORGA,137331875840.0,MID CAP,1323.800048828125,30.922682,4.6776395,0.14903,,0.23154,0.19466,-0.069,0.007,Basic Materials,Basic Materials,Specialty Chemicals,2026-05-21
VIKRAN,16642998272.0,SMALL CAP,64.52999877929688,22.642105,1.155044,,27.396,0.12644,0.07675,0.005,-0.557,Industrials,Industrials,Engineering & Construction,2026-05-21
VINCOFE,19595091968.0,SMALL CAP,134.5,28.556263,3.7080944,,16.989,0.17321,0.13557,0.708,0.297,Consumer Defensive,Consumer Defensive,Beverages - Non-Alcoholic,2026-05-21
VIMTALABS,20311277568.0,SMALL CAP,453.54998779296875,26.399883,4.865007,0.1855,0.729,0.24365,0.19031,0.14,0.182,Healthcare,Healthcare,Diagnostics & Research,2026-05-21
VILINBIO,251100000.0,MICRO CAP,18.0,112.5,1.0692647,,,,,,,Unknown,Unknown,Unknown,2026-05-21
VINDHYATEL,19478077440.0,SMALL CAP,1643.5999755859375,8.593537,0.45843592,,32.942,0.0177,0.05941,-0.309,,Industrials,Industrials,Engineering & Construction,2026-05-21
VINSYS,5940157440.0,MICRO CAP,404.7,19.78973,4.2379627,,,,,,,Unknown,Unknown,Unknown,2026-05-21
VINEETLAB,691425600.0,MICRO CAP,36.0,,2.3608105,,300.832,0.12185001,-0.18101999,-0.134,,Basic Materials,Basic Materials,Chemicals,2026-05-21
VINNY,530381152.0,MICRO CAP,1.1399999856948853,57.0,0.4137931,,16.674,0.00135,0.012610001,0.055,-0.979,Consumer Cyclical,Consumer Cyclical,Textile Manufacturing,2026-05-21
VINYAS,14406366208.0,SMALL CAP,1144.75,66.36232,6.7046385,,,,,,,Unknown,Unknown,Unknown,2026-05-21
VIPCLOTHNG,2345170176.0,MICRO CAP,26.020000457763672,29.908047,1.2322993,,40.011,0.059910003,0.03158,-0.189,-0.545,Consumer Cyclical,Consumer Cyclical,Apparel Manufacturing,2026-05-21
VINYLINDIA,5284755968.0,MICRO CAP,288.20001220703125,32.093544,4.3368998,0.12845,0.376,0.03692,0.025290001,0.04,-0.361,Basic Materials,Basic Materials,Specialty Chemicals,2026-05-21
VIPIND,42693677056.0,SMALL CAP,300.54998779296875,,9.200979,-0.74644,254.843,-0.24823,-0.17975001,-0.11,,Consumer Cyclical,Consumer Cyclical,Footwear & Accessories,2026-05-21
VIPULLTD,1288369792.0,MICRO CAP,9.140000343322754,,0.31414333,,19.491,-0.1749,-0.44313,-0.184,-0.71,Real Estate,Real Estate,Real Estate - Diversified,2026-05-21
VIRINCHI,1786148096.0,MICRO CAP,16.290000915527344,,0.363746,,64.151,0.15117,-0.05529,-0.067,-0.622,Technology,Technology,Software - Application,2026-05-21
VISAMAN,541430400.0,MICRO CAP,39.2,15.135136,0.8181154,,,,,,,Unknown,Unknown,Unknown,2026-05-21
VISASTEEL,6986232832.0,MICRO CAP,47.92,,-0.40216523,,,-0.025899999,-0.94097,0.277,,Basic Materials,Basic Materials,Steel,2026-05-21
VISHNUINFR,5400592384.0,MICRO CAP,219.45,17.598236,3.0164533,,,,,,,Unknown,Unknown,Unknown,2026-05-21
VISHNU,40278097920.0,SMALL CAP,598.3499755859375,29.088478,4.030487,,41.813,0.123780005,0.08879,0.108,-0.044,Basic Materials,Basic Materials,Specialty Chemicals,2026-05-21
VISHWARAJ,1163199872.0,MICRO CAP,5.340000152587891,,0.4764454,-0.13826999,145.775,-0.03396,-0.083500005,-0.166,,Consumer Defensive,Consumer Defensive,Confectioners,2026-05-21
VISAKAIND,6221142528.0,MICRO CAP,72.0,10.38961,0.79246277,,53.394,0.025150001,0.03689,0.046,,Industrials,Industrials,Building Products & Equipment,2026-05-21
VITAL,1410480256.0,MICRO CAP,58.88999938964844,50.333336,1.3372238,0.03349,70.621,0.037639998,0.02337,-0.021,-0.34,Basic Materials,Basic Materials,Specialty Chemicals,2026-05-21
VISHWAS,867500032.0,MICRO CAP,86.75,13.946946,1.6781445,,,,,,,Unknown,Unknown,Unknown,2026-05-21
VIVIANA,8472270848.0,MICRO CAP,843.65,42.2036,11.583031,,,,,,,Unknown,Unknown,Unknown,2026-05-21
VIVIMEDLAB,541427840.0,MICRO CAP,6.53000020980835,,-1.1295624,,,-0.97253996,-0.39539,-0.563,,Healthcare,Healthcare,Drug Manufacturers - Specialty & Generic,2026-05-21
VIYASH,108439289856.0,MID CAP,248.4499969482422,96.298454,7.6719985,,55.307,0.137,0.0537,1.196,5.692,Healthcare,Healthcare,Drug Manufacturers - Specialty & Generic,2026-05-21
VLEGOV,1537839872.0,MICRO CAP,14.180000305175781,,3.3649738,,,-0.16382,0.0,-0.706,,Technology,Technology,Information Technology Services,2026-05-21
VIVO,163215008.0,MICRO CAP,81.0,,1.5847551,,,,,,,Unknown,Unknown,Unknown,2026-05-21
VIVIDHA,146350272.0,MICRO CAP,0.5,,62.499996,,2622.617,-23.029852,0.0,,,Consumer Cyclical,Consumer Cyclical,Textile Manufacturing,2026-05-21
VLSFINANCE,7320014848.0,MICRO CAP,233.27999877929688,13.869204,0.30640954,,0.001,0.77385,0.61292,,,Financial Services,Financial Services,Capital Markets,2026-05-21
VMARCIND,4412819456.0,MICRO CAP,180.7,7.295115,2.3292985,,,,,,,Unknown,Unknown,Unknown,2026-05-21
VMART,50767536128.0,SMALL CAP,638.2000122070312,54.453926,5.976159,,94.737,0.11684,0.03647,0.097,0.232,Consumer Cyclical,Consumer Cyclical,Department Stores,2026-05-21
VMSTMT,2335644672.0,MICRO CAP,47.060001373291016,10.411505,0.7304618,,128.794,0.07394,0.027460001,,,Basic Materials,Basic Materials,Steel,2026-05-21
VMM,578315288576.0,LARGE CAP,123.68000030517578,69.09497,8.275678,0.12149999,26.817,0.079380006,0.065019995,0.222,0.44,Consumer Cyclical,Consumer Cyclical,Department Stores,2026-05-21
VOLTAMP,93866639360.0,SMALL CAP,9278.0,30.733047,5.7071257,0.18073,0.03,0.12549,0.1418,-0.018,-0.505,Industrials,Industrials,Electrical Equipment & Parts,2026-05-21
VPRPL,4911790080.0,MICRO CAP,39.25,,0.32371935,,90.698,-0.10439,-0.0026699998,-0.263,,Industrials,Industrials,Engineering & Construction,2026-05-21
VOLTAS,420786110464.0,MID CAP,1271.800048828125,111.55263,6.647291,0.057189997,15.51,0.04093,0.02639,0.025,-0.518,Consumer Cyclical,Consumer Cyclical,"Furnishings, Fixtures & Appliances",2026-05-21
VRAJ,3974405632.0,MICRO CAP,120.5,15.0625,0.9620989,,6.498,-0.0018000001,0.046350002,0.221,-0.879,Basic Materials,Basic Materials,Steel,2026-05-21
VR,1598400000.0,MICRO CAP,180.0,71.14625,4.2704625,,,,,,,Unknown,Unknown,Unknown,2026-05-21
VRLLOG,43078234112.0,SMALL CAP,246.25,18.040293,3.9315708,0.21269,101.023,0.14007,0.07299,0.065,-0.029,Industrials,Industrials,Trucking,2026-05-21
VSCL,667259584.0,MICRO CAP,52.2,,-10.079166,,,,,,,Unknown,Unknown,Unknown,2026-05-21
VSTTILLERS,39045554176.0,SMALL CAP,4512.5,31.518475,3.6915898,0.09992,0.175,0.031489998,0.084130004,-0.014,-0.792,Industrials,Industrials,Farm & Heavy Construction Machinery,2026-05-21
VSTL,2237568512.0,MICRO CAP,118.0,20.99644,1.1583959,0.04567,97.86,0.028350001,0.00763,0.162,-0.419,Basic Materials,Basic Materials,Steel,2026-05-21
VSTIND,43555766272.0,SMALL CAP,256.8999938964844,14.936046,3.4365594,0.21114,,0.31738,0.19955999,0.309,1.195,Consumer Defensive,Consumer Defensive,Tobacco,2026-05-21
VSSL,26588561408.0,SMALL CAP,275.0,20.960365,2.179409,0.1176,7.281,0.10645001,0.06955,0.07,0.458,Basic Materials,Basic Materials,Steel,2026-05-21
WAAREEENER,867268755456.0,LARGE CAP,3015.0,26.540493,6.003608,0.31570998,21.402,0.15048,0.13986,1.118,0.712,Technology,Technology,Solar,2026-05-21
VTL,180555235328.0,MID CAP,624.5,23.858946,1.7496083,0.07329,17.52,0.06865,0.07551,-0.004,-0.223,Consumer Cyclical,Consumer Cyclical,Textile Manufacturing,2026-05-21
WAAREEINDO,16556189696.0,SMALL CAP,397.95001220703125,6.713057,8.132383,1.5063001,1.07,0.66416,0.36273,-0.57,0.048,Technology,Technology,Solar,2026-05-21
WAAREERTL,98794594304.0,SMALL CAP,946.7999877929688,20.667976,14.992399,,15.598,0.18571,-0.34030998,1.312,0.667,Utilities,Utilities,Utilities - Renewable,2026-05-21
WAKEFIT,46848679936.0,SMALL CAP,141.97999572753906,112.68254,4.1564445,,49.699,0.07515,0.02848,0.094,,Consumer Cyclical,Consumer Cyclical,"Furnishings, Fixtures & Appliances",2026-05-21
WABAG,87958560768.0,SMALL CAP,1411.5,26.037632,3.7795312,,10.322,0.12473,0.092700005,0.185,0.733,Industrials,Industrials,Engineering & Construction,2026-05-21
WALCHANNAG,16361617408.0,SMALL CAP,240.92999267578125,,4.678252,,55.731,0.15442,-0.31355,0.37,,Industrials,Industrials,Engineering & Construction,2026-05-21
WCIL,9980396544.0,MICRO CAP,97.88999938964844,22.659721,1.1744592,0.0458,26.012,0.033069998,0.02105,0.164,-0.386,Industrials,Industrials,Integrated Freight & Logistics,2026-05-21
WALPAR,1045388800.0,MICRO CAP,115.1,68.10651,6.084474,,,,,,,Unknown,Unknown,Unknown,2026-05-21
WEBELSOLAR,46841896960.0,SMALL CAP,107.88999938964844,15.45702,11.639874,0.66685,20.729,0.30507,0.28873,1.321,1.443,Technology,Technology,Solar,2026-05-21
WANBURY,9779537920.0,MICRO CAP,279.8999938964844,14.631469,8.651973,,,0.054920003,-0.25901,-0.192,,Healthcare,Healthcare,Drug Manufacturers - Specialty & Generic,2026-05-21
WEALTH,10110529536.0,SMALL CAP,948.9000244140625,42.456375,6.7089467,,,0.17282,0.47617,-0.607,-0.88,Financial Services,Financial Services,Capital Markets,2026-05-21
WEIZMANIND,1284440320.0,MICRO CAP,82.9000015258789,,2.0339067,,11.861,0.13013,-0.02394,-0.004,0.214,Consumer Cyclical,Consumer Cyclical,Textile Manufacturing,2026-05-21
WELCORP,355842097152.0,MID CAP,1349.4000244140625,18.33424,4.3509946,,18.258,0.115430005,0.11848,0.254,-0.33,Basic Materials,Basic Materials,Steel,2026-05-21
WEL,13235970048.0,SMALL CAP,98.7699966430664,97.792076,15.015202,,91.622,0.02021,0.01897,-0.311,-0.895,Consumer Cyclical,Consumer Cyclical,"Furnishings, Fixtures & Appliances",2026-05-21
WELSPLSOL,,UNKNOWN,42.29999923706055,,,0.050890002,7.686,0.03959,0.02558,0.098,-0.169,,,,2026-05-21
WELINV,6636067328.0,MICRO CAP,1809.9000244140625,208.51382,0.90404284,,,-1.25279,0.61432,-0.35,,Financial Services,Financial Services,Capital Markets,2026-05-21
WELENT,67264450560.0,SMALL CAP,496.0,18.895239,2.5300572,0.13603,60.918,0.18879,0.09677,0.174,0.534,Industrials,Industrials,Engineering & Construction,2026-05-21
WELSPUNLIV,137526984704.0,MID CAP,143.8800048828125,67.23364,2.9764786,0.04301,46.501,0.066,0.02159,-0.074,-0.221,Consumer Cyclical,Consumer Cyclical,Textile Manufacturing,2026-05-21
WENDT,13731999744.0,SMALL CAP,6866.0,94.6121,5.538486,0.05849,0.075,0.09988,0.06157,-0.117,-0.605,Industrials,Industrials,Tools & Accessories,2026-05-21
WESTLIFE,73106620416.0,SMALL CAP,471.0,228.64078,11.768527,0.05289,291.521,0.04538,0.01243,0.079,0.5,Consumer Cyclical,Consumer Cyclical,Restaurants,2026-05-21
WEWORK,67588599808.0,SMALL CAP,492.6499938964844,145.32448,32.854286,,2378.742,0.25536,0.01988,0.29,,Real Estate,Real Estate,Real Estate Services,2026-05-21
WEWIN,574096512.0,MICRO CAP,56.5,12.363238,1.8605111,0.15142,10.825,0.039219998,0.047620002,0.542,-0.707,Technology,Technology,Information Technology Services,2026-05-21
WHEELS,40614998016.0,SMALL CAP,1662.300048828125,30.081434,4.217056,,,0.04892,0.03187,0.025,-0.098,Consumer Cyclical,Consumer Cyclical,Auto Parts,2026-05-21
WHIRLPOOL,111658172416.0,MID CAP,879.75,38.067936,1.3672307,,6.334,0.022449998,0.042340003,0.04,-0.396,Consumer Cyclical,Consumer Cyclical,"Furnishings, Fixtures & Appliances",2026-05-21
WILLAMAGOR,311598880.0,MICRO CAP,28.440000534057617,1.8698225,-0.17211017,,,0.64018995,8.484119,0.878,2.964,Financial Services,Financial Services,Credit Services,2026-05-21
WIMPLAST,,UNKNOWN,358.70001220703125,7.1840577,,,,0.12093,0.16507,-0.106,-0.054,Consumer Cyclical,Consumer Cyclical,"Furnishings, Fixtures & Appliances",2026-05-21
WINDLAS,16547282944.0,SMALL CAP,784.0,24.936386,3.0812764,,5.843,0.071550004,0.076869994,0.195,-0.045,Healthcare,Healthcare,Drug Manufacturers - Specialty & Generic,2026-05-21
WINNY,629299968.0,MICRO CAP,290.0,,14.964653,,,,,,,Unknown,Unknown,Unknown,2026-05-21
WINDMACHIN,25893304320.0,SMALL CAP,283.6000061035156,3545.0002,3.2761886,,5.437,-0.01609,-0.028199999,0.252,,Industrials,Industrials,Specialty Industrial Machinery,2026-05-21
WINSOL,4370110464.0,MICRO CAP,378.85,32.187763,7.7393723,,,,,,,Unknown,Unknown,Unknown,2026-05-21
WINSOME,162088624.0,MICRO CAP,2.2200000286102295,,-0.03590258,,,-5.6722603,0.0,0.878,,Consumer Cyclical,Consumer Cyclical,Textile Manufacturing,2026-05-21
WIPL,1222177024.0,MICRO CAP,144.0,56.03113,2.4401402,,44.281,0.0461,0.0178,0.018,-0.019,Basic Materials,Basic Materials,Lumber & Wood Production,2026-05-21
WIPRO,2087794769920.0,MEGA CAP,199.1199951171875,15.840891,2.3258421,0.15487,22.853,0.17138,0.14248,0.077,-0.016,Technology,Technology,Information Technology Services,2026-05-21
WOMANCART,1740787200.0,MICRO CAP,276.0,20.279207,2.0591483,,,,,,,Unknown,Unknown,Unknown,2026-05-21
WOCKPHARMA,261937381376.0,MID CAP,1612.0,123.43032,5.7237816,0.04005,42.284,0.14819,0.06315,0.26,,Healthcare,Healthcare,Drug Manufacturers - Specialty & Generic,2026-05-21
WONDERLA,30852005888.0,SMALL CAP,486.45001220703125,37.97424,1.7863308,0.046430003,0.348,0.09048,0.14832,0.404,0.488,Consumer Cyclical,Consumer Cyclical,Leisure,2026-05-21
WSI,5199588352.0,MICRO CAP,68.51000213623047,,2.9245284,0.00749,17.361,0.22723,0.027190002,-0.424,,Industrials,Industrials,Engineering & Construction,2026-05-21
WORTHPERI,2173480704.0,MICRO CAP,137.99000549316406,13.436222,1.1921074,0.094160005,20.288,0.09899,0.047509998,0.073,-0.309,Consumer Cyclical,Consumer Cyclical,Packaging & Containers,2026-05-21
WPIL,,UNKNOWN,434.1000061035156,,,,31.9,0.19006,0.06238,0.412,0.735,,,,2026-05-21
WSTCSTPAPR,32017207296.0,SMALL CAP,484.75,22.452524,0.9040622,,11.26,0.01271,0.034849998,0.033,-0.581,Basic Materials,Basic Materials,Paper & Paper Products,2026-05-21
WTICAB,6644692480.0,MICRO CAP,279.05,24.47807,3.5688705,,,,,,,Unknown,Unknown,Unknown,2026-05-21
XELPMOC,1517835904.0,MICRO CAP,102.55999755859375,,1.9675401,,0.36,-1.76877,-2.01164,0.345,,Technology,Technology,Information Technology Services,2026-05-21
XCHANGING,7575452672.0,MICRO CAP,68.0,13.102119,2.0640461,,24.199,0.32937,0.28593,0.07,-0.092,Technology,Technology,Information Technology Services,2026-05-21
XTGLOBAL,,UNKNOWN,31.200000762939453,47.272728,,,25.53,0.07716,0.02715,0.886,-0.214,Technology,Technology,Software - Application,2026-05-21
XPROINDIA,25643749376.0,SMALL CAP,1092.5999755859375,192.35916,3.7401156,,46.18,0.05421,0.024260001,0.017,-0.123,Basic Materials,Basic Materials,Specialty Chemicals,2026-05-21
YASHO,24874332160.0,SMALL CAP,2059.89990234375,135.16403,5.807328,,138.322,0.09482,0.02368,0.355,,Basic Materials,Basic Materials,Specialty Chemicals,2026-05-21
YASHOPTICS,2436935168.0,MICRO CAP,98.4,26.522911,2.6059325,,,,,,,Unknown,Unknown,Unknown,2026-05-21
YATHARTH,82334801920.0,SMALL CAP,854.5,49.08099,4.8757806,,1.525,0.15692,0.15289,0.462,0.319,Healthcare,Healthcare,Medical Care Facilities,2026-05-21
YCCL,482598016.0,MICRO CAP,25.0,17.985611,1.1683881,,,,,,,Unknown,Unknown,Unknown,2026-05-21
YESBANK,692678623232.0,LARGE CAP,22.059999465942383,19.705357,1.4011809,0.07095,,0.54693,0.22045,0.198,0.118,Financial Services,Financial Services,Banks - Regional,2026-05-21
YATRA,15045124096.0,SMALL CAP,95.87999725341797,27.953352,1.8487524,,6.87,0.04506,0.05179,0.092,-0.172,Consumer Cyclical,Consumer Cyclical,Travel Services,2026-05-21
YUDIZ,628965888.0,MICRO CAP,60.95,,1.3433988,,,,,,,Unknown,Unknown,Unknown,2026-05-21
YUKEN,9280588800.0,MICRO CAP,683.2000122070312,54.48166,2.520838,,33.231,0.03113,0.03638,0.048,,Industrials,Industrials,Specialty Industrial Machinery,2026-05-21
ZAGGLE,28933249024.0,SMALL CAP,214.75999450683594,20.91139,2.1951468,,1.351,0.3502,0.07556,0.56,0.719,Technology,Technology,Software - Infrastructure,2026-05-21
ZEAL,2522197760.0,MICRO CAP,189.5,25.233023,2.9418156,,,,,,,Unknown,Unknown,Unknown,2026-05-21
ZEEL,80068902912.0,SMALL CAP,83.36000061035156,29.560284,0.6968035,,2.465,0.08928,0.06843,0.142,-0.047,Communication Services,Communication Services,Broadcasting,2026-05-21
ZEELEARN,1916583424.0,MICRO CAP,5.860000133514404,18.903227,0.988029,,219.814,-0.02179,0.023710001,0.066,,Consumer Defensive,Consumer Defensive,Education & Training Services,2026-05-21
ZENITHDRUG,1345323264.0,MICRO CAP,78.45,35.497734,1.8785468,,,,,,,Unknown,Unknown,Unknown,2026-05-21
ZEEMEDIA,5015938048.0,MICRO CAP,8.020000457763672,,2.5403864,,54.648,0.21875,-0.010989999,0.507,,Communication Services,Communication Services,Broadcasting,2026-05-21
ZENITHEXPO,1092740608.0,MICRO CAP,202.5,20.25,1.293153,,3.617,-0.04375,0.07469,-0.237,-0.75,Consumer Cyclical,Consumer Cyclical,Textile Manufacturing,2026-05-21
ZENITHSTL,825226624.0,MICRO CAP,5.800000190734863,14.146342,-0.33027732,,,-0.43611,0.08627,-0.737,,Basic Materials,Basic Materials,Steel,2026-05-21
ZENSARTECH,112132939776.0,MID CAP,494.6000061035156,14.680915,2.3759542,,1.68,0.14679,0.072670005,0.067,0.192,Technology,Technology,Information Technology Services,2026-05-21
ZENTEC,144758964224.0,MID CAP,1609.5999755859375,74.55303,8.054403,,0.976,0.33915,0.31508,0.168,0.378,Industrials,Industrials,Aerospace & Defense,2026-05-21
ZFCVINDIA,273190109184.0,MID CAP,14403.0,52.884155,7.402637,0.14979,,0.16420001,0.12021,0.327,0.461,Consumer Cyclical,Consumer Cyclical,Auto Parts,2026-05-21
ZFSTEERING,,UNKNOWN,705.8499755859375,33.26343,,0.02538,22.157,0.05139,0.02649,0.281,,Consumer Cyclical,Consumer Cyclical,Auto Parts,2026-05-21
ZODIACLOTH,2122513664.0,MICRO CAP,77.30000305175781,,1.0875529,,61.685,-0.20056999,-0.19993,-0.098,,Consumer Cyclical,Consumer Cyclical,Apparel Manufacturing,2026-05-21
ZODIAC,,UNKNOWN,305.0,81.76944,4.596073,,178.121,0.07982,0.039470002,0.318,-0.288,,,,2026-05-21
ZIMLAB,5357581312.0,MICRO CAP,100.05000305175781,69.479164,1.878027,0.021289999,42.453,0.07405,0.01513,0.024,-0.248,Healthcare,Healthcare,Drug Manufacturers - Specialty & Generic,2026-05-21
ZOTA,36814741504.0,SMALL CAP,1213.699951171875,,11.779263,,56.9,-0.15877,-0.15369001,0.982,,Healthcare,Healthcare,Biotechnology,2026-05-21
ZSARACOM,,UNKNOWN,9500.0,,,,5.016,0.95734,0.77046996,,,,,,2026-05-21
ZTECH,3910008320.0,MICRO CAP,272.85,14.497875,2.172753,,,,,,,Unknown,Unknown,Unknown,2026-05-21
ZUARI,,UNKNOWN,214.8000030517578,0.93643737,,,34.628,0.07675,0.24334,-0.786,,Basic Materials,Basic Materials,Agricultural Inputs,2026-05-21
ZUARIIND,7329149440.0,MICRO CAP,246.10000610351562,6.1974316,0.15679725,,50.399,-0.058730002,0.11413,0.117,,Industrials,Industrials,Conglomerates,2026-05-21
ZYDUSLIFE,1041049649152.0,LARGE CAP,1034.5999755859375,20.667198,4.113848,0.18318,42.242,0.18466999,0.18565,0.162,0.087,Healthcare,Healthcare,Drug Manufacturers - Specialty & Generic,2026-05-21
ZYDUSWELL,161083031552.0,MID CAP,506.29998779296875,81.66129,2.8223896,0.0343,54.974,0.14214,0.04971,0.627,-0.058,Consumer Defensive,Consumer Defensive,Packaged Foods,2026-05-21
