SYMBOL,MARKET_CAP,MARKET_CAP_CATEGORY,PE_RATIO,PRICE_TO_BOOK,ROE,DEBT_TO_EQUITY,OPERATING_MARGIN,PROFIT_MARGIN,REVENUE_GROWTH,EARNINGS_GROWTH,CURRENT_PRICE,SECTOR,RAW_SECTOR,INDUSTRY,FETCH_DATE
20MICRONS,6350512128.0,SMALL CAP,9.8505745,1.3982705,0.0,35.637,0.10623,0.07001,0.001,0.162,179.97,OTHERS,Basic Materials,Other Industrial Metals & Mining,2026-05-11
21STCENMGM,359835008.0,MICRO CAP,0.0,0.7580852,0.0,0.0,1.66225,0.0,0.0,0.0,34.27,OTHERS,Financial Services,Capital Markets,2026-05-11
360ONE,453141102592.0,LARGE CAP,38.20829,4.5985494,0.14392,161.977,0.57660997,0.27163,0.269,0.11,1115.3,OTHERS,Financial Services,Asset Management,2026-05-11
3BBLACKBIO,0.0,UNKNOWN,0.0,3.512017,0.0,0.086,0.42386,0.44556,0.983,0.663,1249.4,OTHERS,,,2026-05-11
3IINFOLTD,3652380416.0,MICRO CAP,5.8700004,0.96482575,0.0,10.763,-0.0287,0.07819,-0.051,-0.954,17.61,IT,Technology,Information Technology Services,2026-05-11
3MINDIA,356877402112.0,LARGE CAP,94.15401,22.160479,0.0,6.416,0.17493999,0.07739,0.127,0.0,31680.0,CAPITAL GOODS,Industrials,Conglomerates,2026-05-11
3PLAND,0.0,UNKNOWN,0.0,0.0,0.0,0.0,0.0,0.0,0.0,0.0,0.0,OTHERS,,,2026-05-11
5PAISA,15280293888.0,SMALL CAP,23.449642,1.6231358,0.0,46.389,0.23244,0.15349,-0.11,-0.237,325.95,OTHERS,Financial Services,Capital Markets,2026-05-11
63MOONS,80435953664.0,MID CAP,0.0,0.9217274,0.0,0.148,-2.67391,-0.34127998,1.281,0.0,698.45,IT,Technology,Software - Application,2026-05-11
A2ZINFRA,2898932736.0,MICRO CAP,117.57142,6.112142,0.0,353.886,-0.01511,0.00619,0.289,0.0,16.46,CAPITAL GOODS,Industrials,Engineering & Construction,2026-05-11
AAATECH,1257154688.0,MICRO CAP,40.00408,4.0832396,0.0,0.0,0.11416,0.12382,-0.31,-0.186,98.01,IT,Technology,Information Technology Services,2026-05-11
AADHARHFC,217372573696.0,LARGE CAP,20.1413,3.1302545,0.0,255.35,0.64915,0.48024,0.2,0.173,498.9,NBFC,Financial Services,Mortgage Finance,2026-05-11
AAKASH,839362496.0,MICRO CAP,829.0,1.2534019,0.0,53.68,0.04192,0.01798,0.334,2.2,8.29,POWER,Energy,Oil & Gas Equipment & Services,2026-05-11
AAREYDRUGS,2607745280.0,MICRO CAP,75.38525,1.7333862,0.0,38.267,-0.024260001,0.00879,-0.279,-0.219,91.97,PHARMA,Healthcare,Drug Manufacturers - Specialty & Generic,2026-05-11
AARNAV,0.0,UNKNOWN,0.0,0.5095202,0.0,52.66,0.04935,0.01685,0.043,-0.569,22.96,OTHERS,,,2026-05-11
AARON,2910722816.0,MICRO CAP,41.604794,6.539602,0.0,72.439,0.16535,0.08141,0.265,0.128,138.96,CAPITAL GOODS,Industrials,Specialty Industrial Machinery,2026-05-11
AARTECH,1367079296.0,MICRO CAP,78.23636,4.0396166,0.0,15.972,0.29993,0.05098,-0.245,-0.69,43.03,CAPITAL GOODS,Industrials,Electrical Equipment & Parts,2026-05-11
AARTIDRUGS,35038552064.0,SMALL CAP,17.363184,2.5849066,0.0,39.05,0.06164,0.08033,0.081,0.094,383.9,PHARMA,Healthcare,Drug Manufacturers - Specialty & Generic,2026-05-11
AARTIIND,176975806464.0,MID CAP,42.203465,3.108519,0.0,69.555,0.08844,0.047059998,0.26,1.882,487.45,CHEMICALS,Basic Materials,Specialty Chemicals,2026-05-11
AARTIPHARM,67345108992.0,MID CAP,31.583757,3.2912867,0.0,32.974,0.17047001,0.118710004,-0.196,-0.352,742.85,PHARMA,Healthcare,Drug Manufacturers - Specialty & Generic,2026-05-11
AARTISURF,3479959552.0,MICRO CAP,19.446548,1.4686811,0.0,49.926,0.03958,0.02221,0.276,3.547,411.1,CHEMICALS,Basic Materials,Specialty Chemicals,2026-05-11
AARVI,1878589184.0,MICRO CAP,11.832088,1.4200627,0.0,24.178,0.029260002,0.0257,0.272,0.692,126.84,CAPITAL GOODS,Industrials,Staffing & Employment Services,2026-05-11
AAVAS,111384330240.0,MID CAP,17.103725,2.3763008,0.0,307.971,0.55909,0.42181,0.178,0.156,1404.9,NBFC,Financial Services,Mortgage Finance,2026-05-11
ABAN,1045906624.0,MICRO CAP,0.0,-0.003891273,0.0,0.0,0.18032,-1.85485,-0.241,0.0,17.92,POWER,Energy,Oil & Gas Drilling,2026-05-11
ABANSENT,0.0,UNKNOWN,0.0,1.1881758,0.0,93.164,0.01509,0.0017499999,3.848,-0.521,37.14,OTHERS,,,2026-05-11
ABB,1353564684288.0,LARGE CAP,86.75133,17.273691,0.0,1.082,0.11496,0.22257,0.008,2.76,6387.5,CAPITAL GOODS,Industrials,Specialty Industrial Machinery,2026-05-11
ABBOTINDIA,590624325632.0,LARGE CAP,38.699303,14.726015,0.0,4.549,0.25794,0.22333999,0.068,0.042,27795.0,PHARMA,Healthcare,Drug Manufacturers - Specialty & Generic,2026-05-11
ABCAPITAL,924913369088.0,LARGE CAP,24.803234,2.686216,0.11181,491.748,0.13699001,0.116450004,0.077,0.301,352.95,OTHERS,Financial Services,Financial Conglomerates,2026-05-11
ABCOTS,4951918080.0,MICRO CAP,32.91387,3.3530638,0.0,93.028,0.06993,0.047140002,0.304,-0.473,225.46,FMCG,Consumer Cyclical,Textile Manufacturing,2026-05-11
ABDL,164595433472.0,MID CAP,61.424847,10.890366,0.0,66.738,0.11692,0.06933,0.03,0.161,588.45,FMCG,Consumer Defensive,Beverages - Wineries & Distilleries,2026-05-11
ABFRL,79053029376.0,MID CAP,0.0,1.2613049,0.0,84.682,0.08882,-0.03649,-0.456,0.0,64.99,FMCG,Consumer Cyclical,Apparel Manufacturing,2026-05-11
ABINFRA,9211342848.0,SMALL CAP,38.972973,5.924404,0.0,58.087,0.13009,0.082370006,-0.008,0.105,14.42,CAPITAL GOODS,Industrials,Engineering & Construction,2026-05-11
ABLBL,130767953920.0,MID CAP,76.354614,10.136522,0.0,266.809,0.08882,0.01897,0.096,-0.051,107.66,FMCG,Consumer Cyclical,Apparel Retail,2026-05-11
ABMINTLLTD,391560960.0,MICRO CAP,0.0,3.029553,0.0,109.454,-0.21989,-0.09676,-0.081,0.0,41.62,CHEMICALS,Basic Materials,Specialty Chemicals,2026-05-11
ABMKNO,0.0,UNKNOWN,0.0,1.907702,0.0,0.0,0.13041,0.111219995,0.088,-0.455,226.49,OTHERS,,,2026-05-11
ABREL,152376262656.0,MID CAP,0.0,4.1186457,-0.08911,152.371,-1.6603501,-0.22479999,0.0,0.0,1378.0,REALTY,Real Estate,Real Estate Services,2026-05-11
ABSLAMC,306239766528.0,LARGE CAP,31.461245,7.567997,0.25103,1.577,0.51856,0.47345,-0.145,-0.181,1059.3,OTHERS,Financial Services,Asset Management,2026-05-11
ACC,254996332544.0,LARGE CAP,11.95545,1.2405548,0.109280005,2.085,0.05548,0.08106,0.187,-0.683,1357.9,OTHERS,Basic Materials,Building Materials,2026-05-11
ACCELYA,17305507840.0,SMALL CAP,16.053724,6.232261,0.39095002,33.047,0.22778,0.20044,-0.002,-0.569,1159.4,IT,Technology,Information Technology Services,2026-05-11
ACCURACY,782912000.0,MICRO CAP,30.588234,0.6372549,0.0,111.931,0.02441,0.0035299999,-0.38,-0.167,5.2,CAPITAL GOODS,Industrials,Integrated Freight & Logistics,2026-05-11
ACE,109694861312.0,MID CAP,25.947353,6.1506486,0.0,8.005,0.14137,0.13161,-0.023,0.043,921.65,CAPITAL GOODS,Industrials,Farm & Heavy Construction Machinery,2026-05-11
ACEINTEG,207774016.0,MICRO CAP,0.0,1.1843023,0.0,0.64,-3.63636,-0.92593,-0.923,0.0,20.37,CAPITAL GOODS,Industrials,Staffing & Employment Services,2026-05-11
ACI,77007175680.0,MID CAP,52.59275,4.0389943,0.0,14.782,0.12097,0.13011,0.051,-0.505,623.75,CHEMICALS,Basic Materials,Chemicals,2026-05-11
ACL,5146892288.0,SMALL CAP,0.0,6.7513,0.0,1222.06,-0.1667,-0.4391,0.662,0.0,55.84,OTHERS,Basic Materials,Building Materials,2026-05-11
ACMESOLAR,175714140160.0,MID CAP,35.526314,3.4735105,0.10406,393.194,0.64989,0.199,0.125,0.063,290.25,IT,Utilities,Utilities - Renewable,2026-05-11
ACSTECH,0.0,UNKNOWN,0.0,2.0427437,0.0,40.355,0.09329,0.04223,0.861,3.636,36.99,OTHERS,,,2026-05-11
ACUTAAS,230082412544.0,LARGE CAP,80.29429,16.282722,0.23516001,2.081,0.41678002,0.25798,0.439,1.056,2810.3,CHEMICALS,Basic Materials,Specialty Chemicals,2026-05-11
ADANIENSOL,1610199334912.0,LARGE CAP,72.29773,6.334833,0.096599996,194.5,0.21996,0.08274,0.168,0.035,1340.4,IT,Utilities,Utilities - Independent Power Producers,2026-05-11
ADANIENT,3427634774016.0,LARGE CAP,33.93783,3.9876106,0.13664,119.56,0.05017,0.09295999,0.203,0.0,2500.2,POWER,Energy,Thermal Coal,2026-05-11
ADANIGREEN,2285786365952.0,LARGE CAP,144.10176,12.257426,0.07576,339.503,0.57025003,0.12778,0.131,2.803,1387.7,IT,Utilities,Utilities - Renewable,2026-05-11
ADANIPORTS,4071786807296.0,LARGE CAP,30.329502,4.23558,0.15592,64.051,0.41025,0.33060002,0.265,0.036,1767.3,CAPITAL GOODS,Industrials,Marine Shipping,2026-05-11
ADANIPOWER,4281780928512.0,LARGE CAP,33.539276,6.6033187,0.20908001,82.332,0.25207,0.23662001,-0.001,0.916,222.03,IT,Utilities,Utilities - Independent Power Producers,2026-05-11
ADFFOODS,29932337152.0,SMALL CAP,37.16917,5.660593,0.0,10.727,0.16618,0.12462,0.295,0.193,272.45,FMCG,Consumer Defensive,Packaged Foods,2026-05-11
ADL,414407296.0,MICRO CAP,2481.6665,0.8303869,0.0,37.099,0.0152199995,0.00037999998,-0.124,1.0,74.45,FMCG,Consumer Cyclical,"Furnishings, Fixtures & Appliances",2026-05-11
ADOR,18326904832.0,SMALL CAP,22.354065,3.7214382,0.0,0.4,0.105299994,0.05824,0.052,0.73,1053.1,CAPITAL GOODS,Industrials,Specialty Industrial Machinery,2026-05-11
ADROITINFO,574402368.0,MICRO CAP,21.804346,0.71842986,0.0,29.363,0.11027,0.051069997,0.865,0.556,10.03,IT,Technology,Information Technology Services,2026-05-11
ADSL,7546807296.0,SMALL CAP,23.405264,1.3099318,0.0,17.707,0.0856,0.03521,0.122,-0.257,133.41,IT,Technology,Information Technology Services,2026-05-11
ADVAIT,22169939968.0,SMALL CAP,48.83402,9.567253,0.0,31.997,0.11015,0.06746,1.144,0.654,2027.1,CAPITAL GOODS,Industrials,Specialty Industrial Machinery,2026-05-11
ADVANCE,7175572480.0,SMALL CAP,24.531868,2.7358515,0.0,46.503,0.04303,0.048449997,0.172,-0.242,111.62,OTHERS,Basic Materials,Agricultural Inputs,2026-05-11
ADVANIHOTR,4963022848.0,MICRO CAP,21.054901,6.3924274,0.0,0.576,0.38746,0.22561,0.027,-0.093,53.69,FMCG,Consumer Cyclical,Lodging,2026-05-11
ADVENTHTL,9077509120.0,SMALL CAP,14.722659,0.0003862536,0.0,80.095,0.36335,0.22017,0.04,1.78,168.28,FMCG,Consumer Cyclical,Lodging,2026-05-11
ADVENZYMES,43696222208.0,SMALL CAP,28.74816,2.9441042,0.0,2.26,0.22764999,0.21455,0.017,0.128,390.4,CHEMICALS,Basic Materials,Specialty Chemicals,2026-05-11
AEGISLOG,241066803200.0,LARGE CAP,31.332115,4.055578,0.0,28.45,0.14162,0.103369996,0.011,0.424,686.8,POWER,Energy,Oil & Gas Refining & Marketing,2026-05-11
AEGISVOPAK,235315249152.0,LARGE CAP,169.904,4.930127,0.0,42.268,0.48457,0.28858998,0.223,0.436,212.38,POWER,Energy,Oil & Gas Equipment & Services,2026-05-11
AEPL,4250054656.0,MICRO CAP,44.55263,4.7132516,0.0,2.301,0.24391001,0.12214,-0.769,-0.7,16.93,CAPITAL GOODS,Industrials,Electrical Equipment & Parts,2026-05-11
AEQUS,124009725952.0,MID CAP,0.0,14.2244425,0.0,108.0,-0.01844,-0.04537,0.508,0.0,189.37,DEFENCE,Industrials,Aerospace & Defense,2026-05-11
AEROENTER,11825298432.0,SMALL CAP,15.00287,1.6135354,0.0,5.391,0.15538,0.0758,0.217,-0.264,104.57,METALS,Basic Materials,Steel,2026-05-11
AEROFLEX,52747046912.0,MID CAP,105.44974,11.555968,0.14062999,1.988,0.17672001,0.12526,0.372,0.564,398.6,CAPITAL GOODS,Industrials,Metal Fabrication,2026-05-11
AERONEU,2228258304.0,MICRO CAP,113.65789,2.095178,0.0,27.163,0.04117,0.01714,-0.045,112.985,86.38,FMCG,Consumer Cyclical,Packaging & Containers,2026-05-11
AETHER,159308660736.0,MID CAP,73.84379,6.8374653,0.0,9.242,0.29429,0.19695999,0.444,0.486,1200.7,CHEMICALS,Basic Materials,Specialty Chemicals,2026-05-11
AFCONS,120136851456.0,MID CAP,26.708914,2.241874,0.0,66.143,0.10649,0.0359,-0.073,-0.353,326.65,CAPITAL GOODS,Industrials,Engineering & Construction,2026-05-11
AFFLE,230299025408.0,LARGE CAP,52.51764,7.0528693,0.0,1.18,0.18098,0.16945,0.192,0.189,1637.5,OTHERS,Communication Services,Advertising Agencies,2026-05-11
AFFORDABLE,2118977664.0,MICRO CAP,44.924625,1.9704435,0.0,69.146,0.12226,0.029660001,-0.421,0.0,178.8,CAPITAL GOODS,Industrials,Specialty Industrial Machinery,2026-05-11
AFIL,3840749568.0,MICRO CAP,10.227273,0.8965037,0.10501,118.754,0.56568,0.50541,0.466,0.646,9.0,OTHERS,Financial Services,Credit Services,2026-05-11
AFSL,10268788736.0,SMALL CAP,7.365027,0.7900969,0.0,57.54,0.01764,0.00792,4.073,0.277,202.17,OTHERS,Financial Services,Capital Markets,2026-05-11
AGARIND,6599376896.0,SMALL CAP,11.3157215,1.004739,0.0,63.478,0.01835,0.02819,-0.247,-0.899,441.2,CHEMICALS,Basic Materials,Specialty Chemicals,2026-05-11
AGARWALEYE,146989170688.0,MID CAP,115.9375,7.5861673,0.0,48.682,0.14217,0.06379,0.23,0.472,463.75,PHARMA,Healthcare,Medical Instruments & Supplies,2026-05-11
AGI,40704356352.0,SMALL CAP,11.573768,1.6911952,0.15612,10.126,0.21176,0.13194,0.053,0.194,629.15,FMCG,Consumer Cyclical,Packaging & Containers,2026-05-11
AGIIL,47536504832.0,SMALL CAP,55.35662,13.797982,0.0,42.327,0.39731,0.23962,-0.043,0.372,380.3,REALTY,Real Estate,Real Estate - Development,2026-05-11
AGRITECH,660290432.0,MICRO CAP,0.0,0.0,0.0,0.0,0.0,0.0,0.0,0.0,111.16,FMCG,Consumer Defensive,Farm Products,2026-05-11
AGROPHOS,648974400.0,MICRO CAP,12.907257,0.92461,0.0,37.092,0.06407,0.06156,0.571,-0.631,32.01,OTHERS,Basic Materials,Agricultural Inputs,2026-05-11
AGSTRA,316421824.0,MICRO CAP,0.0,0.0560701,0.0,199.958,-1.03956,-0.13553001,-0.439,0.0,2.47,IT,Technology,Software - Infrastructure,2026-05-11
AHCL,7504991744.0,SMALL CAP,21.723078,2.7653742,0.0,26.981,0.33698002,0.20385,2.801,0.0,14.12,PHARMA,Healthcare,Drug Manufacturers - Specialty & Generic,2026-05-11
AHLADA,567102656.0,MICRO CAP,24.24862,0.41177243,0.0,26.993,0.06421,0.01924,-0.071,-0.444,43.89,CAPITAL GOODS,Industrials,Building Products & Equipment,2026-05-11
AHLEAST,2747650304.0,MICRO CAP,0.0,1.2044814,0.0,154.746,0.34377,-0.45623,0.134,0.0,158.9,FMCG,Consumer Cyclical,Lodging,2026-05-11
AHLUCONT,55154204672.0,MID CAP,20.625,2.8660889,0.0,3.881,0.06595,0.05992,0.114,0.092,823.35,CAPITAL GOODS,Industrials,Engineering & Construction,2026-05-11
AHLWEST,5645593600.0,SMALL CAP,10.616783,-12.497743,0.0,0.0,0.35356,0.12409,0.007,3.242,484.55,FMCG,Consumer Cyclical,Lodging,2026-05-11
AIAENG,364472041472.0,LARGE CAP,31.415703,4.94738,0.0,13.852,0.24579,0.26959,0.001,0.135,3905.6,CAPITAL GOODS,Industrials,Specialty Industrial Machinery,2026-05-11
AIIL,426948100096.0,LARGE CAP,11.743752,2.6221771,0.0,20.291,0.78849,1.10109,-0.421,-0.701,502.75,OTHERS,Financial Services,Capital Markets,2026-05-11
AIRAN,2139092224.0,MICRO CAP,25.537313,1.4477916,0.0,0.678,0.04694,0.07519,0.093,3.429,17.11,IT,Technology,Information Technology Services,2026-05-11
AIROLAM,1275920128.0,MICRO CAP,47.250004,1.7258524,0.0,117.642,0.05868,0.03221,0.292,0.274,85.05,FMCG,Consumer Cyclical,"Furnishings, Fixtures & Appliances",2026-05-11
AJANTPHARM,382827724800.0,LARGE CAP,36.318596,8.870272,0.25393,5.747,0.23563999,0.18774,0.267,0.186,3064.2,PHARMA,Healthcare,Drug Manufacturers - Specialty & Generic,2026-05-11
AJAXENGG,61161873408.0,MID CAP,27.843748,4.889336,0.0,0.043,0.096049994,0.105270006,-0.209,-0.439,534.6,CAPITAL GOODS,Industrials,Farm & Heavy Construction Machinery,2026-05-11
AJMERA,24587649024.0,SMALL CAP,18.78797,1.9485643,0.0,47.19,0.29755,0.14737001,-0.058,-0.282,124.94,REALTY,Real Estate,Real Estate - Development,2026-05-11
AJOONI,744092352.0,MICRO CAP,21.6,0.7816176,0.05514,11.321,0.03778,0.03232,0.726,1.5,4.32,FMCG,Consumer Defensive,Packaged Foods,2026-05-11
AKASH,450229664.0,MICRO CAP,18.802818,0.5334666,0.0,102.888,0.13567,0.037100002,-0.215,17.0,26.7,CAPITAL GOODS,Industrials,Engineering & Construction,2026-05-11
AKCAPIT,0.0,UNKNOWN,0.0,1.012925,0.0,308.999,0.69446,0.18732001,0.171,0.517,1556.8,OTHERS,,,2026-05-11
AKG,363206272.0,MICRO CAP,60.157898,0.73119247,0.01171,15.716,-0.027709998,0.00629,-0.386,-0.4,11.43,CAPITAL GOODS,Industrials,Industrial Distribution,2026-05-11
AKI,531510656.0,MICRO CAP,13.552632,0.5315306,0.0,26.026,0.06653,0.023570001,0.131,0.375,5.15,FMCG,Consumer Cyclical,Footwear & Accessories,2026-05-11
AKSHAR,401608928.0,MICRO CAP,0.0,0.59027773,0.0,5.75,-0.15353,-0.07176,0.323,0.0,0.51,FMCG,Consumer Cyclical,Textile Manufacturing,2026-05-11
AKSHARCHEM,1686227840.0,MICRO CAP,0.0,0.644865,0.0,28.443,-0.01571,-0.01087,-0.114,0.0,209.91,CHEMICALS,Basic Materials,Specialty Chemicals,2026-05-11
AKSHOPTFBR,1173052416.0,MICRO CAP,0.0,-75.104164,0.0,0.0,-0.16188,-0.18691999,-0.089,0.0,7.21,IT,Technology,Communication Equipment,2026-05-11
AKUMS,82483740672.0,MID CAP,25.789852,2.6233013,0.0,2.85,0.09245,0.0747,0.148,0.016,538.75,PHARMA,Healthcare,Drug Manufacturers - Specialty & Generic,2026-05-11
ALANKIT,2516347136.0,MICRO CAP,11.897436,0.81668574,0.0,7.408,0.04322,0.06468,-0.17,0.474,9.28,IT,Technology,Information Technology Services,2026-05-11
ALBERTDAVD,4520643072.0,MICRO CAP,46.925358,1.1467179,0.0,10.514,0.09342,0.029790001,0.082,0.0,792.1,PHARMA,Healthcare,Drug Manufacturers - Specialty & Generic,2026-05-11
ALEMBICLTD,23783133184.0,SMALL CAP,7.457327,0.93861794,0.0,0.496,0.32284,1.32675,0.283,-0.082,92.62,REALTY,Real Estate,Real Estate - Development,2026-05-11
ALGOQUANT,16531258368.0,SMALL CAP,6.822506,15.048618,0.0,23.755,0.19264,0.84235,0.051,0.16,58.81,OTHERS,Financial Services,Capital Markets,2026-05-11
ALICON,12271417344.0,SMALL CAP,34.205376,1.9929849,0.0,57.003,0.045900002,0.021189999,0.097,3.188,751.15,CAPITAL GOODS,Industrials,Metal Fabrication,2026-05-11
ALIVUS,138201137152.0,MID CAP,25.486645,4.5806246,0.0,2.005,0.31449,0.21641001,0.048,0.097,1126.0,PHARMA,Healthcare,Drug Manufacturers - Specialty & Generic,2026-05-11
ALKALI,679580416.0,MICRO CAP,76.71264,1.6146513,0.0,43.986,-0.03779,0.010039999,0.115,0.0,66.74,CHEMICALS,Basic Materials,Specialty Chemicals,2026-05-11
ALKEM,669504241664.0,LARGE CAP,28.238943,5.0162864,0.0,17.056,0.19615,0.16636999,0.107,0.016,5599.5,PHARMA,Healthcare,Drug Manufacturers - Specialty & Generic,2026-05-11
ALKYLAMINE,84172881920.0,MID CAP,46.795567,6.0008097,0.0,0.0,0.13975,0.11769,-0.046,-0.035,1645.8,CHEMICALS,Basic Materials,Specialty Chemicals,2026-05-11
ALLCARGO,14588361728.0,SMALL CAP,20.723404,1.3994253,0.0,58.456,0.01938,0.00153,-0.874,0.0,9.74,CAPITAL GOODS,Industrials,Integrated Freight & Logistics,2026-05-11
ALLDIGI,12576190464.0,SMALL CAP,17.320042,5.0114155,0.32217,68.009,0.19093001,0.13524,0.074,0.497,825.3,CAPITAL GOODS,Industrials,Specialty Business Services,2026-05-11
ALLTIME,17240991744.0,SMALL CAP,48.115177,2.5140657,0.0,22.351,0.1008,0.05831,0.071,-0.328,263.19,FMCG,Consumer Defensive,Household & Personal Products,2026-05-11
ALMONDZ,2906846464.0,MICRO CAP,9.789474,1.076735,0.0,18.84,0.17559999,0.17528,0.567,4.214,16.74,OTHERS,Financial Services,Capital Markets,2026-05-11
ALOKINDS,69811281920.0,MID CAP,0.0,-0.3224327,0.0,0.0,-0.058730002,-0.20031,0.031,0.0,14.06,FMCG,Consumer Cyclical,Textile Manufacturing,2026-05-11
ALPA,1496617856.0,MICRO CAP,12.885869,0.8730499,0.0,0.0,0.029719999,0.10154,0.111,-0.787,71.13,PHARMA,Healthcare,Drug Manufacturers - Specialty & Generic,2026-05-11
ALPHAGEO,1453585536.0,MICRO CAP,0.0,0.5596205,0.0,0.0,-0.59847,-0.10934,0.509,0.0,228.38,POWER,Energy,Oil & Gas Equipment & Services,2026-05-11
AMAGI,89272262656.0,MID CAP,2427.3528,-113.4901,0.0,3.921,0.06266,0.01891,0.224,2.775,412.65,IT,Technology,Software - Application,2026-05-11
AMANTA,5313408512.0,SMALL CAP,38.875,2.2408173,0.0,88.22,0.14348,0.04834,0.098,-0.106,136.84,PHARMA,Healthcare,Drug Manufacturers - Specialty & Generic,2026-05-11
AMBALALSA,0.0,UNKNOWN,23.477942,1.7318436,0.0,31.591,0.10954001,0.05158,0.131,0.379,31.93,PHARMA,Healthcare,Drug Manufacturers - Specialty & Generic,2026-05-11
AMBER,300759220224.0,LARGE CAP,182.58499,8.227933,0.0,74.27,0.05263,0.01355,0.379,0.0,8539.5,FMCG,Consumer Cyclical,"Furnishings, Fixtures & Appliances",2026-05-11
AMBICAAGAR,406589056.0,MICRO CAP,31.986486,0.36515945,0.0,74.724,0.05156,0.00465,0.499,1.955,23.67,FMCG,Consumer Defensive,Household & Personal Products,2026-05-11
AMBIKCO,8968784896.0,SMALL CAP,14.257372,0.9582958,0.0,0.0,0.11472,0.08958,0.115,0.062,1566.6,FMCG,Consumer Cyclical,Textile Manufacturing,2026-05-11
AMBUJACEM,1083877294080.0,LARGE CAP,22.885626,1.8167809,0.08311,1.205,0.03767,0.1163,0.094,0.772,436.2,OTHERS,Basic Materials,Building Materials,2026-05-11
AMDIND,924987200.0,MICRO CAP,0.0,0.5928018,0.0,53.424,-0.14892,-0.02091,-0.154,0.0,48.26,FMCG,Consumer Cyclical,Packaging & Containers,2026-05-11
AMIRCHAND,0.0,UNKNOWN,22.712097,2.503662,0.0,167.782,0.12843001,0.043899998,0.15,0.871,133.32,FMCG,Consumer Defensive,Farm Products,2026-05-11
AMJLAND,1657629952.0,MICRO CAP,8.284836,0.6503137,0.0,0.0,0.14009,0.27837,-0.206,-0.418,40.43,REALTY,Real Estate,Real Estate - Development,2026-05-11
AMNPLST,9554772992.0,SMALL CAP,28.100325,3.5503128,0.0,11.324,0.078049995,0.05842,-0.253,-0.22,173.66,CHEMICALS,Basic Materials,Chemicals,2026-05-11
AMRUTANJAN,15775108096.0,SMALL CAP,27.722193,4.6126347,0.0,0.565,0.16693,0.11652,0.149,0.011,545.85,PHARMA,Healthcare,Drug Manufacturers - Specialty & Generic,2026-05-11
ANANDRATHI,297230467072.0,LARGE CAP,75.72335,29.777924,0.46738997,8.25,0.40331,0.31573,0.476,0.384,3580.2,OTHERS,Financial Services,Asset Management,2026-05-11
ANANTRAJ,193811709952.0,MID CAP,35.43092,4.2017756,0.0,12.727,0.24361,0.21916,0.2,0.282,538.55,REALTY,Real Estate,Real Estate - Development,2026-05-11
ANDHRAPAP,13364721664.0,SMALL CAP,71.5,0.693201,0.0,13.63,-0.02864,0.011849999,0.086,-0.153,67.21,OTHERS,Basic Materials,Paper & Paper Products,2026-05-11
ANDHRSUGAR,13485771776.0,SMALL CAP,16.152597,0.8242828,0.0,0.427,0.048,0.03624,0.236,26.5,99.5,CHEMICALS,Basic Materials,Chemicals,2026-05-11
ANGELONE,289286029312.0,LARGE CAP,32.203045,4.717009,0.15526,129.314,0.32589,0.19406,0.3,0.824,317.2,OTHERS,Financial Services,Capital Markets,2026-05-11
ANIKINDS,1254735104.0,MICRO CAP,74.11475,0.39399722,0.07674,3.695,0.02388,-0.04542,-0.133,-0.985,45.21,FMCG,Consumer Defensive,Food Distribution,2026-05-11
ANKITMETAL,221543488.0,MICRO CAP,0.0,-0.021463627,0.0,0.0,-0.51785,-0.31393,-0.255,0.0,1.57,METALS,Basic Materials,Steel,2026-05-11
ANMOL,686953792.0,MICRO CAP,6.631868,0.5974656,0.0,185.097,0.01636,0.0073,0.197,6.429,12.07,POWER,Energy,Thermal Coal,2026-05-11
ANSALAPI,646934080.0,MICRO CAP,0.0,-0.08048566,0.0,0.0,0.03498,-0.20724002,0.71,5.721,4.11,REALTY,Real Estate,Real Estate - Development,2026-05-11
ANTELOPUS,24089731072.0,SMALL CAP,14.592118,3.6750543,0.14705,0.542,0.47985,0.32132,0.653,1.589,685.1,POWER,Energy,Oil & Gas E&P,2026-05-11
ANTGRAPHIC,128657968.0,MICRO CAP,0.0,0.64641744,0.0,65.28,-0.00944,0.051220004,0.259,-0.75,0.83,FMCG,Consumer Cyclical,Packaging & Containers,2026-05-11
ANTHEM,440495996928.0,LARGE CAP,91.7193,15.99005,0.0,3.997,0.28989,0.24203,-0.15,-0.258,784.2,PHARMA,Healthcare,Biotechnology,2026-05-11
ANUHPHR,8286520320.0,SMALL CAP,19.827337,2.533166,0.0,0.07,0.06998,0.05448,0.236,0.301,82.68,PHARMA,Healthcare,Drug Manufacturers - Specialty & Generic,2026-05-11
ANUP,41417060352.0,SMALL CAP,36.09007,6.505938,0.0,24.782,0.17902,0.138,0.206,-0.157,2067.6,CAPITAL GOODS,Industrials,Specialty Industrial Machinery,2026-05-11
ANURAS,154958938112.0,MID CAP,88.555626,4.808725,0.0,37.505,0.1815,0.077199996,0.313,0.677,1361.1,CHEMICALS,Basic Materials,Specialty Chemicals,2026-05-11
APARINDS,515881697280.0,LARGE CAP,53.046135,10.631454,0.0,14.499,0.073699996,0.04526,0.162,0.192,12843.0,CAPITAL GOODS,Industrials,Electrical Equipment & Parts,2026-05-11
APCL,3450653440.0,MICRO CAP,0.0,1.6852207,0.0,223.154,-0.15092,-0.086969994,-0.239,0.0,117.47,OTHERS,Basic Materials,Building Materials,2026-05-11
APCOTEXIND,25639923712.0,SMALL CAP,30.73648,4.4207163,0.0,23.281,0.09432,0.05988,-0.067,0.919,494.55,CHEMICALS,Basic Materials,Specialty Chemicals,2026-05-11
APEX,15453124608.0,SMALL CAP,46.872036,3.0340774,0.0,7.972,0.039809998,0.03447,0.145,0.0,494.5,FMCG,Consumer Defensive,Farm Products,2026-05-11
APLAPOLLO,541378347008.0,LARGE CAP,45.071663,10.2230425,0.25314,9.396,0.07206,0.05213,0.136,0.208,1949.8,METALS,Basic Materials,Steel,2026-05-11
APLLTD,155127611392.0,MID CAP,24.639402,2.915383,0.0,28.004,0.11372,0.08655,0.108,-0.036,789.2,PHARMA,Healthcare,Drug Manufacturers - Specialty & Generic,2026-05-11
APOLLO,119458029568.0,MID CAP,125.57313,9.845363,0.0,33.483,0.17558001,0.115550004,0.7,0.133,317.7,DEFENCE,Industrials,Aerospace & Defense,2026-05-11
APOLLOHOSP,1162067574784.0,LARGE CAP,64.39841,12.778815,0.0,83.606,0.11519,0.07441,0.172,0.35,8082.0,PHARMA,Healthcare,Medical Care Facilities,2026-05-11
APOLLOPIPE,21419470848.0,SMALL CAP,146.45647,3.09582,0.0,7.855,-0.012949999,0.01517,-0.197,0.0,487.7,CAPITAL GOODS,Industrials,Building Products & Equipment,2026-05-11
APOLLOTYRE,256638238720.0,LARGE CAP,27.768654,1.6559995,0.0,29.09,0.1034,0.0336,0.118,0.399,405.7,AUTO,Consumer Cyclical,Auto Parts,2026-05-11
APOLSINHOT,3025045504.0,MICRO CAP,30.413073,1.9823662,0.0,53.838,0.03678,0.01688,0.145,-0.593,1163.3,CAPITAL GOODS,Industrials,Specialty Business Services,2026-05-11
APTECHT,6249223168.0,SMALL CAP,23.42174,2.6347454,0.0,5.75,0.08454,0.052210003,0.244,1.387,107.74,FMCG,Consumer Defensive,Education & Training Services,2026-05-11
APTUS,143713157120.0,MID CAP,15.241635,3.0752087,0.0,157.024,0.78065,0.60890996,0.26,0.239,287.0,NBFC,Financial Services,Mortgage Finance,2026-05-11
AQYLON,13719211008.0,SMALL CAP,235.08694,-238.19383,0.0,0.0,-0.025120001,0.43607,1.802,0.0,54.07,OTHERS,Communication Services,Broadcasting,2026-05-11
ARCHIDPLY,1780864256.0,MICRO CAP,37.407562,1.6556329,0.0,178.165,0.04693,0.0072399997,0.114,0.0,89.03,OTHERS,Basic Materials,Lumber & Wood Production,2026-05-11
ARCHIES,536088608.0,MICRO CAP,0.0,0.43870077,0.0,33.451,0.01466,-0.017760001,-0.229,0.0,15.87,FMCG,Consumer Cyclical,Specialty Retail,2026-05-11
ARE&M,159030738944.0,MID CAP,21.390942,2.0549388,0.0,4.005,0.0636,0.0557,0.042,-0.53,868.9,CAPITAL GOODS,Industrials,Electrical Equipment & Parts,2026-05-11
ARENTERP,131843696.0,MICRO CAP,0.0,0.54769677,0.0,0.0,-1.03387,-0.04583,0.0,0.0,40.77,OTHERS,Basic Materials,Other Industrial Metals & Mining,2026-05-11
ARFIN,16185547776.0,SMALL CAP,177.64815,9.791773,0.0,92.774,0.06781,0.01584,0.042,0.611,95.93,OTHERS,Basic Materials,Aluminum,2026-05-11
ARIES,4716023296.0,MICRO CAP,10.815687,1.4750564,0.0,20.67,0.12064999,0.06337,0.196,0.488,362.65,OTHERS,Basic Materials,Agricultural Inputs,2026-05-11
ARIHANT,7663459840.0,SMALL CAP,13.821932,2.580042,0.0,93.207,0.26424,0.18591,0.968,0.947,891.1,REALTY,Real Estate,Real Estate - Development,2026-05-11
ARIHANTCAP,7925005824.0,SMALL CAP,20.539774,1.8106234,0.0,51.095,0.16222,0.21153,-0.089,-0.58,72.3,OTHERS,Financial Services,Capital Markets,2026-05-11
ARIHANTSUP,11569373184.0,SMALL CAP,26.965725,5.3755875,0.0,197.85,0.22343999,0.08693,-0.164,-0.76,267.5,REALTY,Real Estate,Real Estate - Development,2026-05-11
ARIS,12132551680.0,SMALL CAP,38.34367,1.5156065,0.0,7.91,0.105450004,0.03332,0.49,26.0,148.39,CAPITAL GOODS,Industrials,Engineering & Construction,2026-05-11
ARKADE,22806917120.0,SMALL CAP,15.529709,2.3869112,0.0,18.386,0.25969,0.19715999,-0.124,-0.286,122.84,REALTY,Real Estate,Real Estate - Development,2026-05-11
ARMANFIN,19747471360.0,SMALL CAP,70.011185,2.2597566,0.0,137.292,0.3432,0.107489996,1.611,0.0,1878.4,OTHERS,Financial Services,Credit Services,2026-05-11
AROGRANITE,415700992.0,MICRO CAP,0.0,0.22247516,0.0,80.851,-0.28417,-0.06066,-0.512,0.0,27.17,CAPITAL GOODS,Industrials,Building Products & Equipment,2026-05-11
ARROWGREEN,8960727040.0,SMALL CAP,17.44712,4.237905,0.0,1.218,0.30806,0.23794001,0.017,0.034,593.9,FMCG,Consumer Cyclical,Packaging & Containers,2026-05-11
ARSHIYA,345153440.0,MICRO CAP,0.0,-0.010865327,0.0,0.0,-0.88708,0.0,0.028,0.0,1.31,CAPITAL GOODS,Industrials,Integrated Freight & Logistics,2026-05-11
ARSSBL,36186198016.0,SMALL CAP,24.664389,2.2945123,0.13961,63.433,0.26111,0.17296,0.274,0.885,576.9,OTHERS,Financial Services,Financial Conglomerates,2026-05-11
ARTEMISMED,0.0,UNKNOWN,122.75983,5.023588,0.0,31.431,0.11796,0.09273,0.172,0.076,281.12,OTHERS,,,2026-05-11
ARTNIRMAN,988756672.0,MICRO CAP,77.68627,2.6861017,0.0,52.666,0.0062,0.06121,-0.444,-0.727,39.62,REALTY,Real Estate,Real Estate - Development,2026-05-11
ARVEE,1805406592.0,MICRO CAP,86.68254,5.8393927,0.0,3.29,0.13514,0.076409996,0.098,10.857,163.83,CHEMICALS,Basic Materials,Specialty Chemicals,2026-05-11
ARVIND,115553239040.0,MID CAP,28.552462,3.0072856,0.0,39.143,0.08515,0.04518,0.136,-0.058,440.85,FMCG,Consumer Cyclical,Textile Manufacturing,2026-05-11
ARVINDFASN,59656904704.0,MID CAP,48.254055,6.3116884,0.15903,115.111,0.08845,0.0231,0.154,0.0,446.35,FMCG,Consumer Cyclical,Apparel Manufacturing,2026-05-11
ARVSMART,28717314048.0,SMALL CAP,39.352608,4.804106,0.0,21.182,0.23976,0.12815,-0.208,-0.396,626.1,REALTY,Real Estate,Real Estate - Development,2026-05-11
ASAHIINDIA,211729776640.0,LARGE CAP,68.52723,5.7170486,0.0,77.144,0.14148,0.063260004,0.117,-0.101,830.55,AUTO,Consumer Cyclical,Auto Parts,2026-05-11
ASAHISONG,3033452032.0,MICRO CAP,19.525797,1.1780297,0.0,49.417,0.04571,0.02856,-0.098,-0.198,257.35,CHEMICALS,Basic Materials,Specialty Chemicals,2026-05-11
ASAL,8389092864.0,SMALL CAP,30.28637,23.196033,1.23292,343.962,0.05222,0.03108,0.359,1.691,528.8,AUTO,Consumer Cyclical,Auto Parts,2026-05-11
ASALCBR,17932732416.0,SMALL CAP,19.785112,2.770883,0.0,12.748,0.13385999,0.08528,-0.204,0.001,893.1,FMCG,Consumer Defensive,Beverages - Wineries & Distilleries,2026-05-11
ASHAPURMIN,62669893632.0,MID CAP,16.596256,4.3943787,0.0,86.445,0.11391,0.09864,0.11,-0.209,656.05,OTHERS,Basic Materials,Other Industrial Metals & Mining,2026-05-11
ASHIANA,36314603520.0,SMALL CAP,30.382673,4.26732,0.14652,39.983,0.17947,0.11271,1.716,4.099,361.25,REALTY,Real Estate,Real Estate - Development,2026-05-11
ASHIKA,0.0,UNKNOWN,0.0,2.4223077,0.0,0.163,0.0757,0.14577,0.0,0.0,394.95,OTHERS,,,2026-05-11
ASHIMASYN,3158557952.0,MICRO CAP,0.0,1.1027837,0.0,58.263,-2.62821,-1.69347,-0.641,0.0,16.48,REALTY,Real Estate,Real Estate - Development,2026-05-11
ASHOKA,37389529088.0,SMALL CAP,1.3168875,0.8882413,0.0,44.43,0.21544,0.34372002,-0.235,2.225,133.19,CAPITAL GOODS,Industrials,Engineering & Construction,2026-05-11
ASHOKAMET,411434144.0,MICRO CAP,5.656357,0.37458465,0.08558,43.157,0.36486998,0.28937,0.567,0.0,16.46,METALS,Basic Materials,Steel,2026-05-11
ASHOKLEY,948745011200.0,LARGE CAP,28.689165,7.520253,0.0,327.886,0.19577,0.06152,0.236,0.066,161.52,CAPITAL GOODS,Industrials,Farm & Heavy Construction Machinery,2026-05-11
ASIANENE,13196728320.0,SMALL CAP,31.227419,2.9019642,0.0,23.826,0.10065,0.06243,1.568,1.13,293.85,POWER,Energy,Oil & Gas Equipment & Services,2026-05-11
ASIANHOTNR,12568274944.0,SMALL CAP,14.118773,3.0952406,0.0,338.495,0.05553,0.12323,0.052,0.0,294.8,FMCG,Consumer Cyclical,Lodging,2026-05-11
ASIANPAINT,2459977121792.0,LARGE CAP,64.08841,12.557992,0.0,17.609,0.16554001,0.11098,0.037,-0.046,2566.1,CHEMICALS,Basic Materials,Specialty Chemicals,2026-05-11
ASIANTILES,18408151040.0,SMALL CAP,14.961446,0.99866503,0.0,20.089,0.06561,0.045560002,0.178,42.5,62.09,CAPITAL GOODS,Industrials,Building Products & Equipment,2026-05-11
ASKAUTOLTD,86723026944.0,MID CAP,30.612387,7.4784946,0.0,52.765,0.103269994,0.073060006,0.185,0.213,439.9,AUTO,Consumer Cyclical,Auto Parts,2026-05-11
ASMS,2430522368.0,MICRO CAP,72.545456,8.996617,0.0,0.562,0.05246,0.06093,4.552,0.0,7.98,IT,Technology,Information Technology Services,2026-05-11
ASPINWALL,1912978688.0,MICRO CAP,20.339151,1.0251769,0.0,43.708,0.07646,0.025020001,0.266,0.581,244.68,FMCG,Consumer Defensive,Farm Products,2026-05-11
ASTAR,0.0,UNKNOWN,0.0,0.6129475,0.0,31.942,0.01451,0.012150001,-0.041,-0.297,616.0,OTHERS,,,2026-05-11
ASTEC,15469444096.0,SMALL CAP,0.0,3.9619358,-0.25842,114.84,-0.01646,-0.18056,0.327,0.0,694.25,OTHERS,Basic Materials,Agricultural Inputs,2026-05-11
ASTERDM,382455480320.0,LARGE CAP,115.96394,8.429033,0.0,43.791,0.12109,0.0733,0.13,-0.105,739.85,PHARMA,Healthcare,Medical Care Facilities,2026-05-11
ASTRAL,422344949760.0,LARGE CAP,84.15952,11.179775,0.0,6.769,0.10633001,0.08162,0.103,-0.056,1572.1,CAPITAL GOODS,Industrials,Building Products & Equipment,2026-05-11
ASTRAMICRO,107781570560.0,MID CAP,67.291046,9.262175,0.0,23.894,0.27346,0.14825,0.007,-0.016,1135.2,IT,Technology,Communication Equipment,2026-05-11
ASTRAZEN,214487498752.0,LARGE CAP,106.33986,26.842058,0.0,4.354,0.06702,0.092259996,0.389,0.057,8579.5,PHARMA,Healthcare,Drug Manufacturers - Specialty & Generic,2026-05-11
ASTRON,202282640.0,MICRO CAP,0.0,0.24537064,0.0,94.276,-0.66063005,0.0,0.056,0.0,4.28,OTHERS,Basic Materials,Paper & Paper Products,2026-05-11
ATALREAL,3538476800.0,MICRO CAP,62.086956,4.750499,0.0,23.862,0.08773,0.03782,0.467,1.333,28.56,CAPITAL GOODS,Industrials,Engineering & Construction,2026-05-11
ATAM,902138048.0,MICRO CAP,24.440992,2.4080534,0.0,33.533,-0.04812,0.075500004,-0.401,0.0,78.7,CAPITAL GOODS,Industrials,Specialty Industrial Machinery,2026-05-11
ATGL,682432135168.0,LARGE CAP,104.28572,14.033699,0.14456001,46.363,0.15255,0.11124,0.161,0.085,620.5,IT,Utilities,Utilities - Regulated Gas,2026-05-11
ATHERENERG,370982486016.0,LARGE CAP,0.0,14.416042,-0.33740002,25.819,-0.10333,-0.13528,0.737,0.0,969.45,AUTO,Consumer Cyclical,Auto Manufacturers,2026-05-11
ATL,7748865024.0,SMALL CAP,21.762295,2.1601171,0.0,208.703,0.12164,0.04212,0.166,0.083,26.55,CAPITAL GOODS,Industrials,Integrated Freight & Logistics,2026-05-11
ATLANTAA,3402625024.0,MICRO CAP,0.0,1.7698177,0.0,152.042,-0.30978,-0.20433001,9.328,0.0,41.75,CAPITAL GOODS,Industrials,Infrastructure Operations,2026-05-11
ATLANTAELE,132908130304.0,MID CAP,101.9705,35.360065,0.0,46.263,0.17448,0.09518,0.797,4.176,1728.4,CAPITAL GOODS,Industrials,Electrical Equipment & Parts,2026-05-11
ATLASCYCLE,651359360.0,MICRO CAP,0.0,0.16981082,0.0,2.346,-0.99077004,-0.31385002,-0.311,0.0,100.15,FMCG,Consumer Cyclical,Leisure,2026-05-11
ATUL,202912579584.0,LARGE CAP,29.91579,3.2611513,0.11529,2.907,0.120620005,0.108059995,0.15,0.661,6892.0,CHEMICALS,Basic Materials,Specialty Chemicals,2026-05-11
ATULAUTO,13674442752.0,SMALL CAP,37.414577,5.9744654,0.0,0.0,0.09268,0.08078,0.253,0.561,492.75,AUTO,Consumer Cyclical,Auto Manufacturers,2026-05-11
AUBANK,764373696512.0,LARGE CAP,29.199543,3.8220901,0.0,0.0,0.35549998,0.21372999,0.371,0.626,1021.4,BANKING,Financial Services,Banks - Regional,2026-05-11
AURIGROW,226521600.0,MICRO CAP,4.25,0.31221303,0.0,14.284,0.06238,0.04164,0.0,0.0,0.34,CAPITAL GOODS,Industrials,Electrical Equipment & Parts,2026-05-11
AURIONPRO,48328400896.0,SMALL CAP,24.300388,2.81619,0.0,1.841,0.1743,0.14228,0.212,-0.122,875.3,IT,Technology,Software - Application,2026-05-11
AUROPHARMA,863419629568.0,LARGE CAP,24.739557,2.463726,0.0,22.248,0.15135999,0.10509,0.084,0.076,1486.6,PHARMA,Healthcare,Drug Manufacturers - Specialty & Generic,2026-05-11
AURUM,13338375168.0,SMALL CAP,647.9259,2.129675,-0.02928,44.065,0.01946,-0.027420001,0.759,0.0,174.94,REALTY,Real Estate,Real Estate Services,2026-05-11
AUSOMENT,1982499328.0,MICRO CAP,6.6752295,1.2493025,0.0,0.078,0.04235,0.01363,33.828,11.583,145.52,OTHERS,Financial Services,Capital Markets,2026-05-11
AUTOAXLES,27156211712.0,SMALL CAP,17.372389,2.6982186,0.0,1.472,0.09778,0.07545,0.059,-0.02,1797.0,AUTO,Consumer Cyclical,Auto Parts,2026-05-11
AUTOIND,3519769856.0,MICRO CAP,22.949703,2.0478365,0.0,153.954,0.0688,0.020380002,0.342,3.28,77.57,AUTO,Consumer Cyclical,Auto Parts,2026-05-11
AVADHSUGAR,10054251520.0,SMALL CAP,13.696483,0.94630414,0.0,56.04,0.06185,0.02716,0.035,1.478,502.25,FMCG,Consumer Defensive,Confectioners,2026-05-11
AVAILFC,0.0,UNKNOWN,0.0,0.1249696,0.0,0.0,0.52229,202.59247,0.065,0.33,154.63,OTHERS,,,2026-05-11
AVALON,89466658816.0,MID CAP,93.771866,13.72979,0.0,25.091,0.09584,0.06553,0.487,0.358,1340.0,IT,Technology,Electronic Components,2026-05-11
AVANTEL,44195684352.0,SMALL CAP,308.01852,13.067013,0.05211,10.164,0.12567,0.06728,0.296,-0.31,166.33,IT,Technology,Communication Equipment,2026-05-11
AVANTIFEED,191356993536.0,MID CAP,24.902481,6.3569293,0.0,0.441,0.11575,0.10572,0.013,0.21,1404.5,FMCG,Consumer Defensive,Packaged Foods,2026-05-11
AVG,2557854720.0,MICRO CAP,12.372178,0.99808455,0.0,109.016,0.10552,0.03762,-0.059,-0.058,169.87,CAPITAL GOODS,Industrials,Integrated Freight & Logistics,2026-05-11
AVL,70218817536.0,MID CAP,63.44808,10.205327,0.18383,83.205,0.07834,0.0436,0.305,0.369,543.75,FMCG,Consumer Cyclical,Specialty Retail,2026-05-11
AVONMORE,3355176704.0,MICRO CAP,14.679012,0.8623441,0.0,5.155,0.20926,0.14257,0.559,31.0,11.89,OTHERS,Financial Services,Capital Markets,2026-05-11
AVROIND,1506744704.0,MICRO CAP,41.59259,1.7087644,0.0,26.816,0.09133001,0.0475,0.035,0.0,11.23,FMCG,Consumer Cyclical,"Furnishings, Fixtures & Appliances",2026-05-11
AVTNPL,10321809408.0,SMALL CAP,18.026596,1.9790936,0.0,19.139,0.105399996,0.088649996,0.122,-0.197,67.78,CHEMICALS,Basic Materials,Specialty Chemicals,2026-05-11
AWFIS,27804211200.0,SMALL CAP,47.68712,5.556191,0.0,290.895,0.10435,0.041350003,0.202,0.399,388.65,CAPITAL GOODS,Industrials,Rental & Leasing Services,2026-05-11
AWHCL,14046819328.0,SMALL CAP,16.932285,2.0339248,0.0,54.786,0.07883,0.082100004,0.081,-0.27,495.1,CAPITAL GOODS,Industrials,Waste Management,2026-05-11
AWL,265133735936.0,LARGE CAP,25.488806,2.6788585,0.10519,10.621,0.01844,0.013940001,0.18,0.537,204.93,FMCG,Consumer Defensive,Packaged Foods,2026-05-11
AXISBANK,3955535904768.0,LARGE CAP,15.062153,1.8382704,0.13152,0.0,0.39193,0.35406,-0.112,0.064,1272.3,BANKING,Financial Services,Banks - Regional,2026-05-11
AXISCADES,88108785664.0,MID CAP,86.67085,12.703834,0.0,37.084,0.15082,0.08861,0.252,0.887,2072.3,CAPITAL GOODS,Industrials,Engineering & Construction,2026-05-11
AXITA,3067612672.0,MICRO CAP,160.40001,4.435841,0.0,34.066,0.05291,0.00494,-0.608,0.0,8.02,FMCG,Consumer Cyclical,Textile Manufacturing,2026-05-11
AYE,35119820800.0,SMALL CAP,14.946931,1.2525178,0.0924,199.987,0.33492002,0.19490999,0.085,0.791,143.64,OTHERS,Financial Services,Credit Services,2026-05-11
AYMSYNTEX,13359324160.0,SMALL CAP,0.0,2.3225858,0.0,41.435,0.02898,-0.00033,-0.143,-0.643,227.92,FMCG,Consumer Cyclical,Textile Manufacturing,2026-05-11
AZAD,140794658816.0,MID CAP,113.42873,9.55631,0.0,21.146,0.30227,0.21493,0.317,0.319,2180.1,CAPITAL GOODS,Industrials,Specialty Industrial Machinery,2026-05-11
BAFNAPH,3204250624.0,MICRO CAP,33.11736,3.5148952,0.0,35.519,0.03865,0.06553,0.154,0.95,135.45,PHARMA,Healthcare,Drug Manufacturers - Specialty & Generic,2026-05-11
BAGFILMS,1065593856.0,MICRO CAP,23.318182,0.5816986,0.0,60.33,0.05316,0.0421,0.283,-0.514,5.13,OTHERS,Communication Services,Broadcasting,2026-05-11
BAIDFIN,1728551296.0,MICRO CAP,8.205882,0.7000376,0.0,0.0,0.36179,0.27386,0.597,0.282,11.16,OTHERS,Financial Services,Credit Services,2026-05-11
BAJAJ-AUTO,2959023800320.0,LARGE CAP,27.5537,7.6214557,0.28046,56.289,0.18642001,0.16507,0.488,1.031,10595.5,AUTO,Consumer Cyclical,Auto Manufacturers,2026-05-11
BAJAJCON,70435930112.0,MID CAP,37.975353,9.562866,0.25309,2.092,0.22031,0.16329001,0.304,1.13,539.25,FMCG,Consumer Defensive,Household & Personal Products,2026-05-11
BAJAJELEC,45896654848.0,SMALL CAP,128.72168,2.6593788,0.0,84.783,-0.02102,0.00795,-0.185,0.0,397.75,FMCG,Consumer Cyclical,"Furnishings, Fixtures & Appliances",2026-05-11
BAJAJFINSV,2866229542912.0,LARGE CAP,29.993313,3.6767297,0.14602,256.36,0.37205002,0.06568,0.053,0.057,1794.2,OTHERS,Financial Services,Financial Conglomerates,2026-05-11
BAJAJHCARE,10250279936.0,SMALL CAP,18.807905,1.9701852,0.0,48.929,0.14564,0.0813,0.313,0.338,304.5,PHARMA,Healthcare,Drug Manufacturers - Specialty & Generic,2026-05-11
BAJAJHFL,718430404608.0,LARGE CAP,28.097721,3.2037141,0.120570004,460.504,0.80669,0.61533,0.423,0.144,86.26,NBFC,Financial Services,Mortgage Finance,2026-05-11
BAJAJHIND,44703621120.0,SMALL CAP,0.0,0.63159996,0.0,87.126,0.01359,-0.0082,-0.065,0.0,18.96,FMCG,Consumer Defensive,Confectioners,2026-05-11
BAJAJHLDNG,1160234926080.0,LARGE CAP,12.045896,1.7101681,0.12624,0.012,0.40881002,8.57461,-0.483,0.493,10425.0,OTHERS,Financial Services,Asset Management,2026-05-11
BAJAJINDEF,9867200512.0,SMALL CAP,36.62114,3.8206103,0.0,1.565,0.05292,0.13983,0.132,-0.301,308.35,CAPITAL GOODS,Industrials,Farm & Heavy Construction Machinery,2026-05-11
BAJAJST,0.0,UNKNOWN,0.0,2.142997,0.0,12.003,0.04414,0.09385,-0.093,0.0,426.6,OTHERS,,,2026-05-11
BAJEL,20319852544.0,SMALL CAP,186.84042,1.7572138,0.0,15.984,0.03903,0.00424,-0.096,0.0,175.63,IT,Utilities,Utilities - Regulated Electric,2026-05-11
BAJFINANCE,5820243247104.0,LARGE CAP,30.710302,5.104651,0.17907,313.407,0.60647,0.43383998,0.268,0.214,936.05,OTHERS,Financial Services,Credit Services,2026-05-11
BALAJEE,2674708224.0,MICRO CAP,20.753164,0.8754272,0.0,63.12,0.02458,0.02256,0.198,-0.972,32.79,FMCG,Consumer Cyclical,Packaging & Containers,2026-05-11
BALAJITELE,14805032960.0,SMALL CAP,19.909836,2.2619755,0.0,3.918,-0.80373,0.25639,-0.554,0.0,121.45,OTHERS,Communication Services,Entertainment,2026-05-11
BALAMINES,45827977216.0,SMALL CAP,31.805712,2.4342015,0.0,1.53,0.12828,0.104169995,0.059,-0.073,1414.4,CHEMICALS,Basic Materials,Specialty Chemicals,2026-05-11
BALAXI,1551330816.0,MICRO CAP,16.432749,0.6167962,0.0,23.745,0.03487,0.03424,-0.01,-0.938,28.1,PHARMA,Healthcare,Drug Manufacturers - Specialty & Generic,2026-05-11
BALKRISHNA,600894272.0,MICRO CAP,0.0,-0.34424838,0.0,0.0,-0.16916001,0.58131003,1.618,0.0,18.65,FMCG,Consumer Cyclical,Packaging & Containers,2026-05-11
BALKRISIND,421798739968.0,LARGE CAP,33.954247,3.8503346,0.0,35.269,0.16359,0.1233,0.069,-0.15,2181.9,AUTO,Consumer Cyclical,Auto Parts,2026-05-11
BALMLAWRIE,33436381184.0,SMALL CAP,12.509916,1.7189299,0.0,12.098,0.10446999,0.10353,0.042,0.032,195.53,CAPITAL GOODS,Industrials,Conglomerates,2026-05-11
BALPHARMA,1377155456.0,MICRO CAP,16.994106,1.7412133,0.0,197.725,0.07202,0.02625,0.199,2.394,86.5,PHARMA,Healthcare,Drug Manufacturers - Specialty & Generic,2026-05-11
BALRAMCHIN,106104758272.0,MID CAP,23.816864,2.7060714,0.0,19.761,0.10824,0.0726,0.22,0.603,525.4,FMCG,Consumer Defensive,Confectioners,2026-05-11
BALUFORGE,64256815104.0,MID CAP,23.81188,4.531556,0.0,6.528,0.26232,0.22976999,0.216,0.206,529.1,CAPITAL GOODS,Industrials,Metal Fabrication,2026-05-11
BANARBEADS,779080704.0,MICRO CAP,41.33803,1.5126916,0.0,27.474,0.13924,0.07202,0.347,0.16,117.4,FMCG,Consumer Cyclical,Footwear & Accessories,2026-05-11
BANARISUG,45915365376.0,SMALL CAP,32.415016,2.5208342,0.0,1.035,0.11302,0.06649,0.528,0.679,3661.6,FMCG,Consumer Defensive,Confectioners,2026-05-11
BANCOINDIA,89019260928.0,MID CAP,18.250732,5.446883,0.0,44.582,0.1257,0.13282,0.235,1.778,622.35,AUTO,Consumer Cyclical,Auto Parts,2026-05-11
BANDHANBNK,324177199104.0,LARGE CAP,26.547493,1.265884,0.04877,0.0,0.26448,0.12972,1.193,0.68,201.23,BANKING,Financial Services,Banks - Regional,2026-05-11
BANG,529111200.0,MICRO CAP,10.24147,0.5880669,0.0,35.295,0.01158,0.28488,0.179,-0.471,39.02,FMCG,Consumer Cyclical,Apparel Manufacturing,2026-05-11
BANKA,933224448.0,MICRO CAP,0.0,3.0395977,0.0,105.547,0.04493,-0.052589998,0.087,0.0,85.82,CAPITAL GOODS,Industrials,Pollution & Treatment Controls,2026-05-11
BANKBARODA,1375582420992.0,LARGE CAP,6.9324994,0.83728105,0.12738,0.0,0.38452998,0.31175,-0.076,0.071,266.0,BANKING,Financial Services,Banks - Regional,2026-05-11
BANKINDIA,654946795520.0,LARGE CAP,6.3542404,0.75771224,0.1205,0.0,0.44297,0.31186,0.089,0.067,143.86,BANKING,Financial Services,Banks - Regional,2026-05-11
BANSALWIRE,49573441536.0,SMALL CAP,30.80253,3.4642525,0.11923,38.769,0.05409,0.03869,0.209,0.209,316.65,METALS,Basic Materials,Steel,2026-05-11
BANSWRAS,4216365824.0,MICRO CAP,16.48862,0.75047374,0.0,89.715,0.0717,0.01922,0.003,0.382,123.17,FMCG,Consumer Cyclical,Textile Manufacturing,2026-05-11
BASF,167640956928.0,MID CAP,44.28702,4.4258475,0.0,3.857,0.03529,0.02499,0.028,0.03,3872.9,CHEMICALS,Basic Materials,Specialty Chemicals,2026-05-11
BASML,1998833664.0,MICRO CAP,11.066372,0.42968816,0.0,95.855,0.063260004,0.016239999,-0.043,0.75,25.01,FMCG,Consumer Cyclical,Textile Manufacturing,2026-05-11
BATAINDIA,91473051648.0,MID CAP,51.34921,6.005705,0.0,90.391,0.11437,0.05118,0.028,0.125,711.7,FMCG,Consumer Cyclical,Footwear & Accessories,2026-05-11
BATLIBOI,0.0,UNKNOWN,93.87778,1.6420492,0.0,40.116,0.04395,0.01407,0.716,0.0,84.49,CAPITAL GOODS,Industrials,Specialty Industrial Machinery,2026-05-11
BAYERCROP,201749544960.0,LARGE CAP,30.05557,6.4585238,0.0,3.266,0.092480004,0.11928,0.047,1.798,4489.1,OTHERS,Basic Materials,Agricultural Inputs,2026-05-11
BBL,31019153408.0,SMALL CAP,23.676128,1.4128231,0.0,8.707,0.050830003,0.061669998,0.106,-0.392,2744.3,CAPITAL GOODS,Industrials,Electrical Equipment & Parts,2026-05-11
BBOX,139884003328.0,MID CAP,63.047997,14.809733,0.0,114.749,0.07324,0.03453,0.105,-0.119,788.1,IT,Technology,Software - Application,2026-05-11
BBTC,105313714176.0,MID CAP,9.514025,1.6828346,0.0,30.298,0.18215999,0.056799997,0.08,-0.067,1509.4,FMCG,Consumer Defensive,Packaged Foods,2026-05-11
BBTCL,4090966784.0,MICRO CAP,19.669624,3.671422,0.0,199.068,0.07997,0.016280001,0.261,0.0,199.45,FMCG,Consumer Cyclical,Packaging & Containers,2026-05-11
BCG,19155771392.0,SMALL CAP,2.1866357,0.20299898,0.0,0.0,0.20024,0.1385,0.333,0.272,9.49,OTHERS,Communication Services,Advertising Agencies,2026-05-11
BCLIND,10649493504.0,SMALL CAP,9.065327,1.2458134,0.0,74.479,0.076079994,0.03995,-0.013,0.677,36.08,FMCG,Consumer Defensive,Beverages - Wineries & Distilleries,2026-05-11
BCONCEPTS,3039461888.0,MICRO CAP,58.677105,3.928214,0.0,238.883,0.05854,0.00077,0.32,-0.677,243.51,FMCG,Consumer Cyclical,Footwear & Accessories,2026-05-11
BCPL,1343075328.0,MICRO CAP,18.128668,1.3926508,0.0,72.22,0.08379,0.03223,-0.287,0.19,80.31,CAPITAL GOODS,Industrials,Infrastructure Operations,2026-05-11
BDL,513664057344.0,LARGE CAP,88.74605,12.178969,0.0,0.029,0.01179,0.15512,-0.319,-0.504,1401.3,DEFENCE,Industrials,Aerospace & Defense,2026-05-11
BEARDSELL,1054545344.0,MICRO CAP,11.831859,1.2269431,0.0,36.022,0.06713,0.03201,0.028,-0.172,26.74,CAPITAL GOODS,Industrials,Building Products & Equipment,2026-05-11
BECTORFOOD,60050427904.0,MID CAP,42.991207,4.938524,0.0,15.033,0.08598,0.06974,0.084,0.099,195.61,FMCG,Consumer Defensive,Packaged Foods,2026-05-11
BEDMUTHA,3711637248.0,MICRO CAP,0.0,2.6076117,-0.00035999998,151.954,0.02569,-4.0000003e-05,0.446,0.0,115.04,METALS,Basic Materials,Steel,2026-05-11
BEEKAY,0.0,UNKNOWN,0.0,0.7538009,0.0,0.0,0.14142999,0.05345,0.0,0.0,425.25,OTHERS,,,2026-05-11
BEL,3157459206144.0,LARGE CAP,52.805622,14.654296,0.0,0.273,0.27842,0.22475,0.24,0.207,431.95,DEFENCE,Industrials,Aerospace & Defense,2026-05-11
BELLACASA,3470040064.0,MICRO CAP,17.303072,2.1950107,0.0,49.781,0.074889995,0.05066,0.112,0.252,259.2,FMCG,Consumer Cyclical,Textile Manufacturing,2026-05-11
BELRISE,194100445184.0,MID CAP,40.694027,3.579963,0.0,28.531,0.08291,0.05164,0.082,-0.275,218.12,AUTO,Consumer Cyclical,Auto Parts,2026-05-11
BEML,159140282368.0,MID CAP,64.01005,5.6842046,0.0,23.787,-0.01629,0.05919,0.237,0.0,1910.7,CAPITAL GOODS,Industrials,Conglomerates,2026-05-11
BENGALASM,0.0,UNKNOWN,0.0,0.7283108,0.0,5.306,0.09652001,0.35662997,0.093,0.148,6521.0,OTHERS,,,2026-05-11
BEPL,24054659072.0,SMALL CAP,13.35083,2.3094568,0.17278999,0.0,0.18176001,0.14119,-0.01,0.305,96.66,CHEMICALS,Basic Materials,Chemicals,2026-05-11
BERGEPAINT,575830491136.0,LARGE CAP,54.689926,9.165909,0.0,11.082,0.124309994,0.08997,0.003,-0.079,493.85,CHEMICALS,Basic Materials,Specialty Chemicals,2026-05-11
BESTAGRO,6735204352.0,SMALL CAP,10.047619,0.8323471,0.0,53.825,-0.03263,0.01761,-0.26,0.0,18.99,OTHERS,Basic Materials,Agricultural Inputs,2026-05-11
BETA,13544871936.0,SMALL CAP,20.965626,3.0646038,0.0,65.95,0.14435,0.10781,-0.012,-0.098,1341.8,PHARMA,Healthcare,Drug Manufacturers - Specialty & Generic,2026-05-11
BFINVEST,16121744384.0,SMALL CAP,9.807516,0.22755378,0.0,0.0,0.88439006,2.48617,0.092,11.758,428.0,OTHERS,Financial Services,Asset Management,2026-05-11
BFUTILITIE,21393330176.0,SMALL CAP,13.522619,10.614301,0.0,0.0,-0.48353,0.18443,-0.984,0.0,567.95,CAPITAL GOODS,Industrials,Infrastructure Operations,2026-05-11
BGLOBAL,49113640.0,MICRO CAP,0.0,0.059910327,0.0,4.223,-6.89861,0.0,0.0,0.0,3.1,IT,Technology,Software - Application,2026-05-11
BGRENERGY,19472797696.0,SMALL CAP,0.0,-1.0063097,0.0,0.0,-2.44718,-2.24033,0.177,0.0,269.85,CAPITAL GOODS,Industrials,Engineering & Construction,2026-05-11
BHAGCHEM,32514521088.0,SMALL CAP,250.75,4.7659326,0.0,27.379,0.07719,0.02641,0.109,0.385,250.75,OTHERS,Basic Materials,Agricultural Inputs,2026-05-11
BHAGERIA,7124039168.0,SMALL CAP,14.255895,1.2406605,0.0,12.876,0.047930002,0.06362,0.418,-0.079,163.23,CHEMICALS,Basic Materials,Specialty Chemicals,2026-05-11
BHAGYANGR,9769673728.0,SMALL CAP,26.926807,4.322316,0.0,162.99,0.04631,0.01729,0.464,2.208,305.35,OTHERS,Basic Materials,Copper,2026-05-11
BHANDARI,1281882240.0,MICRO CAP,12.419354,0.590944,0.0,64.953,0.094680004,0.03032,-0.062,0.125,3.85,FMCG,Consumer Cyclical,Apparel Manufacturing,2026-05-11
BHARATCOAL,0.0,UNKNOWN,121.51852,2.581432,0.02096,38.792,-0.12335,0.0094,-0.151,-0.571,32.81,OTHERS,Basic Materials,Coking Coal,2026-05-11
BHARATFORG,949962145792.0,LARGE CAP,88.38968,10.145986,0.11603,76.475,0.11553001,0.06422,0.175,-0.179,1987.0,AUTO,Consumer Cyclical,Auto Parts,2026-05-11
BHARATGEAR,1759689600.0,MICRO CAP,13.372229,1.4442163,0.0,64.485,0.033099998,0.01756,0.333,0.0,114.6,AUTO,Consumer Cyclical,Auto Parts,2026-05-11
BHARATRAS,23849576448.0,SMALL CAP,17.983458,1.9924601,0.0,7.556,0.13333,0.10699,0.055,-0.013,1434.9,OTHERS,Basic Materials,Agricultural Inputs,2026-05-11
BHARATSE,12831924224.0,SMALL CAP,31.777607,6.1936946,0.0,63.95,0.03281,0.022809999,0.603,0.306,204.33,AUTO,Consumer Cyclical,Auto Parts,2026-05-11
BHARATWIRE,17349931008.0,SMALL CAP,22.655018,2.2325537,0.0,13.182,0.1861,0.12344,-0.117,0.22,252.83,METALS,Basic Materials,Steel,2026-05-11
BHARTIARTL,10719772803072.0,LARGE CAP,34.75805,8.58791,0.23125,117.095,0.32164,0.14937,0.196,-0.553,1759.8,TELECOM,Communication Services,Telecom Services,2026-05-11
BHARTIHEXA,732349988864.0,LARGE CAP,41.78887,10.900823,0.28811002,94.665,0.30727,0.19015,0.048,0.814,1464.7,TELECOM,Communication Services,Telecom Services,2026-05-11
BHEL,1397526102016.0,LARGE CAP,87.06074,5.339302,0.06292,31.312,0.13527,0.04737,0.369,1.564,401.35,CAPITAL GOODS,Industrials,Specialty Industrial Machinery,2026-05-11
BI,0.0,UNKNOWN,0.0,0.3606636,0.0,120.659,0.00596,-0.02883,-0.085,0.0,69.44,OTHERS,,,2026-05-11
BIGBLOC,8474724352.0,SMALL CAP,0.0,6.779162,0.0,140.107,0.05155,-0.00595,0.281,-0.133,59.86,CAPITAL GOODS,Industrials,Building Products & Equipment,2026-05-11
BIKAJI,165598855168.0,MID CAP,67.32416,11.055593,0.0,19.446,0.094069995,0.08538,0.105,1.175,660.45,FMCG,Consumer Defensive,Packaged Foods,2026-05-11
BIL,9699080192.0,SMALL CAP,25.200348,1.9534627,0.0,104.25,0.062459998,0.028859999,0.392,0.0,723.25,FMCG,Consumer Cyclical,Footwear & Accessories,2026-05-11
BILVYAPAR,160281168.0,MICRO CAP,0.0,-0.08434292,0.0,0.0,-0.73113,0.0,0.0,0.0,5.11,CHEMICALS,Basic Materials,Specialty Chemicals,2026-05-11
BIMETAL,0.0,UNKNOWN,20.809782,0.0,0.0,0.368,0.0047999998,0.03958,0.182,-0.346,574.35,AUTO,Consumer Cyclical,Auto Parts,2026-05-11
BIOCON,632267931648.0,LARGE CAP,138.95018,1.8778768,0.0,50.024,0.07625,0.03591,0.092,4.095,390.45,PHARMA,Healthcare,Biotechnology,2026-05-11
BIOFILCHEM,539151040.0,MICRO CAP,19.488235,2.6000628,0.0,0.094,0.114700004,0.08595,-0.934,-0.5,33.13,PHARMA,Healthcare,Drug Manufacturers - Specialty & Generic,2026-05-11
BIRLACABLE,5441099776.0,SMALL CAP,71.97222,1.9967412,0.0,41.628,0.03447,0.010629999,0.296,1.792,181.37,IT,Technology,Communication Equipment,2026-05-11
BIRLACORPN,81829732352.0,MID CAP,15.752298,1.144886,0.0,44.718,0.07414,0.05391,-0.043,0.687,1062.65,OTHERS,Basic Materials,Building Materials,2026-05-11
BIRLAMONEY,8284249088.0,SMALL CAP,14.15058,2.7632225,0.21804,734.586,0.27535,0.17396,0.429,1.006,146.6,OTHERS,Financial Services,Capital Markets,2026-05-11
BIRLANU,12394221568.0,SMALL CAP,0.0,1.0513933,0.0,88.333,-0.05886,-0.03341,0.065,0.0,1643.6,CAPITAL GOODS,Industrials,Building Products & Equipment,2026-05-11
BIRLAPREC,0.0,UNKNOWN,0.0,1.6145976,0.0,27.266,-0.01779,0.05406,0.013,0.571,41.19,OTHERS,,,2026-05-11
BLACKBUCK,102253068288.0,MID CAP,26.820135,7.807748,0.0,3.633,0.1817,0.63718,0.504,0.0,562.15,IT,Technology,Software - Application,2026-05-11
BLACKROSE,0.0,UNKNOWN,0.0,2.977644,0.0,5.317,0.07363,0.052989997,-0.133,-0.234,90.97,OTHERS,,,2026-05-11
BLAL,8376791040.0,SMALL CAP,0.0,-383.14285,0.0,0.0,0.0,0.0,0.0,0.0,201.15,OTHERS,Financial Services,Shell Companies,2026-05-11
BLBLIMITED,881263808.0,MICRO CAP,3.3882113,0.75069803,0.0,0.17,0.04138,0.03545,2.788,0.0,16.67,OTHERS,Financial Services,Capital Markets,2026-05-11
BLIL,0.0,UNKNOWN,0.0,1.2186908,0.0,11.199,0.116210006,0.92758006,0.038,0.027,74.54,OTHERS,,,2026-05-11
BLISSGVS,28790468608.0,SMALL CAP,26.707558,2.5385468,0.0,4.493,0.12114,0.12567,0.037,-0.057,272.15,PHARMA,Healthcare,Drug Manufacturers - Specialty & Generic,2026-05-11
BLKASHYAP,13116310528.0,SMALL CAP,121.1875,2.509166,0.0,58.747,0.08552,0.00825,0.339,9.4,58.17,CAPITAL GOODS,Industrials,Engineering & Construction,2026-05-11
BLS,117290786816.0,MID CAP,18.239437,5.502018,0.0,16.545,0.23725,0.22389999,0.436,0.348,284.9,CAPITAL GOODS,Industrials,Specialty Business Services,2026-05-11
BLSE,18100899840.0,SMALL CAP,32.361427,3.5908642,0.0,1.361,0.05377,0.054130003,1.199,0.241,199.67,CAPITAL GOODS,Industrials,Specialty Business Services,2026-05-11
BLUECHIP,101206944.0,MICRO CAP,0.0,-14.64,0.0,0.0,-9.42342,0.0,0.0,0.0,1.83,OTHERS,Financial Services,Capital Markets,2026-05-11
BLUECOAST,558582912.0,MICRO CAP,26.85124,-2.0607638,0.0,0.0,0.87817,-1.02694,20.456,0.0,32.49,FMCG,Consumer Cyclical,Lodging,2026-05-11
BLUEDART,124773343232.0,MID CAP,49.227673,7.647926,0.0,0.0,0.13491,0.04208,0.08,1.891,5258.5,CAPITAL GOODS,Industrials,Integrated Freight & Logistics,2026-05-11
BLUEJET,82326691840.0,MID CAP,28.049646,6.546478,0.0,1.643,0.21260001,0.27876,-0.396,-0.594,474.6,PHARMA,Healthcare,Biotechnology,2026-05-11
BLUESTARCO,341509931008.0,LARGE CAP,64.55888,11.011746,0.0,33.084,0.05978,0.04003,0.042,-0.391,1661.1,CAPITAL GOODS,Industrials,Building Products & Equipment,2026-05-11
BLUESTONE,72226701312.0,MID CAP,447.21698,4.007625,0.00971,110.033,0.1027,0.0060900003,0.477,0.0,474.05,FMCG,Consumer Cyclical,Luxury Goods,2026-05-11
BLUSPRING,10431956992.0,SMALL CAP,0.0,1.5173314,0.0,31.894,0.01482,-0.00452,0.091,0.0,69.82,CAPITAL GOODS,Industrials,Specialty Business Services,2026-05-11
BMWVENTLTD,5619132416.0,SMALL CAP,15.465394,1.3089323,0.0,107.33,0.03568,0.017029999,0.161,0.288,64.8,METALS,Basic Materials,Steel,2026-05-11
BNAGROCHEM,0.0,UNKNOWN,0.0,6.5342975,0.0,19.567,-0.03948,0.0587,1.254,0.0,296.35,OTHERS,,,2026-05-11
BNALTD,0.0,UNKNOWN,0.0,0.69140834,0.0,46.111,-0.05686,0.020130001,0.101,0.0,365.0,OTHERS,,,2026-05-11
BODALCHEM,9168728064.0,SMALL CAP,30.333334,0.8273856,0.0,77.215,0.011419999,0.01617,0.104,-0.953,72.8,CHEMICALS,Basic Materials,Specialty Chemicals,2026-05-11
BOHRAIND,210061904.0,MICRO CAP,0.0,0.57682514,0.0,1.562,-19479.0,0.0,0.0,0.0,20.4,OTHERS,Basic Materials,Agricultural Inputs,2026-05-11
BOMDYEING,26473641984.0,SMALL CAP,152.59523,1.1565355,0.0,0.13,-0.11046,0.01224,-0.219,0.0,128.18,FMCG,Consumer Cyclical,Textile Manufacturing,2026-05-11
BONLON,889616320.0,MICRO CAP,37.448273,0.9275234,0.0,49.692,0.00749,0.0032,-0.073,-0.606,54.3,OTHERS,Basic Materials,Other Industrial Metals & Mining,2026-05-11
BORANA,9000780800.0,SMALL CAP,38.169487,3.6264477,0.0,17.66,0.19582,0.15904,0.417,0.227,337.8,FMCG,Consumer Cyclical,Textile Manufacturing,2026-05-11
BOROLTD,29248743424.0,SMALL CAP,38.82222,3.4183564,0.0,9.413,0.09201,0.06364,0.002,-0.327,244.58,FMCG,Consumer Cyclical,"Furnishings, Fixtures & Appliances",2026-05-11
BORORENEW,77089849344.0,MID CAP,0.0,6.5562634,0.0,22.805,0.25838,-0.04032,0.08,0.0,549.9,IT,Technology,Solar,2026-05-11
BOROSCI,10540225536.0,SMALL CAP,65.46961,2.648518,0.0,2.192,0.10223,0.03543,0.196,1.042,118.5,FMCG,Consumer Cyclical,Packaging & Containers,2026-05-11
BOSCH-HCIL,39864553472.0,SMALL CAP,326.52563,8.349707,0.0,37.841,-0.03255,0.00463,0.102,0.0,1466.1,FMCG,Consumer Cyclical,"Furnishings, Fixtures & Appliances",2026-05-11
BOSCHLTD,1100555223040.0,LARGE CAP,39.928307,7.851434,0.0,0.778,0.10515001,0.14369,0.094,0.161,37315.0,AUTO,Consumer Cyclical,Auto Parts,2026-05-11
BPCL,1258062741504.0,LARGE CAP,5.1137547,1.3393954,0.0,56.386,0.08156,0.054959998,0.052,0.888,294.45,POWER,Energy,Oil & Gas Refining & Marketing,2026-05-11
BPL,2813657088.0,MICRO CAP,0.0,0.99483967,-0.037920002,71.883,-0.00883,-0.19145,-0.007,-0.375,57.45,IT,Technology,Consumer Electronics,2026-05-11
BRIGADE,183380738048.0,MID CAP,3259.348,2.8261166,0.0,75.557,0.21002,0.13083,0.076,-0.234,749.65,REALTY,Real Estate,Real Estate - Development,2026-05-11
BRIGHOTEL,23941476352.0,SMALL CAP,37.517857,2.395667,0.11928,31.381,0.25156,0.11135,0.017,0.5,63.03,FMCG,Consumer Cyclical,Lodging,2026-05-11
BRITANNIA,1303217831936.0,LARGE CAP,51.31841,25.52255,0.53314,26.875,0.16267,0.13229,0.079,0.211,5410.5,FMCG,Consumer Defensive,Packaged Foods,2026-05-11
BRNL,1758752512.0,MICRO CAP,6.3677816,0.1673443,0.0,77.326,0.40245998,0.18107,-0.119,-0.847,20.95,CAPITAL GOODS,Industrials,Infrastructure Operations,2026-05-11
BROOKS,1398040960.0,MICRO CAP,6.457143,1.2077873,0.0,6.772,0.020469999,0.24315001,-0.569,0.0,47.46,PHARMA,Healthcare,Drug Manufacturers - Specialty & Generic,2026-05-11
BSE,1591213817856.0,LARGE CAP,73.729774,25.276604,0.0,0.0,0.8172,0.50727004,0.486,1.709,3918.0,OTHERS,Financial Services,Financial Data & Stock Exchanges,2026-05-11
BSHSL,10255520768.0,SMALL CAP,36.46642,7.6489005,0.0,24.979,0.08523,0.07942,-0.159,-0.129,97.73,OTHERS,Basic Materials,Agricultural Inputs,2026-05-11
BSL,1297327744.0,MICRO CAP,35.507042,1.0788535,0.0,366.394,0.05336,0.0054900004,-0.017,-0.611,126.05,FMCG,Consumer Cyclical,Textile Manufacturing,2026-05-11
BSOFT,99469164544.0,MID CAP,19.227444,2.6837692,0.0,4.089,0.18621,0.087869994,0.013,0.027,355.9,IT,Technology,Information Technology Services,2026-05-11
BTML,1137428096.0,MICRO CAP,125.200005,1.2006137,0.0,32.08,0.08911,0.055689998,1.312,-0.071,6.26,OTHERS,Communication Services,Entertainment,2026-05-11
BTTL,0.0,UNKNOWN,167.7,1.1614377,0.0,0.0,0.029240001,0.0555,2.068,0.0,33.54,FMCG,Consumer Cyclical,Textile Manufacturing,2026-05-11
BUILDPRO,26577260544.0,SMALL CAP,0.0,5.5465026,0.0,18.635,0.0312,0.0,0.291,0.388,1096.0,FMCG,Consumer Cyclical,Home Improvement Retail,2026-05-11
BUTTERFLY,11095155712.0,SMALL CAP,25.685017,3.179389,0.0,3.141,0.05727,0.047420003,0.027,0.295,620.55,FMCG,Consumer Cyclical,"Furnishings, Fixtures & Appliances",2026-05-11
BVCL,971272832.0,MICRO CAP,4383.0005,0.7843734,0.0,28.58,-0.01423,0.000120000004,-0.129,0.0,43.83,OTHERS,Basic Materials,Building Materials,2026-05-11
BYKE,1927015040.0,MICRO CAP,33.50909,0.84068877,0.0,45.915,0.15720999,0.05487,0.05,0.5,36.86,FMCG,Consumer Cyclical,Lodging,2026-05-11
CALSOFT,1561167744.0,MICRO CAP,140.27777,3.7822049,0.32296002,3.905,0.88351,0.54057,6.05,33.642,25.25,IT,Technology,Software - Application,2026-05-11
CAMLINFINE,24289984512.0,SMALL CAP,0.0,2.655397,0.0,78.095,0.0116,-0.034479998,0.055,0.0,126.45,CHEMICALS,Basic Materials,Specialty Chemicals,2026-05-11
CAMPUS,75545698304.0,MID CAP,53.50866,9.471647,0.0,48.005,0.14927,0.08177,0.143,0.362,247.21,FMCG,Consumer Cyclical,Footwear & Accessories,2026-05-11
CAMS,202280960000.0,LARGE CAP,42.595303,16.584663,0.38694,4.863,0.39238,0.31394,0.11,0.106,815.7,IT,Technology,Information Technology Services,2026-05-11
CANBK,1174014394368.0,LARGE CAP,5.811854,1.0006183,0.18215,0.0,0.80103,0.34346,-0.426,0.245,129.43,BANKING,Financial Services,Banks - Regional,2026-05-11
CANFINHOME,113886724096.0,MID CAP,10.490617,2.0849533,0.19655001,637.09,0.80419,0.67294997,0.243,0.478,855.3,NBFC,Financial Services,Mortgage Finance,2026-05-11
CANHLIFE,133566955520.0,MID CAP,105.99248,8.55712,0.081149995,0.0,0.00701,0.00953,1.976,-0.68,140.97,OTHERS,Financial Services,Insurance - Life,2026-05-11
CANTABIL,19373916160.0,SMALL CAP,21.791157,4.716566,0.0,126.45,0.26407,0.10873,0.186,0.311,231.64,FMCG,Consumer Cyclical,Apparel Manufacturing,2026-05-11
CAPACITE,20774522880.0,SMALL CAP,10.299916,1.1010321,0.0,23.09,0.12592,0.07642,0.144,-0.034,245.55,CAPITAL GOODS,Industrials,Engineering & Construction,2026-05-11
CAPILLARY,44493905920.0,SMALL CAP,199.64413,4.3453007,0.06582,5.238,0.093830004,0.07001,0.281,3.06,561.0,IT,Technology,Software - Infrastructure,2026-05-11
CAPITALSFB,13350848512.0,SMALL CAP,9.454809,0.93128246,0.099259995,0.0,0.38409,0.28381002,0.689,0.167,293.95,BANKING,Financial Services,Banks - Regional,2026-05-11
CAPLIPOINT,140872482816.0,MID CAP,23.005215,4.5665445,0.0,0.166,0.31396,0.29341,0.101,0.183,1853.3,PHARMA,Healthcare,Drug Manufacturers - Specialty & Generic,2026-05-11
CAPTRUST,457319104.0,MICRO CAP,0.0,0.3846373,0.0,134.274,-0.1279,-1.2008001,-0.426,0.0,13.5,OTHERS,Financial Services,Credit Services,2026-05-11
CARBORUNIV,197921701888.0,MID CAP,80.23166,5.246627,0.0,7.95,0.07434,0.048049998,0.028,1.203,1039.0,CAPITAL GOODS,Industrials,Conglomerates,2026-05-11
CARERATING,48108711936.0,SMALL CAP,29.942022,5.5662756,0.0,2.913,0.32688,0.35604998,0.163,0.289,1601.0,OTHERS,Financial Services,Financial Data & Stock Exchanges,2026-05-11
CARRARO,33502609408.0,SMALL CAP,29.7176,6.7950416,0.0,37.201,0.076469995,0.053790003,0.27,0.915,589.3,AUTO,Consumer Cyclical,Auto Parts,2026-05-11
CARTRADE,91254980608.0,MID CAP,42.71932,3.6691592,0.09849,5.363,0.29896998,0.28617,0.198,0.573,1904.0,AUTO,Consumer Cyclical,Auto & Truck Dealerships,2026-05-11
CARYSIL,26182840320.0,SMALL CAP,29.223808,4.6267395,0.0,42.1,0.14674,0.10026,0.096,0.696,920.55,FMCG,Consumer Cyclical,"Furnishings, Fixtures & Appliances",2026-05-11
CASTROLIND,180762116096.0,MID CAP,18.85965,9.512284,0.0,3.305,0.19521,0.16386,0.087,0.038,182.75,POWER,Energy,Oil & Gas Refining & Marketing,2026-05-11
CCAVENUE,48560222208.0,SMALL CAP,17.884615,0.9676748,0.0,1.811,0.03235,0.03665,1.225,0.13,13.95,IT,Technology,Software - Infrastructure,2026-05-11
CCCL,7049864192.0,SMALL CAP,8.915255,3.7769268,0.26556998,0.108,-0.08659001,0.21561001,1.295,0.0,15.78,CAPITAL GOODS,Industrials,Engineering & Construction,2026-05-11
CCHHL,2295044864.0,MICRO CAP,27.529411,0.5941348,0.0,7.499,-0.07033,0.08352,0.427,0.0,14.04,FMCG,Consumer Cyclical,Lodging,2026-05-11
CCL,146411618304.0,MID CAP,37.78618,7.0176783,0.0,77.989,0.14102,0.092089996,0.384,0.59,1099.2,FMCG,Consumer Defensive,Packaged Foods,2026-05-11
CDSL,256401211392.0,LARGE CAP,56.301056,14.714067,0.0,0.11,0.38924998,0.38888,0.055,-0.199,1226.8,OTHERS,Financial Services,Capital Markets,2026-05-11
CEATLTD,131940982784.0,MID CAP,18.922705,2.2485816,0.14787,64.742,0.096870005,0.04452,0.233,1.832,3270.6,AUTO,Consumer Cyclical,Auto Parts,2026-05-11
CEIGALL,63880925184.0,MID CAP,24.57775,3.4093552,0.0,69.07,0.12474,0.07111,0.193,0.025,366.7,CAPITAL GOODS,Industrials,Engineering & Construction,2026-05-11
CEINSYS,22193920000.0,SMALL CAP,17.803158,4.039988,0.0,16.155,0.21731001,0.18679,0.52,1.004,1060.0,CAPITAL GOODS,Industrials,Engineering & Construction,2026-05-11
CELEBRITY,525423552.0,MICRO CAP,0.0,4.936325,0.0,565.147,-0.03856,-0.09024,0.189,0.0,8.14,FMCG,Consumer Cyclical,Apparel Manufacturing,2026-05-11
CELLO,91170299904.0,MID CAP,29.52432,3.9837656,0.0,0.221,0.17953,0.13387999,0.002,-0.278,412.75,FMCG,Consumer Cyclical,"Furnishings, Fixtures & Appliances",2026-05-11
CEMPRO,155630960640.0,MID CAP,33.124313,6.4843645,0.28208,37.711,0.1073,0.05941,0.199,1.134,905.95,CAPITAL GOODS,Industrials,Engineering & Construction,2026-05-11
CENTENKA,9628461056.0,SMALL CAP,14.118873,0.67050827,0.0,2.535,0.06627,0.040939998,-0.166,0.697,440.65,FMCG,Consumer Cyclical,Textile Manufacturing,2026-05-11
CENTEXT,1682400000.0,MICRO CAP,15.81203,1.8854222,0.0,63.677,0.05688,0.023440002,0.183,0.161,21.03,OTHERS,Basic Materials,Aluminum,2026-05-11
CENTRALBK,322591948800.0,LARGE CAP,7.128,0.8147403,0.13226,0.0,0.33518,0.28488,0.123,0.261,35.64,BANKING,Financial Services,Banks - Regional,2026-05-11
CENTRUM,12501668864.0,SMALL CAP,0.0,2.2666793,0.0,307.801,-1.09132,-0.22763,-0.094,0.0,24.19,OTHERS,Financial Services,Financial Conglomerates,2026-05-11
CENTUM,45046968320.0,SMALL CAP,0.0,10.805563,0.0,53.972,0.06994,-0.021370001,0.178,0.0,3055.9,IT,Technology,Electronic Components,2026-05-11
CENTURYPLY,173039435776.0,MID CAP,73.06285,7.015971,0.0,66.141,0.09031,0.04646,0.184,0.091,778.85,OTHERS,Basic Materials,Lumber & Wood Production,2026-05-11
CERA,79317524480.0,MID CAP,37.332363,5.7893114,0.14376001,3.172,0.20216,0.09709,0.2,-0.097,6152.0,CAPITAL GOODS,Industrials,Building Products & Equipment,2026-05-11
CEREBRAINT,540491712.0,MICRO CAP,0.0,0.3547284,0.0,29.8,-25.227428,0.0,-0.924,0.0,4.46,CAPITAL GOODS,Industrials,Waste Management,2026-05-11
CESC,241267064832.0,LARGE CAP,15.636597,1.8958387,0.0,141.107,0.12809,0.08043,0.125,0.08,182.01,IT,Utilities,Utilities - Regulated Electric,2026-05-11
CEWATER,6092970496.0,SMALL CAP,10.682148,1.1082125,0.0,30.084,0.00037999998,0.08512,0.014,0.0,294.4,IT,Utilities,Utilities - Regulated Water,2026-05-11
CGCL,183867637760.0,MID CAP,18.8834,2.5576167,0.16496,334.728,0.39968,0.33626,0.72,0.371,191.1,OTHERS,Financial Services,Credit Services,2026-05-11
CGPOWER,1351540408320.0,LARGE CAP,111.58647,16.960508,0.19561,1.444,0.121190004,0.09714,0.25,0.305,858.1,CAPITAL GOODS,Industrials,Electrical Equipment & Parts,2026-05-11
CHALET,171056300032.0,MID CAP,28.198555,5.0021453,0.0,72.88,0.35524,0.22129999,0.271,0.281,781.1,FMCG,Consumer Cyclical,Lodging,2026-05-11
CHAMBLFERT,181215019008.0,MID CAP,9.468286,1.8421824,0.0,1.022,0.12427,0.09358,0.199,0.097,452.3,OTHERS,Basic Materials,Agricultural Inputs,2026-05-11
CHEMBOND,2490488576.0,MICRO CAP,19.534811,1.5383914,0.0,3.705,0.05298,0.05519,-0.502,-0.865,185.19,CHEMICALS,Basic Materials,Specialty Chemicals,2026-05-11
CHEMBONDCH,4881190400.0,MICRO CAP,15.237616,2.6454425,0.0,0.0,0.1279,0.10587,-0.316,-0.584,181.48,CHEMICALS,Basic Materials,Specialty Chemicals,2026-05-11
CHEMCON,6289490944.0,SMALL CAP,29.705881,1.2257981,0.0,0.051,0.06677,0.09648,0.054,-0.421,171.7,CHEMICALS,Basic Materials,Specialty Chemicals,2026-05-11
CHEMFAB,6452354560.0,SMALL CAP,0.0,1.7008297,0.0,28.847,-0.08109,-0.03986,-0.185,0.0,448.9,CHEMICALS,Basic Materials,Specialty Chemicals,2026-05-11
CHEMPLASTS,38279909376.0,SMALL CAP,0.0,1.971371,0.0,96.728,-0.13163,-0.07008,-0.21,0.0,242.11,CHEMICALS,Basic Materials,Chemicals,2026-05-11
CHENNPETRO,156565438464.0,MID CAP,5.04559,1.409374,0.32126,17.68,0.11215,0.04875,-0.025,2.025,1051.4,POWER,Energy,Oil & Gas Refining & Marketing,2026-05-11
CHEVIOT,7437875200.0,SMALL CAP,10.628599,1.0651354,0.0,1.473,0.097959995,0.12958999,0.285,4.039,1273.2,FMCG,Consumer Cyclical,Textile Manufacturing,2026-05-11
CHOICEIN,152234311680.0,MID CAP,60.850403,8.083633,0.16240999,49.768,0.30106002,0.20622998,0.218,0.153,683.35,OTHERS,Financial Services,Capital Markets,2026-05-11
CHOLAFIN,1384600961024.0,LARGE CAP,28.291536,4.5394087,0.19334999,693.261,0.56111,0.39784,0.241,0.291,1624.5,OTHERS,Financial Services,Credit Services,2026-05-11
CHOLAHLDNG,331276976128.0,LARGE CAP,13.571813,2.1438057,0.18035,621.271,0.36185002,0.096920006,0.182,0.12,1764.2,OTHERS,Financial Services,Credit Services,2026-05-11
CIEINDIA,181126561792.0,MID CAP,20.949978,2.428251,0.0,5.71,0.11777,0.05728,0.149,0.208,477.45,AUTO,Consumer Cyclical,Auto Parts,2026-05-11
CIFL,11586997248.0,SMALL CAP,28.490385,1.7197747,0.0,100.828,0.11066,0.065120004,-0.038,0.0,29.63,OTHERS,Financial Services,Credit Services,2026-05-11
CIGNITITEC,37571301376.0,SMALL CAP,12.473935,3.3293626,0.0,1.799,0.17087,0.13656999,0.122,0.26,1363.9,IT,Technology,Information Technology Services,2026-05-11
CINELINE,2927724032.0,MICRO CAP,0.0,2.0189514,0.0,71.321,0.14673,-0.02085,0.062,0.373,85.44,OTHERS,Communication Services,Entertainment,2026-05-11
CINEVISTA,886819136.0,MICRO CAP,inf,1.7553434,0.0,43.705,0.50113,-0.73116994,311.667,0.0,15.44,OTHERS,Communication Services,Entertainment,2026-05-11
CIPLA,1054075584512.0,LARGE CAP,23.17762,3.201965,0.0,1.415,0.14027001,0.16256,0.0,-0.57,1304.9,PHARMA,Healthcare,Drug Manufacturers - Specialty & Generic,2026-05-11
CLCIND,2842950.0,MICRO CAP,0.0,0.04430413,0.0,1024.584,-0.09686,-0.02537,4.224,0.0,27.35,FMCG,Consumer Cyclical,Textile Manufacturing,2026-05-11
CLEAN,91552579584.0,MID CAP,37.24384,6.09902,0.0,0.142,0.2409,0.25281,-0.088,-0.301,861.45,CHEMICALS,Basic Materials,Specialty Chemicals,2026-05-11
CLEANMAX,143902015488.0,MID CAP,397.767,4.675588,0.0,303.243,0.36019,0.03372,0.13,9.72,1229.1,IT,Utilities,Utilities - Renewable,2026-05-11
CLEDUCATE,2180345344.0,MICRO CAP,0.0,0.7812014,0.0,103.966,-0.05568,-0.060560003,0.708,0.0,40.21,FMCG,Consumer Defensive,Education & Training Services,2026-05-11
CLSEL,14179260416.0,SMALL CAP,14.019174,1.8636768,0.0,8.804,0.11557,0.07329,0.09,0.242,285.15,FMCG,Consumer Defensive,Packaged Foods,2026-05-11
CMICABLES,51127588.0,MICRO CAP,0.0,-0.034912992,0.0,0.0,-0.20607,-0.1919,0.0,0.0,3.19,CAPITAL GOODS,Industrials,Electrical Equipment & Parts,2026-05-11
CMPDI,0.0,UNKNOWN,24.895348,6.6964846,0.28355,0.064,0.27634,0.2647,0.117,-0.322,214.1,OTHERS,Basic Materials,Other Industrial Metals & Mining,2026-05-11
CMSINFO,48321118208.0,SMALL CAP,15.167958,2.068839,0.0,9.543,0.13588001,0.13015,0.063,-0.38,293.5,CAPITAL GOODS,Industrials,Specialty Business Services,2026-05-11
CNL,10166289408.0,SMALL CAP,17.648592,3.128509,0.0,36.852,0.02851,0.025050001,0.379,0.306,677.0,IT,Technology,Electronics & Computer Distribution,2026-05-11
COALINDIA,2862279294976.0,LARGE CAP,9.200674,2.4029906,0.28124002,11.629,0.20922,0.18465,0.162,0.129,464.45,POWER,Energy,Thermal Coal,2026-05-11
COASTCORP,4178709504.0,MICRO CAP,26.892242,1.5341678,0.0,153.742,0.03936,0.01928,0.649,2.63,62.39,FMCG,Consumer Defensive,Packaged Foods,2026-05-11
COCHINSHIP,451578167296.0,LARGE CAP,61.922802,7.920833,0.0,20.291,0.113800004,0.13733,0.177,-0.183,1716.5,DEFENCE,Industrials,Aerospace & Defense,2026-05-11
COCKERILL,0.0,UNKNOWN,246.91212,12.110585,0.05015,2.531,0.08377,0.02884,0.411,0.0,5197.5,CAPITAL GOODS,Industrials,Metal Fabrication,2026-05-11
COFFEEDAY,5439731712.0,SMALL CAP,14.385475,0.20864731,0.0,38.774,-0.029679999,0.03385,0.07,0.0,25.75,FMCG,Consumer Cyclical,Restaurants,2026-05-11
COFORGE,590850752512.0,LARGE CAP,31.411604,4.842884,0.18596001,7.518,0.16555999,0.094840005,0.305,1.34,1375.2,IT,Technology,Information Technology Services,2026-05-11
COHANCE,183405543424.0,MID CAP,94.2815,4.828466,0.0,11.486,0.0889,0.056199998,0.773,-0.703,478.95,PHARMA,Healthcare,Drug Manufacturers - Specialty & Generic,2026-05-11
COLPAL,581777293312.0,LARGE CAP,43.84994,36.770897,0.0,3.791,0.27304,0.22483,0.017,0.003,2139.0,FMCG,Consumer Defensive,Household & Personal Products,2026-05-11
COMFINTE,0.0,UNKNOWN,0.0,1.2853552,0.0,11.669,0.02774,-0.02329,0.297,0.0,8.18,OTHERS,,,2026-05-11
COMPINFO,121372144.0,MICRO CAP,0.0,-0.040258348,0.0,292.783,-0.35296002,0.0,-0.698,0.0,1.39,IT,Technology,Electronics & Computer Distribution,2026-05-11
COMPUSOFT,1121995136.0,MICRO CAP,41.705883,0.7676899,0.0,32.821,-0.036930002,0.07374,0.104,0.0,14.18,FMCG,Consumer Defensive,Education & Training Services,2026-05-11
COMSYN,6169477120.0,SMALL CAP,22.557522,3.7586632,0.0,67.103,0.096020006,0.073,0.127,0.625,152.94,FMCG,Consumer Cyclical,Packaging & Containers,2026-05-11
CONCOR,403657490432.0,LARGE CAP,31.566406,3.1565654,0.0,7.016,0.15624,0.14035,0.045,-0.089,530.0,CAPITAL GOODS,Industrials,Railroads,2026-05-11
CONCORDBIO,125413916672.0,MID CAP,40.363636,6.9168463,0.0,0.088,0.28885,0.2697,0.137,-0.163,1198.8,PHARMA,Healthcare,Biotechnology,2026-05-11
CONFIPET,18914484224.0,SMALL CAP,22.413385,1.3558959,0.0,55.384,0.03101,0.01911,0.999,-0.315,56.93,POWER,Energy,Oil & Gas Refining & Marketing,2026-05-11
CONSOFINVT,7273432576.0,SMALL CAP,11.4971895,0.7004109,0.0,0.0,0.98898005,0.89956003,-0.214,-0.214,225.0,OTHERS,Financial Services,Capital Markets,2026-05-11
CONTROLPR,10281878528.0,SMALL CAP,10.375242,2.2890909,0.0,1.652,0.11034001,0.21332,0.15,-0.364,642.85,CAPITAL GOODS,Industrials,Business Equipment & Supplies,2026-05-11
CORALFINAC,1387605632.0,MICRO CAP,9.617319,0.6441414,0.0,0.0,0.85666,0.70418,0.247,0.603,34.43,REALTY,Real Estate,Real Estate Services,2026-05-11
CORDSCABLE,2793176064.0,MICRO CAP,16.632795,1.4864502,0.0,57.801,0.05114,0.01831,0.147,0.047,216.06,CAPITAL GOODS,Industrials,Electrical Equipment & Parts,2026-05-11
COROMANDEL,550003343360.0,LARGE CAP,28.143568,4.513693,0.15587,11.469,0.05381,0.062140003,0.204,-0.758,1866.2,OTHERS,Basic Materials,Agricultural Inputs,2026-05-11
CORONA,0.0,UNKNOWN,62.528492,16.287872,0.0,9.507,0.21525998,0.12751001,0.15,-0.082,1755.8,PHARMA,Healthcare,Drug Manufacturers - General,2026-05-11
COSMOFIRST,20234383360.0,SMALL CAP,13.934573,1.3074427,0.0,110.979,0.03627,0.043449998,0.283,0.005,779.5,FMCG,Consumer Cyclical,Packaging & Containers,2026-05-11
COUNCODOS,401178016.0,MICRO CAP,73.85715,1.398053,0.0,0.046,0.022219999,0.03066,-0.096,-0.667,5.17,REALTY,Real Estate,Real Estate - Development,2026-05-11
CPCAP,1747468544.0,MICRO CAP,4.1567097,0.31664583,0.0,14.352,0.8007,0.57638,-0.257,-0.06,96.02,OTHERS,Financial Services,Credit Services,2026-05-11
CPEDU,3523608576.0,MICRO CAP,16.568007,0.0,0.0,0.0,0.0,0.0,0.0,0.0,193.68,FMCG,Consumer Defensive,Education & Training Services,2026-05-11
CPPLUS,296580218880.0,LARGE CAP,116.7223,17.796202,0.0,8.041,0.11205,0.067210004,0.373,1.235,2517.7,CAPITAL GOODS,Industrials,Building Products & Equipment,2026-05-11
CRAFTSMAN,210072272896.0,LARGE CAP,54.7739,6.9329467,0.0,109.273,0.09592,0.04404,0.305,7.284,8806.0,AUTO,Consumer Cyclical,Auto Parts,2026-05-11
CRAMC,48468406272.0,SMALL CAP,23.7818,7.146638,0.30286,2.358,0.56520003,0.44826,0.029,-0.01,243.05,OTHERS,Financial Services,Asset Management,2026-05-11
CREATIVEYE,140808912.0,MICRO CAP,0.0,0.7045363,0.0,0.0,-0.93447,0.0,0.0,0.0,7.02,OTHERS,Communication Services,Entertainment,2026-05-11
CREDITACC,237046464512.0,LARGE CAP,176.70645,3.3041403,0.105100006,301.484,0.56672,0.18677999,1.259,6.162,1480.8,OTHERS,Financial Services,Credit Services,2026-05-11
CREST,10601453568.0,SMALL CAP,22.36434,0.83672625,0.0,15.576,0.55908,0.27163,-0.199,-0.233,375.05,OTHERS,Financial Services,Financial Conglomerates,2026-05-11
CRISIL,299101749248.0,LARGE CAP,35.602367,9.86015,0.0,9.785,0.26393,0.2156,0.301,0.459,4090.0,OTHERS,Financial Services,Financial Data & Stock Exchanges,2026-05-11
CRIZAC,37570494464.0,SMALL CAP,19.554646,6.267807,0.0,0.014,0.21211,0.19371,0.28,0.154,214.71,FMCG,Consumer Defensive,Education & Training Services,2026-05-11
CROMPTON,189674094592.0,MID CAP,40.530727,5.4753685,0.0,4.826,0.0799,0.058590002,0.073,-0.105,290.2,FMCG,Consumer Cyclical,"Furnishings, Fixtures & Appliances",2026-05-11
CROWN,1613355648.0,MICRO CAP,17.551893,2.2043827,0.0,66.801,0.28774,0.25258,-0.023,-0.434,143.75,CAPITAL GOODS,Industrials,Rental & Leasing Services,2026-05-11
CSBBANK,59732377600.0,MID CAP,9.653521,1.2492512,0.0,0.0,0.36215,0.23852,0.079,0.058,352.45,BANKING,Financial Services,Banks - Regional,2026-05-11
CSLFINANCE,5234411520.0,SMALL CAP,6.242156,0.9134504,0.0,137.222,0.73344004,0.35037,0.2,0.261,232.77,OTHERS,Financial Services,Credit Services,2026-05-11
CTE,625842560.0,MICRO CAP,0.0,0.9431937,0.0,117.654,0.078590006,-0.05007,-0.093,0.0,32.51,IT,Technology,Information Technology Services,2026-05-11
CUB,188893593600.0,MID CAP,14.25687,1.8977797,0.13241,0.0,0.48056,0.37617,0.236,0.251,254.2,BANKING,Financial Services,Banks - Regional,2026-05-11
CUBEXTUB,1429463296.0,MICRO CAP,17.035835,1.8097277,0.0,52.805,0.045089997,0.029649999,0.031,0.447,99.83,OTHERS,Basic Materials,Copper,2026-05-11
CUMMINSIND,1452112216064.0,LARGE CAP,64.656876,18.393158,0.0,0.308,0.22917,0.19322,-0.013,-0.13,5238.5,CAPITAL GOODS,Industrials,Specialty Industrial Machinery,2026-05-11
CUPID,176096772096.0,MID CAP,214.68854,46.064022,0.0,7.019,0.35294998,0.28373,1.017,1.976,130.96,FMCG,Consumer Defensive,Household & Personal Products,2026-05-11
CURAA,925847936.0,MICRO CAP,0.0,11.750219,0.0,55.07,0.14262,-0.68138003,0.0,0.0,93.52,IT,Technology,Software - Application,2026-05-11
CYBERMEDIA,376809632.0,MICRO CAP,42.069767,-2.62326,0.0,0.0,0.0462,0.0025799999,0.051,0.0,18.09,OTHERS,Communication Services,Publishing,2026-05-11
CYBERTECH,4464438272.0,MICRO CAP,13.567645,2.3175128,0.0,2.503,0.04521,0.13947,-0.013,-0.279,143.41,IT,Technology,Information Technology Services,2026-05-11
CYIENT,101575876608.0,MID CAP,23.864815,1.7884436,0.077659994,6.995,0.09528,0.058870003,0.009,-0.679,919.75,CAPITAL GOODS,Industrials,Conglomerates,2026-05-11
CYIENTDLM,33682251776.0,SMALL CAP,46.030365,3.3251066,0.07472,17.021,0.08719,0.05809,-0.138,-0.275,424.4,IT,Technology,Electronic Components,2026-05-11
DABUR,839753596928.0,LARGE CAP,44.330524,7.3471446,0.16239999,10.907,0.11179,0.14364,0.073,0.152,473.45,FMCG,Consumer Defensive,Household & Personal Products,2026-05-11
DAICHI,0.0,UNKNOWN,0.0,1.0625352,0.0,6.679,-0.07405,0.02803,-0.071,0.0,262.8,OTHERS,,,2026-05-11
DALBHARAT,332692979712.0,LARGE CAP,29.181623,1.8728408,0.06501,40.865,0.1265,0.07694,0.038,-0.108,1772.2,OTHERS,Basic Materials,Building Materials,2026-05-11
DALMIASUG,30858108928.0,SMALL CAP,8.766383,0.9573157,0.0,16.971,0.10955,0.096149996,-0.171,0.169,381.25,FMCG,Consumer Defensive,Confectioners,2026-05-11
DAMCAPITAL,11829302272.0,SMALL CAP,14.602967,3.8163326,0.0,1.278,0.39832002,0.34159002,-0.346,-0.61,167.35,OTHERS,Financial Services,Capital Markets,2026-05-11
DAMODARIND,721368000.0,MICRO CAP,8.0,0.49142078,0.0,122.316,0.057150003,0.022349998,-0.224,0.0,30.96,FMCG,Consumer Cyclical,Textile Manufacturing,2026-05-11
DANGEE,538912512.0,MICRO CAP,0.0,3.2287824,0.0,121.846,0.07442,-0.017549999,0.153,1.355,3.5,FMCG,Consumer Cyclical,Restaurants,2026-05-11
DATAMATICS,46383738880.0,SMALL CAP,23.794724,3.1887832,0.0,12.851,0.14554,0.09916,0.199,-0.51,784.75,IT,Technology,Information Technology Services,2026-05-11
DATAPATTNS,231885602816.0,LARGE CAP,93.45668,15.07267,0.0,0.378,0.43129003,0.25311002,0.479,0.307,4142.0,DEFENCE,Industrials,Aerospace & Defense,2026-05-11
DAVANGERE,5205166592.0,SMALL CAP,72.8,0.10574325,0.0,46.8,0.12372,0.040120002,0.13,0.0,3.64,FMCG,Consumer Defensive,Confectioners,2026-05-11
DBCORP,41140940800.0,SMALL CAP,12.76604,1.7865657,0.0,12.612,0.18229,0.13826999,-0.058,-0.19,230.81,OTHERS,Communication Services,Publishing,2026-05-11
DBEIL,3811245824.0,MICRO CAP,10.794195,0.8910816,0.0,35.454,0.0795,0.067,0.274,-0.703,81.82,CAPITAL GOODS,Industrials,Engineering & Construction,2026-05-11
DBL,79167488000.0,MID CAP,5.102607,1.0467342,0.0,170.648,0.14361,0.14429,-0.174,4.002,487.35,CAPITAL GOODS,Industrials,Engineering & Construction,2026-05-11
DBOL,7456863232.0,SMALL CAP,31.83146,0.78189474,0.0,58.445,0.056199998,0.01166,-0.118,0.0,113.32,FMCG,Consumer Defensive,Farm Products,2026-05-11
DBREALTY,73463578624.0,MID CAP,69.45641,1.7690932,0.0,24.791,0.17354,0.03418,1.414,13.375,135.44,REALTY,Real Estate,Real Estate - Development,2026-05-11
DBSTOCKBRO,976149952.0,MICRO CAP,31.337078,1.2174255,0.0,3.583,0.18462,0.14595,-0.287,-0.167,27.89,OTHERS,Financial Services,Capital Markets,2026-05-11
DCAL,28721094656.0,SMALL CAP,24.167547,0.45157173,0.0,40.201,0.03986,0.04247,0.055,0.0,183.19,PHARMA,Healthcare,Biotechnology,2026-05-11
DCBBANK,56158556160.0,MID CAP,7.64461,0.85911834,0.11968,0.0,0.34235,0.24443,0.124,0.134,174.45,BANKING,Financial Services,Banks - Regional,2026-05-11
DCI,4558380032.0,MICRO CAP,23.259415,4.999281,0.0,72.74,0.051209997,0.02874,0.461,0.558,277.95,IT,Technology,Electronics & Computer Distribution,2026-05-11
DCM,1546517632.0,MICRO CAP,29.052633,3.2323549,0.0,2.73,-0.08314,0.0766,0.02,0.0,82.8,CAPITAL GOODS,Industrials,Metal Fabrication,2026-05-11
DCMFINSERV,108191512.0,MICRO CAP,0.0,-0.2178756,0.0,0.0,1306.5,0.0,0.0,0.0,4.89,OTHERS,Financial Services,Credit Services,2026-05-11
DCMNVL,2869649152.0,MICRO CAP,38.896202,0.70998156,0.0,52.207,0.01761,0.00451,0.024,0.0,153.64,FMCG,Consumer Cyclical,Textile Manufacturing,2026-05-11
DCMSHRIRAM,191080660992.0,MID CAP,29.035294,2.6734087,0.0,30.055,0.10434,0.050229996,0.132,-0.192,1234.0,CAPITAL GOODS,Industrials,Conglomerates,2026-05-11
DCMSIL,6012899840.0,SMALL CAP,0.0,0.0,0.0,0.0,0.05639,0.0,-0.187,-0.744,69.12,CAPITAL GOODS,Industrials,Industrial Distribution,2026-05-11
DCMSRIND,3842444544.0,MICRO CAP,3.2938106,0.4195359,0.0,33.1,0.07095,0.03632,-0.476,-0.507,44.17,FMCG,Consumer Defensive,Confectioners,2026-05-11
DCW,17312188416.0,SMALL CAP,35.19149,1.377874,0.0,35.935,0.03636,0.02001,0.096,-0.622,49.62,CHEMICALS,Basic Materials,Chemicals,2026-05-11
DCXINDIA,23446841344.0,SMALL CAP,178.38983,1.6169546,0.0,0.242,-0.02604,0.01224,-0.395,0.0,210.5,DEFENCE,Industrials,Aerospace & Defense,2026-05-11
DDEVPLSTIK,24886136832.0,SMALL CAP,12.513008,2.7186816,0.0,5.001,0.09672,0.06814,0.109,0.031,240.5,CHEMICALS,Basic Materials,Specialty Chemicals,2026-05-11
DECCANCE,8901065728.0,SMALL CAP,28.00573,1.1936764,0.0,101.902,0.0247,0.05884,0.133,0.0,635.45,OTHERS,Basic Materials,Building Materials,2026-05-11
DECNGOLD,0.0,UNKNOWN,0.0,9.037851,0.0,111.983,-9.42686,0.0,1.163,0.0,116.76,OTHERS,,,2026-05-11
DEEDEV,34126051328.0,SMALL CAP,41.508003,4.091683,0.0,69.855,0.118319996,0.0758,0.77,0.0,492.7,CAPITAL GOODS,Industrials,Metal Fabrication,2026-05-11
DEEPAKFERT,161469628416.0,MID CAP,18.417414,2.475901,0.0,62.046,0.08648,0.0784,0.097,-0.436,1277.8,CHEMICALS,Basic Materials,Chemicals,2026-05-11
DEEPAKNTR,254182064128.0,LARGE CAP,47.76012,4.6053476,0.0,22.412,0.077649996,0.067090005,0.038,0.018,1863.6,CHEMICALS,Basic Materials,Chemicals,2026-05-11
DEEPINDS,29049600000.0,SMALL CAP,0.0,1.5048387,0.0,10.086,0.38158,-0.018380001,0.431,0.561,453.9,POWER,Energy,Oil & Gas E&P,2026-05-11
DELHIVERY,358736887808.0,LARGE CAP,238.38309,3.7251122,0.0,17.226,0.00791,0.015520001,0.179,0.576,479.15,CAPITAL GOODS,Industrials,Integrated Freight & Logistics,2026-05-11
DELPHIFX,2813221376.0,MICRO CAP,63.72222,0.5641076,0.022079999,2547.188,0.0064600003,0.00301,-0.198,0.0,11.47,OTHERS,Financial Services,Capital Markets,2026-05-11
DELTACORP,19956979712.0,SMALL CAP,23.363636,0.8926069,0.0347,2.175,0.09247,0.12389,-0.117,-0.901,74.53,FMCG,Consumer Cyclical,Resorts & Casinos,2026-05-11
DELTAMAGNT,667886400.0,MICRO CAP,0.0,6.7304535,0.0,308.765,0.0088599995,-0.15836,0.028,0.0,61.55,FMCG,Consumer Cyclical,Textile Manufacturing,2026-05-11
DEN,13025245184.0,SMALL CAP,7.8505745,0.34219295,0.04425,0.524,-0.02174,0.17015,-0.03,-0.377,27.32,OTHERS,Communication Services,Entertainment,2026-05-11
DENORA,3909808896.0,MICRO CAP,30.0,3.0745146,0.07259,0.0,-0.12732,0.07445,0.07,0.0,736.5,CAPITAL GOODS,Industrials,Electrical Equipment & Parts,2026-05-11
DENTA,7630859776.0,SMALL CAP,11.65579,1.7485896,0.0,3.104,0.32419997,0.26182,0.042,-0.312,285.8,CAPITAL GOODS,Industrials,Engineering & Construction,2026-05-11
DEVIT,1705565952.0,MICRO CAP,2.5428572,1.3233043,0.0,18.23,-0.16874,0.36283,-0.075,0.0,30.26,IT,Technology,Information Technology Services,2026-05-11
DEVX,3786071808.0,MICRO CAP,233.22221,1.5614074,0.0,177.212,0.15212,0.0072500003,0.19,0.0,41.98,REALTY,Real Estate,Real Estate Services,2026-05-11
DEVYANI,143070330880.0,MID CAP,0.0,9.0855,0.0,170.712,0.041690003,-0.00804,0.113,0.0,116.04,FMCG,Consumer Cyclical,Restaurants,2026-05-11
DGCONTENT,1825385344.0,MICRO CAP,29.961905,4.759455,0.0,275.528,0.06665,0.01264,0.17,0.0,31.46,OTHERS,Communication Services,Internet Content & Information,2026-05-11
DHAMPURSUG,10224735232.0,SMALL CAP,15.142858,0.9050495,0.0,44.818,0.08757,0.03265,0.095,0.779,159.0,FMCG,Consumer Defensive,Confectioners,2026-05-11
DHANBANK,12515900416.0,SMALL CAP,12.196154,0.8505901,0.07162,0.0,0.35627,0.13948,0.337,0.298,31.71,BANKING,Financial Services,Banks - Regional,2026-05-11
DHANUKA,48486244352.0,SMALL CAP,6.8763585,3.1412175,0.0,2.063,0.10344,0.13392,-0.079,-0.276,1075.6,OTHERS,Basic Materials,Agricultural Inputs,2026-05-11
DHARAN,679738560.0,MICRO CAP,13.0,0.0718232,-0.03818,7.227,-0.42586,0.0,-0.557,0.0,0.13,REALTY,Real Estate,Real Estate - Development,2026-05-11
DHARMAJ,8829543424.0,SMALL CAP,18.320477,1.9867524,0.0,31.256,0.0128999995,0.04329,0.086,-0.371,261.25,OTHERS,Basic Materials,Agricultural Inputs,2026-05-11
DHRUV,567859072.0,MICRO CAP,0.0,0.55804074,0.0,22.271,5.39394,-0.4241,0.0,0.0,29.94,CAPITAL GOODS,Industrials,Engineering & Construction,2026-05-11
DHUNINV,5757260288.0,SMALL CAP,0.0,0.21239172,0.0,15.416,-0.47463,-0.077989995,-0.519,0.0,944.25,OTHERS,Financial Services,Capital Markets,2026-05-11
DIACABS,92088197120.0,MID CAP,87.81407,-12.794699,0.0,0.0,0.12921,0.06797,0.542,6.833,174.75,CAPITAL GOODS,Industrials,Specialty Industrial Machinery,2026-05-11
DIAMINESQ,2752618496.0,MICRO CAP,0.0,1.7376072,0.0,6.365,-0.50117,-0.19316,-0.564,0.0,273.8,CHEMICALS,Basic Materials,Chemicals,2026-05-11
DIAMONDYD,23927265280.0,SMALL CAP,247.69803,3.4426293,0.01398,6.454,0.00884,0.00563,0.049,0.0,1000.7,FMCG,Consumer Defensive,Packaged Foods,2026-05-11
DICIND,4962614272.0,MICRO CAP,28.575583,1.1577361,0.04118,0.954,0.044120003,0.0194,0.054,-0.363,540.65,CHEMICALS,Basic Materials,Specialty Chemicals,2026-05-11
DIFFNKG,11911960576.0,SMALL CAP,25.343603,3.119167,0.0,5.714,0.11670999,0.12887,0.273,0.677,320.85,CAPITAL GOODS,Industrials,Specialty Industrial Machinery,2026-05-11
DIGIDRIVE,871707904.0,MICRO CAP,7.0154796,0.3078721,0.0,0.391,-0.07587,0.26571,-0.185,3.774,22.66,FMCG,Consumer Cyclical,Internet Retail,2026-05-11
DIGISPICE,4905135616.0,MICRO CAP,77.481476,2.166753,0.0,5.5,0.03542,0.00828,-0.034,0.0,20.92,OTHERS,Financial Services,Financial Conglomerates,2026-05-11
DIGITIDE,15424205824.0,SMALL CAP,0.0,1.8214613,0.0,46.421,0.04933,0.0023100001,0.065,0.0,103.51,CAPITAL GOODS,Industrials,Specialty Business Services,2026-05-11
DIGJAMLMTD,948399936.0,MICRO CAP,59.274998,20.572666,0.0,1263.899,0.12011,0.14748,0.304,-0.658,47.42,FMCG,Consumer Cyclical,Textile Manufacturing,2026-05-11
DIL,161108752.0,MICRO CAP,1.32,0.07219953,0.02765,0.0,-75.62857,0.10519,-1.0,0.0,0.99,CAPITAL GOODS,Industrials,Farm & Heavy Construction Machinery,2026-05-11
DISAQ,0.0,UNKNOWN,0.0,6.3780417,0.0,0.04,0.15993,0.1201,0.295,0.539,12152.0,OTHERS,,,2026-05-11
DISHTV,6959948288.0,SMALL CAP,0.0,-0.20948792,0.0,0.0,-0.47985,-0.71690005,-0.198,0.0,3.78,OTHERS,Communication Services,Entertainment,2026-05-11
DIVGIITTS,22241433600.0,SMALL CAP,60.604168,3.6625104,0.0,0.262,0.111990005,0.12125,0.726,1.251,727.25,AUTO,Consumer Cyclical,Auto Parts,2026-05-11
DIVISLAB,1782355984384.0,LARGE CAP,71.976845,11.556892,0.0,0.584,0.29647,0.24035,0.123,-0.01,6714.0,PHARMA,Healthcare,Drug Manufacturers - Specialty & Generic,2026-05-11
DIXON,653706854400.0,LARGE CAP,39.25656,14.367417,0.0,29.663,0.029560002,0.03254,0.021,0.476,10772.0,IT,Technology,Consumer Electronics,2026-05-11
DJML,3195883776.0,MICRO CAP,40.211617,4.3980036,0.0,37.044,0.11136,0.07261,0.352,0.0,96.91,CAPITAL GOODS,Industrials,Specialty Business Services,2026-05-11
DLF,1461052637184.0,LARGE CAP,33.011745,3.3958127,0.0,4.133,0.17806,0.46577,0.322,0.136,590.25,REALTY,Real Estate,Real Estate - Development,2026-05-11
DLINKINDIA,16960666624.0,SMALL CAP,16.320465,3.589813,0.0,2.353,0.08289,0.06963,0.193,0.007,477.7,IT,Technology,Communication Equipment,2026-05-11
DMART,2862431600640.0,LARGE CAP,95.880295,11.67555,0.12944001,9.913,0.05242,0.04316,0.189,0.196,4389.4,FMCG,Consumer Defensive,Discount Stores,2026-05-11
DMCC,7989507584.0,SMALL CAP,30.596943,3.4039593,0.0,28.623,0.1596,0.04941,-0.467,-0.085,320.35,CHEMICALS,Basic Materials,Chemicals,2026-05-11
DNAMEDIA,343707424.0,MICRO CAP,29.2,-0.13196547,0.0,0.0,-0.26023,0.10614,-0.178,0.0,2.92,OTHERS,Communication Services,Publishing,2026-05-11
DODLA,67138818048.0,MID CAP,34.274715,4.3827558,0.0,3.614,0.05598,0.06697,0.137,0.081,1112.9,FMCG,Consumer Defensive,Food Distribution,2026-05-11
DOLATALGO,13624160256.0,SMALL CAP,11.186417,1.2831095,0.0,18.689,0.59512,0.33442003,-0.08,0.042,77.41,OTHERS,Financial Services,Capital Markets,2026-05-11
DOLLAR,16155587584.0,SMALL CAP,15.50626,1.8037956,0.0,37.489,0.07557,0.05756,0.02,-0.08,284.85,FMCG,Consumer Cyclical,Apparel Manufacturing,2026-05-11
DOLPHIN,16719915008.0,SMALL CAP,32.961357,5.5348086,0.21903,57.496,0.16188,0.51208997,1.219,1.713,417.95,POWER,Energy,Oil & Gas Equipment & Services,2026-05-11
DOMS,141452378112.0,MID CAP,63.78763,12.869029,0.0,13.64,0.13665,0.09945,0.182,0.065,2330.8,CAPITAL GOODS,Industrials,Business Equipment & Supplies,2026-05-11
DONEAR,4760600064.0,MICRO CAP,14.106318,1.865398,0.0,155.524,0.08225001,0.04275,-0.017,0.605,91.55,FMCG,Consumer Cyclical,Textile Manufacturing,2026-05-11
DPABHUSHAN,23670269952.0,SMALL CAP,12.691555,4.6646905,0.0,44.551,0.08420999,0.05406,0.128,0.936,1036.9,FMCG,Consumer Cyclical,Luxury Goods,2026-05-11
DPSCLTD,9845012480.0,SMALL CAP,337.0,1.1189817,0.0,0.0,-0.098579995,0.01042,-0.023,-0.467,10.11,IT,Utilities,Utilities - Regulated Electric,2026-05-11
DPWIRES,2799987712.0,MICRO CAP,22.893538,1.1077653,0.0,0.865,0.02815,0.02498,-0.384,-0.316,180.63,CAPITAL GOODS,Industrials,Metal Fabrication,2026-05-11
DRAGARWQ,0.0,UNKNOWN,0.0,7.652903,0.0,106.453,0.19541,0.15498,0.222,0.616,5113.8,OTHERS,,,2026-05-11
DRCSYSTEMS,2128081280.0,MICRO CAP,11.189394,2.7066154,0.0,4.245,0.21285,0.2172,0.604,0.423,14.77,IT,Technology,Information Technology Services,2026-05-11
DREAMFOLKS,4305270272.0,MICRO CAP,10.862903,1.2902917,0.0,3.056,-0.28273,0.042930003,-0.843,-0.538,80.82,CAPITAL GOODS,Industrials,Airports & Air Services,2026-05-11
DREDGECORP,26017599488.0,SMALL CAP,0.0,2.2944174,-0.05193,96.699,-0.05529,-0.05095,-0.149,0.0,929.2,CAPITAL GOODS,Industrials,Engineering & Construction,2026-05-11
DRREDDY,1065638100992.0,LARGE CAP,18.841455,2.8617105,0.161,18.026,0.16420999,0.16363001,0.044,-0.143,1279.9,PHARMA,Healthcare,Drug Manufacturers - Specialty & Generic,2026-05-11
DSFCL,2493196032.0,MICRO CAP,0.0,1.1580734,0.0,4.718,-0.01864,0.011670001,0.036,0.0,28.66,CHEMICALS,Basic Materials,Specialty Chemicals,2026-05-11
DSSL,18186002432.0,SMALL CAP,21.626781,6.665142,0.0,63.929,0.10718001,0.06216,0.095,-0.347,1427.8,IT,Technology,Information Technology Services,2026-05-11
DTIL,1524312448.0,MICRO CAP,0.0,0.20767334,0.0,42.832,-0.04459,-0.0277,0.153,0.0,145.07,FMCG,Consumer Defensive,Packaged Foods,2026-05-11
DUCON,1078753024.0,MICRO CAP,8.51282,0.44539845,0.10106,139.323,0.03376,0.011670001,5.902,0.75,3.32,CAPITAL GOODS,Industrials,Specialty Industrial Machinery,2026-05-11
DVL,8936915968.0,SMALL CAP,0.0,0.27668828,0.0,16.554,-0.33536,-0.04659,-0.467,-0.936,255.16,OTHERS,Financial Services,Capital Markets,2026-05-11
DWARKESH,8851851264.0,SMALL CAP,44.64486,1.1729319,0.0,23.127,0.077470005,0.01377,0.04,0.431,47.77,FMCG,Consumer Defensive,Confectioners,2026-05-11
DYCL,19906807808.0,SMALL CAP,23.690887,4.8535542,0.0,18.848,0.10415,0.07143,0.188,0.42,410.8,CAPITAL GOODS,Industrials,Electrical Equipment & Parts,2026-05-11
DYNAMATECH,76892717056.0,MID CAP,215.12445,10.059797,0.0,77.708,0.07166,0.022909999,0.347,0.635,11322.0,AUTO,Consumer Cyclical,Auto Parts,2026-05-11
DYNPRO,2876798720.0,MICRO CAP,16.074306,1.2313937,0.0,33.912,0.09373,0.048299998,-0.051,0.031,231.47,CHEMICALS,Basic Materials,Specialty Chemicals,2026-05-11
E2E,72021508096.0,MID CAP,0.0,4.289552,-0.0095,9.441,0.07064,-0.063379996,1.857,-0.596,3605.3,IT,Technology,Software - Infrastructure,2026-05-11
EASEMYTRIP,27931031552.0,SMALL CAP,0.0,3.2255354,0.0,4.102,0.10265,-0.01942,0.007,-0.778,7.68,FMCG,Consumer Cyclical,Travel Services,2026-05-11
EASTSILK,310000000.0,MICRO CAP,1033.3334,0.4940869,0.0,102.786,-0.051459998,0.13909,0.615,0.0,62.0,FMCG,Consumer Cyclical,Textile Manufacturing,2026-05-11
EBGNG,49019252736.0,SMALL CAP,282.86185,7.5567703,0.26766002,57.042,0.093109995,0.06965,0.422,1.434,429.95,IT,Technology,Computer Hardware,2026-05-11
ECLERX,157304930304.0,MID CAP,24.259844,6.0430965,0.0,15.04,0.21484,0.17119,0.254,0.393,1688.0,IT,Technology,Information Technology Services,2026-05-11
ECOSMOBLTY,9107999744.0,SMALL CAP,15.195196,3.8826509,0.0,3.246,0.07749,0.07694,0.225,0.089,151.8,CAPITAL GOODS,Industrials,Rental & Leasing Services,2026-05-11
EDELWEISS,117436178432.0,MID CAP,16.653692,1.9386846,0.0,350.698,0.32731998,0.08089,1.112,0.685,124.07,OTHERS,Financial Services,Financial Conglomerates,2026-05-11
EDUCOMP,121242496.0,MICRO CAP,0.0,-0.0039279945,0.0,0.0,-2.20283,0.0,-0.148,0.0,0.99,FMCG,Consumer Defensive,Education & Training Services,2026-05-11
EFCIL,26011912192.0,SMALL CAP,11.853241,2.9846427,0.0,160.926,0.31857002,0.18511,0.521,0.134,186.57,REALTY,Real Estate,Real Estate Services,2026-05-11
EICHERMOT,1975748132864.0,LARGE CAP,36.939686,8.944361,0.0,2.018,0.22009,0.23883,0.229,0.213,7202.5,AUTO,Consumer Cyclical,Auto Manufacturers,2026-05-11
EIDPARRY,145881563136.0,MID CAP,12.284987,1.6861697,0.0,18.388,0.06122,0.03174,0.183,0.191,819.9,OTHERS,Basic Materials,Agricultural Inputs,2026-05-11
EIEL,38470909952.0,SMALL CAP,18.355947,3.3737667,0.0,25.86,0.23903999,0.18259001,0.01,-0.112,219.17,CAPITAL GOODS,Industrials,Engineering & Construction,2026-05-11
EIFFL,6080463872.0,SMALL CAP,108.96889,8.420799,0.0,85.026,0.07082,0.02283,-0.406,-0.493,245.18,FMCG,Consumer Defensive,Packaged Foods,2026-05-11
EIHAHOTELS,19895701504.0,SMALL CAP,20.76972,3.8365276,0.0,0.787,0.41186002,0.24168,-0.027,0.017,326.5,FMCG,Consumer Cyclical,Lodging,2026-05-11
EIHOTEL,204150145024.0,LARGE CAP,31.694176,4.3364773,0.0,5.176,0.38906,0.21992001,0.091,-0.08,326.45,FMCG,Consumer Cyclical,Lodging,2026-05-11
EIMCOELECO,8853317632.0,SMALL CAP,22.883554,1.8942255,0.08608,0.93,0.15675999,0.16777,0.04,-0.572,1534.8,CAPITAL GOODS,Industrials,Farm & Heavy Construction Machinery,2026-05-11
EKC,13628744704.0,SMALL CAP,11.919529,1.0572864,0.0,15.317,0.125,0.07446,-0.005,0.975,121.46,CAPITAL GOODS,Industrials,Specialty Industrial Machinery,2026-05-11
ELANTAS,0.0,UNKNOWN,52.381207,7.679944,0.1576,0.0,0.21540001,0.17286,0.094,0.324,9767.0,CHEMICALS,Basic Materials,Specialty Chemicals,2026-05-11
ELCIDIN,0.0,UNKNOWN,0.0,0.227798,0.010620001,0.0,0.98037004,0.72249,0.0,0.0,123210.0,OTHERS,,,2026-05-11
ELDEHSG,8521769472.0,SMALL CAP,37.615017,2.182992,0.0,26.96,0.40504003,0.16018999,0.243,1.368,866.65,REALTY,Real Estate,Real Estate Services,2026-05-11
ELECON,118763667456.0,MID CAP,34.773323,5.100566,0.15851,11.824,0.17548001,0.14419,-0.065,-0.959,529.25,CAPITAL GOODS,Industrials,Specialty Industrial Machinery,2026-05-11
ELECTCAST,54783520768.0,MID CAP,17.444883,0.92685175,0.0,37.702,-0.00714,0.051220004,-0.172,0.0,88.62,CAPITAL GOODS,Industrials,Building Products & Equipment,2026-05-11
ELECTHERM,9527164928.0,SMALL CAP,6.0958014,-6.1835766,0.0,0.0,-0.04621,0.042069998,-0.164,0.0,747.65,METALS,Basic Materials,Steel,2026-05-11
ELGIEQUIP,170782064640.0,MID CAP,42.32422,8.525589,0.0,26.275,0.12218001,0.10553,0.184,0.182,541.75,CAPITAL GOODS,Industrials,Specialty Industrial Machinery,2026-05-11
ELGIRUBCO,2586083328.0,MICRO CAP,0.0,1.5523509,0.0,183.179,-0.27504,-0.14099,0.094,0.0,51.67,AUTO,Consumer Cyclical,Auto Parts,2026-05-11
ELIN,6169908736.0,SMALL CAP,14.776192,1.0926057,0.0,2.771,0.01943,0.031719998,0.102,1.586,124.12,CAPITAL GOODS,Industrials,Electrical Equipment & Parts,2026-05-11
ELITECON,0.0,UNKNOWN,0.0,14.255148,0.0,70.969,0.07554,0.061160002,17.5,-0.941,35.31,OTHERS,,,2026-05-11
ELLEN,41829683200.0,SMALL CAP,0.0,4.529292,0.0,12.866,0.24154,0.29637,0.196,0.259,296.8,CHEMICALS,Basic Materials,Chemicals,2026-05-11
ELPROINTL,28014901248.0,SMALL CAP,32.097088,1.3788674,0.0,0.0,0.0,0.0,0.0,0.0,165.3,OTHERS,,,2026-05-11
EMAMILTD,194046066688.0,MID CAP,24.43925,6.6181836,0.0,2.457,0.29422,0.20806,0.098,0.146,444.55,FMCG,Consumer Defensive,Household & Personal Products,2026-05-11
EMAMIPAP,4882272768.0,MICRO CAP,16.882843,1.09941,0.0,101.476,0.0917,0.01792,0.102,10.498,80.7,OTHERS,Basic Materials,Paper & Paper Products,2026-05-11
EMAMIREAL,5367816192.0,SMALL CAP,0.0,-3.1234105,0.0,0.0,-5.48718,0.0,-0.915,0.0,103.16,REALTY,Real Estate,Real Estate - Development,2026-05-11
EMBDL,101208326144.0,MID CAP,0.0,0.96842414,0.0,45.923,-0.81169,-0.18847,-0.237,0.0,72.81,REALTY,Real Estate,Real Estate - Diversified,2026-05-11
EMCURE,318131273728.0,LARGE CAP,34.385246,6.426066,0.19573,30.567,0.15491,0.1003,0.169,0.288,1678.0,PHARMA,Healthcare,Drug Manufacturers - Specialty & Generic,2026-05-11
EMIL,45019455488.0,SMALL CAP,48.152264,2.892564,0.0,126.148,0.040510003,0.01306,0.029,-0.061,117.01,FMCG,Consumer Cyclical,Specialty Retail,2026-05-11
EMKAY,5730609664.0,SMALL CAP,31.90469,1.8421097,0.0,23.429,0.06874,0.05784,0.076,-0.52,217.59,OTHERS,Financial Services,Capital Markets,2026-05-11
EMMBI,1596171136.0,MICRO CAP,21.889181,0.8116781,0.0,84.014,0.071890004,0.0155299995,0.091,-0.383,82.96,FMCG,Consumer Cyclical,Packaging & Containers,2026-05-11
EMMVEE,191468011520.0,MID CAP,16.10658,17.146133,0.51116,9.745,0.28291,0.21417,0.623,0.625,276.55,IT,Technology,Solar,2026-05-11
EMPOWER,0.0,UNKNOWN,0.0,1.1862069,0.0,8.927,0.022090001,0.03125,0.976,0.0,2.58,OTHERS,,,2026-05-11
EMSLIMITED,19524632576.0,SMALL CAP,14.873097,1.87548,0.0,15.798,0.14032,0.14693,-0.183,-0.627,351.6,CAPITAL GOODS,Industrials,Engineering & Construction,2026-05-11
EMUDHRA,41124319232.0,SMALL CAP,40.390816,5.0437717,0.13259,3.153,0.18315001,0.15114,0.338,0.216,501.25,IT,Technology,Software - Application,2026-05-11
ENDURANCE,369788551168.0,LARGE CAP,40.135876,5.9081845,0.0,19.638,0.08293,0.06831,0.262,0.202,2628.9,AUTO,Consumer Cyclical,Auto Parts,2026-05-11
ENERGYDEV,817474944.0,MICRO CAP,0.0,5.0707126,0.0,1500.784,0.35791,-0.29964,0.38,0.0,17.21,IT,Utilities,Utilities - Regulated Electric,2026-05-11
ENGINERSIN,139611324416.0,MID CAP,18.0,5.1448812,0.0,0.731,0.28259,0.19338,0.583,2.186,248.4,CAPITAL GOODS,Industrials,Engineering & Construction,2026-05-11
ENIL,5835335680.0,SMALL CAP,0.0,0.77042663,0.0,23.226,-0.04047,-0.00659,0.038,0.0,122.41,OTHERS,Communication Services,Broadcasting,2026-05-11
ENRIN,1124557389824.0,LARGE CAP,95.373,25.66712,0.0,3.369,0.22424,0.1437,0.26,0.35,3157.8,IT,Utilities,Utilities - Renewable,2026-05-11
ENTERO,53657686016.0,MID CAP,47.724457,3.039003,0.0,24.634,0.033970002,0.01872,0.256,0.086,1233.2,PHARMA,Healthcare,Medical Distribution,2026-05-11
EPACK,24663357440.0,SMALL CAP,60.02342,2.5681617,0.0,75.66,0.042280003,0.02104,0.135,0.038,256.3,FMCG,Consumer Cyclical,"Furnishings, Fixtures & Appliances",2026-05-11
EPACKPEB,20024455168.0,SMALL CAP,24.270733,2.470518,0.0,32.125,0.08173,0.05946,0.221,0.135,199.02,CAPITAL GOODS,Industrials,Engineering & Construction,2026-05-11
EPIGRAL,56105308160.0,MID CAP,16.896193,2.6708698,0.0,25.565,0.10047,0.13971,-0.075,-0.626,1300.5,CHEMICALS,Basic Materials,Chemicals,2026-05-11
EPL,75819270144.0,MID CAP,18.92486,2.886984,0.0,32.296,0.12927,0.087629996,0.133,-0.127,236.75,FMCG,Consumer Cyclical,Packaging & Containers,2026-05-11
EQUIPPP,1649523584.0,MICRO CAP,228.57143,19.047619,0.0,71.587,0.04645,0.04622,22.439,0.0,16.0,IT,Technology,Information Technology Services,2026-05-11
EQUITASBNK,79681798144.0,MID CAP,0.0,1.303114,0.016900001,94.248,0.32362998,0.02309,0.179,4.027,69.8,BANKING,Financial Services,Banks - Regional,2026-05-11
ERIS,190690426880.0,MID CAP,43.55696,6.067686,0.0,68.185,0.26379,0.14062001,0.109,0.191,1376.4,PHARMA,Healthcare,Drug Manufacturers - Specialty & Generic,2026-05-11
ESABINDIA,103779737600.0,MID CAP,49.341335,24.904234,0.0,0.876,0.18845,0.14227,0.122,0.065,6742.0,CAPITAL GOODS,Industrials,Tools & Accessories,2026-05-11
ESAFSFB,15857052672.0,SMALL CAP,0.0,0.9025006,0.0,0.0,0.019919999,-0.28413,1.423,0.0,30.75,BANKING,Financial Services,Banks - Regional,2026-05-11
ESCORTS,326418268160.0,LARGE CAP,23.869177,2.7460775,0.0,0.871,0.11292,0.21711999,0.113,0.117,2966.7,CAPITAL GOODS,Industrials,Farm & Heavy Construction Machinery,2026-05-11
ESSARSHPNG,5244926464.0,SMALL CAP,0.0,-0.21914358,0.0,0.0,-155.66667,0.0,-0.99,0.0,25.23,CAPITAL GOODS,Industrials,Marine Shipping,2026-05-11
ESSENTIA,1729658752.0,MICRO CAP,54.0,0.77290076,0.0,23.209,0.01011,0.00644,0.124,0.0,1.62,FMCG,Consumer Defensive,Food Distribution,2026-05-11
ESTER,9776184320.0,SMALL CAP,0.0,1.231802,0.0,93.212,-0.00271,-0.024719998,-0.019,0.0,100.18,CHEMICALS,Basic Materials,Specialty Chemicals,2026-05-11
ETERNAL,2260502052864.0,LARGE CAP,647.0263,7.2680244,0.01194,14.826,0.00104,0.0067299996,1.965,3.75,245.87,FMCG,Consumer Cyclical,Internet Retail,2026-05-11
ETHOSLTD,63137452032.0,MID CAP,121.12937,4.36946,0.0,19.497,0.07809,0.06327,0.267,-0.049,2359.6,FMCG,Consumer Cyclical,Luxury Goods,2026-05-11
EUREKAFORB,103179509760.0,MID CAP,64.48004,2.2972238,0.0,2.009,0.07972,0.06107,0.08,-0.713,533.25,FMCG,Consumer Cyclical,"Furnishings, Fixtures & Appliances",2026-05-11
EUROBOND,4581255168.0,MICRO CAP,18.86882,3.1508443,0.0,88.695,0.0846,0.05061,0.203,0.28,186.99,CAPITAL GOODS,Industrials,Building Products & Equipment,2026-05-11
EUROPRATIK,27777957888.0,SMALL CAP,39.164265,10.401836,0.0,8.422,0.41217998,0.22395,0.07,0.163,271.8,OTHERS,Basic Materials,Building Materials,2026-05-11
EUROTEXIND,188689408.0,MICRO CAP,7.829268,-0.51155376,0.0,0.0,-47.2191,2.96457,4.563,0.0,16.05,REALTY,Real Estate,Real Estate - Development,2026-05-11
EVEREADY,24404748288.0,SMALL CAP,60.714283,3.918239,0.31646,32.396,0.0584,0.117860004,0.094,12.653,335.75,CAPITAL GOODS,Industrials,Electrical Equipment & Parts,2026-05-11
EVERESTIND,6468355072.0,SMALL CAP,0.0,1.1202679,0.0,53.597,-0.1029,-0.03039,-0.237,0.0,407.95,CAPITAL GOODS,Industrials,Building Products & Equipment,2026-05-11
EXCELINDUS,12482697216.0,SMALL CAP,16.484064,0.6907418,0.0,0.621,0.02807,0.07143,0.189,0.361,993.0,CHEMICALS,Basic Materials,Specialty Chemicals,2026-05-11
EXCELSOFT,10422021120.0,SMALL CAP,22.087805,2.3607924,0.0,11.581,0.19303,0.18086,0.294,0.101,90.56,IT,Technology,Software - Application,2026-05-11
EXICOM,17184696320.0,SMALL CAP,0.0,2.1372726,0.0,78.314,-0.22309,-0.27278998,0.407,0.0,123.56,CAPITAL GOODS,Industrials,Electrical Equipment & Parts,2026-05-11
EXIDEIND,299795021824.0,LARGE CAP,35.16451,2.0388463,0.06172,11.308,0.07477,0.047199998,0.093,0.15,352.7,AUTO,Consumer Cyclical,Auto Parts,2026-05-11
EXPLEOSOL,13630211072.0,SMALL CAP,12.806211,1.9369458,0.0,2.866,0.13877,0.09874,0.085,0.118,878.25,IT,Technology,Information Technology Services,2026-05-11
EXXARO,3051341056.0,MICRO CAP,48.714287,0.97637796,0.0,31.657,0.06057,0.020469999,-0.105,-0.667,6.82,CAPITAL GOODS,Industrials,Building Products & Equipment,2026-05-11
FABTECH,7529075200.0,SMALL CAP,16.92108,2.8150244,0.12939,16.589,0.13198,0.093380004,0.175,0.234,169.38,PHARMA,Healthcare,Health Information Services,2026-05-11
FACT,571688091648.0,LARGE CAP,1963.3334,41.572556,0.0,278.992,-0.03282,0.07694,0.651,0.0,883.5,OTHERS,Basic Materials,Agricultural Inputs,2026-05-11
FAIRCHEMOR,7631226880.0,SMALL CAP,325.7258,2.6966937,0.0,18.502,0.0138,0.00527,-0.118,0.0,605.85,CHEMICALS,Basic Materials,Specialty Chemicals,2026-05-11
FAZE3Q,10721679360.0,SMALL CAP,34.191177,2.516965,0.0,54.853,0.047059998,0.03666,0.274,-0.277,441.75,FMCG,Consumer Cyclical,Textile Manufacturing,2026-05-11
FCL,32990310400.0,SMALL CAP,32.19318,4.16067,0.0,0.004,0.17151,0.16792999,0.459,0.07,28.33,CHEMICALS,Basic Materials,Specialty Chemicals,2026-05-11
FCONSUMER,698962112.0,MICRO CAP,0.0,-0.24005488,0.0,0.0,-0.05809,-0.10972,0.012,0.0,0.35,FMCG,Consumer Defensive,Packaged Foods,2026-05-11
FCSSOFT,2803667200.0,MICRO CAP,0.0,0.6507937,0.0,0.0,0.03505,-0.068969995,0.606,0.0,1.64,IT,Technology,Information Technology Services,2026-05-11
FDC,61932953600.0,MID CAP,28.580013,2.5364397,0.0,0.852,0.080690004,0.10428,0.001,-0.237,380.4,PHARMA,Healthcare,Drug Manufacturers - Specialty & Generic,2026-05-11
FEDDERSHOL,0.0,UNKNOWN,0.0,1.0971863,0.0,9.448,0.01392,0.23191,-0.102,5.741,36.07,OTHERS,,,2026-05-11
FEDERALBNK,720618455040.0,LARGE CAP,16.73055,1.9799601,0.11731,0.0,0.43172002,0.29906,0.123,0.222,292.45,BANKING,Financial Services,Banks - Regional,2026-05-11
FEDFINA,57024323584.0,MID CAP,16.703947,2.0957778,0.12555,467.341,0.38526002,0.27889,0.186,0.385,152.34,OTHERS,Financial Services,Credit Services,2026-05-11
FEL,222437280.0,MICRO CAP,0.0,0.008505491,-2.38273,0.0,-0.97987,-1.31188,-0.132,0.0,0.45,FMCG,Consumer Cyclical,Department Stores,2026-05-11
FELDVR,1433484800.0,MICRO CAP,0.0,0.05481316,-2.38273,0.0,-0.97987,-1.31188,-0.132,0.0,2.9,FMCG,Consumer Cyclical,Department Stores,2026-05-11
FERMENTA,0.0,UNKNOWN,0.0,2.0949824,0.0,29.025,0.14264,0.15995,-0.122,-0.659,281.0,OTHERS,,,2026-05-11
FIBERWEB,1073067072.0,MICRO CAP,6.481739,0.58062,0.0,3.545,0.15969,0.16279,0.019,0.106,37.27,FMCG,Consumer Cyclical,Textile Manufacturing,2026-05-11
FIEMIND,58463862784.0,MID CAP,24.016651,5.4117727,0.0,5.696,0.11608,0.09076,0.162,0.348,2221.3,AUTO,Consumer Cyclical,Auto Parts,2026-05-11
FILATEX,19636260864.0,SMALL CAP,10.68116,2.04108,0.0,9.979,0.07027,0.043309998,-0.018,0.17,44.22,FMCG,Consumer Cyclical,Textile Manufacturing,2026-05-11
FILATFASH,2166858752.0,MICRO CAP,inf,0.09009009,0.0,2.572,-0.00281,0.026619999,-0.595,-0.985,0.26,FMCG,Consumer Cyclical,Apparel Manufacturing,2026-05-11
FINCABLES,173211467776.0,MID CAP,25.444845,3.038649,0.0,0.377,0.08919,0.11418,0.352,0.114,1132.55,CAPITAL GOODS,Industrials,Electrical Equipment & Parts,2026-05-11
FINEORG,142078328832.0,MID CAP,35.81697,5.735908,0.0,0.661,0.14527,0.16900998,0.081,-0.106,4634.0,CHEMICALS,Basic Materials,Specialty Chemicals,2026-05-11
FINKURVE,9522783232.0,SMALL CAP,42.468746,2.9144325,0.0,116.173,0.29387,0.15151,0.073,0.114,67.95,OTHERS,Financial Services,Credit Services,2026-05-11
FINOPB,10813399040.0,SMALL CAP,15.617789,1.3479533,0.067600004,0.0,0.01733,0.0356,-0.311,-0.705,129.94,BANKING,Financial Services,Banks - Regional,2026-05-11
FINPIPE,107945246720.0,MID CAP,21.473555,1.8239183,0.0,0.359,0.1076,0.1265,-0.103,0.237,174.58,CAPITAL GOODS,Industrials,Building Products & Equipment,2026-05-11
FIRSTCRY,111351406592.0,MID CAP,0.0,2.3118377,0.0,31.483,-0.00269,-0.022449998,0.116,0.0,229.51,FMCG,Consumer Cyclical,Internet Retail,2026-05-11
FISCHER,23588737024.0,SMALL CAP,61.08475,6.4715395,0.0,10.264,0.2057,0.15172,7.605,0.0,36.04,PHARMA,Healthcare,Medical Devices,2026-05-11
FIVESTAR,138629054464.0,MID CAP,12.604671,1.8747679,0.16058001,111.115,0.60508,0.48518002,0.041,-0.037,469.65,OTHERS,Financial Services,Credit Services,2026-05-11
FLAIR,35307450368.0,SMALL CAP,26.192337,3.2742984,0.0,5.464,0.13677,0.110039994,0.201,0.119,335.0,CAPITAL GOODS,Industrials,Business Equipment & Supplies,2026-05-11
FLEXITUFF,233041920.0,MICRO CAP,0.0,-1.0035336,0.0,0.0,74.47299,-1.00013,0.0,0.0,7.1,FMCG,Consumer Cyclical,Textile Manufacturing,2026-05-11
FLFL,369248032.0,MICRO CAP,0.0,-0.019628244,0.0,0.0,-0.61004,-0.92297,-0.787,0.0,1.83,FMCG,Consumer Cyclical,Apparel Manufacturing,2026-05-11
FLUOROCHEM,410542407680.0,LARGE CAP,62.75903,5.3848405,0.0,22.475,0.14701,0.13520001,-0.01,-0.19,3737.3,CHEMICALS,Basic Materials,Specialty Chemicals,2026-05-11
FMGOETZE,25821650944.0,SMALL CAP,14.277146,1.8985193,0.0,0.143,0.09389,0.092819996,0.144,0.004,464.15,AUTO,Consumer Cyclical,Auto Parts,2026-05-11
FMNL,620532736.0,MICRO CAP,0.0,0.57034224,0.0,160.459,0.15001,-0.23777,-0.077,-0.554,9.75,REALTY,Real Estate,Real Estate Services,2026-05-11
FOCUS,5609198080.0,SMALL CAP,117.67606,3.9753535,0.0,0.0,-0.035099998,0.0215,-0.093,0.0,83.55,FMCG,Consumer Cyclical,"Furnishings, Fixtures & Appliances",2026-05-11
FOODSIN,4536897536.0,MICRO CAP,14.483567,0.9514557,0.0,88.516,0.071040004,0.03235,-0.206,-0.5,61.7,FMCG,Consumer Defensive,Packaged Foods,2026-05-11
FORCEMOT,271773581312.0,LARGE CAP,19.878757,6.479515,0.33508,0.0,0.13425,0.13217,0.082,-0.37,20626.0,AUTO,Consumer Cyclical,Auto Manufacturers,2026-05-11
FORTIS,735442501632.0,LARGE CAP,76.34405,7.8071904,0.0,32.958,0.1702,0.1094,0.175,-0.216,974.15,PHARMA,Healthcare,Medical Care Facilities,2026-05-11
FOSECOIND,38174703616.0,SMALL CAP,45.555454,3.410118,0.10233,0.0,0.14436,0.112349994,0.012,-0.011,5039.8,CHEMICALS,Basic Materials,Chemicals,2026-05-11
FRACTAL,182248636416.0,MID CAP,83.121574,7.3720603,0.0,21.369,0.108610004,0.072280005,0.208,0.043,1059.8,IT,Technology,Software - Infrastructure,2026-05-11
FRONTSP,0.0,UNKNOWN,0.0,13.74493,0.0,4.209,0.23532,0.18215,0.398,0.919,1796.6,OTHERS,,,2026-05-11
FSL,180155826176.0,MID CAP,27.268547,4.127155,0.159,66.635,0.12167,0.07057,0.195,0.279,260.96,IT,Technology,Information Technology Services,2026-05-11
FUSION,35312377856.0,SMALL CAP,0.0,1.491306,0.0,257.668,0.063540004,-0.46566,0.0,0.0,218.36,OTHERS,Financial Services,Credit Services,2026-05-11
GABRIEL,161613791232.0,MID CAP,0.0,12.644841,0.0,8.126,0.06906,0.05519,0.159,-0.089,1125.1,AUTO,Consumer Cyclical,Auto Parts,2026-05-11
GAEL,76643868672.0,MID CAP,38.150684,2.4745657,0.0,9.321,0.04448,0.03633,0.312,-0.077,167.1,FMCG,Consumer Defensive,Packaged Foods,2026-05-11
GAIL,1068516114432.0,LARGE CAP,12.452873,1.2122003,0.0,25.373,0.04933,0.060289998,-0.045,-0.57,162.51,IT,Utilities,Utilities - Regulated Gas,2026-05-11
GALAPREC,10902873088.0,SMALL CAP,33.02132,3.9728322,0.0,8.821,0.13525,0.11266,0.467,0.383,851.95,CAPITAL GOODS,Industrials,Specialty Industrial Machinery,2026-05-11
GALAXYSURF,66523754496.0,MID CAP,23.711615,2.6248238,0.0,10.558,0.06669,0.0553,0.276,-0.088,1876.3,CHEMICALS,Basic Materials,Specialty Chemicals,2026-05-11
GALLANTT,214559080448.0,LARGE CAP,44.28536,7.5481067,0.0,0.0,0.13781,0.11146,0.0,0.0,889.25,METALS,Basic Materials,Steel,2026-05-11
GANDHAR,14270835712.0,SMALL CAP,13.413064,1.1074482,0.0,24.674,0.04427,0.02599,0.161,0.672,145.8,POWER,Energy,Oil & Gas Refining & Marketing,2026-05-11
GANDHITUBE,10605050880.0,SMALL CAP,14.953735,3.696597,0.0,0.04,0.44226003,0.37759,0.218,0.299,872.7,CAPITAL GOODS,Industrials,Metal Fabrication,2026-05-11
GANECOS,27868073984.0,SMALL CAP,69.932846,1.4729264,0.0,43.209,0.04008,0.02764,-0.102,-0.849,1041.3,FMCG,Consumer Cyclical,Textile Manufacturing,2026-05-11
GANESHBE,6751168000.0,SMALL CAP,15.052969,1.1638412,0.0,8.888,0.1512,0.11216,0.181,-0.122,93.78,CHEMICALS,Basic Materials,Specialty Chemicals,2026-05-11
GANESHCP,8495609344.0,SMALL CAP,14.983607,2.0884373,0.0,52.589,0.08027001,0.043,-0.029,0.405,210.22,FMCG,Consumer Defensive,Packaged Foods,2026-05-11
GANESHHOU,57574617088.0,MID CAP,13.710286,2.598539,0.0,3.485,0.80433,0.62872005,-0.645,-0.666,690.45,REALTY,Real Estate,Real Estate - Development,2026-05-11
GANGAFORGE,350485760.0,MICRO CAP,0.0,1.1998154,0.0,78.9,0.055859998,-0.08891,0.0,0.0,2.6,CAPITAL GOODS,Industrials,Metal Fabrication,2026-05-11
GANGESSECU,1261865088.0,MICRO CAP,75.083336,0.19100834,0.0,0.0,0.19284001,0.046090003,-0.135,0.417,126.14,FMCG,Consumer Defensive,Packaged Foods,2026-05-11
GARFIBRES,62160273408.0,MID CAP,29.330212,4.7908683,0.0,10.153,0.15878999,0.13835,0.104,0.179,626.2,FMCG,Consumer Cyclical,Textile Manufacturing,2026-05-11
GARUDA,17663975424.0,SMALL CAP,16.551874,4.559209,0.0,0.023,0.32152,0.22895001,1.25,1.476,189.85,CAPITAL GOODS,Industrials,Engineering & Construction,2026-05-11
GATECH,749596736.0,MICRO CAP,7.25,0.60479665,0.0,0.0,0.29372,0.39220002,0.016,-0.636,0.58,OTHERS,Financial Services,Asset Management,2026-05-11
GATECHDVR,749596736.0,MICRO CAP,7.25,0.60479665,0.0,0.0,0.29372,0.39220002,0.016,-0.636,0.58,OTHERS,Financial Services,Asset Management,2026-05-11
GATEWAY,29074274304.0,SMALL CAP,11.365234,1.2821699,0.0,25.362,0.15634,0.00089,0.007,0.0,58.19,CAPITAL GOODS,Industrials,Integrated Freight & Logistics,2026-05-11
GAUDIUMIVF,8475304448.0,SMALL CAP,34.96697,15.440924,0.0,0.0,0.24716,0.22465,0.699,0.073,116.44,PHARMA,Healthcare,Medical Care Facilities,2026-05-11
GAYAHWS,577561088.0,MICRO CAP,48.2,-0.088407926,0.0,0.0,-0.52957,1134.8969,-0.748,0.0,2.41,CAPITAL GOODS,Industrials,Infrastructure Operations,2026-05-11
GAYAPROJ,9012043776.0,SMALL CAP,0.15694995,-0.2527015,0.0,0.0,0.089650005,2.11184,5.339,0.0,19.41,CAPITAL GOODS,Industrials,Engineering & Construction,2026-05-11
GCSL,8758032384.0,SMALL CAP,0.0,2.7897167,0.09791,4.577,0.23834999,0.10654,-0.292,0.0,386.85,OTHERS,Financial Services,Capital Markets,2026-05-11
GEECEE,6540143104.0,SMALL CAP,29.201681,0.7851333,0.0,0.0,0.40569,0.38654,-0.722,-0.747,312.75,REALTY,Real Estate,Real Estate - Development,2026-05-11
GEEKAYWIRE,2923424256.0,MICRO CAP,9.546075,1.769693,0.20352,80.873,0.11071999,0.06689,0.017,-0.185,27.97,CAPITAL GOODS,Industrials,Electrical Equipment & Parts,2026-05-11
GEMAROMA,8491668480.0,SMALL CAP,30.328358,1.1627457,0.0,31.583,-0.02152,0.06113,-0.185,0.0,162.56,CHEMICALS,Basic Materials,Chemicals,2026-05-11
GENCON,2290846208.0,MICRO CAP,23.508772,0.7896443,0.0,23.407,0.08543,0.042600002,-0.136,-0.189,40.2,CAPITAL GOODS,Industrials,Engineering & Construction,2026-05-11
GENESYS,9569995776.0,SMALL CAP,23.755186,1.3915898,0.0,21.419,-0.014040001,0.12324,-0.149,-0.952,229.0,IT,Technology,Software - Application,2026-05-11
GENSOL,803529088.0,MICRO CAP,0.9174714,0.13462766,0.0,228.07,0.15968001,0.0678,0.564,0.278,20.9,IT,Technology,Solar,2026-05-11
GENUSPAPER,3332352256.0,MICRO CAP,35.027027,0.66159576,0.0,84.844,0.053979997,0.00976,0.115,4.5,12.96,OTHERS,Basic Materials,Paper & Paper Products,2026-05-11
GENUSPOWER,92417433600.0,MID CAP,16.806982,4.7538147,0.0,91.662,0.17695,0.13103,0.858,1.471,327.4,CAPITAL GOODS,Industrials,Electrical Equipment & Parts,2026-05-11
GEOJITFSL,19499470848.0,SMALL CAP,20.853733,1.6696143,0.06585,9.473,0.1257,0.12202,0.081,-0.435,69.86,OTHERS,Financial Services,Capital Markets,2026-05-11
GESHIP,225900494848.0,LARGE CAP,10.012023,1.483947,0.0,8.236,0.3818,0.44164002,0.176,0.369,1582.3,CAPITAL GOODS,Industrials,Marine Shipping,2026-05-11
GFLLIMITED,5367270912.0,SMALL CAP,444.18182,0.21269836,0.0,0.0,0.41429,0.47000998,0.25,1.81,48.86,OTHERS,Financial Services,Asset Management,2026-05-11
GFSTEELS,394677120.0,MICRO CAP,0.0,-6.4656034,0.0,0.0,-19.117071,0.0,0.0,0.0,12.97,METALS,Basic Materials,Steel,2026-05-11
GHCL,45240758272.0,SMALL CAP,9.233734,1.2912344,0.0,2.663,0.17169,0.16598,-0.029,-0.362,491.05,CHEMICALS,Basic Materials,Chemicals,2026-05-11
GHCLTEXTIL,8576912896.0,SMALL CAP,15.055369,0.5847508,0.047870003,8.933,0.07215,0.05337,0.282,0.94,89.73,FMCG,Consumer Cyclical,Textile Manufacturing,2026-05-11
GICHSGFIN,8229519872.0,SMALL CAP,6.0355453,0.4118727,0.0,451.51,0.55754,0.4413,0.099,-0.121,152.82,NBFC,Financial Services,Mortgage Finance,2026-05-11
GICL,4506172416.0,MICRO CAP,138.7931,6.822034,0.0,0.0,0.21343,0.05809,0.235,0.355,40.25,CAPITAL GOODS,Industrials,Integrated Freight & Logistics,2026-05-11
GICRE,686058110976.0,LARGE CAP,7.1281443,0.68912715,0.10142,0.0,0.17906,0.18316999,0.116,0.029,391.05,OTHERS,Financial Services,Insurance - Reinsurance,2026-05-11
GILLANDERS,2132740608.0,MICRO CAP,13.859917,0.8362623,0.0,57.589,0.05277,0.03568,-0.163,-0.651,99.93,FMCG,Consumer Defensive,Farm Products,2026-05-11
GILLETTE,259101343744.0,LARGE CAP,48.55285,22.289154,0.0,0.004,0.28896,0.20177999,0.152,0.369,7951.5,FMCG,Consumer Defensive,Household & Personal Products,2026-05-11
GINNIFILA,3745477376.0,MICRO CAP,12.283708,1.696671,0.0,18.852,0.15588,0.07841,-0.174,0.0,43.73,FMCG,Consumer Cyclical,Textile Manufacturing,2026-05-11
GIPCL,23592822784.0,SMALL CAP,16.050686,0.6681906,0.0,79.265,0.12100001,0.30135,0.149,0.0,152.0,IT,Utilities,Utilities - Regulated Electric,2026-05-11
GKENERGY,25816608768.0,SMALL CAP,13.5993595,3.3135493,0.0,54.322,0.18410999,0.11934,0.591,0.511,127.29,IT,Utilities,Utilities - Renewable,2026-05-11
GKSL,11214663680.0,SMALL CAP,65.548386,31.172474,0.0,0.0,0.23938,0.19166,0.972,0.0,142.24,PHARMA,Healthcare,Medical Care Facilities,2026-05-11
GKWLIMITED,10333977600.0,SMALL CAP,144.45372,0.39758748,0.0,0.016,0.59816,0.16609,6.451,0.0,1732.0,CAPITAL GOODS,Industrials,Specialty Business Services,2026-05-11
GLAND,316184035328.0,LARGE CAP,37.322056,3.3061142,0.0,3.161,0.19302,0.13859001,0.225,0.278,1919.1,PHARMA,Healthcare,Drug Manufacturers - Specialty & Generic,2026-05-11
GLAXO,412706963456.0,LARGE CAP,40.475163,24.166733,0.0,2.091,0.33710998,0.26863,0.097,0.286,2436.2,PHARMA,Healthcare,Drug Manufacturers - General,2026-05-11
GLENMARK,662409969664.0,LARGE CAP,62.37842,6.9126472,0.0,12.776,0.18338,0.06451,0.151,0.158,2347.3,PHARMA,Healthcare,Drug Manufacturers - Specialty & Generic,2026-05-11
GLFL,189880384.0,MICRO CAP,350.0,-3.6250648,0.0,0.0,0.26103002,0.0,-0.027,-0.5,7.0,OTHERS,Financial Services,Shell Companies,2026-05-11
GLOBAL,5812951040.0,SMALL CAP,25.778782,4.7174487,0.19736,0.131,0.29793,0.26150998,0.737,0.094,114.2,FMCG,Consumer Defensive,Education & Training Services,2026-05-11
GLOBALE,148683856.0,MICRO CAP,0.0,1.4530358,0.0,107.309,-0.06717,-0.25725,-0.776,0.0,14.0,FMCG,Consumer Cyclical,Textile Manufacturing,2026-05-11
GLOBALVECT,2475480064.0,MICRO CAP,0.0,54.947174,0.0,14097.473,-0.04686,-0.02661,0.031,0.0,176.82,CAPITAL GOODS,Industrials,Airports & Air Services,2026-05-11
GLOBE,1117038592.0,MICRO CAP,15.5,0.73590505,0.0,107.624,0.05606,0.014830001,0.052,-0.561,2.48,FMCG,Consumer Cyclical,Textile Manufacturing,2026-05-11
GLOBECIVIL,2762600960.0,MICRO CAP,17.930233,1.2672583,0.0,66.902,0.12043,0.06159,0.0,0.0,46.26,CAPITAL GOODS,Industrials,Engineering & Construction,2026-05-11
GLOBUSSPR,28323158016.0,SMALL CAP,37.142857,2.7440631,0.0,45.349,0.07339,0.02781,0.191,74.071,977.6,FMCG,Consumer Defensive,Beverages - Wineries & Distilleries,2026-05-11
GLOSTERLTD,7261946880.0,SMALL CAP,95.89595,0.67161095,0.0,69.656,0.05669,0.00574,1.153,0.0,663.6,FMCG,Consumer Cyclical,Textile Manufacturing,2026-05-11
GLOTTIS,5667076096.0,SMALL CAP,14.778314,2.496032,0.0,25.397,0.03271,0.04593,-0.268,-0.827,61.33,CAPITAL GOODS,Industrials,Integrated Freight & Logistics,2026-05-11
GMBREW,21653172224.0,SMALL CAP,13.81157,2.0081534,0.15552,3.201,-0.11848,0.09037,0.0,-0.106,947.75,FMCG,Consumer Defensive,Beverages - Wineries & Distilleries,2026-05-11
GMDCLTD,210897600512.0,LARGE CAP,21.331617,3.1362758,0.0,4.139,0.13594,0.36136,-0.114,-0.099,663.2,POWER,Energy,Thermal Coal,2026-05-11
GMMPFAUDLR,40072622080.0,SMALL CAP,226.80661,3.4065459,0.0,89.639,0.07688,0.00521,0.102,0.0,891.35,CAPITAL GOODS,Industrials,Specialty Industrial Machinery,2026-05-11
GMRAIRPORT,1035835539456.0,LARGE CAP,0.0,-33.2768,0.0,0.0,0.31302,-0.02654,0.505,-0.455,98.1,CAPITAL GOODS,Industrials,Airports & Air Services,2026-05-11
GMRP&UI,83639164928.0,MID CAP,9.090832,5.434661,0.0,731.235,0.10872,0.10697,0.16,0.0,107.09,POWER,Energy,Thermal Coal,2026-05-11
GNA,16620658688.0,SMALL CAP,14.890385,1.7642474,0.0,0.0,0.12595001,0.0785,0.0,0.0,387.15,AUTO,Consumer Cyclical,Auto Parts,2026-05-11
GNFC,71266230272.0,MID CAP,11.419826,0.82419777,0.0,0.15,0.054109998,0.08185001,0.051,-0.08,485.0,CHEMICALS,Basic Materials,Chemicals,2026-05-11
GNRL,0.0,UNKNOWN,0.0,6.977665,0.0,4.968,0.30914,0.30659,0.673,0.0,98.72,OTHERS,,,2026-05-11
GOACARBON,3942273024.0,MICRO CAP,0.0,2.0957894,0.0,207.636,-0.10584,-0.09445,0.495,0.0,430.8,CHEMICALS,Basic Materials,Specialty Chemicals,2026-05-11
GOCLCORP,15716957184.0,SMALL CAP,6.24237,0.56193113,0.0,5.952,-5.80998,2.67166,-0.987,1.276,317.05,CHEMICALS,Basic Materials,Specialty Chemicals,2026-05-11
GOCOLORS,15037191168.0,SMALL CAP,21.724924,2.223899,0.08529,77.141,0.113479994,0.06849,-0.002,-0.598,285.9,FMCG,Consumer Cyclical,Apparel Retail,2026-05-11
GODAVARIB,15552378880.0,SMALL CAP,44.364964,2.1442933,0.0,67.931,0.06421,-0.013350001,0.028,0.229,303.9,CHEMICALS,Basic Materials,Chemicals,2026-05-11
GODFRYPHLP,373123973120.0,LARGE CAP,28.761574,6.4022894,0.0,3.005,0.19087,0.20785,0.149,0.083,2392.1,FMCG,Consumer Defensive,Tobacco,2026-05-11
GODIGIT,289209450496.0,LARGE CAP,53.214283,6.1589637,0.117089994,7.469,0.054050002,0.051960003,0.226,0.289,312.9,OTHERS,Financial Services,Insurance - Property & Casualty,2026-05-11
GODREJAGRO,112078536704.0,MID CAP,23.694592,5.516161,0.18681,72.751,0.061950002,0.04573,0.119,0.482,582.65,FMCG,Consumer Defensive,Packaged Foods,2026-05-11
GODREJCP,1034398007296.0,LARGE CAP,55.42215,8.166052,0.15099,34.899,0.19620001,0.12264,0.084,0.097,1010.9,FMCG,Consumer Defensive,Household & Personal Products,2026-05-11
GODREJIND,385995177984.0,LARGE CAP,39.356113,3.7110858,0.0,212.69,0.18681999,0.042280003,0.107,0.086,1146.05,CAPITAL GOODS,Industrials,Conglomerates,2026-05-11
GODREJPROP,540457074688.0,LARGE CAP,29.19935,2.9512098,0.09969,82.119,0.14072,0.36056,0.63,0.701,1794.3,REALTY,Real Estate,Real Estate - Development,2026-05-11
GOKEX,52236775424.0,MID CAP,45.69872,2.430145,0.0,46.068,0.0292,0.029749999,-0.009,-0.72,712.9,FMCG,Consumer Cyclical,Apparel Manufacturing,2026-05-11
GOKUL,3982568704.0,MICRO CAP,20.630768,1.118463,0.0,97.223,0.00732,0.00491,0.068,7.983,40.23,FMCG,Consumer Defensive,Packaged Foods,2026-05-11
GOKULAGRO,70496215040.0,MID CAP,23.536945,5.8115206,0.0,48.257,0.02327,0.01284,0.266,0.071,238.9,FMCG,Consumer Defensive,Packaged Foods,2026-05-11
GOLDENTOBC,475432128.0,MICRO CAP,13.580808,-0.22945447,0.0,0.0,-0.14399,0.21164,-0.184,0.0,26.89,FMCG,Consumer Defensive,Tobacco,2026-05-11
GOLDIAM,46990757888.0,SMALL CAP,29.746248,4.598698,0.0,2.357,0.21500999,0.16612,0.143,0.3,416.15,FMCG,Consumer Cyclical,Luxury Goods,2026-05-11
GOLDTECH,2186582784.0,MICRO CAP,27.11039,0.94955426,0.0,33.574,-0.01084,0.06895,0.836,0.0,41.75,IT,Technology,Information Technology Services,2026-05-11
GOODLUCK,46194880512.0,SMALL CAP,27.192331,3.3772192,0.0,70.111,0.08085,0.04084,0.101,0.059,1389.8,METALS,Basic Materials,Steel,2026-05-11
GOODYEAR,17935362048.0,SMALL CAP,31.659203,3.1183577,0.0,4.835,0.04933,0.02301,-0.039,1.599,777.55,AUTO,Consumer Cyclical,Auto Parts,2026-05-11
GOPAL,40492040192.0,SMALL CAP,984.3939,9.337722,0.0,14.964,0.05,0.00296,0.018,1.884,324.85,FMCG,Consumer Defensive,Packaged Foods,2026-05-11
GOYALALUM,996274816.0,MICRO CAP,38.777775,3.8713257,0.0,5.731,0.056929998,0.04048,-0.142,-0.5,6.98,OTHERS,Basic Materials,Aluminum,2026-05-11
GPIL,190516199424.0,MID CAP,24.95741,3.436265,0.0,3.643,0.16242,0.14163,-0.122,-0.038,293.0,METALS,Basic Materials,Steel,2026-05-11
GPPL,75992129536.0,MID CAP,15.666003,3.1715884,0.0,2.111,0.43796003,0.44205,0.112,0.083,157.13,CAPITAL GOODS,Industrials,Marine Shipping,2026-05-11
GPTHEALTH,11683786752.0,SMALL CAP,28.823887,4.6118217,0.0,38.278,0.113170005,0.09059,0.176,-0.235,142.39,PHARMA,Healthcare,Medical Care Facilities,2026-05-11
GPTINFRA,14737902592.0,SMALL CAP,16.42676,2.6983943,0.0,33.327,0.11863,0.07139,0.021,-0.064,116.63,CAPITAL GOODS,Industrials,Engineering & Construction,2026-05-11
GRADIENTE,0.0,UNKNOWN,0.0,0.0,0.0,3.091,0.29313,0.025940001,-0.411,0.0,8.49,OTHERS,Communication Services,Entertainment,2026-05-11
GRANDOAK,0.0,UNKNOWN,0.0,1.8027697,0.0,304.769,0.68596,0.62009,0.0,0.0,29.03,OTHERS,,,2026-05-11
GRANULES,187235352576.0,MID CAP,30.878626,3.639604,0.13522,29.735,0.19497,0.11048,0.245,0.311,755.6,PHARMA,Healthcare,Drug Manufacturers - Specialty & Generic,2026-05-11
GRAPHITE,142907490304.0,MID CAP,43.435272,2.4480815,0.0,4.572,0.02804,0.121800005,0.228,0.0,731.45,CAPITAL GOODS,Industrials,Electrical Equipment & Parts,2026-05-11
GRASIM,2023803191296.0,LARGE CAP,44.68034,2.0319023,0.0,126.634,0.15687001,0.026719999,0.274,0.141,2984.2,OTHERS,Basic Materials,Building Materials,2026-05-11
GRAUWEIL,31775078400.0,SMALL CAP,22.606453,3.187918,0.0,1.192,0.11196,0.11925,0.058,-0.253,70.08,CHEMICALS,Basic Materials,Specialty Chemicals,2026-05-11
GRAVISSHO,0.0,UNKNOWN,0.0,1.0439498,0.0,6.157,0.17006999,-0.01201,0.063,1.1,27.53,OTHERS,,,2026-05-11
GRAVITA,129431191552.0,MID CAP,34.166508,5.7272143,0.0,19.62,0.11959,0.09252,0.021,0.146,1777.0,CAPITAL GOODS,Industrials,Metal Fabrication,2026-05-11
GREAVESCOT,41251041280.0,SMALL CAP,38.24622,2.9288788,0.0,12.328,0.03943,0.03334,0.166,0.225,177.08,CAPITAL GOODS,Industrials,Specialty Industrial Machinery,2026-05-11
GREENLAM,58260422656.0,MID CAP,335.7941,5.1962767,0.0,103.274,0.04601,0.00658,0.173,0.0,228.34,FMCG,Consumer Cyclical,"Furnishings, Fixtures & Appliances",2026-05-11
GREENPANEL,26964537344.0,SMALL CAP,0.0,2.0014927,0.0,30.888,0.03712,-0.00074,0.158,0.203,219.89,OTHERS,Basic Materials,Lumber & Wood Production,2026-05-11
GREENPLY,33124024320.0,SMALL CAP,36.935936,3.9101782,0.10536,57.505,0.098450005,0.03269,0.196,0.861,265.2,OTHERS,Basic Materials,Lumber & Wood Production,2026-05-11
GREENPOWER,14357907456.0,SMALL CAP,19.741936,1.2044873,0.0,41.218,-0.24354,0.23341,0.043,0.0,12.24,IT,Utilities,Utilities - Independent Power Producers,2026-05-11
GRINDWELL,199129923584.0,MID CAP,47.870644,8.729989,0.0,3.481,0.14868,0.13231,0.071,0.097,1798.5,CAPITAL GOODS,Industrials,Building Products & Equipment,2026-05-11
GRINFRA,96267051008.0,MID CAP,8.752529,1.0775259,0.0,62.543,0.18155001,0.1345,0.362,-0.01,994.9,CAPITAL GOODS,Industrials,Engineering & Construction,2026-05-11
GRMOVER,32639352832.0,SMALL CAP,49.61514,6.088808,0.0,44.143,0.042719997,0.049850002,0.3,0.272,157.28,FMCG,Consumer Defensive,Packaged Foods,2026-05-11
GROBTEA,1051501888.0,MICRO CAP,18.710445,1.0027168,0.0,14.11,0.12472,0.046529997,0.776,9.9,904.65,FMCG,Consumer Defensive,Farm Products,2026-05-11
GROWW,1198194032640.0,LARGE CAP,56.91765,12.395593,0.28718,3.028,0.61299,0.43668997,0.835,1.118,193.52,OTHERS,Financial Services,Capital Markets,2026-05-11
GRPLTD,9835197440.0,SMALL CAP,41.052982,5.4322276,0.0,112.442,0.0435,0.04355,0.019,-0.805,1844.1,AUTO,Consumer Cyclical,Auto Parts,2026-05-11
GRSE,336966189056.0,LARGE CAP,48.93695,12.830511,0.31791002,1.424,0.16153,0.106809996,0.291,0.242,2941.6,DEFENCE,Industrials,Aerospace & Defense,2026-05-11
GRWRHITECH,120518041600.0,MID CAP,35.65782,4.807991,0.13454,0.59,0.23402001,0.1548,0.128,0.391,5187.5,CHEMICALS,Basic Materials,Specialty Chemicals,2026-05-11
GSFC,68091842560.0,MID CAP,9.831991,0.54643834,0.0,0.011,0.04328,0.06765,0.045,0.182,170.88,OTHERS,Basic Materials,Agricultural Inputs,2026-05-11
GSLSU,2461112064.0,MICRO CAP,0.0,0.8140236,0.0,71.035,-0.02485,-0.075840004,0.287,0.0,58.07,OTHERS,Basic Materials,Building Materials,2026-05-11
GSPCROP,19142465536.0,SMALL CAP,23.130972,3.0302584,0.0,64.835,0.02417,0.0704,-0.017,0.0,411.5,OTHERS,Basic Materials,Agricultural Inputs,2026-05-11
GSPL,151406133248.0,MID CAP,14.39646,1.2684765,0.0,0.876,0.10920999,0.06461,-0.109,0.096,268.35,IT,Utilities,Utilities - Regulated Gas,2026-05-11
GSS,361037728.0,MICRO CAP,0.0,0.1051042,0.0,41.074,0.03375,-0.01895,-0.205,0.0,13.99,IT,Technology,Information Technology Services,2026-05-11
GTECJAINX,202763040.0,MICRO CAP,0.0,12.352576,0.0,62.029,-0.14332,-0.11575,1.037,0.0,19.9,FMCG,Consumer Defensive,Education & Training Services,2026-05-11
GTL,1258374272.0,MICRO CAP,0.0,-0.02078732,0.0,0.0,0.39238998,-0.064780004,0.078,0.0,8.0,TELECOM,Communication Services,Telecom Services,2026-05-11
GTLINFRA,18060847104.0,SMALL CAP,0.0,-0.2847334,0.0,0.0,0.110190004,-1.3534501,0.036,0.0,1.41,IT,Technology,Communication Equipment,2026-05-11
GTPL,7663231488.0,SMALL CAP,48.67143,0.66624296,0.009649999,39.615,-0.0212,0.00424,0.063,0.0,68.14,OTHERS,Communication Services,Entertainment,2026-05-11
GUFICBIO,30129879040.0,SMALL CAP,60.210426,4.7673073,0.0,58.497,0.10927,0.055770002,0.114,-0.358,300.45,PHARMA,Healthcare,Drug Manufacturers - Specialty & Generic,2026-05-11
GUJALKALI,53241774080.0,MID CAP,0.0,1.393459,0.0,6.128,0.29207,0.1839,3.957,5.191,725.0,CHEMICALS,Basic Materials,Chemicals,2026-05-11
GUJAPOLLO,5682157056.0,SMALL CAP,0.0,1.0554109,0.0,9.248,-0.32992,-0.07649,1.595,-0.742,438.1,CAPITAL GOODS,Industrials,Specialty Industrial Machinery,2026-05-11
GUJGASLTD,262242238464.0,LARGE CAP,22.554768,3.0035322,0.0,118.64,0.10338,0.07541,0.211,0.326,380.95,IT,Utilities,Utilities - Regulated Gas,2026-05-11
GUJRAFFIA,0.0,UNKNOWN,18.758455,0.973671,0.0,10.054,0.0086,0.0105,2.92,0.357,38.83,OTHERS,,,2026-05-11
GUJTHEM,42082197504.0,SMALL CAP,88.013695,15.873997,0.0,27.036,0.40162,0.29994,0.097,-0.042,385.5,PHARMA,Healthcare,Drug Manufacturers - Specialty & Generic,2026-05-11
GULFOILLUB,48562282496.0,SMALL CAP,13.961002,2.933954,0.0,29.566,0.112799995,0.08882,0.091,-0.224,980.9,CHEMICALS,Basic Materials,Specialty Chemicals,2026-05-11
GULFPETRO,1750294016.0,MICRO CAP,6.79802,0.51507103,0.0,4.622,0.04379,0.03892,0.245,-0.214,34.33,POWER,Energy,Oil & Gas Refining & Marketing,2026-05-11
GULPOLY,11979636736.0,SMALL CAP,15.713702,1.8729522,0.0,70.759,0.11688,0.03361,0.028,5.074,192.65,CHEMICALS,Basic Materials,Chemicals,2026-05-11
GVKPIL,5432483840.0,SMALL CAP,0.0,-0.37395367,0.0,0.0,-1.49115,0.0,-0.984,0.0,3.44,IT,Utilities,Utilities - Independent Power Producers,2026-05-11
GVPIL,42981883904.0,SMALL CAP,33.7566,11.131714,0.0,5.207,0.31531,0.24901,0.217,0.0,639.35,CAPITAL GOODS,Industrials,Engineering & Construction,2026-05-11
GVPTECH,1098092672.0,MICRO CAP,0.0,1.3539337,0.00452,0.0,-12.311629,0.0431,-0.46,0.0,6.66,IT,Technology,Information Technology Services,2026-05-11
GVT&D,1135028600832.0,LARGE CAP,106.4833,54.386738,0.0,1.46,0.26053,0.18665001,0.584,1.04,4432.9,CAPITAL GOODS,Industrials,Specialty Industrial Machinery,2026-05-11
HAL,3180894355456.0,LARGE CAP,35.7321,8.569554,0.0,0.031,0.15114,0.27084,0.107,0.296,4756.3,DEFENCE,Industrials,Aerospace & Defense,2026-05-11
HALDER,2972092416.0,MICRO CAP,3413.5713,1.9640317,0.0,199.222,0.18708,0.00592,-0.592,-0.023,238.95,FMCG,Consumer Defensive,Farm Products,2026-05-11
HALDYNGL,0.0,UNKNOWN,0.0,2.6727865,0.0,60.125,0.08984999,0.04941,0.214,0.311,110.64,OTHERS,,,2026-05-11
HALEOSLABS,4836654592.0,MICRO CAP,24.338963,2.3425913,0.0,31.368,0.10697,0.05708,0.12,0.211,1599.8,PHARMA,Healthcare,Biotechnology,2026-05-11
HAPPSTMNDS,57144610816.0,MID CAP,30.918697,3.4973009,0.116969995,28.275,0.14472,0.08222,0.107,-0.198,380.3,IT,Technology,Information Technology Services,2026-05-11
HAPPYFORGE,136336416768.0,MID CAP,47.65831,6.952363,0.0,9.832,0.25037,0.19382,0.104,0.222,1445.0,CAPITAL GOODS,Industrials,Metal Fabrication,2026-05-11
HARDWYN,11727301632.0,SMALL CAP,100.04167,2.8945148,0.0,1.527,0.052010003,0.06179,0.058,-0.5,24.01,CAPITAL GOODS,Industrials,Building Products & Equipment,2026-05-11
HARIOMPIPE,10250172416.0,SMALL CAP,16.30542,1.6961833,0.0,69.094,0.07604,0.0403,0.21,0.03,331.0,METALS,Basic Materials,Steel,2026-05-11
HARRMALAYA,4075506944.0,MICRO CAP,16.178022,2.4684775,0.0,68.843,0.04927,0.04768,-0.008,-0.318,220.83,FMCG,Consumer Defensive,Farm Products,2026-05-11
HARSHA,37405470720.0,SMALL CAP,35.44866,2.847391,0.0,24.121,0.110640004,0.06919,0.207,0.259,410.85,CAPITAL GOODS,Industrials,Tools & Accessories,2026-05-11
HATHWAY,19187933184.0,SMALL CAP,23.565218,0.4584285,0.01858,0.212,0.00414,0.03829,0.064,-0.696,10.84,OTHERS,Communication Services,Entertainment,2026-05-11
HATSUN,213927444480.0,LARGE CAP,61.48528,11.690667,0.0,109.967,0.04615,0.03701,0.176,0.478,960.4,FMCG,Consumer Defensive,Packaged Foods,2026-05-11
HAVELLS,771525902336.0,LARGE CAP,45.572433,8.164783,0.18969999,2.801,0.09212,0.075040005,0.025,0.396,1230.0,CAPITAL GOODS,Industrials,Electrical Equipment & Parts,2026-05-11
HAVISHA,237980496.0,MICRO CAP,0.0,2.1088433,0.0,208.219,0.1165,-0.43105,0.065,0.0,1.55,FMCG,Consumer Cyclical,Lodging,2026-05-11
HAWKINCOOK,0.0,UNKNOWN,30.915901,10.433594,0.0,16.196,0.12880999,0.10532,0.162,0.581,7345.0,FMCG,Consumer Cyclical,"Furnishings, Fixtures & Appliances",2026-05-11
HBESD,0.0,UNKNOWN,0.0,0.95454144,0.0,0.0,0.0,0.0,0.0,0.0,77.63,OTHERS,,,2026-05-11
HBLENGINE,229988646912.0,LARGE CAP,28.85913,11.595277,0.0,4.396,0.33192003,0.2508,0.94,2.442,829.7,CAPITAL GOODS,Industrials,Electrical Equipment & Parts,2026-05-11
HBSL,445318912.0,MICRO CAP,0.0,0.48237205,0.0,13.379,0.05722,0.0,0.0,0.0,62.39,OTHERS,Financial Services,Capital Markets,2026-05-11
HCC,58754670592.0,MID CAP,23.610527,3.7735534,0.0,147.434,0.06732,0.0452,-0.081,0.0,22.43,CAPITAL GOODS,Industrials,Engineering & Construction,2026-05-11
HCG,92768919552.0,MID CAP,467.18042,9.466459,0.0,177.905,0.07734,0.00765,0.133,0.0,621.35,PHARMA,Healthcare,Medical Care Facilities,2026-05-11
HCL-INSYS,3983440128.0,MICRO CAP,0.0,-1.3020554,0.0,0.0,-3.5426502,-1.1266,-0.26,0.0,12.1,IT,Technology,Electronics & Computer Distribution,2026-05-11
HCLTECH,3232984203264.0,LARGE CAP,19.473598,4.326109,0.23357001,6.935,0.16486,0.128,0.053,-0.002,1194.9,IT,Technology,Information Technology Services,2026-05-11
HDBFS,570446970880.0,LARGE CAP,22.320906,2.7669508,0.13945,480.236,0.42518002,0.28924,0.184,0.357,688.6,OTHERS,Financial Services,Credit Services,2026-05-11
HDFCAMC,1177088032768.0,LARGE CAP,41.31128,12.747791,0.32929,0.0,0.78761,0.61833,0.037,-0.028,2747.2,OTHERS,Financial Services,Asset Management,2026-05-11
HDFCBANK,11756719046656.0,LARGE CAP,17.038153,2.0794191,0.13818,0.0,0.40539002,0.26834,-0.018,0.075,763.65,BANKING,Financial Services,Banks - Regional,2026-05-11
HDFCLIFE,1343338184704.0,LARGE CAP,70.04499,7.55548,0.11281,17.46,0.0269,0.01915,-0.177,0.041,622.7,OTHERS,Financial Services,Insurance - Life,2026-05-11
HDIL,952748032.0,MICRO CAP,0.0,-0.02154872,0.0,0.0,-3.24165,-0.05415,-0.135,0.0,2.01,REALTY,Real Estate,Real Estate - Diversified,2026-05-11
HEADSUP,170477728.0,MICRO CAP,4.063158,0.9051471,0.0,0.0,0.1718,0.26614,0.0,0.0,7.72,FMCG,Consumer Cyclical,Apparel Retail,2026-05-11
HEALTHX,9384097792.0,SMALL CAP,36.10771,1.3771853,0.0,0.588,0.00303,0.02037,0.334,0.0,295.0,PHARMA,Healthcare,Pharmaceutical Retailers,2026-05-11
HECPROJECT,1364957952.0,MICRO CAP,10.913345,2.4062822,0.0,73.815,0.084759995,0.07056,1.082,0.908,125.94,CAPITAL GOODS,Industrials,Engineering & Construction,2026-05-11
HEG,114126921728.0,MID CAP,29.898888,2.4450343,0.0,16.73,-0.25033,0.15168999,0.186,0.0,591.4,CAPITAL GOODS,Industrials,Electrical Equipment & Parts,2026-05-11
HEIDELBERG,35649105920.0,SMALL CAP,25.535715,2.7219713,0.0,5.868,0.04401,0.06064,0.058,2.0,157.3,OTHERS,Basic Materials,Building Materials,2026-05-11
HEMIPROP,44667641856.0,SMALL CAP,0.0,9.908918,0.0,20.011,-9.381209,0.0,0.071,0.0,156.66,REALTY,Real Estate,Real Estate - Diversified,2026-05-11
HERANBA,8695727104.0,SMALL CAP,0.0,1.0396197,0.0,60.274,-0.04393,-0.037320003,-0.117,0.0,217.32,OTHERS,Basic Materials,Agricultural Inputs,2026-05-11
HERITGFOOD,35104727040.0,SMALL CAP,21.421291,3.3669462,0.0,21.029,0.03807,0.03711,0.082,-0.196,378.3,FMCG,Consumer Defensive,Packaged Foods,2026-05-11
HEROMOTOCO,1046185967616.0,LARGE CAP,18.226662,4.8400254,0.28027,3.57,0.1311,0.12109999,0.302,0.257,5228.5,AUTO,Consumer Cyclical,Auto Manufacturers,2026-05-11
HESTERBIO,14721129472.0,SMALL CAP,35.75413,4.3914633,0.0,60.852,0.1726,0.12967,0.09,-0.184,1730.5,PHARMA,Healthcare,Drug Manufacturers - Specialty & Generic,2026-05-11
HEXATRADEX,9135816704.0,SMALL CAP,0.0,0.1905742,0.0,0.412,-24.95522,-1.96481,0.0,0.0,165.37,OTHERS,Financial Services,Credit Services,2026-05-11
HEXT,306099847168.0,LARGE CAP,22.23329,4.845681,0.22272,10.521,0.13288,0.10073,0.126,0.079,502.25,IT,Technology,Information Technology Services,2026-05-11
HFCL,227182952448.0,LARGE CAP,401.24326,4.4780264,0.07266,38.321,0.15785,0.06217,1.306,0.0,148.46,IT,Technology,Communication Equipment,2026-05-11
HGINFRA,41041506304.0,SMALL CAP,10.467919,1.3388909,0.0,182.684,0.18627001,0.075890005,0.124,-0.182,629.75,CAPITAL GOODS,Industrials,Engineering & Construction,2026-05-11
HGM,774716736.0,MICRO CAP,180.91176,3.2947664,0.0,100.637,-0.17940001,0.00806,1.458,0.0,61.51,IT,Technology,Information Technology Services,2026-05-11
HGS,19812988928.0,SMALL CAP,0.0,0.24864526,0.0,23.446,-0.28488,0.01006,0.011,0.0,425.9,CAPITAL GOODS,Industrials,Specialty Business Services,2026-05-11
HIKAL,25819176960.0,SMALL CAP,0.0,2.0454013,0.0,0.0,0.13161,0.0615,0.373,0.683,209.4,PHARMA,Healthcare,Drug Manufacturers - Specialty & Generic,2026-05-11
HILINFRA,3756726784.0,MICRO CAP,10.6897955,1.8631287,0.0,27.666,0.05861,0.07224,-0.092,0.185,52.38,CAPITAL GOODS,Industrials,Infrastructure Operations,2026-05-11
HILTON,1187848064.0,MICRO CAP,8.945737,0.46226564,0.0,58.483,0.04168,0.03487,0.733,2.211,23.08,CAPITAL GOODS,Industrials,Metal Fabrication,2026-05-11
HIMATSEIDE,10577441792.0,SMALL CAP,12.823172,0.502563,0.0,121.696,0.09887999,0.028380001,-0.116,-0.643,84.12,FMCG,Consumer Cyclical,Textile Manufacturing,2026-05-11
HINDALCO,2288702717952.0,LARGE CAP,14.16217,1.6847597,0.0,57.571,0.0868,0.06143,0.139,-0.451,1023.5,OTHERS,Basic Materials,Aluminum,2026-05-11
HINDCOMPOS,6654911488.0,SMALL CAP,21.375711,0.5811989,0.0279,0.147,0.12944001,0.082959995,0.176,0.928,450.6,AUTO,Consumer Cyclical,Auto Parts,2026-05-11
HINDCON,1281813248.0,MICRO CAP,25.04,1.7252309,0.0,10.848,0.00228,0.04938,-0.068,-0.771,25.04,CHEMICALS,Basic Materials,Specialty Chemicals,2026-05-11
HINDCOPPER,554008051712.0,LARGE CAP,83.879944,18.683147,0.0,4.776,0.286,0.2493,1.097,1.492,572.9,OTHERS,Basic Materials,Copper,2026-05-11
HINDOILEXP,21834688512.0,SMALL CAP,20.561646,1.6256264,0.0,5.622,0.059959996,0.20712,-0.486,-0.808,165.11,POWER,Energy,Oil & Gas E&P,2026-05-11
HINDPETRO,803891314688.0,LARGE CAP,5.2203946,1.4128858,0.0,110.909,0.04644,0.03545,0.041,0.577,377.8,POWER,Energy,Oil & Gas Refining & Marketing,2026-05-11
HINDUNILVR,5420976963584.0,LARGE CAP,50.93157,11.12606,0.21603,3.016,0.21363,0.23329,0.043,0.214,2307.2,FMCG,Consumer Defensive,Household & Personal Products,2026-05-11
HINDWAREAP,19323144192.0,SMALL CAP,0.0,2.5566647,0.0,119.294,0.03532,-0.020079998,0.068,0.0,231.01,FMCG,Consumer Cyclical,"Furnishings, Fixtures & Appliances",2026-05-11
HINDZINC,2658148024320.0,LARGE CAP,19.197435,11.748118,0.76941,39.034,0.52458,0.35292998,0.408,0.675,629.1,OTHERS,Basic Materials,Other Industrial Metals & Mining,2026-05-11
HIRECT,31397322752.0,SMALL CAP,62.224113,16.482912,0.0,109.187,0.07604,0.05583,0.642,0.297,913.45,CAPITAL GOODS,Industrials,Electrical Equipment & Parts,2026-05-11
HISARMETAL,829656000.0,MICRO CAP,27.732853,1.2978764,0.0,106.756,0.041840002,0.01203,0.195,0.645,153.64,METALS,Basic Materials,Steel,2026-05-11
HITECH,17941882880.0,SMALL CAP,23.729223,1.3668865,0.0,20.944,0.03292,0.02207,0.405,-0.222,88.51,METALS,Basic Materials,Steel,2026-05-11
HITECHCORP,2372822784.0,MICRO CAP,32.429573,0.8520624,0.0,47.479,0.01919,0.011729999,0.18,0.0,138.15,FMCG,Consumer Cyclical,Packaging & Containers,2026-05-11
HITECHGEAR,11570331648.0,SMALL CAP,51.378445,2.390076,0.0,0.0,0.10385,0.05585,0.363,1.263,615.0,AUTO,Consumer Cyclical,Auto Parts,2026-05-11
HLEGLAS,23882010624.0,SMALL CAP,35.194473,4.6187844,0.0,65.063,0.0343,0.039809998,0.414,-0.728,343.85,CAPITAL GOODS,Industrials,Specialty Industrial Machinery,2026-05-11
HLVLTD,5808079872.0,SMALL CAP,125.85715,1.2844439,0.00936,8.381,0.109519996,0.02148,0.055,-0.375,8.81,FMCG,Consumer Cyclical,Lodging,2026-05-11
HMAAGRO,12138658816.0,SMALL CAP,7.150442,1.4060324,0.0,70.83,0.027409999,0.02484,0.415,2.22,24.24,FMCG,Consumer Defensive,Packaged Foods,2026-05-11
HMT,71342432256.0,MID CAP,0.0,-1.0705187,0.0,0.0,-0.45895,-1.1698201,-0.286,0.0,59.25,CAPITAL GOODS,Industrials,Farm & Heavy Construction Machinery,2026-05-11
HMVL,4823307776.0,MICRO CAP,7.2577434,0.31069165,0.0,5.327,-0.021389998,0.08396,0.075,-0.951,65.61,OTHERS,Communication Services,Publishing,2026-05-11
HNDFDS,63874945024.0,MID CAP,46.689957,6.1360817,0.0,86.577,0.06798,0.03375,0.135,0.238,534.6,CAPITAL GOODS,Industrials,Conglomerates,2026-05-11
HOMEFIRST,122352222208.0,MID CAP,22.695215,3.0148828,0.15714,243.084,0.66060996,0.50337005,0.323,0.235,1171.3,NBFC,Financial Services,Mortgage Finance,2026-05-11
HONASA,114879389696.0,MID CAP,73.83891,9.003367,0.0,11.184,0.09053001,0.06865,0.162,0.949,352.95,FMCG,Consumer Defensive,Household & Personal Products,2026-05-11
HONAUT,259581509632.0,LARGE CAP,51.454723,6.1931844,0.0,2.215,0.115430005,0.10945,0.071,-0.082,29340.0,CAPITAL GOODS,Industrials,Electrical Equipment & Parts,2026-05-11
HONDAPOWER,23106930688.0,SMALL CAP,31.478514,3.0384998,0.0,0.008,0.096999995,0.0845,0.324,-0.127,2278.1,CAPITAL GOODS,Industrials,Specialty Industrial Machinery,2026-05-11
HPAL,4117825536.0,MICRO CAP,30.080536,2.2113676,0.0,1.13,0.03736,0.05156,-0.02,-0.609,44.82,CHEMICALS,Basic Materials,Specialty Chemicals,2026-05-11
HPIL,1564874496.0,MICRO CAP,142.6875,3.0618951,0.0,73.098,0.0277,0.00889,0.113,0.462,136.98,CHEMICALS,Basic Materials,Specialty Chemicals,2026-05-11
HPL,23919781888.0,SMALL CAP,24.586914,2.506215,0.0,77.475,0.11892,0.05454,0.208,0.075,372.0,CAPITAL GOODS,Industrials,Electrical Equipment & Parts,2026-05-11
HSCL,310772400128.0,LARGE CAP,40.92691,6.6022468,0.17698,16.137,0.20308,0.16121,0.135,0.278,615.95,CHEMICALS,Basic Materials,Specialty Chemicals,2026-05-11
HTMEDIA,5144557568.0,SMALL CAP,2224.0,0.31912756,0.0,39.322,-0.01402,0.00017000001,0.014,0.0,22.24,OTHERS,Communication Services,Publishing,2026-05-11
HUBTOWN,31648657408.0,SMALL CAP,24.829432,1.1732541,0.0,39.557,0.0153,0.22159,-0.053,0.0,222.72,REALTY,Real Estate,Real Estate - Development,2026-05-11
HUDCO,457013755904.0,LARGE CAP,16.42374,2.5309873,0.0,705.764,0.66308,0.61524,0.161,-0.03,228.29,OTHERS,Financial Services,Credit Services,2026-05-11
HUHTAMAKI,13511629824.0,SMALL CAP,11.424649,1.044553,0.095019996,11.138,0.066020004,0.04782,0.008,1.594,178.91,FMCG,Consumer Cyclical,Packaging & Containers,2026-05-11
HYBRIDFIN,555756864.0,MICRO CAP,16.707964,1.2691582,0.0,1.604,0.35443002,0.66796,-0.052,0.364,18.88,OTHERS,Financial Services,Capital Markets,2026-05-11
HYUNDAI,1549434617856.0,LARGE CAP,26.733492,7.738226,0.29916,5.484,0.07308,0.07676,0.048,-0.222,1906.9,AUTO,Consumer Cyclical,Auto Manufacturers,2026-05-11
IBULLSLTD,46565974016.0,SMALL CAP,16.547619,-0.744377,0.24445999,14.753,0.40914002,0.31094,0.0,0.0,20.85,REALTY,Real Estate,Real Estate - Development,2026-05-11
ICDSLTD,613557568.0,MICRO CAP,26.166666,0.0,0.0,0.0,0.0,0.0,0.0,0.0,47.1,REALTY,Real Estate,Real Estate Services,2026-05-11
ICEMAKE,12294781952.0,SMALL CAP,89.24972,10.185234,0.0,139.699,0.0367,0.02326,0.387,-0.489,779.15,CAPITAL GOODS,Industrials,Specialty Industrial Machinery,2026-05-11
ICICIAMC,1582912372736.0,LARGE CAP,48.08709,37.938305,0.85802,0.0,0.73064005,0.54963,0.082,0.104,3202.6,OTHERS,Financial Services,Asset Management,2026-05-11
ICICIBANK,9076988706816.0,LARGE CAP,16.941807,2.4978995,0.16359,0.0,0.33293998,0.24929,0.669,0.084,1266.4,BANKING,Financial Services,Banks - Regional,2026-05-11
ICICIGI,911964438528.0,LARGE CAP,33.12081,5.6685658,0.17851,0.0,0.101339996,0.10264,0.122,0.067,1828.6,OTHERS,Financial Services,Insurance - Diversified,2026-05-11
ICICIPRULI,819530891264.0,LARGE CAP,50.863308,6.006478,0.12579,19.037,0.08467,0.02525,-0.789,0.614,565.6,OTHERS,Financial Services,Insurance - Life,2026-05-11
ICIL,58386415616.0,MID CAP,48.888885,2.5300376,0.0,53.871,0.04855,0.02911,-0.077,-0.677,294.8,FMCG,Consumer Cyclical,Textile Manufacturing,2026-05-11
ICRA,51422547968.0,MID CAP,27.826223,4.7163672,0.0,0.0,0.34390998,0.32949,0.041,0.323,5329.0,OTHERS,Financial Services,Financial Data & Stock Exchanges,2026-05-11
IDBI,787613483008.0,LARGE CAP,8.478009,1.1466813,0.14152999,0.0,0.15577,0.43376,0.0,0.0,73.25,BANKING,Financial Services,Banks - Regional,2026-05-11
IDEA,1319618215936.0,LARGE CAP,0.0,-1.599895,0.0,0.0,-0.066149995,-0.55325,0.019,0.0,12.18,TELECOM,Communication Services,Telecom Services,2026-05-11
IDEAFORGE,34501853184.0,SMALL CAP,0.0,5.804507,-0.028199999,13.974,0.35402,-0.07531,5.944,0.0,795.2,IT,Technology,Computer Hardware,2026-05-11
IDFCFIRSTB,595867598848.0,LARGE CAP,36.81915,1.2705348,0.0,0.0,0.33398,0.32775003,-0.011,-0.232,69.22,BANKING,Financial Services,Banks - Regional,2026-05-11
IEX,116240449536.0,MID CAP,23.593864,8.572835,0.39419997,0.818,0.84190005,0.65990996,0.125,0.098,130.71,OTHERS,Financial Services,Capital Markets,2026-05-11
IFBAGRO,10408265728.0,SMALL CAP,21.765917,1.5905063,0.0,13.624,0.02078,0.03768,0.159,-0.354,1111.15,FMCG,Consumer Defensive,Beverages - Wineries & Distilleries,2026-05-11
IFBIND,48606347264.0,SMALL CAP,40.527027,5.266254,0.0,18.143,0.03192,0.021949999,0.113,-0.229,1199.6,FMCG,Consumer Cyclical,"Furnishings, Fixtures & Appliances",2026-05-11
IFCI,169795682304.0,MID CAP,91.333336,1.953745,0.0,0.0,1.1794,0.0,0.0,0.0,63.02,OTHERS,Financial Services,Credit Services,2026-05-11
IFGLEXPOR,13190387712.0,SMALL CAP,45.864662,1.1596664,0.0,19.053,0.00659,0.01551,0.237,0.0,183.0,OTHERS,Basic Materials,Building Materials,2026-05-11
IGARASHI,13553156096.0,SMALL CAP,99.907196,2.9199555,0.0,30.826,0.02881,0.01641,0.025,-0.323,430.6,AUTO,Consumer Cyclical,Auto Parts,2026-05-11
IGCL,4146861568.0,MICRO CAP,11.968977,1.1624485,0.0,47.136,0.09719,0.05565,0.188,-0.105,65.59,OTHERS,Basic Materials,Agricultural Inputs,2026-05-11
IGIL,148598112256.0,MID CAP,28.967987,10.552726,0.43001997,10.116,0.56104,0.43251,-0.3,0.231,343.85,OTHERS,Basic Materials,Other Precious Metals & Mining,2026-05-11
IGL,224966246400.0,LARGE CAP,13.526094,2.004866,0.0,0.903,0.083330005,0.10422,0.082,0.206,160.69,IT,Utilities,Utilities - Regulated Gas,2026-05-11
IGPL,14545947648.0,SMALL CAP,0.0,1.1148691,0.0,30.804,-0.01702,-0.00366,-0.166,0.0,472.35,CHEMICALS,Basic Materials,Chemicals,2026-05-11
IIFL,196604133376.0,MID CAP,11.931613,1.4124502,0.12286,446.24,0.39839,0.21691,-0.141,1.831,462.35,OTHERS,Financial Services,Credit Services,2026-05-11
IIFLCAPS,109391446016.0,MID CAP,20.577036,3.877702,0.0,61.874,0.38107,0.24658,0.109,-0.063,351.25,OTHERS,Financial Services,Capital Markets,2026-05-11
IITL,3561836544.0,MICRO CAP,64.21545,0.7917264,0.0,0.692,0.69211,0.27151,0.0,0.0,157.97,OTHERS,Financial Services,Credit Services,2026-05-11
IKIO,13221955584.0,SMALL CAP,56.465347,2.199496,0.07095,11.438,0.13333,0.062030002,0.519,0.0,171.09,IT,Technology,Electronic Components,2026-05-11
IKS,291821813760.0,LARGE CAP,44.618145,12.988757,0.0,34.186,0.30622,0.21679,0.24,0.412,1741.0,PHARMA,Healthcare,Health Information Services,2026-05-11
IL&FSENGG,3604518400.0,MICRO CAP,0.0,-0.11330102,0.0,0.0,-0.07569,-0.00546,-0.082,0.273,27.49,CAPITAL GOODS,Industrials,Engineering & Construction,2026-05-11
IL&FSTRANS,825689664.0,MICRO CAP,0.0,-0.0055565764,0.0,385.701,0.34368,0.0,0.76,0.0,2.51,CAPITAL GOODS,Industrials,Infrastructure Operations,2026-05-11
IMAGICAA,26142799872.0,SMALL CAP,171.11111,2.0706346,0.0,15.4,-0.0054,0.03888,0.002,0.0,46.2,OTHERS,Communication Services,Entertainment,2026-05-11
IMFA,80655990784.0,MID CAP,21.896881,3.212559,0.0,17.281,0.21194,0.14006,0.093,0.406,1494.9,OTHERS,Basic Materials,Other Industrial Metals & Mining,2026-05-11
IMPAL,12818207744.0,SMALL CAP,14.733897,0.5011332,0.0,0.0,0.07482,0.10674,0.0,0.0,1027.1,AUTO,Consumer Cyclical,Auto Parts,2026-05-11
IMPEXFERRO,150107760.0,MICRO CAP,0.0,-0.045509953,0.0,0.0,0.0,0.0,0.0,0.0,1.68,OTHERS,Basic Materials,Other Industrial Metals & Mining,2026-05-11
INA,0.0,UNKNOWN,16.981365,4.384783,0.0,37.384,0.10946,0.099379994,0.77,1.702,136.7,IT,Technology,Solar,2026-05-11
INCREDIBLE,1709215104.0,MICRO CAP,13.242753,1.0938857,0.0,11.937,0.0195,0.01507,0.168,-0.4,36.55,METALS,Basic Materials,Steel,2026-05-11
INDBANK,1534154368.0,MICRO CAP,21.742138,1.5737959,0.073709995,0.0,0.30131,0.28584,0.144,0.038,34.57,OTHERS,Financial Services,Capital Markets,2026-05-11
INDGN,130492194816.0,MID CAP,29.786068,4.5415006,0.13941,4.601,0.12139,0.114259996,0.328,-0.323,543.0,PHARMA,Healthcare,Health Information Services,2026-05-11
INDHOTEL,941315719168.0,LARGE CAP,47.00071,8.136073,0.0,25.013,0.3392,0.20879999,0.119,0.553,661.3,FMCG,Consumer Cyclical,Lodging,2026-05-11
INDIACEM,184938676224.0,MID CAP,0.0,1.2177876,-0.00662,12.888,0.06287,-0.015,0.026,2.764,397.85,OTHERS,Basic Materials,Building Materials,2026-05-11
INDIAGLYCO,74453336064.0,MID CAP,25.677301,2.8726969,0.0,85.85,0.12178001,0.06586,0.13,0.176,1110.8,CHEMICALS,Basic Materials,Chemicals,2026-05-11
INDIAMART,124079964160.0,MID CAP,26.185646,5.168806,0.20703,0.962,0.31066,0.30253,0.139,-0.723,2065.0,OTHERS,Communication Services,Internet Content & Information,2026-05-11
INDIANB,1130978344960.0,LARGE CAP,9.662255,1.4127887,0.15442,0.0,0.47081003,0.34144002,0.018,0.064,839.65,BANKING,Financial Services,Banks - Regional,2026-05-11
INDIANCARD,1214959104.0,MICRO CAP,4.943196,0.35018083,0.0,1.437,-0.43803,0.59928,-0.015,0.0,204.5,FMCG,Consumer Cyclical,Textile Manufacturing,2026-05-11
INDIANHUME,17888094208.0,SMALL CAP,2.8971844,1.2765901,0.0,35.77,0.060510002,0.45856,-0.259,3.275,339.55,CAPITAL GOODS,Industrials,Engineering & Construction,2026-05-11
INDIASHLTR,90955218944.0,MID CAP,18.514172,3.100295,0.17036,195.303,0.55303,0.46425,0.307,0.283,836.1,NBFC,Financial Services,Mortgage Finance,2026-05-11
INDIGO,1662350131200.0,LARGE CAP,51.66306,17.73431,0.0,866.462,0.15758,0.03793,0.062,-0.776,4299.4,CAPITAL GOODS,Industrials,Airlines,2026-05-11
INDIGOPNTS,46293069824.0,SMALL CAP,32.152317,4.3358474,0.0,2.232,0.14862001,0.105550006,0.047,0.008,971.0,CHEMICALS,Basic Materials,Specialty Chemicals,2026-05-11
INDIQUBE,36438155264.0,SMALL CAP,0.0,6.302666,0.0,866.823,0.22883,-0.08543,0.456,0.0,171.88,REALTY,Real Estate,Real Estate Services,2026-05-11
INDNIPPON,18157086720.0,SMALL CAP,18.468708,2.3127859,0.0,0.0,0.14819999,0.09809,0.0,0.0,802.65,AUTO,Consumer Cyclical,Auto Parts,2026-05-11
INDOAMIN,8768577536.0,SMALL CAP,12.251522,2.4293127,0.0,85.051,0.07159,0.061880004,0.072,0.066,120.8,CHEMICALS,Basic Materials,Chemicals,2026-05-11
INDOBORAX,8551985152.0,SMALL CAP,18.571428,2.3684466,0.0,0.009,0.19066,0.22453,0.094,0.021,266.5,CHEMICALS,Basic Materials,Chemicals,2026-05-11
INDOCO,20178667520.0,SMALL CAP,0.0,1.7718855,0.0,102.504,-0.00112,-0.06471,0.085,0.0,218.92,PHARMA,Healthcare,Drug Manufacturers - Specialty & Generic,2026-05-11
INDOFARM,6965079040.0,SMALL CAP,22.33436,1.2824142,0.0,33.236,0.09896,0.06763,0.101,0.149,144.95,CAPITAL GOODS,Industrials,Farm & Heavy Construction Machinery,2026-05-11
INDORAMA,10253913088.0,SMALL CAP,7.48,2.3021455,0.0,245.505,0.03688,0.02795,0.014,-0.358,39.27,FMCG,Consumer Cyclical,Textile Manufacturing,2026-05-11
INDOSTAR,34491703296.0,SMALL CAP,5.2410407,0.7993442,0.0,142.897,0.039690003,0.99669,0.582,-0.707,213.52,OTHERS,Financial Services,Credit Services,2026-05-11
INDOTECH,28992600064.0,SMALL CAP,32.303867,21.81208,0.0,3.617,0.1619,0.11987001,0.107,0.292,2730.0,CAPITAL GOODS,Industrials,Electrical Equipment & Parts,2026-05-11
INDOTHAI,36978057216.0,SMALL CAP,99.26117,16.00543,0.0,1.429,0.83115995,0.56959,4.17,14.0,288.85,OTHERS,Financial Services,Capital Markets,2026-05-11
INDOUS,2187472640.0,MICRO CAP,14.741891,2.5262256,0.0,31.895,0.1724,0.12594,-0.032,-0.409,109.09,OTHERS,Basic Materials,Agricultural Inputs,2026-05-11
INDOWIND,1674422528.0,MICRO CAP,115.55555,0.46628404,0.0,6.286,-0.20483999,0.05732,-0.252,16.212,10.4,IT,Utilities,Utilities - Renewable,2026-05-11
INDPRUD,0.0,UNKNOWN,0.0,1.3554261,0.0,0.0,0.85616,9.344911,-0.096,0.082,6780.0,OTHERS,,,2026-05-11
INDRAMEDCO,40051933184.0,SMALL CAP,21.899748,6.0782704,0.0,4.76,0.13643,0.12603,0.144,0.249,436.9,PHARMA,Healthcare,Medical Care Facilities,2026-05-11
INDSWFTLAB,12030336000.0,SMALL CAP,4.0179815,0.84662485,0.0,1.687,-0.03088,0.41859,16.411,1073.144,138.54,PHARMA,Healthcare,Drug Manufacturers - Specialty & Generic,2026-05-11
INDTERRAIN,1551941376.0,MICRO CAP,0.0,0.7970543,0.0,59.773,0.08432,-0.01716,0.047,0.0,30.63,FMCG,Consumer Cyclical,Apparel Retail,2026-05-11
INDUSINDBK,718569537536.0,LARGE CAP,80.8326,1.0925239,0.01362,0.0,0.17665,0.05158,2.727,0.0,922.3,BANKING,Financial Services,Banks - Regional,2026-05-11
INDUSTOWER,1082947010560.0,LARGE CAP,15.15873,2.7316027,0.19806999,53.289,0.32422,0.21989,0.048,0.008,410.65,TELECOM,Communication Services,Telecom Services,2026-05-11
INFOBEAN,16249432064.0,SMALL CAP,18.809202,4.437707,0.2324,3.547,0.15865,0.16874,0.374,1.05,167.59,IT,Technology,Software - Application,2026-05-11
INFOMEDIA,296145632.0,MICRO CAP,0.0,-0.4608295,0.0,0.0,0.86275,0.0,0.0,0.0,5.9,OTHERS,Financial Services,Shell Companies,2026-05-11
INFY,4763327922176.0,LARGE CAP,15.570844,5.154851,0.31439,9.827,0.20928,0.16434999,0.066,0.102,1177.0,IT,Technology,Information Technology Services,2026-05-11
INGERRAND,139909382144.0,MID CAP,54.114773,21.520308,0.0,1.509,0.24291,0.18294,0.182,-0.074,4432.0,CAPITAL GOODS,Industrials,Specialty Industrial Machinery,2026-05-11
INNOVACAP,48941621248.0,SMALL CAP,36.99178,4.7972827,0.0,32.951,0.12875,0.08845,0.423,0.235,855.25,PHARMA,Healthcare,Drug Manufacturers - Specialty & Generic,2026-05-11
INNOVANA,8056367104.0,SMALL CAP,17.292685,3.073643,0.0,18.74,0.2624,0.36895,0.206,-0.246,389.95,IT,Technology,Software - Application,2026-05-11
INNOVISION,7589297152.0,SMALL CAP,25.847528,5.8861556,0.0,110.069,0.0497,0.0373,0.021,0.845,318.7,CAPITAL GOODS,Industrials,Staffing & Employment Services,2026-05-11
INOXGREEN,75596931072.0,MID CAP,112.07738,3.5147092,0.0,4.695,0.14733,0.27431,0.338,3.998,188.29,IT,Utilities,Utilities - Renewable,2026-05-11
INOXINDIA,132360421376.0,MID CAP,53.437157,13.509408,0.0,10.139,0.19635999,0.16590999,0.285,0.041,1458.3,CAPITAL GOODS,Industrials,Specialty Industrial Machinery,2026-05-11
INOXWIND,172529991680.0,MID CAP,36.434307,1.9609115,0.0,15.713,0.18948,0.113350004,0.325,-0.18,99.83,CAPITAL GOODS,Industrials,Specialty Industrial Machinery,2026-05-11
INSECTICID,20900974592.0,SMALL CAP,14.731338,1.7374835,0.0,20.483,0.0467,0.0683,0.076,-0.396,718.3,OTHERS,Basic Materials,Agricultural Inputs,2026-05-11
INSPIRISYS,3648317696.0,MICRO CAP,9.755297,5.379717,0.0,128.048,0.057010002,0.09788,0.633,0.414,92.09,IT,Technology,Information Technology Services,2026-05-11
INTELLECT,105652248576.0,MID CAP,31.315895,3.320059,0.11411,4.961,0.14716,0.1137,0.167,-0.11,760.35,IT,Technology,Software - Application,2026-05-11
INTENTECH,2497494784.0,MICRO CAP,27.559278,1.7564061,0.0,0.137,0.054050002,0.071329996,0.001,-0.26,106.93,IT,Technology,Software - Infrastructure,2026-05-11
INTERARCH,35272884224.0,SMALL CAP,25.855669,4.406096,0.0,1.401,0.0889,0.0734,0.437,0.316,2103.1,CAPITAL GOODS,Industrials,Engineering & Construction,2026-05-11
INTLCONV,5357603840.0,SMALL CAP,6.885246,1.3599936,0.0,30.243,0.14062999,0.45353,0.355,0.481,84.0,CAPITAL GOODS,Industrials,Specialty Industrial Machinery,2026-05-11
INVENTURE,1050000000.0,MICRO CAP,16.666668,0.28579593,0.01402,13.28,0.00878,0.092259996,-0.523,0.0,1.0,OTHERS,Financial Services,Capital Markets,2026-05-11
INVPRECQ,0.0,UNKNOWN,0.0,6.7218084,0.0,78.843,0.12335,0.05499,0.196,6.541,644.85,OTHERS,,,2026-05-11
IOB,660308492288.0,LARGE CAP,12.2028475,1.931831,0.15654999,0.0,0.44187,0.37493,0.019,-0.871,34.29,BANKING,Financial Services,Banks - Regional,2026-05-11
IOC,1982198185984.0,LARGE CAP,5.407165,0.9802442,0.0,72.631,0.08914,0.04636,0.057,5.13,140.37,POWER,Energy,Oil & Gas Refining & Marketing,2026-05-11
IOLCP,31926986752.0,SMALL CAP,27.536707,1.8248775,0.0,9.078,0.06392,0.05203,0.109,0.0,108.77,PHARMA,Healthcare,Drug Manufacturers - Specialty & Generic,2026-05-11
IONEXCHANG,49682337792.0,SMALL CAP,26.346153,3.7065737,0.0,32.485,0.05539,0.06302,0.064,-0.582,404.15,CAPITAL GOODS,Industrials,Pollution & Treatment Controls,2026-05-11
IPCALAB,389435981824.0,LARGE CAP,42.793423,4.728897,0.0,14.425,0.17796,0.09571,0.066,0.236,1535.0,PHARMA,Healthcare,Drug Manufacturers - Specialty & Generic,2026-05-11
IPL,20626935808.0,SMALL CAP,18.833858,2.160138,0.0,4.981,0.14277,0.109519996,0.309,0.407,179.11,OTHERS,Basic Materials,Agricultural Inputs,2026-05-11
IRB,257382170624.0,LARGE CAP,33.825397,1.2804182,0.0,102.312,0.23608999,0.11568,-0.163,-0.965,21.31,CAPITAL GOODS,Industrials,Infrastructure Operations,2026-05-11
IRCON,143249948672.0,MID CAP,23.36043,2.2245753,0.0,79.151,0.054840002,0.066139996,-0.189,0.163,152.31,CAPITAL GOODS,Industrials,Engineering & Construction,2026-05-11
IRCTC,445440000000.0,LARGE CAP,31.29848,10.442806,0.0,1.836,0.31261998,0.28371,0.184,0.157,556.8,FMCG,Consumer Cyclical,Travel Services,2026-05-11
IREDA,367110324224.0,LARGE CAP,19.10526,2.7114282,0.0,554.116,0.87421995,0.45951,0.408,0.325,130.68,OTHERS,Financial Services,Credit Services,2026-05-11
IRFC,1347101655040.0,LARGE CAP,19.195532,2.3773062,0.12895,744.593,0.97516996,0.97318,0.106,0.104,103.08,OTHERS,Financial Services,Credit Services,2026-05-11
IRIS,5022560768.0,SMALL CAP,50.038933,2.6534317,0.0,1.086,0.12753001,0.92454004,0.084,0.446,244.19,IT,Technology,Software - Application,2026-05-11
IRISDOREME,6294620160.0,SMALL CAP,48.526318,5.2171454,0.0,20.588,0.0991,0.08347999,0.458,0.103,36.88,FMCG,Consumer Cyclical,Apparel Manufacturing,2026-05-11
IRMENERGY,12365121536.0,SMALL CAP,27.603117,1.2733614,0.0,8.415,0.07024,0.04251,0.057,0.382,301.15,IT,Utilities,Utilities - Regulated Gas,2026-05-11
ISFT,1323692672.0,MICRO CAP,10.593995,0.541791,0.0,4.664,0.02804,0.023629999,0.065,-0.036,81.15,FMCG,Consumer Cyclical,Internet Retail,2026-05-11
ISGEC,80433938432.0,MID CAP,24.228128,2.8835788,0.0,31.763,0.09538,0.03639,0.162,2.476,1093.9,CAPITAL GOODS,Industrials,Specialty Industrial Machinery,2026-05-11
ISHANCH,1747868672.0,MICRO CAP,0.0,0.9832587,0.0,62.878,-0.19035,-0.16657,-0.118,0.0,63.96,CHEMICALS,Basic Materials,Chemicals,2026-05-11
ITC,3832137908224.0,LARGE CAP,18.809963,5.393514,0.0,0.507,0.32182,0.43890998,0.067,0.0,305.85,FMCG,Consumer Defensive,Tobacco,2026-05-11
ITCHOTELS,331963924480.0,LARGE CAP,43.782963,2.9950008,0.0,0.724,0.29483998,0.19205,0.0,156.491,159.37,FMCG,Consumer Cyclical,Resorts & Casinos,2026-05-11
ITDC,50389524480.0,MID CAP,63.240044,14.885477,0.0,0.18,0.16799,0.14019,0.237,0.349,587.5,FMCG,Consumer Cyclical,Lodging,2026-05-11
ITI,282260045824.0,LARGE CAP,0.0,18.723255,0.0,87.135,0.02784,-0.056750003,-0.503,0.0,293.15,IT,Technology,Communication Equipment,2026-05-11
IVALUE,13406295040.0,SMALL CAP,14.275741,2.6555278,0.0,19.844,0.11938,0.08998,-0.096,-0.068,245.4,IT,Technology,Information Technology Services,2026-05-11
IVC,2462016768.0,MICRO CAP,12.852459,1.2002449,0.0,0.0,-0.14768,0.34537,-0.376,0.0,7.84,OTHERS,Financial Services,Financial Conglomerates,2026-05-11
IVP,1670376192.0,MICRO CAP,12.236006,1.1608263,0.0,69.423,0.04918,0.023559999,0.121,1.435,161.76,CHEMICALS,Basic Materials,Specialty Chemicals,2026-05-11
IWP,0.0,UNKNOWN,0.0,0.6066289,0.0,22.094,0.05835,0.02463,-0.031,-0.158,34.61,OTHERS,,,2026-05-11
IXIGO,71467737088.0,MID CAP,115.67377,9.454525,0.0,3.628,0.07081,0.04745,0.314,0.436,163.1,FMCG,Consumer Cyclical,Travel Services,2026-05-11
IZMO,10316696576.0,SMALL CAP,27.824858,2.707064,0.0,3.329,0.16092,0.1577,0.008,0.924,689.5,IT,Technology,Software - Application,2026-05-11
J&KBANK,150773907456.0,MID CAP,6.3921566,1.061165,0.15367,0.0,0.23302999,0.34678,0.0,0.0,136.92,BANKING,Financial Services,Banks - Regional,2026-05-11
JAGRAN,14571953152.0,SMALL CAP,8.867549,0.751091,0.0,9.556,0.10684,0.0871,-0.077,-0.135,66.95,OTHERS,Communication Services,Publishing,2026-05-11
JAGSNPHARM,14105264128.0,SMALL CAP,33.34762,5.332369,0.16695,2.956,0.13769001,0.14998999,0.096,0.238,210.09,PHARMA,Healthcare,Drug Manufacturers - Specialty & Generic,2026-05-11
JAIBALAJI,78617829376.0,MID CAP,42.66337,3.5416923,0.0,20.642,0.01721,0.0327,-0.106,-0.902,86.18,METALS,Basic Materials,Steel,2026-05-11
JAICORPLTD,20470902784.0,SMALL CAP,11.889908,1.4003242,0.0,0.063,0.18885,0.25906,-0.017,0.429,116.64,CHEMICALS,Basic Materials,Specialty Chemicals,2026-05-11
JAINREC,193041022976.0,MID CAP,55.60636,13.277004,0.0,94.847,0.07029,0.03806,0.558,1.232,559.4,OTHERS,Basic Materials,Other Industrial Metals & Mining,2026-05-11
JAIPURKURT,545294144.0,MICRO CAP,13.107883,0.90228784,0.0,44.319,0.04774,0.018760001,1.002,-0.684,31.59,FMCG,Consumer Cyclical,Apparel Manufacturing,2026-05-11
JAMNAAUTO,50065281024.0,MID CAP,25.873966,4.8058176,0.0,14.586,0.14442,0.080520004,0.187,0.327,125.23,AUTO,Consumer Cyclical,Auto Parts,2026-05-11
JARO,8949261312.0,SMALL CAP,17.967499,2.2684858,0.19894,2.159,0.33854,0.18566999,0.096,0.039,403.55,FMCG,Consumer Defensive,Education & Training Services,2026-05-11
JASH,26816256000.0,SMALL CAP,48.05776,6.116933,0.0,25.205,0.07403,0.07456,-0.112,-0.624,424.35,CAPITAL GOODS,Industrials,Specialty Industrial Machinery,2026-05-11
JAYAGROGN,6000300032.0,SMALL CAP,13.587635,1.0186298,0.0,30.871,0.02082,0.01847,0.013,-0.511,200.01,CHEMICALS,Basic Materials,Specialty Chemicals,2026-05-11
JAYBARMARU,9961164800.0,SMALL CAP,12.351678,1.6561977,0.0,102.277,0.07184,0.03366,0.093,3.722,92.02,AUTO,Consumer Cyclical,Auto Parts,2026-05-11
JAYKAY,22391134208.0,SMALL CAP,75.048035,2.1451397,0.0,0.0,0.11731,0.28791,0.126,-0.767,171.86,CAPITAL GOODS,Industrials,Specialty Business Services,2026-05-11
JAYNECOIND,107295309824.0,MID CAP,23.165619,4.169182,0.17754,74.729,0.15237,0.06494,0.178,0.877,110.5,METALS,Basic Materials,Steel,2026-05-11
JAYSREETEA,2717949184.0,MICRO CAP,6.614196,0.6335872,0.0,91.73,0.020669999,0.044320002,0.257,0.0,94.12,FMCG,Consumer Defensive,Farm Products,2026-05-11
JBCHEPHARM,354706292736.0,LARGE CAP,46.499683,9.07735,0.0,1.075,0.23524,0.17977,0.105,0.216,2209.2,PHARMA,Healthcare,Drug Manufacturers - Specialty & Generic,2026-05-11
JBMA,161206321152.0,MID CAP,209.73846,11.350051,0.0,218.256,0.08099,0.03583,0.156,0.047,681.65,AUTO,Consumer Cyclical,Auto Parts,2026-05-11
JETFREIGHT,890024576.0,MICRO CAP,22.564705,1.3127995,0.0,95.805,0.03131,0.009430001,0.198,-0.395,19.18,CAPITAL GOODS,Industrials,Integrated Freight & Logistics,2026-05-11
JGCHEM,15964402688.0,SMALL CAP,25.257286,3.2393236,0.0,1.013,0.086339995,0.06917,0.188,0.039,407.4,OTHERS,Basic Materials,Other Industrial Metals & Mining,2026-05-11
JHS,774415104.0,MICRO CAP,0.0,0.50438344,0.0,6.097,0.01496,-0.0555,0.04,0.0,8.86,FMCG,Consumer Defensive,Household & Personal Products,2026-05-11
JINDALPHOT,11303527424.0,SMALL CAP,93.58056,1.1629249,0.0,0.0,0.26667,0.0,-0.964,-0.995,1097.7,OTHERS,Financial Services,Asset Management,2026-05-11
JINDALPOLY,31210954752.0,SMALL CAP,0.0,0.7646657,0.0,84.483,-0.33227003,-0.06955,-0.729,0.0,712.8,FMCG,Consumer Cyclical,Packaging & Containers,2026-05-11
JINDALSAW,151804837888.0,MID CAP,15.642575,1.2574869,0.07964,38.19,0.0678,0.054390002,-0.082,-0.522,238.08,METALS,Basic Materials,Steel,2026-05-11
JINDALSTEL,1253545345024.0,LARGE CAP,37.243046,2.523375,0.067719996,43.613,0.12809,0.06327,0.23,0.0,1232.0,METALS,Basic Materials,Steel,2026-05-11
JINDRILL,15371578368.0,SMALL CAP,6.49125,0.8566778,0.0,6.544,0.14033,0.24198,0.009,0.0,530.4,POWER,Energy,Oil & Gas Equipment & Services,2026-05-11
JINDWORLD,29887563776.0,SMALL CAP,45.166664,3.6111445,0.0,71.079,0.04512,0.029189998,-0.148,-0.239,29.81,FMCG,Consumer Cyclical,Textile Manufacturing,2026-05-11
JIOFIN,1586933006336.0,LARGE CAP,99.30991,1.136656,0.012130001,16.286,0.43075,0.57768,0.394,-0.14,240.33,OTHERS,Financial Services,Asset Management,2026-05-11
JISLDVREQS,16973427712.0,SMALL CAP,96.416664,0.28919938,0.0,68.821,0.06353,0.0025799999,0.174,0.0,23.14,CAPITAL GOODS,Industrials,Conglomerates,2026-05-11
JISLJALEQS,24748638208.0,SMALL CAP,140.58334,0.42167622,0.0,68.821,0.06353,0.0025799999,0.174,0.0,33.74,CAPITAL GOODS,Industrials,Conglomerates,2026-05-11
JITFINFRA,8122371072.0,SMALL CAP,0.0,-1.5047332,0.0,0.0,0.15674,-0.02219,0.546,0.0,316.0,CAPITAL GOODS,Industrials,Engineering & Construction,2026-05-11
JKCEMENT,422270959616.0,LARGE CAP,41.388973,6.5138154,0.0,99.562,0.110530004,0.07602,0.182,-0.079,5465.0,OTHERS,Basic Materials,Building Materials,2026-05-11
JKIL,38536441856.0,SMALL CAP,9.86442,1.2164829,0.0,24.572,0.11234,0.06829,-0.122,-0.161,509.3,CAPITAL GOODS,Industrials,Engineering & Construction,2026-05-11
JKIPL,3356471808.0,MICRO CAP,0.0,1.3530577,0.0,35.053,-0.20323999,0.0133299995,-0.76,0.0,87.44,CAPITAL GOODS,Industrials,Farm & Heavy Construction Machinery,2026-05-11
JKLAKSHMI,84809269248.0,MID CAP,18.295395,2.2903821,0.0,72.145,0.0756,0.0686,0.061,-0.093,683.15,OTHERS,Basic Materials,Building Materials,2026-05-11
JKPAPER,70977232896.0,MID CAP,27.920828,1.210372,0.0,37.239,0.045479998,0.03822,0.08,-0.583,391.45,OTHERS,Basic Materials,Paper & Paper Products,2026-05-11
JKTYRE,114032910336.0,MID CAP,16.053165,2.0683649,0.0,89.667,0.10689,0.04303,0.15,2.878,395.55,AUTO,Consumer Cyclical,Auto Parts,2026-05-11
JLHL,82626297856.0,MID CAP,43.66597,5.6930146,0.0,27.808,0.16894,0.13445,0.139,-0.19,1260.2,PHARMA,Healthcare,Medical Care Facilities,2026-05-11
JMA,2083104000.0,MICRO CAP,6.945925,0.8110126,0.0,0.0,0.05862,0.04933,0.195,0.311,91.2,AUTO,Consumer Cyclical,Auto Parts,2026-05-11
JMFINANCIL,134794772480.0,MID CAP,11.00156,1.3108547,0.0,104.102,0.4678,0.35617,0.314,0.5,140.93,OTHERS,Financial Services,Capital Markets,2026-05-11
JNKINDIA,20719734784.0,SMALL CAP,45.158535,3.7916486,0.0,4.714,0.11675999,0.06815,1.167,5.373,370.3,CAPITAL GOODS,Industrials,Specialty Industrial Machinery,2026-05-11
JOCIL,1221335808.0,MICRO CAP,19.901592,0.58250207,0.0,2.606,0.00769,0.00641,0.194,0.0,137.52,CHEMICALS,Basic Materials,Specialty Chemicals,2026-05-11
JPOLYINVST,11592555520.0,SMALL CAP,1.304024,0.7082688,0.0,1.433,0.9999,0.89158,122.309,19.995,1102.8,OTHERS,Financial Services,Asset Management,2026-05-11
JPPOWER,126309253120.0,MID CAP,37.612244,1.8779294,0.03603,26.634,0.0032499998,0.081,0.034,0.0,18.43,IT,Utilities,Utilities - Independent Power Producers,2026-05-11
JSFB,47933206528.0,SMALL CAP,14.728156,1.0725548,0.076009996,0.0,0.17341,0.1176,0.176,0.133,455.1,BANKING,Financial Services,Banks - Regional,2026-05-11
JSL,610794012672.0,LARGE CAP,19.145144,13.570212,0.17407,37.523,0.10383,0.07434,0.112,0.425,741.3,METALS,Basic Materials,Steel,2026-05-11
JSLL,96171474944.0,MID CAP,45.351704,27.17884,0.0,30.042,0.40358,0.29354998,0.916,4.047,773.7,PHARMA,Healthcare,Medical Care Facilities,2026-05-11
JSWCEMENT,167737327616.0,MID CAP,0.0,2.5151844,0.0,75.362,0.12573,-0.17023,0.132,0.0,125.06,OTHERS,Basic Materials,Building Materials,2026-05-11
JSWDULUX,138679353344.0,MID CAP,7.08631,10.4254465,0.0,0.0,0.0,0.0,0.0,0.0,3045.2,OTHERS,,,2026-05-11
JSWENERGY,977547886592.0,LARGE CAP,42.753456,3.3338726,0.0,218.668,0.2942,0.12937,0.674,1.51,556.65,IT,Utilities,Utilities - Independent Power Producers,2026-05-11
JSWHL,139107827712.0,MID CAP,97.510506,0.44426835,0.0,0.0,0.89515996,0.76741,-0.419,-0.51,12534.0,CAPITAL GOODS,Industrials,Conglomerates,2026-05-11
JSWINFRA,598926295040.0,LARGE CAP,39.41701,5.8463883,0.13948,59.002,0.40138,0.28412,0.179,-0.181,287.35,CAPITAL GOODS,Industrials,Marine Shipping,2026-05-11
JSWSTEEL,3081543614464.0,LARGE CAP,41.519238,3.7100704,0.0,118.74,0.08989,0.041589998,0.111,1.986,1262.6,METALS,Basic Materials,Steel,2026-05-11
JTEKTINDIA,39340429312.0,SMALL CAP,51.014393,3.4580123,0.0,23.209,0.03877,0.02922,0.149,0.141,141.82,AUTO,Consumer Cyclical,Auto Parts,2026-05-11
JTLIND,31941814272.0,SMALL CAP,40.02956,2.479707,0.0,13.09,0.069,0.04226,0.042,0.196,81.26,METALS,Basic Materials,Steel,2026-05-11
JUBLCPL,27829067776.0,SMALL CAP,22.98048,6.671001,0.0,9.982,0.07672,0.0687,0.135,0.022,1836.6,CHEMICALS,Basic Materials,Specialty Chemicals,2026-05-11
JUBLFOOD,302861615104.0,LARGE CAP,95.34161,13.371857,0.0,2.655,0.080299996,0.0434,0.203,0.0,460.5,FMCG,Consumer Cyclical,Restaurants,2026-05-11
JUBLINGREA,116781219840.0,MID CAP,44.126934,3.8445563,0.0,26.51,0.07756,0.062319998,-0.005,-0.323,740.45,CHEMICALS,Basic Materials,Specialty Chemicals,2026-05-11
JUBLPHARMA,158014963712.0,MID CAP,36.65136,2.3989296,0.0,43.867,0.07953,0.054640003,0.165,-0.447,997.65,PHARMA,Healthcare,Drug Manufacturers - Specialty & Generic,2026-05-11
JUNIPER,46396198912.0,SMALL CAP,31.68997,1.6762327,0.0,50.239,0.33665,0.14279,0.169,1.014,208.52,FMCG,Consumer Cyclical,Lodging,2026-05-11
JUSTDIAL,45739368448.0,SMALL CAP,9.201026,0.895666,0.102340005,1.655,0.25351998,0.40945,0.062,-0.365,537.8,OTHERS,Communication Services,Internet Content & Information,2026-05-11
JWL,124044255232.0,MID CAP,50.043102,4.4019294,0.0,26.721,0.11151,0.07721,-0.135,-0.419,290.25,CAPITAL GOODS,Industrials,Railroads,2026-05-11
JYOTHYLAB,87103275008.0,MID CAP,25.47798,6.0572014,0.0,3.737,0.12869,0.11721,0.05,-0.071,237.2,FMCG,Consumer Defensive,Household & Personal Products,2026-05-11
JYOTICNC,169782722560.0,MID CAP,47.97879,9.272646,0.0,39.56,0.24542,0.17124,0.281,0.102,746.55,CAPITAL GOODS,Industrials,Specialty Industrial Machinery,2026-05-11
JYOTISTRUC,15732438016.0,SMALL CAP,28.042555,3.3098946,0.108059995,439.045,0.08498,0.07254,0.462,0.153,13.18,CAPITAL GOODS,Industrials,Specialty Industrial Machinery,2026-05-11
KABRAEXTRU,8337523712.0,SMALL CAP,20.658579,1.8031645,0.0,32.04,-0.06001,-0.0030500002,-0.089,0.0,238.4,CAPITAL GOODS,Industrials,Specialty Industrial Machinery,2026-05-11
KAJARIACER,174482784256.0,MID CAP,42.960785,5.9543543,0.0,9.676,0.13668999,0.07955,0.004,0.127,1095.5,CAPITAL GOODS,Industrials,Building Products & Equipment,2026-05-11
KAKATCEM,1014799360.0,MICRO CAP,0.0,0.5286925,0.0,4.858,-0.50523996,-0.32766998,-0.245,0.0,130.54,OTHERS,Basic Materials,Building Materials,2026-05-11
KALAMANDIR,17119119360.0,SMALL CAP,14.048367,1.4415643,0.0,25.323,0.13235,0.07456,-0.083,-0.17,116.18,FMCG,Consumer Cyclical,Apparel Retail,2026-05-11
KALPATARU,78803288064.0,MID CAP,0.0,2.0131829,0.0,226.029,-0.11132,-0.03964,-0.141,0.0,382.7,REALTY,Real Estate,Real Estate - Development,2026-05-11
KALYANI,138090000.0,MICRO CAP,5.9215264,0.0,0.0,0.0,0.0,0.0,0.0,0.0,138.09,AUTO,Consumer Cyclical,Auto & Truck Dealerships,2026-05-11
KALYANIFRG,2313404416.0,MICRO CAP,40.788967,2.5141642,0.0,98.678,0.10892,0.02394,-0.013,0.0,635.9,AUTO,Consumer Cyclical,Auto Parts,2026-05-11
KALYANKJIL,397811548160.0,LARGE CAP,35.178085,7.4551477,0.24305001,96.966,0.060599998,0.03778,0.669,1.17,385.2,FMCG,Consumer Cyclical,Luxury Goods,2026-05-11
KAMAHOLD,0.0,UNKNOWN,0.0,1.1378825,0.0,32.298,0.16184,0.05801,0.064,0.591,2706.2,OTHERS,,,2026-05-11
KAMATHOTEL,5160781312.0,SMALL CAP,16.561968,2.5388308,0.0,87.461,0.26879,0.07851,0.062,-0.272,175.06,FMCG,Consumer Cyclical,Lodging,2026-05-11
KAMDHENU,7520638976.0,SMALL CAP,9.597122,2.0444443,0.0,0.156,0.11788,0.103520006,-0.035,0.644,26.68,METALS,Basic Materials,Steel,2026-05-11
KAMOPAINTS,1786469888.0,MICRO CAP,5.484848,1.0183796,0.0,19.23,0.040009998,0.018819999,-0.146,-0.5,5.43,METALS,Basic Materials,Steel,2026-05-11
KANANIIND,318567488.0,MICRO CAP,17.888887,0.466802,0.0,0.485,0.00302,0.00918,0.364,-0.5,1.61,FMCG,Consumer Cyclical,Luxury Goods,2026-05-11
KANCHI,0.0,UNKNOWN,0.0,0.819505,0.0,6.456,-0.00601,0.03635,-0.046,-0.268,401.85,OTHERS,,,2026-05-11
KANORICHEM,4182762752.0,MICRO CAP,0.0,0.7873828,0.0,61.61,0.04138,0.03154,-0.235,0.0,95.73,CHEMICALS,Basic Materials,Chemicals,2026-05-11
KANPRPLA,5250564096.0,SMALL CAP,17.534883,1.9614633,0.17197001,41.789,0.1223,0.054,0.006,3.662,218.66,FMCG,Consumer Cyclical,Packaging & Containers,2026-05-11
KANSAINER,175753789440.0,MID CAP,29.89546,2.7128842,0.0,4.284,0.090679996,0.074,0.031,-0.822,217.34,CHEMICALS,Basic Materials,Specialty Chemicals,2026-05-11
KAPSTON,10319553536.0,SMALL CAP,38.665905,10.131461,0.0,172.342,0.04796,0.03336,0.165,0.641,339.1,CAPITAL GOODS,Industrials,Specialty Business Services,2026-05-11
KARMAENG,580578496.0,MICRO CAP,26.550264,1.3881819,0.0,4.177,-2.03982,0.22162001,0.268,0.0,50.18,IT,Utilities,Utilities - Renewable,2026-05-11
KARURVYSYA,286892490752.0,LARGE CAP,11.432974,2.241167,0.0,0.0,0.54798,0.38388002,0.175,0.391,296.8,BANKING,Financial Services,Banks - Regional,2026-05-11
KAUSHALYA,318237888.0,MICRO CAP,0.0,0.4120006,0.0,0.0,-24.95868,3.2303,-0.93,0.0,918.95,CAPITAL GOODS,Industrials,Engineering & Construction,2026-05-11
KAVDEFENCE,3963391232.0,MICRO CAP,134.53061,1.527694,0.0,6.754,-1.57367,0.32772,-0.928,0.0,65.92,IT,Technology,Communication Equipment,2026-05-11
KAYA,3835630592.0,MICRO CAP,0.0,-3.889094,0.0,0.0,-0.38329,-0.34075,0.033,0.0,252.55,FMCG,Consumer Defensive,Household & Personal Products,2026-05-11
KAYNES,292559323136.0,LARGE CAP,73.90855,6.0996847,0.0,18.899,0.12302,0.115389995,0.216,0.089,4364.3,IT,Technology,Electronic Components,2026-05-11
KCP,21721927680.0,SMALL CAP,14.500001,1.3255552,0.0,39.481,0.020350002,0.0592,0.023,-0.032,168.49,OTHERS,Basic Materials,Building Materials,2026-05-11
KCPSUGIND,3013631232.0,MICRO CAP,73.25,0.5909244,0.0,13.03,0.02173,0.01599,-0.232,0.0,26.37,FMCG,Consumer Defensive,Confectioners,2026-05-11
KDDL,29066889216.0,SMALL CAP,34.985935,2.7780292,0.0,25.144,0.083050005,0.0416,0.264,-0.284,2363.3,FMCG,Consumer Cyclical,Luxury Goods,2026-05-11
KEC,154928398336.0,MID CAP,22.419107,2.7449594,0.0,94.066,0.063260004,0.02839,0.122,-0.016,582.0,CAPITAL GOODS,Industrials,Engineering & Construction,2026-05-11
KECL,8135724032.0,SMALL CAP,76.5625,6.5124936,0.0,83.428,0.121709995,0.01918,0.264,5.889,122.5,CAPITAL GOODS,Industrials,Specialty Industrial Machinery,2026-05-11
KEEPLEARN,314538400.0,MICRO CAP,0.0,4.519016,0.0,31.672,-0.3218,-0.02543,-0.311,0.0,2.02,FMCG,Consumer Defensive,Education & Training Services,2026-05-11
KEI,489475014656.0,LARGE CAP,53.40565,7.343913,0.14753,3.796,0.10158,0.07818,0.187,0.255,5120.0,CAPITAL GOODS,Industrials,Electrical Equipment & Parts,2026-05-11
KELLTONTEC,8353681408.0,SMALL CAP,9.086705,1.2275497,0.0,21.666,0.113620006,0.076799996,0.104,0.106,15.72,IT,Technology,Software - Application,2026-05-11
KENNAMET,68317159424.0,MID CAP,61.33386,8.516233,0.14094,0.262,0.098500006,0.08971,0.164,0.102,3108.4,CAPITAL GOODS,Industrials,Tools & Accessories,2026-05-11
KERNEX,25297725440.0,SMALL CAP,48.0102,14.721526,0.0,51.362,0.20544,0.20357001,0.972,-0.159,1505.6,IT,Technology,Software - Application,2026-05-11
KESORAMIND,3864655616.0,MICRO CAP,0.0,1.1201153,0.0,57.599,-0.32644,22.74127,-0.011,0.0,12.44,OTHERS,Basic Materials,Building Materials,2026-05-11
KEYFINSERV,1608479872.0,MICRO CAP,19.034914,1.0779907,0.0,0.964,0.6646,0.3032,0.831,-0.203,288.95,OTHERS,Financial Services,Capital Markets,2026-05-11
KFINTECH,153704939520.0,MID CAP,44.384655,9.192887,0.22312,3.314,0.29232,0.26409,0.277,-0.05,890.8,IT,Technology,Software - Application,2026-05-11
KHADIM,1959319296.0,MICRO CAP,25.20331,1.1816015,0.0,154.065,0.05007,0.00866,-0.462,0.0,106.61,FMCG,Consumer Cyclical,Footwear & Accessories,2026-05-11
KHAICHEM,5617614336.0,SMALL CAP,8.169252,2.1188953,0.0,106.925,0.11059,0.07424,0.337,0.636,57.92,OTHERS,Basic Materials,Agricultural Inputs,2026-05-11
KHAITANLTD,691581248.0,MICRO CAP,9.959509,2.2201447,0.0,38.132,0.059759997,0.06442,0.49,0.602,137.74,CAPITAL GOODS,Industrials,Industrial Distribution,2026-05-11
KHANDSE,265873824.0,MICRO CAP,0.0,0.9280656,0.0,10.031,-0.29595,-0.90413004,-0.455,0.0,17.43,OTHERS,Financial Services,Capital Markets,2026-05-11
KICL,21830457344.0,SMALL CAP,50.642025,0.24303824,0.0,0.0,0.64038,0.55522996,0.163,-0.471,5000.9,OTHERS,Financial Services,Asset Management,2026-05-11
KILITCH,5520081408.0,SMALL CAP,20.13903,1.9587142,0.0,31.651,0.096920006,0.12762,-0.042,-0.326,157.89,PHARMA,Healthcare,Drug Manufacturers - Specialty & Generic,2026-05-11
KIMS,311248060416.0,LARGE CAP,103.300125,13.7090225,0.0,123.719,0.12048,0.08291,0.292,-0.401,777.85,PHARMA,Healthcare,Medical Care Facilities,2026-05-11
KINGFA,71976804352.0,MID CAP,41.521263,5.559853,0.0,1.438,0.13354,0.089049995,0.111,0.166,5311.4,CHEMICALS,Basic Materials,Specialty Chemicals,2026-05-11
KIOCL,240517496832.0,LARGE CAP,0.0,14.501649,0.0,11.138,0.0064499998,-0.115200005,-0.116,0.0,395.75,METALS,Basic Materials,Steel,2026-05-11
KIRANVYPAR,0.0,UNKNOWN,0.0,0.25225547,0.0,15.535,0.41247,0.01165,0.128,0.0,197.82,OTHERS,,,2026-05-11
KIRIINDUS,26800340992.0,SMALL CAP,0.5093699,0.7046501,0.0,37.3,-0.34857,6.25453,-0.028,29.226,411.25,CHEMICALS,Basic Materials,Specialty Chemicals,2026-05-11
KIRLFER,72959991808.0,MID CAP,20.44614,10.2174015,0.0,12.218,0.04536,0.04804,0.299,0.44,442.25,CAPITAL GOODS,Industrials,Metal Fabrication,2026-05-11
KIRLOSBROS,132446150656.0,MID CAP,33.185436,6.000547,0.0,9.871,0.10446,0.09062,-0.024,0.06,1667.9,CAPITAL GOODS,Industrials,Specialty Industrial Machinery,2026-05-11
KIRLOSENG,241310318592.0,LARGE CAP,44.45635,7.1507955,0.0,165.651,0.15393,0.07435,0.288,0.562,1660.0,CAPITAL GOODS,Industrials,Specialty Industrial Machinery,2026-05-11
KIRLOSIND,35227697152.0,SMALL CAP,21.699617,0.5111809,0.0,14.61,0.07599,0.023610001,0.006,-0.144,3347.6,CAPITAL GOODS,Industrials,Metal Fabrication,2026-05-11
KIRLPNU,98872860672.0,MID CAP,38.71058,8.614279,0.21473,0.262,0.24951,0.14333001,0.203,0.797,1522.1,CAPITAL GOODS,Industrials,Specialty Industrial Machinery,2026-05-11
KISSHT,35465674752.0,SMALL CAP,22.088142,0.0,0.17743,0.0,0.16295,0.12166,0.0,0.0,210.5,OTHERS,Financial Services,Credit Services,2026-05-11
KITEX,33350414336.0,SMALL CAP,0.0,3.107249,0.0,97.59,-0.02585,0.05939,-0.369,0.0,167.17,FMCG,Consumer Cyclical,Apparel Manufacturing,2026-05-11
KKCL,29210337280.0,SMALL CAP,20.964174,3.1824257,0.14339,0.0,0.09177,0.1185,0.0,0.0,474.0,FMCG,Consumer Cyclical,Apparel Manufacturing,2026-05-11
KLBRENG-B,0.0,UNKNOWN,0.0,4.4432635,0.0,18.541,0.21106,0.16195999,0.448,0.338,505.95,OTHERS,,,2026-05-11
KMEW,53713481728.0,MID CAP,78.25498,19.79586,0.0,60.049,0.38531,0.27968,0.563,0.804,2197.4,CAPITAL GOODS,Industrials,Marine Shipping,2026-05-11
KMSUGAR,2727804928.0,MICRO CAP,4.9416666,0.75099415,0.0,18.481,0.10232,0.07829,0.02,0.635,29.65,FMCG,Consumer Defensive,Confectioners,2026-05-11
KNAGRI,4736293888.0,MICRO CAP,12.905994,1.2977868,0.0,13.118,0.01812,0.01908,0.079,-0.263,189.46,FMCG,Consumer Defensive,Farm Products,2026-05-11
KNRCON,36732051456.0,SMALL CAP,7.8209577,0.7715619,0.0,48.727,0.20412001,0.15491,-0.124,-0.586,130.61,CAPITAL GOODS,Industrials,Engineering & Construction,2026-05-11
KOHINOOR,954591872.0,MICRO CAP,0.25902826,-0.56899786,0.0,0.0,-0.04938,2.64271,1.837,0.0,25.75,FMCG,Consumer Defensive,Packaged Foods,2026-05-11
KOKUYOCMLN,9679316992.0,SMALL CAP,36.83206,3.0255525,0.0,3.638,0.03466,0.01353,0.108,0.0,96.5,CAPITAL GOODS,Industrials,Business Equipment & Supplies,2026-05-11
KOLTEPATIL,32988995584.0,SMALL CAP,63.589745,2.6989574,0.0,86.31,0.01549,0.035150003,-0.241,-0.847,372.0,REALTY,Real Estate,Real Estate - Development,2026-05-11
KOPRAN,7647474176.0,SMALL CAP,46.30994,1.5225625,0.0,31.299,0.081420004,0.026689999,0.169,-0.102,158.38,PHARMA,Healthcare,Drug Manufacturers - General,2026-05-11
KOTAKBANK,3790100496384.0,LARGE CAP,19.662024,2.0922673,0.11389,0.0,0.35119998,0.26049,-0.11,0.098,381.05,BANKING,Financial Services,Banks - Regional,2026-05-11
KOTARISUG,2277778176.0,MICRO CAP,42.9375,0.80636173,0.0,17.173,-0.13781,0.07606,-0.153,1.215,27.48,FMCG,Consumer Defensive,Confectioners,2026-05-11
KOTHARIPET,8659836928.0,SMALL CAP,12.042553,2.5776844,0.21371001,0.601,0.15609999,0.12072,0.016,0.032,147.16,CHEMICALS,Basic Materials,Specialty Chemicals,2026-05-11
KOTHARIPRO,4446138880.0,MICRO CAP,3.0416496,0.39452147,0.0,21.976,-0.083629996,0.045689996,-0.269,-0.059,74.49,CAPITAL GOODS,Industrials,Conglomerates,2026-05-11
KOTIC,0.0,UNKNOWN,0.0,7.1258216,0.0,4.325,0.08316,-0.2374,1.019,0.0,179.87,OTHERS,,,2026-05-11
KOTYARK,4218035200.0,MICRO CAP,22.472618,2.8284981,0.118999995,35.581,0.2502,0.05962,0.394,0.0,410.35,CHEMICALS,Basic Materials,Specialty Chemicals,2026-05-11
KOVAI,61314965504.0,MID CAP,25.986643,5.1518435,0.0,33.513,0.21708,0.15422,0.146,0.125,5603.5,PHARMA,Healthcare,Medical Care Facilities,2026-05-11
KPEL,25591785472.0,SMALL CAP,17.14674,6.7285132,0.0,121.934,0.19125,0.11728,0.629,0.556,378.6,CAPITAL GOODS,Industrials,Engineering & Construction,2026-05-11
KPIGREEN,89898721280.0,MID CAP,18.941788,2.9639482,0.17253,158.765,0.32909,0.17367001,0.423,0.472,455.55,IT,Utilities,Utilities - Renewable,2026-05-11
KPIL,215532027904.0,LARGE CAP,25.830944,3.0950816,0.0,69.688,0.05785,0.03145,0.163,0.028,1262.1,CAPITAL GOODS,Industrials,Engineering & Construction,2026-05-11
KPITTECH,199665074176.0,MID CAP,31.532675,6.109945,0.1973,23.624,0.14637,0.097440004,0.127,-0.335,733.45,IT,Technology,Software - Infrastructure,2026-05-11
KPL,0.0,UNKNOWN,0.0,6.102976,0.0,38.288,0.20785,0.12246,0.462,0.879,1705.8,OTHERS,,,2026-05-11
KPRMILL,321149140992.0,LARGE CAP,38.021088,5.992126,0.0,6.46,0.16375999,0.12719,-0.04,0.03,937.6,FMCG,Consumer Cyclical,Textile Manufacturing,2026-05-11
KRBL,82663579648.0,MID CAP,12.784071,1.5076499,0.0,1.295,0.13915,0.10755,-0.122,0.283,361.15,FMCG,Consumer Defensive,Packaged Foods,2026-05-11
KREBSBIO,1293635200.0,MICRO CAP,0.0,-0.8043974,0.0,0.0,-0.18332,-0.99300003,-0.366,0.0,60.0,PHARMA,Healthcare,Drug Manufacturers - Specialty & Generic,2026-05-11
KRIDHANINF,314670304.0,MICRO CAP,4.647059,-0.09682263,0.0,0.0,-0.26977,1.15159,0.0,0.0,3.16,METALS,Basic Materials,Steel,2026-05-11
KRISHANA,42076774400.0,SMALL CAP,23.354496,7.504052,0.38145,130.807,0.10695,0.074499995,0.598,1.531,680.55,OTHERS,Basic Materials,Agricultural Inputs,2026-05-11
KRISHIVAL,9419681792.0,SMALL CAP,42.88798,5.5061197,0.0,18.157,0.12738,0.07621,0.36,5.159,367.55,FMCG,Consumer Defensive,Packaged Foods,2026-05-11
KRISHNADEF,18011017216.0,SMALL CAP,62.40136,10.930981,0.0,0.451,0.2511,0.15493,0.234,1.598,1281.1,CAPITAL GOODS,Industrials,Specialty Industrial Machinery,2026-05-11
KRITI,4557677056.0,MICRO CAP,0.0,2.0855033,0.0,46.083,0.00887,-0.01122,-0.353,0.0,86.49,CAPITAL GOODS,Industrials,Building Products & Equipment,2026-05-11
KRITIKA,1682889600.0,MICRO CAP,21.793104,1.8533725,0.0,39.762,0.01117,0.00958,-0.099,-0.25,6.32,METALS,Basic Materials,Steel,2026-05-11
KRITINUT,4643594240.0,MICRO CAP,14.302469,2.025704,0.0,2.584,0.04487,0.0375,0.297,0.109,92.68,FMCG,Consumer Defensive,Packaged Foods,2026-05-11
KRN,79927173120.0,MID CAP,117.75641,15.121297,0.0,5.766,0.16521999,0.12312,0.375,0.722,1285.9,IT,Technology,Electronic Components,2026-05-11
KRONOX,5174523904.0,SMALL CAP,19.80966,5.0448565,0.0,2.578,0.29692,0.25659,0.053,0.011,139.46,CHEMICALS,Basic Materials,Specialty Chemicals,2026-05-11
KROSS,14497202176.0,SMALL CAP,39.219894,3.2069008,0.0,13.24,0.11897001,0.078889996,0.183,-0.332,224.73,AUTO,Consumer Cyclical,Auto Parts,2026-05-11
KRSNAA,19168012288.0,SMALL CAP,24.15781,2.077262,0.0,30.959,0.13126999,0.10491,0.038,-0.207,590.9,PHARMA,Healthcare,Diagnostics & Research,2026-05-11
KRYSTAL,8238561792.0,SMALL CAP,18.802616,1.2434707,0.0,21.908,0.05716,0.03294,0.107,0.05,589.65,CAPITAL GOODS,Industrials,Specialty Business Services,2026-05-11
KSB,153937690624.0,MID CAP,59.642616,9.179501,0.0,0.31,0.060370002,0.09575,0.01,-0.232,884.5,CAPITAL GOODS,Industrials,Specialty Industrial Machinery,2026-05-11
KSCL,50134892544.0,MID CAP,16.6596,2.7950091,0.0,0.0,0.02805,0.21824,0.208,-0.071,982.25,OTHERS,Basic Materials,Agricultural Inputs,2026-05-11
KSHINTL,43234906112.0,SMALL CAP,46.005768,10.340971,0.0,139.569,0.05178,0.036229998,0.585,-0.119,638.1,CAPITAL GOODS,Industrials,Electrical Equipment & Parts,2026-05-11
KSHITIJPOL,388042112.0,MICRO CAP,17.44,0.86800724,0.0,18.781,0.01428,-0.107250005,-0.007,0.0,4.36,CAPITAL GOODS,Industrials,Business Equipment & Supplies,2026-05-11
KSL,35260760064.0,SMALL CAP,13.246146,1.8642076,0.0,0.0,0.13818,0.08605,-0.102,-0.102,807.75,METALS,Basic Materials,Steel,2026-05-11
KSOLVES,6883660288.0,SMALL CAP,22.548563,20.690147,1.36942,19.398,0.27325,0.21104999,0.291,0.658,290.2,IT,Technology,Software - Application,2026-05-11
KSR,682756928.0,MICRO CAP,0.0,0.921082,0.0,43.606,-0.06524,0.0,-0.096,0.0,37.15,FMCG,Consumer Cyclical,Footwear & Accessories,2026-05-11
KTKBANK,95150481408.0,MID CAP,8.249181,0.755912,0.0,0.0,0.35712,0.27296,-0.008,0.025,251.6,BANKING,Financial Services,Banks - Regional,2026-05-11
KUANTUM,6872011264.0,SMALL CAP,12.804878,0.57163805,0.0,56.267,0.07814,0.05025,0.072,-0.533,78.75,OTHERS,Basic Materials,Paper & Paper Products,2026-05-11
KWIL,67550748672.0,MID CAP,0.0,47.836937,0.0,0.0,-0.45808998,0.0,0.0,0.0,28.75,FMCG,Consumer Defensive,Packaged Foods,2026-05-11
LAGNAM,1480132096.0,MICRO CAP,10.141645,1.2298319,0.0,289.472,0.08217,0.02479,0.03,0.571,83.77,FMCG,Consumer Cyclical,Textile Manufacturing,2026-05-11
LAHOTIOV,0.0,UNKNOWN,0.0,0.64557934,0.0,11.969,0.03894,0.04111,-0.175,-0.057,46.33,OTHERS,,,2026-05-11
LAKPRE,134369360.0,MICRO CAP,0.0,0.2504768,-0.86243,0.0,0.08817001,-0.15453,0.209,-0.099,5.91,CAPITAL GOODS,Industrials,Tools & Accessories,2026-05-11
LAL,1216065280.0,MICRO CAP,0.0,2.492918,0.0,26.272,0.06452,-0.050679997,-0.026,0.0,7.04,FMCG,Consumer Cyclical,Apparel Manufacturing,2026-05-11
LALPATHLAB,275914096640.0,LARGE CAP,52.159092,11.547655,0.21475,7.831,0.20236,0.18270999,0.166,-0.154,1652.4,PHARMA,Healthcare,Diagnostics & Research,2026-05-11
LAMBODHARA,1125035648.0,MICRO CAP,13.898718,0.9179432,0.0,32.269,0.04858,0.03439,-0.029,0.589,108.41,FMCG,Consumer Cyclical,Textile Manufacturing,2026-05-11
LANCORHOL,1779188096.0,MICRO CAP,0.0,0.9143484,0.0,64.345,0.13773,-0.0156,-0.162,0.0,24.19,REALTY,Real Estate,Real Estate - Development,2026-05-11
LANDMARK,16061433856.0,SMALL CAP,67.71854,2.8202083,0.0,166.568,0.02664,0.00503,0.126,0.248,387.35,AUTO,Consumer Cyclical,Auto & Truck Dealerships,2026-05-11
LANDSMILL,1311946368.0,MICRO CAP,0.0,0.5787181,0.0,0.492,-0.64345,-0.09458,0.0,0.0,0.93,CAPITAL GOODS,Industrials,Conglomerates,2026-05-11
LAOPALA,19994431488.0,SMALL CAP,19.643402,2.4962583,0.0,1.046,0.30978,0.32044998,-0.074,0.033,180.13,FMCG,Consumer Cyclical,"Furnishings, Fixtures & Appliances",2026-05-11
LASA,417343328.0,MICRO CAP,2.2513514,0.73945844,0.0,13.025,-1.03721,-0.66033995,-0.933,0.0,8.33,PHARMA,Healthcare,Drug Manufacturers - Specialty & Generic,2026-05-11
LATENTVIEW,63908782080.0,MID CAP,32.171875,3.920959,0.0,1.517,0.18579,0.19624001,0.22,0.198,308.85,CAPITAL GOODS,Industrials,Consulting Services,2026-05-11
LATTEYS,1505815680.0,MICRO CAP,84.48387,7.149877,0.0,36.75,0.05213,0.025999999,0.95,3.0,26.19,CAPITAL GOODS,Industrials,Specialty Industrial Machinery,2026-05-11
LAURUSLABS,684055134208.0,LARGE CAP,81.20513,14.237708,0.17743,46.369,0.22037001,0.12941,0.06,0.194,1266.8,PHARMA,Healthcare,Drug Manufacturers - Specialty & Generic,2026-05-11
LAXMICOT,243496912.0,MICRO CAP,3.1696427,0.37494716,0.0,65.868,-0.02036,0.049310002,-0.418,0.0,14.2,FMCG,Consumer Cyclical,Textile Manufacturing,2026-05-11
LAXMIDENTL,11808617472.0,SMALL CAP,50.912327,5.029025,0.0,3.883,0.04232,0.08761,0.071,-0.591,214.85,PHARMA,Healthcare,Medical Instruments & Supplies,2026-05-11
LAXMIINDIA,7247986176.0,SMALL CAP,16.52801,1.5772293,0.0,256.533,0.33054,0.28614,0.37,0.565,138.67,OTHERS,Financial Services,Credit Services,2026-05-11
LCCINFOTEC,861512000.0,MICRO CAP,0.0,138.10811,0.0,0.786,-0.00548,-1.37034,0.062,0.0,5.11,FMCG,Consumer Defensive,Education & Training Services,2026-05-11
LEMERITE,10733016064.0,SMALL CAP,85.71985,8.349441,0.0,65.949,0.022950001,0.034089997,-0.231,7.0,440.6,FMCG,Consumer Cyclical,Textile Manufacturing,2026-05-11
LEMONTREE,91727626240.0,MID CAP,41.669064,7.4180326,0.0,109.554,0.42259997,0.15636,0.143,0.0,115.84,FMCG,Consumer Cyclical,Lodging,2026-05-11
LENSKART,847017082880.0,LARGE CAP,143.23099,12.917304,0.0,44.215,0.083979994,0.06382,0.383,76.0,489.85,PHARMA,Healthcare,Medical Instruments & Supplies,2026-05-11
LEXUS,403410656.0,MICRO CAP,23.785715,2.6686256,0.0,332.938,-0.29218,0.03115,-0.283,5.0,19.98,CAPITAL GOODS,Industrials,Building Products & Equipment,2026-05-11
LFIC,453750016.0,MICRO CAP,37.345676,0.75045276,0.0,0.0,0.78699,0.21709,0.208,0.0,151.25,OTHERS,Financial Services,Asset Management,2026-05-11
LGBBROSLTD,54049251328.0,MID CAP,16.941612,2.7066312,0.15689,10.719,0.10306,0.103640005,0.218,-0.17,1694.5,AUTO,Consumer Cyclical,Auto Parts,2026-05-11
LGEINDIA,1011642400768.0,LARGE CAP,57.9021,14.712879,0.0,6.876,0.020739999,0.07279,-0.064,-0.616,1490.4,IT,Technology,Consumer Electronics,2026-05-11
LGHL,12280190976.0,SMALL CAP,108.95555,16.415562,0.0,129.046,0.23586,0.10235,0.092,-0.12,245.15,FMCG,Consumer Cyclical,Luxury Goods,2026-05-11
LIBAS,324301792.0,MICRO CAP,3.568116,0.39690474,0.0,16.808,0.06122,0.02542,0.018,0.0,12.31,FMCG,Consumer Cyclical,Apparel Manufacturing,2026-05-11
LIBERTSHOE,4236144128.0,MICRO CAP,36.82963,1.8560827,0.0,72.559,0.02735,0.01607,0.13,-0.748,248.6,FMCG,Consumer Cyclical,Footwear & Accessories,2026-05-11
LICHSGFIN,322116878336.0,LARGE CAP,5.8718534,0.8362811,0.0,679.251,0.83098,0.65141,-0.02,-0.026,585.6,NBFC,Financial Services,Mortgage Finance,2026-05-11
LICI,5049561907200.0,LARGE CAP,9.524576,4.1461525,0.0,0.0,0.06466,0.05973,0.161,0.0,798.35,OTHERS,Financial Services,Insurance - Life,2026-05-11
LIKHITHA,8663471104.0,SMALL CAP,16.58957,2.1739087,0.0,0.133,0.10613,0.11071,-0.118,-0.463,219.48,POWER,Energy,Oil & Gas Equipment & Services,2026-05-11
LINC,6245708288.0,SMALL CAP,18.127806,2.5994997,0.0,11.183,0.06982,0.061490003,0.058,-0.218,104.96,CAPITAL GOODS,Industrials,Business Equipment & Supplies,2026-05-11
LINCOLN,14012796928.0,SMALL CAP,15.947116,1.9571748,0.0,0.009,0.1195,0.13473,0.135,0.377,699.6,PHARMA,Healthcare,Drug Manufacturers - Specialty & Generic,2026-05-11
LINDEINDIA,660185153536.0,LARGE CAP,111.381294,17.282604,0.0,0.0,0.20444,0.2352,0.131,6.764,7741.0,CHEMICALS,Basic Materials,Specialty Chemicals,2026-05-11
LLOYDSENGG,94296088576.0,MID CAP,44.402687,7.347846,0.0,15.717,0.17086,0.15539,0.023,0.581,66.16,CAPITAL GOODS,Industrials,Specialty Industrial Machinery,2026-05-11
LLOYDSENT,109133193216.0,MID CAP,23.211039,2.2692356,0.09865,14.694,0.13791999,0.12979999,0.615,5.88,71.49,METALS,Basic Materials,Steel,2026-05-11
LLOYDSME,980929347584.0,LARGE CAP,26.083769,11.732369,0.0,100.054,0.31112,0.20048,2.019,1.668,1743.7,METALS,Basic Materials,Steel,2026-05-11
LMW,158610505728.0,MID CAP,137.72726,5.605967,0.0,0.0,0.01498,0.037320003,-0.011,-0.24,14847.0,CAPITAL GOODS,Industrials,Specialty Industrial Machinery,2026-05-11
LODHA,930089861120.0,LARGE CAP,27.1854,3.9941487,0.1571,42.238,0.27622998,0.20557,0.076,0.094,931.1,REALTY,Real Estate,Real Estate - Development,2026-05-11
LOKESHMACH,5199559680.0,SMALL CAP,279.59137,2.3272173,0.0,71.143,0.10902,0.00975,-0.02,0.0,260.02,CAPITAL GOODS,Industrials,Specialty Industrial Machinery,2026-05-11
LORDSCHLO,4183177216.0,MICRO CAP,14.613614,1.8259478,0.0,72.87,0.069910005,0.07172,0.45,2.51,145.99,CHEMICALS,Basic Materials,Chemicals,2026-05-11
LOTUSDEV,71378100224.0,MID CAP,31.408602,3.9359152,0.0,7.958,0.3527,0.34884,0.928,0.153,146.05,CAPITAL GOODS,Industrials,Engineering & Construction,2026-05-11
LOTUSEYE,2341666816.0,MICRO CAP,363.2258,3.5850737,0.0,7.917,-0.02404,0.01264,0.106,0.0,112.6,PHARMA,Healthcare,Medical Care Facilities,2026-05-11
LOVABLE,1096236032.0,MICRO CAP,14.326885,0.64137644,0.0,1.621,-0.00389,0.09189,0.263,0.0,74.07,FMCG,Consumer Cyclical,Apparel Manufacturing,2026-05-11
LOYALTEX,1155947008.0,MICRO CAP,0.0,0.47907346,0.0,137.189,-0.06728,-0.00221,-0.32,0.0,240.0,FMCG,Consumer Cyclical,Textile Manufacturing,2026-05-11
LPDC,985952192.0,MICRO CAP,0.0,3.009828,0.0,0.0,0.050630003,0.11003,2.411,0.929,7.35,REALTY,Real Estate,Real Estate Services,2026-05-11
LT,5420408111104.0,LARGE CAP,33.720154,4.9609566,0.1554,97.64,0.10696,0.05515,0.117,-0.031,3940.2,CAPITAL GOODS,Industrials,Engineering & Construction,2026-05-11
LTF,739107864576.0,LARGE CAP,24.810764,2.7974017,0.111169994,393.442,0.43723,0.33077,0.319,0.264,295.0,OTHERS,Financial Services,Credit Services,2026-05-11
LTFOODS,144561389568.0,MID CAP,22.26203,8.110899,0.0,28.488,0.1086,0.06302,0.238,0.707,416.3,FMCG,Consumer Defensive,Packaged Foods,2026-05-11
LTM,1290258612224.0,LARGE CAP,25.720703,5.3697987,0.21285,9.582,0.07614,0.11861,0.061,0.234,4352.2,IT,Technology,Information Technology Services,2026-05-11
LTTS,401579442176.0,LARGE CAP,32.771626,6.486242,0.19540001,8.911,0.15217,0.116330005,-0.042,0.067,3788.4,IT,Technology,Information Technology Services,2026-05-11
LUMAXIND,52623056896.0,MID CAP,32.362747,6.451639,0.0,121.301,0.06858,0.041539997,0.187,0.39,5629.5,AUTO,Consumer Cyclical,Auto Parts,2026-05-11
LUMAXTECH,116208885760.0,MID CAP,46.546547,11.0115795,0.0,87.422,0.101,0.05432,0.403,0.839,1705.0,AUTO,Consumer Cyclical,Auto Parts,2026-05-11
LUPIN,1031433224192.0,LARGE CAP,19.387245,5.2478895,0.26907,29.388,0.24244,0.19073999,0.319,0.89,2255.9,PHARMA,Healthcare,Drug Manufacturers - Specialty & Generic,2026-05-11
LUXIND,46496829440.0,SMALL CAP,43.009735,2.6176832,0.0,32.661,0.042069998,0.03759,0.217,-0.598,1546.2,FMCG,Consumer Cyclical,Apparel Manufacturing,2026-05-11
LXCHEM,46006030336.0,SMALL CAP,57.82579,2.3117747,0.0,17.29,0.04099,0.028210001,-0.086,-0.124,165.96,CHEMICALS,Basic Materials,Specialty Chemicals,2026-05-11
LYKALABS,2287015168.0,MICRO CAP,0.0,2.2632713,0.0,0.0,-0.0068,-0.0050199996,0.0,0.0,64.08,PHARMA,Healthcare,Biotechnology,2026-05-11
LYPSAGEMS,155675520.0,MICRO CAP,0.0,1.0424482,0.0,0.0,0.21651,-0.67039,-0.018,74.691,5.28,FMCG,Consumer Cyclical,Luxury Goods,2026-05-11
M&M,3897554108416.0,LARGE CAP,21.326544,4.374563,0.18754,125.066,0.16398,0.08461001,0.309,0.448,3245.9,AUTO,Consumer Cyclical,Auto Manufacturers,2026-05-11
M&MFIN,468346208256.0,LARGE CAP,16.165466,1.7556882,0.11856,428.025,0.44451,0.29518,0.403,0.826,337.05,OTHERS,Financial Services,Credit Services,2026-05-11
MAANALU,8558040576.0,SMALL CAP,50.235916,4.11378,0.0,44.279,0.024300002,0.01908,-0.166,-0.071,142.67,OTHERS,Basic Materials,Aluminum,2026-05-11
MACPOWER,11862933504.0,SMALL CAP,36.67801,7.640809,0.0,0.841,0.15888,0.10346,0.433,1.19,1185.8,CAPITAL GOODS,Industrials,Specialty Industrial Machinery,2026-05-11
MADHAV,342759584.0,MICRO CAP,0.0,0.27653465,0.0,8.785,-0.15126,-0.0372,-0.036,0.0,38.31,CAPITAL GOODS,Industrials,Building Products & Equipment,2026-05-11
MADHAVIPL,0.0,UNKNOWN,0.0,1.0573204,0.0,81.073,0.16309,0.05034,-0.635,0.0,9.02,OTHERS,,,2026-05-11
MADHUCON,433176320.0,MICRO CAP,0.0,-0.025367768,0.0,0.0,-1.15081,-0.68002,-0.218,0.0,5.87,CAPITAL GOODS,Industrials,Engineering & Construction,2026-05-11
MADRASFERT,10940389376.0,SMALL CAP,150.91112,44.50197,0.0,2364.063,-0.01579,0.00329,-0.476,-0.965,67.91,OTHERS,Basic Materials,Agricultural Inputs,2026-05-11
MAFATIND,0.0,UNKNOWN,10.584038,1.255028,0.0,0.0,0.0,0.0,0.0,0.0,137.91,OTHERS,,,2026-05-11
MAGADSUGAR,7152911360.0,SMALL CAP,8.271143,0.8867894,0.0,40.692,0.1365,0.06605,0.044,0.187,507.6,FMCG,Consumer Defensive,Confectioners,2026-05-11
MAGNUM,1450320000.0,MICRO CAP,0.0,0.20227465,-0.01646,39.029,0.0769,-0.02481,-0.012,-0.969,21.2,OTHERS,Basic Materials,Paper & Paper Products,2026-05-11
MAHABANK,626246352896.0,LARGE CAP,8.927631,1.8838935,0.22659999,0.0,0.5789,0.49278998,0.382,0.364,81.42,BANKING,Financial Services,Banks - Regional,2026-05-11
MAHAPEXLTD,1363563136.0,MICRO CAP,3.0401628,0.16037904,0.0,0.0,0.76543,80.0121,-0.598,0.0,52.23,OTHERS,Financial Services,Credit Services,2026-05-11
MAHASTEEL,13593714688.0,SMALL CAP,124.1967,9.780887,0.0,40.365,0.01632,0.0127799995,0.122,0.758,827.15,METALS,Basic Materials,Steel,2026-05-11
MAHEPC,3377848320.0,MICRO CAP,26.618942,1.8246741,0.07096,24.485,0.05841,0.04066,0.116,-0.237,120.85,CAPITAL GOODS,Industrials,Farm & Heavy Construction Machinery,2026-05-11
MAHESHWARI,1555628928.0,MICRO CAP,7.809807,0.7481851,0.0,145.284,0.04843,0.01878,0.159,0.418,52.56,CAPITAL GOODS,Industrials,Integrated Freight & Logistics,2026-05-11
MAHLIFE,71032463360.0,MID CAP,22.758032,1.9584835,0.10797,18.26,-0.07391,0.25301,0.0,-0.195,332.95,REALTY,Real Estate,Real Estate - Development,2026-05-11
MAHLOG,38210576384.0,SMALL CAP,1604.5834,4.84561,0.01279,46.725,0.02527,0.00033,0.201,0.289,385.1,CAPITAL GOODS,Industrials,Integrated Freight & Logistics,2026-05-11
MAHSCOOTER,142594244608.0,MID CAP,45.986286,0.5172855,0.010620001,0.0,0.83871,0.99144,-0.036,-0.923,12477.0,OTHERS,Financial Services,Asset Management,2026-05-11
MAHSEAMLES,86898515968.0,MID CAP,10.3346615,1.3236504,0.0,0.151,0.11333,0.17288,-0.226,0.305,648.5,METALS,Basic Materials,Steel,2026-05-11
MAITHANALL,29178505216.0,SMALL CAP,6.585414,0.7076376,0.0,10.735,0.101289995,0.21628,-0.077,-0.021,1002.3,METALS,Basic Materials,Steel,2026-05-11
MAJESAUT,0.0,UNKNOWN,3.8000243,0.46403784,0.0,2.343,-0.88513,1.84944,-0.803,0.0,316.2,REALTY,Real Estate,Real Estate Services,2026-05-11
MALLCOM,6645600256.0,SMALL CAP,12.418377,2.1310997,0.0,36.932,0.12174,0.100880004,0.114,0.125,1065.0,CAPITAL GOODS,Industrials,Security & Protection Services,2026-05-11
MALUPAPER,572464704.0,MICRO CAP,0.0,-3.202659,0.0,0.0,-0.058179997,-0.061329998,0.226,0.0,32.76,OTHERS,Basic Materials,Paper & Paper Products,2026-05-11
MAMATA,10139643904.0,SMALL CAP,24.040257,5.742697,0.0,4.109,0.10744,0.15597999,-0.085,-0.101,412.05,CAPITAL GOODS,Industrials,Specialty Industrial Machinery,2026-05-11
MANAKALUCO,2340220672.0,MICRO CAP,37.197918,1.6917756,0.0,193.509,0.06576,0.01159,0.021,0.0,35.71,OTHERS,Basic Materials,Aluminum,2026-05-11
MANAKCOAT,10961231872.0,SMALL CAP,24.83693,2.976235,0.14136,33.071,0.051170003,0.046,0.094,-0.044,103.57,CAPITAL GOODS,Industrials,Metal Fabrication,2026-05-11
MANAKSIA,3983814912.0,MICRO CAP,7.6561713,0.6282749,0.0,5.797,0.02873,0.06381,-0.021,0.138,60.79,CAPITAL GOODS,Industrials,Metal Fabrication,2026-05-11
MANAKSTEEL,4303620608.0,MICRO CAP,17.012953,1.4088345,0.0,66.71,0.03914,0.02525,0.981,3.2,65.67,METALS,Basic Materials,Steel,2026-05-11
MANALIPETC,9516718080.0,SMALL CAP,8.525424,0.8298961,0.0,13.6,0.021329999,0.11637,0.26,11.839,55.33,CHEMICALS,Basic Materials,Specialty Chemicals,2026-05-11
MANAPPURAM,286920245248.0,LARGE CAP,26.062286,2.0557256,0.06968,360.191,0.45367,0.23985,1.077,0.0,305.45,OTHERS,Financial Services,Credit Services,2026-05-11
MANBA,5782555648.0,SMALL CAP,13.702381,1.4863503,0.0,378.135,0.41351002,0.30004,0.149,0.008,115.1,OTHERS,Financial Services,Credit Services,2026-05-11
MANCREDIT,3593389312.0,MICRO CAP,28.317802,2.1791852,0.0,174.678,0.75095004,0.20066999,0.446,0.038,170.19,OTHERS,Financial Services,Credit Services,2026-05-11
MANGALAM,489409440.0,MICRO CAP,0.0,0.38373232,0.0,79.535,-0.10094,-0.13013,-0.341,0.0,30.92,PHARMA,Healthcare,Drug Manufacturers - Specialty & Generic,2026-05-11
MANGLMCEM,25044539392.0,SMALL CAP,31.095936,2.7825553,0.0,81.544,0.058390003,0.04553,-0.039,0.454,910.8,OTHERS,Basic Materials,Building Materials,2026-05-11
MANINDS,40231378944.0,SMALL CAP,20.33169,2.0880373,0.0,28.531,0.12782,0.051799998,0.134,0.455,536.35,METALS,Basic Materials,Steel,2026-05-11
MANINFRA,54054981632.0,MID CAP,22.09736,2.450724,0.0,1.424,0.19077,0.30136,-0.367,-0.468,133.91,CAPITAL GOODS,Industrials,Engineering & Construction,2026-05-11
MANKIND,1019190575104.0,LARGE CAP,57.0557,6.667693,0.0,53.892,0.19534001,0.12788,0.104,0.048,2468.8,PHARMA,Healthcare,Drug Manufacturers - Specialty & Generic,2026-05-11
MANOMAY,3393523456.0,MICRO CAP,18.858576,2.1447556,0.0,234.249,0.06893,0.02621,-0.05,-0.234,188.02,FMCG,Consumer Cyclical,Textile Manufacturing,2026-05-11
MANORAMA,95354519552.0,MID CAP,44.834366,16.960674,0.0,66.88,0.26953,0.17588,0.733,1.377,1597.0,FMCG,Consumer Defensive,Packaged Foods,2026-05-11
MANORG,5309524480.0,SMALL CAP,21.289492,1.7287487,0.0,114.035,0.08248,0.16003999,0.326,0.19,619.95,CHEMICALS,Basic Materials,Specialty Chemicals,2026-05-11
MANUGRAPH,457524576.0,MICRO CAP,8.848485,0.73980236,0.0,10.149,0.04413,0.05503,1.761,0.0,14.6,CAPITAL GOODS,Industrials,Specialty Industrial Machinery,2026-05-11
MANYAVAR,113857200128.0,MID CAP,30.290886,6.6106143,0.20025998,23.295,0.37887,0.24561001,0.159,0.131,468.6,FMCG,Consumer Cyclical,Apparel Manufacturing,2026-05-11
MAPMYINDIA,58977656832.0,MID CAP,44.856308,7.2092695,0.0,1.148,0.20357001,0.27922,-0.182,-0.422,1077.0,IT,Technology,Software - Infrastructure,2026-05-11
MARALOVER,2570175232.0,MICRO CAP,0.0,2.7890635,0.0,447.299,0.04614,-0.010299999,-0.012,0.0,61.92,FMCG,Consumer Cyclical,Textile Manufacturing,2026-05-11
MARATHON,33467557888.0,SMALL CAP,13.599999,1.5219524,0.0,2.665,0.19738,0.39824,0.013,-0.493,496.4,REALTY,Real Estate,Real Estate - Development,2026-05-11
MARICO,1091647897600.0,LARGE CAP,62.18081,26.9547,0.41393003,12.394,0.13831,0.12945,0.221,0.145,842.55,FMCG,Consumer Defensive,Household & Personal Products,2026-05-11
MARINE,31076835328.0,SMALL CAP,61.002605,7.4888105,0.0,12.715,0.07772,0.06266,0.085,1.237,234.25,CAPITAL GOODS,Industrials,Electrical Equipment & Parts,2026-05-11
MARKOLINES,3652621312.0,MICRO CAP,13.62829,2.1817608,0.0,33.27,0.10647,0.074,0.161,0.194,165.72,CAPITAL GOODS,Industrials,Infrastructure Operations,2026-05-11
MARKSANS,92119121920.0,MID CAP,25.56981,3.424009,0.0,12.238,0.18082,0.12853,0.106,0.082,203.28,PHARMA,Healthcare,Drug Manufacturers - General,2026-05-11
MARSONS,26198781952.0,SMALL CAP,79.70157,18.903513,0.0,2.448,0.1586,0.15677,0.04,0.027,152.23,CAPITAL GOODS,Industrials,Electrical Equipment & Parts,2026-05-11
MARUTI,4239089729536.0,LARGE CAP,28.891317,3.9559693,0.14434,0.096,0.08406,0.08008,0.282,-0.064,13483.0,AUTO,Consumer Cyclical,Auto Manufacturers,2026-05-11
MASFIN,63036903424.0,MID CAP,16.979473,2.116847,0.13217,339.79,0.36255002,0.33883,1.063,0.251,347.4,OTHERS,Financial Services,Credit Services,2026-05-11
MASKINVEST,466909984.0,MICRO CAP,0.0,0.40675324,0.0,0.826,0.40791,0.04644,2.005,3.25,153.01,OTHERS,Financial Services,Capital Markets,2026-05-11
MASTEK,51412189184.0,MID CAP,12.81465,1.6631186,0.14814,14.648,0.14102,0.109230004,0.036,0.308,1658.6,IT,Technology,Information Technology Services,2026-05-11
MASTERTR,10799575040.0,SMALL CAP,9.041195,1.3544912,0.0,21.546,0.36783,0.24765,-0.081,-0.1,87.79,OTHERS,Financial Services,Capital Markets,2026-05-11
MATRIMONY,9106296832.0,SMALL CAP,29.079208,3.8438718,0.0,22.336,0.05095,0.0723,0.016,-0.152,440.55,OTHERS,Communication Services,Internet Content & Information,2026-05-11
MAWANASUG,4402211840.0,MICRO CAP,12.259259,0.96129704,0.0,1.911,0.053969998,0.02327,0.097,-0.946,112.54,FMCG,Consumer Defensive,Confectioners,2026-05-11
MAXESTATES,66883887104.0,MID CAP,135.49669,2.637924,0.0,69.537,0.23211001,0.17722,-0.006,-0.998,409.2,REALTY,Real Estate,Real Estate - Development,2026-05-11
MAXHEALTH,1010178326528.0,LARGE CAP,71.18998,10.105342,0.0,32.579,0.20656,0.17434,0.107,0.266,1037.95,PHARMA,Healthcare,Medical Care Facilities,2026-05-11
MAXIND,9204107264.0,SMALL CAP,0.0,1.9602009,0.0,43.616,-0.59386003,-0.80635,0.274,0.0,175.24,PHARMA,Healthcare,Medical Care Facilities,2026-05-11
MAYURUNIQ,26614718464.0,SMALL CAP,15.323993,2.6159673,0.0,0.735,0.20249,0.18406999,0.14,0.657,612.5,FMCG,Consumer Cyclical,Textile Manufacturing,2026-05-11
MAZDA,4238891776.0,MICRO CAP,15.83246,1.8,0.0,0.0,0.20528,0.13345,0.013,0.175,211.68,CAPITAL GOODS,Industrials,Specialty Industrial Machinery,2026-05-11
MAZDOCK,1034992418816.0,LARGE CAP,40.065586,10.608266,0.2877,4.481,0.19434999,0.18263,0.302,1.09,2565.8,DEFENCE,Industrials,Aerospace & Defense,2026-05-11
MBAPL,48216727552.0,SMALL CAP,46.08459,10.512792,0.0,68.15,0.09819999,0.059169997,1.158,0.775,550.25,OTHERS,Basic Materials,Agricultural Inputs,2026-05-11
MBEL,18493163520.0,SMALL CAP,19.659782,2.9669564,0.0,19.131,0.10466,0.07783,0.071,0.256,323.6,CAPITAL GOODS,Industrials,Engineering & Construction,2026-05-11
MBLINFRA,4117083648.0,MICRO CAP,0.0,0.3884259,0.0,98.238,-0.29961002,-0.29639998,0.665,0.0,26.66,CAPITAL GOODS,Industrials,Engineering & Construction,2026-05-11
MCCHRLS-B,0.0,UNKNOWN,0.0,13.485623,0.0,1620.902,0.57711,-1.71376,10.822,0.0,669.75,OTHERS,,,2026-05-11
MCL,1626939392.0,MICRO CAP,35.258823,3.2811472,0.0,112.554,0.0381,0.01721,0.607,-0.152,59.94,OTHERS,Basic Materials,Copper,2026-05-11
MCLEODRUSS,6030229504.0,SMALL CAP,0.0,9.473252,0.0,3010.147,-0.01646,-0.18936001,0.202,0.0,57.73,FMCG,Consumer Defensive,Packaged Foods,2026-05-11
MCLOUD,15510137856.0,SMALL CAP,14.467032,2.6617467,0.0,46.793,0.2463,0.16506,0.083,-0.01,26.33,IT,Technology,Information Technology Services,2026-05-11
MCX,811365433344.0,LARGE CAP,60.895893,26.044933,0.37883,0.113,0.73859,0.54818,2.0,2.912,3187.9,OTHERS,Financial Services,Financial Data & Stock Exchanges,2026-05-11
MEDANTA,332971704320.0,LARGE CAP,64.91357,8.990721,0.0,25.468,0.13925,0.12287,0.188,-0.335,1239.2,PHARMA,Healthcare,Medical Care Facilities,2026-05-11
MEDIASSIST,28689240064.0,SMALL CAP,48.985966,4.6619325,0.0,51.568,0.098000005,0.06576,0.289,-0.878,384.05,PHARMA,Healthcare,Healthcare Plans,2026-05-11
MEDICAMEQ,3954916864.0,MICRO CAP,50.017155,1.8099773,0.0,14.033,0.06498,0.04512,0.051,-0.474,291.6,PHARMA,Healthcare,Drug Manufacturers - Specialty & Generic,2026-05-11
MEDICO,3428898816.0,MICRO CAP,29.514286,5.1201982,0.0,18.737,0.060349997,0.06077,0.486,0.094,41.32,PHARMA,Healthcare,Drug Manufacturers - Specialty & Generic,2026-05-11
MEDPLUS,105092964352.0,MID CAP,50.827045,5.689903,0.0,64.689,0.04755,0.031659998,0.157,0.259,875.75,PHARMA,Healthcare,Pharmaceutical Retailers,2026-05-11
MEESHO,890652983296.0,LARGE CAP,0.0,20.451912,-0.46563,1.428,-0.07745,-0.107530005,0.471,0.0,194.15,FMCG,Consumer Cyclical,Internet Retail,2026-05-11
MEGASTAR,3418038272.0,MICRO CAP,32.89674,3.4829392,0.0,177.675,0.05071,0.01648,0.523,5.775,302.65,FMCG,Consumer Defensive,Packaged Foods,2026-05-11
MEIL,9330693120.0,SMALL CAP,21.0274,1.3370234,0.0,11.98,0.1097,0.080129996,0.046,-0.248,337.7,CAPITAL GOODS,Industrials,Electrical Equipment & Parts,2026-05-11
MENNPIS,0.0,UNKNOWN,0.0,3.8103309,0.0,5.402,-0.01831,0.088570006,-0.427,0.0,60.71,OTHERS,,,2026-05-11
MENONBE,7778912256.0,SMALL CAP,25.010809,4.895433,0.0,33.356,0.15707,0.114700004,0.959,1.23,138.81,AUTO,Consumer Cyclical,Auto Parts,2026-05-11
MEP,203625120.0,MICRO CAP,0.0,-0.015187795,0.0,0.0,-16.28958,0.0,2.245,0.0,1.11,CAPITAL GOODS,Industrials,Infrastructure Operations,2026-05-11
MERCANTILE,0.0,UNKNOWN,0.0,0.9935769,0.0,0.0,0.00931,0.12807,0.368,0.471,29.7,OTHERS,,,2026-05-11
METROBRAND,281867845632.0,LARGE CAP,72.6264,15.473465,0.0,77.874,0.22803,0.14243001,0.154,0.358,1034.2,FMCG,Consumer Cyclical,Apparel Retail,2026-05-11
METROGLOBL,1632577920.0,MICRO CAP,16.607277,0.40022132,0.0,0.936,0.14220001,0.03994,0.224,1.206,132.36,CAPITAL GOODS,Industrials,Conglomerates,2026-05-11
METROPOLIS,116082827264.0,MID CAP,69.294556,8.096657,0.0,13.916,0.15513,0.10741,0.258,0.304,559.9,PHARMA,Healthcare,Diagnostics & Research,2026-05-11
MFML,269542560.0,MICRO CAP,4.761726,0.27660617,0.0,65.601,0.06469,0.045450002,-0.195,0.0,25.38,FMCG,Consumer Cyclical,Textile Manufacturing,2026-05-11
MFSL,585142108160.0,LARGE CAP,398.94116,21.273794,0.0,12.673,0.04599,0.00287,-0.402,0.0,1695.5,OTHERS,Financial Services,Insurance - Life,2026-05-11
MGEL,4600595968.0,MICRO CAP,10.189781,2.035579,0.20118,86.568,0.02214,0.013359999,0.982,1.386,13.96,FMCG,Consumer Defensive,Farm Products,2026-05-11
MGL,109287735296.0,MID CAP,12.993541,1.760141,0.0,3.545,0.120629996,0.116809994,0.115,-0.091,1106.4,IT,Utilities,Utilities - Regulated Gas,2026-05-11
MHLXMIRU,1942554496.0,MICRO CAP,9.265958,2.4583356,0.0,18.767,0.25803,0.19863,0.095,0.116,182.91,FMCG,Consumer Cyclical,Textile Manufacturing,2026-05-11
MHRIL,47339589632.0,SMALL CAP,68.03768,6.0872383,0.08522,488.662,0.108,0.02323,0.053,-0.431,234.73,FMCG,Consumer Cyclical,Resorts & Casinos,2026-05-11
MICEL,12609724416.0,SMALL CAP,0.0,5.5172415,-0.05751,20.387,0.24484,-0.06631,0.133,0.0,52.32,IT,Technology,Electronic Components,2026-05-11
MIDHANI,76247384064.0,MID CAP,69.453926,5.3012047,0.0,23.466,0.13696,0.10293,0.158,0.088,407.0,METALS,Basic Materials,Steel,2026-05-11
MIDWESTLTD,48281919488.0,SMALL CAP,41.465836,6.7216735,0.0,34.016,0.17011,0.17646,0.1,0.135,1335.2,OTHERS,Basic Materials,Building Materials,2026-05-11
MINDACORP,124411772928.0,MID CAP,43.903652,5.094203,0.0,62.969,0.08063,0.04958,0.246,0.321,528.6,AUTO,Consumer Cyclical,Auto Parts,2026-05-11
MINDTECK,6898277376.0,SMALL CAP,24.531818,2.4664671,0.0,2.04,0.09267,0.069120005,-0.034,-0.36,215.88,IT,Technology,Information Technology Services,2026-05-11
MIRCELECTR,16873842688.0,SMALL CAP,0.0,8.648239,0.0,31.055,-0.046550002,0.02544,0.271,0.0,45.68,FMCG,Consumer Cyclical,"Furnishings, Fixtures & Appliances",2026-05-11
MIRZAINT,4492943872.0,MICRO CAP,52.435482,0.75701475,0.0,4.955,-0.0759,0.01554,0.033,0.0,32.51,FMCG,Consumer Cyclical,Footwear & Accessories,2026-05-11
MITCON,1492707328.0,MICRO CAP,34.044353,0.92220813,0.0,62.951,0.15868,0.04265,0.19,2.75,84.43,CAPITAL GOODS,Industrials,Engineering & Construction,2026-05-11
MITTAL,408388704.0,MICRO CAP,15.333334,0.6964421,0.0,14.045,0.05651,0.03019,0.159,1.0,0.92,FMCG,Consumer Cyclical,Textile Manufacturing,2026-05-11
MKPL,1984215168.0,MICRO CAP,23.909092,2.6632912,0.0,2.694,0.02507,0.02268,1.269,0.0,5.26,FMCG,Consumer Defensive,Packaged Foods,2026-05-11
MMFL,22866165760.0,SMALL CAP,26.355038,2.4685824,0.0,140.389,0.10441,0.05658,0.106,-0.338,473.6,CAPITAL GOODS,Industrials,Metal Fabrication,2026-05-11
MMP,7214087680.0,SMALL CAP,30.211702,2.2489448,0.0,53.99,0.07273,0.02994,0.208,0.054,283.99,OTHERS,Basic Materials,Aluminum,2026-05-11
MMTC,100049993728.0,MID CAP,37.897724,5.195918,0.0,1.796,-70.47059,86.98679,0.36,14.5,66.7,CAPITAL GOODS,Industrials,Conglomerates,2026-05-11
MMWL,0.0,UNKNOWN,300.4,0.0,0.0717,115.612,0.01745,0.00466,0.106,0.0,15.02,OTHERS,Communication Services,Entertainment,2026-05-11
MOBIKWIK,17920581632.0,SMALL CAP,0.0,3.3903806,0.0,65.223,0.10715,-0.11156,0.072,0.0,227.62,IT,Technology,Software - Infrastructure,2026-05-11
MODINATUR,4918709760.0,MICRO CAP,12.680961,3.4563527,0.0,106.715,0.080579996,0.058229998,-0.028,0.286,369.65,FMCG,Consumer Defensive,Packaged Foods,2026-05-11
MODIRUBBER,3561943808.0,MICRO CAP,20.968796,0.5114359,0.02411,2.81,-0.6717,0.52049,0.201,-0.281,141.12,REALTY,Real Estate,Real Estate Services,2026-05-11
MODIS,7221316608.0,SMALL CAP,29.046495,6.8383365,0.0,0.0,0.26721,0.15882,0.7,0.807,368.6,REALTY,Real Estate,Real Estate - Development,2026-05-11
MODISONLTD,5461335040.0,SMALL CAP,11.852113,2.4131455,0.0,37.68,0.1149,0.06913,0.186,2.453,168.3,CAPITAL GOODS,Industrials,Electrical Equipment & Parts,2026-05-11
MODTHREAD,1611480960.0,MICRO CAP,13.957831,0.0,0.0,0.0,0.0,0.0,0.0,0.0,46.34,FMCG,Consumer Cyclical,Textile Manufacturing,2026-05-11
MOHITIND,328031008.0,MICRO CAP,0.0,0.20006217,0.0,40.091,-0.01249,-0.009190001,0.227,0.0,23.17,FMCG,Consumer Cyclical,Textile Manufacturing,2026-05-11
MOIL,62571704320.0,MID CAP,21.518545,2.3167157,0.10005,0.0,0.20464,0.18160999,0.026,-0.199,307.5,OTHERS,Basic Materials,Other Industrial Metals & Mining,2026-05-11
MOKSH,1097111552.0,MICRO CAP,10.4800005,0.9900991,0.0,31.143,0.03815,0.01591,-0.018,-0.652,13.1,FMCG,Consumer Cyclical,Luxury Goods,2026-05-11
MOL,14340777984.0,SMALL CAP,35.46541,0.94013107,0.0,54.599,0.01534,0.01799,-0.105,0.0,56.39,OTHERS,Basic Materials,Agricultural Inputs,2026-05-11
MOLDTECH,3750714624.0,MICRO CAP,32.79849,2.897935,0.0,4.117,0.07492,0.04003,0.568,6.105,130.21,CAPITAL GOODS,Industrials,Engineering & Construction,2026-05-11
MOLDTKPAC,19422300160.0,SMALL CAP,28.387568,2.9069045,0.0,34.014,0.11727,0.08046,0.041,0.051,584.5,FMCG,Consumer Cyclical,Packaging & Containers,2026-05-11
MONARCH,24121354240.0,SMALL CAP,15.19221,2.7431464,0.0,1.259,0.67258,0.48505002,0.229,0.122,304.3,OTHERS,Financial Services,Capital Markets,2026-05-11
MONEYBOXX,5189615616.0,SMALL CAP,0.0,1.7557036,0.0,246.36,0.01505,-0.038110003,0.092,0.333,74.34,OTHERS,Financial Services,Credit Services,2026-05-11
MONTECARLO,12024597504.0,SMALL CAP,12.427684,1.4423376,0.0,89.066,0.24431999,0.080469996,0.109,0.106,580.0,FMCG,Consumer Cyclical,Apparel Manufacturing,2026-05-11
MORARJEE,264982912.0,MICRO CAP,0.0,-0.05763623,0.0,0.0,0.14557,0.0,0.0,0.0,7.61,FMCG,Consumer Cyclical,Textile Manufacturing,2026-05-11
MOREPENLAB,25090801664.0,SMALL CAP,25.43889,2.1033533,0.0,13.239,0.07422,0.05566,0.057,0.02,45.79,PHARMA,Healthcare,Drug Manufacturers - Specialty & Generic,2026-05-11
MOSCHIP,43850870784.0,SMALL CAP,125.61667,11.858709,0.0,13.098,0.072680004,0.06367,0.184,-0.625,226.11,IT,Technology,Semiconductor Equipment & Materials,2026-05-11
MOTHERSON,1372219375616.0,LARGE CAP,40.340557,3.7205186,0.0,49.937,0.05523,0.028299998,0.145,0.164,130.3,AUTO,Consumer Cyclical,Auto Parts,2026-05-11
MOTILALOFS,518639550464.0,LARGE CAP,26.161093,4.004783,0.1555,164.419,-0.09198,0.23452999,1.523,0.0,860.7,OTHERS,Financial Services,Capital Markets,2026-05-11
MOTISONS,12632193024.0,SMALL CAP,0.0,2.7744772,0.0,12.395,0.19917999,0.14134,0.201,0.0,12.61,FMCG,Consumer Cyclical,Luxury Goods,2026-05-11
MOTOGENFIN,926671040.0,MICRO CAP,69.85294,1.2147095,0.0,0.0,0.13176,0.12891,0.0,0.0,23.75,REALTY,Real Estate,Real Estate Services,2026-05-11
MPHASIS,420026482688.0,LARGE CAP,23.337574,4.125883,0.18285999,24.383,0.15379,0.11729,0.144,0.14,2201.2,IT,Technology,Information Technology Services,2026-05-11
MPSLTD,28123363328.0,SMALL CAP,16.224659,5.736317,0.0,2.061,0.28100002,0.23245001,-0.021,-0.128,1656.7,OTHERS,Communication Services,Publishing,2026-05-11
MRF,546725756928.0,LARGE CAP,22.514435,2.8122365,0.12295,15.288,0.10729,0.07789,0.134,0.371,128910.0,AUTO,Consumer Cyclical,Auto Parts,2026-05-11
MRPL,280994152448.0,LARGE CAP,14.602004,2.1096609,0.14169,108.059,0.08354,0.021710001,-0.034,-0.682,160.33,POWER,Energy,Oil & Gas Refining & Marketing,2026-05-11
MSPL,23754448896.0,SMALL CAP,0.0,2.602944,0.0,30.822,0.02928,-0.03051,-0.109,-0.46,41.91,METALS,Basic Materials,Steel,2026-05-11
MSTCLTD,30887999488.0,SMALL CAP,14.259018,3.7167401,0.0,17.456,0.54529,0.63797003,0.09,-0.795,438.75,CAPITAL GOODS,Industrials,Conglomerates,2026-05-11
MSUMI,275943456768.0,LARGE CAP,44.265957,14.935391,0.32393003,10.786,0.065120004,0.0547,0.331,0.015,41.61,AUTO,Consumer Cyclical,Auto Parts,2026-05-11
MTARTECH,200552546304.0,LARGE CAP,314.97583,26.95596,0.0,25.061,0.19854,0.084259994,0.593,1.173,6520.0,CAPITAL GOODS,Industrials,Specialty Industrial Machinery,2026-05-11
MTEDUCARE,117009448.0,MICRO CAP,0.0,-2.106632,0.0,0.0,-0.27903,-0.48523,-0.422,0.0,1.62,FMCG,Consumer Defensive,Education & Training Services,2026-05-11
MTNL,18874800128.0,SMALL CAP,0.0,-0.06554622,0.0,0.0,-0.75521004,0.0,0.161,0.0,29.96,TELECOM,Communication Services,Telecom Services,2026-05-11
MUFIN,23014557696.0,SMALL CAP,95.19672,6.3711667,0.0,272.397,0.40937,0.22596,-0.065,0.206,116.14,OTHERS,Financial Services,Credit Services,2026-05-11
MUFTI,5216534528.0,SMALL CAP,11.255289,1.2524327,0.0,58.118,0.0994,0.07888,-0.06,-0.619,79.8,FMCG,Consumer Cyclical,Apparel Retail,2026-05-11
MUKANDLTD,19801671680.0,SMALL CAP,32.942307,2.0794828,0.0,189.15,0.042529996,0.0128,0.055,-0.311,137.04,METALS,Basic Materials,Steel,2026-05-11
MUKKA,7236000256.0,SMALL CAP,16.08,1.5951326,0.0,131.932,0.06337,0.0311,1.156,-0.102,24.12,FMCG,Consumer Defensive,Packaged Foods,2026-05-11
MUKTAARTS,1325977088.0,MICRO CAP,0.0,-2.2436657,0.0,0.0,0.02961,-0.091850005,-0.034,0.0,58.71,OTHERS,Communication Services,Entertainment,2026-05-11
MUNJALAU,9365000192.0,SMALL CAP,19.190573,2.1689286,0.0,87.847,0.041389998,0.022230001,0.16,0.0,93.65,AUTO,Consumer Cyclical,Auto Parts,2026-05-11
MUNJALSHOW,5685689344.0,SMALL CAP,18.414509,0.8548664,0.0,0.0,0.0279,0.024260001,0.096,0.832,142.16,AUTO,Consumer Cyclical,Auto Parts,2026-05-11
MURUDCERA,2030688128.0,MICRO CAP,16.2029,0.5402097,0.0,34.717,0.06548,0.05998,0.019,1.429,33.54,CAPITAL GOODS,Industrials,Building Products & Equipment,2026-05-11
MUTHOOTCAP,3445922560.0,MICRO CAP,28.159945,0.5241957,0.01682,482.095,0.10361,0.03521,0.297,-0.163,209.51,OTHERS,Financial Services,Credit Services,2026-05-11
MUTHOOTFIN,1380328931328.0,LARGE CAP,15.84205,3.8750105,0.26691,384.601,0.75657,0.51138,0.765,0.975,3438.2,OTHERS,Financial Services,Credit Services,2026-05-11
MUTHOOTMF,31640795136.0,SMALL CAP,18.581282,1.1704835,0.062069997,340.091,0.23798001,0.07152,0.0,0.0,188.6,OTHERS,Financial Services,Credit Services,2026-05-11
MVGJL,8122840576.0,SMALL CAP,7.152258,1.0530748,0.0,53.159,0.07569,0.042140003,0.376,0.366,166.29,FMCG,Consumer Cyclical,Luxury Goods,2026-05-11
MWL,10377415680.0,SMALL CAP,24.502104,3.742903,0.0,78.694,0.06759,0.0341,0.298,0.749,349.4,METALS,Basic Materials,Steel,2026-05-11
NACLIND,40261877760.0,SMALL CAP,0.0,7.5705643,0.0,45.68,0.01222,-0.03128,0.792,0.0,171.39,OTHERS,Basic Materials,Agricultural Inputs,2026-05-11
NAGAFERT,2350395648.0,MICRO CAP,0.0,-0.26321077,0.0,0.0,-0.58204,-0.02089,0.0,0.0,3.93,OTHERS,Basic Materials,Agricultural Inputs,2026-05-11
NAGREEKCAP,370889824.0,MICRO CAP,2.147553,1.3459073,0.0,329.865,0.25649,0.26088,4.638,0.255,29.4,OTHERS,Financial Services,Asset Management,2026-05-11
NAGREEKEXP,822480256.0,MICRO CAP,34.18182,0.527233,0.0,110.687,0.02944,0.0053100004,0.218,-0.286,26.32,FMCG,Consumer Cyclical,Textile Manufacturing,2026-05-11
NAHARCAP,4391682048.0,MICRO CAP,6.6358805,0.26645356,0.0,0.362,0.78769994,1.35098,2.005,1.018,262.25,OTHERS,Financial Services,Capital Markets,2026-05-11
NAHARINDUS,5019192320.0,SMALL CAP,11.77001,0.49605232,0.0,50.924,0.05819,0.02925,-0.208,0.252,116.17,FMCG,Consumer Cyclical,Textile Manufacturing,2026-05-11
NAHARPOLY,6402713088.0,SMALL CAP,8.836104,0.7508434,0.0,11.21,0.07288,0.05886,-0.032,1.565,260.4,FMCG,Consumer Cyclical,Packaging & Containers,2026-05-11
NAHARSPING,9734386688.0,SMALL CAP,49.983334,0.6330536,0.0,49.532,-0.0116799995,0.0065200003,-0.139,0.0,269.91,FMCG,Consumer Cyclical,Textile Manufacturing,2026-05-11
NAM-INDIA,679976370176.0,LARGE CAP,45.133415,14.567924,0.34476003,1.617,0.65431,0.52143,0.196,0.273,1065.6,OTHERS,Financial Services,Asset Management,2026-05-11
NARMADA,1397576960.0,MICRO CAP,33.18919,2.4185925,0.0,18.194,0.062140003,0.05207,0.543,-0.289,36.84,OTHERS,Basic Materials,Agricultural Inputs,2026-05-11
NATCAPSUQ,1703017728.0,MICRO CAP,0.0,0.7476836,0.0,45.685,-0.17715,-0.11033,-0.139,0.0,163.97,PHARMA,Healthcare,Drug Manufacturers - Specialty & Generic,2026-05-11
NATCOPHARM,216006508544.0,LARGE CAP,13.873231,2.497515,0.0,3.012,0.17379999,0.3413,0.363,0.139,1206.0,PHARMA,Healthcare,Drug Manufacturers - Specialty & Generic,2026-05-11
NATHBIOGEN,3212335616.0,MICRO CAP,7.4394007,0.48829597,0.06285,20.354,0.06687,0.09353,-0.01,0.0,168.8,OTHERS,Basic Materials,Agricultural Inputs,2026-05-11
NATIONALUM,721888083968.0,LARGE CAP,11.753888,3.3408697,0.2942,0.277,0.42758,0.3132,-0.048,-0.167,393.05,OTHERS,Basic Materials,Aluminum,2026-05-11
NATIONSTD,0.0,UNKNOWN,0.0,0.0,0.034849998,0.0,-0.30661,0.47306,-1.0,-0.678,1333.6,OTHERS,,,2026-05-11
NAUKRI,622605172736.0,LARGE CAP,46.345226,1.2793995,0.0,0.544,0.32202,0.42567003,0.134,0.123,961.2,OTHERS,Communication Services,Internet Content & Information,2026-05-11
NAVA,206704148480.0,LARGE CAP,23.202034,2.5544088,0.0,15.987,0.32986,0.21457,0.176,-0.09,730.4,CAPITAL GOODS,Industrials,Conglomerates,2026-05-11
NAVINFLUOR,362668654592.0,LARGE CAP,54.28341,10.026059,0.20105,31.997,0.29853,0.20023,0.338,1.165,7071.5,CHEMICALS,Basic Materials,Chemicals,2026-05-11
NAVKARCORP,14955586560.0,SMALL CAP,49.68,0.76292276,0.01551,9.055,0.13358,0.043649998,0.945,0.0,99.36,CAPITAL GOODS,Industrials,Integrated Freight & Logistics,2026-05-11
NAVKARURB,942555904.0,MICRO CAP,0.0,0.59532243,0.0,3.823,0.49957,0.01909,-0.385,6.5,0.84,OTHERS,Basic Materials,Building Materials,2026-05-11
NAVNETEDUL,32215277568.0,SMALL CAP,9.721629,1.6788676,0.0,5.146,-0.116000004,0.20955,-0.115,10.938,145.63,OTHERS,Communication Services,Publishing,2026-05-11
NAZARA,100173742080.0,MID CAP,0.0,2.950934,0.0,5.66,0.01983,0.025090002,-0.241,-0.719,270.4,OTHERS,Communication Services,Electronic Gaming & Multimedia,2026-05-11
NBCC,258389999616.0,LARGE CAP,39.545452,9.649122,0.0,0.011,0.06555,0.049689997,0.095,0.392,95.7,CAPITAL GOODS,Industrials,Engineering & Construction,2026-05-11
NBIFIN,6067193856.0,SMALL CAP,39.66197,0.18859228,0.0,0.0,0.91564006,0.65801,14.279,18.254,2053.3,OTHERS,Financial Services,Capital Markets,2026-05-11
NCC,104668307456.0,MID CAP,14.483928,1.3915112,0.0,37.893,0.07758,0.0349,-0.089,-0.367,166.71,CAPITAL GOODS,Industrials,Engineering & Construction,2026-05-11
NCLIND,7848341504.0,SMALL CAP,13.006746,0.8821585,0.0,35.688,0.083380006,0.04282,-0.111,3.439,173.51,OTHERS,Basic Materials,Building Materials,2026-05-11
NDGL,2757899776.0,MICRO CAP,57.78127,0.0,0.0,0.0,0.0,0.0,0.0,0.0,2757.9,OTHERS,Financial Services,Capital Markets,2026-05-11
NDL,4021705984.0,MICRO CAP,1.2025862,0.5887318,0.0,34.572,0.0188,0.01013,-0.461,-0.6,2.79,FMCG,Consumer Cyclical,Textile Manufacturing,2026-05-11
NDLVENTURE,4201207808.0,MICRO CAP,479.8846,7.506768,0.01526,0.0,-0.83224,0.18601,0.0,0.251,124.77,OTHERS,Communication Services,Entertainment,2026-05-11
NDRAUTO,20007389184.0,SMALL CAP,33.242172,5.988661,0.0,15.671,0.08211,0.07642,0.189,0.135,838.7,AUTO,Consumer Cyclical,Auto Parts,2026-05-11
NDTV,8716837888.0,SMALL CAP,0.0,-5.620544,-3.41214,199.396,-0.60717,-0.59705,0.185,0.0,77.26,OTHERS,Communication Services,Broadcasting,2026-05-11
NEAGI,0.0,UNKNOWN,0.0,0.0,0.0,0.0,-0.10678001,1.1589,0.223,0.067,3190.0,OTHERS,,,2026-05-11
NECCLTD,1628000128.0,MICRO CAP,17.89011,0.7307002,0.039920002,52.844,0.080129996,0.02938,-0.112,0.7,16.28,CAPITAL GOODS,Industrials,Trucking,2026-05-11
NECLIFE,2634178816.0,MICRO CAP,0.0,0.42410785,0.0,64.007,-0.05414,-0.21256,0.0,0.829,13.56,PHARMA,Healthcare,Drug Manufacturers - Specialty & Generic,2026-05-11
NELCAST,13563772928.0,SMALL CAP,28.951584,2.4464202,0.0,0.0,0.08154,0.05761,0.273,0.044,155.47,CAPITAL GOODS,Industrials,Metal Fabrication,2026-05-11
NELCO,16166836224.0,SMALL CAP,485.27396,12.575435,0.02586,56.54,0.0077,0.010829999,0.173,0.0,708.5,IT,Technology,Communication Equipment,2026-05-11
NEOGEN,47696138240.0,SMALL CAP,234.12634,5.734046,0.0,141.474,0.11394,0.024130002,0.092,-0.632,1741.9,CHEMICALS,Basic Materials,Specialty Chemicals,2026-05-11
NEPHROPLUS,56928305152.0,MID CAP,80.13418,1.4500995,0.0,36.468,0.15017,0.0749,0.317,0.402,567.35,PHARMA,Healthcare,Medical Care Facilities,2026-05-11
NESCO,89582796800.0,MID CAP,21.935818,3.2001812,0.0,3.913,0.50873,0.42201,0.153,-0.048,1271.4,CAPITAL GOODS,Industrials,Conglomerates,2026-05-11
NESTLEIND,2857569091584.0,LARGE CAP,81.91819,55.412632,0.76338995,8.613,0.23223,0.15112,0.238,0.274,1481.9,FMCG,Consumer Defensive,Packaged Foods,2026-05-11
NETWEB,244571652096.0,LARGE CAP,118.45561,42.04056,0.32834998,39.019,0.11987001,0.09426,0.866,0.643,4295.2,IT,Technology,Computer Hardware,2026-05-11
NETWORK18,51524108288.0,MID CAP,33.69697,1.0350926,0.031689998,65.925,-0.00214,0.07177,0.097,0.0,33.36,OTHERS,Communication Services,Entertainment,2026-05-11
NEUEON,1475812864.0,MICRO CAP,0.0,6.7095113,-0.55891997,19.061,-31.34067,0.0,0.156,0.0,26.1,METALS,Basic Materials,Steel,2026-05-11
NEULANDLAB,225164558336.0,LARGE CAP,125.752365,13.897863,0.0,16.327,0.121020004,0.022880001,0.105,-0.601,17550.0,PHARMA,Healthcare,Drug Manufacturers - Specialty & Generic,2026-05-11
NEWGEN,69203443712.0,MID CAP,23.234596,7.2512536,0.18250999,2.214,0.31538,0.19092,0.053,-0.009,490.25,IT,Technology,Software - Infrastructure,2026-05-11
NEXTMEDIA,284963808.0,MICRO CAP,0.44607332,-1.140257,0.0,0.0,-0.26146,2.10485,0.0,0.0,4.26,OTHERS,Communication Services,Broadcasting,2026-05-11
NFL,37578305536.0,SMALL CAP,19.29471,1.4652435,0.0,176.918,0.026989998,0.00901,0.173,1.968,76.6,OTHERS,Basic Materials,Agricultural Inputs,2026-05-11
NGIL,664328768.0,MICRO CAP,0.8828125,2.0304928,0.0,41.959,0.07328,-0.03632,-0.252,1068.519,37.29,FMCG,Consumer Defensive,Packaged Foods,2026-05-11
NGLFINE,14082805760.0,SMALL CAP,39.747166,4.6911592,0.0,29.381,0.13437,0.079169996,0.431,11.271,2279.5,PHARMA,Healthcare,Drug Manufacturers - General,2026-05-11
NH,383127552000.0,LARGE CAP,49.34345,9.438041,0.0,57.614,0.11387999,0.114930004,0.574,-0.343,1886.4,PHARMA,Healthcare,Medical Care Facilities,2026-05-11
NHPC,795466334208.0,LARGE CAP,50.762825,1.9229276,0.0,100.41,-0.11033,0.28303,-0.029,-0.043,79.19,IT,Utilities,Utilities - Renewable,2026-05-11
NIACL,268838240256.0,LARGE CAP,22.531769,0.6137183,0.0,0.0,0.045700002,0.024719998,0.127,0.09,163.13,OTHERS,Financial Services,Insurance - Diversified,2026-05-11
NIBE,15311817728.0,SMALL CAP,0.0,6.315556,0.0,0.0,-0.30374,-0.04873,-0.603,0.0,1024.8,CAPITAL GOODS,Industrials,Conglomerates,2026-05-11
NIBL,773200064.0,MICRO CAP,4.6112714,-2.1661801,0.0,0.0,-0.37137002,0.23595,0.105,0.0,31.91,CAPITAL GOODS,Industrials,Tools & Accessories,2026-05-11
NIITLTD,9749188608.0,SMALL CAP,42.8024,0.9146162,0.0,0.638,-0.08396,0.06063,0.033,-0.711,71.48,FMCG,Consumer Defensive,Education & Training Services,2026-05-11
NIITMTS,41194242048.0,SMALL CAP,19.165066,3.0712366,0.0,19.46,0.15437001,0.118140005,0.193,0.208,299.55,FMCG,Consumer Defensive,Education & Training Services,2026-05-11
NILAINFRA,3481980672.0,MICRO CAP,15.24138,2.0233464,0.13249,12.646,0.09951,0.07217,-0.285,0.075,8.84,REALTY,Real Estate,Real Estate - Development,2026-05-11
NILASPACES,5794110464.0,SMALL CAP,24.114754,3.7353988,0.0,62.622,0.31834,0.13731,0.581,1.135,14.71,REALTY,Real Estate,Real Estate - Development,2026-05-11
NILE,0.0,UNKNOWN,0.0,2.0999537,0.0,6.227,0.0709,0.051209997,0.253,0.443,1851.0,OTHERS,,,2026-05-11
NILKAMAL,19312764928.0,SMALL CAP,17.791725,1.2772703,0.0,35.718,0.05515,0.029189998,0.126,0.176,1289.9,FMCG,Consumer Cyclical,"Furnishings, Fixtures & Appliances",2026-05-11
NIMBSPROJ,3980625664.0,MICRO CAP,0.0,0.80775416,0.0,0.0,0.0,0.0,0.0,0.0,206.05,OTHERS,,,2026-05-11
NINSYS,10303178752.0,SMALL CAP,33.696846,13.270091,0.0,2.589,0.24069001,0.18938999,0.23,0.152,554.65,IT,Technology,Information Technology Services,2026-05-11
NIPPOBATRY,3174749952.0,MICRO CAP,0.0,0.72455084,0.0,36.972,0.1069,-0.0121,0.073,-0.26,423.3,CAPITAL GOODS,Industrials,Electrical Equipment & Parts,2026-05-11
NIRAJ,1971107072.0,MICRO CAP,7.3215075,0.77201843,0.0,1.296,0.06311,0.04127,0.168,0.9,33.02,CAPITAL GOODS,Industrials,Engineering & Construction,2026-05-11
NIRAJISPAT,143052000.0,MICRO CAP,9.320563,0.0,0.0,0.0,0.0,0.0,0.0,0.0,238.42,FMCG,Consumer Cyclical,Apparel Manufacturing,2026-05-11
NIRLON,52719054848.0,MID CAP,16.014235,11.362091,0.0,247.177,0.69381,0.50123,0.053,0.189,585.0,REALTY,Real Estate,Real Estate Services,2026-05-11
NITCO,25321535488.0,SMALL CAP,3.5579586,8.747819,0.0,101.391,-0.04079,0.06734,0.577,0.0,105.28,CAPITAL GOODS,Industrials,Building Products & Equipment,2026-05-11
NITINSPIN,27365085184.0,SMALL CAP,16.438704,1.9977263,0.0,76.458,0.110530004,0.05212,0.024,0.237,486.75,FMCG,Consumer Cyclical,Textile Manufacturing,2026-05-11
NITIRAJ,2065678976.0,MICRO CAP,125.16148,2.4524145,0.0,0.028,0.01637,0.027,-0.695,-0.94,201.51,IT,Technology,Scientific & Technical Instruments,2026-05-11
NITTAGELA,0.0,UNKNOWN,14.098028,2.5864408,0.20804001,0.82,0.33471,0.16530001,0.35,0.736,1287.15,CHEMICALS,Basic Materials,Specialty Chemicals,2026-05-11
NIVABUPA,155759083520.0,MID CAP,inf,4.4030704,0.07958,7.296,0.12601,0.03661,0.658,1.678,84.31,OTHERS,Financial Services,Insurance - Life,2026-05-11
NKIND,403865248.0,MICRO CAP,0.0,-0.11521151,0.0,0.0,-0.32984,-0.43978,-0.308,0.0,67.2,FMCG,Consumer Defensive,Household & Personal Products,2026-05-11
NLCINDIA,457174122496.0,LARGE CAP,17.171875,2.1000671,0.0,82.0,0.28304002,0.16033001,-0.003,-0.127,329.7,IT,Utilities,Utilities - Regulated Electric,2026-05-11
NMDC,763041808384.0,LARGE CAP,11.056051,2.3509495,0.0,11.21,0.26767,0.24884,0.159,-0.065,86.79,METALS,Basic Materials,Steel,2026-05-11
NOCIL,28634755072.0,SMALL CAP,48.157307,1.6069889,0.03147,0.453,0.06182,0.04152,0.013,-0.192,171.44,CHEMICALS,Basic Materials,Specialty Chemicals,2026-05-11
NOIDATOLL,700093248.0,MICRO CAP,2.5405405,-2.0445895,0.0,0.0,0.2683,0.65105003,0.069,0.0,3.76,CAPITAL GOODS,Industrials,Infrastructure Operations,2026-05-11
NORBTEAEXP,1175600256.0,MICRO CAP,0.0,6.049916,0.0,42.932,0.10983,-0.07002,0.497,0.0,75.63,FMCG,Consumer Defensive,Farm Products,2026-05-11
NORTHARC,50204930048.0,MID CAP,12.520145,1.3697634,0.0,281.813,0.36349,0.41254002,0.281,0.33,310.75,OTHERS,Financial Services,Credit Services,2026-05-11
NOVAAGRI,2636680448.0,MICRO CAP,15.255209,1.1803821,0.0,23.31,0.0733,0.06421,-0.245,-0.761,29.29,OTHERS,Basic Materials,Agricultural Inputs,2026-05-11
NOVARTIND,29196865536.0,SMALL CAP,30.027931,3.7667391,0.0,0.523,0.25471002,0.27967,-0.076,-0.368,1182.5,PHARMA,Healthcare,Drug Manufacturers - Specialty & Generic,2026-05-11
NPST,25239711744.0,SMALL CAP,67.550224,5.7156215,0.0,1.639,0.22089,0.2176,1.477,1.242,1210.5,IT,Technology,Software - Application,2026-05-11
NRAIL,8566563840.0,SMALL CAP,37.81743,1.0846168,0.0,92.625,0.07111,0.01131,0.348,0.134,503.35,OTHERS,Basic Materials,Paper & Paper Products,2026-05-11
NRBBEARING,31654922240.0,SMALL CAP,31.894533,3.318836,0.0,15.653,0.15225,0.076799996,0.151,0.0,326.6,AUTO,Consumer Cyclical,Auto Parts,2026-05-11
NRL,3782217984.0,MICRO CAP,27.938774,2.9596798,0.0,11.462,0.08282,0.06894,0.716,0.261,54.76,CAPITAL GOODS,Industrials,Waste Management,2026-05-11
NSIL,29545777152.0,SMALL CAP,130.5606,0.15985009,0.0,0.003,0.96641,0.27194,-0.118,-0.08,5752.5,OTHERS,Financial Services,Asset Management,2026-05-11
NSLNISP,126133280768.0,MID CAP,0.0,0.9725016,0.0,40.766,-0.05135,-0.06401,0.419,0.0,43.04,METALS,Basic Materials,Steel,2026-05-11
NTPC,3810305245184.0,LARGE CAP,21.75803,1.9823835,0.0,118.127,0.18428,0.12892,0.08,-0.016,392.95,IT,Utilities,Utilities - Regulated Electric,2026-05-11
NTPCGREEN,909453754368.0,LARGE CAP,156.42029,4.8507867,0.0,115.845,0.40985,0.21757999,0.293,-0.75,107.93,IT,Utilities,Utilities - Renewable,2026-05-11
NUCLEUS,21112895488.0,SMALL CAP,14.393395,2.486737,0.0,0.93,0.1313,0.16695999,0.07,-0.408,802.0,IT,Technology,Software - Application,2026-05-11
NURECA,2884064000.0,MICRO CAP,26.175137,1.6762651,0.0,2.713,0.06937,0.074260004,0.498,0.0,288.45,PHARMA,Healthcare,Medical Devices,2026-05-11
NUVAMA,291047997440.0,LARGE CAP,28.906166,7.599437,0.0,237.583,0.39311,0.28619,0.068,-0.007,1598.8,OTHERS,Financial Services,Asset Management,2026-05-11
NUVOCO,117040078848.0,MID CAP,32.574554,1.144236,0.03742,48.061,0.10877,0.031689998,0.087,-0.149,327.7,OTHERS,Basic Materials,Building Materials,2026-05-11
NYKAA,773829033984.0,LARGE CAP,551.5306,55.87141,0.0,97.748,0.051820002,0.01498,0.267,1.444,270.25,FMCG,Consumer Cyclical,Internet Retail,2026-05-11
OAL,10250878976.0,SMALL CAP,1384.5455,1.544429,0.0,60.196,0.02148,0.00075,0.13,0.0,304.6,CHEMICALS,Basic Materials,Specialty Chemicals,2026-05-11
OBCL,1166721664.0,MICRO CAP,0.0,1.2748508,0.0,62.946,-0.01041,-0.00981,-0.162,0.0,55.34,CAPITAL GOODS,Industrials,Trucking,2026-05-11
OBEROIRLTY,594380587008.0,LARGE CAP,23.701609,3.550531,0.14913,15.765,0.52986,0.41727,0.521,0.624,1634.7,REALTY,Real Estate,Real Estate - Development,2026-05-11
OCCLLTD,5069472256.0,SMALL CAP,13.677897,0.0,0.0,0.0,0.0,0.0,0.0,0.0,101.49,CHEMICALS,Basic Materials,Chemicals,2026-05-11
ODIGMA,874924032.0,MICRO CAP,0.0,1.4203074,0.0,0.0,-0.23209,-0.02554,-0.06,0.0,27.99,OTHERS,Communication Services,Advertising Agencies,2026-05-11
OFSS,804413505536.0,LARGE CAP,30.608562,11.636386,0.32606,0.415,0.50402,0.34401,0.203,0.306,9239.5,IT,Technology,Software - Infrastructure,2026-05-11
OIL,741733105664.0,LARGE CAP,12.723214,1.3190743,0.0,58.174,0.21556,0.17412001,-0.001,-0.107,456.0,POWER,Energy,Oil & Gas Integrated,2026-05-11
OILCOUNTUB,3191117312.0,MICRO CAP,0.0,1.4569191,0.0,11.362,-3.78532,-0.78296995,-0.864,0.0,61.38,POWER,Energy,Oil & Gas Equipment & Services,2026-05-11
OLAELEC,155199848448.0,MID CAP,0.0,3.7464533,0.0,71.879,-0.9383,-0.84763,-0.55,0.0,36.97,AUTO,Consumer Cyclical,Auto Manufacturers,2026-05-11
OLECTRA,112450609152.0,MID CAP,78.60011,10.014327,0.0,32.542,0.121070005,0.020079998,0.288,0.002,1370.0,CAPITAL GOODS,Industrials,Farm & Heavy Construction Machinery,2026-05-11
OMAXAUTO,4927402496.0,MICRO CAP,24.34428,1.5140494,0.11191,15.23,0.13851,0.07123,0.594,34.879,229.81,AUTO,Consumer Cyclical,Auto Parts,2026-05-11
OMAXE,15900788736.0,SMALL CAP,0.0,-2.8426962,0.0,0.0,-0.544,-0.45216,0.045,0.0,86.58,REALTY,Real Estate,Real Estate - Development,2026-05-11
OMFREIGHT,2929426432.0,MICRO CAP,15.342151,1.5375777,0.0,14.352,0.041139998,0.04231,0.023,1.654,86.99,CAPITAL GOODS,Industrials,Integrated Freight & Logistics,2026-05-11
OMINFRAL,8983219200.0,SMALL CAP,31.197325,1.2597744,0.0,14.074,0.094390005,0.05705,-0.114,0.787,93.28,CAPITAL GOODS,Industrials,Engineering & Construction,2026-05-11
OMNI,53219672064.0,MID CAP,121.22536,19.679441,0.0,182.683,0.31775,0.15006,0.816,1.757,430.35,CAPITAL GOODS,Industrials,Specialty Industrial Machinery,2026-05-11
OMPOWER,0.0,UNKNOWN,28.506977,4.0919104,0.35826,0.0,0.12393,0.07903,0.0,0.0,183.87,CAPITAL GOODS,Industrials,Engineering & Construction,2026-05-11
ONELIFECAP,701620800.0,MICRO CAP,0.0,0.9269497,0.0,128.135,-0.49084,-0.13473,1.919,0.0,18.78,OTHERS,Financial Services,Capital Markets,2026-05-11
ONEPOINT,15959826432.0,SMALL CAP,44.705883,3.8054702,0.0,12.498,0.15447,0.12901,0.177,0.1,60.8,CAPITAL GOODS,Industrials,Specialty Business Services,2026-05-11
ONESOURCE,206746550272.0,LARGE CAP,980.1087,3.480903,0.0,21.928,-0.18019,0.01416,-0.26,0.0,1803.4,PHARMA,Healthcare,Biotechnology,2026-05-11
ONGC,3535058501632.0,LARGE CAP,9.292328,0.9603916,0.0,43.805,0.095249996,0.057979997,0.008,0.162,281.0,POWER,Energy,Oil & Gas Integrated,2026-05-11
ONMOBILE,5890203136.0,SMALL CAP,33.987732,0.9088374,0.0,12.156,-0.02389,0.03181,-0.173,0.0,55.4,TELECOM,Communication Services,Telecom Services,2026-05-11
ONWARDTEC,6158967296.0,SMALL CAP,13.789818,2.6750426,0.0,16.959,0.11502,0.08461001,0.091,0.7,273.59,IT,Technology,Information Technology Services,2026-05-11
OPTIEMUS,38149480448.0,SMALL CAP,58.128376,5.303815,0.0,32.446,0.05278,0.03808,-0.088,-0.223,430.15,IT,Technology,Electronics & Computer Distribution,2026-05-11
ORBTEXP,4253184000.0,MICRO CAP,11.12552,1.4226174,0.0,3.749,0.14231,0.16444,0.044,-0.004,160.43,FMCG,Consumer Cyclical,Textile Manufacturing,2026-05-11
ORCHASP,699779264.0,MICRO CAP,0.0,0.67087346,0.0,14.047,0.056750003,0.15116,-0.271,-0.531,2.02,IT,Technology,Software - Application,2026-05-11
ORCHPHARMA,36520288256.0,SMALL CAP,193.0429,2.8817677,0.0,0.0,-0.12264,-0.29572,-0.015,0.0,720.05,PHARMA,Healthcare,Drug Manufacturers - Specialty & Generic,2026-05-11
ORICONENT,10119240704.0,SMALL CAP,31.865673,0.79198253,0.0,0.892,-0.44506,0.18671,-0.649,1.8,64.05,FMCG,Consumer Cyclical,Packaging & Containers,2026-05-11
ORIENTALTL,510875456.0,MICRO CAP,8.910256,0.40891972,0.0,2.914,0.075729996,0.26973,0.765,-0.972,6.95,CAPITAL GOODS,Industrials,Building Products & Equipment,2026-05-11
ORIENTBELL,4758103552.0,MICRO CAP,53.11166,1.4890914,0.0,11.857,0.03205,0.013259999,0.036,2.485,323.45,CAPITAL GOODS,Industrials,Building Products & Equipment,2026-05-11
ORIENTCEM,28320587776.0,SMALL CAP,8.384428,1.3726896,0.17082001,3.377,0.09719,0.120900005,-0.216,0.317,137.84,OTHERS,Basic Materials,Building Materials,2026-05-11
ORIENTCER,4951866368.0,MICRO CAP,25.237804,1.6850548,0.0,16.058,0.08331,0.050440002,0.26,1.643,41.39,CHEMICALS,Basic Materials,Specialty Chemicals,2026-05-11
ORIENTELEC,39927427072.0,SMALL CAP,45.972973,5.24632,0.13179,12.281,0.06434,0.02873,0.104,0.295,187.11,FMCG,Consumer Cyclical,"Furnishings, Fixtures & Appliances",2026-05-11
ORIENTHOT,18440366080.0,SMALL CAP,33.522728,2.6664429,0.094119996,17.135,0.21787001,0.1376,0.046,0.657,103.25,FMCG,Consumer Cyclical,Lodging,2026-05-11
ORIENTLTD,672600000.0,MICRO CAP,0.0,1.0442315,0.0,91.587,0.013309999,-0.015240001,-0.062,0.0,67.26,FMCG,Consumer Cyclical,Packaging & Containers,2026-05-11
ORIENTPPR,3887238400.0,MICRO CAP,0.0,0.2503382,0.0,16.377,-0.106680006,-0.040209997,0.027,0.0,18.32,OTHERS,Basic Materials,Paper & Paper Products,2026-05-11
ORIENTTECH,14089900032.0,SMALL CAP,66.150536,3.9594274,0.0,6.129,-0.00209,0.024300002,-0.033,0.0,307.6,IT,Technology,Information Technology Services,2026-05-11
ORISSAMINE,25744201728.0,SMALL CAP,0.0,-50.212406,0.0,0.0,0.48979,-0.37257,-0.001,0.0,4290.7,METALS,Basic Materials,Steel,2026-05-11
ORKLAINDIA,88296407040.0,MID CAP,35.610497,3.3728237,0.0,2.462,0.13549,0.09981,0.034,-0.146,644.55,FMCG,Consumer Defensive,Packaged Foods,2026-05-11
ORTEL,57050036.0,MICRO CAP,0.0,-0.073827505,0.0,0.0,-0.87775004,-0.47809,-0.424,0.0,1.73,OTHERS,Communication Services,Entertainment,2026-05-11
ORTINGLOBE,121970880.0,MICRO CAP,0.0,9.357454,0.0,71.56,-4.0243897,0.0,-0.633,0.0,15.0,PHARMA,Healthcare,Drug Manufacturers - Specialty & Generic,2026-05-11
OSIAHYPER,832743936.0,MICRO CAP,3.6934307,0.20616035,0.0,39.501,0.02718,0.012619999,-0.061,-0.647,5.06,FMCG,Consumer Cyclical,Department Stores,2026-05-11
OSWALAGRO,6514762752.0,SMALL CAP,7.4837713,0.6821063,0.0,0.0,-358.80487,0.73644996,-1.0,-0.902,48.42,REALTY,Real Estate,Real Estate - Development,2026-05-11
OSWALGREEN,6905597952.0,SMALL CAP,34.474358,0.2800604,0.0,0.203,0.48172,0.22865999,-0.125,15.5,26.89,OTHERS,Financial Services,Asset Management,2026-05-11
OSWALPUMPS,47973257216.0,SMALL CAP,49.04429,3.251404,0.0,8.278,0.2581,0.18113,0.319,0.021,420.8,CAPITAL GOODS,Industrials,Electrical Equipment & Parts,2026-05-11
OSWALSEEDS,1140630912.0,MICRO CAP,31.974361,2.3856897,0.0,97.461,0.04718,0.025999999,-0.274,-0.814,12.47,OTHERS,Basic Materials,Agricultural Inputs,2026-05-11
PACEDIGITK,40448380928.0,SMALL CAP,15.826858,2.595645,0.0,11.33,0.176,0.114750005,0.135,0.156,187.39,IT,Technology,Communication Equipment,2026-05-11
PAGEIND,404272152576.0,LARGE CAP,53.8903,28.689299,0.0,19.029,0.21024,0.14711,0.056,-0.074,36245.0,FMCG,Consumer Cyclical,Apparel Manufacturing,2026-05-11
PAISALO,44257333248.0,SMALL CAP,20.794872,2.6411202,0.0,226.216,0.63885,0.45058998,0.2,0.043,48.66,OTHERS,Financial Services,Credit Services,2026-05-11
PAKKA,4214783232.0,MICRO CAP,69.97761,0.93400127,0.0,66.419,0.13428001,0.018960001,-0.089,-0.35,93.77,OTHERS,Basic Materials,Paper & Paper Products,2026-05-11
PALASHSECU,980804160.0,MICRO CAP,7.720473,0.16966721,0.0,6.863,-0.11441,0.20061001,-0.212,0.0,98.05,FMCG,Consumer Defensive,Packaged Foods,2026-05-11
PALREDTEC,488568672.0,MICRO CAP,0.0,1.0787598,0.0,140.117,-0.05052,-0.1142,-0.11,0.0,39.94,IT,Technology,Consumer Electronics,2026-05-11
PANACEABIO,23312033792.0,SMALL CAP,0.0,2.8241336,0.0,2.786,0.019919999,-0.01285,0.01,-0.122,380.6,PHARMA,Healthcare,Biotechnology,2026-05-11
PANACHE,5297059840.0,SMALL CAP,62.450626,7.6681437,0.0,40.16,0.08477,0.043720003,2.578,1.022,347.85,IT,Technology,Communication Equipment,2026-05-11
PANAMAPET,17903081472.0,SMALL CAP,9.671569,1.3356832,0.0,2.327,0.07748,0.06323,0.065,-0.056,295.95,POWER,Energy,Oil & Gas Refining & Marketing,2026-05-11
PANSARI,5176465920.0,SMALL CAP,30.399591,3.6510184,0.0,47.606,0.13154,0.16825001,7.862,15.2,296.7,REALTY,Real Estate,Real Estate - Development,2026-05-11
PAR,1156389760.0,MICRO CAP,8.309461,1.0852445,0.0,0.0,0.17489,0.13073,0.372,7.298,93.98,PHARMA,Healthcare,Drug Manufacturers - Specialty & Generic,2026-05-11
PARACABLES,18333954048.0,SMALL CAP,31.61579,2.4697804,0.0,13.638,0.02408,0.03665,0.177,-0.662,60.07,IT,Technology,Communication Equipment,2026-05-11
PARADEEP,127269330944.0,MID CAP,12.089743,1.9730891,0.0,87.038,0.06987,0.049650002,0.4,-0.098,122.59,OTHERS,Basic Materials,Agricultural Inputs,2026-05-11
PARAGMILK,26691823616.0,SMALL CAP,20.974459,2.1147294,0.0,45.112,0.05835,0.03404,0.145,-0.208,213.52,FMCG,Consumer Defensive,Packaged Foods,2026-05-11
PARAS,69538807808.0,MID CAP,94.82417,10.356706,0.0,8.394,0.20527,0.17749001,0.24,0.209,862.9,DEFENCE,Industrials,Aerospace & Defense,2026-05-11
PARASPETRO,731944000.0,MICRO CAP,inf,3.369231,0.0,0.0,0.0,0.0,0.0,0.0,2.19,FMCG,Consumer Cyclical,Textile Manufacturing,2026-05-11
PARKHOSPS,112211329024.0,MID CAP,43.011593,8.316474,0.0,58.033,0.20516,0.16575001,0.178,0.134,259.79,PHARMA,Healthcare,Medical Care Facilities,2026-05-11
PARKHOTELS,27557281792.0,SMALL CAP,34.166664,2.1083992,0.0,23.441,0.25586998,0.11472,0.127,-0.252,129.15,FMCG,Consumer Cyclical,Lodging,2026-05-11
PARSVNATH,2811270400.0,MICRO CAP,0.0,-0.124881595,0.0,0.0,-0.33521998,-1.8809199,0.048,0.0,6.46,REALTY,Real Estate,Real Estate - Development,2026-05-11
PASHUPATI,13776275456.0,SMALL CAP,93.84946,8.601557,0.0,56.803,0.01781,0.022739999,-0.035,1.754,87.28,FMCG,Consumer Cyclical,Textile Manufacturing,2026-05-11
PASUPTAC,4818536448.0,MICRO CAP,8.775974,1.2594353,0.0,28.845,0.13371,0.0588,0.548,1.526,54.06,FMCG,Consumer Cyclical,Textile Manufacturing,2026-05-11
PATANJALI,494108114944.0,LARGE CAP,29.993395,4.078205,0.0,23.903,0.03551,0.04236,0.152,0.597,454.1,FMCG,Consumer Defensive,Packaged Foods,2026-05-11
PATELENG,26750885888.0,SMALL CAP,9.828071,0.6191013,0.0,39.667,0.09563,0.04982,0.028,-0.152,28.01,CAPITAL GOODS,Industrials,Engineering & Construction,2026-05-11
PATELRMART,6944304128.0,SMALL CAP,19.144567,1.5927163,0.0,33.682,0.05558,0.03881,0.355,0.442,207.91,FMCG,Consumer Cyclical,Department Stores,2026-05-11
PATINTLOG,832245504.0,MICRO CAP,9.803279,0.69684786,0.0,10.698,0.01648,0.018660001,-0.015,0.182,11.96,CAPITAL GOODS,Industrials,Integrated Freight & Logistics,2026-05-11
PAUSHAKLTD,12240924672.0,SMALL CAP,33.5666,2.548289,0.0,12.493,0.13258,0.16879,-0.009,-0.596,496.45,CHEMICALS,Basic Materials,Specialty Chemicals,2026-05-11
PAVNAIND,2659441664.0,MICRO CAP,0.0,1.3333333,0.0,36.865,0.046230003,0.01253,0.36,2.86,19.06,AUTO,Consumer Cyclical,Auto Parts,2026-05-11
PAYTM,766039556096.0,LARGE CAP,139.95322,4.963971,0.03558,1.073,0.0,0.06554,0.184,0.0,1196.6,IT,Technology,Software - Infrastructure,2026-05-11
PCBL,115737018368.0,MID CAP,43.44904,2.8972874,0.05125,124.132,0.07217,0.02405,-0.01,-0.613,294.15,CHEMICALS,Basic Materials,Specialty Chemicals,2026-05-11
PCJEWELLER,87686127616.0,MID CAP,12.9,0.8713693,0.0,22.029,0.22409001,0.21006,0.369,0.188,9.03,FMCG,Consumer Cyclical,Luxury Goods,2026-05-11
PDMJEPAPER,8022325248.0,SMALL CAP,8.647902,1.2718842,0.0,1.877,0.11951,0.116280004,0.052,0.058,84.49,OTHERS,Basic Materials,Paper & Paper Products,2026-05-11
PDSL,41527230464.0,SMALL CAP,38.495403,2.4301322,0.0,70.401,0.02437,0.00824,0.015,-0.207,292.95,CAPITAL GOODS,Industrials,Specialty Business Services,2026-05-11
PEARLPOLY,346462912.0,MICRO CAP,0.0,1.0098135,0.0,0.0,-0.33753,-0.25146,-0.145,0.0,20.58,FMCG,Consumer Cyclical,Packaging & Containers,2026-05-11
PENIND,22637230080.0,SMALL CAP,16.961576,2.1179218,0.0,92.847,0.06476,0.03703,0.123,0.107,167.75,CAPITAL GOODS,Industrials,Specialty Industrial Machinery,2026-05-11
PENINLAND,5712359936.0,SMALL CAP,0.0,2.7609427,0.0,228.395,-0.1517,-0.3849,-0.728,0.0,17.22,REALTY,Real Estate,Real Estate - Development,2026-05-11
PERSISTENT,796481486848.0,LARGE CAP,42.971176,10.176031,0.26349002,6.092,0.16252,0.12646,0.251,0.321,5098.1,IT,Technology,Information Technology Services,2026-05-11
PETRONET,413625024512.0,LARGE CAP,10.573236,1.9586881,0.18559,10.507,0.17536,0.089949995,-0.233,0.253,275.75,POWER,Energy,Oil & Gas Refining & Marketing,2026-05-11
PFC,1480095563776.0,LARGE CAP,5.8704185,1.1655587,0.0,603.342,0.93408996,0.50505,0.115,0.08,448.5,OTHERS,Financial Services,Credit Services,2026-05-11
PFIZER,223038488576.0,LARGE CAP,26.142956,5.795485,0.0,2.334,0.33166,0.34385,0.199,0.112,4875.4,PHARMA,Healthcare,Drug Manufacturers - General,2026-05-11
PFOCUS,226356445184.0,LARGE CAP,0.0,5.6320357,0.0,246.44,0.1883,-0.022149999,0.313,0.0,291.7,OTHERS,Communication Services,Entertainment,2026-05-11
PFS,20225501184.0,SMALL CAP,6.090909,0.7343236,0.0,0.0,0.84139997,0.54587,-0.555,-0.624,31.49,OTHERS,Financial Services,Credit Services,2026-05-11
PGEL,145708793856.0,MID CAP,52.028538,5.3929543,0.0,20.346,0.067210004,0.05052,0.459,0.476,510.4,IT,Technology,Electronic Components,2026-05-11
PGHH,321556054016.0,LARGE CAP,44.904804,34.529034,0.0,0.221,0.31088,0.198,0.011,0.122,9906.0,FMCG,Consumer Defensive,Household & Personal Products,2026-05-11
PGHL,87312752640.0,MID CAP,36.92783,14.088656,0.0,1.0,0.27968,0.21764,0.207,-0.146,5260.0,PHARMA,Healthcare,Drug Manufacturers - Specialty & Generic,2026-05-11
PGIL,71138697216.0,MID CAP,27.059855,5.503454,0.0,58.681,0.06289,0.05316,0.144,-0.069,1541.6,FMCG,Consumer Cyclical,Apparel Manufacturing,2026-05-11
PHOENIXLTD,647651131392.0,LARGE CAP,51.828854,6.001843,0.11056,37.211,0.53540003,0.27671,0.337,0.5,1810.9,REALTY,Real Estate,Real Estate - Diversified,2026-05-11
PICCADIL,61029257216.0,MID CAP,43.540787,8.55345,0.17366,58.89,0.18259001,0.13251,0.409,0.023,619.15,FMCG,Consumer Defensive,Beverages - Wineries & Distilleries,2026-05-11
PIDILITIND,1462746742784.0,LARGE CAP,59.733997,15.314124,0.23523001,3.776,0.20533001,0.16771999,0.141,0.37,1437.2,CHEMICALS,Basic Materials,Specialty Chemicals,2026-05-11
PIGL,2418546944.0,MICRO CAP,17.052238,1.6308614,0.0,21.323,0.11853,0.062480003,0.458,-0.129,114.25,CAPITAL GOODS,Industrials,Engineering & Construction,2026-05-11
PIIND,468884357120.0,LARGE CAP,32.3644,4.330786,0.0,2.237,0.14313,0.20922,-0.276,-0.164,3090.8,OTHERS,Basic Materials,Agricultural Inputs,2026-05-11
PILANIINVS,52408279040.0,MID CAP,4930.5205,0.30845803,0.0,13.114,0.92633003,0.00409,-0.029,0.0,4733.3,OTHERS,Financial Services,Asset Management,2026-05-11
PILITA,2143200000.0,MICRO CAP,50.666664,3.1899266,0.0,18.778,0.04753,0.04137,-0.014,-0.571,9.12,FMCG,Consumer Cyclical,"Furnishings, Fixtures & Appliances",2026-05-11
PINELABS,224442105856.0,LARGE CAP,888.4546,5.2411985,0.0,23.128,0.08708999,0.00929,0.237,0.0,195.46,IT,Technology,Software - Infrastructure,2026-05-11
PIONEEREMB,812911360.0,MICRO CAP,0.0,0.5338028,0.0,58.879,0.00147,-0.00635,-0.155,0.0,26.38,FMCG,Consumer Cyclical,Textile Manufacturing,2026-05-11
PIONRINV,0.0,UNKNOWN,0.0,0.8138917,0.0,40.637,0.52126,0.36407003,0.38,2.876,108.74,OTHERS,,,2026-05-11
PIRAMALFIN,444077080576.0,LARGE CAP,29.690239,1.579395,0.06717,283.736,-0.49855998,0.28951,-0.247,2441.299,1964.9,OTHERS,Financial Services,Credit Services,2026-05-11
PITTIENG,35485032448.0,SMALL CAP,27.473562,3.8046727,0.0,82.817,0.12812,0.06771,0.15,-0.007,961.3,CAPITAL GOODS,Industrials,Metal Fabrication,2026-05-11
PIXTRANS,20832929792.0,SMALL CAP,19.04584,3.2647293,0.0,4.661,0.24797001,0.19001,0.084,0.585,1529.0,CAPITAL GOODS,Industrials,Specialty Industrial Machinery,2026-05-11
PKTEA,2674684672.0,MICRO CAP,0.0,1.2257879,0.0,20.57,0.23947,-0.00399,0.501,0.0,863.95,FMCG,Consumer Defensive,Farm Products,2026-05-11
PLASTIBLEN,4479498752.0,MICRO CAP,12.21545,1.0291808,0.08371,4.968,0.07274,0.04652,0.058,0.452,172.36,CHEMICALS,Basic Materials,Specialty Chemicals,2026-05-11
PLATIND,14959228928.0,SMALL CAP,0.0,3.545286,0.0,6.353,0.13529,0.10422,0.12,0.09,264.06,CHEMICALS,Basic Materials,Specialty Chemicals,2026-05-11
PLAZACABLE,2517057024.0,MICRO CAP,47.941666,2.177682,0.0,27.229,0.045089997,0.01869,0.339,7.0,57.53,CAPITAL GOODS,Industrials,Electrical Equipment & Parts,2026-05-11
PML,0.0,UNKNOWN,0.0,0.19251782,0.0,1.321,-0.0094800005,0.13024001,-0.376,0.0,567.9,OTHERS,,,2026-05-11
PNB,1202391744512.0,LARGE CAP,6.53875,0.8073777,0.12985,0.0,0.29405,0.31221,0.152,0.019,104.62,BANKING,Financial Services,Banks - Regional,2026-05-11
PNBGILTS,12658312192.0,SMALL CAP,6.9692764,0.7707315,0.1116,1480.222,0.79792,0.46977,-0.033,-0.827,70.32,OTHERS,Financial Services,Capital Markets,2026-05-11
PNBHOUSING,279517593600.0,LARGE CAP,12.213116,1.4543641,0.127,277.418,0.77546996,0.58886003,0.216,0.19,1072.8,NBFC,Financial Services,Mortgage Finance,2026-05-11
PNC,297730848.0,MICRO CAP,0.0,0.40747634,0.0,2.01,0.20963,-0.2538,2.224,0.0,20.58,OTHERS,Communication Services,Entertainment,2026-05-11
PNCINFRA,56928608256.0,MID CAP,7.1216307,0.8596165,0.0,76.537,0.17409,0.14596,-0.183,-0.057,221.91,CAPITAL GOODS,Industrials,Engineering & Construction,2026-05-11
PNGJL,89886416896.0,MID CAP,22.745535,5.28835,0.0,75.905,0.06938,0.04344,0.356,0.986,662.35,FMCG,Consumer Cyclical,Luxury Goods,2026-05-11
PNGSREVA,13238836224.0,SMALL CAP,22.274666,7.590876,0.0,110.384,0.23153,0.18263,20.662,1.114,417.65,FMCG,Consumer Cyclical,Luxury Goods,2026-05-11
POCL,42197098496.0,SMALL CAP,37.0182,5.93244,0.0,5.327,0.063990004,0.04356,0.532,1.456,1383.0,CHEMICALS,Basic Materials,Specialty Chemicals,2026-05-11
PODDARMENT,2733666560.0,MICRO CAP,18.03009,0.7448189,0.0,0.0,0.04329,0.04192,0.015,-0.546,257.65,CHEMICALS,Basic Materials,Specialty Chemicals,2026-05-11
POKARNA,26759550976.0,SMALL CAP,23.453804,3.303833,0.0,37.631,0.21020001,0.16514999,-0.396,-0.597,863.1,CAPITAL GOODS,Industrials,Building Products & Equipment,2026-05-11
POLICYBZR,760798511104.0,LARGE CAP,113.43233,11.130613,0.097440004,4.922,0.088970006,0.09861,0.367,0.528,1642.5,OTHERS,Financial Services,Insurance Brokers,2026-05-11
POLYCAB,1364815642624.0,LARGE CAP,51.182816,12.162677,0.24585,1.942,0.119969994,0.09251001,0.269,0.08,9065.5,CAPITAL GOODS,Industrials,Electrical Equipment & Parts,2026-05-11
POLYMED,167522353152.0,MID CAP,48.269005,5.7337365,0.0,8.169,0.16697,0.19514999,0.164,-0.176,1650.8,PHARMA,Healthcare,Medical Instruments & Supplies,2026-05-11
POLYPLEX,29358231552.0,SMALL CAP,97.416664,0.72650546,0.0,14.462,0.00634,0.00435,-0.023,-0.745,935.2,CHEMICALS,Basic Materials,Specialty Chemicals,2026-05-11
PONNIERODE,2761381888.0,MICRO CAP,10.665892,0.5150547,0.0,0.0,0.04354,0.06163,0.308,2.932,321.15,FMCG,Consumer Defensive,Confectioners,2026-05-11
POONAWALLA,386921365504.0,LARGE CAP,64.61257,3.5528529,0.0,425.941,0.24285,0.13774,0.0,6.834,441.95,OTHERS,Financial Services,Credit Services,2026-05-11
POWERGRID,2891557634048.0,LARGE CAP,19.967888,2.9183993,0.0,141.186,0.58665,0.32792,0.103,0.084,310.9,IT,Utilities,Utilities - Regulated Electric,2026-05-11
POWERICA,63510061056.0,MID CAP,38.01894,4.500897,0.0,47.768,0.06606,0.09039,0.083,2.504,501.85,CAPITAL GOODS,Industrials,Specialty Industrial Machinery,2026-05-11
POWERINDIA,1471779438592.0,LARGE CAP,173.39705,32.113407,0.0,1.843,0.16273001,0.11545999,0.3,0.81,33020.0,CAPITAL GOODS,Industrials,Electrical Equipment & Parts,2026-05-11
POWERMECH,79878561792.0,MID CAP,23.590103,3.4960196,0.0,41.065,0.09887,0.05835,0.061,0.146,2526.5,CAPITAL GOODS,Industrials,Engineering & Construction,2026-05-11
PPAP,3405030400.0,MICRO CAP,2001.25,1.2820239,0.0,65.322,0.027390001,0.00031,-0.003,-0.956,240.15,AUTO,Consumer Cyclical,Auto Parts,2026-05-11
PPL,4974388224.0,MICRO CAP,12.421744,1.0880417,0.0,2.772,0.07706,0.05353,-0.059,-0.562,207.94,CAPITAL GOODS,Industrials,Building Products & Equipment,2026-05-11
PPLPHARMA,243951616000.0,LARGE CAP,0.0,3.017418,-0.04002,69.519,0.08799,-0.03675,-0.001,0.0,184.15,PHARMA,Healthcare,Drug Manufacturers - Specialty & Generic,2026-05-11
PRABHA,25008246784.0,SMALL CAP,0.0,5.728002,0.0,33.72,-0.08312,-0.07345,0.732,0.0,170.62,POWER,Energy,Oil & Gas E&P,2026-05-11
PRADPME,0.0,UNKNOWN,0.0,4.649843,0.0,45.704,0.121759996,0.08116,0.06,0.068,393.2,OTHERS,,,2026-05-11
PRAENG,1609921920.0,MICRO CAP,0.0,0.33431605,0.0,34.324,-0.06573,-0.52352,-0.3,0.0,23.02,REALTY,Real Estate,Real Estate - Development,2026-05-11
PRAJIND,73194373120.0,MID CAP,141.20569,5.6204834,0.0,16.118,0.02465,0.01635,-0.014,0.0,398.2,CAPITAL GOODS,Industrials,Engineering & Construction,2026-05-11
PRAKASH,26516649984.0,SMALL CAP,8.021128,0.77333266,0.0,9.971,0.102869995,0.09715,-0.138,0.036,148.07,METALS,Basic Materials,Steel,2026-05-11
PRAKASHSTL,784001728.0,MICRO CAP,74.66667,11.256282,0.0,22.772,0.019199999,0.012150001,0.271,-0.5,4.48,METALS,Basic Materials,Steel,2026-05-11
PRAVEG,0.0,UNKNOWN,0.0,1.7132174,0.0,23.257,0.15529001,-0.01096,0.667,-0.069,291.85,OTHERS,,,2026-05-11
PRAXIS,1419605248.0,MICRO CAP,3.7821782,2.2860563,0.0,309.88,-0.28688,0.34951,-0.228,0.0,7.64,FMCG,Consumer Cyclical,Specialty Retail,2026-05-11
PRECAM,16205533184.0,SMALL CAP,19.838371,1.9817172,0.0,13.008,0.13286,0.10709,-0.089,-0.29,170.61,AUTO,Consumer Cyclical,Auto Parts,2026-05-11
PRECOT,7761600000.0,SMALL CAP,19.238548,1.6763511,0.0,81.297,0.07179,0.03255,-0.166,-0.375,646.8,FMCG,Consumer Cyclical,Textile Manufacturing,2026-05-11
PRECWIRE,75042668544.0,MID CAP,57.332405,11.163992,0.0,19.307,0.043109998,0.027579999,0.365,0.943,410.5,CAPITAL GOODS,Industrials,Electrical Equipment & Parts,2026-05-11
PREMCO,0.0,UNKNOWN,0.0,0.0,0.0,8.677,-0.08044,0.09769,-0.396,-0.121,471.4,OTHERS,,,2026-05-11
PREMEXPLN,28274325504.0,SMALL CAP,65.8772,10.225041,0.0,10.097,0.10602,0.115150005,-0.509,-0.339,525.7,CHEMICALS,Basic Materials,Specialty Chemicals,2026-05-11
PREMIER,95435992.0,MICRO CAP,0.0,-0.02678435,0.0,0.0,-5.81716,0.0,-0.718,0.0,2.98,CAPITAL GOODS,Industrials,Specialty Industrial Machinery,2026-05-11
PREMIERENE,453011439616.0,LARGE CAP,35.82441,13.018272,0.0,46.964,0.27012,0.18444,0.13,0.541,1003.8,IT,Technology,Solar,2026-05-11
PREMIERPOL,6014312448.0,SMALL CAP,20.88,4.584797,0.0,12.992,0.12849,0.08767,0.276,0.391,57.42,CHEMICALS,Basic Materials,Specialty Chemicals,2026-05-11
PRESTIGE,626927861760.0,LARGE CAP,64.8041,3.9610617,0.06322,89.294,0.16178,0.095699996,1.341,11.61,1455.5,REALTY,Real Estate,Real Estate - Diversified,2026-05-11
PRICOLLTD,74634133504.0,MID CAP,35.152122,6.5863914,0.0,10.545,0.087740004,0.05727,0.64,0.535,612.35,AUTO,Consumer Cyclical,Auto Parts,2026-05-11
PRIMESECU,9564976128.0,SMALL CAP,34.66216,4.0583105,0.0,0.723,0.08542,0.23128,0.416,-0.72,282.15,OTHERS,Financial Services,Capital Markets,2026-05-11
PRIMO,6317887488.0,SMALL CAP,113.347824,1.6003683,0.0,40.547,0.03385,0.015520001,-0.026,-0.556,26.07,CHEMICALS,Basic Materials,Chemicals,2026-05-11
PRINCEPIPE,28204003328.0,SMALL CAP,65.063774,1.7776988,0.0,14.911,-0.00988,0.01672,-0.008,0.0,255.05,CAPITAL GOODS,Industrials,Building Products & Equipment,2026-05-11
PRITI,603704000.0,MICRO CAP,38.31356,0.8150058,0.0,0.0,-0.06547,0.04403,-0.777,-0.872,45.21,FMCG,Consumer Cyclical,"Furnishings, Fixtures & Appliances",2026-05-11
PRITIKAUTO,2359484672.0,MICRO CAP,15.571428,0.94447774,0.0,65.121,0.118090004,0.03433,0.406,0.632,14.17,CAPITAL GOODS,Industrials,Specialty Industrial Machinery,2026-05-11
PRIVISCL,135660863488.0,MID CAP,45.261303,10.941403,0.0,86.003,0.19158001,0.12231,0.232,0.755,3472.9,CHEMICALS,Basic Materials,Specialty Chemicals,2026-05-11
PROSTARM,9409926144.0,SMALL CAP,40.46329,3.249502,0.0,6.147,0.12133,0.0875,1.102,0.543,159.83,CAPITAL GOODS,Industrials,Electrical Equipment & Parts,2026-05-11
PROTEAN,22804264960.0,SMALL CAP,25.279156,2.2382884,0.0,6.583,0.08966,0.099309996,0.131,-0.016,561.45,IT,Technology,Information Technology Services,2026-05-11
PROZONER,7624039936.0,SMALL CAP,0.0,1.5876446,0.0,53.946,0.28983998,-0.14723,0.298,1.4,49.96,REALTY,Real Estate,Real Estate - Diversified,2026-05-11
PRSMJOHNSN,64243396608.0,MID CAP,32.80977,4.090967,0.0,93.47,0.0035299999,0.02535,-0.008,0.26,127.63,OTHERS,Basic Materials,Building Materials,2026-05-11
PRUDENT,113566097408.0,MID CAP,51.026978,14.890683,0.0,4.26,0.22106001,0.16879,0.206,0.196,2742.7,OTHERS,Financial Services,Asset Management,2026-05-11
PRUDMOULI,531835488.0,MICRO CAP,9.477012,0.0,0.0,0.0,0.0,0.0,0.0,0.0,16.49,FMCG,Consumer Defensive,Confectioners,2026-05-11
PSB,176467214336.0,MID CAP,13.370968,1.2784661,0.096190006,0.0,0.41716,0.25620002,0.338,0.291,24.87,BANKING,Financial Services,Banks - Regional,2026-05-11
PSPPROJECT,32426985472.0,SMALL CAP,78.57829,2.5952766,0.0,26.131,0.03454,0.0863,0.665,2.211,818.0,CAPITAL GOODS,Industrials,Engineering & Construction,2026-05-11
PTC,63221456896.0,MID CAP,7.4940352,1.0814725,0.0,32.871,0.050329998,0.052010003,-0.005,-0.276,213.58,IT,Utilities,Utilities - Independent Power Producers,2026-05-11
PTCIL,255742902272.0,LARGE CAP,390.87994,18.052685,0.0,12.655,0.09851,0.13265,1.324,0.288,17058.0,CAPITAL GOODS,Industrials,Metal Fabrication,2026-05-11
PTL,5333469696.0,SMALL CAP,12.790476,0.59382737,0.0,1.036,0.86127,0.64778,0.0,0.063,40.29,REALTY,Real Estate,Real Estate Services,2026-05-11
PUNJABCHEM,13683372032.0,SMALL CAP,22.78742,3.4218726,0.0,31.02,0.09235,0.05865,0.153,1.275,1115.9,CHEMICALS,Basic Materials,Chemicals,2026-05-11
PURVA,50882834432.0,MID CAP,0.0,3.1472871,0.0,274.76,0.19518,-0.048410002,2.361,0.0,214.56,REALTY,Real Estate,Real Estate - Development,2026-05-11
PVP,7830338560.0,SMALL CAP,0.0,3.6233282,0.0,77.376,0.25967,-0.120349996,4.636,0.0,30.07,CAPITAL GOODS,Industrials,Conglomerates,2026-05-11
PVRINOX,100753162240.0,MID CAP,477.2093,1.4159634,0.0,105.057,0.16229999,0.00349,0.095,1.65,1026.0,OTHERS,Communication Services,Entertainment,2026-05-11
PVSL,7661638144.0,SMALL CAP,0.0,1.2179966,0.0,176.217,0.0091699995,-0.00354,0.308,0.0,107.61,AUTO,Consumer Cyclical,Auto & Truck Dealerships,2026-05-11
PWL,315509899264.0,LARGE CAP,0.0,50.610092,0.0,67.044,0.12047,-0.066939995,0.337,-0.027,110.33,FMCG,Consumer Defensive,Education & Training Services,2026-05-11
PYRAMID,6446978048.0,SMALL CAP,25.298119,2.4623206,0.0,53.667,0.05025,0.03865,0.053,-0.297,174.81,FMCG,Consumer Cyclical,Packaging & Containers,2026-05-11
QPOWER,97749934080.0,MID CAP,91.46376,20.807095,0.0,5.486,0.26584,0.13786,2.913,1.618,1262.2,CAPITAL GOODS,Industrials,Electrical Equipment & Parts,2026-05-11
QUADFUTURE,12593999872.0,SMALL CAP,0.0,4.6808796,0.0,9.292,-0.46101,-0.27392998,0.232,0.0,314.85,CAPITAL GOODS,Industrials,Railroads,2026-05-11
QUESS,32920119296.0,SMALL CAP,53.248795,2.9483354,0.19714001,10.656,0.01946,0.014479999,0.0,0.0,220.45,CAPITAL GOODS,Industrials,Staffing & Employment Services,2026-05-11
QUICKHEAL,11622031360.0,SMALL CAP,208.00002,2.6544092,0.0,0.0,-0.04389,0.02076,0.013,58.0,214.24,IT,Technology,Software - Application,2026-05-11
QUINT,0.0,UNKNOWN,0.0,1.1289704,0.0,13.977,-0.14929,0.75695,2.679,0.0,41.23,OTHERS,,,2026-05-11
QUINTEGRA,34857976.0,MICRO CAP,0.0,-0.27259383,0.0,0.0,0.0,0.0,0.0,0.0,1.3,IT,Technology,Information Technology Services,2026-05-11
RACE,2153698560.0,MICRO CAP,32.67016,2.7849061,0.0,84.464,0.02159,0.01012,-0.221,0.1,124.8,CAPITAL GOODS,Industrials,Waste Management,2026-05-11
RACLGEAR,15024483328.0,SMALL CAP,33.64983,4.4988914,0.0,72.348,0.16618,0.09674,0.217,1.318,1272.3,AUTO,Consumer Cyclical,Auto Parts,2026-05-11
RADAAN,168984000.0,MICRO CAP,0.0,-1.1769143,0.0,0.0,-0.43185002,-0.74382,-0.335,0.0,3.12,OTHERS,Communication Services,Entertainment,2026-05-11
RADHIKAJWE,7645148160.0,SMALL CAP,9.434402,2.125731,0.0,11.904,0.19323999,0.13441,0.037,0.349,64.72,FMCG,Consumer Cyclical,Luxury Goods,2026-05-11
RADIANTCMS,4590574080.0,MICRO CAP,13.036364,1.7459416,0.0,57.298,0.10052,0.08455,0.069,-0.259,43.02,CAPITAL GOODS,Industrials,Specialty Business Services,2026-05-11
RADICO,467380240384.0,LARGE CAP,77.20575,16.957083,0.0,20.939,0.14869,0.08838,0.195,0.621,3489.7,FMCG,Consumer Defensive,Beverages - Wineries & Distilleries,2026-05-11
RADIOCITY,2157253120.0,MICRO CAP,0.0,0.4315131,0.0,27.219,0.017239999,-0.23044,-0.289,0.066,6.14,OTHERS,Communication Services,Broadcasting,2026-05-11
RAILTEL,106872487936.0,MID CAP,33.636364,5.0594063,0.16254,2.817,0.11559,0.08003,0.284,0.253,333.0,TELECOM,Communication Services,Telecom Services,2026-05-11
RAIN,55096782848.0,MID CAP,128.98425,0.74267346,0.01872,127.738,0.06032,0.0025099998,0.17,0.0,163.81,CHEMICALS,Basic Materials,Specialty Chemicals,2026-05-11
RAINBOW,131314196480.0,MID CAP,51.409847,8.660311,0.0,53.24,0.24104999,0.15968001,0.119,0.056,1294.5,PHARMA,Healthcare,Medical Care Facilities,2026-05-11
RAJESHEXPO,34323972096.0,SMALL CAP,20.46655,0.20722331,0.0,5.254,0.00043000001,0.00023,1.433,1.017,116.25,FMCG,Consumer Cyclical,Luxury Goods,2026-05-11
RAJMET,1108684800.0,MICRO CAP,0.0,2.361602,0.0,28.176,0.01779,-0.00301,-0.734,5.585,4.01,OTHERS,Basic Materials,Copper,2026-05-11
RAJOOENG,10504321024.0,SMALL CAP,21.456205,3.1254654,0.18706,6.767,-0.00356,0.13869001,-0.117,-0.903,58.79,CAPITAL GOODS,Industrials,Specialty Industrial Machinery,2026-05-11
RAJPALAYAM,0.0,UNKNOWN,9.457783,0.0,0.0,0.0,0.0,0.0,0.0,0.0,823.3,OTHERS,,,2026-05-11
RAJRATAN,21709680640.0,SMALL CAP,30.918295,3.3367407,0.11594,49.797,0.067140006,0.06062,0.25,0.018,427.6,METALS,Basic Materials,Steel,2026-05-11
RAJRILTD,11678483456.0,SMALL CAP,49.380955,10.641355,0.0,152.096,0.03836,0.030620001,0.332,-0.3,20.74,FMCG,Consumer Cyclical,Textile Manufacturing,2026-05-11
RAJSREESUG,1167698816.0,MICRO CAP,0.0,0.48000437,0.0,138.15,-0.17,-0.03516,0.207,0.0,35.24,FMCG,Consumer Defensive,Confectioners,2026-05-11
RAJTV,1218925312.0,MICRO CAP,0.0,1.04784,0.0,19.756,0.04211,-0.05548,-0.616,-0.8,23.48,OTHERS,Communication Services,Broadcasting,2026-05-11
RAJVIR,37610260.0,MICRO CAP,0.0,-0.02716388,0.0,0.0,-0.49508998,-2.12832,-0.159,0.0,7.65,FMCG,Consumer Cyclical,Textile Manufacturing,2026-05-11
RALLIS,51942641664.0,MID CAP,28.234673,2.5386117,0.09323,2.986,-0.06579,0.06351,0.061,0.0,267.1,OTHERS,Basic Materials,Agricultural Inputs,2026-05-11
RAMANEWS,4812917248.0,MICRO CAP,0.0,-13.666667,0.0,0.0,0.15009,-0.99457,-0.289,0.0,31.98,FMCG,Consumer Defensive,Beverages - Non-Alcoholic,2026-05-11
RAMAPHO,4808660992.0,MICRO CAP,9.144684,1.192886,0.0,25.556,0.09199,0.06012,0.325,2.845,135.89,OTHERS,Basic Materials,Agricultural Inputs,2026-05-11
RAMASTEEL,9210910720.0,SMALL CAP,62.555553,1.8842036,0.0,26.441,0.0164,0.01349,0.052,-0.718,5.63,METALS,Basic Materials,Steel,2026-05-11
RAMCOCEM,224595918848.0,LARGE CAP,39.002872,2.973509,0.0,62.153,0.04506,0.06527,0.062,1.14,950.5,OTHERS,Basic Materials,Building Materials,2026-05-11
RAMCOIND,25210103808.0,SMALL CAP,9.880871,0.57740116,0.0,4.035,0.09652001,0.14926,0.131,0.26,290.3,CAPITAL GOODS,Industrials,Building Products & Equipment,2026-05-11
RAMCOSYS,15076339712.0,SMALL CAP,67.12374,4.6259694,0.0,14.863,0.103590004,0.03295,0.14,0.0,401.4,IT,Technology,Software - Application,2026-05-11
RAMKY,33446752256.0,SMALL CAP,14.964396,1.6270083,0.0,27.608,0.12508,0.122200005,0.065,0.393,483.35,CAPITAL GOODS,Industrials,Engineering & Construction,2026-05-11
RAMRAT,40648855552.0,SMALL CAP,47.280132,8.000478,0.0,122.585,0.049829997,0.01968,0.438,0.796,435.45,CAPITAL GOODS,Industrials,Electrical Equipment & Parts,2026-05-11
RANASUG,2136128384.0,MICRO CAP,7.601093,0.40269816,0.0,43.163,0.02996,0.01579,0.1,-0.098,13.91,FMCG,Consumer Defensive,Confectioners,2026-05-11
RANEHOLDIN,16318108672.0,SMALL CAP,44.178585,1.4544858,0.0,76.849,0.038629998,0.00653,0.237,0.0,1142.9,AUTO,Consumer Cyclical,Auto Parts,2026-05-11
RATEGAIN,77708345344.0,MID CAP,43.375084,4.2767544,0.0,0.823,0.110080004,0.13093,0.938,-0.528,658.0,IT,Technology,Software - Application,2026-05-11
RATNAMANI,213514240000.0,LARGE CAP,36.481438,5.5162992,0.0,6.134,0.1609,0.11417,-0.19,-0.175,3046.2,METALS,Basic Materials,Steel,2026-05-11
RATNAVEER,12075512832.0,SMALL CAP,16.398155,2.2411165,0.0,50.633,0.08292,0.05669,0.058,0.388,177.92,METALS,Basic Materials,Steel,2026-05-11
RAYMOND,32743305216.0,SMALL CAP,97.425735,1.0071999,0.0,29.425,0.03909,2.4857202,-0.416,-0.95,492.0,CAPITAL GOODS,Industrials,Specialty Industrial Machinery,2026-05-11
RAYMONDLSL,46431526912.0,SMALL CAP,100.70673,0.48153296,0.0,25.695,0.07822,0.00804,0.054,-0.331,762.35,FMCG,Consumer Cyclical,Apparel Manufacturing,2026-05-11
RAYMONDREL,39238721536.0,SMALL CAP,0.0,2.9236748,0.0,42.016,0.113520004,0.07475,7.211,-0.449,589.6,REALTY,Real Estate,Real Estate - Development,2026-05-11
RBA,39093514240.0,SMALL CAP,0.0,4.8419,0.0,229.249,-0.01245,-0.0729,0.118,0.0,67.07,FMCG,Consumer Cyclical,Restaurants,2026-05-11
RBLBANK,208691527680.0,LARGE CAP,23.970171,1.2455714,0.0,0.0,0.13972001,0.09082,0.408,3.679,337.5,BANKING,Financial Services,Banks - Regional,2026-05-11
RBZJEWEL,5790000128.0,SMALL CAP,11.20356,2.1388674,0.0,55.481,0.12503,0.08845,0.168,0.333,144.75,FMCG,Consumer Cyclical,Luxury Goods,2026-05-11
RCF,69578907648.0,MID CAP,22.243387,1.4133626,0.0,56.443,0.03999,0.01883,-0.062,0.014,126.12,OTHERS,Basic Materials,Agricultural Inputs,2026-05-11
RCOM,2598566400.0,MICRO CAP,0.0,-0.00266734,0.0,0.0,-0.96825,0.0,-0.276,0.0,0.94,TELECOM,Communication Services,Telecom Services,2026-05-11
RECLTD,925709828096.0,LARGE CAP,5.686671,1.1086408,0.19957,607.463,0.90234,0.70553,-0.144,-0.219,351.55,OTHERS,Financial Services,Credit Services,2026-05-11
REDINGTON,170942791680.0,MID CAP,9.688082,1.8971516,0.0,27.764,0.01903,0.01568,0.157,0.088,218.66,IT,Technology,Information Technology Services,2026-05-11
REDTAPE,74645610496.0,MID CAP,35.164062,8.675233,0.0,108.421,0.1881,0.09421,0.184,0.429,135.03,FMCG,Consumer Cyclical,Footwear & Accessories,2026-05-11
REFEX,34814345216.0,SMALL CAP,19.655306,2.6756434,0.0,13.652,0.14708,0.07498,-0.197,0.01,253.75,POWER,Energy,Thermal Coal,2026-05-11
REGAAL,9979583488.0,SMALL CAP,19.907787,1.9054997,0.0,108.692,0.09571,0.043730002,0.257,-0.296,97.15,FMCG,Consumer Defensive,Packaged Foods,2026-05-11
REGENCERAM,1154439680.0,MICRO CAP,1091.5,-1.7406211,0.0,0.0,-0.45193002,0.00327,1.909,0.0,43.66,CAPITAL GOODS,Industrials,Building Products & Equipment,2026-05-11
RELAXO,77258096640.0,MID CAP,46.114414,3.6437607,0.0,10.214,0.04528,0.06342,0.002,-0.197,310.35,FMCG,Consumer Cyclical,Footwear & Accessories,2026-05-11
RELCHEMQ,902738176.0,MICRO CAP,16.854929,0.64606166,0.0,180.277,0.08542,0.015039999,-0.112,3.077,119.67,FMCG,Consumer Cyclical,Textile Manufacturing,2026-05-11
RELIABLE,1341290368.0,MICRO CAP,11.410887,2.2189026,0.0,66.061,0.21822001,0.05625,-0.298,-0.236,129.97,IT,Technology,Information Technology Services,2026-05-11
RELIANCE,18785778008064.0,LARGE CAP,23.25293,2.078159,0.09139,36.653,0.099750005,0.0764,0.125,-0.126,1388.2,POWER,Energy,Oil & Gas Refining & Marketing,2026-05-11
RELIGARE,76123578368.0,MID CAP,73.700005,2.6095943,0.0,8.066,-0.04551,0.01276,0.238,0.0,228.47,OTHERS,Financial Services,Insurance - Life,2026-05-11
RELINFRA,28980865024.0,SMALL CAP,0.45747423,0.16940175,0.0,21.171,0.10809,0.30998,-0.146,0.0,71.0,IT,Utilities,Utilities - Independent Power Producers,2026-05-11
RELTD,24048211968.0,SMALL CAP,29.58901,5.672931,0.20363002,366.24,-0.06382,0.1488,-0.34,0.0,134.63,IT,Technology,Solar,2026-05-11
REMSONSIND,3990399488.0,MICRO CAP,22.803608,2.9392467,0.0,71.804,0.08315,0.039100002,0.2,0.289,113.79,AUTO,Consumer Cyclical,Auto Parts,2026-05-11
RENUKA,55319445504.0,MID CAP,0.0,-2.0816982,0.0,0.0,0.08239,-0.08512,-0.038,0.0,25.99,FMCG,Consumer Defensive,Confectioners,2026-05-11
REPCOHOME,25099618304.0,SMALL CAP,5.4481263,0.6950918,0.0,318.337,0.66573,0.55464,0.133,0.02,401.2,NBFC,Financial Services,Mortgage Finance,2026-05-11
REPL,1372779392.0,MICRO CAP,35.900475,0.91262865,0.0,0.0,0.01005,0.03816,-0.338,0.0,75.75,CAPITAL GOODS,Industrials,Consulting Services,2026-05-11
REPRO,5543038464.0,SMALL CAP,0.0,1.5372925,0.0,35.444,0.016280001,-0.043909997,0.034,-0.361,386.4,CAPITAL GOODS,Industrials,Specialty Business Services,2026-05-11
RESPONIND,45531406336.0,SMALL CAP,25.300741,3.0906491,0.0,13.937,0.090909995,0.13376,-0.154,-0.523,170.78,CHEMICALS,Basic Materials,Specialty Chemicals,2026-05-11
RETAIL,167702032.0,MICRO CAP,107.57895,0.56650317,0.0,29.565,0.032,0.00916,0.02,0.0,20.44,FMCG,Consumer Defensive,Grocery Stores,2026-05-11
RGL,11954983936.0,SMALL CAP,12.558061,0.8259432,0.0,48.158,0.0637,0.03243,0.356,0.196,111.39,FMCG,Consumer Cyclical,Luxury Goods,2026-05-11
RHETAN,21316407296.0,SMALL CAP,334.375,19.683592,0.101660006,38.419,0.43081,0.31246,0.65,0.0,26.75,METALS,Basic Materials,Steel,2026-05-11
RHFL,1068601920.0,MICRO CAP,0.0,-2.844156,0.0,0.0,4.31952,0.0,0.0,0.0,2.19,NBFC,Financial Services,Mortgage Finance,2026-05-11
RHIM,82579914752.0,MID CAP,48.238842,2.0618715,0.0,10.315,0.085530005,0.042779997,0.08,0.3,399.9,CAPITAL GOODS,Industrials,Metal Fabrication,2026-05-11
RHL,3108701184.0,MICRO CAP,11.414603,0.4269325,0.0,20.707,0.23509,0.18447,0.178,1.808,179.78,FMCG,Consumer Cyclical,Lodging,2026-05-11
RICOAUTO,16508827648.0,SMALL CAP,31.778646,2.1442628,0.0,91.352,0.054970004,0.022149999,0.141,4.714,122.03,AUTO,Consumer Cyclical,Auto Parts,2026-05-11
RIIL,11713824768.0,SMALL CAP,94.83496,2.4745843,0.02648,0.0,-0.18861,0.27278998,-0.325,0.005,775.75,CAPITAL GOODS,Industrials,Engineering & Construction,2026-05-11
RISHABH,19333931008.0,SMALL CAP,27.814753,2.7975812,0.0,14.997,0.11785,0.09026,0.013,1.51,501.5,IT,Technology,Scientific & Technical Instruments,2026-05-11
RITCO,7078052864.0,SMALL CAP,17.252604,2.2179697,0.0,107.999,0.050419997,0.0295,0.255,-0.113,248.61,CAPITAL GOODS,Industrials,Integrated Freight & Logistics,2026-05-11
RITES,107016044544.0,MID CAP,25.922,4.069708,0.0,0.285,0.20579,0.18255,0.057,0.019,222.67,CAPITAL GOODS,Industrials,Engineering & Construction,2026-05-11
RKDL,516720032.0,MICRO CAP,358.83334,1.0337048,0.0,101.046,0.00846,0.00428,-0.507,-0.067,21.53,FMCG,Consumer Defensive,Beverages - Wineries & Distilleries,2026-05-11
RKEC,837751680.0,MICRO CAP,4.1820354,0.42507604,0.04804,102.585,0.17068,0.03383,-0.726,-0.805,34.92,CAPITAL GOODS,Industrials,Engineering & Construction,2026-05-11
RKFORGE,112825032704.0,MID CAP,156.62468,3.6320305,0.02269,74.422,0.098409995,0.01694,0.285,0.244,621.8,CAPITAL GOODS,Industrials,Metal Fabrication,2026-05-11
RKSWAMY,4800890368.0,MICRO CAP,25.915531,1.8899906,0.0,14.856,0.05493,0.057140004,0.155,-0.25,95.11,OTHERS,Communication Services,Advertising Agencies,2026-05-11
RMC,4899725824.0,MICRO CAP,12.013744,3.8588731,0.41316003,58.799,0.13352,0.08891,1.301,0.836,463.25,CAPITAL GOODS,Industrials,Electrical Equipment & Parts,2026-05-11
RMDRIP,8093519872.0,SMALL CAP,22.235292,5.4545455,0.0,40.967,0.2922,0.19016,0.551,0.366,18.9,CAPITAL GOODS,Industrials,Farm & Heavy Construction Machinery,2026-05-11
RML,24270934016.0,SMALL CAP,31.48799,3.2345152,0.15123,100.193,0.05804,0.027709998,-0.426,0.047,878.2,AUTO,Consumer Cyclical,Auto Parts,2026-05-11
RNBDENIMS,3664094464.0,MICRO CAP,13.226804,1.7841747,0.0,40.53,0.06229,0.060760003,0.187,-0.171,12.83,FMCG,Consumer Cyclical,Textile Manufacturing,2026-05-11
ROHLTD,9273836544.0,SMALL CAP,24.82746,3.8616145,0.0,263.871,0.20868,0.104490004,0.266,-0.493,338.15,FMCG,Consumer Cyclical,Lodging,2026-05-11
ROLEXRINGS,40692015104.0,SMALL CAP,20.752779,3.491203,0.0,0.01,0.17532,0.17462999,0.058,1.362,149.42,CAPITAL GOODS,Industrials,Metal Fabrication,2026-05-11
ROLLT,577800256.0,MICRO CAP,3.447761,-8.430657,0.0,0.0,0.0,0.0,0.0,0.0,2.31,REALTY,Real Estate,Real Estate Services,2026-05-11
ROML,679736768.0,MICRO CAP,12.493113,136.59639,0.0,6007.364,0.038340002,0.038340002,0.175,0.08,45.35,FMCG,Consumer Defensive,Packaged Foods,2026-05-11
ROSSARI,29102755840.0,SMALL CAP,19.509842,2.1823015,0.11848,32.695,0.078439996,0.06227,0.182,0.335,525.4,CHEMICALS,Basic Materials,Specialty Chemicals,2026-05-11
ROSSELLIND,2196573696.0,MICRO CAP,12.477516,0.9835429,0.0,0.0,0.13187,0.080579996,0.0,0.0,58.27,CAPITAL GOODS,Industrials,Conglomerates,2026-05-11
ROSSTECH,33193480192.0,SMALL CAP,155.25664,23.400112,0.0,186.722,0.105270006,0.04913,0.708,0.036,877.2,DEFENCE,Industrials,Aerospace & Defense,2026-05-11
ROTO,10926621696.0,SMALL CAP,34.843376,4.7616696,0.0,12.527,0.12906,0.10983,0.0,0.172,57.84,CAPITAL GOODS,Industrials,Specialty Industrial Machinery,2026-05-11
ROUTE,33741299712.0,SMALL CAP,18.117388,1.3336936,0.09722,1.488,0.099580005,0.05422,-0.038,0.932,535.55,TELECOM,Communication Services,Telecom Services,2026-05-11
RPEL,35885711360.0,SMALL CAP,65.557884,16.661692,0.25011998,2.213,0.27582002,0.21318,0.393,0.5,781.45,CHEMICALS,Basic Materials,Chemicals,2026-05-11
RPGLIFE,39928487936.0,SMALL CAP,19.720634,6.5953817,0.20278999,3.304,0.15314999,0.16278,0.236,-0.745,2414.2,PHARMA,Healthcare,Drug Manufacturers - Specialty & Generic,2026-05-11
RPOWER,115760226304.0,MID CAP,40.565216,0.70134556,0.0,92.224,0.21062,0.03667,0.011,-0.381,27.99,IT,Utilities,Utilities - Independent Power Producers,2026-05-11
RPPINFRA,3864726784.0,MICRO CAP,18.557144,0.6957438,0.0,18.172,0.00524,0.026600001,0.069,-0.971,77.94,CAPITAL GOODS,Industrials,Engineering & Construction,2026-05-11
RPPL,1337061120.0,MICRO CAP,9.348718,0.7851328,0.0,69.557,0.05683,0.04393,-0.015,0.0,18.23,FMCG,Consumer Cyclical,Packaging & Containers,2026-05-11
RPSGVENT,34042605568.0,SMALL CAP,0.0,1.2850119,0.0,135.449,0.075279996,-0.00856,0.156,0.0,1028.9,IT,Technology,Information Technology Services,2026-05-11
RPTECH,35865890816.0,SMALL CAP,14.845881,1.9335642,0.0,52.063,0.027999999,0.0171,0.426,1.259,544.25,IT,Technology,Electronics & Computer Distribution,2026-05-11
RRIL,0.0,UNKNOWN,0.0,0.0,0.0,26.175,0.06491,0.06179,0.04,-0.222,20.04,OTHERS,,,2026-05-11
RRKABEL,217388777472.0,LARGE CAP,44.173756,9.289602,0.20826,13.092,0.08344,0.05034,0.342,0.322,1922.0,CAPITAL GOODS,Industrials,Electrical Equipment & Parts,2026-05-11
RSDFIN,0.0,UNKNOWN,0.0,0.0,0.0,0.946,0.55877,0.21993,-0.484,0.0,82.0,OTHERS,,,2026-05-11
RSL,11834015744.0,SMALL CAP,29.687632,5.5245194,0.0,49.64,0.08444,0.04498,0.074,0.288,141.61,METALS,Basic Materials,Steel,2026-05-11
RSSOFTWARE,862504128.0,MICRO CAP,0.0,2.1748192,-0.39824,37.254,-1.4880099,-0.73227,-0.578,0.0,33.39,IT,Technology,Information Technology Services,2026-05-11
RSWM,7746813952.0,SMALL CAP,39.441246,0.58925325,0.0,115.817,0.028250001,0.00421,-0.088,0.0,164.47,FMCG,Consumer Cyclical,Textile Manufacturing,2026-05-11
RSYSTEMS,36370677760.0,SMALL CAP,20.429428,4.5819707,0.0,33.46,0.13757,0.1019,0.299,0.696,306.85,IT,Technology,Information Technology Services,2026-05-11
RTNINDIA,50140028928.0,MID CAP,0.0,4.8555765,0.0,107.296,0.01517,0.0,0.044,0.0,36.31,FMCG,Consumer Cyclical,Internet Retail,2026-05-11
RTNPOWER,52573335552.0,MID CAP,97.9,1.133758,0.0,84.871,0.09076,0.043169998,-0.007,11.315,9.79,IT,Utilities,Utilities - Independent Power Producers,2026-05-11
RUBFILA,3966413312.0,MICRO CAP,13.895436,1.3127974,0.098179996,0.342,0.03964,0.04836,0.064,-0.313,73.09,CHEMICALS,Basic Materials,Specialty Chemicals,2026-05-11
RUBICON,156751675392.0,MID CAP,75.99441,22.676788,0.0,87.66,0.20309,0.12902,0.517,0.793,951.45,PHARMA,Healthcare,Drug Manufacturers - General,2026-05-11
RUBYMILLS,7714273792.0,SMALL CAP,15.920635,1.178493,0.0,60.619,0.117989995,0.15446,0.247,-0.357,230.69,FMCG,Consumer Cyclical,Textile Manufacturing,2026-05-11
RUCHINFRA,1607329792.0,MICRO CAP,21.967741,0.9339002,0.0,43.622,-0.00509,0.17377001,0.026,0.0,6.81,CAPITAL GOODS,Industrials,Specialty Business Services,2026-05-11
RUCHIRA,3614227456.0,MICRO CAP,6.814856,0.724564,0.0,38.02,0.03508,0.084259994,-0.216,-0.877,121.1,OTHERS,Basic Materials,Paper & Paper Products,2026-05-11
RUDRA,2110230656.0,MICRO CAP,15.69403,1.600944,0.0,175.134,0.085159995,0.02217,0.069,3.625,21.03,METALS,Basic Materials,Steel,2026-05-11
RUPA,11941213184.0,SMALL CAP,17.87143,1.17966,0.0,24.808,0.070089996,0.054229997,-0.009,-0.318,150.12,FMCG,Consumer Cyclical,Apparel Manufacturing,2026-05-11
RUSHIL,4809101824.0,MICRO CAP,49.666664,0.73032707,0.0,44.026,0.066700004,0.01052,0.023,-0.5,16.39,FMCG,Consumer Cyclical,"Furnishings, Fixtures & Appliances",2026-05-11
RUSTOMJEE,53745455104.0,MID CAP,59.04993,1.9157304,0.0,43.367,0.02852,0.056199998,-0.426,-0.771,425.75,REALTY,Real Estate,Real Estate - Development,2026-05-11
RVHL,2465294848.0,MICRO CAP,4.837545,0.8795152,0.0,0.386,0.78616,0.67639,141.838,0.0,40.2,REALTY,Real Estate,Real Estate - Development,2026-05-11
RVNL,615914930176.0,LARGE CAP,53.514492,6.4702663,0.0,52.108,0.04522,0.056929998,0.026,0.04,295.4,CAPITAL GOODS,Industrials,Engineering & Construction,2026-05-11
RVTH,2141646208.0,MICRO CAP,24.013067,1.6967067,0.0,41.692,-0.029790001,0.06297,-0.238,0.0,698.3,CAPITAL GOODS,Industrials,Farm & Heavy Construction Machinery,2026-05-11
S&SPOWER,4800862720.0,MICRO CAP,59.754223,6.1017694,0.0,45.956,0.05158,0.03155,1.011,0.0,389.0,CAPITAL GOODS,Industrials,Electrical Equipment & Parts,2026-05-11
SAATVIKGL,59726643200.0,MID CAP,15.2268305,4.393683,0.0,47.22,0.11938,0.101560004,1.426,1.324,469.9,IT,Technology,Solar,2026-05-11
SABEVENTS,92780848.0,MICRO CAP,0.0,0.0,0.0,0.0,0.0,0.0,0.0,0.0,8.85,OTHERS,Communication Services,Publishing,2026-05-11
SADBHAV,1497812992.0,MICRO CAP,0.0,-0.6645352,0.0,0.0,0.57403,-0.21118,-0.042,0.0,8.73,CAPITAL GOODS,Industrials,Engineering & Construction,2026-05-11
SADBHIN,1003841856.0,MICRO CAP,0.0,-0.19013943,0.0,0.0,0.56031,-0.2235,0.182,0.0,2.85,CAPITAL GOODS,Industrials,Engineering & Construction,2026-05-11
SADHNANIQ,7797146112.0,SMALL CAP,0.0,0.3408502,0.0,102.168,-1.95287,-0.42525002,-0.737,0.0,2.63,CHEMICALS,Basic Materials,Chemicals,2026-05-11
SAFARI,73118539776.0,MID CAP,43.510204,6.9975715,0.0,10.828,0.07403,0.08417,0.157,0.053,1492.4,FMCG,Consumer Cyclical,Footwear & Accessories,2026-05-11
SAGARDEEP,409377600.0,MICRO CAP,20.512821,1.2616307,0.0,39.666,0.00854,0.0152199995,0.432,0.056,24.0,OTHERS,Basic Materials,Copper,2026-05-11
SAGCEM,24207038464.0,SMALL CAP,0.0,1.3783044,0.0,93.295,-0.04296,-0.067210004,0.047,0.0,185.2,OTHERS,Basic Materials,Building Materials,2026-05-11
SAGILITY,210472534016.0,LARGE CAP,24.839779,2.3922527,0.0,13.851,0.19663,0.12611,0.357,0.239,44.96,PHARMA,Healthcare,Health Information Services,2026-05-11
SAHLIBHFI,2319409920.0,MICRO CAP,0.0,1.4212707,0.0,24.527,0.67459,0.55768,0.106,0.064,75.09,OTHERS,Financial Services,Credit Services,2026-05-11
SAHYADRI,3622678016.0,MICRO CAP,15.93404,0.9262447,0.0,8.967,0.04839,0.03576,0.107,5.486,330.95,CAPITAL GOODS,Industrials,Building Products & Equipment,2026-05-11
SAIL,746468540416.0,LARGE CAP,26.773333,1.2855954,0.0,57.763,0.028450001,0.025510002,0.118,1.676,180.72,METALS,Basic Materials,Steel,2026-05-11
SAILIFE,238780874752.0,LARGE CAP,71.09848,10.411486,0.0,18.397,0.25838,0.15344,0.265,0.658,1126.2,PHARMA,Healthcare,Diagnostics & Research,2026-05-11
SAIPARENT,21479942144.0,SMALL CAP,109.01346,13.817603,0.16758,37.291,0.16059999,0.08862001,0.0,0.0,486.2,PHARMA,Healthcare,Drug Manufacturers - General,2026-05-11
SAKAR,11624672256.0,SMALL CAP,46.45614,3.8857174,0.0,28.056,0.17372,0.10899,0.62,1.207,529.6,PHARMA,Healthcare,Drug Manufacturers - Specialty & Generic,2026-05-11
SAKHTISUG,2235144960.0,MICRO CAP,14.120301,1.2714963,0.0,475.742,-0.16025,-0.43633,-0.096,0.0,18.78,FMCG,Consumer Defensive,Confectioners,2026-05-11
SAKSOFT,19390648320.0,SMALL CAP,16.084835,2.7725883,0.0,7.303,0.16746001,0.12759,0.106,0.042,151.68,IT,Technology,Information Technology Services,2026-05-11
SAKUMA,2915956736.0,MICRO CAP,46.5,0.70884144,0.0,6.194,-0.0028799998,0.00434,-0.239,-0.821,1.86,FMCG,Consumer Defensive,Farm Products,2026-05-11
SALASAR,13039709184.0,SMALL CAP,74.6,1.5858843,0.0,42.992,0.06046,0.01071,-0.118,-0.429,7.46,METALS,Basic Materials,Steel,2026-05-11
SALONA,1490048512.0,MICRO CAP,inf,1.2192549,0.0,278.404,0.03543,2.0000001e-05,-0.017,-0.794,283.15,FMCG,Consumer Cyclical,Textile Manufacturing,2026-05-11
SALSTEEL,8206824448.0,SMALL CAP,0.0,14.637232,0.0,604.599,-1.24091,-0.01695,-0.989,0.0,56.69,METALS,Basic Materials,Steel,2026-05-11
SALZERELEC,13651955712.0,SMALL CAP,24.969275,2.3938198,0.0,82.807,0.07119,0.032,0.242,-0.201,772.05,CAPITAL GOODS,Industrials,Electrical Equipment & Parts,2026-05-11
SAMBHAAV,1312931456.0,MICRO CAP,0.0,1.2869989,0.0,10.641,0.02707,-0.01584,0.01,-0.333,6.87,OTHERS,Communication Services,Publishing,2026-05-11
SAMBHV,38050922496.0,SMALL CAP,46.11786,3.8862972,0.0,19.466,0.06584,0.047420003,0.596,0.886,129.13,METALS,Basic Materials,Steel,2026-05-11
SAMHI,33784471552.0,SMALL CAP,15.826222,1.7470363,0.0,94.106,0.27326,0.1585,0.142,1.108,152.09,FMCG,Consumer Cyclical,Lodging,2026-05-11
SAMMAANCAP,166227197952.0,MID CAP,7.896026,0.52742004,0.0,203.545,0.57756,0.39868,-0.112,-0.077,145.05,NBFC,Financial Services,Mortgage Finance,2026-05-11
SAMPANN,1336905856.0,MICRO CAP,19.705036,2.872876,0.21290001,210.951,0.04652,0.04753,0.405,-0.813,27.39,CHEMICALS,Basic Materials,Specialty Chemicals,2026-05-11
SANATHAN,37327691776.0,SMALL CAP,37.670357,2.021622,0.0,77.611,0.02457,0.02947,0.452,0.0,442.25,FMCG,Consumer Cyclical,Textile Manufacturing,2026-05-11
SANCO,33217320.0,MICRO CAP,32.3,-0.671797,-0.91438,0.0,-14.90244,0.0,-0.012,0.0,3.23,CAPITAL GOODS,Industrials,Electrical Equipment & Parts,2026-05-11
SANDESH,8310467584.0,SMALL CAP,7.578519,1.40402,0.0,0.336,0.3566,0.19649,0.026,-0.03,1097.9,OTHERS,Communication Services,Publishing,2026-05-11
SANDHAR,32415156224.0,SMALL CAP,18.22422,2.6300588,0.0,77.629,0.049569998,0.03892,0.217,0.119,537.25,AUTO,Consumer Cyclical,Auto Parts,2026-05-11
SANDUMA,113947828224.0,MID CAP,19.764757,3.9263341,0.22318001,30.563,0.23010999,0.12718001,0.158,0.509,234.41,METALS,Basic Materials,Steel,2026-05-11
SANGAMIND,25222072320.0,SMALL CAP,31.151035,2.388613,0.07931,118.739,0.08743,0.02554,0.204,2.46,511.5,FMCG,Consumer Cyclical,Textile Manufacturing,2026-05-11
SANGHVIMOV,28591724544.0,SMALL CAP,16.87532,2.359704,0.0,40.655,0.22055,0.17165,0.134,-0.123,330.25,CAPITAL GOODS,Industrials,Rental & Leasing Services,2026-05-11
SANGINITA,669555072.0,MICRO CAP,0.0,1.2120218,-0.18882999,26.413,-0.13744001,-0.054899998,-0.138,0.0,25.85,CHEMICALS,Basic Materials,Chemicals,2026-05-11
SANOFI,75243347968.0,MID CAP,24.279877,10.0431595,0.0,2.376,0.28329,0.17465,-0.119,-0.141,3267.1,PHARMA,Healthcare,Drug Manufacturers - General,2026-05-11
SANOFICONR,107242913792.0,MID CAP,41.50214,27.892483,0.0,6.458,0.37347,0.27583,0.328,0.357,4649.9,PHARMA,Healthcare,Drug Manufacturers - General,2026-05-11
SANSERA,154290520064.0,MID CAP,58.476257,5.339025,0.0,15.176,0.122930005,0.079840004,0.247,0.207,2475.3,AUTO,Consumer Cyclical,Auto Parts,2026-05-11
SANSTAR,18107789312.0,SMALL CAP,95.53847,3.1643312,0.0,3.402,0.07677,0.02463,-0.051,-0.042,99.36,CHEMICALS,Basic Materials,Chemicals,2026-05-11
SANWARIA,332943680.0,MICRO CAP,0.0,0.027328627,0.0,149.496,0.046669997,0.0,0.072,0.125,0.24,FMCG,Consumer Defensive,Farm Products,2026-05-11
SAPPHIRE,57832779776.0,MID CAP,0.0,4.1210594,-0.022950001,102.058,0.02962,-0.01023,0.114,0.0,179.74,FMCG,Consumer Cyclical,Restaurants,2026-05-11
SAPPL,0.0,UNKNOWN,0.0,1.0032715,0.0,104.739,0.10411,0.03587,0.464,2.715,294.1,OTHERS,,,2026-05-11
SARDAEN,204046368768.0,LARGE CAP,19.308102,2.9157917,0.0,37.709,0.17232999,0.18537001,-0.033,-0.036,579.05,METALS,Basic Materials,Steel,2026-05-11
SAREGAMA,67032256512.0,MID CAP,34.989983,4.035175,0.0,0.185,0.27018,0.20447001,-0.461,-0.173,349.2,OTHERS,Communication Services,Entertainment,2026-05-11
SARLAPOLY,7692296704.0,SMALL CAP,0.0,1.7628261,-0.02651,38.432,0.0051700003,-0.03274,0.022,0.0,92.12,FMCG,Consumer Cyclical,Textile Manufacturing,2026-05-11
SARVESHWAR,4815659520.0,MICRO CAP,13.482759,1.0015368,0.0,57.24,0.050619997,0.02516,0.158,0.143,3.91,FMCG,Consumer Defensive,Packaged Foods,2026-05-11
SASKEN,24823805952.0,SMALL CAP,65.56759,3.0893855,0.0,3.242,0.061350003,0.040949997,0.731,-0.145,1634.6,IT,Technology,Information Technology Services,2026-05-11
SATIA,6944999936.0,SMALL CAP,9.851063,0.6599139,0.0,27.735,0.00836,0.04832,0.012,0.414,69.45,OTHERS,Basic Materials,Paper & Paper Products,2026-05-11
SATIN,23612225536.0,SMALL CAP,12.295533,0.9013351,0.0,367.777,0.317,0.15173,0.616,4.031,214.68,OTHERS,Financial Services,Credit Services,2026-05-11
SAURASHCEM,6878435328.0,SMALL CAP,24.046694,0.7257184,0.0,0.0,-0.02451,0.01679,0.087,0.0,61.8,OTHERS,Basic Materials,Building Materials,2026-05-11
SAYAJIHOTL,0.0,UNKNOWN,0.0,3.3513725,0.0,111.64,0.19565001,-0.110419996,0.033,-0.591,278.05,FMCG,Consumer Cyclical,Lodging,2026-05-11
SBC,16523793408.0,SMALL CAP,91.315796,23.288591,0.0,281.519,0.13818,0.07017,0.5,2.274,34.7,CAPITAL GOODS,Industrials,Conglomerates,2026-05-11
SBCL,34545238016.0,SMALL CAP,37.979736,7.854617,0.0,12.873,0.21381001,0.16806,0.089,0.224,599.7,CAPITAL GOODS,Industrials,Metal Fabrication,2026-05-11
SBFC,107695636480.0,MID CAP,23.756098,3.095208,0.13038999,192.253,0.60861,0.44346002,0.244,0.29,97.4,OTHERS,Financial Services,Credit Services,2026-05-11
SBGLP,4708256256.0,MICRO CAP,15.426136,5.8690014,0.0,73.579,0.35790002,0.29498,12.233,61.0,27.15,REALTY,Real Estate,Real Estate - Development,2026-05-11
SBICARD,610454863872.0,LARGE CAP,28.160666,3.8836892,0.14686,280.206,0.26117,0.1826,0.186,0.139,641.5,OTHERS,Financial Services,Credit Services,2026-05-11
SBILIFE,1890226798592.0,LARGE CAP,76.26063,9.937666,0.13697,0.0,0.21172,0.022,-0.822,-0.011,1884.4,OTHERS,Financial Services,Insurance - Life,2026-05-11
SBIN,8986928611328.0,LARGE CAP,10.683639,1.5180217,0.0,0.0,0.26754,0.22498,0.038,-0.031,973.6,BANKING,Financial Services,Banks - Regional,2026-05-11
SCANSTL,0.0,UNKNOWN,0.0,0.0,0.0,23.448,0.03384,0.023699999,0.098,0.092,38.82,OTHERS,,,2026-05-11
SCHAEFFLER,658288541696.0,LARGE CAP,54.17546,10.8844595,0.20212999,0.904,0.1428,0.118769996,0.275,0.355,4211.6,AUTO,Consumer Cyclical,Auto Parts,2026-05-11
SCHAND,5928549888.0,SMALL CAP,12.313554,0.6500619,0.0,15.164,-0.43005002,0.06653,-0.012,0.0,168.08,OTHERS,Communication Services,Publishing,2026-05-11
SCHNEIDER,314876100608.0,LARGE CAP,128.85518,47.796894,0.0,80.084,0.15953,0.084910005,0.201,-0.121,1316.9,CAPITAL GOODS,Industrials,Electrical Equipment & Parts,2026-05-11
SCI,158674436096.0,MID CAP,11.722299,1.8604486,0.0,32.955,0.2524,0.01102,0.225,4.364,340.65,CAPITAL GOODS,Industrials,Marine Shipping,2026-05-11
SCILAL,24044544000.0,SMALL CAP,0.0,0.80256224,0.0095999995,0.003,-3.66781,0.26993,0.191,0.0,51.62,REALTY,Real Estate,Real Estate Services,2026-05-11
SCODATUBES,9486574592.0,SMALL CAP,51.748367,2.4438238,0.0,54.523,0.13582,0.07585,0.173,-0.159,158.35,METALS,Basic Materials,Steel,2026-05-11
SCPL,4769691136.0,MICRO CAP,30.040215,3.4064481,0.0,63.458,0.112849995,0.049569998,0.256,0.873,448.2,FMCG,Consumer Defensive,Packaged Foods,2026-05-11
SDBL,18904465408.0,SMALL CAP,21.245327,2.2195914,0.0,0.0,-0.4439,0.06899,-0.793,0.0,90.93,FMCG,Consumer Defensive,Beverages - Brewers,2026-05-11
SEAMECLTD,38661390336.0,SMALL CAP,20.185162,3.5844135,0.0,37.579,0.31538,0.23136999,1.123,0.0,1515.3,CAPITAL GOODS,Industrials,Marine Shipping,2026-05-11
SECMARK,1434884608.0,MICRO CAP,67.82902,6.552708,0.0,0.0,-0.38703,0.05629,-0.094,0.0,130.91,CAPITAL GOODS,Industrials,Consulting Services,2026-05-11
SECURKLOUD,780471744.0,MICRO CAP,0.0,-20.313044,0.0,0.0,-0.15927,-0.083809994,-0.764,0.0,23.36,IT,Technology,Software - Application,2026-05-11
SEDEMAC,88292089856.0,MID CAP,186.15457,21.30269,0.20241,17.696,0.13914,0.07146,0.0,0.0,1999.3,AUTO,Consumer Cyclical,Auto Parts,2026-05-11
SEIL,0.0,UNKNOWN,0.0,46.478813,0.0,8.699,-0.17316,0.08652,-0.717,0.0,216.08,OTHERS,,,2026-05-11
SEJALLTD,9299068928.0,SMALL CAP,28.883833,14.464039,0.30464,133.115,0.11963,0.07249,0.695,1.56,793.15,CAPITAL GOODS,Industrials,Building Products & Equipment,2026-05-11
SELMC,995045312.0,MICRO CAP,0.0,-0.33064318,0.0,0.0,-11.2789,0.0,-0.546,0.0,29.99,FMCG,Consumer Cyclical,Textile Manufacturing,2026-05-11
SEMAC,1057079168.0,MICRO CAP,30.467205,1.2547735,0.0,61.573,0.01915,0.01407,0.28,0.0,339.1,CAPITAL GOODS,Industrials,Engineering & Construction,2026-05-11
SENCO,54752378880.0,MID CAP,11.392297,2.5968225,0.0,116.632,0.12487,0.06143,0.461,6.594,334.25,FMCG,Consumer Cyclical,Luxury Goods,2026-05-11
SENORES,44110127104.0,SMALL CAP,37.29751,5.8256445,0.0,28.895,0.27987,0.18355,0.6,0.446,957.8,PHARMA,Healthcare,Drug Manufacturers - General,2026-05-11
SEPC,15213915136.0,SMALL CAP,28.962963,0.8622781,0.0,19.359,0.07998,0.05546,1.563,1.667,7.82,CAPITAL GOODS,Industrials,Engineering & Construction,2026-05-11
SERVOTECH,21794041856.0,SMALL CAP,77.2,9.162553,0.0,56.375,0.11184,0.04832,-0.022,0.75,96.5,CAPITAL GOODS,Industrials,Electrical Equipment & Parts,2026-05-11
SESHAPAPER,16668908544.0,SMALL CAP,19.028076,0.7897473,0.0,3.807,0.03477,0.05154,-0.103,0.123,264.3,OTHERS,Basic Materials,Paper & Paper Products,2026-05-11
SETCO,3486810112.0,MICRO CAP,0.0,-0.4463596,0.0,0.0,0.11428001,-0.1783,0.108,0.0,26.0,AUTO,Consumer Cyclical,Auto Parts,2026-05-11
SETL,27477983232.0,SMALL CAP,36.535812,3.680821,0.0,18.173,0.1311,0.10557,0.367,0.171,137.74,CAPITAL GOODS,Industrials,Specialty Industrial Machinery,2026-05-11
SETUINFRA,76051456.0,MICRO CAP,59.0,0.14974618,0.0,0.0,0.059860002,0.024489999,1.481,2.667,0.59,CAPITAL GOODS,Industrials,Engineering & Construction,2026-05-11
SEYAIND,465833408.0,MICRO CAP,0.0,0.050423477,0.0,94.318,-1.29727,0.0,0.0,0.0,15.61,CHEMICALS,Basic Materials,Specialty Chemicals,2026-05-11
SFL,63237058560.0,MID CAP,71.54981,2.0733902,0.0,40.731,0.06241,0.024349999,0.111,1.767,581.7,FMCG,Consumer Cyclical,"Furnishings, Fixtures & Appliances",2026-05-11
SGFIN,37790781440.0,SMALL CAP,25.614115,2.2283354,0.10316,185.189,0.93823,0.38259998,0.952,1.059,573.5,OTHERS,Financial Services,Capital Markets,2026-05-11
SGIL,9359837184.0,SMALL CAP,113.679245,8.3687525,0.0,179.329,0.030620001,0.023440002,-0.055,0.0,602.5,CAPITAL GOODS,Industrials,Metal Fabrication,2026-05-11
SGL,336790208.0,MICRO CAP,297.0,1.3420695,0.0,56.3,0.01678,0.00089,-0.152,1.75,11.88,FMCG,Consumer Cyclical,Textile Manufacturing,2026-05-11
SGMART,76292997120.0,MID CAP,67.805145,4.9853034,0.0,17.439,0.00791,0.01687,0.222,-0.644,605.5,CAPITAL GOODS,Industrials,Industrial Distribution,2026-05-11
SHADOWFAX,96134168576.0,MID CAP,531.35486,5.7735715,0.0,21.259,0.02949,0.012510001,0.655,4.154,164.72,CAPITAL GOODS,Industrials,Integrated Freight & Logistics,2026-05-11
SHAH,5027997696.0,SMALL CAP,56.8,1.507431,0.0,20.738,0.00118,0.04112,0.255,-0.853,5.68,METALS,Basic Materials,Steel,2026-05-11
SHAHALLOYS,1443636608.0,MICRO CAP,3.4773486,-12.728225,0.0,0.0,0.57143,0.6291,-0.802,0.0,72.92,METALS,Basic Materials,Steel,2026-05-11
SHAILY,124083347456.0,MID CAP,78.74307,19.526325,0.0,29.807,0.21486,0.16296,0.268,0.483,2700.1,CHEMICALS,Basic Materials,Specialty Chemicals,2026-05-11
SHAKTIPUMP,68559908864.0,MID CAP,26.44455,4.2145824,0.17969999,29.625,0.09696,0.094610006,0.301,-0.662,555.6,CAPITAL GOODS,Industrials,Specialty Industrial Machinery,2026-05-11
SHALBY,17753653248.0,SMALL CAP,212.12822,1.7924775,0.0,53.318,0.04646,0.0072000003,-0.013,0.0,165.46,PHARMA,Healthcare,Medical Care Facilities,2026-05-11
SHALPAINTS,4522077696.0,MICRO CAP,0.0,1.5889636,0.0,66.655,-0.12008,-0.11137,-0.114,0.0,54.02,CHEMICALS,Basic Materials,Specialty Chemicals,2026-05-11
SHANKARA,2668880640.0,MICRO CAP,3.619204,0.6051442,0.0058399998,42.93,0.03275,0.00282,-0.792,-0.761,110.06,FMCG,Consumer Cyclical,Home Improvement Retail,2026-05-11
SHANTI,75965040.0,MICRO CAP,0.0,0.64742076,0.0,38.071,1.6897,0.26007,-0.942,0.0,6.84,FMCG,Consumer Defensive,Farm Products,2026-05-11
SHANTIGEAR,34805567488.0,SMALL CAP,42.073284,8.072583,0.0,0.0,0.16333,0.15433,-0.258,-0.385,453.55,CAPITAL GOODS,Industrials,Specialty Industrial Machinery,2026-05-11
SHANTIGOLD,15970706432.0,SMALL CAP,12.403135,2.4551682,0.0,34.024,0.09611,0.07758,1.101,0.92,221.52,FMCG,Consumer Cyclical,Luxury Goods,2026-05-11
SHARDACROP,104421203968.0,MID CAP,18.447561,3.901502,0.0,0.148,0.12589,0.11246,0.387,3.664,1157.4,OTHERS,Basic Materials,Agricultural Inputs,2026-05-11
SHARDAMOTR,50986680320.0,MID CAP,15.114875,4.461138,0.0,4.414,0.10153,0.10707,0.278,0.106,888.15,AUTO,Consumer Cyclical,Auto Parts,2026-05-11
SHARDUL,0.0,UNKNOWN,0.0,0.0,0.0,25.117,1.22084,0.0,0.0,0.0,29.44,OTHERS,Financial Services,Capital Markets,2026-05-11
SHAREINDIA,31668430848.0,SMALL CAP,11.288612,1.2609568,0.0,22.746,0.367,0.24080999,0.059,0.151,144.72,OTHERS,Financial Services,Capital Markets,2026-05-11
SHBAJRG,0.0,UNKNOWN,0.0,0.44055083,0.0,22.837,-0.06894,0.11898,-0.562,-0.093,173.97,OTHERS,,,2026-05-11
SHEKHAWATI,483958784.0,MICRO CAP,12.0,2.201317,0.50071,6.28,0.6307,0.53535,-0.242,0.0,14.04,FMCG,Consumer Cyclical,Textile Manufacturing,2026-05-11
SHEMAROO,2899461888.0,MICRO CAP,0.0,0.7224414,0.0,78.655,-0.42854,-0.23402001,-0.022,0.0,100.92,OTHERS,Communication Services,Entertainment,2026-05-11
SHILCTECH,49415942144.0,SMALL CAP,31.282589,11.769273,0.37762,0.0,0.23733,0.23327999,-0.331,-0.487,4319.5,CAPITAL GOODS,Industrials,Electrical Equipment & Parts,2026-05-11
SHILPAMED,89214648320.0,MID CAP,40.295937,3.6655924,0.0,24.328,0.20486,0.10467,0.283,0.452,456.15,PHARMA,Healthcare,Drug Manufacturers - Specialty & Generic,2026-05-11
SHINDL,0.0,UNKNOWN,0.0,0.0,0.0,81.975,0.05801,0.032679997,0.478,0.1,149.42,OTHERS,,,2026-05-11
SHIVALIK,4264771328.0,MICRO CAP,36.64179,0.72662646,0.0,17.115,0.06413,0.035350002,-0.038,-0.496,270.05,OTHERS,Basic Materials,Agricultural Inputs,2026-05-11
SHIVAMAUTO,2648777472.0,MICRO CAP,0.0,150.0,0.0,19197.627,-0.03176,-0.16961001,-0.148,0.0,19.95,AUTO,Consumer Cyclical,Auto Parts,2026-05-11
SHIVAMILLS,585741760.0,MICRO CAP,0.0,0.6286928,0.0,6.938,-0.03507,-0.01569,-0.048,0.0,67.78,FMCG,Consumer Cyclical,Textile Manufacturing,2026-05-11
SHIVATEX,2370690816.0,MICRO CAP,13.915323,1.5618919,0.0,72.496,0.07201,0.04603,0.015,-0.074,172.55,FMCG,Consumer Cyclical,Textile Manufacturing,2026-05-11
SHIVAUM,4535053312.0,MICRO CAP,90.36585,3.8325386,0.0,63.231,0.01492,0.010570001,0.203,21.0,333.45,METALS,Basic Materials,Steel,2026-05-11
SHK,20698062848.0,SMALL CAP,12.15691,1.5640887,0.0,66.836,0.049850002,0.07447,0.08,0.858,149.53,CHEMICALS,Basic Materials,Specialty Chemicals,2026-05-11
SHOPERSTOP,38370385920.0,SMALL CAP,0.0,13.315373,0.0,1155.819,0.060089998,-0.0036199999,0.026,-0.691,348.45,FMCG,Consumer Cyclical,Department Stores,2026-05-11
SHRADHA,2204105216.0,MICRO CAP,11.933333,1.1857296,0.0,92.509,0.09273,0.18049999,0.255,-0.173,37.59,REALTY,Real Estate,Real Estate - Development,2026-05-11
SHREDIGCEM,11136034816.0,SMALL CAP,44.562126,3.0531905,0.0,39.119,-0.03824,0.04675,-0.018,0.0,75.31,OTHERS,Basic Materials,Building Materials,2026-05-11
SHREECEM,909415284736.0,LARGE CAP,52.15511,9.869664,0.0,38.149,0.18603,0.1453,0.052,0.034,25205.0,OTHERS,Basic Materials,Building Materials,2026-05-11
SHREEJISPG,68759650304.0,MID CAP,43.066326,9.083376,0.0,30.028,0.29448998,0.23993999,0.3,1.117,422.05,CAPITAL GOODS,Industrials,Marine Shipping,2026-05-11
SHREEPUSHK,12556725248.0,SMALL CAP,17.023235,2.171858,0.0,26.764,0.06493,0.075440004,0.146,0.132,388.3,CHEMICALS,Basic Materials,Specialty Chemicals,2026-05-11
SHREERAMA,5980701696.0,SMALL CAP,10.95599,3.7633328,0.0,13.028,0.12592,0.23962,0.132,0.026,44.81,FMCG,Consumer Cyclical,Packaging & Containers,2026-05-11
SHRENIK,244800000.0,MICRO CAP,0.0,-0.13908206,0.0,0.0,0.11655,0.0436,0.976,0.0,0.4,OTHERS,Basic Materials,Paper & Paper Products,2026-05-11
SHREYANIND,2371739648.0,MICRO CAP,6.6963305,0.53910524,0.0,13.049,-0.04919,0.05583,-0.062,0.0,171.56,OTHERS,Basic Materials,Paper & Paper Products,2026-05-11
SHRIKRISH,0.0,UNKNOWN,0.0,1.3688399,0.0,0.0,0.0,0.0,0.0,0.0,42.33,OTHERS,,,2026-05-11
SHRINGARMS,20339453952.0,SMALL CAP,21.028913,2.637621,0.0,30.311,0.05962,0.05167,0.684,0.739,210.92,FMCG,Consumer Cyclical,Luxury Goods,2026-05-11
SHRIPISTON,157315137536.0,MID CAP,28.971365,6.5721507,0.0,0.0,0.05479,0.08016,-0.053,-0.506,3571.3,AUTO,Consumer Cyclical,Auto Parts,2026-05-11
SHRIRAMFIN,2296244862976.0,LARGE CAP,18.341478,2.7849512,0.16382,274.993,0.70207,0.48407,0.167,0.409,975.95,OTHERS,Financial Services,Credit Services,2026-05-11
SHRIRAMPPS,15792358400.0,SMALL CAP,22.515814,1.1432031,0.0,50.86,-0.109560005,0.06774,0.476,0.0,92.54,REALTY,Real Estate,Real Estate - Development,2026-05-11
SHYAMCENT,1207264384.0,MICRO CAP,0.0,0.66760534,0.0,0.669,-13.12666,-0.3094,-0.974,0.0,5.69,METALS,Basic Materials,Steel,2026-05-11
SHYAMMETL,242609995776.0,LARGE CAP,25.131163,2.2138422,0.0,9.426,0.06136,0.05562,0.178,0.0,871.8,METALS,Basic Materials,Steel,2026-05-11
SHYAMTEL,270023648.0,MICRO CAP,0.0,-0.81070864,0.0,0.0,-2.44433,0.0,0.0,0.0,23.59,IT,Technology,Communication Equipment,2026-05-11
SICAGEN,2112732160.0,MICRO CAP,12.024775,0.4103041,0.0,31.663,0.02611,0.018550001,0.257,0.179,53.39,METALS,Basic Materials,Steel,2026-05-11
SICALLOG,5305694208.0,SMALL CAP,10.246533,-90.97127,0.0,0.0,0.08071999,0.16251,0.87,0.0,66.5,CAPITAL GOODS,Industrials,Integrated Freight & Logistics,2026-05-11
SIEMENS,1284028104704.0,LARGE CAP,76.06751,9.697349,0.11808,0.0,0.0915,0.12118,0.14,-0.548,3605.6,CAPITAL GOODS,Industrials,Specialty Industrial Machinery,2026-05-11
SIGACHI,8475875840.0,SMALL CAP,0.0,1.6660402,0.0,32.202,0.017,-0.15718001,-0.168,-0.99,22.16,PHARMA,Healthcare,Drug Manufacturers - Specialty & Generic,2026-05-11
SIGIND,1492161536.0,MICRO CAP,9.116906,0.7079214,0.0,173.841,0.056599997,0.01265,0.283,0.156,50.69,CAPITAL GOODS,Industrials,Conglomerates,2026-05-11
SIGMA,4745120256.0,MICRO CAP,18.692307,7.6125307,0.0,5.498,0.30747,0.26806998,0.263,0.582,46.17,IT,Technology,Information Technology Services,2026-05-11
SIGMAADV,59736453120.0,MID CAP,14.641469,8.449037,0.0,1.385,0.01726,1.38631,0.0,0.0,338.95,DEFENCE,Industrials,Aerospace & Defense,2026-05-11
SIGNATURE,124928049152.0,MID CAP,3292.9626,17.18599,0.0,356.187,-0.25022,0.0016500001,-0.656,0.0,889.1,REALTY,Real Estate,Real Estate - Development,2026-05-11
SIGNPOST,15925428224.0,SMALL CAP,31.832268,6.325768,0.0,82.071,0.19243999,0.09528,0.269,2.139,297.95,OTHERS,Communication Services,Advertising Agencies,2026-05-11
SIKA,0.0,UNKNOWN,0.0,0.0,0.27666,2.561,0.22525999,0.169,0.325,0.329,981.7,OTHERS,,,2026-05-11
SIKKO,2022384000.0,MICRO CAP,28.937502,2.3360243,0.0,14.246,0.1548,0.085389994,0.428,0.299,4.63,OTHERS,Basic Materials,Agricultural Inputs,2026-05-11
SIL,1000315008.0,MICRO CAP,0.0,0.7646915,0.0,1.847,-0.61634,-0.50058,0.001,0.0,15.55,FMCG,Consumer Cyclical,Textile Manufacturing,2026-05-11
SILGO,1997307776.0,MICRO CAP,30.41036,1.5898772,0.0,0.0,0.16681999,0.11015,0.087,0.0,76.33,FMCG,Consumer Cyclical,Luxury Goods,2026-05-11
SILINV,5128925696.0,SMALL CAP,11.591236,0.17819363,0.0,0.0,0.89596003,0.64116997,0.217,0.41,484.05,OTHERS,Financial Services,Asset Management,2026-05-11
SILLYMONKS,175021680.0,MICRO CAP,0.0,2.42193,0.0,2.097,-0.121549994,-0.03576,-0.198,0.0,17.14,OTHERS,Communication Services,Entertainment,2026-05-11
SILVERTUC,19712614400.0,SMALL CAP,55.320286,13.585911,0.23551,19.451,0.18409,0.10446999,0.177,0.431,155.45,IT,Technology,Information Technology Services,2026-05-11
SIMBHALS,393859968.0,MICRO CAP,29.0,-0.3060181,0.0,0.0,0.081520006,0.00133,-0.047,-0.22,9.28,FMCG,Consumer Defensive,Confectioners,2026-05-11
SIMPLEXINF,17270468608.0,SMALL CAP,21.076256,1.8049632,0.0,196.588,0.01038,0.063200004,0.078,0.0,218.35,CAPITAL GOODS,Industrials,Engineering & Construction,2026-05-11
SINCLAIR,4048002304.0,MICRO CAP,29.576778,3.4625337,0.0,30.207,0.29522,0.24098,0.234,4.091,78.97,FMCG,Consumer Cyclical,Lodging,2026-05-11
SINDHUTRAD,35649396736.0,SMALL CAP,0.0,3.2490163,-0.00677,20.434,-0.0040599997,-0.15796,-0.767,0.0,23.12,CAPITAL GOODS,Industrials,Conglomerates,2026-05-11
SINGERIND,0.0,UNKNOWN,0.0,2.7503526,0.0,0.581,0.040799998,0.021289999,0.525,2.625,72.15,OTHERS,,,2026-05-11
SINTERCOM,2163962368.0,MICRO CAP,231.20589,2.1708272,0.0,46.836,0.07287,0.00975,0.07,-0.133,78.61,AUTO,Consumer Cyclical,Auto Parts,2026-05-11
SIRCA,24145217536.0,SMALL CAP,38.414856,5.3489895,0.0,10.211,0.17989,0.13374,0.271,0.287,424.1,CHEMICALS,Basic Materials,Specialty Chemicals,2026-05-11
SIS,54502416384.0,MID CAP,39.9222,2.1564937,0.05565,70.299,0.030439999,0.0086199995,0.31,0.0,384.85,CAPITAL GOODS,Industrials,Security & Protection Services,2026-05-11
SITINET,404208768.0,MICRO CAP,0.0,-0.029766966,0.0,0.0,-0.095790006,-0.18236999,-0.122,0.0,0.35,OTHERS,Communication Services,Entertainment,2026-05-11
SIYSIL,26507472896.0,SMALL CAP,12.911602,1.9613932,0.0,30.58,0.077010006,0.08356,0.093,-0.08,584.25,FMCG,Consumer Cyclical,Textile Manufacturing,2026-05-11
SJS,64367919104.0,MID CAP,39.352505,8.372768,0.21881,2.639,0.23366,0.17873,0.297,0.429,2011.7,AUTO,Consumer Cyclical,Auto Parts,2026-05-11
SJVN,304048242688.0,LARGE CAP,47.17683,2.0938542,0.0,202.556,0.5743,0.17885,0.613,0.5,77.37,IT,Utilities,Utilities - Renewable,2026-05-11
SKFINDIA,84613079040.0,MID CAP,17.286133,3.0777726,0.0,0.122,0.11465,0.11158,-0.541,-0.434,1711.5,CAPITAL GOODS,Industrials,Tools & Accessories,2026-05-11
SKFINDUS,104195457024.0,MID CAP,0.0,0.0,0.0,0.0,0.1291,0.0,0.0,0.0,2107.6,CAPITAL GOODS,Industrials,Tools & Accessories,2026-05-11
SKIL,216571232.0,MICRO CAP,1.2987013,0.11999041,0.0,1050.77,0.0,0.0,0.0,0.0,1.0,CAPITAL GOODS,Industrials,Engineering & Construction,2026-05-11
SKIPPER,50993106944.0,MID CAP,23.92214,3.3967328,0.15878999,63.557,0.091129996,0.03838,0.294,0.623,451.65,CAPITAL GOODS,Industrials,Engineering & Construction,2026-05-11
SKMEGGPROD,9383016448.0,SMALL CAP,12.106123,2.76606,0.0,50.68,0.19086,0.1108,0.508,2.99,177.96,FMCG,Consumer Defensive,Packaged Foods,2026-05-11
SKYGOLD,78242291712.0,MID CAP,33.214993,7.454186,0.0,78.497,0.06781,0.04212,0.771,1.076,505.2,FMCG,Consumer Cyclical,Luxury Goods,2026-05-11
SMARTLINK,1517297280.0,MICRO CAP,15.015795,0.7570411,0.0,1.501,0.04769,0.04127,0.224,-0.122,152.11,IT,Technology,Communication Equipment,2026-05-11
SMARTWORKS,52109221888.0,MID CAP,0.0,10.409723,0.0,860.311,0.1744,-0.008090001,0.342,0.0,456.05,REALTY,Real Estate,Real Estate Services,2026-05-11
SMCGLOBAL,13453949952.0,SMALL CAP,15.903465,1.071244,0.081750005,163.316,0.05549,0.062329996,0.189,4.611,64.25,OTHERS,Financial Services,Capital Markets,2026-05-11
SMLMAH,54469828608.0,MID CAP,34.145874,10.486183,0.35421002,55.669,0.08579001,0.05629,0.164,0.023,3763.9,AUTO,Consumer Cyclical,Auto Manufacturers,2026-05-11
SMLT,994149696.0,MICRO CAP,26.216608,0.8080741,0.03143,0.0,0.02833,0.021240002,0.085,0.033,72.62,CAPITAL GOODS,Industrials,Metal Fabrication,2026-05-11
SMSPHARMA,39272980480.0,SMALL CAP,41.809574,5.1246486,0.0,44.465,0.1598,0.099870004,0.214,0.205,419.35,PHARMA,Healthcare,Drug Manufacturers - General,2026-05-11
SNOWMAN,6730317312.0,SMALL CAP,201.25,1.6955221,0.00816,77.682,0.045679998,0.00546,0.039,0.763,40.25,CAPITAL GOODS,Industrials,Integrated Freight & Logistics,2026-05-11
SOBHA,151286202368.0,MID CAP,105.55971,3.2039232,0.04168,21.83,0.062230002,0.03592,0.602,1.243,1414.5,REALTY,Real Estate,Real Estate - Development,2026-05-11
SOFTTECH,6189511680.0,SMALL CAP,244.34425,3.6354544,0.0,26.731,0.13382,0.0219,0.508,6.214,447.15,IT,Technology,Software - Application,2026-05-11
SOLARA,25364733952.0,SMALL CAP,0.0,1.7958853,0.0,51.38,0.03372,-0.01523,0.162,0.0,526.55,PHARMA,Healthcare,Drug Manufacturers - Specialty & Generic,2026-05-11
SOLARINDS,1471639715840.0,LARGE CAP,100.98106,28.767727,0.0,16.425,0.25325,0.16222,0.292,0.417,16263.0,CHEMICALS,Basic Materials,Specialty Chemicals,2026-05-11
SOLARWORLD,19041116160.0,SMALL CAP,23.521414,2.1965268,0.0,27.204,0.11071,0.08416,1.837,-0.036,219.69,IT,Technology,Solar,2026-05-11
SOLEX,14251723776.0,SMALL CAP,24.817533,7.646343,0.0,155.692,0.06637,0.05369,1.361,-0.38,1319.3,IT,Technology,Solar,2026-05-11
SOMANYCERA,19261665280.0,SMALL CAP,29.762358,2.4560459,0.0,37.969,0.04995,0.023610001,0.058,0.942,469.65,CAPITAL GOODS,Industrials,Building Products & Equipment,2026-05-11
SOMATEX,3817338368.0,MICRO CAP,71.11392,2.3163667,0.0,0.187,0.00928,0.15264,46.475,0.0,112.36,FMCG,Consumer Cyclical,Textile Manufacturing,2026-05-11
SOMICONVEY,1378507520.0,MICRO CAP,24.971367,1.6996491,0.0,19.262,0.09201,0.04956,0.357,0.603,113.37,CAPITAL GOODS,Industrials,Specialty Industrial Machinery,2026-05-11
SONACOMS,369204920320.0,LARGE CAP,60.25888,6.457386,0.106850006,7.213,0.18818001,0.14081,0.476,0.171,593.55,AUTO,Consumer Cyclical,Auto Parts,2026-05-11
SONAL,0.0,UNKNOWN,0.0,0.32847035,0.0,77.79,0.78482,2.20221,-0.296,-0.469,94.0,OTHERS,,,2026-05-11
SONAMLTD,1970775296.0,MICRO CAP,31.158226,2.9572897,0.0,30.114,0.08349,0.04403,0.508,0.038,49.23,FMCG,Consumer Cyclical,"Furnishings, Fixtures & Appliances",2026-05-11
SONATSOFTW,82747711488.0,MID CAP,17.869099,4.682434,0.0,41.695,0.05637,0.040939998,0.084,-0.005,298.95,IT,Technology,Information Technology Services,2026-05-11
SOTL,30098022400.0,SMALL CAP,18.391285,1.7399231,0.0,0.0,0.031630002,0.0395,0.136,2.038,439.0,CHEMICALS,Basic Materials,Specialty Chemicals,2026-05-11
SOUTHBANK,104756027392.0,MID CAP,7.2108107,0.9507971,0.13526,0.0,0.43144,0.28946,0.112,0.183,40.02,BANKING,Financial Services,Banks - Regional,2026-05-11
SOUTHWEST,6617191424.0,SMALL CAP,22.0288,3.64846,0.0,51.856,0.2326,0.12474,0.291,1.027,221.83,POWER,Energy,Oil & Gas Equipment & Services,2026-05-11
SPAL,20897953792.0,SMALL CAP,18.56409,2.321879,0.0,45.394,0.115200005,0.0699,0.066,0.086,831.3,FMCG,Consumer Cyclical,Apparel Manufacturing,2026-05-11
SPANDANA,24555802624.0,SMALL CAP,0.0,0.94602114,0.0,147.688,-1.6007401,0.0,0.0,0.0,277.03,OTHERS,Financial Services,Credit Services,2026-05-11
SPARC,54665662464.0,MID CAP,0.0,-15.843679,0.0,0.0,-7.0071,0.0,-0.433,0.0,168.45,PHARMA,Healthcare,Drug Manufacturers - Specialty & Generic,2026-05-11
SPCENET,2145767680.0,MICRO CAP,13.103449,1.3970588,0.0,0.597,0.04316,0.084960006,0.227,1.5,3.8,OTHERS,Financial Services,Capital Markets,2026-05-11
SPECIALITY,5093685248.0,SMALL CAP,24.331797,1.5578208,0.0,42.426,0.10503,0.045100003,0.072,0.0,105.6,FMCG,Consumer Cyclical,Restaurants,2026-05-11
SPECTRUM,22052802560.0,SMALL CAP,55.756855,10.235578,0.0,76.093,0.13701999,0.07956,0.762,2.744,1403.4,CAPITAL GOODS,Industrials,Electrical Equipment & Parts,2026-05-11
SPENCERS,3529370624.0,MICRO CAP,0.0,-0.44927981,0.0,0.0,-0.0325,-0.142,-0.027,0.0,39.21,FMCG,Consumer Cyclical,Department Stores,2026-05-11
SPIC,13933071360.0,SMALL CAP,6.9180984,1.070568,0.0,34.524,0.09625,0.06443,-0.054,0.407,68.42,OTHERS,Basic Materials,Agricultural Inputs,2026-05-11
SPLIL,953123776.0,MICRO CAP,15.535887,0.4387186,0.0,0.0,-0.3346,0.07843,-0.452,7.2,32.47,FMCG,Consumer Cyclical,Apparel Manufacturing,2026-05-11
SPLPETRO,136884699136.0,MID CAP,41.502277,6.163531,0.14316,5.61,0.14164,0.060900003,0.048,0.579,727.95,CHEMICALS,Basic Materials,Specialty Chemicals,2026-05-11
SPMLINFRA,17806045184.0,SMALL CAP,28.912567,1.8876542,0.0,43.718,0.10564,0.07796,0.233,1.365,211.64,CAPITAL GOODS,Industrials,Engineering & Construction,2026-05-11
SPORTKING,19072768000.0,SMALL CAP,16.131325,1.8066306,0.0,48.486,0.06489,0.04759,0.059,0.516,149.86,FMCG,Consumer Cyclical,Textile Manufacturing,2026-05-11
SRD,2765923584.0,MICRO CAP,24.708572,2.5233428,0.0,0.0,0.02912,0.02592,-0.111,-0.267,43.24,CHEMICALS,Basic Materials,Specialty Chemicals,2026-05-11
SREEL,4259364352.0,MICRO CAP,17.48574,0.8786385,0.0,0.495,0.15831,0.100530006,0.142,0.208,183.95,FMCG,Consumer Cyclical,Footwear & Accessories,2026-05-11
SRF,829492232192.0,LARGE CAP,45.129818,5.908683,0.13763,36.195,0.20196,0.11625,0.07,0.106,2798.5,CAPITAL GOODS,Industrials,Conglomerates,2026-05-11
SRGHFL,5024588288.0,SMALL CAP,16.789087,1.7973894,0.0,249.831,0.34245,0.26159,0.336,0.257,320.0,NBFC,Financial Services,Mortgage Finance,2026-05-11
SRHHYPOLTD,9244113920.0,SMALL CAP,9.888909,0.9195498,0.0,1.283,0.13098,0.14253001,0.02,0.115,538.55,CHEMICALS,Basic Materials,Chemicals,2026-05-11
SRM,11606217728.0,SMALL CAP,14.363817,3.8792245,0.0,19.915,0.16825001,0.100080006,0.537,0.506,505.75,CAPITAL GOODS,Industrials,Engineering & Construction,2026-05-11
SRPL,113097600.0,MICRO CAP,0.0,0.50808316,0.0,196.65,5.56794,0.0,0.0,0.0,0.44,FMCG,Consumer Defensive,Farm Products,2026-05-11
SRTL,1923596928.0,MICRO CAP,24.06,1.7515379,0.102460004,75.21,0.05377,0.02829,0.752,0.693,48.12,FMCG,Consumer Cyclical,Textile Manufacturing,2026-05-11
SSDL,2495975424.0,MICRO CAP,9.228404,1.3246605,0.0,3.465,0.022839999,0.042740002,-0.207,-0.593,63.03,FMCG,Consumer Cyclical,Apparel Retail,2026-05-11
SSWL,33429852160.0,SMALL CAP,17.651163,1.9514436,0.0,52.775,0.07028,0.03845,0.229,-0.026,212.52,AUTO,Consumer Cyclical,Auto Parts,2026-05-11
STALLION,17684500480.0,SMALL CAP,30.713709,3.8535867,0.0,0.366,0.124560006,0.09781,0.229,-0.12,152.34,CHEMICALS,Basic Materials,Specialty Chemicals,2026-05-11
STANLEY,9394886656.0,SMALL CAP,39.157146,2.0132208,0.0,69.949,0.017339999,0.054330003,-0.054,0.0,164.46,FMCG,Consumer Cyclical,"Furnishings, Fixtures & Appliances",2026-05-11
STAR,106570088448.0,MID CAP,20.821177,3.866062,0.0,65.787,0.15513,0.10823,0.036,1.295,1156.2,PHARMA,Healthcare,Drug Manufacturers - Specialty & Generic,2026-05-11
STARCEMENT,92335013888.0,MID CAP,25.021906,3.0693681,0.0,21.388,0.12649,0.10086001,0.224,7.409,228.45,OTHERS,Basic Materials,Building Materials,2026-05-11
STARHEALTH,303586803712.0,LARGE CAP,54.482574,3.9903944,0.0,0.0,0.03249,0.025840001,0.138,188.0,515.95,OTHERS,Financial Services,Insurance - Life,2026-05-11
STARPAPER,2245037312.0,MICRO CAP,5.71223,0.318029,0.0,0.64,-0.010779999,0.09493,-0.058,0.065,142.92,OTHERS,Basic Materials,Paper & Paper Products,2026-05-11
STARTECK,2456077056.0,MICRO CAP,12.410115,0.9655514,0.0,108.108,0.91661,0.66617996,1.162,1.06,247.83,OTHERS,Financial Services,Credit Services,2026-05-11
STCINDIA,7168200192.0,SMALL CAP,1.117273,-0.18006437,0.0,0.0,0.59236,0.0,0.0,9.222,119.47,CAPITAL GOODS,Industrials,Conglomerates,2026-05-11
STEELCAS,28189259776.0,SMALL CAP,31.157719,7.844711,0.0,0.0,0.24870001,0.2086,-0.043,0.07,278.55,METALS,Basic Materials,Steel,2026-05-11
STEELCITY,1234400768.0,MICRO CAP,7.269573,0.9245618,0.106800005,7.159,0.26748,0.21699,0.19,0.226,81.71,OTHERS,Financial Services,Capital Markets,2026-05-11
STEELXIND,12939584512.0,SMALL CAP,64.75,1.4583333,0.0,50.244,0.06442,0.018229999,-0.266,-0.846,10.36,METALS,Basic Materials,Steel,2026-05-11
STEL,8810609664.0,SMALL CAP,29.70753,0.47491333,0.0,0.0,0.99123,0.41662997,55.585,135.4,477.4,OTHERS,Financial Services,Asset Management,2026-05-11
STERTOOLS,9118089216.0,SMALL CAP,24.88889,1.7163107,0.0,31.577,0.06105,0.04537,-0.211,-0.885,250.88,CAPITAL GOODS,Industrials,Tools & Accessories,2026-05-11
STLNETWORK,13123166208.0,SMALL CAP,0.0,1.5385054,-0.11605,116.754,-0.02579,-0.10235,0.129,0.0,26.89,TELECOM,Communication Services,Telecom Services,2026-05-11
STLTECH,192665927680.0,MID CAP,337.35046,9.377524,0.0,93.525,0.03262,-0.00963,-0.003,0.0,394.7,IT,Technology,Communication Equipment,2026-05-11
STOVEKRAFT,18362976256.0,SMALL CAP,48.997353,3.7096615,0.0,52.576,0.035469998,0.02483,-0.064,-0.659,554.65,FMCG,Consumer Cyclical,"Furnishings, Fixtures & Appliances",2026-05-11
STUDDS,18078951424.0,SMALL CAP,22.182522,3.7639694,0.0,1.813,0.15553,0.13119,0.094,-0.368,459.4,AUTO,Consumer Cyclical,Auto Parts,2026-05-11
STYL,43608289280.0,SMALL CAP,19.701023,3.1488862,0.0,26.355,0.2242,0.15759,0.101,0.085,269.51,IT,Technology,Software - Infrastructure,2026-05-11
STYLAMIND,43282083840.0,SMALL CAP,30.6313,5.944819,0.0,0.0,0.18767,0.12703,0.065,0.548,2552.2,FMCG,Consumer Cyclical,"Furnishings, Fixtures & Appliances",2026-05-11
STYLEBAAZA,31029626880.0,SMALL CAP,47.14853,6.7940464,0.0,190.823,0.09264,0.03841,0.133,-0.377,415.85,FMCG,Consumer Cyclical,Apparel Retail,2026-05-11
STYRENIX,40307851264.0,SMALL CAP,24.351015,3.2335703,0.0,44.082,0.0144299995,0.046609998,0.259,-0.657,2290.7,CHEMICALS,Basic Materials,Chemicals,2026-05-11
SUBEXLTD,6114505728.0,SMALL CAP,551.00006,1.9532081,0.0,9.203,0.09422,0.00361,-0.026,0.0,11.02,IT,Technology,Software - Application,2026-05-11
SUBROS,50952384512.0,MID CAP,31.380074,4.401943,0.0,6.954,0.05258,0.044970002,0.154,0.055,781.05,AUTO,Consumer Cyclical,Auto Parts,2026-05-11
SUDARCOLOR,8580658176.0,SMALL CAP,20.403404,1.5430624,0.0,4.325,0.03649,0.05323,-0.175,0.0,371.75,CHEMICALS,Basic Materials,Specialty Chemicals,2026-05-11
SUDARSCHEM,70945660928.0,MID CAP,0.0,1.9992998,0.0,64.493,-0.022349998,-0.0072399997,2.156,0.0,902.3,CHEMICALS,Basic Materials,Specialty Chemicals,2026-05-11
SUDEEPPHRM,73394012160.0,MID CAP,43.698723,9.772016,0.0,19.321,0.32558,0.27241,0.492,0.619,649.8,PHARMA,Healthcare,Drug Manufacturers - Specialty & Generic,2026-05-11
SUKHJITS,6274732544.0,SMALL CAP,41.06953,1.2082471,0.0,74.457,0.030199999,0.010930001,-0.08,-0.71,200.83,CHEMICALS,Basic Materials,Specialty Chemicals,2026-05-11
SULA,14564614144.0,SMALL CAP,48.310925,2.5847883,0.043709997,56.679,0.13359,0.04271,0.147,-0.342,172.47,FMCG,Consumer Defensive,Beverages - Wineries & Distilleries,2026-05-11
SUMEETINDS,15821349888.0,SMALL CAP,0.62992454,0.3967112,0.0,48.264,0.040710002,0.092,0.06,-0.904,30.06,FMCG,Consumer Cyclical,Textile Manufacturing,2026-05-11
SUMICHEM,232826535936.0,LARGE CAP,43.880527,7.284526,0.0,1.82,0.14569001,0.16429001,-0.115,-0.126,466.45,OTHERS,Basic Materials,Agricultural Inputs,2026-05-11
SUMIT,2203682816.0,MICRO CAP,22.747663,1.4648973,0.0,32.611,0.32586,0.09591,-0.616,-0.638,48.68,REALTY,Real Estate,Real Estate - Development,2026-05-11
SUMMITSEC,18064412672.0,SMALL CAP,17.182423,0.16094089,0.0,0.0,0.93874,0.7447,20.688,0.0,1650.2,OTHERS,Financial Services,Capital Markets,2026-05-11
SUNCLAY,31611992064.0,SMALL CAP,0.0,3.6156185,0.0,186.6,-0.01702,-0.014450001,-0.051,0.0,1433.9,CAPITAL GOODS,Industrials,Metal Fabrication,2026-05-11
SUNDARAM,677645184.0,MICRO CAP,71.5,0.8666667,0.0,30.884,0.0401,0.00871,0.221,0.0,1.43,OTHERS,Basic Materials,Paper & Paper Products,2026-05-11
SUNDARMFIN,519081328640.0,LARGE CAP,25.249557,3.4308982,0.0,377.039,0.61693,0.46789002,0.186,0.188,4709.8,OTHERS,Financial Services,Credit Services,2026-05-11
SUNDRMBRAK,2540751872.0,MICRO CAP,0.0,2.6717114,0.0,40.966,-0.0051700003,-0.01018,-0.047,0.0,645.75,AUTO,Consumer Cyclical,Auto Parts,2026-05-11
SUNDRMFAST,175089467392.0,MID CAP,29.600355,4.3217688,0.14583999,14.532,0.116009995,0.094,0.106,0.297,833.25,AUTO,Consumer Cyclical,Auto Parts,2026-05-11
SUNDROP,26510311424.0,SMALL CAP,0.0,1.8336627,0.0138,0.0,0.06032,0.0129700005,0.005,0.139,703.25,FMCG,Consumer Defensive,Packaged Foods,2026-05-11
SUNFLAG,69114159104.0,MID CAP,32.693947,0.80799097,0.0,6.787,0.107370004,0.05529,0.057,0.198,383.5,METALS,Basic Materials,Steel,2026-05-11
SUNPHARMA,4493234143232.0,LARGE CAP,41.194458,5.771708,0.0,6.675,0.26173002,0.19214001,0.135,0.157,1872.7,PHARMA,Healthcare,Drug Manufacturers - Specialty & Generic,2026-05-11
SUNTECK,47525421056.0,SMALL CAP,23.21736,1.42275,0.052270003,17.311,0.27405,0.18185,0.645,0.262,323.65,REALTY,Real Estate,Real Estate - Development,2026-05-11
SUNTV,223741542400.0,LARGE CAP,14.161885,1.8102888,0.0,1.183,0.35543,0.35666,0.042,-0.107,567.75,OTHERS,Communication Services,Broadcasting,2026-05-11
SUPERHOUSE,1677012736.0,MICRO CAP,25.436455,0.3546812,0.0,39.038,0.02772,0.0090499995,0.032,0.472,152.11,FMCG,Consumer Cyclical,Footwear & Accessories,2026-05-11
SUPERSPIN,304221824.0,MICRO CAP,0.0,0.5045999,0.0,37.26,0.5282,-2.24247,-0.002,9.0,5.43,FMCG,Consumer Cyclical,Textile Manufacturing,2026-05-11
SUPRAJIT,59449974784.0,MID CAP,42.78381,4.3634095,0.0,67.961,0.056799997,0.037920002,0.177,-0.626,433.4,AUTO,Consumer Cyclical,Auto Parts,2026-05-11
SUPREME,1961081472.0,MICRO CAP,0.0,0.35242355,0.0,1.06,-0.42426997,-0.70695996,-0.934,-0.965,50.54,REALTY,Real Estate,Real Estate - Development,2026-05-11
SUPREMEENG,254948992.0,MICRO CAP,0.0,-0.2867585,0.0,0.0,0.042329997,-0.37842,0.449,0.0,1.02,METALS,Basic Materials,Steel,2026-05-11
SUPREMEIND,459692965888.0,LARGE CAP,48.275726,7.4488287,0.16128999,1.473,0.14222999,0.085039996,0.165,0.475,3617.3,CAPITAL GOODS,Industrials,Building Products & Equipment,2026-05-11
SUPREMEINF,8160006144.0,SMALL CAP,0.13150328,1.4745318,0.0,421.539,0.20637,74.50303,3.144,0.0,83.69,CAPITAL GOODS,Industrials,Engineering & Construction,2026-05-11
SUPRIYA,57790672896.0,MID CAP,31.165363,5.3383045,0.0,0.484,0.31613,0.25191998,0.112,0.06,718.05,PHARMA,Healthcare,Biotechnology,2026-05-11
SURAJEST,11099480064.0,SMALL CAP,12.120419,1.1195365,0.0,57.442,0.29042,0.16466999,0.06,0.26,231.5,REALTY,Real Estate,Real Estate - Development,2026-05-11
SURAJLTD,4379837952.0,MICRO CAP,0.0,3.224629,0.0,32.135,0.03946,-0.00438,-0.027,-0.805,238.5,METALS,Basic Materials,Steel,2026-05-11
SURAKSHA,15994001408.0,SMALL CAP,49.136,6.923996,0.0,51.3,0.17318001,0.11321,0.292,0.22,307.1,PHARMA,Healthcare,Diagnostics & Research,2026-05-11
SURANASOL,1370895872.0,MICRO CAP,696.50006,2.410243,0.02183,0.0,-0.03484,0.044650003,4.402,0.0,27.86,IT,Technology,Solar,2026-05-11
SURANAT&P,2535996160.0,MICRO CAP,9.883598,2.088551,0.0,3.738,-0.08111,0.62668,5.22,5.75,18.68,IT,Utilities,Utilities - Independent Power Producers,2026-05-11
SURYALA,0.0,UNKNOWN,0.0,0.0,0.0,17.933,0.04208,0.06582,0.037,3.03,365.5,OTHERS,,,2026-05-11
SURYALAXMI,1133771008.0,MICRO CAP,22.165442,0.4180303,0.0,96.321,0.0366,0.00638,-0.051,-0.432,60.29,FMCG,Consumer Cyclical,Textile Manufacturing,2026-05-11
SURYAROSNI,54598873088.0,MID CAP,17.18493,2.176572,0.0,4.928,0.057979997,0.04222,0.032,-0.114,250.9,METALS,Basic Materials,Steel,2026-05-11
SURYODAY,19072647168.0,SMALL CAP,12.557034,0.93982095,0.07588,0.0,0.17959999,0.1193,0.73,0.0,179.44,BANKING,Financial Services,Banks - Regional,2026-05-11
SUTLEJTEX,6114434560.0,SMALL CAP,0.0,0.71641153,0.0,97.692,-0.017380001,-0.031519998,-0.029,0.0,36.83,FMCG,Consumer Cyclical,Textile Manufacturing,2026-05-11
SUVEN,57446252544.0,MID CAP,0.0,17.204802,0.0,0.0,-37.27571,0.0,0.745,0.0,217.83,PHARMA,Healthcare,Drug Manufacturers - Specialty & Generic,2026-05-11
SUVIDHAA,619185344.0,MICRO CAP,0.0,1.8301888,0.0,3.774,-2.6666698,0.0,-0.367,0.0,2.91,IT,Technology,Information Technology Services,2026-05-11
SUYOG,9524847616.0,SMALL CAP,36.322613,2.090389,0.0,62.308,0.42854,0.16117,0.145,-0.242,812.9,TELECOM,Communication Services,Telecom Services,2026-05-11
SUZLON,731035402240.0,LARGE CAP,22.584747,9.329599,0.0,5.051,0.15637,0.21564,0.424,0.143,53.3,CAPITAL GOODS,Industrials,Specialty Industrial Machinery,2026-05-11
SVLL,6112349696.0,SMALL CAP,138.85118,14.073624,0.0,570.803,0.058130004,0.01422,0.514,0.0,531.8,CAPITAL GOODS,Industrials,Trucking,2026-05-11
SVPGLOB,565454976.0,MICRO CAP,0.0,-0.046231654,0.0,0.0,-33.28839,0.0,0.0,0.0,4.47,FMCG,Consumer Cyclical,Textile Manufacturing,2026-05-11
SWANCORP,106685054976.0,MID CAP,0.0,0.92391264,0.0,28.231,-0.0049799997,-0.00282,-0.397,0.0,340.35,CAPITAL GOODS,Industrials,Conglomerates,2026-05-11
SWANDEF,101460557824.0,MID CAP,0.0,41.417206,0.0,1067.325,-6.05859,-2.10713,1.893,0.0,1925.9,DEFENCE,Industrials,Aerospace & Defense,2026-05-11
SWARAJENG,47583297536.0,SMALL CAP,24.178993,9.707165,0.43234003,0.419,0.1275,0.09781,0.202,0.201,3906.6,AUTO,Consumer Cyclical,Auto Parts,2026-05-11
SWELECTES,10186335232.0,SMALL CAP,17.987654,1.0654999,0.0,72.499,0.15695,0.07991,0.517,0.0,655.65,IT,Technology,Solar,2026-05-11
SWIGGY,684693323776.0,LARGE CAP,0.0,6.25,-0.29117,13.929,-0.15808,-0.18019,0.447,0.0,263.7,FMCG,Consumer Cyclical,Internet Retail,2026-05-11
SWSOLAR,49629925376.0,SMALL CAP,0.0,7.637265,-0.35946,182.951,0.07344,-0.04099,-0.228,1.43,212.4,IT,Technology,Solar,2026-05-11
SYMPHONY,53701033984.0,MID CAP,31.762793,6.8752694,0.0,0.639,0.15084,0.12329,-0.26,0.0,782.0,FMCG,Consumer Cyclical,"Furnishings, Fixtures & Appliances",2026-05-11
SYNCOMF,13507800064.0,SMALL CAP,19.68493,3.501462,0.0,0.184,0.1724,0.13719,-0.097,0.643,14.37,PHARMA,Healthcare,Drug Manufacturers - Specialty & Generic,2026-05-11
SYNGENE,193893138432.0,MID CAP,55.142857,4.0944304,0.06621,9.473,0.20549999,0.084709994,0.018,-0.195,482.5,PHARMA,Healthcare,Diagnostics & Research,2026-05-11
SYRMA,214314549248.0,LARGE CAP,72.76651,7.376174,0.0,11.483,0.11005,0.06594,0.454,0.945,1112.6,IT,Technology,Electronic Components,2026-05-11
SYSTMTXC,9393136640.0,SMALL CAP,32.709526,2.9043171,0.045089997,6.082,-0.53219,0.0979,-0.624,0.0,68.69,OTHERS,Financial Services,Capital Markets,2026-05-11
TAALTECH,0.0,UNKNOWN,0.0,4.0818295,0.0,1.112,0.22243999,0.27932,0.056,0.019,2915.9,OTHERS,,,2026-05-11
TAINWALCHM,1931109376.0,MICRO CAP,18.154049,1.1224562,0.0,0.0,0.15751,0.48729,1.196,20.294,206.23,CHEMICALS,Basic Materials,Specialty Chemicals,2026-05-11
TAJGVK,20033128448.0,SMALL CAP,16.055277,2.9021974,0.0,11.957,0.28652,0.2613,0.06,-0.102,319.5,FMCG,Consumer Cyclical,Lodging,2026-05-11
TAKE,4592927232.0,MICRO CAP,0.0,17.928082,0.0,0.0,-0.24039,0.0,-0.829,-0.979,31.41,PHARMA,Healthcare,Biotechnology,2026-05-11
TALBROAUTO,20234487808.0,SMALL CAP,20.436407,2.9716792,0.0,12.625,0.114259996,0.117860004,0.06,0.142,327.8,AUTO,Consumer Cyclical,Auto Parts,2026-05-11
TAMBOLIIN,0.0,UNKNOWN,0.0,0.0,0.0,4.32,0.16709,0.10604,0.196,0.115,190.43,OTHERS,,,2026-05-11
TANLA,72629387264.0,MID CAP,14.369769,2.9158928,0.21409,2.118,0.13497,0.11525,0.15,0.164,549.5,IT,Technology,Software - Application,2026-05-11
TARACHAND,4641997824.0,MICRO CAP,17.219297,3.1238065,0.20475,92.786,0.16067,0.096149996,0.103,0.084,58.89,CAPITAL GOODS,Industrials,Farm & Heavy Construction Machinery,2026-05-11
TARAPUR,458835296.0,MICRO CAP,0.0,170.50726,0.0,3604.419,0.34857,0.0,0.0,0.0,23.53,CAPITAL GOODS,Industrials,Specialty Industrial Machinery,2026-05-11
TARC,39601926144.0,SMALL CAP,0.0,3.689347,0.0,181.338,-0.43462002,-0.65393996,3.106,0.0,134.2,REALTY,Real Estate,Real Estate - Development,2026-05-11
TARIL,94177026048.0,MID CAP,35.653408,6.9991302,0.19334999,29.595,0.14242,0.10539,0.157,-0.041,313.75,CAPITAL GOODS,Industrials,Electrical Equipment & Parts,2026-05-11
TARMAT,1315873408.0,MICRO CAP,38.321167,0.71846944,0.0,6.468,0.05238,0.03421,0.045,2.833,52.5,CAPITAL GOODS,Industrials,Engineering & Construction,2026-05-11
TARSONS,11705381888.0,SMALL CAP,57.441254,1.8811135,0.0,63.182,0.060060002,0.04911,0.128,-0.04,220.0,PHARMA,Healthcare,Medical Instruments & Supplies,2026-05-11
TASTYBITE,20567773184.0,SMALL CAP,58.01187,6.452467,0.0,20.737,0.13742,0.06058,0.002,0.342,8015.5,FMCG,Consumer Defensive,Packaged Foods,2026-05-11
TATACAP,1328047456256.0,LARGE CAP,26.758709,3.4889777,0.12005,502.058,0.55465,0.39028,0.07,0.522,314.95,OTHERS,Financial Services,Asset Management,2026-05-11
TATACHEM,193958674432.0,MID CAP,0.0,0.86834383,0.0,32.125,0.01465,0.01228,-0.011,0.0,761.35,CHEMICALS,Basic Materials,Chemicals,2026-05-11
TATACOMM,447877513216.0,LARGE CAP,42.913708,15.734669,0.31131,335.485,0.084359996,0.04038,0.094,-0.747,1571.5,TELECOM,Communication Services,Telecom Services,2026-05-11
TATACONSUM,1257907159040.0,LARGE CAP,81.8416,6.187233,0.0694,12.159,0.115439996,0.076009996,0.179,0.215,1271.0,FMCG,Consumer Defensive,Packaged Foods,2026-05-11
TATAELXSI,264457273344.0,LARGE CAP,41.99743,8.695679,0.21298,5.336,0.22268999,0.16725,0.058,0.278,4245.1,IT,Technology,Software - Application,2026-05-11
TATAINVEST,353028669440.0,LARGE CAP,81.70375,1.1098845,0.01438,0.0,0.73079,1.07488,1.539,0.689,697.75,OTHERS,Financial Services,Asset Management,2026-05-11
TATAPOWER,1384221114368.0,LARGE CAP,36.526142,3.6562824,0.0,156.16,0.13242,0.058709998,-0.094,-0.252,433.2,IT,Utilities,Utilities - Independent Power Producers,2026-05-11
TATASTEEL,2645029552128.0,LARGE CAP,28.815218,2.7824352,0.0,99.699,0.09036,0.04073,0.063,7.308,212.08,METALS,Basic Materials,Steel,2026-05-11
TATATECH,256218710016.0,LARGE CAP,46.949406,7.176979,0.1457,23.908,0.13065,0.09928001,0.223,0.082,631.0,IT,Technology,Information Technology Services,2026-05-11
TATVA,31197984768.0,SMALL CAP,94.85775,4.1350164,0.0,11.004,0.125,0.06832,0.529,107.167,1333.7,CHEMICALS,Basic Materials,Specialty Chemicals,2026-05-11
TBOTEK,127211765760.0,MID CAP,52.57282,9.18646,0.0,51.855,0.10301,0.10528,0.858,0.075,1191.3,FMCG,Consumer Cyclical,Travel Services,2026-05-11
TBZ,9542478848.0,SMALL CAP,6.6173067,1.3696793,0.0,118.113,0.11772,0.04966,0.144,1.696,143.0,FMCG,Consumer Cyclical,Luxury Goods,2026-05-11
TCC,0.0,UNKNOWN,0.0,1.8060079,0.0,5.002,0.42456,0.39821,1.077,-0.041,371.55,OTHERS,,,2026-05-11
TCI,72001036288.0,MID CAP,16.084347,3.0081892,0.0,10.416,0.07591,0.09364,0.089,0.148,938.2,CAPITAL GOODS,Industrials,Integrated Freight & Logistics,2026-05-11
TCIEXP,20915300352.0,SMALL CAP,24.892548,2.5896065,0.0,1.735,0.084189996,0.06967,0.059,0.149,544.4,CAPITAL GOODS,Industrials,Integrated Freight & Logistics,2026-05-11
TCIFINANCE,185235184.0,MICRO CAP,0.0,-0.24309076,0.0,0.0,1.3572099,0.0,0.0,0.0,14.39,OTHERS,Financial Services,Credit Services,2026-05-11
TCPLPACK,25402923008.0,SMALL CAP,22.286488,3.8038955,0.0,103.305,0.12640001,0.06415,-0.018,-0.336,2797.4,FMCG,Consumer Cyclical,Packaging & Containers,2026-05-11
TCS,8657720836096.0,LARGE CAP,17.594852,7.627332,0.48395002,10.389,0.25277,0.18429,0.096,0.122,2392.9,IT,Technology,Information Technology Services,2026-05-11
TDPOWERSYS,184146444288.0,MID CAP,84.012825,19.168346,0.0,3.717,0.16845,0.13596,0.264,0.25,1178.7,CAPITAL GOODS,Industrials,Specialty Industrial Machinery,2026-05-11
TEAMGTY,2266723328.0,MICRO CAP,106.80085,4.6556945,0.0,0.0,0.32326,0.41388,0.603,-0.703,252.05,OTHERS,Financial Services,Asset Management,2026-05-11
TEAMLEASE,22661668864.0,SMALL CAP,17.33077,2.3622253,0.0,13.1,0.0094800005,0.011080001,0.031,0.468,1351.8,CAPITAL GOODS,Industrials,Staffing & Employment Services,2026-05-11
TECHM,1290846208000.0,LARGE CAP,26.924072,4.6955047,0.16608,7.269,0.13825,0.084680006,0.126,0.159,1457.4,IT,Technology,Information Technology Services,2026-05-11
TECHNOE,144583622656.0,MID CAP,30.802773,3.7145705,0.0,1.573,0.1338,0.16158001,0.371,0.242,1243.2,CAPITAL GOODS,Industrials,Engineering & Construction,2026-05-11
TECHNVISN,0.0,UNKNOWN,0.0,0.0,0.0,87.086,0.052589998,0.01501,-0.091,1.724,5477.0,OTHERS,,,2026-05-11
TECILCHEM,241408784.0,MICRO CAP,0.0,0.0,0.0,0.0,0.0,0.0,0.0,0.0,12.73,OTHERS,Financial Services,Shell Companies,2026-05-11
TEGA,121887178752.0,MID CAP,53.936172,7.3197145,0.0,20.696,0.055040002,0.118669994,-0.014,-0.653,1622.4,CAPITAL GOODS,Industrials,Specialty Industrial Machinery,2026-05-11
TEJASNET,83689996288.0,MID CAP,0.0,2.8582683,-0.26822,142.52,-0.65839,-0.82381,-0.826,0.0,471.7,IT,Technology,Communication Equipment,2026-05-11
TEMBO,9132576768.0,SMALL CAP,14.615099,3.6377025,0.0,98.882,0.16212,0.077659994,0.524,0.272,590.45,CAPITAL GOODS,Industrials,Metal Fabrication,2026-05-11
TENNIND,0.0,UNKNOWN,44.485294,27.939043,0.0,2.447,0.1511,0.11146,0.142,-0.052,635.25,AUTO,Consumer Cyclical,Auto Parts,2026-05-11
TERASOFT,4289070592.0,MICRO CAP,20.563887,3.2076352,0.0,21.66,0.17889,0.106000006,1.475,1.994,342.8,IT,Technology,Information Technology Services,2026-05-11
TEXINFRA,13226881024.0,SMALL CAP,116.62922,0.91477925,0.0,2.014,-0.67539,0.69698995,-0.039,0.0,103.8,REALTY,Real Estate,Real Estate Services,2026-05-11
TEXMOPIPES,1360195072.0,MICRO CAP,7.102134,0.66572356,0.0,28.688,0.06732,0.04893,0.001,0.065,46.59,CAPITAL GOODS,Industrials,Building Products & Equipment,2026-05-11
TEXRAIL,45520007168.0,SMALL CAP,25.369616,1.5583909,0.0,31.207,0.073920004,0.038900003,-0.215,-0.443,111.88,CAPITAL GOODS,Industrials,Railroads,2026-05-11
TFCILTD,37413191680.0,SMALL CAP,30.726233,2.9795,0.0,82.375,0.86044997,0.6938,0.378,0.414,80.81,OTHERS,Financial Services,Credit Services,2026-05-11
TFL,675724544.0,MICRO CAP,0.0,2.3001876,0.0,101.481,-0.31516,-0.57068,0.688,0.0,12.26,NBFC,Financial Services,Mortgage Finance,2026-05-11
TGBHOTELS,276463616.0,MICRO CAP,14.089551,0.36377648,0.0,24.265,0.07097,0.04889,0.034,0.0,9.44,FMCG,Consumer Cyclical,Lodging,2026-05-11
THACKER,0.0,UNKNOWN,0.0,0.0,0.0,0.085,0.62573004,3.95647,-0.036,0.021,1168.2,OTHERS,,,2026-05-11
THAKDEV,0.0,UNKNOWN,0.0,0.0,0.07186,11.58,0.30273,0.30424,1.04,39.071,141.12,OTHERS,,,2026-05-11
THANGAMAYL,124548767744.0,MID CAP,51.845,10.672396,0.0,96.321,0.06437,0.034140002,1.122,0.92,4007.1,FMCG,Consumer Cyclical,Luxury Goods,2026-05-11
THEINVEST,6274812416.0,SMALL CAP,21.146128,0.86263615,0.0,66.682,0.17188999,0.106979996,0.205,1.948,120.11,OTHERS,Financial Services,Capital Markets,2026-05-11
THEJO,19159308288.0,SMALL CAP,39.35175,5.936917,0.0,11.289,0.08686,0.080520004,0.197,-0.324,1766.5,CAPITAL GOODS,Industrials,Specialty Industrial Machinery,2026-05-11
THELEELA,138241867776.0,MID CAP,33.248997,2.1434193,0.08014,28.065,0.48675,0.26395,0.082,0.219,413.95,FMCG,Consumer Cyclical,Lodging,2026-05-11
THEMISMED,9709124608.0,SMALL CAP,0.0,2.550134,0.0,25.148,0.07994,-0.05159,-0.039,17.167,104.53,PHARMA,Healthcare,Drug Manufacturers - Specialty & Generic,2026-05-11
THERMAX,511999475712.0,LARGE CAP,70.92853,10.136059,0.0,35.784,0.0765,0.066,0.051,0.761,4545.1,CAPITAL GOODS,Industrials,Conglomerates,2026-05-11
THOMASCOOK,43301126144.0,SMALL CAP,17.6711,1.8404481,0.0,21.708,0.03455,0.028450001,0.041,0.184,92.95,FMCG,Consumer Cyclical,Travel Services,2026-05-11
THOMASCOTT,4320427008.0,MICRO CAP,24.664993,3.4286447,0.0,21.124,0.11101,0.08331,0.459,0.0,294.5,FMCG,Consumer Cyclical,Textile Manufacturing,2026-05-11
THYROCARE,76532899840.0,MID CAP,55.20666,14.309309,0.0,4.621,0.18514,0.17353001,0.178,0.525,480.85,PHARMA,Healthcare,Diagnostics & Research,2026-05-11
TI,114291793920.0,MID CAP,81.12281,4.5139055,0.0,2.445,0.15533,0.06027,0.95,0.0,462.4,FMCG,Consumer Defensive,Beverages - Wineries & Distilleries,2026-05-11
TICL,3437900032.0,MICRO CAP,5.836842,1.1323837,0.0,0.0,0.07733,0.62202,0.382,0.0,22.18,CAPITAL GOODS,Industrials,Engineering & Construction,2026-05-11
TIGERLOGS,4547232256.0,MICRO CAP,17.627048,0.8623904,0.20673001,34.408,0.04877,0.031630002,-0.1,-0.282,43.01,CAPITAL GOODS,Industrials,Integrated Freight & Logistics,2026-05-11
TIIL,58495819776.0,MID CAP,21.26432,3.1055338,0.0,43.315,0.091809995,0.10009,0.028,0.301,2580.0,CAPITAL GOODS,Industrials,Tools & Accessories,2026-05-11
TIINDIA,579148840960.0,LARGE CAP,97.14935,7.697888,0.0,27.724,0.07277,0.028169999,0.207,-0.142,2992.2,CAPITAL GOODS,Industrials,Conglomerates,2026-05-11
TIJARIA,127956920.0,MICRO CAP,0.0,-0.39002386,0.0,0.0,-5.16619,0.0,-0.397,0.0,4.41,CAPITAL GOODS,Industrials,Building Products & Equipment,2026-05-11
TIL,15832552448.0,SMALL CAP,0.0,15.906009,0.0,379.131,0.02636,-0.03494,-0.075,0.0,199.35,CAPITAL GOODS,Industrials,Farm & Heavy Construction Machinery,2026-05-11
TIMETECHNO,90735116288.0,MID CAP,18.852308,2.7411418,0.0,21.955,0.12113,0.07563,0.128,0.239,183.81,FMCG,Consumer Cyclical,Packaging & Containers,2026-05-11
TIMEX,0.0,UNKNOWN,70.54159,0.0,0.0,35.163,0.05757,0.082049996,0.257,0.187,364.7,FMCG,Consumer Cyclical,Luxury Goods,2026-05-11
TIMKEN,272216604672.0,LARGE CAP,62.917244,9.838356,0.0,0.55,0.0922,0.13123,0.161,-0.266,3619.0,CAPITAL GOODS,Industrials,Tools & Accessories,2026-05-11
TINNARUBR,14569341952.0,SMALL CAP,29.742552,5.0952644,0.0,38.443,0.14104,0.09268,0.134,0.52,808.7,CHEMICALS,Basic Materials,Specialty Chemicals,2026-05-11
TIPSFILMS,1612868736.0,MICRO CAP,0.0,4.486694,0.0,453.425,-0.70579004,-0.20844999,3.616,0.0,373.1,OTHERS,Communication Services,Entertainment,2026-05-11
TIPSMUSIC,83825565696.0,MID CAP,38.596233,32.24577,0.92331004,1.962,0.73416,0.5772,0.324,0.935,655.75,OTHERS,Communication Services,Entertainment,2026-05-11
TIRUMALCHM,25512585216.0,SMALL CAP,0.0,1.501593,0.0,136.102,-0.09075,-0.08394,-0.069,0.0,211.63,CHEMICALS,Basic Materials,Specialty Chemicals,2026-05-11
TIRUPATIFL,5047007232.0,SMALL CAP,83.666664,4.357639,0.0,21.318,0.060560003,0.040999997,0.859,0.231,42.67,CAPITAL GOODS,Industrials,Metal Fabrication,2026-05-11
TITAGARH,109799514112.0,MID CAP,60.662205,4.341436,0.0,25.09,0.09556,0.0548,-0.078,-0.232,815.3,CAPITAL GOODS,Industrials,Railroads,2026-05-11
TITAN,3730557632512.0,LARGE CAP,73.44743,29.129293,0.37127998,195.001,0.06282,0.057919998,0.805,0.351,4205.6,FMCG,Consumer Cyclical,Luxury Goods,2026-05-11
TMB,107908603904.0,MID CAP,8.066406,1.1038487,0.13992,0.0,0.54293,0.39859,0.235,0.28,681.45,BANKING,Financial Services,Banks - Regional,2026-05-11
TMCV,1513438183424.0,LARGE CAP,6.7732368,14.766113,0.0,87.545,0.09937,0.0,0.154,-0.481,411.0,AUTO,Consumer Cyclical,Auto Manufacturers,2026-05-11
TMPV,1274122731520.0,LARGE CAP,32.54939,1.1508015,0.0,56.134,-0.036530003,0.21158001,-0.383,0.0,346.0,AUTO,Consumer Cyclical,Auto Manufacturers,2026-05-11
TNPETRO,7927386624.0,SMALL CAP,6.819659,0.8102591,0.0,33.127,0.0588,0.06471,-0.085,0.7,88.11,CHEMICALS,Basic Materials,Specialty Chemicals,2026-05-11
TNPL,10800314368.0,SMALL CAP,4.3601565,0.46634012,0.11254,69.638,0.04908,0.053340003,-0.045,9.848,156.05,OTHERS,Basic Materials,Paper & Paper Products,2026-05-11
TNTELE,435339904.0,MICRO CAP,0.0,-0.22794135,0.0,0.0,2.94939,0.0,0.0,0.0,9.53,IT,Technology,Communication Equipment,2026-05-11
TOKYOPLAST,817975488.0,MICRO CAP,77.558556,1.2056916,0.0101499995,77.168,0.042540003,0.00795,0.333,-0.897,86.09,FMCG,Consumer Cyclical,Packaging & Containers,2026-05-11
TOLINS,4255891456.0,MICRO CAP,13.465,1.2921026,0.0,4.609,0.14035,0.11306,0.338,-0.256,107.72,AUTO,Consumer Cyclical,Auto Parts,2026-05-11
TORNTPHARM,1528791957504.0,LARGE CAP,67.38923,18.107004,0.0,33.4,0.26703,0.17833,0.176,0.261,4517.1,PHARMA,Healthcare,Drug Manufacturers - Specialty & Generic,2026-05-11
TORNTPOWER,847011512320.0,LARGE CAP,26.706388,4.50338,0.0,53.715,0.14614001,0.108830005,0.043,0.307,1680.9,IT,Utilities,Utilities - Independent Power Producers,2026-05-11
TOTAL,953426688.0,MICRO CAP,7.1922135,1.0782025,0.0,43.322,0.02256,0.02125,-0.109,-0.235,59.12,CAPITAL GOODS,Industrials,Integrated Freight & Logistics,2026-05-11
TOUCHWOOD,865999360.0,MICRO CAP,18.090277,2.0730543,0.0,9.449,0.093760006,0.06656,-0.333,-0.454,78.15,OTHERS,Communication Services,Advertising Agencies,2026-05-11
TPHQ,624845184.0,MICRO CAP,9.5,0.7187894,0.0,0.0,0.14173001,0.0,-0.811,10.612,0.57,CAPITAL GOODS,Industrials,Engineering & Construction,2026-05-11
TPLPLASTEH,5158338048.0,SMALL CAP,18.575842,3.3827815,0.0,14.357,0.10787,0.06949,0.222,0.247,66.13,FMCG,Consumer Cyclical,Packaging & Containers,2026-05-11
TRACXN,3844284928.0,MICRO CAP,0.0,7.0921984,0.0,0.0,-0.08309,-0.15168001,-0.017,0.0,36.0,IT,Technology,Software - Application,2026-05-11
TRANSPEK,6733403648.0,SMALL CAP,11.546935,0.87709916,0.0,9.207,0.07944,0.09026,-0.068,0.019,1205.5,CHEMICALS,Basic Materials,Chemicals,2026-05-11
TRANSRAILL,73619292160.0,MID CAP,16.971525,3.5538142,0.0,39.105,0.118039995,0.06285,0.326,0.094,548.35,CAPITAL GOODS,Industrials,Engineering & Construction,2026-05-11
TRANSWORLD,3657905152.0,MICRO CAP,0.0,0.47559094,0.0,38.162,-0.15084,0.106429994,0.132,0.0,166.59,CAPITAL GOODS,Industrials,Marine Shipping,2026-05-11
TRAVELFOOD,158831788032.0,MID CAP,37.611473,13.414295,0.0,23.659,0.31173,0.27231002,0.11,0.356,1206.2,FMCG,Consumer Cyclical,Restaurants,2026-05-11
TREEHOUSE,337639584.0,MICRO CAP,0.0,0.20881307,0.0,0.0,-0.52874,0.0,-0.537,0.0,7.98,FMCG,Consumer Defensive,Education & Training Services,2026-05-11
TREJHARA,3995905024.0,MICRO CAP,61.824627,1.6140628,0.0,4.025,0.03197,0.04522,4.264,0.109,165.69,IT,Technology,Software - Application,2026-05-11
TREL,6837706240.0,SMALL CAP,11.0,0.54044086,0.0,0.0,0.2811,0.71762,-0.1,0.222,27.83,REALTY,Real Estate,Real Estate Services,2026-05-11
TRENT,1486328692736.0,LARGE CAP,86.45782,21.28057,0.27126,36.034,0.10954001,0.08566,0.192,0.258,4181.1,FMCG,Consumer Cyclical,Apparel Retail,2026-05-11
TRF,2997051648.0,MICRO CAP,50.34196,3.5203714,0.0,143.707,0.30136,0.0642,-0.147,-0.49,272.35,CAPITAL GOODS,Industrials,Specialty Industrial Machinery,2026-05-11
TRIDENT,132536147968.0,MID CAP,32.5125,2.8447995,0.0,34.742,0.042919997,0.058909997,-0.056,-0.4,26.01,FMCG,Consumer Cyclical,Textile Manufacturing,2026-05-11
TRIGYN,1833598464.0,MICRO CAP,64.043015,0.24113263,0.0,0.885,-0.00215,0.00405,0.248,-0.438,59.56,IT,Technology,Information Technology Services,2026-05-11
TRITURBINE,185030770688.0,MID CAP,54.093864,14.228616,0.0,2.946,0.19984,0.16752,0.24,-0.01,582.05,CAPITAL GOODS,Industrials,Specialty Industrial Machinery,2026-05-11
TRIVENI,85830074368.0,MID CAP,27.992857,2.7870424,0.0,24.554,0.07752,0.04639,0.165,0.979,391.9,FMCG,Consumer Defensive,Confectioners,2026-05-11
TRU,771413504.0,MICRO CAP,0.0,0.7039045,0.0,301.695,1.56215,0.0,0.0,0.0,6.49,OTHERS,Financial Services,Credit Services,2026-05-11
TRUALT,40801083392.0,SMALL CAP,27.646717,2.398536,0.0,110.289,0.1573,0.088240005,0.0,0.0,475.8,POWER,Energy,Oil & Gas Refining & Marketing,2026-05-11
TSFINV,89909854208.0,MID CAP,19.35392,1.5325814,0.0,4.579,0.17115,0.63479,6.932,-0.025,407.4,OTHERS,Financial Services,Asset Management,2026-05-11
TTKHLTCARE,12956102656.0,SMALL CAP,21.553831,1.1938103,0.0,2.472,0.02349,0.072399996,0.022,-0.371,916.9,PHARMA,Healthcare,Drug Manufacturers - General,2026-05-11
TTKPRESTIG,70995386368.0,MID CAP,85.403625,3.7328265,0.0,9.993,0.06505,0.02873,0.102,-0.438,518.4,FMCG,Consumer Cyclical,"Furnishings, Fixtures & Appliances",2026-05-11
TTL,2087152384.0,MICRO CAP,0.0,1.9376498,0.0,58.218,0.06559,-0.0229,-0.283,0.0,8.08,FMCG,Consumer Cyclical,Textile Manufacturing,2026-05-11
TTML,84022796288.0,MID CAP,0.0,-0.420692,0.0,0.0,0.44332,-0.18556999,-0.041,0.0,42.98,TELECOM,Communication Services,Telecom Services,2026-05-11
TVSELECT,9203011584.0,SMALL CAP,0.0,10.001022,0.0,68.722,0.02148,-0.00475,0.136,0.0,489.0,IT,Technology,Computer Hardware,2026-05-11
TVSHLTD,285738008576.0,LARGE CAP,18.501343,5.1829195,0.0,315.772,0.00457,0.0332,0.349,0.277,14123.0,AUTO,Consumer Cyclical,Auto Parts,2026-05-11
TVSMOTOR,1717325004800.0,LARGE CAP,59.632015,51.394474,0.0,346.085,0.13137001,0.055159997,0.317,0.487,3613.7,AUTO,Consumer Cyclical,Auto Manufacturers,2026-05-11
TVSSCS,52535717888.0,MID CAP,57.250004,2.652943,0.0,112.34,0.02157,0.00878,0.111,0.0,119.08,CAPITAL GOODS,Industrials,Integrated Freight & Logistics,2026-05-11
TVSSRICHAK,29069223936.0,SMALL CAP,65.06255,2.5161083,0.0,68.917,0.04567,0.01285,0.142,0.0,3796.4,AUTO,Consumer Cyclical,Auto Parts,2026-05-11
TVTODAY,7224079360.0,SMALL CAP,41.89273,0.82224625,0.0,1.895,0.025150001,0.0136,-0.103,0.0,121.07,OTHERS,Communication Services,Broadcasting,2026-05-11
TVVISION,201471392.0,MICRO CAP,0.0,-0.12665935,0.0,0.0,-11.83703,-1.26355,-0.948,0.0,5.2,OTHERS,Communication Services,Broadcasting,2026-05-11
UBL,373392932864.0,LARGE CAP,90.40973,8.594206,0.09292,29.076,0.01615,0.023599999,0.901,0.043,1412.2,FMCG,Consumer Defensive,Beverages - Brewers,2026-05-11
UCAL,2327237632.0,MICRO CAP,0.0,0.6733593,0.0,87.154,-0.00654,-0.05073,-0.024,0.0,105.24,AUTO,Consumer Cyclical,Auto Parts,2026-05-11
UCOBANK,330542776320.0,LARGE CAP,11.927602,0.99573153,0.08631,0.0,0.41611,0.2386,-0.126,0.149,26.36,BANKING,Financial Services,Banks - Regional,2026-05-11
UDS,11692457984.0,SMALL CAP,12.591273,1.1526632,0.0,4.984,0.04009,0.031689998,0.104,-0.702,173.13,CAPITAL GOODS,Industrials,Specialty Business Services,2026-05-11
UEL,20187090944.0,SMALL CAP,1891.6251,57.847862,0.0,27.252,-0.22208999,0.115200005,-0.573,-0.945,151.33,IT,Technology,Solar,2026-05-11
UFBL,14522547200.0,SMALL CAP,0.0,4.4274836,0.0,242.354,0.01748,-0.05189,0.145,0.0,371.55,FMCG,Consumer Cyclical,Restaurants,2026-05-11
UFLEX,30910126080.0,SMALL CAP,10.674563,0.39963102,0.0,120.69,0.06702,0.01939,-0.043,-0.736,428.05,FMCG,Consumer Cyclical,Packaging & Containers,2026-05-11
UFO,2917705216.0,MICRO CAP,14.826429,0.92952794,0.0,29.853,0.08045,0.04428,-0.049,-0.583,75.17,OTHERS,Communication Services,Entertainment,2026-05-11
UGARSUGAR,4853250048.0,MICRO CAP,25.526627,2.828296,0.0,256.285,0.085030004,0.01179,0.222,2.05,43.14,FMCG,Consumer Defensive,Confectioners,2026-05-11
UGROCAP,15393105920.0,SMALL CAP,7.6426406,0.46738774,0.0706,375.276,0.25767002,0.20388001,0.561,-0.177,100.73,OTHERS,Financial Services,Credit Services,2026-05-11
UJJIVANSFB,114877513728.0,MID CAP,16.83191,1.8051821,0.10739,0.0,0.29524,0.16572,0.444,2.34,59.08,BANKING,Financial Services,Banks - Regional,2026-05-11
ULTRACEMCO,3490616967168.0,LARGE CAP,42.800465,4.845463,0.10593,29.432,0.17024,0.092259996,0.03,0.0,11866.0,OTHERS,Basic Materials,Building Materials,2026-05-11
ULTRAMAR,0.0,UNKNOWN,14.472582,1.1384023,0.0,8.379,0.141,0.108509995,0.096,0.187,414.35,CHEMICALS,Basic Materials,Specialty Chemicals,2026-05-11
UMAEXPORTS,875674624.0,MICRO CAP,0.0,0.44465807,0.0,95.923,0.00912,-0.00281,0.133,-0.406,25.9,FMCG,Consumer Defensive,Farm Products,2026-05-11
UMESLTD,138733440.0,MICRO CAP,39.92308,1.0712075,0.0,2.889,0.4637,0.48792,0.746,-0.5,5.19,FMCG,Consumer Defensive,Education & Training Services,2026-05-11
UMIYA-MRO,1656203136.0,MICRO CAP,3.925598,1.4641317,0.42873,110.392,0.20363002,0.555,0.631,0.833,88.64,REALTY,Real Estate,Real Estate - Development,2026-05-11
UNICHEMLAB,26592253952.0,SMALL CAP,9.040211,1.0913693,0.0,20.616,0.02596,0.13319999,-0.022,3.575,377.7,PHARMA,Healthcare,Drug Manufacturers - Specialty & Generic,2026-05-11
UNIDT,4117880064.0,MICRO CAP,22.89165,1.524779,0.0,11.201,0.15541,0.106979996,0.491,1.053,202.82,POWER,Energy,Oil & Gas Equipment & Services,2026-05-11
UNIECOM,10111878144.0,SMALL CAP,50.550564,5.7594576,0.1555,4.907,0.11587,0.10012,0.166,-0.017,89.98,IT,Technology,Software - Application,2026-05-11
UNIENTER,7464355840.0,SMALL CAP,37.659653,0.26243466,0.0,0.0,-8.5719595,0.25188,-0.974,0.0,107.33,CHEMICALS,Basic Materials,Chemicals,2026-05-11
UNIINFO,128424376.0,MICRO CAP,0.0,0.39807758,0.0,15.548,-0.02934,-0.0063,0.381,0.0,12.01,TELECOM,Communication Services,Telecom Services,2026-05-11
UNIMECH,50719567872.0,MID CAP,75.84031,7.1844854,0.0,16.073,-0.1583,0.29236,-0.374,-0.861,997.3,DEFENCE,Industrials,Aerospace & Defense,2026-05-11
UNIONBANK,1250460958720.0,LARGE CAP,6.436542,0.9542756,0.15708,0.0,-8.87682,0.35658002,0.0,0.0,163.81,BANKING,Financial Services,Banks - Regional,2026-05-11
UNIPARTS,25603932160.0,SMALL CAP,19.711807,2.7923014,0.0,13.13,0.15889,0.119890004,0.349,0.738,567.7,CAPITAL GOODS,Industrials,Farm & Heavy Construction Machinery,2026-05-11
UNITDSPR,920962662400.0,LARGE CAP,52.296574,10.699919,0.0,4.898,0.14050001,0.13314,0.076,0.246,1266.1,FMCG,Consumer Defensive,Beverages - Wineries & Distilleries,2026-05-11
UNITECH,12479756288.0,SMALL CAP,0.0,-0.15569918,0.0,0.0,-1.7002499,0.0,0.912,0.0,4.77,REALTY,Real Estate,Real Estate - Diversified,2026-05-11
UNITEDPOLY,7489091072.0,SMALL CAP,0.0,6.1450095,0.0,89.939,0.059510004,0.03382,0.149,-0.045,32.63,FMCG,Consumer Cyclical,Textile Manufacturing,2026-05-11
UNITEDTEA,2742615296.0,MICRO CAP,12.40452,1.1803083,0.0,0.0,0.18264,0.221,0.036,0.178,548.9,FMCG,Consumer Defensive,Farm Products,2026-05-11
UNIVAFOODS,117017280.0,MICRO CAP,0.0,-15.473485,0.0,0.0,18.22,0.0,0.0,0.0,8.17,OTHERS,Financial Services,Shell Companies,2026-05-11
UNIVASTU,2608321024.0,MICRO CAP,24.737202,2.9876342,0.0,43.706,0.1724,0.09024,0.337,0.719,72.48,CAPITAL GOODS,Industrials,Engineering & Construction,2026-05-11
UNIVCABLES,38399111168.0,SMALL CAP,24.40463,2.0523381,0.0,54.171,0.06506,0.05513,0.264,0.719,1106.75,CAPITAL GOODS,Industrials,Electrical Equipment & Parts,2026-05-11
UNIVPHOTO,5095644160.0,SMALL CAP,0.0,0.605861,0.0,0.0,0.02083,0.0,-0.2,0.0,465.5,PHARMA,Healthcare,Medical Devices,2026-05-11
UNOMINDA,677373542400.0,LARGE CAP,59.578465,10.844064,0.0,43.136,0.07463,0.060349997,0.199,0.186,1173.1,AUTO,Consumer Cyclical,Auto Parts,2026-05-11
UPL,565495070720.0,LARGE CAP,31.963688,1.7184558,0.0,79.613,0.1309,0.0358,0.125,-0.517,669.0,OTHERS,Basic Materials,Agricultural Inputs,2026-05-11
URAVIDEF,1464329984.0,MICRO CAP,56.0917,3.0436945,0.0,45.279,0.025050001,0.06519,0.018,0.292,128.45,AUTO,Consumer Cyclical,Auto Parts,2026-05-11
URBANCO,194407284736.0,MID CAP,0.0,8.254862,-0.11921,6.335,-0.19743,-0.13876,0.547,0.0,126.06,IT,Technology,Software - Application,2026-05-11
URJA,6095833600.0,SMALL CAP,547.0,3.307134,0.0,23.646,0.01565,0.01894,-0.276,-0.222,10.94,IT,Technology,Solar,2026-05-11
USHAMART,145396793344.0,MID CAP,33.33217,4.4083176,0.16228001,6.922,0.20573,0.12394,0.123,0.458,477.65,METALS,Basic Materials,Steel,2026-05-11
USK,1273214336.0,MICRO CAP,0.0,0.7881841,0.0,39.287,-0.1003,-0.06509,0.059,0.0,23.0,CAPITAL GOODS,Industrials,Engineering & Construction,2026-05-11
UTIAMC,126914396160.0,MID CAP,31.429026,2.8850734,0.09776,3.129,0.38298,0.23798999,0.067,0.0,987.5,OTHERS,Financial Services,Asset Management,2026-05-11
UTKARSHBNK,25287032832.0,SMALL CAP,0.0,0.65456724,0.0,0.0,28.0326,-1.66377,0.0,0.0,14.21,BANKING,Financial Services,Banks - Regional,2026-05-11
UTLSOLAR,85748350976.0,MID CAP,34.366543,14.805002,0.0,138.421,0.17196,0.11147001,0.738,1.206,279.4,IT,Technology,Solar,2026-05-11
UTTAMSUGAR,9688989696.0,SMALL CAP,8.700342,1.2218583,0.0,34.457,0.08618,0.048460003,0.227,-0.039,254.05,FMCG,Consumer Defensive,Confectioners,2026-05-11
UYFINCORP,2743236864.0,MICRO CAP,8.583334,0.78970426,0.0,1.149,0.52711,0.29483998,1.724,7.0,14.42,OTHERS,Financial Services,Credit Services,2026-05-11
V2RETAIL,79035187200.0,MID CAP,50.406975,19.500675,0.0,339.244,0.13772,0.05432,0.572,0.971,216.75,FMCG,Consumer Cyclical,Apparel Retail,2026-05-11
VADILALIND,32330858496.0,SMALL CAP,26.48063,4.1177917,0.0,25.978,0.01609,0.08926,0.167,0.0,4498.0,FMCG,Consumer Defensive,Packaged Foods,2026-05-11
VAIBHAVGBL,37915807744.0,SMALL CAP,18.324453,2.6189268,0.0,15.726,0.10363,0.05797,0.091,0.404,227.04,FMCG,Consumer Cyclical,Luxury Goods,2026-05-11
VAISHALI,971942848.0,MICRO CAP,124.166664,1.4576403,0.0,23.153,0.058119997,-0.00446,-0.117,0.02,7.45,PHARMA,Healthcare,Drug Manufacturers - Specialty & Generic,2026-05-11
VAKRANGEE,7268216832.0,SMALL CAP,61.0,3.0681298,0.051119998,1.705,0.04517,0.043109998,-0.068,-0.5,6.71,IT,Technology,Information Technology Services,2026-05-11
VALIANTLAB,4263531264.0,MICRO CAP,0.0,1.2374676,0.0,16.944,-0.055960003,-0.02131,0.489,0.0,78.5,PHARMA,Healthcare,Drug Manufacturers - Specialty & Generic,2026-05-11
VALIANTORG,8579604992.0,SMALL CAP,35.72929,1.1614852,0.0,31.902,0.03434,0.02996,-0.148,0.287,306.2,CHEMICALS,Basic Materials,Chemicals,2026-05-11
VARDHACRLC,3655746816.0,MICRO CAP,35.8189,1.5891703,0.0,0.0,0.08285,0.04434,-0.067,0.878,45.49,FMCG,Consumer Cyclical,Textile Manufacturing,2026-05-11
VARDMNPOLY,3366642432.0,MICRO CAP,49.785713,-1.4578539,0.0,0.0,-0.032509997,0.03076,-0.329,0.0,6.97,FMCG,Consumer Cyclical,Textile Manufacturing,2026-05-11
VARROC,84941152256.0,MID CAP,48.21336,5.041903,0.0,53.145,0.056750003,0.020450002,0.102,0.0,555.9,AUTO,Consumer Cyclical,Auto Parts,2026-05-11
VASCONEQ,9193759744.0,SMALL CAP,11.641176,0.8029864,0.0,24.443,0.046230003,0.07158,-0.154,-0.879,39.58,CAPITAL GOODS,Industrials,Engineering & Construction,2026-05-11
VASWANI,1856832640.0,MICRO CAP,208.4074,1.1834606,0.0,174.83,0.00986,0.00191,0.214,0.0,56.27,METALS,Basic Materials,Steel,2026-05-11
VBL,1695545032704.0,LARGE CAP,53.273113,8.659377,0.0,12.705,0.18491,0.14024,0.181,0.2,501.3,FMCG,Consumer Defensive,Beverages - Non-Alcoholic,2026-05-11
VCL,271953280.0,MICRO CAP,4.4848485,1.5845824,0.0,63.082,0.26063,0.36863998,0.0,0.0,1.48,FMCG,Consumer Cyclical,Textile Manufacturing,2026-05-11
VEDL,1165192855552.0,LARGE CAP,16.63322,2.899114,0.20403999,48.044,0.2624,0.22681999,-0.413,0.922,298.4,OTHERS,Basic Materials,Other Industrial Metals & Mining,2026-05-11
VEEDOL,25595957248.0,SMALL CAP,13.206769,2.619063,0.0,2.144,0.079780005,0.0926,0.115,0.167,1506.1,CHEMICALS,Basic Materials,Specialty Chemicals,2026-05-11
VELJAN,0.0,UNKNOWN,0.0,0.0,0.0,3.483,0.18444,0.15705,-0.077,-0.229,1062.1,OTHERS,,,2026-05-11
VENKEYS,23758292992.0,SMALL CAP,46.370636,1.6378304,0.0,13.056,0.063140005,0.01475,0.089,1.383,1686.5,FMCG,Consumer Defensive,Farm Products,2026-05-11
VENTIVE,157045063680.0,MID CAP,42.83121,3.155783,0.0,42.178,0.33074,0.15432,0.284,3.717,672.45,FMCG,Consumer Cyclical,Lodging,2026-05-11
VENUSPIPES,27564855296.0,SMALL CAP,27.333607,4.4798026,0.0,42.716,0.14406,0.08906999,0.283,0.413,1330.6,METALS,Basic Materials,Steel,2026-05-11
VENUSREM,13022027776.0,SMALL CAP,17.047127,2.1884735,0.0,2.42,0.17175,0.10854,0.019,0.361,973.05,PHARMA,Healthcare,Drug Manufacturers - Specialty & Generic,2026-05-11
VERANDA,20597610496.0,SMALL CAP,22.194818,2.274228,0.0,42.052,0.22994,0.20098,0.178,0.0,214.18,FMCG,Consumer Defensive,Education & Training Services,2026-05-11
VERTOZ,4363776000.0,MICRO CAP,10.039216,1.7846562,0.0,8.016,0.111379996,0.09083,0.139,-0.2,51.2,IT,Technology,Software - Infrastructure,2026-05-11
VESUVIUS,97877843968.0,MID CAP,37.529182,5.888063,0.17066,0.826,0.14807001,0.12549,0.083,0.339,482.25,CAPITAL GOODS,Industrials,Specialty Industrial Machinery,2026-05-11
VETO,2164960000.0,MICRO CAP,9.068055,0.7823336,0.0,5.817,0.097959995,0.07086,0.245,0.816,113.26,CAPITAL GOODS,Industrials,Electrical Equipment & Parts,2026-05-11
VGL,3041222656.0,MICRO CAP,6.135135,2.9704566,0.0,27.428,-0.22149,0.75439,1.043,0.0,59.02,FMCG,Consumer Cyclical,Textile Manufacturing,2026-05-11
VGUARD,145084383232.0,MID CAP,50.865234,6.6455255,0.0,6.884,0.06888,0.04998,0.106,-0.051,332.15,CAPITAL GOODS,Industrials,Electrical Equipment & Parts,2026-05-11
VHL,11641447424.0,SMALL CAP,5.0143657,0.31165078,0.0,0.0,0.91814005,14.548559,-0.114,-0.183,3647.6,OTHERS,Financial Services,Credit Services,2026-05-11
VHLTD,9335143424.0,SMALL CAP,42.168198,3.7835095,0.0,20.112,0.22431,0.17118,0.024,0.417,137.89,FMCG,Consumer Cyclical,Lodging,2026-05-11
VIDHIING,14271783936.0,SMALL CAP,29.95283,4.6227393,0.0,19.505,0.17708999,0.13003,-0.041,-0.024,285.75,CHEMICALS,Basic Materials,Specialty Chemicals,2026-05-11
VIDYAWIRES,20052629504.0,SMALL CAP,39.283333,8.068463,0.0,99.197,0.050580002,0.03131,0.293,0.091,94.28,CAPITAL GOODS,Industrials,Electrical Equipment & Parts,2026-05-11
VIJAYA,138149150720.0,MID CAP,80.15522,15.95617,0.0,42.224,0.30074,0.20727,0.214,0.225,1342.6,PHARMA,Healthcare,Diagnostics & Research,2026-05-11
VIJIFIN,617024960.0,MICRO CAP,48.111107,2.939579,0.08825,31.027,0.86291003,0.41875,1.619,2.12,4.33,OTHERS,Financial Services,Credit Services,2026-05-11
VIKASECO,2458501376.0,MICRO CAP,23.166666,0.48096883,0.0,9.468,0.014730001,0.01994,-0.189,0.0,1.39,CHEMICALS,Basic Materials,Specialty Chemicals,2026-05-11
VIKASLIFE,2953693184.0,MICRO CAP,0.0,0.43300655,0.0,17.508,-0.17679001,-0.05593,-0.177,0.0,1.59,FMCG,Consumer Defensive,Farm Products,2026-05-11
VIKRAMSOLR,77125599232.0,MID CAP,17.124699,2.4209545,0.0,8.898,0.15225,0.09919,0.078,2.913,212.86,IT,Technology,Solar,2026-05-11
VIKRAN,18971934720.0,SMALL CAP,25.810526,1.316675,0.0,27.396,0.12644,0.07675,0.005,-0.557,73.56,CAPITAL GOODS,Industrials,Engineering & Construction,2026-05-11
VIMTALABS,21954809856.0,SMALL CAP,29.533133,5.25867,0.1855,0.729,0.26222,0.18620001,0.169,0.182,490.25,PHARMA,Healthcare,Diagnostics & Research,2026-05-11
VINATIORGA,142145437696.0,MID CAP,32.096508,4.8415933,0.0,0.0,0.23982,0.195,0.017,0.076,1370.2,CHEMICALS,Basic Materials,Specialty Chemicals,2026-05-11
VINCOFE,19468343296.0,SMALL CAP,28.431917,3.6841092,0.0,16.989,0.17321,0.13557,0.708,0.297,133.63,FMCG,Consumer Defensive,Beverages - Non-Alcoholic,2026-05-11
VINDHYATEL,21504575488.0,SMALL CAP,9.489593,0.50613153,0.0,32.942,0.0177,0.05941,-0.309,0.0,1814.6,CAPITAL GOODS,Industrials,Engineering & Construction,2026-05-11
VINEETLAB,737136512.0,MICRO CAP,0.0,2.5168865,0.0,300.832,0.12185001,-0.18101999,-0.134,0.0,38.38,CHEMICALS,Basic Materials,Chemicals,2026-05-11
VINNY,544338560.0,MICRO CAP,58.5,0.42468235,0.0,16.674,0.00135,0.012610001,0.055,-0.979,1.17,FMCG,Consumer Cyclical,Textile Manufacturing,2026-05-11
VINYLINDIA,4945519104.0,MICRO CAP,30.000002,4.0585074,0.12845,0.376,0.03692,0.025290001,0.04,-0.361,269.7,CHEMICALS,Basic Materials,Specialty Chemicals,2026-05-11
VIPCLOTHNG,1979244160.0,MICRO CAP,25.241379,1.0400189,0.0,40.011,0.059910003,0.03158,-0.189,-0.545,21.96,FMCG,Consumer Cyclical,Apparel Manufacturing,2026-05-11
VIPIND,42196496384.0,SMALL CAP,0.0,9.093831,0.0,167.839,-0.23959999,-0.123409994,-0.094,0.0,297.05,FMCG,Consumer Cyclical,Footwear & Accessories,2026-05-11
VIPULLTD,1313742336.0,MICRO CAP,0.0,0.32032996,0.0,19.491,-0.1749,-0.44313,-0.184,-0.71,9.32,REALTY,Real Estate,Real Estate - Diversified,2026-05-11
VIRINCHI,1914434688.0,MICRO CAP,0.0,0.38987136,0.0,64.151,0.15117,-0.05529,-0.067,-0.622,17.46,IT,Technology,Software - Application,2026-05-11
VISAKAIND,6645390336.0,SMALL CAP,11.0981245,0.8465044,0.0,53.394,0.025150001,0.03689,0.046,0.0,76.91,CAPITAL GOODS,Industrials,Building Products & Equipment,2026-05-11
VISASTEEL,7737049088.0,SMALL CAP,0.0,-0.44538626,0.0,0.0,-0.025899999,-0.94097,0.277,0.0,53.07,METALS,Basic Materials,Steel,2026-05-11
VISHNU,39086620672.0,SMALL CAP,28.283,3.9112601,0.0,41.813,0.123780005,0.08879,0.108,-0.044,580.65,CHEMICALS,Basic Materials,Specialty Chemicals,2026-05-11
VISHWARAJ,1245974400.0,MICRO CAP,0.0,0.51034975,-0.13826999,145.775,-0.03396,-0.083500005,-0.166,0.0,5.72,FMCG,Consumer Defensive,Confectioners,2026-05-11
VITAL,1436826496.0,MICRO CAP,51.273506,1.3622017,0.03349,70.621,0.037639998,0.02337,-0.021,-0.34,59.99,CHEMICALS,Basic Materials,Specialty Chemicals,2026-05-11
VIVIDHA,155131280.0,MICRO CAP,0.0,66.24999,0.0,2622.617,-23.029852,0.0,0.0,0.0,0.53,FMCG,Consumer Cyclical,Textile Manufacturing,2026-05-11
VIVIMEDLAB,555523200.0,MICRO CAP,0.0,-1.1589689,0.0,0.0,-0.97253996,-0.39539,-0.563,0.0,6.7,PHARMA,Healthcare,Drug Manufacturers - Specialty & Generic,2026-05-11
VIYASH,98304614400.0,MID CAP,86.96139,6.954978,0.0,55.307,0.137,0.0537,1.196,5.692,225.23,PHARMA,Healthcare,Drug Manufacturers - Specialty & Generic,2026-05-11
VLEGOV,1570375168.0,MICRO CAP,0.0,3.4361649,0.0,0.0,-0.16382,0.0,-0.706,0.0,14.48,IT,Technology,Information Technology Services,2026-05-11
VLSFINANCE,7571671552.0,SMALL CAP,14.346017,0.3169437,0.0,0.001,0.77385,0.61292,0.0,0.0,241.3,OTHERS,Financial Services,Capital Markets,2026-05-11
VMART,52215308288.0,MID CAP,55.959084,6.1465855,0.0,94.737,0.11684,0.03647,0.097,0.232,656.4,FMCG,Consumer Cyclical,Department Stores,2026-05-11
VMM,570133774336.0,LARGE CAP,73.053894,8.163265,0.0,27.12,0.11919,0.06373,0.17,0.158,122.0,FMCG,Consumer Cyclical,Department Stores,2026-05-11
VMSTMT,2403142912.0,MICRO CAP,10.712389,0.75157154,0.0,128.794,0.07394,0.027460001,0.0,0.0,48.42,METALS,Basic Materials,Steel,2026-05-11
VOLTAMP,95546081280.0,MID CAP,31.244623,5.8092365,0.0,0.082,0.16493,0.16365999,0.304,0.35,9444.0,CAPITAL GOODS,Industrials,Electrical Equipment & Parts,2026-05-11
VOLTAS,432300916736.0,LARGE CAP,86.52318,6.829194,0.0,27.449,0.051020004,0.03545,-0.011,-0.356,1306.5,FMCG,Consumer Cyclical,"Furnishings, Fixtures & Appliances",2026-05-11
VPRPL,5467416576.0,SMALL CAP,0.0,0.3603388,0.0,90.698,-0.10439,-0.0026699998,-0.263,0.0,43.69,CAPITAL GOODS,Industrials,Engineering & Construction,2026-05-11
VRAJ,4357334016.0,MICRO CAP,16.51375,1.0547957,0.0,6.498,-0.0018000001,0.046350002,0.221,-0.879,132.11,METALS,Basic Materials,Steel,2026-05-11
VRLLOG,46515744768.0,SMALL CAP,19.508436,4.245298,0.0,101.073,0.12319,0.07498,-0.005,0.09,265.9,CAPITAL GOODS,Industrials,Trucking,2026-05-11
VSSL,26506379264.0,SMALL CAP,20.895578,2.1726725,0.1176,7.281,0.10645001,0.06955,0.07,0.458,274.15,METALS,Basic Materials,Steel,2026-05-11
VSTIND,44191555584.0,SMALL CAP,15.145265,3.4867234,0.21114,0.0,0.31738,0.19955999,0.309,1.195,260.65,FMCG,Consumer Defensive,Tobacco,2026-05-11
VSTL,2427382272.0,MICRO CAP,22.77758,1.2566632,0.0,100.907,0.013730001,0.00966,0.219,-0.519,128.01,METALS,Basic Materials,Steel,2026-05-11
VSTTILLERS,43332993024.0,SMALL CAP,35.03813,4.096949,0.0,0.173,0.1092,0.102239996,0.435,22.85,5008.0,CAPITAL GOODS,Industrials,Farm & Heavy Construction Machinery,2026-05-11
VTL,175203516416.0,MID CAP,23.125238,1.6977494,0.0,14.465,0.06627,0.08076,0.016,-0.209,605.65,FMCG,Consumer Cyclical,Textile Manufacturing,2026-05-11
WAAREEENER,923015577600.0,LARGE CAP,28.301289,8.025652,0.31570998,21.402,0.15048,0.13986,1.118,0.712,3208.8,IT,Technology,Solar,2026-05-11
WAAREEINDO,17664927744.0,SMALL CAP,7.1638265,8.676994,1.5063001,1.07,0.66416,0.36273,-0.57,0.048,424.6,IT,Technology,Solar,2026-05-11
WAAREERTL,105785761792.0,MID CAP,22.106411,16.053331,0.0,15.598,0.18571,-0.34030998,1.312,0.667,1013.8,IT,Utilities,Utilities - Renewable,2026-05-11
WABAG,91090403328.0,MID CAP,27.027178,3.914486,0.0,10.322,0.12473,0.092700005,0.185,0.733,1461.9,CAPITAL GOODS,Industrials,Engineering & Construction,2026-05-11
WAKEFIT,40625508352.0,SMALL CAP,96.944885,3.604321,0.0,49.699,0.07515,0.02848,0.094,0.0,123.12,FMCG,Consumer Cyclical,"Furnishings, Fixtures & Appliances",2026-05-11
WALCHANNAG,16335812608.0,SMALL CAP,0.0,4.6708736,0.0,55.731,0.15442,-0.31355,0.37,0.0,240.55,CAPITAL GOODS,Industrials,Engineering & Construction,2026-05-11
WANBURY,8991654912.0,SMALL CAP,13.452693,14.228452,0.0,0.0,0.054920003,-0.25901,-0.192,0.0,257.35,PHARMA,Healthcare,Drug Manufacturers - Specialty & Generic,2026-05-11
WCIL,10989752320.0,SMALL CAP,24.951387,1.2932369,0.0,22.782,0.03354,0.02533,0.079,-0.045,107.79,CAPITAL GOODS,Industrials,Integrated Freight & Logistics,2026-05-11
WEALTH,9867594752.0,SMALL CAP,41.45479,6.5477448,0.0,0.0,0.17282,0.47617,-0.607,-0.88,926.1,OTHERS,Financial Services,Capital Markets,2026-05-11
WEBELSOLAR,48061894656.0,SMALL CAP,15.859598,11.943035,0.66685,20.729,0.30507,0.28873,1.321,1.443,110.7,IT,Technology,Solar,2026-05-11
WEIZMANIND,1362219392.0,MICRO CAP,0.0,2.1570697,0.0,11.861,0.13013,-0.02394,-0.004,0.214,87.92,FMCG,Consumer Cyclical,Textile Manufacturing,2026-05-11
WEL,13656756224.0,SMALL CAP,100.90099,15.492551,0.0,91.622,0.02021,0.01897,-0.311,-0.895,101.91,FMCG,Consumer Cyclical,"Furnishings, Fixtures & Appliances",2026-05-11
WELCORP,350541643776.0,LARGE CAP,18.051332,4.2861843,0.0,18.258,0.115430005,0.11848,0.254,-0.33,1329.3,METALS,Basic Materials,Steel,2026-05-11
WELENT,69413928960.0,MID CAP,22.273718,2.6109068,0.0,67.637,0.17934,0.08924,-0.092,-0.665,511.85,CAPITAL GOODS,Industrials,Engineering & Construction,2026-05-11
WELINV,6203782144.0,SMALL CAP,194.70657,0.8451519,0.0,0.0,-1.25279,0.61432,-0.35,0.0,1692.0,OTHERS,Financial Services,Capital Markets,2026-05-11
WELSPLSOL,0.0,UNKNOWN,0.0,0.0,0.050890002,7.686,0.03959,0.02558,0.098,-0.169,43.21,OTHERS,,,2026-05-11
WELSPUNLIV,130069012480.0,MID CAP,55.54286,2.8151183,0.0,54.975,0.03063,0.0242,-0.091,-0.998,136.08,FMCG,Consumer Cyclical,Textile Manufacturing,2026-05-11
WENDT,14496000000.0,SMALL CAP,99.5331,5.8466277,0.05849,0.075,0.09988,0.06157,-0.117,-0.605,7248.0,CAPITAL GOODS,Industrials,Tools & Accessories,2026-05-11
WESTLIFE,77801897984.0,MID CAP,248.14357,12.524362,0.05289,291.521,0.0881,0.01217,0.098,0.516,501.25,FMCG,Consumer Cyclical,Restaurants,2026-05-11
WEWIN,743581952.0,MICRO CAP,16.013128,2.4097733,0.0,30.051,0.05661,0.05587,0.13,0.0,73.18,IT,Technology,Information Technology Services,2026-05-11
WEWORK,71917068288.0,MID CAP,153.72433,34.95832,0.0,2378.742,0.25536,0.01988,0.29,0.0,524.2,REALTY,Real Estate,Real Estate Services,2026-05-11
WHEELS,32417722368.0,SMALL CAP,23.98843,3.3659325,0.0,0.0,0.04892,0.03187,0.025,-0.098,1326.8,AUTO,Consumer Cyclical,Auto Parts,2026-05-11
WHIRLPOOL,115497517056.0,MID CAP,34.746086,1.4142425,0.0,6.334,0.022449998,0.042340003,0.04,-0.396,910.0,FMCG,Consumer Cyclical,"Furnishings, Fixtures & Appliances",2026-05-11
WILLAMAGOR,313023200.0,MICRO CAP,1.8783695,-0.17289689,0.0,0.0,0.64018995,8.484119,0.878,2.964,28.57,OTHERS,Financial Services,Credit Services,2026-05-11
WIMPLAST,0.0,UNKNOWN,7.4394393,0.0,0.0,0.0,0.12093,0.16507,-0.106,-0.054,371.6,FMCG,Consumer Cyclical,"Furnishings, Fixtures & Appliances",2026-05-11
WINDLAS,16859655168.0,SMALL CAP,25.415207,3.1394434,0.0,5.843,0.071550004,0.076869994,0.195,-0.045,798.8,PHARMA,Healthcare,Drug Manufacturers - Specialty & Generic,2026-05-11
WINDMACHIN,27892822016.0,SMALL CAP,0.0,3.5291805,0.0,5.437,-0.01609,-0.028199999,0.252,0.0,305.5,CAPITAL GOODS,Industrials,Specialty Industrial Machinery,2026-05-11
WINSOME,151866816.0,MICRO CAP,0.0,-0.03363845,0.0,0.0,-5.6722603,0.0,0.878,0.0,2.08,FMCG,Consumer Cyclical,Textile Manufacturing,2026-05-11
WIPL,1324194816.0,MICRO CAP,60.47287,2.6438243,0.0,44.281,0.0461,0.0178,0.018,-0.019,156.02,OTHERS,Basic Materials,Lumber & Wood Production,2026-05-11
WIPRO,2061686013952.0,LARGE CAP,15.646778,2.2973413,0.15487,22.853,0.17138,0.14248,0.077,-0.016,196.68,IT,Technology,Information Technology Services,2026-05-11
WOCKPHARMA,264147271680.0,LARGE CAP,123.43204,5.7720714,0.0,50.369,0.12162,0.00693,0.232,2.967,1625.6,PHARMA,Healthcare,Drug Manufacturers - Specialty & Generic,2026-05-11
WONDERLA,30867861504.0,SMALL CAP,41.35089,1.7872488,0.0,0.348,0.1302,0.1591,0.468,0.488,486.7,FMCG,Consumer Cyclical,Leisure,2026-05-11
WORTHPERI,2200414720.0,MICRO CAP,13.602725,1.2068802,0.0,9.589,0.08944,0.05391,0.103,-0.223,139.7,FMCG,Consumer Cyclical,Packaging & Containers,2026-05-11
WPIL,0.0,UNKNOWN,0.0,0.0,0.0,31.9,0.19006,0.06238,0.412,0.735,423.75,OTHERS,,,2026-05-11
WSI,5405264896.0,SMALL CAP,0.0,3.0402117,0.0,43.646,-0.03452,-0.01432,-0.686,0.0,71.22,CAPITAL GOODS,Industrials,Engineering & Construction,2026-05-11
WSTCSTPAPR,34391666688.0,SMALL CAP,24.073048,0.9711092,0.0,11.26,0.01271,0.034849998,0.033,-0.581,520.7,OTHERS,Basic Materials,Paper & Paper Products,2026-05-11
XCHANGING,7587706880.0,SMALL CAP,13.123314,2.067385,0.0,24.199,0.32937,0.28593,0.07,-0.092,68.11,IT,Technology,Information Technology Services,2026-05-11
XELPMOC,1726011136.0,MICRO CAP,0.0,2.041016,0.0,0.36,-1.76877,-2.01164,0.345,0.0,106.39,IT,Technology,Information Technology Services,2026-05-11
XPROINDIA,26594299904.0,SMALL CAP,200.54866,3.8787525,0.0,46.18,0.05421,0.024260001,0.017,-0.123,1133.1,CHEMICALS,Basic Materials,Specialty Chemicals,2026-05-11
XTGLOBAL,4346949120.0,MICRO CAP,49.10606,2.3090622,0.0,25.53,0.07716,0.02715,0.886,-0.214,32.41,IT,Technology,Software - Application,2026-05-11
YASHO,20695001088.0,SMALL CAP,112.67587,4.8315935,0.0,138.322,0.09482,0.02368,0.355,0.0,1713.8,CHEMICALS,Basic Materials,Specialty Chemicals,2026-05-11
YATHARTH,82517876736.0,MID CAP,49.161884,4.886622,0.0,1.525,0.15692,0.15289,0.462,0.319,856.4,PHARMA,Healthcare,Medical Care Facilities,2026-05-11
YATRA,16054094848.0,SMALL CAP,29.827988,1.9727353,0.0,6.87,0.04506,0.05179,0.092,-0.172,102.31,FMCG,Consumer Cyclical,Travel Services,2026-05-11
YESBANK,712451555328.0,LARGE CAP,20.267859,1.4411783,0.07095,0.0,0.54693,0.22045,0.198,0.118,22.7,BANKING,Financial Services,Banks - Regional,2026-05-11
YUKEN,9846362112.0,SMALL CAP,57.941643,2.674516,0.0,33.231,0.03113,0.03638,0.048,0.0,724.85,CAPITAL GOODS,Industrials,Specialty Industrial Machinery,2026-05-11
ZAGGLE,33962483712.0,SMALL CAP,26.096273,2.5767117,0.0,1.351,0.3502,0.07556,0.56,0.719,252.09,IT,Technology,Software - Infrastructure,2026-05-11
ZEEL,86802145280.0,MID CAP,15.369048,0.7553999,0.0,2.465,0.08928,0.06843,0.142,-0.047,90.37,OTHERS,Communication Services,Broadcasting,2026-05-11
ZEELEARN,1998348928.0,MICRO CAP,19.709679,1.0301803,0.0,219.814,-0.02179,0.023710001,0.066,0.0,6.11,FMCG,Consumer Defensive,Education & Training Services,2026-05-11
ZEEMEDIA,5078480896.0,SMALL CAP,0.0,2.572062,0.0,54.648,0.21875,-0.010989999,0.507,0.0,8.12,OTHERS,Communication Services,Broadcasting,2026-05-11
ZENITHEXPO,1164348928.0,MICRO CAP,21.555445,1.3778945,0.0,3.617,-0.04375,0.07469,-0.237,-0.75,215.77,FMCG,Consumer Cyclical,Textile Manufacturing,2026-05-11
ZENITHSTL,886407168.0,MICRO CAP,15.195122,-0.3547634,0.0,0.0,-0.43611,0.08627,-0.737,0.0,6.23,METALS,Basic Materials,Steel,2026-05-11
ZENSARTECH,118809681920.0,MID CAP,15.559679,2.5174255,0.0,1.68,0.14679,0.072670005,0.067,0.192,524.05,IT,Technology,Information Technology Services,2026-05-11
ZENTEC,147201114112.0,MID CAP,76.30769,8.190512,0.0,0.976,0.33915,0.31508,0.168,0.378,1636.8,DEFENCE,Industrials,Aerospace & Defense,2026-05-11
ZFCVINDIA,276812922880.0,LARGE CAP,55.642826,8.114986,0.0,0.0,0.12852,0.12515001,0.327,0.461,14594.0,AUTO,Consumer Cyclical,Auto Parts,2026-05-11
ZFSTEERING,0.0,UNKNOWN,38.30592,0.0,0.0,22.903,0.081199996,0.03613,0.218,0.0,815.15,AUTO,Consumer Cyclical,Auto Parts,2026-05-11
ZIMLAB,5852374016.0,SMALL CAP,75.89583,2.0514698,0.0,48.918,0.071550004,0.018480001,0.128,0.098,109.29,PHARMA,Healthcare,Drug Manufacturers - Specialty & Generic,2026-05-11
ZODIAC,0.0,UNKNOWN,84.63807,4.7573123,0.0,178.121,0.07982,0.039470002,0.318,-0.288,315.7,OTHERS,,,2026-05-11
ZODIACLOTH,2187040256.0,MICRO CAP,0.0,1.1206156,0.0,61.685,-0.20056999,-0.19993,-0.098,0.0,79.65,FMCG,Consumer Cyclical,Apparel Manufacturing,2026-05-11
ZOTA,37794488320.0,SMALL CAP,0.0,12.092743,0.0,56.9,-0.15877,-0.15369001,0.982,0.0,1246.0,PHARMA,Healthcare,Biotechnology,2026-05-11
ZSARACOM,0.0,UNKNOWN,0.0,0.0,0.0,5.016,0.95734,0.77046996,0.0,0.0,9883.0,OTHERS,,,2026-05-11
ZUARI,9942092800.0,SMALL CAP,1.0306056,0.3931028,0.0,23.991,0.01469,0.24334,-0.728,-0.273,236.39,OTHERS,Basic Materials,Agricultural Inputs,2026-05-11
ZUARIIND,7897970176.0,SMALL CAP,6.678419,0.1689664,0.0,50.399,-0.058730002,0.11413,0.117,0.0,265.2,CAPITAL GOODS,Industrials,Conglomerates,2026-05-11
ZYDUSLIFE,962915598336.0,LARGE CAP,19.501732,3.8050911,0.0,34.305,0.18827,0.18929,0.303,0.019,956.95,PHARMA,Healthcare,Drug Manufacturers - Specialty & Generic,2026-05-11
ZYDUSWELL,162912436224.0,MID CAP,78.53527,2.8544433,0.0,53.314,0.00497,0.061100002,1.089,0.0,512.05,FMCG,Consumer Defensive,Packaged Foods,2026-05-11
