SYMBOL,MARKET_CAP,MARKET_CAP_CATEGORY,CURRENT_PRICE,PE_RATIO,PRICE_TO_BOOK,ROE,DEBT_TO_EQUITY,OPERATING_MARGIN,PROFIT_MARGIN,REVENUE_GROWTH,EARNINGS_GROWTH,SECTOR,RAW_SECTOR,INDUSTRY,FETCH_DATE,SUBSECTOR,HIGH_QUALITY_FLAG,HIGH_GROWTH_FLAG,COMPOUNDER_FLAG,REVENUE_GROWTH_SCORE,EARNINGS_GROWTH_SCORE,ROE_SCORE,OPERATING_MARGIN_SCORE,GROWTH_STABILITY_SCORE,GROWTH_SCORE,GROWTH_CATEGORY,QUALITY_SCORE,OWNERSHIP_SCORE,GROWTH_SCORE_SECTOR_REL,QUALITY_SCORE_SECTOR_REL,OWNERSHIP_SCORE_SECTOR_REL,GROWTH_SCORE_SUBSECTOR_REL,QUALITY_SCORE_SUBSECTOR_REL,OWNERSHIP_SCORE_SUBSECTOR_REL,INSTITUTIONAL_BREADTH,LEADERSHIP_SCORE,CONFIDENCE_SCORE,FINAL_SCORE,ELITE_FLAG,TRADE_DECISION,MARKET_REGIME,MARKET_BREADTH,VOLATILITY_REGIME,RISK_REGIME,SMART_MONEY_SCORE,LEADING_SECTOR,ANOMALY_FLAG,COMPOUNDER_PROBABILITY,CRASH_RISK_SCORE,BREAKOUT_FLAG,AI_CONVICTION_SCORE,AI_WATCHLIST,RANK,INSTITUTIONAL_GRADE,PORTFOLIO_RISK_SCORE,EXPECTED_RETURN_SCORE,SHARPE_LIKE_SCORE,PORTFOLIO_WEIGHT
BSE,1624760123392.0,LARGE CAP,4000.60009765625,75.75459,20.664684,0.36003,0.04099,0.67699,0.48729,1.051,0.64,Misc,Financial Services,Financial Data & Stock Exchanges,2026-05-16,Financial Data & Stock Exchanges,1,1,1,95.68,85.19,98.94,97.62,90.435,92.85,ELITE GROWTH,85,100,99.87,99.68,100.0,100.0,100.0,100.0,100.0,100.0,99.93,100.0,1,INSTITUTIONAL ELITE,BEAR MARKET,-31.31,MODERATE VOLATILITY,RISK ON,99.98,Metals,0,91.49,6.77,1,98.28,1,1,A+,8.72,97.06,100.0,0.98
HINDZINC,2694908477440.0,MEGA CAP,637.7999877929688,19.48671,11.910586,0.3651025700000011,39.034,0.52458,0.35292998,0.408,0.675,Misc,Basic Materials,Other Industrial Metals & Mining,2026-05-16,Other Industrial Metals & Mining,0,1,1,87.7,85.71,99.51,95.68,86.705,90.16,ELITE GROWTH,75,90,99.24,98.93,99.87,100.0,100.0,100.0,66.66666666666666,99.91,89.69,98.14,1,INSTITUTIONAL ELITE,BEAR MARKET,-31.31,MODERATE VOLATILITY,RISK ON,92.4,Metals,0,84.02,16.86,1,91.77,1,2,A+,18.81,93.34,94.23523472993439,0.86
BAJAJ-AUTO,2898142429184.0,MEGA CAP,10377.5,27.026852,7.464646,0.28046,56.289,0.18642001,0.16507,0.488,1.031,Automobiles,Consumer Cyclical,Auto Manufacturers,2026-05-16,Passenger Vehicles,0,1,1,89.86,89.68,97.27,77.16,89.77000000000001,90.01,ELITE GROWTH,55,80,100.0,95.56,98.89,100.0,85.71,92.86,66.66666666666666,99.29,89.05,94.69,1,INSTITUTIONAL ELITE,BEAR MARKET,-31.31,MODERATE VOLATILITY,RISK ON,87.08,Metals,0,74.41,28.08,1,87.32,1,3,A+,31.42,91.22,56.273904996915476,0.49
EMMVEE,178625019904.0,MID CAP,258.0,15.017462,15.996033,0.3651025700000011,9.745,0.28291,0.21417,0.623,0.625,Misc,Technology,Solar,2026-05-16,Solar,0,1,1,92.42,84.79,99.51,85.36,88.605,90.46,ELITE GROWTH,75,80,99.37,98.93,99.49,100.0,100.0,100.0,66.66666666666666,99.82,89.67,92.16,1,INSTITUTIONAL ELITE,BEAR MARKET,-31.31,MODERATE VOLATILITY,RISK ON,87.37,Metals,0,82.63,18.87,1,88.43,1,4,A+,19.61,91.83,89.11208151382824,0.78
GESHIP,218990559232.0,MID CAP,1533.9000244140625,7.4569764,1.4385555,0.18849,6.409,0.48821998,0.46615002,0.519,1.875,Misc,Industrials,Marine Shipping,2026-05-16,Marine Shipping,0,1,1,90.61,93.3,94.0,95.33,91.955,92.7,ELITE GROWTH,68,70,99.75,97.79,98.11,100.0,100.0,75.0,66.66666666666666,99.65,89.49,91.45,1,INSTITUTIONAL ELITE,BEAR MARKET,-31.31,MODERATE VOLATILITY,RISK ON,82.28,Metals,0,79.09,24.08,1,86.2,1,5,A+,24.53,91.25,71.48452800626713,0.61
CHOLAFIN,1317949276160.0,LARGE CAP,1546.300048828125,25.00081,4.3208914,0.19334999,674.7245700000041,0.56111,0.39784,0.241,0.291,Financials,Financial Services,Credit Services,2026-05-16,NBFC – Lending,0,1,1,77.6,75.84,94.27,96.3,76.72,82.19,HIGH GROWTH,61,80,93.59,96.15,97.44,96.3,100.0,98.15,66.66666666666666,99.03,88.07,90.57,1,INSTITUTIONAL ELITE,BEAR MARKET,-31.31,MODERATE VOLATILITY,RISK ON,86.78,Metals,0,73.97,25.73,1,85.68,1,6,A+,28.28,87.96,60.081967213114744,0.51
CANFINHOME,113121091584.0,MID CAP,849.5499877929688,10.416258,1.8915458,0.19655001,637.09,0.80419,0.67294997,0.243,0.478,Misc,Financial Services,Mortgage Finance,2026-05-16,Mortgage Finance,0,1,1,77.73,82.14,94.62,98.41,79.935,84.72,HIGH GROWTH,68,70,97.98,97.79,98.11,100.0,100.0,87.5,66.66666666666666,99.21,89.05,89.57,1,INSTITUTIONAL STRONG BUY,BEAR MARKET,-31.31,MODERATE VOLATILITY,RISK ON,82.06,Metals,0,76.26,24.23,1,84.9,1,7,A+,24.68,87.99,68.52803738317758,0.58
CALSOFT,1406596608.0,MICRO CAP,22.75,126.388885,3.4077291,0.32296002,3.905,0.8678988605550011,0.54057,5.164077100000131,14.648529300000277,Technology,Technology,Software - Application,2026-05-16,SaaS,0,1,1,99.51,99.51,98.5,99.51,99.51,99.31,ELITE GROWTH,60,60,100.0,94.12,93.14,100.0,96.67,96.67,66.66666666666666,99.47,88.91,89.29,1,INSTITUTIONAL STRONG BUY,BEAR MARKET,-31.31,MODERATE VOLATILITY,RISK ON,77.1,Metals,0,76.65,29.88,1,83.62,1,8,A+,30.17,92.1,59.09528392685274,0.49
ACUTAAS,223590023168.0,MID CAP,2731.0,78.11785,13.524823,0.23516001,2.081,0.41678002,0.25798,0.439,1.056,Chemicals,Basic Materials,Specialty Chemicals,2026-05-16,Specialty Chemicals,0,1,1,88.8,90.04,96.12,94.0,89.42,91.22,ELITE GROWTH,53,80,100.0,94.16,100.0,100.0,93.52,100.0,66.66666666666666,99.12,88.77,88.48,1,INSTITUTIONAL STRONG BUY,BEAR MARKET,-31.31,MODERATE VOLATILITY,RISK ON,86.97,Metals,0,74.0,29.08,1,85.28,1,9,A+,32.68,91.07,54.079572446555815,0.46
BEL,3096787812352.0,MEGA CAP,423.6499938964844,51.79095,14.37271,0.131185,0.273,0.27842,0.22475,0.24,0.207,Misc,Industrials,Aerospace & Defense,2026-05-16,Aerospace & Defense,0,1,0,77.47,70.63,50.04,85.19,74.05,70.36,HIGH GROWTH,70,80,86.81,98.17,99.49,88.89,88.89,94.44,33.33333333333333,98.5,77.15,88.06,0,INSTITUTIONAL STRONG BUY,BEAR MARKET,-31.31,MODERATE VOLATILITY,RISK ON,83.91,Metals,0,72.34,25.5,0,81.15,0,10,A+,26.77,82.12,59.14296002880807,0.48
ANANDRATHI,297471246336.0,MID CAP,3583.10009765625,75.75265,29.802046,0.3651025700000011,8.25,0.40331,0.31594,0.476,0.384,Financials,Financial Services,Asset Management,2026-05-16,Asset Management Companies,0,1,1,89.59,79.28,99.51,93.12,84.435,88.32,ELITE GROWTH,60,80,98.72,75.64,97.44,92.86,57.14,100.0,66.66666666666666,99.56,85.98,87.95,1,INSTITUTIONAL STRONG BUY,BEAR MARKET,-31.31,MODERATE VOLATILITY,RISK ON,86.38,Metals,0,75.51,26.91,1,84.58,1,11,A+,29.57,89.9,58.81583251553812,0.49
BIRLAMONEY,7890379776.0,MICRO CAP,139.6300048828125,13.490821,2.631847,0.21804,674.7245700000041,0.27535,0.17396,0.429,1.006,Misc,Financial Services,Capital Markets,2026-05-16,Capital Markets,0,1,1,88.45,89.59,95.68,85.1,89.02000000000001,89.96,ELITE GROWTH,63,50,99.12,97.03,91.16,100.0,93.94,81.82,66.66666666666666,97.97,88.61,87.38,1,INSTITUTIONAL STRONG BUY,BEAR MARKET,-31.31,MODERATE VOLATILITY,RISK ON,71.65,Metals,0,73.05,30.64,1,80.89,1,12,A+,29.33,86.95,57.33597098582262,0.46
GARUDA,16728905728.0,SMALL CAP,179.8000030517578,15.675675,4.31786,0.131185,0.04099,0.32152,0.22895001,1.25,1.476,Industrials,Industrials,Engineering & Construction,2026-05-16,Engineering & EPC,0,1,0,96.83,91.62,50.04,88.36,94.225,84.8,HIGH GROWTH,85,60,100.0,100.0,95.12,100.0,100.0,95.12,33.33333333333333,99.74,79.9,86.6,0,INSTITUTIONAL STRONG BUY,BEAR MARKET,-31.31,MODERATE VOLATILITY,RISK ON,74.91,Metals,0,80.67,21.78,1,80.82,1,13,A+,18.73,86.06,87.23770907247847,0.7
DOLPHIN,16517891072.0,SMALL CAP,412.8999938964844,24.08985,4.6742516,0.21903,57.496,0.16188,0.51208997,1.219,1.713,Misc,Energy,Oil & Gas Equipment & Services,2026-05-16,Oil & Gas Equipment & Services,0,1,1,96.65,92.59,95.77,72.13,94.62,92.6,ELITE GROWTH,53,70,99.62,90.59,98.11,100.0,100.0,100.0,66.66666666666666,98.59,87.97,86.31,1,INSTITUTIONAL STRONG BUY,BEAR MARKET,-31.31,MODERATE VOLATILITY,RISK ON,81.64,Metals,0,72.91,31.36,1,82.88,1,14,A+,33.75,90.02,51.81007194244604,0.43
COFORGE,550850592768.0,LARGE CAP,1282.0999755859375,29.238314,4.5150247,0.18596001,7.518,0.16555999,0.094840005,0.305,1.34,Technology,Technology,Information Technology Services,2026-05-16,IT Services,0,1,1,83.42,91.09,93.83,73.28,87.255,87.17,ELITE GROWTH,43,60,96.08,71.57,93.14,100.0,74.19,91.94,66.66666666666666,95.59,83.38,86.13,1,INSTITUTIONAL STRONG BUY,BEAR MARKET,-31.31,MODERATE VOLATILITY,RISK ON,74.74,Metals,0,65.05,39.47,1,78.38,0,15,A+,41.91,85.21,39.71568398974598,0.31
COALINDIA,2848413188096.0,MEGA CAP,462.20001220703125,9.157916,2.3913493,0.28124002,11.629,0.20922,0.18465,0.162,0.129,Metals,Energy,Thermal Coal,2026-05-16,Coal,0,1,1,66.93,33.55,97.35,79.37,50.24,62.58,MODERATE GROWTH,62,70,50.0,100.0,93.75,60.0,100.0,100.0,66.66666666666666,95.15,80.56,85.83,1,INSTITUTIONAL STRONG BUY,BEAR MARKET,-31.31,MODERATE VOLATILITY,RISK ON,78.93,Metals,0,65.26,29.9,0,78.67,0,16,A+,31.05,77.2,48.174726989079566,0.38
EUROPRATIK,26495350784.0,SMALL CAP,259.25,37.30216,8.569115,0.27798998,7.636,0.25365,0.23015,0.281,0.436,Misc,Basic Materials,Building Materials,2026-05-16,Building Materials,0,1,1,80.95,81.31,97.0,83.42,81.13,84.53,HIGH GROWTH,60,70,97.85,94.57,98.11,100.0,100.0,100.0,66.66666666666666,98.41,88.23,85.8,1,INSTITUTIONAL STRONG BUY,BEAR MARKET,-31.31,MODERATE VOLATILITY,RISK ON,81.66,Metals,0,72.91,28.12,1,82.79,1,17,A+,29.6,87.13,56.94771241830065,0.47
ANTELOPUS,26426271744.0,SMALL CAP,751.5499877929688,29.670351,4.0316825,0.14705,0.542,0.47985,0.32132,0.653,1.589,Misc,Energy,Oil & Gas E&P,2026-05-16,Oil & Gas E&P,0,1,0,92.95,92.24,90.12,95.06,92.595,92.35,ELITE GROWTH,71,55,99.49,98.48,93.88,100.0,100.0,100.0,33.33333333333333,99.38,79.45,85.74,0,INSTITUTIONAL STRONG BUY,BEAR MARKET,-31.31,MODERATE VOLATILITY,RISK ON,72.21,Metals,0,76.92,29.24,1,79.02,0,18,A+,27.41,87.75,61.774023231256606,0.48
CARERATING,54100516864.0,SMALL CAP,1800.4000244140625,33.67122,6.2595396,0.19754,2.776,0.49620998,0.32426998,0.335,0.235,Misc,Financial Services,Financial Data & Stock Exchanges,2026-05-16,Financial Data & Stock Exchanges,0,1,1,85.01,72.66,94.8,95.5,78.83500000000001,83.69,HIGH GROWTH,61,60,97.22,96.4,95.58,75.0,75.0,62.5,66.66666666666666,97.8,88.16,85.6,1,INSTITUTIONAL STRONG BUY,BEAR MARKET,-31.31,MODERATE VOLATILITY,RISK ON,76.49,Metals,0,71.51,29.69,1,81.14,1,19,A+,29.84,85.5,55.44747081712062,0.45
CCCL,6656715776.0,MICRO CAP,14.899999618530273,8.418079,3.5662997,0.26556998,0.108,-0.08659001,0.21561001,1.295,0.134,Industrials,Industrials,Engineering & Construction,2026-05-16,Engineering & EPC,1,1,0,97.18,50.09,96.83,6.26,73.635,71.54,HIGH GROWTH,80,70,78.05,97.56,100.0,78.05,97.56,100.0,66.66666666666666,98.94,85.92,85.41,0,INSTITUTIONAL STRONG BUY,BEAR MARKET,-31.31,MODERATE VOLATILITY,RISK ON,81.22,Metals,0,76.13,19.93,0,82.63,0,20,A+,18.79,82.61,83.48660939868621,0.68
INFOBEAN,14647663616.0,SMALL CAP,151.07000732421875,16.955109,3.5360346,0.2324,3.547,0.15865,0.16874,0.374,1.05,Technology,Technology,Software - Application,2026-05-16,SaaS,0,1,1,86.68,89.95,95.94,71.43,88.315,88.15,ELITE GROWTH,55,60,98.04,89.22,93.14,93.33,86.67,96.67,66.66666666666666,97.71,87.17,85.18,1,INSTITUTIONAL STRONG BUY,BEAR MARKET,-31.31,MODERATE VOLATILITY,RISK ON,76.22,Metals,0,70.57,32.74,1,80.52,1,21,A+,33.66,86.84,50.109636468551656,0.4
INDOTHAI,34636824576.0,SMALL CAP,269.29998779296875,51.003784,14.922146,0.28285998,8.366,0.84295,0.65086,5.164077100000131,0.134,Misc,Financial Services,Capital Markets,2026-05-16,Capital Markets,0,1,1,99.51,50.09,97.53,98.77,74.80000000000001,81.74,HIGH GROWTH,60,70,96.21,94.57,98.11,87.88,78.79,95.45,66.66666666666666,98.24,87.91,85.07,1,INSTITUTIONAL STRONG BUY,BEAR MARKET,-31.31,MODERATE VOLATILITY,RISK ON,81.54,Metals,0,71.9,28.23,1,82.26,1,22,A+,29.71,85.96,55.981764897427546,0.46
HEROMOTOCO,1013370716160.0,LARGE CAP,5064.5,17.667889,4.6882105,0.28027,3.57,0.1311,0.12109999,0.302,0.257,Automobiles,Consumer Cyclical,Auto Manufacturers,2026-05-16,Passenger Vehicles,0,1,0,82.98,73.9,97.18,65.17,78.44,80.86,HIGH GROWTH,55,80,93.33,95.56,98.89,85.71,85.71,92.86,33.33333333333333,98.32,77.66,85.07,0,INSTITUTIONAL STRONG BUY,BEAR MARKET,-31.31,MODERATE VOLATILITY,RISK ON,84.0,Metals,0,70.07,32.07,1,79.95,0,23,A+,35.3,85.47,47.09090909090909,0.37
BAJFINANCE,5661065740288.0,MEGA CAP,910.4500122070312,29.85082,4.965044,0.17907,313.407,0.60647,0.43383998,0.268,0.214,Financials,Financial Services,Credit Services,2026-05-16,NBFC – Lending,0,1,0,79.72,71.56,93.39,97.18,75.64,81.34,HIGH GROWTH,53,80,92.31,50.0,97.44,92.59,44.44,98.15,33.33333333333333,98.15,70.61,85.0,0,INSTITUTIONAL STRONG BUY,BEAR MARKET,-31.31,MODERATE VOLATILITY,RISK ON,82.19,Metals,0,68.73,35.44,1,77.45,0,24,A+,38.85,84.7,42.50941028858218,0.33
ADANIPOWER,4268281561088.0,MEGA CAP,221.3300018310547,33.433537,6.5825005,0.20908001,82.332,0.25207,0.23662001,-0.001,0.916,Misc,Utilities,Utilities - Independent Power Producers,2026-05-16,Utilities - Independent Power Producers,0,0,1,21.87,88.62,95.41,83.33,55.245000000000005,66.09,MODERATE GROWTH,61,70,81.82,96.4,98.11,100.0,100.0,100.0,33.33333333333333,95.94,75.11,84.4,0,INSTITUTIONAL STRONG BUY,BEAR MARKET,-31.31,MODERATE VOLATILITY,RISK ON,77.76,Metals,0,65.54,32.26,0,76.65,0,25,A,33.48,77.94,45.20881670533643,0.34
CEINSYS,19827963904.0,SMALL CAP,947.0,15.897264,3.6093102,0.24595,8.43,0.23495,0.19687,0.222,0.681,Industrials,Industrials,Engineering & Construction,2026-05-16,Engineering & EPC,0,1,1,75.57,86.24,96.38,82.01,80.905,84.11,HIGH GROWTH,55,60,97.56,89.02,95.12,97.56,89.02,95.12,66.66666666666666,97.09,86.82,84.07,0,INSTITUTIONAL STRONG BUY,BEAR MARKET,-31.31,MODERATE VOLATILITY,RISK ON,75.98,Metals,0,69.12,32.86,1,79.74,0,26,A,33.78,85.04,48.90166762507188,0.39
ENGINERSIN,138683957248.0,MID CAP,246.75,17.8934,5.1107063,0.131185,0.731,0.28259,0.19338,0.583,2.186,Industrials,Industrials,Engineering & Construction,2026-05-16,Engineering & EPC,0,1,0,91.71,94.0,50.04,85.27,92.85499999999999,83.53,HIGH GROWTH,65,55,95.12,95.12,90.24,95.12,95.12,90.24,33.33333333333333,97.88,77.69,84.0,0,INSTITUTIONAL STRONG BUY,BEAR MARKET,-31.31,MODERATE VOLATILITY,RISK ON,71.39,Metals,0,71.25,32.56,1,76.72,0,27,A,31.49,83.59,51.45583256386581,0.39
GRSE,307675201536.0,MID CAP,2685.89990234375,44.645943,11.715212,0.31791002,1.424,0.16153,0.106809996,0.291,0.242,Misc,Industrials,Aerospace & Defense,2026-05-16,Aerospace & Defense,0,1,1,82.01,73.5,98.24,72.05,77.755,81.28,HIGH GROWTH,47,70,95.96,86.3,98.11,100.0,55.56,77.78,66.66666666666666,96.3,85.86,83.72,0,INSTITUTIONAL STRONG BUY,BEAR MARKET,-31.31,MODERATE VOLATILITY,RISK ON,80.54,Metals,0,66.33,34.8,1,79.98,0,28,A,37.95,84.6,43.4403080872914,0.34
CGCL,178008096768.0,MID CAP,185.00999450683594,18.28162,2.47611,0.16496,334.728,0.39968,0.33626,0.72,0.371,Financials,Financial Services,Credit Services,2026-05-16,NBFC – Lending,0,1,0,93.47,78.84,92.06,92.86,86.155,88.01,ELITE GROWTH,60,70,97.44,75.64,91.03,100.0,77.78,92.59,33.33333333333333,98.77,75.47,83.48,0,INSTITUTIONAL STRONG BUY,BEAR MARKET,-31.31,MODERATE VOLATILITY,RISK ON,78.56,Metals,0,72.85,32.59,1,78.12,0,29,A,33.94,86.81,49.69089868345736,0.39
BAJAJCON,70200819712.0,SMALL CAP,537.4500122070312,37.875267,9.530946,0.25309,2.092,0.22031,0.16329001,0.304,1.13,Consumer,Consumer Defensive,Household & Personal Products,2026-05-16,FMCG – Personal Care,0,1,1,83.16,90.34,96.56,81.04,86.75,88.14,ELITE GROWTH,47,60,100.0,82.35,88.24,100.0,83.33,83.33,66.66666666666666,96.47,85.94,83.17,0,INSTITUTIONAL STRONG BUY,BEAR MARKET,-31.31,MODERATE VOLATILITY,RISK ON,75.6,Metals,0,67.24,36.77,1,78.78,0,30,A,38.72,86.0,43.303121852970804,0.34
GANDHITUBE,10547329024.0,SMALL CAP,867.9500122070312,14.859613,3.676477,0.131185,0.04099,0.44226003,0.37759,0.218,0.299,Misc,Industrials,Metal Fabrication,2026-05-16,Metal Fabrication,0,1,0,75.18,76.28,50.04,94.71,75.73,72.49,HIGH GROWTH,85,60,89.65,99.68,95.58,81.82,100.0,100.0,33.33333333333333,98.85,77.94,83.14,0,INSTITUTIONAL STRONG BUY,BEAR MARKET,-31.31,MODERATE VOLATILITY,RISK ON,74.2,Metals,0,76.17,22.47,0,78.21,0,31,A,19.4,80.77,79.18627450980392,0.61
HINDCOPPER,551445463040.0,LARGE CAP,570.25,83.36988,18.596725,0.131185,4.776,0.286,0.2493,1.097,1.492,Metals,Basic Materials,Copper,2026-05-16,Copper,0,1,0,96.03,91.8,50.04,85.45,93.91499999999999,84.29,HIGH GROWTH,45,70,100.0,81.25,93.75,100.0,100.0,100.0,33.33333333333333,96.56,75.81,83.07,0,INSTITUTIONAL STRONG BUY,BEAR MARKET,-31.31,MODERATE VOLATILITY,RISK ON,78.09,Metals,0,65.58,39.22,1,76.51,0,32,A,42.53,84.48,38.81461061337009,0.29
GLOBAL,5345675264.0,MICRO CAP,105.0199966430664,23.706547,4.338235,0.19736,0.131,0.29793,0.26150998,0.737,0.094,Misc,Consumer Defensive,Education & Training Services,2026-05-16,Education & Training Services,1,0,0,93.87,31.44,94.71,86.77,62.655,71.48,HIGH GROWTH,86,60,88.26,99.94,95.58,87.5,100.0,100.0,33.33333333333333,98.68,77.7,82.95,0,INSTITUTIONAL STRONG BUY,BEAR MARKET,-31.31,MODERATE VOLATILITY,RISK ON,74.1,Metals,0,76.19,22.1,0,78.07,0,33,A,18.9,80.32,80.72361809045226,0.63
AJANTPHARM,396945457152.0,MID CAP,3177.199951171875,38.609795,8.766987,0.25393,5.747,0.23194,0.19365999,0.215,0.186,Misc,Healthcare,Drug Manufacturers - Specialty & Generic,2026-05-16,Drug Manufacturers - Specialty & Generic,0,1,1,74.96,69.31,96.74,81.57,72.13499999999999,78.0,HIGH GROWTH,47,70,94.07,86.3,98.11,95.65,80.43,97.83,66.66666666666666,95.68,85.33,82.7,0,INSTITUTIONAL STRONG BUY,BEAR MARKET,-31.31,MODERATE VOLATILITY,RISK ON,80.25,Metals,0,65.13,34.98,0,79.23,0,34,A,38.13,83.06,42.45336059289548,0.33
HAL,2933380874240.0,MEGA CAP,4386.2001953125,32.154533,7.9027357,0.23979001,0.04099,0.26945,0.24779,0.018,0.055,Misc,Industrials,Aerospace & Defense,2026-05-16,Aerospace & Defense,1,0,0,24.87,28.31,96.21,84.74,26.59,46.33,SLOW GROWTH,86,80,39.02,99.94,99.49,44.44,100.0,94.44,33.33333333333333,97.27,69.75,82.38,0,INSTITUTIONAL STRONG BUY,BEAR MARKET,-31.31,MODERATE VOLATILITY,RISK ON,81.76,Metals,0,69.59,20.89,0,76.51,0,35,A,20.01,71.92,68.4626368396002,0.52
HBLENGINE,213980643328.0,MID CAP,771.9500122070312,26.878483,10.788205,0.131185,4.396,0.33192003,0.2508,0.94,2.442,Misc,Industrials,Electrical Equipment & Parts,2026-05-16,Electrical Equipment & Parts,0,1,0,95.06,94.62,50.04,89.15,94.84,85.31,ELITE GROWTH,53,60,98.36,90.59,95.58,100.0,100.0,96.0,33.33333333333333,97.0,77.14,82.12,0,INSTITUTIONAL STRONG BUY,BEAR MARKET,-31.31,MODERATE VOLATILITY,RISK ON,73.54,Metals,0,67.77,37.15,1,75.86,0,36,A,38.23,84.1,42.875350497068574,0.32
HOMEFIRST,112376438784.0,MID CAP,1075.800048828125,20.83269,2.5706954,0.15714,243.084,0.66060996,0.50337005,0.323,0.235,Misc,Financial Services,Mortgage Finance,2026-05-16,Mortgage Finance,0,1,0,84.44,72.66,91.18,97.44,78.55,82.96,HIGH GROWTH,53,70,96.97,90.59,98.11,75.0,18.75,87.5,33.33333333333333,97.35,77.07,81.71,0,BUY,BEAR MARKET,-31.31,MODERATE VOLATILITY,RISK ON,78.6,Metals,0,68.44,35.18,1,77.12,0,37,A,37.46,84.44,43.91055642225689,0.34
JMFINANCIL,127984738304.0,MID CAP,133.80999755859375,10.4457445,1.2446283,0.131185,104.102,0.4678,0.35617,0.314,0.5,Misc,Financial Services,Capital Markets,2026-05-16,Capital Markets,0,1,0,83.99,82.89,50.04,94.89,83.44,77.9,HIGH GROWTH,60,60,93.56,94.57,95.58,81.82,78.79,89.39,33.33333333333333,96.83,76.95,81.57,0,BUY,BEAR MARKET,-31.31,MODERATE VOLATILITY,RISK ON,73.44,Metals,0,67.96,34.07,0,75.66,0,38,A,34.24,81.4,46.19750283768445,0.35
JPOLYINVST,10879846400.0,SMALL CAP,1035.0,3.894883706,0.6647245,0.131185,1.433,0.8678988605550011,0.89158,5.164077100000131,14.648529300000277,Financials,Financial Services,Asset Management,2026-05-16,Asset Management Companies,0,1,0,99.51,99.51,50.04,99.51,99.51,89.62,ELITE GROWTH,60,50,100.0,75.64,60.9,100.0,57.14,46.43,33.33333333333333,97.53,75.36,81.45,0,BUY,BEAR MARKET,-31.31,MODERATE VOLATILITY,RISK ON,68.22,Metals,0,70.4,36.62,0,74.41,0,39,A,35.58,84.58,46.24384909786769,0.34
INDIASHLTR,89916317696.0,SMALL CAP,826.5499877929688,18.314867,3.0648835,0.17036,195.303,0.55303,0.46425,0.307,0.283,Misc,Financial Services,Mortgage Finance,2026-05-16,Mortgage Finance,0,1,0,83.6,75.4,92.5,95.94,79.5,83.74,HIGH GROWTH,60,60,97.35,94.57,95.58,87.5,62.5,56.25,33.33333333333333,97.62,77.84,81.29,0,BUY,BEAR MARKET,-31.31,MODERATE VOLATILITY,RISK ON,73.87,Metals,0,70.09,33.76,1,76.33,0,40,A,33.94,83.88,48.01373783629079,0.36
ANGELONE,279846846464.0,MID CAP,306.8500061035156,31.152285,4.5630965,0.15526,129.314,0.32589,0.19406,0.3,0.824,Misc,Financial Services,Capital Markets,2026-05-16,Capital Markets,0,1,0,82.63,87.83,90.65,88.98,85.22999999999999,86.69,ELITE GROWTH,48,60,98.86,87.56,95.58,96.97,54.55,89.39,33.33333333333333,96.38,76.52,81.24,0,BUY,BEAR MARKET,-31.31,MODERATE VOLATILITY,RISK ON,73.22,Metals,0,66.19,39.62,1,75.04,0,41,A,41.34,84.18,39.7638167217761,0.3
IEX,111402647552.0,MID CAP,125.2699966430664,22.611914,8.2160425,0.3651025700000011,0.818,0.84190005,0.65990996,0.125,0.098,Misc,Financial Services,Capital Markets,2026-05-16,Capital Markets,1,0,0,60.71,31.83,99.51,98.68,46.269999999999996,62.16,MODERATE GROWTH,78,75,78.16,99.37,99.05,69.7,100.0,100.0,33.33333333333333,98.06,75.85,80.99,0,BUY,BEAR MARKET,-31.31,MODERATE VOLATILITY,RISK ON,80.98,Metals,0,71.79,23.35,0,77.86,0,42,A,22.97,77.88,64.98122653316645,0.5
CUB,186255605760.0,MID CAP,250.64999389648438,14.065657,1.8712765,0.13241,27.014499999999998,0.48056,0.37617,0.236,0.251,Financials,Financial Services,Banks - Regional,2026-05-16,Private Sector Banks,0,1,0,76.94,73.72,88.18,95.15,75.33,79.88,HIGH GROWTH,60,60,91.03,75.64,78.85,100.0,76.0,76.0,33.33333333333333,97.18,73.87,80.82,0,BUY,BEAR MARKET,-31.31,MODERATE VOLATILITY,RISK ON,72.76,Metals,0,68.34,35.15,0,74.57,0,43,A,35.29,81.81,45.086800771562416,0.33
EMCURE,323231219712.0,MID CAP,1704.9000244140625,34.965137,6.5290823,0.19573,30.567,0.15354,0.100439996,0.167,0.288,Misc,Healthcare,Drug Manufacturers - Specialty & Generic,2026-05-16,Drug Manufacturers - Specialty & Generic,0,1,1,67.42,75.62,94.53,70.72,71.52000000000001,76.04,HIGH GROWTH,48,50,92.36,87.56,91.16,91.3,82.61,84.78,66.66666666666666,91.71,83.67,80.8,0,BUY,BEAR MARKET,-31.31,MODERATE VOLATILITY,RISK ON,68.84,Metals,0,61.68,39.12,0,74.7,0,44,A,39.71,78.54,38.58511422254975,0.29
AUBANK,741249384448.0,LARGE CAP,990.5,28.33238,3.706462,0.131185,27.014499999999998,0.35549998,0.21372999,0.371,0.626,Financials,Financial Services,Banks - Regional,2026-05-16,Private Sector Banks,0,1,0,86.29,84.92,50.04,90.65,85.605,79.0,HIGH GROWTH,53,70,85.9,50.0,91.03,96.0,48.0,92.0,33.33333333333333,96.91,69.15,80.64,0,BUY,BEAR MARKET,-31.31,MODERATE VOLATILITY,RISK ON,76.52,Metals,0,66.26,37.95,0,73.86,0,45,A,40.15,81.82,39.766707168894285,0.29
IBULLSLTD,42970230784.0,SMALL CAP,19.239999771118164,15.269841,1.3897717,0.24445999,14.753,0.40914002,0.31094,0.109,0.134,Misc,Real Estate,Real Estate - Development,2026-05-16,Real Estate - Development,0,1,1,50.13,50.09,96.3,93.65,50.11,63.7,MODERATE GROWTH,68,60,79.42,97.79,95.58,75.0,95.83,91.67,66.66666666666666,95.24,84.68,80.62,0,BUY,BEAR MARKET,-31.31,MODERATE VOLATILITY,RISK ON,74.98,Metals,0,66.96,27.76,0,77.49,0,46,A,26.97,76.72,54.85877726135145,0.42
AAVAS,109782810624.0,MID CAP,1384.699951171875,16.863962,2.171084,0.13916,310.553,0.53083,0.42080003,0.192,0.183,Misc,Financial Services,Mortgage Finance,2026-05-16,Mortgage Finance,0,1,0,72.0,69.0,88.98,95.77,70.5,76.72,HIGH GROWTH,60,50,92.93,94.57,91.16,62.5,62.5,31.25,33.33333333333333,95.02,76.13,80.55,0,BUY,BEAR MARKET,-31.31,MODERATE VOLATILITY,RISK ON,67.79,Metals,0,65.96,36.35,0,73.34,0,47,A,35.31,79.11,43.574772789865044,0.32
GILLETTE,254376493056.0,MID CAP,7806.5,47.61803,21.8827,0.131185,0.04099,0.28896,0.20177999,0.152,0.369,Consumer,Consumer Defensive,Household & Personal Products,2026-05-16,FMCG – Personal Care,0,1,0,65.34,78.7,50.04,85.71,72.02000000000001,68.99,MODERATE GROWTH,70,60,82.35,94.12,88.24,75.0,100.0,83.33,33.33333333333333,96.65,75.13,80.51,0,BUY,BEAR MARKET,-31.31,MODERATE VOLATILITY,RISK ON,72.94,Metals,0,68.66,30.2,0,74.9,0,48,A,29.05,77.97,51.89351081530781,0.39
HDBFS,559139127296.0,LARGE CAP,674.9500122070312,21.835976,2.7121022,0.13945,480.236,0.42518002,0.28924,0.184,0.357,Financials,Financial Services,Credit Services,2026-05-16,NBFC – Lending,0,1,0,70.68,78.22,89.15,94.27,74.45,79.37,HIGH GROWTH,53,60,88.46,50.0,78.85,85.19,44.44,85.19,33.33333333333333,96.03,69.18,80.5,0,BUY,BEAR MARKET,-31.31,MODERATE VOLATILITY,RISK ON,71.3,Metals,0,64.9,39.94,0,72.25,0,49,A,40.94,80.54,38.40724845016691,0.28
BHARTIHEXA,781149995008.0,LARGE CAP,1562.300048828125,45.04902,11.627198,0.28811002,94.665,0.30727,0.19015,0.048,0.814,Telecom,Communication Services,Telecom Services,2026-05-16,Telecom Services,0,0,1,30.07,87.74,97.71,87.57,58.905,69.53,MODERATE GROWTH,55,60,100.0,80.0,80.0,100.0,80.0,80.0,33.33333333333333,94.0,74.6,80.5,0,BUY,BEAR MARKET,-31.31,MODERATE VOLATILITY,RISK ON,72.15,Metals,0,62.8,37.14,0,73.4,0,50,A,37.94,77.01,39.55315870570108,0.29
BORANA,8583781888.0,MICRO CAP,322.1499938964844,36.360046,3.4584374,0.35007998,25.149,0.21213,0.16283001,0.301,0.186,Misc,Consumer Cyclical,Textile Manufacturing,2026-05-16,Textile Manufacturing,0,1,1,82.85,69.31,98.85,80.07,76.08,81.03,HIGH GROWTH,47,50,95.71,86.3,91.16,100.0,100.0,100.0,66.66666666666666,93.21,84.59,80.39,0,BUY,BEAR MARKET,-31.31,MODERATE VOLATILITY,RISK ON,69.45,Metals,0,63.12,39.24,0,75.25,0,51,A,39.98,80.89,39.47779404587604,0.29
GVT&D,1111907631104.0,LARGE CAP,4342.60009765625,104.16407,53.27886,0.131185,1.46,0.26053,0.18665001,0.584,1.04,Misc,Industrials,Specialty Industrial Machinery,2026-05-16,Specialty Industrial Machinery,0,1,0,91.8,89.77,50.04,83.69,90.785,81.93,HIGH GROWTH,40,60,96.34,78.54,95.58,93.55,77.42,98.39,33.33333333333333,93.83,73.76,80.35,0,BUY,BEAR MARKET,-31.31,MODERATE VOLATILITY,RISK ON,71.9,Metals,0,61.05,44.18,1,72.73,0,52,A,46.92,81.1,33.848080133555925,0.24
ICICIBANK,8921410437120.0,MEGA CAP,1244.5,16.639925,2.4547029,0.16359,27.014499999999998,0.33293998,0.24929,0.669,0.084,Financials,Financial Services,Banks - Regional,2026-05-16,Private Sector Banks,0,0,0,93.03,30.78,91.89,89.24,61.905,70.64,HIGH GROWTH,60,80,75.64,75.64,97.44,84.0,76.0,98.0,0.0,97.44,61.67,80.16,0,BUY,BEAR MARKET,-31.31,MODERATE VOLATILITY,RISK ON,79.78,Metals,0,66.89,35.42,0,72.79,0,53,A,37.83,79.25,40.81895441668813,0.29
APTUS,132421419008.0,MID CAP,264.45001220703125,14.044079,2.8335853,0.131185,157.024,0.78065,0.60890996,0.26,0.239,Misc,Financial Services,Mortgage Finance,2026-05-16,Mortgage Finance,0,1,0,78.92,73.28,50.04,98.06,76.1,73.08,HIGH GROWTH,60,60,90.28,94.57,95.58,50.0,62.5,56.25,33.33333333333333,95.77,76.04,79.97,0,BUY,BEAR MARKET,-31.31,MODERATE VOLATILITY,RISK ON,72.95,Metals,0,66.18,34.39,0,74.47,0,54,A,34.55,79.08,44.48945147679325,0.33
IREDA,357053300736.0,MID CAP,127.0999984741211,18.581871,2.6371484,0.131185,554.116,0.8678988605550011,0.45951,0.408,0.325,Financials,Financial Services,Credit Services,2026-05-16,NBFC – Lending,0,1,0,87.7,77.51,50.04,99.51,82.605,77.78,HIGH GROWTH,60,60,84.62,75.64,78.85,81.48,77.78,85.19,33.33333333333333,96.74,72.74,79.84,0,BUY,BEAR MARKET,-31.31,MODERATE VOLATILITY,RISK ON,72.37,Metals,0,67.5,35.54,0,73.73,0,55,A,35.67,80.7,44.01418052904282,0.32
INDHOTEL,934127403008.0,LARGE CAP,656.25,44.85646,8.073942,0.16430001,18.987,0.31103,0.20903999,0.145,0.147,Misc,Consumer Cyclical,Lodging,2026-05-16,Lodging,0,1,0,64.29,66.93,91.98,87.92,65.61000000000001,73.12,HIGH GROWTH,45,70,90.53,83.78,98.11,100.0,56.25,100.0,33.33333333333333,94.27,73.85,79.48,0,BUY,BEAR MARKET,-31.31,MODERATE VOLATILITY,RISK ON,77.03,Metals,0,61.48,39.9,0,73.86,0,56,A,43.19,79.18,35.83616202760806,0.26
CRIZAC,36763824128.0,SMALL CAP,210.10000610351562,19.152233,6.133232,0.131185,0.04099,0.21211,0.19371,0.28,0.154,Misc,Consumer Defensive,Education & Training Services,2026-05-16,Education & Training Services,0,1,0,80.78,67.37,50.04,79.98,74.075,69.86,MODERATE GROWTH,72,50,86.24,98.74,91.16,75.0,87.5,87.5,33.33333333333333,96.21,76.23,79.32,0,BUY,BEAR MARKET,-31.31,MODERATE VOLATILITY,RISK ON,68.11,Metals,0,68.37,30.92,0,73.56,0,57,A,28.32,77.11,52.598908594815825,0.38
BAJAJHFL,698358300672.0,LARGE CAP,83.8499984741211,27.312704,3.114206,0.120570004,460.504,0.80669,0.61533,0.423,0.144,Misc,Financial Services,Mortgage Finance,2026-05-16,Mortgage Finance,0,1,0,88.14,66.67,11.11,98.59,77.405,66.26,MODERATE GROWTH,53,70,81.94,90.59,98.11,25.0,18.75,87.5,33.33333333333333,94.36,73.62,79.24,0,BUY,BEAR MARKET,-31.31,MODERATE VOLATILITY,RISK ON,77.0,Metals,0,62.25,36.38,0,73.88,0,58,A,38.63,76.8,38.75851627554882,0.28
AUSOMENT,1851985664.0,MICRO CAP,135.94000244140625,6.2386413,1.1670573,0.131185,0.078,0.04235,0.01363,5.164077100000131,11.583,Misc,Financial Services,Capital Markets,2026-05-16,Capital Markets,0,1,0,99.51,98.68,50.04,21.87,99.095,81.56,HIGH GROWTH,60,30,96.09,94.57,70.14,84.85,78.79,60.61,33.33333333333333,92.95,75.78,78.86,0,BUY,BEAR MARKET,-31.31,MODERATE VOLATILITY,RISK ON,57.18,Metals,0,64.62,40.48,0,69.82,0,59,A,37.04,77.82,40.914826498422705,0.28
BLS,104116666368.0,MID CAP,252.89999389648438,16.180422,4.884031,0.131185,16.545,0.23725,0.22389999,0.436,0.348,Misc,Industrials,Specialty Business Services,2026-05-16,Specialty Business Services,0,1,0,88.62,77.82,50.04,82.28,83.22,76.49,HIGH GROWTH,52,60,92.55,89.46,95.58,100.0,81.82,100.0,33.33333333333333,94.71,75.19,78.85,0,BUY,BEAR MARKET,-31.31,MODERATE VOLATILITY,RISK ON,72.47,Metals,0,64.09,38.28,0,73.39,0,60,A,39.47,79.67,39.372374598468,0.29
CAPLIPOINT,151932174336.0,MID CAP,1998.800048828125,23.752823,4.9250574,0.131185,0.166,0.31396,0.29341,0.101,0.183,Misc,Healthcare,Drug Manufacturers - Specialty & Generic,2026-05-16,Drug Manufacturers - Specialty & Generic,0,1,0,41.05,69.0,50.04,88.18,55.025,57.34,MODERATE GROWTH,78,60,70.96,99.37,95.58,63.04,100.0,93.48,33.33333333333333,95.86,73.89,78.69,0,BUY,BEAR MARKET,-31.31,MODERATE VOLATILITY,RISK ON,72.44,Metals,0,67.66,27.04,0,73.72,0,61,A,24.84,73.33,56.756965944272444,0.42
CUPID,161843363840.0,MID CAP,120.36000061035156,191.04762,42.335564,0.131185,7.019,0.35294998,0.28373,1.017,1.976,Consumer,Consumer Defensive,Household & Personal Products,2026-05-16,FMCG – Personal Care,0,1,0,95.5,93.74,50.04,90.3,94.62,85.27,ELITE GROWTH,45,60,94.12,67.65,88.24,91.67,66.67,83.33,33.33333333333333,95.5,72.47,78.67,0,BUY,BEAR MARKET,-31.31,MODERATE VOLATILITY,RISK ON,71.99,Metals,0,64.09,42.39,1,72.53,0,62,A,44.46,82.65,36.36163660360757,0.26
ADANIPORTS,4135836712960.0,MEGA CAP,1795.0999755859375,30.864855,4.3022065,0.15592,64.051,0.41025,0.33060002,0.265,0.036,Misc,Industrials,Marine Shipping,2026-05-16,Marine Shipping,0,0,0,79.32,27.43,90.92,93.74,53.375,64.92,MODERATE GROWTH,53,80,80.68,90.59,99.49,75.0,50.0,100.0,0.0,95.33,63.82,78.29,0,BUY,BEAR MARKET,-31.31,MODERATE VOLATILITY,RISK ON,79.79,Metals,0,62.3,37.81,0,71.85,0,63,A,41.16,76.49,36.28557874762808,0.26
GUJALKALI,51618820096.0,SMALL CAP,702.9000244140625,26.7615915,1.3509825,0.131185,6.128,0.29207,0.1839,3.957,5.191,Misc,Basic Materials,Chemicals,2026-05-16,Chemicals,0,1,0,98.68,97.27,50.04,85.89,97.975,87.18,ELITE GROWTH,48,40,98.99,87.56,83.21,100.0,87.5,95.83,33.33333333333333,93.65,75.44,78.22,0,BUY,BEAR MARKET,-31.31,MODERATE VOLATILITY,RISK ON,62.27,Metals,0,63.26,44.0,0,70.55,0,64,A,43.31,80.9,36.51545926427443,0.26
CORALFINAC,1309419264.0,MICRO CAP,32.4900016784668,9.075419,0.60784644,0.131185,27.014499999999998,0.85666,0.70418,0.247,0.603,Misc,Real Estate,Real Estate Services,2026-05-16,Real Estate Services,0,1,0,78.04,84.26,50.04,98.85,81.15,76.7,HIGH GROWTH,60,40,92.8,94.57,83.21,88.89,100.0,94.44,33.33333333333333,93.74,75.6,78.02,0,BUY,BEAR MARKET,-31.31,MODERATE VOLATILITY,RISK ON,62.33,Metals,0,64.4,38.54,0,70.77,0,65,A,36.3,77.32,41.45844504021448,0.29
CENTRALBK,309105360896.0,MID CAP,34.150001525878906,6.8300004,0.7962972,0.13226,27.014499999999998,0.33518,0.28488,0.123,0.261,Financials,Financial Services,Banks - Regional,2026-05-16,Private Sector Banks,0,1,0,60.05,74.29,88.01,89.51,67.17,73.57,HIGH GROWTH,60,50,82.05,75.64,60.9,92.0,76.0,46.0,33.33333333333333,94.62,71.5,77.97,0,BUY,BEAR MARKET,-31.31,MODERATE VOLATILITY,RISK ON,66.53,Metals,0,64.4,37.98,0,70.78,0,66,A,36.89,77.08,40.68619688572183,0.29
AADHARHFC,202231873536.0,MID CAP,464.1499938964844,18.723274,2.9122221,0.131185,255.35,0.64915,0.48024,0.2,0.173,Misc,Financial Services,Mortgage Finance,2026-05-16,Mortgage Finance,0,1,0,73.54,68.43,50.04,97.27,70.98500000000001,69.42,MODERATE GROWTH,60,50,85.48,94.57,91.16,37.5,62.5,31.25,33.33333333333333,93.12,74.26,77.87,0,BUY,BEAR MARKET,-31.31,MODERATE VOLATILITY,RISK ON,66.84,Metals,0,63.22,37.01,0,71.28,0,67,A,35.95,75.42,40.82273342354533,0.29
ARIHANT,8769393664.0,MICRO CAP,858.8499755859375,13.315503,2.486667,0.131185,93.207,0.26424,0.18591,0.968,0.947,Misc,Real Estate,Real Estate - Development,2026-05-16,Real Estate - Development,0,1,0,95.15,89.15,50.04,84.39,92.15,82.95,HIGH GROWTH,55,30,96.84,91.92,70.14,91.67,81.25,58.33,33.33333333333333,91.89,75.07,77.84,0,BUY,BEAR MARKET,-31.31,MODERATE VOLATILITY,RISK ON,56.74,Metals,0,63.04,42.98,0,68.91,0,68,A,40.18,77.74,37.75619232637202,0.26
ASHIANA,35796901888.0,SMALL CAP,356.1000061035156,30.025297,4.2064853,0.14652,39.983,0.17947,0.11271,1.716,4.099,Misc,Real Estate,Real Estate - Development,2026-05-16,Real Estate - Development,0,1,0,97.97,96.65,90.04,75.66,97.31,93.69,ELITE GROWTH,40,40,100.0,78.54,83.21,100.0,47.92,75.0,33.33333333333333,93.39,74.14,77.74,0,BUY,BEAR MARKET,-31.31,MODERATE VOLATILITY,RISK ON,61.88,Metals,0,62.21,48.05,0,69.77,0,69,A,48.39,82.86,33.553350880745086,0.23
JSLL,79440592896.0,SMALL CAP,639.0999755859375,37.4619,22.450556,0.131185,30.042,0.40358,0.29354998,0.916,4.047,Misc,Healthcare,Medical Care Facilities,2026-05-16,Medical Care Facilities,0,1,0,94.97,96.56,50.04,93.21,95.765,86.36,ELITE GROWTH,45,50,98.61,83.78,91.16,100.0,95.0,95.0,33.33333333333333,94.53,75.17,77.72,0,BUY,BEAR MARKET,-31.31,MODERATE VOLATILITY,RISK ON,67.43,Metals,0,63.24,43.44,0,71.61,0,70,A,44.34,81.88,36.118217909131005,0.26
GKWLIMITED,9940189184.0,MICRO CAP,1666.0,138.83333,0.38243693,0.131185,0.04099,0.59816,0.16609,5.164077100000131,0.134,Misc,Industrials,Specialty Business Services,2026-05-16,Specialty Business Services,0,1,0,99.51,50.09,50.04,97.0,74.80000000000001,72.07,HIGH GROWTH,65,40,88.64,97.41,83.21,81.82,100.0,81.82,33.33333333333333,93.56,75.33,77.69,0,BUY,BEAR MARKET,-31.31,MODERATE VOLATILITY,RISK ON,62.22,Metals,0,64.76,36.38,0,70.65,0,71,A,33.49,75.61,43.84459263554653,0.31
CHALET,171833753600.0,MID CAP,784.6500244140625,26.670633,5.0248795,0.19132,64.041,0.38256,0.22938,0.085,0.313,Misc,Consumer Cyclical,Lodging,2026-05-16,Lodging,0,0,1,37.52,77.03,94.18,91.8,57.275000000000006,68.11,MODERATE GROWTH,61,50,84.47,96.4,91.16,81.25,87.5,90.62,33.33333333333333,92.77,74.24,77.66,0,BUY,BEAR MARKET,-31.31,MODERATE VOLATILITY,RISK ON,66.75,Metals,0,63.16,36.57,0,71.18,0,72,A,35.38,74.84,41.143485431555796,0.29
CHOICEIN,147979288576.0,MID CAP,664.25,59.1496,7.857692,0.16240999,49.768,0.30106002,0.20622998,0.218,0.153,Misc,Financial Services,Capital Markets,2026-05-16,Capital Markets,0,1,0,75.18,67.28,91.8,87.13,71.23,76.93,HIGH GROWTH,45,70,93.06,83.78,98.11,78.79,45.45,95.45,33.33333333333333,94.8,74.45,77.62,0,BUY,BEAR MARKET,-31.31,MODERATE VOLATILITY,RISK ON,77.31,Metals,0,62.87,39.69,0,73.8,0,73,A,42.99,80.67,36.67651739031598,0.27
GRWRHITECH,125533913088.0,MID CAP,5403.39990234375,37.17509,4.725858,0.13454,0.59,0.23402001,0.1548,0.128,0.391,Chemicals,Basic Materials,Specialty Chemicals,2026-05-16,Specialty Chemicals,0,1,0,61.33,79.63,88.45,81.92,70.47999999999999,75.22,HIGH GROWTH,50,45,94.81,92.21,90.91,94.44,90.74,90.74,33.33333333333333,91.05,74.47,77.09,0,BUY,BEAR MARKET,-31.31,MODERATE VOLATILITY,RISK ON,63.88,Metals,0,60.52,42.44,0,69.82,0,74,A,42.08,76.13,35.34354688950789,0.24
DIVGIITTS,20307064832.0,SMALL CAP,664.0,55.241264,3.3439765,0.131185,0.262,0.111990005,0.12125,0.726,1.251,Automobiles,Consumer Cyclical,Auto Parts,2026-05-16,Auto Components,0,1,0,93.61,90.83,50.04,59.17,92.22,80.48,HIGH GROWTH,50,50,91.11,90.0,91.11,94.74,96.05,100.0,33.33333333333333,94.18,74.84,77.08,0,BUY,BEAR MARKET,-31.31,MODERATE VOLATILITY,RISK ON,67.26,Metals,0,63.15,41.31,0,71.28,0,75,A,41.56,79.62,37.41541353383459,0.26
CEMPRO,154531512320.0,MID CAP,899.5499877929688,32.998898,6.438556,0.28208,37.711,0.1073,0.05941,0.199,1.134,Industrials,Industrials,Engineering & Construction,2026-05-16,Engineering & EPC,0,1,0,73.24,90.48,97.44,57.5,81.86,82.54,HIGH GROWTH,43,50,92.68,75.61,87.8,92.68,75.61,87.8,33.33333333333333,92.42,72.21,76.95,0,BUY,BEAR MARKET,-31.31,MODERATE VOLATILITY,RISK ON,66.16,Metals,0,60.81,45.38,0,69.84,0,76,A,46.51,79.38,33.416122921490214,0.23
CRISIL,302582759424.0,MID CAP,4137.60009765625,36.101562,9.974904,0.131185,9.785,0.26393,0.2156,0.301,0.459,Misc,Financial Services,Financial Data & Stock Exchanges,2026-05-16,Financial Data & Stock Exchanges,0,1,0,82.85,81.75,50.04,84.22,82.3,76.04,HIGH GROWTH,45,60,92.36,83.78,95.58,50.0,25.0,62.5,33.33333333333333,93.03,73.63,76.67,0,BUY,BEAR MARKET,-31.31,MODERATE VOLATILITY,RISK ON,71.66,Metals,0,60.98,41.98,0,71.52,0,77,A,44.07,78.5,34.83470157532727,0.25
BAIDFIN,1795153280.0,MICRO CAP,11.59000015258789,8.5220585,0.7270104,0.131185,27.014499999999998,0.36179,0.27386,0.597,0.282,Financials,Financial Services,Credit Services,2026-05-16,NBFC – Lending,0,1,0,91.98,75.31,50.04,91.01,83.64500000000001,77.66,HIGH GROWTH,60,40,83.33,75.64,44.23,77.78,77.78,53.7,33.33333333333333,94.09,71.48,76.65,0,BUY,BEAR MARKET,-31.31,MODERATE VOLATILITY,RISK ON,61.39,Metals,0,64.33,39.98,0,69.08,0,78,A,37.7,77.18,39.88630490956072,0.27
HINDUNILVR,5338741342208.0,MEGA CAP,2272.199951171875,50.247677,10.957278,0.21603,3.016,0.21363,0.23329,0.043,0.214,Consumer,Consumer Defensive,Household & Personal Products,2026-05-16,FMCG – Personal Care,0,0,1,29.37,71.56,95.59,80.42,50.465,62.49,MODERATE GROWTH,45,70,70.59,67.65,100.0,58.33,66.67,100.0,33.33333333333333,90.12,66.78,76.49,0,BUY,BEAR MARKET,-31.31,MODERATE VOLATILITY,RISK ON,74.22,Metals,0,57.05,42.38,0,69.61,0,79,A,45.6,72.94,31.304721030042913,0.22
ALIVUS,128213622784.0,MID CAP,1044.5999755859375,22.778019,4.2494855,0.18359,1.704,0.30497,0.21609,0.096,0.145,Misc,Healthcare,Drug Manufacturers - Specialty & Generic,2026-05-16,Drug Manufacturers - Specialty & Generic,0,0,1,39.77,66.75,93.65,87.39,53.260000000000005,64.75,MODERATE GROWTH,61,50,80.43,96.4,91.16,76.09,95.65,84.78,33.33333333333333,91.8,73.24,76.35,0,BUY,BEAR MARKET,-31.31,MODERATE VOLATILITY,RISK ON,66.26,Metals,0,61.89,36.92,0,70.16,0,80,A,35.72,73.09,39.809368191721134,0.28
AZAD,135505412096.0,MID CAP,2098.199951171875,109.91094,9.197307,0.131185,21.146,0.30227,0.21493,0.317,0.319,Misc,Industrials,Specialty Industrial Machinery,2026-05-16,Specialty Industrial Machinery,0,1,0,84.22,77.29,50.04,87.3,80.755,75.27,HIGH GROWTH,45,60,91.79,83.78,95.58,83.87,90.32,98.39,33.33333333333333,92.59,73.37,76.3,0,BUY,BEAR MARKET,-31.31,MODERATE VOLATILITY,RISK ON,71.49,Metals,0,60.68,42.07,0,71.24,0,81,A,44.15,78.03,34.564784053156146,0.24
EDELWEISS,107327225856.0,MID CAP,113.38999938964844,15.240591,1.7718017,0.131185,350.698,0.32731998,0.08089,1.112,0.685,Financials,Financial Services,Financial Conglomerates,2026-05-16,NBFC – Investment,0,1,0,96.12,86.42,50.04,89.07,91.27000000000001,82.8,HIGH GROWTH,50,40,94.87,42.95,44.23,87.5,87.5,87.5,33.33333333333333,92.5,67.67,76.25,0,BUY,BEAR MARKET,-31.31,MODERATE VOLATILITY,RISK ON,60.04,Metals,0,61.75,45.82,0,67.15,0,82,A,44.79,77.9,34.02489626556017,0.23
CNL,9564871680.0,MICRO CAP,636.9500122070312,16.582922,2.9434326,0.20183,83.725,0.03909,0.02587,0.831,1.571,Misc,Technology,Electronics & Computer Distribution,2026-05-16,Electronics & Computer Distribution,0,1,0,94.71,92.06,95.06,20.55,93.38499999999999,86.44,ELITE GROWTH,43,40,98.74,81.82,83.21,100.0,100.0,100.0,33.33333333333333,91.62,73.73,76.14,0,BUY,BEAR MARKET,-31.31,MODERATE VOLATILITY,RISK ON,61.34,Metals,0,60.83,46.84,0,68.78,0,83,A,46.79,79.56,33.29566854990584,0.23
GENUSPOWER,86869573632.0,SMALL CAP,313.95001220703125,16.1,4.5585227,0.131185,91.662,0.17695,0.13103,0.858,1.471,Misc,Industrials,Electrical Equipment & Parts,2026-05-16,Electrical Equipment & Parts,0,1,0,94.8,91.53,50.04,75.31,93.16499999999999,82.75,HIGH GROWTH,47,40,96.72,86.3,83.21,92.0,92.0,74.0,33.33333333333333,91.45,74.03,76.07,0,BUY,BEAR MARKET,-31.31,MODERATE VOLATILITY,RISK ON,61.37,Metals,0,61.17,44.94,0,68.9,0,84,A,44.37,78.26,34.49856733524356,0.24
AEGISVOPAK,219072086016.0,MID CAP,197.72000122070312,158.176,4.589814,0.131185,42.268,0.48457,0.28858998,0.223,0.436,Misc,Energy,Oil & Gas Equipment & Services,2026-05-16,Oil & Gas Equipment & Services,0,1,0,75.66,81.31,50.04,95.24,78.485,74.47,HIGH GROWTH,45,60,91.54,83.78,95.58,66.67,75.0,83.33,33.33333333333333,92.33,73.23,76.02,0,BUY,BEAR MARKET,-31.31,MODERATE VOLATILITY,RISK ON,71.39,Metals,0,60.39,42.12,0,71.04,0,85,A,44.2,77.62,34.34513274336283,0.24
IGIL,141164953600.0,MID CAP,326.6499938964844,27.542158,10.024858,0.3651025700000011,10.116,0.56104,0.43251,-0.3,0.231,Misc,Basic Materials,Other Precious Metals & Mining,2026-05-16,Other Precious Metals & Mining,0,0,1,5.82,72.35,99.51,96.21,39.084999999999994,56.88,MODERATE GROWTH,68,60,70.33,97.79,95.58,100.0,100.0,100.0,33.33333333333333,93.47,72.61,75.99,0,BUY,BEAR MARKET,-31.31,MODERATE VOLATILITY,RISK ON,71.52,Metals,0,63.37,31.99,0,71.5,0,86,A,31.07,71.88,44.826941066417206,0.32
IKS,267399987200.0,MID CAP,1595.300048828125,37.73179,11.90176,0.131185,34.186,0.30622,0.21679,0.24,0.412,Misc,Healthcare,Health Information Services,2026-05-16,Health Information Services,0,1,0,77.47,80.42,50.04,87.48,78.945,74.02,HIGH GROWTH,45,60,91.16,83.78,95.58,100.0,100.0,100.0,33.33333333333333,92.24,73.14,75.87,0,BUY,BEAR MARKET,-31.31,MODERATE VOLATILITY,RISK ON,71.34,Metals,0,60.22,42.15,0,70.92,0,87,A,44.23,77.4,34.225071854963524,0.24
ITDC,47031648256.0,SMALL CAP,548.3499755859375,60.258236,13.893534,0.131185,0.18,0.16799,0.14019,0.237,0.349,Misc,Consumer Cyclical,Lodging,2026-05-16,Lodging,0,1,0,77.25,77.95,50.04,73.37,77.6,71.66,HIGH GROWTH,57,50,88.45,92.61,91.16,87.5,75.0,90.62,33.33333333333333,92.86,74.3,75.82,0,BUY,BEAR MARKET,-31.31,MODERATE VOLATILITY,RISK ON,66.79,Metals,0,62.81,38.34,0,70.58,0,88,A,37.68,75.96,39.276111685625644,0.28
ASAL,7570490368.0,MICRO CAP,477.20001220703125,27.3154,20.932579,0.3651025700000011,343.962,0.05222,0.03108,0.359,1.691,Automobiles,Consumer Cyclical,Auto Parts,2026-05-16,Auto Components,0,1,0,85.98,92.42,99.51,25.84,89.2,84.93,HIGH GROWTH,43,40,97.78,85.56,77.78,100.0,92.11,88.16,33.33333333333333,91.18,73.97,75.82,0,BUY,BEAR MARKET,-31.31,MODERATE VOLATILITY,RISK ON,61.29,Metals,0,60.32,46.76,0,68.62,0,89,A,46.71,78.87,33.06225110039824,0.23
AVONMORE,3109676032.0,MICRO CAP,11.020000457763672,13.6049385,0.7992458,0.131185,5.155,0.20926,0.14257,0.559,14.648529300000277,Misc,Financial Services,Capital Markets,2026-05-16,Capital Markets,0,1,0,91.27,99.51,50.04,79.45,95.39,84.73,HIGH GROWTH,47,30,98.11,86.3,70.14,93.94,50.0,60.61,33.33333333333333,89.51,73.47,75.76,0,BUY,BEAR MARKET,-31.31,MODERATE VOLATILITY,RISK ON,55.74,Metals,0,60.3,47.14,0,67.09,0,90,A,45.36,77.17,33.2916307161346,0.22
DRCSYSTEMS,2198681088.0,MICRO CAP,15.260000228881836,11.560606,2.7964084,0.131185,4.245,0.21285,0.2172,0.604,0.423,Technology,Technology,Information Technology Services,2026-05-16,IT Services,0,1,0,92.15,80.69,50.04,80.25,86.42,78.53,HIGH GROWTH,52,40,90.2,84.31,74.51,93.55,87.1,74.19,33.33333333333333,91.53,72.79,75.5,0,BUY,BEAR MARKET,-31.31,MODERATE VOLATILITY,RISK ON,61.08,Metals,0,61.56,43.12,0,68.43,0,91,A,41.89,76.64,35.73793425040802,0.24
INDIAMART,117609652224.0,MID CAP,1956.5,24.812937,4.897225,0.20703,0.962,0.31066,0.30253,0.139,-0.723,Misc,Communication Services,Internet Content & Information,2026-05-16,Internet Content & Information,1,0,0,63.4,3.53,95.33,87.83,33.464999999999996,51.27,SLOW GROWTH,71,75,61.74,98.48,99.05,50.0,100.0,100.0,33.33333333333333,94.89,71.99,75.42,0,BUY,BEAR MARKET,-31.31,MODERATE VOLATILITY,RISK ON,79.22,Metals,0,64.79,27.85,0,73.39,0,92,A,28.34,71.9,49.01158827539196,0.36
ALLDIGI,12302661632.0,SMALL CAP,807.3499755859375,14.970331,4.902419,0.32217,68.009,0.19093001,0.13524,0.074,0.497,Misc,Industrials,Specialty Business Services,2026-05-16,Specialty Business Services,0,0,1,35.01,82.72,98.41,77.95,58.864999999999995,68.68,MODERATE GROWTH,62,40,84.97,96.72,83.21,72.73,90.91,81.82,33.33333333333333,91.36,73.8,75.4,0,BUY,BEAR MARKET,-31.31,MODERATE VOLATILITY,RISK ON,61.29,Metals,0,62.22,38.27,0,68.84,0,93,A,35.75,73.28,39.880272108843535,0.27
BRITANNIA,1302133997568.0,LARGE CAP,5406.0,51.280594,25.501324,0.3651025700000011,26.875,0.16267,0.13229,0.079,0.211,Misc,Consumer Defensive,Packaged Foods,2026-05-16,Packaged Foods,0,0,1,35.67,71.12,99.51,72.66,53.395,64.54,MODERATE GROWTH,47,60,80.05,86.3,95.58,65.38,92.31,100.0,33.33333333333333,88.8,70.47,75.35,0,BUY,BEAR MARKET,-31.31,MODERATE VOLATILITY,RISK ON,69.82,Metals,0,57.44,42.19,0,69.17,0,94,A,43.98,72.55,32.258781680747,0.22
AETHER,147473629184.0,MID CAP,1111.5,68.48429,6.32951,0.131185,9.242,0.29429,0.19695999,0.444,0.486,Chemicals,Basic Materials,Specialty Chemicals,2026-05-16,Specialty Chemicals,0,1,0,88.89,82.45,50.04,86.42,85.67,78.62,HIGH GROWTH,40,50,97.4,82.47,94.81,98.15,81.48,95.37,33.33333333333333,89.68,72.85,75.28,0,BUY,BEAR MARKET,-31.31,MODERATE VOLATILITY,RISK ON,65.63,Metals,0,58.3,46.5,0,68.86,0,95,A,48.03,77.0,31.40934121966143,0.21
ALMONDZ,2594282496.0,MICRO CAP,14.9399995803833,8.736841,0.96095705,0.131185,18.84,0.17559999,0.17528,0.567,4.214,Misc,Financial Services,Capital Markets,2026-05-16,Capital Markets,0,1,0,91.4,96.83,50.04,75.04,94.11500000000001,83.39,HIGH GROWTH,47,30,97.1,86.3,70.14,90.91,50.0,60.61,33.33333333333333,88.89,73.07,75.18,0,BUY,BEAR MARKET,-31.31,MODERATE VOLATILITY,RISK ON,55.49,Metals,0,59.79,47.28,0,66.65,0,96,A,45.5,76.4,32.86021505376344,0.22
ABBOTINDIA,593705500672.0,LARGE CAP,27940.0,38.31439,12.4361,0.34460998,3.602,0.30103,0.21504,0.113,0.076,Misc,Healthcare,Drug Manufacturers - Specialty & Generic,2026-05-16,Drug Manufacturers - Specialty & Generic,0,0,0,58.16,30.2,98.77,87.04,44.18,59.38,MODERATE GROWTH,60,80,73.8,94.57,99.49,67.39,91.3,100.0,0.0,95.41,63.42,75.1,0,BUY,BEAR MARKET,-31.31,MODERATE VOLATILITY,RISK ON,79.71,Metals,0,63.12,34.8,0,70.94,0,97,A,37.24,74.33,38.8755230125523,0.27
GRANULES,182428106752.0,MID CAP,736.2000122070312,30.12275,3.5461576,0.13522,29.735,0.18384,0.11089,0.228,0.313,Misc,Healthcare,Drug Manufacturers - Specialty & Generic,2026-05-16,Drug Manufacturers - Specialty & Generic,0,1,0,76.15,77.03,88.62,76.63,76.59,79.0,HIGH GROWTH,40,50,94.57,78.54,91.16,97.83,65.22,84.78,33.33333333333333,89.86,71.91,75.03,0,BUY,BEAR MARKET,-31.31,MODERATE VOLATILITY,RISK ON,65.44,Metals,0,58.34,46.83,0,68.51,0,98,A,48.35,77.06,31.229989868287742,0.21
CAMS,194419851264.0,MID CAP,784.0,40.98275,15.940144,0.3651025700000011,4.863,0.39238,0.31394,0.11,0.106,Technology,Technology,Information Technology Services,2026-05-16,IT Services,0,1,0,57.36,32.36,99.51,92.5,44.86,60.55,MODERATE GROWTH,60,70,58.82,94.12,100.0,61.29,93.55,100.0,33.33333333333333,94.44,70.72,75.01,0,BUY,BEAR MARKET,-31.31,MODERATE VOLATILITY,RISK ON,76.29,Metals,0,62.76,34.25,0,71.81,0,99,A,35.56,74.2,40.590809628008756,0.29
BBTC,106248658944.0,MID CAP,1522.800048828125,8.546894,1.6977743,0.28709,16.57,0.16921,0.062589996,0.078,0.438,Misc,Consumer Defensive,Packaged Foods,2026-05-16,Packaged Foods,0,0,1,35.54,81.48,97.62,73.54,58.510000000000005,67.84,MODERATE GROWTH,57,40,84.09,92.61,83.21,80.77,100.0,86.54,33.33333333333333,88.45,71.89,74.99,0,BUY,BEAR MARKET,-31.31,MODERATE VOLATILITY,RISK ON,60.08,Metals,0,59.73,41.19,0,67.44,0,100,B,39.3,71.73,35.598014888337474,0.24
FEDERALBNK,693143994368.0,LARGE CAP,281.29998779296875,16.101889,1.9044716,0.11731,27.014499999999998,0.43172002,0.29906,0.123,0.222,Financials,Financial Services,Banks - Regional,2026-05-16,Private Sector Banks,0,1,0,60.05,72.0,10.41,94.44,66.025,57.74,MODERATE GROWTH,60,60,57.69,75.64,78.85,44.0,76.0,76.0,33.33333333333333,91.27,66.51,74.97,0,BUY,BEAR MARKET,-31.31,MODERATE VOLATILITY,RISK ON,69.44,Metals,0,59.86,37.72,0,68.45,0,101,B,37.79,70.55,36.37535447280227,0.25
DATAPATTNS,217021857792.0,MID CAP,3876.5,79.99381,14.106521,0.1673,0.304,0.54951,0.28483,-0.115,0.212,Misc,Industrials,Aerospace & Defense,2026-05-16,Aerospace & Defense,1,0,0,13.84,71.25,92.42,95.86,42.545,57.85,MODERATE GROWTH,63,60,71.34,97.03,95.58,55.56,77.78,66.67,33.33333333333333,92.15,72.12,74.91,0,BUY,BEAR MARKET,-31.31,MODERATE VOLATILITY,RISK ON,71.07,Metals,0,61.66,34.41,0,70.6,0,102,B,34.14,71.6,40.75128059191804,0.29
ANDHRSUGAR,12287639552.0,SMALL CAP,90.66000366210938,14.717533,0.75105006,0.131185,0.427,0.048,0.03624,0.236,14.648529300000277,Misc,Basic Materials,Chemicals,2026-05-16,Chemicals,0,1,0,76.94,99.51,50.04,24.34,88.225,74.2,HIGH GROWTH,53,40,91.29,90.59,83.21,95.83,91.67,95.83,33.33333333333333,90.04,73.3,74.62,0,BUY,BEAR MARKET,-31.31,MODERATE VOLATILITY,RISK ON,60.84,Metals,0,60.5,42.5,0,68.02,0,103,B,41.14,74.61,35.41053630754627,0.24
ITCHOTELS,323861151744.0,MID CAP,155.47999572753906,42.714283,2.9218972,0.131185,0.724,0.29483998,0.19205,0.109,14.648529300000277,Misc,Consumer Cyclical,Resorts & Casinos,2026-05-16,Resorts & Casinos,0,1,0,50.13,99.51,50.04,86.51,74.82000000000001,71.03,HIGH GROWTH,50,45,87.63,88.26,88.45,100.0,100.0,100.0,33.33333333333333,88.62,71.83,74.59,0,BUY,BEAR MARKET,-31.31,MODERATE VOLATILITY,RISK ON,62.61,Metals,0,58.79,43.36,0,67.74,0,104,B,42.98,73.34,33.351523419736246,0.22
ECLERX,138210279424.0,MID CAP,1483.0999755859375,19.920753,5.3095474,0.131185,15.04,0.21484,0.17119,0.254,0.393,Technology,Technology,Information Technology Services,2026-05-16,IT Services,0,1,0,78.57,79.72,50.04,80.51,79.145,73.46,HIGH GROWTH,47,50,84.31,79.41,84.31,83.87,80.65,82.26,33.33333333333333,90.3,70.68,74.59,0,BUY,BEAR MARKET,-31.31,MODERATE VOLATILITY,RISK ON,65.24,Metals,0,59.08,44.11,0,68.17,0,105,B,44.71,75.11,32.863705972434914,0.22
AFIL,3823679488.0,MICRO CAP,8.960000038146973,10.181818,0.89465797,0.10501,118.754,0.56567,0.50541,0.466,0.642,Financials,Financial Services,Credit Services,2026-05-16,NBFC – Lending,0,1,0,89.51,85.27,8.91,96.47,87.39,72.6,HIGH GROWTH,60,40,79.49,75.64,44.23,74.07,77.78,53.7,33.33333333333333,92.06,70.09,74.57,0,BUY,BEAR MARKET,-31.31,MODERATE VOLATILITY,RISK ON,60.54,Metals,0,62.42,40.47,0,67.51,0,106,B,38.17,74.38,37.978044421751335,0.25
IRCTC,428760006656.0,MID CAP,535.9500122070312,30.126474,10.0517645,0.131185,1.836,0.31261998,0.28371,0.184,0.157,Misc,Consumer Cyclical,Travel Services,2026-05-16,Travel Services,0,1,0,70.68,67.46,50.04,88.01,69.07,67.16,MODERATE GROWTH,53,50,83.08,90.59,91.16,66.67,100.0,100.0,33.33333333333333,89.59,71.89,74.54,0,BUY,BEAR MARKET,-31.31,MODERATE VOLATILITY,RISK ON,65.37,Metals,0,59.4,40.99,0,68.56,0,107,B,40.82,72.85,34.83978957436633,0.24
EXPLEOSOL,13745056768.0,SMALL CAP,885.6500244140625,12.919766,1.9532663,0.17559,1.011,0.16529,0.1082,0.168,0.732,Technology,Technology,Information Technology Services,2026-05-16,IT Services,0,1,0,67.68,87.04,92.95,73.02,77.36000000000001,80.04,HIGH GROWTH,47,40,92.16,79.41,74.51,96.77,80.65,74.19,33.33333333333333,90.56,71.96,74.48,0,BUY,BEAR MARKET,-31.31,MODERATE VOLATILITY,RISK ON,60.63,Metals,0,60.01,45.66,0,67.49,0,108,B,45.07,76.62,33.26242674191448,0.22
ARSSBL,32971528192.0,SMALL CAP,525.6500244140625,22.47328,2.0906749,0.13961,63.433,0.26111,0.17296,0.274,0.885,Financials,Financial Services,Financial Conglomerates,2026-05-16,NBFC – Investment,0,1,0,80.34,88.18,89.24,83.86,84.26,85.22,ELITE GROWTH,48,40,96.15,41.03,44.23,100.0,75.0,87.5,33.33333333333333,92.68,67.65,74.47,0,BUY,BEAR MARKET,-31.31,MODERATE VOLATILITY,RISK ON,60.08,Metals,0,61.79,46.72,0,66.63,0,109,B,45.96,78.67,33.505110732538334,0.22
EICHERMOT,1924177068032.0,LARGE CAP,7014.5,35.971794,8.710895,0.131185,2.018,0.22009,0.23883,0.229,0.213,Automobiles,Consumer Cyclical,Auto Manufacturers,2026-05-16,Passenger Vehicles,0,1,0,76.28,71.38,50.04,80.95,73.83,69.78,MODERATE GROWTH,37,70,68.89,75.56,95.56,57.14,42.86,71.43,33.33333333333333,90.48,67.86,74.27,0,BUY,BEAR MARKET,-31.31,MODERATE VOLATILITY,RISK ON,74.59,Metals,0,56.51,45.6,0,69.2,0,110,B,49.87,75.53,29.695301749557697,0.2
IOB,650680205312.0,LARGE CAP,33.790000915527344,12.024912,1.903662,0.15654999,27.014499999999998,0.44187,0.37493,0.019,0.397,Financials,Financial Services,Banks - Regional,2026-05-16,Private Sector Banks,0,0,0,25.18,79.89,91.09,94.62,52.535,64.45,MODERATE GROWTH,60,60,67.95,75.64,78.85,68.0,76.0,76.0,0.0,93.92,59.11,74.01,0,BUY,BEAR MARKET,-31.31,MODERATE VOLATILITY,RISK ON,68.26,Metals,0,61.47,40.31,0,66.34,0,111,B,40.3,72.86,35.28329297820824,0.23
GKENERGY,25688836096.0,SMALL CAP,126.66000366210938,13.532052,3.2971497,0.131185,54.322,0.18410999,0.11934,0.591,0.511,Energy,Utilities,Utilities - Renewable,2026-05-16,Power Generation – Renewable,0,1,0,91.89,83.07,50.04,76.72,87.47999999999999,78.92,HIGH GROWTH,47,40,85.71,85.71,50.0,85.71,85.71,50.0,33.33333333333333,89.77,71.62,73.92,0,BUY,BEAR MARKET,-31.31,MODERATE VOLATILITY,RISK ON,60.35,Metals,0,59.58,45.78,0,67.08,0,112,B,45.19,75.89,32.85992639099372,0.22
CANBK,1161678422016.0,LARGE CAP,128.07000732421875,5.345159,0.9875087,0.1757,27.014499999999998,0.41737,0.32017,0.209,-0.098,Financials,Financial Services,Banks - Regional,2026-05-16,Private Sector Banks,0,0,0,74.47,20.46,93.03,94.09,47.465,61.24,MODERATE GROWTH,60,80,61.54,75.64,97.44,56.0,76.0,98.0,0.0,96.12,59.03,73.89,0,BUY,BEAR MARKET,-31.31,MODERATE VOLATILITY,RISK ON,78.79,Metals,0,63.34,36.34,0,69.29,0,113,B,38.73,74.6,37.553486030707276,0.26
INDSWFTLAB,11626547200.0,SMALL CAP,133.88999938964844,3.894883706,0.81820846,0.131185,1.687,-0.03088,0.41859,5.164077100000131,14.648529300000277,Misc,Healthcare,Drug Manufacturers - Specialty & Generic,2026-05-16,Drug Manufacturers - Specialty & Generic,0,1,0,99.51,99.51,50.04,8.64,99.51,80.53,HIGH GROWTH,40,50,95.45,78.54,91.16,100.0,65.22,84.78,33.33333333333333,90.74,72.39,73.75,0,BUY,BEAR MARKET,-31.31,MODERATE VOLATILITY,RISK ON,65.78,Metals,0,58.92,46.66,0,68.45,0,114,B,48.19,77.85,31.652774954258994,0.22
ANANTRAJ,175691923456.0,MID CAP,488.20001220703125,30.859673,2.957838,0.11132,11.696,0.26525,0.21513,0.249,0.205,Misc,Real Estate,Real Estate - Development,2026-05-16,Real Estate - Development,0,1,0,78.13,70.33,9.44,84.57,74.22999999999999,62.31,MODERATE GROWTH,53,60,78.66,90.59,95.58,70.83,68.75,91.67,33.33333333333333,90.65,71.65,73.73,0,BUY,BEAR MARKET,-31.31,MODERATE VOLATILITY,RISK ON,70.58,Metals,0,59.17,39.07,0,69.51,0,115,B,40.1,72.44,35.25060827250608,0.24
BALUFORGE,58069168128.0,SMALL CAP,478.1499938964844,21.509222,4.095187,0.131185,6.528,0.26232,0.22976999,0.216,0.206,Misc,Industrials,Metal Fabrication,2026-05-16,Metal Fabrication,0,1,0,75.04,70.5,50.04,83.95,72.77000000000001,69.34,MODERATE GROWTH,53,50,85.35,90.59,91.16,72.73,90.91,90.91,33.33333333333333,90.83,72.72,73.61,0,BUY,BEAR MARKET,-31.31,MODERATE VOLATILITY,RISK ON,65.89,Metals,0,60.24,40.7,0,68.78,0,116,B,40.54,74.06,35.657197881559945,0.24
CGPOWER,1320197160960.0,LARGE CAP,838.2000122070312,108.71596,16.56718,0.19561,1.444,0.121190004,0.09714,0.25,0.305,Misc,Industrials,Electrical Equipment & Parts,2026-05-16,Electrical Equipment & Parts,0,1,0,78.26,76.59,94.44,62.61,77.42500000000001,79.35,HIGH GROWTH,28,60,94.82,44.82,95.58,88.0,44.0,96.0,33.33333333333333,87.83,66.08,73.46,0,BUY,BEAR MARKET,-31.31,MODERATE VOLATILITY,RISK ON,68.48,Metals,0,54.58,52.27,0,66.59,0,117,B,56.49,76.65,26.66550704470343,0.18
JSL,617550381056.0,LARGE CAP,749.5,19.38195,13.720322,0.17407,37.523,0.10383,0.07434,0.112,0.425,Misc,Basic Materials,Steel,2026-05-16,Steel,0,1,0,57.8,80.86,92.86,56.08,69.33,72.71,HIGH GROWTH,35,50,89.9,65.91,91.16,95.24,73.81,92.86,33.33333333333333,85.36,67.52,73.14,0,BUY,BEAR MARKET,-31.31,MODERATE VOLATILITY,RISK ON,63.22,Metals,0,53.7,50.62,0,65.37,0,118,B,52.74,72.61,27.022701898027538,0.18
AHCL,7095725568.0,MICRO CAP,13.350000381469727,20.538464,2.614571,0.131185,26.981,0.33698002,0.20385,2.801,0.134,Misc,Healthcare,Drug Manufacturers - Specialty & Generic,2026-05-16,Drug Manufacturers - Specialty & Generic,0,1,0,98.59,50.09,50.04,89.59,74.34,71.0,HIGH GROWTH,53,40,87.5,90.59,83.21,84.78,86.96,67.39,33.33333333333333,88.27,72.02,73.03,0,BUY,BEAR MARKET,-31.31,MODERATE VOLATILITY,RISK ON,60.07,Metals,0,59.25,42.94,0,66.78,0,119,B,41.57,72.62,34.11792342024901,0.23
CSLFINANCE,5172571136.0,MICRO CAP,230.02000427246094,6.165103,0.9026587,0.131185,137.222,0.73344004,0.35037,0.2,0.261,Financials,Financial Services,Credit Services,2026-05-16,NBFC – Lending,0,1,0,73.54,74.29,50.04,97.97,73.915,71.55,HIGH GROWTH,60,30,78.21,75.64,28.85,70.37,77.78,35.19,33.33333333333333,88.54,68.49,72.84,0,BUY,BEAR MARKET,-31.31,MODERATE VOLATILITY,RISK ON,54.26,Metals,0,60.39,43.03,0,64.62,0,120,B,39.51,71.47,35.28511478647248,0.23
APLAPOLLO,524829884416.0,LARGE CAP,1890.199951171875,43.663662,9.910552,0.25314,9.396,0.07206,0.05213,0.136,0.208,Misc,Basic Materials,Steel,2026-05-16,Steel,0,1,0,63.01,70.77,96.65,34.13,66.89,69.57,MODERATE GROWTH,35,60,85.86,65.91,95.58,90.48,73.81,100.0,33.33333333333333,86.42,67.33,72.7,0,BUY,BEAR MARKET,-31.31,MODERATE VOLATILITY,RISK ON,68.44,Metals,0,54.08,48.68,0,66.57,0,121,B,52.01,72.86,27.489152990001887,0.18
ANUHPHR,7876603904.0,MICRO CAP,78.58999633789062,18.846521,2.4078555,0.131185,0.07,0.06998,0.05448,0.236,0.301,Misc,Healthcare,Drug Manufacturers - Specialty & Generic,2026-05-16,Drug Manufacturers - Specialty & Generic,0,1,0,76.94,76.41,50.04,32.72,76.675,66.95,MODERATE GROWTH,60,30,82.7,94.57,70.14,80.43,91.3,50.0,33.33333333333333,86.86,71.33,72.64,0,BUY,BEAR MARKET,-31.31,MODERATE VOLATILITY,RISK ON,54.55,Metals,0,59.07,42.03,0,65.08,0,122,B,38.55,69.6,35.19595448798989,0.23
CEATLTD,129585029120.0,MID CAP,3212.199951171875,18.586967,2.2084308,0.14787,64.742,0.096870005,0.04452,0.233,1.832,Automobiles,Consumer Cyclical,Auto Parts,2026-05-16,Auto Components,0,1,0,76.54,93.21,90.21,43.3,84.875,81.78,HIGH GROWTH,35,40,95.56,63.33,77.78,97.37,69.74,88.16,33.33333333333333,86.24,68.33,72.5,0,BUY,BEAR MARKET,-31.31,MODERATE VOLATILITY,RISK ON,58.64,Metals,0,55.46,52.33,0,64.58,0,123,B,53.27,75.12,27.683803206191264,0.18
ENRIN,1099023515648.0,LARGE CAP,3086.10009765625,84.04412,25.084332,0.131185,4.483,0.19364001,0.14994,0.274,0.522,Energy,Utilities,Utilities - Renewable,2026-05-16,Power Generation – Renewable,0,1,0,80.34,83.16,50.04,78.4,81.75,75.07,HIGH GROWTH,32,60,71.43,57.14,100.0,71.43,57.14,100.0,33.33333333333333,87.65,64.35,72.47,0,BUY,BEAR MARKET,-31.31,MODERATE VOLATILITY,RISK ON,68.0,Metals,0,54.51,51.08,0,65.73,0,124,B,54.76,74.82,26.836441893830703,0.18
EFCIL,24846346240.0,SMALL CAP,178.2100067138672,11.32211,2.850904,0.131185,160.926,0.31857002,0.18511,0.521,0.134,Misc,Real Estate,Real Estate Services,2026-05-16,Real Estate Services,0,1,0,90.78,50.09,50.04,88.27,70.435,68.14,MODERATE GROWTH,55,40,84.6,91.92,83.21,77.78,88.89,94.44,33.33333333333333,87.74,71.57,72.44,0,BUY,BEAR MARKET,-31.31,MODERATE VOLATILITY,RISK ON,59.83,Metals,0,59.01,42.2,0,66.38,0,125,B,40.57,71.35,34.327640125090205,0.23
JAYNECOIND,101032370176.0,MID CAP,104.05000305175781,21.813417,3.9258227,0.17754,74.729,0.15237,0.06494,0.178,0.877,Misc,Basic Materials,Steel,2026-05-16,Steel,0,1,0,69.27,88.1,93.21,70.55,78.685,80.78,HIGH GROWTH,35,40,95.58,65.91,83.21,100.0,73.81,80.95,33.33333333333333,85.89,68.58,72.31,0,BUY,BEAR MARKET,-31.31,MODERATE VOLATILITY,RISK ON,58.62,Metals,0,55.13,52.25,0,64.52,0,126,B,53.18,74.67,27.563676633444075,0.18
INTLCONV,5069314048.0,MICRO CAP,79.4800033569336,6.5147543,1.286813,0.131185,30.243,0.14062999,0.45353,0.355,0.481,Misc,Industrials,Specialty Industrial Machinery,2026-05-16,Specialty Industrial Machinery,0,1,0,85.89,82.28,50.04,67.55,84.08500000000001,75.62,HIGH GROWTH,45,40,92.05,83.78,83.21,87.1,90.32,64.52,33.33333333333333,87.48,71.37,72.29,0,BUY,BEAR MARKET,-31.31,MODERATE VOLATILITY,RISK ON,59.71,Metals,0,57.6,46.77,0,65.98,0,127,B,46.43,73.79,31.11532785157074,0.2
BCG,18671327232.0,SMALL CAP,9.25,3.894883706,0.19786519,0.131185,27.014499999999998,0.20024,0.1385,0.333,0.272,Misc,Communication Services,Advertising Agencies,2026-05-16,Advertising Agencies,0,1,0,84.88,74.56,50.04,79.01,79.72,73.71,HIGH GROWTH,47,40,91.04,86.3,83.21,100.0,100.0,75.0,33.33333333333333,87.39,71.56,72.26,0,BUY,BEAR MARKET,-31.31,MODERATE VOLATILITY,RISK ON,59.74,Metals,0,57.75,45.8,0,66.05,0,128,B,45.21,73.12,31.64682969054317,0.21
INFY,4528601563136.0,MEGA CAP,1119.0,14.619806,4.900831,0.31439,9.827,0.20928,0.16434999,0.066,0.118,Technology,Technology,Information Technology Services,2026-05-16,IT Services,0,0,0,33.55,32.8,98.06,79.54,33.175,50.79,SLOW GROWTH,62,60,43.14,98.04,93.14,51.61,96.77,91.94,0.0,88.36,56.52,72.16,0,BUY,BEAR MARKET,-31.31,MODERATE VOLATILITY,RISK ON,66.22,Metals,0,57.23,40.32,0,63.78,0,129,B,40.02,65.74,32.05265724037054,0.2
CREDITACC,210537201664.0,MID CAP,1315.199951171875,156.19952,2.9346333,0.105100006,301.484,0.56672,0.18677999,1.259,6.162,Financials,Financial Services,Credit Services,2026-05-16,NBFC – Lending,0,1,0,96.91,97.62,8.99,96.56,97.265,79.54,HIGH GROWTH,40,50,89.74,28.85,60.9,88.89,25.93,72.22,33.33333333333333,90.21,63.87,72.01,0,BUY,BEAR MARKET,-31.31,MODERATE VOLATILITY,RISK ON,63.52,Metals,0,57.73,49.65,0,65.0,0,130,B,51.09,76.17,29.245536571318873,0.19
BAJAJHLDNG,1147213578240.0,LARGE CAP,10308.0,11.90479,1.5680884,0.12624,0.04099,0.40881002,0.9162966367000018,-0.483,0.493,Financials,Financial Services,Asset Management,2026-05-16,Asset Management Companies,0,0,0,3.44,82.63,11.64,93.56,43.035,41.81,SLOW GROWTH,85,60,26.92,100.0,78.85,35.71,100.0,64.29,0.0,93.3,56.36,71.98,0,BUY,BEAR MARKET,-31.31,MODERATE VOLATILITY,RISK ON,67.42,Metals,0,63.27,30.02,0,65.19,0,131,B,26.74,64.37,46.40951694304255,0.3
ALEMBICLTD,23097524224.0,SMALL CAP,89.94999694824219,7.2423506,0.9115599,0.131185,0.496,0.32284,0.9162966367000018,0.283,-0.082,Misc,Real Estate,Real Estate - Development,2026-05-16,Real Estate - Development,0,0,0,81.31,21.12,50.04,88.62,51.215,54.72,SLOW GROWTH,78,60,66.41,99.37,95.58,62.5,100.0,91.67,0.0,95.02,62.88,71.55,0,BUY,BEAR MARKET,-31.31,MODERATE VOLATILITY,RISK ON,69.47,Metals,0,65.64,30.89,0,67.68,0,132,B,28.58,70.25,47.498309668695065,0.32
ITC,3877244239872.0,MEGA CAP,309.45001220703125,19.043077,5.4569983,0.131185,0.507,0.32182,0.43890998,0.067,0.0,Consumer,Consumer Defensive,Tobacco,2026-05-16,Tobacco,0,0,0,33.69,25.04,50.04,88.45,29.365,39.41,WEAK GROWTH,78,55,29.41,100.0,76.47,50.0,100.0,100.0,0.0,88.1,54.65,71.47,0,BUY,BEAR MARKET,-31.31,MODERATE VOLATILITY,RISK ON,63.19,Metals,0,58.71,34.77,0,62.64,0,133,B,31.78,60.96,37.19341061622941,0.23
IDBI,756754022400.0,LARGE CAP,70.37999725341797,8.145833,1.1017532,0.14152999,27.014499999999998,0.15577,0.43376,0.109,0.134,Financials,Financial Services,Banks - Regional,2026-05-16,Private Sector Banks,0,1,0,50.13,50.09,89.42,70.81,50.11,60.04,MODERATE GROWTH,52,60,58.97,45.51,78.85,48.0,42.0,76.0,33.33333333333333,88.71,61.16,71.45,0,BUY,BEAR MARKET,-31.31,MODERATE VOLATILITY,RISK ON,67.47,Metals,0,56.93,43.19,0,64.98,0,134,B,44.24,69.56,30.75154730327144,0.2
BLBLIMITED,831570432.0,MICRO CAP,15.729999542236328,3.894883706,0.7083671,0.131185,0.17,0.04138,0.03545,2.788,0.134,Misc,Financial Services,Capital Markets,2026-05-16,Capital Markets,0,1,0,98.5,50.09,50.04,21.43,74.295,64.16,MODERATE GROWTH,60,30,79.92,94.57,70.14,72.73,78.79,60.61,33.33333333333333,85.63,70.43,71.41,0,BUY,BEAR MARKET,-31.31,MODERATE VOLATILITY,RISK ON,54.02,Metals,0,58.0,42.35,0,64.14,0,135,B,38.85,68.0,34.12797992471769,0.22
BANKINDIA,647662469120.0,LARGE CAP,142.25999450683594,6.2863455,0.7202017,0.12056,27.014499999999998,0.44996,0.31886,0.101,0.186,Financials,Financial Services,Banks - Regional,2026-05-16,Private Sector Banks,0,1,0,41.05,69.31,11.02,94.8,55.18,50.31,SLOW GROWTH,60,60,47.44,75.64,78.85,40.0,76.0,76.0,33.33333333333333,87.57,63.49,71.35,0,BUY,BEAR MARKET,-31.31,MODERATE VOLATILITY,RISK ON,67.76,Metals,0,56.96,38.78,0,65.61,0,136,B,38.81,66.07,33.192665159507655,0.22
HINDPETRO,779634147328.0,LARGE CAP,366.3999938964844,4.319736,1.189452,0.30929002,85.369,0.08081,0.041050002,0.049,0.775,Misc,Energy,Oil & Gas Refining & Marketing,2026-05-16,Oil & Gas Refining & Marketing,0,0,0,30.29,87.39,97.97,37.74,58.84,64.56,MODERATE GROWTH,50,50,80.18,88.26,91.16,77.78,94.44,100.0,0.0,87.21,60.15,71.27,0,BUY,BEAR MARKET,-31.31,MODERATE VOLATILITY,RISK ON,61.84,Metals,0,56.11,46.45,0,63.1,0,137,B,46.55,69.45,29.21135646687698,0.18
GODREJPROP,516300177408.0,LARGE CAP,1714.0999755859375,27.935137,2.6947825,0.09969,82.119,0.14072,0.36056,0.63,0.701,Misc,Real Estate,Real Estate - Development,2026-05-16,Real Estate - Development,0,1,0,92.5,86.86,8.11,67.64,89.68,71.16,HIGH GROWTH,28,70,87.75,44.82,98.11,79.17,25.0,100.0,33.33333333333333,87.13,64.74,71.11,0,BUY,BEAR MARKET,-31.31,MODERATE VOLATILITY,RISK ON,72.97,Metals,0,53.08,50.74,0,66.38,0,138,B,56.15,74.23,25.977252843394577,0.17
EBGNG,47787929600.0,SMALL CAP,419.1499938964844,277.5828,6.2264175,0.26766002,58.541,0.09224,0.06981,0.425,0.231,Misc,Technology,Computer Hardware,2026-05-16,Computer Hardware,0,1,0,88.27,72.35,96.91,41.53,80.31,79.75,HIGH GROWTH,35,50,95.2,65.91,91.16,100.0,100.0,100.0,33.33333333333333,87.92,69.33,70.91,0,BUY,BEAR MARKET,-31.31,MODERATE VOLATILITY,RISK ON,64.31,Metals,0,56.35,49.98,0,65.95,0,139,B,52.13,76.03,28.620365142104273,0.19
ELDEHSG,8180564480.0,MICRO CAP,831.9500122070312,36.093277,2.0955865,0.131185,26.96,0.40504003,0.16018999,0.243,1.368,Misc,Real Estate,Real Estate Services,2026-05-16,Real Estate Services,0,1,0,77.73,91.27,50.04,93.3,84.5,78.49,HIGH GROWTH,40,30,94.32,78.54,70.14,100.0,77.78,61.11,33.33333333333333,84.74,69.82,70.81,0,BUY,BEAR MARKET,-31.31,MODERATE VOLATILITY,RISK ON,53.64,Metals,0,54.95,51.56,0,63.1,0,140,B,50.66,72.48,28.060394889663186,0.18
HUBTOWN,30167969792.0,SMALL CAP,212.3000030517578,23.694197,1.1183633,0.0637,44.93,0.59371,0.17828,1.096,5.119,Misc,Real Estate,Real Estate - Development,2026-05-16,Real Estate - Development,0,1,0,95.94,97.09,4.94,96.83,96.515,78.23,HIGH GROWTH,38,40,94.19,75.13,83.21,83.33,41.67,75.0,33.33333333333333,86.07,69.83,70.8,0,BUY,BEAR MARKET,-31.31,MODERATE VOLATILITY,RISK ON,58.97,Metals,0,55.56,50.46,0,64.55,0,141,B,51.02,73.88,28.40445982314494,0.18
GFLLIMITED,5013554176.0,MICRO CAP,45.63999938964844,414.9091,0.19868098,0.131185,27.014499999999998,0.41429,0.47000998,0.25,1.81,Financials,Financial Services,Asset Management,2026-05-16,Asset Management Companies,0,1,0,78.26,93.03,50.04,93.92,85.64500000000001,79.35,HIGH GROWTH,45,40,87.18,36.54,44.23,85.71,25.0,35.71,33.33333333333333,88.98,64.15,70.53,0,BUY,BEAR MARKET,-31.31,MODERATE VOLATILITY,RISK ON,58.28,Metals,0,58.19,49.3,0,63.4,0,142,B,48.89,74.61,29.90980156343957,0.19
CHOLAHLDNG,311335026688.0,MID CAP,1658.0,12.754827,2.0147545,0.18035,621.271,0.36185002,0.096920006,0.182,0.12,Financials,Financial Services,Credit Services,2026-05-16,NBFC – Lending,0,1,0,70.15,32.98,93.56,91.09,51.565,63.92,MODERATE GROWTH,58,40,65.38,55.13,44.23,59.26,55.56,53.7,33.33333333333333,87.3,63.0,70.51,0,BUY,BEAR MARKET,-31.31,MODERATE VOLATILITY,RISK ON,57.58,Metals,0,57.87,43.85,0,62.87,0,143,B,41.74,68.55,32.07767898923724,0.2
AEROFLEX,49074864128.0,SMALL CAP,370.8500061035156,87.053986,10.751457,0.14062999,1.988,0.17672001,0.12526,0.372,0.564,Misc,Industrials,Metal Fabrication,2026-05-16,Metal Fabrication,0,1,0,86.42,83.73,89.33,75.22,85.075,84.94,HIGH GROWTH,32,40,98.23,55.18,83.21,100.0,54.55,72.73,33.33333333333333,86.6,67.65,70.5,0,BUY,BEAR MARKET,-31.31,MODERATE VOLATILITY,RISK ON,58.56,Metals,0,55.29,53.92,0,63.76,0,144,B,55.24,76.1,27.062588904694167,0.17
DEEPINDS,28518400000.0,SMALL CAP,445.6000061035156,26.7615915,1.4773213,0.131185,10.086,0.38158,-0.018380001,0.431,0.561,Misc,Energy,Oil & Gas E&P,2026-05-16,Oil & Gas E&P,0,1,0,88.54,83.55,50.04,91.71,86.045,79.41,HIGH GROWTH,38,30,95.01,75.13,70.14,66.67,50.0,50.0,33.33333333333333,84.57,69.35,70.46,0,BUY,BEAR MARKET,-31.31,MODERATE VOLATILITY,RISK ON,53.48,Metals,0,54.43,52.63,0,62.73,0,145,B,51.98,72.64,27.421668554171386,0.17
FEDFINA,56739840000.0,SMALL CAP,151.5800018310547,16.60241,2.0853224,0.12555,467.341,0.38526002,0.27889,0.186,0.385,Financials,Financial Services,Credit Services,2026-05-16,NBFC – Lending,0,1,0,71.03,79.41,11.46,92.06,75.22,64.15,MODERATE GROWTH,60,40,66.67,75.64,44.23,62.96,77.78,53.7,33.33333333333333,88.01,66.55,70.45,0,BUY,BEAR MARKET,-31.31,MODERATE VOLATILITY,RISK ON,58.64,Metals,0,59.11,41.71,0,64.25,0,146,B,39.37,69.31,34.3373792420114,0.22
IPL,19026163712.0,SMALL CAP,165.2100067138672,17.35399,1.9924985,0.131185,4.981,0.14277,0.109519996,0.309,0.407,Chemicals,Basic Materials,Agricultural Inputs,2026-05-16,Agrochemicals,0,1,0,83.69,80.34,50.04,68.17,82.015,74.24,HIGH GROWTH,40,40,92.21,82.47,86.36,95.65,86.96,91.3,33.33333333333333,85.27,70.31,70.29,0,BUY,BEAR MARKET,-31.31,MODERATE VOLATILITY,RISK ON,58.9,Metals,0,55.01,49.39,0,64.39,0,147,B,49.69,72.23,28.498717695797993,0.18
CANTABIL,18897178624.0,SMALL CAP,225.94000244140625,21.234962,4.600505,0.131185,126.45,0.26407,0.10873,0.186,0.311,Misc,Consumer Cyclical,Apparel Manufacturing,2026-05-16,Apparel Manufacturing,0,1,0,71.03,76.85,50.04,84.3,73.94,70.2,HIGH GROWTH,48,30,86.62,87.56,70.14,91.67,100.0,91.67,33.33333333333333,84.3,69.85,70.26,0,BUY,BEAR MARKET,-31.31,MODERATE VOLATILITY,RISK ON,53.54,Metals,0,55.26,47.95,0,62.98,0,148,B,46.01,69.42,29.534141671984685,0.18
CHEVIOT,6981040640.0,MICRO CAP,1195.0,9.979957,0.9997148,0.131185,1.473,0.097959995,0.12958999,0.285,4.039,Misc,Consumer Cyclical,Textile Manufacturing,2026-05-16,Textile Manufacturing,0,1,0,81.53,96.47,50.04,43.56,89.0,76.66,HIGH GROWTH,40,30,92.68,78.54,70.14,97.3,87.84,90.54,33.33333333333333,83.95,69.26,70.02,0,BUY,BEAR MARKET,-31.31,MODERATE VOLATILITY,RISK ON,53.3,Metals,0,54.26,51.76,0,62.5,0,149,B,50.85,71.44,27.556412729026036,0.17
ICICIAMC,1581429686272.0,LARGE CAP,3199.60009765625,47.848064,37.902767,0.3651025700000011,27.014499999999998,0.73064005,0.54963,0.082,0.104,Financials,Financial Services,Asset Management,2026-05-16,Asset Management Companies,0,0,0,36.86,32.14,99.51,97.88,34.5,53.84,SLOW GROWTH,60,70,50.0,75.64,91.03,64.29,57.14,85.71,0.0,91.98,55.64,70.02,0,BUY,BEAR MARKET,-31.31,MODERATE VOLATILITY,RISK ON,71.9,Metals,0,58.91,39.53,0,64.67,0,150,B,40.68,68.79,33.00863723608445,0.21
BANCOINDIA,87016734720.0,SMALL CAP,608.3499755859375,17.824493,5.324353,0.131185,44.582,0.1257,0.13282,0.235,1.778,Automobiles,Consumer Cyclical,Auto Parts,2026-05-16,Auto Components,0,1,0,76.68,92.68,50.04,63.98,84.68,75.68,HIGH GROWTH,40,40,82.22,80.0,77.78,84.21,86.84,88.16,33.33333333333333,85.71,68.62,70.01,0,BUY,BEAR MARKET,-31.31,MODERATE VOLATILITY,RISK ON,58.58,Metals,0,55.35,49.98,0,63.87,0,151,B,50.27,72.67,28.347961771016188,0.18
INDUSTOWER,1134371405824.0,LARGE CAP,430.1499938964844,15.872693,2.8613145,0.19806999,53.289,0.32422,0.21989,0.048,0.008,Telecom,Communication Services,Telecom Services,2026-05-16,Telecom Services,0,0,0,30.07,26.06,94.89,88.89,28.064999999999998,47.51,SLOW GROWTH,68,60,40.0,100.0,80.0,40.0,100.0,80.0,0.0,89.42,56.77,69.76,0,HOLD,BEAR MARKET,-31.31,MODERATE VOLATILITY,RISK ON,66.55,Metals,0,58.51,37.53,0,63.46,0,152,B,36.46,64.83,34.61292044847838,0.22
ATLANTAELE,133238775808.0,MID CAP,1732.699951171875,63.7022,35.448032,0.131185,46.263,0.17448,0.09518,0.797,4.176,Misc,Industrials,Electrical Equipment & Parts,2026-05-16,Electrical Equipment & Parts,0,1,0,94.53,96.74,50.04,74.6,95.63499999999999,84.41,HIGH GROWTH,27,40,97.73,36.36,83.21,96.0,32.0,74.0,33.33333333333333,84.83,64.05,69.76,0,HOLD,BEAR MARKET,-31.31,MODERATE VOLATILITY,RISK ON,57.22,Metals,0,52.75,57.43,0,61.8,0,153,B,59.36,74.78,24.777998674618953,0.15
ELLEN,38813663232.0,SMALL CAP,275.3999938964844,26.7615915,4.202719,0.131185,12.866,0.24154,0.29637,0.196,0.259,Misc,Basic Materials,Chemicals,2026-05-16,Chemicals,0,1,0,72.62,74.03,50.04,82.72,73.325,69.61,MODERATE GROWTH,45,40,85.98,83.78,83.21,91.67,75.0,95.83,33.33333333333333,85.01,69.47,69.71,0,HOLD,BEAR MARKET,-31.31,MODERATE VOLATILITY,RISK ON,58.62,Metals,0,55.31,47.44,0,64.0,0,154,B,47.08,70.41,29.288685524126453,0.19
INA,27639691264.0,SMALL CAP,125.41000366210938,15.578882,4.0226455,0.131185,37.384,0.10946,0.099379994,0.77,1.702,Misc,Technology,Solar,2026-05-16,Solar,0,1,0,94.22,92.5,50.04,58.02,93.36,81.16,HIGH GROWTH,35,30,95.83,65.91,70.14,66.67,66.67,66.67,33.33333333333333,84.04,67.88,69.64,0,HOLD,BEAR MARKET,-31.31,MODERATE VOLATILITY,RISK ON,52.98,Metals,0,53.69,54.49,0,61.84,0,155,B,54.22,72.82,26.37450199203187,0.16
FINCABLES,160723959808.0,MID CAP,1050.9000244140625,23.583931,2.8195808,0.131185,0.377,0.08919,0.11418,0.352,0.114,Misc,Industrials,Electrical Equipment & Parts,2026-05-16,Electrical Equipment & Parts,0,1,0,85.76,32.67,50.04,40.83,59.215,55.54,MODERATE GROWTH,51,60,67.87,88.95,95.58,52.0,96.0,96.0,33.33333333333333,86.33,68.06,69.56,0,HOLD,BEAR MARKET,-31.31,MODERATE VOLATILITY,RISK ON,68.6,Metals,0,55.64,41.23,0,66.16,0,156,B,42.48,67.85,31.2097516099356,0.2
GROBTEA,1046678144.0,MICRO CAP,900.5,18.62076,0.99811685,0.131185,14.11,0.12472,0.046529997,0.776,9.9,Misc,Consumer Defensive,Farm Products,2026-05-16,Farm Products,0,1,0,94.44,98.41,50.04,63.58,96.425,83.86,HIGH GROWTH,35,20,97.47,65.91,53.03,100.0,70.0,85.0,33.33333333333333,82.28,67.42,69.56,0,HOLD,BEAR MARKET,-31.31,MODERATE VOLATILITY,RISK ON,47.42,Metals,0,53.09,56.65,0,60.2,0,157,B,55.18,72.08,25.660377358490564,0.15
GODREJAGRO,109597089792.0,MID CAP,569.75,23.19829,5.394032,0.18681,72.751,0.061950002,0.04573,0.119,0.482,Misc,Consumer Defensive,Packaged Foods,2026-05-16,Packaged Foods,0,1,0,59.26,82.36,93.92,29.89,70.81,71.34,HIGH GROWTH,36,40,88.13,74.12,83.21,88.46,88.46,86.54,33.33333333333333,82.72,67.43,69.32,0,HOLD,BEAR MARKET,-31.31,MODERATE VOLATILITY,RISK ON,57.54,Metals,0,52.11,52.2,0,62.46,0,158,B,52.99,69.9,25.893684015558435,0.16
CONCORDBIO,118770786304.0,MID CAP,1135.300048828125,38.17418,6.550463,0.131185,0.088,0.28885,0.2697,0.137,-0.163,Healthcare,Healthcare,Biotechnology,2026-05-16,Biotechnology,0,0,0,63.18,18.34,50.04,85.63,40.76,47.1,SLOW GROWTH,70,60,71.43,100.0,100.0,83.33,100.0,100.0,0.0,90.39,61.87,69.27,0,HOLD,BEAR MARKET,-31.31,MODERATE VOLATILITY,RISK ON,68.06,Metals,0,59.67,34.85,0,65.2,0,159,B,33.57,65.59,37.94619612380677,0.25
FCL,29624901632.0,SMALL CAP,25.440000534057617,28.909092,3.7362316,0.131185,0.04099,0.17151,0.16792999,0.459,0.07,Chemicals,Basic Materials,Specialty Chemicals,2026-05-16,Specialty Chemicals,0,0,0,89.15,29.63,50.04,73.9,59.39,58.97,MODERATE GROWTH,65,50,74.68,97.4,94.81,74.07,96.3,95.37,0.0,91.05,62.23,69.2,0,HOLD,BEAR MARKET,-31.31,MODERATE VOLATILITY,RISK ON,63.32,Metals,0,60.36,38.97,0,64.22,0,160,B,37.14,68.96,36.16151022548505,0.23
J&KBANK,143924543488.0,MID CAP,130.6999969482422,6.1017737,1.0129584,0.15367,27.014499999999998,0.23302999,0.34678,0.109,0.134,Financials,Financial Services,Banks - Regional,2026-05-16,Private Sector Banks,0,1,0,50.13,50.09,90.48,81.83,50.11,61.36,MODERATE GROWTH,52,60,62.82,45.51,78.85,60.0,42.0,76.0,33.33333333333333,89.33,61.98,69.2,0,HOLD,BEAR MARKET,-31.31,MODERATE VOLATILITY,RISK ON,67.83,Metals,0,57.47,42.91,0,64.71,0,161,B,43.97,70.16,31.20302423838114,0.2
JAICORPLTD,19754842112.0,SMALL CAP,112.55999755859375,11.462322,1.3513416,0.131185,0.063,0.18885,0.25906,-0.017,0.429,Chemicals,Basic Materials,Specialty Chemicals,2026-05-16,Specialty Chemicals,0,0,0,20.24,80.95,50.04,77.6,50.595,53.18,SLOW GROWTH,77,40,68.83,98.7,86.36,68.52,98.15,85.19,0.0,89.95,61.11,69.12,0,HOLD,BEAR MARKET,-31.31,MODERATE VOLATILITY,RISK ON,57.76,Metals,0,61.52,35.96,0,62.76,0,162,B,31.36,65.45,40.451174289245984,0.25
360ONE,444405743616.0,MID CAP,1093.800048828125,37.458904,4.509902,0.14392,161.977,0.57660997,0.27163,0.269,0.11,Financials,Financial Services,Asset Management,2026-05-16,Asset Management Companies,0,1,0,79.81,32.5,89.68,96.74,56.155,66.92,MODERATE GROWTH,45,60,70.51,36.54,78.85,71.43,25.0,64.29,33.33333333333333,89.07,61.69,69.08,0,HOLD,BEAR MARKET,-31.31,MODERATE VOLATILITY,RISK ON,67.69,Metals,0,56.59,46.16,0,64.39,0,163,B,48.13,71.94,29.285568898839813,0.19
DIVISLAB,1794700345344.0,LARGE CAP,6760.5,72.467575,11.636933,0.131185,0.584,0.29647,0.24035,0.123,-0.01,Misc,Healthcare,Drug Manufacturers - Specialty & Generic,2026-05-16,Drug Manufacturers - Specialty & Generic,0,0,0,60.05,24.47,50.04,86.6,42.26,48.25,SLOW GROWTH,63,65,41.92,97.03,97.22,52.17,97.83,95.65,0.0,89.24,56.54,69.03,0,HOLD,BEAR MARKET,-31.31,MODERATE VOLATILITY,RISK ON,68.94,Metals,0,57.49,38.86,0,63.58,0,164,B,39.04,65.43,32.68231768231769,0.21
HSCL,300706791424.0,MID CAP,596.0,39.680424,6.3884068,0.17698,16.137,0.20308,0.16121,0.135,0.278,Chemicals,Basic Materials,Specialty Chemicals,2026-05-16,Specialty Chemicals,0,1,0,62.79,75.09,93.12,79.19,68.94,74.8,HIGH GROWTH,32,50,93.51,44.81,94.81,92.59,45.37,95.37,33.33333333333333,85.1,64.79,68.95,0,HOLD,BEAR MARKET,-31.31,MODERATE VOLATILITY,RISK ON,62.47,Metals,0,52.96,52.92,0,63.09,0,165,B,55.41,72.6,25.74011700053182,0.16
BLACKBUCK,96532422656.0,SMALL CAP,530.7000122070312,25.319658,7.370936,0.131185,3.633,0.1817,0.63718,0.504,0.134,Technology,Technology,Software - Application,2026-05-16,SaaS,0,1,0,90.12,50.09,50.04,76.19,70.105,66.7,MODERATE GROWTH,45,50,76.47,74.51,84.31,73.33,73.33,86.67,33.33333333333333,86.16,67.11,68.47,0,HOLD,BEAR MARKET,-31.31,MODERATE VOLATILITY,RISK ON,63.32,Metals,0,55.56,46.26,0,64.26,0,166,B,47.08,70.45,29.305324459234612,0.19
INOXGREEN,71321042944.0,SMALL CAP,177.63999938964844,106.37126,3.3159113,0.131185,4.695,0.14733,0.27431,0.338,3.998,Energy,Utilities,Utilities - Renewable,2026-05-16,Power Generation – Renewable,0,1,0,85.23,96.21,50.04,69.4,90.72,80.45,HIGH GROWTH,30,50,100.0,35.71,78.57,100.0,35.71,78.57,33.33333333333333,86.68,65.03,68.27,0,HOLD,BEAR MARKET,-31.31,MODERATE VOLATILITY,RISK ON,62.93,Metals,0,54.16,53.74,0,63.3,0,167,B,56.49,75.09,26.122803965907117,0.16
BANDHANBNK,313278562304.0,MID CAP,194.4600067138672,25.654354,1.2232958,0.04877,27.014499999999998,0.26448,0.12972,1.193,0.68,Financials,Financial Services,Banks - Regional,2026-05-16,Private Sector Banks,0,1,0,96.47,86.16,4.14,84.48,91.315,73.2,HIGH GROWTH,38,50,80.77,25.0,60.9,88.0,24.0,46.0,33.33333333333333,86.51,60.47,68.16,0,HOLD,BEAR MARKET,-31.31,MODERATE VOLATILITY,RISK ON,61.74,Metals,0,54.37,51.74,0,61.87,0,168,B,53.4,71.98,26.46323529411765,0.16
EMUDHRA,38605582336.0,SMALL CAP,470.54998779296875,36.112816,4.237471,0.13259,3.153,0.18315001,0.15114,0.338,0.216,Technology,Technology,Software - Application,2026-05-16,SaaS,0,1,0,85.23,71.74,88.36,76.46,78.485,80.26,HIGH GROWTH,32,40,94.12,45.1,74.51,86.67,40.0,70.0,33.33333333333333,84.92,64.85,68.02,0,HOLD,BEAR MARKET,-31.31,MODERATE VOLATILITY,RISK ON,57.44,Metals,0,53.38,54.9,0,61.65,0,169,B,56.19,73.35,25.651337646441682,0.16
CAPITALSFB,12580004864.0,SMALL CAP,276.8999938964844,8.903537,0.87726516,0.099259995,27.014499999999998,0.38409,0.28381002,0.689,0.167,Financials,Financial Services,Banks - Regional,2026-05-16,Private Sector Banks,0,1,0,93.12,68.17,8.02,91.89,80.64500000000001,67.24,MODERATE GROWTH,50,50,71.79,42.95,60.9,76.0,36.0,46.0,33.33333333333333,88.18,62.48,67.99,0,HOLD,BEAR MARKET,-31.31,MODERATE VOLATILITY,RISK ON,62.66,Metals,0,57.28,45.63,0,63.14,0,170,B,45.76,70.76,30.26518391787853,0.19
ADVANCE,6613072384.0,MICRO CAP,102.87000274658203,22.608791,2.5213854,0.17179,31.588,0.10065,0.054980002,0.379,2.281,Chemicals,Basic Materials,Agricultural Inputs,2026-05-16,Agrochemicals,0,1,0,86.86,94.44,92.59,44.22,90.65,86.39,ELITE GROWTH,28,30,98.7,37.66,74.68,100.0,34.78,78.26,33.33333333333333,83.69,63.93,67.97,0,HOLD,BEAR MARKET,-31.31,MODERATE VOLATILITY,RISK ON,51.9,Metals,0,52.33,59.02,0,59.81,0,171,B,59.62,73.9,24.381392279775653,0.14
HCLTECH,3064421941248.0,MEGA CAP,1132.5999755859375,18.449259,4.093595,0.23357001,6.935,0.16486,0.128,0.053,-0.002,Technology,Technology,Information Technology Services,2026-05-16,IT Services,0,0,0,31.22,24.6,96.03,72.93,27.91,46.04,SLOW GROWTH,55,60,39.22,89.22,93.14,48.39,90.32,91.94,0.0,84.66,53.13,67.88,0,HOLD,BEAR MARKET,-31.31,MODERATE VOLATILITY,RISK ON,64.45,Metals,0,52.43,44.65,0,60.24,0,172,B,45.23,62.01,26.82673588578845,0.16
CLEAN,81477492736.0,SMALL CAP,766.6500244140625,33.21707,5.147341,0.15309,0.135,0.30842,0.23219,-0.044,-0.214,Chemicals,Basic Materials,Specialty Chemicals,2026-05-16,Specialty Chemicals,1,0,0,18.25,16.05,90.39,87.74,17.15,38.86,WEAK GROWTH,78,50,45.45,100.0,94.81,48.15,100.0,95.37,33.33333333333333,86.95,66.6,67.85,0,HOLD,BEAR MARKET,-31.31,MODERATE VOLATILITY,RISK ON,63.39,Metals,0,58.96,31.59,0,64.64,0,173,B,28.12,61.01,41.902472527472526,0.27
GLAND,307814432768.0,MID CAP,1868.300048828125,36.362396,3.218599,0.131185,3.161,0.19302,0.13859001,0.225,0.278,Misc,Healthcare,Drug Manufacturers - Specialty & Generic,2026-05-16,Drug Manufacturers - Specialty & Generic,0,1,0,75.88,75.09,50.04,78.22,75.485,70.67,HIGH GROWTH,32,50,86.99,55.18,91.16,82.61,39.13,84.78,33.33333333333333,83.77,64.83,67.81,0,HOLD,BEAR MARKET,-31.31,MODERATE VOLATILITY,RISK ON,62.15,Metals,0,51.52,52.91,0,62.39,0,174,B,55.4,70.6,25.0354609929078,0.16
CHENNPETRO,150251601920.0,MID CAP,1009.0,4.8425803,1.3525379,0.32126,17.68,0.11215,0.04875,-0.025,2.025,Misc,Energy,Oil & Gas Refining & Marketing,2026-05-16,Oil & Gas Refining & Marketing,0,0,0,19.58,93.92,98.32,59.35,56.75,65.32,MODERATE GROWTH,50,40,81.31,88.26,83.21,88.89,94.44,88.89,0.0,85.19,59.51,67.67,0,HOLD,BEAR MARKET,-31.31,MODERATE VOLATILITY,RISK ON,56.18,Metals,0,54.81,48.67,0,60.19,0,175,B,47.57,67.63,27.848466131356805,0.17
ASHOKAMET,395186784.0,MICRO CAP,15.8100004196167,3.894883706,0.35979244,0.08558,43.157,0.36486998,0.28937,0.567,0.134,Misc,Basic Materials,Steel,2026-05-16,Steel,0,1,0,91.4,50.09,7.32,91.36,70.745,60.12,MODERATE GROWTH,50,40,75.25,88.26,83.21,76.19,100.0,80.95,33.33333333333333,83.6,67.97,67.61,0,HOLD,BEAR MARKET,-31.31,MODERATE VOLATILITY,RISK ON,57.89,Metals,0,53.84,45.71,0,62.52,0,176,B,44.69,66.26,29.00415845918144,0.18
DBREALTY,63852126208.0,SMALL CAP,117.72000122070312,60.680412,1.5376377,0.131185,24.791,0.17354,0.03418,1.414,13.375,Misc,Real Estate,Real Estate - Development,2026-05-16,Real Estate - Development,0,1,0,97.35,98.94,50.04,74.43,98.145,86.15,ELITE GROWTH,27,30,98.48,36.36,70.14,95.83,20.83,58.33,33.33333333333333,83.25,63.53,67.5,0,HOLD,BEAR MARKET,-31.31,MODERATE VOLATILITY,RISK ON,51.7,Metals,0,51.81,59.61,0,59.42,0,177,B,60.34,73.58,23.99087055754809,0.14
ADANIGREEN,2271456002048.0,MEGA CAP,1379.0,142.90157,12.18058,0.07576,339.503,0.57025003,0.12778,0.131,2.803,Energy,Utilities,Utilities - Renewable,2026-05-16,Power Generation – Renewable,0,1,0,61.82,95.15,6.35,96.65,78.485,65.87,MODERATE GROWTH,30,50,42.86,35.71,78.57,42.86,35.71,78.57,33.33333333333333,80.51,53.99,67.4,0,HOLD,BEAR MARKET,-31.31,MODERATE VOLATILITY,RISK ON,58.62,Metals,0,47.95,57.6,0,57.96,0,178,B,60.24,66.46,21.70476812540823,0.12
GVPIL,46797041664.0,SMALL CAP,696.0999755859375,36.772316,8.03319,0.3651025700000011,3.02,0.36678,0.18252,0.261,-0.311,Industrials,Industrials,Engineering & Construction,2026-05-16,Engineering & EPC,0,0,0,79.06,13.23,99.51,91.45,46.145,61.35,MODERATE GROWTH,55,60,70.73,89.02,95.12,70.73,89.02,95.12,0.0,90.92,60.33,67.38,0,HOLD,BEAR MARKET,-31.31,MODERATE VOLATILITY,RISK ON,67.81,Metals,0,58.51,42.13,0,63.95,0,179,B,42.79,70.36,32.13519068280429,0.2
BFINVEST,15347675136.0,SMALL CAP,407.45001220703125,9.336618,0.21662802,0.131185,27.014499999999998,0.8678988605550011,0.9162966367000018,0.092,11.758,Financials,Financial Services,Asset Management,2026-05-16,Asset Management Companies,0,0,0,38.49,98.77,50.04,99.51,68.63,68.0,MODERATE GROWTH,60,30,74.36,75.64,28.85,78.57,57.14,28.57,0.0,87.04,57.32,67.29,0,HOLD,BEAR MARKET,-31.31,MODERATE VOLATILITY,RISK ON,51.09,Metals,0,58.03,46.94,0,58.9,0,180,B,43.31,67.95,30.67027758970887,0.18
BHARTIARTL,11606690889728.0,MEGA CAP,1905.4000244140625,42.914413,7.472391,0.19358999,99.718,0.32227,0.12652999,0.157,-0.34,Telecom,Communication Services,Telecom Services,2026-05-16,Telecom Services,0,0,0,65.78,12.43,94.36,88.54,39.105000000000004,55.1,MODERATE GROWTH,48,60,60.0,40.0,80.0,60.0,40.0,80.0,0.0,85.45,49.18,67.25,0,HOLD,BEAR MARKET,-31.31,MODERATE VOLATILITY,RISK ON,63.66,Metals,0,52.4,49.19,0,58.86,0,181,B,50.64,64.91,25.13942680092951,0.15
CLEANMAX,151032135680.0,MID CAP,1290.0,416.12906,4.9072566,0.131185,303.243,0.36019,0.03372,0.13,9.72,Energy,Utilities,Utilities - Renewable,2026-05-16,Power Generation – Renewable,0,1,0,61.55,98.32,50.04,90.92,79.935,75.05,HIGH GROWTH,35,30,57.14,71.43,28.57,57.14,71.43,28.57,33.33333333333333,81.13,61.74,67.24,0,HOLD,BEAR MARKET,-31.31,MODERATE VOLATILITY,RISK ON,50.72,Metals,0,50.94,56.64,0,58.48,0,182,B,56.31,68.78,24.00279183388588,0.14
HMAAGRO,12073559040.0,SMALL CAP,24.110000610351562,7.1120944,1.398492,0.131185,70.83,0.027409999,0.02484,0.415,2.22,Misc,Consumer Defensive,Packaged Foods,2026-05-16,Packaged Foods,0,1,0,87.92,94.27,50.04,16.67,91.095,75.44,HIGH GROWTH,35,30,91.92,65.91,70.14,92.31,76.92,65.38,33.33333333333333,81.22,66.16,67.11,0,HOLD,BEAR MARKET,-31.31,MODERATE VOLATILITY,RISK ON,51.84,Metals,0,51.52,55.09,0,59.94,0,183,B,54.8,69.47,24.899641577060933,0.15
GRASIM,1989623414784.0,LARGE CAP,2933.800048828125,44.051052,1.9975857,0.131185,126.634,0.15687001,0.026719999,0.274,0.141,Misc,Basic Materials,Building Materials,2026-05-16,Building Materials,0,1,0,80.34,66.58,50.04,71.16,73.46000000000001,68.55,MODERATE GROWTH,27,50,84.85,36.36,91.16,94.12,64.71,94.12,33.33333333333333,80.6,60.42,67.08,0,HOLD,BEAR MARKET,-31.31,MODERATE VOLATILITY,RISK ON,60.26,Metals,0,48.33,56.7,0,59.96,0,184,B,59.8,68.17,22.424342105263158,0.13
ADFFOODS,29476401152.0,SMALL CAP,268.29998779296875,36.653004,5.5743694,0.131185,9.628,0.18146999,0.12462,0.291,0.577,Misc,Consumer Defensive,Packaged Foods,2026-05-16,Packaged Foods,0,1,0,82.01,84.04,50.04,76.01,83.025,75.73,HIGH GROWTH,32,40,92.17,55.18,83.21,96.15,65.38,86.54,33.33333333333333,83.51,65.51,67.03,0,HOLD,BEAR MARKET,-31.31,MODERATE VOLATILITY,RISK ON,57.26,Metals,0,51.86,54.67,0,61.17,0,185,B,55.97,71.26,25.016675443215732,0.15
HDFCAMC,1158364004352.0,LARGE CAP,2703.5,40.64802,12.545011,0.32929,27.014499999999998,0.78761,0.61833,0.037,-0.028,Financials,Financial Services,Asset Management,2026-05-16,Asset Management Companies,0,0,0,27.87,23.72,98.59,98.15,25.795,47.59,SLOW GROWTH,60,70,39.74,75.64,91.03,57.14,57.14,85.71,0.0,89.15,52.97,66.99,0,HOLD,BEAR MARKET,-31.31,MODERATE VOLATILITY,RISK ON,70.53,Metals,0,56.45,40.46,0,62.26,0,186,B,41.59,65.09,30.565860530640997,0.19
HILTON,1108589568.0,MICRO CAP,21.540000915527344,8.348838,0.43142125,0.131185,58.483,0.04168,0.03487,0.733,2.211,Misc,Industrials,Metal Fabrication,2026-05-16,Metal Fabrication,0,1,0,93.74,94.18,50.04,21.52,93.96000000000001,77.93,HIGH GROWTH,35,20,93.81,65.91,53.03,90.91,63.64,45.45,33.33333333333333,79.19,65.63,66.89,0,HOLD,BEAR MARKET,-31.31,MODERATE VOLATILITY,RISK ON,46.2,Metals,0,50.84,57.28,0,58.19,0,187,B,55.79,68.55,24.141574220813524,0.14
CEIGALL,60170358784.0,SMALL CAP,345.3999938964844,19.4921,3.2113204,0.131185,61.085,0.14947,0.07111,0.371,0.788,Industrials,Industrials,Engineering & Construction,2026-05-16,Engineering & EPC,0,1,0,86.29,87.57,50.04,70.02,86.93,77.86,HIGH GROWTH,35,30,85.37,50.0,75.61,85.37,50.0,75.61,33.33333333333333,82.45,63.29,66.75,0,HOLD,BEAR MARKET,-31.31,MODERATE VOLATILITY,RISK ON,51.44,Metals,0,52.08,56.1,0,59.12,0,188,B,55.78,70.36,24.783374427615357,0.15
DIFFNKG,11343928320.0,SMALL CAP,305.54998779296875,24.15415,2.9704268,0.131185,5.714,0.11670999,0.12887,0.273,0.677,Misc,Industrials,Specialty Industrial Machinery,2026-05-16,Specialty Industrial Machinery,0,1,0,80.07,85.89,50.04,61.2,82.97999999999999,74.21,HIGH GROWTH,33,40,91.41,57.01,83.21,80.65,61.29,64.52,33.33333333333333,82.98,65.46,66.72,0,HOLD,BEAR MARKET,-31.31,MODERATE VOLATILITY,RISK ON,57.11,Metals,0,51.72,54.24,0,61.0,0,189,B,55.4,70.54,25.014184397163124,0.15
AVL,71297114112.0,SMALL CAP,552.0999755859375,61.00552,10.362042,0.18383,83.205,0.07834,0.0436,0.305,0.369,Misc,Consumer Cyclical,Specialty Retail,2026-05-16,Specialty Retail,0,1,0,83.42,78.7,93.74,36.86,81.06,79.18,HIGH GROWTH,28,40,94.7,44.82,83.21,100.0,100.0,100.0,33.33333333333333,83.42,64.3,66.61,0,HOLD,BEAR MARKET,-31.31,MODERATE VOLATILITY,RISK ON,56.93,Metals,0,51.34,56.9,0,60.56,0,190,B,58.7,72.25,24.20435510887772,0.15
ANURAS,156655271936.0,MID CAP,1376.0,89.29267,4.8613663,0.131185,37.505,0.1815,0.077199996,0.313,0.677,Chemicals,Basic Materials,Specialty Chemicals,2026-05-16,Specialty Chemicals,0,1,0,83.86,85.89,50.04,76.1,84.875,77.03,HIGH GROWTH,27,40,96.1,32.47,86.36,96.3,35.19,85.19,33.33333333333333,81.57,61.91,66.61,0,HOLD,BEAR MARKET,-31.31,MODERATE VOLATILITY,RISK ON,55.87,Metals,0,49.95,58.18,0,59.42,0,191,B,60.09,70.59,23.110165329841216,0.14
JKTYRE,108987842560.0,MID CAP,378.04998779296875,15.336714,1.9768559,0.131185,89.667,0.10689,0.04303,0.15,2.878,Automobiles,Consumer Cyclical,Auto Parts,2026-05-16,Auto Components,0,1,0,65.08,95.33,50.04,57.23,80.205,71.87,HIGH GROWTH,35,30,75.56,63.33,54.44,76.32,69.74,63.16,33.33333333333333,79.54,62.65,66.57,0,HOLD,BEAR MARKET,-31.31,MODERATE VOLATILITY,RISK ON,50.55,Metals,0,49.92,56.32,0,58.26,0,192,B,56.0,67.19,23.575438596491228,0.14
HDFCBANK,11815990853632.0,MEGA CAP,767.5,17.124052,2.0159807,0.13818,27.014499999999998,0.40539002,0.26834,-0.018,0.075,Financials,Financial Services,Banks - Regional,2026-05-16,Private Sector Banks,0,0,0,19.97,30.03,88.89,93.39,25.0,44.62,SLOW GROWTH,60,50,32.05,75.64,60.9,28.0,76.0,46.0,0.0,83.07,49.38,66.44,0,HOLD,BEAR MARKET,-31.31,MODERATE VOLATILITY,RISK ON,58.11,Metals,0,52.06,45.72,0,57.22,0,193,B,44.41,59.41,26.16604272186743,0.15
FSL,164029071360.0,MID CAP,237.60000610351562,24.879581,3.75771,0.159,66.635,0.12167,0.07057,0.195,0.279,Technology,Technology,Information Technology Services,2026-05-16,IT Services,0,1,0,72.31,75.22,91.36,62.96,73.765,76.2,HIGH GROWTH,28,40,86.27,33.33,74.51,87.1,33.87,74.19,33.33333333333333,81.75,60.64,66.13,0,HOLD,BEAR MARKET,-31.31,MODERATE VOLATILITY,RISK ON,55.6,Metals,0,49.93,58.18,0,58.88,0,194,B,59.94,70.17,23.029209058089926,0.13
HECPROJECT,1321605248.0,MICRO CAP,121.94000244140625,10.566725,2.329856,0.131185,73.815,0.084759995,0.07056,1.082,0.908,Industrials,Industrials,Engineering & Construction,2026-05-16,Engineering & EPC,0,1,0,95.77,88.45,50.04,39.07,92.11,78.39,HIGH GROWTH,35,20,90.24,50.0,46.34,90.24,50.0,46.34,33.33333333333333,79.85,62.98,66.08,0,HOLD,BEAR MARKET,-31.31,MODERATE VOLATILITY,RISK ON,45.71,Metals,0,50.73,58.21,0,57.14,0,195,B,56.69,68.54,23.76148379268504,0.13
CIGNITITEC,34711924736.0,SMALL CAP,1260.300048828125,11.531985,3.0759804,0.131185,1.799,0.17087,0.13656999,0.122,0.26,Technology,Technology,Information Technology Services,2026-05-16,IT Services,0,1,0,59.7,74.16,50.04,73.81,66.93,64.24,MODERATE GROWTH,47,30,68.63,79.41,59.8,70.97,80.65,67.74,33.33333333333333,80.95,64.59,65.97,0,HOLD,BEAR MARKET,-31.31,MODERATE VOLATILITY,RISK ON,51.39,Metals,0,52.24,50.24,0,59.23,0,196,B,48.38,65.24,26.423653300931548,0.16
DIACABS,103523467264.0,MID CAP,196.4499969482422,99.21717,-14.383512,0.131185,27.014499999999998,0.12921,0.06797,0.542,6.833,Misc,Industrials,Specialty Industrial Machinery,2026-05-16,Specialty Industrial Machinery,0,1,0,91.01,97.8,50.04,64.81,94.405,82.57,HIGH GROWTH,20,40,96.59,21.15,83.21,96.77,20.97,64.52,33.33333333333333,81.39,60.22,65.95,0,HOLD,BEAR MARKET,-31.31,MODERATE VOLATILITY,RISK ON,55.4,Metals,0,48.92,61.92,0,58.47,0,197,B,64.72,72.17,21.962872793670115,0.13
EXCELINDUS,12402244608.0,SMALL CAP,986.5999755859375,16.366955,0.68628985,0.131185,0.621,0.02807,0.07143,0.189,0.361,Chemicals,Basic Materials,Specialty Chemicals,2026-05-16,Specialty Chemicals,0,1,0,71.56,78.4,50.04,17.11,74.98,64.21,MODERATE GROWTH,45,25,85.71,87.66,67.53,85.19,86.11,68.52,33.33333333333333,77.87,67.15,65.92,0,HOLD,BEAR MARKET,-31.31,MODERATE VOLATILITY,RISK ON,48.76,Metals,0,50.94,51.25,0,58.94,0,198,B,49.07,63.99,25.560215698022766,0.15
AFSL,10232725504.0,SMALL CAP,201.4600067138672,7.33649,0.7873222,0.131185,57.54,0.01764,0.00792,4.073,0.277,Misc,Financial Services,Capital Markets,2026-05-16,Capital Markets,0,1,0,98.77,74.91,50.04,14.64,86.84,72.26,HIGH GROWTH,35,30,89.39,65.91,70.14,75.76,30.3,60.61,33.33333333333333,79.98,65.29,65.81,0,HOLD,BEAR MARKET,-31.31,MODERATE VOLATILITY,RISK ON,51.32,Metals,0,50.32,55.4,0,58.96,0,199,B,55.1,67.72,24.14260249554367,0.14
ASIANENE,15228537856.0,SMALL CAP,313.45001220703125,33.239662,3.0955274,0.131185,23.826,0.10065,0.06243,1.568,1.13,Misc,Energy,Oil & Gas Equipment & Services,2026-05-16,Oil & Gas Equipment & Services,0,1,0,97.62,90.34,50.04,44.22,93.98,80.22,HIGH GROWTH,28,30,95.33,44.82,70.14,83.33,50.0,58.33,33.33333333333333,80.69,63.3,65.74,0,HOLD,BEAR MARKET,-31.31,MODERATE VOLATILITY,RISK ON,51.0,Metals,0,50.11,59.24,0,58.32,0,200,B,59.84,70.48,23.1689677843524,0.13
IRFC,1291952586752.0,LARGE CAP,98.86000061035156,18.688091,2.2799816,0.12895,674.7245700000041,0.8678988605550011,0.9162966367000018,0.106,0.104,Financials,Financial Services,Credit Services,2026-05-16,NBFC – Lending,0,1,0,42.46,32.14,11.82,99.51,37.3,38.42,WEAK GROWTH,60,60,21.79,75.64,78.85,14.81,77.78,85.19,33.33333333333333,83.16,57.88,65.63,0,HOLD,BEAR MARKET,-31.31,MODERATE VOLATILITY,RISK ON,65.26,Metals,0,52.24,40.74,0,60.92,0,201,B,40.72,59.26,28.408437200383506,0.17
ERIS,189961863168.0,MID CAP,1370.9000244140625,43.479225,6.0434403,0.131185,68.185,0.26379,0.14062001,0.109,0.191,Misc,Healthcare,Drug Manufacturers - Specialty & Generic,2026-05-16,Drug Manufacturers - Specialty & Generic,0,1,0,50.13,69.71,50.04,84.13,59.92,60.36,MODERATE GROWTH,40,40,75.69,78.54,83.21,69.57,65.22,67.39,33.33333333333333,78.75,64.63,65.61,0,HOLD,BEAR MARKET,-31.31,MODERATE VOLATILITY,RISK ON,55.84,Metals,0,49.59,51.38,0,59.72,0,202,B,51.63,64.12,24.3663309899297,0.14
BLUECOAST,557035584.0,MICRO CAP,32.400001525878906,26.77686,-2.0550554,0.131185,27.014499999999998,0.8678988605550011,-1.0180927,5.164077100000131,0.134,Misc,Consumer Cyclical,Lodging,2026-05-16,Lodging,0,1,0,99.51,50.09,50.04,99.51,74.80000000000001,72.32,HIGH GROWTH,38,20,89.52,75.13,53.03,93.75,34.38,50.0,33.33333333333333,76.98,65.49,65.6,0,HOLD,BEAR MARKET,-31.31,MODERATE VOLATILITY,RISK ON,45.62,Metals,0,50.06,55.98,0,57.47,0,203,B,54.09,65.77,23.877291704483568,0.14
FISCHER,22822952960.0,SMALL CAP,34.869998931884766,59.101696,6.2614474,0.131185,10.264,0.2057,0.15172,5.164077100000131,0.134,Healthcare,Healthcare,Medical Devices,2026-05-16,Medical Devices,0,1,0,99.51,50.09,50.04,79.28,74.80000000000001,70.3,HIGH GROWTH,32,40,100.0,57.14,78.57,100.0,100.0,100.0,33.33333333333333,80.42,65.74,65.26,0,HOLD,BEAR MARKET,-31.31,MODERATE VOLATILITY,RISK ON,56.54,Metals,0,49.98,54.59,0,60.14,0,204,B,55.89,68.23,23.986640885920195,0.14
ADVENTHTL,8110313472.0,MICRO CAP,150.35000610351562,13.153981,0.00034509884,0.131185,80.095,0.36335,0.22017,0.04,1.78,Misc,Consumer Cyclical,Lodging,2026-05-16,Lodging,0,0,0,28.53,92.77,50.04,91.27,60.65,61.59,MODERATE GROWTH,60,20,77.46,94.57,53.03,75.0,81.25,50.0,0.0,82.01,58.61,65.26,0,HOLD,BEAR MARKET,-31.31,MODERATE VOLATILITY,RISK ON,45.16,Metals,0,54.42,48.49,0,56.4,0,205,B,43.67,62.93,28.175509290351464,0.16
INDIANB,1105318641664.0,LARGE CAP,820.5999755859375,9.4408655,1.3807353,0.15442,27.014499999999998,0.47081003,0.34144002,0.018,0.064,Financials,Financial Services,Banks - Regional,2026-05-16,Private Sector Banks,0,0,0,24.87,28.97,90.56,94.97,26.92,46.45,SLOW GROWTH,60,60,35.9,75.64,78.85,32.0,76.0,76.0,0.0,85.98,51.12,65.23,0,HOLD,BEAR MARKET,-31.31,MODERATE VOLATILITY,RISK ON,64.28,Metals,0,54.37,43.11,0,59.29,0,206,B,43.02,62.22,28.268968650613356,0.17
AXISBANK,3870515265536.0,MEGA CAP,1244.800048828125,14.727877,1.7985374,0.13152,27.014499999999998,0.39193,0.35406,-0.112,0.064,Financials,Financial Services,Banks - Regional,2026-05-16,Private Sector Banks,0,0,0,14.15,28.97,87.92,92.42,21.56,41.92,SLOW GROWTH,60,50,28.21,75.64,60.9,20.0,76.0,46.0,0.0,81.66,48.24,65.1,0,HOLD,BEAR MARKET,-31.31,MODERATE VOLATILITY,RISK ON,57.48,Metals,0,51.0,46.12,0,56.16,0,207,B,44.8,57.75,25.21834061135371,0.14
DHANBANK,12314604544.0,SMALL CAP,31.200000762939453,12.000001,0.8369099,0.07162,27.014499999999998,0.35627,0.13948,0.337,0.298,Financials,Financial Services,Banks - Regional,2026-05-16,Private Sector Banks,0,1,0,85.1,76.19,5.64,90.74,80.645,66.65,MODERATE GROWTH,45,40,69.23,36.54,44.23,72.0,30.0,26.0,33.33333333333333,84.44,59.64,65.05,0,HOLD,BEAR MARKET,-31.31,MODERATE VOLATILITY,RISK ON,56.02,Metals,0,53.29,50.88,0,59.09,0,208,B,50.42,67.61,26.29716063788409,0.15
BALRAMCHIN,108972449792.0,MID CAP,539.5999755859375,24.449478,2.7792082,0.131185,19.761,0.10824,0.0726,0.22,0.603,Misc,Consumer Defensive,Confectioners,2026-05-16,Confectioners,0,1,0,75.4,84.26,50.04,57.67,79.83000000000001,71.66,HIGH GROWTH,28,40,88.45,44.82,83.21,88.89,61.11,100.0,33.33333333333333,79.28,61.7,65.03,0,HOLD,BEAR MARKET,-31.31,MODERATE VOLATILITY,RISK ON,55.24,Metals,0,48.45,57.8,0,58.43,0,209,B,59.58,67.79,22.380323539121825,0.13
ARMANFIN,18791981056.0,SMALL CAP,1787.199951171875,66.66169,2.1500409,0.131185,137.292,0.3432,0.107489996,1.611,0.134,Financials,Financial Services,Credit Services,2026-05-16,NBFC – Lending,0,1,0,97.8,50.09,50.04,89.95,73.945,70.76,HIGH GROWTH,40,40,76.92,28.85,44.23,66.67,25.93,53.7,33.33333333333333,84.13,59.52,64.99,0,HOLD,BEAR MARKET,-31.31,MODERATE VOLATILITY,RISK ON,55.91,Metals,0,52.72,53.17,0,58.9,0,210,C,53.36,68.91,25.353200883002206,0.15
EUROTEXIND,192569008.0,MICRO CAP,16.3799991607666,7.990244,-0.52207166,0.131185,27.014499999999998,-2.9287684859999996,0.9162966367000018,4.563,0.134,Misc,Real Estate,Real Estate - Development,2026-05-16,Real Estate - Development,0,1,0,98.94,50.09,50.04,0.57,74.515,62.23,MODERATE GROWTH,40,40,78.28,78.54,83.21,66.67,47.92,75.0,33.33333333333333,80.25,65.62,64.76,0,HOLD,BEAR MARKET,-31.31,MODERATE VOLATILITY,RISK ON,56.47,Metals,0,50.34,51.03,0,60.02,0,211,C,51.29,65.32,24.983744501816787,0.15
CCL,148689321984.0,MID CAP,1116.300048828125,38.30817,6.340884,0.18002,56.487,0.12503,0.08691,0.464,0.124,Misc,Consumer Defensive,Packaged Foods,2026-05-16,Packaged Foods,0,1,0,89.37,33.07,93.47,63.76,61.22,67.92,MODERATE GROWTH,28,50,84.34,44.82,91.16,84.62,51.92,96.15,33.33333333333333,80.78,61.69,64.66,0,HOLD,BEAR MARKET,-31.31,MODERATE VOLATILITY,RISK ON,60.62,Metals,0,48.64,55.81,0,59.7,0,212,C,58.79,67.98,22.73958855995986,0.13
BANARISUG,45196840960.0,SMALL CAP,3604.300048828125,31.950182,2.481386,0.131185,1.035,0.11302,0.06649,0.528,0.679,Misc,Consumer Defensive,Confectioners,2026-05-16,Confectioners,0,1,0,90.92,86.07,50.04,59.61,88.495,77.92,HIGH GROWTH,28,30,93.69,44.82,70.14,100.0,61.11,88.89,33.33333333333333,79.37,62.52,64.63,0,HOLD,BEAR MARKET,-31.31,MODERATE VOLATILITY,RISK ON,50.47,Metals,0,49.22,59.52,0,57.48,0,213,C,60.1,69.05,22.602291325695578,0.13
EVEREADY,23256291328.0,SMALL CAP,319.95001220703125,57.75271,3.7338514,0.31646,32.396,0.0584,0.117860004,0.094,12.653,Misc,Industrials,Electrical Equipment & Parts,2026-05-16,Electrical Equipment & Parts,0,0,0,39.15,98.85,98.15,28.84,69.0,70.81,HIGH GROWTH,40,40,87.12,78.54,83.21,80.0,78.0,74.0,0.0,84.22,58.54,64.63,0,HOLD,BEAR MARKET,-31.31,MODERATE VOLATILITY,RISK ON,55.69,Metals,0,52.64,53.51,0,58.47,0,214,C,53.7,68.81,25.159049360146252,0.15
AFFLE,207740256256.0,MID CAP,1477.0999755859375,45.65997,6.3620114,0.131185,1.18,0.18098,0.16945,0.192,0.189,Misc,Communication Services,Advertising Agencies,2026-05-16,Advertising Agencies,0,1,0,72.0,69.49,50.04,75.93,70.745,67.12,MODERATE GROWTH,32,40,82.95,55.18,83.21,50.0,50.0,75.0,33.33333333333333,78.31,62.04,64.62,0,HOLD,BEAR MARKET,-31.31,MODERATE VOLATILITY,RISK ON,55.09,Metals,0,48.5,55.89,0,58.37,0,215,C,57.15,65.93,22.675838349097166,0.13
AARTISURF,3338170880.0,MICRO CAP,394.3500061035156,18.654211,1.4088407,0.131185,49.926,0.03958,0.02221,0.276,3.547,Chemicals,Basic Materials,Specialty Chemicals,2026-05-16,Specialty Chemicals,0,1,0,80.6,95.86,50.04,20.81,88.22999999999999,73.85,HIGH GROWTH,35,20,90.91,64.29,56.49,90.74,64.81,57.41,33.33333333333333,76.19,63.76,64.57,0,HOLD,BEAR MARKET,-31.31,MODERATE VOLATILITY,RISK ON,44.99,Metals,0,49.22,57.93,0,56.4,0,216,C,56.42,65.74,22.89794496691048,0.13
INDRAMEDCO,33712746496.0,SMALL CAP,367.75,18.452082,5.116237,0.131185,4.76,0.13643,0.12603,0.144,0.249,Misc,Healthcare,Medical Care Facilities,2026-05-16,Medical Care Facilities,0,1,0,63.98,73.63,50.04,66.49,68.80499999999999,64.82,MODERATE GROWTH,40,30,80.56,78.54,70.14,80.0,80.0,40.0,33.33333333333333,77.6,64.9,64.32,0,HOLD,BEAR MARKET,-31.31,MODERATE VOLATILITY,RISK ON,50.62,Metals,0,49.68,53.28,0,58.11,0,217,C,52.33,64.21,24.080255015938494,0.14
HINDCOMPOS,6207410688.0,MICRO CAP,420.29998779296875,19.957264,0.5421169,0.0279,0.147,0.12944001,0.082959995,0.176,0.928,Automobiles,Consumer Cyclical,Auto Parts,2026-05-16,Auto Components,0,1,0,68.83,88.89,3.35,64.99,78.86,62.37,MODERATE GROWTH,50,20,51.11,90.0,27.78,52.63,96.05,32.89,33.33333333333333,77.69,62.24,64.29,0,HOLD,BEAR MARKET,-31.31,MODERATE VOLATILITY,RISK ON,44.98,Metals,0,51.05,51.72,0,56.3,0,218,C,48.24,62.07,25.211210398050365,0.14
IRISDOREME,6079564800.0,MICRO CAP,35.619998931884766,46.86842,5.0389023,0.14455,24.205,0.1608,0.0847,0.51,0.236,Misc,Consumer Cyclical,Apparel Manufacturing,2026-05-16,Apparel Manufacturing,0,1,0,90.48,72.88,89.77,71.78,81.68,82.31,HIGH GROWTH,27,20,96.46,36.36,53.03,100.0,58.33,70.83,33.33333333333333,77.51,60.93,64.26,0,HOLD,BEAR MARKET,-31.31,MODERATE VOLATILITY,RISK ON,44.61,Metals,0,48.7,62.52,0,55.4,0,219,C,62.02,68.73,21.812123135512536,0.12
HAPPYFORGE,130826354688.0,MID CAP,1386.5999755859375,45.868343,6.6713815,0.131185,9.832,0.25037,0.19382,0.104,0.222,Misc,Industrials,Metal Fabrication,2026-05-16,Metal Fabrication,0,1,0,41.84,72.0,50.04,83.16,56.92,58.17,MODERATE GROWTH,40,40,71.84,78.54,83.21,45.45,81.82,72.73,33.33333333333333,77.07,63.38,64.25,0,HOLD,BEAR MARKET,-31.31,MODERATE VOLATILITY,RISK ON,55.11,Metals,0,48.7,51.82,0,58.64,0,220,C,52.05,62.55,23.58152686145146,0.14
HIKAL,24840169472.0,SMALL CAP,201.4600067138672,26.7615915,1.9678441,0.131185,27.014499999999998,0.13161,0.0615,0.373,0.683,Misc,Healthcare,Drug Manufacturers - Specialty & Generic,2026-05-16,Drug Manufacturers - Specialty & Generic,0,1,0,86.55,86.33,50.04,65.26,86.44,77.04,HIGH GROWTH,28,30,93.31,44.82,70.14,93.48,30.43,50.0,33.33333333333333,78.66,62.18,64.14,0,HOLD,BEAR MARKET,-31.31,MODERATE VOLATILITY,RISK ON,50.21,Metals,0,48.88,59.64,0,57.12,0,221,C,60.22,68.44,22.358706305129044,0.13
DCBBANK,59088011264.0,SMALL CAP,183.5500030517578,8.043384,0.90393335,0.11968,27.014499999999998,0.34235,0.24443,0.124,0.134,Financials,Financial Services,Banks - Regional,2026-05-16,Private Sector Banks,0,1,0,60.41,50.09,10.85,89.86,55.25,49.83,SLOW GROWTH,60,40,46.15,75.64,44.23,36.0,76.0,26.0,33.33333333333333,82.54,61.28,64.11,0,HOLD,BEAR MARKET,-31.31,MODERATE VOLATILITY,RISK ON,55.96,Metals,0,53.57,43.55,0,59.26,0,222,C,41.16,61.28,29.07020872865275,0.17
63MOONS,74389864448.0,SMALL CAP,645.9500122070312,26.7615915,0.8524444,0.131185,0.148,-2.67391,-0.34127998,1.281,0.134,Technology,Technology,Software - Application,2026-05-16,SaaS,0,1,0,97.09,50.09,50.04,1.15,73.59,61.64,MODERATE GROWTH,43,40,62.75,71.57,74.51,66.67,66.67,70.0,33.33333333333333,81.04,62.56,64.06,0,HOLD,BEAR MARKET,-31.31,MODERATE VOLATILITY,RISK ON,55.9,Metals,0,51.03,50.75,0,59.04,0,223,C,50.59,64.98,25.190928474510564,0.15
EMAMILTD,186843824128.0,MID CAP,428.04998779296875,23.53216,6.372542,0.131185,2.457,0.29422,0.20806,0.098,0.146,Consumer,Consumer Defensive,Household & Personal Products,2026-05-16,FMCG – Personal Care,0,0,0,40.52,66.84,50.04,86.33,53.68000000000001,56.22,MODERATE GROWTH,53,40,58.82,88.24,47.06,41.67,91.67,41.67,0.0,82.63,55.11,63.9,0,HOLD,BEAR MARKET,-31.31,MODERATE VOLATILITY,RISK ON,54.44,Metals,0,52.39,48.86,0,57.04,0,224,C,47.32,62.76,25.97682119205298,0.15
IL&FSTRANS,776345664.0,MICRO CAP,2.359999895095825,26.7615915,-0.0052245096,0.131185,385.701,0.34368,0.0,0.76,0.134,Misc,Industrials,Infrastructure Operations,2026-05-16,Infrastructure Operations,0,1,0,94.09,50.09,50.04,90.04,72.09,69.48,MODERATE GROWTH,38,20,85.67,75.13,53.03,100.0,75.0,68.75,33.33333333333333,74.69,64.0,63.87,0,HOLD,BEAR MARKET,-31.31,MODERATE VOLATILITY,RISK ON,44.67,Metals,0,48.92,56.5,0,56.11,0,225,C,54.6,63.72,22.920863309352516,0.13
CPPLUS,290289811456.0,MID CAP,2464.300048828125,113.61457,17.418749,0.131185,8.041,0.11205,0.067210004,0.373,1.235,Misc,Industrials,Building Products & Equipment,2026-05-16,Building Products & Equipment,0,1,0,86.55,90.74,50.04,59.26,88.645,77.99,HIGH GROWTH,20,40,93.94,21.15,83.21,100.0,41.18,97.06,33.33333333333333,78.84,58.8,63.83,0,HOLD,BEAR MARKET,-31.31,MODERATE VOLATILITY,RISK ON,54.41,Metals,0,47.18,62.42,0,56.89,0,226,C,65.21,69.39,20.960579972813775,0.12
HUDCO,413452402688.0,MID CAP,206.52999877929688,10.244544,2.2897403,0.131185,674.7245700000041,0.66308,0.61524,0.161,-0.03,Financials,Financial Services,Credit Services,2026-05-16,NBFC – Lending,0,0,0,66.53,23.63,50.04,97.53,45.08,51.32,SLOW GROWTH,60,50,48.72,75.64,60.9,40.74,77.78,72.22,0.0,85.54,52.87,63.8,0,HOLD,BEAR MARKET,-31.31,MODERATE VOLATILITY,RISK ON,59.6,Metals,0,54.75,44.5,0,58.21,0,227,C,43.23,62.84,28.415102871354286,0.16
APOLLO,105244164096.0,MID CAP,294.54998779296875,116.42292,9.127955,0.131185,33.483,0.17558001,0.115550004,0.7,0.133,Misc,Industrials,Aerospace & Defense,2026-05-16,Aerospace & Defense,0,1,0,93.3,33.77,50.04,74.96,63.535,61.98,MODERATE GROWTH,32,50,78.03,55.18,91.16,77.78,33.33,55.56,33.33333333333333,79.45,61.76,63.76,0,HOLD,BEAR MARKET,-31.31,MODERATE VOLATILITY,RISK ON,60.3,Metals,0,48.17,53.98,0,59.28,0,228,C,56.44,65.42,22.778551532033426,0.13
GIPCL,22746896384.0,SMALL CAP,146.5500030517578,15.475184,0.6442325,0.131185,79.265,0.12100001,0.30135,0.149,0.134,Misc,Utilities,Utilities - Regulated Electric,2026-05-16,Utilities - Regulated Electric,0,1,0,64.77,50.09,50.04,62.35,57.43,56.44,MODERATE GROWTH,45,40,69.7,83.78,83.21,80.0,100.0,100.0,33.33333333333333,79.1,64.66,63.68,0,HOLD,BEAR MARKET,-31.31,MODERATE VOLATILITY,RISK ON,55.94,Metals,0,50.22,49.12,0,59.3,0,229,C,48.72,62.74,25.237329042638777,0.15
ASIANTILES,17966401536.0,SMALL CAP,60.599998474121094,14.602409,0.9746996,0.131185,20.089,0.06561,0.045560002,0.178,14.648529300000277,Misc,Industrials,Building Products & Equipment,2026-05-16,Building Products & Equipment,0,1,0,69.27,99.51,50.04,31.31,84.39,72.21,HIGH GROWTH,35,20,89.02,65.91,53.03,94.12,91.18,64.71,33.33333333333333,74.78,63.15,63.65,0,HOLD,BEAR MARKET,-31.31,MODERATE VOLATILITY,RISK ON,44.48,Metals,0,48.59,58.15,0,55.72,0,230,C,56.63,64.57,22.40846781190352,0.12
GUJGASLTD,254635507712.0,MID CAP,369.8999938964844,21.926495,2.9164104,0.131185,118.64,0.10338,0.07541,0.211,0.326,Misc,Utilities,Utilities - Regulated Gas,2026-05-16,Utilities - Regulated Gas,0,1,0,74.74,77.6,50.04,55.82,76.16999999999999,68.91,MODERATE GROWTH,28,40,85.23,44.82,83.21,100.0,40.0,80.0,33.33333333333333,77.43,60.48,63.53,0,HOLD,BEAR MARKET,-31.31,MODERATE VOLATILITY,RISK ON,54.48,Metals,0,47.37,58.23,0,57.27,0,231,C,60.0,65.97,21.62950819672131,0.12
CARTRADE,87459086336.0,SMALL CAP,1824.800048828125,40.97912,3.5165346,0.09849,5.363,0.29896998,0.28617,0.198,0.573,Misc,Consumer Cyclical,Auto & Truck Dealerships,2026-05-16,Auto & Truck Dealerships,0,1,0,72.97,83.86,7.94,86.86,78.41499999999999,65.16,MODERATE GROWTH,35,40,81.06,65.91,83.21,100.0,100.0,100.0,33.33333333333333,79.01,63.65,63.49,0,HOLD,BEAR MARKET,-31.31,MODERATE VOLATILITY,RISK ON,55.67,Metals,0,49.17,53.97,0,58.71,0,232,C,54.86,65.59,23.48370927318296,0.14
CRAMC,47949918208.0,SMALL CAP,240.4499969482422,23.527397,6.4418902,0.30286,2.358,0.56520003,0.44826,0.029,-0.01,Financials,Financial Services,Asset Management,2026-05-16,Asset Management Companies,0,0,0,26.94,24.47,97.88,96.38,25.705,47.21,SLOW GROWTH,68,50,38.46,98.08,60.9,50.0,89.29,46.43,0.0,86.77,55.19,63.41,0,HOLD,BEAR MARKET,-31.31,MODERATE VOLATILITY,RISK ON,60.49,Metals,0,56.74,40.08,0,59.29,0,233,C,37.79,62.11,32.02371745295179,0.19
CRAFTSMAN,201877880832.0,MID CAP,8462.5,52.630764,6.66251,0.131185,109.273,0.09592,0.04404,0.305,7.284,Automobiles,Consumer Cyclical,Auto Parts,2026-05-16,Auto Components,0,1,0,83.42,97.88,50.04,42.86,90.65,77.75,HIGH GROWTH,20,40,88.89,20.0,77.78,92.11,19.74,88.16,33.33333333333333,78.57,57.76,63.3,0,HOLD,BEAR MARKET,-31.31,MODERATE VOLATILITY,RISK ON,54.08,Metals,0,46.99,62.78,0,56.35,0,234,C,65.56,69.05,20.748197115384613,0.12
GLAXO,413147430912.0,MID CAP,2438.800048828125,40.653442,24.192526,0.131185,2.091,0.33710998,0.26863,0.097,0.286,Misc,Healthcare,Drug Manufacturers - General,2026-05-16,Drug Manufacturers - General,0,0,0,40.17,75.49,50.04,89.68,57.83,59.46,MODERATE GROWTH,45,40,74.12,83.78,83.21,100.0,100.0,100.0,0.0,80.86,56.03,63.27,0,HOLD,BEAR MARKET,-31.31,MODERATE VOLATILITY,RISK ON,54.22,Metals,0,50.41,52.14,0,56.63,0,235,C,51.65,63.32,24.05318138651472,0.14
JAINREC,195370352640.0,MID CAP,566.1500244140625,56.501995,13.437211,0.131185,94.847,0.07029,0.03806,0.558,1.232,Misc,Basic Materials,Other Industrial Metals & Mining,2026-05-16,Other Industrial Metals & Mining,0,1,0,91.18,90.65,50.04,32.89,90.915,76.94,HIGH GROWTH,20,40,93.18,21.15,83.21,88.89,33.33,88.89,33.33333333333333,78.04,58.37,63.25,0,HOLD,BEAR MARKET,-31.31,MODERATE VOLATILITY,RISK ON,54.1,Metals,0,46.77,62.57,0,56.45,0,236,C,65.35,68.67,20.69932177844763,0.12
JNKINDIA,18461995008.0,SMALL CAP,329.95001220703125,40.139904,3.378489,0.131185,4.714,0.11675999,0.06815,1.167,5.373,Misc,Industrials,Specialty Industrial Machinery,2026-05-16,Specialty Industrial Machinery,0,1,0,96.38,97.44,50.04,61.29,96.91,83.97,HIGH GROWTH,20,30,97.6,21.15,70.14,100.0,20.97,43.55,33.33333333333333,78.48,59.2,63.09,0,HOLD,BEAR MARKET,-31.31,MODERATE VOLATILITY,RISK ON,49.42,Metals,0,47.81,64.28,0,55.64,0,237,C,65.87,70.33,21.034843726633767,0.12
INSPIRISYS,4304769536.0,MICRO CAP,108.66000366210938,11.510594,6.3477044,0.131185,128.048,0.057010002,0.09788,0.633,0.414,Technology,Technology,Information Technology Services,2026-05-16,IT Services,0,1,0,92.59,80.51,50.04,28.48,86.55000000000001,73.44,HIGH GROWTH,35,20,82.35,50.98,40.2,80.65,50.0,50.0,33.33333333333333,75.84,60.34,63.03,0,HOLD,BEAR MARKET,-31.31,MODERATE VOLATILITY,RISK ON,44.04,Metals,0,48.74,59.13,0,54.75,0,238,C,57.58,64.96,22.178217821782177,0.12
IITL,3684044288.0,MICRO CAP,163.38999938964844,66.149796,0.81889075,0.131185,0.692,0.69211,0.27151,0.109,0.134,Financials,Financial Services,Credit Services,2026-05-16,NBFC – Lending,0,1,0,50.13,50.09,50.04,97.71,50.11,54.86,SLOW GROWTH,55,35,53.85,53.85,35.9,48.15,51.85,40.74,33.33333333333333,81.31,58.68,63.02,0,HOLD,BEAR MARKET,-31.31,MODERATE VOLATILITY,RISK ON,52.5,Metals,0,52.32,47.71,0,57.16,0,239,C,45.35,61.69,26.61920172599784,0.15
ASPINWALL,1829479424.0,MICRO CAP,234.0,19.419086,0.9804291,0.131185,43.708,0.07646,0.025020001,0.266,0.581,Misc,Consumer Defensive,Farm Products,2026-05-16,Farm Products,0,1,0,79.5,84.13,50.04,35.89,81.815,70.87,HIGH GROWTH,35,20,87.37,65.91,53.03,90.0,70.0,85.0,33.33333333333333,73.81,62.52,62.88,0,HOLD,BEAR MARKET,-31.31,MODERATE VOLATILITY,RISK ON,44.08,Metals,0,48.06,58.37,0,55.13,0,240,C,56.84,63.65,22.008990318118947,0.12
AMRUTANJAN,16033764352.0,SMALL CAP,554.7999877929688,28.162436,4.688266,0.16623,0.48,0.10905,0.11525,0.105,0.067,Misc,Healthcare,Drug Manufacturers - Specialty & Generic,2026-05-16,Drug Manufacturers - Specialty & Generic,1,0,0,42.2,29.5,92.15,57.85,35.85,49.31,SLOW GROWTH,51,50,43.37,88.95,91.16,56.52,84.78,84.78,33.33333333333333,81.48,62.44,62.86,0,HOLD,BEAR MARKET,-31.31,MODERATE VOLATILITY,RISK ON,60.98,Metals,0,51.4,45.2,0,59.99,0,241,C,45.19,61.77,26.746048928339473,0.16
JGCHEM,15386407936.0,SMALL CAP,392.6499938964844,24.327757,3.1220431,0.13518,1.192,0.08757,0.06663,0.3,0.176,Misc,Basic Materials,Other Industrial Metals & Mining,2026-05-16,Other Industrial Metals & Mining,0,1,0,82.63,68.52,88.54,40.08,75.57499999999999,74.62,HIGH GROWTH,28,30,91.67,44.82,70.14,77.78,50.0,77.78,33.33333333333333,76.81,61.2,62.81,0,HOLD,BEAR MARKET,-31.31,MODERATE VOLATILITY,RISK ON,49.5,Metals,0,47.94,59.98,0,56.11,0,242,C,60.55,66.77,21.696181965881397,0.12
HEADSUP,164515424.0,MICRO CAP,7.449999809265137,3.9210527,0.8734904,0.131185,27.014499999999998,0.1718,0.26614,0.109,0.134,Misc,Consumer Cyclical,Apparel Retail,2026-05-16,Apparel Retail,0,1,0,50.13,50.09,50.04,74.07,50.11,52.49,SLOW GROWTH,52,30,63.38,89.46,70.14,100.0,100.0,100.0,33.33333333333333,75.93,63.3,62.6,0,HOLD,BEAR MARKET,-31.31,MODERATE VOLATILITY,RISK ON,49.81,Metals,0,50.0,48.44,0,57.06,0,243,C,45.92,59.09,25.18755328218244,0.14
GLENMARK,656370827264.0,LARGE CAP,2325.89990234375,62.106804,6.849625,0.131185,12.776,0.18338,0.06451,0.151,0.158,Misc,Healthcare,Drug Manufacturers - Specialty & Generic,2026-05-16,Drug Manufacturers - Specialty & Generic,0,1,0,65.26,67.55,50.04,76.54,66.405,64.15,MODERATE GROWTH,27,40,79.8,36.36,83.21,71.74,22.83,67.39,33.33333333333333,72.49,56.42,62.57,0,HOLD,BEAR MARKET,-31.31,MODERATE VOLATILITY,RISK ON,52.23,Metals,0,44.89,60.1,0,54.91,0,244,C,61.96,62.14,19.739517153748412,0.11
ABSLAMC,297884876800.0,MID CAP,1030.4000244140625,30.584745,7.3615255,0.25103,1.577,0.51856,0.47345,-0.145,-0.181,Financials,Financial Services,Asset Management,2026-05-16,Asset Management Companies,0,0,0,11.55,17.59,96.47,95.59,14.57,39.05,WEAK GROWTH,68,60,23.08,98.08,78.85,28.57,89.29,64.29,0.0,85.8,52.49,62.46,0,HOLD,BEAR MARKET,-31.31,MODERATE VOLATILITY,RISK ON,64.57,Metals,0,55.12,39.03,0,59.03,0,245,C,37.91,59.56,30.61423798509381,0.18
COASTCORP,4170002432.0,MICRO CAP,62.2599983215332,26.836206,1.530971,0.131185,153.742,0.03936,0.01928,0.649,2.63,Misc,Consumer Defensive,Packaged Foods,2026-05-16,Packaged Foods,0,1,0,92.77,94.8,50.04,20.63,93.785,77.72,HIGH GROWTH,28,20,93.43,44.82,53.03,100.0,51.92,48.08,33.33333333333333,74.16,60.4,62.44,0,HOLD,BEAR MARKET,-31.31,MODERATE VOLATILITY,RISK ON,43.64,Metals,0,47.44,62.26,0,54.23,0,246,C,61.62,65.85,21.031619290961352,0.11
ENERGYDEV,788025024.0,MICRO CAP,16.59000015258789,26.7615915,4.8880377,0.131185,674.7245700000041,0.35791,-0.29964,0.38,0.134,Misc,Utilities,Utilities - Regulated Electric,2026-05-16,Utilities - Regulated Electric,0,1,0,87.04,50.09,50.04,90.83,68.565,67.09,MODERATE GROWTH,38,20,82.83,75.13,53.03,100.0,80.0,70.0,33.33333333333333,72.57,62.72,62.35,0,HOLD,BEAR MARKET,-31.31,MODERATE VOLATILITY,RISK ON,43.82,Metals,0,47.95,56.95,0,54.93,0,247,C,55.04,61.93,22.102069950035688,0.12
GPPL,73051684864.0,SMALL CAP,151.0500030517578,15.059821,3.0488667,0.131185,2.111,0.43796003,0.44205,0.112,0.083,Misc,Industrials,Marine Shipping,2026-05-16,Marine Shipping,0,0,0,57.8,30.6,50.04,94.53,44.2,50.4,SLOW GROWTH,60,40,60.61,94.57,83.21,50.0,75.0,50.0,0.0,82.8,56.4,62.34,0,HOLD,BEAR MARKET,-31.31,MODERATE VOLATILITY,RISK ON,54.8,Metals,0,53.28,45.26,0,57.16,0,248,C,42.82,60.85,27.772706526700137,0.16
BHAGYANGR,10150413312.0,SMALL CAP,317.25,28.000883,4.4907637,0.131185,162.99,0.04631,0.01729,0.464,2.208,Metals,Basic Materials,Copper,2026-05-16,Copper,0,1,0,89.37,94.09,50.04,23.63,91.73,76.58,HIGH GROWTH,28,30,87.5,25.0,43.75,66.67,33.33,66.67,33.33333333333333,78.13,58.13,62.3,0,HOLD,BEAR MARKET,-31.31,MODERATE VOLATILITY,RISK ON,49.06,Metals,0,48.32,61.05,0,55.15,0,249,C,61.59,67.48,21.562549928103532,0.12
AARVI,1854299648.0,MICRO CAP,125.19999694824219,11.679104,1.4017017,0.131185,24.178,0.029260002,0.0257,0.272,0.692,Misc,Industrials,Staffing & Employment Services,2026-05-16,Staffing & Employment Services,0,1,0,79.98,86.6,50.04,17.64,83.28999999999999,70.07,HIGH GROWTH,35,20,86.49,65.91,53.03,100.0,100.0,100.0,33.33333333333333,72.84,62.0,62.27,0,HOLD,BEAR MARKET,-31.31,MODERATE VOLATILITY,RISK ON,43.71,Metals,0,47.72,58.55,0,54.65,0,250,C,57.02,62.95,21.699413995174076,0.12
GAUDIUMIVF,7848609280.0,MICRO CAP,107.83000183105469,32.381382,14.299165,0.131185,27.014499999999998,0.24716,0.22465,0.699,0.073,Misc,Healthcare,Medical Care Facilities,2026-05-16,Medical Care Facilities,0,0,0,93.21,29.89,50.04,83.07,61.55,61.4,MODERATE GROWTH,45,40,77.15,83.78,83.21,70.0,95.0,70.0,0.0,81.92,56.91,62.27,0,HOLD,BEAR MARKET,-31.31,MODERATE VOLATILITY,RISK ON,54.71,Metals,0,51.18,51.83,0,56.82,0,251,C,51.35,64.38,24.595988538681944,0.14
AGI,37492129792.0,SMALL CAP,579.5,10.660412,1.5577328,0.15612,10.126,0.21176,0.13194,0.053,0.194,Misc,Consumer Cyclical,Packaging & Containers,2026-05-16,Packaging & Containers,0,0,0,31.22,69.93,91.01,79.81,50.575,61.59,MODERATE GROWTH,47,30,77.46,86.3,70.14,81.25,93.75,90.62,0.0,79.72,56.45,61.88,0,HOLD,BEAR MARKET,-31.31,MODERATE VOLATILITY,RISK ON,49.04,Metals,0,50.5,53.09,0,55.04,0,252,C,51.15,62.6,24.00767018216683,0.13
ADANIENT,3723484725248.0,MEGA CAP,2716.0,36.902176,4.331794,0.13664,119.56,0.05017,0.09295999,0.203,0.134,Metals,Energy,Thermal Coal,2026-05-16,Coal,0,1,0,73.9,50.09,88.8,25.13,61.995000000000005,63.67,MODERATE GROWTH,20,50,62.5,12.5,75.0,80.0,20.0,80.0,33.33333333333333,72.31,50.17,61.88,0,HOLD,BEAR MARKET,-31.31,MODERATE VOLATILITY,RISK ON,55.62,Metals,0,42.8,63.44,0,53.57,0,253,C,67.34,62.1,18.173836698858647,0.1
INNOVACAP,49116155904.0,SMALL CAP,858.2999877929688,34.847748,4.814391,0.131185,32.951,0.12875,0.08845,0.423,0.235,Misc,Healthcare,Drug Manufacturers - Specialty & Generic,2026-05-16,Drug Manufacturers - Specialty & Generic,0,1,0,88.14,72.66,50.04,64.73,80.4,72.76,HIGH GROWTH,28,30,90.03,44.82,70.14,89.13,30.43,50.0,33.33333333333333,75.4,60.39,61.76,0,HOLD,BEAR MARKET,-31.31,MODERATE VOLATILITY,RISK ON,48.95,Metals,0,47.21,60.26,0,55.3,0,254,C,60.83,65.48,21.180656639171925,0.12
ADROITINFO,557221824.0,MICRO CAP,9.729999542236328,21.152172,0.69694144,0.131185,29.363,0.11027,0.051069997,0.865,0.556,Technology,Technology,Information Technology Services,2026-05-16,IT Services,0,1,0,94.89,83.33,50.04,58.38,89.11,78.22,HIGH GROWTH,28,20,88.24,33.33,40.2,90.32,33.87,50.0,33.33333333333333,74.6,58.08,61.73,0,HOLD,BEAR MARKET,-31.31,MODERATE VOLATILITY,RISK ON,43.17,Metals,0,47.38,63.07,0,53.31,0,255,C,62.41,65.83,20.763286547863117,0.11
AMBICAAGAR,399718112.0,MICRO CAP,23.270000457763672,31.445946,0.3589886,0.131185,74.724,0.05156,0.00465,0.499,1.955,Consumer,Consumer Defensive,Household & Personal Products,2026-05-16,FMCG – Personal Care,0,1,0,89.99,93.65,50.04,25.57,91.82,76.84,HIGH GROWTH,28,20,88.24,44.12,32.35,83.33,41.67,25.0,33.33333333333333,73.63,59.31,61.7,0,HOLD,BEAR MARKET,-31.31,MODERATE VOLATILITY,RISK ON,43.24,Metals,0,47.03,62.64,0,53.55,0,256,C,61.99,65.18,20.6953484680108,0.11
ETERNAL,2217382772736.0,MEGA CAP,241.17999267578125,618.4103,7.129386,0.01194,14.826,0.00104,0.0067299996,1.965,3.75,Misc,Consumer Cyclical,Internet Retail,2026-05-16,Internet Retail,0,1,0,98.32,96.03,2.65,11.99,97.175,69.75,MODERATE GROWTH,10,50,86.11,2.65,91.16,100.0,25.0,100.0,33.33333333333333,70.37,51.46,61.63,0,HOLD,BEAR MARKET,-31.31,MODERATE VOLATILITY,RISK ON,55.46,Metals,0,41.06,67.49,0,53.43,0,257,C,72.7,63.68,17.280868385345997,0.09
DUCON,1072254464.0,MICRO CAP,3.299999952316284,8.461538,0.44271532,0.10106,139.323,0.03376,0.011670001,5.164077100000131,0.75,Misc,Industrials,Specialty Industrial Machinery,2026-05-16,Specialty Industrial Machinery,0,1,0,99.51,87.17,8.47,18.69,93.34,68.9,MODERATE GROWTH,35,20,85.1,65.91,53.03,70.97,66.13,25.81,33.33333333333333,72.05,61.47,61.63,0,HOLD,BEAR MARKET,-31.31,MODERATE VOLATILITY,RISK ON,43.38,Metals,0,47.26,58.74,0,54.15,0,258,C,57.2,62.17,21.36426116838488,0.11
EIDPARRY,140463718400.0,MID CAP,789.4500122070312,11.819883,1.6235476,0.131185,18.388,0.06122,0.03174,0.183,0.191,Chemicals,Basic Materials,Agricultural Inputs,2026-05-16,Agrochemicals,0,1,0,70.41,69.71,50.04,29.63,70.06,62.01,MODERATE GROWTH,35,30,81.82,64.29,74.68,86.96,65.22,78.26,33.33333333333333,71.25,60.42,61.63,0,HOLD,BEAR MARKET,-31.31,MODERATE VOLATILITY,RISK ON,47.92,Metals,0,46.25,57.1,0,54.82,0,259,C,56.76,60.41,20.91759002770083,0.11
GMRAIRPORT,1019891482624.0,LARGE CAP,96.58999633789062,26.7615915,-32.764584,0.131185,27.014499999999998,0.31302,-0.02654,0.505,-0.455,Misc,Industrials,Airports & Air Services,2026-05-16,Airports & Air Services,0,0,0,90.21,9.7,50.04,88.1,49.955,53.79,SLOW GROWTH,38,50,65.15,75.13,91.16,100.0,100.0,100.0,0.0,77.16,51.91,61.51,0,HOLD,BEAR MARKET,-31.31,MODERATE VOLATILITY,RISK ON,57.27,Metals,0,46.72,54.73,0,55.09,0,260,C,56.31,60.48,21.10626417728145,0.12
IIFL,197667209216.0,MID CAP,464.8500061035156,11.989941,1.4200875,0.12286,446.24,0.39839,0.21020001,-0.141,1.831,Financials,Financial Services,Credit Services,2026-05-16,NBFC – Lending,0,0,0,11.82,93.12,11.29,92.77,52.47,48.26,SLOW GROWTH,60,40,44.87,75.64,44.23,37.04,77.78,53.7,0.0,81.83,50.81,61.43,0,HOLD,BEAR MARKET,-31.31,MODERATE VOLATILITY,RISK ON,53.16,Metals,0,51.97,47.22,0,54.82,0,261,C,44.73,59.03,25.81675049201837,0.14
ICRA,52011171840.0,SMALL CAP,5390.0,28.146214,4.7703547,0.131185,27.014499999999998,0.34390998,0.32949,0.041,0.323,Misc,Financial Services,Financial Data & Stock Exchanges,2026-05-16,Financial Data & Stock Exchanges,0,0,0,28.84,77.43,50.04,90.21,53.135000000000005,56.22,MODERATE GROWTH,53,30,69.19,90.59,70.14,25.0,50.0,25.0,0.0,79.63,55.82,61.43,0,HOLD,BEAR MARKET,-31.31,MODERATE VOLATILITY,RISK ON,48.86,Metals,0,50.96,50.61,0,54.79,0,262,C,47.88,60.61,24.799509001636658,0.13
BLSE,17413742592.0,SMALL CAP,192.08999633789062,31.1329,3.4545455,0.131185,1.361,0.05377,0.054130003,1.199,0.241,Misc,Industrials,Specialty Business Services,2026-05-16,Specialty Business Services,0,1,0,96.56,73.37,50.04,26.81,84.965,72.16,HIGH GROWTH,28,30,88.89,44.82,70.14,90.91,45.45,63.64,33.33333333333333,74.96,60.04,61.39,0,HOLD,BEAR MARKET,-31.31,MODERATE VOLATILITY,RISK ON,48.75,Metals,0,46.96,60.39,0,55.01,0,263,C,60.95,65.06,21.00403551251009,0.11
HEXT,295068663808.0,MID CAP,484.1499938964844,21.46055,4.671053,0.22272,10.521,0.13288,0.10073,0.126,0.079,Technology,Technology,Information Technology Services,2026-05-16,IT Services,0,0,0,60.89,30.34,95.86,65.52,45.615,57.65,MODERATE GROWTH,41,60,50.98,66.67,93.14,54.84,67.74,91.94,0.0,84.44,51.42,61.36,0,HOLD,BEAR MARKET,-31.31,MODERATE VOLATILITY,RISK ON,63.96,Metals,0,50.72,51.55,0,57.4,0,264,C,53.94,65.23,23.74590462322534,0.14
CDSL,248020287488.0,MID CAP,1186.699951171875,54.33608,14.233112,0.131185,0.11,0.38924998,0.38888,0.055,-0.199,Misc,Financial Services,Capital Markets,2026-05-16,Capital Markets,0,0,0,31.66,16.31,50.04,92.33,23.985,36.03,WEAK GROWTH,70,50,26.14,98.17,91.16,45.45,96.97,81.82,0.0,83.33,51.98,61.33,0,HOLD,BEAR MARKET,-31.31,MODERATE VOLATILITY,RISK ON,58.83,Metals,0,53.31,40.31,0,56.76,0,265,C,37.73,56.46,29.155693261037957,0.16
APOLLOTYRE,249553321984.0,MID CAP,394.5,18.213297,1.6102829,0.131185,29.09,0.1034,0.0336,0.118,0.399,Automobiles,Consumer Cyclical,Auto Parts,2026-05-16,Auto Components,0,1,0,59.17,80.03,50.04,55.91,69.6,64.32,MODERATE GROWTH,35,30,55.56,63.33,54.44,57.89,69.74,63.16,33.33333333333333,73.37,57.18,61.33,0,HOLD,BEAR MARKET,-31.31,MODERATE VOLATILITY,RISK ON,47.64,Metals,0,46.73,58.24,0,53.95,0,266,C,57.86,61.49,20.893645939517498,0.11
ATUL,209036460032.0,MID CAP,7100.0,30.864199,3.3595726,0.11529,2.907,0.120620005,0.108059995,0.15,0.661,Chemicals,Basic Materials,Specialty Chemicals,2026-05-16,Specialty Chemicals,0,1,0,65.08,85.54,9.88,62.17,75.31,60.91,MODERATE GROWTH,33,40,79.22,48.7,86.36,77.78,50.0,85.19,33.33333333333333,74.34,58.92,61.29,0,HOLD,BEAR MARKET,-31.31,MODERATE VOLATILITY,RISK ON,53.32,Metals,0,46.41,56.53,0,55.73,0,267,C,57.63,61.83,21.091591335493774,0.12
BALPHARMA,1269371136.0,MICRO CAP,79.7300033569336,15.664047,1.6049358,0.131185,197.725,0.07202,0.02625,0.199,2.394,Misc,Healthcare,Drug Manufacturers - Specialty & Generic,2026-05-16,Drug Manufacturers - Specialty & Generic,0,1,0,73.24,94.53,50.04,33.95,83.88499999999999,72.12,HIGH GROWTH,35,10,88.76,65.91,29.42,86.96,54.35,16.3,33.33333333333333,69.05,60.82,61.26,0,HOLD,BEAR MARKET,-31.31,MODERATE VOLATILITY,RISK ON,37.47,Metals,0,46.82,60.96,0,52.31,0,268,C,58.22,61.2,20.66869300911854,0.11
INDOBORAX,8807100416.0,MICRO CAP,274.45001220703125,19.15213,2.4391003,0.131185,0.04099,0.19066,0.22453,0.094,0.021,Misc,Basic Materials,Chemicals,2026-05-16,Chemicals,0,0,0,39.15,26.46,50.04,77.78,32.805,40.75,SLOW GROWTH,77,30,32.32,99.12,70.14,66.67,100.0,83.33,0.0,82.1,52.56,61.25,0,HOLD,BEAR MARKET,-31.31,MODERATE VOLATILITY,RISK ON,48.66,Metals,0,54.82,40.95,0,54.64,0,269,C,35.07,55.75,30.91211533130025,0.17
FIVESTAR,135426408448.0,MID CAP,458.79998779296875,12.316778,1.8314564,0.16058001,111.115,0.60508,0.48518002,0.041,-0.037,Financials,Financial Services,Credit Services,2026-05-16,NBFC – Lending,0,0,0,28.84,23.1,91.53,97.09,25.97,46.19,SLOW GROWTH,60,50,34.62,75.64,60.9,29.63,77.78,72.22,0.0,83.86,50.08,61.24,0,HOLD,BEAR MARKET,-31.31,MODERATE VOLATILITY,RISK ON,58.48,Metals,0,52.67,45.47,0,56.05,0,270,C,44.17,59.92,26.53088332964357,0.15
AQYLON,14274880512.0,SMALL CAP,56.2599983215332,244.60869,-247.8414,0.131185,27.014499999999998,-0.025120001,0.43607,1.802,0.134,Media,Communication Services,Broadcasting,2026-05-16,Broadcasting,0,1,0,98.15,50.09,50.04,9.08,74.12,62.8,MODERATE GROWTH,25,50,100.0,66.67,100.0,100.0,66.67,100.0,33.33333333333333,75.31,65.12,61.19,0,HOLD,BEAR MARKET,-31.31,MODERATE VOLATILITY,RISK ON,60.11,Metals,0,45.99,55.96,0,58.86,0,271,C,59.36,64.54,21.385023194168326,0.12
AUTOIND,3309681664.0,MICRO CAP,72.94000244140625,21.579882,1.9256052,0.131185,153.954,0.0688,0.020380002,0.342,3.28,Automobiles,Consumer Cyclical,Auto Parts,2026-05-16,Auto Components,0,1,0,85.45,95.68,50.04,32.45,90.565,76.65,HIGH GROWTH,28,20,84.44,42.22,27.78,86.84,44.74,32.89,33.33333333333333,73.19,58.27,61.14,0,HOLD,BEAR MARKET,-31.31,MODERATE VOLATILITY,RISK ON,42.86,Metals,0,46.85,63.01,0,52.99,0,272,C,62.35,64.8,20.45777426992896,0.11
ATGL,677757911040.0,LARGE CAP,616.25,103.05184,13.937577,0.14456001,46.363,0.15255,0.11124,0.161,0.085,Misc,Utilities,Utilities - Regulated Gas,2026-05-16,Utilities - Regulated Gas,0,0,0,66.53,30.86,89.86,70.63,48.695,59.12,MODERATE GROWTH,32,50,73.36,55.18,91.16,80.0,60.0,100.0,0.0,77.34,50.22,61.05,0,HOLD,BEAR MARKET,-31.31,MODERATE VOLATILITY,RISK ON,56.89,Metals,0,46.01,58.02,0,54.29,0,273,C,60.36,62.13,20.2509778357236,0.11
DLINKINDIA,17152392192.0,SMALL CAP,483.1000061035156,16.499317,3.6303928,0.21211,2.928,0.082959995,0.06576,0.211,0.005,Misc,Technology,Communication Equipment,2026-05-16,Communication Equipment,0,0,0,74.74,25.79,95.5,38.36,50.265,58.12,MODERATE GROWTH,43,50,71.72,81.82,91.16,75.0,100.0,100.0,0.0,82.36,55.97,61.05,0,HOLD,BEAR MARKET,-31.31,MODERATE VOLATILITY,RISK ON,59.58,Metals,0,50.64,51.06,0,57.33,0,274,C,52.03,64.2,24.21270978691307,0.14
AHLWEST,6860814848.0,MICRO CAP,588.8499755859375,12.90206,-15.187898,0.131185,27.014499999999998,0.35356,0.12409,0.007,3.242,Misc,Consumer Cyclical,Lodging,2026-05-16,Lodging,0,0,0,22.75,95.59,50.04,90.39,59.17,60.47,MODERATE GROWTH,55,10,75.88,91.92,29.42,68.75,68.75,28.12,0.0,74.51,54.97,60.96,0,HOLD,BEAR MARKET,-31.31,MODERATE VOLATILITY,RISK ON,37.37,Metals,0,50.16,54.01,0,51.4,0,275,C,48.61,58.25,23.483168715984682,0.12
BEPL,23765983232.0,SMALL CAP,95.5,13.190608,2.197524,0.17278999,27.014499999999998,0.18176001,0.14119,-0.01,0.305,Misc,Basic Materials,Chemicals,2026-05-16,Chemicals,0,0,0,20.9,76.59,92.77,76.28,48.745000000000005,60.3,MODERATE GROWTH,47,30,75.51,86.3,70.14,83.33,81.25,83.33,0.0,78.4,55.63,60.96,0,HOLD,BEAR MARKET,-31.31,MODERATE VOLATILITY,RISK ON,48.51,Metals,0,49.97,53.38,0,54.32,0,276,C,51.43,61.56,23.482738889948504,0.13
AXISCADES,87541530624.0,SMALL CAP,2058.300048828125,86.193474,12.61801,0.131185,37.084,0.15082,0.08861,0.252,0.887,Industrials,Industrials,Engineering & Construction,2026-05-16,Engineering & EPC,0,1,0,78.4,88.27,50.04,70.19,83.33500000000001,75.36,HIGH GROWTH,27,30,82.93,21.95,75.61,82.93,21.95,75.61,33.33333333333333,76.54,56.35,60.8,0,HOLD,BEAR MARKET,-31.31,MODERATE VOLATILITY,RISK ON,48.22,Metals,0,47.31,62.13,0,53.84,0,277,C,62.78,66.2,20.758858576356225,0.11
CARRARO,32408217600.0,SMALL CAP,570.0499877929688,28.732359,6.573076,0.131185,37.201,0.076469995,0.053790003,0.27,0.915,Automobiles,Consumer Cyclical,Auto Parts,2026-05-16,Auto Components,0,1,0,79.89,88.54,50.04,35.98,84.215,72.56,HIGH GROWTH,28,30,77.78,42.22,54.44,78.95,44.74,63.16,33.33333333333333,75.22,58.09,60.75,0,HOLD,BEAR MARKET,-31.31,MODERATE VOLATILITY,RISK ON,48.33,Metals,0,46.9,61.07,0,54.21,0,278,C,61.61,65.0,20.763456316882287,0.11
INNOVANA,7660727808.0,MICRO CAP,370.79998779296875,16.450752,2.9226997,0.131185,18.74,0.2624,0.36895,0.206,-0.246,Technology,Technology,Software - Application,2026-05-16,SaaS,0,0,0,74.12,14.64,50.04,84.04,44.38,49.48,SLOW GROWTH,60,40,41.18,94.12,74.51,26.67,96.67,70.0,0.0,82.19,53.17,60.71,0,HOLD,BEAR MARKET,-31.31,MODERATE VOLATILITY,RISK ON,53.84,Metals,0,52.64,46.39,0,55.49,0,279,C,43.92,59.81,26.629563668744435,0.15
ADVAIT,20823623680.0,SMALL CAP,1904.0,45.868465,8.986261,0.131185,31.997,0.11015,0.06746,1.144,0.654,Misc,Industrials,Specialty Industrial Machinery,2026-05-16,Specialty Industrial Machinery,0,1,0,96.21,85.45,50.04,58.2,90.83,79.41,HIGH GROWTH,20,30,95.01,21.15,70.14,90.32,20.97,43.55,33.33333333333333,75.13,57.48,60.66,0,HOLD,BEAR MARKET,-31.31,MODERATE VOLATILITY,RISK ON,48.15,Metals,0,46.04,64.88,0,53.81,0,280,C,66.46,67.25,19.937740883486512,0.11
BALKRISHNA,592839360.0,MICRO CAP,18.399999618530273,26.7615915,-0.3396338,0.131185,27.014499999999998,-0.16916001,0.58131003,1.618,0.134,Misc,Consumer Cyclical,Packaging & Containers,2026-05-16,Packaging & Containers,0,1,0,97.88,50.09,50.04,4.85,73.985,62.28,MODERATE GROWTH,33,40,78.54,57.01,83.21,87.5,62.5,100.0,33.33333333333333,75.66,60.6,60.56,0,HOLD,BEAR MARKET,-31.31,MODERATE VOLATILITY,RISK ON,54.06,Metals,0,47.06,55.94,0,56.24,0,281,C,57.06,62.88,21.660351360661384,0.12
INDOTECH,27609876480.0,SMALL CAP,2599.800048828125,30.770506,20.771812,0.131185,3.617,0.1619,0.11987001,0.107,0.292,Misc,Industrials,Electrical Equipment & Parts,2026-05-16,Electrical Equipment & Parts,0,1,0,42.72,75.93,50.04,72.22,59.325,58.76,MODERATE GROWTH,40,30,73.04,78.54,70.14,68.0,78.0,50.0,33.33333333333333,72.4,61.7,60.53,0,HOLD,BEAR MARKET,-31.31,MODERATE VOLATILITY,RISK ON,48.53,Metals,0,47.24,54.4,0,55.16,0,282,C,53.42,59.74,21.955163542815143,0.12
APOLLOHOSP,1162139533312.0,LARGE CAP,8082.5,64.51549,12.779606,0.131185,83.606,0.11519,0.07441,0.172,0.35,Misc,Healthcare,Medical Care Facilities,2026-05-16,Medical Care Facilities,0,1,0,68.08,78.04,50.04,60.58,73.06,67.21,MODERATE GROWTH,20,40,83.33,21.15,83.21,90.0,20.0,70.0,33.33333333333333,70.24,53.77,60.51,0,HOLD,BEAR MARKET,-31.31,MODERATE VOLATILITY,RISK ON,51.0,Metals,0,42.9,64.18,0,52.93,0,283,C,66.92,61.97,18.24793875147232,0.1
AGARWALEYE,142662696960.0,MID CAP,450.1000061035156,113.66161,7.3628764,0.131185,48.682,0.14217,0.063779995,0.23,0.472,Misc,Healthcare,Medical Instruments & Supplies,2026-05-16,Medical Instruments & Supplies,0,1,0,76.41,81.92,50.04,67.99,79.16499999999999,72.22,HIGH GROWTH,20,40,89.14,21.15,83.21,100.0,100.0,100.0,33.33333333333333,74.25,56.24,60.5,0,HOLD,BEAR MARKET,-31.31,MODERATE VOLATILITY,RISK ON,52.62,Metals,0,44.9,63.32,0,54.34,0,284,C,66.08,65.32,19.475253428741798,0.11
HYBRIDFIN,574596096.0,MICRO CAP,19.520000457763672,17.274336,1.3121806,0.131185,1.604,0.35443002,0.66796,-0.052,0.364,Misc,Financial Services,Capital Markets,2026-05-16,Capital Markets,0,0,0,17.72,78.57,50.04,90.56,48.144999999999996,52.77,SLOW GROWTH,60,20,63.76,94.57,53.03,63.64,78.79,39.39,0.0,76.63,54.4,60.47,0,HOLD,BEAR MARKET,-31.31,MODERATE VOLATILITY,RISK ON,42.76,Metals,0,50.91,49.96,0,52.61,0,285,C,45.1,57.19,24.811279826464204,0.13
ASHOKLEY,899463380992.0,LARGE CAP,153.1300048828125,27.150711,7.129621,0.131185,327.886,0.19577,0.06152,0.236,0.066,Misc,Industrials,Farm & Heavy Construction Machinery,2026-05-16,Farm & Heavy Construction Machinery,0,0,0,76.94,29.32,50.04,78.57,53.129999999999995,55.06,MODERATE GROWTH,35,50,67.3,65.91,91.16,100.0,66.67,88.89,0.0,76.1,50.42,60.46,0,HOLD,BEAR MARKET,-31.31,MODERATE VOLATILITY,RISK ON,56.63,Metals,0,45.81,56.6,0,54.06,0,286,C,58.56,60.31,20.251846877098725,0.11
ARIES,4598984192.0,MICRO CAP,353.6499938964844,10.547272,1.4384495,0.131185,20.67,0.12064999,0.06337,0.196,0.488,Chemicals,Basic Materials,Agricultural Inputs,2026-05-16,Agrochemicals,0,1,0,72.62,82.54,50.04,62.26,77.58000000000001,70.54,HIGH GROWTH,35,10,89.61,64.29,33.77,91.3,65.22,30.43,33.33333333333333,67.9,60.24,60.43,0,HOLD,BEAR MARKET,-31.31,MODERATE VOLATILITY,RISK ON,37.04,Metals,0,46.21,61.17,0,51.69,0,287,C,58.42,60.14,20.242342645573878,0.1
ASMS,2305645824.0,MICRO CAP,7.570000171661377,68.818184,8.534386,0.131185,0.562,0.05246,0.06093,4.552,0.134,Technology,Technology,Information Technology Services,2026-05-16,IT Services,0,1,0,98.85,50.09,50.04,26.01,74.47,64.74,MODERATE GROWTH,38,25,73.53,55.88,50.98,75.81,56.45,64.52,33.33333333333333,73.1,58.65,60.38,0,HOLD,BEAR MARKET,-31.31,MODERATE VOLATILITY,RISK ON,45.44,Metals,0,47.47,57.37,0,53.63,0,288,C,56.02,61.16,21.45212206243423,0.11
DPABHUSHAN,21122674688.0,SMALL CAP,925.2999877929688,11.325582,4.1626363,0.131185,44.551,0.08420999,0.05406,0.128,0.936,Misc,Consumer Cyclical,Luxury Goods,2026-05-16,Luxury Goods,0,1,0,61.33,88.98,50.04,38.71,75.155,66.49,MODERATE GROWTH,35,20,82.2,65.91,53.03,100.0,100.0,33.33,33.33333333333333,70.02,60.22,60.14,0,HOLD,BEAR MARKET,-31.31,MODERATE VOLATILITY,RISK ON,42.56,Metals,0,46.29,59.17,0,53.0,0,289,C,57.62,60.41,20.610713067212558,0.11
IGL,212968226816.0,MID CAP,152.1199951171875,12.804713,1.8979412,0.131185,0.903,0.083330005,0.10422,0.082,0.206,Misc,Utilities,Utilities - Regulated Gas,2026-05-16,Utilities - Regulated Gas,0,0,0,36.86,70.5,50.04,38.45,53.68,51.43,SLOW GROWTH,50,35,61.99,88.26,77.97,60.0,100.0,60.0,0.0,76.28,53.05,60.08,0,HOLD,BEAR MARKET,-31.31,MODERATE VOLATILITY,RISK ON,49.83,Metals,0,48.56,51.93,0,53.46,0,290,C,50.16,57.91,22.638780297107118,0.12
APTECHT,5639033856.0,MICRO CAP,97.22000122070312,21.134783,2.3774822,0.131185,5.75,0.08454,0.052210003,0.244,1.387,Misc,Consumer Defensive,Education & Training Services,2026-05-16,Education & Training Services,0,1,0,77.87,91.36,50.04,38.89,84.61500000000001,73.13,HIGH GROWTH,28,20,90.66,44.82,53.03,100.0,62.5,50.0,33.33333333333333,70.81,58.65,59.99,0,HOLD,BEAR MARKET,-31.31,MODERATE VOLATILITY,RISK ON,42.36,Metals,0,45.66,62.87,0,52.38,0,291,C,62.22,62.75,19.851312875672257,0.1
JARO,10676423680.0,SMALL CAP,479.3999938964844,21.325623,2.8835914,0.19894,2.159,0.33854,0.18566999,0.096,0.039,Misc,Consumer Defensive,Education & Training Services,2026-05-16,Education & Training Services,0,0,0,39.77,27.78,94.97,89.77,33.775000000000006,51.61,SLOW GROWTH,56,30,62.25,92.42,70.14,50.0,75.0,75.0,0.0,77.95,54.38,59.96,0,HOLD,BEAR MARKET,-31.31,MODERATE VOLATILITY,RISK ON,48.08,Metals,0,50.4,49.77,0,53.68,0,292,C,46.63,58.18,24.429981104346,0.13
ANSALAPI,697303616.0,MICRO CAP,4.429999828338623,26.7615915,-0.08675218,0.131185,27.014499999999998,0.03498,-0.20724002,0.71,5.721,Misc,Real Estate,Real Estate - Development,2026-05-16,Real Estate - Development,0,1,0,93.39,97.53,50.04,19.14,95.46000000000001,78.74,HIGH GROWTH,23,20,94.44,31.44,53.03,87.5,16.67,35.42,33.33333333333333,71.16,57.35,59.93,0,HOLD,BEAR MARKET,-31.31,MODERATE VOLATILITY,RISK ON,42.13,Metals,0,45.49,65.58,0,51.95,0,293,C,65.56,64.66,19.429086538461537,0.1
EXCELSOFT,10198758400.0,SMALL CAP,88.62000274658203,21.614635,2.310219,0.131185,11.581,0.19303,0.18086,0.294,0.101,Technology,Technology,Software - Application,2026-05-16,SaaS,0,1,0,82.28,32.01,50.04,78.31,57.144999999999996,57.84,MODERATE GROWTH,40,40,52.94,61.76,74.51,46.67,56.67,70.0,33.33333333333333,76.72,57.89,59.9,0,HOLD,BEAR MARKET,-31.31,MODERATE VOLATILITY,RISK ON,53.65,Metals,0,48.03,53.74,0,55.46,0,294,C,53.92,61.34,22.337946103423164,0.12
INTERARCH,29652635648.0,SMALL CAP,1768.0,21.738596,3.704045,0.131185,1.401,0.0889,0.0734,0.437,0.316,Industrials,Industrials,Engineering & Construction,2026-05-16,Engineering & EPC,0,1,0,88.71,77.16,50.04,40.52,82.935,72.11,HIGH GROWTH,28,30,80.49,29.27,75.61,80.49,29.27,75.61,33.33333333333333,74.87,56.41,59.9,0,HOLD,BEAR MARKET,-31.31,MODERATE VOLATILITY,RISK ON,47.82,Metals,0,46.58,61.66,0,53.34,0,295,C,62.18,64.46,20.40519151630263,0.11
DCI,4669080064.0,MICRO CAP,284.70001220703125,23.804348,5.120688,0.131185,72.74,0.051209997,0.02874,0.461,0.558,Misc,Technology,Electronics & Computer Distribution,2026-05-16,Electronics & Computer Distribution,0,1,0,89.24,83.42,50.04,25.4,86.33,72.98,HIGH GROWTH,28,20,90.15,44.82,53.03,75.0,75.0,75.0,33.33333333333333,70.68,58.52,59.87,0,HOLD,BEAR MARKET,-31.31,MODERATE VOLATILITY,RISK ON,42.3,Metals,0,45.6,62.92,0,52.29,0,296,C,62.26,62.63,19.80082200442618,0.1
DICIND,4745990144.0,MICRO CAP,517.0499877929688,27.328224,1.1071994,0.131185,0.954,0.02525,0.02053,0.146,0.638,Chemicals,Basic Materials,Specialty Chemicals,2026-05-16,Specialty Chemicals,0,1,0,64.46,85.1,50.04,16.4,74.78,63.99,MODERATE GROWTH,38,15,84.42,77.92,45.45,83.33,77.78,46.3,33.33333333333333,66.93,61.12,59.68,0,HOLD,BEAR MARKET,-31.31,MODERATE VOLATILITY,RISK ON,39.51,Metals,0,45.96,58.51,0,52.25,0,297,C,55.98,58.12,20.400140400140398,0.11
BHARATSE,11906251776.0,SMALL CAP,189.58999633789062,28.254843,5.7468925,0.131185,63.95,0.03281,0.022809999,0.603,0.306,Automobiles,Consumer Cyclical,Auto Parts,2026-05-16,Auto Components,0,1,0,92.06,76.72,50.04,18.34,84.39,70.91,HIGH GROWTH,28,30,73.33,42.22,54.44,73.68,44.74,63.16,33.33333333333333,73.9,56.89,59.61,0,HOLD,BEAR MARKET,-31.31,MODERATE VOLATILITY,RISK ON,47.7,Metals,0,46.21,61.49,0,53.27,0,298,C,62.02,63.77,20.23801967629324,0.11
INDIQUBE,35537162240.0,SMALL CAP,167.6300048828125,26.7615915,6.146823,0.131185,674.7245700000041,0.22883,-0.08543,0.456,0.134,Misc,Real Estate,Real Estate Services,2026-05-16,Real Estate Services,0,1,0,89.07,50.09,50.04,81.39,69.58,66.85,MODERATE GROWTH,30,30,82.58,53.22,70.14,66.67,61.11,61.11,33.33333333333333,71.78,59.08,59.45,0,HOLD,BEAR MARKET,-31.31,MODERATE VOLATILITY,RISK ON,47.72,Metals,0,45.81,59.82,0,53.7,0,299,C,60.11,61.93,20.268368515791195,0.11
INOXWIND,165098553344.0,MID CAP,95.52999877929688,34.864964,1.8764486,0.131185,15.713,0.18948,0.113350004,0.325,-0.18,Misc,Industrials,Specialty Industrial Machinery,2026-05-16,Specialty Industrial Machinery,0,0,0,84.57,17.77,50.04,77.69,51.169999999999995,53.6,SLOW GROWTH,40,50,64.77,78.54,91.16,45.16,77.42,87.1,0.0,78.22,52.78,59.39,0,HOLD,BEAR MARKET,-31.31,MODERATE VOLATILITY,RISK ON,57.75,Metals,0,47.54,53.53,0,54.96,0,300,C,54.86,60.72,21.740064446831365,0.12
GANDHAR,14679970816.0,SMALL CAP,149.97999572753906,13.797607,1.1391981,0.131185,24.674,0.04427,0.02599,0.161,0.672,Misc,Energy,Oil & Gas Refining & Marketing,2026-05-16,Oil & Gas Refining & Marketing,0,1,0,66.53,85.63,50.04,22.66,76.08,65.53,MODERATE GROWTH,35,20,81.57,65.91,53.03,100.0,50.0,16.67,33.33333333333333,68.69,59.6,59.37,0,HOLD,BEAR MARKET,-31.31,MODERATE VOLATILITY,RISK ON,42.07,Metals,0,45.9,59.39,0,52.41,0,301,C,57.84,59.52,20.231135282121006,0.11
GTL,1189163648.0,MICRO CAP,7.559999942779541,26.7615915,-0.019644016,0.131185,27.014499999999998,0.49379003,0.9162966367000018,-0.153,14.648529300000277,Telecom,Communication Services,Telecom Services,2026-05-16,Telecom Services,0,0,0,11.11,99.51,50.04,95.41,55.31,58.27,MODERATE GROWTH,53,20,80.0,60.0,20.0,80.0,60.0,20.0,0.0,76.46,51.58,59.35,0,HOLD,BEAR MARKET,-31.31,MODERATE VOLATILITY,RISK ON,42.01,Metals,0,49.75,54.1,0,51.15,0,302,C,50.12,58.6,22.926447574334897,0.12
AVANTIFEED,180280213504.0,MID CAP,1323.199951171875,23.419468,5.988956,0.131185,0.441,0.11575,0.10572,0.013,0.21,Misc,Consumer Defensive,Packaged Foods,2026-05-16,Packaged Foods,0,0,0,23.72,70.99,50.04,60.93,47.355,49.25,SLOW GROWTH,51,40,43.06,88.95,83.21,30.77,96.15,86.54,0.0,77.78,50.91,59.31,0,HOLD,BEAR MARKET,-31.31,MODERATE VOLATILITY,RISK ON,52.17,Metals,0,48.73,51.23,0,53.31,0,303,C,49.91,57.84,22.722451384796702,0.12
BLKASHYAP,12020466688.0,SMALL CAP,53.310001373291016,111.06251,2.2995298,0.131185,58.747,0.08552,0.00825,0.339,9.4,Industrials,Industrials,Engineering & Construction,2026-05-16,Engineering & EPC,0,1,0,85.36,98.24,50.04,39.42,91.8,78.21,HIGH GROWTH,20,30,87.8,17.07,75.61,87.8,17.07,75.61,33.33333333333333,74.07,55.36,59.3,0,HOLD,BEAR MARKET,-31.31,MODERATE VOLATILITY,RISK ON,47.36,Metals,0,45.41,65.62,0,52.55,0,304,C,67.18,66.13,19.398650630683484,0.1
IIFLCAPS,106806542336.0,MID CAP,342.95001220703125,20.07904,3.7860725,0.131185,61.874,0.38107,0.24658,0.109,-0.063,Misc,Financial Services,Capital Markets,2026-05-16,Capital Markets,0,0,0,50.13,22.05,50.04,91.62,36.09,44.43,SLOW GROWTH,53,50,35.73,90.59,91.16,51.52,63.64,81.82,0.0,80.16,51.01,59.28,0,HOLD,BEAR MARKET,-31.31,MODERATE VOLATILITY,RISK ON,57.79,Metals,0,49.35,48.3,0,54.85,0,305,C,47.92,57.97,23.699918233851186,0.13
ACCELYA,16756219904.0,SMALL CAP,1122.5999755859375,15.552784,6.034446,0.3651025700000011,33.047,0.22778,0.20044,-0.002,-0.569,Technology,Technology,Information Technology Services,2026-05-16,IT Services,0,0,0,21.69,7.32,99.51,81.31,14.505,38.19,WEAK GROWTH,67,50,25.49,100.0,84.31,32.26,100.0,82.26,0.0,82.89,51.98,59.2,0,HOLD,BEAR MARKET,-31.31,MODERATE VOLATILITY,RISK ON,58.72,Metals,0,52.86,41.66,0,56.01,0,306,C,39.47,56.9,28.119594761551767,0.16
ELGIEQUIP,164950097920.0,MID CAP,523.25,40.97494,8.234452,0.131185,26.275,0.12218001,0.10553,0.184,0.182,Misc,Industrials,Specialty Industrial Machinery,2026-05-16,Specialty Industrial Machinery,0,1,0,70.68,68.83,50.04,63.05,69.755,65.14,MODERATE GROWTH,25,40,80.93,34.47,83.21,67.74,38.71,64.52,33.33333333333333,71.96,56.09,59.2,0,HOLD,BEAR MARKET,-31.31,MODERATE VOLATILITY,RISK ON,52.01,Metals,0,44.41,61.12,0,53.67,0,307,C,63.23,62.01,19.308734236338164,0.1
JBCHEPHARM,343659839488.0,MID CAP,2140.39990234375,48.077267,8.794658,0.131185,1.075,0.23524,0.17977,0.105,0.216,Misc,Healthcare,Drug Manufacturers - Specialty & Generic,2026-05-16,Drug Manufacturers - Specialty & Generic,0,1,0,42.2,71.74,50.04,82.1,56.97,58.1,MODERATE GROWTH,32,40,71.59,55.18,83.21,65.22,39.13,67.39,33.33333333333333,71.08,57.45,59.17,0,HOLD,BEAR MARKET,-31.31,MODERATE VOLATILITY,RISK ON,52.13,Metals,0,44.88,57.49,0,54.12,0,308,C,58.71,59.45,19.91291240998158,0.11
HITECHGEAR,11051078656.0,SMALL CAP,587.4000244140625,48.868553,2.282814,0.131185,27.014499999999998,0.10385,0.05585,0.363,1.263,Automobiles,Consumer Cyclical,Auto Parts,2026-05-16,Auto Components,0,1,0,86.07,90.92,50.04,56.17,88.495,77.57,HIGH GROWTH,20,30,86.67,20.0,54.44,89.47,19.74,63.16,33.33333333333333,73.54,55.42,59.07,0,HOLD,BEAR MARKET,-31.31,MODERATE VOLATILITY,RISK ON,47.24,Metals,0,45.19,65.6,0,52.42,0,309,C,67.16,65.73,19.286971830985916,0.1
GODFRYPHLP,378240139264.0,MID CAP,2424.89990234375,29.155945,6.4900756,0.131185,3.005,0.19087,0.20785,0.149,0.083,Consumer,Consumer Defensive,Tobacco,2026-05-16,Tobacco,0,0,0,64.77,30.6,50.04,77.87,47.685,51.17,SLOW GROWTH,45,50,52.94,67.65,61.76,100.0,50.0,50.0,0.0,80.07,50.12,59.05,0,HOLD,BEAR MARKET,-31.31,MODERATE VOLATILITY,RISK ON,57.55,Metals,0,48.42,52.21,0,54.32,0,310,C,52.86,60.14,22.331971778685478,0.12
ABB,1352187248640.0,LARGE CAP,6381.0,86.958305,17.256113,0.131185,1.082,0.11496,0.22257,0.008,2.76,Misc,Industrials,Specialty Industrial Machinery,2026-05-16,Specialty Industrial Machinery,0,0,0,22.97,94.89,50.04,60.49,58.93,57.31,MODERATE GROWTH,30,50,70.83,53.22,91.16,61.29,51.61,87.1,0.0,74.43,48.38,58.92,0,HOLD,BEAR MARKET,-31.31,MODERATE VOLATILITY,RISK ON,55.7,Metals,0,44.4,59.57,0,52.58,0,311,C,62.15,60.17,19.056215360253365,0.1
FORCEMOT,268215992320.0,MID CAP,20356.0,19.607767,6.394696,0.33508,27.014499999999998,0.13425,0.13378,0.082,-0.37,Automobiles,Consumer Cyclical,Auto Manufacturers,2026-05-16,Passenger Vehicles,0,0,0,36.86,11.55,98.68,65.96,24.205,43.28,SLOW GROWTH,55,50,22.22,95.56,91.11,28.57,85.71,50.0,0.0,80.34,49.8,58.91,0,HOLD,BEAR MARKET,-31.31,MODERATE VOLATILITY,RISK ON,57.54,Metals,0,49.63,47.82,0,54.43,0,312,C,47.17,57.47,23.86132447581482,0.13
BHEL,1386905731072.0,LARGE CAP,398.29998779296875,86.965065,5.2987266,0.06292,31.312,0.13527,0.04737,0.369,1.564,Misc,Industrials,Specialty Industrial Machinery,2026-05-16,Specialty Industrial Machinery,0,1,0,86.16,91.98,4.85,66.31,89.07,69.95,MODERATE GROWTH,10,50,86.36,2.65,91.16,74.19,3.23,87.1,33.33333333333333,70.55,51.57,58.76,0,HOLD,BEAR MARKET,-31.31,MODERATE VOLATILITY,RISK ON,55.53,Metals,0,41.14,67.45,0,52.63,0,313,C,72.67,63.61,17.26890185964436,0.09
IOC,1899024089088.0,LARGE CAP,134.47999572753906,5.1822734,0.93911266,0.131185,72.631,0.08914,0.04636,0.057,5.13,Misc,Energy,Oil & Gas Refining & Marketing,2026-05-16,Oil & Gas Refining & Marketing,0,0,0,32.14,97.18,50.04,40.74,64.66,59.34,MODERATE GROWTH,35,30,73.61,65.91,70.14,66.67,50.0,55.56,0.0,68.78,48.44,58.69,0,HOLD,BEAR MARKET,-31.31,MODERATE VOLATILITY,RISK ON,44.3,Metals,0,44.11,61.3,0,49.61,0,314,C,60.83,57.01,18.44088630114831,0.09
GARFIBRES,62383624192.0,SMALL CAP,628.4500122070312,29.408049,4.808082,0.131185,10.153,0.15878999,0.13835,0.104,0.179,Misc,Consumer Cyclical,Textile Manufacturing,2026-05-16,Textile Manufacturing,0,1,0,41.84,68.69,50.04,71.52,55.265,55.85,MODERATE GROWTH,40,30,68.69,78.54,70.14,81.08,87.84,90.54,33.33333333333333,69.93,60.06,58.68,0,HOLD,BEAR MARKET,-31.31,MODERATE VOLATILITY,RISK ON,47.5,Metals,0,46.05,54.98,0,53.7,0,315,C,53.98,57.58,20.945798472171695,0.11
ANMOL,664188160.0,MICRO CAP,11.670000076293945,6.412088,0.57766557,0.131185,185.097,0.01636,0.0073,0.197,6.429,Metals,Energy,Thermal Coal,2026-05-16,Coal,0,1,0,72.84,97.71,50.04,14.29,85.275,71.13,HIGH GROWTH,35,10,75.0,43.75,25.0,100.0,40.0,20.0,33.33333333333333,68.34,55.15,58.62,0,HOLD,BEAR MARKET,-31.31,MODERATE VOLATILITY,RISK ON,35.87,Metals,0,45.91,62.95,0,49.52,0,316,C,60.15,59.74,19.538838920686835,0.1
HARSHA,36932038656.0,SMALL CAP,405.6499938964844,34.611774,2.8113523,0.131185,24.121,0.110640004,0.06919,0.207,0.259,Misc,Industrials,Tools & Accessories,2026-05-16,Tools & Accessories,0,1,0,74.25,74.03,50.04,58.64,74.14,67.77,MODERATE GROWTH,28,30,83.84,44.82,70.14,100.0,50.0,50.0,33.33333333333333,70.99,57.7,58.58,0,HOLD,BEAR MARKET,-31.31,MODERATE VOLATILITY,RISK ON,47.17,Metals,0,45.19,61.2,0,52.83,0,317,C,61.74,61.75,19.6844118584635,0.1
ALGOQUANT,16671806464.0,SMALL CAP,59.310001373291016,6.888502,15.176561,0.131185,23.755,0.19264,0.84235,0.051,0.16,Misc,Financial Services,Capital Markets,2026-05-16,Capital Markets,0,0,0,30.6,67.68,50.04,78.04,49.14,52.21,SLOW GROWTH,52,30,63.01,89.46,70.14,60.61,59.09,60.61,0.0,75.75,53.17,58.45,0,HOLD,BEAR MARKET,-31.31,MODERATE VOLATILITY,RISK ON,47.23,Metals,0,48.89,51.99,0,52.41,0,318,C,49.36,57.4,22.795869737887212,0.12
ASHOKA,35957837824.0,SMALL CAP,128.08999633789062,3.894883706,0.85422945,0.131185,44.43,0.21544,0.34372002,-0.235,2.225,Industrials,Industrials,Engineering & Construction,2026-05-16,Engineering & EPC,0,0,0,7.58,94.36,50.04,80.6,50.97,53.75,SLOW GROWTH,52,30,53.66,84.15,75.61,53.66,84.15,75.61,0.0,76.9,51.43,58.35,0,HOLD,BEAR MARKET,-31.31,MODERATE VOLATILITY,RISK ON,47.08,Metals,0,49.26,52.6,0,51.98,0,319,C,49.95,58.09,22.802747791952896,0.12
ISGEC,79830990848.0,SMALL CAP,1085.699951171875,24.035864,2.8619628,0.131185,31.763,0.09538,0.03639,0.162,2.476,Misc,Industrials,Specialty Industrial Machinery,2026-05-16,Specialty Industrial Machinery,0,1,0,66.93,94.71,50.04,42.68,80.82,70.85,HIGH GROWTH,28,20,87.25,44.82,53.03,77.42,46.77,25.81,33.33333333333333,68.17,57.08,58.24,0,HOLD,BEAR MARKET,-31.31,MODERATE VOLATILITY,RISK ON,41.31,Metals,0,44.71,63.42,0,51.01,0,320,C,62.75,60.79,19.071372549019607,0.1
GICL,4496096256.0,MICRO CAP,40.15999984741211,138.48276,6.8067794,0.131185,27.014499999999998,0.21343,0.05809,0.235,0.355,Misc,Industrials,Integrated Freight & Logistics,2026-05-16,Integrated Freight & Logistics,0,1,0,76.68,78.13,50.04,80.34,77.405,72.23,HIGH GROWTH,27,20,89.27,36.36,53.03,100.0,36.36,81.82,33.33333333333333,68.52,56.25,58.13,0,HOLD,BEAR MARKET,-31.31,MODERATE VOLATILITY,RISK ON,41.19,Metals,0,44.71,64.16,0,50.74,0,321,C,63.61,61.27,18.966104318216995,0.1
INDGN,124027658240.0,MID CAP,516.0999755859375,28.326015,4.3165164,0.13941,4.601,0.12139,0.114259996,0.328,-0.323,Misc,Healthcare,Health Information Services,2026-05-16,Health Information Services,0,0,0,84.74,12.74,89.07,62.7,48.739999999999995,58.2,MODERATE GROWTH,33,50,71.97,57.01,91.16,33.33,33.33,66.67,0.0,77.25,50.25,58.0,0,HOLD,BEAR MARKET,-31.31,MODERATE VOLATILITY,RISK ON,56.88,Metals,0,46.1,57.56,0,53.4,0,322,C,59.77,61.56,20.259996708902417,0.11
AURIONPRO,41459838976.0,SMALL CAP,750.9000244140625,19.49377,2.325567,0.13245,3.478,0.16351,0.14833,0.057,0.205,Technology,Technology,Software - Application,2026-05-16,SaaS,0,0,0,32.14,70.33,88.27,72.75,51.235,60.79,MODERATE GROWTH,47,20,60.78,79.41,40.2,60.0,80.0,30.0,0.0,73.99,50.62,57.95,0,HOLD,BEAR MARKET,-31.31,MODERATE VOLATILITY,RISK ON,41.15,Metals,0,48.14,57.13,0,49.96,0,323,C,53.93,58.44,21.277990169306392,0.11
IVP,1668311040.0,MICRO CAP,161.55999755859375,12.220877,1.1593912,0.131185,69.423,0.04918,0.023559999,0.121,1.435,Chemicals,Basic Materials,Specialty Chemicals,2026-05-16,Specialty Chemicals,0,1,0,59.44,91.45,50.04,24.51,75.445,65.27,MODERATE GROWTH,35,10,87.01,64.29,33.77,87.04,64.81,36.11,33.33333333333333,64.2,58.38,57.71,0,HOLD,BEAR MARKET,-31.31,MODERATE VOLATILITY,RISK ON,35.64,Metals,0,44.18,61.82,0,49.65,0,324,C,59.05,56.65,18.867610324729394,0.09
FINPIPE,102621560832.0,MID CAP,165.97000122070312,20.439655,1.7339658,0.131185,0.359,0.1076,0.1265,-0.103,0.237,Misc,Industrials,Building Products & Equipment,2026-05-16,Building Products & Equipment,0,0,0,14.55,73.02,50.04,57.58,43.785,46.42,SLOW GROWTH,51,40,39.14,88.95,83.21,70.59,100.0,97.06,0.0,75.49,49.41,57.57,0,HOLD,BEAR MARKET,-31.31,MODERATE VOLATILITY,RISK ON,51.22,Metals,0,47.59,51.76,0,51.95,0,325,C,50.42,55.79,21.699727732399843,0.11
DIGIDRIVE,870938496.0,MICRO CAP,22.639999389648438,7.009288,0.30760035,0.131185,0.391,-0.07587,0.26571,-0.185,3.774,Misc,Consumer Cyclical,Internet Retail,2026-05-16,Internet Retail,0,0,0,9.48,96.12,50.04,6.61,52.800000000000004,47.63,SLOW GROWTH,58,30,40.66,92.87,70.14,50.0,100.0,62.5,0.0,76.37,50.58,57.55,0,HOLD,BEAR MARKET,-31.31,MODERATE VOLATILITY,RISK ON,46.74,Metals,0,49.43,50.2,0,51.48,0,326,C,46.76,55.64,23.299832495812396,0.12
ICICIGI,915653132288.0,LARGE CAP,1835.199951171875,33.2223,5.6890254,0.17851,27.014499999999998,0.101339996,0.10264,0.122,0.067,Financials,Financial Services,Insurance - Diversified,2026-05-16,General Insurance,0,0,0,59.7,29.5,93.3,44.44,44.6,54.32,SLOW GROWTH,33,60,52.56,19.23,78.85,100.0,100.0,100.0,0.0,78.92,42.34,57.48,0,HOLD,BEAR MARKET,-31.31,MODERATE VOLATILITY,RISK ON,60.32,Metals,0,45.45,58.33,0,52.0,0,327,C,61.66,60.79,19.40312799233961,0.1
INDIAGLYCO,68320378880.0,SMALL CAP,1019.2999877929688,23.583988,2.6360638,0.112849995,57.645,0.05333,0.029779999,1.735,0.319,Misc,Basic Materials,Chemicals,2026-05-16,Chemicals,0,1,0,98.06,77.29,9.7,26.63,87.67500000000001,65.98,MODERATE GROWTH,28,30,81.69,44.82,70.14,87.5,47.92,83.33,33.33333333333333,69.4,56.74,57.44,0,HOLD,BEAR MARKET,-31.31,MODERATE VOLATILITY,RISK ON,46.54,Metals,0,44.47,61.54,0,51.95,0,328,C,62.07,60.41,19.15649278579356,0.1
DCMSHRIRAM,174543028224.0,MID CAP,1127.199951171875,20.576853,2.442031,0.11617,37.802,0.07656,0.059019998,0.189,1.067,Misc,Industrials,Conglomerates,2026-05-16,Conglomerates,0,1,0,71.56,90.21,10.14,36.07,80.88499999999999,62.25,MODERATE GROWTH,28,30,78.41,44.82,70.14,100.0,90.0,75.0,33.33333333333333,66.14,54.94,57.16,0,HOLD,BEAR MARKET,-31.31,MODERATE VOLATILITY,RISK ON,45.27,Metals,0,42.98,62.17,0,50.8,0,329,C,62.68,57.81,18.15640703517588,0.09
FMGOETZE,24263952384.0,SMALL CAP,436.1499938964844,13.4241295,1.7839905,0.131185,0.143,0.09389,0.092819996,0.144,0.004,Automobiles,Consumer Cyclical,Auto Parts,2026-05-16,Auto Components,0,0,0,63.98,25.66,50.04,42.06,44.82,45.59,SLOW GROWTH,60,30,31.11,100.0,54.44,31.58,100.0,63.16,0.0,76.01,50.07,57.15,0,HOLD,BEAR MARKET,-31.31,MODERATE VOLATILITY,RISK ON,46.52,Metals,0,49.46,49.48,0,51.18,0,330,C,45.78,54.73,23.39888841385207,0.12
HAVELLS,758729867264.0,LARGE CAP,1209.5999755859375,44.849834,8.0293665,0.18969999,2.801,0.09212,0.075040005,0.025,0.396,Misc,Industrials,Electrical Equipment & Parts,2026-05-16,Electrical Equipment & Parts,0,0,0,25.97,79.81,94.09,41.45,52.89,59.99,MODERATE GROWTH,28,40,75.0,44.82,83.21,72.0,44.0,74.0,0.0,69.84,45.91,57.02,0,HOLD,BEAR MARKET,-31.31,MODERATE VOLATILITY,RISK ON,48.94,Metals,0,42.79,63.33,0,49.38,0,331,C,64.95,58.14,17.631539044730854,0.09
APARINDS,508129181696.0,LARGE CAP,12650.0,52.357105,10.471689,0.131185,14.499,0.073699996,0.04526,0.162,0.192,Misc,Industrials,Electrical Equipment & Parts,2026-05-16,Electrical Equipment & Parts,0,1,0,66.93,69.84,50.04,34.66,68.385,61.34,MODERATE GROWTH,20,40,77.02,21.15,83.21,76.0,18.0,74.0,33.33333333333333,65.43,50.9,56.99,0,HOLD,BEAR MARKET,-31.31,MODERATE VOLATILITY,RISK ON,49.08,Metals,0,40.56,65.18,0,50.2,0,332,C,67.89,57.74,16.762955436202642,0.08
AVALON,88366800896.0,SMALL CAP,1323.0999755859375,78.75595,13.55663,0.131185,25.091,0.09584,0.06553,0.487,0.358,Misc,Technology,Electronic Components,2026-05-16,Electronic Components,0,1,0,89.77,78.31,50.04,42.77,84.03999999999999,73.11,HIGH GROWTH,20,30,90.4,21.15,70.14,100.0,75.0,75.0,33.33333333333333,69.66,54.6,56.88,0,HOLD,BEAR MARKET,-31.31,MODERATE VOLATILITY,RISK ON,46.06,Metals,0,43.55,65.89,0,50.94,0,333,C,67.44,62.65,18.30800701344243,0.09
BOSCHLTD,1113090031616.0,LARGE CAP,37740.0,40.322666,7.9408584,0.131185,0.778,0.10515001,0.14369,0.094,0.161,Automobiles,Consumer Cyclical,Auto Parts,2026-05-16,Auto Components,0,0,0,39.15,67.86,50.04,56.53,53.504999999999995,53.11,SLOW GROWTH,35,45,44.44,63.33,86.67,44.74,69.74,97.37,0.0,71.87,44.91,56.8,0,HOLD,BEAR MARKET,-31.31,MODERATE VOLATILITY,RISK ON,51.7,Metals,0,43.83,59.53,0,49.96,0,334,C,60.83,56.8,18.372958110949376,0.09
GSFC,67741179904.0,SMALL CAP,170.0,9.775734,0.5436242,0.131185,0.04099,0.04328,0.06765,0.045,0.182,Chemicals,Basic Materials,Agricultural Inputs,2026-05-16,Agrochemicals,0,0,0,29.59,68.83,50.04,22.22,49.21,46.68,SLOW GROWTH,60,20,54.55,96.1,56.49,52.17,100.0,56.52,0.0,71.69,51.27,56.77,0,HOLD,BEAR MARKET,-31.31,MODERATE VOLATILITY,RISK ON,40.74,Metals,0,48.46,51.06,0,49.73,0,335,C,46.17,52.8,22.38711045155819,0.11
DABUR,829554884608.0,LARGE CAP,467.70001220703125,43.8743,7.257914,0.16239999,10.907,0.11179,0.14364,0.073,0.152,Consumer,Consumer Defensive,Household & Personal Products,2026-05-16,FMCG – Personal Care,0,0,0,34.79,67.2,91.71,58.99,50.995000000000005,59.94,MODERATE GROWTH,25,50,64.71,35.29,61.76,50.0,33.33,58.33,0.0,72.75,44.1,56.57,0,HOLD,BEAR MARKET,-31.31,MODERATE VOLATILITY,RISK ON,54.21,Metals,0,42.89,63.32,0,50.13,0,336,C,66.51,59.83,17.7247815138498,0.09
HIRECT,32528168960.0,SMALL CAP,946.3499755859375,64.5092,17.076582,0.131185,109.187,0.07604,0.05583,0.642,0.297,Misc,Industrials,Electrical Equipment & Parts,2026-05-16,Electrical Equipment & Parts,0,1,0,92.68,76.1,50.04,35.67,84.39,72.65,HIGH GROWTH,20,30,89.77,21.15,70.14,84.0,18.0,50.0,33.33333333333333,68.87,54.19,56.42,0,HOLD,BEAR MARKET,-31.31,MODERATE VOLATILITY,RISK ON,45.76,Metals,0,43.35,66.03,0,50.58,0,337,C,67.57,62.15,18.1274609887706,0.09
ADOR,18339088384.0,SMALL CAP,1053.800048828125,22.373674,3.3079488,0.131185,0.4,0.105299994,0.05824,0.052,0.73,Misc,Industrials,Specialty Industrial Machinery,2026-05-16,Specialty Industrial Machinery,0,0,0,30.91,86.95,50.04,56.61,58.93,56.92,MODERATE GROWTH,46,20,70.52,85.23,53.03,58.06,96.77,25.81,0.0,70.11,51.41,56.38,0,HOLD,BEAR MARKET,-31.31,MODERATE VOLATILITY,RISK ON,40.38,Metals,0,46.46,57.31,0,49.15,0,338,C,54.24,55.79,20.199131064446053,0.1
GMRP&UI,88957894656.0,SMALL CAP,113.9000015258789,9.668931,5.780259,0.131185,674.7245700000041,0.10872,0.10697,0.16,0.134,Metals,Energy,Thermal Coal,2026-05-16,Coal,0,1,0,66.23,50.09,50.04,57.76,58.160000000000004,56.5,MODERATE GROWTH,40,30,37.5,62.5,43.75,40.0,60.0,40.0,33.33333333333333,70.9,53.36,56.37,0,HOLD,BEAR MARKET,-31.31,MODERATE VOLATILITY,RISK ON,46.06,Metals,0,45.61,57.32,0,50.89,0,339,C,56.26,57.13,19.95459308417744,0.1
FRACTAL,161647214592.0,MID CAP,940.0,54.65116,6.538721,0.115839995,13.131,0.16202,0.088549994,0.17,1.064,Technology,Technology,Software - Infrastructure,2026-05-16,Software Products,0,1,0,67.95,90.12,9.96,72.31,79.035,64.55,MODERATE GROWTH,27,30,70.59,25.49,59.8,80.0,60.0,70.0,33.33333333333333,67.37,51.36,56.35,0,HOLD,BEAR MARKET,-31.31,MODERATE VOLATILITY,RISK ON,44.68,Metals,0,43.03,63.87,0,49.52,0,340,C,64.48,58.52,17.874160048869886,0.09
BPCL,1215336808448.0,LARGE CAP,284.45001220703125,4.9383683,1.2939074,0.131185,56.386,0.08156,0.054959998,0.052,0.888,Misc,Energy,Oil & Gas Refining & Marketing,2026-05-16,Oil & Gas Refining & Marketing,0,0,0,30.91,88.36,50.04,37.92,59.635,55.54,MODERATE GROWTH,35,30,67.87,65.91,70.14,55.56,50.0,55.56,0.0,65.7,46.35,56.32,0,HOLD,BEAR MARKET,-31.31,MODERATE VOLATILITY,RISK ON,43.01,Metals,0,42.57,62.03,0,47.75,0,341,C,61.54,54.25,17.34889670610809,0.08
AIAENG,359871348736.0,MID CAP,3856.300048828125,30.959377,4.8849297,0.131185,13.852,0.24579,0.26959,0.001,0.135,Misc,Industrials,Specialty Industrial Machinery,2026-05-16,Specialty Industrial Machinery,0,0,0,22.09,66.45,50.04,82.98,44.27,49.3,SLOW GROWTH,45,40,43.18,83.78,83.21,35.48,90.32,64.52,0.0,73.28,48.36,56.27,0,HOLD,BEAR MARKET,-31.31,MODERATE VOLATILITY,RISK ON,50.41,Metals,0,46.09,54.82,0,50.79,0,342,C,54.26,55.83,20.206297502714442,0.1
EQUITASBNK,77581295616.0,SMALL CAP,67.95999908447266,26.7615915,1.2687626,0.016900001,94.248,0.32362998,0.02309,0.179,4.027,Financials,Financial Services,Banks - Regional,2026-05-16,Private Sector Banks,0,1,0,69.49,96.38,3.09,88.71,82.935,67.54,MODERATE GROWTH,33,20,73.08,19.23,17.31,80.0,16.0,8.0,33.33333333333333,68.96,51.43,56.27,0,HOLD,BEAR MARKET,-31.31,MODERATE VOLATILITY,RISK ON,40.1,Metals,0,44.98,63.15,0,48.76,0,343,C,61.77,59.08,18.82427911422654,0.09
INOXINDIA,130064097280.0,MID CAP,1433.0,50.5111,13.275033,0.131185,10.139,0.19635999,0.16590999,0.285,0.041,Misc,Industrials,Specialty Industrial Machinery,2026-05-16,Specialty Industrial Machinery,0,0,0,81.53,27.91,50.04,78.84,54.72,56.2,MODERATE GROWTH,32,50,69.07,55.18,91.16,51.61,56.45,87.1,0.0,75.04,48.65,56.26,0,HOLD,BEAR MARKET,-31.31,MODERATE VOLATILITY,RISK ON,55.92,Metals,0,44.84,58.57,0,51.99,0,344,C,60.9,59.82,19.327948303715672,0.1
GICRE,679742275584.0,LARGE CAP,387.45001220703125,7.062523,0.68278307,0.10142,27.014499999999998,0.17906,0.18316999,0.116,0.029,Misc,Financial Services,Insurance - Reinsurance,2026-05-16,Insurance - Reinsurance,0,0,0,58.95,26.72,8.55,75.57,42.835,39.25,WEAK GROWTH,47,50,30.18,86.3,91.16,100.0,100.0,100.0,0.0,71.6,46.11,56.24,0,HOLD,BEAR MARKET,-31.31,MODERATE VOLATILITY,RISK ON,54.43,Metals,0,44.65,52.71,0,50.94,0,345,C,53.06,52.54,19.437661857195707,0.1
CIEINDIA,174791213056.0,MID CAP,460.75,20.199474,2.3433168,0.131185,5.71,0.11777,0.05728,0.149,0.208,Automobiles,Consumer Cyclical,Auto Parts,2026-05-16,Auto Components,0,1,0,64.77,70.77,50.04,61.55,67.77,63.6,MODERATE GROWTH,28,30,53.33,42.22,54.44,55.26,44.74,63.16,33.33333333333333,67.2,51.21,56.2,0,HOLD,BEAR MARKET,-31.31,MODERATE VOLATILITY,RISK ON,44.6,Metals,0,43.08,63.48,0,49.43,0,346,C,63.95,58.11,17.893764434180138,0.09
DYNAMATECH,72912928768.0,SMALL CAP,10736.0,204.06767,9.539126,0.131185,77.708,0.07166,0.022909999,0.347,0.635,Automobiles,Consumer Cyclical,Auto Parts,2026-05-16,Auto Components,0,1,0,85.58,85.01,50.04,33.6,85.295,73.07,HIGH GROWTH,20,30,80.0,20.0,54.44,81.58,19.74,63.16,33.33333333333333,69.58,52.83,56.14,0,HOLD,BEAR MARKET,-31.31,MODERATE VOLATILITY,RISK ON,45.6,Metals,0,43.36,66.51,0,50.12,0,347,C,68.04,62.34,18.059096176129778,0.09
EMAMIPAP,4714691072.0,MICRO CAP,77.93000030517578,16.303347,1.0616733,0.131185,101.476,0.0917,0.01792,0.102,10.498,Misc,Basic Materials,Paper & Paper Products,2026-05-16,Paper & Paper Products,0,1,0,41.4,98.5,50.04,41.27,69.95,63.1,MODERATE GROWTH,35,10,79.29,65.91,29.42,80.0,100.0,60.0,33.33333333333333,61.99,56.58,56.0,0,HOLD,BEAR MARKET,-31.31,MODERATE VOLATILITY,RISK ON,34.64,Metals,0,43.24,62.45,0,48.25,0,348,C,59.66,54.84,18.081107814045502,0.09
JIOFIN,1538928148480.0,LARGE CAP,233.05999755859375,97.10833,1.102272,0.012130001,16.286,0.43075,0.57768,0.394,-0.14,Financials,Financial Services,Asset Management,2026-05-16,Asset Management Companies,0,0,0,87.39,18.78,2.73,94.36,53.085,47.14,SLOW GROWTH,35,70,37.18,21.79,91.03,42.86,14.29,85.71,0.0,79.85,40.79,55.96,0,HOLD,BEAR MARKET,-31.31,MODERATE VOLATILITY,RISK ON,65.16,Metals,0,45.08,55.97,0,52.29,0,349,C,60.23,59.31,19.37285644292014,0.1
BUILDPRO,27990999040.0,SMALL CAP,1154.300048828125,26.7615915,5.8415403,0.131185,18.635,0.0312,0.0,0.291,0.388,Misc,Consumer Cyclical,Home Improvement Retail,2026-05-16,Home Improvement Retail,0,1,0,82.01,79.54,50.04,17.9,80.775,68.34,MODERATE GROWTH,23,30,84.72,31.44,70.14,100.0,100.0,100.0,33.33333333333333,67.81,54.55,55.89,0,HOLD,BEAR MARKET,-31.31,MODERATE VOLATILITY,RISK ON,45.59,Metals,0,43.07,64.56,0,50.42,0,350,C,65.71,60.32,18.084245240593614,0.09
JAMNAAUTO,46451208192.0,SMALL CAP,116.19000244140625,23.956701,4.4588995,0.131185,14.586,0.14442,0.080520004,0.187,0.327,Automobiles,Consumer Cyclical,Auto Parts,2026-05-16,Auto Components,0,1,0,71.21,77.69,50.04,68.52,74.44999999999999,68.97,MODERATE GROWTH,28,20,66.67,42.22,27.78,71.05,44.74,32.89,33.33333333333333,66.49,52.93,55.79,0,HOLD,BEAR MARKET,-31.31,MODERATE VOLATILITY,RISK ON,39.86,Metals,0,43.63,64.87,0,48.66,0,351,C,64.16,58.91,18.081645181092693,0.09
FACT,571170488320.0,LARGE CAP,882.7000122070312,805.9944712000163,41.534912,0.131185,278.992,-0.03282,0.07694,0.651,0.134,Chemicals,Basic Materials,Agricultural Inputs,2026-05-16,Agrochemicals,0,1,0,92.86,50.09,50.04,8.38,71.475,60.88,MODERATE GROWTH,15,50,77.92,9.74,94.81,82.61,8.7,95.65,33.33333333333333,66.05,49.57,55.77,0,HOLD,BEAR MARKET,-31.31,MODERATE VOLATILITY,RISK ON,53.9,Metals,0,39.76,65.9,0,50.55,0,352,C,70.45,58.54,16.38628411476557,0.08
JAGSNPHARM,13844764672.0,SMALL CAP,206.2100067138672,32.679874,5.2338896,0.16695,2.956,0.13769001,0.14998999,0.096,0.238,Misc,Healthcare,Drug Manufacturers - Specialty & Generic,2026-05-16,Drug Manufacturers - Specialty & Generic,0,0,0,39.77,73.15,92.33,66.84,56.46000000000001,64.67,MODERATE GROWTH,33,30,80.3,57.01,70.14,73.91,46.74,50.0,0.0,72.13,49.45,55.7,0,HOLD,BEAR MARKET,-31.31,MODERATE VOLATILITY,RISK ON,45.4,Metals,0,45.28,61.84,0,49.48,0,353,C,61.65,59.85,19.106145251396647,0.09
DMART,2842411401216.0,MEGA CAP,4358.7001953125,95.23051,11.593891,0.12944001,9.913,0.05242,0.04316,0.189,0.196,Misc,Consumer Defensive,Discount Stores,2026-05-16,Discount Stores,0,1,0,71.56,70.02,12.08,25.93,70.78999999999999,54.56,SLOW GROWTH,20,40,66.04,21.15,83.21,100.0,100.0,100.0,33.33333333333333,59.88,47.03,55.69,0,HOLD,BEAR MARKET,-31.31,MODERATE VOLATILITY,RISK ON,46.73,Metals,0,37.8,66.54,0,47.71,0,354,C,69.21,53.0,15.097564449508617,0.07
JMA,1936236032.0,MICRO CAP,84.7699966430664,6.456207,0.7538327,0.131185,27.014499999999998,0.05862,0.04933,0.195,0.311,Automobiles,Consumer Cyclical,Auto Parts,2026-05-16,Auto Components,0,1,0,72.31,76.85,50.04,29.1,74.58,65.12,MODERATE GROWTH,35,10,57.78,63.33,12.22,60.53,69.74,14.47,33.33333333333333,63.76,53.67,55.68,0,HOLD,BEAR MARKET,-31.31,MODERATE VOLATILITY,RISK ON,34.36,Metals,0,43.66,63.47,0,47.44,0,355,C,60.65,55.75,18.085969180859692,0.09
BBTCL,3984308480.0,MICRO CAP,194.25,19.156805,3.5757017,0.131185,199.068,0.07997,0.016280001,0.261,0.134,Misc,Consumer Cyclical,Packaging & Containers,2026-05-16,Packaging & Containers,0,1,0,79.06,50.09,50.04,37.48,64.575,58.96,MODERATE GROWTH,35,20,73.23,65.91,53.03,75.0,78.12,68.75,33.33333333333333,64.11,56.52,55.68,0,HOLD,BEAR MARKET,-31.31,MODERATE VOLATILITY,RISK ON,40.16,Metals,0,43.29,60.47,0,49.53,0,356,C,58.88,55.07,18.393453573814295,0.09
AKI,504677088.0,MICRO CAP,4.889999866485596,12.868421,0.504696,0.131185,26.026,0.06653,0.023570001,0.131,0.375,Misc,Consumer Cyclical,Footwear & Accessories,2026-05-16,Footwear & Accessories,0,1,0,61.82,79.1,50.04,31.57,70.46,62.49,MODERATE GROWTH,35,10,78.91,65.91,29.42,66.67,100.0,25.0,33.33333333333333,61.55,56.34,55.67,0,HOLD,BEAR MARKET,-31.31,MODERATE VOLATILITY,RISK ON,34.47,Metals,0,43.01,62.53,0,48.01,0,357,C,59.74,54.43,17.922291735265063,0.09
IXIGO,72571953152.0,SMALL CAP,165.6199951171875,117.46099,9.600603,0.131185,3.628,0.07081,0.04745,0.314,0.436,Misc,Consumer Cyclical,Travel Services,2026-05-16,Travel Services,0,1,0,83.99,81.31,50.04,33.07,82.65,71.17,HIGH GROWTH,20,30,87.88,21.15,70.14,100.0,33.33,66.67,33.33333333333333,67.99,53.55,55.65,0,HOLD,BEAR MARKET,-31.31,MODERATE VOLATILITY,RISK ON,45.38,Metals,0,42.76,66.26,0,49.98,0,358,C,67.79,61.21,17.796191306876,0.09
AGIIL,52392656896.0,SMALL CAP,419.1499938964844,61.011646,15.207532,0.131185,42.327,0.39731,0.23962,-0.043,0.372,Misc,Real Estate,Real Estate - Development,2026-05-16,Real Estate - Development,0,0,0,18.43,78.92,50.04,92.59,48.675,53.34,SLOW GROWTH,45,30,64.39,83.78,70.14,58.33,58.33,58.33,0.0,71.52,50.83,55.63,0,HOLD,BEAR MARKET,-31.31,MODERATE VOLATILITY,RISK ON,45.59,Metals,0,46.25,55.96,0,50.04,0,359,C,54.22,55.9,20.246287576964868,0.1
ESABINDIA,101401518080.0,MID CAP,6587.5,48.076923,24.333529,0.131185,0.876,0.18845,0.14227,0.122,0.065,Misc,Industrials,Tools & Accessories,2026-05-16,Tools & Accessories,0,0,0,59.7,29.14,50.04,77.51,44.42,48.85,SLOW GROWTH,42,45,42.42,81.12,88.45,50.0,100.0,100.0,0.0,73.46,47.92,55.6,0,HOLD,BEAR MARKET,-31.31,MODERATE VOLATILITY,RISK ON,52.84,Metals,0,45.44,55.33,0,50.96,0,360,C,55.75,56.13,19.781497797356828,0.1
GALAPREC,10956622848.0,SMALL CAP,856.1500244140625,33.22274,3.9924178,0.12921,13.04,0.16133,0.1109,0.277,0.11,Misc,Industrials,Specialty Industrial Machinery,2026-05-16,Specialty Industrial Machinery,0,1,0,80.69,32.5,11.9,71.96,56.595,49.19,SLOW GROWTH,40,40,42.87,78.54,83.21,32.26,77.42,64.52,33.33333333333333,69.31,55.94,55.54,0,HOLD,BEAR MARKET,-31.31,MODERATE VOLATILITY,RISK ON,51.31,Metals,0,44.81,54.42,0,52.44,0,361,C,54.58,55.35,19.917236415976973,0.1
AMAGI,87509106688.0,SMALL CAP,404.5,805.9944712000163,-111.24863,0.131185,3.921,0.06266,0.01891,0.224,2.775,Technology,Technology,Software - Application,2026-05-16,SaaS,0,1,0,75.75,95.06,50.04,30.25,85.405,72.82,HIGH GROWTH,20,30,80.39,11.76,59.8,80.0,10.0,46.67,33.33333333333333,69.22,51.51,55.47,0,HOLD,BEAR MARKET,-31.31,MODERATE VOLATILITY,RISK ON,45.18,Metals,0,43.14,66.97,0,49.44,0,362,C,68.49,61.93,17.82414735933228,0.09
GRAPHITE,151308632064.0,MID CAP,774.4500122070312,45.87974,2.5919976,0.131185,4.572,0.02804,0.121800005,0.228,0.134,Misc,Industrials,Electrical Equipment & Parts,2026-05-16,Electrical Equipment & Parts,0,1,0,76.15,50.09,50.04,16.98,63.120000000000005,55.89,MODERATE GROWTH,25,50,68.81,34.47,91.16,56.0,26.0,88.0,33.33333333333333,69.14,53.15,55.47,0,HOLD,BEAR MARKET,-31.31,MODERATE VOLATILITY,RISK ON,55.57,Metals,0,42.38,60.15,0,52.3,0,363,C,63.43,58.26,18.08474313208133,0.09
HONASA,115221143552.0,MID CAP,354.0,74.05857,9.030151,0.131185,11.184,0.09053001,0.06865,0.162,0.949,Consumer,Consumer Defensive,Household & Personal Products,2026-05-16,FMCG – Personal Care,0,1,0,66.93,89.24,50.04,41.01,78.08500000000001,68.77,MODERATE GROWTH,20,30,76.47,17.65,41.18,66.67,12.5,33.33,33.33333333333333,65.87,50.47,55.41,0,HOLD,BEAR MARKET,-31.31,MODERATE VOLATILITY,RISK ON,44.08,Metals,0,41.62,67.34,0,48.58,0,364,C,68.84,59.29,16.978808705612828,0.08
BAJAJFINSV,2762382245888.0,MEGA CAP,1728.0999755859375,28.329508,3.5412755,0.14602,256.36,0.37205002,0.06568,0.053,0.057,Financials,Financial Services,Financial Conglomerates,2026-05-16,NBFC – Investment,0,0,0,31.22,28.44,89.95,91.53,29.83,48.02,SLOW GROWTH,43,30,42.31,32.05,28.85,75.0,62.5,56.25,0.0,65.52,37.36,55.38,0,HOLD,BEAR MARKET,-31.31,MODERATE VOLATILITY,RISK ON,40.72,Metals,0,42.24,61.57,0,44.58,0,365,C,59.96,50.44,16.548556430446194,0.07
ENDURANCE,358479265792.0,MID CAP,2548.5,37.733196,5.727494,0.131185,19.638,0.08293,0.06831,0.262,0.202,Automobiles,Consumer Cyclical,Auto Parts,2026-05-16,Auto Components,0,1,0,79.19,70.11,50.04,38.27,74.65,66.09,MODERATE GROWTH,20,40,62.22,20.0,77.78,65.79,19.74,88.16,33.33333333333333,68.61,49.78,55.28,0,HOLD,BEAR MARKET,-31.31,MODERATE VOLATILITY,RISK ON,49.6,Metals,0,42.11,65.58,0,49.85,0,366,C,68.28,60.19,17.375866050808312,0.09
ADVANIHOTR,4857643008.0,MICRO CAP,52.54999923706055,20.607843,6.256697,0.131185,0.576,0.38746,0.22561,0.027,-0.093,Misc,Consumer Cyclical,Lodging,2026-05-16,Lodging,0,0,0,26.19,20.68,50.04,92.15,23.435000000000002,35.63,WEAK GROWTH,71,25,25.76,98.48,62.25,18.75,100.0,68.75,0.0,73.02,47.84,55.17,0,HOLD,BEAR MARKET,-31.31,MODERATE VOLATILITY,RISK ON,42.72,Metals,0,49.4,46.31,0,49.07,0,367,C,40.56,49.4,23.77285851780558,0.12
BMWVENTLTD,5368525824.0,MICRO CAP,61.90999984741211,14.775656,1.2505555,0.131185,107.33,0.03568,0.017029999,0.161,0.288,Misc,Basic Materials,Steel,2026-05-16,Steel,0,1,0,66.53,75.62,50.04,19.49,71.075,61.71,MODERATE GROWTH,35,10,77.78,65.91,29.42,80.95,73.81,21.43,33.33333333333333,60.85,55.89,55.16,0,HOLD,BEAR MARKET,-31.31,MODERATE VOLATILITY,RISK ON,34.18,Metals,0,42.69,62.69,0,47.6,0,368,C,59.9,53.84,17.68144499178982,0.08
GLOBUSSPR,26257094656.0,SMALL CAP,903.2999877929688,475.42105,2.5355077,0.131185,45.349,0.07339,0.02781,0.191,14.648529300000277,Misc,Consumer Defensive,Beverages - Wineries & Distilleries,2026-05-16,Beverages - Wineries & Distilleries,0,1,0,71.87,99.51,50.04,34.57,85.69,73.45,HIGH GROWTH,20,20,90.91,21.15,53.03,100.0,25.0,66.67,33.33333333333333,65.08,52.84,55.1,0,HOLD,BEAR MARKET,-31.31,MODERATE VOLATILITY,RISK ON,39.48,Metals,0,41.99,68.51,0,48.01,0,369,C,68.84,59.9,17.153493699885452,0.08
FLAIR,35202056192.0,SMALL CAP,334.0,26.114151,3.2645242,0.131185,5.464,0.13677,0.110039994,0.201,0.119,Misc,Industrials,Business Equipment & Supplies,2026-05-16,Business Equipment & Supplies,0,1,0,73.72,32.89,50.04,66.67,53.305,53.99,SLOW GROWTH,33,40,65.4,57.01,83.21,100.0,66.67,83.33,33.33333333333333,68.25,55.66,55.07,0,HOLD,BEAR MARKET,-31.31,MODERATE VOLATILITY,RISK ON,50.98,Metals,0,43.66,57.67,0,51.91,0,370,C,58.74,56.58,18.94208235687981,0.1
BIRLACABLE,4846199808.0,MICRO CAP,161.5399932861328,64.10317,1.7784284,0.131185,41.628,0.03447,0.010629999,0.296,1.792,Misc,Technology,Communication Equipment,2026-05-16,Communication Equipment,0,1,0,82.41,92.86,50.04,18.96,87.63499999999999,73.25,HIGH GROWTH,20,20,90.78,21.15,53.03,100.0,50.0,43.75,33.33333333333333,64.99,52.79,55.01,0,HOLD,BEAR MARKET,-31.31,MODERATE VOLATILITY,RISK ON,39.44,Metals,0,41.92,68.52,0,47.94,0,371,C,68.85,59.79,17.11954187544739,0.08
AHLEAST,2789150720.0,MICRO CAP,161.3000030517578,26.7615915,1.2226738,0.131185,154.746,0.34377,-0.45623,0.134,0.134,Misc,Consumer Cyclical,Lodging,2026-05-16,Lodging,0,1,0,62.61,50.09,50.04,90.12,56.35,58.46,MODERATE GROWTH,38,10,72.6,75.13,29.42,56.25,34.38,28.12,33.33333333333333,60.32,56.29,54.99,0,WEAK,BEAR MARKET,-31.31,MODERATE VOLATILITY,RISK ON,34.15,Metals,0,42.79,61.2,0,47.66,0,372,C,58.02,52.58,17.817688919010504,0.08
IMFA,79663235072.0,SMALL CAP,1476.5,21.646387,3.173017,0.131185,17.281,0.21194,0.14006,0.093,0.406,Misc,Basic Materials,Other Industrial Metals & Mining,2026-05-16,Other Industrial Metals & Mining,0,0,0,38.76,80.25,50.04,79.89,59.504999999999995,59.65,MODERATE GROWTH,40,20,74.62,78.54,53.03,66.67,88.89,61.11,0.0,67.68,50.05,54.87,0,WEAK,BEAR MARKET,-31.31,MODERATE VOLATILITY,RISK ON,39.43,Metals,0,44.88,60.48,0,47.81,0,373,C,58.18,55.66,18.810408921933085,0.09
CENTEXT,1599200000.0,MICRO CAP,19.989999771118164,15.030074,1.7921821,0.131185,63.677,0.05688,0.023440002,0.183,0.161,Misc,Basic Materials,Aluminum,2026-05-16,Aluminum,0,1,0,70.41,67.86,50.04,28.31,69.13499999999999,61.23,MODERATE GROWTH,35,10,76.89,65.91,29.42,100.0,87.5,62.5,33.33333333333333,60.49,55.62,54.87,0,WEAK,BEAR MARKET,-31.31,MODERATE VOLATILITY,RISK ON,34.03,Metals,0,42.49,62.78,0,47.37,0,374,C,59.99,53.5,17.543859649122805,0.08
IDEAFORGE,35521462272.0,SMALL CAP,818.7000122070312,26.7615915,5.9760437,-0.028199999,13.974,0.35402,-0.07531,5.164077100000131,0.134,Misc,Technology,Computer Hardware,2026-05-16,Computer Hardware,0,1,0,99.51,50.09,1.32,90.48,74.80000000000001,61.67,MODERATE GROWTH,28,30,77.65,44.82,70.14,50.0,50.0,50.0,33.33333333333333,65.78,54.68,54.85,0,WEAK,BEAR MARKET,-31.31,MODERATE VOLATILITY,RISK ON,45.12,Metals,0,42.75,62.26,0,49.96,0,375,C,62.77,57.29,17.967696408969733,0.09
INDUSINDBK,690599690240.0,LARGE CAP,886.4000244140625,77.55031,1.0499982,0.01362,27.014499999999998,0.17665,0.05158,2.727,0.134,Financials,Financial Services,Banks - Regional,2026-05-16,Private Sector Banks,0,1,0,98.41,50.09,2.82,75.13,74.25,60.05,MODERATE GROWTH,17,50,60.26,3.85,60.9,52.0,4.0,46.0,33.33333333333333,66.75,46.32,54.78,0,WEAK,BEAR MARKET,-31.31,MODERATE VOLATILITY,RISK ON,53.27,Metals,0,39.95,66.14,0,49.32,0,376,C,70.39,58.03,16.25717887659336,0.08
FIEMIND,57066287104.0,SMALL CAP,2168.199951171875,23.419744,5.2824044,0.131185,5.696,0.11608,0.09076,0.162,0.348,Automobiles,Consumer Cyclical,Auto Parts,2026-05-16,Auto Components,0,1,0,66.93,77.82,50.04,61.02,72.375,66.77,MODERATE GROWTH,28,20,64.44,42.22,27.78,68.42,44.74,32.89,33.33333333333333,65.34,52.14,54.74,0,WEAK,BEAR MARKET,-31.31,MODERATE VOLATILITY,RISK ON,39.37,Metals,0,42.78,65.15,0,47.86,0,377,C,64.43,57.58,17.600489072290994,0.08
GKSL,10818870272.0,SMALL CAP,137.22000122070312,63.23502,30.072319,0.131185,27.014499999999998,0.23938,0.19166,0.972,0.0,Misc,Healthcare,Medical Care Facilities,2026-05-16,Medical Care Facilities,0,0,0,95.24,25.04,50.04,82.54,60.14,60.36,MODERATE GROWTH,32,40,75.69,55.18,83.21,60.0,60.0,70.0,0.0,72.93,48.8,54.62,0,WEAK,BEAR MARKET,-31.31,MODERATE VOLATILITY,RISK ON,50.43,Metals,0,44.81,60.52,0,50.16,0,378,C,61.65,59.46,18.981644054269754,0.09
EPACKPEB,20168034304.0,SMALL CAP,200.4199981689453,24.441463,2.487897,0.131185,32.125,0.08173,0.05946,0.221,0.135,Industrials,Industrials,Engineering & Construction,2026-05-16,Engineering & EPC,0,1,0,75.49,66.45,50.04,38.01,70.97,63.49,MODERATE GROWTH,28,30,73.17,29.27,75.61,73.17,29.27,75.61,33.33333333333333,67.11,52.21,54.56,0,WEAK,BEAR MARKET,-31.31,MODERATE VOLATILITY,RISK ON,44.83,Metals,0,43.14,63.13,0,49.26,0,379,C,63.61,58.04,17.966259093019655,0.09
EIHOTEL,197677613056.0,MID CAP,316.1000061035156,30.68932,4.198991,0.131185,5.176,0.38906,0.21992001,0.091,-0.08,Misc,Consumer Cyclical,Lodging,2026-05-16,Lodging,0,0,0,38.23,21.34,50.04,92.24,29.784999999999997,40.08,SLOW GROWTH,53,40,31.06,90.59,83.21,25.0,62.5,81.25,0.0,71.43,46.82,54.55,0,WEAK,BEAR MARKET,-31.31,MODERATE VOLATILITY,RISK ON,49.56,Metals,0,45.91,51.76,0,49.64,0,380,C,50.14,51.73,20.230739147438403,0.1
AWFIS,22742720512.0,SMALL CAP,317.8999938964844,39.05405,4.5447397,0.131185,290.895,0.10435,0.041350003,0.202,0.399,Misc,Industrials,Rental & Leasing Services,2026-05-16,Rental & Leasing Services,0,1,0,73.81,80.03,50.04,56.26,76.92,69.48,MODERATE GROWTH,20,30,85.67,21.15,70.14,100.0,33.33,100.0,33.33333333333333,66.31,52.55,54.49,0,WEAK,BEAR MARKET,-31.31,MODERATE VOLATILITY,RISK ON,44.72,Metals,0,42.07,66.61,0,49.08,0,381,C,68.13,59.87,17.32098944018516,0.08
ATULAUTO,14372388864.0,SMALL CAP,517.9000244140625,39.384033,6.2794027,0.131185,27.014499999999998,0.09268,0.08078,0.253,0.561,Automobiles,Consumer Cyclical,Auto Manufacturers,2026-05-16,Passenger Vehicles,0,1,0,78.48,83.55,50.04,41.8,81.015,70.9,HIGH GROWTH,20,30,71.11,20.0,54.44,71.43,28.57,14.29,33.33333333333333,67.68,50.74,54.4,0,WEAK,BEAR MARKET,-31.31,MODERATE VOLATILITY,RISK ON,44.6,Metals,0,42.39,67.24,0,48.63,0,382,C,68.75,60.58,17.370609318996415,0.08
CCAVENUE,47620349952.0,SMALL CAP,13.680000305175781,17.538462,0.94894564,0.131185,1.811,0.03235,0.03665,1.225,0.13,Technology,Technology,Software - Infrastructure,2026-05-16,Software Products,0,1,0,96.74,33.69,50.04,18.17,65.215,57.48,MODERATE GROWTH,35,30,49.02,50.98,59.8,60.0,80.0,70.0,33.33333333333333,67.28,51.91,54.33,0,WEAK,BEAR MARKET,-31.31,MODERATE VOLATILITY,RISK ON,44.8,Metals,0,43.81,60.08,0,49.24,0,383,C,59.65,55.97,18.45671887881286,0.09
GODREJCP,1063355744256.0,LARGE CAP,1039.199951171875,57.130287,8.394658,0.15099,34.899,0.19620001,0.12264,0.084,0.097,Consumer,Consumer Defensive,Household & Personal Products,2026-05-16,FMCG – Personal Care,0,0,0,37.26,31.66,90.3,78.75,34.46,50.06,SLOW GROWTH,32,50,47.06,52.94,61.76,33.33,50.0,58.33,0.0,69.49,42.8,54.3,0,WEAK,BEAR MARKET,-31.31,MODERATE VOLATILITY,RISK ON,53.07,Metals,0,42.1,60.62,0,48.68,0,384,C,62.89,55.02,17.22335263734544,0.08
HISARMETAL,831006016.0,MICRO CAP,153.88999938964844,27.777979,1.2999882,0.131185,106.756,0.041840002,0.01203,0.195,0.645,Misc,Basic Materials,Steel,2026-05-16,Steel,0,1,0,72.31,85.36,50.04,21.69,78.83500000000001,67.36,MODERATE GROWTH,28,10,83.59,44.82,29.42,85.71,40.48,21.43,33.33333333333333,60.58,53.49,54.21,0,WEAK,BEAR MARKET,-31.31,MODERATE VOLATILITY,RISK ON,33.52,Metals,0,41.62,66.68,0,46.34,0,385,C,64.77,55.33,16.825300288885508,0.08
ALKEM,655933571072.0,LARGE CAP,5486.0,27.701475,4.914608,0.131185,17.056,0.19615,0.16636999,0.107,0.016,Misc,Healthcare,Drug Manufacturers - Specialty & Generic,2026-05-16,Drug Manufacturers - Specialty & Generic,0,0,0,42.72,26.19,50.04,78.66,34.455,41.99,SLOW GROWTH,40,50,33.21,78.54,91.16,47.83,65.22,84.78,0.0,68.43,44.13,54.16,0,WEAK,BEAR MARKET,-31.31,MODERATE VOLATILITY,RISK ON,53.14,Metals,0,42.61,56.55,0,49.09,0,386,C,57.79,52.05,17.70709304303453,0.09
HATSUN,209773182976.0,MID CAP,941.75,60.25272,11.463646,0.131185,109.967,0.04615,0.03701,0.176,0.478,Misc,Consumer Defensive,Packaged Foods,2026-05-16,Packaged Foods,0,1,0,68.83,82.14,50.04,23.46,75.485,65.19,MODERATE GROWTH,20,30,81.19,21.15,70.14,69.23,25.0,65.38,33.33333333333333,63.32,50.68,54.14,0,WEAK,BEAR MARKET,-31.31,MODERATE VOLATILITY,RISK ON,43.5,Metals,0,40.38,67.26,0,47.86,0,387,C,68.77,57.14,16.379532750465817,0.08
JAYSREETEA,2613701376.0,MICRO CAP,90.51000213623047,6.3605065,0.6092857,0.131185,91.73,0.020669999,0.044320002,0.257,0.134,Misc,Consumer Defensive,Farm Products,2026-05-16,Farm Products,0,1,0,78.75,50.09,50.04,15.52,64.42,56.65,MODERATE GROWTH,35,20,69.82,65.91,53.03,80.0,70.0,85.0,33.33333333333333,61.9,55.12,54.1,0,WEAK,BEAR MARKET,-31.31,MODERATE VOLATILITY,RISK ON,39.26,Metals,0,42.34,60.96,0,48.29,0,388,C,59.36,53.26,17.647448641484427,0.08
BHARATGEAR,1706407552.0,MICRO CAP,111.12999725341797,12.967328,1.4004865,0.131185,64.485,0.033099998,0.01756,0.333,0.134,Automobiles,Consumer Cyclical,Auto Parts,2026-05-16,Auto Components,0,1,0,84.88,50.09,50.04,18.52,67.485,59.1,MODERATE GROWTH,35,20,46.67,63.33,27.78,47.37,69.74,32.89,33.33333333333333,64.37,52.25,54.06,0,WEAK,BEAR MARKET,-31.31,MODERATE VOLATILITY,RISK ON,39.16,Metals,0,42.91,61.96,0,47.65,0,389,C,60.33,54.56,17.79227131909343,0.08
GENUSPAPER,3311782144.0,MICRO CAP,12.880000114440918,34.81081,0.65751183,0.131185,84.844,0.053979997,0.00976,0.115,4.5,Misc,Basic Materials,Paper & Paper Products,2026-05-16,Paper & Paper Products,0,1,0,58.73,96.91,50.04,26.98,77.82,67.18,MODERATE GROWTH,28,10,83.21,44.82,29.42,100.0,70.0,60.0,33.33333333333333,60.23,53.3,54.01,0,WEAK,BEAR MARKET,-31.31,MODERATE VOLATILITY,RISK ON,33.38,Metals,0,41.54,66.74,0,46.18,0,390,C,64.84,55.12,16.74362089914945,0.08
DELHIVERY,356202348544.0,MID CAP,475.75,237.875,3.6986792,0.131185,17.226,0.00791,0.015520001,0.179,0.576,Misc,Industrials,Integrated Freight & Logistics,2026-05-16,Integrated Freight & Logistics,0,1,0,69.49,83.95,50.04,12.87,76.72,65.0,MODERATE GROWTH,20,30,80.81,21.15,70.14,90.91,22.73,100.0,33.33333333333333,63.14,50.55,54.0,0,WEAK,BEAR MARKET,-31.31,MODERATE VOLATILITY,RISK ON,43.42,Metals,0,40.3,67.31,0,47.75,0,391,C,68.81,56.99,16.327173757341356,0.08
AWL,258406105088.0,MID CAP,199.72999572753906,24.811178,2.6108837,0.10519,10.621,0.01844,0.013940001,0.18,0.537,Misc,Consumer Defensive,Packaged Foods,2026-05-16,Packaged Foods,0,1,0,69.71,83.25,9.08,14.81,76.47999999999999,56.83,MODERATE GROWTH,28,30,70.2,44.82,70.14,53.85,51.92,65.38,33.33333333333333,62.17,52.12,53.96,0,WEAK,BEAR MARKET,-31.31,MODERATE VOLATILITY,RISK ON,43.57,Metals,0,40.8,63.16,0,48.27,0,392,C,63.64,54.04,16.72029702970297,0.08
ASKAUTOLTD,90478592000.0,SMALL CAP,458.95001220703125,31.938066,7.8023534,0.131185,52.765,0.103269994,0.073060006,0.185,0.213,Automobiles,Consumer Cyclical,Auto Parts,2026-05-16,Auto Components,0,1,0,70.9,71.38,50.04,55.73,71.14,65.38,MODERATE GROWTH,28,20,60.0,42.22,27.78,63.16,44.74,32.89,33.33333333333333,64.55,51.15,53.87,0,WEAK,BEAR MARKET,-31.31,MODERATE VOLATILITY,RISK ON,38.92,Metals,0,42.2,65.5,0,47.12,0,393,C,64.77,56.64,17.223658202828037,0.08
BELLACASA,3201620480.0,MICRO CAP,239.14999389648438,15.975284,2.025219,0.131185,49.781,0.074889995,0.05066,0.112,0.252,Misc,Consumer Cyclical,Textile Manufacturing,2026-05-16,Textile Manufacturing,0,1,0,57.8,73.81,50.04,35.27,65.805,59.6,MODERATE GROWTH,35,10,74.24,65.91,29.42,86.49,64.86,52.7,33.33333333333333,59.17,54.69,53.84,0,WEAK,BEAR MARKET,-31.31,MODERATE VOLATILITY,RISK ON,33.47,Metals,0,41.83,63.11,0,46.56,0,394,C,60.31,52.31,17.064100473006036,0.08
BERGEPAINT,622004207616.0,LARGE CAP,533.4500122070312,55.22257,8.996846,0.17226,9.165,0.13271,0.09401,0.061,0.277,Chemicals,Basic Materials,Specialty Chemicals,2026-05-16,Specialty Chemicals,0,0,0,32.67,74.91,92.68,65.43,53.79,62.73,MODERATE GROWTH,20,40,83.12,20.78,86.36,81.48,20.37,85.19,0.0,65.96,41.97,53.82,0,WEAK,BEAR MARKET,-31.31,MODERATE VOLATILITY,RISK ON,46.98,Metals,0,40.15,68.31,0,46.41,0,395,C,70.93,57.09,15.873766161545948,0.07
BOROSCI,10533998592.0,SMALL CAP,118.43000030517578,65.43094,2.6469536,0.131185,2.192,0.10223,0.03543,0.196,1.042,Misc,Consumer Cyclical,Packaging & Containers,2026-05-16,Packaging & Containers,0,1,0,72.62,89.86,50.04,44.53,81.24000000000001,71.33,HIGH GROWTH,20,20,88.01,21.15,53.03,100.0,21.88,68.75,33.33333333333333,63.23,51.67,53.74,0,WEAK,BEAR MARKET,-31.31,MODERATE VOLATILITY,RISK ON,38.72,Metals,0,41.13,68.92,0,46.95,0,396,C,69.23,58.32,16.608287056813328,0.08
BANKBARODA,1351794032640.0,LARGE CAP,261.3999938964844,6.812614,0.8228017,0.12738,27.014499999999998,0.38452998,0.31175,-0.076,0.071,Financials,Financial Services,Banks - Regional,2026-05-16,Private Sector Banks,0,0,0,16.27,29.76,11.73,91.98,23.015,27.65,WEAK GROWTH,60,50,6.41,75.64,60.9,8.0,76.0,46.0,0.0,71.34,40.84,53.7,0,WEAK,BEAR MARKET,-31.31,MODERATE VOLATILITY,RISK ON,53.04,Metals,0,45.26,48.71,0,48.63,0,397,C,47.32,47.63,19.714403973509935,0.1
JSWDULUX,133742788608.0,MID CAP,2936.800048828125,6.775094,10.054333,0.131185,27.014499999999998,0.10244,0.0670450025,0.109,0.134,Misc,Unknown,Unknown,2026-05-16,Diversified,0,1,0,50.13,50.09,50.04,50.04,50.11,50.09,SLOW GROWTH,35,30,52.21,65.91,70.14,50.4,85.89,98.79,33.33333333333333,61.73,52.41,53.66,0,WEAK,BEAR MARKET,-31.31,MODERATE VOLATILITY,RISK ON,43.54,Metals,0,41.27,59.91,0,48.34,0,398,C,59.48,51.58,17.056878306878307,0.08
DANGEE,503498272.0,MICRO CAP,3.2699999809265137,26.7615915,3.0166051,0.131185,121.846,0.07442,-0.017549999,0.153,1.355,Hospitality,Consumer Cyclical,Restaurants,2026-05-16,Restaurants,0,1,0,65.48,91.18,50.04,35.1,78.33000000000001,68.35,MODERATE GROWTH,23,10,100.0,50.0,66.67,100.0,50.0,66.67,33.33333333333333,57.41,55.46,53.66,0,WEAK,BEAR MARKET,-31.31,MODERATE VOLATILITY,RISK ON,33.22,Metals,0,40.17,68.24,0,46.3,0,399,C,67.0,54.83,16.126470588235293,0.07
BAFNAPH,3200702208.0,MICRO CAP,135.3000030517578,33.080685,3.5110028,0.131185,35.519,0.03865,0.06553,0.154,0.95,Misc,Healthcare,Drug Manufacturers - Specialty & Generic,2026-05-16,Drug Manufacturers - Specialty & Generic,0,1,0,65.65,89.33,50.04,20.37,77.49000000000001,66.29,MODERATE GROWTH,28,10,82.07,44.82,29.42,78.26,30.43,16.3,33.33333333333333,59.79,52.95,53.59,0,WEAK,BEAR MARKET,-31.31,MODERATE VOLATILITY,RISK ON,33.18,Metals,0,41.2,66.87,0,45.85,0,400,C,64.96,54.59,16.552456033959977,0.08
AMBER,298540367872.0,MID CAP,8476.5,181.8211,8.167232,0.131185,74.27,0.05263,0.01355,0.379,0.134,Misc,Consumer Cyclical,"Furnishings, Fixtures & Appliances",2026-05-16,"Furnishings, Fixtures & Appliances",0,1,0,86.86,50.09,50.04,26.1,68.475,60.55,MODERATE GROWTH,20,40,76.01,21.15,83.21,88.24,47.06,100.0,33.33333333333333,64.9,50.53,53.55,0,WEAK,BEAR MARKET,-31.31,MODERATE VOLATILITY,RISK ON,48.86,Metals,0,40.25,65.31,0,48.96,0,401,C,68.02,56.99,16.51405389742104,0.08
ACMESOLAR,167087341568.0,MID CAP,276.0,33.78213,3.3029764,0.10406,393.194,0.64989,0.199,0.125,0.063,Energy,Utilities,Utilities - Renewable,2026-05-16,Power Generation – Renewable,0,0,0,60.71,28.84,8.73,97.35,44.775,42.82,SLOW GROWTH,48,40,14.29,100.0,50.0,14.29,100.0,50.0,0.0,70.46,45.33,53.51,0,WEAK,BEAR MARKET,-31.31,MODERATE VOLATILITY,RISK ON,48.95,Metals,0,44.72,54.53,0,48.57,0,402,C,53.55,52.09,19.098075160403305,0.09
EIHAHOTELS,19347273728.0,SMALL CAP,317.5,20.1972,3.7307734,0.131185,0.787,0.41186002,0.24168,-0.027,0.017,Misc,Consumer Cyclical,Lodging,2026-05-16,Lodging,0,0,0,19.4,26.28,50.04,93.83,22.84,35.38,WEAK GROWTH,63,35,25.38,97.03,77.97,12.5,93.75,75.0,0.0,72.22,47.25,53.48,0,WEAK,BEAR MARKET,-31.31,MODERATE VOLATILITY,RISK ON,47.37,Metals,0,47.56,48.11,0,49.21,0,403,C,44.59,49.85,21.868830883965778,0.11
GRMOVER,35434696704.0,SMALL CAP,170.75,53.69497,6.610275,0.131185,44.143,0.042719997,0.049850002,0.3,0.272,Misc,Consumer Defensive,Packaged Foods,2026-05-16,Packaged Foods,0,1,0,82.63,74.56,50.04,21.96,78.595,67.22,MODERATE GROWTH,20,30,83.46,21.15,70.14,73.08,25.0,65.38,33.33333333333333,65.26,51.8,53.48,0,WEAK,BEAR MARKET,-31.31,MODERATE VOLATILITY,RISK ON,44.26,Metals,0,41.21,66.87,0,48.3,0,404,C,68.39,58.56,16.878512753999136,0.08
AEROENTER,11505267712.0,SMALL CAP,101.73999786376953,14.596844,1.3947113,0.09559,4.218,0.16246,0.08845,0.16,0.293,Misc,Basic Materials,Steel,2026-05-16,Steel,0,1,0,66.23,76.01,7.58,72.57,71.12,58.56,MODERATE GROWTH,32,20,72.73,55.18,53.03,71.43,57.14,45.24,33.33333333333333,61.38,53.74,53.35,0,WEAK,BEAR MARKET,-31.31,MODERATE VOLATILITY,RISK ON,38.78,Metals,0,41.67,62.79,0,47.47,0,405,C,61.57,53.53,17.11043631133131,0.08
COROMANDEL,549885509632.0,LARGE CAP,1865.800048828125,28.167273,4.3768945,0.15587,11.469,0.05381,0.062140003,0.204,-0.758,Chemicals,Basic Materials,Agricultural Inputs,2026-05-16,Agrochemicals,0,0,0,73.99,2.73,90.83,26.9,38.36,47.71,SLOW GROWTH,28,60,57.14,37.66,98.7,60.87,34.78,100.0,0.0,70.24,42.32,53.23,0,WEAK,BEAR MARKET,-31.31,MODERATE VOLATILITY,RISK ON,58.14,Metals,0,41.13,60.59,0,49.31,0,406,C,64.57,55.31,16.87052005490316,0.08
HYUNDAI,1483050057728.0,LARGE CAP,1825.199951171875,27.32335,7.406686,0.29916,5.484,0.07308,0.07676,0.048,-0.222,Automobiles,Consumer Cyclical,Auto Manufacturers,2026-05-16,Passenger Vehicles,0,0,0,30.07,15.56,97.8,34.3,22.815,38.96,WEAK GROWTH,43,50,15.56,85.56,91.11,14.29,57.14,50.0,0.0,68.08,42.4,53.22,0,WEAK,BEAR MARKET,-31.31,MODERATE VOLATILITY,RISK ON,52.62,Metals,0,42.58,55.81,0,48.24,0,407,C,56.64,50.61,17.560721721027065,0.08
CSBBANK,60783132672.0,SMALL CAP,358.6499938964844,9.823337,1.271227,0.131185,27.014499999999998,0.36215,0.23852,0.079,0.058,Financials,Financial Services,Banks - Regional,2026-05-16,Private Sector Banks,0,0,0,35.67,28.57,50.04,91.18,32.120000000000005,41.61,SLOW GROWTH,60,30,25.64,75.64,28.85,16.0,76.0,16.0,0.0,72.66,44.26,53.19,0,WEAK,BEAR MARKET,-31.31,MODERATE VOLATILITY,RISK ON,44.23,Metals,0,47.49,51.51,0,47.58,0,408,C,47.75,51.26,21.02974358974359,0.1
CUMMINSIND,1494662381568.0,LARGE CAP,5392.0,66.66667,18.93212,0.131185,0.308,0.22917,0.19322,-0.013,-0.13,Misc,Industrials,Specialty Industrial Machinery,2026-05-16,Specialty Industrial Machinery,0,0,0,20.59,19.05,50.04,81.48,19.82,32.03,WEAK GROWTH,50,50,21.21,88.26,91.16,12.9,100.0,87.1,0.0,67.46,43.4,53.13,0,WEAK,BEAR MARKET,-31.31,MODERATE VOLATILITY,RISK ON,52.72,Metals,0,43.05,52.31,0,48.58,0,409,C,52.24,48.13,18.08039068369647,0.09
ESCORTS,330104176640.0,MID CAP,3000.199951171875,24.154255,2.7770863,0.120220006,1.309,0.104940005,0.20746,0.214,0.006,Misc,Industrials,Farm & Heavy Construction Machinery,2026-05-16,Farm & Heavy Construction Machinery,0,0,0,74.87,25.93,10.93,56.44,50.400000000000006,43.11,SLOW GROWTH,38,60,34.6,75.13,95.58,77.78,77.78,100.0,0.0,73.72,45.95,53.13,0,WEAK,BEAR MARKET,-31.31,MODERATE VOLATILITY,RISK ON,59.92,Metals,0,43.88,54.82,0,51.18,0,410,C,57.54,55.3,18.893064571233346,0.1
DEEDEV,34728640512.0,SMALL CAP,501.3999938964844,42.205387,4.163933,0.131185,69.855,0.118319996,0.0758,0.77,0.134,Misc,Industrials,Metal Fabrication,2026-05-16,Metal Fabrication,0,1,0,94.22,50.09,50.04,61.64,72.155,66.68,MODERATE GROWTH,20,30,82.32,21.15,70.14,63.64,9.09,54.55,33.33333333333333,64.81,51.44,53.11,0,WEAK,BEAR MARKET,-31.31,MODERATE VOLATILITY,RISK ON,44.06,Metals,0,40.98,67.0,0,48.0,0,411,C,68.51,58.15,16.731405553157817,0.08
BANARBEADS,764547584.0,MICRO CAP,115.20999908447266,40.42456,1.4844736,0.131185,27.474,0.13924,0.07202,0.347,0.16,Misc,Consumer Cyclical,Footwear & Accessories,2026-05-16,Footwear & Accessories,0,1,0,85.58,67.68,50.04,67.11,76.63,70.36,HIGH GROWTH,20,20,86.81,21.15,53.03,100.0,41.67,75.0,33.33333333333333,62.35,51.13,53.11,0,WEAK,BEAR MARKET,-31.31,MODERATE VOLATILITY,RISK ON,38.37,Metals,0,40.74,69.1,0,46.46,0,412,C,69.41,57.58,16.355631302371822,0.08
COMSYN,6173510656.0,MICRO CAP,153.0399932861328,22.57227,3.7611206,0.131185,67.103,0.096020006,0.073,0.127,0.625,Misc,Consumer Cyclical,Packaging & Containers,2026-05-16,Packaging & Containers,0,1,0,61.11,84.79,50.04,42.95,72.95,65.37,MODERATE GROWTH,28,10,81.44,44.82,29.42,93.75,46.88,37.5,33.33333333333333,58.91,52.5,53.0,0,WEAK,BEAR MARKET,-31.31,MODERATE VOLATILITY,RISK ON,32.85,Metals,0,40.83,67.03,0,45.4,0,413,C,65.11,53.88,16.300105884132506,0.07
FABTECH,6810750464.0,MICRO CAP,153.22000122070312,15.306693,1.4001006,0.12939,16.589,0.13198,0.093380004,0.175,0.234,Misc,Healthcare,Health Information Services,2026-05-16,Health Information Services,0,1,0,68.52,72.49,11.99,65.34,70.505,58.29,MODERATE GROWTH,35,10,72.35,65.91,29.42,66.67,66.67,33.33,33.33333333333333,57.98,53.93,52.98,0,WEAK,BEAR MARKET,-31.31,MODERATE VOLATILITY,RISK ON,32.98,Metals,0,41.29,63.37,0,45.88,0,414,C,60.56,51.31,16.66991552956465,0.08
IMPAL,12684672000.0,SMALL CAP,1016.4000244140625,14.576222,0.49591255,0.131185,27.014499999999998,0.07482,0.10674,0.109,0.134,Automobiles,Consumer Cyclical,Auto Parts,2026-05-16,Auto Components,0,1,0,50.13,50.09,50.04,35.19,50.11,48.6,SLOW GROWTH,40,30,33.33,80.0,54.44,34.21,86.84,63.16,33.33333333333333,64.46,52.78,52.95,0,WEAK,BEAR MARKET,-31.31,MODERATE VOLATILITY,RISK ON,44.31,Metals,0,42.79,57.53,0,48.72,0,415,C,56.46,51.95,18.08214410024365,0.09
ELIN,5886068736.0,MICRO CAP,118.41000366210938,14.09643,1.0423416,0.131185,2.771,0.01943,0.031719998,0.102,1.586,Misc,Industrials,Electrical Equipment & Parts,2026-05-16,Electrical Equipment & Parts,0,1,0,41.4,92.15,50.04,15.08,66.775,58.26,MODERATE GROWTH,35,10,72.16,65.91,29.42,60.0,66.0,18.0,33.33333333333333,57.85,53.85,52.9,0,WEAK,BEAR MARKET,-31.31,MODERATE VOLATILITY,RISK ON,32.92,Metals,0,41.28,63.4,0,45.82,0,416,C,60.59,51.25,16.642312063646695,0.08
3MINDIA,351977111552.0,MID CAP,31245.0,93.45836,21.856192,0.131185,6.416,0.17493999,0.07739,0.127,0.134,Misc,Industrials,Conglomerates,2026-05-16,Conglomerates,0,1,0,61.11,50.09,50.04,74.78,55.6,56.41,MODERATE GROWTH,27,30,69.44,36.36,70.14,80.0,75.0,75.0,33.33333333333333,61.11,50.31,52.73,0,WEAK,BEAR MARKET,-31.31,MODERATE VOLATILITY,RISK ON,42.86,Metals,0,40.07,64.24,0,47.13,0,417,C,64.83,53.23,16.171958073826524,0.08
FLEXITUFF,224179760.0,MICRO CAP,6.829999923706055,26.7615915,-0.965371,0.131185,27.014499999999998,0.8678988605550011,-1.00013,0.109,0.134,Misc,Consumer Cyclical,Textile Manufacturing,2026-05-16,Textile Manufacturing,0,1,0,50.13,50.09,50.04,99.51,50.11,55.04,MODERATE GROWTH,38,10,67.11,75.13,29.42,78.38,81.08,52.7,33.33333333333333,56.97,54.12,52.6,0,WEAK,BEAR MARKET,-31.31,MODERATE VOLATILITY,RISK ON,32.77,Metals,0,41.38,61.96,0,45.78,0,418,C,58.76,49.87,16.690093708165996,0.08
21STCENMGM,337155008.0,MICRO CAP,32.11000061035156,26.7615915,0.71030396,0.131185,27.014499999999998,0.8678988605550011,0.0,0.109,0.134,Misc,Financial Services,Capital Markets,2026-05-16,Capital Markets,0,1,0,50.13,50.09,50.04,99.51,50.11,55.04,MODERATE GROWTH,38,10,67.11,75.13,29.42,66.67,33.33,24.24,33.33333333333333,56.97,54.12,52.6,0,WEAK,BEAR MARKET,-31.31,MODERATE VOLATILITY,RISK ON,32.77,Metals,0,41.38,61.96,0,45.78,0,419,C,58.76,49.87,16.690093708165996,0.08
BAYERCROP,195489103872.0,MID CAP,4349.7998046875,29.154156,6.2581105,0.131185,3.266,0.092480004,0.11928,0.047,1.798,Chemicals,Basic Materials,Agricultural Inputs,2026-05-16,Agrochemicals,0,0,0,29.81,92.95,50.04,41.71,61.38,57.14,MODERATE GROWTH,33,30,72.73,48.7,74.68,73.91,47.83,78.26,0.0,65.61,44.46,52.56,0,WEAK,BEAR MARKET,-31.31,MODERATE VOLATILITY,RISK ON,42.52,Metals,0,42.14,63.59,0,45.94,0,420,C,63.34,54.26,16.866645943425553,0.08
BIL,9854640128.0,MICRO CAP,734.8499755859375,25.577793,1.9847937,0.131185,104.25,0.062459998,0.028859999,0.392,0.134,Misc,Consumer Cyclical,Footwear & Accessories,2026-05-16,Footwear & Accessories,0,1,0,87.3,50.09,50.04,30.07,68.695,61.1,MODERATE GROWTH,28,20,76.64,44.82,53.03,50.0,83.33,75.0,33.33333333333333,60.41,52.38,52.47,0,WEAK,BEAR MARKET,-31.31,MODERATE VOLATILITY,RISK ON,38.2,Metals,0,40.82,65.07,0,46.55,0,421,C,64.35,53.86,16.483550114766643,0.08
INFOMEDIA,275565984.0,MICRO CAP,5.489999771118164,26.7615915,-0.4288057,0.131185,27.014499999999998,0.86275,0.0,0.109,0.134,Misc,Financial Services,Shell Companies,2026-05-16,Shell Companies,0,1,0,50.13,50.09,50.04,98.94,50.11,54.98,SLOW GROWTH,38,10,66.92,75.13,29.42,100.0,100.0,83.33,33.33333333333333,56.7,53.99,52.47,0,WEAK,BEAR MARKET,-31.31,MODERATE VOLATILITY,RISK ON,32.67,Metals,0,41.34,62.0,0,45.67,0,422,C,58.8,49.74,16.63545150501672,0.08
ANUP,39391879168.0,SMALL CAP,1966.5,34.24765,6.187815,0.131185,24.782,0.17902,0.138,0.206,-0.157,Misc,Industrials,Specialty Industrial Machinery,2026-05-16,Specialty Industrial Machinery,0,0,0,74.12,18.52,50.04,75.49,46.32,49.98,SLOW GROWTH,40,40,44.19,78.54,83.21,38.71,77.42,64.52,0.0,70.68,46.68,52.34,0,WEAK,BEAR MARKET,-31.31,MODERATE VOLATILITY,RISK ON,49.34,Metals,0,44.16,57.66,0,48.54,0,423,C,57.73,54.7,18.627617912480847,0.09
CHAMBLFERT,180253458432.0,MID CAP,449.8999938964844,9.224934,1.8324074,0.131185,1.022,0.12427,0.09358,0.199,0.097,Chemicals,Basic Materials,Agricultural Inputs,2026-05-16,Agrochemicals,0,0,0,73.24,31.66,50.04,63.49,52.449999999999996,53.07,SLOW GROWTH,35,30,67.53,64.29,74.68,69.57,65.22,78.26,0.0,64.64,45.63,52.28,0,WEAK,BEAR MARKET,-31.31,MODERATE VOLATILITY,RISK ON,42.57,Metals,0,41.64,62.28,0,46.06,0,424,C,61.79,52.64,16.767001114827202,0.08
GHCLTEXTIL,8371403264.0,MICRO CAP,87.58000183105469,14.694631,0.55788773,0.047870003,8.933,0.07215,0.05337,0.282,0.94,Misc,Consumer Cyclical,Textile Manufacturing,2026-05-16,Textile Manufacturing,0,1,0,81.13,89.07,4.06,34.22,85.1,63.8,MODERATE GROWTH,25,20,79.55,34.47,53.03,91.89,36.49,74.32,33.33333333333333,60.67,51.37,52.23,0,WEAK,BEAR MARKET,-31.31,MODERATE VOLATILITY,RISK ON,38.01,Metals,0,40.47,66.77,0,46.11,0,425,C,66.43,54.73,16.233130654011564,0.07
FORTIS,727515463680.0,LARGE CAP,963.6500244140625,75.75865,7.7230396,0.131185,32.958,0.1702,0.1094,0.175,-0.216,Misc,Healthcare,Medical Care Facilities,2026-05-16,Medical Care Facilities,0,0,0,68.52,15.87,50.04,73.63,42.195,46.91,SLOW GROWTH,32,50,39.39,55.18,91.16,40.0,60.0,95.0,0.0,66.67,40.85,52.19,0,WEAK,BEAR MARKET,-31.31,MODERATE VOLATILITY,RISK ON,51.88,Metals,0,40.8,61.3,0,47.0,0,426,C,63.55,52.62,16.30364058869094,0.08
GMDCLTD,207526789120.0,MID CAP,652.5999755859375,21.695478,3.0861483,0.14189,4.475,0.21707001,0.31088,0.08,-0.143,Metals,Energy,Thermal Coal,2026-05-16,Coal,0,0,0,35.98,18.69,89.51,80.69,27.335,45.11,SLOW GROWTH,45,40,12.5,81.25,62.5,20.0,80.0,60.0,0.0,69.75,41.96,51.99,0,WEAK,BEAR MARKET,-31.31,MODERATE VOLATILITY,RISK ON,47.93,Metals,0,43.98,57.06,0,46.87,0,427,C,56.43,52.13,18.154274769284346,0.08
GICHSGFIN,8150359040.0,MICRO CAP,151.35000610351562,5.9774885,0.40791082,0.131185,451.51,0.55754,0.4413,0.099,-0.121,Misc,Financial Services,Mortgage Finance,2026-05-16,Mortgage Finance,0,0,0,40.74,19.4,50.04,96.03,30.07,40.66,SLOW GROWTH,60,20,31.88,94.57,53.03,12.5,62.5,12.5,0.0,66.23,45.46,51.87,0,WEAK,BEAR MARKET,-31.31,MODERATE VOLATILITY,RISK ON,37.92,Metals,0,45.78,53.09,0,45.56,0,428,C,48.14,47.87,19.48310948310948,0.09
CARYSIL,26123112448.0,SMALL CAP,918.4500122070312,28.900251,4.616185,0.131185,42.1,0.14674,0.10026,0.096,0.696,Misc,Consumer Cyclical,"Furnishings, Fixtures & Appliances",2026-05-16,"Furnishings, Fixtures & Appliances",0,0,0,39.77,86.68,50.04,69.05,63.22500000000001,61.17,MODERATE GROWTH,33,20,76.77,57.01,53.03,94.12,94.12,67.65,0.0,64.73,45.96,51.75,0,WEAK,BEAR MARKET,-31.31,MODERATE VOLATILITY,RISK ON,37.67,Metals,0,42.21,65.06,0,44.87,0,429,C,63.63,54.46,16.85285471143432,0.08
GODIGIT,287176032256.0,MID CAP,310.70001220703125,52.750427,6.11566,0.117089994,7.469,0.054050002,0.051960003,0.226,0.289,Misc,Financial Services,Insurance - Property & Casualty,2026-05-16,Insurance - Property & Casualty,0,1,0,76.01,75.75,10.32,27.12,75.88,57.89,MODERATE GROWTH,20,40,71.46,21.15,83.21,100.0,100.0,100.0,33.33333333333333,62.43,48.86,51.73,0,WEAK,BEAR MARKET,-31.31,MODERATE VOLATILITY,RISK ON,47.82,Metals,0,39.15,65.9,0,47.52,0,430,C,68.59,54.92,15.78387699382095,0.07
GANESHBE,6754767872.0,MICRO CAP,93.83000183105469,15.060995,1.1644617,0.131185,8.888,0.1512,0.11216,0.181,-0.122,Chemicals,Basic Materials,Specialty Chemicals,2026-05-16,Specialty Chemicals,0,0,0,69.89,19.31,50.04,70.28,44.6,48.26,SLOW GROWTH,47,20,58.44,90.26,56.49,57.41,88.89,57.41,0.0,63.58,47.74,51.69,0,WEAK,BEAR MARKET,-31.31,MODERATE VOLATILITY,RISK ON,37.83,Metals,0,43.46,58.14,0,45.59,0,431,C,54.91,49.86,17.83580754784475,0.08
AEQUS,132621066240.0,MID CAP,202.52000427246094,26.7615915,15.212199,0.131185,108.0,-0.01844,-0.04537,0.508,0.134,Misc,Industrials,Aerospace & Defense,2026-05-16,Aerospace & Defense,0,1,0,90.3,50.09,50.04,9.88,70.195,60.13,MODERATE GROWTH,18,40,75.38,9.28,83.21,66.67,11.11,33.33,33.33333333333333,62.87,47.85,51.58,0,WEAK,BEAR MARKET,-31.31,MODERATE VOLATILITY,RISK ON,47.68,Metals,0,39.03,67.15,0,47.16,0,432,C,70.09,55.7,15.670277113518075,0.07
AIROLAM,1266018816.0,MICRO CAP,84.38999938964844,46.883335,1.7124594,0.131185,117.642,0.05868,0.03221,0.292,0.274,Misc,Consumer Cyclical,"Furnishings, Fixtures & Appliances",2026-05-16,"Furnishings, Fixtures & Appliances",0,1,0,82.19,74.78,50.04,29.19,78.485,67.87,MODERATE GROWTH,20,20,84.22,21.15,53.03,100.0,47.06,67.65,33.33333333333333,60.14,49.86,51.55,0,WEAK,BEAR MARKET,-31.31,MODERATE VOLATILITY,RISK ON,37.5,Metals,0,39.74,69.55,0,45.25,0,433,C,69.85,55.73,15.7318278052223,0.07
COLPAL,587488952320.0,LARGE CAP,2160.0,44.244164,37.131905,0.131185,3.791,0.27304,0.22483,0.017,0.003,Consumer,Consumer Defensive,Household & Personal Products,2026-05-16,FMCG – Personal Care,0,0,0,24.51,25.57,50.04,84.92,25.04,36.03,WEAK GROWTH,45,50,17.65,67.65,61.76,16.67,66.67,58.33,0.0,67.02,39.6,51.55,0,WEAK,BEAR MARKET,-31.31,MODERATE VOLATILITY,RISK ON,51.66,Metals,0,42.07,55.89,0,46.69,0,434,C,56.44,48.79,16.988161559888578,0.08
DHRUV,545288832.0,MICRO CAP,28.75,26.7615915,0.5358607,0.131185,22.271,0.8678988605550011,-0.4241,0.109,0.134,Industrials,Industrials,Engineering & Construction,2026-05-16,Engineering & EPC,0,1,0,50.13,50.09,50.04,99.51,50.11,55.04,MODERATE GROWTH,38,10,60.98,63.41,19.51,60.98,63.41,19.51,33.33333333333333,56.97,51.45,51.53,0,WEAK,BEAR MARKET,-31.31,MODERATE VOLATILITY,RISK ON,32.11,Metals,0,41.11,62.89,0,44.57,0,435,C,59.67,49.47,16.30789517059502,0.07
AUROPHARMA,878055915520.0,LARGE CAP,1511.800048828125,25.18827,2.5054898,0.131185,22.248,0.15135999,0.10509,0.084,0.076,Misc,Healthcare,Drug Manufacturers - Specialty & Generic,2026-05-16,Drug Manufacturers - Specialty & Generic,0,0,0,37.26,30.2,50.04,70.37,33.73,40.66,SLOW GROWTH,40,40,31.88,78.54,83.21,43.48,65.22,67.39,0.0,62.7,41.64,51.46,0,WEAK,BEAR MARKET,-31.31,MODERATE VOLATILITY,RISK ON,46.08,Metals,0,40.39,59.43,0,45.45,0,436,C,59.44,48.18,15.943084050297816,0.07
BIKAJI,167755186176.0,MID CAP,669.0499877929688,67.99288,11.199552,0.131185,19.446,0.094069995,0.08538,0.105,1.175,Misc,Consumer Defensive,Packaged Foods,2026-05-16,Packaged Foods,0,1,0,42.2,90.56,50.04,42.2,66.38,60.69,MODERATE GROWTH,20,30,76.26,21.15,70.14,61.54,25.0,65.38,33.33333333333333,59.7,48.49,51.46,0,WEAK,BEAR MARKET,-31.31,MODERATE VOLATILITY,RISK ON,42.05,Metals,0,38.59,68.03,0,45.79,0,437,C,69.51,53.92,15.294284498652672,0.07
BANSALWIRE,47585181696.0,SMALL CAP,303.95001220703125,29.595911,3.3253834,0.11923,38.769,0.05409,0.03869,0.209,0.209,Misc,Basic Materials,Steel,2026-05-16,Steel,0,1,0,74.47,70.9,10.67,27.25,72.685,55.74,MODERATE GROWTH,28,30,68.31,44.82,70.14,66.67,40.48,66.67,33.33333333333333,61.29,51.49,51.27,0,WEAK,BEAR MARKET,-31.31,MODERATE VOLATILITY,RISK ON,43.2,Metals,0,40.36,63.38,0,47.13,0,438,C,63.85,53.09,16.373168851195068,0.08
IFCI,170523148288.0,MID CAP,63.290000915527344,91.72464,1.9621155,0.131185,27.014499999999998,0.8678988605550011,0.0,0.109,0.134,Financials,Financial Services,Credit Services,2026-05-16,NBFC – Lending,0,1,0,50.13,50.09,50.04,99.51,50.11,55.04,MODERATE GROWTH,30,30,55.77,16.03,28.85,53.7,14.81,35.19,33.33333333333333,62.08,45.6,51.27,0,WEAK,BEAR MARKET,-31.31,MODERATE VOLATILITY,RISK ON,41.92,Metals,0,40.32,64.54,0,45.32,0,439,C,64.7,52.4,15.951293759512936,0.07
BALAMINES,55282585600.0,SMALL CAP,1706.199951171875,38.315742,2.936393,0.08113,6.194,0.21871,0.11501,0.141,0.617,Chemicals,Basic Materials,Specialty Chemicals,2026-05-16,Specialty Chemicals,0,1,0,63.58,84.66,7.05,80.78,74.12,61.37,MODERATE GROWTH,22,30,80.52,25.97,74.68,79.63,25.93,74.07,33.33333333333333,61.64,50.63,51.24,0,WEAK,BEAR MARKET,-31.31,MODERATE VOLATILITY,RISK ON,43.07,Metals,0,39.84,66.38,0,46.76,0,440,C,67.63,55.04,16.039632813638352,0.07
INDOSTAR,31854082048.0,SMALL CAP,197.13999938964844,4.8377914,0.73802316,0.131185,142.897,0.039690003,0.9162966367000018,0.582,-0.707,Financials,Financial Services,Credit Services,2026-05-16,NBFC – Lending,0,0,0,91.62,3.79,50.04,20.9,47.705000000000005,45.49,SLOW GROWTH,45,50,33.33,36.54,60.9,25.93,35.19,72.22,0.0,75.57,40.71,51.02,0,WEAK,BEAR MARKET,-31.31,MODERATE VOLATILITY,RISK ON,54.07,Metals,0,45.49,55.5,0,48.1,0,441,C,56.06,54.95,19.26042762004907,0.09
CAMPUS,72801468416.0,SMALL CAP,238.22999572753906,51.564934,9.127586,0.131185,48.005,0.14927,0.08177,0.143,0.362,Misc,Consumer Cyclical,Footwear & Accessories,2026-05-16,Footwear & Accessories,0,1,0,63.76,78.48,50.04,69.93,71.12,66.78,MODERATE GROWTH,20,20,82.45,21.15,53.03,83.33,41.67,75.0,33.33333333333333,59.44,49.32,50.94,0,WEAK,BEAR MARKET,-31.31,MODERATE VOLATILITY,RISK ON,37.19,Metals,0,39.3,69.74,0,44.77,0,442,C,70.03,55.0,15.486414191186821,0.07
GALLANTT,179730186240.0,MID CAP,744.9000244140625,37.17066,6.3228393,0.131185,27.014499999999998,0.13781,0.11146,0.109,0.134,Misc,Basic Materials,Steel,2026-05-16,Steel,0,1,0,50.13,50.09,50.04,66.93,50.11,51.78,SLOW GROWTH,25,40,62.37,34.47,83.21,57.14,26.19,80.95,33.33333333333333,60.93,48.9,50.9,0,WEAK,BEAR MARKET,-31.31,MODERATE VOLATILITY,RISK ON,47.46,Metals,0,39.01,63.64,0,47.16,0,443,C,65.68,52.26,15.674865026994599,0.07
ESAFSFB,15062909952.0,SMALL CAP,29.209999084472656,26.7615915,0.8573022,0.131185,27.014499999999998,0.019919999,-0.28413,1.423,0.134,Financials,Financial Services,Banks - Regional,2026-05-16,Private Sector Banks,0,1,0,97.44,50.09,50.04,15.34,73.765,63.18,MODERATE GROWTH,23,30,64.1,10.9,28.85,64.0,8.0,16.0,33.33333333333333,64.02,46.86,50.84,0,WEAK,BEAR MARKET,-31.31,MODERATE VOLATILITY,RISK ON,42.72,Metals,0,40.5,67.25,0,45.75,0,444,C,68.33,55.96,16.14308380210587,0.07
HINDALCO,2387093487616.0,MEGA CAP,1067.5,14.770998,1.7571871,0.131185,57.571,0.0868,0.06143,0.139,-0.451,Misc,Basic Materials,Aluminum,2026-05-16,Aluminum,0,0,0,63.4,9.79,50.04,39.86,36.595,39.61,WEAK GROWTH,35,40,30.56,65.91,83.21,50.0,87.5,100.0,0.0,58.11,37.71,50.78,0,WEAK,BEAR MARKET,-31.31,MODERATE VOLATILITY,RISK ON,43.96,Metals,0,37.63,63.05,0,43.18,0,445,C,63.68,45.78,14.155844155844155,0.06
ARVINDFASN,57926074368.0,SMALL CAP,433.3999938964844,46.95558,6.1285667,0.15903,115.111,0.08845,0.0231,0.154,0.134,Misc,Consumer Cyclical,Apparel Manufacturing,2026-05-16,Apparel Manufacturing,0,1,0,65.65,50.09,91.45,40.21,57.870000000000005,62.82,MODERATE GROWTH,20,30,79.17,21.15,70.14,83.33,29.17,91.67,33.33333333333333,61.46,49.63,50.78,0,WEAK,BEAR MARKET,-31.31,MODERATE VOLATILITY,RISK ON,42.77,Metals,0,39.45,67.63,0,46.22,0,446,C,69.13,55.32,15.776415228860687,0.07
AEGISLOG,236626657280.0,MID CAP,674.1500244140625,30.769056,3.9808795,0.131185,28.45,0.14162,0.103369996,0.011,0.424,Misc,Energy,Oil & Gas Refining & Marketing,2026-05-16,Oil & Gas Refining & Marketing,0,0,0,23.41,80.78,50.04,67.9,52.095,53.26,SLOW GROWTH,33,30,64.14,57.01,70.14,44.44,22.22,55.56,0.0,62.96,43.36,50.69,0,WEAK,BEAR MARKET,-31.31,MODERATE VOLATILITY,RISK ON,41.58,Metals,0,40.68,63.97,0,44.58,0,447,C,63.72,51.76,15.99505562422744,0.07
DOLATALGO,13594240000.0,SMALL CAP,77.23999786376953,11.161849,1.2802917,0.131185,18.689,0.59512,0.33442003,-0.08,0.042,Misc,Financial Services,Capital Markets,2026-05-16,Capital Markets,0,0,0,15.78,28.04,50.04,96.91,21.91,35.04,WEAK GROWTH,60,30,24.87,94.57,70.14,42.42,78.79,60.61,0.0,66.84,44.65,50.58,0,WEAK,BEAR MARKET,-31.31,MODERATE VOLATILITY,RISK ON,42.87,Metals,0,45.23,51.37,0,46.1,0,448,C,47.62,46.93,19.3048128342246,0.09
INGERRAND,138858168320.0,MID CAP,4398.7001953125,53.760696,21.358616,0.131185,1.509,0.24291,0.18294,0.182,-0.074,Misc,Industrials,Specialty Industrial Machinery,2026-05-16,Specialty Industrial Machinery,0,0,0,70.15,21.78,50.04,82.8,45.965,50.46,SLOW GROWTH,32,40,60.86,55.18,83.21,41.94,56.45,64.52,0.0,65.17,43.47,50.57,0,WEAK,BEAR MARKET,-31.31,MODERATE VOLATILITY,RISK ON,47.16,Metals,0,40.81,62.39,0,45.99,0,449,C,63.46,52.52,16.295376977970836,0.07
DBL,71719395328.0,SMALL CAP,441.5,4.623037,0.94825715,0.131185,170.648,0.14361,0.14429,-0.174,4.002,Industrials,Industrials,Engineering & Construction,2026-05-16,Engineering & EPC,0,0,0,10.01,96.3,50.04,68.34,53.155,54.05,SLOW GROWTH,40,20,56.1,68.29,46.34,56.1,68.29,46.34,0.0,63.4,44.02,50.27,0,WEAK,BEAR MARKET,-31.31,MODERATE VOLATILITY,RISK ON,36.86,Metals,0,42.32,62.59,0,43.76,0,450,C,60.23,51.24,16.73689367956884,0.07
AYE,30628374528.0,SMALL CAP,125.2699966430664,13.048958,1.0923344,0.0924,199.987,0.33492002,0.19490999,0.085,0.791,Financials,Financial Services,Credit Services,2026-05-16,NBFC – Lending,0,0,0,37.52,87.65,7.5,89.42,62.58500000000001,54.25,SLOW GROWTH,45,20,51.28,36.54,17.31,44.44,35.19,25.93,0.0,66.58,39.8,50.16,0,WEAK,BEAR MARKET,-31.31,MODERATE VOLATILITY,RISK ON,36.6,Metals,0,43.97,61.82,0,42.94,0,451,C,58.77,51.86,17.353187217667724,0.07
CONTROLPR,10082751488.0,SMALL CAP,630.4000244140625,10.172665,2.2447586,0.131185,1.652,0.11034001,0.21332,0.15,-0.364,Misc,Industrials,Business Equipment & Supplies,2026-05-16,Business Equipment & Supplies,0,0,0,65.08,11.64,50.04,58.47,38.36,42.71,SLOW GROWTH,45,40,33.84,83.78,83.21,33.33,100.0,83.33,0.0,67.55,44.66,50.04,0,WEAK,BEAR MARKET,-31.31,MODERATE VOLATILITY,RISK ON,48.05,Metals,0,43.41,56.12,0,46.87,0,452,C,55.52,50.76,17.961783439490443,0.08
JSWCEMENT,165202345984.0,MID CAP,123.16999816894531,26.7615915,2.477173,0.131185,75.362,0.12573,-0.17023,0.132,0.134,Misc,Basic Materials,Building Materials,2026-05-16,Building Materials,0,1,0,62.13,50.09,50.04,64.11,56.11,55.7,MODERATE GROWTH,23,30,68.18,31.44,70.14,70.59,55.88,73.53,33.33333333333333,57.23,47.84,50.03,0,WEAK,BEAR MARKET,-31.31,MODERATE VOLATILITY,RISK ON,41.27,Metals,0,37.98,66.91,0,44.88,0,453,C,68.0,51.21,14.843478260869565,0.07
AJOONI,719978240.0,MICRO CAP,4.179999828338623,20.9,0.7562873,0.05514,11.321,0.03778,0.03232,0.726,1.5,Misc,Consumer Defensive,Packaged Foods,2026-05-16,Packaged Foods,0,1,0,93.61,91.89,4.41,20.19,92.75,67.83,MODERATE GROWTH,18,20,83.96,9.28,53.03,76.92,9.62,48.08,33.33333333333333,58.82,47.51,49.98,0,WEAK,BEAR MARKET,-31.31,MODERATE VOLATILITY,RISK ON,36.58,Metals,0,38.69,71.27,0,43.75,0,454,D,71.81,54.87,15.07210548001648,0.07
CASTROLIND,179466371072.0,MID CAP,181.44000244140625,18.724459,9.4440975,0.131185,3.305,0.19521,0.16386,0.087,0.038,Misc,Energy,Oil & Gas Refining & Marketing,2026-05-16,Oil & Gas Refining & Marketing,0,0,0,37.79,27.6,50.04,78.48,32.695,40.74,SLOW GROWTH,47,30,32.13,86.3,70.14,11.11,77.78,55.56,0.0,62.61,42.81,49.97,0,WEAK,BEAR MARKET,-31.31,MODERATE VOLATILITY,RISK ON,41.36,Metals,0,41.84,57.87,0,44.4,0,455,D,55.79,47.22,16.6296883254094,0.07
HALEOSLABS,4730536960.0,MICRO CAP,1564.699951171875,23.80858,2.291194,0.131185,31.368,0.10697,0.05708,0.12,0.211,Healthcare,Healthcare,Biotechnology,2026-05-16,Biotechnology,0,1,0,59.35,71.12,50.04,57.32,65.235,61.4,MODERATE GROWTH,28,10,85.71,35.71,21.43,100.0,41.67,25.0,33.33333333333333,54.14,49.87,49.96,0,WEAK,BEAR MARKET,-31.31,MODERATE VOLATILITY,RISK ON,31.0,Metals,0,39.18,67.95,0,43.04,0,456,D,66.01,50.43,15.051484853007013,0.06
CELLO,87691362304.0,SMALL CAP,397.0,28.418037,3.8317504,0.131185,0.221,0.17953,0.13387999,0.002,-0.278,Misc,Consumer Cyclical,"Furnishings, Fixtures & Appliances",2026-05-16,"Furnishings, Fixtures & Appliances",0,0,0,22.4,13.67,50.04,75.75,18.035,30.21,WEAK GROWTH,65,30,17.42,97.41,70.14,17.65,100.0,94.12,0.0,66.4,43.78,49.9,0,WEAK,BEAR MARKET,-31.31,MODERATE VOLATILITY,RISK ON,42.54,Metals,0,45.45,49.43,0,45.64,0,457,D,45.02,44.96,19.539330725771404,0.09
ARROWGREEN,7286720000.0,MICRO CAP,482.95001220703125,14.183555,3.4461968,0.131185,1.218,0.30806,0.23794001,0.017,0.034,Misc,Consumer Cyclical,Packaging & Containers,2026-05-16,Packaging & Containers,0,0,0,24.51,27.25,50.04,87.65,25.880000000000003,36.89,WEAK GROWTH,60,20,26.89,94.57,53.03,31.25,100.0,68.75,0.0,63.67,43.69,49.77,0,WEAK,BEAR MARKET,-31.31,MODERATE VOLATILITY,RISK ON,36.84,Metals,0,44.28,53.71,0,43.92,0,458,D,48.75,45.34,18.22713567839196,0.08
INDNIPPON,16979640320.0,SMALL CAP,750.5999755859375,17.271053,2.1628067,0.131185,27.014499999999998,0.14819999,0.09809,0.109,0.134,Automobiles,Consumer Cyclical,Auto Parts,2026-05-16,Auto Components,0,1,0,50.13,50.09,50.04,69.58,50.11,52.04,SLOW GROWTH,35,20,42.22,63.33,27.78,42.11,69.74,32.89,33.33333333333333,57.98,49.02,49.76,0,WEAK,BEAR MARKET,-31.31,MODERATE VOLATILITY,RISK ON,36.75,Metals,0,40.12,63.09,0,44.39,0,459,D,61.43,49.32,15.800096107640558,0.07
JOCIL,1199932160.0,MICRO CAP,135.11000061035156,19.58116,0.5722939,0.131185,2.606,0.00769,0.00641,0.194,0.134,Chemicals,Basic Materials,Specialty Chemicals,2026-05-16,Specialty Chemicals,0,1,0,72.13,50.09,50.04,12.79,61.11,54.06,SLOW GROWTH,35,10,70.13,64.29,33.77,70.37,64.81,36.11,33.33333333333333,52.73,51.26,49.75,0,WEAK,BEAR MARKET,-31.31,MODERATE VOLATILITY,RISK ON,31.0,Metals,0,39.55,64.31,0,43.4,0,460,D,61.47,47.6,15.239314871138149,0.07
GULPOLY,11828531200.0,SMALL CAP,190.22000122070312,15.502852,1.8493277,0.131185,70.759,0.11688,0.03361,0.028,5.074,Misc,Basic Materials,Chemicals,2026-05-16,Chemicals,0,0,0,26.54,97.0,50.04,61.38,61.769999999999996,59.38,MODERATE GROWTH,35,10,73.8,65.91,29.42,79.17,60.42,35.42,0.0,59.08,44.59,49.73,0,WEAK,BEAR MARKET,-31.31,MODERATE VOLATILITY,RISK ON,30.92,Metals,0,40.74,66.64,0,41.94,0,461,D,63.74,50.68,15.656472042014208,0.07
EASTSILK,290249984.0,MICRO CAP,58.04999923706055,805.9944712000163,0.46260875,0.131185,102.786,-0.051459998,0.13909,0.615,0.134,Misc,Consumer Cyclical,Textile Manufacturing,2026-05-16,Textile Manufacturing,0,1,0,92.33,50.09,50.04,7.32,71.21000000000001,60.59,MODERATE GROWTH,20,30,76.14,21.15,70.14,89.19,18.92,90.54,33.33333333333333,59.61,48.44,49.4,0,WEAK,BEAR MARKET,-31.31,MODERATE VOLATILITY,RISK ON,42.01,Metals,0,38.55,68.05,0,45.14,0,462,D,69.53,53.7,15.22756273925989,0.07
GRAVITA,122955988992.0,MID CAP,1688.0999755859375,32.469704,5.013081,0.16680999,29.934,0.094069995,0.08724,0.131,-0.032,Misc,Industrials,Metal Fabrication,2026-05-16,Metal Fabrication,0,0,0,61.82,23.54,92.24,42.2,42.68,52.54,SLOW GROWTH,28,40,63.51,44.82,83.21,36.36,40.91,72.73,0.0,63.84,41.79,49.38,0,WEAK,BEAR MARKET,-31.31,MODERATE VOLATILITY,RISK ON,46.41,Metals,0,39.77,64.77,0,44.82,0,463,D,66.35,52.52,15.596139569413515,0.07
GNA,15938059264.0,SMALL CAP,371.25,14.28434,1.6917909,0.131185,27.014499999999998,0.12595001,0.0785,0.109,0.134,Automobiles,Consumer Cyclical,Auto Parts,2026-05-16,Auto Components,0,1,0,50.13,50.09,50.04,64.29,50.11,51.51,SLOW GROWTH,35,20,40.0,63.33,27.78,39.47,69.74,32.89,33.33333333333333,57.32,48.43,49.25,0,WEAK,BEAR MARKET,-31.31,MODERATE VOLATILITY,RISK ON,36.44,Metals,0,39.87,63.3,0,43.97,0,464,D,61.63,48.82,15.589972856458566,0.07
DLF,1402882883584.0,LARGE CAP,566.75,31.7507,3.0879838,0.10031,0.673,0.19984,0.53876996,-0.42,-0.011,Misc,Real Estate,Real Estate - Development,2026-05-16,Real Estate - Development,0,0,0,4.32,24.29,8.2,78.92,14.305,19.55,WEAK GROWTH,55,55,4.67,91.92,93.88,12.5,81.25,83.33,0.0,63.93,40.06,49.17,0,WEAK,BEAR MARKET,-31.31,MODERATE VOLATILITY,RISK ON,53.5,Metals,0,41.1,50.23,0,46.36,0,465,D,50.08,42.44,16.617071260767425,0.08
ABCAPITAL,936024014848.0,LARGE CAP,357.1499938964844,25.063158,2.7181811,0.11181,491.748,0.13699001,0.116450004,0.077,0.301,Financials,Financial Services,Financial Conglomerates,2026-05-16,NBFC – Investment,0,0,0,35.45,76.41,9.52,66.75,55.93,47.73,SLOW GROWTH,33,40,41.03,19.23,44.23,62.5,37.5,87.5,0.0,63.49,34.44,49.14,0,WEAK,BEAR MARKET,-31.31,MODERATE VOLATILITY,RISK ON,44.48,Metals,0,39.35,65.1,0,42.34,0,466,D,65.95,49.83,14.8857356235997,0.06
BUTTERFLY,12723088384.0,SMALL CAP,711.5999755859375,29.417112,3.4168499,0.13085,2.054,0.07087,0.04797,0.181,0.267,Misc,Consumer Cyclical,"Furnishings, Fixtures & Appliances",2026-05-16,"Furnishings, Fixtures & Appliances",0,1,0,69.89,74.43,12.17,33.25,72.16,56.27,MODERATE GROWTH,28,20,69.32,44.82,53.03,82.35,85.29,67.65,33.33333333333333,55.47,49.31,49.05,0,WEAK,BEAR MARKET,-31.31,MODERATE VOLATILITY,RISK ON,36.2,Metals,0,38.83,66.14,0,43.86,0,467,D,65.39,49.96,15.05045940653713,0.07
ALPEXSOLAR,20531959808.0,SMALL CAP,969.6500244140625,11.324919,4.355467,0.131185,27.014499999999998,0.10244,0.0670450025,0.109,0.134,Misc,Unknown,Unknown,2026-05-16,Diversified,0,1,0,50.13,50.09,50.04,50.04,50.11,50.09,SLOW GROWTH,35,20,52.21,65.91,53.03,50.4,85.89,92.74,33.33333333333333,55.34,49.85,49.04,0,WEAK,BEAR MARKET,-31.31,MODERATE VOLATILITY,RISK ON,36.3,Metals,0,39.52,62.8,0,44.15,0,468,D,61.15,47.85,15.398230088495577,0.07
IRBINVIT,85072601088.0,SMALL CAP,61.0,10.503164,2.414342,0.131185,27.014499999999998,0.10244,0.0670450025,0.109,0.134,Misc,Unknown,Unknown,2026-05-16,Diversified,0,1,0,50.13,50.09,50.04,50.04,50.11,50.09,SLOW GROWTH,35,20,52.21,65.91,53.03,50.4,85.89,92.74,33.33333333333333,55.34,49.85,49.04,0,WEAK,BEAR MARKET,-31.31,MODERATE VOLATILITY,RISK ON,36.3,Metals,0,39.52,62.8,0,44.15,0,469,D,61.15,47.85,15.398230088495577,0.07
GLOSTERLTD,7367002624.0,MICRO CAP,673.2000122070312,97.14286,0.68132687,0.131185,69.656,0.05669,0.00574,1.153,0.134,Misc,Consumer Cyclical,Textile Manufacturing,2026-05-16,Textile Manufacturing,0,1,0,96.3,50.09,50.04,28.22,73.195,64.07,MODERATE GROWTH,20,20,79.67,21.15,53.03,94.59,18.92,74.32,33.33333333333333,56.26,47.63,48.93,0,WEAK,BEAR MARKET,-31.31,MODERATE VOLATILITY,RISK ON,35.97,Metals,0,38.19,70.33,0,43.22,0,470,D,70.61,52.69,14.715821812596007,0.06
DCMFINSERV,103987752.0,MICRO CAP,4.699999809265137,26.7615915,-0.20941007,0.131185,27.014499999999998,0.8678988605550011,0.0,0.109,0.134,Financials,Financial Services,Credit Services,2026-05-16,NBFC – Lending,0,1,0,50.13,50.09,50.04,99.51,50.11,55.04,MODERATE GROWTH,38,10,55.77,25.0,8.33,53.7,18.52,12.96,33.33333333333333,56.97,44.9,48.91,0,WEAK,BEAR MARKET,-31.31,MODERATE VOLATILITY,RISK ON,30.47,Metals,0,40.45,65.18,0,41.61,0,471,D,61.89,48.48,15.417395452377164,0.06
JETFREIGHT,982832128.0,MICRO CAP,21.18000030517578,24.917646,1.449692,0.100710005,104.6,0.05805,0.015190001,0.124,8.429,Misc,Industrials,Integrated Freight & Logistics,2026-05-16,Integrated Freight & Logistics,0,1,0,60.41,98.06,8.29,28.75,79.235,60.0,MODERATE GROWTH,28,10,75.13,44.82,29.42,72.73,54.55,54.55,33.33333333333333,52.2,48.87,48.8,0,WEAK,BEAR MARKET,-31.31,MODERATE VOLATILITY,RISK ON,30.27,Metals,0,38.59,68.3,0,42.14,0,472,D,66.35,49.13,14.589458054936898,0.06
EQUIPPP,1527871232.0,MICRO CAP,14.819999694824219,211.71428,17.642857,0.131185,71.587,0.04645,0.04622,5.164077100000131,0.134,Technology,Technology,Information Technology Services,2026-05-16,IT Services,0,1,0,99.51,50.09,50.04,23.72,74.80000000000001,64.74,MODERATE GROWTH,20,20,73.53,11.76,40.2,75.81,9.68,50.0,33.33333333333333,57.5,45.79,48.64,0,WEAK,BEAR MARKET,-31.31,MODERATE VOLATILITY,RISK ON,35.82,Metals,0,38.24,70.97,0,42.64,0,473,D,71.23,53.07,14.694725183441781,0.06
IZMO,9815449600.0,MICRO CAP,656.0,26.451614,2.5755386,0.131185,3.329,0.16092,0.1577,0.008,0.924,Technology,Technology,Software - Application,2026-05-16,SaaS,0,0,0,22.97,88.8,50.04,71.87,55.885,56.31,MODERATE GROWTH,40,10,47.06,61.76,21.57,40.0,56.67,13.33,0.0,60.05,40.34,48.41,0,WEAK,BEAR MARKET,-31.31,MODERATE VOLATILITY,RISK ON,30.1,Metals,0,41.24,65.88,0,40.38,0,474,D,62.28,49.33,15.59102402022756,0.06
AIRAN,2121589376.0,MICRO CAP,16.969999313354492,25.328356,1.4359452,0.131185,0.678,0.04694,0.07519,0.093,3.429,Technology,Technology,Information Technology Services,2026-05-16,IT Services,0,0,0,38.76,95.77,50.04,23.99,67.265,59.49,MODERATE GROWTH,38,5,56.86,55.88,11.76,58.06,56.45,19.35,0.0,58.47,40.3,48.34,0,WEAK,BEAR MARKET,-31.31,MODERATE VOLATILITY,RISK ON,27.19,Metals,0,40.8,67.8,0,39.53,0,475,D,63.86,49.4,15.232809127351217,0.06
DYCL,14922839040.0,SMALL CAP,307.95001220703125,17.759516,3.6383939,0.20319,9.424,0.09669,0.0701,0.073,0.026,Misc,Industrials,Electrical Equipment & Parts,2026-05-16,Electrical Equipment & Parts,0,0,0,34.79,26.54,95.15,43.12,30.665,44.81,SLOW GROWTH,43,30,35.86,81.82,70.14,36.0,86.0,50.0,0.0,63.05,42.87,48.32,0,WEAK,BEAR MARKET,-31.31,MODERATE VOLATILITY,RISK ON,41.48,Metals,0,41.67,59.65,0,43.92,0,476,D,58.09,48.65,16.466407175495007,0.07
AARON,2755090176.0,MICRO CAP,131.52999877929688,39.38024,6.189938,0.131185,72.439,0.16535,0.08141,0.265,0.128,Misc,Industrials,Specialty Industrial Machinery,2026-05-16,Specialty Industrial Machinery,0,1,0,79.32,33.38,50.04,73.1,56.349999999999994,56.76,MODERATE GROWTH,27,20,69.95,36.36,53.03,54.84,41.94,25.81,33.33333333333333,54.76,47.85,48.23,0,WEAK,BEAR MARKET,-31.31,MODERATE VOLATILITY,RISK ON,35.65,Metals,0,38.45,67.1,0,43.03,0,477,D,66.47,49.66,14.720616570327552,0.06
GREENPANEL,24852893696.0,SMALL CAP,202.6699981689453,26.7615915,1.8447521,0.131185,30.888,0.03712,-0.00074,0.158,0.203,Misc,Basic Materials,Lumber & Wood Production,2026-05-16,Lumber & Wood Production,0,1,0,65.87,70.19,50.04,20.02,68.03,59.63,MODERATE GROWTH,23,20,74.49,31.44,53.03,75.0,75.0,62.5,33.33333333333333,54.41,47.65,48.04,0,WEAK,BEAR MARKET,-31.31,MODERATE VOLATILITY,RISK ON,35.52,Metals,0,37.84,68.97,0,42.77,0,478,D,68.86,50.49,14.454623532779847,0.06
ABDL,155337015296.0,MID CAP,555.3499755859375,68.057594,10.277787,0.13551,68.251,0.07982,0.030050002,1.087,-0.48,Misc,Consumer Defensive,Beverages - Wineries & Distilleries,2026-05-16,Beverages - Wineries & Distilleries,0,0,0,95.86,9.26,88.71,37.3,52.56,58.26,MODERATE GROWTH,20,40,72.16,21.15,83.21,83.33,25.0,100.0,0.0,62.79,39.11,47.99,0,WEAK,BEAR MARKET,-31.31,MODERATE VOLATILITY,RISK ON,45.48,Metals,0,38.3,69.31,0,43.2,0,479,D,71.9,53.71,14.735253772290807,0.06
FCSSOFT,2735284992.0,MICRO CAP,1.600000023841858,26.7615915,0.63492066,0.131185,27.014499999999998,0.03505,-0.068969995,0.606,0.134,Technology,Technology,Information Technology Services,2026-05-16,IT Services,0,1,0,92.24,50.09,50.04,19.22,71.16499999999999,61.75,MODERATE GROWTH,23,20,64.71,18.63,40.2,64.52,16.13,50.0,33.33333333333333,56.53,45.11,47.98,0,WEAK,BEAR MARKET,-31.31,MODERATE VOLATILITY,RISK ON,35.41,Metals,0,38.32,69.86,0,42.19,0,480,D,69.72,51.6,14.592760180995477,0.06
DENTA,7015425024.0,MICRO CAP,262.75,10.707008,1.6075646,0.131185,3.104,0.32419997,0.26182,0.042,-0.312,Industrials,Industrials,Engineering & Construction,2026-05-16,Engineering & EPC,0,0,0,29.14,13.14,50.04,88.8,21.14,33.69,WEAK GROWTH,60,20,26.83,92.68,46.34,26.83,92.68,46.34,0.0,61.02,42.33,47.92,0,WEAK,BEAR MARKET,-31.31,MODERATE VOLATILITY,RISK ON,35.84,Metals,0,43.02,54.18,0,42.52,0,481,D,49.21,43.05,17.147978490340567,0.07
JINDRILL,16867002368.0,SMALL CAP,582.0,7.122751,0.94001967,0.131185,6.544,0.14033,0.24198,0.009,0.134,Misc,Energy,Oil & Gas Equipment & Services,2026-05-16,Oil & Gas Equipment & Services,0,0,0,23.15,50.09,50.04,67.46,36.620000000000005,42.39,SLOW GROWTH,45,30,33.59,83.78,70.14,16.67,75.0,58.33,0.0,62.52,42.61,47.9,0,WEAK,BEAR MARKET,-31.31,MODERATE VOLATILITY,RISK ON,41.28,Metals,0,41.6,58.84,0,43.66,0,482,D,57.01,47.57,16.400620582658163,0.07
GREENPLY,31756345344.0,SMALL CAP,254.25,35.46025,3.5201519,0.10536,57.505,0.098450005,0.03269,0.196,0.861,Misc,Basic Materials,Lumber & Wood Production,2026-05-16,Lumber & Wood Production,0,1,0,72.62,88.01,9.17,43.83,80.315,62.44,MODERATE GROWTH,20,20,78.79,21.15,53.03,100.0,37.5,62.5,33.33333333333333,54.54,46.81,47.85,0,WEAK,BEAR MARKET,-31.31,MODERATE VOLATILITY,RISK ON,35.34,Metals,0,37.53,70.62,0,42.4,0,483,D,70.89,51.39,14.29684239810822,0.06
DEVX,3636360448.0,MICRO CAP,40.31999969482422,237.17647,1.4996653,0.131185,177.212,0.15212,0.0072500003,0.19,0.134,Misc,Real Estate,Real Estate Services,2026-05-16,Real Estate Services,0,1,0,71.78,50.09,50.04,70.46,60.935,59.71,MODERATE GROWTH,27,10,74.75,36.36,29.42,55.56,44.44,27.78,33.33333333333333,51.23,47.16,47.66,0,WEAK,BEAR MARKET,-31.31,MODERATE VOLATILITY,RISK ON,29.6,Metals,0,37.91,69.34,0,41.07,0,484,D,67.5,48.41,14.134306569343064,0.06
JITFINFRA,7659704320.0,MICRO CAP,298.0,26.7615915,-1.4190207,0.131185,27.014499999999998,0.15897,-0.01686,0.16,0.134,Industrials,Industrials,Engineering & Construction,2026-05-16,Engineering & EPC,0,1,0,66.23,50.09,50.04,71.6,58.160000000000004,57.88,MODERATE GROWTH,30,10,68.29,36.59,19.51,68.29,36.59,19.51,33.33333333333333,51.94,46.51,47.66,0,WEAK,BEAR MARKET,-31.31,MODERATE VOLATILITY,RISK ON,29.61,Metals,0,38.41,68.22,0,41.01,0,485,D,65.99,47.94,14.312583967756382,0.06
IDFCFIRSTB,582352568320.0,LARGE CAP,67.6500015258789,35.984043,1.2417173,0.131185,27.014499999999998,0.33398,0.32775003,-0.011,-0.232,Financials,Financial Services,Banks - Regional,2026-05-16,Private Sector Banks,0,0,0,20.72,15.26,50.04,89.33,17.99,31.53,WEAK GROWTH,45,50,16.67,36.54,60.9,12.0,30.0,46.0,0.0,64.29,33.7,47.61,0,WEAK,BEAR MARKET,-31.31,MODERATE VOLATILITY,RISK ON,49.5,Metals,0,39.91,57.96,0,43.06,0,486,D,58.44,45.3,15.242261103633917,0.07
CCHHL,2229659136.0,MICRO CAP,13.640000343322754,26.7451,0.5772079,0.131185,7.499,-0.07033,0.08352,0.427,0.134,Misc,Consumer Cyclical,Lodging,2026-05-16,Lodging,0,1,0,88.36,50.09,50.04,6.79,69.225,59.14,MODERATE GROWTH,23,20,73.48,31.44,53.03,62.5,15.62,50.0,33.33333333333333,53.35,47.08,47.45,0,WEAK,BEAR MARKET,-31.31,MODERATE VOLATILITY,RISK ON,35.11,Metals,0,37.61,69.17,0,42.3,0,487,D,69.05,49.88,14.241256245538903,0.06
GUJTHEM,40422924288.0,SMALL CAP,370.29998779296875,83.968254,15.2480955,0.131185,27.036,0.40162,0.29994,0.097,-0.042,Misc,Healthcare,Drug Manufacturers - Specialty & Generic,2026-05-16,Drug Manufacturers - Specialty & Generic,0,0,0,40.17,22.93,50.04,92.95,31.55,41.39,SLOW GROWTH,45,30,32.7,83.78,70.14,45.65,77.17,50.0,0.0,61.82,42.2,47.36,0,WEAK,BEAR MARKET,-31.31,MODERATE VOLATILITY,RISK ON,41.0,Metals,0,41.21,58.98,0,43.25,0,488,D,57.15,46.9,16.130696474634565,0.07
DEVYANI,145585537024.0,MID CAP,118.08000183105469,26.7615915,9.245224,0.131185,170.712,0.041690003,-0.00804,0.113,0.134,Hospitality,Consumer Cyclical,Restaurants,2026-05-16,Restaurants,0,1,0,58.16,50.09,50.04,21.6,54.125,50.06,SLOW GROWTH,23,30,66.67,50.0,100.0,66.67,50.0,100.0,33.33333333333333,50.71,47.78,47.25,0,WEAK,BEAR MARKET,-31.31,MODERATE VOLATILITY,RISK ON,39.62,Metals,0,36.0,66.93,0,43.22,0,489,D,68.02,46.95,13.604752245725876,0.06
AIIL,429283475456.0,MID CAP,505.5,11.805231,2.6365201,0.131185,20.291,0.78849,0.9162966367000018,-0.421,-0.701,Misc,Financial Services,Capital Markets,2026-05-16,Capital Markets,0,0,0,4.19,4.14,50.04,98.24,4.165,22.75,WEAK GROWTH,60,40,8.27,94.57,83.21,12.12,78.79,75.76,0.0,62.26,40.33,47.25,0,WEAK,BEAR MARKET,-31.31,MODERATE VOLATILITY,RISK ON,45.65,Metals,0,42.0,50.88,0,44.07,0,490,D,48.29,41.39,16.794481639277745,0.07
DIXON,666268794880.0,LARGE CAP,10979.0,40.815643,14.643509,0.3651025700000011,18.457,0.028870001,0.02944,0.021,-0.361,Misc,Technology,Consumer Electronics,2026-05-16,Consumer Electronics,0,0,0,25.66,11.82,99.51,17.37,18.740000000000002,34.76,WEAK GROWTH,35,50,24.05,65.91,91.16,100.0,100.0,100.0,0.0,59.35,37.23,46.93,0,WEAK,BEAR MARKET,-31.31,MODERATE VOLATILITY,RISK ON,49.14,Metals,0,37.39,61.22,0,43.15,0,491,D,63.04,45.16,14.103685196752032,0.06
CAPILLARY,41838026752.0,SMALL CAP,526.4500122070312,76.96638,4.077689,0.06582,5.238,0.093830004,0.07001,0.281,3.06,Technology,Technology,Software - Infrastructure,2026-05-16,Software Products,0,1,0,80.95,95.41,5.2,41.98,88.18,66.96,MODERATE GROWTH,10,30,78.43,1.96,59.8,100.0,20.0,70.0,33.33333333333333,56.61,44.7,46.92,0,WEAK,BEAR MARKET,-31.31,MODERATE VOLATILITY,RISK ON,40.33,Metals,0,36.41,73.85,0,42.62,0,492,D,76.6,54.29,13.992268041237114,0.06
HFCL,226310701056.0,MID CAP,147.88999938964844,422.54288,4.564506,0.07266,38.321,0.14757,0.062989995,1.278,0.134,Misc,Technology,Communication Equipment,2026-05-16,Communication Equipment,0,1,0,97.0,50.09,5.91,69.49,73.545,59.61,MODERATE GROWTH,10,40,74.37,2.65,83.21,87.5,18.75,87.5,33.33333333333333,55.56,43.78,46.82,0,WEAK,BEAR MARKET,-31.31,MODERATE VOLATILITY,RISK ON,44.84,Metals,0,35.24,72.18,0,43.25,0,493,D,76.12,52.29,13.560684647302903,0.06
COSMOFIRST,19730794496.0,SMALL CAP,760.0999755859375,13.587772,1.2749034,0.131185,110.979,0.03627,0.043449998,0.283,0.005,Misc,Consumer Cyclical,Packaging & Containers,2026-05-16,Packaging & Containers,0,0,0,81.31,25.79,50.04,19.66,53.55,49.46,SLOW GROWTH,35,30,43.56,65.91,70.14,56.25,78.12,90.62,0.0,61.2,40.9,46.8,0,WEAK,BEAR MARKET,-31.31,MODERATE VOLATILITY,RISK ON,40.53,Metals,0,39.9,63.94,0,42.38,0,494,D,63.4,49.29,15.307453416149066,0.06
BRIGHOTEL,23143806976.0,SMALL CAP,60.93000030517578,36.267857,2.437005,0.11928,31.381,0.25156,0.11135,0.017,0.5,Misc,Consumer Cyclical,Lodging,2026-05-16,Lodging,0,0,0,24.51,82.89,10.76,83.25,53.7,48.07,SLOW GROWTH,40,20,41.54,78.54,53.03,43.75,46.88,50.0,0.0,58.29,41.33,46.72,0,WEAK,BEAR MARKET,-31.31,MODERATE VOLATILITY,RISK ON,34.9,Metals,0,39.96,63.53,0,41.07,0,495,D,61.15,46.9,15.092518101367657,0.06
JINDALSTEL,1253545345024.0,LARGE CAP,1232.0,37.17562,2.523375,0.067719996,43.613,0.12809,0.06327,0.23,0.134,Misc,Basic Materials,Steel,2026-05-16,Steel,0,1,0,76.41,50.09,5.47,64.64,63.25,51.83,SLOW GROWTH,10,50,62.5,2.65,91.16,61.9,4.76,92.86,33.33333333333333,53.53,41.18,46.72,0,WEAK,BEAR MARKET,-31.31,MODERATE VOLATILITY,RISK ON,48.68,Metals,0,33.76,71.09,0,43.23,0,496,D,76.2,49.63,12.857512953367875,0.06
INDBANK,1474243840.0,MICRO CAP,33.220001220703125,21.025316,1.5123373,0.073709995,27.014499999999998,0.30131,0.28584,0.144,0.038,Misc,Financial Services,Capital Markets,2026-05-16,Capital Markets,0,0,0,63.98,27.6,6.17,87.21,45.79,42.01,SLOW GROWTH,43,30,33.33,81.82,70.14,48.48,42.42,60.61,0.0,60.76,41.58,46.67,0,WEAK,BEAR MARKET,-31.31,MODERATE VOLATILITY,RISK ON,40.58,Metals,0,40.56,60.1,0,42.65,0,497,D,58.52,46.64,15.672043010752688,0.07
ADVENZYMES,40731324416.0,SMALL CAP,363.75,26.746323,2.7431297,0.131185,2.26,0.22764999,0.21455,0.017,0.128,Chemicals,Basic Materials,Specialty Chemicals,2026-05-16,Specialty Chemicals,0,0,0,24.51,33.38,50.04,81.22,28.945,38.39,WEAK GROWTH,45,30,44.16,87.66,74.68,46.3,86.11,74.07,0.0,59.26,43.48,46.64,0,WEAK,BEAR MARKET,-31.31,MODERATE VOLATILITY,RISK ON,40.68,Metals,0,40.28,58.53,0,43.09,0,498,D,56.72,45.13,15.63756063756064,0.07
BEML,148929052672.0,MID CAP,1788.0999755859375,59.882786,5.319478,0.131185,23.787,-0.01629,0.05919,0.237,0.134,Misc,Industrials,Conglomerates,2026-05-16,Conglomerates,0,1,0,77.25,50.09,50.04,10.23,63.67,55.6,MODERATE GROWTH,15,40,68.06,4.73,83.21,70.0,20.0,100.0,33.33333333333333,55.82,43.25,46.62,0,WEAK,BEAR MARKET,-31.31,MODERATE VOLATILITY,RISK ON,44.77,Metals,0,35.79,70.11,0,43.15,0,499,D,73.39,50.92,13.690012098400324,0.06
GREAVESCOT,38614028288.0,SMALL CAP,165.75999450683594,36.350876,2.7416472,0.131185,12.328,0.03943,0.03334,0.166,0.225,Misc,Industrials,Specialty Industrial Machinery,2026-05-16,Specialty Industrial Machinery,0,1,0,67.24,72.13,50.04,20.72,69.685,60.86,MODERATE GROWTH,20,20,76.52,21.15,53.03,64.52,20.97,25.81,33.33333333333333,52.56,45.67,46.58,0,WEAK,BEAR MARKET,-31.31,MODERATE VOLATILITY,RISK ON,34.56,Metals,0,36.87,71.02,0,41.41,0,500,D,71.27,49.98,13.831465338314652,0.06
HNDFDS,62148440064.0,SMALL CAP,520.1500244140625,45.467663,5.970227,0.131185,86.577,0.06798,0.03375,0.135,0.238,Misc,Industrials,Conglomerates,2026-05-16,Conglomerates,0,1,0,62.79,73.15,50.04,32.28,67.97,60.82,MODERATE GROWTH,20,20,76.39,21.15,53.03,90.0,50.0,35.0,33.33333333333333,52.47,45.62,46.53,0,WEAK,BEAR MARKET,-31.31,MODERATE VOLATILITY,RISK ON,34.52,Metals,0,36.85,71.03,0,41.36,0,501,D,71.29,49.92,13.811038871213167,0.06
EKC,12870220800.0,SMALL CAP,114.69999694824219,11.256134,0.9984418,0.131185,15.317,0.125,0.07446,-0.005,0.975,Misc,Industrials,Specialty Industrial Machinery,2026-05-16,Specialty Industrial Machinery,0,0,0,21.52,89.42,50.04,63.67,55.47,55.2,MODERATE GROWTH,35,10,67.55,65.91,29.42,48.39,66.13,11.29,0.0,53.97,41.61,46.43,0,WEAK,BEAR MARKET,-31.31,MODERATE VOLATILITY,RISK ON,28.9,Metals,0,38.98,67.69,0,39.35,0,502,D,64.75,46.98,14.290494296577947,0.06
CLSEL,13386137600.0,SMALL CAP,269.20001220703125,13.248033,1.7594312,0.131185,8.804,0.11557,0.07329,0.09,0.242,Misc,Consumer Defensive,Packaged Foods,2026-05-16,Packaged Foods,0,0,0,37.96,73.5,50.04,60.85,55.730000000000004,55.1,MODERATE GROWTH,35,10,67.42,65.91,29.42,50.0,76.92,32.69,0.0,53.88,41.55,46.36,0,WEAK,BEAR MARKET,-31.31,MODERATE VOLATILITY,RISK ON,28.86,Metals,0,38.94,67.71,0,39.3,0,503,D,64.77,46.91,14.264862399270184,0.06
IRIS,4834360832.0,MICRO CAP,235.0399932861328,48.262833,2.5540051,0.131185,1.086,0.12753001,0.9162966367000018,0.084,0.446,Technology,Technology,Software - Application,2026-05-16,SaaS,0,0,0,37.26,81.57,50.04,64.46,59.41499999999999,58.04,MODERATE GROWTH,30,20,54.9,42.16,40.2,53.33,33.33,30.0,0.0,59.52,38.37,46.34,0,WEAK,BEAR MARKET,-31.31,MODERATE VOLATILITY,RISK ON,34.47,Metals,0,39.15,69.07,0,39.94,0,504,D,67.95,50.35,14.604786076867295,0.06
BHARATWIRE,15634358272.0,SMALL CAP,227.8300018310547,20.414875,2.0117972,0.131185,13.182,0.1861,0.12344,-0.117,0.22,Misc,Basic Materials,Steel,2026-05-16,Steel,0,0,0,13.49,71.87,50.04,76.9,42.68,47.57,SLOW GROWTH,40,20,40.53,78.54,53.03,38.1,92.86,45.24,0.0,57.76,40.96,46.34,0,WEAK,BEAR MARKET,-31.31,MODERATE VOLATILITY,RISK ON,34.68,Metals,0,39.75,63.66,0,40.76,0,505,D,61.27,46.48,14.928537016219687,0.06
GOCLCORP,14896532480.0,SMALL CAP,300.5,5.9165187,0.5325984,0.131185,5.952,-2.9287684859999996,0.9162966367000018,-0.8060582,1.276,Chemicals,Basic Materials,Specialty Chemicals,2026-05-16,Specialty Chemicals,0,0,0,0.57,91.01,50.04,0.57,45.79,42.12,SLOW GROWTH,40,30,49.35,82.47,74.68,53.7,81.48,74.07,0.0,58.55,43.19,46.34,0,WEAK,BEAR MARKET,-31.31,MODERATE VOLATILITY,RISK ON,40.44,Metals,0,39.56,60.88,0,42.72,0,506,D,59.71,46.13,15.196837423818153,0.06
ECOSMOBLTY,8044200448.0,MICRO CAP,134.07000732421875,13.420422,3.4291635,0.131185,3.246,0.07749,0.07694,0.225,0.089,Misc,Industrials,Rental & Leasing Services,2026-05-16,Rental & Leasing Services,0,0,0,75.88,31.13,50.04,36.51,53.504999999999995,51.11,SLOW GROWTH,35,20,61.49,65.91,53.03,66.67,66.67,50.0,0.0,56.44,41.69,46.26,0,WEAK,BEAR MARKET,-31.31,MODERATE VOLATILITY,RISK ON,34.53,Metals,0,39.06,65.66,0,40.75,0,507,D,63.93,47.37,14.591098105652238,0.06
ATLANTAA,3622674944.0,MICRO CAP,44.45000076293945,26.7615915,1.884273,0.131185,152.042,-0.30978,-0.20433001,5.164077100000131,0.134,Misc,Industrials,Infrastructure Operations,2026-05-16,Infrastructure Operations,0,1,0,99.51,50.09,50.04,3.79,74.80000000000001,62.75,MODERATE GROWTH,18,20,79.04,9.28,53.03,87.5,12.5,68.75,33.33333333333333,52.91,44.41,46.24,0,WEAK,BEAR MARKET,-31.31,MODERATE VOLATILITY,RISK ON,34.33,Metals,0,36.6,72.36,0,40.88,0,508,D,72.86,50.56,13.690766314649336,0.06
DHAMPURSUG,9108373504.0,MICRO CAP,141.63999938964844,13.489524,0.806234,0.131185,44.818,0.08757,0.03265,0.095,0.779,Misc,Consumer Defensive,Confectioners,2026-05-16,Confectioners,0,0,0,39.46,87.48,50.04,40.08,63.47,58.45,MODERATE GROWTH,35,0,72.47,65.91,7.39,77.78,88.89,27.78,0.0,50.97,41.14,46.14,0,WEAK,BEAR MARKET,-31.31,MODERATE VOLATILITY,RISK ON,23.03,Metals,0,38.57,69.85,0,37.6,0,509,D,65.71,46.05,13.80602608304602,0.05
GAYAPROJ,8375954432.0,MICRO CAP,18.040000915527344,3.894883706,-0.23486528,0.131185,51.304,0.21040002,0.9162966367000018,-0.328,0.134,Industrials,Industrials,Engineering & Construction,2026-05-16,Engineering & EPC,0,0,0,5.38,50.09,50.04,79.72,27.735000000000003,37.39,WEAK GROWTH,52,20,31.71,84.15,46.34,31.71,84.15,46.34,0.0,58.2,40.66,46.09,0,WEAK,BEAR MARKET,-31.31,MODERATE VOLATILITY,RISK ON,34.72,Metals,0,40.95,58.37,0,40.86,0,510,D,54.42,43.06,15.539516420064958,0.06
GNFC,75578941440.0,SMALL CAP,514.3499755859375,12.122318,0.87407446,0.131185,0.15,0.054109998,0.08185001,0.051,-0.08,Misc,Basic Materials,Chemicals,2026-05-16,Chemicals,0,0,0,30.6,21.34,50.04,27.34,25.97,30.92,WEAK GROWTH,60,20,18.56,94.57,53.03,29.17,95.83,62.5,0.0,58.64,40.43,46.02,0,WEAK,BEAR MARKET,-31.31,MODERATE VOLATILITY,RISK ON,34.77,Metals,0,41.86,54.85,0,40.98,0,511,D,49.85,40.94,16.102261553588985,0.07
BHAGERIA,6835551232.0,MICRO CAP,156.6199951171875,14.831438,1.19042,0.131185,12.876,0.047930002,0.06362,0.418,-0.079,Chemicals,Basic Materials,Specialty Chemicals,2026-05-16,Specialty Chemicals,0,0,0,88.01,21.56,50.04,24.25,54.785000000000004,50.78,SLOW GROWTH,35,20,63.64,64.29,56.49,62.96,64.81,57.41,0.0,55.91,41.55,46.0,0,WEAK,BEAR MARKET,-31.31,MODERATE VOLATILITY,RISK ON,34.36,Metals,0,38.93,65.71,0,40.56,0,512,D,63.97,47.04,14.480529475142374,0.06
CERA,72658305024.0,SMALL CAP,5635.5,35.58664,5.3032618,0.14376001,3.172,0.20216,0.09709,0.2,-0.097,Misc,Industrials,Building Products & Equipment,2026-05-16,Building Products & Equipment,0,0,0,73.54,20.55,89.59,79.1,47.045,58.76,MODERATE GROWTH,27,20,73.04,36.36,53.03,88.24,70.59,64.71,0.0,57.58,39.44,45.97,0,WEAK,BEAR MARKET,-31.31,MODERATE VOLATILITY,RISK ON,34.25,Metals,0,38.31,70.05,0,39.88,0,513,D,69.33,50.07,14.238589506611687,0.06
EXICOM,15824496640.0,SMALL CAP,113.77999877929688,26.7615915,1.9681035,0.131185,78.314,-0.22309,-0.27278998,0.407,0.134,Misc,Industrials,Electrical Equipment & Parts,2026-05-16,Electrical Equipment & Parts,0,1,0,87.57,50.09,50.04,4.32,68.83,58.62,MODERATE GROWTH,18,30,72.85,9.28,70.14,64.0,10.0,50.0,33.33333333333333,55.11,44.36,45.95,0,WEAK,BEAR MARKET,-31.31,MODERATE VOLATILITY,RISK ON,39.87,Metals,0,36.65,70.37,0,42.17,0,514,D,72.08,50.82,13.908045977011493,0.06
BANG,513517184.0,MICRO CAP,37.869998931884766,9.939632,0.57073534,0.131185,35.295,0.01158,0.28488,0.179,-0.471,Misc,Consumer Cyclical,Apparel Manufacturing,2026-05-16,Apparel Manufacturing,0,0,0,69.49,9.44,50.04,13.4,39.464999999999996,38.97,WEAK GROWTH,45,30,29.67,83.78,70.14,58.33,91.67,91.67,0.0,59.96,41.0,45.93,0,WEAK,BEAR MARKET,-31.31,MODERATE VOLATILITY,RISK ON,40.24,Metals,0,40.24,59.4,0,42.14,0,515,D,57.56,45.2,15.437158469945356,0.06
GLOBECIVIL,2707659520.0,MICRO CAP,45.34000015258789,17.573645,1.2420557,0.131185,66.902,0.12043,0.06159,0.109,0.134,Industrials,Industrials,Engineering & Construction,2026-05-16,Engineering & EPC,0,1,0,50.13,50.09,50.04,62.08,50.11,51.29,SLOW GROWTH,35,10,48.78,50.0,19.51,48.78,50.0,19.51,33.33333333333333,49.91,44.78,45.9,0,WEAK,BEAR MARKET,-31.31,MODERATE VOLATILITY,RISK ON,28.67,Metals,0,37.93,66.58,0,39.72,0,516,D,63.68,44.66,13.809523809523807,0.05
JAYBARMARU,9259705344.0,MICRO CAP,85.54000091552734,11.481879,1.5395691,0.131185,102.277,0.07184,0.03366,0.093,3.722,Automobiles,Consumer Cyclical,Auto Parts,2026-05-16,Auto Components,0,0,0,38.76,95.94,50.04,33.77,67.35,60.53,MODERATE GROWTH,35,0,48.89,63.33,4.44,50.0,69.74,5.26,0.0,53.0,38.03,45.82,0,WEAK,BEAR MARKET,-31.31,MODERATE VOLATILITY,RISK ON,22.76,Metals,0,38.99,70.94,0,36.74,0,517,D,66.77,47.03,13.879297624317546,0.05
IFGLEXPOR,11948473344.0,SMALL CAP,165.77000427246094,41.4425,1.0504804,0.131185,19.053,0.00659,0.01551,0.237,0.134,Misc,Basic Materials,Building Materials,2026-05-16,Building Materials,0,1,0,77.25,50.09,50.04,12.52,63.67,55.83,MODERATE GROWTH,20,30,68.56,21.15,70.14,76.47,44.12,73.53,33.33333333333333,54.06,45.08,45.71,0,WEAK,BEAR MARKET,-31.31,MODERATE VOLATILITY,RISK ON,39.78,Metals,0,36.55,69.22,0,42.24,0,518,D,70.67,49.58,13.835635551834798,0.06
ATALREAL,3557061120.0,MICRO CAP,28.709999084472656,62.41304,4.775449,0.079569995,14.083,0.07316,0.053979997,0.379,8.929,Industrials,Industrials,Engineering & Construction,2026-05-16,Engineering & EPC,0,1,0,86.86,98.15,6.7,34.39,92.505,69.53,MODERATE GROWTH,10,20,75.61,4.88,46.34,75.61,4.88,46.34,33.33333333333333,52.34,43.01,45.7,0,WEAK,BEAR MARKET,-31.31,MODERATE VOLATILITY,RISK ON,33.84,Metals,0,35.64,76.45,0,40.05,0,519,D,77.98,52.51,13.297037224613826,0.05
JSFB,51698561024.0,SMALL CAP,490.8500061035156,15.874839,1.1568084,0.076009996,27.014499999999998,0.17341,0.1176,0.176,0.129,Financials,Financial Services,Banks - Regional,2026-05-16,Private Sector Banks,0,1,0,68.83,33.55,6.44,74.34,51.19,44.55,SLOW GROWTH,37,30,30.77,23.08,28.85,24.0,20.0,16.0,33.33333333333333,58.38,41.43,45.63,0,WEAK,BEAR MARKET,-31.31,MODERATE VOLATILITY,RISK ON,39.95,Metals,0,39.04,62.85,0,41.84,0,520,D,62.05,46.64,14.79460745440127,0.06
BAHETI,2944662528.0,MICRO CAP,600.0999755859375,16.378315,3.149292,0.131185,27.014499999999998,0.10244,0.0670450025,0.109,0.134,Misc,Unknown,Unknown,2026-05-16,Diversified,0,1,0,50.13,50.09,50.04,50.04,50.11,50.09,SLOW GROWTH,35,10,52.21,65.91,29.42,50.4,85.89,44.35,33.33333333333333,46.96,46.5,45.61,0,WEAK,BEAR MARKET,-31.31,MODERATE VOLATILITY,RISK ON,28.36,Metals,0,37.68,65.97,0,39.93,0,521,D,63.09,43.51,13.577781245124044,0.05
CHAVDA,3843870208.0,MICRO CAP,100.0,18.212616,3.1973584,0.131185,27.014499999999998,0.10244,0.0670450025,0.109,0.134,Misc,Unknown,Unknown,2026-05-16,Diversified,0,1,0,50.13,50.09,50.04,50.04,50.11,50.09,SLOW GROWTH,35,10,52.21,65.91,29.42,50.4,85.89,44.35,33.33333333333333,46.96,46.5,45.61,0,WEAK,BEAR MARKET,-31.31,MODERATE VOLATILITY,RISK ON,28.36,Metals,0,37.68,65.97,0,39.93,0,522,D,63.09,43.51,13.577781245124044,0.05
AMEYA,908625024.0,MICRO CAP,118.0,17.135784,2.998985,0.131185,27.014499999999998,0.10244,0.0670450025,0.109,0.134,Misc,Unknown,Unknown,2026-05-16,Diversified,0,1,0,50.13,50.09,50.04,50.04,50.11,50.09,SLOW GROWTH,35,10,52.21,65.91,29.42,50.4,85.89,44.35,33.33333333333333,46.96,46.5,45.61,0,WEAK,BEAR MARKET,-31.31,MODERATE VOLATILITY,RISK ON,28.36,Metals,0,37.68,65.97,0,39.93,0,523,D,63.09,43.51,13.577781245124044,0.05
DURLAX,1402321792.0,MICRO CAP,51.54999923706055,17.596373,2.1233513,0.131185,27.014499999999998,0.10244,0.0670450025,0.109,0.134,Misc,Unknown,Unknown,2026-05-16,Diversified,0,1,0,50.13,50.09,50.04,50.04,50.11,50.09,SLOW GROWTH,35,10,52.21,65.91,29.42,50.4,85.89,44.35,33.33333333333333,46.96,46.5,45.61,0,WEAK,BEAR MARKET,-31.31,MODERATE VOLATILITY,RISK ON,28.36,Metals,0,37.68,65.97,0,39.93,0,524,D,63.09,43.51,13.577781245124044,0.05
CMRSL,424560000.0,MICRO CAP,77.0,14.826177,2.2697034,0.131185,27.014499999999998,0.10244,0.0670450025,0.109,0.134,Misc,Unknown,Unknown,2026-05-16,Diversified,0,1,0,50.13,50.09,50.04,50.04,50.11,50.09,SLOW GROWTH,35,10,52.21,65.91,29.42,50.4,85.89,44.35,33.33333333333333,46.96,46.5,45.61,0,WEAK,BEAR MARKET,-31.31,MODERATE VOLATILITY,RISK ON,28.36,Metals,0,37.68,65.97,0,39.93,0,525,D,63.09,43.51,13.577781245124044,0.05
EFACTOR,2774676736.0,MICRO CAP,218.0,11.099476,3.6411726,0.131185,27.014499999999998,0.10244,0.0670450025,0.109,0.134,Misc,Unknown,Unknown,2026-05-16,Diversified,0,1,0,50.13,50.09,50.04,50.04,50.11,50.09,SLOW GROWTH,35,10,52.21,65.91,29.42,50.4,85.89,44.35,33.33333333333333,46.96,46.5,45.61,0,WEAK,BEAR MARKET,-31.31,MODERATE VOLATILITY,RISK ON,28.36,Metals,0,37.68,65.97,0,39.93,0,526,D,63.09,43.51,13.577781245124044,0.05
JAKHARIA,414510656.0,MICRO CAP,60.5,12.639405,1.700425,0.131185,27.014499999999998,0.10244,0.0670450025,0.109,0.134,Misc,Unknown,Unknown,2026-05-16,Diversified,0,1,0,50.13,50.09,50.04,50.04,50.11,50.09,SLOW GROWTH,35,10,52.21,65.91,29.42,50.4,85.89,44.35,33.33333333333333,46.96,46.5,45.61,0,WEAK,BEAR MARKET,-31.31,MODERATE VOLATILITY,RISK ON,28.36,Metals,0,37.68,65.97,0,39.93,0,527,D,63.09,43.51,13.577781245124044,0.05
AVPINFRA,3575772416.0,MICRO CAP,90.9000015258789,8.212851,2.2436247,0.131185,27.014499999999998,0.10244,0.0670450025,0.109,0.134,Misc,Unknown,Unknown,2026-05-16,Diversified,0,1,0,50.13,50.09,50.04,50.04,50.11,50.09,SLOW GROWTH,35,10,52.21,65.91,29.42,50.4,85.89,44.35,33.33333333333333,46.96,46.5,45.61,0,WEAK,BEAR MARKET,-31.31,MODERATE VOLATILITY,RISK ON,28.36,Metals,0,37.68,65.97,0,39.93,0,528,D,63.09,43.51,13.577781245124044,0.05
DESTINY,491646624.0,MICRO CAP,105.9000015258789,12.24138,1.1819326,0.131185,27.014499999999998,0.10244,0.0670450025,0.109,0.134,Misc,Unknown,Unknown,2026-05-16,Diversified,0,1,0,50.13,50.09,50.04,50.04,50.11,50.09,SLOW GROWTH,35,10,52.21,65.91,29.42,50.4,85.89,44.35,33.33333333333333,46.96,46.5,45.61,0,WEAK,BEAR MARKET,-31.31,MODERATE VOLATILITY,RISK ON,28.36,Metals,0,37.68,65.97,0,39.93,0,529,D,63.09,43.51,13.577781245124044,0.05
COMMITTED,608504768.0,MICRO CAP,297.0,5.8609266,0.71541166,0.131185,27.014499999999998,0.10244,0.0670450025,0.109,0.134,Misc,Unknown,Unknown,2026-05-16,Diversified,0,1,0,50.13,50.09,50.04,50.04,50.11,50.09,SLOW GROWTH,35,10,52.21,65.91,29.42,50.4,85.89,44.35,33.33333333333333,46.96,46.5,45.61,0,WEAK,BEAR MARKET,-31.31,MODERATE VOLATILITY,RISK ON,28.36,Metals,0,37.68,65.97,0,39.93,0,530,D,63.09,43.51,13.577781245124044,0.05
ARISTO,606915392.0,MICRO CAP,115.9000015258789,14.932999,1.4635388,0.131185,27.014499999999998,0.10244,0.0670450025,0.109,0.134,Misc,Unknown,Unknown,2026-05-16,Diversified,0,1,0,50.13,50.09,50.04,50.04,50.11,50.09,SLOW GROWTH,35,10,52.21,65.91,29.42,50.4,85.89,44.35,33.33333333333333,46.96,46.5,45.61,0,WEAK,BEAR MARKET,-31.31,MODERATE VOLATILITY,RISK ON,28.36,Metals,0,37.68,65.97,0,39.93,0,531,D,63.09,43.51,13.577781245124044,0.05
DENEERS,1712673536.0,MICRO CAP,211.64999389648438,10.85652,2.1708302,0.131185,27.014499999999998,0.10244,0.0670450025,0.109,0.134,Misc,Unknown,Unknown,2026-05-16,Diversified,0,1,0,50.13,50.09,50.04,50.04,50.11,50.09,SLOW GROWTH,35,10,52.21,65.91,29.42,50.4,85.89,44.35,33.33333333333333,46.96,46.5,45.61,0,WEAK,BEAR MARKET,-31.31,MODERATE VOLATILITY,RISK ON,28.36,Metals,0,37.68,65.97,0,39.93,0,532,D,63.09,43.51,13.577781245124044,0.05
CGRAPHICS,4330193920.0,MICRO CAP,151.0500030517578,17.42913,3.6389241,0.131185,27.014499999999998,0.10244,0.0670450025,0.109,0.134,Misc,Unknown,Unknown,2026-05-16,Diversified,0,1,0,50.13,50.09,50.04,50.04,50.11,50.09,SLOW GROWTH,35,10,52.21,65.91,29.42,50.4,85.89,44.35,33.33333333333333,46.96,46.5,45.61,0,WEAK,BEAR MARKET,-31.31,MODERATE VOLATILITY,RISK ON,28.36,Metals,0,37.68,65.97,0,39.93,0,533,D,63.09,43.51,13.577781245124044,0.05
GSMFOILS,576213120.0,MICRO CAP,199.5500030517578,3.894883706,0.83478296,0.131185,27.014499999999998,0.10244,0.0670450025,0.109,0.134,Misc,Unknown,Unknown,2026-05-16,Diversified,0,1,0,50.13,50.09,50.04,50.04,50.11,50.09,SLOW GROWTH,35,10,52.21,65.91,29.42,50.4,85.89,44.35,33.33333333333333,46.96,46.5,45.61,0,WEAK,BEAR MARKET,-31.31,MODERATE VOLATILITY,RISK ON,28.36,Metals,0,37.68,65.97,0,39.93,0,534,D,63.09,43.51,13.577781245124044,0.05
JIWANRAM,358849248.0,MICRO CAP,6.050000190734863,15.760869,0.46664307,0.131185,27.014499999999998,0.10244,0.0670450025,0.109,0.134,Misc,Unknown,Unknown,2026-05-16,Diversified,0,1,0,50.13,50.09,50.04,50.04,50.11,50.09,SLOW GROWTH,35,10,52.21,65.91,29.42,50.4,85.89,44.35,33.33333333333333,46.96,46.5,45.61,0,WEAK,BEAR MARKET,-31.31,MODERATE VOLATILITY,RISK ON,28.36,Metals,0,37.68,65.97,0,39.93,0,535,D,63.09,43.51,13.577781245124044,0.05
DELAPLEX,2451501056.0,MICRO CAP,124.05000305175781,18.7919,2.9770665,0.131185,27.014499999999998,0.10244,0.0670450025,0.109,0.134,Misc,Unknown,Unknown,2026-05-16,Diversified,0,1,0,50.13,50.09,50.04,50.04,50.11,50.09,SLOW GROWTH,35,10,52.21,65.91,29.42,50.4,85.89,44.35,33.33333333333333,46.96,46.5,45.61,0,WEAK,BEAR MARKET,-31.31,MODERATE VOLATILITY,RISK ON,28.36,Metals,0,37.68,65.97,0,39.93,0,536,D,63.09,43.51,13.577781245124044,0.05
IPSL,1377041664.0,MICRO CAP,215.0,17.50547,2.409929,0.131185,27.014499999999998,0.10244,0.0670450025,0.109,0.134,Misc,Unknown,Unknown,2026-05-16,Diversified,0,1,0,50.13,50.09,50.04,50.04,50.11,50.09,SLOW GROWTH,35,10,52.21,65.91,29.42,50.4,85.89,44.35,33.33333333333333,46.96,46.5,45.61,0,WEAK,BEAR MARKET,-31.31,MODERATE VOLATILITY,RISK ON,28.36,Metals,0,37.68,65.97,0,39.93,0,537,D,63.09,43.51,13.577781245124044,0.05
DKEGL,585624000.0,MICRO CAP,70.25,11.095305,1.9631037,0.131185,27.014499999999998,0.10244,0.0670450025,0.109,0.134,Misc,Unknown,Unknown,2026-05-16,Diversified,0,1,0,50.13,50.09,50.04,50.04,50.11,50.09,SLOW GROWTH,35,10,52.21,65.91,29.42,50.4,85.89,44.35,33.33333333333333,46.96,46.5,45.61,0,WEAK,BEAR MARKET,-31.31,MODERATE VOLATILITY,RISK ON,28.36,Metals,0,37.68,65.97,0,39.93,0,538,D,63.09,43.51,13.577781245124044,0.05
ALUWIND,1562902784.0,MICRO CAP,48.900001525878906,14.328019,2.414124,0.131185,27.014499999999998,0.10244,0.0670450025,0.109,0.134,Misc,Unknown,Unknown,2026-05-16,Diversified,0,1,0,50.13,50.09,50.04,50.04,50.11,50.09,SLOW GROWTH,35,10,52.21,65.91,29.42,50.4,85.89,44.35,33.33333333333333,46.96,46.5,45.61,0,WEAK,BEAR MARKET,-31.31,MODERATE VOLATILITY,RISK ON,28.36,Metals,0,37.68,65.97,0,39.93,0,539,D,63.09,43.51,13.577781245124044,0.05
ACCENTMIC,6382436864.0,MICRO CAP,441.25,19.29388,2.479603,0.131185,27.014499999999998,0.10244,0.0670450025,0.109,0.134,Misc,Unknown,Unknown,2026-05-16,Diversified,0,1,0,50.13,50.09,50.04,50.04,50.11,50.09,SLOW GROWTH,35,10,52.21,65.91,29.42,50.4,85.89,44.35,33.33333333333333,46.96,46.5,45.61,0,WEAK,BEAR MARKET,-31.31,MODERATE VOLATILITY,RISK ON,28.36,Metals,0,37.68,65.97,0,39.93,0,540,D,63.09,43.51,13.577781245124044,0.05
AMIABLE,134611392.0,MICRO CAP,65.1500015258789,17.225952,1.4195904,0.131185,27.014499999999998,0.10244,0.0670450025,0.109,0.134,Misc,Unknown,Unknown,2026-05-16,Diversified,0,1,0,50.13,50.09,50.04,50.04,50.11,50.09,SLOW GROWTH,35,10,52.21,65.91,29.42,50.4,85.89,44.35,33.33333333333333,46.96,46.5,45.61,0,WEAK,BEAR MARKET,-31.31,MODERATE VOLATILITY,RISK ON,28.36,Metals,0,37.68,65.97,0,39.93,0,541,D,63.09,43.51,13.577781245124044,0.05
ABSMARINE,8076950016.0,MICRO CAP,238.5,15.963124,3.087752,0.131185,27.014499999999998,0.10244,0.0670450025,0.109,0.134,Misc,Unknown,Unknown,2026-05-16,Diversified,0,1,0,50.13,50.09,50.04,50.04,50.11,50.09,SLOW GROWTH,35,10,52.21,65.91,29.42,50.4,85.89,44.35,33.33333333333333,46.96,46.5,45.61,0,WEAK,BEAR MARKET,-31.31,MODERATE VOLATILITY,RISK ON,28.36,Metals,0,37.68,65.97,0,39.93,0,542,D,63.09,43.51,13.577781245124044,0.05
ARABIAN,899134656.0,MICRO CAP,68.5,9.285714,1.4033388,0.131185,27.014499999999998,0.10244,0.0670450025,0.109,0.134,Misc,Unknown,Unknown,2026-05-16,Diversified,0,1,0,50.13,50.09,50.04,50.04,50.11,50.09,SLOW GROWTH,35,10,52.21,65.91,29.42,50.4,85.89,44.35,33.33333333333333,46.96,46.5,45.61,0,WEAK,BEAR MARKET,-31.31,MODERATE VOLATILITY,RISK ON,28.36,Metals,0,37.68,65.97,0,39.93,0,543,D,63.09,43.51,13.577781245124044,0.05
DPEL,2519098368.0,MICRO CAP,522.0,19.924812,2.3447177,0.131185,27.014499999999998,0.10244,0.0670450025,0.109,0.134,Misc,Unknown,Unknown,2026-05-16,Diversified,0,1,0,50.13,50.09,50.04,50.04,50.11,50.09,SLOW GROWTH,35,10,52.21,65.91,29.42,50.4,85.89,44.35,33.33333333333333,46.96,46.5,45.61,0,WEAK,BEAR MARKET,-31.31,MODERATE VOLATILITY,RISK ON,28.36,Metals,0,37.68,65.97,0,39.93,0,544,D,63.09,43.51,13.577781245124044,0.05
CLSL,828718976.0,MICRO CAP,42.5,12.209596,0.7954134,0.131185,27.014499999999998,0.10244,0.0670450025,0.109,0.134,Misc,Unknown,Unknown,2026-05-16,Diversified,0,1,0,50.13,50.09,50.04,50.04,50.11,50.09,SLOW GROWTH,35,10,52.21,65.91,29.42,50.4,85.89,44.35,33.33333333333333,46.96,46.5,45.61,0,WEAK,BEAR MARKET,-31.31,MODERATE VOLATILITY,RISK ON,28.36,Metals,0,37.68,65.97,0,39.93,0,545,D,63.09,43.51,13.577781245124044,0.05
ACCORD,99993600.0,MICRO CAP,45.849998474121094,11.707316,0.67332196,0.131185,27.014499999999998,0.10244,0.0670450025,0.109,0.134,Misc,Unknown,Unknown,2026-05-16,Diversified,0,1,0,50.13,50.09,50.04,50.04,50.11,50.09,SLOW GROWTH,35,10,52.21,65.91,29.42,50.4,85.89,44.35,33.33333333333333,46.96,46.5,45.61,0,WEAK,BEAR MARKET,-31.31,MODERATE VOLATILITY,RISK ON,28.36,Metals,0,37.68,65.97,0,39.93,0,546,D,63.09,43.51,13.577781245124044,0.05
ARIHANTACA,878306752.0,MICRO CAP,438.0,13.246576,3.026036,0.131185,27.014499999999998,0.10244,0.0670450025,0.109,0.134,Misc,Unknown,Unknown,2026-05-16,Diversified,0,1,0,50.13,50.09,50.04,50.04,50.11,50.09,SLOW GROWTH,35,10,52.21,65.91,29.42,50.4,85.89,44.35,33.33333333333333,46.96,46.5,45.61,0,WEAK,BEAR MARKET,-31.31,MODERATE VOLATILITY,RISK ON,28.36,Metals,0,37.68,65.97,0,39.93,0,547,D,63.09,43.51,13.577781245124044,0.05
GRAPHISAD,975965120.0,MICRO CAP,36.0,11.633986,0.9343669,0.131185,27.014499999999998,0.10244,0.0670450025,0.109,0.134,Misc,Unknown,Unknown,2026-05-16,Diversified,0,1,0,50.13,50.09,50.04,50.04,50.11,50.09,SLOW GROWTH,35,10,52.21,65.91,29.42,50.4,85.89,44.35,33.33333333333333,46.96,46.5,45.61,0,WEAK,BEAR MARKET,-31.31,MODERATE VOLATILITY,RISK ON,28.36,Metals,0,37.68,65.97,0,39.93,0,548,D,63.09,43.51,13.577781245124044,0.05
HRHNEXT,614666560.0,MICRO CAP,28.950000762939453,16.805054,1.5881408,0.131185,27.014499999999998,0.10244,0.0670450025,0.109,0.134,Misc,Unknown,Unknown,2026-05-16,Diversified,0,1,0,50.13,50.09,50.04,50.04,50.11,50.09,SLOW GROWTH,35,10,52.21,65.91,29.42,50.4,85.89,44.35,33.33333333333333,46.96,46.5,45.61,0,WEAK,BEAR MARKET,-31.31,MODERATE VOLATILITY,RISK ON,28.36,Metals,0,37.68,65.97,0,39.93,0,549,D,63.09,43.51,13.577781245124044,0.05
FIDEL,1512561664.0,MICRO CAP,166.0,10.956176,3.091972,0.131185,27.014499999999998,0.10244,0.0670450025,0.109,0.134,Misc,Unknown,Unknown,2026-05-16,Diversified,0,1,0,50.13,50.09,50.04,50.04,50.11,50.09,SLOW GROWTH,35,10,52.21,65.91,29.42,50.4,85.89,44.35,33.33333333333333,46.96,46.5,45.61,0,WEAK,BEAR MARKET,-31.31,MODERATE VOLATILITY,RISK ON,28.36,Metals,0,37.68,65.97,0,39.93,0,550,D,63.09,43.51,13.577781245124044,0.05
AKIKO,826566784.0,MICRO CAP,285.04998779296875,10.165563,1.658778,0.131185,27.014499999999998,0.10244,0.0670450025,0.109,0.134,Misc,Unknown,Unknown,2026-05-16,Diversified,0,1,0,50.13,50.09,50.04,50.04,50.11,50.09,SLOW GROWTH,35,10,52.21,65.91,29.42,50.4,85.89,44.35,33.33333333333333,46.96,46.5,45.61,0,WEAK,BEAR MARKET,-31.31,MODERATE VOLATILITY,RISK ON,28.36,Metals,0,37.68,65.97,0,39.93,0,551,D,63.09,43.51,13.577781245124044,0.05
CMNL,1639957120.0,MICRO CAP,125.3499984741211,16.777777,1.6887442,0.131185,27.014499999999998,0.10244,0.0670450025,0.109,0.134,Misc,Unknown,Unknown,2026-05-16,Diversified,0,1,0,50.13,50.09,50.04,50.04,50.11,50.09,SLOW GROWTH,35,10,52.21,65.91,29.42,50.4,85.89,44.35,33.33333333333333,46.96,46.5,45.61,0,WEAK,BEAR MARKET,-31.31,MODERATE VOLATILITY,RISK ON,28.36,Metals,0,37.68,65.97,0,39.93,0,552,D,63.09,43.51,13.577781245124044,0.05
ITALIANE,495773408.0,MICRO CAP,35.400001525878906,13.260869,1.0662302,0.131185,27.014499999999998,0.10244,0.0670450025,0.109,0.134,Misc,Unknown,Unknown,2026-05-16,Diversified,0,1,0,50.13,50.09,50.04,50.04,50.11,50.09,SLOW GROWTH,35,10,52.21,65.91,29.42,50.4,85.89,44.35,33.33333333333333,46.96,46.5,45.61,0,WEAK,BEAR MARKET,-31.31,MODERATE VOLATILITY,RISK ON,28.36,Metals,0,37.68,65.97,0,39.93,0,553,D,63.09,43.51,13.577781245124044,0.05
HGINFRA,39376388096.0,SMALL CAP,604.2000122070312,10.039881,1.2845699,0.131185,182.684,0.18627001,0.075890005,0.124,-0.182,Industrials,Industrials,Engineering & Construction,2026-05-16,Engineering & EPC,0,0,0,60.41,17.46,50.04,77.07,38.935,44.97,SLOW GROWTH,42,20,43.9,73.17,46.34,43.9,73.17,46.34,0.0,56.35,40.1,45.42,0,WEAK,BEAR MARKET,-31.31,MODERATE VOLATILITY,RISK ON,34.11,Metals,0,39.55,63.06,0,40.09,0,554,D,60.4,44.97,14.648208469055374,0.06
BLUEDART,120324349952.0,MID CAP,5071.0,48.5449,7.3752275,0.131185,27.014499999999998,0.13491,0.04208,0.08,1.891,Misc,Industrials,Integrated Freight & Logistics,2026-05-16,Integrated Freight & Logistics,0,0,0,35.98,93.47,50.04,66.14,64.725,61.93,MODERATE GROWTH,20,20,77.9,21.15,53.03,81.82,22.73,81.82,0.0,53.7,36.34,45.35,0,WEAK,BEAR MARKET,-31.31,MODERATE VOLATILITY,RISK ON,32.51,Metals,0,36.31,74.28,0,38.08,0,555,D,74.44,49.5,13.123011664899257,0.05
BHAGCHEM,32294084608.0,SMALL CAP,249.0500030517578,244.16667,4.733621,0.131185,27.379,0.07719,0.02641,0.109,0.385,Chemicals,Basic Materials,Agricultural Inputs,2026-05-16,Agrochemicals,0,1,0,50.13,79.41,50.04,36.24,64.77,58.97,MODERATE GROWTH,20,20,74.68,20.78,56.49,78.26,23.91,56.52,33.33333333333333,50.79,44.64,45.35,0,WEAK,BEAR MARKET,-31.31,MODERATE VOLATILITY,RISK ON,33.86,Metals,0,36.1,71.38,0,40.45,0,556,D,71.62,48.53,13.365464059487744,0.05
HPL,22325129216.0,SMALL CAP,347.20001220703125,23.586956,2.339134,0.131185,77.475,0.11892,0.05454,0.208,0.075,Misc,Industrials,Electrical Equipment & Parts,2026-05-16,Electrical Equipment & Parts,0,0,0,74.34,30.03,50.04,61.9,52.185,52.73,SLOW GROWTH,28,30,63.64,44.82,70.14,48.0,44.0,50.0,0.0,58.73,39.76,45.33,0,WEAK,BEAR MARKET,-31.31,MODERATE VOLATILITY,RISK ON,39.62,Metals,0,38.13,67.48,0,41.07,0,557,D,67.84,49.35,14.337594421847763,0.06
GTECJAINX,199808224.0,MICRO CAP,19.610000610351562,26.7615915,12.1725645,0.131185,62.029,-0.14332,-0.11575,1.037,0.134,Misc,Consumer Defensive,Education & Training Services,2026-05-16,Education & Training Services,0,1,0,95.59,50.09,50.04,5.47,72.84,61.54,MODERATE GROWTH,18,20,77.27,9.28,53.03,62.5,37.5,50.0,33.33333333333333,51.5,43.58,45.32,0,WEAK,BEAR MARKET,-31.31,MODERATE VOLATILITY,RISK ON,33.77,Metals,0,36.1,72.65,0,40.15,0,558,D,73.14,49.52,13.358510925276505,0.05
ASIANPAINT,2497843560448.0,MEGA CAP,2605.60009765625,64.92898,12.751298,0.131185,17.609,0.16554001,0.11098,0.037,-0.046,Chemicals,Basic Materials,Specialty Chemicals,2026-05-16,Specialty Chemicals,0,0,0,27.87,22.84,50.04,73.19,25.355,35.08,WEAK GROWTH,32,40,36.36,44.81,86.36,38.89,45.37,85.19,0.0,49.82,32.1,45.11,0,WEAK,BEAR MARKET,-31.31,MODERATE VOLATILITY,RISK ON,40.48,Metals,0,34.29,66.37,0,38.54,0,559,D,67.33,40.44,11.836674959754134,0.05
AAKASH,891000000.0,MICRO CAP,8.800000190734863,805.9944712000163,1.3305111,0.056339998,34.733,0.09151,0.030769998,0.29,5.315,Misc,Energy,Oil & Gas Equipment & Services,2026-05-16,Oil & Gas Equipment & Services,0,1,0,81.83,97.35,4.67,41.18,89.59,67.76,MODERATE GROWTH,10,20,83.71,2.65,53.03,50.0,16.67,25.0,33.33333333333333,50.88,43.31,45.1,0,WEAK,BEAR MARKET,-31.31,MODERATE VOLATILITY,RISK ON,33.55,Metals,0,35.05,76.34,0,39.76,0,560,D,77.87,51.41,13.036642576391529,0.05
ASTRAZEN,211712507904.0,MID CAP,8468.5,105.264145,26.49478,0.131185,4.354,0.06702,0.092259996,0.389,0.057,Misc,Healthcare,Drug Manufacturers - Specialty & Generic,2026-05-16,Drug Manufacturers - Specialty & Generic,0,0,0,87.21,28.44,50.04,31.83,57.824999999999996,53.67,SLOW GROWTH,20,40,64.9,21.15,83.21,58.7,14.13,67.39,0.0,58.99,36.5,45.08,0,WEAK,BEAR MARKET,-31.31,MODERATE VOLATILITY,RISK ON,43.87,Metals,0,36.43,70.22,0,40.9,0,561,D,72.79,50.34,13.644125220219541,0.06
BYKE,1822456448.0,MICRO CAP,34.86000061035156,31.690908,0.79507357,0.131185,45.915,0.15720999,0.05487,0.05,0.5,Misc,Consumer Cyclical,Lodging,2026-05-16,Lodging,0,0,0,30.42,82.89,50.04,71.25,56.655,56.79,MODERATE GROWTH,35,0,70.08,65.91,7.39,50.0,25.0,12.5,0.0,49.29,40.11,44.97,0,WEAK,BEAR MARKET,-31.31,MODERATE VOLATILITY,RISK ON,22.35,Metals,0,37.89,70.21,0,36.68,0,562,D,66.06,44.72,13.337309871756634,0.05
ARIS,11275694080.0,SMALL CAP,137.91000366210938,35.72798,1.5083836,0.12219,9.356,0.083900005,0.04937,0.553,0.134,Industrials,Industrials,Engineering & Construction,2026-05-16,Engineering & EPC,0,1,0,91.09,50.09,11.2,38.62,70.59,55.52,MODERATE GROWTH,20,30,63.41,17.07,75.61,63.41,17.07,75.61,33.33333333333333,53.44,43.45,44.84,0,WEAK,BEAR MARKET,-31.31,MODERATE VOLATILITY,RISK ON,39.22,Metals,0,36.28,69.79,0,41.38,0,563,D,71.23,49.02,13.57330748996262,0.06
IPCALAB,407195287552.0,MID CAP,1605.0,44.84493,4.944547,0.131185,14.425,0.17796,0.09571,0.066,0.236,Misc,Healthcare,Drug Manufacturers - Specialty & Generic,2026-05-16,Drug Manufacturers - Specialty & Generic,0,0,0,33.55,72.88,50.04,75.4,53.214999999999996,54.8,SLOW GROWTH,27,20,66.54,36.36,53.03,60.87,22.83,30.43,0.0,52.65,36.5,44.77,0,WEAK,BEAR MARKET,-31.31,MODERATE VOLATILITY,RISK ON,32.29,Metals,0,36.63,71.08,0,37.95,0,564,D,70.33,46.67,13.085658208327493,0.05
AMBUJACEM,1077789458432.0,LARGE CAP,433.75,22.780987,1.8065766,0.08311,1.205,0.03767,0.1163,0.094,0.772,Misc,Basic Materials,Building Materials,2026-05-16,Building Materials,0,0,0,39.15,87.3,7.14,20.11,63.224999999999994,47.7,SLOW GROWTH,23,40,40.91,31.44,83.21,41.18,55.88,88.24,0.0,54.67,32.72,44.75,0,WEAK,BEAR MARKET,-31.31,MODERATE VOLATILITY,RISK ON,41.85,Metals,0,35.17,70.2,0,39.1,0,565,D,72.34,46.42,12.65884919552768,0.05
ALICON,10766793728.0,SMALL CAP,659.0499877929688,30.025055,1.748621,0.131185,57.003,0.045900002,0.021189999,0.097,3.188,Misc,Industrials,Metal Fabrication,2026-05-16,Metal Fabrication,0,0,0,40.17,95.5,50.04,23.28,67.83500000000001,59.82,MODERATE GROWTH,28,10,74.87,44.82,29.42,54.55,40.91,31.82,0.0,52.12,38.8,44.71,0,WEAK,BEAR MARKET,-31.31,MODERATE VOLATILITY,RISK ON,27.73,Metals,0,37.52,71.82,0,37.55,0,566,D,69.77,47.51,13.426593189204466,0.05
IKIO,12059654144.0,SMALL CAP,156.0500030517578,32.04312,2.006145,0.07095,11.438,0.13333,0.062030002,0.519,0.134,Misc,Technology,Electronic Components,2026-05-16,Electronic Components,0,1,0,90.61,50.09,5.56,65.65,70.35,56.92,MODERATE GROWTH,18,30,70.52,9.28,70.14,75.0,50.0,75.0,33.33333333333333,53.17,43.24,44.67,0,WEAK,BEAR MARKET,-31.31,MODERATE VOLATILITY,RISK ON,39.1,Metals,0,35.95,70.77,0,41.18,0,567,D,72.46,49.37,13.441328614211816,0.05
CROWN,1434455552.0,MICRO CAP,127.80999755859375,15.605618,1.9599454,0.131185,66.801,0.28774,0.25258,-0.023,-0.434,Misc,Industrials,Rental & Leasing Services,2026-05-16,Rental & Leasing Services,0,0,0,19.75,10.23,50.04,85.54,14.99,29.06,WEAK GROWTH,60,20,15.15,94.57,53.03,33.33,100.0,50.0,0.0,56.17,38.93,44.43,0,WEAK,BEAR MARKET,-31.31,MODERATE VOLATILITY,RISK ON,33.78,Metals,0,41.06,55.37,0,39.72,0,568,D,50.36,39.21,15.268691588785048,0.06
CPCAP,1756750080.0,MICRO CAP,96.52999877929688,4.1787877,0.31832767,0.131185,14.352,0.8007,0.57638,-0.257,-0.06,Financials,Financial Services,Credit Services,2026-05-16,NBFC – Lending,0,0,0,6.7,22.22,50.04,98.32,14.459999999999999,29.96,WEAK GROWTH,60,20,15.38,75.64,17.31,7.41,77.78,25.93,0.0,57.67,36.72,44.1,0,WEAK,BEAR MARKET,-31.31,MODERATE VOLATILITY,RISK ON,33.6,Metals,0,41.16,56.15,0,39.04,0,569,D,51.12,39.7,15.23407521105142,0.06
AIMTRON,11131658240.0,SMALL CAP,1110.449951171875,32.09535,5.5917883,0.131185,27.014499999999998,0.10244,0.0670450025,0.109,0.134,Misc,Unknown,Unknown,2026-05-16,Diversified,0,1,0,50.13,50.09,50.04,50.04,50.11,50.09,SLOW GROWTH,28,20,52.21,44.82,53.03,50.4,52.42,92.74,33.33333333333333,48.81,44.08,44.05,0,WEAK,BEAR MARKET,-31.31,MODERATE VOLATILITY,RISK ON,33.22,Metals,0,36.14,67.97,0,39.77,0,570,D,67.17,44.66,13.102537773214022,0.05
GGBL,11951601664.0,SMALL CAP,329.95001220703125,24.674858,5.021099,0.131185,27.014499999999998,0.10244,0.0670450025,0.109,0.134,Misc,Unknown,Unknown,2026-05-16,Diversified,0,1,0,50.13,50.09,50.04,50.04,50.11,50.09,SLOW GROWTH,28,20,52.21,44.82,53.03,50.4,52.42,92.74,33.33333333333333,48.81,44.08,44.05,0,WEAK,BEAR MARKET,-31.31,MODERATE VOLATILITY,RISK ON,33.22,Metals,0,36.14,67.97,0,39.77,0,571,D,67.17,44.66,13.102537773214022,0.05
APS,10267761664.0,SMALL CAP,346.6000061035156,25.610538,8.014638,0.131185,27.014499999999998,0.10244,0.0670450025,0.109,0.134,Misc,Unknown,Unknown,2026-05-16,Diversified,0,1,0,50.13,50.09,50.04,50.04,50.11,50.09,SLOW GROWTH,28,20,52.21,44.82,53.03,50.4,52.42,92.74,33.33333333333333,48.81,44.08,44.05,0,WEAK,BEAR MARKET,-31.31,MODERATE VOLATILITY,RISK ON,33.22,Metals,0,36.14,67.97,0,39.77,0,572,D,67.17,44.66,13.102537773214022,0.05
ELPROINTL,27935246336.0,SMALL CAP,164.8300018310547,31.9438,1.3749468,0.131185,27.014499999999998,0.10244,0.0670450025,0.109,0.134,Misc,Unknown,Unknown,2026-05-16,Diversified,0,1,0,50.13,50.09,50.04,50.04,50.11,50.09,SLOW GROWTH,28,20,52.21,44.82,53.03,50.4,52.42,92.74,33.33333333333333,48.81,44.08,44.05,0,WEAK,BEAR MARKET,-31.31,MODERATE VOLATILITY,RISK ON,33.22,Metals,0,36.14,67.97,0,39.77,0,573,D,67.17,44.66,13.102537773214022,0.05
CONSOFINVT,7209102848.0,MICRO CAP,223.00999450683594,11.401329,0.6942162,0.131185,27.014499999999998,0.8678988605550011,0.89956003,-0.214,-0.214,Misc,Financial Services,Capital Markets,2026-05-16,Capital Markets,0,0,0,8.02,16.05,50.04,99.51,12.035,28.38,WEAK GROWTH,60,20,13.13,94.57,53.03,30.3,78.79,39.39,0.0,55.64,38.41,43.95,0,WEAK,BEAR MARKET,-31.31,MODERATE VOLATILITY,RISK ON,33.51,Metals,0,40.77,55.56,0,39.32,0,574,D,50.54,38.7,15.0174621653085,0.06
ALPHAGEO,1395538816.0,MICRO CAP,219.25999450683594,26.7615915,0.53727293,0.131185,27.014499999999998,-0.59847,-0.10934,0.509,0.134,Misc,Energy,Oil & Gas Equipment & Services,2026-05-16,Oil & Gas Equipment & Services,0,1,0,90.39,50.09,50.04,2.56,70.24000000000001,59.43,MODERATE GROWTH,18,20,73.99,9.28,53.03,33.33,33.33,25.0,33.33333333333333,49.47,42.28,43.87,0,WEAK,BEAR MARKET,-31.31,MODERATE VOLATILITY,RISK ON,32.94,Metals,0,35.23,73.1,0,39.01,0,575,D,73.58,47.86,12.83454009117726,0.05
HARIOMPIPE,9556505600.0,MICRO CAP,308.6000061035156,15.216962,1.5813963,0.131185,69.094,0.07604,0.0403,0.21,0.03,Misc,Basic Materials,Steel,2026-05-16,Steel,0,0,0,74.6,26.85,50.04,35.67,50.724999999999994,49.08,SLOW GROWTH,35,20,42.68,65.91,53.03,47.62,73.81,45.24,0.0,54.32,38.02,43.85,0,WEAK,BEAR MARKET,-31.31,MODERATE VOLATILITY,RISK ON,33.08,Metals,0,37.98,66.94,0,38.53,0,576,D,65.17,45.35,13.707118029318421,0.05
DGCONTENT,1629269504.0,MICRO CAP,28.079999923706055,26.742859,4.248109,0.131185,275.528,0.06665,0.01264,0.17,0.134,Misc,Communication Services,Internet Content & Information,2026-05-16,Internet Content & Information,0,1,0,67.95,50.09,50.04,31.66,59.02,54.49,SLOW GROWTH,28,10,65.53,44.82,29.42,100.0,50.0,50.0,33.33333333333333,43.83,44.08,43.69,0,WEAK,BEAR MARKET,-31.31,MODERATE VOLATILITY,RISK ON,26.98,Metals,0,36.18,69.97,0,38.11,0,577,D,67.97,43.6,12.643178193417429,0.05
HGM,745748288.0,MICRO CAP,59.209999084472656,174.14705,3.1715677,0.131185,100.637,-0.17940001,0.00806,1.458,0.134,Technology,Technology,Information Technology Services,2026-05-16,IT Services,0,1,0,97.53,50.09,50.04,4.76,73.81,62.15,MODERATE GROWTH,15,20,66.67,7.84,40.2,67.74,6.45,50.0,33.33333333333333,49.74,41.07,43.54,0,WEAK,BEAR MARKET,-31.31,MODERATE VOLATILITY,RISK ON,32.7,Metals,0,34.86,74.88,0,38.48,0,578,D,75.74,48.71,12.694813656502477,0.05
ANTHEM,439990452224.0,MID CAP,783.2999877929688,91.72131,15.971699,0.131185,3.997,0.28989,0.24203,-0.15,-0.258,Healthcare,Healthcare,Biotechnology,2026-05-16,Biotechnology,0,0,0,11.2,14.37,50.04,85.8,12.785,27.54,WEAK GROWTH,45,40,42.86,78.57,78.57,50.0,75.0,83.33,0.0,53.62,39.66,43.53,0,WEAK,BEAR MARKET,-31.31,MODERATE VOLATILITY,RISK ON,43.32,Metals,0,37.6,57.87,0,41.32,0,579,D,57.22,39.87,13.696324287186535,0.06
GREENPOWER,13349100544.0,SMALL CAP,11.380000114440918,18.35484,1.117549,0.06458,45.393,-0.07829,0.21989,0.124,0.134,Misc,Utilities,Utilities - Independent Power Producers,2026-05-16,Utilities - Independent Power Producers,0,1,0,60.41,50.09,5.03,6.44,55.25,40.32,SLOW GROWTH,30,40,31.31,53.22,83.21,60.0,80.0,70.0,33.33333333333333,53.26,43.98,43.47,0,WEAK,BEAR MARKET,-31.31,MODERATE VOLATILITY,RISK ON,44.31,Metals,0,36.51,63.11,0,42.42,0,580,D,64.45,44.68,13.65317035905271,0.06
DAMCAPITAL,10796579840.0,SMALL CAP,152.74000549316406,13.328098,3.4831588,0.131185,1.278,0.39832002,0.34159002,-0.346,-0.61,Misc,Financial Services,Capital Markets,2026-05-16,Capital Markets,0,0,0,5.29,6.17,50.04,92.68,5.73,23.29,WEAK GROWTH,60,30,8.46,94.57,70.14,15.15,78.79,60.61,0.0,56.97,38.24,43.2,0,WEAK,BEAR MARKET,-31.31,MODERATE VOLATILITY,RISK ON,38.8,Metals,0,40.48,53.62,0,40.32,0,581,D,49.8,38.29,15.0748031496063,0.06
AURIGROW,206534400.0,MICRO CAP,0.3100000023841858,3.894883706,0.28466484,0.131185,14.284,0.06238,0.04164,0.109,0.134,Misc,Industrials,Electrical Equipment & Parts,2026-05-16,Electrical Equipment & Parts,0,1,0,50.13,50.09,50.04,29.98,50.11,48.08,SLOW GROWTH,35,10,41.67,65.91,29.42,44.0,66.0,18.0,33.33333333333333,43.56,43.56,43.18,0,WEAK,BEAR MARKET,-31.31,MODERATE VOLATILITY,RISK ON,26.78,Metals,0,36.68,67.0,0,37.88,0,582,D,64.09,41.21,12.66246735289599,0.05
AGROPHOS,617752320.0,MICRO CAP,30.469999313354492,12.28629,0.8801271,0.131185,37.092,0.06407,0.06156,0.571,-0.631,Chemicals,Basic Materials,Agricultural Inputs,2026-05-16,Agrochemicals,0,0,0,91.53,5.73,50.04,31.04,48.63,47.15,SLOW GROWTH,35,20,55.84,64.29,56.49,56.52,65.22,56.52,0.0,51.85,38.76,43.15,0,WEAK,BEAR MARKET,-31.31,MODERATE VOLATILITY,RISK ON,32.65,Metals,0,37.38,66.68,0,38.27,0,583,D,64.92,43.93,13.328276699029127,0.05
BIRLACORPN,78441496576.0,SMALL CAP,1018.6500244140625,14.063924,1.097481,0.131185,44.718,0.07414,0.05391,-0.043,0.687,Misc,Basic Materials,Building Materials,2026-05-16,Building Materials,0,0,0,18.43,86.51,50.04,35.01,52.47,50.24,SLOW GROWTH,35,10,60.1,65.91,29.42,52.94,88.24,26.47,0.0,49.12,38.55,43.0,0,WEAK,BEAR MARKET,-31.31,MODERATE VOLATILITY,RISK ON,26.92,Metals,0,36.94,68.76,0,36.66,0,584,D,65.79,43.07,12.897140290462643,0.05
GATECHDVR,659128192.0,MICRO CAP,0.5099999904632568,6.375,0.53180397,0.131185,27.014499999999998,0.29372,0.39220002,0.016,-0.636,Financials,Financial Services,Asset Management,2026-05-16,Asset Management Companies,0,0,0,24.21,5.6,50.04,86.11,14.905000000000001,29.05,WEAK GROWTH,60,20,10.9,75.64,17.31,17.86,57.14,17.86,0.0,56.04,35.4,42.98,0,WEAK,BEAR MARKET,-31.31,MODERATE VOLATILITY,RISK ON,32.86,Metals,0,40.71,56.61,0,38.1,0,585,D,51.56,38.63,14.699391171993913,0.06
GATECH,697900480.0,MICRO CAP,0.5400000214576721,6.7500005,0.56308657,0.131185,27.014499999999998,0.29372,0.39220002,0.016,-0.636,Financials,Financial Services,Asset Management,2026-05-16,Asset Management Companies,0,0,0,24.21,5.6,50.04,86.11,14.905000000000001,29.05,WEAK GROWTH,60,20,10.9,75.64,17.31,17.86,57.14,17.86,0.0,56.04,35.4,42.98,0,WEAK,BEAR MARKET,-31.31,MODERATE VOLATILITY,RISK ON,32.86,Metals,0,40.71,56.61,0,38.1,0,586,D,51.56,38.63,14.699391171993913,0.06
HITECHCORP,2313395200.0,MICRO CAP,134.69000244140625,31.61737,0.8307224,0.131185,47.479,0.01919,0.011729999,0.18,0.134,Misc,Consumer Cyclical,Packaging & Containers,2026-05-16,Packaging & Containers,0,1,0,69.71,50.09,50.04,14.9,59.9,53.43,SLOW GROWTH,28,10,64.65,44.82,29.42,68.75,46.88,37.5,33.33333333333333,42.68,43.49,42.95,0,WEAK,BEAR MARKET,-31.31,MODERATE VOLATILITY,RISK ON,26.54,Metals,0,35.75,70.18,0,37.54,0,587,D,68.17,42.74,12.357958652595055,0.05
HPIL,1530716544.0,MICRO CAP,133.99000549316406,139.57292,2.9950602,0.131185,73.098,0.0277,0.00889,0.113,0.462,Chemicals,Basic Materials,Specialty Chemicals,2026-05-16,Specialty Chemicals,0,1,0,58.16,81.83,50.04,16.75,69.995,60.68,MODERATE GROWTH,20,10,76.62,20.78,33.77,75.93,20.37,36.11,33.33333333333333,42.95,41.79,42.59,0,WEAK,BEAR MARKET,-31.31,MODERATE VOLATILITY,RISK ON,26.18,Metals,0,34.92,74.37,0,36.75,0,588,D,73.39,45.09,12.122597123269257,0.04
BLUESTARCO,340872593408.0,MID CAP,1658.0,64.51362,9.928204,0.16222,23.588,0.07373,0.042340003,0.019,0.171,Misc,Industrials,Building Products & Equipment,2026-05-16,Building Products & Equipment,0,0,0,25.18,68.34,91.62,34.74,46.760000000000005,54.53,SLOW GROWTH,20,30,65.91,21.15,70.14,82.35,41.18,82.35,0.0,52.34,34.0,42.59,0,WEAK,BEAR MARKET,-31.31,MODERATE VOLATILITY,RISK ON,36.58,Metals,0,34.99,73.1,0,37.42,0,589,D,74.44,47.01,12.46288441145281,0.05
HEIDELBERG,34724450304.0,SMALL CAP,153.22000122070312,24.954397,2.6513696,0.131185,5.868,0.04401,0.06064,0.058,2.0,Misc,Basic Materials,Building Materials,2026-05-16,Building Materials,0,0,0,32.36,93.83,50.04,22.57,63.095,56.43,MODERATE GROWTH,28,10,69.57,44.82,29.42,82.35,73.53,26.47,0.0,49.21,36.84,42.52,0,WEAK,BEAR MARKET,-31.31,MODERATE VOLATILITY,RISK ON,26.51,Metals,0,36.13,72.51,0,35.82,0,590,D,70.44,44.98,12.592385218365061,0.04
GANESHHOU,57161846784.0,SMALL CAP,685.5,13.622814,2.5799093,0.131185,3.485,0.80433,0.62872005,-0.645,-0.666,Misc,Real Estate,Real Estate - Development,2026-05-16,Real Estate - Development,0,0,0,2.03,5.11,50.04,98.5,3.5700000000000003,22.36,WEAK GROWTH,60,30,7.83,94.57,70.14,20.83,91.67,58.33,0.0,55.73,37.65,42.46,0,WEAK,BEAR MARKET,-31.31,MODERATE VOLATILITY,RISK ON,38.34,Metals,0,40.09,53.82,0,39.75,0,591,D,50.0,37.45,14.686274509803923,0.06
JAIPURKURT,522854048.0,MICRO CAP,30.290000915527344,12.568464,0.86515665,0.131185,44.319,0.04774,0.018760001,1.002,-0.684,Misc,Consumer Cyclical,Apparel Manufacturing,2026-05-16,Apparel Manufacturing,0,0,0,95.41,4.5,50.04,24.16,49.955,47.39,SLOW GROWTH,35,20,40.28,65.91,53.03,66.67,75.0,70.83,0.0,52.03,36.74,42.43,0,WEAK,BEAR MARKET,-31.31,MODERATE VOLATILITY,RISK ON,32.19,Metals,0,37.26,67.39,0,37.41,0,592,D,65.61,43.78,13.14517339738778,0.05
ELECON,108800311296.0,MID CAP,484.8500061035156,31.940052,4.6726675,0.15851,11.824,0.17548001,0.14419,-0.065,-0.9368978,Misc,Industrials,Specialty Industrial Machinery,2026-05-16,Specialty Industrial Machinery,0,0,0,17.15,0.57,91.27,74.87,8.86,31.94,WEAK GROWTH,40,40,20.96,78.54,83.21,9.68,77.42,64.52,0.0,53.79,36.44,42.41,0,WEAK,BEAR MARKET,-31.31,MODERATE VOLATILITY,RISK ON,42.56,Metals,0,36.82,61.25,0,39.84,0,593,D,61.21,40.97,13.171515833467286,0.05
GEEKAYWIRE,2789638912.0,MICRO CAP,26.690000534057617,9.078231,1.6887062,0.20352,80.873,0.11071999,0.06689,0.017,-0.185,Misc,Industrials,Electrical Equipment & Parts,2026-05-16,Electrical Equipment & Parts,0,0,0,24.51,17.2,95.24,58.82,20.855,39.53,WEAK GROWTH,43,20,30.43,81.82,53.03,28.0,86.0,32.0,0.0,51.41,37.4,42.17,0,WEAK,BEAR MARKET,-31.31,MODERATE VOLATILITY,RISK ON,32.2,Metals,0,37.78,63.56,0,37.61,0,594,D,60.74,40.92,13.255587949465502,0.05
AVADHSUGAR,9538777088.0,MICRO CAP,476.5,13.004913,0.8977878,0.131185,56.04,0.06185,0.02716,0.035,1.478,Misc,Consumer Defensive,Confectioners,2026-05-16,Confectioners,0,0,0,27.47,91.71,50.04,29.81,59.589999999999996,54.7,SLOW GROWTH,35,0,66.29,65.91,7.39,55.56,88.89,27.78,0.0,44.0,37.43,42.16,0,WEAK,BEAR MARKET,-31.31,MODERATE VOLATILITY,RISK ON,20.36,Metals,0,36.89,71.15,0,34.47,0,595,D,66.97,41.82,12.305428865676033,0.04
INDOFARM,6250072064.0,MICRO CAP,130.07000732421875,20.072533,1.1507667,0.131185,33.236,0.09896,0.06763,0.101,0.149,Misc,Industrials,Farm & Heavy Construction Machinery,2026-05-16,Farm & Heavy Construction Machinery,0,1,0,41.05,67.02,50.04,44.0,54.035,52.23,SLOW GROWTH,28,10,63.13,44.82,29.42,88.89,33.33,27.78,33.33333333333333,41.45,42.77,42.12,0,WEAK,BEAR MARKET,-31.31,MODERATE VOLATILITY,RISK ON,26.06,Metals,0,35.26,70.43,0,36.9,0,596,D,68.42,41.78,12.036876980697206,0.04
COCHINSHIP,419482304512.0,MID CAP,1594.5,57.813633,7.357861,0.131185,20.291,0.113800004,0.13733,0.177,-0.183,Misc,Industrials,Aerospace & Defense,2026-05-16,Aerospace & Defense,0,0,0,69.09,17.37,50.04,59.96,43.230000000000004,46.26,SLOW GROWTH,25,40,38.89,34.47,83.21,33.33,22.22,33.33,0.0,55.2,33.08,42.03,0,WEAK,BEAR MARKET,-31.31,MODERATE VOLATILITY,RISK ON,42.07,Metals,0,35.5,69.17,0,38.5,0,597,D,71.05,45.93,12.749479528105482,0.05
GOKULAGRO,70832611328.0,SMALL CAP,240.0399932861328,23.695951,5.8392525,0.131185,48.257,0.02327,0.01284,0.266,0.071,Misc,Consumer Defensive,Packaged Foods,2026-05-16,Packaged Foods,0,0,0,79.5,29.76,50.04,15.87,54.63,49.84,SLOW GROWTH,28,30,44.07,44.82,70.14,34.62,51.92,65.38,0.0,54.94,35.31,42.03,0,WEAK,BEAR MARKET,-31.31,MODERATE VOLATILITY,RISK ON,37.56,Metals,0,36.67,69.04,0,38.16,0,598,D,69.35,46.35,13.176972281449896,0.05
CONFIPET,20469370880.0,SMALL CAP,61.61000061035156,24.255907,1.467359,0.131185,55.384,0.03101,0.01911,0.999,-0.315,Misc,Energy,Oil & Gas Refining & Marketing,2026-05-16,Oil & Gas Refining & Marketing,0,0,0,95.33,13.05,50.04,17.81,54.19,49.72,SLOW GROWTH,28,30,43.81,44.82,70.14,33.33,11.11,55.56,0.0,54.85,35.23,41.95,0,WEAK,BEAR MARKET,-31.31,MODERATE VOLATILITY,RISK ON,37.52,Metals,0,36.62,69.07,0,38.1,0,599,D,69.38,46.27,13.148621767547601,0.05
ASTRAMICRO,105066143744.0,MID CAP,1106.5999755859375,65.790726,9.028826,0.131185,23.894,0.27346,0.14825,0.007,-0.016,Misc,Technology,Communication Equipment,2026-05-16,Communication Equipment,0,0,0,22.75,24.07,50.04,85.01,23.41,34.9,WEAK GROWTH,40,30,24.37,78.54,70.14,37.5,87.5,68.75,0.0,50.62,35.68,41.91,0,WEAK,BEAR MARKET,-31.31,MODERATE VOLATILITY,RISK ON,36.58,Metals,0,36.28,63.51,0,37.89,0,600,D,62.27,39.83,12.590485222064167,0.05
FINEORG,141995540480.0,MID CAP,4631.2998046875,35.843197,5.732566,0.131185,0.661,0.14527,0.16900998,0.081,-0.106,Chemicals,Basic Materials,Specialty Chemicals,2026-05-16,Specialty Chemicals,0,0,0,36.42,19.93,50.04,68.78,28.175,36.61,WEAK GROWTH,35,35,41.56,64.29,81.82,42.59,64.81,79.63,0.0,51.06,36.3,41.86,0,WEAK,BEAR MARKET,-31.31,MODERATE VOLATILITY,RISK ON,39.34,Metals,0,35.69,64.54,0,38.61,0,601,D,64.56,41.13,12.547284929835264,0.05
AJMERA,24857257984.0,SMALL CAP,126.30999755859375,19.02259,1.9699308,0.131185,47.19,0.29755,0.14737001,-0.058,-0.282,Misc,Real Estate,Real Estate - Development,2026-05-16,Real Estate - Development,0,0,0,17.5,13.58,50.04,86.68,15.54,29.55,WEAK GROWTH,55,20,15.78,91.92,53.03,50.0,81.25,35.42,0.0,51.76,36.86,41.84,0,WEAK,BEAR MARKET,-31.31,MODERATE VOLATILITY,RISK ON,32.16,Metals,0,39.03,58.35,0,37.61,0,602,D,53.97,37.51,13.647444060396579,0.05
BIRET,218665304064.0,MID CAP,321.19000244140625,36.14403,1.1524885,0.131185,27.014499999999998,0.10244,0.0670450025,0.109,0.134,Misc,Unknown,Unknown,2026-05-16,Diversified,0,1,0,50.13,50.09,50.04,50.04,50.11,50.09,SLOW GROWTH,20,30,52.21,21.15,70.14,50.4,16.94,98.79,33.33333333333333,44.8,38.92,41.79,0,WEAK,BEAR MARKET,-31.31,MODERATE VOLATILITY,RISK ON,35.93,Metals,0,33.92,71.38,0,38.03,0,603,D,72.77,43.63,11.82865663548868,0.04
EMBASSY,350644862976.0,MID CAP,421.0899963378906,103.32961,1.5405375,0.131185,27.014499999999998,0.10244,0.0670450025,0.109,0.134,Misc,Unknown,Unknown,2026-05-16,Diversified,0,1,0,50.13,50.09,50.04,50.04,50.11,50.09,SLOW GROWTH,20,30,52.21,21.15,70.14,50.4,16.94,98.79,33.33333333333333,44.8,38.92,41.79,0,WEAK,BEAR MARKET,-31.31,MODERATE VOLATILITY,RISK ON,35.93,Metals,0,33.92,71.38,0,38.03,0,604,D,72.77,43.63,11.82865663548868,0.04
INDIGRID,133416214528.0,MID CAP,171.9199981689453,35.91282,2.5366755,0.131185,27.014499999999998,0.10244,0.0670450025,0.109,0.134,Misc,Unknown,Unknown,2026-05-16,Diversified,0,1,0,50.13,50.09,50.04,50.04,50.11,50.09,SLOW GROWTH,20,30,52.21,21.15,70.14,50.4,16.94,98.79,33.33333333333333,44.8,38.92,41.79,0,WEAK,BEAR MARKET,-31.31,MODERATE VOLATILITY,RISK ON,35.93,Metals,0,33.92,71.38,0,38.03,0,605,D,72.77,43.63,11.82865663548868,0.04
CONCOR,395127357440.0,MID CAP,518.7999877929688,30.954653,3.0898607,0.131185,7.016,0.15624,0.14035,0.045,-0.089,Misc,Industrials,Railroads,2026-05-16,Railroads,0,0,0,29.59,20.86,50.04,70.99,25.225,34.76,WEAK GROWTH,40,30,24.05,78.54,70.14,100.0,100.0,100.0,0.0,50.35,35.53,41.75,0,WEAK,BEAR MARKET,-31.31,MODERATE VOLATILITY,RISK ON,36.47,Metals,0,36.22,63.56,0,37.77,0,606,D,62.32,39.67,12.530006317119394,0.05
JLHL,86973333504.0,SMALL CAP,1326.5,46.075024,5.992528,0.131185,27.808,0.16894,0.13445,0.139,-0.19,Misc,Healthcare,Medical Care Facilities,2026-05-16,Medical Care Facilities,0,0,0,63.4,16.84,50.04,73.46,40.12,45.44,SLOW GROWTH,32,30,37.37,55.18,70.14,30.0,60.0,40.0,0.0,54.23,35.57,41.67,0,WEAK,BEAR MARKET,-31.31,MODERATE VOLATILITY,RISK ON,37.45,Metals,0,36.76,67.15,0,38.11,0,607,D,66.95,44.61,13.130242825607063,0.05
GAEL,74666991616.0,SMALL CAP,162.7899932861328,24.553543,2.4107392,0.131185,9.321,0.04448,0.03633,0.312,-0.077,Misc,Consumer Defensive,Packaged Foods,2026-05-16,Packaged Foods,0,0,0,83.77,21.69,50.04,22.75,52.73,49.19,SLOW GROWTH,28,30,42.87,44.82,70.14,26.92,51.92,65.38,0.0,54.54,34.97,41.66,0,WEAK,BEAR MARKET,-31.31,MODERATE VOLATILITY,RISK ON,37.38,Metals,0,36.41,69.16,0,37.87,0,608,D,69.47,45.93,13.035334184759472,0.05
ASIANHOTNR,12751598592.0,SMALL CAP,299.1000061035156,14.324714,3.1403885,0.131185,338.495,0.05553,0.12323,0.052,0.134,Misc,Consumer Cyclical,Lodging,2026-05-16,Lodging,0,0,0,30.91,50.09,50.04,27.69,40.5,41.13,SLOW GROWTH,40,20,32.45,78.54,53.03,31.25,46.88,50.0,0.0,50.53,36.86,41.6,0,WEAK,BEAR MARKET,-31.31,MODERATE VOLATILITY,RISK ON,31.85,Metals,0,37.08,65.1,0,37.07,0,609,D,62.67,41.07,12.900895241086854,0.05
CAPACITE,19602755584.0,SMALL CAP,231.6999969482422,9.72712,1.0389296,0.131185,23.09,0.12592,0.07642,0.144,-0.034,Industrials,Industrials,Engineering & Construction,2026-05-16,Engineering & EPC,0,0,0,63.98,23.46,50.04,64.2,43.72,47.03,SLOW GROWTH,35,20,46.34,50.0,46.34,46.34,50.0,46.34,0.0,51.59,35.09,41.59,0,WEAK,BEAR MARKET,-31.31,MODERATE VOLATILITY,RISK ON,31.67,Metals,0,36.97,67.97,0,36.56,0,610,D,66.17,43.25,12.877772815244901,0.05
BALKRISIND,415303303168.0,MID CAP,2148.300048828125,33.446987,3.791042,0.131185,35.269,0.16359,0.1233,0.069,-0.15,Automobiles,Consumer Cyclical,Auto Parts,2026-05-16,Auto Components,0,0,0,33.95,18.61,50.04,72.84,26.28,35.69,WEAK GROWTH,40,30,11.11,80.0,54.44,13.16,86.84,63.16,0.0,51.15,34.13,41.58,0,WEAK,BEAR MARKET,-31.31,MODERATE VOLATILITY,RISK ON,36.32,Metals,0,36.4,64.05,0,37.37,0,611,D,62.79,40.07,12.56309766421069,0.05
AKSHAR,385859552.0,MICRO CAP,0.49000000953674316,26.7615915,0.5671296,0.131185,5.75,-0.15353,-0.07176,0.323,0.134,Misc,Consumer Cyclical,Textile Manufacturing,2026-05-16,Textile Manufacturing,0,1,0,84.44,50.09,50.04,5.11,67.265,57.6,MODERATE GROWTH,18,20,71.21,9.28,53.03,83.78,5.41,74.32,33.33333333333333,44.44,39.85,41.27,0,WEAK,BEAR MARKET,-31.31,MODERATE VOLATILITY,RISK ON,31.07,Metals,0,34.34,73.95,0,36.98,0,612,D,74.41,45.18,11.98249569022676,0.04
GULFPETRO,1690642176.0,MICRO CAP,33.15999984741211,6.566336,0.4975169,0.131185,4.622,0.04379,0.03892,0.245,-0.214,Misc,Energy,Oil & Gas Refining & Marketing,2026-05-16,Oil & Gas Refining & Marketing,0,0,0,77.95,16.05,50.04,22.49,47.0,45.16,SLOW GROWTH,35,20,36.49,65.91,53.03,22.22,50.0,16.67,0.0,50.26,35.46,41.03,0,WEAK,BEAR MARKET,-31.31,MODERATE VOLATILITY,RISK ON,31.43,Metals,0,36.35,67.84,0,36.3,0,613,D,66.04,42.16,12.577565632458231,0.05
DECCANCE,8764492800.0,MICRO CAP,625.7000122070312,27.55174,1.1753613,0.131185,101.902,0.0247,0.05884,0.133,0.134,Misc,Basic Materials,Building Materials,2026-05-16,Building Materials,0,1,0,62.43,50.09,50.04,16.31,56.260000000000005,51.02,SLOW GROWTH,28,10,61.36,44.82,29.42,58.82,73.53,26.47,33.33333333333333,39.51,41.73,40.97,0,WEAK,BEAR MARKET,-31.31,MODERATE VOLATILITY,RISK ON,25.31,Metals,0,34.73,70.79,0,36.0,0,614,D,68.77,40.53,11.618174000286656,0.04
EPL,68953006080.0,SMALL CAP,215.2899932861328,17.20943,2.6252956,0.131185,32.296,0.12927,0.087629996,0.133,-0.127,Misc,Consumer Cyclical,Packaging & Containers,2026-05-16,Packaging & Containers,0,0,0,62.43,19.22,50.04,64.9,40.825,45.08,SLOW GROWTH,35,20,36.24,65.91,53.03,50.0,78.12,68.75,0.0,50.09,35.36,40.93,0,WEAK,BEAR MARKET,-31.31,MODERATE VOLATILITY,RISK ON,31.36,Metals,0,36.31,67.87,0,36.22,0,615,D,66.08,42.06,12.540250447227193,0.05
GSLSU,2385248512.0,MICRO CAP,56.279998779296875,26.7615915,0.7889314,0.131185,71.035,-0.02485,-0.075840004,0.287,0.134,Misc,Basic Materials,Building Materials,2026-05-16,Building Materials,0,1,0,81.66,50.09,50.04,9.17,65.875,57.04,MODERATE GROWTH,18,20,70.71,9.28,53.03,88.24,29.41,50.0,33.33333333333333,43.92,39.57,40.92,0,WEAK,BEAR MARKET,-31.31,MODERATE VOLATILITY,RISK ON,30.87,Metals,0,34.12,74.05,0,36.71,0,616,D,74.51,44.75,11.852734737120912,0.04
JISLDVREQS,17354852352.0,SMALL CAP,23.65999984741211,98.583336,0.29569826,0.131185,68.821,0.06353,0.0025799999,0.174,0.134,Misc,Industrials,Conglomerates,2026-05-16,Conglomerates,0,1,0,68.3,50.09,50.04,30.56,59.195,54.5,SLOW GROWTH,20,20,65.72,21.15,53.03,55.0,50.0,35.0,33.33333333333333,43.17,40.3,40.81,0,WEAK,BEAR MARKET,-31.31,MODERATE VOLATILITY,RISK ON,30.87,Metals,0,34.1,72.9,0,36.86,0,617,D,73.1,43.71,11.79757085020243,0.04
JISLJALEQS,22826840064.0,SMALL CAP,31.1200008392334,129.66667,0.38893196,0.131185,68.821,0.06353,0.0025799999,0.174,0.134,Misc,Industrials,Conglomerates,2026-05-16,Conglomerates,0,1,0,68.3,50.09,50.04,30.56,59.195,54.5,SLOW GROWTH,20,20,65.72,21.15,53.03,55.0,50.0,35.0,33.33333333333333,43.17,40.3,40.81,0,WEAK,BEAR MARKET,-31.31,MODERATE VOLATILITY,RISK ON,30.87,Metals,0,34.1,72.9,0,36.86,0,618,D,73.1,43.71,11.79757085020243,0.04
HITECH,17153341440.0,SMALL CAP,84.62000274658203,23.05722,1.3068122,0.131185,20.944,0.03292,0.02207,0.405,-0.222,Misc,Basic Materials,Steel,2026-05-16,Steel,0,0,0,87.48,15.56,50.04,18.43,51.52,47.92,SLOW GROWTH,28,30,41.16,44.82,70.14,42.86,40.48,66.67,0.0,53.09,34.13,40.71,0,WEAK,BEAR MARKET,-31.31,MODERATE VOLATILITY,RISK ON,36.8,Metals,0,35.89,69.45,0,37.12,0,619,D,69.75,44.84,12.675618374558304,0.05
CESC,238721974272.0,MID CAP,180.08999633789062,15.484952,1.8758398,0.12547,164.311,0.123050004,0.081470005,0.056,0.178,Misc,Utilities,Utilities - Regulated Electric,2026-05-16,Utilities - Regulated Electric,0,0,0,31.97,68.61,11.38,63.23,50.29,43.8,SLOW GROWTH,35,20,35.16,65.91,53.03,60.0,60.0,70.0,0.0,45.33,33.29,40.66,0,WEAK,BEAR MARKET,-31.31,MODERATE VOLATILITY,RISK ON,29.65,Metals,0,35.66,68.6,0,35.06,0,620,D,66.78,39.87,11.764532310416051,0.04
ARCHIDPLY,1650244864.0,MICRO CAP,82.5,34.663864,1.5341988,0.131185,178.165,0.04693,0.0072399997,0.114,0.134,Misc,Basic Materials,Lumber & Wood Production,2026-05-16,Lumber & Wood Production,0,1,0,58.47,50.09,50.04,23.9,54.28,50.39,SLOW GROWTH,28,10,60.48,44.82,29.42,50.0,100.0,25.0,33.33333333333333,38.98,41.39,40.58,0,WEAK,BEAR MARKET,-31.31,MODERATE VOLATILITY,RISK ON,25.09,Metals,0,34.48,70.91,0,35.69,0,621,D,68.89,40.07,11.466590356274144,0.04
DOMS,137368051712.0,MID CAP,2263.5,62.11581,12.497446,0.131185,13.64,0.13665,0.09945,0.182,0.065,Misc,Industrials,Business Equipment & Supplies,2026-05-16,Business Equipment & Supplies,0,0,0,70.15,29.14,50.04,66.58,49.645,51.42,SLOW GROWTH,20,30,61.87,21.15,70.14,66.67,33.33,33.33,0.0,49.38,32.21,40.51,0,WEAK,BEAR MARKET,-31.31,MODERATE VOLATILITY,RISK ON,35.4,Metals,0,33.72,73.73,0,35.8,0,622,D,75.05,44.6,11.729125575279422,0.04
ARKADE,21210210304.0,SMALL CAP,114.23999786376953,14.424242,2.219804,0.131185,18.386,0.25969,0.19715999,-0.124,-0.286,Misc,Real Estate,Real Estate - Development,2026-05-16,Real Estate - Development,0,0,0,12.74,13.49,50.04,83.6,13.115,27.55,WEAK GROWTH,55,20,11.36,91.92,53.03,37.5,81.25,35.42,0.0,50.0,35.49,40.46,0,WEAK,BEAR MARKET,-31.31,MODERATE VOLATILITY,RISK ON,31.37,Metals,0,38.19,58.83,0,36.49,0,623,D,54.43,35.97,12.978531481147392,0.05
CMSINFO,49876942848.0,SMALL CAP,302.95001220703125,16.58183,2.1354508,0.131185,9.102,0.1737,0.13015,0.038,-0.181,Misc,Industrials,Specialty Business Services,2026-05-16,Specialty Business Services,0,0,0,28.17,17.59,50.04,74.51,22.880000000000003,33.48,WEAK GROWTH,47,20,23.23,86.3,53.03,9.09,72.73,50.0,0.0,49.03,36.04,40.42,0,WEAK,BEAR MARKET,-31.31,MODERATE VOLATILITY,RISK ON,31.27,Metals,0,37.12,62.24,0,36.38,0,624,D,58.89,37.76,12.609784605109366,0.05
AKASH,449892416.0,MICRO CAP,26.68000030517578,18.788733,0.5330669,0.131185,102.888,0.13567,0.037100002,-0.215,14.648529300000277,Industrials,Industrials,Engineering & Construction,2026-05-16,Engineering & EPC,0,0,0,7.94,99.51,50.04,66.4,53.725,54.26,SLOW GROWTH,35,0,58.54,50.0,6.1,58.54,50.0,6.1,0.0,43.39,33.64,40.41,0,WEAK,BEAR MARKET,-31.31,MODERATE VOLATILITY,RISK ON,19.26,Metals,0,36.35,72.48,0,32.62,0,625,D,68.26,40.88,11.804793531619982,0.04
GREENLAM,59500441600.0,SMALL CAP,233.1999969482422,342.94116,5.3068748,0.131185,103.274,0.04601,0.00658,0.173,0.134,Misc,Consumer Cyclical,"Furnishings, Fixtures & Appliances",2026-05-16,"Furnishings, Fixtures & Appliances",0,1,0,68.17,50.09,50.04,23.37,59.13,53.74,SLOW GROWTH,20,20,65.03,21.15,53.03,76.47,47.06,67.65,33.33333333333333,42.5,39.93,40.34,0,WEAK,BEAR MARKET,-31.31,MODERATE VOLATILITY,RISK ON,30.61,Metals,0,33.8,73.02,0,36.5,0,626,D,73.22,43.15,11.62759364052816,0.04
AARTIIND,169278832640.0,MID CAP,466.25,40.333042,2.8302002,0.07249,83.392,0.09837,0.05057,0.132,0.434,Chemicals,Basic Materials,Specialty Chemicals,2026-05-16,Specialty Chemicals,0,1,0,62.13,81.13,5.73,43.74,71.63,55.66,MODERATE GROWTH,10,30,71.43,2.6,74.68,72.22,1.85,74.07,33.33333333333333,41.89,37.86,40.25,0,WEAK,BEAR MARKET,-31.31,MODERATE VOLATILITY,RISK ON,34.94,Metals,0,31.77,76.25,0,36.63,0,627,D,78.93,44.35,11.09721005880145,0.04
COHANCE,162057060352.0,MID CAP,423.20001220703125,95.315315,4.2664304,0.131185,11.486,0.0889,0.056199998,0.773,-0.703,Misc,Healthcare,Drug Manufacturers - Specialty & Generic,2026-05-16,Drug Manufacturers - Specialty & Generic,0,0,0,94.36,4.01,50.04,40.52,49.185,48.49,SLOW GROWTH,20,40,42.17,21.15,83.21,54.35,14.13,67.39,0.0,52.82,30.63,40.16,0,WEAK,BEAR MARKET,-31.31,MODERATE VOLATILITY,RISK ON,40.86,Metals,0,34.03,72.28,0,36.73,0,628,D,74.79,45.49,12.004222192901437,0.04
AHLUCONT,53208219648.0,SMALL CAP,794.2999877929688,19.922247,2.7649655,0.131185,3.881,0.06595,0.05992,0.114,0.092,Industrials,Industrials,Engineering & Construction,2026-05-16,Engineering & EPC,0,0,0,58.47,31.31,50.04,31.39,44.89,44.57,SLOW GROWTH,35,20,41.46,50.0,46.34,41.46,50.0,46.34,0.0,49.56,33.54,39.97,0,AVOID,BEAR MARKET,-31.31,MODERATE VOLATILITY,RISK ON,30.78,Metals,0,35.95,68.51,0,35.26,0,629,D,66.7,41.42,12.236336779911374,0.04
AJAXENGG,60229459968.0,SMALL CAP,526.4500122070312,27.390741,4.8147984,0.131185,0.043,0.096049994,0.105270006,-0.209,-0.439,Misc,Industrials,Farm & Heavy Construction Machinery,2026-05-16,Farm & Heavy Construction Machinery,0,0,0,8.2,9.96,50.04,43.03,9.08,20.67,WEAK GROWTH,58,30,5.81,92.87,70.14,11.11,100.0,72.22,0.0,51.68,35.47,39.94,0,AVOID,BEAR MARKET,-31.31,MODERATE VOLATILITY,RISK ON,36.79,Metals,0,38.48,55.49,0,37.74,0,630,D,51.9,35.11,13.274102079395085,0.05
HCG,95135367168.0,SMALL CAP,637.2000122070312,475.5224,9.707939,0.131185,177.905,0.07734,0.00765,0.133,0.134,Misc,Healthcare,Medical Care Facilities,2026-05-16,Medical Care Facilities,0,1,0,62.43,50.09,50.04,36.33,56.260000000000005,53.02,SLOW GROWTH,20,20,64.02,21.15,53.03,50.0,20.0,15.0,33.33333333333333,41.53,39.39,39.74,0,AVOID,BEAR MARKET,-31.31,MODERATE VOLATILITY,RISK ON,30.23,Metals,0,33.5,73.21,0,36.03,0,631,D,73.41,42.48,11.417820185458943,0.04
ARVIND,118239911936.0,MID CAP,451.1000061035156,29.235256,3.0772066,0.131185,39.143,0.08515,0.04518,0.136,-0.058,Misc,Consumer Cyclical,Textile Manufacturing,2026-05-16,Textile Manufacturing,0,0,0,63.01,22.35,50.04,39.15,42.68,43.8,SLOW GROWTH,28,30,35.16,44.82,70.14,51.35,44.59,90.54,0.0,48.59,31.43,39.68,0,AVOID,BEAR MARKET,-31.31,MODERATE VOLATILITY,RISK ON,35.01,Metals,0,34.17,70.4,0,35.35,0,632,D,70.67,41.57,11.600390679503278,0.04
CREST,10300412928.0,SMALL CAP,364.3999938964844,21.742243,0.8129664,0.131185,15.576,0.55908,0.27163,-0.199,-0.233,Financials,Financial Services,Financial Conglomerates,2026-05-16,NBFC – Investment,0,0,0,8.73,15.17,50.04,96.12,11.95,27.99,WEAK GROWTH,53,30,8.97,50.0,28.85,25.0,100.0,56.25,0.0,55.03,30.86,39.65,0,AVOID,BEAR MARKET,-31.31,MODERATE VOLATILITY,RISK ON,36.47,Metals,0,38.58,59.35,0,36.44,0,633,D,56.37,38.13,13.292661669862298,0.05
ARVEE,1801769984.0,MICRO CAP,163.5,86.96809,5.8276305,0.131185,3.29,0.13514,0.076409996,0.098,10.857,Chemicals,Basic Materials,Specialty Chemicals,2026-05-16,Specialty Chemicals,0,0,0,40.52,98.59,50.04,66.23,69.555,65.32,MODERATE GROWTH,20,0,88.31,20.78,11.69,88.89,20.37,13.89,0.0,41.27,32.87,39.53,0,AVOID,BEAR MARKET,-31.31,MODERATE VOLATILITY,RISK ON,18.54,Metals,0,34.15,79.5,0,31.54,0,634,D,77.23,43.85,11.210533043589415,0.04
DCW,13845721088.0,SMALL CAP,46.90999984741211,28.77914,1.3026214,0.04571,26.985,0.062649995,0.02247,0.132,0.564,Misc,Basic Materials,Chemicals,2026-05-16,Chemicals,0,1,0,62.13,83.73,3.97,30.16,72.93,54.86,SLOW GROWTH,18,20,66.67,9.28,53.03,75.0,20.83,62.5,33.33333333333333,41.8,38.11,39.37,0,AVOID,BEAR MARKET,-31.31,MODERATE VOLATILITY,RISK ON,29.98,Metals,0,33.21,74.56,0,35.48,0,635,D,75.0,43.02,11.321052631578947,0.04
BCLIND,9890922496.0,MICRO CAP,33.5099983215332,8.440805,1.1570733,0.131185,74.479,0.076079994,0.03995,-0.013,0.677,Misc,Consumer Defensive,Beverages - Wineries & Distilleries,2026-05-16,Beverages - Wineries & Distilleries,0,0,0,20.59,85.89,50.04,35.8,53.24,50.86,SLOW GROWTH,35,0,61.24,65.91,7.39,66.67,83.33,16.67,0.0,39.42,34.84,39.21,0,AVOID,BEAR MARKET,-31.31,MODERATE VOLATILITY,RISK ON,18.57,Metals,0,35.28,72.06,0,32.17,0,636,D,67.86,38.48,11.176299738600058,0.04
FIRSTCRY,108788613120.0,MID CAP,224.22000122070312,26.7615915,2.2585518,0.131185,31.483,-0.00269,-0.022449998,0.116,0.134,Misc,Consumer Cyclical,Internet Retail,2026-05-16,Internet Retail,0,1,0,58.95,50.09,50.04,11.38,54.52,49.31,SLOW GROWTH,18,30,43.37,9.28,70.14,75.0,50.0,62.5,33.33333333333333,42.59,34.93,39.18,0,AVOID,BEAR MARKET,-31.31,MODERATE VOLATILITY,RISK ON,34.38,Metals,0,32.45,73.67,0,35.57,0,637,D,75.28,41.96,11.001573151546932,0.04
GMBREW,20225239040.0,SMALL CAP,885.25,12.902638,1.8757244,0.15552,3.201,-0.11848,0.09037,0.109,-0.106,Misc,Consumer Defensive,Beverages - Wineries & Distilleries,2026-05-16,Beverages - Wineries & Distilleries,0,0,0,50.13,19.93,90.74,5.82,35.03,43.25,SLOW GROWTH,30,30,34.72,53.22,70.14,50.0,50.0,83.33,0.0,50.18,33.26,39.0,0,AVOID,BEAR MARKET,-31.31,MODERATE VOLATILITY,RISK ON,35.86,Metals,0,34.96,68.86,0,35.97,0,638,D,68.89,42.05,12.033195020746888,0.04
GOKUL,4248865280.0,MICRO CAP,42.91999816894531,22.010256,1.1932496,0.131185,97.223,0.00732,0.00491,0.068,7.983,Misc,Consumer Defensive,Packaged Foods,2026-05-16,Packaged Foods,0,0,0,33.82,97.97,50.04,12.61,65.895,57.4,MODERATE GROWTH,28,0,71.09,44.82,7.39,57.69,51.92,11.54,0.0,39.86,33.33,38.98,0,AVOID,BEAR MARKET,-31.31,MODERATE VOLATILITY,RISK ON,18.3,Metals,0,34.62,75.73,0,31.53,0,639,D,72.43,40.68,11.07994007898679,0.03
A2ZINFRA,2666385920.0,MICRO CAP,15.020000457763672,107.28572,5.577423,0.131185,353.886,-0.01511,0.00619,0.289,0.134,Industrials,Industrials,Engineering & Construction,2026-05-16,Engineering & EPC,0,1,0,81.75,50.09,50.04,10.41,65.92,57.19,MODERATE GROWTH,15,20,65.85,7.32,46.34,65.85,7.32,46.34,33.33333333333333,41.18,37.45,38.96,0,AVOID,BEAR MARKET,-31.31,MODERATE VOLATILITY,RISK ON,29.66,Metals,0,32.76,76.14,0,35.02,0,640,D,76.97,43.52,11.163267923560344,0.04
APEX,14562499584.0,SMALL CAP,466.0,44.04537,2.8592114,0.131185,7.972,0.039809998,0.03447,0.145,0.134,Misc,Consumer Defensive,Farm Products,2026-05-16,Farm Products,0,1,0,64.29,50.09,50.04,20.99,57.190000000000005,52.14,SLOW GROWTH,20,20,62.75,21.15,53.03,70.0,20.0,85.0,33.33333333333333,40.21,38.67,38.95,0,AVOID,BEAR MARKET,-31.31,MODERATE VOLATILITY,RISK ON,29.72,Metals,0,33.12,73.47,0,35.41,0,641,D,73.65,41.61,11.148024112525118,0.04
GLOBALPET,1141610496.0,MICRO CAP,135.0,23.913578,2.2620046,0.131185,27.014499999999998,0.10244,0.0670450025,0.109,0.134,Misc,Unknown,Unknown,2026-05-16,Diversified,0,1,0,50.13,50.09,50.04,50.04,50.11,50.09,SLOW GROWTH,28,10,52.21,44.82,29.42,50.4,52.42,44.35,33.33333333333333,36.33,39.09,38.94,0,AVOID,BEAR MARKET,-31.31,MODERATE VOLATILITY,RISK ON,23.86,Metals,0,34.14,71.72,0,34.25,0,642,D,69.67,38.76,10.969293901231074,0.04
CELLPOINT,637178944.0,MICRO CAP,15.449999809265137,28.65546,0.8577321,0.131185,27.014499999999998,0.10244,0.0670450025,0.109,0.134,Misc,Unknown,Unknown,2026-05-16,Diversified,0,1,0,50.13,50.09,50.04,50.04,50.11,50.09,SLOW GROWTH,28,10,52.21,44.82,29.42,50.4,52.42,44.35,33.33333333333333,36.33,39.09,38.94,0,AVOID,BEAR MARKET,-31.31,MODERATE VOLATILITY,RISK ON,23.86,Metals,0,34.14,71.72,0,34.25,0,643,D,69.67,38.76,10.969293901231074,0.04
FROG,4959154176.0,MICRO CAP,181.5,28.692722,3.1006963,0.131185,27.014499999999998,0.10244,0.0670450025,0.109,0.134,Misc,Unknown,Unknown,2026-05-16,Diversified,0,1,0,50.13,50.09,50.04,50.04,50.11,50.09,SLOW GROWTH,28,10,52.21,44.82,29.42,50.4,52.42,44.35,33.33333333333333,36.33,39.09,38.94,0,AVOID,BEAR MARKET,-31.31,MODERATE VOLATILITY,RISK ON,23.86,Metals,0,34.14,71.72,0,34.25,0,644,D,69.67,38.76,10.969293901231074,0.04
CADSYS,2000600064.0,MICRO CAP,69.5,26.7615915,13.901439,0.131185,27.014499999999998,0.10244,0.0670450025,0.109,0.134,Misc,Unknown,Unknown,2026-05-16,Diversified,0,1,0,50.13,50.09,50.04,50.04,50.11,50.09,SLOW GROWTH,28,10,52.21,44.82,29.42,50.4,52.42,44.35,33.33333333333333,36.33,39.09,38.94,0,AVOID,BEAR MARKET,-31.31,MODERATE VOLATILITY,RISK ON,23.86,Metals,0,34.14,71.72,0,34.25,0,645,D,69.67,38.76,10.969293901231074,0.04
DCG,2534591488.0,MICRO CAP,64.1500015258789,31.311657,2.9783738,0.131185,27.014499999999998,0.10244,0.0670450025,0.109,0.134,Misc,Unknown,Unknown,2026-05-16,Diversified,0,1,0,50.13,50.09,50.04,50.04,50.11,50.09,SLOW GROWTH,28,10,52.21,44.82,29.42,50.4,52.42,44.35,33.33333333333333,36.33,39.09,38.94,0,AVOID,BEAR MARKET,-31.31,MODERATE VOLATILITY,RISK ON,23.86,Metals,0,34.14,71.72,0,34.25,0,646,D,69.67,38.76,10.969293901231074,0.04
EFFWA,5069229568.0,MICRO CAP,254.0,25.201382,4.8292136,0.131185,27.014499999999998,0.10244,0.0670450025,0.109,0.134,Misc,Unknown,Unknown,2026-05-16,Diversified,0,1,0,50.13,50.09,50.04,50.04,50.11,50.09,SLOW GROWTH,28,10,52.21,44.82,29.42,50.4,52.42,44.35,33.33333333333333,36.33,39.09,38.94,0,AVOID,BEAR MARKET,-31.31,MODERATE VOLATILITY,RISK ON,23.86,Metals,0,34.14,71.72,0,34.25,0,647,D,69.67,38.76,10.969293901231074,0.04
DTL,1538958336.0,MICRO CAP,126.0,26.7615915,8.411594,0.131185,27.014499999999998,0.10244,0.0670450025,0.109,0.134,Misc,Unknown,Unknown,2026-05-16,Diversified,0,1,0,50.13,50.09,50.04,50.04,50.11,50.09,SLOW GROWTH,28,10,52.21,44.82,29.42,50.4,52.42,44.35,33.33333333333333,36.33,39.09,38.94,0,AVOID,BEAR MARKET,-31.31,MODERATE VOLATILITY,RISK ON,23.86,Metals,0,34.14,71.72,0,34.25,0,648,D,69.67,38.76,10.969293901231074,0.04
HOLMARC,1094947456.0,MICRO CAP,105.0,29.287634,3.993329,0.131185,27.014499999999998,0.10244,0.0670450025,0.109,0.134,Misc,Unknown,Unknown,2026-05-16,Diversified,0,1,0,50.13,50.09,50.04,50.04,50.11,50.09,SLOW GROWTH,28,10,52.21,44.82,29.42,50.4,52.42,44.35,33.33333333333333,36.33,39.09,38.94,0,AVOID,BEAR MARKET,-31.31,MODERATE VOLATILITY,RISK ON,23.86,Metals,0,34.14,71.72,0,34.25,0,649,D,69.67,38.76,10.969293901231074,0.04
ASCOM,1573214336.0,MICRO CAP,253.1999969482422,30.802752,3.005214,0.131185,27.014499999999998,0.10244,0.0670450025,0.109,0.134,Misc,Unknown,Unknown,2026-05-16,Diversified,0,1,0,50.13,50.09,50.04,50.04,50.11,50.09,SLOW GROWTH,28,10,52.21,44.82,29.42,50.4,52.42,44.35,33.33333333333333,36.33,39.09,38.94,0,AVOID,BEAR MARKET,-31.31,MODERATE VOLATILITY,RISK ON,23.86,Metals,0,34.14,71.72,0,34.25,0,650,D,69.67,38.76,10.969293901231074,0.04
FELIX,3839397888.0,MICRO CAP,205.5,26.742855,2.5195606,0.131185,27.014499999999998,0.10244,0.0670450025,0.109,0.134,Misc,Unknown,Unknown,2026-05-16,Diversified,0,1,0,50.13,50.09,50.04,50.04,50.11,50.09,SLOW GROWTH,28,10,52.21,44.82,29.42,50.4,52.42,44.35,33.33333333333333,36.33,39.09,38.94,0,AVOID,BEAR MARKET,-31.31,MODERATE VOLATILITY,RISK ON,23.86,Metals,0,34.14,71.72,0,34.25,0,651,D,69.67,38.76,10.969293901231074,0.04
HOMESFY,2135744384.0,MICRO CAP,111.0,26.7615915,5.199783,0.131185,27.014499999999998,0.10244,0.0670450025,0.109,0.134,Misc,Unknown,Unknown,2026-05-16,Diversified,0,1,0,50.13,50.09,50.04,50.04,50.11,50.09,SLOW GROWTH,28,10,52.21,44.82,29.42,50.4,52.42,44.35,33.33333333333333,36.33,39.09,38.94,0,AVOID,BEAR MARKET,-31.31,MODERATE VOLATILITY,RISK ON,23.86,Metals,0,34.14,71.72,0,34.25,0,652,D,69.67,38.76,10.969293901231074,0.04
INFOLLION,2627879424.0,MICRO CAP,204.8000030517578,20.910494,3.9077146,0.131185,27.014499999999998,0.10244,0.0670450025,0.109,0.134,Misc,Unknown,Unknown,2026-05-16,Diversified,0,1,0,50.13,50.09,50.04,50.04,50.11,50.09,SLOW GROWTH,28,10,52.21,44.82,29.42,50.4,52.42,44.35,33.33333333333333,36.33,39.09,38.94,0,AVOID,BEAR MARKET,-31.31,MODERATE VOLATILITY,RISK ON,23.86,Metals,0,34.14,71.72,0,34.25,0,653,D,69.67,38.76,10.969293901231074,0.04
BABAFP,866115712.0,MICRO CAP,26.299999237060547,26.928934,1.3412044,0.131185,27.014499999999998,0.10244,0.0670450025,0.109,0.134,Misc,Unknown,Unknown,2026-05-16,Diversified,0,1,0,50.13,50.09,50.04,50.04,50.11,50.09,SLOW GROWTH,28,10,52.21,44.82,29.42,50.4,52.42,44.35,33.33333333333333,36.33,39.09,38.94,0,AVOID,BEAR MARKET,-31.31,MODERATE VOLATILITY,RISK ON,23.86,Metals,0,34.14,71.72,0,34.25,0,654,D,69.67,38.76,10.969293901231074,0.04
ESCONET,3955200000.0,MICRO CAP,124.05000305175781,26.7615915,5.594797,0.131185,27.014499999999998,0.10244,0.0670450025,0.109,0.134,Misc,Unknown,Unknown,2026-05-16,Diversified,0,1,0,50.13,50.09,50.04,50.04,50.11,50.09,SLOW GROWTH,28,10,52.21,44.82,29.42,50.4,52.42,44.35,33.33333333333333,36.33,39.09,38.94,0,AVOID,BEAR MARKET,-31.31,MODERATE VOLATILITY,RISK ON,23.86,Metals,0,34.14,71.72,0,34.25,0,655,D,69.67,38.76,10.969293901231074,0.04
DEEM,817052672.0,MICRO CAP,35.0,28.16092,0.96527,0.131185,27.014499999999998,0.10244,0.0670450025,0.109,0.134,Misc,Unknown,Unknown,2026-05-16,Diversified,0,1,0,50.13,50.09,50.04,50.04,50.11,50.09,SLOW GROWTH,28,10,52.21,44.82,29.42,50.4,52.42,44.35,33.33333333333333,36.33,39.09,38.94,0,AVOID,BEAR MARKET,-31.31,MODERATE VOLATILITY,RISK ON,23.86,Metals,0,34.14,71.72,0,34.25,0,656,D,69.67,38.76,10.969293901231074,0.04
BLUEPEBBLE,1077323904.0,MICRO CAP,99.8499984741211,21.277195,3.8178477,0.131185,27.014499999999998,0.10244,0.0670450025,0.109,0.134,Misc,Unknown,Unknown,2026-05-16,Diversified,0,1,0,50.13,50.09,50.04,50.04,50.11,50.09,SLOW GROWTH,28,10,52.21,44.82,29.42,50.4,52.42,44.35,33.33333333333333,36.33,39.09,38.94,0,AVOID,BEAR MARKET,-31.31,MODERATE VOLATILITY,RISK ON,23.86,Metals,0,34.14,71.72,0,34.25,0,657,D,69.67,38.76,10.969293901231074,0.04
GOYALSALT,3125383680.0,MICRO CAP,112.0,23.594595,4.6721973,0.131185,27.014499999999998,0.10244,0.0670450025,0.109,0.134,Misc,Unknown,Unknown,2026-05-16,Diversified,0,1,0,50.13,50.09,50.04,50.04,50.11,50.09,SLOW GROWTH,28,10,52.21,44.82,29.42,50.4,52.42,44.35,33.33333333333333,36.33,39.09,38.94,0,AVOID,BEAR MARKET,-31.31,MODERATE VOLATILITY,RISK ON,23.86,Metals,0,34.14,71.72,0,34.25,0,658,D,69.67,38.76,10.969293901231074,0.04
CONTI,471264128.0,MICRO CAP,12.699999809265137,25.763887,1.6514578,0.131185,27.014499999999998,0.10244,0.0670450025,0.109,0.134,Misc,Unknown,Unknown,2026-05-16,Diversified,0,1,0,50.13,50.09,50.04,50.04,50.11,50.09,SLOW GROWTH,28,10,52.21,44.82,29.42,50.4,52.42,44.35,33.33333333333333,36.33,39.09,38.94,0,AVOID,BEAR MARKET,-31.31,MODERATE VOLATILITY,RISK ON,23.86,Metals,0,34.14,71.72,0,34.25,0,659,D,69.67,38.76,10.969293901231074,0.04
ANNAPURNA,5299866624.0,MICRO CAP,138.9499969482422,24.716982,2.089459,0.131185,27.014499999999998,0.10244,0.0670450025,0.109,0.134,Misc,Unknown,Unknown,2026-05-16,Diversified,0,1,0,50.13,50.09,50.04,50.04,50.11,50.09,SLOW GROWTH,28,10,52.21,44.82,29.42,50.4,52.42,44.35,33.33333333333333,36.33,39.09,38.94,0,AVOID,BEAR MARKET,-31.31,MODERATE VOLATILITY,RISK ON,23.86,Metals,0,34.14,71.72,0,34.25,0,660,D,69.67,38.76,10.969293901231074,0.04
JALAN,45792244.0,MICRO CAP,1.7999999523162842,26.7615915,-0.1093712,0.131185,27.014499999999998,0.10244,0.0670450025,0.109,0.134,Misc,Unknown,Unknown,2026-05-16,Diversified,0,1,0,50.13,50.09,50.04,50.04,50.11,50.09,SLOW GROWTH,28,10,52.21,44.82,29.42,50.4,52.42,44.35,33.33333333333333,36.33,39.09,38.94,0,AVOID,BEAR MARKET,-31.31,MODERATE VOLATILITY,RISK ON,23.86,Metals,0,34.14,71.72,0,34.25,0,661,D,69.67,38.76,10.969293901231074,0.04
BIRDYS,374990400.0,MICRO CAP,128.60000610351562,26.7615915,1.7911785,0.131185,27.014499999999998,0.10244,0.0670450025,0.109,0.134,Misc,Unknown,Unknown,2026-05-16,Diversified,0,1,0,50.13,50.09,50.04,50.04,50.11,50.09,SLOW GROWTH,28,10,52.21,44.82,29.42,50.4,52.42,44.35,33.33333333333333,36.33,39.09,38.94,0,AVOID,BEAR MARKET,-31.31,MODERATE VOLATILITY,RISK ON,23.86,Metals,0,34.14,71.72,0,34.25,0,662,D,69.67,38.76,10.969293901231074,0.04
BMETRICS,1526926080.0,MICRO CAP,40.0,33.87978,7.7427416,0.131185,27.014499999999998,0.10244,0.0670450025,0.109,0.134,Misc,Unknown,Unknown,2026-05-16,Diversified,0,1,0,50.13,50.09,50.04,50.04,50.11,50.09,SLOW GROWTH,28,10,52.21,44.82,29.42,50.4,52.42,44.35,33.33333333333333,36.33,39.09,38.94,0,AVOID,BEAR MARKET,-31.31,MODERATE VOLATILITY,RISK ON,23.86,Metals,0,34.14,71.72,0,34.25,0,663,D,69.67,38.76,10.969293901231074,0.04
AISL,1521773440.0,MICRO CAP,57.95000076293945,21.212122,1.9167829,0.131185,27.014499999999998,0.10244,0.0670450025,0.109,0.134,Misc,Unknown,Unknown,2026-05-16,Diversified,0,1,0,50.13,50.09,50.04,50.04,50.11,50.09,SLOW GROWTH,28,10,52.21,44.82,29.42,50.4,52.42,44.35,33.33333333333333,36.33,39.09,38.94,0,AVOID,BEAR MARKET,-31.31,MODERATE VOLATILITY,RISK ON,23.86,Metals,0,34.14,71.72,0,34.25,0,664,D,69.67,38.76,10.969293901231074,0.04
CRAYONS,3029319936.0,MICRO CAP,32.900001525878906,28.246014,2.5318522,0.131185,27.014499999999998,0.10244,0.0670450025,0.109,0.134,Misc,Unknown,Unknown,2026-05-16,Diversified,0,1,0,50.13,50.09,50.04,50.04,50.11,50.09,SLOW GROWTH,28,10,52.21,44.82,29.42,50.4,52.42,44.35,33.33333333333333,36.33,39.09,38.94,0,AVOID,BEAR MARKET,-31.31,MODERATE VOLATILITY,RISK ON,23.86,Metals,0,34.14,71.72,0,34.25,0,665,D,69.67,38.76,10.969293901231074,0.04
GREENCHEF,1754696832.0,MICRO CAP,55.79999923706055,29.453127,1.5128108,0.131185,27.014499999999998,0.10244,0.0670450025,0.109,0.134,Misc,Unknown,Unknown,2026-05-16,Diversified,0,1,0,50.13,50.09,50.04,50.04,50.11,50.09,SLOW GROWTH,28,10,52.21,44.82,29.42,50.4,52.42,44.35,33.33333333333333,36.33,39.09,38.94,0,AVOID,BEAR MARKET,-31.31,MODERATE VOLATILITY,RISK ON,23.86,Metals,0,34.14,71.72,0,34.25,0,666,D,69.67,38.76,10.969293901231074,0.04
BAWEJA,1543261312.0,MICRO CAP,30.950000762939453,22.820164,1.476031,0.131185,27.014499999999998,0.10244,0.0670450025,0.109,0.134,Misc,Unknown,Unknown,2026-05-16,Diversified,0,1,0,50.13,50.09,50.04,50.04,50.11,50.09,SLOW GROWTH,28,10,52.21,44.82,29.42,50.4,52.42,44.35,33.33333333333333,36.33,39.09,38.94,0,AVOID,BEAR MARKET,-31.31,MODERATE VOLATILITY,RISK ON,23.86,Metals,0,34.14,71.72,0,34.25,0,667,D,69.67,38.76,10.969293901231074,0.04
EMMIL,3913305856.0,MICRO CAP,142.0,32.441315,4.31902,0.131185,27.014499999999998,0.10244,0.0670450025,0.109,0.134,Misc,Unknown,Unknown,2026-05-16,Diversified,0,1,0,50.13,50.09,50.04,50.04,50.11,50.09,SLOW GROWTH,28,10,52.21,44.82,29.42,50.4,52.42,44.35,33.33333333333333,36.33,39.09,38.94,0,AVOID,BEAR MARKET,-31.31,MODERATE VOLATILITY,RISK ON,23.86,Metals,0,34.14,71.72,0,34.25,0,668,D,69.67,38.76,10.969293901231074,0.04
IEML,5031919616.0,MICRO CAP,78.0,30.304312,4.7482815,0.131185,27.014499999999998,0.10244,0.0670450025,0.109,0.134,Misc,Unknown,Unknown,2026-05-16,Diversified,0,1,0,50.13,50.09,50.04,50.04,50.11,50.09,SLOW GROWTH,28,10,52.21,44.82,29.42,50.4,52.42,44.35,33.33333333333333,36.33,39.09,38.94,0,AVOID,BEAR MARKET,-31.31,MODERATE VOLATILITY,RISK ON,23.86,Metals,0,34.14,71.72,0,34.25,0,669,D,69.67,38.76,10.969293901231074,0.04
DIGIKORE,6324567552.0,MICRO CAP,64.25,26.7615915,15.449708,0.131185,27.014499999999998,0.10244,0.0670450025,0.109,0.134,Misc,Unknown,Unknown,2026-05-16,Diversified,0,1,0,50.13,50.09,50.04,50.04,50.11,50.09,SLOW GROWTH,28,10,52.21,44.82,29.42,50.4,52.42,44.35,33.33333333333333,36.33,39.09,38.94,0,AVOID,BEAR MARKET,-31.31,MODERATE VOLATILITY,RISK ON,23.86,Metals,0,34.14,71.72,0,34.25,0,670,D,69.67,38.76,10.969293901231074,0.04
ANLON,3165232384.0,MICRO CAP,554.0,34.074074,4.92702,0.131185,27.014499999999998,0.10244,0.0670450025,0.109,0.134,Misc,Unknown,Unknown,2026-05-16,Diversified,0,1,0,50.13,50.09,50.04,50.04,50.11,50.09,SLOW GROWTH,28,10,52.21,44.82,29.42,50.4,52.42,44.35,33.33333333333333,36.33,39.09,38.94,0,AVOID,BEAR MARKET,-31.31,MODERATE VOLATILITY,RISK ON,23.86,Metals,0,34.14,71.72,0,34.25,0,671,D,69.67,38.76,10.969293901231074,0.04
AHIMSA,124806968.0,MICRO CAP,24.700000762939453,26.7615915,1.4872798,0.131185,27.014499999999998,0.10244,0.0670450025,0.109,0.134,Misc,Unknown,Unknown,2026-05-16,Diversified,0,1,0,50.13,50.09,50.04,50.04,50.11,50.09,SLOW GROWTH,28,10,52.21,44.82,29.42,50.4,52.42,44.35,33.33333333333333,36.33,39.09,38.94,0,AVOID,BEAR MARKET,-31.31,MODERATE VOLATILITY,RISK ON,23.86,Metals,0,34.14,71.72,0,34.25,0,672,D,69.67,38.76,10.969293901231074,0.04
GSTL,700534400.0,MICRO CAP,19.0,26.7615915,1.5669566,0.131185,27.014499999999998,0.10244,0.0670450025,0.109,0.134,Misc,Unknown,Unknown,2026-05-16,Diversified,0,1,0,50.13,50.09,50.04,50.04,50.11,50.09,SLOW GROWTH,28,10,52.21,44.82,29.42,50.4,52.42,44.35,33.33333333333333,36.33,39.09,38.94,0,AVOID,BEAR MARKET,-31.31,MODERATE VOLATILITY,RISK ON,23.86,Metals,0,34.14,71.72,0,34.25,0,673,D,69.67,38.76,10.969293901231074,0.04
AUROIMPEX,983384448.0,MICRO CAP,31.399999618530273,21.26649,2.014849,0.131185,27.014499999999998,0.10244,0.0670450025,0.109,0.134,Misc,Unknown,Unknown,2026-05-16,Diversified,0,1,0,50.13,50.09,50.04,50.04,50.11,50.09,SLOW GROWTH,28,10,52.21,44.82,29.42,50.4,52.42,44.35,33.33333333333333,36.33,39.09,38.94,0,AVOID,BEAR MARKET,-31.31,MODERATE VOLATILITY,RISK ON,23.86,Metals,0,34.14,71.72,0,34.25,0,674,D,69.67,38.76,10.969293901231074,0.04
HOACFOODS,563030272.0,MICRO CAP,450.54998779296875,21.671597,2.5293071,0.131185,27.014499999999998,0.10244,0.0670450025,0.109,0.134,Misc,Unknown,Unknown,2026-05-16,Diversified,0,1,0,50.13,50.09,50.04,50.04,50.11,50.09,SLOW GROWTH,28,10,52.21,44.82,29.42,50.4,52.42,44.35,33.33333333333333,36.33,39.09,38.94,0,AVOID,BEAR MARKET,-31.31,MODERATE VOLATILITY,RISK ON,23.86,Metals,0,34.14,71.72,0,34.25,0,675,D,69.67,38.76,10.969293901231074,0.04
DHTL,329051136.0,MICRO CAP,48.599998474121094,26.7615915,4.0139546,0.131185,27.014499999999998,0.10244,0.0670450025,0.109,0.134,Misc,Unknown,Unknown,2026-05-16,Diversified,0,1,0,50.13,50.09,50.04,50.04,50.11,50.09,SLOW GROWTH,28,10,52.21,44.82,29.42,50.4,52.42,44.35,33.33333333333333,36.33,39.09,38.94,0,AVOID,BEAR MARKET,-31.31,MODERATE VOLATILITY,RISK ON,23.86,Metals,0,34.14,71.72,0,34.25,0,676,D,69.67,38.76,10.969293901231074,0.04
AGARWALFT,615334272.0,MICRO CAP,36.0,20.035378,0.030849626,0.131185,27.014499999999998,0.10244,0.0670450025,0.109,0.134,Misc,Unknown,Unknown,2026-05-16,Diversified,0,1,0,50.13,50.09,50.04,50.04,50.11,50.09,SLOW GROWTH,28,10,52.21,44.82,29.42,50.4,52.42,44.35,33.33333333333333,36.33,39.09,38.94,0,AVOID,BEAR MARKET,-31.31,MODERATE VOLATILITY,RISK ON,23.86,Metals,0,34.14,71.72,0,34.25,0,677,D,69.67,38.76,10.969293901231074,0.04
JAINAM,1478567936.0,MICRO CAP,297.8999938964844,26.7615915,1.063854,0.131185,27.014499999999998,0.10244,0.0670450025,0.109,0.134,Misc,Unknown,Unknown,2026-05-16,Diversified,0,1,0,50.13,50.09,50.04,50.04,50.11,50.09,SLOW GROWTH,28,10,52.21,44.82,29.42,50.4,52.42,44.35,33.33333333333333,36.33,39.09,38.94,0,AVOID,BEAR MARKET,-31.31,MODERATE VOLATILITY,RISK ON,23.86,Metals,0,34.14,71.72,0,34.25,0,678,D,69.67,38.76,10.969293901231074,0.04
DOLLEX,989311360.0,MICRO CAP,30.950000762939453,23.48101,0.88451266,0.131185,27.014499999999998,0.10244,0.0670450025,0.109,0.134,Misc,Unknown,Unknown,2026-05-16,Diversified,0,1,0,50.13,50.09,50.04,50.04,50.11,50.09,SLOW GROWTH,28,10,52.21,44.82,29.42,50.4,52.42,44.35,33.33333333333333,36.33,39.09,38.94,0,AVOID,BEAR MARKET,-31.31,MODERATE VOLATILITY,RISK ON,23.86,Metals,0,34.14,71.72,0,34.25,0,679,D,69.67,38.76,10.969293901231074,0.04
DRONE,8466799104.0,MICRO CAP,44.79999923706055,26.7615915,13.857827,0.131185,27.014499999999998,0.10244,0.0670450025,0.109,0.134,Misc,Unknown,Unknown,2026-05-16,Diversified,0,1,0,50.13,50.09,50.04,50.04,50.11,50.09,SLOW GROWTH,28,10,52.21,44.82,29.42,50.4,52.42,44.35,33.33333333333333,36.33,39.09,38.94,0,AVOID,BEAR MARKET,-31.31,MODERATE VOLATILITY,RISK ON,23.86,Metals,0,34.14,71.72,0,34.25,0,680,D,69.67,38.76,10.969293901231074,0.04
ALLETEC,6951844864.0,MICRO CAP,153.8000030517578,23.19744,4.4795637,0.131185,27.014499999999998,0.10244,0.0670450025,0.109,0.134,Misc,Unknown,Unknown,2026-05-16,Diversified,0,1,0,50.13,50.09,50.04,50.04,50.11,50.09,SLOW GROWTH,28,10,52.21,44.82,29.42,50.4,52.42,44.35,33.33333333333333,36.33,39.09,38.94,0,AVOID,BEAR MARKET,-31.31,MODERATE VOLATILITY,RISK ON,23.86,Metals,0,34.14,71.72,0,34.25,0,681,D,69.67,38.76,10.969293901231074,0.04
AGUL,344943616.0,MICRO CAP,64.0,34.371586,1.7939138,0.131185,27.014499999999998,0.10244,0.0670450025,0.109,0.134,Misc,Unknown,Unknown,2026-05-16,Diversified,0,1,0,50.13,50.09,50.04,50.04,50.11,50.09,SLOW GROWTH,28,10,52.21,44.82,29.42,50.4,52.42,44.35,33.33333333333333,36.33,39.09,38.94,0,AVOID,BEAR MARKET,-31.31,MODERATE VOLATILITY,RISK ON,23.86,Metals,0,34.14,71.72,0,34.25,0,682,D,69.67,38.76,10.969293901231074,0.04
INSPIRE,449106880.0,MICRO CAP,11.449999809265137,26.7615915,1.6704632,0.131185,27.014499999999998,0.10244,0.0670450025,0.109,0.134,Misc,Unknown,Unknown,2026-05-16,Diversified,0,1,0,50.13,50.09,50.04,50.04,50.11,50.09,SLOW GROWTH,28,10,52.21,44.82,29.42,50.4,52.42,44.35,33.33333333333333,36.33,39.09,38.94,0,AVOID,BEAR MARKET,-31.31,MODERATE VOLATILITY,RISK ON,23.86,Metals,0,34.14,71.72,0,34.25,0,683,D,69.67,38.76,10.969293901231074,0.04
CBAZAAR,333610912.0,MICRO CAP,4.349999904632568,26.7615915,6.904973,0.131185,27.014499999999998,0.10244,0.0670450025,0.109,0.134,Misc,Unknown,Unknown,2026-05-16,Diversified,0,1,0,50.13,50.09,50.04,50.04,50.11,50.09,SLOW GROWTH,28,10,52.21,44.82,29.42,50.4,52.42,44.35,33.33333333333333,36.33,39.09,38.94,0,AVOID,BEAR MARKET,-31.31,MODERATE VOLATILITY,RISK ON,23.86,Metals,0,34.14,71.72,0,34.25,0,684,D,69.67,38.76,10.969293901231074,0.04
FAZE3Q,10805414912.0,SMALL CAP,445.20001220703125,34.484898,2.536622,0.131185,54.853,0.047059998,0.03666,0.274,-0.277,Misc,Consumer Cyclical,Textile Manufacturing,2026-05-16,Textile Manufacturing,0,0,0,80.34,13.76,50.04,24.07,47.050000000000004,45.35,SLOW GROWTH,28,30,37.12,44.82,70.14,56.76,44.59,90.54,0.0,50.44,32.47,38.87,0,AVOID,BEAR MARKET,-31.31,MODERATE VOLATILITY,RISK ON,35.73,Metals,0,34.82,70.04,0,35.67,0,685,D,70.32,42.76,11.991026360067302,0.04
DONEAR,4881759744.0,MICRO CAP,93.87999725341797,14.465331,1.9128734,0.131185,155.524,0.08225001,0.04275,-0.017,0.605,Misc,Consumer Cyclical,Textile Manufacturing,2026-05-16,Textile Manufacturing,0,0,0,20.24,84.39,50.04,38.1,52.315,50.44,SLOW GROWTH,35,0,60.73,65.91,7.39,75.68,64.86,20.27,0.0,38.8,34.52,38.85,0,AVOID,BEAR MARKET,-31.31,MODERATE VOLATILITY,RISK ON,18.33,Metals,0,35.11,72.17,0,31.89,0,686,D,67.96,38.08,11.044083526682137,0.03
IGCL,3891436800.0,MICRO CAP,61.54999923706055,11.231751,1.0908478,0.131185,47.136,0.09719,0.05565,0.188,-0.105,Chemicals,Basic Materials,Agricultural Inputs,2026-05-16,Agrochemicals,0,0,0,71.34,20.19,50.04,43.39,45.765,46.38,SLOW GROWTH,35,10,53.25,64.29,33.77,47.83,65.22,30.43,0.0,41.98,34.42,38.79,0,AVOID,BEAR MARKET,-31.31,MODERATE VOLATILITY,RISK ON,24.1,Metals,0,35.17,70.2,0,33.3,0,687,D,67.2,38.67,11.340175953079179,0.04
AVTNPL,10145160192.0,SMALL CAP,66.62000274658203,17.718086,1.9452231,0.131185,19.139,0.105399996,0.088649996,0.122,-0.197,Chemicals,Basic Materials,Specialty Chemicals,2026-05-16,Specialty Chemicals,0,0,0,59.7,16.58,50.04,56.7,38.14,42.38,SLOW GROWTH,35,20,50.65,64.29,56.49,55.56,64.81,57.41,0.0,44.18,34.91,38.74,0,AVOID,BEAR MARKET,-31.31,MODERATE VOLATILITY,RISK ON,29.77,Metals,0,35.32,68.03,0,34.86,0,688,D,66.23,39.06,11.619812583668006,0.04
BAGFILMS,1032358912.0,MICRO CAP,4.96999979019165,22.590908,0.5635559,0.131185,60.33,0.05316,0.0421,0.283,-0.514,Media,Communication Services,Broadcasting,2026-05-16,Broadcasting,0,0,0,81.31,8.02,50.04,26.54,44.665,43.93,SLOW GROWTH,28,20,66.67,100.0,66.67,66.67,100.0,66.67,0.0,38.36,40.34,38.71,0,AVOID,BEAR MARKET,-31.31,MODERATE VOLATILITY,RISK ON,29.68,Metals,0,33.61,69.28,0,35.84,0,689,D,68.44,38.38,11.05414746543779,0.04
EIEL,33929949184.0,SMALL CAP,193.3000030517578,16.175734,2.9755402,0.131185,25.86,0.23903999,0.18259001,0.01,-0.112,Industrials,Industrials,Engineering & Construction,2026-05-16,Engineering & EPC,0,0,0,23.28,19.66,50.04,82.45,21.47,33.28,WEAK GROWTH,47,20,24.39,80.49,46.34,24.39,80.49,46.34,0.0,45.15,33.79,38.51,0,AVOID,BEAR MARKET,-31.31,MODERATE VOLATILITY,RISK ON,29.74,Metals,0,36.83,63.02,0,34.8,0,690,D,59.65,36.1,11.90436933223413,0.04
AMBIKCO,9037485056.0,MICRO CAP,1578.5999755859375,14.367888,0.9656363,0.131185,27.014499999999998,0.11472,0.08958,0.115,0.062,Misc,Consumer Cyclical,Textile Manufacturing,2026-05-16,Textile Manufacturing,0,0,0,58.73,28.75,50.04,60.41,43.739999999999995,46.67,SLOW GROWTH,35,10,39.27,65.91,29.42,62.16,64.86,52.7,0.0,42.24,32.67,38.21,0,AVOID,BEAR MARKET,-31.31,MODERATE VOLATILITY,RISK ON,23.73,Metals,0,35.1,70.82,0,32.58,0,691,D,67.79,38.6,11.222561418810873,0.04
JAYKAY,20614019072.0,SMALL CAP,158.22000122070312,69.091705,1.9748865,0.131185,27.014499999999998,0.11731,0.28791,0.126,-0.767,Misc,Industrials,Specialty Business Services,2026-05-16,Specialty Business Services,0,0,0,60.89,2.56,50.04,61.46,31.725,38.36,WEAK GROWTH,30,40,29.17,53.22,83.21,36.36,63.64,81.82,0.0,51.32,32.89,38.16,0,AVOID,BEAR MARKET,-31.31,MODERATE VOLATILITY,RISK ON,41.05,Metals,0,34.71,66.99,0,36.88,0,692,D,68.22,41.63,12.028315515746895,0.04
DIGJAMLMTD,932600000.0,MICRO CAP,46.630001068115234,58.287502,20.229935,0.131185,674.7245700000041,0.12011,0.14748,0.304,-0.658,Misc,Consumer Cyclical,Textile Manufacturing,2026-05-16,Textile Manufacturing,0,0,0,83.16,5.2,50.04,61.99,44.18,47.13,SLOW GROWTH,25,30,39.65,34.47,70.14,64.86,36.49,90.54,0.0,49.65,30.98,37.98,0,AVOID,BEAR MARKET,-31.31,MODERATE VOLATILITY,RISK ON,35.16,Metals,0,34.09,71.91,0,34.75,0,693,D,72.57,42.87,11.654206877803453,0.04
DDEVPLSTIK,25010309120.0,SMALL CAP,241.6999969482422,12.56237,2.7322466,0.131185,5.001,0.09672,0.06814,0.109,0.031,Chemicals,Basic Materials,Specialty Chemicals,2026-05-16,Specialty Chemicals,0,0,0,50.13,27.03,50.04,43.21,38.58,41.34,SLOW GROWTH,35,20,48.05,64.29,56.49,51.85,64.81,57.41,0.0,43.03,34.06,37.9,0,AVOID,BEAR MARKET,-31.31,MODERATE VOLATILITY,RISK ON,29.27,Metals,0,34.88,68.33,0,34.18,0,694,D,66.52,38.16,11.303317535545023,0.04
CYBERTECH,4290729472.0,MICRO CAP,137.8300018310547,13.039736,2.2273395,0.13231,3.889,0.14446001,0.11569,0.093,-0.263,Technology,Technology,Information Technology Services,2026-05-16,IT Services,0,0,0,38.76,14.2,88.1,68.61,26.479999999999997,43.02,SLOW GROWTH,40,10,33.33,61.76,21.57,38.71,62.9,29.03,0.0,42.86,31.41,37.88,0,AVOID,BEAR MARKET,-31.31,MODERATE VOLATILITY,RISK ON,23.57,Metals,0,35.7,69.01,0,32.25,0,695,D,65.32,37.37,11.269601930036188,0.04
BHARATRAS,22938740736.0,SMALL CAP,1380.0999755859375,17.300991,1.9163665,0.131185,7.556,0.13333,0.10699,0.055,-0.013,Chemicals,Basic Materials,Agricultural Inputs,2026-05-16,Agrochemicals,0,0,0,31.66,24.16,50.04,65.65,27.91,36.11,WEAK GROWTH,40,20,37.66,82.47,56.49,34.78,86.96,56.52,0.0,42.42,34.99,37.82,0,AVOID,BEAR MARKET,-31.31,MODERATE VOLATILITY,RISK ON,29.35,Metals,0,35.14,65.75,0,34.46,0,696,D,63.3,36.26,11.278382581648522,0.04
BTML,1195571328.0,MICRO CAP,6.579999923706055,131.59999,1.2619869,0.131185,32.08,0.08911,0.055689998,1.312,-0.071,Misc,Communication Services,Entertainment,2026-05-16,Entertainment,0,0,0,97.27,21.87,50.04,40.65,59.57,55.77,MODERATE GROWTH,20,20,68.43,21.15,53.03,90.91,45.45,77.27,0.0,44.31,31.16,37.7,0,AVOID,BEAR MARKET,-31.31,MODERATE VOLATILITY,RISK ON,28.87,Metals,0,33.64,76.09,0,33.05,0,697,D,76.2,43.19,11.189119170984455,0.04
DBEIL,3600700672.0,MICRO CAP,77.30000305175781,10.197889,0.8418554,0.131185,35.454,0.0795,0.067,0.274,-0.703,Industrials,Industrials,Engineering & Construction,2026-05-16,Engineering & EPC,0,0,0,80.34,4.01,50.04,37.13,42.175000000000004,43.24,SLOW GROWTH,35,20,39.02,50.0,46.34,39.02,50.0,46.34,0.0,44.97,31.34,37.68,0,AVOID,BEAR MARKET,-31.31,MODERATE VOLATILITY,RISK ON,29.08,Metals,0,35.27,69.28,0,33.46,0,698,D,67.44,39.1,11.426066627703097,0.04
HLEGLAS,22041460736.0,SMALL CAP,317.3500061035156,32.482086,4.2628217,0.131185,65.063,0.0343,0.039809998,0.414,-0.728,Misc,Industrials,Specialty Industrial Machinery,2026-05-16,Specialty Industrial Machinery,0,0,0,87.83,3.26,50.04,18.87,45.545,43.78,SLOW GROWTH,28,30,34.97,44.82,70.14,19.35,46.77,43.55,0.0,48.5,31.37,37.63,0,AVOID,BEAR MARKET,-31.31,MODERATE VOLATILITY,RISK ON,34.97,Metals,0,34.16,70.42,0,34.71,0,699,D,70.69,41.37,11.54135862742363,0.04
HEXATRADEX,9090515968.0,MICRO CAP,164.5500030517578,26.7615915,0.18962923,-0.0019200001,0.187,0.72695,-1.0180927,-0.031,0.134,Financials,Financial Services,Credit Services,2026-05-16,NBFC – Lending,0,0,0,18.96,50.09,1.85,97.8,34.525000000000006,34.32,WEAK GROWTH,53,10,19.23,50.0,8.33,11.11,44.44,12.96,0.0,45.41,28.55,37.59,0,AVOID,BEAR MARKET,-31.31,MODERATE VOLATILITY,RISK ON,23.49,Metals,0,37.57,64.16,0,31.8,0,700,D,58.75,34.84,11.66192468619247,0.04
GABRIEL,156715532288.0,MID CAP,1091.0,26.7615915,12.261596,0.131185,8.126,0.06906,0.05519,0.159,-0.089,Automobiles,Consumer Cyclical,Auto Parts,2026-05-16,Auto Components,0,0,0,66.01,20.86,50.04,32.54,43.435,43.67,SLOW GROWTH,28,30,24.44,42.22,54.44,23.68,44.74,63.16,0.0,45.24,28.1,37.48,0,AVOID,BEAR MARKET,-31.31,MODERATE VOLATILITY,RISK ON,33.34,Metals,0,33.79,71.56,0,33.36,0,701,D,71.8,39.94,10.97252747252747,0.04
ASHAPURMIN,61031624704.0,SMALL CAP,638.9000244140625,16.154236,4.2795043,0.131185,86.445,0.11391,0.09864,0.11,-0.209,Misc,Basic Materials,Other Industrial Metals & Mining,2026-05-16,Other Industrial Metals & Mining,0,0,0,57.36,16.23,50.04,60.05,36.795,41.77,SLOW GROWTH,35,20,32.95,65.91,53.03,22.22,72.22,61.11,0.0,43.47,32.22,37.36,0,AVOID,BEAR MARKET,-31.31,MODERATE VOLATILITY,RISK ON,28.92,Metals,0,34.84,68.97,0,33.46,0,702,D,67.14,38.19,11.2092750220135,0.04
BLUESTONE,72424775680.0,SMALL CAP,475.3500061035156,452.71432,4.0186157,0.00971,110.033,0.1027,0.0060900003,0.477,0.134,Misc,Consumer Cyclical,Luxury Goods,2026-05-16,Luxury Goods,0,1,0,89.68,50.09,2.38,55.64,69.885,54.96,SLOW GROWTH,10,30,66.79,2.65,70.14,66.67,33.33,83.33,33.33333333333333,40.65,36.68,37.33,0,AVOID,BEAR MARKET,-31.31,MODERATE VOLATILITY,RISK ON,34.33,Metals,0,31.4,76.66,0,35.23,0,703,D,79.33,43.36,10.795468691646956,0.04
GODREJIND,382290329600.0,MID CAP,1135.050048828125,39.058846,3.675466,0.131185,212.69,0.18681999,0.042280003,0.107,0.086,Misc,Industrials,Conglomerates,2026-05-16,Conglomerates,0,0,0,42.72,31.0,50.04,77.25,36.86,43.54,SLOW GROWTH,27,30,34.85,36.36,70.14,30.0,75.0,75.0,0.0,44.53,28.49,37.29,0,AVOID,BEAR MARKET,-31.31,MODERATE VOLATILITY,RISK ON,33.25,Metals,0,33.39,71.88,0,33.3,0,704,D,72.25,39.68,10.834129692832764,0.04
CENTURYPLY,170462232576.0,MID CAP,767.25,71.97467,6.911477,0.131185,66.141,0.09031,0.04646,0.184,0.091,Misc,Basic Materials,Lumber & Wood Production,2026-05-16,Lumber & Wood Production,0,0,0,70.68,31.22,50.04,40.92,50.95,49.76,SLOW GROWTH,20,30,43.94,21.15,70.14,25.0,37.5,100.0,0.0,44.62,27.61,37.15,0,AVOID,BEAR MARKET,-31.31,MODERATE VOLATILITY,RISK ON,33.06,Metals,0,32.68,75.34,0,32.85,0,705,D,76.61,41.74,10.756345831722715,0.04
APCOTEXIND,25321078784.0,SMALL CAP,488.3999938964844,24.99488,4.3657427,0.131185,23.281,0.09432,0.05988,-0.067,0.919,Chemicals,Basic Materials,Specialty Chemicals,2026-05-16,Specialty Chemicals,0,0,0,16.98,88.71,50.04,42.33,52.845,51.23,SLOW GROWTH,28,10,64.94,37.66,33.77,64.81,39.81,36.11,0.0,40.04,31.41,37.02,0,AVOID,BEAR MARKET,-31.31,MODERATE VOLATILITY,RISK ON,22.86,Metals,0,33.77,74.41,0,31.43,0,706,D,72.28,39.23,10.70687772925764,0.03
GPIL,187200045056.0,MID CAP,287.8999938964844,24.502127,3.3764527,0.131185,3.643,0.16242,0.14163,-0.122,-0.038,Misc,Basic Materials,Steel,2026-05-16,Steel,0,0,0,12.92,23.02,50.04,72.49,17.97,29.84,WEAK GROWTH,40,30,16.16,78.54,70.14,14.29,92.86,66.67,0.0,42.33,31.14,37.01,0,AVOID,BEAR MARKET,-31.31,MODERATE VOLATILITY,RISK ON,33.37,Metals,0,34.06,65.1,0,34.04,0,707,D,63.81,34.54,10.65884894306434,0.04
DJML,3119374848.0,MICRO CAP,94.58999633789062,39.24896,4.292716,0.131185,37.044,0.11136,0.07261,0.352,0.0,Misc,Industrials,Specialty Business Services,2026-05-16,Specialty Business Services,0,0,0,85.76,25.04,50.04,58.91,55.400000000000006,54.68,SLOW GROWTH,20,20,66.16,21.15,53.03,63.64,9.09,50.0,0.0,43.3,30.42,36.93,0,AVOID,BEAR MARKET,-31.31,MODERATE VOLATILITY,RISK ON,28.43,Metals,0,33.18,76.35,0,32.43,0,708,D,76.46,42.33,10.929512006196747,0.04
ATHERENERG,359007846400.0,MID CAP,937.4000244140625,26.7615915,13.939448,-0.0364926518978,25.819,-0.10333,-0.14085001,0.737,0.134,Automobiles,Consumer Cyclical,Auto Manufacturers,2026-05-16,Passenger Vehicles,0,1,0,93.87,50.09,0.57,6.0,71.98,51.1,SLOW GROWTH,8,40,35.56,2.22,77.78,42.86,14.29,28.57,33.33333333333333,41.67,32.34,36.77,0,AVOID,BEAR MARKET,-31.31,MODERATE VOLATILITY,RISK ON,38.5,Metals,0,30.32,77.08,0,34.8,0,709,D,81.16,42.78,10.413826679649464,0.04
DAVANGERE,5562664448.0,MICRO CAP,3.890000104904175,77.8,0.11300584,0.131185,46.8,0.12372,0.040120002,0.13,0.134,Misc,Consumer Defensive,Confectioners,2026-05-16,Confectioners,0,1,0,61.55,50.09,50.04,63.4,55.82,55.42,MODERATE GROWTH,20,10,67.68,21.15,29.42,66.67,16.67,66.67,33.33333333333333,32.54,36.34,36.76,0,AVOID,BEAR MARKET,-31.31,MODERATE VOLATILITY,RISK ON,22.22,Metals,0,32.53,76.28,0,32.17,0,710,D,75.24,38.91,10.207240293809024,0.03
ATL,7284808704.0,MICRO CAP,24.959999084472656,20.459015,2.030754,0.131185,208.703,0.12164,0.04212,0.166,0.083,Misc,Industrials,Integrated Freight & Logistics,2026-05-16,Integrated Freight & Logistics,0,0,0,67.24,30.6,50.04,62.87,48.92,50.54,SLOW GROWTH,28,10,60.98,44.82,29.42,63.64,54.55,54.55,0.0,39.2,31.55,36.73,0,AVOID,BEAR MARKET,-31.31,MODERATE VOLATILITY,RISK ON,22.69,Metals,0,33.54,74.36,0,31.29,0,711,D,72.23,38.72,10.57490099685921,0.03
CORDSCABLE,2589951488.0,MICRO CAP,200.33999633789062,15.4107685,1.3782997,0.131185,57.801,0.05114,0.01831,0.147,0.047,Misc,Industrials,Electrical Equipment & Parts,2026-05-16,Electrical Equipment & Parts,0,0,0,64.55,28.22,50.04,25.31,46.385,45.01,SLOW GROWTH,35,10,36.11,65.91,29.42,40.0,66.0,18.0,0.0,39.77,31.21,36.68,0,AVOID,BEAR MARKET,-31.31,MODERATE VOLATILITY,RISK ON,22.74,Metals,0,34.37,71.33,0,31.37,0,712,D,68.29,36.95,10.665319670948188,0.03
INTELLECT,95404531712.0,SMALL CAP,686.5999755859375,28.24352,2.9999564,0.11411,4.961,0.14716,0.1137,0.167,-0.113,Technology,Technology,Software - Application,2026-05-16,SaaS,0,0,0,67.42,19.58,9.79,69.31,43.5,39.34,WEAK GROWTH,33,30,27.45,47.06,59.8,20.0,46.67,46.67,0.0,46.96,29.96,36.54,0,AVOID,BEAR MARKET,-31.31,MODERATE VOLATILITY,RISK ON,34.23,Metals,0,34.47,68.66,0,33.9,0,713,D,68.27,39.12,11.29493287137289,0.04
ENTERO,51878092800.0,SMALL CAP,1192.300048828125,46.088135,2.9382122,0.131185,24.634,0.033970002,0.01872,0.256,0.086,Misc,Healthcare,Medical Distribution,2026-05-16,Medical Distribution,0,0,0,78.66,31.0,50.04,18.78,54.83,50.27,SLOW GROWTH,20,30,60.23,21.15,70.14,100.0,100.0,100.0,0.0,45.06,30.23,36.41,0,AVOID,BEAR MARKET,-31.31,MODERATE VOLATILITY,RISK ON,33.82,Metals,0,33.12,74.42,0,33.56,0,714,D,75.72,42.32,11.032325338894681,0.04
DBCORP,37205270528.0,SMALL CAP,208.72999572753906,11.544801,1.6156572,0.131185,12.612,0.18229,0.13826999,-0.058,-0.19,Misc,Communication Services,Publishing,2026-05-16,Publishing,0,0,0,17.5,16.84,50.04,76.37,17.17,29.66,WEAK GROWTH,47,20,16.04,86.3,53.03,50.0,100.0,100.0,0.0,42.06,32.17,36.36,0,AVOID,BEAR MARKET,-31.31,MODERATE VOLATILITY,RISK ON,28.56,Metals,0,35.4,63.59,0,33.17,0,715,D,60.2,33.47,10.937908496732025,0.04
BALMLAWRIE,33267085312.0,SMALL CAP,194.5399932861328,12.454545,1.7102267,0.131185,12.098,0.10446999,0.10353,0.042,0.032,Misc,Industrials,Conglomerates,2026-05-16,Conglomerates,0,0,0,29.14,27.16,50.04,56.35,28.15,35.35,WEAK GROWTH,40,20,25.25,78.54,53.03,20.0,100.0,35.0,0.0,41.36,32.11,36.25,0,AVOID,BEAR MARKET,-31.31,MODERATE VOLATILITY,RISK ON,28.37,Metals,0,34.58,66.76,0,32.91,0,716,D,64.28,35.2,10.784313725490197,0.04
CENTUM,44382150656.0,SMALL CAP,3010.800048828125,26.7615915,10.646091,0.28000998,37.984,0.14709,-0.053489998,-0.057,-0.836,Misc,Technology,Electronic Components,2026-05-16,Electronic Components,0,0,0,17.64,1.85,97.09,69.22,9.745000000000001,33.16,WEAK GROWTH,38,30,22.98,75.13,70.14,50.0,100.0,75.0,0.0,43.74,32.21,36.15,0,AVOID,BEAR MARKET,-31.31,MODERATE VOLATILITY,RISK ON,33.99,Metals,0,34.53,65.63,0,34.3,0,717,D,64.61,36.21,11.037951531778694,0.04
BDL,485841928192.0,MID CAP,1325.4000244140625,84.045654,11.519308,0.131185,0.04099,0.01179,0.15512,-0.319,-0.504,Misc,Industrials,Aerospace & Defense,2026-05-16,Aerospace & Defense,0,0,0,5.47,8.38,50.04,13.58,6.925000000000001,16.21,WEAK GROWTH,50,40,2.4,88.26,83.21,11.11,66.67,33.33,0.0,43.65,31.06,36.08,0,AVOID,BEAR MARKET,-31.31,MODERATE VOLATILITY,RISK ON,38.68,Metals,0,34.78,58.63,0,35.22,0,718,D,57.24,31.19,10.71085164835165,0.04
FILATEX,18819194880.0,SMALL CAP,42.380001068115234,10.261501,1.9561504,0.131185,9.979,0.07027,0.043309998,-0.018,0.17,Misc,Consumer Cyclical,Textile Manufacturing,2026-05-16,Textile Manufacturing,0,0,0,19.97,68.25,50.04,32.8,44.11,44.16,SLOW GROWTH,35,10,35.61,65.91,29.42,54.05,64.86,52.7,0.0,38.62,30.68,36.01,0,AVOID,BEAR MARKET,-31.31,MODERATE VOLATILITY,RISK ON,22.32,Metals,0,34.02,71.51,0,30.86,0,719,D,68.47,36.17,10.413127968907443,0.03
INDIANCARD,1227554176.0,MICRO CAP,206.6199951171875,4.9944406,0.35381106,0.131185,1.437,-0.43803,0.59928,-0.015,0.134,Misc,Consumer Cyclical,Textile Manufacturing,2026-05-16,Textile Manufacturing,0,0,0,20.46,50.09,50.04,3.26,35.275000000000006,35.03,WEAK GROWTH,40,20,24.75,78.54,53.03,37.84,87.84,74.32,0.0,40.83,31.83,35.95,0,AVOID,BEAR MARKET,-31.31,MODERATE VOLATILITY,RISK ON,28.16,Metals,0,34.44,66.86,0,32.67,0,720,D,64.38,34.86,10.663811563169165,0.03
JKCEMENT,422193692672.0,MID CAP,5464.0,41.32194,6.5126233,0.131185,99.562,0.110530004,0.07602,0.182,-0.079,Misc,Basic Materials,Building Materials,2026-05-16,Building Materials,0,0,0,70.15,21.56,50.04,58.55,45.855000000000004,47.96,SLOW GROWTH,20,30,41.41,21.15,70.14,47.06,44.12,73.53,0.0,42.77,26.49,35.88,0,AVOID,BEAR MARKET,-31.31,MODERATE VOLATILITY,RISK ON,32.32,Metals,0,31.94,75.73,0,31.85,0,721,D,76.99,40.29,10.332093858186948,0.03
ARIHANTCAP,7570956288.0,MICRO CAP,69.06999969482422,19.62216,1.7297338,0.131185,51.095,0.16222,0.21153,-0.089,-0.58,Misc,Financial Services,Capital Markets,2026-05-16,Capital Markets,0,0,0,15.39,7.05,50.04,72.4,11.22,25.1,WEAK GROWTH,52,20,9.85,89.46,53.03,21.21,59.09,39.39,0.0,41.67,31.56,35.86,0,AVOID,BEAR MARKET,-31.31,MODERATE VOLATILITY,RISK ON,28.31,Metals,0,35.74,61.55,0,32.87,0,722,D,57.51,31.67,10.825499914544523,0.04
BASML,1916514560.0,MICRO CAP,23.979999542236328,10.61062,0.41199207,0.131185,95.855,0.063260004,0.016239999,-0.043,0.75,Misc,Consumer Cyclical,Textile Manufacturing,2026-05-16,Textile Manufacturing,0,0,0,18.43,87.17,50.04,30.42,52.8,50.01,SLOW GROWTH,35,0,44.32,65.91,7.39,72.97,64.86,20.27,0.0,34.04,30.15,35.82,0,AVOID,BEAR MARKET,-31.31,MODERATE VOLATILITY,RISK ON,16.05,Metals,0,34.52,73.7,0,29.2,0,723,D,69.45,35.72,10.140525195173883,0.03
GOODYEAR,17317181440.0,SMALL CAP,750.75,30.580448,3.0108767,0.131185,4.835,0.04933,0.02301,-0.039,1.599,Automobiles,Consumer Cyclical,Auto Parts,2026-05-16,Auto Components,0,0,0,18.61,92.33,50.04,24.78,55.47,51.32,SLOW GROWTH,28,10,37.78,42.22,12.22,36.84,44.74,14.47,0.0,40.12,28.05,35.71,0,AVOID,BEAR MARKET,-31.31,MODERATE VOLATILITY,RISK ON,22.04,Metals,0,33.47,75.58,0,29.93,0,724,D,73.42,38.78,10.421929588820209,0.03
GRINFRA,90461421568.0,SMALL CAP,934.9000244140625,10.020365,1.0125428,0.100880004,51.877,0.13913,0.10588,0.111,-0.487,Industrials,Industrials,Engineering & Construction,2026-05-16,Engineering & EPC,0,0,0,57.54,9.17,8.38,67.02,33.355,31.73,WEAK GROWTH,40,30,19.51,68.29,75.61,19.51,68.29,75.61,0.0,44.09,30.81,35.69,0,AVOID,BEAR MARKET,-31.31,MODERATE VOLATILITY,RISK ON,33.72,Metals,0,34.69,65.22,0,33.78,0,725,D,63.93,35.63,10.974896041891267,0.04
BORORENEW,70169649152.0,SMALL CAP,500.20001220703125,52.93122,5.9637074,0.131185,22.805,0.25838,-0.04032,0.08,0.134,Misc,Technology,Solar,2026-05-16,Solar,0,0,0,35.98,50.09,50.04,83.51,43.035,48.48,SLOW GROWTH,30,10,42.05,53.22,29.42,33.33,33.33,33.33,0.0,38.45,29.67,35.68,0,AVOID,BEAR MARKET,-31.31,MODERATE VOLATILITY,RISK ON,22.03,Metals,0,33.43,74.12,0,30.32,0,726,D,71.71,37.46,10.303947187457023,0.03
ADANIENSOL,1565992026112.0,LARGE CAP,1303.5999755859375,69.93562,6.1609135,0.096599996,194.5,0.21996,0.08274,0.168,0.035,Misc,Utilities,Utilities - Independent Power Producers,2026-05-16,Utilities - Independent Power Producers,0,0,0,67.68,27.34,7.67,80.86,47.510000000000005,42.88,SLOW GROWTH,17,40,34.03,5.56,83.21,80.0,40.0,70.0,0.0,41.09,22.37,35.35,0,AVOID,BEAR MARKET,-31.31,MODERATE VOLATILITY,RISK ON,35.86,Metals,0,30.04,76.52,0,31.17,0,727,D,79.33,38.45,9.573011328270884,0.03
BRIGADE,168360951808.0,MID CAP,688.25,805.9944712000163,2.5946438,0.131185,75.557,0.21002,0.13083,0.076,-0.234,Misc,Real Estate,Real Estate - Development,2026-05-16,Real Estate - Development,0,0,0,35.27,15.08,50.04,79.63,25.175,35.59,WEAK GROWTH,32,30,25.63,55.18,70.14,54.17,31.25,58.33,0.0,40.39,28.28,35.33,0,AVOID,BEAR MARKET,-31.31,MODERATE VOLATILITY,RISK ON,32.17,Metals,0,32.58,69.7,0,32.23,0,728,D,69.42,35.44,10.065322351604657,0.03
CUBEXTUB,1458817152.0,MICRO CAP,101.87999725341797,17.385664,1.8468901,0.131185,52.805,0.045089997,0.029649999,0.031,0.447,Metals,Basic Materials,Copper,2026-05-16,Copper,0,0,0,27.16,81.66,50.04,22.93,54.41,50.39,SLOW GROWTH,35,0,25.0,43.75,12.5,33.33,66.67,33.33,0.0,38.54,25.73,35.26,0,AVOID,BEAR MARKET,-31.31,MODERATE VOLATILITY,RISK ON,16.07,Metals,0,34.21,75.24,0,27.87,0,729,D,70.95,36.65,10.187630298818624,0.03
FINKURVE,9400858624.0,MICRO CAP,67.08000183105469,41.925,2.8771176,0.131185,116.173,0.29387,0.15151,0.073,0.114,Financials,Financial Services,Credit Services,2026-05-16,NBFC – Lending,0,0,0,34.79,32.67,50.04,86.24,33.730000000000004,42.24,SLOW GROWTH,40,10,29.49,28.85,8.33,22.22,25.93,12.96,0.0,42.15,25.61,35.23,0,AVOID,BEAR MARKET,-31.31,MODERATE VOLATILITY,RISK ON,21.94,Metals,0,34.84,71.04,0,29.42,0,730,D,67.29,35.97,10.534485283350417,0.03
DODLA,61872197632.0,SMALL CAP,1025.5999755859375,31.547216,4.038956,0.131185,3.614,0.05598,0.06697,0.137,0.081,Consumer,Consumer Defensive,Food Distribution,2026-05-16,FMCG – Food,0,0,0,63.18,30.42,50.04,27.87,46.8,45.56,SLOW GROWTH,28,20,41.18,44.12,32.35,100.0,100.0,100.0,0.0,40.92,29.16,35.21,0,AVOID,BEAR MARKET,-31.31,MODERATE VOLATILITY,RISK ON,27.52,Metals,0,33.06,73.19,0,31.35,0,731,D,72.24,38.14,10.415073730202076,0.03
APLLTD,154125139968.0,MID CAP,784.0999755859375,24.44964,2.896543,0.131185,28.004,0.11372,0.08655,0.108,-0.036,Misc,Healthcare,Drug Manufacturers - Specialty & Generic,2026-05-16,Drug Manufacturers - Specialty & Generic,0,0,0,42.95,23.24,50.04,59.88,33.095,39.16,WEAK GROWTH,28,30,30.05,44.82,70.14,36.96,30.43,50.0,0.0,40.56,27.45,35.15,0,AVOID,BEAR MARKET,-31.31,MODERATE VOLATILITY,RISK ON,32.0,Metals,0,32.15,71.79,0,31.84,0,732,D,72.03,36.61,10.026016705463508,0.03
ABCOTS,4813986304.0,MICRO CAP,219.17999267578125,32.043858,3.259667,0.131185,93.028,0.06993,0.047140002,0.304,-0.473,Misc,Consumer Cyclical,Textile Manufacturing,2026-05-16,Textile Manufacturing,0,0,0,83.16,9.35,50.04,32.63,46.254999999999995,45.65,SLOW GROWTH,28,20,37.56,44.82,53.03,59.46,44.59,74.32,0.0,41.01,28.76,35.09,0,AVOID,BEAR MARKET,-31.31,MODERATE VOLATILITY,RISK ON,27.44,Metals,0,33.05,73.33,0,31.19,0,733,D,72.38,38.14,10.395203052602891,0.03
COOLCAPS,46952464384.0,SMALL CAP,23.75,329.8077,134.29915,0.131185,27.014499999999998,0.10244,0.0670450025,0.109,0.134,Misc,Unknown,Unknown,2026-05-16,Diversified,0,1,0,50.13,50.09,50.04,50.04,50.11,50.09,SLOW GROWTH,20,20,52.21,21.15,53.03,50.4,16.94,92.74,33.33333333333333,33.16,34.27,35.02,0,AVOID,BEAR MARKET,-31.31,MODERATE VOLATILITY,RISK ON,26.86,Metals,0,31.96,75.01,0,32.18,0,734,D,75.15,37.9,9.95403808273145,0.03
CELLECOR,62865342464.0,SMALL CAP,41.0,199.1724,34.068653,0.131185,27.014499999999998,0.10244,0.0670450025,0.109,0.134,Misc,Unknown,Unknown,2026-05-16,Diversified,0,1,0,50.13,50.09,50.04,50.04,50.11,50.09,SLOW GROWTH,20,20,52.21,21.15,53.03,50.4,16.94,92.74,33.33333333333333,33.16,34.27,35.02,0,AVOID,BEAR MARKET,-31.31,MODERATE VOLATILITY,RISK ON,26.86,Metals,0,31.96,75.01,0,32.18,0,735,D,75.15,37.9,9.95403808273145,0.03
ENSER,17850488832.0,SMALL CAP,15.949999809265137,202.77228,50.270008,0.131185,27.014499999999998,0.10244,0.0670450025,0.109,0.134,Misc,Unknown,Unknown,2026-05-16,Diversified,0,1,0,50.13,50.09,50.04,50.04,50.11,50.09,SLOW GROWTH,20,20,52.21,21.15,53.03,50.4,16.94,92.74,33.33333333333333,33.16,34.27,35.02,0,AVOID,BEAR MARKET,-31.31,MODERATE VOLATILITY,RISK ON,26.86,Metals,0,31.96,75.01,0,32.18,0,736,D,75.15,37.9,9.95403808273145,0.03
BASILIC,13191023616.0,SMALL CAP,225.35000610351562,35.232773,4.345163,0.131185,27.014499999999998,0.10244,0.0670450025,0.109,0.134,Misc,Unknown,Unknown,2026-05-16,Diversified,0,1,0,50.13,50.09,50.04,50.04,50.11,50.09,SLOW GROWTH,20,20,52.21,21.15,53.03,50.4,16.94,92.74,33.33333333333333,33.16,34.27,35.02,0,AVOID,BEAR MARKET,-31.31,MODERATE VOLATILITY,RISK ON,26.86,Metals,0,31.96,75.01,0,32.18,0,737,D,75.15,37.9,9.95403808273145,0.03
BEWLTD,18747146240.0,SMALL CAP,75.30000305175781,151.42555,12.957675,0.131185,27.014499999999998,0.10244,0.0670450025,0.109,0.134,Misc,Unknown,Unknown,2026-05-16,Diversified,0,1,0,50.13,50.09,50.04,50.04,50.11,50.09,SLOW GROWTH,20,20,52.21,21.15,53.03,50.4,16.94,92.74,33.33333333333333,33.16,34.27,35.02,0,AVOID,BEAR MARKET,-31.31,MODERATE VOLATILITY,RISK ON,26.86,Metals,0,31.96,75.01,0,32.18,0,738,D,75.15,37.9,9.95403808273145,0.03
GATEWAY,28269848576.0,SMALL CAP,56.58000183105469,11.050782,1.2466949,0.10375,25.362,0.14833,0.11559,-0.002,0.134,Misc,Industrials,Integrated Freight & Logistics,2026-05-16,Integrated Freight & Logistics,0,0,0,21.69,50.09,8.64,69.66,35.89,33.82,WEAK GROWTH,40,20,23.74,78.54,53.03,45.45,100.0,81.82,0.0,39.33,31.07,35.02,0,AVOID,BEAR MARKET,-31.31,MODERATE VOLATILITY,RISK ON,27.6,Metals,0,33.94,67.13,0,31.96,0,739,D,64.64,33.8,10.298598415600242,0.03
BROOKS,1373002368.0,MICRO CAP,46.61000061035156,6.341497,1.186156,0.131185,6.772,0.020469999,0.24315001,-0.569,0.134,Misc,Healthcare,Drug Manufacturers - Specialty & Generic,2026-05-16,Drug Manufacturers - Specialty & Generic,0,0,0,2.56,50.09,50.04,15.43,26.325000000000003,29.98,WEAK GROWTH,45,20,16.67,83.78,53.03,19.57,77.17,30.43,0.0,39.59,30.9,35.0,0,AVOID,BEAR MARKET,-31.31,MODERATE VOLATILITY,RISK ON,27.62,Metals,0,34.58,64.94,0,32.05,0,740,D,61.8,32.55,10.36624203821656,0.03
ETHOSLTD,62029680640.0,SMALL CAP,2318.199951171875,64.10951,4.292796,0.131185,19.497,0.07809,0.06327,0.267,-0.049,Misc,Consumer Cyclical,Luxury Goods,2026-05-16,Luxury Goods,0,0,0,79.63,22.75,50.04,36.77,51.19,49.52,SLOW GROWTH,20,30,43.69,21.15,70.14,33.33,66.67,83.33,0.0,44.31,27.45,34.96,0,AVOID,BEAR MARKET,-31.31,MODERATE VOLATILITY,RISK ON,32.94,Metals,0,32.58,75.39,0,32.1,0,741,E,76.67,41.38,10.655336680829148,0.03
BANSWRAS,4122912256.0,MICRO CAP,120.44000244140625,16.12316,0.73383987,0.131185,89.715,0.0717,0.01922,0.003,0.382,Misc,Consumer Cyclical,Textile Manufacturing,2026-05-16,Textile Manufacturing,0,0,0,22.57,79.19,50.04,33.69,50.879999999999995,48.99,SLOW GROWTH,35,0,42.55,65.91,7.39,70.27,64.86,20.27,0.0,32.63,29.32,34.93,0,AVOID,BEAR MARKET,-31.31,MODERATE VOLATILITY,RISK ON,15.49,Metals,0,34.08,73.99,0,28.5,0,742,E,69.73,34.75,9.826099250671568,0.03
GHCL,43545554944.0,SMALL CAP,472.6499938964844,9.424726,1.2428509,0.131185,2.663,0.17169,0.16598,-0.029,-0.362,Misc,Basic Materials,Chemicals,2026-05-16,Chemicals,0,0,0,19.18,11.73,50.04,73.99,15.455,28.23,WEAK GROWTH,47,20,12.88,86.3,53.03,20.83,81.25,62.5,0.0,39.68,30.75,34.92,0,AVOID,BEAR MARKET,-31.31,MODERATE VOLATILITY,RISK ON,27.61,Metals,0,34.76,64.09,0,32.02,0,743,E,60.69,31.95,10.358242827038417,0.03
CURAA,915254976.0,MICRO CAP,92.44999694824219,26.7615915,11.61578,0.131185,55.07,0.14262,-0.68138003,0.109,0.134,Technology,Technology,Software - Application,2026-05-16,SaaS,0,1,0,50.13,50.09,50.04,68.08,50.11,51.89,SLOW GROWTH,23,10,45.1,18.63,21.57,33.33,20.0,13.33,33.33333333333333,32.1,32.4,34.81,0,AVOID,BEAR MARKET,-31.31,MODERATE VOLATILITY,RISK ON,21.12,Metals,0,32.1,76.31,0,30.24,0,744,E,74.84,36.91,9.733649789029535,0.03
GANESHCP,7911642112.0,MICRO CAP,195.77000427246094,13.943732,1.9448833,0.131185,52.589,0.08027001,0.043,-0.029,0.405,Misc,Consumer Defensive,Packaged Foods,2026-05-16,Packaged Foods,0,0,0,19.18,80.16,50.04,37.57,49.67,48.53,SLOW GROWTH,35,0,42.3,65.91,7.39,23.08,76.92,11.54,0.0,32.45,29.21,34.75,0,AVOID,BEAR MARKET,-31.31,MODERATE VOLATILITY,RISK ON,15.42,Metals,0,33.91,74.03,0,28.36,0,745,E,69.77,34.5,9.749894022891056,0.03
GPTHEALTH,11614860288.0,SMALL CAP,141.5500030517578,28.653847,4.5846157,0.131185,38.278,0.113170005,0.09059,0.176,-0.235,Misc,Healthcare,Medical Care Facilities,2026-05-16,Medical Care Facilities,0,0,0,68.83,14.99,50.04,59.7,41.91,45.32,SLOW GROWTH,28,20,36.93,44.82,53.03,20.0,40.0,15.0,0.0,40.3,28.38,34.69,0,AVOID,BEAR MARKET,-31.31,MODERATE VOLATILITY,RISK ON,27.17,Metals,0,32.9,73.47,0,30.87,0,746,E,72.51,37.73,10.265270031288258,0.03
BGRENERGY,18689843200.0,SMALL CAP,259.0,26.7615915,-0.9658485,0.131185,27.014499999999998,-2.44718,-1.0180927,0.177,0.134,Industrials,Industrials,Engineering & Construction,2026-05-16,Engineering & EPC,0,1,0,69.09,50.09,50.04,1.32,59.59,51.85,SLOW GROWTH,18,20,51.22,10.98,46.34,51.22,10.98,46.34,33.33333333333333,33.42,32.7,34.51,0,AVOID,BEAR MARKET,-31.31,MODERATE VOLATILITY,RISK ON,26.53,Metals,0,31.62,76.46,0,31.48,0,747,E,76.84,38.35,9.853545734840699,0.03
ACE,105719586816.0,MID CAP,888.25,25.0,5.927753,0.131185,8.005,0.14137,0.13161,-0.023,0.043,Misc,Industrials,Farm & Heavy Construction Machinery,2026-05-16,Farm & Heavy Construction Machinery,0,0,0,19.75,28.13,50.04,67.72,23.939999999999998,33.54,WEAK GROWTH,33,30,23.36,57.01,70.14,55.56,50.0,72.22,0.0,39.07,27.68,34.5,0,AVOID,BEAR MARKET,-31.31,MODERATE VOLATILITY,RISK ON,31.69,Metals,0,32.21,69.46,0,31.63,0,748,E,69.05,34.17,9.755888650963598,0.03
FUSION,32996599808.0,SMALL CAP,204.0399932861328,26.7615915,1.3935064,0.131185,257.668,0.063540004,-0.46566,0.109,0.134,Financials,Financial Services,Credit Services,2026-05-16,NBFC – Lending,0,1,0,50.13,50.09,50.04,30.69,50.11,48.15,SLOW GROWTH,23,20,43.59,10.9,17.31,33.33,7.41,25.93,33.33333333333333,34.22,31.86,34.38,0,AVOID,BEAR MARKET,-31.31,MODERATE VOLATILITY,RISK ON,26.52,Metals,0,32.24,74.5,0,31.36,0,749,E,74.23,37.23,9.897647215206698,0.03
CELEBRITY,504768064.0,MICRO CAP,7.820000171661377,26.7615915,4.742268,0.131185,565.147,-0.03856,-0.09024,0.189,0.134,Misc,Consumer Cyclical,Apparel Manufacturing,2026-05-16,Apparel Manufacturing,0,1,0,71.56,50.09,50.04,7.94,60.825,53.38,SLOW GROWTH,18,10,64.52,9.28,29.42,75.0,12.5,45.83,33.33333333333333,30.07,33.1,34.13,0,AVOID,BEAR MARKET,-31.31,MODERATE VOLATILITY,RISK ON,20.79,Metals,0,30.69,78.32,0,29.85,0,750,E,77.51,36.78,9.369507069163163,0.03
DATAMATICS,43845115904.0,SMALL CAP,741.7999877929688,22.519733,3.0142586,0.131185,12.851,0.14554,0.09916,0.199,-0.51,Technology,Technology,Information Technology Services,2026-05-16,IT Services,0,0,0,73.24,8.2,50.04,68.87,40.72,45.4,SLOW GROWTH,28,20,37.25,33.33,40.2,45.16,33.87,50.0,0.0,40.48,26.78,34.11,0,AVOID,BEAR MARKET,-31.31,MODERATE VOLATILITY,RISK ON,26.82,Metals,0,32.77,74.03,0,30.19,0,751,E,73.06,37.58,10.148528220361868,0.03
20MICRONS,6139851776.0,MICRO CAP,174.0,9.523809,1.3518869,0.131185,35.637,0.10623,0.07001,0.001,0.162,Misc,Basic Materials,Other Industrial Metals & Mining,2026-05-16,Other Industrial Metals & Mining,0,0,0,22.09,67.99,50.04,56.88,45.04,47.22,SLOW GROWTH,35,0,39.96,65.91,7.39,55.56,72.22,16.67,0.0,31.75,28.58,34.06,0,AVOID,BEAR MARKET,-31.31,MODERATE VOLATILITY,RISK ON,15.08,Metals,0,33.38,74.25,0,27.81,0,752,E,69.98,33.68,9.489997182304874,0.03
BALAJITELE,12363329536.0,SMALL CAP,101.41999816894531,16.62623,1.888922,0.131185,3.918,-0.80373,0.25639,-0.554,0.134,Misc,Communication Services,Entertainment,2026-05-16,Entertainment,0,0,0,2.73,50.09,50.04,2.29,26.41,28.72,WEAK GROWTH,40,30,14.27,78.54,70.14,27.27,72.73,100.0,0.0,40.74,30.22,34.02,0,AVOID,BEAR MARKET,-31.31,MODERATE VOLATILITY,RISK ON,32.74,Metals,0,33.57,65.42,0,32.66,0,753,E,64.12,33.31,10.230343980343982,0.03
CHEMCON,5993881600.0,MICRO CAP,163.6300048828125,28.309689,1.1681849,0.131185,0.051,0.06677,0.09648,0.054,-0.421,Chemicals,Basic Materials,Specialty Chemicals,2026-05-16,Specialty Chemicals,0,0,0,31.39,10.41,50.04,31.75,20.9,27.81,WEAK GROWTH,53,10,16.88,94.16,33.77,18.52,93.52,36.11,0.0,33.77,30.16,34.02,0,AVOID,BEAR MARKET,-31.31,MODERATE VOLATILITY,RISK ON,20.98,Metals,0,35.45,63.59,0,30.08,0,754,E,58.2,28.84,9.743243243243242,0.03
CENTENKA,9477692416.0,MICRO CAP,433.75,13.888889,0.660009,0.131185,2.535,0.06627,0.040939998,-0.166,0.697,Misc,Consumer Cyclical,Textile Manufacturing,2026-05-16,Textile Manufacturing,0,0,0,10.36,86.77,50.04,31.48,48.565,47.15,SLOW GROWTH,35,0,39.77,65.91,7.39,67.57,64.86,20.27,0.0,31.66,28.52,34.0,0,AVOID,BEAR MARKET,-31.31,MODERATE VOLATILITY,RISK ON,15.04,Metals,0,33.35,74.27,0,27.76,0,755,E,70.0,33.61,9.467605633802817,0.03
INNOVISION,7355926528.0,MICRO CAP,308.8999938964844,25.052717,5.7051563,0.131185,110.069,0.0497,0.0373,0.021,0.845,Misc,Industrials,Staffing & Employment Services,2026-05-16,Staffing & Employment Services,0,0,0,25.66,87.92,50.04,24.96,56.79,52.26,SLOW GROWTH,28,0,63.26,44.82,7.39,66.67,50.0,33.33,0.0,31.13,28.66,33.9,0,AVOID,BEAR MARKET,-31.31,MODERATE VOLATILITY,RISK ON,14.95,Metals,0,32.36,77.37,0,27.54,0,756,E,74.02,35.2,9.384164222873903,0.03
DEVIT,1620456704.0,MICRO CAP,28.75,3.894883706,1.2572702,0.131185,18.23,-0.16874,0.36283,-0.075,0.134,Technology,Technology,Information Technology Services,2026-05-16,IT Services,0,0,0,16.45,50.09,50.04,4.94,33.27,33.79,WEAK GROWTH,40,20,15.69,61.76,40.2,19.35,62.9,50.0,0.0,39.2,27.3,33.48,0,AVOID,BEAR MARKET,-31.31,MODERATE VOLATILITY,RISK ON,26.62,Metals,0,33.56,68.44,0,30.24,0,757,E,65.92,33.18,9.916317991631798,0.03
ASTERDM,389589237760.0,MID CAP,753.6500244140625,117.57411,8.586256,0.131185,43.791,0.12109,0.0733,0.13,-0.105,Misc,Healthcare,Medical Care Facilities,2026-05-16,Medical Care Facilities,0,0,0,61.55,20.19,50.04,62.43,40.87,44.86,SLOW GROWTH,20,30,35.98,21.15,70.14,10.0,20.0,40.0,0.0,38.89,24.13,33.35,0,AVOID,BEAR MARKET,-31.31,MODERATE VOLATILITY,RISK ON,30.76,Metals,0,30.61,76.55,0,29.85,0,758,E,77.79,37.5,9.518974489148368,0.03
CINELINE,2744056064.0,MICRO CAP,80.08000183105469,26.7615915,1.8922943,0.131185,71.321,0.14673,-0.02085,0.062,0.373,Misc,Communication Services,Entertainment,2026-05-16,Entertainment,0,0,0,32.85,79.01,50.04,68.96,55.93000000000001,56.06,MODERATE GROWTH,23,0,68.94,31.44,7.39,100.0,54.55,27.27,0.0,30.86,27.4,33.34,0,AVOID,BEAR MARKET,-31.31,MODERATE VOLATILITY,RISK ON,14.56,Metals,0,31.56,80.06,0,26.8,0,759,E,77.34,36.22,9.246872606586672,0.02
CPEDU,3385160448.0,MICRO CAP,186.07000732421875,15.9034195,2.414342,0.131185,27.014499999999998,0.0,0.0,0.109,0.134,Misc,Consumer Defensive,Education & Training Services,2026-05-16,Education & Training Services,0,1,0,50.13,50.09,50.04,11.64,50.11,46.25,SLOW GROWTH,25,10,38.51,34.47,29.42,25.0,50.0,18.75,33.33333333333333,29.01,32.55,33.27,0,AVOID,BEAR MARKET,-31.31,MODERATE VOLATILITY,RISK ON,20.39,Metals,0,30.94,75.36,0,29.4,0,760,E,73.63,33.85,9.071419000401985,0.03
HBSL,430044320.0,MICRO CAP,60.25,26.7615915,0.4658265,0.131185,13.379,0.05722,0.0,0.109,0.134,Misc,Financial Services,Capital Markets,2026-05-16,Capital Markets,0,1,0,50.13,50.09,50.04,28.66,50.11,47.95,SLOW GROWTH,23,10,41.29,31.44,29.42,57.58,16.67,24.24,33.33333333333333,28.92,32.48,33.26,0,AVOID,BEAR MARKET,-31.31,MODERATE VOLATILITY,RISK ON,20.35,Metals,0,30.73,76.28,0,29.33,0,761,E,74.82,34.4,9.074122922711686,0.03
GANGAFORGE,315437184.0,MICRO CAP,2.3399999141693115,26.7615915,1.0798337,0.131185,78.9,0.055859998,-0.08891,0.109,0.134,Misc,Industrials,Metal Fabrication,2026-05-16,Metal Fabrication,0,1,0,50.13,50.09,50.04,27.78,50.11,47.86,SLOW GROWTH,23,10,41.04,31.44,29.42,27.27,22.73,31.82,33.33333333333333,28.84,32.41,33.2,0,AVOID,BEAR MARKET,-31.31,MODERATE VOLATILITY,RISK ON,20.31,Metals,0,30.69,76.31,0,29.28,0,762,E,74.84,34.33,9.053270042194091,0.03
HEG,120533762048.0,MID CAP,624.5999755859375,31.641336,2.5822933,0.07338,16.73,-0.01126,0.12599,0.112,0.134,Misc,Industrials,Electrical Equipment & Parts,2026-05-16,Electrical Equipment & Parts,0,1,0,57.8,50.09,6.08,10.85,53.945,40.06,SLOW GROWTH,18,40,30.93,9.28,83.21,32.0,10.0,74.0,33.33333333333333,34.3,29.75,33.19,0,AVOID,BEAR MARKET,-31.31,MODERATE VOLATILITY,RISK ON,36.01,Metals,0,30.2,73.49,0,32.44,0,763,E,76.25,36.11,9.348867313915857,0.03
GOACARBON,3664996352.0,MICRO CAP,400.5,26.7615915,2.1733704,-0.0364926518978,99.272,0.043109998,-0.06805,0.521,0.134,Chemicals,Basic Materials,Specialty Chemicals,2026-05-16,Specialty Chemicals,0,1,0,90.78,50.09,0.57,22.05,70.435,51.62,SLOW GROWTH,13,20,66.23,5.84,56.49,66.67,6.48,57.41,33.33333333333333,30.16,32.87,32.96,0,AVOID,BEAR MARKET,-31.31,MODERATE VOLATILITY,RISK ON,25.76,Metals,0,29.55,78.65,0,30.46,0,764,E,79.69,37.09,9.193208576031727,0.03
JBMA,151734714368.0,MID CAP,641.5999755859375,69.437225,10.683184,0.131185,190.282,0.118640006,0.03583,0.142,-0.171,Automobiles,Consumer Cyclical,Auto Parts,2026-05-16,Auto Components,0,0,0,63.67,18.08,50.04,61.82,40.875,44.8,SLOW GROWTH,20,30,28.89,20.0,54.44,28.95,19.74,63.16,0.0,38.71,22.82,32.77,0,AVOID,BEAR MARKET,-31.31,MODERATE VOLATILITY,RISK ON,30.38,Metals,0,30.46,77.01,0,29.22,0,765,E,78.24,37.22,9.394245330641091,0.03
GINNIFILA,3730916864.0,MICRO CAP,43.560001373291016,9.11297,1.6900753,0.131185,18.852,0.15588,0.07841,-0.174,0.134,Misc,Consumer Cyclical,Textile Manufacturing,2026-05-16,Textile Manufacturing,0,0,0,10.01,50.09,50.04,70.9,30.05,38.13,WEAK GROWTH,42,0,28.54,81.12,7.39,45.95,94.59,20.27,0.0,29.45,28.23,32.58,0,AVOID,BEAR MARKET,-31.31,MODERATE VOLATILITY,RISK ON,14.42,Metals,0,32.97,71.22,0,27.03,0,766,E,66.04,29.63,8.839498806682576,0.02
ACC,255916490752.0,MID CAP,1362.800048828125,12.004934,1.2450314,0.109280005,2.085,0.05548,0.08106,0.187,-0.683,Misc,Basic Materials,Building Materials,2026-05-16,Building Materials,0,0,0,71.21,4.59,9.35,27.6,37.9,31.16,WEAK GROWTH,35,30,19.07,65.91,70.14,17.65,88.24,73.53,0.0,33.95,26.33,32.5,0,AVOID,BEAR MARKET,-31.31,MODERATE VOLATILITY,RISK ON,30.07,Metals,0,32.04,69.03,0,30.26,0,767,E,68.35,31.47,9.075702956020187,0.03
BRNL,1699987456.0,MICRO CAP,20.25,6.1550155,0.16175283,0.131185,77.326,0.40245998,0.18107,-0.119,-0.847,Misc,Industrials,Infrastructure Operations,2026-05-16,Infrastructure Operations,0,0,0,13.05,1.76,50.04,93.03,7.405,24.49,WEAK GROWTH,55,10,9.34,91.92,29.42,25.0,100.0,37.5,0.0,32.36,28.13,32.49,0,AVOID,BEAR MARKET,-31.31,MODERATE VOLATILITY,RISK ON,20.12,Metals,0,34.88,63.4,0,28.79,0,768,E,57.73,26.88,9.153754469606675,0.03
BEACON,2120820736.0,MICRO CAP,102.0,37.62821,4.2972183,0.131185,27.014499999999998,0.10244,0.0670450025,0.109,0.134,Misc,Unknown,Unknown,2026-05-16,Diversified,0,1,0,50.13,50.09,50.04,50.04,50.11,50.09,SLOW GROWTH,20,10,52.21,21.15,29.42,50.4,16.94,44.35,33.33333333333333,26.98,31.8,32.48,0,AVOID,BEAR MARKET,-31.31,MODERATE VOLATILITY,RISK ON,19.7,Metals,0,30.21,77.87,0,28.66,0,769,E,76.79,34.4,8.844324463298623,0.03
DUGLOBAL,5058795008.0,MICRO CAP,41.29999923706055,127.192986,5.268895,0.131185,27.014499999999998,0.10244,0.0670450025,0.109,0.134,Misc,Unknown,Unknown,2026-05-16,Diversified,0,1,0,50.13,50.09,50.04,50.04,50.11,50.09,SLOW GROWTH,20,10,52.21,21.15,29.42,50.4,16.94,44.35,33.33333333333333,26.98,31.8,32.48,0,AVOID,BEAR MARKET,-31.31,MODERATE VOLATILITY,RISK ON,19.7,Metals,0,30.21,77.87,0,28.66,0,770,E,76.79,34.4,8.844324463298623,0.03
DRSDILIP,1762301184.0,MICRO CAP,119.5,58.5,3.5007927,0.131185,27.014499999999998,0.10244,0.0670450025,0.109,0.134,Misc,Unknown,Unknown,2026-05-16,Diversified,0,1,0,50.13,50.09,50.04,50.04,50.11,50.09,SLOW GROWTH,20,10,52.21,21.15,29.42,50.4,16.94,44.35,33.33333333333333,26.98,31.8,32.48,0,AVOID,BEAR MARKET,-31.31,MODERATE VOLATILITY,RISK ON,19.7,Metals,0,30.21,77.87,0,28.66,0,771,E,76.79,34.4,8.844324463298623,0.03
JETKNIT,529965792.0,MICRO CAP,89.19999694824219,69.50867,2.277419,0.131185,27.014499999999998,0.10244,0.0670450025,0.109,0.134,Misc,Unknown,Unknown,2026-05-16,Diversified,0,1,0,50.13,50.09,50.04,50.04,50.11,50.09,SLOW GROWTH,20,10,52.21,21.15,29.42,50.4,16.94,44.35,33.33333333333333,26.98,31.8,32.48,0,AVOID,BEAR MARKET,-31.31,MODERATE VOLATILITY,RISK ON,19.7,Metals,0,30.21,77.87,0,28.66,0,772,E,76.79,34.4,8.844324463298623,0.03
GIRIRAJ,8616164352.0,MICRO CAP,163.0,39.977802,6.264566,0.131185,27.014499999999998,0.10244,0.0670450025,0.109,0.134,Misc,Unknown,Unknown,2026-05-16,Diversified,0,1,0,50.13,50.09,50.04,50.04,50.11,50.09,SLOW GROWTH,20,10,52.21,21.15,29.42,50.4,16.94,44.35,33.33333333333333,26.98,31.8,32.48,0,AVOID,BEAR MARKET,-31.31,MODERATE VOLATILITY,RISK ON,19.7,Metals,0,30.21,77.87,0,28.66,0,773,E,76.79,34.4,8.844324463298623,0.03
INFINIUM,3474256640.0,MICRO CAP,215.0,37.03488,3.0294178,0.131185,27.014499999999998,0.10244,0.0670450025,0.109,0.134,Misc,Unknown,Unknown,2026-05-16,Diversified,0,1,0,50.13,50.09,50.04,50.04,50.11,50.09,SLOW GROWTH,20,10,52.21,21.15,29.42,50.4,16.94,44.35,33.33333333333333,26.98,31.8,32.48,0,AVOID,BEAR MARKET,-31.31,MODERATE VOLATILITY,RISK ON,19.7,Metals,0,30.21,77.87,0,28.66,0,774,E,76.79,34.4,8.844324463298623,0.03
DENTALKART,9018726400.0,MICRO CAP,399.70001220703125,59.461452,5.5722127,0.131185,27.014499999999998,0.10244,0.0670450025,0.109,0.134,Misc,Unknown,Unknown,2026-05-16,Diversified,0,1,0,50.13,50.09,50.04,50.04,50.11,50.09,SLOW GROWTH,20,10,52.21,21.15,29.42,50.4,16.94,44.35,33.33333333333333,26.98,31.8,32.48,0,AVOID,BEAR MARKET,-31.31,MODERATE VOLATILITY,RISK ON,19.7,Metals,0,30.21,77.87,0,28.66,0,775,E,76.79,34.4,8.844324463298623,0.03
GPECO,4225256448.0,MICRO CAP,362.45001220703125,40.814476,5.3007374,0.131185,27.014499999999998,0.10244,0.0670450025,0.109,0.134,Misc,Unknown,Unknown,2026-05-16,Diversified,0,1,0,50.13,50.09,50.04,50.04,50.11,50.09,SLOW GROWTH,20,10,52.21,21.15,29.42,50.4,16.94,44.35,33.33333333333333,26.98,31.8,32.48,0,AVOID,BEAR MARKET,-31.31,MODERATE VOLATILITY,RISK ON,19.7,Metals,0,30.21,77.87,0,28.66,0,776,E,76.79,34.4,8.844324463298623,0.03
GRETEX,1940707328.0,MICRO CAP,260.8500061035156,135.05154,4.8928065,0.131185,27.014499999999998,0.10244,0.0670450025,0.109,0.134,Misc,Unknown,Unknown,2026-05-16,Diversified,0,1,0,50.13,50.09,50.04,50.04,50.11,50.09,SLOW GROWTH,20,10,52.21,21.15,29.42,50.4,16.94,44.35,33.33333333333333,26.98,31.8,32.48,0,AVOID,BEAR MARKET,-31.31,MODERATE VOLATILITY,RISK ON,19.7,Metals,0,30.21,77.87,0,28.66,0,777,E,76.79,34.4,8.844324463298623,0.03
AMBEY,1917163136.0,MICRO CAP,28.5,44.421963,2.0965762,0.131185,27.014499999999998,0.10244,0.0670450025,0.109,0.134,Misc,Unknown,Unknown,2026-05-16,Diversified,0,1,0,50.13,50.09,50.04,50.04,50.11,50.09,SLOW GROWTH,20,10,52.21,21.15,29.42,50.4,16.94,44.35,33.33333333333333,26.98,31.8,32.48,0,AVOID,BEAR MARKET,-31.31,MODERATE VOLATILITY,RISK ON,19.7,Metals,0,30.21,77.87,0,28.66,0,778,E,76.79,34.4,8.844324463298623,0.03
INDIFRA,245673008.0,MICRO CAP,13.0,805.9944712000163,1.3271375,0.131185,27.014499999999998,0.10244,0.0670450025,0.109,0.134,Misc,Unknown,Unknown,2026-05-16,Diversified,0,1,0,50.13,50.09,50.04,50.04,50.11,50.09,SLOW GROWTH,20,10,52.21,21.15,29.42,50.4,16.94,44.35,33.33333333333333,26.98,31.8,32.48,0,AVOID,BEAR MARKET,-31.31,MODERATE VOLATILITY,RISK ON,19.7,Metals,0,30.21,77.87,0,28.66,0,779,E,76.79,34.4,8.844324463298623,0.03
FONEBOX,2023784960.0,MICRO CAP,65.8499984741211,44.525963,5.4977984,0.131185,27.014499999999998,0.10244,0.0670450025,0.109,0.134,Misc,Unknown,Unknown,2026-05-16,Diversified,0,1,0,50.13,50.09,50.04,50.04,50.11,50.09,SLOW GROWTH,20,10,52.21,21.15,29.42,50.4,16.94,44.35,33.33333333333333,26.98,31.8,32.48,0,AVOID,BEAR MARKET,-31.31,MODERATE VOLATILITY,RISK ON,19.7,Metals,0,30.21,77.87,0,28.66,0,780,E,76.79,34.4,8.844324463298623,0.03
INM,3882447104.0,MICRO CAP,170.0,35.576923,5.5242567,0.131185,27.014499999999998,0.10244,0.0670450025,0.109,0.134,Misc,Unknown,Unknown,2026-05-16,Diversified,0,1,0,50.13,50.09,50.04,50.04,50.11,50.09,SLOW GROWTH,20,10,52.21,21.15,29.42,50.4,16.94,44.35,33.33333333333333,26.98,31.8,32.48,0,AVOID,BEAR MARKET,-31.31,MODERATE VOLATILITY,RISK ON,19.7,Metals,0,30.21,77.87,0,28.66,0,781,E,76.79,34.4,8.844324463298623,0.03
HIGREEN,4182076672.0,MICRO CAP,152.14999389648438,39.56265,4.58079,0.131185,27.014499999999998,0.10244,0.0670450025,0.109,0.134,Misc,Unknown,Unknown,2026-05-16,Diversified,0,1,0,50.13,50.09,50.04,50.04,50.11,50.09,SLOW GROWTH,20,10,52.21,21.15,29.42,50.4,16.94,44.35,33.33333333333333,26.98,31.8,32.48,0,AVOID,BEAR MARKET,-31.31,MODERATE VOLATILITY,RISK ON,19.7,Metals,0,30.21,77.87,0,28.66,0,782,E,76.79,34.4,8.844324463298623,0.03
JFLLIFE,1764621184.0,MICRO CAP,9.149999618530273,42.541664,3.98237,0.131185,27.014499999999998,0.10244,0.0670450025,0.109,0.134,Misc,Unknown,Unknown,2026-05-16,Diversified,0,1,0,50.13,50.09,50.04,50.04,50.11,50.09,SLOW GROWTH,20,10,52.21,21.15,29.42,50.4,16.94,44.35,33.33333333333333,26.98,31.8,32.48,0,AVOID,BEAR MARKET,-31.31,MODERATE VOLATILITY,RISK ON,19.7,Metals,0,30.21,77.87,0,28.66,0,783,E,76.79,34.4,8.844324463298623,0.03
ASPIRE,1646813056.0,MICRO CAP,15.5,42.885376,3.2665963,0.131185,27.014499999999998,0.10244,0.0670450025,0.109,0.134,Misc,Unknown,Unknown,2026-05-16,Diversified,0,1,0,50.13,50.09,50.04,50.04,50.11,50.09,SLOW GROWTH,20,10,52.21,21.15,29.42,50.4,16.94,44.35,33.33333333333333,26.98,31.8,32.48,0,AVOID,BEAR MARKET,-31.31,MODERATE VOLATILITY,RISK ON,19.7,Metals,0,30.21,77.87,0,28.66,0,784,E,76.79,34.4,8.844324463298623,0.03
EFORCE,1717560064.0,MICRO CAP,22.75,133.45454,2.3679712,0.131185,27.014499999999998,0.10244,0.0670450025,0.109,0.134,Misc,Unknown,Unknown,2026-05-16,Diversified,0,1,0,50.13,50.09,50.04,50.04,50.11,50.09,SLOW GROWTH,20,10,52.21,21.15,29.42,50.4,16.94,44.35,33.33333333333333,26.98,31.8,32.48,0,AVOID,BEAR MARKET,-31.31,MODERATE VOLATILITY,RISK ON,19.7,Metals,0,30.21,77.87,0,28.66,0,785,E,76.79,34.4,8.844324463298623,0.03
CANARYS,3094309632.0,MICRO CAP,19.0,38.920864,3.260804,0.131185,27.014499999999998,0.10244,0.0670450025,0.109,0.134,Misc,Unknown,Unknown,2026-05-16,Diversified,0,1,0,50.13,50.09,50.04,50.04,50.11,50.09,SLOW GROWTH,20,10,52.21,21.15,29.42,50.4,16.94,44.35,33.33333333333333,26.98,31.8,32.48,0,AVOID,BEAR MARKET,-31.31,MODERATE VOLATILITY,RISK ON,19.7,Metals,0,30.21,77.87,0,28.66,0,786,E,76.79,34.4,8.844324463298623,0.03
ATMASTCO,7568815104.0,MICRO CAP,185.3000030517578,39.23077,5.479943,0.131185,27.014499999999998,0.10244,0.0670450025,0.109,0.134,Misc,Unknown,Unknown,2026-05-16,Diversified,0,1,0,50.13,50.09,50.04,50.04,50.11,50.09,SLOW GROWTH,20,10,52.21,21.15,29.42,50.4,16.94,44.35,33.33333333333333,26.98,31.8,32.48,0,AVOID,BEAR MARKET,-31.31,MODERATE VOLATILITY,RISK ON,19.7,Metals,0,30.21,77.87,0,28.66,0,787,E,76.79,34.4,8.844324463298623,0.03
GRCL,2122773120.0,MICRO CAP,610.9500122070312,74.73738,12.677771,0.131185,27.014499999999998,0.10244,0.0670450025,0.109,0.134,Misc,Unknown,Unknown,2026-05-16,Diversified,0,1,0,50.13,50.09,50.04,50.04,50.11,50.09,SLOW GROWTH,20,10,52.21,21.15,29.42,50.4,16.94,44.35,33.33333333333333,26.98,31.8,32.48,0,AVOID,BEAR MARKET,-31.31,MODERATE VOLATILITY,RISK ON,19.7,Metals,0,30.21,77.87,0,28.66,0,788,E,76.79,34.4,8.844324463298623,0.03
AVSL,1081417728.0,MICRO CAP,119.69999694824219,42.79536,2.779605,0.131185,27.014499999999998,0.10244,0.0670450025,0.109,0.134,Misc,Unknown,Unknown,2026-05-16,Diversified,0,1,0,50.13,50.09,50.04,50.04,50.11,50.09,SLOW GROWTH,20,10,52.21,21.15,29.42,50.4,16.94,44.35,33.33333333333333,26.98,31.8,32.48,0,AVOID,BEAR MARKET,-31.31,MODERATE VOLATILITY,RISK ON,19.7,Metals,0,30.21,77.87,0,28.66,0,789,E,76.79,34.4,8.844324463298623,0.03
ESFL,3868680448.0,MICRO CAP,130.0,805.9944712000163,2.4524856,0.131185,27.014499999999998,0.10244,0.0670450025,0.109,0.134,Misc,Unknown,Unknown,2026-05-16,Diversified,0,1,0,50.13,50.09,50.04,50.04,50.11,50.09,SLOW GROWTH,20,10,52.21,21.15,29.42,50.4,16.94,44.35,33.33333333333333,26.98,31.8,32.48,0,AVOID,BEAR MARKET,-31.31,MODERATE VOLATILITY,RISK ON,19.7,Metals,0,30.21,77.87,0,28.66,0,790,E,76.79,34.4,8.844324463298623,0.03
ISHAN,486529408.0,MICRO CAP,0.6499999761581421,225.0,2.1551723,0.131185,27.014499999999998,0.10244,0.0670450025,0.109,0.134,Misc,Unknown,Unknown,2026-05-16,Diversified,0,1,0,50.13,50.09,50.04,50.04,50.11,50.09,SLOW GROWTH,20,10,52.21,21.15,29.42,50.4,16.94,44.35,33.33333333333333,26.98,31.8,32.48,0,AVOID,BEAR MARKET,-31.31,MODERATE VOLATILITY,RISK ON,19.7,Metals,0,30.21,77.87,0,28.66,0,791,E,76.79,34.4,8.844324463298623,0.03
AILIMITED,566027584.0,MICRO CAP,42.25,51.086956,5.346377,0.131185,27.014499999999998,0.10244,0.0670450025,0.109,0.134,Misc,Unknown,Unknown,2026-05-16,Diversified,0,1,0,50.13,50.09,50.04,50.04,50.11,50.09,SLOW GROWTH,20,10,52.21,21.15,29.42,50.4,16.94,44.35,33.33333333333333,26.98,31.8,32.48,0,AVOID,BEAR MARKET,-31.31,MODERATE VOLATILITY,RISK ON,19.7,Metals,0,30.21,77.87,0,28.66,0,792,E,76.79,34.4,8.844324463298623,0.03
FALCONTECH,438699936.0,MICRO CAP,14.75,42.1131,1.6529602,0.131185,27.014499999999998,0.10244,0.0670450025,0.109,0.134,Misc,Unknown,Unknown,2026-05-16,Diversified,0,1,0,50.13,50.09,50.04,50.04,50.11,50.09,SLOW GROWTH,20,10,52.21,21.15,29.42,50.4,16.94,44.35,33.33333333333333,26.98,31.8,32.48,0,AVOID,BEAR MARKET,-31.31,MODERATE VOLATILITY,RISK ON,19.7,Metals,0,30.21,77.87,0,28.66,0,793,E,76.79,34.4,8.844324463298623,0.03
AATMAJ,604550016.0,MICRO CAP,21.0,68.589745,1.1730913,0.131185,27.014499999999998,0.10244,0.0670450025,0.109,0.134,Misc,Unknown,Unknown,2026-05-16,Diversified,0,1,0,50.13,50.09,50.04,50.04,50.11,50.09,SLOW GROWTH,20,10,52.21,21.15,29.42,50.4,16.94,44.35,33.33333333333333,26.98,31.8,32.48,0,AVOID,BEAR MARKET,-31.31,MODERATE VOLATILITY,RISK ON,19.7,Metals,0,30.21,77.87,0,28.66,0,794,E,76.79,34.4,8.844324463298623,0.03
CPS,630611456.0,MICRO CAP,1026.0,347.8049,4.2324586,0.131185,27.014499999999998,0.10244,0.0670450025,0.109,0.134,Misc,Unknown,Unknown,2026-05-16,Diversified,0,1,0,50.13,50.09,50.04,50.04,50.11,50.09,SLOW GROWTH,20,10,52.21,21.15,29.42,50.4,16.94,44.35,33.33333333333333,26.98,31.8,32.48,0,AVOID,BEAR MARKET,-31.31,MODERATE VOLATILITY,RISK ON,19.7,Metals,0,30.21,77.87,0,28.66,0,795,E,76.79,34.4,8.844324463298623,0.03
IBLFL,1290939904.0,MICRO CAP,60.0,54.94737,2.1552436,0.131185,27.014499999999998,0.10244,0.0670450025,0.109,0.134,Misc,Unknown,Unknown,2026-05-16,Diversified,0,1,0,50.13,50.09,50.04,50.04,50.11,50.09,SLOW GROWTH,20,10,52.21,21.15,29.42,50.4,16.94,44.35,33.33333333333333,26.98,31.8,32.48,0,AVOID,BEAR MARKET,-31.31,MODERATE VOLATILITY,RISK ON,19.7,Metals,0,30.21,77.87,0,28.66,0,796,E,76.79,34.4,8.844324463298623,0.03
AGNI,1011902656.0,MICRO CAP,21.149999618530273,235.45454,3.1755762,0.131185,27.014499999999998,0.10244,0.0670450025,0.109,0.134,Misc,Unknown,Unknown,2026-05-16,Diversified,0,1,0,50.13,50.09,50.04,50.04,50.11,50.09,SLOW GROWTH,20,10,52.21,21.15,29.42,50.4,16.94,44.35,33.33333333333333,26.98,31.8,32.48,0,AVOID,BEAR MARKET,-31.31,MODERATE VOLATILITY,RISK ON,19.7,Metals,0,30.21,77.87,0,28.66,0,797,E,76.79,34.4,8.844324463298623,0.03
DYNAMIC,6451039744.0,MICRO CAP,115.19999694824219,38.04438,2.9888313,0.131185,27.014499999999998,0.10244,0.0670450025,0.109,0.134,Misc,Unknown,Unknown,2026-05-16,Diversified,0,1,0,50.13,50.09,50.04,50.04,50.11,50.09,SLOW GROWTH,20,10,52.21,21.15,29.42,50.4,16.94,44.35,33.33333333333333,26.98,31.8,32.48,0,AVOID,BEAR MARKET,-31.31,MODERATE VOLATILITY,RISK ON,19.7,Metals,0,30.21,77.87,0,28.66,0,798,E,76.79,34.4,8.844324463298623,0.03
ENFUSE,1627958400.0,MICRO CAP,195.0,50.13624,6.003067,0.131185,27.014499999999998,0.10244,0.0670450025,0.109,0.134,Misc,Unknown,Unknown,2026-05-16,Diversified,0,1,0,50.13,50.09,50.04,50.04,50.11,50.09,SLOW GROWTH,20,10,52.21,21.15,29.42,50.4,16.94,44.35,33.33333333333333,26.98,31.8,32.48,0,AVOID,BEAR MARKET,-31.31,MODERATE VOLATILITY,RISK ON,19.7,Metals,0,30.21,77.87,0,28.66,0,799,E,76.79,34.4,8.844324463298623,0.03
EMKAYTOOLS,9432895488.0,MICRO CAP,101.0,35.17509,3.2504497,0.131185,27.014499999999998,0.10244,0.0670450025,0.109,0.134,Misc,Unknown,Unknown,2026-05-16,Diversified,0,1,0,50.13,50.09,50.04,50.04,50.11,50.09,SLOW GROWTH,20,10,52.21,21.15,29.42,50.4,16.94,44.35,33.33333333333333,26.98,31.8,32.48,0,AVOID,BEAR MARKET,-31.31,MODERATE VOLATILITY,RISK ON,19.7,Metals,0,30.21,77.87,0,28.66,0,800,E,76.79,34.4,8.844324463298623,0.03
DUCOL,2015562496.0,MICRO CAP,114.0999984741211,46.156715,2.3409853,0.131185,27.014499999999998,0.10244,0.0670450025,0.109,0.134,Misc,Unknown,Unknown,2026-05-16,Diversified,0,1,0,50.13,50.09,50.04,50.04,50.11,50.09,SLOW GROWTH,20,10,52.21,21.15,29.42,50.4,16.94,44.35,33.33333333333333,26.98,31.8,32.48,0,AVOID,BEAR MARKET,-31.31,MODERATE VOLATILITY,RISK ON,19.7,Metals,0,30.21,77.87,0,28.66,0,801,E,76.79,34.4,8.844324463298623,0.03
ASAHIINDIA,208951083008.0,MID CAP,819.6500244140625,67.572136,5.6420193,0.131185,77.144,0.14148,0.063260004,0.117,-0.101,Automobiles,Consumer Cyclical,Auto Parts,2026-05-16,Auto Components,0,0,0,59.08,20.37,50.04,67.81,39.725,44.6,SLOW GROWTH,20,30,26.67,20.0,54.44,26.32,19.74,63.16,0.0,38.27,22.31,32.41,0,AVOID,BEAR MARKET,-31.31,MODERATE VOLATILITY,RISK ON,30.15,Metals,0,30.34,77.19,0,28.91,0,802,E,78.41,36.93,9.301095579901776,0.03
ALPA,1488622464.0,MICRO CAP,70.75,12.817029,0.86838585,0.131185,27.014499999999998,0.029719999,0.10154,0.111,-0.787,Misc,Healthcare,Drug Manufacturers - Specialty & Generic,2026-05-16,Drug Manufacturers - Specialty & Generic,0,0,0,57.54,2.2,50.04,17.72,29.87,32.69,WEAK GROWTH,40,20,22.1,78.54,53.03,23.91,65.22,30.43,0.0,33.6,28.54,32.35,0,AVOID,BEAR MARKET,-31.31,MODERATE VOLATILITY,RISK ON,25.53,Metals,0,33.3,68.01,0,29.88,0,803,E,65.5,31.14,9.365413533834587,0.03
GMMPFAUDLR,40304152576.0,SMALL CAP,896.5,227.53807,3.4262283,0.131185,89.639,0.07688,0.00521,0.102,0.134,Misc,Industrials,Specialty Industrial Machinery,2026-05-16,Specialty Industrial Machinery,0,1,0,41.4,50.09,50.04,36.16,45.745000000000005,45.65,SLOW GROWTH,20,20,37.56,21.15,53.03,22.58,20.97,25.81,33.33333333333333,30.25,30.91,32.06,0,AVOID,BEAR MARKET,-31.31,MODERATE VOLATILITY,RISK ON,25.29,Metals,0,30.07,76.18,0,29.68,0,804,E,76.29,34.75,8.992107646526069,0.03
ICEMAKE,12123571200.0,SMALL CAP,768.2999877929688,87.705475,10.0434,0.131185,139.699,0.0367,0.02326,0.387,-0.489,Misc,Industrials,Specialty Industrial Machinery,2026-05-16,Specialty Industrial Machinery,0,0,0,87.13,9.08,50.04,19.75,48.105,45.66,SLOW GROWTH,20,30,37.82,21.15,70.14,27.42,20.97,43.55,0.0,39.95,24.83,32.05,0,AVOID,BEAR MARKET,-31.31,MODERATE VOLATILITY,RISK ON,31.2,Metals,0,30.96,76.31,0,29.81,0,805,E,77.56,38.1,9.69959266802444,0.03
BSOFT,87870480384.0,SMALL CAP,314.3999938964844,16.803848,2.3708262,0.131185,4.089,0.18621,0.087869994,0.013,0.027,Technology,Technology,Information Technology Services,2026-05-16,IT Services,0,0,0,23.72,26.63,50.04,76.98,25.174999999999997,35.33,WEAK GROWTH,42,10,21.57,68.63,21.57,25.81,70.97,29.03,0.0,32.19,26.41,31.98,0,AVOID,BEAR MARKET,-31.31,MODERATE VOLATILITY,RISK ON,19.65,Metals,0,33.31,69.86,0,27.77,0,806,E,65.86,30.3,9.06371522584505,0.02
BEDMUTHA,3617426688.0,MICRO CAP,112.12000274658203,26.7615915,2.541424,-0.00035999998,151.954,0.02569,-4.0000003e-05,0.446,0.134,Misc,Basic Materials,Steel,2026-05-16,Steel,0,1,0,88.98,50.09,1.94,16.49,69.535,50.71,SLOW GROWTH,13,20,61.11,3.79,53.03,52.38,9.52,45.24,33.33333333333333,29.19,31.41,31.95,0,AVOID,BEAR MARKET,-31.31,MODERATE VOLATILITY,RISK ON,25.15,Metals,0,29.09,79.16,0,29.54,0,807,E,80.18,36.2,8.918452820891845,0.03
INTENTECH,2377209600.0,MICRO CAP,101.77999877929688,26.231958,1.6718134,0.131185,0.137,0.054050002,0.071329996,0.001,-0.26,Technology,Technology,Software - Infrastructure,2026-05-16,Software Products,0,0,0,22.09,14.29,50.04,27.12,18.189999999999998,25.45,WEAK GROWTH,53,10,9.8,86.27,21.57,20.0,100.0,20.0,0.0,32.01,27.21,31.93,0,AVOID,BEAR MARKET,-31.31,MODERATE VOLATILITY,RISK ON,19.8,Metals,0,34.33,64.63,0,28.2,0,808,E,59.21,26.93,8.94535791396778,0.03
GOPAL,36229062656.0,SMALL CAP,290.6499938964844,805.9944712000163,8.354651,0.131185,14.964,0.05,0.00296,0.018,1.884,Misc,Consumer Defensive,Packaged Foods,2026-05-16,Packaged Foods,0,0,0,24.87,93.39,50.04,25.04,59.13,53.9,SLOW GROWTH,20,10,65.28,21.15,29.42,46.15,25.0,32.69,0.0,31.57,25.59,31.91,0,AVOID,BEAR MARKET,-31.31,MODERATE VOLATILITY,RISK ON,19.29,Metals,0,30.92,80.04,0,26.98,0,809,E,78.9,36.4,9.11138923654568,0.02
BAJAJINDEF,8992000000.0,MICRO CAP,281.0,33.333332,3.4817302,0.131185,1.565,0.05292,0.13983,0.132,-0.301,Misc,Industrials,Farm & Heavy Construction Machinery,2026-05-16,Farm & Heavy Construction Machinery,0,0,0,62.13,13.4,50.04,26.37,37.765,39.08,WEAK GROWTH,33,20,29.92,57.01,53.03,66.67,50.0,55.56,0.0,33.86,26.58,31.86,0,AVOID,BEAR MARKET,-31.31,MODERATE VOLATILITY,RISK ON,25.11,Metals,0,32.54,71.85,0,28.99,0,810,E,70.22,33.16,9.31199101376018,0.03
BIOFILCHEM,531176832.0,MICRO CAP,32.63999938964844,19.199999,2.5616074,0.131185,0.094,0.114700004,0.08595,-0.8060582,-0.5,Misc,Healthcare,Drug Manufacturers - Specialty & Generic,2026-05-16,Drug Manufacturers - Specialty & Generic,0,0,0,0.57,8.64,50.04,60.32,4.605,19.26,WEAK GROWTH,60,10,4.17,94.57,29.42,8.7,91.3,16.3,0.0,31.92,27.58,31.86,0,AVOID,BEAR MARKET,-31.31,MODERATE VOLATILITY,RISK ON,19.88,Metals,0,35.0,61.35,0,28.42,0,811,E,55.02,24.81,8.857550874687611,0.02
BHARATFORG,914631360512.0,LARGE CAP,1913.0999755859375,84.76296,9.768639,0.11603,76.475,0.11553001,0.06422,0.175,-0.179,Automobiles,Consumer Cyclical,Auto Parts,2026-05-16,Auto Components,0,0,0,68.52,17.9,10.05,60.76,43.209999999999994,38.33,WEAK GROWTH,20,40,13.33,20.0,77.78,15.79,19.74,88.16,0.0,34.39,18.76,31.77,0,AVOID,BEAR MARKET,-31.31,MODERATE VOLATILITY,RISK ON,33.29,Metals,0,29.29,76.43,0,28.4,0,812,E,78.82,34.11,8.546730142821348,0.02
GRINDWELL,205928136704.0,MID CAP,1859.9000244140625,49.504925,9.028027,0.131185,3.481,0.14868,0.13231,0.071,0.097,Misc,Industrials,Building Products & Equipment,2026-05-16,Building Products & Equipment,0,0,0,34.35,31.66,50.04,69.84,33.005,40.1,SLOW GROWTH,25,30,31.19,34.47,70.14,64.71,64.71,82.35,0.0,34.13,23.5,31.7,0,AVOID,BEAR MARKET,-31.31,MODERATE VOLATILITY,RISK ON,29.41,Metals,0,30.88,74.53,0,28.91,0,813,E,75.11,34.21,8.98962028642754,0.03
GANGESSECU,1326288896.0,MICRO CAP,132.5800018310547,78.91667,0.20076016,0.131185,27.014499999999998,0.19284001,0.046090003,-0.135,0.417,Misc,Consumer Defensive,Packaged Foods,2026-05-16,Packaged Foods,0,0,0,12.13,80.6,50.04,78.13,46.364999999999995,50.28,SLOW GROWTH,27,0,60.35,36.36,7.39,38.46,38.46,11.54,0.0,28.48,25.9,31.59,0,AVOID,BEAR MARKET,-31.31,MODERATE VOLATILITY,RISK ON,13.6,Metals,0,30.99,78.78,0,25.55,0,814,E,75.53,33.15,8.663269306154449,0.02
ALANKIT,2405172480.0,MICRO CAP,8.869999885559082,11.371795,0.7806037,0.131185,7.408,0.04322,0.06468,-0.17,0.474,Technology,Technology,Information Technology Services,2026-05-16,IT Services,0,0,0,10.23,82.01,50.04,22.13,46.120000000000005,44.5,SLOW GROWTH,35,0,35.29,50.98,5.88,41.94,50.0,9.68,0.0,29.63,24.79,31.47,0,AVOID,BEAR MARKET,-31.31,MODERATE VOLATILITY,RISK ON,13.6,Metals,0,32.05,75.57,0,25.45,0,815,E,71.27,31.38,8.684101286841013,0.02
DTIL,1440463104.0,MICRO CAP,137.08999633789062,26.7615915,0.19624965,0.131185,42.832,-0.04459,-0.0277,0.153,0.134,Misc,Consumer Defensive,Packaged Foods,2026-05-16,Packaged Foods,0,1,0,65.48,50.09,50.04,7.67,57.785000000000004,51.22,SLOW GROWTH,18,10,61.62,9.28,29.42,42.31,9.62,32.69,33.33333333333333,25.04,30.65,31.46,0,AVOID,BEAR MARKET,-31.31,MODERATE VOLATILITY,RISK ON,18.92,Metals,0,29.69,79.17,0,27.77,0,816,E,78.34,33.97,8.563145954121502,0.02
ARFIN,15434732544.0,SMALL CAP,91.4800033569336,169.40741,9.337553,0.131185,92.774,0.06781,0.01584,0.042,0.611,Misc,Basic Materials,Aluminum,2026-05-16,Aluminum,0,0,0,29.14,84.48,50.04,32.19,56.81,52.99,SLOW GROWTH,20,10,63.89,21.15,29.42,75.0,37.5,62.5,0.0,31.04,25.17,31.43,0,AVOID,BEAR MARKET,-31.31,MODERATE VOLATILITY,RISK ON,19.05,Metals,0,30.56,80.19,0,26.6,0,817,E,79.04,35.81,8.948025987006497,0.02
GEECEE,6287110656.0,MICRO CAP,300.6499938964844,28.098131,0.7547572,0.131185,27.014499999999998,0.40569,0.38654,-0.722,-0.747,Misc,Real Estate,Real Estate - Development,2026-05-16,Real Estate - Development,0,0,0,1.85,2.91,50.04,93.47,2.38,21.02,WEAK GROWTH,53,20,6.06,90.59,53.03,16.67,68.75,35.42,0.0,32.72,27.59,31.37,0,AVOID,BEAR MARKET,-31.31,MODERATE VOLATILITY,RISK ON,25.08,Metals,0,34.32,62.49,0,29.44,0,818,E,58.28,26.66,8.994601889338732,0.03
AURUM,13499252736.0,SMALL CAP,177.0500030517578,655.7407,2.1553614,-0.02928,44.065,0.01946,-0.027420001,0.759,0.134,Misc,Real Estate,Real Estate Services,2026-05-16,Real Estate Services,0,1,0,94.0,50.09,1.23,15.17,72.045,52.19,SLOW GROWTH,5,30,62.88,0.44,70.14,44.44,11.11,61.11,33.33333333333333,29.98,31.49,31.28,0,AVOID,BEAR MARKET,-31.31,MODERATE VOLATILITY,RISK ON,30.37,Metals,0,27.92,80.73,0,30.43,0,819,E,83.99,37.92,8.92340275326509,0.03
INCREDIBLE,1650760448.0,MICRO CAP,35.29999923706055,12.789855,1.056475,0.131185,11.937,0.0195,0.01507,0.168,-0.4,Misc,Basic Materials,Steel,2026-05-16,Steel,0,0,0,67.68,10.71,50.04,15.26,39.19500000000001,38.97,WEAK GROWTH,35,10,29.67,65.91,29.42,33.33,73.81,21.43,0.0,30.42,26.51,31.25,0,AVOID,BEAR MARKET,-31.31,MODERATE VOLATILITY,RISK ON,19.23,Metals,0,31.79,72.97,0,27.17,0,820,E,69.89,30.92,8.723374241783045,0.02
BOMDYEING,25366616064.0,SMALL CAP,122.81999969482422,146.2143,1.1081737,0.131185,0.13,-0.11046,0.01224,-0.219,0.134,Misc,Consumer Cyclical,Textile Manufacturing,2026-05-16,Textile Manufacturing,0,0,0,7.85,50.09,50.04,5.91,28.970000000000002,30.88,WEAK GROWTH,40,20,18.43,78.54,53.03,29.73,87.84,74.32,0.0,32.28,27.46,31.23,0,AVOID,BEAR MARKET,-31.31,MODERATE VOLATILITY,RISK ON,24.94,Metals,0,32.55,68.39,0,28.98,0,821,E,65.86,29.86,8.932096918935088,0.03
IFBAGRO,9064553472.0,MICRO CAP,967.7000122070312,18.97451,1.3851712,0.131185,13.624,0.02078,0.03768,0.159,-0.354,Misc,Consumer Defensive,Beverages - Wineries & Distilleries,2026-05-16,Beverages - Wineries & Distilleries,0,0,0,66.01,12.08,50.04,15.61,39.045,38.9,WEAK GROWTH,35,10,29.42,65.91,29.42,33.33,83.33,41.67,0.0,30.34,26.44,31.19,0,AVOID,BEAR MARKET,-31.31,MODERATE VOLATILITY,RISK ON,19.2,Metals,0,31.76,73.0,0,27.12,0,822,E,69.91,30.86,8.703990974474687,0.02
INDOUS,2110072064.0,MICRO CAP,105.2300033569336,14.22027,2.4368386,0.131185,31.895,0.1724,0.12594,-0.032,-0.409,Chemicals,Basic Materials,Agricultural Inputs,2026-05-16,Agrochemicals,0,0,0,18.87,10.58,50.04,74.16,14.725000000000001,27.73,WEAK GROWTH,47,10,15.58,90.26,33.77,13.04,95.65,30.43,0.0,29.54,27.69,31.06,0,AVOID,BEAR MARKET,-31.31,MODERATE VOLATILITY,RISK ON,19.31,Metals,0,32.77,67.16,0,27.62,0,823,E,62.53,26.89,8.465291988037148,0.02
BIGBLOC,8110874624.0,MICRO CAP,57.290000915527344,26.7615915,6.488109,0.131185,140.107,0.05155,-0.00595,0.281,-0.133,Misc,Industrials,Building Products & Equipment,2026-05-16,Building Products & Equipment,0,0,0,80.95,18.96,50.04,25.49,49.955,47.53,SLOW GROWTH,23,20,40.4,31.44,53.03,76.47,58.82,64.71,0.0,33.51,24.18,31.01,0,AVOID,BEAR MARKET,-31.31,MODERATE VOLATILITY,RISK ON,24.42,Metals,0,31.25,77.19,0,27.7,0,824,E,76.84,35.6,9.146968139773895,0.03
FDC,59612909568.0,SMALL CAP,366.1499938964844,27.550789,2.4414232,0.131185,0.852,0.080690004,0.10428,0.001,-0.237,Misc,Healthcare,Drug Manufacturers - Specialty & Generic,2026-05-16,Drug Manufacturers - Specialty & Generic,0,0,0,22.09,14.86,50.04,37.65,18.475,26.71,WEAK GROWTH,43,25,10.73,81.82,62.25,17.39,73.91,41.3,0.0,32.8,27.0,30.79,0,AVOID,BEAR MARKET,-31.31,MODERATE VOLATILITY,RISK ON,27.45,Metals,0,33.0,66.2,0,29.45,0,825,E,63.88,29.03,8.948828606658449,0.03
IRCON,134155157504.0,MID CAP,142.63999938964844,21.843798,2.0833392,0.131185,79.151,0.054840002,0.066139996,-0.189,0.163,Industrials,Industrials,Engineering & Construction,2026-05-16,Engineering & EPC,0,0,0,9.17,68.08,50.04,27.43,38.625,39.79,WEAK GROWTH,28,20,34.15,29.27,46.34,34.15,29.27,46.34,0.0,31.22,22.0,30.76,0,AVOID,BEAR MARKET,-31.31,MODERATE VOLATILITY,RISK ON,23.3,Metals,0,30.33,75.7,0,26.62,0,826,E,74.68,31.88,8.424947145877377,0.02
DEEPAKFERT,166612680704.0,MID CAP,1318.5,19.012257,2.5547624,0.131185,62.046,0.08648,0.0784,0.097,-0.436,Misc,Basic Materials,Chemicals,2026-05-16,Chemicals,0,0,0,40.17,10.05,50.04,39.77,25.11,31.56,WEAK GROWTH,35,20,19.95,65.91,53.03,37.5,60.42,62.5,0.0,29.28,24.59,30.72,0,AVOID,BEAR MARKET,-31.31,MODERATE VOLATILITY,RISK ON,23.47,Metals,0,30.5,71.64,0,27.33,0,827,E,69.74,28.72,8.119875600791632,0.02
DCXINDIA,21753767936.0,SMALL CAP,195.3000030517578,164.11765,1.5001959,0.131185,0.242,-0.02604,0.01224,-0.395,0.134,Misc,Industrials,Aerospace & Defense,2026-05-16,Aerospace & Defense,0,0,0,4.76,50.09,50.04,8.99,27.425,30.1,WEAK GROWTH,40,20,17.17,78.54,53.03,22.22,44.44,11.11,0.0,31.48,26.95,30.67,0,AVOID,BEAR MARKET,-31.31,MODERATE VOLATILITY,RISK ON,24.61,Metals,0,32.23,68.57,0,28.54,0,828,E,66.04,29.23,8.72016706443914,0.02
INDIGOPNTS,46974832640.0,SMALL CAP,985.2999877929688,32.679935,4.3997016,0.131185,2.232,0.14862001,0.105550006,0.047,0.008,Chemicals,Basic Materials,Specialty Chemicals,2026-05-16,Specialty Chemicals,0,0,0,29.81,26.06,50.04,69.75,27.935,36.54,WEAK GROWTH,33,20,40.26,48.7,56.49,40.74,50.0,57.41,0.0,31.83,26.08,30.65,0,AVOID,BEAR MARKET,-31.31,MODERATE VOLATILITY,RISK ON,24.48,Metals,0,31.6,72.02,0,28.15,0,829,E,70.39,31.46,8.813559322033898,0.02
ASTEC,15058335744.0,SMALL CAP,675.7999877929688,26.7615915,3.8566456,-0.0364926518978,114.84,-0.01646,-0.18056,0.327,0.134,Chemicals,Basic Materials,Agricultural Inputs,2026-05-16,Agrochemicals,0,1,0,84.66,50.09,0.57,10.14,67.375,48.29,SLOW GROWTH,8,30,59.74,1.3,74.68,65.22,4.35,78.26,33.33333333333333,28.66,30.62,30.27,0,AVOID,BEAR MARKET,-31.31,MODERATE VOLATILITY,RISK ON,29.82,Metals,0,27.66,79.68,0,29.72,0,830,E,82.55,35.97,8.610412926391382,0.03
INDOCO,20729866240.0,SMALL CAP,224.89999389648438,26.7615915,2.0161362,-0.0364926518978,116.912,0.03621,-0.05156,0.219,0.134,Misc,Healthcare,Drug Manufacturers - Specialty & Generic,2026-05-16,Drug Manufacturers - Specialty & Generic,0,1,0,75.31,50.09,0.57,19.58,62.7,45.96,SLOW GROWTH,13,30,38.13,3.79,70.14,50.0,4.35,50.0,33.33333333333333,30.69,28.56,30.24,0,AVOID,BEAR MARKET,-31.31,MODERATE VOLATILITY,RISK ON,29.81,Metals,0,28.64,78.15,0,29.39,0,831,E,80.35,35.58,8.74738783036263,0.03
BLUEJET,74659520512.0,SMALL CAP,430.3999938964844,25.9121,5.936797,0.131185,1.643,0.21260001,0.27876,-0.396,-0.594,Healthcare,Healthcare,Biotechnology,2026-05-16,Biotechnology,0,0,0,4.67,6.53,50.04,80.16,5.6,21.94,WEAK GROWTH,45,30,14.29,78.57,50.0,16.67,75.0,58.33,0.0,32.89,27.08,30.19,0,AVOID,BEAR MARKET,-31.31,MODERATE VOLATILITY,RISK ON,29.99,Metals,0,32.89,64.27,0,29.9,0,832,E,62.29,27.88,8.810238584294517,0.03
IRB,245183397888.0,MID CAP,20.299999237060547,31.71875,1.219732,0.131185,102.312,0.23608999,0.11568,-0.163,-0.9368978,Misc,Industrials,Infrastructure Operations,2026-05-16,Infrastructure Operations,0,0,0,10.71,0.57,50.04,82.19,5.640000000000001,22.18,WEAK GROWTH,40,30,7.58,78.54,70.14,12.5,87.5,100.0,0.0,30.6,25.16,30.15,0,AVOID,BEAR MARKET,-31.31,MODERATE VOLATILITY,RISK ON,28.94,Metals,0,30.78,67.19,0,28.73,0,833,E,65.84,26.94,8.061041292639139,0.02
INDIANHUME,16581586944.0,SMALL CAP,314.75,3.894883706,1.1833508,0.131185,28.091,0.12156,0.45856,-0.076,-0.9368978,Industrials,Industrials,Engineering & Construction,2026-05-16,Engineering & EPC,0,0,0,16.27,0.57,50.04,62.79,8.42,22.18,WEAK GROWTH,45,30,6.1,78.05,75.61,6.1,78.05,75.61,0.0,33.69,26.1,30.05,0,AVOID,BEAR MARKET,-31.31,MODERATE VOLATILITY,RISK ON,29.95,Metals,0,32.87,64.62,0,29.6,0,834,E,62.63,28.08,8.826025459688825,0.03
HILINFRA,3574556416.0,MICRO CAP,49.84000015258789,10.171429,1.7727822,0.131185,27.666,0.05861,0.07224,-0.092,0.185,Misc,Industrials,Infrastructure Operations,2026-05-16,Infrastructure Operations,0,0,0,15.26,69.14,50.04,29.01,42.2,42.45,SLOW GROWTH,35,0,33.71,65.91,7.39,75.0,50.0,18.75,0.0,24.96,24.93,29.95,0,AVOID,BEAR MARKET,-31.31,MODERATE VOLATILITY,RISK ON,12.47,Metals,0,31.35,75.52,0,24.6,0,835,E,71.22,29.12,8.064248130711714,0.02
HESTERBIO,15579472896.0,SMALL CAP,1831.4000244140625,37.877975,4.647516,0.131185,60.852,0.1726,0.12967,0.09,-0.184,Misc,Healthcare,Drug Manufacturers - Specialty & Generic,2026-05-16,Drug Manufacturers - Specialty & Generic,0,0,0,37.96,17.28,50.04,74.25,27.62,36.77,WEAK GROWTH,32,20,26.64,55.18,53.03,32.61,39.13,30.43,0.0,31.31,24.8,29.9,0,AVOID,BEAR MARKET,-31.31,MODERATE VOLATILITY,RISK ON,24.03,Metals,0,31.15,72.92,0,27.41,0,836,E,71.41,31.15,8.603784007733738,0.02
CINEVISTA,909219392.0,MICRO CAP,15.829999923706055,26.7615915,1.7996818,0.131185,27.129,0.41814,-0.73116994,-0.364,0.134,Misc,Communication Services,Entertainment,2026-05-16,Entertainment,0,0,0,5.2,50.09,50.04,94.18,27.645000000000003,38.78,WEAK GROWTH,38,0,29.29,75.13,7.39,72.73,63.64,27.27,0.0,24.43,25.44,29.74,0,AVOID,BEAR MARKET,-31.31,MODERATE VOLATILITY,RISK ON,12.47,Metals,0,31.32,74.0,0,24.66,0,837,E,69.31,27.72,7.8850803584127425,0.02
5PAISA,14239574016.0,SMALL CAP,303.75,21.884007,1.5125862,0.131185,46.389,0.23244,0.15349,-0.11,-0.237,Misc,Financial Services,Capital Markets,2026-05-16,Capital Markets,0,0,0,14.29,14.86,50.04,81.75,14.575,28.39,WEAK GROWTH,40,20,13.32,78.54,53.03,33.33,37.88,39.39,0.0,30.51,25.98,29.7,0,AVOID,BEAR MARKET,-31.31,MODERATE VOLATILITY,RISK ON,24.12,Metals,0,31.53,68.91,0,27.74,0,838,E,66.37,28.12,8.347929345405966,0.02
IOLCP,31096305664.0,SMALL CAP,105.94000244140625,26.820253,1.7773975,0.131185,9.078,0.06392,0.05203,0.109,0.0,Misc,Healthcare,Drug Manufacturers - Specialty & Generic,2026-05-16,Drug Manufacturers - Specialty & Generic,0,0,0,50.13,25.04,50.04,30.91,37.585,39.41,WEAK GROWTH,28,20,30.3,44.82,53.03,39.13,30.43,30.43,0.0,30.95,23.65,29.28,0,AVOID,BEAR MARKET,-31.31,MODERATE VOLATILITY,RISK ON,23.65,Metals,0,30.36,75.12,0,26.68,0,839,E,74.12,31.75,8.453141640042599,0.02
AMJLAND,1576039936.0,MICRO CAP,38.439998626708984,7.8770485,0.61830467,0.131185,27.014499999999998,0.14009,0.27837,-0.206,-0.418,Misc,Real Estate,Real Estate - Development,2026-05-16,Real Estate - Development,0,0,0,8.42,10.49,50.04,67.28,9.455,23.35,WEAK GROWTH,45,20,8.59,83.78,53.03,29.17,58.33,35.42,0.0,29.81,25.78,29.18,0,AVOID,BEAR MARKET,-31.31,MODERATE VOLATILITY,RISK ON,23.9,Metals,0,31.75,66.73,0,27.52,0,840,E,63.54,26.09,8.084908583823987,0.02
CARBORUNIV,210000035840.0,MID CAP,1102.4000244140625,107.55122,5.566777,0.043670002,10.292,0.07204,0.03689,0.168,0.134,Misc,Industrials,Conglomerates,2026-05-16,Conglomerates,0,1,0,67.68,50.09,3.79,34.04,58.885000000000005,45.38,SLOW GROWTH,10,30,37.25,2.65,70.14,40.0,10.0,75.0,33.33333333333333,24.87,25.93,29.17,0,AVOID,BEAR MARKET,-31.31,MODERATE VOLATILITY,RISK ON,27.7,Metals,0,26.98,80.42,0,27.55,0,841,E,82.98,33.14,7.89235532269588,0.02
ALKALI,668583360.0,MICRO CAP,65.66000366210938,75.47127,1.5885229,0.131185,43.986,-0.03779,0.010039999,0.115,0.134,Chemicals,Basic Materials,Specialty Chemicals,2026-05-16,Specialty Chemicals,0,1,0,58.73,50.09,50.04,8.02,54.41,48.9,SLOW GROWTH,15,10,61.04,9.74,33.77,59.26,11.11,36.11,33.33333333333333,21.47,29.2,29.08,0,AVOID,BEAR MARKET,-31.31,MODERATE VOLATILITY,RISK ON,17.67,Metals,0,27.53,81.03,0,25.95,0,842,E,80.57,31.62,7.752850312614933,0.02
HONAUT,256352223232.0,MID CAP,28975.0,50.69725,6.116139,0.131185,2.215,0.115430005,0.10945,0.071,-0.082,Misc,Industrials,Electrical Equipment & Parts,2026-05-16,Electrical Equipment & Parts,0,0,0,34.35,21.12,50.04,60.67,27.735,35.49,WEAK GROWTH,25,30,25.51,34.47,70.14,24.0,26.0,50.0,0.0,30.78,21.31,29.07,0,AVOID,BEAR MARKET,-31.31,MODERATE VOLATILITY,RISK ON,28.02,Metals,0,29.05,75.29,0,26.86,0,843,E,75.85,31.03,8.075471698113208,0.02
ACL,5144127488.0,MICRO CAP,55.810001373291016,26.7615915,6.747673,-0.0364926518978,674.7245700000041,-0.06515,-0.14846,0.817,0.134,Misc,Basic Materials,Building Materials,2026-05-16,Building Materials,0,1,0,94.62,50.09,0.57,7.05,72.355,51.47,SLOW GROWTH,8,20,62.12,1.2,53.03,64.71,5.88,50.0,33.33333333333333,23.72,28.99,29.02,0,AVOID,BEAR MARKET,-31.31,MODERATE VOLATILITY,RISK ON,23.18,Metals,0,27.11,82.25,0,27.17,0,844,E,83.9,34.21,8.058892815076561,0.02
BCPL,1287720064.0,MICRO CAP,77.0,17.38149,1.3352524,0.131185,72.22,0.08379,0.03223,-0.287,0.19,Misc,Industrials,Infrastructure Operations,2026-05-16,Infrastructure Operations,0,0,0,6.04,69.58,50.04,38.54,37.81,40.33,SLOW GROWTH,35,0,31.44,65.91,7.39,62.5,50.0,18.75,0.0,23.63,24.05,28.84,0,AVOID,BEAR MARKET,-31.31,MODERATE VOLATILITY,RISK ON,11.92,Metals,0,30.52,75.83,0,23.75,0,845,E,71.52,27.75,7.653061224489797,0.02
BLISSGVS,29372309504.0,SMALL CAP,277.6499938964844,27.247301,2.5898495,0.131185,4.493,0.12114,0.12567,0.037,-0.057,Misc,Healthcare,Drug Manufacturers - Specialty & Generic,2026-05-16,Drug Manufacturers - Specialty & Generic,0,0,0,27.87,22.49,50.04,62.52,25.18,33.89,WEAK GROWTH,33,20,23.86,57.01,53.03,28.26,46.74,30.43,0.0,29.89,24.09,28.84,0,AVOID,BEAR MARKET,-31.31,MODERATE VOLATILITY,RISK ON,23.5,Metals,0,30.47,72.72,0,26.64,0,846,E,71.07,29.52,8.19203552102123,0.02
AARTIDRUGS,33564542976.0,SMALL CAP,367.75,16.640272,2.476164,0.131185,39.05,0.06164,0.08033,0.081,0.094,Misc,Healthcare,Drug Manufacturers - Specialty & Generic,2026-05-16,Drug Manufacturers - Specialty & Generic,0,0,0,36.42,31.44,50.04,29.72,33.93,36.73,WEAK GROWTH,35,10,26.52,65.91,29.42,30.43,54.35,16.3,0.0,25.31,23.99,28.52,0,AVOID,BEAR MARKET,-31.31,MODERATE VOLATILITY,RISK ON,17.32,Metals,0,30.75,73.85,0,25.03,0,847,E,70.74,28.04,7.8171173682743245,0.02
COFFEEDAY,5148204544.0,MICRO CAP,24.3700008392334,13.614526,0.19746545,0.131185,38.774,-0.029679999,0.03385,0.07,0.134,Hospitality,Consumer Cyclical,Restaurants,2026-05-16,Restaurants,0,0,0,34.08,50.09,50.04,8.73,42.085,40.34,SLOW GROWTH,30,0,33.33,100.0,33.33,33.33,100.0,33.33,0.0,19.22,27.69,28.45,0,AVOID,BEAR MARKET,-31.31,MODERATE VOLATILITY,RISK ON,11.73,Metals,0,28.89,76.81,0,24.17,0,848,E,73.19,26.73,7.2058228871815615,0.02
GOODLUCK,44173975552.0,SMALL CAP,1329.0,26.043505,3.229475,0.131185,70.111,0.08085,0.04084,0.101,0.059,Misc,Basic Materials,Steel,2026-05-16,Steel,0,0,0,41.05,28.66,50.04,37.83,34.855,38.19,WEAK GROWTH,28,20,28.98,44.82,53.03,28.57,40.48,45.24,0.0,29.72,22.96,28.45,0,AVOID,BEAR MARKET,-31.31,MODERATE VOLATILITY,RISK ON,23.17,Metals,0,29.86,75.36,0,26.04,0,849,E,74.35,30.78,8.169873921698741,0.02
GAIL,1066017685504.0,LARGE CAP,162.1300048828125,12.423755,1.2093658,0.131185,25.373,0.04933,0.060289998,-0.045,-0.57,Misc,Utilities,Utilities - Regulated Gas,2026-05-16,Utilities - Regulated Gas,0,0,0,18.12,7.23,50.04,24.78,12.675,21.36,WEAK GROWTH,35,30,6.69,65.91,70.14,20.0,80.0,40.0,0.0,23.28,20.2,28.42,0,AVOID,BEAR MARKET,-31.31,MODERATE VOLATILITY,RISK ON,25.87,Metals,0,28.0,71.18,0,25.64,0,850,E,70.43,23.59,6.605067898642027,0.02
AERONEU,2272111616.0,MICRO CAP,88.08000183105469,115.89474,2.1364121,0.131185,27.163,0.04117,0.01714,-0.045,14.648529300000277,Misc,Consumer Cyclical,Packaging & Containers,2026-05-16,Packaging & Containers,0,0,0,18.12,99.51,50.04,21.34,58.815000000000005,53.31,SLOW GROWTH,20,0,64.27,21.15,7.39,62.5,21.88,12.5,0.0,23.46,22.2,28.41,0,AVOID,BEAR MARKET,-31.31,MODERATE VOLATILITY,RISK ON,11.42,Metals,0,28.88,83.23,0,22.7,0,851,E,80.85,31.91,7.797189981673794,0.02
FIBERWEB,999072384.0,MICRO CAP,34.70000076293945,6.034783,0.54058266,0.055219997,6.45,0.27212998,0.116280004,-0.579,0.134,Misc,Consumer Cyclical,Textile Manufacturing,2026-05-16,Textile Manufacturing,0,0,0,2.47,50.09,4.5,84.83,26.28,27.78,WEAK GROWTH,45,10,11.62,83.78,29.42,24.32,97.3,52.7,0.0,25.13,24.36,28.33,0,AVOID,BEAR MARKET,-31.31,MODERATE VOLATILITY,RISK ON,17.37,Metals,0,31.66,69.22,0,25.26,0,852,E,64.82,24.93,7.575205104831358,0.02
GULFOILLUB,46648799232.0,SMALL CAP,942.25,13.422365,2.8183486,0.131185,29.566,0.112799995,0.08882,0.091,-0.224,Chemicals,Basic Materials,Specialty Chemicals,2026-05-16,Specialty Chemicals,0,0,0,38.23,15.43,50.04,59.52,26.83,34.74,WEAK GROWTH,35,10,35.06,64.29,33.77,37.04,64.81,36.11,0.0,24.25,24.6,28.1,0,AVOID,BEAR MARKET,-31.31,MODERATE VOLATILITY,RISK ON,17.21,Metals,0,30.12,73.64,0,24.91,0,853,E,70.54,27.03,7.556611685770198,0.02
INDIGO,1668343136256.0,LARGE CAP,4314.89990234375,52.080868,17.798244,0.131185,674.7245700000041,0.15758,0.03793,0.062,-0.776,Misc,Industrials,Airlines,2026-05-16,Airlines,0,0,0,32.85,2.38,50.04,71.34,17.615000000000002,29.47,WEAK GROWTH,27,30,15.66,36.36,70.14,100.0,100.0,100.0,0.0,24.34,17.54,28.04,0,AVOID,BEAR MARKET,-31.31,MODERATE VOLATILITY,RISK ON,25.47,Metals,0,27.37,75.71,0,24.64,0,854,E,75.98,26.38,6.853728241101584,0.02
DCAL,30455115776.0,SMALL CAP,194.25,25.62665,0.47883514,0.131185,40.201,0.03986,0.04247,0.055,0.134,Healthcare,Healthcare,Biotechnology,2026-05-16,Biotechnology,0,0,0,31.66,50.09,50.04,21.08,40.875,40.73,SLOW GROWTH,28,10,57.14,35.71,21.43,66.67,41.67,25.0,0.0,24.07,23.56,27.79,0,AVOID,BEAR MARKET,-31.31,MODERATE VOLATILITY,RISK ON,16.91,Metals,0,29.31,77.15,0,24.32,0,855,E,74.95,28.89,7.6076366030283085,0.02
BOHRAIND,201824176.0,MICRO CAP,19.600000381469727,26.7615915,0.5542046,0.131185,1.562,-2.9287684859999996,0.0,0.109,0.134,Chemicals,Basic Materials,Agricultural Inputs,2026-05-16,Agrochemicals,0,1,0,50.13,50.09,50.04,0.57,50.11,45.14,SLOW GROWTH,18,10,51.95,13.64,33.77,43.48,15.22,30.43,33.33333333333333,19.8,27.76,27.78,0,AVOID,BEAR MARKET,-31.31,MODERATE VOLATILITY,RISK ON,16.89,Metals,0,27.28,80.18,0,24.95,0,856,E,79.32,29.52,7.350597609561753,0.02
DWARKESH,7832693248.0,MICRO CAP,42.27000045776367,39.504673,1.0378864,0.131185,23.127,0.077470005,0.01377,0.04,0.431,Misc,Consumer Defensive,Confectioners,2026-05-16,Confectioners,0,0,0,28.53,81.04,50.04,36.42,54.785000000000004,52.0,SLOW GROWTH,20,0,62.63,21.15,7.39,44.44,16.67,27.78,0.0,22.31,21.49,27.57,0,AVOID,BEAR MARKET,-31.31,MODERATE VOLATILITY,RISK ON,10.95,Metals,0,28.35,83.48,0,22.05,0,857,E,81.09,30.93,7.535631623827506,0.02
ASTRAL,416622706688.0,MID CAP,1550.800048828125,82.665245,11.028304,0.131185,6.769,0.10633001,0.08162,0.103,-0.056,Misc,Industrials,Building Products & Equipment,2026-05-16,Building Products & Equipment,0,0,0,41.62,22.57,50.04,56.97,32.095,38.17,WEAK GROWTH,20,30,28.79,21.15,70.14,58.82,41.18,82.35,0.0,29.1,19.13,27.56,0,AVOID,BEAR MARKET,-31.31,MODERATE VOLATILITY,RISK ON,27.06,Metals,0,27.77,78.3,0,25.37,0,858,E,79.49,31.04,7.712759348987452,0.02
IMPEXFERRO,154575248.0,MICRO CAP,1.7300000190734863,26.7615915,-0.046864416,0.131185,27.014499999999998,0.0,0.0,0.109,0.134,Misc,Basic Materials,Other Industrial Metals & Mining,2026-05-16,Other Industrial Metals & Mining,0,1,0,50.13,50.09,50.04,11.64,50.11,46.25,SLOW GROWTH,18,10,38.51,9.28,29.42,44.44,16.67,38.89,33.33333333333333,21.21,25.65,27.51,0,AVOID,BEAR MARKET,-31.31,MODERATE VOLATILITY,RISK ON,16.72,Metals,0,27.45,80.92,0,24.34,0,859,E,80.04,30.08,7.423494570582427,0.02
BLAL,7940356608.0,MICRO CAP,190.6699981689453,26.7615915,-363.18097,0.131185,27.014499999999998,0.0,0.0,0.109,0.134,Misc,Financial Services,Shell Companies,2026-05-16,Shell Companies,0,1,0,50.13,50.09,50.04,11.64,50.11,46.25,SLOW GROWTH,18,10,38.51,9.28,29.42,66.67,33.33,83.33,33.33333333333333,21.21,25.65,27.51,0,AVOID,BEAR MARKET,-31.31,MODERATE VOLATILITY,RISK ON,16.72,Metals,0,27.45,80.92,0,24.34,0,860,E,80.04,30.08,7.423494570582427,0.02
AGRITECH,641401216.0,MICRO CAP,107.9800033569336,26.7615915,2.414342,0.131185,27.014499999999998,0.0,0.0,0.109,0.134,Misc,Consumer Defensive,Farm Products,2026-05-16,Farm Products,0,1,0,50.13,50.09,50.04,11.64,50.11,46.25,SLOW GROWTH,18,10,38.51,9.28,29.42,60.0,10.0,55.0,33.33333333333333,21.21,25.65,27.51,0,AVOID,BEAR MARKET,-31.31,MODERATE VOLATILITY,RISK ON,16.72,Metals,0,27.45,80.92,0,24.34,0,861,E,80.04,30.08,7.423494570582427,0.02
ICDSLTD,596101760.0,MICRO CAP,45.7599983215332,25.422222,2.414342,0.131185,27.014499999999998,0.0,0.0,0.109,0.134,Misc,Real Estate,Real Estate Services,2026-05-16,Real Estate Services,0,1,0,50.13,50.09,50.04,11.64,50.11,46.25,SLOW GROWTH,18,10,38.51,9.28,29.42,33.33,33.33,27.78,33.33333333333333,21.21,25.65,27.51,0,AVOID,BEAR MARKET,-31.31,MODERATE VOLATILITY,RISK ON,16.72,Metals,0,27.45,80.92,0,24.34,0,862,E,80.04,30.08,7.423494570582427,0.02
IVC,2405490688.0,MICRO CAP,7.659999847412109,12.557377,1.1726882,0.131185,27.014499999999998,-0.14768,0.34537,-0.376,0.134,Financials,Financial Services,Financial Conglomerates,2026-05-16,NBFC – Investment,0,0,0,5.11,50.09,50.04,5.38,27.6,29.87,WEAK GROWTH,40,20,14.1,28.85,17.31,37.5,50.0,37.5,0.0,31.39,19.0,27.42,0,AVOID,BEAR MARKET,-31.31,MODERATE VOLATILITY,RISK ON,22.6,Metals,0,31.35,71.35,0,24.9,0,863,E,68.74,27.92,8.006882707198166,0.02
IDEA,1403042267136.0,LARGE CAP,12.949999809265137,26.7615915,-1.7010376,0.131185,27.014499999999998,-0.066149995,-0.55325,0.019,0.134,Telecom,Communication Services,Telecom Services,2026-05-16,Telecom Services,0,0,0,25.18,50.09,50.04,6.97,37.635000000000005,37.05,WEAK GROWTH,18,30,20.0,20.0,40.0,20.0,20.0,40.0,0.0,24.16,15.66,27.41,0,AVOID,BEAR MARKET,-31.31,MODERATE VOLATILITY,RISK ON,24.96,Metals,0,26.23,80.42,0,23.62,0,864,E,81.84,28.66,6.919362626750361,0.02
DIGITIDE,13970191360.0,SMALL CAP,93.69000244140625,26.7615915,1.6486592,0.131185,46.421,0.04933,0.0023100001,0.065,0.134,Misc,Industrials,Specialty Business Services,2026-05-16,Specialty Business Services,0,0,0,33.33,50.09,50.04,24.78,41.71,41.68,SLOW GROWTH,28,10,32.83,44.82,29.42,45.45,45.45,22.73,0.0,24.69,21.52,27.32,0,AVOID,BEAR MARKET,-31.31,MODERATE VOLATILITY,RISK ON,16.55,Metals,0,29.44,77.87,0,23.6,0,865,E,75.64,29.14,7.604384133611691,0.02
DHANUKA,48842362880.0,SMALL CAP,1083.5,6.9299645,3.1642888,0.131185,2.063,0.10344,0.13392,-0.079,-0.276,Chemicals,Basic Materials,Agricultural Inputs,2026-05-16,Agrochemicals,0,0,0,15.87,13.84,50.04,56.0,14.855,26.01,WEAK GROWTH,40,20,12.99,82.47,56.49,8.7,86.96,56.52,0.0,25.22,24.41,27.27,0,AVOID,BEAR MARKET,-31.31,MODERATE VOLATILITY,RISK ON,22.41,Metals,0,30.54,69.46,0,25.99,0,866,E,66.9,25.27,7.443298969072164,0.02
ICICIPRULI,776062107648.0,LARGE CAP,535.5999755859375,48.295757,5.687888,0.12579,19.037,0.08467,0.02525,-0.789,0.614,Financials,Financial Services,Insurance - Life,2026-05-16,Life Insurance,0,0,0,1.15,84.57,11.55,38.98,42.86,36.21,WEAK GROWTH,20,30,20.51,8.33,28.85,100.0,83.33,83.33,0.0,24.78,14.24,27.13,0,AVOID,BEAR MARKET,-31.31,MODERATE VOLATILITY,RISK ON,24.76,Metals,0,26.6,80.02,0,23.21,0,867,E,81.16,28.38,6.908471275559883,0.02
BCONCEPTS,2771725568.0,MICRO CAP,222.05999755859375,53.50843,3.5821905,0.131185,238.883,0.05854,0.00077,0.32,-0.677,Misc,Consumer Cyclical,Footwear & Accessories,2026-05-16,Footwear & Accessories,0,0,0,84.3,4.81,50.04,28.92,44.555,44.09,SLOW GROWTH,20,20,35.48,21.15,53.03,33.33,41.67,75.0,0.0,28.75,19.99,27.0,0,AVOID,BEAR MARKET,-31.31,MODERATE VOLATILITY,RISK ON,22.18,Metals,0,28.43,80.0,0,24.33,0,868,E,80.0,32.03,7.908641975308642,0.02
CEWATER,5995698688.0,MICRO CAP,289.70001220703125,10.503989,1.0905204,0.131185,30.084,0.00037999998,0.08512,0.014,0.134,Misc,Utilities,Utilities - Regulated Water,2026-05-16,Utilities - Regulated Water,0,0,0,23.99,50.09,50.04,11.9,37.04,37.13,WEAK GROWTH,35,0,27.53,65.91,7.39,100.0,100.0,100.0,0.0,20.63,22.27,26.74,0,AVOID,BEAR MARKET,-31.31,MODERATE VOLATILITY,RISK ON,10.72,Metals,0,29.22,76.46,0,22.11,0,869,E,72.13,25.29,6.9164501572542045,0.02
CREATIVEYE,142212992.0,MICRO CAP,7.090000152587891,26.7615915,0.7115617,0.131185,27.014499999999998,-0.93447,0.0,0.109,0.134,Misc,Communication Services,Entertainment,2026-05-16,Entertainment,0,1,0,50.13,50.09,50.04,2.03,50.11,45.29,SLOW GROWTH,18,10,36.74,9.28,29.42,81.82,31.82,59.09,33.33333333333333,20.02,24.91,26.73,0,AVOID,BEAR MARKET,-31.31,MODERATE VOLATILITY,RISK ON,16.23,Metals,0,27.04,81.18,0,23.71,0,870,E,80.29,29.22,7.189076147127567,0.02
ARENTERP,124211832.0,MICRO CAP,38.40999984741211,26.7615915,0.51599294,0.131185,27.014499999999998,-1.03387,-0.04583,0.109,0.134,Misc,Basic Materials,Other Industrial Metals & Mining,2026-05-16,Other Industrial Metals & Mining,0,1,0,50.13,50.09,50.04,1.76,50.11,45.26,SLOW GROWTH,18,10,36.62,9.28,29.42,33.33,16.67,38.89,33.33333333333333,19.93,24.86,26.68,0,AVOID,BEAR MARKET,-31.31,MODERATE VOLATILITY,RISK ON,16.2,Metals,0,27.03,81.2,0,23.67,0,871,E,80.31,29.17,7.1750092239576935,0.02
BLUECHIP,107843464.0,MICRO CAP,1.9500000476837158,26.7615915,-15.6,0.131185,27.014499999999998,-2.9287684859999996,0.0,0.109,0.134,Misc,Financial Services,Capital Markets,2026-05-16,Capital Markets,0,1,0,50.13,50.09,50.04,0.57,50.11,45.14,SLOW GROWTH,18,10,36.36,9.28,29.42,54.55,9.09,24.24,33.33333333333333,19.8,24.77,26.59,0,AVOID,BEAR MARKET,-31.31,MODERATE VOLATILITY,RISK ON,16.14,Metals,0,26.98,81.23,0,23.6,0,872,E,80.34,29.07,7.147774772559626,0.02
GRAUWEIL,29190629376.0,SMALL CAP,64.37999725341797,20.767742,2.9286265,0.131185,1.192,0.11196,0.11925,0.058,-0.253,Chemicals,Basic Materials,Specialty Chemicals,2026-05-16,Specialty Chemicals,0,0,0,32.36,14.55,50.04,59.08,23.455,32.33,WEAK GROWTH,33,20,27.27,48.7,56.49,27.78,50.0,57.41,0.0,25.4,21.56,26.39,0,AVOID,BEAR MARKET,-31.31,MODERATE VOLATILITY,RISK ON,21.74,Metals,0,29.67,73.6,0,24.68,0,873,E,71.93,27.1,7.431783902372137,0.02
GUJAPOLLO,5065433088.0,MICRO CAP,390.54998779296875,26.7615915,0.94085985,0.131185,9.248,-0.32992,-0.07649,1.595,-0.742,Misc,Industrials,Specialty Industrial Machinery,2026-05-16,Specialty Industrial Machinery,0,0,0,97.71,3.09,50.04,3.7,50.4,45.66,SLOW GROWTH,18,20,37.82,9.28,53.03,27.42,6.45,25.81,0.0,28.57,18.49,26.37,0,AVOID,BEAR MARKET,-31.31,MODERATE VOLATILITY,RISK ON,21.76,Metals,0,28.03,81.43,0,23.58,0,874,E,81.67,32.28,7.809362525704609,0.02
AARTIPHARM,64525656064.0,SMALL CAP,711.75,30.210102,3.1534946,0.131185,32.974,0.17047001,0.118710004,-0.196,-0.352,Misc,Healthcare,Drug Manufacturers - Specialty & Generic,2026-05-16,Drug Manufacturers - Specialty & Generic,0,0,0,9.08,12.26,50.04,73.72,10.67,24.85,WEAK GROWTH,40,20,9.6,78.54,53.03,15.22,65.22,30.43,0.0,24.6,23.06,26.34,0,AVOID,BEAR MARKET,-31.31,MODERATE VOLATILITY,RISK ON,21.92,Metals,0,30.0,69.93,0,25.15,0,875,E,67.36,24.42,7.1445289643066126,0.02
CROMPTON,197353865216.0,MID CAP,301.95001220703125,26.7615915,5.6970625,0.131185,4.826,0.0799,0.058590002,0.073,-0.105,Misc,Consumer Cyclical,"Furnishings, Fixtures & Appliances",2026-05-16,"Furnishings, Fixtures & Appliances",0,0,0,34.79,20.19,50.04,37.39,27.490000000000002,32.99,WEAK GROWTH,28,20,22.6,44.82,53.03,35.29,85.29,67.65,0.0,22.84,19.25,26.21,0,AVOID,BEAR MARKET,-31.31,MODERATE VOLATILITY,RISK ON,20.52,Metals,0,27.67,76.66,0,23.34,0,876,E,75.61,26.17,6.8320062655005875,0.02
AUTOAXLES,25453092864.0,SMALL CAP,1684.300048828125,16.286018,2.5289981,0.131185,1.472,0.09778,0.07545,0.059,-0.02,Automobiles,Consumer Cyclical,Auto Parts,2026-05-16,Auto Components,0,0,0,32.54,23.94,50.04,43.47,28.240000000000002,34.12,WEAK GROWTH,35,10,8.89,63.33,12.22,10.53,69.74,14.47,0.0,23.81,20.36,26.17,0,AVOID,BEAR MARKET,-31.31,MODERATE VOLATILITY,RISK ON,16.04,Metals,0,29.48,75.12,0,22.85,0,877,E,71.98,26.01,7.127980268566731,0.02
BOSCH-HCIL,37678407680.0,SMALL CAP,1385.699951171875,312.7991,7.8918138,0.131185,37.841,-0.03255,0.00463,0.102,0.134,Misc,Consumer Cyclical,"Furnishings, Fixtures & Appliances",2026-05-16,"Furnishings, Fixtures & Appliances",0,1,0,41.4,50.09,50.04,8.55,45.745000000000005,42.88,SLOW GROWTH,15,20,34.03,4.73,53.03,58.82,11.76,67.65,33.33333333333333,21.78,24.53,26.08,0,AVOID,BEAR MARKET,-31.31,MODERATE VOLATILITY,RISK ON,21.58,Metals,0,26.46,80.66,0,24.64,0,878,E,81.36,29.85,7.248664400194269,0.02
JKLAKSHMI,81153212416.0,SMALL CAP,653.7000122070312,17.483284,2.1916459,0.131185,72.145,0.0756,0.0686,0.061,-0.093,Misc,Basic Materials,Building Materials,2026-05-16,Building Materials,0,0,0,32.67,20.68,50.04,35.54,26.675,32.23,WEAK GROWTH,35,10,21.59,65.91,29.42,23.53,88.24,26.47,0.0,22.05,21.94,25.98,0,AVOID,BEAR MARKET,-31.31,MODERATE VOLATILITY,RISK ON,16.0,Metals,0,28.97,74.57,0,23.07,0,879,E,71.44,24.96,6.891220320265048,0.02
GRADIENTE,2303532032.0,MICRO CAP,6.929999828338623,26.7615915,2.414342,0.131185,3.091,0.29313,0.025940001,-0.411,0.0,Misc,Communication Services,Entertainment,2026-05-16,Entertainment,0,0,0,4.41,25.04,50.04,85.98,14.725,28.91,WEAK GROWTH,43,0,14.77,81.82,7.39,36.36,90.91,27.27,0.0,19.14,22.14,25.87,0,AVOID,BEAR MARKET,-31.31,MODERATE VOLATILITY,RISK ON,10.32,Metals,0,29.53,72.9,0,21.78,0,880,E,67.53,21.9,6.391361447541223,0.01
CLEDUCATE,2294215936.0,MICRO CAP,42.310001373291016,26.7615915,0.8963414,-0.0364926518978,108.961,-0.01798,-0.04538,0.316,0.134,Misc,Consumer Defensive,Education & Training Services,2026-05-16,Education & Training Services,0,1,0,84.13,50.09,0.57,9.96,67.11,48.09,SLOW GROWTH,8,20,41.79,1.2,53.03,37.5,12.5,50.0,33.33333333333333,20.37,24.6,25.75,0,AVOID,BEAR MARKET,-31.31,MODERATE VOLATILITY,RISK ON,21.24,Metals,0,25.49,83.79,0,24.28,0,881,E,85.4,31.18,7.217592592592592,0.02
CIPLA,1156851171328.0,LARGE CAP,1432.0999755859375,29.847853,3.5140884,0.11736,1.778,0.09498999,0.13999,-0.038,-0.546,Misc,Healthcare,Drug Manufacturers - Specialty & Generic,2026-05-16,Drug Manufacturers - Specialty & Generic,0,0,0,18.74,7.58,10.49,42.5,13.16,15.56,WEAK GROWTH,33,40,2.27,57.01,83.21,4.35,46.74,67.39,0.0,22.22,17.78,25.73,0,AVOID,BEAR MARKET,-31.31,MODERATE VOLATILITY,RISK ON,30.0,Metals,0,26.42,70.93,0,24.95,0,882,E,71.62,21.74,5.9873313136876884,0.01
INDOAMIN,9252736000.0,MICRO CAP,127.47000122070312,12.941116,2.5634477,0.131185,85.051,0.07159,0.061880004,0.072,0.066,Misc,Basic Materials,Chemicals,2026-05-16,Chemicals,0,0,0,34.57,29.32,50.04,33.51,31.945,35.72,WEAK GROWTH,35,0,25.88,65.91,7.39,62.5,60.42,12.5,0.0,19.05,21.39,25.71,0,AVOID,BEAR MARKET,-31.31,MODERATE VOLATILITY,RISK ON,10.11,Metals,0,28.64,76.76,0,21.32,0,883,E,72.43,24.11,6.5667983113169,0.01
DHANLAXMI,898040000.0,MICRO CAP,31.549999237060547,8.396946,1.775167,0.131185,22.006,0.23196,0.13361,-0.76,-0.585,Misc,Consumer Defensive,Farm Products,2026-05-16,Farm Products,0,0,0,1.54,6.7,50.04,81.66,4.12,21.06,WEAK GROWTH,47,10,6.19,86.3,29.42,20.0,100.0,55.0,0.0,21.69,22.55,25.7,0,AVOID,BEAR MARKET,-31.31,MODERATE VOLATILITY,RISK ON,16.06,Metals,0,29.93,68.96,0,23.35,0,884,E,64.27,21.04,6.447066033399724,0.01
EPACK,23118893056.0,SMALL CAP,240.25,56.133175,2.4073386,0.131185,75.66,0.042280003,0.02104,0.135,0.038,Misc,Consumer Cyclical,"Furnishings, Fixtures & Appliances",2026-05-16,"Furnishings, Fixtures & Appliances",0,0,0,62.79,27.6,50.04,21.78,45.195,43.82,SLOW GROWTH,20,20,35.35,21.15,53.03,64.71,47.06,67.65,0.0,25.49,18.67,25.6,0,AVOID,BEAR MARKET,-31.31,MODERATE VOLATILITY,RISK ON,21.04,Metals,0,28.2,80.47,0,23.25,0,885,E,80.45,30.68,7.533456108041743,0.02
ANDHRAPAP,12955089920.0,SMALL CAP,65.1500015258789,69.30851,0.6719543,0.0095999995,11.971,0.13363,0.01043,0.499,-0.0,Misc,Basic Materials,Paper & Paper Products,2026-05-16,Paper & Paper Products,0,0,0,89.99,25.04,2.2,65.78,57.515,47.28,SLOW GROWTH,10,30,40.15,2.65,70.14,60.0,20.0,100.0,0.0,29.37,18.17,25.57,0,AVOID,BEAR MARKET,-31.31,MODERATE VOLATILITY,RISK ON,26.88,Metals,0,26.86,83.14,0,24.31,0,886,E,85.62,34.0,7.850380974370815,0.02
HUHTAMAKI,12489818112.0,SMALL CAP,165.3800048828125,10.574169,0.9655591,0.131185,11.138,0.06072,0.04733,0.041,-0.02,Misc,Consumer Cyclical,Packaging & Containers,2026-05-16,Packaging & Containers,0,0,0,28.84,23.94,50.04,29.54,26.39,31.44,WEAK GROWTH,35,10,19.7,65.91,29.42,18.75,78.12,37.5,0.0,21.6,21.48,25.53,0,AVOID,BEAR MARKET,-31.31,MODERATE VOLATILITY,RISK ON,15.77,Metals,0,28.65,74.73,0,22.7,0,887,E,71.6,24.44,6.7327823691460065,0.02
AWHCL,13374409728.0,SMALL CAP,471.3999938964844,16.127266,1.9365625,0.131185,54.786,0.07883,0.082100004,0.081,-0.27,Misc,Industrials,Waste Management,2026-05-16,Waste Management,0,0,0,36.42,14.11,50.04,37.04,25.265,31.4,WEAK GROWTH,35,10,19.57,65.91,29.42,100.0,100.0,100.0,0.0,21.47,21.41,25.46,0,AVOID,BEAR MARKET,-31.31,MODERATE VOLATILITY,RISK ON,15.72,Metals,0,28.63,74.76,0,22.65,0,888,E,71.62,24.38,6.714403745524649,0.02
GPTINFRA,14715157504.0,SMALL CAP,116.44999694824219,16.355337,2.6942296,0.131185,33.327,0.11863,0.07139,0.021,-0.064,Industrials,Industrials,Engineering & Construction,2026-05-16,Engineering & EPC,0,0,0,25.66,21.96,50.04,61.73,23.810000000000002,32.85,WEAK GROWTH,35,10,21.95,50.0,19.51,21.95,50.0,19.51,0.0,22.66,19.86,25.43,0,AVOID,BEAR MARKET,-31.31,MODERATE VOLATILITY,RISK ON,15.63,Metals,0,28.98,75.3,0,22.3,0,889,E,72.15,25.08,6.857142857142856,0.02
ADSL,7110098432.0,MICRO CAP,125.69000244140625,22.089632,1.2341303,0.131185,17.707,0.0856,0.03521,0.122,-0.257,Technology,Technology,Information Technology Services,2026-05-16,IT Services,0,0,0,59.7,14.46,50.04,39.51,37.08,39.92,WEAK GROWTH,28,10,29.41,33.33,21.57,35.48,33.87,29.03,0.0,23.1,18.65,25.42,0,AVOID,BEAR MARKET,-31.31,MODERATE VOLATILITY,RISK ON,15.44,Metals,0,28.54,78.87,0,21.86,0,890,E,76.62,27.53,7.093532594692089,0.02
BFUTILITIE,20218099712.0,SMALL CAP,536.75,12.788897,10.03121,0.131185,27.014499999999998,-0.48353,0.18443,-0.8060582,0.134,Misc,Industrials,Infrastructure Operations,2026-05-16,Infrastructure Operations,0,0,0,0.57,50.09,50.04,2.91,25.330000000000002,28.03,WEAK GROWTH,35,20,12.5,65.91,53.03,37.5,50.0,68.75,0.0,23.9,21.32,25.36,0,AVOID,BEAR MARKET,-31.31,MODERATE VOLATILITY,RISK ON,21.3,Metals,0,28.94,72.79,0,24.05,0,891,E,70.85,24.99,6.956158663883089,0.02
ANTGRAPHIC,137958544.0,MICRO CAP,0.8899999856948853,26.7615915,0.6931464,0.131185,65.28,-0.00944,0.051220004,0.259,-0.75,Misc,Consumer Cyclical,Packaging & Containers,2026-05-16,Packaging & Containers,0,0,0,78.84,2.82,50.04,10.93,40.83,39.68,WEAK GROWTH,23,20,30.81,31.44,53.03,43.75,31.25,68.75,0.0,24.51,19.14,25.17,0,AVOID,BEAR MARKET,-31.31,MODERATE VOLATILITY,RISK ON,20.91,Metals,0,28.0,78.95,0,23.16,0,892,E,78.55,28.94,7.275927089880579,0.02
GTLINFRA,17292300288.0,SMALL CAP,1.350000023841858,26.7615915,-0.27261713,0.131185,27.014499999999998,0.110190004,-1.0180927,0.036,0.134,Misc,Technology,Communication Equipment,2026-05-16,Communication Equipment,0,0,0,27.65,50.09,50.04,58.29,38.870000000000005,43.05,SLOW GROWTH,23,10,34.41,31.44,29.42,62.5,68.75,25.0,0.0,22.13,18.73,25.08,0,AVOID,BEAR MARKET,-31.31,MODERATE VOLATILITY,RISK ON,15.22,Metals,0,27.64,81.09,0,21.54,0,893,E,79.49,28.27,7.024475090073301,0.02
EPIGRAL,52477120512.0,SMALL CAP,1216.4000244140625,15.797403,2.4981515,0.131185,25.565,0.10047,0.13971,-0.075,-0.626,Misc,Basic Materials,Chemicals,2026-05-16,Chemicals,0,0,0,16.45,5.91,50.04,44.09,11.18,22.24,WEAK GROWTH,40,20,7.7,78.54,53.03,12.5,70.83,62.5,0.0,22.75,22.04,24.95,0,AVOID,BEAR MARKET,-31.31,MODERATE VOLATILITY,RISK ON,21.2,Metals,0,28.99,70.29,0,24.09,0,894,E,67.71,22.67,6.598748362683744,0.02
GALAXYSURF,64697831424.0,SMALL CAP,1824.800048828125,23.040405,2.5527785,0.1047,8.579,0.06743,0.05073,0.149,-0.18,Chemicals,Basic Materials,Specialty Chemicals,2026-05-16,Specialty Chemicals,0,0,0,64.77,17.77,8.82,32.01,41.269999999999996,33.85,WEAK GROWTH,28,20,33.77,37.66,56.49,35.19,39.81,57.41,0.0,23.54,20.13,24.91,0,AVOID,BEAR MARKET,-31.31,MODERATE VOLATILITY,RISK ON,20.92,Metals,0,28.06,76.35,0,23.35,0,895,E,75.31,26.71,7.000393133272179,0.02
HERITGFOOD,30664439808.0,SMALL CAP,330.45001220703125,18.722382,2.9410717,0.131185,21.029,0.03807,0.03711,0.082,-0.196,Misc,Consumer Defensive,Packaged Foods,2026-05-16,Packaged Foods,0,0,0,36.86,16.67,50.04,20.28,26.765,30.77,WEAK GROWTH,35,10,18.31,65.91,29.42,15.38,76.92,32.69,0.0,20.46,20.82,24.85,0,AVOID,BEAR MARKET,-31.31,MODERATE VOLATILITY,RISK ON,15.32,Metals,0,28.35,74.96,0,22.16,0,896,E,71.82,23.72,6.514693765449052,0.01
DBSTOCKBRO,955499968.0,MICRO CAP,27.299999237060547,30.674156,1.2437924,0.131185,3.583,0.18462,0.14595,-0.287,-0.167,Misc,Financial Services,Capital Markets,2026-05-16,Capital Markets,0,0,0,6.04,18.21,50.04,76.81,12.125,26.18,WEAK GROWTH,40,10,10.35,78.54,29.42,24.24,37.88,24.24,0.0,20.11,21.38,24.82,0,AVOID,BEAR MARKET,-31.31,MODERATE VOLATILITY,RISK ON,15.37,Metals,0,28.8,72.52,0,22.39,0,897,E,68.73,22.09,6.335866915244514,0.01
INDIACEM,186007814144.0,MID CAP,400.1499938964844,26.7615915,1.2248278,-0.00662,12.888,0.06287,-0.015,0.026,2.764,Misc,Basic Materials,Building Materials,2026-05-16,Building Materials,0,0,0,26.1,94.97,1.68,30.34,60.535,45.74,SLOW GROWTH,13,20,38.01,3.79,53.03,35.29,11.76,50.0,0.0,22.4,15.23,24.79,0,AVOID,BEAR MARKET,-31.31,MODERATE VOLATILITY,RISK ON,19.41,Metals,0,25.73,84.82,0,21.24,0,898,E,85.68,29.83,6.882787263497923,0.01
BLUSPRING,10151062528.0,SMALL CAP,67.94000244140625,26.7615915,1.4764751,0.131185,31.894,0.01482,-0.00452,0.091,0.134,Misc,Industrials,Specialty Business Services,2026-05-16,Specialty Business Services,0,0,0,38.23,50.09,50.04,14.02,44.16,42.32,SLOW GROWTH,23,10,33.46,31.44,29.42,54.55,22.73,22.73,0.0,21.87,18.48,24.77,0,AVOID,BEAR MARKET,-31.31,MODERATE VOLATILITY,RISK ON,15.09,Metals,0,27.36,81.18,0,21.3,0,899,E,79.58,27.87,6.9173492181682805,0.01
BALAJEE,2586611456.0,MICRO CAP,31.709999084472656,20.069618,0.84659326,0.131185,63.12,0.02458,0.02256,0.198,-0.9368978,Misc,Consumer Cyclical,Packaging & Containers,2026-05-16,Packaging & Containers,0,0,0,72.97,0.57,50.04,16.23,36.769999999999996,37.37,WEAK GROWTH,28,10,27.65,44.82,29.42,37.5,46.88,37.5,0.0,20.81,19.19,24.55,0,AVOID,BEAR MARKET,-31.31,MODERATE VOLATILITY,RISK ON,15.0,Metals,0,27.7,78.68,0,21.45,0,900,E,76.43,25.89,6.687330492057342,0.01
FLUOROCHEM,407927980032.0,MID CAP,3713.5,62.109047,5.3505483,0.131185,22.475,0.14701,0.13520001,-0.01,-0.19,Chemicals,Basic Materials,Specialty Chemicals,2026-05-16,Specialty Chemicals,0,0,0,20.9,16.84,50.04,69.14,18.869999999999997,30.13,WEAK GROWTH,25,30,22.08,30.52,74.68,22.22,32.41,74.07,0.0,23.37,17.24,24.51,0,AVOID,BEAR MARKET,-31.31,MODERATE VOLATILITY,RISK ON,25.15,Metals,0,26.77,76.72,0,23.3,0,901,E,77.24,25.99,6.643660531697342,0.02
DAMODARIND,652400000.0,MICRO CAP,28.0,7.235142,0.44443738,0.131185,122.316,0.057150003,0.022349998,-0.224,0.134,Misc,Consumer Cyclical,Textile Manufacturing,2026-05-16,Textile Manufacturing,0,0,0,7.76,50.09,50.04,28.57,28.925,33.11,WEAK GROWTH,35,0,22.85,65.91,7.39,35.14,64.86,20.27,0.0,17.2,20.19,24.25,0,AVOID,BEAR MARKET,-31.31,MODERATE VOLATILITY,RISK ON,9.35,Metals,0,27.61,77.18,0,20.18,0,902,E,72.83,22.34,6.0517404848977385,0.01
APOLSINHOT,2901526528.0,MICRO CAP,1115.800048828125,29.155998,1.901422,0.131185,53.838,0.03678,0.01688,0.145,-0.593,Misc,Industrials,Specialty Business Services,2026-05-16,Specialty Business Services,0,0,0,64.29,6.61,50.04,19.84,35.45,36.81,WEAK GROWTH,28,10,26.77,44.82,29.42,27.27,45.45,22.73,0.0,20.28,18.85,24.17,0,AVOID,BEAR MARKET,-31.31,MODERATE VOLATILITY,RISK ON,14.78,Metals,0,27.47,78.8,0,21.15,0,903,E,76.55,25.46,6.56608639587363,0.01
EMSLIMITED,18028077056.0,SMALL CAP,324.6499938964844,13.738892,1.7317252,0.131185,15.798,0.14032,0.14693,-0.183,-0.627,Industrials,Industrials,Engineering & Construction,2026-05-16,Engineering & EPC,0,0,0,9.7,5.82,50.04,67.37,7.76,22.18,WEAK GROWTH,40,20,6.1,68.29,46.34,6.1,68.29,46.34,0.0,22.57,20.19,24.15,0,AVOID,BEAR MARKET,-31.31,MODERATE VOLATILITY,RISK ON,20.69,Metals,0,28.78,70.93,0,23.22,0,904,E,68.33,22.31,6.435886340689456,0.01
DOLLAR,15055294464.0,SMALL CAP,265.45001220703125,14.450191,1.6809464,0.131185,37.489,0.07557,0.05756,0.02,-0.08,Misc,Consumer Cyclical,Apparel Manufacturing,2026-05-16,Apparel Manufacturing,0,0,0,25.44,21.34,50.04,35.45,23.39,29.93,WEAK GROWTH,35,10,16.54,65.91,29.42,33.33,75.0,45.83,0.0,19.4,20.13,24.14,0,AVOID,BEAR MARKET,-31.31,MODERATE VOLATILITY,RISK ON,14.88,Metals,0,27.99,75.2,0,21.59,0,905,E,72.05,22.96,6.286105407255304,0.01
HAVISHA,242586576.0,MICRO CAP,1.5800000429153442,26.7615915,2.1496599,0.131185,208.219,0.1165,-0.43105,0.065,0.134,Misc,Consumer Cyclical,Lodging,2026-05-16,Lodging,0,0,0,33.33,50.09,50.04,61.11,41.71,45.32,SLOW GROWTH,23,0,36.93,31.44,7.39,37.5,15.62,12.5,0.0,18.34,17.59,24.14,0,AVOID,BEAR MARKET,-31.31,MODERATE VOLATILITY,RISK ON,8.98,Metals,0,26.82,83.49,0,19.25,0,906,E,80.68,26.61,6.515670910871694,0.01
GSPCROP,19900721152.0,SMALL CAP,427.79998779296875,24.033709,3.1502905,0.131185,64.835,0.02417,0.0704,-0.017,0.134,Chemicals,Basic Materials,Agricultural Inputs,2026-05-16,Agrochemicals,0,0,0,20.24,50.09,50.04,16.05,35.165,36.23,WEAK GROWTH,28,10,38.96,37.66,33.77,39.13,34.78,30.43,0.0,19.58,19.32,24.07,0,AVOID,BEAR MARKET,-31.31,MODERATE VOLATILITY,RISK ON,14.72,Metals,0,27.31,78.64,0,21.19,0,907,E,76.39,25.08,6.481457552655381,0.01
IRMENERGY,11761544192.0,SMALL CAP,286.45001220703125,26.947319,1.2112051,0.054619998,7.333,0.06392,0.044889998,0.044,1.906,Misc,Utilities,Utilities - Regulated Gas,2026-05-16,Utilities - Regulated Gas,0,0,0,29.45,93.56,4.32,30.91,61.505,47.01,SLOW GROWTH,18,10,39.52,9.28,29.42,40.0,20.0,20.0,0.0,21.96,16.1,24.03,0,AVOID,BEAR MARKET,-31.31,MODERATE VOLATILITY,RISK ON,14.52,Metals,0,26.76,84.26,0,20.22,0,908,E,83.28,29.18,6.92453725676317,0.01
ABAN,1100186368.0,MICRO CAP,18.829999923706055,26.7615915,-0.0040932195,0.131185,27.014499999999998,0.18032,-1.0180927,-0.241,0.134,Misc,Energy,Oil & Gas Drilling,2026-05-16,Oil & Gas Drilling,0,0,0,7.23,50.09,50.04,75.84,28.660000000000004,37.65,WEAK GROWTH,30,0,27.9,53.22,7.39,100.0,100.0,100.0,0.0,17.37,19.12,24.02,0,AVOID,BEAR MARKET,-31.31,MODERATE VOLATILITY,RISK ON,9.12,Metals,0,27.09,79.81,0,19.68,0,909,E,76.1,23.81,6.176394293125811,0.01
CIFL,10914380800.0,SMALL CAP,27.90999984741211,26.83654,1.6199431,0.131185,100.828,0.11066,0.065120004,-0.038,0.134,Financials,Financial Services,Credit Services,2026-05-16,NBFC – Lending,0,0,0,18.74,50.09,50.04,58.73,34.415,39.97,WEAK GROWTH,28,10,24.36,14.1,8.33,18.52,11.11,12.96,0.0,23.19,15.05,24.01,0,AVOID,BEAR MARKET,-31.31,MODERATE VOLATILITY,RISK ON,14.56,Metals,0,28.19,80.13,0,20.24,0,910,E,77.84,27.03,6.856925418569254,0.01
HINDWAREAP,18249125888.0,SMALL CAP,218.1699981689453,26.7615915,2.41456,0.131185,119.294,0.03532,-0.020079998,0.068,0.134,Misc,Consumer Cyclical,"Furnishings, Fixtures & Appliances",2026-05-16,"Furnishings, Fixtures & Appliances",0,0,0,33.82,50.09,50.04,19.4,41.955,41.32,SLOW GROWTH,23,10,32.58,31.44,29.42,52.94,76.47,32.35,0.0,20.55,17.82,23.98,0,AVOID,BEAR MARKET,-31.31,MODERATE VOLATILITY,RISK ON,14.59,Metals,0,26.94,81.41,0,20.68,0,911,E,79.8,26.96,6.673267326732674,0.01
COMPUSOFT,1068189952.0,MICRO CAP,13.5,39.705883,0.7308754,0.131185,32.821,-0.036930002,0.07374,0.104,0.134,Misc,Consumer Defensive,Education & Training Services,2026-05-16,Education & Training Services,0,1,0,41.84,50.09,50.04,8.11,45.965,42.99,SLOW GROWTH,15,10,34.22,4.73,29.42,12.5,25.0,18.75,33.33333333333333,16.4,22.4,23.91,0,AVOID,BEAR MARKET,-31.31,MODERATE VOLATILITY,RISK ON,14.7,Metals,0,24.79,83.41,0,21.41,0,912,E,82.88,26.7,6.36623748211731,0.01
BBOX,155973943296.0,MID CAP,878.75,70.41267,16.5132,0.131185,114.749,0.07324,0.03453,0.105,-0.119,Technology,Technology,Software - Application,2026-05-16,SaaS,0,0,0,42.2,19.49,50.04,34.48,30.845,35.05,WEAK GROWTH,20,30,19.61,11.76,59.8,13.33,10.0,46.67,0.0,23.99,14.3,23.73,0,AVOID,BEAR MARKET,-31.31,MODERATE VOLATILITY,RISK ON,24.57,Metals,0,26.2,80.0,0,22.08,0,913,E,81.14,27.47,6.688580472364256,0.01
ALLCARGO,13180450816.0,SMALL CAP,8.800000190734863,18.723404,1.2643678,0.131185,58.456,0.01938,0.00153,-0.8060582,0.134,Misc,Industrials,Integrated Freight & Logistics,2026-05-16,Integrated Freight & Logistics,0,0,0,0.57,50.09,50.04,14.99,25.330000000000002,29.24,WEAK GROWTH,35,10,15.28,65.91,29.42,27.27,81.82,54.55,0.0,18.87,19.73,23.71,0,AVOID,BEAR MARKET,-31.31,MODERATE VOLATILITY,RISK ON,14.65,Metals,0,27.71,75.34,0,21.25,0,914,E,72.19,22.46,6.137450471375871,0.01
CAMLINFINE,24078684160.0,SMALL CAP,125.3499984741211,26.7615915,2.6322973,0.131185,78.095,0.0116,-0.034479998,0.055,0.134,Chemicals,Basic Materials,Specialty Chemicals,2026-05-16,Specialty Chemicals,0,0,0,31.66,50.09,50.04,13.49,40.875,39.97,WEAK GROWTH,23,10,46.75,27.92,33.77,50.0,28.7,36.11,0.0,18.96,18.78,23.7,0,AVOID,BEAR MARKET,-31.31,MODERATE VOLATILITY,RISK ON,14.44,Metals,0,26.57,81.08,0,20.73,0,915,E,79.48,26.08,6.481113320079523,0.01
GUFICBIO,28279666688.0,SMALL CAP,282.0,56.513027,4.474557,0.131185,58.497,0.10927,0.055770002,0.114,-0.358,Misc,Healthcare,Drug Manufacturers - Specialty & Generic,2026-05-16,Drug Manufacturers - Specialty & Generic,0,0,0,58.47,11.95,50.04,57.94,35.21,40.45,SLOW GROWTH,20,20,31.57,21.15,53.03,41.3,14.13,30.43,0.0,23.02,17.12,23.69,0,AVOID,BEAR MARKET,-31.31,MODERATE VOLATILITY,RISK ON,20.04,Metals,0,26.87,81.01,0,21.77,0,916,E,80.98,28.36,6.918760673334959,0.01
BHANDARI,1165347584.0,MICRO CAP,3.5,11.290322,0.5372218,0.131185,64.953,0.094680004,0.03032,-0.062,0.125,Misc,Consumer Cyclical,Apparel Manufacturing,2026-05-16,Apparel Manufacturing,0,0,0,17.28,33.2,50.04,42.42,25.240000000000002,31.92,WEAK GROWTH,35,0,20.71,65.91,7.39,41.67,75.0,16.67,0.0,16.58,19.62,23.63,0,AVOID,BEAR MARKET,-31.31,MODERATE VOLATILITY,RISK ON,9.05,Metals,0,27.13,77.38,0,19.68,0,917,E,73.03,21.59,5.832770498446576,0.01
EXIDEIND,296692482048.0,MID CAP,349.04998779296875,34.731342,2.1357374,0.06172,11.308,0.07394,0.047470003,0.092,0.15,Automobiles,Consumer Cyclical,Auto Parts,2026-05-16,Auto Components,0,0,0,38.49,67.11,4.76,34.83,52.8,41.4,SLOW GROWTH,18,20,17.78,5.56,27.78,18.42,3.95,32.89,0.0,22.49,12.5,23.6,0,AVOID,BEAR MARKET,-31.31,MODERATE VOLATILITY,RISK ON,18.75,Metals,0,25.94,83.52,0,20.08,0,918,E,83.71,27.94,6.596623775233149,0.01
ADL,392977248.0,MICRO CAP,70.5999984741211,805.9944712000163,0.7874455,0.131185,37.099,0.0152199995,0.00037999998,-0.124,1.0,Misc,Consumer Cyclical,"Furnishings, Fixtures & Appliances",2026-05-16,"Furnishings, Fixtures & Appliances",0,0,0,12.74,89.51,50.04,14.2,51.125,47.22,SLOW GROWTH,20,0,39.96,21.15,7.39,70.59,47.06,11.76,0.0,17.81,16.29,23.41,0,AVOID,BEAR MARKET,-31.31,MODERATE VOLATILITY,RISK ON,8.52,Metals,0,26.16,85.3,0,18.46,0,919,E,82.86,26.87,6.40829954686382,0.01
INSECTICID,21031915520.0,SMALL CAP,722.7999877929688,14.835795,1.7483684,0.131185,20.483,0.0467,0.0683,0.076,-0.396,Chemicals,Basic Materials,Agricultural Inputs,2026-05-16,Agrochemicals,0,0,0,35.27,10.89,50.04,23.81,23.080000000000002,28.54,WEAK GROWTH,35,10,18.18,64.29,33.77,17.39,65.22,30.43,0.0,18.21,19.65,23.37,0,AVOID,BEAR MARKET,-31.31,MODERATE VOLATILITY,RISK ON,14.46,Metals,0,27.45,75.37,0,21.03,0,920,E,72.22,21.97,6.001092597650914,0.01
ISFT,1305260416.0,MICRO CAP,80.0199966430664,10.446475,0.5342466,0.131185,4.664,0.02804,0.023629999,0.065,-0.036,Misc,Consumer Cyclical,Internet Retail,2026-05-16,Internet Retail,0,0,0,33.33,23.24,50.04,16.98,28.284999999999997,31.51,WEAK GROWTH,35,0,19.82,65.91,7.39,25.0,75.0,25.0,0.0,16.23,19.35,23.35,0,AVOID,BEAR MARKET,-31.31,MODERATE VOLATILITY,RISK ON,8.9,Metals,0,26.96,77.48,0,19.46,0,921,E,73.12,21.29,5.744738262277388,0.01
ASALCBR,16911706112.0,SMALL CAP,842.25,18.658617,2.6131186,0.131185,12.748,0.13385999,0.08528,-0.204,0.001,Misc,Consumer Defensive,Beverages - Wineries & Distilleries,2026-05-16,Beverages - Wineries & Distilleries,0,0,0,8.64,25.49,50.04,65.87,17.064999999999998,28.54,WEAK GROWTH,35,10,13.83,65.91,29.42,16.67,83.33,41.67,0.0,18.21,19.24,23.21,0,AVOID,BEAR MARKET,-31.31,MODERATE VOLATILITY,RISK ON,14.36,Metals,0,27.41,75.52,0,20.84,0,922,E,72.36,21.91,5.973282442748092,0.01
BANKA,907996288.0,MICRO CAP,83.5,26.7615915,2.9574273,0.131185,105.547,0.04493,-0.052589998,0.087,0.134,Misc,Industrials,Pollution & Treatment Controls,2026-05-16,Pollution & Treatment Controls,0,0,0,37.79,50.09,50.04,22.84,43.94,43.05,SLOW GROWTH,23,0,34.41,31.44,7.39,100.0,50.0,50.0,0.0,17.11,16.72,23.03,0,AVOID,BEAR MARKET,-31.31,MODERATE VOLATILITY,RISK ON,8.46,Metals,0,25.94,83.8,0,18.39,0,923,E,80.98,25.21,6.150280556233227,0.01
BBL,28978939904.0,SMALL CAP,2563.800048828125,22.124613,1.3198979,0.131185,8.707,0.050830003,0.061669998,0.106,-0.392,Misc,Industrials,Electrical Equipment & Parts,2026-05-16,Electrical Equipment & Parts,0,0,0,42.46,11.02,50.04,25.22,26.740000000000002,31.25,WEAK GROWTH,28,20,19.32,44.82,53.03,20.0,44.0,32.0,0.0,20.99,18.02,22.91,0,AVOID,BEAR MARKET,-31.31,MODERATE VOLATILITY,RISK ON,19.75,Metals,0,26.94,77.09,0,21.7,0,924,E,76.03,24.57,6.379332727508763,0.01
COUNCODOS,392642304.0,MICRO CAP,5.059999942779541,72.28571,1.3683072,0.131185,0.046,0.022219999,0.03066,-0.096,-0.667,Misc,Real Estate,Real Estate - Development,2026-05-16,Real Estate - Development,0,0,0,14.86,4.98,50.04,15.78,9.92,18.53,WEAK GROWTH,45,10,3.91,83.78,29.42,8.33,58.33,18.75,0.0,17.55,20.17,22.91,0,AVOID,BEAR MARKET,-31.31,MODERATE VOLATILITY,RISK ON,14.43,Metals,0,28.0,70.69,0,21.12,0,925,E,66.24,18.32,5.449137418203451,0.01
JAGRAN,14632897536.0,SMALL CAP,67.2300033569336,8.904636,0.7542323,0.131185,9.556,0.10684,0.0871,-0.077,-0.135,Misc,Communication Services,Publishing,2026-05-16,Publishing,0,0,0,16.05,18.87,50.04,57.14,17.46,27.94,WEAK GROWTH,35,10,12.37,65.91,29.42,33.33,83.33,75.0,0.0,17.9,18.9,22.87,0,AVOID,BEAR MARKET,-31.31,MODERATE VOLATILITY,RISK ON,14.2,Metals,0,27.17,75.63,0,20.57,0,926,E,72.47,21.53,5.860895603647748,0.01
EIMCOELECO,9118086144.0,MICRO CAP,1580.699951171875,23.529324,1.9508744,0.08608,0.93,0.15675999,0.16777,0.04,-0.572,Misc,Industrials,Farm & Heavy Construction Machinery,2026-05-16,Farm & Heavy Construction Machinery,0,0,0,28.53,7.14,7.41,71.08,17.835,21.07,WEAK GROWTH,40,15,6.31,78.54,43.94,22.22,88.89,44.44,0.0,18.43,20.1,22.86,0,AVOID,BEAR MARKET,-31.31,MODERATE VOLATILITY,RISK ON,17.13,Metals,0,27.63,71.96,0,21.69,0,927,E,68.76,19.97,5.725344036697248,0.01
ABLBL,126419550208.0,MID CAP,104.08000183105469,73.815605,9.799454,0.131185,266.809,0.08882,0.01897,0.096,-0.051,Misc,Consumer Cyclical,Apparel Retail,2026-05-16,Apparel Retail,0,0,0,39.77,22.66,50.04,40.34,31.215000000000003,35.89,WEAK GROWTH,20,20,26.01,21.15,53.03,50.0,50.0,75.0,0.0,18.78,14.59,22.71,0,AVOID,BEAR MARKET,-31.31,MODERATE VOLATILITY,RISK ON,18.34,Metals,0,25.02,81.89,0,20.05,0,928,E,81.84,25.02,6.040560115886046,0.01
ELECTCAST,50666405888.0,SMALL CAP,81.95999908447266,16.133858,0.8571966,0.131185,37.702,-0.00714,0.051220004,-0.172,0.134,Misc,Industrials,Building Products & Equipment,2026-05-16,Building Products & Equipment,0,0,0,10.14,50.09,50.04,11.11,30.115000000000002,32.2,WEAK GROWTH,30,10,21.46,53.22,29.42,47.06,82.35,44.12,0.0,17.72,18.29,22.69,0,AVOID,BEAR MARKET,-31.31,MODERATE VOLATILITY,RISK ON,14.0,Metals,0,26.6,78.1,0,20.2,0,929,E,75.58,22.85,5.967615565421783,0.01
GODAVARIB,15278586880.0,SMALL CAP,298.54998779296875,43.457058,2.1065443,0.131185,67.931,0.06421,-0.013350001,0.028,0.229,Misc,Basic Materials,Chemicals,2026-05-16,Chemicals,0,0,0,26.54,72.22,50.04,31.17,49.379999999999995,47.69,SLOW GROWTH,15,10,40.78,4.73,29.42,70.83,8.33,35.42,0.0,19.66,14.69,22.58,0,AVOID,BEAR MARKET,-31.31,MODERATE VOLATILITY,RISK ON,13.59,Metals,0,25.66,86.11,0,18.98,0,930,E,85.51,28.39,6.563403074789042,0.01
DRREDDY,1112929468416.0,LARGE CAP,1336.699951171875,26.527088,2.9555354,0.11835,20.328,0.05203,0.12755999,-0.116,-0.862,Misc,Healthcare,Drug Manufacturers - Specialty & Generic,2026-05-16,Drug Manufacturers - Specialty & Generic,0,0,0,13.71,1.59,10.58,25.75,7.65,10.05,WEAK GROWTH,33,40,0.38,57.01,83.21,2.17,46.74,67.39,0.0,17.46,15.59,22.56,0,AVOID,BEAR MARKET,-31.31,MODERATE VOLATILITY,RISK ON,28.26,Metals,0,24.28,71.69,0,22.59,0,931,E,72.36,17.77,4.844601962922574,0.01
DYNPRO,2946770688.0,MICRO CAP,237.10000610351562,16.47672,1.2613447,0.131185,33.912,0.09373,0.048299998,-0.051,0.031,Chemicals,Basic Materials,Specialty Chemicals,2026-05-16,Specialty Chemicals,0,0,0,17.86,27.03,50.04,41.89,22.445,29.91,WEAK GROWTH,35,0,20.78,64.29,11.69,20.37,64.81,13.89,0.0,14.99,18.76,22.48,0,AVOID,BEAR MARKET,-31.31,MODERATE VOLATILITY,RISK ON,8.44,Metals,0,26.34,77.68,0,18.81,0,932,E,73.32,20.18,5.430570505920345,0.01
FOSECOIND,38399672320.0,SMALL CAP,5069.5,45.869526,3.4302144,0.131185,27.014499999999998,0.14436,0.120459996,0.012,-0.011,Misc,Basic Materials,Chemicals,2026-05-16,Chemicals,0,0,0,23.54,24.29,50.04,68.43,23.915,33.59,WEAK GROWTH,25,20,23.48,34.47,53.03,58.33,41.67,62.5,0.0,20.72,16.98,22.44,0,AVOID,BEAR MARKET,-31.31,MODERATE VOLATILITY,RISK ON,19.42,Metals,0,26.45,78.81,0,21.12,0,933,E,78.13,25.13,6.351573360293189,0.01
ESTER,9541978112.0,MICRO CAP,97.77999877929688,26.7615915,1.2022918,-0.03533,93.137,0.07513,-0.01972,0.081,2.857,Chemicals,Basic Materials,Specialty Chemicals,2026-05-16,Specialty Chemicals,0,0,0,36.42,95.24,1.15,35.36,65.83,49.85,SLOW GROWTH,13,0,62.34,5.84,11.69,61.11,6.48,13.89,0.0,15.52,16.44,22.38,0,AVOID,BEAR MARKET,-31.31,MODERATE VOLATILITY,RISK ON,7.99,Metals,0,24.29,88.4,0,17.68,0,934,E,86.87,26.95,6.134061682030271,0.01
INDTERRAIN,1613249024.0,MICRO CAP,31.84000015258789,26.7615915,0.8285409,0.131185,59.773,0.08432,-0.01716,0.047,0.134,Misc,Consumer Cyclical,Apparel Retail,2026-05-16,Apparel Retail,0,0,0,29.81,50.09,50.04,38.8,39.95,41.85,SLOW GROWTH,23,0,33.08,31.44,7.39,75.0,75.0,25.0,0.0,16.05,16.1,22.27,0,AVOID,BEAR MARKET,-31.31,MODERATE VOLATILITY,RISK ON,8.04,Metals,0,25.46,84.02,0,17.81,0,935,E,81.19,24.32,5.917994889889281,0.01
AVG,2384390144.0,MICRO CAP,158.35000610351562,11.53314,0.9303979,0.131185,109.016,0.10552,0.03762,-0.059,-0.058,Misc,Industrials,Integrated Freight & Logistics,2026-05-16,Integrated Freight & Logistics,0,0,0,17.37,22.35,50.04,56.79,19.86,29.59,WEAK GROWTH,35,0,15.91,65.91,7.39,36.36,81.82,22.73,0.0,14.9,18.23,22.18,0,AVOID,BEAR MARKET,-31.31,MODERATE VOLATILITY,RISK ON,8.28,Metals,0,26.18,77.87,0,18.52,0,936,E,73.5,19.95,5.355704697986577,0.01
ABREL,142855520256.0,MID CAP,1291.9000244140625,26.7615915,3.8613052,-0.0364926518978,152.371,-2.16209,-0.2535,0.109,0.134,Misc,Real Estate,Real Estate Services,2026-05-16,Real Estate Services,0,1,0,50.13,50.09,0.57,1.41,50.11,35.33,WEAK GROWTH,8,30,25.13,1.2,70.14,22.22,22.22,61.11,33.33333333333333,15.43,20.12,22.17,0,AVOID,BEAR MARKET,-31.31,MODERATE VOLATILITY,RISK ON,23.89,Metals,0,22.08,83.36,0,22.07,0,937,E,86.12,25.32,5.81267217630854,0.01
CHEMBONDCH,4866935296.0,MICRO CAP,180.9499969482422,15.180368,2.6377168,0.131185,27.014499999999998,0.1279,0.10587,-0.316,-0.584,Chemicals,Basic Materials,Specialty Chemicals,2026-05-16,Specialty Chemicals,0,0,0,5.56,6.79,50.04,64.55,6.175,20.79,WEAK GROWTH,40,10,5.19,82.47,33.77,7.41,81.48,36.11,0.0,16.14,19.6,22.03,0,AVOID,BEAR MARKET,-31.31,MODERATE VOLATILITY,RISK ON,13.94,Metals,0,26.74,73.14,0,20.34,0,938,E,69.34,18.49,5.257321580892805,0.01
HATHWAY,18143569920.0,SMALL CAP,10.25,22.282608,0.43347713,0.01858,0.212,0.00414,0.03829,0.064,-0.696,Misc,Communication Services,Entertainment,2026-05-16,Entertainment,0,0,0,33.11,4.32,3.17,12.26,18.715,14.96,WEAK GROWTH,43,20,2.02,81.82,53.03,18.18,90.91,77.27,0.0,18.08,19.81,21.89,0,AVOID,BEAR MARKET,-31.31,MODERATE VOLATILITY,RISK ON,19.47,Metals,0,27.42,69.72,0,21.87,0,939,E,66.73,18.14,5.356562822973572,0.01
DHARMAJ,8963043328.0,MICRO CAP,265.20001220703125,18.584444,2.0167913,0.131185,31.256,0.0128999995,0.04329,0.086,-0.371,Chemicals,Basic Materials,Agricultural Inputs,2026-05-16,Agrochemicals,0,0,0,37.65,11.46,50.04,13.67,24.555,28.56,WEAK GROWTH,35,0,19.48,64.29,11.69,21.74,65.22,8.7,0.0,14.37,18.31,21.88,0,AVOID,BEAR MARKET,-31.31,MODERATE VOLATILITY,RISK ON,8.17,Metals,0,25.83,77.84,0,18.35,0,940,E,73.47,19.4,5.210151738955283,0.01
BEARDSELL,1021418304.0,MICRO CAP,25.899999618530273,11.460176,1.1884004,0.131185,36.022,0.06713,0.03201,0.028,-0.172,Misc,Industrials,Building Products & Equipment,2026-05-16,Building Products & Equipment,0,0,0,26.54,17.99,50.04,31.92,22.265,28.79,WEAK GROWTH,35,0,14.52,65.91,7.39,23.53,91.18,17.65,0.0,14.55,17.88,21.8,0,AVOID,BEAR MARKET,-31.31,MODERATE VOLATILITY,RISK ON,8.11,Metals,0,25.86,77.99,0,18.21,0,941,E,73.62,19.48,5.221120343071562,0.01
ESSENTIA,1815074048.0,MICRO CAP,1.7000000476837158,56.666668,0.8110687,0.131185,23.209,0.01011,0.00644,0.124,0.0,Consumer,Consumer Defensive,Food Distribution,2026-05-16,FMCG – Food,0,0,0,60.41,25.04,50.04,13.23,42.724999999999994,41.24,SLOW GROWTH,20,10,35.29,17.65,20.59,66.67,66.67,66.67,0.0,17.99,15.14,21.8,0,AVOID,BEAR MARKET,-31.31,MODERATE VOLATILITY,RISK ON,13.28,Metals,0,25.45,83.7,0,18.74,0,942,E,82.45,25.61,6.137807070101857,0.01
JKIL,37363625984.0,SMALL CAP,493.79998779296875,9.560503,1.1794605,0.131185,24.572,0.11234,0.06829,-0.122,-0.161,Industrials,Industrials,Engineering & Construction,2026-05-16,Engineering & EPC,0,0,0,12.92,18.43,50.04,59.44,15.675,26.92,WEAK GROWTH,35,10,17.07,50.0,19.51,17.07,50.0,19.51,0.0,17.28,16.97,21.74,0,AVOID,BEAR MARKET,-31.31,MODERATE VOLATILITY,RISK ON,13.56,Metals,0,26.62,76.31,0,19.48,0,943,E,73.13,20.65,5.571293673276676,0.01
IFBIND,45101469696.0,SMALL CAP,1113.0999755859375,37.59203,4.8865185,0.131185,18.143,0.03192,0.021949999,0.113,-0.229,Misc,Consumer Cyclical,"Furnishings, Fixtures & Appliances",2026-05-16,"Furnishings, Fixtures & Appliances",0,0,0,58.16,15.34,50.04,18.08,36.75,37.54,WEAK GROWTH,20,20,27.78,21.15,53.03,47.06,47.06,67.65,0.0,20.19,15.42,21.72,0,AVOID,BEAR MARKET,-31.31,MODERATE VOLATILITY,RISK ON,18.9,Metals,0,25.68,81.6,0,20.23,0,944,E,81.56,26.08,6.31782945736434,0.01
ARE&M,150803742720.0,MID CAP,823.9500122070312,20.284344,1.9486325,0.131185,4.005,0.0636,0.0557,0.042,-0.53,Misc,Industrials,Electrical Equipment & Parts,2026-05-16,Electrical Equipment & Parts,0,0,0,29.14,7.76,50.04,30.78,18.45,26.0,WEAK GROWTH,28,20,10.23,44.82,53.03,12.0,44.0,32.0,0.0,17.02,15.07,21.68,0,AVOID,BEAR MARKET,-31.31,MODERATE VOLATILITY,RISK ON,18.02,Metals,0,24.81,78.13,0,19.74,0,945,E,77.04,20.99,5.379292670425421,0.01
E2E,62260957184.0,SMALL CAP,3116.699951171875,26.7615915,3.7082205,-0.0095,9.441,0.07064,-0.063379996,1.857,-0.596,Technology,Technology,Software - Infrastructure,2026-05-16,Software Products,0,0,0,98.24,6.44,1.5,32.98,52.339999999999996,40.24,SLOW GROWTH,13,30,31.37,4.9,59.8,40.0,40.0,70.0,0.0,22.93,14.61,21.57,0,AVOID,BEAR MARKET,-31.31,MODERATE VOLATILITY,RISK ON,24.38,Metals,0,25.24,83.04,0,21.27,0,946,E,85.09,28.79,6.688349401788826,0.01
DEN,12453126144.0,SMALL CAP,26.1200008392334,7.5057473,0.32716253,0.04425,0.524,-0.02174,0.17015,-0.03,-0.377,Misc,Communication Services,Entertainment,2026-05-16,Entertainment,0,0,0,19.05,11.2,3.88,9.35,15.125,12.3,WEAK GROWTH,43,25,0.88,81.82,62.25,9.09,90.91,90.91,0.0,18.61,19.85,21.5,0,AVOID,BEAR MARKET,-31.31,MODERATE VOLATILITY,RISK ON,22.12,Metals,0,27.24,68.7,0,22.39,0,947,E,66.31,17.87,5.309760808200862,0.01
ITI,276097794048.0,MID CAP,286.75,26.7615915,18.314493,0.131185,87.135,0.02784,-0.056750003,-0.503,0.134,Misc,Technology,Communication Equipment,2026-05-16,Communication Equipment,0,0,0,3.17,50.09,50.04,16.84,26.630000000000003,30.33,WEAK GROWTH,23,20,17.55,31.44,53.03,12.5,68.75,43.75,0.0,16.93,14.12,21.4,0,AVOID,BEAR MARKET,-31.31,MODERATE VOLATILITY,RISK ON,17.76,Metals,0,24.23,80.71,0,19.24,0,948,E,80.26,22.32,5.4934777258183605,0.01
DBOL,7279193600.0,MICRO CAP,110.62000274658203,31.073034,0.7632651,0.131185,58.445,0.056199998,0.01166,-0.118,0.134,Misc,Consumer Defensive,Farm Products,2026-05-16,Farm Products,0,0,0,13.23,50.09,50.04,28.04,31.660000000000004,34.97,WEAK GROWTH,28,0,24.62,44.82,7.39,50.0,40.0,25.0,0.0,14.64,16.27,21.36,0,AVOID,BEAR MARKET,-31.31,MODERATE VOLATILITY,RISK ON,7.73,Metals,0,25.07,81.71,0,17.42,0,949,E,78.23,21.41,5.404518490470781,0.01
ARVSMART,27054637056.0,SMALL CAP,589.8499755859375,37.02762,4.5259576,0.131185,21.182,0.23976,0.12815,-0.208,-0.396,Misc,Real Estate,Real Estate - Development,2026-05-16,Real Estate - Development,0,0,0,8.29,10.89,50.04,82.63,9.59,24.98,WEAK GROWTH,32,20,9.72,55.18,53.03,33.33,31.25,35.42,0.0,18.52,17.14,21.28,0,AVOID,BEAR MARKET,-31.31,MODERATE VOLATILITY,RISK ON,18.92,Metals,0,26.26,75.6,0,20.65,0,950,E,74.01,21.37,5.697906945740567,0.01
HINDOILEXP,22374242304.0,SMALL CAP,169.19000244140625,21.043533,1.665797,0.131185,5.622,0.059959996,0.20712,-0.486,-0.808,Misc,Energy,Oil & Gas E&P,2026-05-16,Oil & Gas E&P,0,0,0,3.35,2.03,50.04,29.37,2.69,14.83,WEAK GROWTH,38,30,1.89,75.13,70.14,33.33,50.0,50.0,0.0,19.49,19.35,21.28,0,AVOID,BEAR MARKET,-31.31,MODERATE VOLATILITY,RISK ON,24.71,Metals,0,26.83,70.13,0,22.76,0,951,E,68.98,19.46,5.561589025435839,0.01
DSSL,17359366144.0,SMALL CAP,1362.9000244140625,20.618761,6.362181,0.131185,63.929,0.10718001,0.06216,0.095,-0.347,Technology,Technology,Information Technology Services,2026-05-16,IT Services,0,0,0,39.46,12.35,50.04,57.41,25.905,33.88,WEAK GROWTH,28,10,17.65,33.33,21.57,22.58,33.87,29.03,0.0,17.64,14.7,21.27,0,AVOID,BEAR MARKET,-31.31,MODERATE VOLATILITY,RISK ON,13.08,Metals,0,26.03,80.26,0,18.53,0,952,E,77.96,22.86,5.7902735562310035,0.01
DSFCL,2409683456.0,MICRO CAP,27.700000762939453,26.7615915,1.1192825,0.131185,4.718,-0.01864,0.011670001,0.036,0.134,Chemicals,Basic Materials,Specialty Chemicals,2026-05-16,Specialty Chemicals,0,0,0,27.65,50.09,50.04,9.79,38.870000000000005,38.2,WEAK GROWTH,23,0,42.86,27.92,11.69,44.44,28.7,13.89,0.0,14.11,16.26,21.12,0,AVOID,BEAR MARKET,-31.31,MODERATE VOLATILITY,RISK ON,7.59,Metals,0,24.2,83.96,0,17.14,0,953,E,81.13,22.32,5.4352855229514185,0.01
ELECTHERM,9092634624.0,MICRO CAP,713.5499877929688,5.8206215,-5.901546,0.131185,27.014499999999998,-0.04621,0.042069998,-0.164,0.134,Misc,Basic Materials,Steel,2026-05-16,Steel,0,0,0,10.54,50.09,50.04,7.58,30.315,31.99,WEAK GROWTH,30,0,21.09,53.22,7.39,23.81,52.38,7.14,0.0,13.93,16.72,21.07,0,AVOID,BEAR MARKET,-31.31,MODERATE VOLATILITY,RISK ON,7.66,Metals,0,24.87,80.65,0,17.39,0,954,E,76.92,20.18,5.179671457905544,0.01
ALKYLAMINE,88100741120.0,SMALL CAP,1722.5999755859375,49.021057,5.746233,0.131185,27.014499999999998,0.13975,0.11769,-0.046,-0.035,Chemicals,Basic Materials,Specialty Chemicals,2026-05-16,Specialty Chemicals,0,0,0,17.99,23.37,50.04,67.2,20.68,31.2,WEAK GROWTH,25,20,25.97,30.52,56.49,25.93,32.41,57.41,0.0,18.69,15.95,21.04,0,AVOID,BEAR MARKET,-31.31,MODERATE VOLATILITY,RISK ON,18.66,Metals,0,25.52,79.17,0,20.07,0,955,E,78.48,23.41,5.890790135883241,0.01
DNAMEDIA,349592800.0,MICRO CAP,2.9700000286102295,29.7,-0.13422514,0.131185,27.014499999999998,-0.26023,0.10614,-0.178,0.134,Misc,Communication Services,Publishing,2026-05-16,Publishing,0,0,0,9.79,50.09,50.04,4.23,29.94,31.39,WEAK GROWTH,28,10,19.44,44.82,29.42,66.67,50.0,75.0,0.0,16.31,16.16,21.02,0,AVOID,BEAR MARKET,-31.31,MODERATE VOLATILITY,RISK ON,13.12,Metals,0,25.3,79.74,0,18.69,0,956,E,77.46,21.7,5.531481009431558,0.01
GCSL,8810101760.0,MICRO CAP,389.1499938964844,26.7615915,2.8063028,0.09791,4.577,0.23834999,0.10654,-0.292,0.134,Misc,Financial Services,Capital Markets,2026-05-16,Capital Markets,0,0,0,5.91,50.09,7.85,82.36,28.0,29.41,WEAK GROWTH,30,10,15.53,53.22,29.42,39.39,27.27,24.24,0.0,15.87,16.66,21.01,0,AVOID,BEAR MARKET,-31.31,MODERATE VOLATILITY,RISK ON,13.13,Metals,0,25.46,78.67,0,18.84,0,957,E,76.14,20.94,5.429089966295049,0.01
DEEPAKNTR,249108250624.0,MID CAP,1826.4000244140625,46.7349,4.5134187,0.131185,22.412,0.077649996,0.067090005,0.038,0.018,Misc,Basic Materials,Chemicals,2026-05-16,Chemicals,0,0,0,28.17,26.37,50.04,36.6,27.270000000000003,32.76,WEAK GROWTH,20,20,22.35,21.15,53.03,54.17,33.33,62.5,0.0,16.67,13.19,21.0,0,AVOID,BEAR MARKET,-31.31,MODERATE VOLATILITY,RISK ON,17.46,Metals,0,23.78,82.38,0,18.72,0,958,E,82.31,22.93,5.504741327571719,0.01
HGS,18931429376.0,SMALL CAP,406.95001220703125,26.7615915,0.23758206,0.131185,23.446,-0.28488,0.01006,0.011,0.134,Misc,Industrials,Specialty Business Services,2026-05-16,Specialty Business Services,0,0,0,23.41,50.09,50.04,3.88,36.75,36.12,WEAK GROWTH,23,10,26.26,31.44,29.42,18.18,22.73,22.73,0.0,16.49,15.25,20.9,0,AVOID,BEAR MARKET,-31.31,MODERATE VOLATILITY,RISK ON,12.93,Metals,0,24.87,82.31,0,18.29,0,959,E,80.67,23.28,5.700991796253215,0.01
AFCONS,123759534080.0,MID CAP,336.5,27.559378,2.3094769,0.131185,66.143,0.10649,0.0359,-0.073,-0.353,Industrials,Industrials,Engineering & Construction,2026-05-16,Engineering & EPC,0,0,0,16.62,12.17,50.04,57.05,14.395,25.79,WEAK GROWTH,28,20,14.63,29.27,46.34,14.63,29.27,46.34,0.0,16.84,13.32,20.9,0,AVOID,BEAR MARKET,-31.31,MODERATE VOLATILITY,RISK ON,17.54,Metals,0,24.56,78.74,0,18.9,0,960,E,77.63,20.59,5.23718682436729,0.01
HAPPSTMNDS,54282125312.0,SMALL CAP,361.25,29.417753,3.322114,0.116969995,28.275,0.14472,0.08222,0.107,-0.198,Technology,Technology,Information Technology Services,2026-05-16,IT Services,0,0,0,42.72,16.45,10.23,68.69,29.585,29.62,WEAK GROWTH,28,20,11.76,33.33,40.2,12.9,33.87,50.0,0.0,19.31,14.49,20.75,0,AVOID,BEAR MARKET,-31.31,MODERATE VOLATILITY,RISK ON,18.45,Metals,0,26.02,78.33,0,19.66,0,961,E,77.23,22.88,5.849418381695002,0.01
INDOWIND,1611631872.0,MICRO CAP,10.010000228881836,111.22222,0.44879842,0.131185,6.286,-0.20483999,0.05732,-0.252,14.648529300000277,Energy,Utilities,Utilities - Renewable,2026-05-16,Power Generation – Renewable,0,0,0,6.97,99.51,50.04,4.5,53.24,47.73,SLOW GROWTH,15,0,28.57,14.29,14.29,28.57,14.29,14.29,0.0,15.26,12.53,20.62,0,AVOID,BEAR MARKET,-31.31,MODERATE VOLATILITY,RISK ON,6.95,Metals,0,23.96,88.86,0,15.85,0,962,E,87.04,25.53,5.799636528850522,0.01
DELTAMAGNT,663328960.0,MICRO CAP,61.130001068115234,26.7615915,6.684527,0.131185,308.765,0.0088599995,-0.15836,0.028,0.134,Misc,Consumer Cyclical,Textile Manufacturing,2026-05-16,Textile Manufacturing,0,0,0,26.54,50.09,50.04,13.14,38.315,38.14,WEAK GROWTH,23,0,28.66,31.44,7.39,48.65,31.08,20.27,0.0,14.02,14.62,20.43,0,AVOID,BEAR MARKET,-31.31,MODERATE VOLATILITY,RISK ON,7.16,Metals,0,24.01,84.53,0,16.38,0,963,E,81.69,22.02,5.32591607207643,0.01
GLOBE,1090013440.0,MICRO CAP,2.4200000762939453,15.125001,0.71810097,0.131185,107.624,0.05606,0.014830001,0.052,-0.561,Misc,Consumer Cyclical,Textile Manufacturing,2026-05-16,Textile Manufacturing,0,0,0,30.91,7.41,50.04,27.95,19.16,26.22,WEAK GROWTH,35,0,10.48,65.91,7.39,21.62,64.86,20.27,0.0,13.05,16.68,20.43,0,AVOID,BEAR MARKET,-31.31,MODERATE VOLATILITY,RISK ON,7.43,Metals,0,24.84,78.41,0,17.12,0,964,E,74.03,17.83,4.752765560442489,0.01
AVANTEL,39944310784.0,SMALL CAP,150.3300018310547,278.3889,11.81004,0.05211,10.164,0.12567,0.06728,0.296,-0.31,Misc,Technology,Communication Equipment,2026-05-16,Communication Equipment,0,0,0,82.41,13.32,4.23,63.84,47.864999999999995,40.74,SLOW GROWTH,10,30,32.13,2.65,70.14,50.0,18.75,68.75,0.0,20.9,13.58,20.3,0,AVOID,BEAR MARKET,-31.31,MODERATE VOLATILITY,RISK ON,23.62,Metals,0,24.12,84.75,0,20.21,0,965,E,87.18,28.08,6.368791109095032,0.01
ARIHANTSUP,11625596928.0,SMALL CAP,268.79998779296875,27.015074,5.401712,0.131185,197.85,0.22343999,0.08693,-0.164,-0.76,Misc,Real Estate,Real Estate - Development,2026-05-16,Real Estate - Development,0,0,0,10.54,2.65,50.04,81.13,6.595,22.74,WEAK GROWTH,35,10,8.08,65.91,29.42,25.0,37.5,18.75,0.0,14.73,16.99,20.28,0,AVOID,BEAR MARKET,-31.31,MODERATE VOLATILITY,RISK ON,12.93,Metals,0,25.16,76.3,0,18.6,0,966,E,73.12,18.23,4.919050188882893,0.01
BIOCON,696474402816.0,LARGE CAP,430.1000061035156,151.44366,2.0685742,0.011469999,42.145,0.17481,0.022330001,0.1,-0.725,Healthcare,Healthcare,Biotechnology,2026-05-16,Biotechnology,0,0,0,40.83,3.44,2.47,74.69,22.134999999999998,23.46,WEAK GROWTH,17,30,28.57,14.29,50.0,33.33,16.67,58.33,0.0,13.32,11.76,20.28,0,AVOID,BEAR MARKET,-31.31,MODERATE VOLATILITY,RISK ON,21.27,Metals,0,20.69,82.23,0,18.48,0,967,E,83.74,19.35,4.566910549917395,0.01
JHS,742074944.0,MICRO CAP,8.489999771118164,26.7615915,0.48332003,0.131185,6.097,0.01496,-0.0555,0.04,0.134,Consumer,Consumer Defensive,Household & Personal Products,2026-05-16,FMCG – Personal Care,0,0,0,28.53,50.09,50.04,14.11,39.31,38.94,WEAK GROWTH,23,0,23.53,29.41,8.82,25.0,25.0,8.33,0.0,14.29,13.66,20.27,0,AVOID,BEAR MARKET,-31.31,MODERATE VOLATILITY,RISK ON,6.99,Metals,0,24.2,84.87,0,16.08,0,968,E,82.02,22.27,5.36497229583233,0.01
DMCC,7817421824.0,MICRO CAP,313.45001220703125,29.937918,3.3306415,0.131185,28.623,0.1596,0.04941,-0.467,-0.085,Misc,Basic Materials,Chemicals,2026-05-16,Chemicals,0,0,0,3.66,20.99,50.04,71.69,12.325,25.8,WEAK GROWTH,35,0,10.1,65.91,7.39,16.67,60.42,12.5,0.0,12.87,16.55,20.25,0,AVOID,BEAR MARKET,-31.31,MODERATE VOLATILITY,RISK ON,7.36,Metals,0,24.68,78.46,0,16.99,0,969,E,74.07,17.6,4.6889569734914085,0.01
BAJAJHIND,42015748096.0,SMALL CAP,17.81999969482422,26.7615915,0.59362406,0.131185,87.126,0.01359,-0.0082,-0.065,0.134,Misc,Consumer Defensive,Confectioners,2026-05-16,Confectioners,0,0,0,17.15,50.09,50.04,13.76,33.620000000000005,34.92,WEAK GROWTH,23,10,24.49,31.44,29.42,33.33,33.33,66.67,0.0,15.61,14.63,20.19,0,AVOID,BEAR MARKET,-31.31,MODERATE VOLATILITY,RISK ON,12.56,Metals,0,24.38,82.53,0,17.73,0,970,E,80.89,22.44,5.480522652338503,0.01
BECTORFOOD,55820099584.0,SMALL CAP,181.8300018310547,39.875,4.5906234,0.131185,15.033,0.08598,0.06974,0.084,0.099,Misc,Consumer Defensive,Packaged Foods,2026-05-16,Packaged Foods,0,0,0,37.26,31.92,50.04,39.68,34.59,38.19,WEAK GROWTH,20,10,28.98,21.15,29.42,19.23,25.0,32.69,0.0,15.96,13.9,20.19,0,AVOID,BEAR MARKET,-31.31,MODERATE VOLATILITY,RISK ON,12.46,Metals,0,24.26,84.14,0,17.5,0,971,E,82.88,23.6,5.627086313781593,0.01
BESTAGRO,6040049152.0,MICRO CAP,17.030000686645508,9.010582,0.74643874,0.131185,53.825,-0.03263,0.01761,-0.26,0.134,Chemicals,Basic Materials,Agricultural Inputs,2026-05-16,Agrochemicals,0,0,0,6.48,50.09,50.04,8.47,28.285000000000004,30.65,WEAK GROWTH,30,0,24.68,42.86,11.69,26.09,43.48,8.7,0.0,13.14,15.39,20.07,0,AVOID,BEAR MARKET,-31.31,MODERATE VOLATILITY,RISK ON,7.13,Metals,0,24.27,81.11,0,16.51,0,972,E,77.37,19.21,4.902386117136659,0.01
CYBERMEDIA,358479456.0,MICRO CAP,17.209999084472656,40.023254,-2.4956496,0.131185,27.014499999999998,0.0462,0.0025799999,0.051,0.134,Misc,Communication Services,Publishing,2026-05-16,Publishing,0,0,0,30.6,50.09,50.04,23.54,40.345,40.6,SLOW GROWTH,20,0,31.69,21.15,7.39,100.0,33.33,33.33,0.0,13.84,13.46,19.96,0,AVOID,BEAR MARKET,-31.31,MODERATE VOLATILITY,RISK ON,6.82,Metals,0,23.56,86.29,0,15.77,0,973,E,83.82,22.64,5.338363593492101,0.01
BASF,166874791936.0,MID CAP,3855.199951171875,44.054394,4.4056206,0.131185,3.857,0.03529,0.02499,0.028,0.03,Chemicals,Basic Materials,Specialty Chemicals,2026-05-16,Specialty Chemicals,0,0,0,26.54,26.85,50.04,19.31,26.695,30.63,WEAK GROWTH,20,20,23.38,20.78,56.49,24.07,20.37,57.41,0.0,15.08,12.66,19.96,0,AVOID,BEAR MARKET,-31.31,MODERATE VOLATILITY,RISK ON,16.93,Metals,0,22.99,82.57,0,17.98,0,974,E,82.5,21.52,5.154491017964071,0.01
DCM,1560712576.0,MICRO CAP,83.55999755859375,29.319298,3.2620237,0.131185,2.73,-0.08314,0.0766,0.02,0.134,Misc,Industrials,Metal Fabrication,2026-05-16,Metal Fabrication,0,0,0,25.44,50.09,50.04,6.35,37.765,37.08,WEAK GROWTH,23,0,27.4,31.44,7.39,18.18,22.73,9.09,0.0,13.4,14.19,19.89,0,AVOID,BEAR MARKET,-31.31,MODERATE VOLATILITY,RISK ON,6.9,Metals,0,23.6,84.68,0,15.96,0,975,E,81.83,21.35,5.155137027646989,0.01
INDORAMA,9418351616.0,MICRO CAP,36.06999969482422,7.0038834,2.1145504,0.131185,245.505,0.03688,0.02795,0.014,-0.358,Misc,Consumer Cyclical,Textile Manufacturing,2026-05-16,Textile Manufacturing,0,0,0,23.99,11.95,50.04,19.93,17.97,24.58,WEAK GROWTH,35,0,9.47,65.91,7.39,18.92,64.86,20.27,0.0,12.35,16.25,19.75,0,AVOID,BEAR MARKET,-31.31,MODERATE VOLATILITY,RISK ON,7.15,Metals,0,24.23,78.56,0,16.62,0,976,E,74.17,16.92,4.501795929227085,0.01
HARRMALAYA,3859763200.0,MICRO CAP,209.13999938964844,15.310395,2.3378046,0.131185,68.843,0.04927,0.04768,-0.008,-0.318,Misc,Consumer Defensive,Farm Products,2026-05-16,Farm Products,0,0,0,21.3,12.87,50.04,24.6,17.085,24.43,WEAK GROWTH,35,0,9.22,65.91,7.39,30.0,70.0,25.0,0.0,12.17,16.14,19.63,0,AVOID,BEAR MARKET,-31.31,MODERATE VOLATILITY,RISK ON,7.08,Metals,0,24.16,78.6,0,16.53,0,977,E,74.21,16.79,4.464831804281346,0.01
IL&FSENGG,3512733952.0,MICRO CAP,26.790000915527344,26.7615915,-0.11041594,0.131185,27.014499999999998,-0.07569,-0.00546,-0.082,0.273,Industrials,Industrials,Engineering & Construction,2026-05-16,Engineering & EPC,0,0,0,15.56,74.69,50.04,6.7,45.125,42.27,SLOW GROWTH,18,0,36.59,10.98,6.1,36.59,10.98,6.1,0.0,13.67,12.6,19.61,0,AVOID,BEAR MARKET,-31.31,MODERATE VOLATILITY,RISK ON,6.57,Metals,0,23.25,87.49,0,15.33,0,978,E,85.28,23.03,5.338433008808531,0.01
BATAINDIA,89210961920.0,SMALL CAP,694.0999755859375,50.007202,5.8571863,0.131185,90.391,0.11437,0.05118,0.028,0.125,Misc,Consumer Cyclical,Footwear & Accessories,2026-05-16,Footwear & Accessories,0,0,0,26.54,33.2,50.04,60.23,29.87,36.94,WEAK GROWTH,20,10,27.02,21.15,29.42,16.67,41.67,25.0,0.0,15.17,13.29,19.5,0,AVOID,BEAR MARKET,-31.31,MODERATE VOLATILITY,RISK ON,12.12,Metals,0,23.76,84.35,0,16.95,0,979,E,83.08,22.78,5.418648905803996,0.01
HEMIPROP,42475032576.0,SMALL CAP,148.97000122070312,26.7615915,9.422517,0.131185,20.011,-2.9287684859999996,0.0,0.071,0.134,Misc,Real Estate,Real Estate - Diversified,2026-05-16,Real Estate - Diversified,0,0,0,34.35,50.09,50.04,0.57,42.22,39.62,WEAK GROWTH,18,10,30.68,9.28,29.42,100.0,66.67,83.33,0.0,15.7,12.27,19.46,0,AVOID,BEAR MARKET,-31.31,MODERATE VOLATILITY,RISK ON,11.99,Metals,0,23.79,85.61,0,16.66,0,980,E,84.59,23.76,5.55205047318612,0.01
BELRISE,186394099712.0,MID CAP,209.4600067138672,39.078358,3.4378283,0.131185,28.531,0.08291,0.05164,0.082,-0.275,Automobiles,Consumer Cyclical,Auto Parts,2026-05-16,Auto Components,0,0,0,36.86,13.98,50.04,38.18,25.42,31.62,WEAK GROWTH,20,20,6.67,20.0,27.78,7.89,19.74,32.89,0.0,15.78,10.31,19.39,0,AVOID,BEAR MARKET,-31.31,MODERATE VOLATILITY,RISK ON,16.52,Metals,0,23.1,83.39,0,17.14,0,981,E,83.29,21.78,5.1678728200261,0.01
ABFRL,76218843136.0,SMALL CAP,62.65999984741211,26.7615915,1.2160851,0.131185,84.682,0.08882,-0.03649,-0.456,0.134,Misc,Consumer Cyclical,Apparel Manufacturing,2026-05-16,Apparel Manufacturing,0,0,0,3.88,50.09,50.04,40.34,26.985000000000003,32.93,WEAK GROWTH,23,10,22.47,31.44,29.42,50.0,45.83,45.83,0.0,14.46,13.87,19.2,0,AVOID,BEAR MARKET,-31.31,MODERATE VOLATILITY,RISK ON,12.08,Metals,0,23.61,82.8,0,16.97,0,982,E,81.15,21.2,5.161290322580645,0.01
GAYAHWS,567974976.0,MICRO CAP,2.369999885559082,47.399998,-0.086940564,0.131185,27.014499999999998,-0.52957,0.9162966367000018,-0.748,0.134,Misc,Industrials,Infrastructure Operations,2026-05-16,Infrastructure Operations,0,0,0,1.68,50.09,50.04,2.65,25.885,28.39,WEAK GROWTH,25,20,13.32,34.47,53.03,50.0,25.0,68.75,0.0,16.75,13.87,19.16,0,AVOID,BEAR MARKET,-31.31,MODERATE VOLATILITY,RISK ON,17.66,Metals,0,24.32,79.9,0,18.49,0,983,E,79.19,21.4,5.337323855842374,0.01
EMMBI,1632535168.0,MICRO CAP,84.8499984741211,22.387863,0.83016986,0.131185,84.014,0.071890004,0.0155299995,0.091,-0.383,Misc,Consumer Cyclical,Packaging & Containers,2026-05-16,Packaging & Containers,0,0,0,38.23,11.11,50.04,33.86,24.669999999999998,30.66,WEAK GROWTH,28,0,18.06,44.82,7.39,12.5,46.88,12.5,0.0,12.26,14.34,19.13,0,AVOID,BEAR MARKET,-31.31,MODERATE VOLATILITY,RISK ON,6.65,Metals,0,23.36,82.38,0,15.66,0,984,E,78.88,18.71,4.684526790185278,0.01
ENIL,5533105152.0,MICRO CAP,116.06999969482422,26.7615915,0.73052377,0.131185,23.226,-0.04047,-0.00659,0.038,0.134,Media,Communication Services,Broadcasting,2026-05-16,Broadcasting,0,0,0,28.17,50.09,50.04,7.85,39.13,38.18,WEAK GROWTH,18,0,33.33,33.33,33.33,33.33,33.33,33.33,0.0,11.46,14.58,19.03,0,AVOID,BEAR MARKET,-31.31,MODERATE VOLATILITY,RISK ON,6.51,Metals,0,22.02,86.8,0,15.39,0,985,E,84.6,21.05,4.918224299065422,0.01
GLFL,189337856.0,MICRO CAP,6.980000019073486,349.0,-3.6147075,0.131185,27.014499999999998,0.26103002,0.0,-0.027,-0.5,Misc,Financial Services,Shell Companies,2026-05-16,Shell Companies,0,0,0,19.4,8.64,50.04,83.77,14.02,28.2,WEAK GROWTH,30,0,12.63,53.22,7.39,33.33,66.67,33.33,0.0,11.73,14.57,18.9,0,AVOID,BEAR MARKET,-31.31,MODERATE VOLATILITY,RISK ON,6.58,Metals,0,23.33,81.4,0,15.62,0,986,E,77.65,17.69,4.498410680228862,0.01
ASAHISONG,2842144512.0,MICRO CAP,241.1199951171875,18.280516,1.1037362,0.131185,49.417,0.04571,0.02856,-0.098,-0.198,Chemicals,Basic Materials,Specialty Chemicals,2026-05-16,Specialty Chemicals,0,0,0,14.73,16.45,50.04,23.19,15.59,23.24,WEAK GROWTH,35,0,7.79,64.29,11.69,11.11,64.81,13.89,0.0,11.38,15.36,18.89,0,AVOID,BEAR MARKET,-31.31,MODERATE VOLATILITY,RISK ON,6.68,Metals,0,23.67,78.87,0,15.91,0,987,E,74.48,15.96,4.228934817170112,0.01
AARTECH,1273674368.0,MICRO CAP,40.09000015258789,72.89091,3.7636123,0.131185,15.972,0.29993,0.05098,-0.245,-0.69,Misc,Industrials,Electrical Equipment & Parts,2026-05-16,Electrical Equipment & Parts,0,0,0,7.14,4.41,50.04,86.95,5.775,22.75,WEAK GROWTH,35,0,8.27,65.91,7.39,8.0,66.0,6.0,0.0,11.2,15.61,18.84,0,AVOID,BEAR MARKET,-31.31,MODERATE VOLATILITY,RISK ON,6.7,Metals,0,23.52,78.79,0,15.93,0,988,E,74.39,15.75,4.178272980501393,0.01
DPWIRES,2750849024.0,MICRO CAP,177.4600067138672,22.463291,1.0883244,0.131185,0.865,0.02815,0.02498,-0.384,-0.316,Misc,Industrials,Metal Fabrication,2026-05-16,Metal Fabrication,0,0,0,4.94,12.96,50.04,17.2,8.950000000000001,17.99,WEAK GROWTH,38,5,3.41,75.13,14.84,9.09,72.73,18.18,0.0,11.64,16.44,18.78,0,AVOID,BEAR MARKET,-31.31,MODERATE VOLATILITY,RISK ON,9.52,Metals,0,23.89,76.15,0,16.9,0,989,E,71.97,14.86,4.072906673975607,0.01
DCMNVL,2877120256.0,MICRO CAP,154.0399932861328,40.324608,0.71182996,0.131185,52.207,0.01761,0.00451,0.024,0.134,Misc,Consumer Cyclical,Textile Manufacturing,2026-05-16,Textile Manufacturing,0,0,0,25.84,50.09,50.04,14.55,37.965,38.04,WEAK GROWTH,20,0,28.41,21.15,7.39,43.24,18.92,20.27,0.0,12.61,12.48,18.75,0,AVOID,BEAR MARKET,-31.31,MODERATE VOLATILITY,RISK ON,6.27,Metals,0,22.56,86.63,0,14.82,0,990,E,84.16,21.11,4.957726632221701,0.01
AMANTA,5025682944.0,MICRO CAP,129.42999267578125,36.769886,2.1194751,0.131185,88.22,0.14348,0.04834,0.098,-0.106,Misc,Healthcare,Drug Manufacturers - Specialty & Generic,2026-05-16,Drug Manufacturers - Specialty & Generic,0,0,0,40.52,19.93,50.04,68.25,30.225,37.99,WEAK GROWTH,20,0,28.28,21.15,7.39,34.78,14.13,6.52,0.0,12.52,12.42,18.7,0,AVOID,BEAR MARKET,-31.31,MODERATE VOLATILITY,RISK ON,6.24,Metals,0,22.54,86.65,0,14.78,0,991,E,84.18,21.06,4.944822728339985,0.01
JKPAPER,69200306176.0,SMALL CAP,381.6499938964844,27.183048,1.18007,0.131185,37.239,0.045479998,0.03822,0.08,-0.583,Misc,Basic Materials,Paper & Paper Products,2026-05-16,Paper & Paper Products,0,0,0,35.98,6.88,50.04,23.1,21.43,27.32,WEAK GROWTH,28,10,11.24,44.82,29.42,20.0,70.0,60.0,0.0,13.76,13.91,18.67,0,AVOID,BEAR MARKET,-31.31,MODERATE VOLATILITY,RISK ON,11.92,Metals,0,23.65,80.53,0,16.79,0,992,E,78.23,18.99,4.793638773191972,0.01
JAYAGROGN,6693000192.0,MICRO CAP,223.10000610351562,15.15625,1.1362247,0.131185,30.871,0.02082,0.01847,0.013,-0.511,Chemicals,Basic Materials,Specialty Chemicals,2026-05-16,Specialty Chemicals,0,0,0,23.72,8.11,50.04,15.7,15.915,22.72,WEAK GROWTH,35,0,6.49,64.29,11.69,9.26,64.81,13.89,0.0,11.11,15.06,18.6,0,AVOID,BEAR MARKET,-31.31,MODERATE VOLATILITY,RISK ON,6.54,Metals,0,23.46,78.98,0,15.67,0,993,E,74.58,15.63,4.136014818735116,0.01
CTE,623147456.0,MICRO CAP,32.369998931884766,26.7615915,0.939132,0.131185,117.654,0.078590006,-0.05007,-0.093,0.134,Technology,Technology,Information Technology Services,2026-05-16,IT Services,0,0,0,15.12,50.09,50.04,36.95,32.605000000000004,36.53,WEAK GROWTH,23,0,23.53,18.63,5.88,29.03,16.13,9.68,0.0,12.96,11.51,18.6,0,AVOID,BEAR MARKET,-31.31,MODERATE VOLATILITY,RISK ON,6.12,Metals,0,23.14,85.62,0,14.62,0,994,E,82.75,20.6,4.919402985074627,0.01
ALOKINDS,68520316928.0,SMALL CAP,13.800000190734863,26.7615915,-0.31647024,0.131185,27.014499999999998,-0.058730002,-0.20031,0.031,0.134,Misc,Consumer Cyclical,Textile Manufacturing,2026-05-16,Textile Manufacturing,0,0,0,27.16,50.09,50.04,7.14,38.625,37.76,WEAK GROWTH,18,10,28.03,9.28,29.42,40.54,5.41,52.7,0.0,14.81,11.52,18.56,0,AVOID,BEAR MARKET,-31.31,MODERATE VOLATILITY,RISK ON,11.58,Metals,0,23.07,85.87,0,15.96,0,995,E,84.84,22.65,5.277260018639328,0.01
BAJEL,20440176640.0,SMALL CAP,176.6699981689453,185.96841,1.7676191,0.131185,15.984,0.03903,0.00424,-0.096,0.134,Misc,Utilities,Utilities - Regulated Electric,2026-05-16,Utilities - Regulated Electric,0,0,0,14.86,50.09,50.04,20.46,32.475,34.79,WEAK GROWTH,20,10,24.24,21.15,29.42,40.0,40.0,40.0,0.0,14.2,12.49,18.5,0,AVOID,BEAR MARKET,-31.31,MODERATE VOLATILITY,RISK ON,11.67,Metals,0,22.93,84.63,0,16.18,0,996,E,83.35,21.52,5.102548903378779,0.01
IONEXCHANG,47961313280.0,SMALL CAP,390.1499938964844,25.450098,3.5781758,0.131185,32.485,0.05539,0.06302,0.064,-0.582,Misc,Industrials,Pollution & Treatment Controls,2026-05-16,Pollution & Treatment Controls,0,0,0,33.11,6.97,50.04,27.51,20.04,26.79,WEAK GROWTH,28,10,10.86,44.82,29.42,50.0,100.0,100.0,0.0,13.58,13.78,18.46,0,AVOID,BEAR MARKET,-31.31,MODERATE VOLATILITY,RISK ON,11.84,Metals,0,23.45,80.58,0,16.63,0,997,E,78.28,18.7,4.717457114026236,0.01
ACEINTEG,194412000.0,MICRO CAP,19.059999465942383,26.7615915,1.1081394,0.131185,0.64,-2.9287684859999996,-0.92593,-0.8060582,0.134,Misc,Industrials,Staffing & Employment Services,2026-05-16,Staffing & Employment Services,0,0,0,0.57,50.09,50.04,0.57,25.330000000000002,27.8,WEAK GROWTH,28,5,11.93,44.82,14.84,33.33,50.0,66.67,0.0,12.43,13.48,18.26,0,AVOID,BEAR MARKET,-31.31,MODERATE VOLATILITY,RISK ON,8.98,Metals,0,23.03,81.68,0,15.7,0,998,E,78.78,18.11,4.53998495863625,0.01
ELGIRUBCO,2415412992.0,MICRO CAP,48.2599983215332,26.7615915,1.4499023,0.131185,183.179,-0.27504,-0.14099,0.094,0.134,Automobiles,Consumer Cyclical,Auto Parts,2026-05-16,Auto Components,0,0,0,39.15,50.09,50.04,4.14,44.620000000000005,41.66,SLOW GROWTH,18,0,20.0,5.56,4.44,21.05,3.95,5.26,0.0,13.49,9.23,18.1,0,AVOID,BEAR MARKET,-31.31,MODERATE VOLATILITY,RISK ON,5.68,Metals,0,22.7,88.67,0,13.7,0,999,E,86.42,22.23,5.085792724776939,0.01
BODALCHEM,8541526528.0,MICRO CAP,67.81999969482422,28.258331,0.77078694,0.131185,77.215,0.011419999,0.01617,0.104,-0.9368978,Chemicals,Basic Materials,Specialty Chemicals,2026-05-16,Specialty Chemicals,0,0,0,41.84,0.57,50.04,13.32,21.205000000000002,26.18,WEAK GROWTH,28,10,14.29,37.66,33.77,16.67,39.81,36.11,0.0,13.23,13.08,17.98,0,AVOID,BEAR MARKET,-31.31,MODERATE VOLATILITY,RISK ON,11.58,Metals,0,23.17,80.82,0,16.19,0,1000,E,78.51,18.25,4.590617532385863,0.01
EMKAY,5126181376.0,MICRO CAP,194.63999938964844,28.581497,1.6478157,0.131185,23.429,0.06874,0.05784,0.076,-0.52,Misc,Financial Services,Capital Markets,2026-05-16,Capital Markets,0,0,0,35.27,7.94,50.04,32.36,21.605,28.37,WEAK GROWTH,28,0,13.01,44.82,7.39,27.27,24.24,9.09,0.0,10.76,12.98,17.76,0,AVOID,BEAR MARKET,-31.31,MODERATE VOLATILITY,RISK ON,5.94,Metals,0,22.43,82.86,0,14.54,0,1001,E,79.35,17.15,4.268823895457373,0.01
ASTRON,201337392.0,MICRO CAP,4.260000228881836,26.7615915,0.24422404,0.131185,94.276,-0.66063005,0.0,0.056,0.134,Misc,Basic Materials,Paper & Paper Products,2026-05-16,Paper & Paper Products,0,0,0,31.97,50.09,50.04,2.38,41.03,38.97,WEAK GROWTH,18,0,29.67,9.28,7.39,40.0,40.0,20.0,0.0,11.99,10.64,17.75,0,AVOID,BEAR MARKET,-31.31,MODERATE VOLATILITY,RISK ON,5.66,Metals,0,21.9,88.18,0,13.78,0,1002,E,85.94,20.93,4.814814814814815,0.01
HIMATSEIDE,9858195456.0,MICRO CAP,78.4000015258789,11.95122,0.46838966,0.131185,121.696,0.09887999,0.028380001,-0.116,-0.643,Misc,Consumer Cyclical,Textile Manufacturing,2026-05-16,Textile Manufacturing,0,0,0,13.71,5.42,50.04,43.92,9.565000000000001,21.1,WEAK GROWTH,35,0,6.44,65.91,7.39,10.81,64.86,20.27,0.0,9.52,14.66,17.71,0,AVOID,BEAR MARKET,-31.31,MODERATE VOLATILITY,RISK ON,6.04,Metals,0,22.85,79.12,0,15.06,0,1003,E,74.72,14.44,3.81405176967776,0.01
AKUMS,79146115072.0,SMALL CAP,516.9500122070312,31.04805,2.3872306,0.08019,4.726,0.12312,0.05686,0.127,-0.426,Misc,Healthcare,Drug Manufacturers - Specialty & Generic,2026-05-16,Drug Manufacturers - Specialty & Generic,0,0,0,61.11,10.32,6.88,63.32,35.715,32.71,WEAK GROWTH,18,20,22.22,9.28,53.03,26.09,8.7,30.43,0.0,15.34,10.86,17.42,0,AVOID,BEAR MARKET,-31.31,MODERATE VOLATILITY,RISK ON,16.55,Metals,0,22.73,84.1,0,16.62,0,1004,E,84.27,21.92,5.1413158203354055,0.01
AEPL,4094411520.0,MICRO CAP,16.309999465942383,42.92105,4.5406456,0.131185,2.301,0.24391001,0.12214,-0.769,-0.7,Misc,Industrials,Electrical Equipment & Parts,2026-05-16,Electrical Equipment & Parts,0,0,0,1.41,4.23,50.04,82.89,2.8200000000000003,20.27,WEAK GROWTH,32,10,5.3,55.18,29.42,4.0,56.0,18.0,0.0,11.82,13.8,17.33,0,AVOID,BEAR MARKET,-31.31,MODERATE VOLATILITY,RISK ON,11.4,Metals,0,22.77,78.77,0,16.05,0,1005,E,75.95,15.77,4.098765432098766,0.01
AFFORDABLE,1912412800.0,MICRO CAP,161.3699951171875,40.443607,1.7783582,0.131185,69.146,0.12226,0.029660001,-0.421,0.134,Misc,Industrials,Specialty Industrial Machinery,2026-05-16,Specialty Industrial Machinery,0,0,0,4.19,50.09,50.04,63.14,27.14,35.32,WEAK GROWTH,20,0,25.0,21.15,7.39,16.13,20.97,4.84,0.0,10.67,11.19,17.21,0,AVOID,BEAR MARKET,-31.31,MODERATE VOLATILITY,RISK ON,5.46,Metals,0,21.48,87.08,0,13.62,0,1006,E,84.59,19.25,4.498189040775792,0.01
FMNL,659355776.0,MICRO CAP,10.359999656677246,26.7615915,0.60602516,0.131185,160.459,0.15001,-0.23777,-0.077,-0.554,Misc,Real Estate,Real Estate Services,2026-05-16,Real Estate Services,0,0,0,16.05,7.5,50.04,70.11,11.775,25.26,WEAK GROWTH,30,0,9.97,53.22,7.39,11.11,61.11,11.11,0.0,9.44,13.25,17.21,0,AVOID,BEAR MARKET,-31.31,MODERATE VOLATILITY,RISK ON,5.67,Metals,0,22.17,81.86,0,14.33,0,1007,E,78.09,15.63,3.9524592236692375,0.01
ABINFRA,8380916736.0,MICRO CAP,13.119999885559082,35.459457,5.390304,0.131185,58.087,0.13009,0.082370006,-0.008,0.105,Industrials,Industrials,Engineering & Construction,2026-05-16,Engineering & EPC,0,0,0,21.3,32.28,50.04,65.08,26.79,35.27,WEAK GROWTH,20,0,29.27,17.07,6.1,29.27,17.07,6.1,0.0,10.49,11.15,17.14,0,AVOID,BEAR MARKET,-31.31,MODERATE VOLATILITY,RISK ON,5.41,Metals,0,21.46,87.1,0,13.57,0,1008,E,84.61,19.17,4.4784487793482075,0.01
GLOBALVECT,2402119936.0,MICRO CAP,171.5800018310547,26.7615915,53.318832,0.131185,674.7245700000041,-0.04686,-0.02661,0.031,0.134,Misc,Industrials,Airports & Air Services,2026-05-16,Airports & Air Services,0,0,0,27.16,50.09,50.04,7.5,38.625,37.8,WEAK GROWTH,18,0,28.16,9.28,7.39,66.67,33.33,50.0,0.0,11.29,10.13,17.13,0,AVOID,BEAR MARKET,-31.31,MODERATE VOLATILITY,RISK ON,5.36,Metals,0,21.44,88.35,0,13.3,0,1009,E,86.11,20.18,4.633222362530135,0.01
GEMAROMA,8176678912.0,MICRO CAP,156.52999877929688,29.148975,1.1196148,0.131185,31.583,-0.02152,0.06113,-0.185,0.134,Misc,Basic Materials,Chemicals,2026-05-16,Chemicals,0,0,0,9.48,50.09,50.04,9.44,29.785000000000004,31.8,WEAK GROWTH,23,0,20.33,31.44,7.39,41.67,37.5,12.5,0.0,9.79,11.68,16.93,0,AVOID,BEAR MARKET,-31.31,MODERATE VOLATILITY,RISK ON,5.37,Metals,0,21.5,85.56,0,13.64,0,1010,E,82.69,17.79,4.251403990918867,0.01
BAJAJHCARE,9565244416.0,MICRO CAP,284.1499938964844,17.572664,1.838516,0.042659998,46.734,0.09831,0.0255,-0.009,0.134,Misc,Healthcare,Drug Manufacturers - Specialty & Generic,2026-05-16,Drug Manufacturers - Specialty & Generic,0,0,0,21.12,50.09,3.7,43.65,35.605000000000004,30.03,WEAK GROWTH,25,0,17.05,34.47,7.39,21.74,19.57,6.52,0.0,9.7,11.61,16.82,0,AVOID,BEAR MARKET,-31.31,MODERATE VOLATILITY,RISK ON,5.33,Metals,0,21.67,84.69,0,13.62,0,1011,E,81.55,17.14,4.152634766807996,0.01
ARCHIES,505348800.0,MICRO CAP,14.960000038146973,26.7615915,0.41354528,0.131185,33.451,0.01466,-0.017760001,-0.229,0.134,Misc,Consumer Cyclical,Specialty Retail,2026-05-16,Specialty Retail,0,0,0,7.67,50.09,50.04,13.93,28.880000000000003,31.62,WEAK GROWTH,23,0,20.08,31.44,7.39,66.67,66.67,33.33,0.0,9.61,11.57,16.8,0,AVOID,BEAR MARKET,-31.31,MODERATE VOLATILITY,RISK ON,5.3,Metals,0,21.42,85.6,0,13.54,0,1012,E,82.73,17.65,4.215932162904574,0.01
BALAXI,1428770048.0,MICRO CAP,25.8799991607666,15.134502,0.5680671,0.131185,23.745,0.03487,0.03424,-0.01,-0.9368978,Misc,Healthcare,Drug Manufacturers - Specialty & Generic,2026-05-16,Drug Manufacturers - Specialty & Generic,0,0,0,20.9,0.57,50.04,19.05,10.735,19.43,WEAK GROWTH,35,0,4.55,65.91,7.39,10.87,54.35,6.52,0.0,8.29,13.88,16.76,0,AVOID,BEAR MARKET,-31.31,MODERATE VOLATILITY,RISK ON,5.54,Metals,0,22.19,79.39,0,14.32,0,1013,E,74.98,13.28,3.495656751776783,0.0
ARSHIYA,316171104.0,MICRO CAP,1.2000000476837158,26.7615915,-0.009952973,0.131185,27.014499999999998,-0.88708,0.0,0.028,0.134,Misc,Industrials,Integrated Freight & Logistics,2026-05-16,Integrated Freight & Logistics,0,0,0,26.54,50.09,50.04,2.12,38.315,37.04,WEAK GROWTH,18,0,27.27,9.28,7.39,54.55,9.09,22.73,0.0,10.58,9.71,16.64,0,AVOID,BEAR MARKET,-31.31,MODERATE VOLATILITY,RISK ON,5.07,Metals,0,21.14,88.5,0,12.92,0,1014,E,86.26,19.6,4.492321796928719,0.01
FOODSIN,4122179328.0,MICRO CAP,56.060001373291016,13.159624,0.8644831,0.131185,88.516,0.071040004,0.03235,-0.206,-0.5,Misc,Consumer Defensive,Packaged Foods,2026-05-16,Packaged Foods,0,0,0,8.42,8.64,50.04,33.42,8.530000000000001,19.32,WEAK GROWTH,35,0,4.42,65.91,7.39,7.69,76.92,11.54,0.0,8.02,13.76,16.62,0,AVOID,BEAR MARKET,-31.31,MODERATE VOLATILITY,RISK ON,5.44,Metals,0,22.14,79.43,0,14.21,0,1015,E,75.02,13.14,3.45698500394633,0.0
IMAGICAA,24456531968.0,SMALL CAP,43.220001220703125,160.07407,1.9370743,0.131185,15.4,-0.0054,0.03888,0.002,0.134,Misc,Communication Services,Entertainment,2026-05-16,Entertainment,0,0,0,22.4,50.09,50.04,11.2,36.245000000000005,36.5,WEAK GROWTH,15,10,26.39,4.73,29.42,63.64,18.18,59.09,0.0,12.7,9.75,16.62,0,AVOID,BEAR MARKET,-31.31,MODERATE VOLATILITY,RISK ON,10.61,Metals,0,21.25,87.84,0,14.33,0,1016,E,87.19,21.12,4.789658691461617,0.01
FAIRCHEMOR,7784897024.0,MICRO CAP,618.0499877929688,334.0811,2.750997,0.131185,18.502,0.0138,0.00527,-0.118,0.134,Chemicals,Basic Materials,Specialty Chemicals,2026-05-16,Specialty Chemicals,0,0,0,13.23,50.09,50.04,13.84,31.660000000000004,33.55,WEAK GROWTH,20,0,32.47,20.78,11.69,33.33,20.37,13.89,0.0,8.99,11.58,16.59,0,AVOID,BEAR MARKET,-31.31,MODERATE VOLATILITY,RISK ON,5.14,Metals,0,20.9,86.95,0,13.34,0,1017,E,84.46,18.1,4.2358998361806695,0.01
HDFCLIFE,1313136181248.0,LARGE CAP,608.7000122070312,68.47019,7.3856125,0.11281,17.46,0.0269,0.01915,-0.177,0.041,Financials,Financial Services,Insurance - Life,2026-05-16,Life Insurance,0,0,0,9.88,27.91,9.61,16.58,18.895,16.81,WEAK GROWTH,20,30,2.56,8.33,28.85,33.33,83.33,83.33,0.0,10.98,6.03,16.52,0,AVOID,BEAR MARKET,-31.31,MODERATE VOLATILITY,RISK ON,19.25,Metals,0,18.99,82.89,0,15.07,0,1018,E,83.95,15.28,3.597410241318422,0.01
HMVL,4704948736.0,MICRO CAP,64.0,7.079646,0.30306762,0.131185,5.327,-0.021389998,0.08396,0.075,-0.9368978,Misc,Communication Services,Publishing,2026-05-16,Publishing,0,0,0,35.1,0.57,50.04,9.52,17.835,23.44,WEAK GROWTH,30,0,8.71,53.22,7.39,16.67,66.67,33.33,0.0,7.94,12.47,16.16,0,AVOID,BEAR MARKET,-31.31,MODERATE VOLATILITY,RISK ON,5.1,Metals,0,21.45,82.14,0,13.53,0,1019,E,78.36,14.34,3.6139112903225805,0.0
GILLANDERS,2006180480.0,MICRO CAP,94.0,13.037448,0.7866372,0.131185,57.589,0.05277,0.03568,-0.163,-0.651,Misc,Consumer Defensive,Farm Products,2026-05-16,Farm Products,0,0,0,10.71,5.29,50.04,26.19,8.0,18.23,WEAK GROWTH,35,0,3.79,65.91,7.39,10.0,70.0,25.0,0.0,7.5,13.46,16.16,0,AVOID,BEAR MARKET,-31.31,MODERATE VOLATILITY,RISK ON,5.24,Metals,0,21.73,79.54,0,13.87,0,1020,E,75.12,12.51,3.2869153967419864,0.0
GSS,343747168.0,MICRO CAP,13.319999694824219,26.7615915,0.10007062,0.131185,41.074,0.03375,-0.01895,-0.205,0.134,Technology,Technology,Information Technology Services,2026-05-16,IT Services,0,0,0,8.55,50.09,50.04,18.61,29.32,32.39,WEAK GROWTH,23,0,13.73,18.63,5.88,16.13,16.13,9.68,0.0,10.41,9.02,16.14,0,AVOID,BEAR MARKET,-31.31,MODERATE VOLATILITY,RISK ON,4.86,Metals,0,21.44,86.49,0,12.6,0,1021,E,83.59,17.82,4.2132639791937585,0.01
GEOJITFSL,20638289920.0,SMALL CAP,73.94000244140625,22.071644,1.7226999,0.06585,9.473,0.1257,0.12202,0.081,-0.435,Misc,Financial Services,Capital Markets,2026-05-16,Capital Markets,0,0,0,36.42,10.14,5.29,63.98,23.28,23.75,WEAK GROWTH,23,20,8.84,31.44,53.03,18.18,16.67,39.39,0.0,12.79,11.16,15.86,0,AVOID,BEAR MARKET,-31.31,MODERATE VOLATILITY,RISK ON,15.99,Metals,0,21.63,81.74,0,15.87,0,1022,E,81.26,17.88,4.347191830780452,0.01
HALDER,2859527168.0,MICRO CAP,229.89999389648438,805.9944712000163,1.8896459,0.131185,199.222,0.18708,0.00592,-0.592,-0.023,Misc,Consumer Defensive,Farm Products,2026-05-16,Farm Products,0,0,0,2.38,23.81,50.04,77.34,13.094999999999999,26.91,WEAK GROWTH,27,0,10.98,36.36,7.39,40.0,30.0,25.0,0.0,8.73,10.59,15.85,0,AVOID,BEAR MARKET,-31.31,MODERATE VOLATILITY,RISK ON,4.83,Metals,0,21.28,84.14,0,12.87,0,1023,E,80.74,15.54,3.802299975532175,0.0
ALLTIME,15593470976.0,SMALL CAP,238.0399932861328,43.677063,2.273826,0.131185,22.351,0.1008,0.05831,0.071,-0.328,Consumer,Consumer Defensive,Household & Personal Products,2026-05-16,FMCG – Personal Care,0,0,0,34.35,12.52,50.04,44.36,23.435000000000002,30.85,WEAK GROWTH,20,10,11.76,17.65,20.59,8.33,12.5,16.67,0.0,11.9,9.17,15.81,0,AVOID,BEAR MARKET,-31.31,MODERATE VOLATILITY,RISK ON,10.27,Metals,0,21.21,85.79,0,13.85,0,1024,E,84.48,18.78,4.394010294805803,0.01
AMNPLST,11445260288.0,SMALL CAP,208.02000427246094,33.660194,4.25277,0.131185,11.324,0.078049995,0.05842,-0.253,-0.22,Misc,Basic Materials,Chemicals,2026-05-16,Chemicals,0,0,0,6.88,15.7,50.04,36.68,11.29,21.58,WEAK GROWTH,28,10,7.07,44.82,29.42,8.33,47.92,35.42,0.0,10.14,11.84,15.79,0,AVOID,BEAR MARKET,-31.31,MODERATE VOLATILITY,RISK ON,10.5,Metals,0,21.44,81.26,0,14.61,0,1025,E,78.94,15.32,3.832874655991994,0.01
IGPL,13680612352.0,SMALL CAP,444.25,26.7615915,1.0485458,0.131185,30.804,-0.01702,-0.00366,-0.166,0.134,Misc,Basic Materials,Chemicals,2026-05-16,Chemicals,0,0,0,10.36,50.09,50.04,10.05,30.225,32.17,WEAK GROWTH,18,10,21.34,9.28,29.42,45.83,20.83,35.42,0.0,11.55,9.21,15.71,0,AVOID,BEAR MARKET,-31.31,MODERATE VOLATILITY,RISK ON,10.19,Metals,0,20.88,86.68,0,13.74,0,1026,E,85.63,19.11,4.411866558928778,0.01
DCMSRIND,3535362304.0,MICRO CAP,40.63999938964844,3.894883706,0.38600725,0.131185,33.1,0.07095,0.03632,-0.476,-0.507,Misc,Consumer Defensive,Confectioners,2026-05-16,Confectioners,0,0,0,3.53,8.29,50.04,33.33,5.909999999999999,17.48,WEAK GROWTH,35,0,2.9,65.91,7.39,11.11,88.89,27.78,0.0,6.88,13.07,15.69,0,AVOID,BEAR MARKET,-31.31,MODERATE VOLATILITY,RISK ON,4.99,Metals,0,21.42,79.68,0,13.51,0,1027,E,75.26,11.96,3.136637817991083,0.0
CENTRUM,12139899904.0,SMALL CAP,23.489999771118164,26.7615915,2.201087,0.131185,307.801,-1.09132,-0.22763,-0.094,0.134,Financials,Financial Services,Financial Conglomerates,2026-05-16,NBFC – Investment,0,0,0,14.99,50.09,50.04,1.68,32.54,32.95,WEAK GROWTH,18,10,17.95,5.77,8.33,50.0,25.0,25.0,0.0,12.08,8.39,15.67,0,AVOID,BEAR MARKET,-31.31,MODERATE VOLATILITY,RISK ON,10.12,Metals,0,21.07,86.96,0,13.54,0,1028,E,85.91,19.46,4.478195834771603,0.01
ATAM,833245504.0,MICRO CAP,72.69000244140625,22.574535,2.2241602,0.131185,33.533,-0.04812,0.075500004,-0.401,0.134,Misc,Industrials,Specialty Industrial Machinery,2026-05-16,Specialty Industrial Machinery,0,0,0,4.59,50.09,50.04,7.41,27.340000000000003,29.89,WEAK GROWTH,23,0,16.41,31.44,7.39,6.45,35.48,4.84,0.0,8.2,10.46,15.66,0,AVOID,BEAR MARKET,-31.31,MODERATE VOLATILITY,RISK ON,4.66,Metals,0,20.71,85.99,0,12.62,0,1029,E,83.1,16.37,3.892984542211653,0.0
EMIL,46127529984.0,SMALL CAP,119.88999938964844,49.33745,2.9637594,0.131185,126.148,0.040510003,0.01306,0.029,-0.061,Misc,Consumer Cyclical,Specialty Retail,2026-05-16,Specialty Retail,0,0,0,26.94,22.13,50.04,21.25,24.535,29.31,WEAK GROWTH,20,10,15.4,21.15,29.42,33.33,33.33,66.67,0.0,10.98,9.87,15.56,0,AVOID,BEAR MARKET,-31.31,MODERATE VOLATILITY,RISK ON,10.21,Metals,0,20.75,85.55,0,13.84,0,1030,E,84.25,18.0,4.222873900293255,0.01
HCC,56082808832.0,SMALL CAP,21.40999984741211,22.536842,3.6019516,0.10915,47.912,0.1876,0.040560003,-0.259,-0.46,Industrials,Industrials,Engineering & Construction,2026-05-16,Engineering & EPC,0,0,0,6.61,9.61,9.26,77.43,8.11,15.27,WEAK GROWTH,35,10,2.44,50.0,19.51,2.44,50.0,19.51,0.0,10.01,11.87,15.55,0,AVOID,BEAR MARKET,-31.31,MODERATE VOLATILITY,RISK ON,10.47,Metals,0,22.03,78.1,0,14.66,0,1031,E,74.87,13.08,3.4480031633056543,0.01
AVROIND,1383307136.0,MICRO CAP,10.3100004196167,38.185184,1.5687767,0.131185,26.816,0.09133001,0.0475,0.035,0.0,Misc,Consumer Cyclical,"Furnishings, Fixtures & Appliances",2026-05-16,"Furnishings, Fixtures & Appliances",0,0,0,27.47,25.04,50.04,41.09,26.255,32.5,WEAK GROWTH,20,0,21.72,21.15,7.39,29.41,47.06,11.76,0.0,8.11,9.67,15.4,0,AVOID,BEAR MARKET,-31.31,MODERATE VOLATILITY,RISK ON,4.44,Metals,0,20.34,87.62,0,12.22,0,1032,E,85.11,17.12,3.9763093717338287,0.0
ABMINTLLTD,431168672.0,MICRO CAP,45.83000183105469,26.7615915,3.3360026,0.131185,109.454,-0.21989,-0.09676,-0.081,0.134,Chemicals,Basic Materials,Specialty Chemicals,2026-05-16,Specialty Chemicals,0,0,0,15.7,50.09,50.04,4.41,32.895,33.48,WEAK GROWTH,18,0,31.17,13.64,11.69,31.48,13.89,13.89,0.0,7.85,9.86,15.3,0,AVOID,BEAR MARKET,-31.31,MODERATE VOLATILITY,RISK ON,4.43,Metals,0,19.9,88.45,0,12.14,0,1033,E,86.21,17.38,3.9857814470817567,0.0
AKSHARCHEM,1594570112.0,MICRO CAP,198.5,26.7615915,0.60981226,0.131185,28.443,-0.01571,-0.01087,-0.114,0.134,Chemicals,Basic Materials,Specialty Chemicals,2026-05-16,Specialty Chemicals,0,0,0,13.98,50.09,50.04,10.32,32.035000000000004,33.46,WEAK GROWTH,18,0,29.87,13.64,11.69,29.63,13.89,13.89,0.0,7.76,9.63,15.18,0,AVOID,BEAR MARKET,-31.31,MODERATE VOLATILITY,RISK ON,4.35,Metals,0,19.87,88.53,0,12.02,0,1034,E,86.29,17.31,3.9660900446786567,0.0
CHEMPLASTS,36265590784.0,SMALL CAP,229.3699951171875,26.7615915,1.8676361,0.131185,96.728,-0.13163,-0.07008,-0.21,0.134,Misc,Basic Materials,Chemicals,2026-05-16,Chemicals,0,0,0,8.11,50.09,50.04,5.56,29.1,30.93,WEAK GROWTH,18,10,18.69,9.28,29.42,33.33,20.83,35.42,0.0,10.85,8.54,15.01,0,AVOID,BEAR MARKET,-31.31,MODERATE VOLATILITY,RISK ON,9.85,Metals,0,20.38,86.91,0,13.18,0,1035,E,85.86,18.31,4.2159797375086345,0.01
HTMEDIA,4897045504.0,MICRO CAP,21.170000076293945,805.9944712000163,0.30377385,0.131185,39.322,-0.01402,0.00017000001,0.014,0.134,Misc,Communication Services,Publishing,2026-05-16,Publishing,0,0,0,23.99,50.09,50.04,10.67,37.04,37.0,WEAK GROWTH,15,0,27.15,4.73,7.39,83.33,16.67,33.33,0.0,8.38,8.13,15.0,0,AVOID,BEAR MARKET,-31.31,MODERATE VOLATILITY,RISK ON,4.13,Metals,0,19.76,90.4,0,11.52,0,1036,E,88.53,18.54,4.141628504411929,0.0
HERANBA,8183554560.0,MICRO CAP,204.52000427246094,26.7615915,0.97838676,0.131185,60.274,-0.04393,-0.037320003,-0.117,0.134,Chemicals,Basic Materials,Agricultural Inputs,2026-05-16,Agrochemicals,0,0,0,13.49,50.09,50.04,7.76,31.790000000000003,33.04,WEAK GROWTH,18,0,28.57,13.64,11.69,30.43,15.22,8.7,0.0,7.41,9.3,14.88,0,AVOID,BEAR MARKET,-31.31,MODERATE VOLATILITY,RISK ON,4.18,Metals,0,19.69,88.64,0,11.77,0,1037,E,86.4,16.99,3.88787185354691,0.0
JKIPL,3216747008.0,MICRO CAP,83.80000305175781,26.7615915,1.296732,0.131185,35.053,-0.20323999,0.0133299995,-0.76,0.134,Misc,Industrials,Farm & Heavy Construction Machinery,2026-05-16,Farm & Heavy Construction Machinery,0,0,0,1.54,50.09,50.04,4.59,25.815,28.54,WEAK GROWTH,23,0,13.83,31.44,7.39,33.33,22.22,11.11,0.0,7.32,9.72,14.88,0,AVOID,BEAR MARKET,-31.31,MODERATE VOLATILITY,RISK ON,4.26,Metals,0,20.16,86.25,0,11.99,0,1038,E,83.36,15.46,3.6652441915599816,0.0
DALBHARAT,324301488128.0,MID CAP,1727.5,28.9849,1.8256024,0.06501,40.865,0.1265,0.07694,0.038,-0.108,Misc,Basic Materials,Building Materials,2026-05-16,Building Materials,0,0,0,28.17,19.75,5.11,64.37,23.96,24.23,WEAK GROWTH,18,20,8.96,9.28,53.03,5.88,29.41,50.0,0.0,10.32,6.86,14.87,0,AVOID,BEAR MARKET,-31.31,MODERATE VOLATILITY,RISK ON,14.3,Metals,0,19.37,85.5,0,13.62,0,1039,E,85.63,16.61,3.834699295855939,0.01
EMBDL,97635942400.0,SMALL CAP,70.23999786376953,26.7615915,0.9342413,0.131185,45.923,-0.81169,-0.18847,-0.237,0.134,Misc,Real Estate,Real Estate - Diversified,2026-05-16,Real Estate - Diversified,0,0,0,7.45,50.09,50.04,2.2,28.770000000000003,30.37,WEAK GROWTH,18,10,17.68,9.28,29.42,33.33,66.67,83.33,0.0,10.23,8.14,14.59,0,AVOID,BEAR MARKET,-31.31,MODERATE VOLATILITY,RISK ON,9.59,Metals,0,20.14,87.05,0,12.84,0,1040,E,85.99,17.84,4.101620875962755,0.01
AAATECH,1200331904.0,MICRO CAP,93.58000183105469,38.04065,3.8986793,0.131185,27.014499999999998,0.11416,0.12382,-0.31,-0.186,Technology,Technology,Information Technology Services,2026-05-16,IT Services,0,0,0,5.73,17.11,50.04,60.14,11.42,24.02,WEAK GROWTH,25,10,7.84,23.53,21.57,9.68,22.58,29.03,0.0,10.01,8.71,14.54,0,AVOID,BEAR MARKET,-31.31,MODERATE VOLATILITY,RISK ON,9.68,Metals,0,20.78,83.7,0,13.12,0,1041,E,81.74,15.64,3.780517283055355,0.0
AHLADA,551726720.0,MICRO CAP,42.70000076293945,23.591162,0.40060797,0.131185,26.993,0.06421,0.01924,-0.071,-0.444,Misc,Industrials,Building Products & Equipment,2026-05-16,Building Products & Equipment,0,0,0,16.75,9.88,50.04,31.17,13.315000000000001,22.45,WEAK GROWTH,28,0,7.95,44.82,7.39,11.76,76.47,17.65,0.0,6.53,10.53,14.53,0,AVOID,BEAR MARKET,-31.31,MODERATE VOLATILITY,RISK ON,4.26,Metals,0,20.11,83.71,0,12.08,0,1042,E,80.18,13.15,3.2397142153239713,0.0
AXITA,3010238208.0,MICRO CAP,7.869999885559082,157.4,4.352876,0.131185,34.066,0.05291,0.00494,-0.608,0.134,Misc,Consumer Cyclical,Textile Manufacturing,2026-05-16,Textile Manufacturing,0,0,0,2.2,50.09,50.04,26.28,26.145000000000003,30.94,WEAK GROWTH,20,0,18.88,21.15,7.39,32.43,18.92,20.27,0.0,7.14,8.86,14.52,0,AVOID,BEAR MARKET,-31.31,MODERATE VOLATILITY,RISK ON,4.0,Metals,0,19.72,87.9,0,11.52,0,1043,E,85.39,16.09,3.7249681676119923,0.0
GLOTTIS,5353829888.0,MICRO CAP,57.939998626708984,13.961445,2.3580644,0.131185,25.397,0.03271,0.04593,-0.268,-0.827,Misc,Industrials,Integrated Freight & Logistics,2026-05-16,Integrated Freight & Logistics,0,0,0,6.35,1.94,50.04,18.25,4.145,14.73,WEAK GROWTH,35,0,1.77,65.91,7.39,9.09,81.82,22.73,0.0,5.47,12.34,14.5,0,AVOID,BEAR MARKET,-31.31,MODERATE VOLATILITY,RISK ON,4.45,Metals,0,20.39,79.93,0,12.63,0,1044,E,75.5,10.35,2.705882352941176,0.0
AKSHOPTFBR,1085195520.0,MICRO CAP,6.670000076293945,26.7615915,-69.479164,0.131185,27.014499999999998,-0.16188,-0.18691999,-0.089,0.134,Misc,Technology,Communication Equipment,2026-05-16,Communication Equipment,0,0,0,15.39,50.09,50.04,5.03,32.74,33.43,WEAK GROWTH,18,0,23.11,9.28,7.39,25.0,37.5,12.5,0.0,7.67,7.93,14.48,0,AVOID,BEAR MARKET,-31.31,MODERATE VOLATILITY,RISK ON,3.9,Metals,0,19.69,89.12,0,11.24,0,1045,E,86.86,17.01,3.872069201001594,0.0
GENCON,2266341888.0,MICRO CAP,39.77000045776367,23.257309,0.78119785,0.131185,23.407,0.08543,0.042600002,-0.136,-0.189,Industrials,Industrials,Engineering & Construction,2026-05-16,Engineering & EPC,0,0,0,11.99,17.02,50.04,39.33,14.504999999999999,24.09,WEAK GROWTH,28,0,12.2,29.27,6.1,12.2,29.27,6.1,0.0,7.23,9.11,14.47,0,AVOID,BEAR MARKET,-31.31,MODERATE VOLATILITY,RISK ON,4.08,Metals,0,20.54,84.21,0,11.75,0,1046,E,80.66,13.79,3.3774185647807986,0.0
EASEMYTRIP,28767508480.0,SMALL CAP,7.909999847412109,26.7615915,3.3221335,0.131185,4.102,0.10265,-0.01942,0.007,-0.778,Misc,Consumer Cyclical,Travel Services,2026-05-16,Travel Services,0,0,0,22.75,2.29,50.04,55.56,12.52,24.33,WEAK GROWTH,23,10,9.09,31.44,29.42,33.33,66.67,33.33,0.0,8.91,9.64,14.4,0,AVOID,BEAR MARKET,-31.31,MODERATE VOLATILITY,RISK ON,9.64,Metals,0,20.18,84.28,0,13.18,0,1047,E,82.58,15.48,3.704235463029433,0.0
HMT,68079341568.0,SMALL CAP,56.540000915527344,26.7615915,-1.021555,0.131185,27.014499999999998,-0.45895,-1.0180927,-0.286,0.134,Misc,Industrials,Farm & Heavy Construction Machinery,2026-05-16,Farm & Heavy Construction Machinery,0,0,0,6.17,50.09,50.04,3.17,28.130000000000003,30.02,WEAK GROWTH,18,10,16.86,9.28,29.42,44.44,11.11,27.78,0.0,9.88,7.87,14.32,0,AVOID,BEAR MARKET,-31.31,MODERATE VOLATILITY,RISK ON,9.44,Metals,0,19.99,87.15,0,12.62,0,1048,E,86.09,17.55,4.030313468825353,0.01
EUREKAFORB,99029106688.0,SMALL CAP,511.79998779296875,62.111652,2.204818,0.131185,2.009,0.07972,0.06107,0.08,-0.713,Misc,Consumer Cyclical,"Furnishings, Fixtures & Appliances",2026-05-16,"Furnishings, Fixtures & Appliances",0,0,0,35.98,3.7,50.04,37.21,19.84,27.62,WEAK GROWTH,20,10,11.49,21.15,29.42,11.76,47.06,32.35,0.0,9.3,8.62,14.3,0,AVOID,BEAR MARKET,-31.31,MODERATE VOLATILITY,RISK ON,9.48,Metals,0,20.03,85.98,0,12.82,0,1049,E,84.67,16.62,3.880004669079024,0.0
AGARIND,6212717568.0,MICRO CAP,415.3500061035156,10.650001,0.94587123,0.131185,63.478,0.01835,0.02819,-0.247,-0.899,Chemicals,Basic Materials,Specialty Chemicals,2026-05-16,Specialty Chemicals,0,0,0,7.05,1.41,50.04,14.73,4.2299999999999995,14.44,WEAK GROWTH,35,0,2.6,64.29,11.69,3.7,64.81,13.89,0.0,5.2,12.11,14.28,0,AVOID,BEAR MARKET,-31.31,MODERATE VOLATILITY,RISK ON,4.33,Metals,0,20.26,80.01,0,12.45,0,1050,E,75.58,10.12,2.6429877252546357,0.0
BSL,1278596096.0,MICRO CAP,124.2300033569336,34.99437,1.0632763,0.131185,366.394,0.05336,0.0054900004,-0.017,-0.611,Misc,Consumer Cyclical,Textile Manufacturing,2026-05-16,Textile Manufacturing,0,0,0,20.24,6.08,50.04,26.72,13.16,21.89,WEAK GROWTH,28,0,7.2,44.82,7.39,16.22,44.59,20.27,0.0,6.17,10.27,14.23,0,AVOID,BEAR MARKET,-31.31,MODERATE VOLATILITY,RISK ON,4.11,Metals,0,19.89,83.81,0,11.84,0,1051,E,80.27,12.78,3.1450719822812845,0.0
CHEMBOND,2391912448.0,MICRO CAP,177.86000061035156,18.722105,1.4775003,0.131185,3.705,0.05298,0.05519,-0.502,-0.865,Chemicals,Basic Materials,Specialty Chemicals,2026-05-16,Specialty Chemicals,0,0,0,3.26,1.5,50.04,26.46,2.38,14.32,WEAK GROWTH,35,0,1.3,64.29,11.69,1.85,64.81,13.89,0.0,5.03,11.85,14.11,0,AVOID,BEAR MARKET,-31.31,MODERATE VOLATILITY,RISK ON,4.22,Metals,0,20.2,80.1,0,12.29,0,1052,E,75.67,9.97,2.600756488848311,0.0
ISHANCH,1719721344.0,MICRO CAP,62.93000030517578,26.7615915,0.9674245,0.131185,62.878,-0.19035,-0.16657,-0.118,0.134,Misc,Basic Materials,Chemicals,2026-05-16,Chemicals,0,0,0,13.23,50.09,50.04,4.67,31.660000000000004,32.64,WEAK GROWTH,18,0,21.84,9.28,7.39,50.0,20.83,12.5,0.0,7.05,7.49,13.99,0,AVOID,BEAR MARKET,-31.31,MODERATE VOLATILITY,RISK ON,3.64,Metals,0,19.37,89.28,0,10.85,0,1053,E,87.01,16.44,3.7359390978297924,0.0
HARDWYN,11629614080.0,SMALL CAP,23.809999465942383,99.208336,2.8704038,0.131185,1.527,0.052010003,0.06179,0.058,-0.5,Misc,Industrials,Building Products & Equipment,2026-05-16,Building Products & Equipment,0,0,0,32.36,8.64,50.04,25.66,20.5,26.92,WEAK GROWTH,20,10,11.11,21.15,29.42,17.65,41.18,44.12,0.0,8.82,8.37,13.94,0,AVOID,BEAR MARKET,-31.31,MODERATE VOLATILITY,RISK ON,9.3,Metals,0,19.76,86.07,0,12.55,0,1054,E,84.75,16.16,3.7690962099125365,0.0
BAJAJELEC,45360091136.0,SMALL CAP,393.1000061035156,126.39872,2.6282887,0.131185,84.783,-0.02102,0.00795,-0.185,0.134,Misc,Consumer Cyclical,"Furnishings, Fixtures & Appliances",2026-05-16,"Furnishings, Fixtures & Appliances",0,0,0,9.48,50.09,50.04,9.7,29.785000000000004,31.83,WEAK GROWTH,15,10,20.45,4.73,29.42,23.53,11.76,32.35,0.0,9.17,7.44,13.88,0,AVOID,BEAR MARKET,-31.31,MODERATE VOLATILITY,RISK ON,9.15,Metals,0,19.38,88.65,0,12.19,0,1055,E,87.97,17.85,4.012588512981904,0.0
JPPOWER,133916590080.0,MID CAP,19.540000915527344,39.877552,1.9910333,0.03603,26.634,0.0032499998,0.081,0.034,0.134,Misc,Utilities,Utilities - Independent Power Producers,2026-05-16,Utilities - Independent Power Producers,0,0,0,27.34,50.09,3.53,12.17,38.715,29.02,WEAK GROWTH,10,20,14.96,2.65,53.03,40.0,20.0,40.0,0.0,8.55,6.06,13.87,0,AVOID,BEAR MARKET,-31.31,MODERATE VOLATILITY,RISK ON,13.65,Metals,0,17.76,89.38,0,12.64,0,1056,E,90.54,17.5,3.823465151846187,0.0
APOLLOPIPE,22956648448.0,SMALL CAP,522.7000122070312,156.02986,3.317993,0.131185,7.855,-0.012949999,0.01517,-0.197,0.134,Misc,Industrials,Building Products & Equipment,2026-05-16,Building Products & Equipment,0,0,0,8.99,50.09,50.04,10.76,29.540000000000003,31.76,WEAK GROWTH,15,10,20.2,4.73,29.42,41.18,11.76,44.12,0.0,9.08,7.37,13.82,0,AVOID,BEAR MARKET,-31.31,MODERATE VOLATILITY,RISK ON,9.11,Metals,0,19.35,88.67,0,12.14,0,1057,E,87.99,17.79,3.998202045173615,0.0
AMDIND,871703680.0,MICRO CAP,45.47999954223633,26.7615915,0.5586537,0.131185,53.424,-0.14892,-0.02091,-0.154,0.134,Misc,Consumer Cyclical,Packaging & Containers,2026-05-16,Packaging & Containers,0,0,0,11.02,50.09,50.04,5.29,30.555,31.93,WEAK GROWTH,18,0,20.83,9.28,7.39,25.0,9.38,12.5,0.0,6.79,7.23,13.68,0,AVOID,BEAR MARKET,-31.31,MODERATE VOLATILITY,RISK ON,3.5,Metals,0,19.1,89.37,0,10.61,0,1058,E,87.1,16.05,3.6435868331441545,0.0
BOROLTD,27158351872.0,SMALL CAP,227.10000610351562,36.10493,3.1740484,0.131185,9.413,0.09201,0.06364,0.002,-0.327,Misc,Consumer Cyclical,"Furnishings, Fixtures & Appliances",2026-05-16,"Furnishings, Fixtures & Appliances",0,0,0,22.4,12.61,50.04,41.36,17.505,26.4,WEAK GROWTH,20,10,10.61,21.15,29.42,5.88,47.06,32.35,0.0,8.47,8.15,13.66,0,AVOID,BEAR MARKET,-31.31,MODERATE VOLATILITY,RISK ON,9.15,Metals,0,19.56,86.15,0,12.34,0,1059,E,84.83,15.82,3.6863567517185136,0.0
HDIL,952748032.0,MICRO CAP,2.009999990463257,26.7615915,-0.02154872,0.131185,27.014499999999998,-2.9287684859999996,-0.05415,-0.135,0.134,Misc,Real Estate,Real Estate - Diversified,2026-05-16,Real Estate - Diversified,0,0,0,12.13,50.09,50.04,0.57,31.110000000000003,31.84,WEAK GROWTH,18,0,20.58,9.28,7.39,66.67,66.67,33.33,0.0,6.7,7.16,13.61,0,AVOID,BEAR MARKET,-31.31,MODERATE VOLATILITY,RISK ON,3.46,Metals,0,19.06,89.39,0,10.55,0,1060,E,87.12,15.98,3.6268724466636404,0.0
FOCUS,5675662848.0,MICRO CAP,84.54000091552734,119.07043,4.022458,0.131185,27.014499999999998,-0.035099998,0.0215,-0.093,0.134,Misc,Consumer Cyclical,"Furnishings, Fixtures & Appliances",2026-05-16,"Furnishings, Fixtures & Appliances",0,0,0,15.12,50.09,50.04,8.29,32.605000000000004,33.66,WEAK GROWTH,15,0,23.61,4.73,7.39,41.18,11.76,11.76,0.0,6.44,6.83,13.32,0,AVOID,BEAR MARKET,-31.31,MODERATE VOLATILITY,RISK ON,3.32,Metals,0,18.46,90.86,0,10.23,0,1061,E,88.98,16.45,3.6563680817959545,0.0
JINDALPOLY,30622025728.0,SMALL CAP,699.3499755859375,26.7615915,0.75023705,0.131185,84.483,-0.33227003,-0.06955,-0.729,0.134,Misc,Consumer Cyclical,Packaging & Containers,2026-05-16,Packaging & Containers,0,0,0,1.76,50.09,50.04,3.62,25.925,28.52,WEAK GROWTH,18,10,13.64,9.28,29.42,6.25,9.38,37.5,0.0,8.64,6.89,13.32,0,AVOID,BEAR MARKET,-31.31,MODERATE VOLATILITY,RISK ON,8.88,Metals,0,19.37,87.49,0,11.81,0,1062,E,86.42,16.43,3.7588652482269502,0.0
JINDALPHOT,10618746880.0,SMALL CAP,1031.199951171875,87.68707,1.0924735,0.131185,27.014499999999998,0.26667,0.0,-0.8060582,-0.9368978,Financials,Financial Services,Asset Management,2026-05-16,Asset Management Companies,0,0,0,0.57,0.57,50.04,84.66,0.57,18.87,WEAK GROWTH,30,10,3.85,16.03,8.33,7.14,7.14,7.14,0.0,9.3,6.7,13.28,0,AVOID,BEAR MARKET,-31.31,MODERATE VOLATILITY,RISK ON,9.0,Metals,0,20.77,82.16,0,12.06,0,1063,E,79.52,13.29,3.3010432190760057,0.0
DISHTV,6186620416.0,MICRO CAP,3.359999895095825,26.7615915,-0.18621147,0.131185,27.014499999999998,-0.47985,-0.71690005,-0.198,0.134,Misc,Communication Services,Entertainment,2026-05-16,Entertainment,0,0,0,8.86,50.09,50.04,3.0,29.475,30.94,WEAK GROWTH,18,0,18.88,9.28,7.39,54.55,31.82,27.27,0.0,6.35,6.76,13.18,0,AVOID,BEAR MARKET,-31.31,MODERATE VOLATILITY,RISK ON,3.28,Metals,0,18.7,89.53,0,10.2,0,1064,E,87.26,15.46,3.5032857466576024,0.0
JINDALSAW,146072616960.0,MID CAP,229.08999633789062,15.042023,1.1599435,0.07964,38.19,0.0678,0.054390002,-0.082,-0.522,Misc,Basic Materials,Steel,2026-05-16,Steel,0,0,0,15.56,7.85,6.79,32.1,11.705,12.76,WEAK GROWTH,25,20,1.14,34.47,53.03,4.76,26.19,45.24,0.0,6.61,7.99,13.15,0,AVOID,BEAR MARKET,-31.31,MODERATE VOLATILITY,RISK ON,13.65,Metals,0,18.26,81.95,0,13.01,0,1065,E,81.18,11.42,2.779265027987345,0.0
EVERESTIND,6029943296.0,MICRO CAP,380.29998779296875,26.7615915,1.0443383,0.131185,53.597,-0.1029,-0.03039,-0.237,0.134,Misc,Industrials,Building Products & Equipment,2026-05-16,Building Products & Equipment,0,0,0,7.45,50.09,50.04,6.08,28.770000000000003,30.76,WEAK GROWTH,18,0,18.18,9.28,7.39,35.29,20.59,17.65,0.0,6.26,6.62,13.07,0,AVOID,BEAR MARKET,-31.31,MODERATE VOLATILITY,RISK ON,3.22,Metals,0,18.63,89.58,0,10.11,0,1066,E,87.31,15.34,3.4741252406296,0.0
BVCL,934708800.0,MICRO CAP,42.18000030517578,805.9944712000163,0.75484526,0.131185,28.58,-0.01423,0.000120000004,-0.129,0.134,Misc,Basic Materials,Building Materials,2026-05-16,Building Materials,0,0,0,12.61,50.09,50.04,10.49,31.35,33.0,WEAK GROWTH,15,0,22.73,4.73,7.39,29.41,17.65,8.82,0.0,6.0,6.52,12.96,0,AVOID,BEAR MARKET,-31.31,MODERATE VOLATILITY,RISK ON,3.13,Metals,0,18.2,90.97,0,9.94,0,1067,E,89.08,16.0,3.552397868561279,0.0
APCL,3372222976.0,MICRO CAP,114.80000305175781,26.7615915,1.6469171,0.131185,223.154,-0.15092,-0.086969994,-0.239,0.134,Misc,Basic Materials,Building Materials,2026-05-16,Building Materials,0,0,0,7.32,50.09,50.04,5.2,28.705000000000002,30.62,WEAK GROWTH,18,0,17.93,9.28,7.39,11.76,29.41,8.82,0.0,6.08,6.51,12.95,0,AVOID,BEAR MARKET,-31.31,MODERATE VOLATILITY,RISK ON,3.15,Metals,0,18.57,89.62,0,10.01,0,1068,E,87.35,15.21,3.4431239388794572,0.0
ACCURACY,862708800.0,MICRO CAP,5.730000019073486,33.705883,0.7022059,0.131185,111.931,0.02441,0.0035299999,-0.38,-0.167,Misc,Industrials,Integrated Freight & Logistics,2026-05-16,Integrated Freight & Logistics,0,0,0,5.03,18.21,50.04,16.14,11.620000000000001,19.76,WEAK GROWTH,28,0,4.99,44.82,7.39,18.18,54.55,22.73,0.0,4.41,9.24,12.95,0,AVOID,BEAR MARKET,-31.31,MODERATE VOLATILITY,RISK ON,3.41,Metals,0,19.04,84.17,0,10.86,0,1069,E,80.62,11.24,2.754226905170301,0.0
ANKITMETAL,232832320.0,MICRO CAP,1.649999976158142,26.7615915,-0.022557314,0.131185,27.014499999999998,-0.51785,-0.31393,-0.255,0.134,Misc,Basic Materials,Steel,2026-05-16,Steel,0,0,0,6.79,50.09,50.04,2.73,28.44,30.19,WEAK GROWTH,18,0,17.3,9.28,7.39,19.05,14.29,7.14,0.0,5.82,6.32,12.72,0,AVOID,BEAR MARKET,-31.31,MODERATE VOLATILITY,RISK ON,3.04,Metals,0,18.4,89.69,0,9.84,0,1070,E,87.41,14.94,3.3797081778079403,0.0
BSHSL,10191508480.0,SMALL CAP,97.12000274658203,36.238808,7.601158,0.131185,24.979,0.08523,0.07942,-0.159,-0.129,Chemicals,Basic Materials,Agricultural Inputs,2026-05-16,Agrochemicals,0,0,0,10.93,19.14,50.04,39.24,15.035,24.46,WEAK GROWTH,20,10,11.69,20.78,33.77,4.35,23.91,30.43,0.0,6.97,7.66,12.7,0,AVOID,BEAR MARKET,-31.31,MODERATE VOLATILITY,RISK ON,8.66,Metals,0,18.83,86.32,0,11.66,0,1071,E,85.0,14.52,3.3767441860465115,0.0
BONLON,781977664.0,MICRO CAP,47.72999954223633,32.91724,0.81529814,0.131185,49.692,0.00749,0.0032,-0.073,-0.606,Misc,Basic Materials,Other Industrial Metals & Mining,2026-05-16,Other Industrial Metals & Mining,0,0,0,16.62,6.26,50.04,12.7,11.440000000000001,19.29,WEAK GROWTH,28,0,4.29,44.82,7.39,11.11,50.0,16.67,0.0,3.97,8.95,12.63,0,AVOID,BEAR MARKET,-31.31,MODERATE VOLATILITY,RISK ON,3.23,Metals,0,18.85,84.27,0,10.6,0,1072,E,80.72,10.88,2.6627508565834557,0.0
IGARASHI,12336645120.0,SMALL CAP,391.95001220703125,90.51964,2.6578648,0.131185,30.826,0.02881,0.01641,0.025,-0.323,Automobiles,Consumer Cyclical,Auto Parts,2026-05-16,Auto Components,0,0,0,25.97,12.74,50.04,17.28,19.355,25.28,WEAK GROWTH,20,10,4.44,20.0,12.22,5.26,19.74,14.47,0.0,7.58,6.7,12.63,0,AVOID,BEAR MARKET,-31.31,MODERATE VOLATILITY,RISK ON,8.57,Metals,0,19.02,86.66,0,11.41,0,1073,E,85.32,14.88,3.447636700648749,0.0
HCL-INSYS,3845171968.0,MICRO CAP,11.680000305175781,26.7615915,-1.25686,0.131185,27.014499999999998,-2.9287684859999996,-1.0180927,-0.26,0.134,Misc,Technology,Electronics & Computer Distribution,2026-05-16,Electronics & Computer Distribution,0,0,0,6.48,50.09,50.04,0.57,28.285000000000004,29.86,WEAK GROWTH,18,0,16.29,9.28,7.39,50.0,37.5,37.5,0.0,5.56,6.06,12.49,0,AVOID,BEAR MARKET,-31.31,MODERATE VOLATILITY,RISK ON,2.9,Metals,0,18.26,89.78,0,9.64,0,1074,E,87.5,14.69,3.319774011299435,0.0
3IINFOLTD,3646158080.0,MICRO CAP,17.579999923706055,5.86,0.9631821,0.131185,10.763,-0.0287,0.07819,-0.051,-0.9368978,Technology,Technology,Information Technology Services,2026-05-16,IT Services,0,0,0,17.86,0.57,50.04,8.82,9.215,17.34,WEAK GROWTH,30,0,3.92,42.16,5.88,3.23,45.16,9.68,0.0,3.79,8.43,12.29,0,AVOID,BEAR MARKET,-31.31,MODERATE VOLATILITY,RISK ON,3.06,Metals,0,18.91,83.55,0,10.34,0,1075,E,79.73,10.06,2.4922581444320575,0.0
AROGRANITE,401931008.0,MICRO CAP,26.270000457763672,26.7615915,0.21510571,0.131185,80.851,-0.28417,-0.06066,-0.512,0.134,Misc,Industrials,Building Products & Equipment,2026-05-16,Building Products & Equipment,0,0,0,3.09,50.09,50.04,3.97,26.590000000000003,29.02,WEAK GROWTH,18,0,14.96,9.28,7.39,29.41,20.59,17.65,0.0,4.94,5.61,11.98,0,AVOID,BEAR MARKET,-31.31,MODERATE VOLATILITY,RISK ON,2.64,Metals,0,17.92,89.94,0,9.24,0,1076,E,87.65,14.1,3.1810490693739424,0.0
CAPTRUST,440381344.0,MICRO CAP,13.0,26.7615915,0.3703915,0.131185,134.274,-0.1279,-1.0180927,-0.426,0.134,Financials,Financial Services,Credit Services,2026-05-16,NBFC – Lending,0,0,0,4.06,50.09,50.04,5.64,27.075000000000003,29.52,WEAK GROWTH,18,0,12.82,5.77,2.56,3.7,3.7,3.7,0.0,5.38,4.94,11.92,0,AVOID,BEAR MARKET,-31.31,MODERATE VOLATILITY,RISK ON,2.58,Metals,0,18.03,90.17,0,9.06,0,1077,E,87.88,14.33,3.2245724572457246,0.0
DHUNINV,5241743872.0,MICRO CAP,859.7000122070312,26.7615915,0.19337374,0.131185,15.416,-0.47463,-0.077989995,-0.519,0.134,Misc,Financial Services,Capital Markets,2026-05-16,Capital Markets,0,0,0,3.0,50.09,50.04,3.09,26.545,28.9,WEAK GROWTH,18,0,14.65,9.28,7.39,36.36,9.09,9.09,0.0,4.85,5.53,11.9,0,AVOID,BEAR MARKET,-31.31,MODERATE VOLATILITY,RISK ON,2.6,Metals,0,17.87,89.96,0,9.18,0,1078,E,87.68,14.01,3.1596752368064953,0.0
DALMIASUG,27689336832.0,SMALL CAP,342.1000061035156,11.751975,0.85901034,0.07285,55.74,0.13453001,0.06542,-0.027,-0.498,Misc,Consumer Defensive,Confectioners,2026-05-16,Confectioners,0,0,0,19.4,8.91,6.0,66.05,14.155,17.71,WEAK GROWTH,25,10,3.03,34.47,29.42,22.22,44.44,66.67,0.0,5.64,7.88,11.85,0,AVOID,BEAR MARKET,-31.31,MODERATE VOLATILITY,RISK ON,8.38,Metals,0,18.49,83.99,0,11.32,0,1079,E,82.02,11.7,2.8185979282100697,0.0
DIAMINESQ,2770714880.0,MICRO CAP,275.6000061035156,26.7615915,1.7490307,0.131185,6.365,-0.50117,-0.19316,-0.564,0.134,Misc,Basic Materials,Chemicals,2026-05-16,Chemicals,0,0,0,2.65,50.09,50.04,2.82,26.37,28.75,WEAK GROWTH,18,0,14.39,9.28,7.39,25.0,20.83,12.5,0.0,4.76,5.45,11.82,0,AVOID,BEAR MARKET,-31.31,MODERATE VOLATILITY,RISK ON,2.55,Metals,0,17.81,89.99,0,9.11,0,1080,E,87.71,13.91,3.1360613234133696,0.0
GENESYS,8725830656.0,MICRO CAP,208.8000030517578,22.212767,1.2688382,0.131185,21.419,-0.014040001,0.12324,-0.149,-0.9368978,Technology,Technology,Software - Application,2026-05-16,SaaS,0,0,0,11.33,0.57,50.04,10.58,5.95,15.23,WEAK GROWTH,28,10,1.96,33.33,21.57,6.67,26.67,13.33,0.0,5.91,7.66,11.79,0,AVOID,BEAR MARKET,-31.31,MODERATE VOLATILITY,RISK ON,8.39,Metals,0,18.8,82.72,0,11.31,0,1081,E,80.36,10.89,2.676991150442478,0.0
GLOBALE,140718640.0,MICRO CAP,13.25,26.7615915,1.3751945,0.131185,107.309,-0.06717,-0.25725,-0.776,0.134,Misc,Consumer Cyclical,Textile Manufacturing,2026-05-16,Textile Manufacturing,0,0,0,1.32,50.09,50.04,6.88,25.705000000000002,28.69,WEAK GROWTH,18,0,14.14,9.28,7.39,27.03,5.41,20.27,0.0,4.67,5.38,11.76,0,AVOID,BEAR MARKET,-31.31,MODERATE VOLATILITY,RISK ON,2.51,Metals,0,17.78,90.02,0,9.06,0,1082,E,87.73,13.85,3.1218302716105035,0.0
COMPINFO,116133064.0,MICRO CAP,1.3300000429153442,26.7615915,-0.03852058,0.131185,292.783,-0.35296002,0.0,-0.698,0.134,Misc,Technology,Electronics & Computer Distribution,2026-05-16,Electronics & Computer Distribution,0,0,0,1.94,50.09,50.04,3.44,26.015,28.56,WEAK GROWTH,18,0,14.02,9.28,7.39,25.0,37.5,37.5,0.0,4.59,5.33,11.69,0,AVOID,BEAR MARKET,-31.31,MODERATE VOLATILITY,RISK ON,2.48,Metals,0,17.73,90.03,0,9.01,0,1083,E,87.75,13.77,3.103098591549296,0.0
HINDCON,1195301120.0,MICRO CAP,23.350000381469727,23.35,1.6087916,0.131185,10.848,0.00228,0.04938,-0.068,-0.771,Chemicals,Basic Materials,Specialty Chemicals,2026-05-16,Specialty Chemicals,0,0,0,16.84,2.47,50.04,12.08,9.655,17.97,WEAK GROWTH,28,0,3.9,37.66,11.69,5.56,39.81,13.89,0.0,3.17,7.5,11.59,0,AVOID,BEAR MARKET,-31.31,MODERATE VOLATILITY,RISK ON,2.67,Metals,0,18.24,84.78,0,9.67,0,1084,E,81.21,9.9,2.4084661233426594,0.0
DREAMFOLKS,4012818944.0,MICRO CAP,75.33000183105469,10.125,1.2026439,0.131185,3.056,-0.28273,0.042930003,-0.8060582,-0.538,Misc,Industrials,Airports & Air Services,2026-05-16,Airports & Air Services,0,0,0,0.57,7.67,50.04,4.06,4.12,13.3,WEAK GROWTH,30,0,1.26,53.22,7.39,33.33,66.67,50.0,0.0,2.82,9.3,11.58,0,AVOID,BEAR MARKET,-31.31,MODERATE VOLATILITY,RISK ON,3.03,Metals,0,17.58,83.24,0,10.07,0,1085,E,79.44,8.33,2.0711089010442567,0.0
INVENTURE,1039500032.0,MICRO CAP,0.9900000095367432,16.5,0.28293797,0.01402,13.28,0.00878,0.092259996,-0.523,0.134,Misc,Financial Services,Capital Markets,2026-05-16,Capital Markets,0,0,0,2.91,50.09,3.0,12.96,26.5,20.45,WEAK GROWTH,25,0,5.56,34.47,7.39,9.09,21.21,9.09,0.0,3.09,7.24,11.51,0,AVOID,BEAR MARKET,-31.31,MODERATE VOLATILITY,RISK ON,2.58,Metals,0,17.88,86.22,0,9.48,0,1086,E,83.04,10.69,2.544026653974298,0.0
ASHIMASYN,3352134656.0,MICRO CAP,17.489999771118164,26.7615915,1.1703694,0.131185,58.263,-2.62821,-1.0180927,-0.641,0.134,Misc,Real Estate,Real Estate - Development,2026-05-16,Real Estate - Development,0,0,0,2.12,50.09,50.04,1.23,26.105,28.4,WEAK GROWTH,18,0,13.51,9.28,7.39,45.83,6.25,8.33,0.0,4.23,5.11,11.48,0,AVOID,BEAR MARKET,-31.31,MODERATE VOLATILITY,RISK ON,2.34,Metals,0,17.65,90.11,0,8.84,0,1087,E,87.82,13.56,3.0533663589281694,0.0
BIRLANU,10761616384.0,SMALL CAP,1427.0999755859375,26.7615915,0.9129005,-0.0364926518978,100.118,-0.036310002,-0.03159,0.098,0.134,Misc,Industrials,Building Products & Equipment,2026-05-16,Building Products & Equipment,0,0,0,40.52,50.09,0.57,8.2,45.30500000000001,32.65,WEAK GROWTH,8,10,21.97,1.2,29.42,52.94,5.88,44.12,0.0,5.73,5.77,11.47,0,AVOID,BEAR MARKET,-31.31,MODERATE VOLATILITY,RISK ON,7.88,Metals,0,16.7,92.38,0,10.19,0,1088,E,92.6,16.59,3.544871794871795,0.0
FLFL,316786560.0,MICRO CAP,1.5700000524520874,26.7615915,-0.016839532,0.131185,27.014499999999998,-0.61004,-0.92297,-0.787,0.134,Misc,Consumer Cyclical,Apparel Manufacturing,2026-05-16,Apparel Manufacturing,0,0,0,1.23,50.09,50.04,2.47,25.66,28.22,WEAK GROWTH,18,0,12.75,9.28,7.39,25.0,12.5,16.67,0.0,4.06,4.93,11.33,0,AVOID,BEAR MARKET,-31.31,MODERATE VOLATILITY,RISK ON,2.25,Metals,0,17.57,90.17,0,8.71,0,1089,E,87.88,13.41,3.0175517551755178,0.0
GVKPIL,5053473280.0,MICRO CAP,3.200000047683716,26.7615915,-0.34786388,0.131185,27.014499999999998,-1.49115,0.0,-0.8060582,0.134,Misc,Utilities,Utilities - Independent Power Producers,2026-05-16,Utilities - Independent Power Producers,0,0,0,0.57,50.09,50.04,1.59,25.330000000000002,27.9,WEAK GROWTH,18,0,12.25,9.28,7.39,20.0,60.0,20.0,0.0,3.88,4.78,11.16,0,AVOID,BEAR MARKET,-31.31,MODERATE VOLATILITY,RISK ON,2.16,Metals,0,17.44,90.23,0,8.57,0,1090,E,87.94,13.2,2.9682932313919497,0.0
JINDWORLD,26599030784.0,SMALL CAP,26.530000686645508,40.196968,3.21381,0.131185,71.079,0.04512,0.029189998,-0.148,-0.239,Misc,Consumer Cyclical,Textile Manufacturing,2026-05-16,Textile Manufacturing,0,0,0,11.46,14.73,50.04,23.02,13.095,21.48,WEAK GROWTH,20,10,6.82,21.15,29.42,13.51,18.92,52.7,0.0,5.29,6.31,11.14,0,AVOID,BEAR MARKET,-31.31,MODERATE VOLATILITY,RISK ON,7.9,Metals,0,17.65,86.79,0,10.42,0,1091,E,85.45,12.63,2.92192018507808,0.0
CEREBRAINT,441118784.0,MICRO CAP,3.640000104904175,26.7615915,0.28950927,0.131185,29.8,-2.9287684859999996,0.0,-0.8060582,0.134,Misc,Industrials,Waste Management,2026-05-16,Waste Management,0,0,0,0.57,50.09,50.04,0.57,25.330000000000002,27.8,WEAK GROWTH,18,0,11.93,9.28,7.39,50.0,50.0,50.0,0.0,3.62,4.63,11.02,0,AVOID,BEAR MARKET,-31.31,MODERATE VOLATILITY,RISK ON,2.06,Metals,0,17.39,90.28,0,8.46,0,1092,E,87.99,13.06,2.935161254073492,0.0
EMAMIREAL,4953626112.0,MICRO CAP,95.19999694824219,26.7615915,-2.8824027,0.131185,27.014499999999998,-2.9287684859999996,0.0,-0.8060582,0.134,Misc,Real Estate,Real Estate - Development,2026-05-16,Real Estate - Development,0,0,0,0.57,50.09,50.04,0.57,25.330000000000002,27.8,WEAK GROWTH,18,0,11.93,9.28,7.39,41.67,6.25,8.33,0.0,3.62,4.63,11.02,0,AVOID,BEAR MARKET,-31.31,MODERATE VOLATILITY,RISK ON,2.06,Metals,0,17.39,90.28,0,8.46,0,1093,E,87.99,13.06,2.935161254073492,0.0
ESSARSHPNG,4945572864.0,MICRO CAP,23.790000915527344,26.7615915,-0.206636,0.131185,27.014499999999998,-2.9287684859999996,0.0,-0.8060582,0.134,Misc,Industrials,Marine Shipping,2026-05-16,Marine Shipping,0,0,0,0.57,50.09,50.04,0.57,25.330000000000002,27.8,WEAK GROWTH,18,0,11.93,9.28,7.39,25.0,25.0,25.0,0.0,3.62,4.63,11.02,0,AVOID,BEAR MARKET,-31.31,MODERATE VOLATILITY,RISK ON,2.06,Metals,0,17.39,90.28,0,8.46,0,1094,E,87.99,13.06,2.935161254073492,0.0
AYMSYNTEX,13366356992.0,SMALL CAP,228.0399932861328,26.7615915,2.3238087,0.131185,41.435,0.02898,-0.00033,-0.143,-0.643,Misc,Consumer Cyclical,Textile Manufacturing,2026-05-16,Textile Manufacturing,0,0,0,11.64,5.42,50.04,17.46,8.530000000000001,17.73,WEAK GROWTH,23,10,3.16,31.44,29.42,2.7,31.08,52.7,0.0,4.14,6.85,10.77,0,AVOID,BEAR MARKET,-31.31,MODERATE VOLATILITY,RISK ON,7.75,Metals,0,17.59,85.25,0,10.4,0,1095,E,83.53,11.0,2.602626286525494,0.0
DIAMONDYD,24014538752.0,SMALL CAP,1004.3499755859375,249.8383,3.4551861,0.01398,6.454,0.00884,0.00563,0.049,0.134,Misc,Consumer Defensive,Packaged Foods,2026-05-16,Packaged Foods,0,0,0,30.29,50.09,2.91,13.05,40.19,30.02,WEAK GROWTH,10,10,16.86,2.65,29.42,11.54,3.85,32.69,0.0,5.11,4.97,10.77,0,AVOID,BEAR MARKET,-31.31,MODERATE VOLATILITY,RISK ON,7.52,Metals,0,16.5,91.76,0,9.65,0,1096,E,91.71,15.32,3.304929349584727,0.0
JASH,24312827904.0,SMALL CAP,386.5,43.672314,5.5713315,0.131185,25.205,0.07403,0.07456,-0.112,-0.624,Misc,Industrials,Specialty Industrial Machinery,2026-05-16,Specialty Industrial Machinery,0,0,0,14.15,6.0,50.04,34.92,10.075,20.55,WEAK GROWTH,20,10,5.68,21.15,29.42,3.23,20.97,11.29,0.0,4.5,5.82,10.56,0,AVOID,BEAR MARKET,-31.31,MODERATE VOLATILITY,RISK ON,7.58,Metals,0,17.27,86.96,0,9.97,0,1097,E,85.62,11.95,2.7591780189332713,0.0
GOKEX,50390278144.0,SMALL CAP,687.7000122070312,44.055096,2.3442428,0.131185,46.068,0.0292,0.029749999,-0.009,-0.72,Misc,Consumer Cyclical,Apparel Manufacturing,2026-05-16,Apparel Manufacturing,0,0,0,21.12,3.62,50.04,17.55,12.370000000000001,20.42,WEAK GROWTH,20,10,5.43,21.15,29.42,16.67,29.17,45.83,0.0,4.32,5.72,10.45,0,AVOID,BEAR MARKET,-31.31,MODERATE VOLATILITY,RISK ON,7.51,Metals,0,17.22,87.0,0,9.89,0,1098,E,85.66,11.83,2.7302100161550893,0.0
ICIL,57475371008.0,SMALL CAP,290.20001220703125,48.205982,2.4905598,0.131185,53.871,0.04855,0.02911,-0.077,-0.677,Misc,Consumer Cyclical,Textile Manufacturing,2026-05-16,Textile Manufacturing,0,0,0,16.05,4.81,50.04,24.43,10.43,19.75,WEAK GROWTH,20,10,4.8,21.15,29.42,8.11,18.92,52.7,0.0,3.44,5.27,9.92,0,AVOID,BEAR MARKET,-31.31,MODERATE VOLATILITY,RISK ON,7.18,Metals,0,16.94,87.16,0,9.48,0,1099,E,85.81,11.22,2.584955650270706,0.0
DCMSIL,5422222848.0,MICRO CAP,62.33000183105469,26.7615915,2.414342,0.131185,27.014499999999998,0.05639,0.0,-0.187,-0.744,Misc,Industrials,Industrial Distribution,2026-05-16,Industrial Distribution,0,0,0,9.26,3.0,50.04,28.13,6.13,17.11,WEAK GROWTH,23,0,2.65,31.44,7.39,100.0,100.0,75.0,0.0,2.29,6.03,9.86,0,AVOID,BEAR MARKET,-31.31,MODERATE VOLATILITY,RISK ON,2.08,Metals,0,15.79,87.54,0,8.14,0,1100,E,84.61,8.91,2.0815325312463497,0.0
GRPLTD,9642663936.0,MICRO CAP,1808.0,40.159927,5.3258867,0.131185,112.442,0.0435,0.04355,0.019,-0.805,Automobiles,Consumer Cyclical,Auto Parts,2026-05-16,Auto Components,0,0,0,25.18,2.12,50.04,22.4,13.65,21.8,WEAK GROWTH,20,0,2.22,20.0,4.44,2.63,19.74,5.26,0.0,2.73,4.42,9.81,0,AVOID,BEAR MARKET,-31.31,MODERATE VOLATILITY,RISK ON,1.79,Metals,0,16.07,89.45,0,7.71,0,1101,E,86.9,10.51,2.391353811149033,0.0
CANHLIFE,128317874176.0,MID CAP,135.42999267578125,101.82706,7.9180303,0.081099994,15.572,0.031489998,0.01081,-0.553,0.134,Financials,Financial Services,Insurance - Life,2026-05-16,Life Insurance,0,0,0,2.82,50.09,6.97,17.99,26.455000000000002,21.71,WEAK GROWTH,10,20,5.13,1.92,17.31,66.67,33.33,33.33,0.0,3.35,2.4,9.64,0,AVOID,BEAR MARKET,-31.31,MODERATE VOLATILITY,RISK ON,11.44,Metals,0,14.84,90.66,0,9.32,0,1102,E,91.78,12.48,2.6902349644319896,0.0
GOYALALUM,986283520.0,MICRO CAP,6.909999847412109,38.388885,3.8325014,0.131185,5.731,0.056929998,0.04048,-0.142,-0.5,Misc,Basic Materials,Aluminum,2026-05-16,Aluminum,0,0,0,11.73,8.64,50.04,28.4,10.185,19.98,WEAK GROWTH,20,0,5.18,21.15,7.39,25.0,37.5,25.0,0.0,2.56,4.97,9.62,0,AVOID,BEAR MARKET,-31.31,MODERATE VOLATILITY,RISK ON,1.88,Metals,0,15.49,89.26,0,7.7,0,1103,E,86.71,9.84,2.243757838330863,0.0
EXXARO,2979755008.0,MICRO CAP,6.659999847412109,111.0,0.95347166,0.131185,31.657,0.06057,0.020469999,-0.105,-0.667,Misc,Industrials,Building Products & Equipment,2026-05-16,Building Products & Equipment,0,0,0,14.46,4.98,50.04,29.45,9.72,19.76,WEAK GROWTH,20,0,4.99,21.15,7.39,5.88,41.18,17.65,0.0,2.38,4.87,9.5,0,AVOID,BEAR MARKET,-31.31,MODERATE VOLATILITY,RISK ON,1.81,Metals,0,15.4,89.3,0,7.6,0,1104,E,86.75,9.68,2.2062678062678063,0.0
GANECOS,27215060992.0,SMALL CAP,1016.9000244140625,68.47811,1.4384123,0.131185,43.209,0.04008,0.02764,-0.102,-0.849,Misc,Consumer Cyclical,Textile Manufacturing,2026-05-16,Textile Manufacturing,0,0,0,14.64,1.68,50.04,21.16,8.16,17.84,WEAK GROWTH,20,10,3.28,21.15,29.42,5.41,18.92,52.7,0.0,3.0,4.86,9.26,0,AVOID,BEAR MARKET,-31.31,MODERATE VOLATILITY,RISK ON,6.96,Metals,0,16.23,87.3,0,8.98,0,1105,E,85.95,10.28,2.364577343300747,0.0
DENORA,3745241344.0,MICRO CAP,705.5,41.32982,2.9451053,0.07259,27.014499999999998,-0.12732,0.07445,0.07,0.134,Misc,Industrials,Electrical Equipment & Parts,2026-05-16,Electrical Equipment & Parts,0,0,0,34.08,50.09,5.82,5.73,42.085,31.2,WEAK GROWTH,5,0,19.19,0.44,7.39,16.0,4.0,6.0,0.0,2.03,3.76,9.0,0,AVOID,BEAR MARKET,-31.31,MODERATE VOLATILITY,RISK ON,1.45,Metals,0,13.3,96.43,0,6.66,0,1106,E,95.82,13.31,2.7494319355505064,0.0
JAIBALAJI,69860220928.0,SMALL CAP,76.58000183105469,37.910892,3.1471665,0.131185,20.642,0.01721,0.0327,-0.106,-0.902,Misc,Basic Materials,Steel,2026-05-16,Steel,0,0,0,14.37,1.23,50.04,14.37,7.8,16.9,WEAK GROWTH,20,10,2.53,21.15,29.42,9.52,19.05,21.43,0.0,2.91,4.72,9.0,0,AVOID,BEAR MARKET,-31.31,MODERATE VOLATILITY,RISK ON,6.91,Metals,0,15.89,87.35,0,8.79,0,1107,E,86.0,9.88,2.271264367816092,0.0
EIFFL,5746160128.0,MICRO CAP,231.6999969482422,102.07048,7.9578238,0.131185,85.026,0.07082,0.02283,-0.406,-0.493,Misc,Consumer Defensive,Packaged Foods,2026-05-16,Packaged Foods,0,0,0,4.5,8.99,50.04,33.16,6.745,18.05,WEAK GROWTH,20,0,3.54,21.15,7.39,3.85,25.0,11.54,0.0,1.94,4.48,8.89,0,AVOID,BEAR MARKET,-31.31,MODERATE VOLATILITY,RISK ON,1.6,Metals,0,14.77,89.43,0,7.14,0,1108,E,86.88,8.83,2.0095584888484295,0.0
DELTACORP,18569926656.0,SMALL CAP,69.3499984741211,21.73981,0.83056873,0.0347,2.175,0.09247,0.12389,-0.117,-0.901,Misc,Consumer Cyclical,Resorts & Casinos,2026-05-16,Resorts & Casinos,0,0,0,13.49,1.32,3.44,41.62,7.405,10.03,WEAK GROWTH,23,20,0.25,31.44,53.03,50.0,50.0,50.0,0.0,3.26,6.06,8.69,0,AVOID,BEAR MARKET,-31.31,MODERATE VOLATILITY,RISK ON,12.33,Metals,0,16.32,83.53,0,10.47,0,1109,E,83.0,8.79,2.0928571428571425,0.0
GTPL,7719462912.0,MICRO CAP,68.63999938964844,49.028572,0.67113173,0.009649999,39.615,-0.0212,0.00424,0.063,0.134,Misc,Communication Services,Entertainment,2026-05-16,Entertainment,0,0,0,32.98,50.09,2.29,9.61,41.535,30.49,WEAK GROWTH,5,0,17.8,0.44,7.39,45.45,9.09,27.27,0.0,1.76,3.44,8.66,0,AVOID,BEAR MARKET,-31.31,MODERATE VOLATILITY,RISK ON,1.3,Metals,0,13.02,96.55,0,6.39,0,1110,E,95.93,12.9,2.661714639430517,0.0
DIGISPICE,4689422336.0,MICRO CAP,20.0,74.07407,2.0714657,0.097550005,35.372,0.059310004,0.03878,-0.067,0.134,Financials,Financial Services,Financial Conglomerates,2026-05-16,NBFC – Investment,0,0,0,16.98,50.09,7.76,29.28,33.535000000000004,27.95,WEAK GROWTH,10,0,7.69,1.92,2.56,12.5,12.5,12.5,0.0,2.2,2.32,8.57,0,AVOID,BEAR MARKET,-31.31,MODERATE VOLATILITY,RISK ON,1.13,Metals,0,14.01,94.69,0,6.24,0,1111,E,93.41,12.06,2.554814108674929,0.0
CHEMFAB,6128946688.0,MICRO CAP,426.3999938964844,26.7615915,1.61558,-0.00907,33.498,0.04341,-0.010720001,-0.16,0.134,Chemicals,Basic Materials,Specialty Chemicals,2026-05-16,Specialty Chemicals,0,0,0,10.85,50.09,1.59,22.31,30.470000000000002,23.88,WEAK GROWTH,13,0,10.39,5.84,11.69,14.81,6.48,13.89,0.0,1.85,3.17,8.46,0,AVOID,BEAR MARKET,-31.31,MODERATE VOLATILITY,RISK ON,1.25,Metals,0,13.88,93.04,0,6.42,0,1112,E,91.38,10.61,2.2970339900411343,0.0
FILATFASH,2000177408.0,MICRO CAP,0.23999999463558197,26.7615915,0.08316008,0.131185,2.572,-0.00281,0.026619999,-0.595,-0.9368978,Misc,Consumer Cyclical,Apparel Manufacturing,2026-05-16,Apparel Manufacturing,0,0,0,2.29,0.57,50.04,11.29,1.43,12.14,WEAK GROWTH,23,0,0.76,31.44,7.39,8.33,45.83,16.67,0.0,1.5,5.43,8.43,0,AVOID,BEAR MARKET,-31.31,MODERATE VOLATILITY,RISK ON,1.73,Metals,0,13.99,87.75,0,7.12,0,1113,E,84.81,6.66,1.5522666355902577,0.0
HPAL,3381909248.0,MICRO CAP,36.810001373291016,24.704699,1.7892383,0.03751,2.255,-0.076680005,0.027590001,-0.13,0.134,Chemicals,Basic Materials,Specialty Chemicals,2026-05-16,Specialty Chemicals,0,0,0,12.52,50.09,3.62,6.53,31.305,23.29,WEAK GROWTH,13,0,9.09,5.84,11.69,12.96,6.48,13.89,0.0,1.68,2.91,8.19,0,AVOID,BEAR MARKET,-31.31,MODERATE VOLATILITY,RISK ON,1.15,Metals,0,13.64,93.13,0,6.2,0,1114,E,91.47,10.29,2.22558667676003,0.0
GOCOLORS,14024718336.0,SMALL CAP,266.6499938964844,20.246773,2.074161,0.08529,77.141,0.113479994,0.06849,-0.002,-0.598,Misc,Consumer Cyclical,Apparel Retail,2026-05-16,Apparel Retail,0,0,0,21.69,6.35,7.23,59.79,14.02,17.24,WEAK GROWTH,18,10,2.78,9.28,29.42,25.0,25.0,50.0,0.0,2.65,2.87,7.96,0,AVOID,BEAR MARKET,-31.31,MODERATE VOLATILITY,RISK ON,6.38,Metals,0,15.02,88.9,0,7.7,0,1115,E,87.79,9.58,2.1579006644892442,0.0
DPSCLTD,9650254848.0,MICRO CAP,9.90999984741211,330.33334,1.0968456,0.131185,27.014499999999998,-0.098579995,0.01042,-0.023,-0.467,Misc,Utilities,Utilities - Regulated Electric,2026-05-16,Utilities - Regulated Electric,0,0,0,19.75,9.52,50.04,6.17,14.635,20.87,WEAK GROWTH,15,0,5.93,4.73,7.39,20.0,20.0,20.0,0.0,1.59,2.24,7.72,0,AVOID,BEAR MARKET,-31.31,MODERATE VOLATILITY,RISK ON,0.96,Metals,0,13.53,92.47,0,5.82,0,1116,E,90.54,9.3,2.0318986235525456,0.0
ARTNIRMAN,957811328.0,MICRO CAP,38.380001068115234,75.254906,2.6020339,0.131185,52.666,0.0062,0.06121,-0.444,-0.727,Misc,Real Estate,Real Estate - Development,2026-05-16,Real Estate - Development,0,0,0,3.97,3.35,50.04,12.35,3.66,13.8,WEAK GROWTH,20,0,1.52,21.15,7.39,4.17,12.5,8.33,0.0,1.32,3.93,7.66,0,AVOID,BEAR MARKET,-31.31,MODERATE VOLATILITY,RISK ON,1.31,Metals,0,13.22,89.62,0,6.25,0,1117,E,87.06,6.92,1.571655689302748,0.0
CYIENT,96158867456.0,SMALL CAP,870.7000122070312,22.574541,1.6930664,0.077659994,6.995,0.09528,0.058870003,0.009,-0.679,Misc,Industrials,Conglomerates,2026-05-16,Conglomerates,0,0,0,23.15,4.67,6.61,42.59,13.91,15.32,WEAK GROWTH,18,10,2.15,9.28,29.42,10.0,30.0,10.0,0.0,2.47,2.7,7.46,0,AVOID,BEAR MARKET,-31.31,MODERATE VOLATILITY,RISK ON,6.29,Metals,0,14.33,88.96,0,7.35,0,1118,E,87.84,8.76,1.9720846465556054,0.0
DREDGECORP,24327798784.0,SMALL CAP,868.8499755859375,26.7615915,2.1453986,-0.0364926518978,96.699,-0.05529,-0.05095,-0.149,0.134,Industrials,Industrials,Engineering & Construction,2026-05-16,Engineering & EPC,0,0,0,11.33,50.09,0.57,7.23,30.71,22.33,WEAK GROWTH,8,10,9.76,2.44,19.51,9.76,2.44,19.51,0.0,2.12,2.68,7.27,0,AVOID,BEAR MARKET,-31.31,MODERATE VOLATILITY,RISK ON,6.2,Metals,0,12.78,93.46,0,6.96,0,1119,E,93.65,11.02,2.328578975171685,0.0
AAREYDRUGS,2515026688.0,MICRO CAP,88.69999694824219,72.70491,1.6717554,0.131185,38.267,-0.024260001,0.00879,-0.279,-0.219,Misc,Healthcare,Drug Manufacturers - Specialty & Generic,2026-05-16,Drug Manufacturers - Specialty & Generic,0,0,0,6.26,15.78,50.04,9.26,11.02,18.65,WEAK GROWTH,15,0,4.04,4.73,7.39,6.52,6.52,6.52,0.0,1.41,1.88,7.08,0,AVOID,BEAR MARKET,-31.31,MODERATE VOLATILITY,RISK ON,0.82,Metals,0,12.72,92.59,0,5.34,0,1120,E,90.66,8.34,1.8197687104516693,0.0
GVPTECH,1107985408.0,MICRO CAP,6.71999979019165,26.7615915,1.3661312,0.00452,27.014499999999998,-2.9287684859999996,0.0431,-0.46,0.134,Technology,Technology,Information Technology Services,2026-05-16,IT Services,0,0,0,3.79,50.09,2.03,0.57,26.94,19.32,WEAK GROWTH,13,0,5.88,4.9,5.88,6.45,3.23,9.68,0.0,1.23,2.11,6.97,0,AVOID,BEAR MARKET,-31.31,MODERATE VOLATILITY,RISK ON,0.84,Metals,0,12.17,93.41,0,5.26,0,1121,E,91.74,8.51,1.8352383006254045,0.0
HLVLTD,5063115776.0,MICRO CAP,7.679999828338623,109.71428,1.1196967,0.00936,8.381,0.109519996,0.02148,0.055,-0.375,Misc,Consumer Cyclical,Lodging,2026-05-16,Lodging,0,0,0,31.66,11.33,2.12,58.11,21.495,21.28,WEAK GROWTH,10,0,6.57,2.65,7.39,6.25,6.25,12.5,0.0,1.15,1.84,6.78,0,AVOID,BEAR MARKET,-31.31,MODERATE VOLATILITY,RISK ON,0.75,Metals,0,11.63,94.86,0,5.01,0,1122,E,93.58,9.1,1.924296891520406,0.0
FELDVR,1314851584.0,MICRO CAP,2.6600000858306885,26.7615915,0.0502769,-0.0364926518978,27.014499999999998,-0.97987,-1.0180927,-0.132,0.134,Misc,Consumer Cyclical,Department Stores,2026-05-16,Department Stores,0,0,0,12.39,50.09,0.57,1.9,31.240000000000002,22.17,WEAK GROWTH,8,0,7.39,1.2,7.39,75.0,75.0,75.0,0.0,0.93,1.66,6.53,0,AVOID,BEAR MARKET,-31.31,MODERATE VOLATILITY,RISK ON,0.65,Metals,0,11.13,95.82,0,4.76,0,1123,E,94.8,9.28,1.9373695198329854,0.0
FEL,217494240.0,MICRO CAP,0.4399999976158142,26.7615915,0.00831648,-0.0364926518978,27.014499999999998,-0.97987,-1.0180927,-0.132,0.134,Misc,Consumer Cyclical,Department Stores,2026-05-16,Department Stores,0,0,0,12.39,50.09,0.57,1.9,31.240000000000002,22.17,WEAK GROWTH,8,0,7.39,1.2,7.39,75.0,75.0,75.0,0.0,0.93,1.66,6.53,0,AVOID,BEAR MARKET,-31.31,MODERATE VOLATILITY,RISK ON,0.65,Metals,0,11.13,95.82,0,4.76,0,1124,E,94.8,9.28,1.9373695198329854,0.0
FINOPB,9925457920.0,MICRO CAP,119.2699966430664,14.318127,1.2372663,0.067600004,27.014499999999998,0.01733,0.0356,-0.311,-0.705,Financials,Financial Services,Banks - Regional,2026-05-16,Private Sector Banks,0,0,0,5.64,3.88,5.38,14.46,4.76,5.85,WEAK GROWTH,25,0,1.28,12.82,2.56,4.0,12.0,4.0,0.0,0.71,2.4,6.06,0,AVOID,BEAR MARKET,-31.31,MODERATE VOLATILITY,RISK ON,0.78,Metals,0,12.29,87.91,0,5.07,0,1125,E,84.68,3.61,0.8426704014939308,0.0
DVL,8552694272.0,MICRO CAP,244.19000244140625,26.7615915,0.26479274,0.131185,16.554,-0.33536,-0.04659,-0.467,-0.936,Misc,Financial Services,Capital Markets,2026-05-16,Capital Markets,0,0,0,3.66,1.15,50.04,3.53,2.4050000000000002,12.04,WEAK GROWTH,18,0,0.63,9.28,7.39,3.03,9.09,9.09,0.0,0.79,1.8,6.03,0,AVOID,BEAR MARKET,-31.31,MODERATE VOLATILITY,RISK ON,0.65,Metals,0,11.59,91.27,0,4.74,0,1126,E,88.95,5.69,1.2651473040578098,0.0
ATLASCYCLE,655977088.0,MICRO CAP,100.86000061035156,26.7615915,0.17101467,-0.02095,2.371,-1.66571,-1.0180927,-0.8060582,0.134,Misc,Consumer Cyclical,Leisure,2026-05-16,Leisure,0,0,0,0.57,50.09,1.41,1.5,25.330000000000002,18.16,WEAK GROWTH,8,0,3.66,1.2,7.39,100.0,100.0,100.0,0.0,0.53,0.94,5.34,0,AVOID,BEAR MARKET,-31.31,MODERATE VOLATILITY,RISK ON,0.37,Metals,0,9.65,96.07,0,3.86,0,1127,E,95.04,7.51,1.5639316951270301,0.0
CYIENTDLM,33035431936.0,SMALL CAP,416.25,45.048702,3.2612526,0.07472,17.021,0.08719,0.05809,-0.138,-0.275,Misc,Technology,Electronic Components,2026-05-16,Electronic Components,0,0,0,11.9,13.98,6.26,39.95,12.940000000000001,14.31,WEAK GROWTH,10,10,1.64,2.65,29.42,25.0,25.0,25.0,0.0,1.06,1.07,5.06,0,AVOID,BEAR MARKET,-31.31,MODERATE VOLATILITY,RISK ON,5.53,Metals,0,10.62,93.13,0,5.29,0,1128,E,93.04,7.43,1.5801786473840918,0.0
ALBERTDAVD,4114007552.0,MICRO CAP,720.8499755859375,42.729694,1.0506516,-0.0038100001,7.555,-0.40647,-0.00438,-0.185,0.134,Misc,Healthcare,Drug Manufacturers - Specialty & Generic,2026-05-16,Drug Manufacturers - Specialty & Generic,0,0,0,9.48,50.09,1.76,3.35,29.785000000000004,21.54,WEAK GROWTH,0,0,6.94,0.13,7.39,13.04,2.17,6.52,0.0,0.35,1.2,4.88,0,AVOID,BEAR MARKET,-31.31,MODERATE VOLATILITY,RISK ON,0.39,Metals,0,7.66,99.58,0,3.39,0,1129,E,99.59,8.53,1.6959936375385225,0.0
DELPHIFX,2872085760.0,MICRO CAP,11.710000038146973,65.05555,0.5759111,0.022079999,674.7245700000041,0.0064600003,0.00301,-0.198,0.0,Misc,Financial Services,Capital Markets,2026-05-16,Capital Markets,0,0,0,8.86,25.04,3.26,12.43,16.95,13.76,WEAK GROWTH,10,0,1.39,2.65,7.39,6.06,3.03,9.09,0.0,0.44,0.78,4.67,0,AVOID,BEAR MARKET,-31.31,MODERATE VOLATILITY,RISK ON,0.3,Metals,0,8.89,95.23,0,3.45,0,1130,E,93.94,5.83,1.2281440910048453,0.0
ACI,66346541056.0,SMALL CAP,537.4000244140625,62.127174,3.2990782,0.05552,24.128,0.0858,0.09644,-0.114,-0.741,Misc,Basic Materials,Chemicals,2026-05-16,Chemicals,0,0,0,13.98,3.17,4.59,39.59,8.575,10.88,WEAK GROWTH,10,10,0.51,2.65,29.42,4.17,4.17,35.42,0.0,0.62,0.72,4.12,0,AVOID,BEAR MARKET,-31.31,MODERATE VOLATILITY,RISK ON,5.34,Metals,0,9.38,93.25,0,4.63,0,1131,E,93.16,5.92,1.2574341546304164,0.0
BPL,2699053824.0,MICRO CAP,55.11000061035156,26.7615915,0.95431876,-0.0364926518978,71.883,-0.00883,-0.19145,-0.007,-0.375,Misc,Technology,Consumer Electronics,2026-05-16,Consumer Electronics,0,0,0,21.43,11.33,0.57,11.02,16.38,12.68,WEAK GROWTH,8,0,1.01,1.2,7.39,50.0,50.0,50.0,0.0,0.26,0.44,3.98,0,AVOID,BEAR MARKET,-31.31,MODERATE VOLATILITY,RISK ON,0.18,Metals,0,7.68,96.25,0,2.88,0,1132,E,95.21,5.25,1.0913626442157782,0.0
ANIKINDS,1223096064.0,MICRO CAP,44.06999969482422,72.2459,0.38406232,0.07674,3.695,0.02388,-0.04542,-0.133,-0.9368978,Consumer,Consumer Defensive,Food Distribution,2026-05-16,FMCG – Food,0,0,0,12.26,0.57,6.53,15.96,6.415,7.39,WEAK GROWTH,5,0,5.88,5.88,8.82,33.33,33.33,33.33,0.0,0.18,1.84,3.01,0,AVOID,BEAR MARKET,-31.31,MODERATE VOLATILITY,RISK ON,0.5,Metals,0,4.77,97.11,0,2.44,0,1133,E,96.48,3.32,0.6811653672548214,0.0
AKG,357486464.0,MICRO CAP,11.25,59.210526,0.71967757,0.01171,15.716,-0.027709998,0.00629,-0.386,-0.4,Misc,Industrials,Industrial Distribution,2026-05-16,Industrial Distribution,0,0,0,4.85,10.71,2.56,8.91,7.78,6.85,WEAK GROWTH,5,0,0.13,0.44,7.39,50.0,50.0,75.0,0.0,0.09,0.12,2.19,0,AVOID,BEAR MARKET,-31.31,MODERATE VOLATILITY,RISK ON,0.05,Metals,0,4.41,97.71,0,1.58,0,1134,E,97.06,2.82,0.5751580664899041,0.0
